#,Date-Time (EDT),Temperature   (¬∞C)(W-DO 22531021),Measured DO   (mg/L)(W-DO 22531021),Salinity-Adjusted DO   (mg/L)(W-DO 22531021),Temperature   (¬∞C)(W-CT 22526599),Electrical Conductivity   (¬µS/cm)(W-CT 22526599),Specific Conductivity   (¬µS/cm)(W-CT 22526599),Salinity   (PSU)(W-CT 22526599),Total Dissolved Solids   (mg/L)(W-CT 22526599),Host Connected,End of File,Started,Water Detect
1,7/2/2026 6:33,24.57,8.48,8.48,24.61,0,0,0.01,0,,,Logged,Out
2,7/2/2026 6:43,24.65,8.39,8.39,24.76,0,0,0.01,0,,,,
3,7/2/2026 6:53,24.78,5.43,4.6,24.45,44625.3,45142.7,29.18,29006.47,,,,In
4,7/2/2026 7:03,24.6,5.43,4.6,24.61,44605.7,44969.9,29.06,28993.69,,,,
5,7/2/2026 7:13,24.74,5.38,4.56,24.74,44549.3,44789.9,28.94,28957.07,,,,
6,7/2/2026 7:23,24.87,5.32,4.51,24.87,44548.6,44672.1,28.86,28956.56,,,,
7,7/2/2026 7:33,24.97,5.22,4.43,24.97,44477.2,44507,28.74,28910.2,,,,
8,7/2/2026 7:43,25.06,5.16,4.38,25.07,44419,44358.4,28.64,28872.33,,,,
9,7/2/2026 7:53,25.16,5.08,4.32,25.16,44391,44240.5,28.56,28854.16,,,,
10,7/2/2026 8:03,25.27,5.04,4.29,25.27,44357.5,44112,28.47,28832.4,,,,
11,7/2/2026 8:13,25.36,5.07,4.32,25.35,44350.6,44029.8,28.41,28827.86,,,,
12,7/2/2026 8:23,25.44,5.08,4.32,25.42,44344.5,43959.8,28.36,28823.9,,,,
13,7/2/2026 8:33,25.53,5.09,4.34,25.52,44339.2,43857.6,28.29,28820.51,,,,
14,7/2/2026 8:43,25.6,5.24,4.46,25.57,44391.6,43862.4,28.3,28854.56,,,,
15,7/2/2026 8:53,25.62,5.32,4.53,25.59,44453.6,43909.8,28.33,28894.85,,,,
16,7/2/2026 9:03,25.67,5.31,4.52,25.65,44460.5,43864.1,28.3,28899.35,,,,
17,7/2/2026 9:13,25.72,5.3,4.52,25.7,44373.3,43734,28.21,28842.65,,,,
18,7/2/2026 9:23,25.66,5.18,4.41,25.63,44369.8,43793.9,28.25,28840.4,,,,
19,7/2/2026 9:33,25.65,5.36,4.57,25.6,44387.6,43830.7,28.28,28851.92,,,,
20,7/2/2026 9:43,25.6,5.39,4.59,25.56,44431.3,43912.6,28.34,28880.32,,,,
21,7/2/2026 9:53,25.55,5.72,4.87,25.5,44397.1,43934.2,28.35,28858.08,,,,
22,7/2/2026 10:03,25.19,6.73,5.73,25.07,43849.4,43781.2,28.22,28502.09,,,,
23,7/2/2026 10:13,24.96,6.93,5.9,24.91,43895.1,43974.8,28.36,28531.82,,,,
24,7/2/2026 10:23,25.1,7.05,6,25.1,44278.3,44187,28.52,28780.87,,,,
25,7/2/2026 10:33,24.82,7.39,6.27,24.77,44152.3,44362.4,28.63,28699.01,,,,
26,7/2/2026 10:43,24.86,7.46,6.33,24.84,44424.4,44576,28.79,28875.83,,,,
27,7/2/2026 10:53,24.9,7.49,6.36,24.86,44561.2,44690.5,28.87,28964.76,,,,
28,7/2/2026 11:03,24.81,7.45,6.32,24.72,44446.8,44709.6,28.88,28890.4,,,,
29,7/2/2026 11:13,24.62,7.56,6.41,24.53,44242.1,44683.3,28.85,28757.36,,,,
30,7/2/2026 11:23,24.28,7.61,6.45,24.12,43823.5,44646.3,28.81,28485.28,,,,
31,7/2/2026 11:33,23.88,7.94,6.73,23.77,43568.1,44726.1,28.85,28319.25,,,,
32,7/2/2026 11:43,23.63,8.13,6.89,23.51,43327.5,44725.6,28.83,28162.9,,,,
33,7/2/2026 11:53,23.28,8.42,7.13,23.16,43071.9,44800,28.87,27996.71,,,,
34,7/2/2026 12:03,22.94,8.66,7.32,22.82,42912.5,44967.2,28.97,27893.14,,,,
35,7/2/2026 12:13,22.67,8.88,7.51,22.56,42705.1,45007.9,28.99,27758.3,,,,
36,7/2/2026 12:23,22.48,9.04,7.64,22.4,42604.9,45066.5,29.02,27693.15,,,,
37,7/2/2026 12:33,22.3,9.16,7.74,22.24,42434,45047.5,29,27582.13,,,,
38,7/2/2026 12:43,22.16,9.22,7.79,22.11,42355.6,45087.4,29.02,27531.13,,,,
39,7/2/2026 12:53,22.14,9.28,7.84,22.06,42288.3,45067.1,29,27487.42,,,,
40,7/2/2026 13:03,21.98,9.42,7.96,21.92,42217.5,45133.4,29.04,27441.37,,,,
41,7/2/2026 13:13,21.94,9.5,8.03,21.85,42216.9,45205.5,29.09,27440.95,,,,
42,7/2/2026 13:23,21.67,9.66,8.16,21.54,41958.5,45247.9,29.1,27273,,,,
43,7/2/2026 13:33,21.37,9.85,8.3,21.23,41796.5,45392.2,29.19,27167.72,,,,
44,7/2/2026 13:43,21.18,9.94,8.38,21.03,41624.2,45405.8,29.19,27055.71,,,,
45,7/2/2026 13:53,20.63,10.21,8.59,20.46,41365.3,45725.7,29.38,26887.43,,,,
46,7/2/2026 14:03,20.25,10.46,8.79,20.12,41125.5,45824.9,29.42,26731.59,,,,
47,7/2/2026 14:13,20.06,10.55,8.87,19.99,41052,45877.1,29.45,26683.79,,,,
48,7/2/2026 14:23,20.06,10.59,8.9,20.03,41088.9,45880,29.46,26707.81,,,,
49,7/2/2026 14:33,20.18,10.64,8.94,20.21,41240.5,45854,29.45,26806.31,,,,
50,7/2/2026 14:43,20.26,10.52,8.84,20.18,41220.1,45860,29.45,26793.06,,,,
51,7/2/2026 14:53,20.32,10.53,8.86,20.51,41464.1,45781.1,29.42,26951.66,,,,
52,7/2/2026 15:03,20.89,10.28,8.66,21.14,41865.2,45562.9,29.3,27212.4,,,,
53,7/2/2026 15:13,21.39,10.08,8.49,21.2,41861.1,45496.4,29.26,27209.72,,,,
54,7/2/2026 15:23,21.54,10.08,8.5,21.7,42280.2,45429,29.24,27482.15,,,,
55,7/2/2026 15:33,22.06,9.96,8.41,22.2,42572.2,45236.4,29.13,27671.9,,,,
56,7/2/2026 15:43,22.16,9.94,8.39,22.17,42526.7,45209.2,29.11,27642.37,,,,
57,7/2/2026 15:53,22.49,9.91,8.37,22.59,42867.8,45155.4,29.1,27864.04,,,,
58,7/2/2026 16:03,22.78,9.84,8.32,22.85,43145.1,45190,29.14,28044.34,,,,
59,7/2/2026 16:13,23.14,9.8,8.29,23.15,43415.6,45172.3,29.14,28220.13,,,,
60,7/2/2026 16:23,23.46,9.8,8.29,23.52,43686.6,45087.5,29.1,28396.32,,,,
61,7/2/2026 16:33,23.97,9.67,8.18,24.01,44244.3,45182.7,29.19,28758.78,,,,
62,7/2/2026 16:43,24.07,9.65,8.16,24.05,44639.7,45545.3,29.45,29015.83,,,,
63,7/2/2026 16:53,24.17,9.63,8.13,24.16,44775.4,45577.9,29.48,29104.03,,,,
64,7/2/2026 17:03,24.57,9.54,8.06,24.68,45157.6,45462.4,29.42,29352.47,,,,
65,7/2/2026 17:13,24.85,9.47,8.01,24.92,45433.1,45509.8,29.46,29531.48,,,,
66,7/2/2026 17:23,25.08,9.42,7.96,25.13,45651.4,45531.3,29.49,29673.4,,,,
67,7/2/2026 17:33,25.37,9.33,7.89,25.49,45876.8,45412.8,29.42,29819.9,,,,
68,7/2/2026 17:43,25.66,9.25,7.83,25.69,45907.5,45254.6,29.31,29839.88,,,,
69,7/2/2026 17:53,25.91,9.17,7.77,26.06,46237.2,45229.2,29.3,30054.2,,,,
70,7/2/2026 18:03,26.1,9.11,7.72,26.28,46414.5,45198.8,29.29,30169.43,,,,
71,7/2/2026 18:13,26.34,9.04,7.67,26.29,46369.3,45146.3,29.25,30140.07,,,,
72,7/2/2026 18:23,26.58,8.94,7.59,26.6,46433.7,44925.7,29.1,30181.91,,,,
73,7/2/2026 18:33,26.72,8.9,7.56,26.76,46492,44837.2,29.04,30219.81,,,,
74,7/2/2026 18:43,26.92,8.83,7.5,26.95,46622.4,44790.7,29.02,30304.57,,,,
75,7/2/2026 18:53,27.05,8.78,7.46,27.02,46651.6,44752.3,28.99,30323.53,,,,
76,7/2/2026 19:03,27.12,8.72,7.41,27.11,46729.4,44744,28.99,30374.1,,,,
77,7/2/2026 19:13,27.23,8.64,7.35,27.27,46728,44599.5,28.89,30373.22,,,,
78,7/2/2026 19:23,27.32,8.61,7.33,27.33,46748.1,44566.5,28.87,30386.25,,,,
79,7/2/2026 19:33,27.38,8.56,7.29,27.38,46740.9,44513,28.83,30381.56,,,,
80,7/2/2026 19:43,27.44,8.46,7.2,27.41,46777.4,44525.9,28.84,30405.3,,,,
81,7/2/2026 19:53,27.43,8.4,7.15,27.41,46698.1,44450.4,28.78,30353.78,,,,
82,7/2/2026 20:03,27.44,8.15,6.94,27.41,46563.8,44322.6,28.69,30266.48,,,,
83,7/2/2026 20:13,27.43,8.01,6.82,27.4,46524,44292.9,28.67,30240.59,,,,
84,7/2/2026 20:23,27.42,7.86,6.7,27.4,46478,44249.1,28.64,30210.72,,,,
85,7/2/2026 20:33,27.48,7.03,5.99,27.46,46706,44408.8,28.76,30358.89,,,,
86,7/2/2026 20:43,27.43,7.38,6.28,27.38,46550.4,44331.7,28.7,30257.78,,,,
87,7/2/2026 20:53,27.37,7.63,6.5,27.34,46475.4,44301.1,28.67,30209.04,,,,
88,7/2/2026 21:03,27.37,7.69,6.55,27.33,46383.2,44215.9,28.61,30149.05,,,,
89,7/2/2026 21:13,27.31,7.83,6.67,27.28,46436.7,44313.3,28.68,30183.88,,,,
90,7/2/2026 21:23,27.29,7.84,6.68,27.25,46451.7,44352.1,28.71,30193.6,,,,
91,7/2/2026 21:33,27.21,7.87,6.7,27.16,46421.1,44405,28.74,30173.73,,,,
92,7/2/2026 21:43,26.89,8.13,6.92,26.55,45742.1,44297.8,28.65,29732.37,,,,
93,7/2/2026 21:53,25.91,8.59,7.31,25.71,45060.3,44394.2,28.69,29289.16,,,,
94,7/2/2026 22:03,25.6,8.59,7.29,25.54,45147.2,44637.1,28.86,29345.7,,,,
95,7/2/2026 22:13,25.51,8.59,7.29,25.4,45068.2,44694.2,28.89,29294.35,,,,
96,7/2/2026 22:23,25.31,8.63,7.33,25.31,45013.4,44721.8,28.91,29258.7,,,,
97,7/2/2026 22:33,25.56,8.55,7.25,25.61,45445.5,44869.7,29.03,29539.54,,,,
98,7/2/2026 22:43,25.52,8.58,7.28,25.43,45236.1,44829.5,28.99,29403.46,,,,
99,7/2/2026 22:53,25.23,8.75,7.43,25.11,44906.5,44799.7,28.96,29189.23,,,,
100,7/2/2026 23:03,24.87,8.91,7.56,24.77,44581.6,44802.2,28.95,28978.01,,,,
101,7/2/2026 23:13,24.57,9.13,7.74,24.44,44313.5,44841.6,28.96,28803.76,,,,
102,7/2/2026 23:23,24.36,9.24,7.83,24.29,44317.3,44989.8,29.06,28806.28,,,,
103,7/2/2026 23:33,24.17,9.33,7.9,24.09,44171.9,45036,29.08,28711.72,,,,
104,7/2/2026 23:43,23.95,9.45,8,23.85,44002.9,45093.5,29.12,28601.9,,,,
105,7/2/2026 23:53,23.54,9.65,8.16,23.43,43703.7,45193.3,29.17,28407.38,,,,
106,7/3/2026 0:03,23.33,9.75,8.24,23.27,43540.7,45184,29.15,28301.46,,,,
107,7/3/2026 0:13,23.2,9.78,8.27,23.14,43407.5,45175.8,29.14,28214.9,,,,
108,7/3/2026 0:23,23.1,9.8,8.29,23.02,43305.5,45182.1,29.14,28148.55,,,,
109,7/3/2026 0:33,22.98,9.84,8.32,22.88,43206.5,45215.5,29.16,28084.21,,,,
110,7/3/2026 0:43,22.85,9.87,8.34,22.78,43159.1,45270.3,29.19,28053.44,,,,
111,7/3/2026 0:53,22.64,9.97,8.42,22.51,42916.8,45282,29.18,27895.91,,,,
112,7/3/2026 1:03,22.33,10.07,8.5,22.2,42654.2,45320.5,29.19,27725.25,,,,
113,7/3/2026 1:13,22.03,10.18,8.59,21.84,42405.5,45416.7,29.24,27563.58,,,,
114,7/3/2026 1:23,21.55,10.34,8.72,21.4,42108.3,45554.2,29.31,27370.4,,,,
115,7/3/2026 1:33,21.2,10.46,8.81,21.07,41847.8,45609.3,29.33,27201.09,,,,
116,7/3/2026 1:43,20.87,10.6,8.93,20.77,41658.9,45724.7,29.4,27078.3,,,,
117,7/3/2026 1:53,20.55,10.72,9.02,20.46,41362.8,45726.2,29.38,26885.83,,,,
118,7/3/2026 2:03,20.2,10.81,9.09,20.07,41080,45818.8,29.42,26701.97,,,,
119,7/3/2026 2:13,19.38,11.03,9.26,19.21,40449.7,46049.4,29.52,26292.29,,,,
120,7/3/2026 2:23,19.05,11.05,9.27,18.97,40288.8,46131.9,29.56,26187.72,,,,
121,7/3/2026 2:33,18.97,11.09,9.3,18.93,40247.5,46130.8,29.55,26160.88,,,,
122,7/3/2026 2:43,18.99,11.21,9.41,19.04,40337.1,46111.3,29.55,26219.09,,,,
123,7/3/2026 2:53,19.17,10.99,9.22,19.14,40369.2,46029.8,29.5,26239.97,,,,
124,7/3/2026 3:03,19.22,11.07,9.29,19.16,40423.9,46072.5,29.53,26275.55,,,,
125,7/3/2026 3:13,20.2,10.68,8.97,20.43,41545.5,45956.7,29.54,27004.54,,,,
126,7/3/2026 3:23,20.74,10.34,8.69,20.99,42271.6,46156.1,29.72,27476.53,,,,
127,7/3/2026 3:33,21.54,9.91,8.33,21.54,42847,46203,29.79,27850.56,,,,
128,7/3/2026 3:43,21.91,9.67,8.13,21.96,43363.1,46320.9,29.9,28186.04,,,,
129,7/3/2026 3:53,22.13,9.53,8.01,22.14,43478,46257.5,29.86,28260.67,,,,
130,7/3/2026 4:03,22.37,9.39,7.9,22.34,43630.3,46209.5,29.84,28359.68,,,,
131,7/3/2026 4:13,22.52,9.21,7.75,22.52,43855.4,46260.1,29.89,28505.99,,,,
132,7/3/2026 4:23,22.66,9.07,7.63,22.63,43858.4,46153.1,29.82,28507.96,,,,
133,7/3/2026 4:33,22.82,8.91,7.5,22.82,43980.8,46095.7,29.79,28587.52,,,,
134,7/3/2026 4:43,22.93,8.73,7.35,22.92,44060.6,46070,29.77,28639.42,,,,
135,7/3/2026 4:53,23.05,8.4,7.07,23.07,44208.3,46078.7,29.79,28735.42,,,,
136,7/3/2026 5:03,23.27,8.2,6.91,23.31,44310.4,45940.7,29.7,28801.78,,,,
137,7/3/2026 5:13,23.45,7.9,6.66,23.48,44440.1,45910,29.69,28886.09,,,,
138,7/3/2026 5:23,23.62,7.56,6.37,23.63,44539.7,45857.3,29.66,28950.8,,,,
139,7/3/2026 5:33,23.78,7.38,6.22,23.78,44644.5,45819.2,29.64,29018.91,,,,
140,7/3/2026 5:43,23.9,6.85,5.78,23.9,44685.3,45745.4,29.59,29045.47,,,,
141,7/3/2026 5:53,24.04,6.78,5.72,24.05,44781.9,45690.4,29.55,29108.23,,,,
142,7/3/2026 6:03,24.19,6.55,5.53,24.19,44805.1,45575.7,29.48,29123.31,,,,
143,7/3/2026 6:13,24.31,6.4,5.41,24.32,44915.5,45561.8,29.47,29195.08,,,,
144,7/3/2026 6:23,24.42,6.12,5.18,24.43,44935.8,45477.2,29.42,29208.29,,,,
145,7/3/2026 6:33,24.56,5.89,4.98,24.56,45013.4,45436.1,29.39,29258.69,,,,
146,7/3/2026 6:43,24.67,5.62,4.76,24.65,45028.8,45364.6,29.35,29268.72,,,,
147,7/3/2026 6:53,24.8,5.53,4.68,24.8,45082.6,45276.9,29.29,29303.71,,,,
148,7/3/2026 7:03,24.91,5.43,4.6,24.89,45123.1,45225.2,29.26,29330.03,,,,
149,7/3/2026 7:13,25.01,5.44,4.6,25,45143.1,45138.9,29.2,29343.03,,,,
150,7/3/2026 7:23,25.11,5.4,4.58,25.11,45197.2,45092.6,29.17,29378.17,,,,
151,7/3/2026 7:33,25.25,5.42,4.59,25.27,45266.9,45013.5,29.12,29423.48,,,,
152,7/3/2026 7:43,25.4,5.36,4.55,25.41,45322.2,44931.9,29.06,29459.45,,,,
153,7/3/2026 7:53,25.58,5.37,4.56,25.6,45356.9,44793.6,28.97,29482.02,,,,
154,7/3/2026 8:03,25.76,5.3,4.5,25.8,45421.1,44673.9,28.89,29523.72,,,,
155,7/3/2026 8:13,25.92,5.23,4.45,25.94,45440.8,44564.5,28.82,29536.54,,,,
156,7/3/2026 8:23,26.04,5.15,4.38,26.04,45469.4,44497.6,28.77,29555.14,,,,
157,7/3/2026 8:33,26.17,5.12,4.36,26.19,45344.1,44239.2,28.59,29473.65,,,,
158,7/3/2026 8:43,26.3,5.14,4.37,26.3,45480.5,44272.7,28.62,29562.34,,,,
159,7/3/2026 8:53,26.4,5.14,4.38,26.38,45340.2,44064.6,28.47,29471.12,,,,
160,7/3/2026 9:03,26.47,5.18,4.41,26.44,45397.6,44062.7,28.47,29508.46,,,,
161,7/3/2026 9:13,26.55,5.33,4.54,26.53,45444.1,44025.6,28.45,29538.65,,,,
162,7/3/2026 9:23,26.63,5.36,4.57,26.59,45534.2,44060.8,28.48,29597.24,,,,
163,7/3/2026 9:33,26.68,5.42,4.62,26.65,45562.9,44039.4,28.46,29615.88,,,,
164,7/3/2026 9:43,26.72,5.5,4.69,26.71,45525.7,43951.6,28.4,29591.73,,,,
165,7/3/2026 9:53,26.78,5.59,4.77,26.76,45578.1,43955.8,28.41,29625.76,,,,
166,7/3/2026 10:03,26.69,5.46,4.65,26.64,45537.4,44017.4,28.45,29599.3,,,,
167,7/3/2026 10:13,26.6,5.63,4.79,26.56,45625.3,44176.5,28.56,29656.47,,,,
168,7/3/2026 10:23,26.52,5.67,4.83,26.47,45589.2,44223.9,28.59,29632.98,,,,
169,7/3/2026 10:33,26.33,6.65,5.67,26.19,45121,44021.5,28.44,29328.64,,,,
170,7/3/2026 10:43,25.97,7.16,6.1,25.88,44832,44017,28.42,29140.78,,,,
171,7/3/2026 10:53,25.98,7.17,6.1,25.99,45242.6,44320,28.64,29407.69,,,,
172,7/3/2026 11:03,26.03,7.36,6.26,25.98,45345.7,44434.9,28.73,29474.69,,,,
173,7/3/2026 11:13,25.82,7.57,6.43,25.78,45369.9,44637.6,28.87,29490.43,,,,
174,7/3/2026 11:23,25.94,7.73,6.56,25.95,45665.6,44776.5,28.97,29682.66,,,,
175,7/3/2026 11:33,25.93,7.69,6.53,25.86,45662.1,44854.6,29.03,29680.37,,,,
176,7/3/2026 11:43,25.79,7.64,6.49,25.74,45608.5,44911.8,29.06,29645.5,,,,
177,7/3/2026 11:53,25.59,7.75,6.58,25.48,45312.4,44859.8,29.02,29453.04,,,,
178,7/3/2026 12:03,25.24,7.97,6.76,25.07,45047.2,44982.9,29.09,29280.67,,,,
179,7/3/2026 12:13,24.87,8.21,6.95,24.77,44908.6,45130.9,29.18,29190.59,,,,
180,7/3/2026 12:23,24.63,8.41,7.12,24.52,44721.1,45175.8,29.2,29068.68,,,,
181,7/3/2026 12:33,24.26,8.56,7.24,24.11,44491.8,45335.9,29.3,28919.68,,,,
182,7/3/2026 12:43,23.9,8.79,7.42,23.81,44412.8,45554.9,29.45,28868.33,,,,
183,7/3/2026 12:53,23.75,8.95,7.56,23.67,44255.5,45523.3,29.42,28766.07,,,,
184,7/3/2026 13:03,23.58,9.13,7.71,23.48,44082.1,45534.2,29.42,28653.37,,,,
185,7/3/2026 13:13,23.54,9.17,7.75,23.44,43935.7,45421.4,29.33,28558.2,,,,
186,7/3/2026 13:23,23.29,9.27,7.83,23.19,43702.9,45429.6,29.33,28406.91,,,,
187,7/3/2026 13:33,23.23,9.39,7.93,23.19,43741,45472.1,29.36,28431.66,,,,
188,7/3/2026 13:43,23.18,9.51,8.03,23.08,43576,45407.7,29.3,28324.4,,,,
189,7/3/2026 13:53,23.04,9.63,8.13,22.92,43448.9,45430.3,29.31,28241.76,,,,
190,7/3/2026 14:03,22.76,9.8,8.27,22.67,43280.2,45508.4,29.35,28132.11,,,,
191,7/3/2026 14:13,22.56,9.92,8.37,22.48,43175.5,45591.3,29.4,28064.05,,,,
192,7/3/2026 14:23,22.33,10.09,8.51,22.19,42954.4,45651.7,29.43,27920.38,,,,
193,7/3/2026 14:33,21.88,10.29,8.67,21.67,42561.3,45761.8,29.48,27664.84,,,,
194,7/3/2026 14:43,21.3,10.53,8.86,21.17,42170.8,45854.9,29.52,27411.03,,,,
195,7/3/2026 14:53,20.98,10.68,8.98,20.86,41969.8,45961.7,29.57,27280.37,,,,
196,7/3/2026 15:03,20.72,10.78,9.06,20.66,41794,45980.3,29.57,27166.11,,,,
197,7/3/2026 15:13,20.99,10.77,9.06,21.17,42206.8,45900.3,29.55,27434.42,,,,
198,7/3/2026 15:23,21.13,10.64,8.95,21.09,42118,45888.1,29.53,27376.71,,,,
199,7/3/2026 15:33,20.87,10.67,8.97,20.72,41855.5,45987.8,29.58,27206.05,,,,
200,7/3/2026 15:43,21.32,10.54,8.87,21.22,42241.4,45884.8,29.54,27456.91,,,,
201,7/3/2026 15:53,22,10.33,8.71,22.21,43005.6,45678.6,29.45,27953.61,,,,
202,7/3/2026 16:03,22.53,10.15,8.56,22.76,43451.5,45595.1,29.42,28243.49,,,,
203,7/3/2026 16:13,23.09,9.99,8.43,23.16,43801.1,45564.5,29.42,28470.7,,,,
204,7/3/2026 16:23,23.41,9.94,8.39,23.44,44114.1,45605.9,29.46,28674.17,,,,
205,7/3/2026 16:33,23.6,9.89,8.35,23.57,44261.5,45627.2,29.49,28769.97,,,,
206,7/3/2026 16:43,23.74,9.84,8.31,23.72,44360.7,45587,29.46,28834.43,,,,
207,7/3/2026 16:53,23.78,9.83,8.3,23.79,44390.3,45549.5,29.44,28853.72,,,,
208,7/3/2026 17:03,23.77,9.85,8.32,23.84,44498.3,45607,29.48,28923.86,,,,
209,7/3/2026 17:13,24.29,9.74,8.23,24.35,44986,45604,29.51,29240.9,,,,
210,7/3/2026 17:23,24.61,9.69,8.18,24.7,45446.2,45729.5,29.61,29540.03,,,,
211,7/3/2026 17:33,24.86,9.6,8.11,24.85,45604.4,45748.4,29.63,29642.85,,,,
212,7/3/2026 17:43,25,9.51,8.04,25.01,45714.2,45704.1,29.61,29714.21,,,,
213,7/3/2026 17:53,25.24,9.43,7.97,25.28,45909.3,45637.9,29.57,29841.05,,,,
214,7/3/2026 18:03,25.51,9.35,7.91,25.54,46161.2,45645.4,29.59,30004.77,,,,
215,7/3/2026 18:13,25.72,9.29,7.86,25.76,46344.6,45616.5,29.57,30123.97,,,,
216,7/3/2026 18:23,26.02,9.19,7.78,25.99,46469.7,45524.9,29.52,30205.28,,,,
217,7/3/2026 18:33,26.25,9.11,7.71,26.25,46644.7,45451.3,29.47,30319.04,,,,
218,7/3/2026 18:43,26.44,9.01,7.63,26.46,46816.9,45420.5,29.46,30431.01,,,,
219,7/3/2026 18:53,26.7,8.92,7.56,26.71,46970.3,45346.2,29.41,30530.72,,,,
220,7/3/2026 19:03,26.9,8.84,7.49,26.92,47058.8,45237.9,29.34,30588.24,,,,
221,7/3/2026 19:13,27.12,8.76,7.44,27.14,47212.1,45183.8,29.31,30687.86,,,,
222,7/3/2026 19:23,27.25,8.68,7.37,27.28,47248.4,45090.5,29.24,30711.43,,,,
223,7/3/2026 19:33,27.38,8.67,7.37,27.35,47225.9,45005.3,29.18,30696.81,,,,
224,7/3/2026 19:43,27.41,8.63,7.33,27.43,47387.3,45089.9,29.25,30801.76,,,,
225,7/3/2026 19:53,27.49,8.56,7.28,27.48,47223.7,44890,29.1,30695.4,,,,
226,7/3/2026 20:03,27.55,8.45,7.18,27.54,47330.5,44930.8,29.14,30764.84,,,,
227,7/3/2026 20:13,27.63,8.36,7.11,27.62,47415,44942.1,29.15,30819.76,,,,
228,7/3/2026 20:23,27.69,8.28,7.04,27.67,47388,44869.7,29.1,30802.2,,,,
229,7/3/2026 20:33,27.73,8.12,6.9,27.72,47390.2,44827.8,29.07,30803.65,,,,
230,7/3/2026 20:43,27.8,7.96,6.77,27.78,47308.6,44698.7,28.97,30750.62,,,,
231,7/3/2026 20:53,27.83,7.72,6.57,27.81,47247.6,44616.5,28.92,30710.96,,,,
232,7/3/2026 21:03,27.85,7.52,6.4,27.82,47188.2,44552.2,28.87,30672.34,,,,
233,7/3/2026 21:13,27.81,7.3,6.21,27.77,47196.2,44603.3,28.9,30677.52,,,,
234,7/3/2026 21:23,27.77,7.21,6.13,27.72,47190.4,44641.6,28.93,30673.76,,,,
235,7/3/2026 21:33,27.73,7.46,6.35,27.71,47176.7,44636.8,28.93,30664.82,,,,
236,7/3/2026 21:43,27.77,7.53,6.41,27.74,47102.2,44541.8,28.86,30616.46,,,,
237,7/3/2026 21:53,27.7,7.67,6.52,27.66,47156.4,44658.6,28.94,30651.67,,,,
238,7/3/2026 22:03,27.67,7.66,6.52,27.63,47121.7,44655.9,28.94,30629.13,,,,
239,7/3/2026 22:13,27.55,7.75,6.59,27.49,47092.2,44748.5,29,30609.91,,,,
240,7/3/2026 22:23,27.16,8.03,6.83,26.85,46345.8,44615.9,28.89,30124.75,,,,
241,7/3/2026 22:33,26.35,8.4,7.14,26.16,45626.9,44540.2,28.81,29657.51,,,,
242,7/3/2026 22:43,25.98,8.38,7.12,26,45729.1,44788.1,28.98,29723.89,,,,
243,7/3/2026 22:53,25.84,8.38,7.12,25.79,45564.6,44820.7,29,29616.98,,,,
244,7/3/2026 23:03,25.97,8.26,7.01,26.01,45872.3,44919.9,29.08,29816.96,,,,
245,7/3/2026 23:13,26.08,8.22,6.98,26,45876.9,44933,29.09,29820.02,,,,
246,7/3/2026 23:23,25.89,8.28,7.02,25.8,45734.3,44976.3,29.11,29727.29,,,,
247,7/3/2026 23:33,25.52,8.55,7.25,25.42,45396.6,44999.9,29.11,29507.78,,,,
248,7/3/2026 23:43,25.11,8.79,7.45,24.93,45024.7,45089.3,29.16,29266.05,,,,
249,7/3/2026 23:53,24.64,9.01,7.63,24.52,44740.5,45195.4,29.22,29081.35,,,,
250,7/4/2026 0:03,24.52,9.07,7.67,24.49,44937.9,45421,29.38,29209.63,,,,
251,7/4/2026 0:13,24.53,9.08,7.68,24.48,44906.2,45406.5,29.37,29189.05,,,,
252,7/4/2026 0:23,24.36,9.18,7.77,24.27,44679.8,45378.1,29.34,29041.87,,,,
253,7/4/2026 0:33,24.03,9.37,7.92,23.92,44417.7,45444.9,29.37,28871.53,,,,
254,7/4/2026 0:43,23.75,9.52,8.04,23.69,44251.2,45498.2,29.4,28763.3,,,,
255,7/4/2026 0:53,23.72,9.49,8.02,23.68,44151.8,45407.7,29.33,28698.66,,,,
256,7/4/2026 1:03,23.63,9.5,8.03,23.56,44118.1,45497.2,29.39,28676.79,,,,
257,7/4/2026 1:13,23.41,9.6,8.1,23.32,43979,45591,29.45,28586.34,,,,
258,7/4/2026 1:23,23.16,9.71,8.19,23.06,43778.3,45636.5,29.47,28455.9,,,,
259,7/4/2026 1:33,22.84,9.84,8.3,22.76,43533.6,45678.2,29.48,28296.81,,,,
260,7/4/2026 1:43,22.59,9.92,8.37,22.54,43321.2,45681.4,29.47,28158.75,,,,
261,7/4/2026 1:53,22.42,9.97,8.4,22.3,43084.6,45677.1,29.46,28004.96,,,,
262,7/4/2026 2:03,21.91,10.26,8.64,21.72,42558.6,45709.7,29.45,27663.12,,,,
263,7/4/2026 2:13,21.33,10.55,8.88,21.19,42012.5,45664.1,29.38,27308.14,,,,
264,7/4/2026 2:23,20.85,10.78,9.08,20.71,41573.6,45690.7,29.37,27022.85,,,,
265,7/4/2026 2:33,20.51,10.97,9.23,20.32,41192.4,45683,29.34,26775.05,,,,
266,7/4/2026 2:43,20.12,11.14,9.37,20.01,40840.3,45624.6,29.27,26546.18,,,,
267,7/4/2026 2:53,19.56,11.46,9.65,19.41,40096.2,45433.9,29.09,26062.55,,,,
268,7/4/2026 3:03,19.31,11.58,9.75,19.23,39860.2,45359,29.03,25909.14,,,,
269,7/4/2026 3:13,19.27,11.53,9.7,19.22,39891.8,45407.8,29.06,25929.66,,,,
270,7/4/2026 3:23,19.25,11.56,9.73,19.19,39847.8,45383.6,29.04,25901.06,,,,
271,7/4/2026 3:33,19.3,11.53,9.7,19.29,40052.4,45506.6,29.14,26034.07,,,,
272,7/4/2026 3:43,19.48,11.42,9.61,19.47,40246,45529.4,29.17,26159.87,,,,
273,7/4/2026 3:53,19.62,11.38,9.57,19.59,40454.1,45639.1,29.25,26295.14,,,,
274,7/4/2026 4:03,20.64,10.5,8.82,20.86,41995.5,45989.9,29.59,27297.08,,,,
275,7/4/2026 4:13,21.26,10.09,8.48,21.36,42569.9,46094.2,29.7,27670.44,,,,
276,7/4/2026 4:23,21.67,9.68,8.14,21.84,43020,46074.8,29.72,27963,,,,
277,7/4/2026 4:33,22.16,9.38,7.9,22.18,43360.9,46092.8,29.75,28184.55,,,,
278,7/4/2026 4:43,22.49,9.03,7.6,22.63,43739.5,46030.9,29.73,28430.65,,,,
279,7/4/2026 4:53,22.74,8.91,7.5,22.74,43900.8,46087.8,29.78,28535.52,,,,
280,7/4/2026 5:03,22.96,8.58,7.23,23,44080.3,46008.7,29.73,28652.2,,,,
281,7/4/2026 5:13,23.1,8.48,7.15,23.13,44021.9,45824.2,29.61,28614.25,,,,
282,7/4/2026 5:23,23.25,8.26,6.97,23.27,44115.8,45780.7,29.58,28675.25,,,,
283,7/4/2026 5:33,23.49,7.92,6.68,23.53,44524.7,45940.5,29.71,28941.07,,,,
284,7/4/2026 5:43,23.68,7.7,6.49,23.69,44662.5,45921.1,29.7,29030.65,,,,
285,7/4/2026 5:53,23.81,7.27,6.13,23.82,44775,45911.4,29.7,29103.73,,,,
286,7/4/2026 6:03,23.92,7.31,6.16,23.91,44835.6,45884.4,29.69,29143.14,,,,
287,7/4/2026 6:13,24.01,7.04,5.94,24.01,44882.5,45834.5,29.66,29173.63,,,,
288,7/4/2026 6:23,24.15,6.86,5.79,24.15,44994.9,45810.1,29.65,29246.7,,,,
289,7/4/2026 6:33,24.26,6.5,5.49,24.26,45100.3,45811.1,29.65,29315.22,,,,
290,7/4/2026 6:43,24.38,6.28,5.31,24.37,45158.7,45761.5,29.62,29353.15,,,,
291,7/4/2026 6:53,24.46,5.97,5.04,24.46,45221.7,45743,29.61,29394.1,,,,
292,7/4/2026 7:03,24.61,5.84,4.94,24.6,45273.3,45654.7,29.55,29427.67,,,,
293,7/4/2026 7:13,24.76,5.78,4.88,24.79,45368.6,45572.8,29.5,29489.61,,,,
294,7/4/2026 7:23,24.88,5.52,4.66,24.87,45469.6,45595.7,29.52,29555.25,,,,
295,7/4/2026 7:33,25.03,5.51,4.66,25.07,45511.4,45449.4,29.42,29582.44,,,,
296,7/4/2026 7:43,25.18,5.51,4.67,25.21,45623,45425.1,29.41,29654.96,,,,
297,7/4/2026 7:53,25.32,5.48,4.64,25.34,45681.9,45357.3,29.37,29693.26,,,,
298,7/4/2026 8:03,25.45,5.39,4.56,25.46,45745.6,45311.5,29.34,29734.65,,,,
299,7/4/2026 8:13,25.57,5.42,4.59,25.6,45838.2,45268.9,29.32,29794.84,,,,
300,7/4/2026 8:23,25.73,5.42,4.59,25.76,45921.7,45203.2,29.27,29849.11,,,,
301,7/4/2026 8:33,25.91,5.44,4.61,25.95,46023.2,45118.6,29.22,29915.07,,,,
302,7/4/2026 8:43,26.11,5.35,4.54,26.15,46103.1,45019,29.15,29966.99,,,,
303,7/4/2026 8:53,26.31,5.35,4.54,26.34,46185,44924.8,29.09,30020.27,,,,
304,7/4/2026 9:03,26.47,5.35,4.54,26.49,46253.5,44851.5,29.05,30064.75,,,,
305,7/4/2026 9:13,26.62,5.35,4.55,26.64,46042,44510.7,28.8,29927.31,,,,
306,7/4/2026 9:23,26.77,5.37,4.56,26.78,46338.2,44666.7,28.92,30119.83,,,,
307,7/4/2026 9:33,26.9,5.37,4.57,26.91,46369.2,44583.2,28.86,30139.99,,,,
308,7/4/2026 9:43,27.01,5.25,4.46,27.01,46419,44542.9,28.84,30172.33,,,,
309,7/4/2026 9:53,27.14,5.47,4.65,27.1,46502.5,44537.7,28.84,30226.65,,,,
310,7/4/2026 10:03,27.22,5.69,4.84,27.19,46642.4,44591.9,28.88,30317.59,,,,
311,7/4/2026 10:13,27.23,5.71,4.86,27.2,46662.3,44599.9,28.89,30330.53,,,,
312,7/4/2026 10:23,27.23,5.71,4.86,27.2,46550,44498,28.81,30257.47,,,,
313,7/4/2026 10:33,27.15,5.59,4.76,27.09,46471.1,44513.1,28.82,30206.22,,,,
314,7/4/2026 10:43,27.13,5.94,5.05,27.11,46537.3,44562.8,28.86,30249.24,,,,
315,7/4/2026 10:53,27.03,5.88,5,26.98,46486.3,44626.8,28.9,30216.12,,,,
316,7/4/2026 11:03,26.93,6.31,5.36,26.89,46323.7,44558.8,28.85,30110.43,,,,
317,7/4/2026 11:13,26.68,7.11,6.05,26.54,45837.7,44404.1,28.72,29794.49,,,,
318,7/4/2026 11:23,26.42,7.36,6.26,26.36,45703.7,44434.5,28.74,29707.42,,,,
319,7/4/2026 11:33,26.46,7.34,6.24,26.45,45925.8,44572.6,28.84,29851.79,,,,
320,7/4/2026 11:43,26.45,7.52,6.39,26.38,45977.1,44680.8,28.92,29885.1,,,,
321,7/4/2026 11:53,26.41,7.57,6.43,26.42,46163,44830.7,29.03,30005.94,,,,
322,7/4/2026 12:03,26.39,7.51,6.37,26.31,46180.3,44939.8,29.1,30017.16,,,,
323,7/4/2026 12:13,26.17,7.41,6.29,26.11,46074,45027.3,29.16,29948.12,,,,
324,7/4/2026 12:23,26.02,7.4,6.28,25.92,45763.2,44900.3,29.06,29746.1,,,,
325,7/4/2026 12:33,25.7,7.5,6.36,25.62,45423.8,44842.6,29.01,29525.46,,,,
326,7/4/2026 12:43,25.33,7.92,6.72,25.24,45059.5,44830,28.98,29288.67,,,,
327,7/4/2026 12:53,25.12,8.02,6.81,25.05,44752.1,44708.1,28.89,29088.88,,,,
328,7/4/2026 13:03,24.92,8.18,6.94,24.82,44528.7,44697.8,28.87,28943.66,,,,
329,7/4/2026 13:13,24.57,8.36,7.09,24.47,44215.4,44710.8,28.87,28740,,,,
330,7/4/2026 13:23,24.32,8.57,7.27,24.26,43941.4,44639.7,28.81,28561.92,,,,
331,7/4/2026 13:33,24.15,8.73,7.41,24.04,43668.5,44571.6,28.75,28384.49,,,,
332,7/4/2026 13:43,23.99,8.86,7.52,23.92,43472,44480.2,28.68,28256.78,,,,
333,7/4/2026 13:53,23.92,8.95,7.6,23.9,43383.6,44407,28.62,28199.35,,,,
334,7/4/2026 14:03,23.96,8.96,7.57,23.88,44276.9,45347.8,29.3,28780.01,,,,
335,7/4/2026 14:13,23.85,9.1,7.73,23.85,43185.9,44256.2,28.51,28070.8,,,,
336,7/4/2026 14:23,23.85,9.19,7.81,23.69,42869.9,44077.9,28.38,27865.41,,,,
337,7/4/2026 14:33,23.54,9.42,8,23.49,42839.8,44239.4,28.48,27845.89,,,,
338,7/4/2026 14:43,23.46,9.47,8.04,23.38,42732.1,44234.8,28.48,27775.85,,,,
339,7/4/2026 14:53,23.3,9.59,8.14,23.23,42510.5,44155.3,28.41,27631.8,,,,
340,7/4/2026 15:03,22.96,9.81,8.32,22.76,42191.7,44276.1,28.47,27424.62,,,,
341,7/4/2026 15:13,21.84,10.45,8.85,21.67,41320.9,44431.2,28.53,26858.61,,,,
342,7/4/2026 15:23,21.09,10.77,9.12,20.88,40686.4,44544,28.56,26446.13,,,,
343,7/4/2026 15:33,20.54,10.98,9.28,20.47,40402.1,44645.6,28.61,26261.36,,,,
344,7/4/2026 15:43,21,10.82,9.15,21.15,40896.9,44497,28.54,26583.01,,,,
345,7/4/2026 15:53,20.42,11.03,9.33,20.19,40187.6,44705,28.63,26121.91,,,,
346,7/4/2026 16:03,21,10.77,9.11,21.28,41083.8,44566.7,28.6,26704.48,,,,
347,7/4/2026 16:13,21.73,10.47,8.85,21.88,41899.1,44838.1,28.83,27234.39,,,,
348,7/4/2026 16:23,22.48,10.07,8.53,22.45,42336.4,44734.9,28.79,27518.65,,,,
349,7/4/2026 16:33,22.67,9.93,8.41,22.75,42583.7,44696.3,28.78,27679.41,,,,
350,7/4/2026 16:43,22.86,9.89,8.37,22.98,42901.6,44799.1,28.86,27886.06,,,,
351,7/4/2026 16:53,23.18,9.78,8.28,23.24,43050.7,44704.7,28.81,27982.94,,,,
352,7/4/2026 17:03,23.45,9.61,8.15,23.42,43206.4,44693.7,28.81,28084.18,,,,
353,7/4/2026 17:13,23.71,9.51,8.06,23.77,43470.5,44625.9,28.77,28255.85,,,,
354,7/4/2026 17:23,23.85,9.4,7.96,23.85,43642.1,44726.6,28.85,28367.39,,,,
355,7/4/2026 17:33,24.04,9.31,7.9,24,43728.5,44667.6,28.82,28423.55,,,,
356,7/4/2026 17:43,24.22,9.3,7.89,24.23,44067.4,44793.6,28.92,28643.78,,,,
357,7/4/2026 17:53,24.37,9.25,7.84,24.44,44348,44879.4,28.99,28826.2,,,,
358,7/4/2026 18:03,24.63,9.13,7.73,24.68,44589.7,44893.4,29.01,28983.27,,,,
359,7/4/2026 18:13,24.81,9.01,7.63,24.83,44895.9,45057.8,29.13,29182.35,,,,
360,7/4/2026 18:23,25.02,8.88,7.52,25.05,45268.4,45218.2,29.26,29424.48,,,,
361,7/4/2026 18:33,25.28,8.74,7.4,25.27,45598,45339.9,29.35,29638.72,,,,
362,7/4/2026 18:43,25.45,8.59,7.28,25.49,45719.4,45254.1,29.3,29717.6,,,,
363,7/4/2026 18:53,25.61,8.48,7.18,25.67,45835.3,45203.3,29.27,29792.95,,,,
364,7/4/2026 19:03,25.81,8.31,7.04,25.91,46074,45210.9,29.28,29948.12,,,,
365,7/4/2026 19:13,26.05,8.11,6.88,26.16,46265.4,45160.6,29.26,30072.49,,,,
366,7/4/2026 19:23,26.32,8.01,6.8,26.33,46401.8,45138.5,29.25,30161.16,,,,
367,7/4/2026 19:33,26.51,7.88,6.69,26.51,46564.6,45130.8,29.25,30266.99,,,,
368,7/4/2026 19:43,26.67,7.78,6.61,26.67,46559.1,44985.4,29.15,30263.39,,,,
369,7/4/2026 19:53,26.81,7.65,6.49,26.81,46683.6,44971.7,29.14,30344.32,,,,
370,7/4/2026 20:03,26.91,7.62,6.47,26.9,46720.5,44923.8,29.11,30368.33,,,,
371,7/4/2026 20:13,27,7.53,6.4,26.99,46775.2,44901.4,29.1,30403.89,,,,
372,7/4/2026 20:23,27.1,7.42,6.3,27.1,46790.3,44813.3,29.04,30413.66,,,,
373,7/4/2026 20:33,27.16,7.37,6.24,27.14,48095.5,46026.4,29.92,31262.05,,,,
374,7/4/2026 20:43,27.19,7.19,6.09,27.17,47812.7,45727.6,29.7,31078.27,,,,
375,7/4/2026 20:53,27.22,7.13,6.06,27.19,46829.5,44768,29.01,30439.21,,,,
376,7/4/2026 21:03,27.23,7.03,5.97,27.24,46898,44794.8,29.03,30483.7,,,,
377,7/4/2026 21:13,27.29,6.86,5.83,27.28,46853.8,44711.3,28.97,30454.98,,,,
378,7/4/2026 21:23,27.34,6.77,5.76,27.33,46863.1,44673.3,28.94,30460.99,,,,
379,7/4/2026 21:33,27.41,6.61,5.62,27.4,46808.2,44563.5,28.87,30425.33,,,,
380,7/4/2026 21:43,27.44,6.37,5.42,27.42,46794,44530.8,28.84,30416.13,,,,
381,7/4/2026 21:53,27.44,6.29,5.35,27.4,46730.1,44486.4,28.81,30374.6,,,,
382,7/4/2026 22:03,27.22,6.03,5.13,27.19,46677.6,44622.7,28.9,30340.43,,,,
383,7/4/2026 22:13,27.29,6.2,5.27,27.28,46725.9,44594.7,28.88,30371.83,,,,
384,7/4/2026 22:23,27.38,6.36,5.41,27.36,46745.8,44534.2,28.84,30384.79,,,,
385,7/4/2026 22:33,27.37,6.47,5.51,27.33,46699.1,44522.5,28.83,30354.39,,,,
386,7/4/2026 22:43,27.31,6.55,5.57,27.28,46711.8,44581.3,28.87,30362.68,,,,
387,7/4/2026 22:53,27.27,6.6,5.61,27.23,46646.6,44562.9,28.86,30320.27,,,,
388,7/4/2026 23:03,27.08,6.78,5.77,26.96,46353.2,44518.3,28.82,30129.6,,,,
389,7/4/2026 23:13,26.56,7.29,6.21,26.38,45624.1,44337.7,28.67,29655.63,,,,
390,7/4/2026 23:23,26.1,7.62,6.48,26,45397.4,44463.3,28.75,29508.32,,,,
391,7/4/2026 23:33,25.86,7.72,6.56,25.79,45164.3,44426.9,28.71,29356.79,,,,
392,7/4/2026 23:43,25.76,7.74,6.58,25.71,45094.6,44436.5,28.72,29311.49,,,,
393,7/4/2026 23:53,25.76,7.54,6.4,25.78,45306.3,44574.9,28.82,29449.07,,,,
394,7/5/2026 0:03,25.88,7.4,6.29,25.83,45424.8,44649.5,28.88,29526.14,,,,
395,7/5/2026 0:13,25.77,7.49,6.36,25.71,45254.1,44593.7,28.83,29415.2,,,,
396,7/5/2026 0:23,25.54,7.64,6.49,25.46,45040.5,44607.5,28.83,29276.31,,,,
397,7/5/2026 0:33,25.19,7.87,6.69,25.08,44646.1,44571.1,28.79,29019.96,,,,
398,7/5/2026 0:43,24.96,8.02,6.81,24.86,44343.6,44472.3,28.71,28823.34,,,,
399,7/5/2026 0:53,24.8,8.1,6.88,24.74,44154.6,44401.5,28.66,28700.49,,,,
400,7/5/2026 1:03,24.62,8.21,6.98,24.53,43857.6,44297.9,28.57,28507.46,,,,
401,7/5/2026 1:13,24.34,8.4,7.14,24.23,43616.9,44332.8,28.58,28350.97,,,,
402,7/5/2026 1:23,24.08,8.6,7.29,24.01,43668.9,44598,28.77,28384.78,,,,
403,7/5/2026 1:33,23.83,8.84,7.5,23.73,43349.6,44536.4,28.71,28177.21,,,,
404,7/5/2026 1:43,23.75,8.81,7.47,23.7,43399.4,44613.6,28.76,28209.59,,,,
405,7/5/2026 1:53,23.7,8.83,7.48,23.63,43288.5,44566.2,28.73,28137.54,,,,
406,7/5/2026 2:03,23.54,8.91,7.55,23.45,43112.4,44558.6,28.71,28023.04,,,,
407,7/5/2026 2:13,23.34,9.05,7.67,23.23,42912.5,44572.9,28.71,27893.15,,,,
408,7/5/2026 2:23,23.07,9.24,7.83,22.98,42741.3,44631.6,28.74,27781.81,,,,
409,7/5/2026 2:33,22.7,9.53,8.07,22.52,42339,44666.5,28.74,27520.34,,,,
410,7/5/2026 2:43,22.45,9.63,8.16,22.34,42063.4,44550,28.65,27341.18,,,,
411,7/5/2026 2:53,21.92,9.93,8.41,21.8,41604.2,44603.5,28.66,27042.73,,,,
412,7/5/2026 3:03,21.75,9.96,8.43,21.67,41492.5,44609.7,28.65,26970.14,,,,
413,7/5/2026 3:13,21.52,10.11,8.55,21.42,41287.4,44641.9,28.66,26836.8,,,,
414,7/5/2026 3:23,21.22,10.21,8.64,21.14,41001.2,44616.5,28.63,26650.75,,,,
415,7/5/2026 3:33,21.02,10.26,8.68,20.94,40899.2,44709.6,28.68,26584.5,,,,
416,7/5/2026 3:43,20.83,10.4,8.79,20.72,40618.5,44628.7,28.61,26402.03,,,,
417,7/5/2026 3:53,20.65,10.36,8.76,20.58,40467,44606.3,28.59,26303.57,,,,
418,7/5/2026 4:03,20.59,10.45,8.84,20.52,40361.4,44548.3,28.54,26234.91,,,,
419,7/5/2026 4:13,20.63,10.63,8.99,20.61,40454.1,44561.4,28.56,26295.19,,,,
420,7/5/2026 4:23,20.97,10.28,8.7,21.11,40964.8,44613.4,28.62,26627.14,,,,
421,7/5/2026 4:33,21.41,9.9,8.38,21.64,41378.9,44517.6,28.59,26896.31,,,,
422,7/5/2026 4:43,21.95,9.59,8.1,21.98,42237.9,45094.8,29.02,27454.65,,,,
423,7/5/2026 4:53,22.38,9.2,7.77,22.43,42699.8,45130.9,29.07,27754.88,,,,
424,7/5/2026 5:03,22.73,8.93,7.55,22.77,43096.6,45210.8,29.15,28012.81,,,,
425,7/5/2026 5:13,22.86,8.82,7.45,22.87,43161.6,45186.4,29.13,28055.01,,,,
426,7/5/2026 5:23,23.06,8.61,7.28,23.05,43321,45171.7,29.13,28158.67,,,,
427,7/5/2026 5:33,23.19,8.47,7.16,23.16,43493.4,45238.5,29.19,28270.71,,,,
428,7/5/2026 5:43,23.32,8.21,6.94,23.31,43598.2,45205.2,29.17,28338.83,,,,
429,7/5/2026 5:53,23.38,8.06,6.81,23.37,43596.7,45144.5,29.13,28337.83,,,,
430,7/5/2026 6:03,23.47,7.84,6.63,23.47,43700.4,45148.7,29.14,28405.24,,,,
431,7/5/2026 6:13,23.54,7.84,6.64,23.52,43687.6,45091.4,29.1,28396.96,,,,
432,7/5/2026 6:23,23.64,7.51,6.36,23.63,43795.5,45091,29.1,28467.05,,,,
433,7/5/2026 6:33,23.76,7.15,6.05,23.76,43972.6,45147.2,29.15,28582.18,,,,
434,7/5/2026 6:43,23.88,6.91,5.84,23.86,44225.7,45310,29.27,28746.69,,,,
435,7/5/2026 6:53,23.99,6.78,5.73,24.01,44365.9,45309.8,29.28,28837.82,,,,
436,7/5/2026 7:03,24.15,6.44,5.45,24.13,44406.6,45228.6,29.23,28864.29,,,,
437,7/5/2026 7:13,24.26,6.21,5.25,24.25,44536.6,45253,29.25,28948.77,,,,
438,7/5/2026 7:23,24.4,6.08,5.15,24.42,44622.9,45172.1,29.2,29004.88,,,,
439,7/5/2026 7:33,24.54,5.8,4.91,24.48,44677.1,45174.8,29.2,29040.1,,,,
440,7/5/2026 7:43,24.66,5.79,4.91,24.7,44804.5,45092.4,29.15,29122.92,,,,
441,7/5/2026 7:53,24.8,5.62,4.76,24.75,44819.7,45058.9,29.13,29132.83,,,,
442,7/5/2026 8:03,24.89,5.58,4.73,24.88,44872.9,44983.1,29.08,29167.39,,,,
443,7/5/2026 8:13,24.98,5.52,4.68,24.97,44953.8,44978.2,29.08,29219.98,,,,
444,7/5/2026 8:23,25.1,5.5,4.66,25.1,45007.7,44915,29.04,29255.02,,,,
445,7/5/2026 8:33,25.21,5.48,4.65,25.21,45066.2,44870.8,29.01,29293.04,,,,
446,7/5/2026 8:43,25.29,5.35,4.54,25.27,45118.4,44860.2,29.01,29326.96,,,,
447,7/5/2026 8:53,25.43,5.48,4.65,25.43,45261.5,44851.8,29.01,29419.95,,,,
448,7/5/2026 9:03,25.57,5.43,4.61,25.59,45386.7,44828.6,29,29501.35,,,,
449,7/5/2026 9:13,25.71,5.3,4.5,25.67,45394.2,44762.7,28.95,29506.24,,,,
450,7/5/2026 9:23,25.91,5.37,4.56,25.95,45560.6,44670.6,28.9,29614.36,,,,
451,7/5/2026 9:33,26.07,5.35,4.55,26.08,45651.7,44639.7,28.88,29673.6,,,,
452,7/5/2026 9:43,26.24,5.36,4.55,26.25,45707,44537.6,28.81,29709.55,,,,
453,7/5/2026 9:53,26.36,5.33,4.54,26.36,45785.2,44511,28.8,29760.39,,,,
454,7/5/2026 10:03,26.55,5.46,4.64,26.58,46052.4,44573.4,28.85,29934.07,,,,
455,7/5/2026 10:13,26.64,5.46,4.65,26.64,45945.2,44417.1,28.74,29864.37,,,,
456,7/5/2026 10:23,26.75,5.43,4.62,26.74,46042.4,44422.8,28.74,29927.53,,,,
457,7/5/2026 10:33,26.79,5.36,4.56,26.75,46088.4,44453.4,28.77,29957.49,,,,
458,7/5/2026 10:43,26.9,5.39,4.59,26.87,46083.7,44338.9,28.69,29954.4,,,,
459,7/5/2026 10:53,26.84,5.62,4.78,26.76,46040,44401.2,28.73,29925.97,,,,
460,7/5/2026 11:03,26.81,5.54,4.72,26.78,46032.9,44377.9,28.71,29921.38,,,,
461,7/5/2026 11:13,26.74,5.5,4.68,26.69,45922.9,44348.7,28.69,29849.87,,,,
462,7/5/2026 11:23,26.66,5.78,4.92,26.64,46009.3,44476.4,28.78,29906.07,,,,
463,7/5/2026 11:33,26.67,5.76,4.9,26.62,46035.9,44521.4,28.81,29923.33,,,,
464,7/5/2026 11:43,26.47,7.2,6.14,26.34,45272.8,44034.7,28.45,29427.3,,,,
465,7/5/2026 11:53,26.15,7.41,6.32,26.09,44973.6,43968.3,28.39,29232.83,,,,
466,7/5/2026 12:03,26.22,7.47,6.37,26.19,45032.4,43935.1,28.37,29271.09,,,,
467,7/5/2026 12:13,26.23,7.42,6.32,26.19,45234.9,44135.4,28.52,29402.66,,,,
468,7/5/2026 12:23,26.12,7.73,6.58,26.1,45099.9,44078,28.47,29314.92,,,,
469,7/5/2026 12:33,26,7.6,6.46,25.91,45126.3,44283.7,28.62,29332.07,,,,
470,7/5/2026 12:43,25.89,7.55,6.43,25.81,45074.6,44316.4,28.64,29298.49,,,,
471,7/5/2026 12:53,25.86,7.59,6.45,25.8,45033.5,44289.9,28.62,29271.76,,,,
472,7/5/2026 13:03,25.81,7.57,6.44,25.76,45040.4,44335.7,28.65,29276.26,,,,
473,7/5/2026 13:13,25.51,7.63,6.49,25.41,44705.6,44323.3,28.63,29058.61,,,,
474,7/5/2026 13:23,25.26,7.88,6.71,25.16,44311.5,44166.9,28.5,28802.45,,,,
475,7/5/2026 13:33,25.07,7.97,6.78,24.99,44153.8,44160.9,28.49,28700,,,,
476,7/5/2026 13:43,24.89,8.09,6.88,24.81,44106.7,44285.5,28.58,28669.35,,,,
477,7/5/2026 13:53,24.63,8.11,6.89,24.52,43847.1,44295.7,28.57,28500.6,,,,
478,7/5/2026 14:03,24.38,8.31,7.06,24.28,43688.4,44356.9,28.6,28397.44,,,,
479,7/5/2026 14:13,24.25,8.45,7.18,24.18,43534,44299.9,28.56,28297.08,,,,
480,7/5/2026 14:23,24.21,8.5,7.22,24.14,43487,44283.5,28.55,28266.56,,,,
481,7/5/2026 14:33,24.05,8.66,7.36,24.02,43310.3,44223.2,28.5,28151.7,,,,
482,7/5/2026 14:43,23.82,8.84,7.51,23.69,43007.9,44225.6,28.48,27955.16,,,,
483,7/5/2026 14:53,23.84,8.91,7.57,23.81,42985.5,44087.9,28.39,27940.56,,,,
484,7/5/2026 15:03,23.76,9.04,7.68,23.66,42888.4,44125.6,28.41,27877.45,,,,
485,7/5/2026 15:13,23.59,9.12,7.75,23.52,42755.1,44126,28.4,27790.8,,,,
486,7/5/2026 15:23,23.45,9.29,7.88,23.39,42728.6,44222.5,28.47,27773.58,,,,
487,7/5/2026 15:33,23.28,9.48,8.05,23.18,42561,44257,28.48,27664.63,,,,
488,7/5/2026 15:43,23.02,9.72,8.25,22.94,42326.1,44235.9,28.46,27511.96,,,,
489,7/5/2026 15:53,22.65,10.07,8.55,22.52,41881.7,44178.1,28.39,27223.07,,,,
490,7/5/2026 16:03,21.59,10.56,8.94,21.38,41052,44429.5,28.51,26683.8,,,,
491,7/5/2026 16:13,21.33,10.68,9.04,21.29,40992.8,44458.9,28.52,26645.31,,,,
492,7/5/2026 16:23,21.37,10.81,9.15,21.35,41082.5,44489.7,28.55,26703.62,,,,
493,7/5/2026 16:33,21.57,10.63,9,21.55,41236,44456.7,28.54,26803.39,,,,
494,7/5/2026 16:43,21.75,10.62,9,21.76,41343.1,44359.3,28.48,26872.98,,,,
495,7/5/2026 16:53,22.28,10.37,8.79,22.37,41876.8,44328.8,28.49,27219.94,,,,
496,7/5/2026 17:03,22.73,10.02,8.5,22.89,42320.8,44282.8,28.49,27508.5,,,,
497,7/5/2026 17:13,23.2,9.73,8.26,23.25,42620.9,44249.7,28.48,27703.61,,,,
498,7/5/2026 17:23,23.49,9.58,8.14,23.49,42862.7,44265.9,28.5,27860.76,,,,
499,7/5/2026 17:33,23.85,9.47,8.05,23.88,43127.8,44162.4,28.45,28033.08,,,,
500,7/5/2026 17:43,23.95,9.37,7.96,23.92,43235,44237.7,28.5,28102.73,,,,
501,7/5/2026 17:53,24.06,9.3,7.9,24.06,43292.9,44168.3,28.46,28140.37,,,,
502,7/5/2026 18:03,24.17,9.24,7.85,24.13,43422.2,44226,28.5,28224.41,,,,
503,7/5/2026 18:13,24.29,9.19,7.81,24.32,43668.5,44299.8,28.57,28384.54,,,,
504,7/5/2026 18:23,24.42,9.11,7.74,24.45,43815.8,44332.3,28.59,28480.24,,,,
505,7/5/2026 18:33,24.6,9.05,7.69,24.61,44042.3,44410.5,28.66,28627.53,,,,
506,7/5/2026 18:43,24.78,8.99,7.63,24.87,44363.6,44483.8,28.72,28836.36,,,,
507,7/5/2026 18:53,24.98,8.89,7.54,24.95,44550.6,44597.4,28.81,28957.86,,,,
508,7/5/2026 19:03,25.06,8.84,7.5,25.07,44782,44712.4,28.89,29108.3,,,,
509,7/5/2026 19:13,25.26,8.7,7.38,25.29,45058.8,44786.7,28.96,29288.21,,,,
510,7/5/2026 19:23,25.46,8.6,7.3,25.48,45244.9,44793,28.97,29409.2,,,,
511,7/5/2026 19:33,25.66,8.49,7.21,25.67,45443.4,44808.3,28.99,29538.18,,,,
512,7/5/2026 19:43,25.81,8.38,7.11,25.83,45694.8,44909.2,29.06,29701.61,,,,
513,7/5/2026 19:53,25.95,8.27,7.02,25.97,45852.5,44937.2,29.09,29804.12,,,,
514,7/5/2026 20:03,26.1,8.16,6.93,26.11,45829.1,44785.1,28.98,29788.9,,,,
515,7/5/2026 20:13,26.23,8.06,6.84,26.26,46045.9,44859.4,29.04,29929.83,,,,
516,7/5/2026 20:23,26.35,7.93,6.73,26.36,46115,44831.6,29.03,29974.75,,,,
517,7/5/2026 20:33,26.44,7.83,6.65,26.45,46141,44775.9,28.99,29991.64,,,,
518,7/5/2026 20:43,26.51,7.66,6.51,26.5,46124.4,44712.5,28.95,29980.86,,,,
519,7/5/2026 20:53,26.57,7.58,6.44,26.56,46121.5,44662.4,28.91,29978.95,,,,
520,7/5/2026 21:03,26.62,7.49,6.37,26.61,46132.1,44622.7,28.88,29985.86,,,,
521,7/5/2026 21:13,26.65,7.29,6.19,26.63,46199.1,44670.9,28.92,30029.41,,,,
522,7/5/2026 21:23,26.68,7.27,6.18,26.67,46157,44596.9,28.87,30002.03,,,,
523,7/5/2026 21:33,26.72,7.03,5.98,26.69,46148.7,44569.6,28.85,29996.63,,,,
524,7/5/2026 21:43,26.7,6.83,5.81,26.67,46121.4,44554.2,28.84,29978.89,,,,
525,7/5/2026 21:53,26.72,6.79,5.77,26.7,46122,44532.7,28.82,29979.28,,,,
526,7/5/2026 22:03,26.76,6.69,5.69,26.72,46113.7,44505.4,28.8,29973.9,,,,
527,7/5/2026 22:13,26.77,6.39,5.44,26.75,46113.7,44475,28.78,29973.9,,,,
528,7/5/2026 22:23,26.79,6.33,5.39,26.78,46077.1,44417.7,28.74,29950.09,,,,
529,7/5/2026 22:33,26.79,6.14,5.23,26.78,46051.7,44396,28.73,29933.59,,,,
530,7/5/2026 22:43,26.71,5.87,4.99,26.61,45849.1,44351.8,28.69,29801.91,,,,
531,7/5/2026 22:53,26.63,6.19,5.27,26.61,45914.1,44411.9,28.73,29844.14,,,,
532,7/5/2026 23:03,26.67,6.17,5.25,26.66,45991.6,44439.9,28.75,29894.55,,,,
533,7/5/2026 23:13,26.74,6.27,5.33,26.73,45945.2,44334.5,28.68,29864.36,,,,
534,7/5/2026 23:23,26.76,6.41,5.46,26.73,46006.9,44391.3,28.72,29904.48,,,,
535,7/5/2026 23:33,26.76,6.46,5.5,26.72,46012.8,44405.2,28.73,29908.29,,,,
536,7/5/2026 23:43,26.72,6.52,5.55,26.67,45955.1,44393.7,28.72,29870.84,,,,
537,7/5/2026 23:53,26.51,6.94,5.91,26.4,45498.9,44199.5,28.57,29574.28,,,,
538,7/6/2026 0:03,26.22,7.22,6.15,26.07,45095.8,44107.1,28.49,29312.24,,,,
539,7/6/2026 0:13,25.94,7.52,6.4,25.89,44866.3,44045.1,28.44,29163.07,,,,
540,7/6/2026 0:23,25.9,7.57,6.44,25.85,44970.6,44178.1,28.54,29230.92,,,,
541,7/6/2026 0:33,25.76,7.45,6.34,25.68,44962.7,44328.8,28.64,29225.78,,,,
542,7/6/2026 0:43,25.52,7.6,6.46,25.48,44793.6,44343.4,28.64,29115.86,,,,
543,7/6/2026 0:53,25.46,7.48,6.36,25.42,44727.6,44336.8,28.64,29072.94,,,,
544,7/6/2026 1:03,25.41,7.55,6.42,25.4,44910,44531.7,28.78,29191.51,,,,
545,7/6/2026 1:13,25.39,7.62,6.47,25.33,44737.8,44433.9,28.7,29079.55,,,,
546,7/6/2026 1:23,25.28,7.66,6.51,25.21,44563.9,44370.6,28.65,28966.52,,,,
547,7/6/2026 1:33,24.84,7.99,6.79,24.74,44182.5,44429.5,28.68,28718.6,,,,
548,7/6/2026 1:43,24.65,8.05,6.84,24.57,44065.2,44464.8,28.69,28642.37,,,,
549,7/6/2026 1:53,24.46,8.18,6.94,24.37,43812.2,44396.9,28.64,28477.9,,,,
550,7/6/2026 2:03,24.25,8.31,7.05,24.17,43689.9,44467.2,28.68,28398.46,,,,
551,7/6/2026 2:13,23.99,8.49,7.21,23.9,43418.1,44448.1,28.65,28221.77,,,,
552,7/6/2026 2:23,23.81,8.57,7.27,23.75,43372.5,44545.5,28.72,28192.14,,,,
553,7/6/2026 2:33,23.67,8.75,7.42,23.55,43209.1,44565.6,28.72,28085.9,,,,
554,7/6/2026 2:43,23.56,8.71,7.4,23.54,42998.6,44360,28.57,27949.07,,,,
555,7/6/2026 2:53,23.58,8.66,7.35,23.53,43049.7,44418.6,28.62,27982.33,,,,
556,7/6/2026 3:03,23.42,8.77,7.44,23.33,42827.1,44382.5,28.58,27837.64,,,,
557,7/6/2026 3:13,23.28,8.88,7.53,23.21,42598.1,44260.9,28.49,27688.79,,,,
558,7/6/2026 3:23,23.04,8.99,7.63,22.92,42395.5,44331.8,28.52,27557.08,,,,
559,7/6/2026 3:33,22.75,9.15,7.76,22.6,42201.9,44445.2,28.59,27431.24,,,,
560,7/6/2026 3:43,22.25,9.38,7.95,22.1,41682.3,44388.6,28.52,27093.53,,,,
561,7/6/2026 3:53,21.41,9.75,8.25,21.19,41002.5,44566.3,28.6,26651.63,,,,
562,7/6/2026 4:03,20.68,10.01,8.46,20.46,40476.9,44737.5,28.67,26309.98,,,,
563,7/6/2026 4:13,20.15,10.14,8.57,20.02,40016.7,44695.2,28.61,26010.86,,,,
564,7/6/2026 4:23,19.97,10.15,8.56,19.92,40222.2,45028.4,28.84,26144.45,,,,
565,7/6/2026 4:33,20,9.97,8.41,19.78,40026.6,44950.9,28.78,26017.28,,,,
566,7/6/2026 4:43,19.59,9.98,8.41,19.53,40011.4,45200.3,28.94,26007.44,,,,
567,7/6/2026 4:53,20.09,9.99,8.44,20.1,40282.8,44907.8,28.77,26183.81,,,,
568,7/6/2026 5:03,20.21,10.18,8.59,20.25,40381.2,44854.9,28.74,26247.76,,,,
569,7/6/2026 5:13,20.9,9.85,8.33,21,40855.4,44603.7,28.61,26556.02,,,,
570,7/6/2026 5:23,21.64,9.28,7.85,21.97,41760,44593.5,28.66,27143.99,,,,
571,7/6/2026 5:33,22.26,9.07,7.68,22.36,42001.4,44466.6,28.59,27300.89,,,,
572,7/6/2026 5:43,22.64,8.75,7.41,22.7,42338.3,44488.6,28.62,27519.88,,,,
573,7/6/2026 5:53,22.97,8.68,7.36,22.99,42512.2,44386.5,28.57,27632.9,,,,
574,7/6/2026 6:03,23.07,8.48,7.19,23.09,42767.4,44559.3,28.69,27798.84,,,,
575,7/6/2026 6:13,23.19,8.35,7.08,23.19,42899.6,44591.6,28.72,27884.74,,,,
576,7/6/2026 6:23,23.29,8.08,6.85,23.29,42937.9,44540.9,28.69,27909.62,,,,
577,7/6/2026 6:33,23.37,8.1,6.87,23.36,43084.3,44625.6,28.76,28004.76,,,,
578,7/6/2026 6:43,23.43,8.05,6.82,23.41,43185.5,44677.9,28.8,28070.57,,,,
579,7/6/2026 6:53,23.49,7.89,6.69,23.46,43217.8,44661.8,28.79,28091.56,,,,
580,7/6/2026 7:03,23.55,7.71,6.53,23.53,43484.4,44869.9,28.94,28264.84,,,,
581,7/6/2026 7:13,23.63,7.49,6.34,23.63,43566.5,44858.3,28.94,28318.25,,,,
582,7/6/2026 7:23,23.76,7.24,6.13,23.77,43841.9,45007.1,29.05,28497.21,,,,
583,7/6/2026 7:33,23.9,6.94,5.88,23.89,43985.9,45035.2,29.08,28590.87,,,,
584,7/6/2026 7:43,24.02,6.78,5.74,24.04,44094.4,45003.4,29.06,28661.34,,,,
585,7/6/2026 7:53,24.12,6.53,5.53,24.14,44238.6,45054.6,29.1,28755.06,,,,
586,7/6/2026 8:03,24.22,6.27,5.31,24.24,44311.8,45030.5,29.09,28802.67,,,,
587,7/6/2026 8:13,24.32,6.23,5.28,24.39,44340.8,44915.3,29.01,28821.52,,,,
588,7/6/2026 8:23,24.41,5.88,4.98,24.37,44306.7,44901,29,28799.35,,,,
589,7/6/2026 8:33,24.5,5.77,4.89,24.44,44287.1,44812,28.94,28786.59,,,,
590,7/6/2026 8:43,24.55,5.8,4.91,24.57,44442.1,44845.2,28.97,28887.38,,,,
591,7/6/2026 8:53,24.66,5.76,4.89,24.67,44503.9,44818.6,28.95,28927.57,,,,
592,7/6/2026 9:03,24.72,5.7,4.83,24.73,44550,44804.8,28.95,28957.48,,,,
593,7/6/2026 9:13,24.8,5.63,4.77,24.8,44503.5,44692.4,28.87,28927.27,,,,
594,7/6/2026 9:23,24.85,5.52,4.68,24.85,44501.3,44641.8,28.83,28925.82,,,,
595,7/6/2026 9:33,24.94,5.44,4.62,24.91,44560.5,44647.1,28.84,28964.32,,,,
596,7/6/2026 9:43,24.98,5.35,4.54,24.97,44558,44587.8,28.8,28962.68,,,,
597,7/6/2026 9:53,25.08,5.27,4.47,25.1,44675.7,44586.4,28.8,29039.18,,,,
598,7/6/2026 10:03,25.16,5.29,4.49,25.19,44682.5,44502.8,28.75,29043.63,,,,
599,7/6/2026 10:13,25.26,5.21,4.43,25.27,44777.6,44521.3,28.76,29105.45,,,,
600,7/6/2026 10:23,25.35,5.18,4.4,25.32,44872.7,44570.8,28.8,29167.28,,,,
601,7/6/2026 10:33,25.45,5.01,4.26,25.46,44872.3,44446.5,28.72,29166.96,,,,
602,7/6/2026 10:43,25.53,5.08,4.32,25.52,44918,44432.9,28.71,29196.68,,,,
603,7/6/2026 10:53,25.6,4.88,4.15,25.59,44916.5,44367,28.66,29195.72,,,,
604,7/6/2026 11:03,25.62,4.69,3.99,25.54,44936.7,44434.5,28.71,29208.83,,,,
605,7/6/2026 11:13,25.61,4.93,4.19,25.58,44966.2,44427.3,28.71,29228.04,,,,
606,7/6/2026 11:23,25.63,5.14,4.37,25.62,45043.2,44466.9,28.74,29278.08,,,,
607,7/6/2026 11:33,25.62,5.12,4.35,25.61,44871.8,44306.1,28.62,29166.69,,,,
608,7/6/2026 11:43,25.69,5.23,4.45,25.69,44980,44340.3,28.65,29237,,,,
609,7/6/2026 11:53,25.73,5.22,4.44,25.71,44955.4,44299.3,28.62,29220.99,,,,
610,7/6/2026 12:03,25.67,5.37,4.56,25.63,44951.4,44365.2,28.66,29218.43,,,,
611,7/6/2026 12:13,25.57,6.32,5.38,25.51,44524.7,44052.2,28.43,28941.08,,,,
612,7/6/2026 12:23,25.47,7.11,6.05,25.41,44248.8,43867.7,28.3,28761.71,,,,
613,7/6/2026 12:33,25.39,7.3,6.22,25.34,44097.6,43784.2,28.24,28663.44,,,,
614,7/6/2026 12:43,25.38,7.26,6.18,25.35,44187.3,43864.9,28.29,28721.73,,,,
615,7/6/2026 12:53,25.35,7.16,6.09,25.3,44233.1,43954.8,28.36,28751.5,,,,
616,7/6/2026 13:03,25.29,7.54,6.42,25.23,44277.7,44063.3,28.43,28780.51,,,,
617,7/6/2026 13:13,25.17,7.49,6.37,25.11,44178.3,44073.3,28.43,28715.92,,,,
618,7/6/2026 13:23,25.04,7.43,6.31,24.98,44250.9,44266.4,28.57,28763.09,,,,
619,7/6/2026 13:33,24.97,7.54,6.41,24.91,44202.9,44283.2,28.58,28731.89,,,,
620,7/6/2026 13:43,24.94,7.59,6.45,24.89,44246.6,44349.6,28.62,28760.32,,,,
621,7/6/2026 13:53,24.76,7.64,6.49,24.63,43908,44255.2,28.55,28540.19,,,,
622,7/6/2026 14:03,24.44,7.89,6.71,24.36,43646.3,44237.4,28.52,28370.08,,,,
623,7/6/2026 14:13,24.22,7.98,6.78,24.11,43408.3,44234.7,28.51,28215.39,,,,
624,7/6/2026 14:23,23.98,8.04,6.83,23.88,43207.8,44244.3,28.51,28085.09,,,,
625,7/6/2026 14:33,23.67,8.13,6.9,23.56,42946.6,44283.3,28.52,27915.3,,,,
626,7/6/2026 14:43,23.44,8.31,7.05,23.36,42829,44352.5,28.56,27838.84,,,,
627,7/6/2026 14:53,23.27,8.4,7.13,23.17,42612.4,44316.3,28.52,27698.06,,,,
628,7/6/2026 15:03,23.02,8.61,7.31,22.94,42457.9,44379.5,28.56,27597.63,,,,
629,7/6/2026 15:13,22.97,8.65,7.34,22.94,42306.6,44224.3,28.45,27499.3,,,,
630,7/6/2026 15:23,22.64,8.82,7.49,22.54,41948.3,44233.7,28.43,27266.37,,,,
631,7/6/2026 15:33,22.59,8.83,7.48,22.55,42182.5,44474.9,28.61,27418.65,,,,
632,7/6/2026 15:43,22.46,8.99,7.62,22.39,42046.8,44485.1,28.61,27330.42,,,,
633,7/6/2026 15:53,22.24,9.08,7.69,22.13,41786.7,44467,28.58,27161.36,,,,
634,7/6/2026 16:03,21.91,9.25,7.83,21.79,41471.7,44473.4,28.56,26956.62,,,,
635,7/6/2026 16:13,21.42,9.54,8.07,21.22,40941.7,44469.9,28.53,26612.08,,,,
636,7/6/2026 16:23,20.79,9.85,8.32,20.58,40669,44835.2,28.75,26434.87,,,,
637,7/6/2026 16:33,20.09,10.17,8.58,19.91,40186.7,44995,28.82,26121.35,,,,
638,7/6/2026 16:43,19.81,10.24,8.63,19.7,40133.2,45162.6,28.92,26086.61,,,,
639,7/6/2026 16:53,19.43,10.38,8.74,19.32,39810.4,45205.9,28.92,25876.73,,,,
640,7/6/2026 17:03,19.34,9.89,8.33,19.32,39979.4,45391.4,29.06,25986.62,,,,
641,7/6/2026 17:13,19.56,10.18,8.57,19.69,40254,45308,29.02,26165.07,,,,
642,7/6/2026 17:23,19.49,10.44,8.8,19.42,39922.7,45221.2,28.94,25949.75,,,,
643,7/6/2026 17:33,19.54,10.62,8.94,19.48,40013.9,45263.7,28.98,26009.03,,,,
644,7/6/2026 17:43,20.12,10.46,8.82,20.42,40624.9,44950.8,28.82,26406.2,,,,
645,7/6/2026 17:53,20.79,10.19,8.61,21,40950,44707,28.68,26617.5,,,,
646,7/6/2026 18:03,21.16,10.03,8.49,21.22,41043.2,44586.3,28.61,26678.09,,,,
647,7/6/2026 18:13,21.6,9.82,8.31,21.68,41439.1,44549.2,28.61,26935.38,,,,
648,7/6/2026 18:23,22.06,9.62,8.15,22.13,41783.9,44464,28.58,27159.52,,,,
649,7/6/2026 18:33,22.31,9.45,8.01,22.31,41910.4,44423.4,28.56,27241.76,,,,
650,7/6/2026 18:43,22.5,9.4,7.98,22.53,41988.8,44288.2,28.47,27292.69,,,,
651,7/6/2026 18:53,22.7,9.29,7.88,22.69,42187.2,44335.7,28.51,27421.66,,,,
652,7/6/2026 19:03,22.84,9.2,7.8,22.85,42391.2,44400.4,28.57,27554.29,,,,
653,7/6/2026 19:13,22.98,9.12,7.74,22.97,42428.8,44314.1,28.51,27578.72,,,,
654,7/6/2026 19:23,23.11,9.06,7.68,23.11,42578.4,44336.2,28.54,27675.98,,,,
655,7/6/2026 19:33,23.25,8.97,7.61,23.25,42649.5,44279.4,28.5,27722.14,,,,
656,7/6/2026 19:43,23.36,8.89,7.54,23.39,43032.1,44539.5,28.7,27970.85,,,,
657,7/6/2026 19:53,23.53,8.77,7.43,23.54,43259.5,44632.1,28.77,28118.66,,,,
658,7/6/2026 20:03,23.7,8.64,7.32,23.74,43707.2,44898,28.97,28409.65,,,,
659,7/6/2026 20:13,23.88,8.5,7.19,23.88,43890.8,44946.6,29.01,28529.04,,,,
660,7/6/2026 20:23,24.05,8.32,7.04,24.05,44197.5,45099.9,29.13,28728.35,,,,
661,7/6/2026 20:33,24.17,8.19,6.93,24.18,44380.4,45155.4,29.17,28847.27,,,,
662,7/6/2026 20:43,24.31,8.08,6.84,24.36,44577.1,45183.8,29.2,28975.14,,,,
663,7/6/2026 20:53,24.45,7.89,6.68,24.46,44584.4,45098.4,29.15,28979.89,,,,
664,7/6/2026 21:03,24.6,7.79,6.59,24.6,44705.6,45087.9,29.14,29058.64,,,,
665,7/6/2026 21:13,24.69,7.61,6.44,24.69,44715.7,45006,29.09,29065.23,,,,
666,7/6/2026 21:23,24.77,7.47,6.33,24.74,44814.5,45059.3,29.13,29129.41,,,,
667,7/6/2026 21:33,24.87,7.41,6.28,24.85,44918,45062.7,29.14,29196.7,,,,
668,7/6/2026 21:43,24.92,7.34,6.22,24.91,44817,44904.1,29.02,29131.02,,,,
669,7/6/2026 21:53,24.97,7.22,6.12,24.94,44843.9,44896.8,29.02,29148.54,,,,
670,7/6/2026 22:03,24.97,7.09,6.01,24.96,44831.7,44870.3,29,29140.59,,,,
671,7/6/2026 22:13,24.98,6.94,5.88,24.95,44831.7,44876,29.01,29140.59,,,,
672,7/6/2026 22:23,24.99,6.88,5.83,24.97,44831.2,44855.5,28.99,29140.28,,,,
673,7/6/2026 22:33,25.01,6.72,5.7,24.97,44737.9,44762.1,28.93,29079.62,,,,
674,7/6/2026 22:43,25.02,6.59,5.59,24.97,44769.1,44796.2,28.95,29099.91,,,,
675,7/6/2026 22:53,25.06,6.51,5.52,25.05,44792.1,44748,28.92,29114.84,,,,
676,7/6/2026 23:03,25.07,6.25,5.3,25.05,44854.2,44807.3,28.96,29155.24,,,,
677,7/6/2026 23:13,25.11,6.08,5.16,25.1,44795,44705.5,28.89,29116.77,,,,
678,7/6/2026 23:23,25.08,5.9,5.01,24.95,44676.5,44723.5,28.9,29039.71,,,,
679,7/6/2026 23:33,24.84,5.13,4.35,24.8,44555.5,44747.5,28.91,28961.08,,,,
680,7/6/2026 23:43,24.91,5.85,4.96,24.87,44567.4,44693.9,28.87,28968.79,,,,
681,7/6/2026 23:53,24.99,5.73,4.87,24.99,44744.7,44757.6,28.92,29084.08,,,,
682,7/7/2026 0:03,25.05,5.85,4.96,25.03,44621.2,44597.1,28.81,29003.76,,,,
683,7/7/2026 0:13,25.06,6.13,5.2,25.02,44698.4,44677.2,28.87,29053.98,,,,
684,7/7/2026 0:23,25.06,6.24,5.3,25.03,44631.9,44599.3,28.81,29010.73,,,,
685,7/7/2026 0:33,25.02,6.24,5.3,24.99,44603.4,44616.2,28.82,28992.19,,,,
686,7/7/2026 0:43,24.9,7.08,6.02,24.81,44211.1,44384.6,28.65,28737.2,,,,
687,7/7/2026 0:53,24.78,7.11,6.04,24.71,44150.6,44420.1,28.67,28697.88,,,,
688,7/7/2026 1:03,24.68,7.39,6.28,24.63,43876.7,44220.8,28.52,28519.86,,,,
689,7/7/2026 1:13,24.63,7.39,6.27,24.6,44138.8,44513.4,28.73,28690.19,,,,
690,7/7/2026 1:23,24.54,7.48,6.35,24.46,43999.8,44501.4,28.72,28599.88,,,,
691,7/7/2026 1:33,24.33,7.57,6.42,24.26,43846,44534.2,28.73,28499.9,,,,
692,7/7/2026 1:43,24.16,7.37,6.26,24.06,43724,44608.1,28.78,28420.58,,,,
693,7/7/2026 1:53,24.04,7.46,6.33,23.99,43697.5,44644.5,28.8,28403.37,,,,
694,7/7/2026 2:03,23.99,7.48,6.35,23.96,43693.8,44666.7,28.81,28400.94,,,,
695,7/7/2026 2:13,23.85,7.58,6.43,23.76,43422.3,44579.4,28.74,28224.53,,,,
696,7/7/2026 2:23,23.52,7.95,6.74,23.41,43183.4,44678.7,28.8,28069.24,,,,
697,7/7/2026 2:33,23.28,8.04,6.81,23.2,43011.3,44701.8,28.8,27957.33,,,,
698,7/7/2026 2:43,23.11,8.07,6.83,23.02,42790.1,44644.4,28.75,27813.54,,,,
699,7/7/2026 2:53,22.84,8.22,6.96,22.67,42583.4,44778.8,28.83,27679.22,,,,
700,7/7/2026 3:03,22.54,8.39,7.1,22.43,42363.2,44778.2,28.82,27536.1,,,,
701,7/7/2026 3:13,22.29,8.56,7.24,22.18,42005.1,44651.7,28.71,27303.32,,,,
702,7/7/2026 3:23,22.08,8.7,7.36,22,42054.5,44883.9,28.87,27335.45,,,,
703,7/7/2026 3:33,21.99,8.75,7.41,21.94,41875.8,44747.2,28.77,27219.3,,,,
704,7/7/2026 3:43,21.83,8.86,7.49,21.77,41794.6,44837.7,28.82,27166.48,,,,
705,7/7/2026 3:53,21.71,8.93,7.55,21.61,41658.4,44851.5,28.82,27077.94,,,,
706,7/7/2026 4:03,21.49,9.09,7.68,21.4,41533.8,44929.7,28.87,26997,,,,
707,7/7/2026 4:13,21.28,9.15,7.73,21.18,41386.2,44995.6,28.9,26901.01,,,,
708,7/7/2026 4:23,21.09,9.2,7.77,21.01,41339.6,45123.1,28.98,26870.71,,,,
709,7/7/2026 4:33,20.81,9.27,7.82,20.65,41018.2,45142.3,28.97,26661.82,,,,
710,7/7/2026 4:43,20.14,9.65,8.13,19.92,40499,45335.1,29.06,26324.35,,,,
711,7/7/2026 4:53,19.68,9.83,8.27,19.57,40241.8,45425.3,29.1,26157.18,,,,
712,7/7/2026 5:03,19.44,9.95,8.37,19.36,40166.5,45568.3,29.19,26108.21,,,,
713,7/7/2026 5:13,19.33,9.89,8.31,19.27,40103.1,45590.1,29.19,26067.04,,,,
714,7/7/2026 5:23,19.3,10.04,8.44,19.25,40128,45637.8,29.23,26083.2,,,,
715,7/7/2026 5:33,19.42,10.01,8.43,19.36,40099.8,45489.4,29.13,26064.88,,,,
716,7/7/2026 5:43,19.21,10.09,8.48,19.16,40163.7,45772.7,29.32,26106.42,,,,
717,7/7/2026 5:53,19.35,10.05,8.46,19.38,40146.8,45513.8,29.15,26095.42,,,,
718,7/7/2026 6:03,19.86,9.79,8.24,19.91,40521.5,45376.2,29.09,26338.96,,,,
719,7/7/2026 6:13,20.19,9.64,8.13,20.2,40655.6,45216.2,28.99,26426.13,,,,
720,7/7/2026 6:23,20.54,9.45,7.98,20.63,40873,45004.2,28.87,26567.47,,,,
721,7/7/2026 6:33,20.93,9.22,7.78,20.94,41195.5,45033.5,28.91,26777.07,,,,
722,7/7/2026 6:43,21.11,9.07,7.66,21.1,41301.3,44986,28.89,26845.86,,,,
723,7/7/2026 6:53,21.24,8.89,7.51,21.24,41425.3,44976.8,28.89,26926.42,,,,
724,7/7/2026 7:03,21.38,8.7,7.35,21.39,41506,44914.8,28.86,26978.91,,,,
725,7/7/2026 7:13,21.53,8.58,7.25,21.53,41670.9,44949.9,28.89,27086.05,,,,
726,7/7/2026 7:23,21.71,8.46,7.15,21.7,41749.2,44861.5,28.84,27137,,,,
727,7/7/2026 7:33,21.82,8.36,7.06,21.81,41950.4,44959.5,28.91,27267.78,,,,
728,7/7/2026 7:43,21.91,8.22,6.96,21.88,41850.3,44780,28.79,27202.7,,,,
729,7/7/2026 7:53,21.99,8.12,6.87,21.98,42019,44864,28.85,27312.32,,,,
730,7/7/2026 8:03,22.12,7.98,6.75,22.12,42125.7,44839.7,28.84,27381.71,,,,
731,7/7/2026 8:13,22.27,7.73,6.53,22.26,42411.3,44999.3,28.97,27567.33,,,,
732,7/7/2026 8:23,22.42,7.63,6.45,22.44,42565.7,44980.2,28.96,27667.67,,,,
733,7/7/2026 8:33,22.58,7.41,6.27,22.55,42603.1,44915.3,28.92,27692.02,,,,
734,7/7/2026 8:43,22.65,7.29,6.16,22.69,42747.7,44930.7,28.94,27785.98,,,,
735,7/7/2026 8:53,22.76,7.11,6.02,22.76,42872.1,44984.1,28.98,27866.84,,,,
736,7/7/2026 9:03,22.92,6.88,5.82,22.86,42991.1,45013.9,29.01,27944.22,,,,
737,7/7/2026 9:13,23.02,6.79,5.75,23.02,43021.2,44885.6,28.93,27963.79,,,,
738,7/7/2026 9:23,23.14,6.69,5.67,23.15,43049.6,44791.5,28.86,27982.22,,,,
739,7/7/2026 9:33,23.2,6.58,5.57,23.21,42990.7,44665.8,28.78,27943.97,,,,
740,7/7/2026 9:43,23.28,6.46,5.47,23.24,43023.3,44673.3,28.78,27965.13,,,,
741,7/7/2026 9:53,23.34,6.45,5.47,23.33,43033.5,44599.3,28.74,27971.79,,,,
742,7/7/2026 10:03,23.39,6.39,5.41,23.36,43020,44550.3,28.7,27962.98,,,,
743,7/7/2026 10:13,23.42,6.38,5.41,23.4,43094.2,44595.1,28.74,28011.23,,,,
744,7/7/2026 10:23,23.45,6.34,5.37,23.43,43092.2,44561,28.71,28009.9,,,,
745,7/7/2026 10:33,23.48,6.35,5.39,23.44,43087.3,44544.3,28.7,28006.72,,,,
746,7/7/2026 10:43,23.51,6.36,5.39,23.46,43017.5,44454.8,28.64,27961.37,,,,
747,7/7/2026 10:53,23.55,6.43,5.45,23.54,43186.8,44554.2,28.71,28071.45,,,,
748,7/7/2026 11:03,23.57,6.47,5.49,23.54,43266.8,44630.9,28.77,28123.44,,,,
749,7/7/2026 11:13,23.64,6.51,5.52,23.62,43280.5,44569.5,28.73,28132.3,,,,
750,7/7/2026 11:23,23.7,6.39,5.42,23.69,43295.8,44524.5,28.7,28142.24,,,,
751,7/7/2026 11:33,23.73,6.31,5.36,23.72,43227,44424.9,28.63,28097.52,,,,
752,7/7/2026 11:43,23.62,6.2,5.26,23.58,43154.7,44480.5,28.66,28050.57,,,,
753,7/7/2026 11:53,23.65,6.11,5.18,23.63,43317.7,44599.2,28.75,28156.53,,,,
754,7/7/2026 12:03,23.6,6.52,5.53,23.54,43295.1,44668.8,28.79,28141.81,,,,
755,7/7/2026 12:13,23.65,6.28,5.32,23.66,43313.4,44571.6,28.73,28153.71,,,,
756,7/7/2026 12:23,23.76,6.26,5.31,23.74,43287.1,44463.6,28.66,28136.62,,,,
757,7/7/2026 12:33,23.79,6.18,5.24,23.71,43231.6,44432.6,28.63,28100.56,,,,
758,7/7/2026 12:43,23.69,6.32,5.35,23.65,43349.8,44617.7,28.76,28177.37,,,,
759,7/7/2026 12:53,23.63,6.64,5.63,23.57,43041.6,44375.4,28.59,27977.03,,,,
760,7/7/2026 13:03,23.67,7.67,6.52,23.65,42884.1,44132.7,28.42,27874.66,,,,
761,7/7/2026 13:13,23.69,7.74,6.58,23.65,42824.6,44074.3,28.37,27835.96,,,,
762,7/7/2026 13:23,23.66,7.67,6.52,23.61,42834.4,44118.8,28.4,27842.39,,,,
763,7/7/2026 13:33,23.57,7.76,6.59,23.51,42775,44161,28.43,27803.75,,,,
764,7/7/2026 13:43,23.47,7.95,6.75,23.41,42746.1,44220.4,28.47,27784.96,,,,
765,7/7/2026 13:53,23.25,7.87,6.68,23.15,42608.9,44332.9,28.54,27695.76,,,,
766,7/7/2026 14:03,23.07,7.91,6.71,23,42458,44321.2,28.52,27597.7,,,,
767,7/7/2026 14:13,22.95,7.99,6.78,22.88,42286.8,44253.1,28.46,27486.44,,,,
768,7/7/2026 14:23,22.84,8.04,6.82,22.79,42196.5,44251.9,28.46,27427.72,,,,
769,7/7/2026 14:33,22.78,8.05,6.83,22.73,42137.3,44245.3,28.45,27389.26,,,,
770,7/7/2026 14:43,22.55,8.28,7.02,22.47,41949.6,44305.6,28.48,27267.23,,,,
771,7/7/2026 14:53,22.41,8.34,7.07,22.34,41871,44346.3,28.5,27216.18,,,,
772,7/7/2026 15:03,22.3,8.37,7.1,22.22,41566.8,44147.4,28.35,27018.42,,,,
773,7/7/2026 15:13,22.08,8.43,7.15,21.92,41356.3,44215.7,28.39,26881.57,,,,
774,7/7/2026 15:23,21.75,8.61,7.29,21.64,41233.7,44364.4,28.48,26801.93,,,,
775,7/7/2026 15:33,21.55,8.71,7.38,21.47,41210.7,44513.7,28.57,26786.93,,,,
776,7/7/2026 15:43,21.39,8.81,7.46,21.28,40980.3,44451.4,28.52,26637.2,,,,
777,7/7/2026 15:53,21.19,8.91,7.54,21.1,40735.1,44366.2,28.45,26477.79,,,,
778,7/7/2026 16:03,21.15,8.98,7.61,21.12,40634.1,44238.2,28.36,26412.19,,,,
779,7/7/2026 16:13,20.99,9.05,7.66,20.89,40478.6,44307.4,28.39,26311.07,,,,
780,7/7/2026 16:23,20.72,9.18,7.76,20.6,40431.3,44548.5,28.55,26280.34,,,,
781,7/7/2026 16:33,20.39,9.34,7.9,20.24,40089.2,44536.8,28.51,26058,,,,
782,7/7/2026 16:43,20.03,9.51,8.04,19.88,39805.6,44596.4,28.53,25873.66,,,,
783,7/7/2026 16:53,19.6,9.74,8.22,19.46,39635.9,44851.9,28.68,25763.31,,,,
784,7/7/2026 17:03,19.37,9.83,8.29,19.25,39528.6,44952.9,28.74,25693.56,,,,
785,7/7/2026 17:13,19.11,9.95,8.39,19,39134,44774.4,28.59,25437.11,,,,
786,7/7/2026 17:23,18.8,10.05,8.47,18.69,39023,44988,28.72,25364.93,,,,
787,7/7/2026 17:33,18.55,10.18,8.57,18.44,38954,45181.6,28.84,25320.07,,,,
788,7/7/2026 17:43,18.3,10.16,8.55,18.2,38915.2,45396.3,28.97,25294.89,,,,
789,7/7/2026 17:53,18.11,10.18,8.56,18.04,38837.8,45491.5,29.02,25244.57,,,,
790,7/7/2026 18:03,18.09,10.26,8.62,18.04,38882.5,45540.5,29.06,25273.61,,,,
791,7/7/2026 18:13,18.25,10.26,8.62,18.26,39091.7,45542.5,29.08,25409.61,,,,
792,7/7/2026 18:23,18.19,10.28,8.64,18.08,38912.1,45525.3,29.05,25292.85,,,,
793,7/7/2026 18:33,18.33,10.22,8.6,18.4,39046.8,45325.4,28.94,25380.43,,,,
794,7/7/2026 18:43,18.66,10.1,8.5,18.63,39137.1,45178.1,28.85,25439.09,,,,
795,7/7/2026 18:53,19.13,9.88,8.31,19.2,39901.5,45431.9,29.08,25935.99,,,,
796,7/7/2026 19:03,19.51,9.67,8.14,19.57,40192,45362.7,29.05,26124.82,,,,
797,7/7/2026 19:13,19.86,9.42,7.93,19.91,40487.3,45337.9,29.06,26316.72,,,,
798,7/7/2026 19:23,20.16,9.19,7.75,20.19,40676.1,45245.3,29.02,26439.44,,,,
799,7/7/2026 19:33,20.34,9.17,7.73,20.33,40867.5,45316.4,29.08,26563.88,,,,
800,7/7/2026 19:43,20.45,9.11,7.68,20.44,40867,45193.7,29,26563.55,,,,
801,7/7/2026 19:53,20.57,9.02,7.61,20.56,40978.4,45191.9,29,26635.98,,,,
802,7/7/2026 20:03,20.73,8.86,7.47,20.72,41077.3,45129.7,28.97,26700.23,,,,
803,7/7/2026 20:13,20.87,8.73,7.37,20.86,41189.6,45110.4,28.96,26773.23,,,,
804,7/7/2026 20:23,20.98,8.59,7.25,20.96,41273.1,45099.8,28.96,26827.51,,,,
805,7/7/2026 20:33,21.07,8.43,7.12,21.03,41233,44979,28.88,26801.43,,,,
806,7/7/2026 20:43,21.18,8.29,7,21.17,41242.2,44851.3,28.8,26807.44,,,,
807,7/7/2026 20:53,21.29,8.19,6.93,21.27,41168.6,44667.7,28.67,26759.56,,,,
808,7/7/2026 21:03,21.39,8.05,6.81,21.37,41228.9,44633,28.65,26798.76,,,,
809,7/7/2026 21:13,21.48,7.92,6.71,21.47,41241.8,44541.3,28.59,26807.14,,,,
810,7/7/2026 21:23,21.56,7.75,6.56,21.55,41158.7,44376.5,28.48,26753.17,,,,
811,7/7/2026 21:33,21.66,7.7,6.52,21.63,41195.4,44329,28.45,26776.98,,,,
812,7/7/2026 21:43,21.7,7.67,6.5,21.67,41148.3,44245.6,28.39,26746.4,,,,
813,7/7/2026 21:53,21.71,7.52,6.38,21.66,41016.5,44109.8,28.3,26660.69,,,,
814,7/7/2026 22:03,21.74,7.39,6.27,21.69,40849.1,43897.3,28.15,26551.92,,,,
815,7/7/2026 22:13,21.78,7.27,6.17,21.75,40751.3,43739.1,28.04,26488.37,,,,
816,7/7/2026 22:23,21.83,7.21,6.12,21.79,40822.4,43774.2,28.06,26534.58,,,,
817,7/7/2026 22:33,21.87,7.11,6.05,21.82,40751.1,43665.4,27.99,26488.22,,,,
818,7/7/2026 22:43,21.87,7.02,5.97,21.83,40565.7,43460.8,27.84,26367.7,,,,
819,7/7/2026 22:53,21.9,6.94,5.9,21.88,40575.4,43424.6,27.82,26374.02,,,,
820,7/7/2026 23:03,21.93,6.81,5.8,21.9,40463.4,43284.4,27.72,26301.23,,,,
821,7/7/2026 23:13,21.96,6.74,5.74,21.91,40472.7,43276.9,27.72,26307.28,,,,
822,7/7/2026 23:23,21.95,6.65,5.66,21.9,40349.2,43159.3,27.63,26226.96,,,,
823,7/7/2026 23:33,21.95,6.57,5.6,21.91,40352,43150.7,27.63,26228.82,,,,
824,7/7/2026 23:43,21.95,6.51,5.55,21.9,40263.7,43070.7,27.57,26171.37,,,,
825,7/7/2026 23:53,21.95,6.43,5.47,21.91,40266.4,43059.2,27.56,26173.19,,,,
826,7/8/2026 0:03,21.94,6.33,5.39,21.89,40231.9,43039.6,27.55,26150.74,,,,
827,7/8/2026 0:13,21.91,6.23,5.31,21.86,40131.4,42960.9,27.49,26085.41,,,,
828,7/8/2026 0:23,21.92,5.99,5.11,21.87,40046.9,42861.8,27.42,26030.46,,,,
829,7/8/2026 0:33,21.74,5.7,4.86,21.66,39875.6,42882.9,27.42,25919.17,,,,
830,7/8/2026 0:43,21.85,6.07,5.17,21.82,40087.6,42957.3,27.48,26056.95,,,,
831,7/8/2026 0:53,21.83,6.31,5.37,21.81,40216.1,43100.8,27.59,26140.47,,,,
832,7/8/2026 1:03,21.95,6.25,5.32,21.94,40297.9,43066.8,27.57,26193.62,,,,
833,7/8/2026 1:13,21.97,6.29,5.36,21.92,40329.5,43120.8,27.61,26214.17,,,,
834,7/8/2026 1:23,21.95,6.42,5.47,21.91,40361.5,43163.7,27.64,26234.96,,,,
835,7/8/2026 1:33,21.93,6.52,5.56,21.87,40383.2,43221.7,27.68,26249.05,,,,
836,7/8/2026 1:43,21.9,7.28,6.19,21.87,40666.7,43528.2,27.89,26433.38,,,,
837,7/8/2026 1:53,22,7.58,6.44,21.99,40956,43723.2,28.04,26621.41,,,,
838,7/8/2026 2:03,21.98,7.55,6.42,21.91,40890.5,43729.5,28.04,26578.84,,,,
839,7/8/2026 2:13,21.93,7.6,6.46,21.86,40962.5,43850.6,28.12,26625.6,,,,
840,7/8/2026 2:23,21.72,7.55,6.42,21.61,40667.4,43784.6,28.06,26433.79,,,,
841,7/8/2026 2:33,21.47,7.42,6.3,21.35,40339,43687.5,27.98,26220.36,,,,
842,7/8/2026 2:43,21.34,7.46,6.33,21.27,40329.5,43754.4,28.02,26214.17,,,,
843,7/8/2026 2:53,21.32,7.56,6.42,21.28,40367.3,43786.5,28.04,26238.77,,,,
844,7/8/2026 3:03,21.34,7.67,6.51,21.29,40450,43864.3,28.1,26292.52,,,,
845,7/8/2026 3:13,21.3,7.82,6.63,21.21,40551.8,44055.4,28.23,26358.66,,,,
846,7/8/2026 3:23,21.06,7.98,6.76,20.96,40530.1,44288,28.38,26344.59,,,,
847,7/8/2026 3:33,20.93,8.03,6.8,20.86,40443.9,44293.7,28.38,26288.54,,,,
848,7/8/2026 3:43,20.87,8.05,6.82,20.8,40383.6,44291.5,28.37,26249.37,,,,
849,7/8/2026 3:53,20.67,8.11,6.87,20.52,40169.4,44345.5,28.4,26110.09,,,,
850,7/8/2026 4:03,20.36,8.29,7.01,20.27,40100.2,44521.2,28.5,26065.15,,,,
851,7/8/2026 4:13,20.23,8.38,7.08,20.16,40028.3,44552.6,28.52,26018.39,,,,
852,7/8/2026 4:23,20.22,8.37,7.08,20.16,39881.9,44395.8,28.41,25923.21,,,,
853,7/8/2026 4:33,20.14,8.45,7.14,20.07,39944.2,44555.1,28.51,25963.72,,,,
854,7/8/2026 4:43,20.1,8.45,7.14,20.04,39925.3,44568.2,28.52,25951.45,,,,
855,7/8/2026 4:53,19.99,8.51,7.19,19.92,39875.8,44640.6,28.57,25919.28,,,,
856,7/8/2026 5:03,19.79,8.6,7.26,19.68,39715,44710.8,28.6,25814.76,,,,
857,7/8/2026 5:13,19.52,8.74,7.38,19.4,39552.6,44824.2,28.66,25709.18,,,,
858,7/8/2026 5:23,19.28,8.87,7.48,19.17,39451.9,44951.9,28.73,25643.76,,,,
859,7/8/2026 5:33,19.14,8.93,7.53,19.07,39391,44997.7,28.76,25604.14,,,,
860,7/8/2026 5:43,19.09,8.9,7.5,19.02,39360.7,45011.2,28.76,25584.42,,,,
861,7/8/2026 5:53,19,8.96,7.55,18.93,39381.9,45132.2,28.84,25598.24,,,,
862,7/8/2026 6:03,18.93,8.93,7.52,18.86,39333.4,45154.1,28.85,25566.69,,,,
863,7/8/2026 6:13,18.9,8.72,7.36,18.82,38663.2,44432.5,28.34,25131.08,,,,
864,7/8/2026 6:23,18.88,9.04,7.64,18.83,38487.7,44218.2,28.19,25017.02,,,,
865,7/8/2026 6:33,18.9,9.09,7.69,18.84,38404.1,44106.3,28.11,24962.67,,,,
866,7/8/2026 6:43,18.99,8.99,7.6,18.96,38655.4,44274.3,28.24,25126.01,,,,
867,7/8/2026 6:53,19.11,8.96,7.58,19.07,38661.6,44164.5,28.17,25130.02,,,,
868,7/8/2026 7:03,19.22,8.88,7.51,19.21,38898.3,44286.4,28.26,25283.86,,,,
869,7/8/2026 7:13,19.25,8.81,7.45,19.22,38936.8,44320.8,28.29,25308.89,,,,
870,7/8/2026 7:23,19.37,8.75,7.4,19.35,38996.4,44247.1,28.25,25347.65,,,,
871,7/8/2026 7:33,19.52,8.69,7.35,19.51,39080.2,44173.2,28.2,25402.14,,,,
872,7/8/2026 7:43,19.65,8.62,7.3,19.63,39146.2,44117,28.17,25445.05,,,,
873,7/8/2026 7:53,19.77,8.55,7.24,19.75,39191.4,44043.9,28.13,25474.42,,,,
874,7/8/2026 8:03,19.9,8.48,7.19,19.87,39254.8,43991.5,28.1,25515.59,,,,
875,7/8/2026 8:13,20.01,8.42,7.14,19.98,39336.4,43969.1,28.09,25568.66,,,,
876,7/8/2026 8:23,20.12,8.41,7.13,20.1,39381.9,43897.3,28.05,25598.25,,,,
877,7/8/2026 8:33,20.19,8.38,7.11,20.16,39430.6,43887.3,28.05,25629.86,,,,
878,7/8/2026 8:43,20.29,8.37,7.09,20.26,39663.1,44048.1,28.17,25781.04,,,,
879,7/8/2026 8:53,20.4,8.33,7.06,20.38,39730.7,44001,28.14,25824.95,,,,
880,7/8/2026 9:03,20.53,8.27,7.01,20.52,39935.3,44087,28.21,25957.92,,,,
881,7/8/2026 9:13,20.66,8.2,6.95,20.64,39978.7,44010.4,28.16,25986.16,,,,
882,7/8/2026 9:23,20.79,8.14,6.9,20.78,40175.5,44078.3,28.22,26114.09,,,,
883,7/8/2026 9:33,20.94,8.07,6.84,20.93,40379.6,44150.6,28.28,26246.72,,,,
884,7/8/2026 9:43,21.07,7.99,6.77,21.05,40522.4,44185.8,28.32,26339.56,,,,
885,7/8/2026 9:53,21.17,7.87,6.68,21.17,40448.9,43988.5,28.18,26291.77,,,,
886,7/8/2026 10:03,21.28,7.82,6.63,21.27,40484.1,43928.1,28.14,26314.7,,,,
887,7/8/2026 10:13,21.4,7.72,6.55,21.38,40604.9,43945.7,28.16,26393.2,,,,
888,7/8/2026 10:23,21.52,7.65,6.49,21.52,40627.5,43830.3,28.09,26407.88,,,,
889,7/8/2026 10:33,21.64,7.64,6.49,21.62,40588.9,43688.3,27.99,26382.77,,,,
890,7/8/2026 10:43,21.74,7.6,6.46,21.74,40659.1,43648.9,27.97,26428.44,,,,
891,7/8/2026 10:53,21.87,7.56,6.43,21.86,40668.8,43539.1,27.9,26434.71,,,,
892,7/8/2026 11:03,21.99,7.59,6.45,21.99,40742.7,43489.7,27.87,26482.77,,,,
893,7/8/2026 11:13,22.12,7.63,6.49,22.13,40813.6,43428.6,27.84,26528.85,,,,
894,7/8/2026 11:23,22.26,7.65,6.51,22.27,40904.3,43394.6,27.82,26587.78,,,,
895,7/8/2026 11:33,22.4,7.64,6.5,22.4,40930.8,43292.8,27.75,26605.01,,,,
896,7/8/2026 11:43,22.55,7.57,6.45,22.57,40940.3,43139.3,27.65,26611.17,,,,
897,7/8/2026 11:53,22.67,7.47,6.37,22.62,40907.4,43059.1,27.6,26589.83,,,,
898,7/8/2026 12:03,22.8,7.41,6.32,22.81,40882,42853.5,27.46,26573.28,,,,
899,7/8/2026 12:13,22.95,7.27,6.2,22.88,40891,42798.1,27.42,26579.18,,,,
900,7/8/2026 12:23,23.06,7.16,6.11,23,40936.5,42727.3,27.38,26608.7,,,,
901,7/8/2026 12:33,23.38,7.08,6.05,23.44,41426,42832.5,27.48,26926.9,,,,
902,7/8/2026 12:43,23.29,7.3,6.23,23.25,41219.7,42792.2,27.44,26792.81,,,,
903,7/8/2026 12:53,23.4,7.53,6.43,23.34,41375,42869.2,27.5,26893.76,,,,
904,7/8/2026 13:03,23.23,7.29,6.23,23.15,41007.6,42661.3,27.34,26654.94,,,,
905,7/8/2026 13:13,23.03,7.22,6.16,22.94,40923.2,42778.2,27.41,26600.08,,,,
906,7/8/2026 13:23,23.05,7.47,6.38,23.02,41031.2,42815,27.44,26670.28,,,,
907,7/8/2026 13:33,23.14,7.66,6.54,23.18,41156,42787.6,27.43,26751.4,,,,
908,7/8/2026 13:43,23.41,7.74,6.61,23.42,41357.1,42772.4,27.43,26882.13,,,,
909,7/8/2026 13:53,23.47,8.43,7.19,23.44,41678.8,43093.9,27.66,27091.24,,,,
910,7/8/2026 14:03,23.59,8.75,7.46,23.57,41854.9,43154.8,27.71,27205.66,,,,
911,7/8/2026 14:13,23.52,9.12,7.77,23.48,41985.1,43368.1,27.86,27290.3,,,,
912,7/8/2026 14:23,23.5,9.35,7.96,23.41,42054.3,43510.4,27.96,27335.27,,,,
913,7/8/2026 14:33,23.32,9.42,8.02,23.23,41848.6,43462.2,27.92,27201.62,,,,
914,7/8/2026 14:43,23.3,9.49,8.09,23.25,41777.1,43368,27.85,27155.12,,,,
915,7/8/2026 14:53,23.02,9.39,7.99,22.9,41636.3,43555.1,27.97,27063.56,,,,
916,7/8/2026 15:03,22.68,9.24,7.86,22.57,41358.3,43579.8,27.97,26882.88,,,,
917,7/8/2026 15:13,22.38,9.23,7.85,22.24,41107.3,43636.1,27.99,26719.76,,,,
918,7/8/2026 15:23,22.05,9.36,7.95,21.97,40976,43765.1,28.07,26634.41,,,,
919,7/8/2026 15:33,21.92,9.41,7.99,21.84,40822.6,43724.3,28.03,26534.68,,,,
920,7/8/2026 15:43,21.78,9.45,8.03,21.68,40719,43769.3,28.05,26467.37,,,,
921,7/8/2026 15:53,21.6,9.48,8.05,21.51,40598,43810.4,28.07,26388.7,,,,
922,7/8/2026 16:03,21.45,9.54,8.1,21.39,40470.7,43788.5,28.05,26305.93,,,,
923,7/8/2026 16:13,21.39,9.58,8.13,21.3,40391.4,43794.7,28.05,26254.38,,,,
924,7/8/2026 16:23,21.3,9.65,8.19,21.25,40331.2,43777,28.04,26215.26,,,,
925,7/8/2026 16:33,21.28,9.65,8.2,21.21,40227.1,43705.6,27.98,26147.62,,,,
926,7/8/2026 16:43,21.22,9.71,8.25,21.19,40132.1,43626.2,27.92,26085.86,,,,
927,7/8/2026 16:53,21.12,9.73,8.27,21.04,40006.9,43632.7,27.92,26004.51,,,,
928,7/8/2026 17:03,21,9.77,8.3,20.91,39935.3,43691.8,27.95,25957.95,,,,
929,7/8/2026 17:13,20.86,9.85,8.37,20.78,39678.4,43538.9,27.84,25790.94,,,,
930,7/8/2026 17:23,20.71,9.95,8.44,20.63,39641.5,43651.2,27.91,25766.96,,,,
931,7/8/2026 17:33,20.65,10.06,8.53,20.59,39666.3,43711.6,27.95,25783.06,,,,
932,7/8/2026 17:43,20.48,10.25,8.7,20.39,39531.3,43768,27.98,25695.35,,,,
933,7/8/2026 17:53,20.19,10.56,8.96,20.09,39212.4,43717.6,27.92,25488.09,,,,
934,7/8/2026 18:03,20.04,10.73,9.1,19.96,39077.1,43703.7,27.9,25400.15,,,,
935,7/8/2026 18:13,19.95,10.83,9.19,19.9,39014.4,43697.7,27.89,25359.38,,,,
936,7/8/2026 18:23,19.91,10.81,9.17,19.87,39005.4,43718.2,27.91,25353.48,,,,
937,7/8/2026 18:33,19.88,10.8,9.16,19.83,39014.3,43765,27.94,25359.3,,,,
938,7/8/2026 18:43,19.88,10.74,9.11,19.84,39005.3,43745.7,27.92,25353.45,,,,
939,7/8/2026 18:53,19.88,10.52,8.92,19.83,39053.1,43811.6,27.97,25384.54,,,,
940,7/8/2026 19:03,19.86,10.78,9.15,19.82,38930.9,43680.6,27.88,25305.08,,,,
941,7/8/2026 19:13,19.87,10.82,9.17,19.82,39065.1,43831.2,27.98,25392.31,,,,
942,7/8/2026 19:23,19.92,10.83,9.18,19.87,39116.1,43836.2,27.99,25425.49,,,,
943,7/8/2026 19:33,19.99,10.77,9.12,20.04,39485.5,44074.2,28.17,25665.55,,,,
944,7/8/2026 19:43,20.31,10.49,8.88,20.38,39838.6,44114.4,28.22,25895.12,,,,
945,7/8/2026 19:53,20.55,10.35,8.75,20.38,40258.8,44582.7,28.56,26168.22,,,,
946,7/8/2026 20:03,20.65,10.13,8.57,20.66,40582.3,44653.3,28.62,26378.48,,,,
947,7/8/2026 20:13,20.85,9.94,8.4,20.84,40894.9,44812.2,28.75,26581.72,,,,
948,7/8/2026 20:23,21.05,9.71,8.2,21.11,41141.3,44802.6,28.76,26741.86,,,,
949,7/8/2026 20:33,21.29,9.55,8.08,21.23,41220.6,44763.8,28.74,26793.4,,,,
950,7/8/2026 20:43,21.42,9.38,7.93,21.42,41385.7,44751.3,28.74,26900.72,,,,
951,7/8/2026 20:53,21.52,9.25,7.83,21.51,41416.1,44690.2,28.7,26920.46,,,,
952,7/8/2026 21:03,21.65,9.12,7.71,21.64,41486.5,44639.4,28.67,26966.25,,,,
953,7/8/2026 21:13,21.81,8.89,7.52,21.8,41563.4,44559.8,28.63,27016.24,,,,
954,7/8/2026 21:23,21.89,8.81,7.46,21.87,41640.4,44573.3,28.64,27066.26,,,,
955,7/8/2026 21:33,21.98,8.73,7.39,21.98,41745.4,44569,28.64,27134.51,,,,
956,7/8/2026 21:43,22.09,8.46,7.17,22.11,41853.9,44559.4,28.64,27205.05,,,,
957,7/8/2026 21:53,22.21,8.45,7.16,22.2,41825.9,44434.5,28.56,27186.85,,,,
958,7/8/2026 22:03,22.33,8.29,7.03,22.3,41913.5,44429.8,28.56,27243.8,,,,
959,7/8/2026 22:13,22.43,8.13,6.89,22.43,42007.1,44407.6,28.55,27304.59,,,,
960,7/8/2026 22:23,22.57,8.07,6.84,22.53,41978.4,44271.4,28.46,27285.96,,,,
961,7/8/2026 22:33,22.64,7.88,6.68,22.63,42030.5,44235.4,28.44,27319.85,,,,
962,7/8/2026 22:43,22.75,7.89,6.7,22.76,42095.5,44178,28.4,27362.1,,,,
963,7/8/2026 22:53,22.86,7.73,6.57,22.87,42069.7,44040.4,28.31,27345.33,,,,
964,7/8/2026 23:03,22.97,7.5,6.37,22.97,42105.5,43982.2,28.27,27368.55,,,,
965,7/8/2026 23:13,23.06,7.23,6.14,23.06,42113.6,43904,28.22,27373.82,,,,
966,7/8/2026 23:23,23.16,7.26,6.18,23.15,42077.8,43783.3,28.14,27350.56,,,,
967,7/8/2026 23:33,23.22,7.09,6.03,23.2,42121.4,43774.1,28.14,27378.91,,,,
968,7/8/2026 23:43,23.27,7,5.96,23.24,41923.8,43528.8,27.96,27250.49,,,,
969,7/8/2026 23:53,23.29,6.91,5.88,23.27,41958,43535.8,27.97,27272.69,,,,
970,7/9/2026 0:03,23.32,6.83,5.82,23.3,41879.5,43431.6,27.9,27221.65,,,,
971,7/9/2026 0:13,23.36,6.74,5.74,23.34,41713.2,43219.6,27.75,27113.58,,,,
972,7/9/2026 0:23,23.41,6.68,5.7,23.4,41658.9,43104.2,27.67,27078.26,,,,
973,7/9/2026 0:33,23.48,6.58,5.62,23.46,41604.5,42991.7,27.59,27042.9,,,,
974,7/9/2026 0:43,23.52,6.39,5.46,23.49,41473.8,42831.6,27.48,26957.99,,,,
975,7/9/2026 0:53,23.54,6.2,5.29,23.51,41400.7,42739.3,27.41,26910.42,,,,
976,7/9/2026 1:03,23.57,6.08,5.2,23.52,41297.2,42618.6,27.33,26843.16,,,,
977,7/9/2026 1:13,23.59,5.88,5.03,23.57,41201.3,42478.1,27.23,26780.82,,,,
978,7/9/2026 1:23,23.5,5.54,4.73,23.39,41126,42563.9,27.28,26731.92,,,,
979,7/9/2026 1:33,23.48,5.79,4.95,23.43,41114.7,42513.3,27.25,26724.53,,,,
980,7/9/2026 1:43,23.49,5.81,4.96,23.47,41201.3,42569.5,27.29,26780.82,,,,
981,7/9/2026 1:53,23.52,5.96,5.1,23.48,41204.1,42561.4,27.28,26782.68,,,,
982,7/9/2026 2:03,23.52,6.13,5.24,23.46,41170.2,42545.8,27.27,26760.63,,,,
983,7/9/2026 2:13,23.46,6.26,5.34,23.43,41491.4,42908.4,27.53,26969.38,,,,
984,7/9/2026 2:23,23.43,6.42,5.48,23.39,41373,42825.2,27.47,26892.46,,,,
985,7/9/2026 2:33,23.33,6.77,5.78,23.24,41340.2,42928.6,27.53,26871.16,,,,
986,7/9/2026 2:43,23.04,7.84,6.68,22.96,41284.3,43132.9,27.67,26834.79,,,,
987,7/9/2026 2:53,22.93,8.31,7.09,22.86,41251.1,43194.9,27.71,26813.24,,,,
988,7/9/2026 3:03,22.76,8.15,6.94,22.69,41278.4,43383.5,27.83,26830.98,,,,
989,7/9/2026 3:13,22.65,8.32,7.08,22.61,41328.2,43516.4,27.92,26863.31,,,,
990,7/9/2026 3:23,22.54,8.01,6.82,22.46,41231.9,43550.6,27.94,26800.76,,,,
991,7/9/2026 3:33,22.47,7.67,6.53,22.43,41219.6,43572.2,27.95,26792.71,,,,
992,7/9/2026 3:43,22.4,7.78,6.62,22.35,41037.4,43457.6,27.87,26674.3,,,,
993,7/9/2026 3:53,22.4,7.93,6.75,22.35,40965.1,43381,27.81,26627.32,,,,
994,7/9/2026 4:03,22.31,8.1,6.89,22.25,40971.9,43483.8,27.88,26631.76,,,,
995,7/9/2026 4:13,22.08,8.31,7.06,21.98,40887.1,43655.6,27.99,26576.64,,,,
996,7/9/2026 4:23,21.92,8.38,7.12,21.84,40845.6,43751.9,28.05,26549.63,,,,
997,7/9/2026 4:33,21.8,8.48,7.2,21.72,40678,43689.8,28,26440.71,,,,
998,7/9/2026 4:43,21.66,8.55,7.26,21.58,40633.3,43777.4,28.05,26411.65,,,,
999,7/9/2026 4:53,21.48,8.64,7.34,21.39,40403.7,43719,28,26262.42,,,,
1000,7/9/2026 5:03,21.37,8.69,7.38,21.3,40296.2,43691.5,27.98,26192.53,,,,
1001,7/9/2026 5:13,21.29,8.71,7.4,21.24,40277.8,43728.1,28,26180.59,,,,
1002,7/9/2026 5:23,21.24,8.77,7.45,21.18,40208.5,43712.2,27.99,26135.51,,,,
1003,7/9/2026 5:33,21.19,8.79,7.46,21.14,40164.6,43709.2,27.98,26107.01,,,,
1004,7/9/2026 5:43,21.2,8.73,7.42,21.17,40126.9,43638.3,27.93,26082.47,,,,
1005,7/9/2026 5:53,21.2,8.69,7.38,21.16,40117.5,43640,27.93,26076.36,,,,
1006,7/9/2026 6:03,21.1,8.74,7.42,21.03,40020.7,43656.6,27.94,26013.45,,,,
1007,7/9/2026 6:13,21,8.83,7.5,20.91,39865.5,43612.4,27.9,25912.57,,,,
1008,7/9/2026 6:23,20.92,8.86,7.53,20.85,39772.8,43570.7,27.86,25852.33,,,,
1009,7/9/2026 6:33,20.77,8.94,7.6,20.66,39579.5,43544,27.83,25726.68,,,,
1010,7/9/2026 6:43,20.67,8.92,7.58,20.61,39527.6,43540.8,27.83,25692.96,,,,
1011,7/9/2026 6:53,20.6,8.87,7.53,20.54,39512.5,43599.2,27.87,25683.1,,,,
1012,7/9/2026 7:03,20.39,8.69,7.38,20.26,39263.9,43604.8,27.85,25521.54,,,,
1013,7/9/2026 7:13,20.19,9.04,7.68,20.13,39068.3,43520.5,27.78,25394.41,,,,
1014,7/9/2026 7:23,20.21,9.19,7.81,20.16,39056.3,43479.8,27.76,25386.57,,,,
1015,7/9/2026 7:33,20.41,9.12,7.76,20.46,38999.9,43114,27.52,25349.96,,,,
1016,7/9/2026 7:43,20.57,8.93,7.6,20.55,39050.7,43074.9,27.49,25382.97,,,,
1017,7/9/2026 7:53,20.71,8.99,7.65,20.68,39266.9,43185.2,27.58,25523.47,,,,
1018,7/9/2026 8:03,21.01,8.86,7.54,21.02,39485.2,43090.1,27.53,25665.36,,,,
1019,7/9/2026 8:13,21.14,8.85,7.53,21.09,39705.6,43253.8,27.65,25808.64,,,,
1020,7/9/2026 8:23,21.2,8.83,7.51,21.15,39705.7,43195,27.62,25808.7,,,,
1021,7/9/2026 8:33,21.22,8.85,7.53,21.18,39816.8,43289.3,27.68,25880.91,,,,
1022,7/9/2026 8:43,21.26,8.83,7.51,21.22,39788.9,43220.7,27.64,25862.78,,,,
1023,7/9/2026 8:53,21.35,8.85,7.53,21.3,39928,43292.3,27.69,25953.2,,,,
1024,7/9/2026 9:03,21.41,8.81,7.5,21.39,40027.6,43312,27.71,26017.94,,,,
1025,7/9/2026 9:13,21.5,8.82,7.5,21.47,40143.5,43360.9,27.75,26093.25,,,,
1026,7/9/2026 9:23,21.59,8.78,7.47,21.57,40190.1,43305.7,27.72,26123.54,,,,
1027,7/9/2026 9:33,21.7,8.79,7.48,21.68,40331.6,43349.8,27.76,26215.51,,,,
1028,7/9/2026 9:43,21.77,8.78,7.46,21.77,40477.6,43427.7,27.82,26310.43,,,,
1029,7/9/2026 9:53,21.92,8.75,7.45,21.91,40556.9,43375.7,27.79,26362.01,,,,
1030,7/9/2026 10:03,22.11,8.69,7.39,22.1,40781.1,43428.8,27.83,26507.69,,,,
1031,7/9/2026 10:13,22.27,8.6,7.32,22.26,40957.5,43456.8,27.86,26622.36,,,,
1032,7/9/2026 10:23,22.44,8.56,7.28,22.42,41065.3,43420.7,27.85,26692.46,,,,
1033,7/9/2026 10:33,22.6,8.44,7.19,22.58,41178.2,43384.3,27.83,26765.82,,,,
1034,7/9/2026 10:43,22.75,8.38,7.13,22.76,41443.4,43490.8,27.91,26938.22,,,,
1035,7/9/2026 10:53,22.94,8.25,7.02,22.94,41476.5,43350.8,27.82,26959.73,,,,
1036,7/9/2026 11:03,23.1,8.16,6.96,23.13,41620.8,43322,27.81,27053.54,,,,
1037,7/9/2026 11:13,23.27,8.15,6.94,23.25,41662.1,43248.6,27.76,27080.33,,,,
1038,7/9/2026 11:23,23.46,8.16,6.95,23.48,41854,43235.5,27.77,27205.12,,,,
1039,7/9/2026 11:33,23.63,8.14,6.94,23.65,41971.9,43199.6,27.75,27281.76,,,,
1040,7/9/2026 11:43,23.83,8.1,6.91,23.84,42043.6,43093.9,27.68,27328.32,,,,
1041,7/9/2026 11:53,24.03,8.11,6.92,24.02,42182.6,43069,27.67,27418.7,,,,
1042,7/9/2026 12:03,24.21,8.1,6.92,24.19,42336.3,43072.8,27.68,27518.56,,,,
1043,7/9/2026 12:13,24.37,8.07,6.9,24.35,42356,42946.1,27.6,27531.38,,,,
1044,7/9/2026 12:23,24.51,8.08,6.9,24.53,42420.5,42843.5,27.53,27573.3,,,,
1045,7/9/2026 12:33,24.6,7.92,6.78,24.6,42383,42740,27.46,27548.92,,,,
1046,7/9/2026 12:43,24.71,7.74,6.62,24.73,42376.2,42615.9,27.37,27544.54,,,,
1047,7/9/2026 12:53,24.85,7.61,6.52,24.89,42358.7,42454.6,27.27,27533.17,,,,
1048,7/9/2026 13:03,25.01,7.52,6.44,25.03,42298.9,42270.8,27.14,27494.28,,,,
1049,7/9/2026 13:13,25.13,7.2,6.18,25.14,42374.4,42246.9,27.13,27543.39,,,,
1050,7/9/2026 13:23,25.29,7.1,6.08,25.33,42489.6,42201,27.1,27618.25,,,,
1051,7/9/2026 13:33,25.36,7.42,6.36,25.3,42569.5,42299.1,27.17,27670.19,,,,
1052,7/9/2026 13:43,25.4,7.49,6.42,25.39,42713.5,42364.4,27.22,27763.77,,,,
1053,7/9/2026 13:53,25.54,7.73,6.63,25.46,42715.4,42307.4,27.18,27764.98,,,,
1054,7/9/2026 14:03,25.24,7.5,6.43,25.12,42321.3,42215.4,27.1,27508.87,,,,
1055,7/9/2026 14:13,25.22,7.69,6.59,25.21,42404.2,42217.6,27.11,27562.71,,,,
1056,7/9/2026 14:23,25.16,7.94,6.81,25.14,42396.9,42274.6,27.15,27557.99,,,,
1057,7/9/2026 14:33,25.21,8.15,6.99,25.17,42483.8,42334.4,27.19,27614.44,,,,
1058,7/9/2026 14:43,25.17,8.66,7.42,25.1,42620.3,42529.8,27.33,27703.21,,,,
1059,7/9/2026 14:53,25.08,9.04,7.74,25.04,42731.4,42692.1,27.44,27775.42,,,,
1060,7/9/2026 15:03,25.01,9.31,7.96,24.95,42839.6,42884.7,27.58,27845.74,,,,
1061,7/9/2026 15:13,24.84,9.39,8.02,24.74,42723.6,42962.5,27.62,27770.32,,,,
1062,7/9/2026 15:23,24.76,9.47,8.1,24.71,42617.9,42878.1,27.56,27701.62,,,,
1063,7/9/2026 15:33,24.8,9.44,8.07,24.77,42828.3,43037.5,27.68,27838.36,,,,
1064,7/9/2026 15:43,24.7,9.48,8.09,24.6,42688.7,43051.1,27.68,27747.67,,,,
1065,7/9/2026 15:53,24.34,9.36,7.99,24.19,42260.3,42989.9,27.62,27469.16,,,,
1066,7/9/2026 16:03,23.9,9.34,7.97,23.77,41982.5,43095.5,27.68,27288.6,,,,
1067,7/9/2026 16:13,23.57,9.45,8.06,23.49,41819.3,43188.3,27.73,27182.51,,,,
1068,7/9/2026 16:23,23.4,9.47,8.07,23.32,41728.8,43258.4,27.77,27123.74,,,,
1069,7/9/2026 16:33,23.16,9.53,8.12,23.08,41569.6,43314.1,27.8,27020.22,,,,
1070,7/9/2026 16:43,22.93,9.58,8.16,22.83,41167.2,43129.7,27.66,26758.67,,,,
1071,7/9/2026 16:53,22.76,9.65,8.22,22.69,41111.5,43205.3,27.71,26722.48,,,,
1072,7/9/2026 17:03,22.63,9.67,8.24,22.55,40879.4,43098,27.62,26571.58,,,,
1073,7/9/2026 17:13,22.62,9.75,8.32,22.6,40827.6,42992.1,27.55,26537.91,,,,
1074,7/9/2026 17:23,22.74,9.73,8.3,22.73,40898.1,42941.2,27.52,26583.77,,,,
1075,7/9/2026 17:33,22.66,9.74,8.31,22.58,40775.6,42954.5,27.52,26504.16,,,,
1076,7/9/2026 17:43,22.45,9.8,8.36,22.37,40644.2,43018.3,27.56,26418.72,,,,
1077,7/9/2026 17:53,22.25,9.87,8.41,22.14,40443.9,43029.5,27.55,26288.56,,,,
1078,7/9/2026 18:03,22.03,9.99,8.51,21.95,40415.3,43180.7,27.65,26269.96,,,,
1079,7/9/2026 18:13,21.59,10.13,8.62,21.37,40091.4,43398.7,27.77,26059.43,,,,
1080,7/9/2026 18:23,21.15,10.36,8.8,20.95,40017.5,43739.7,27.99,26011.35,,,,
1081,7/9/2026 18:33,20.71,10.51,8.91,20.45,39797.6,44005,28.15,25868.44,,,,
1082,7/9/2026 18:43,20.26,10.67,9.04,20.18,39631.6,44098.8,28.2,25760.51,,,,
1083,7/9/2026 18:53,19.87,10.86,9.19,19.76,39448.5,44323.5,28.33,25641.53,,,,
1084,7/9/2026 19:03,19.61,10.96,9.27,19.49,39245.8,44385.5,28.35,25509.8,,,,
1085,7/9/2026 19:13,19.5,10.96,9.27,19.44,39188.8,44368,28.34,25472.71,,,,
1086,7/9/2026 19:23,19.4,11.04,9.33,19.33,39164.8,44463.3,28.4,25457.09,,,,
1087,7/9/2026 19:33,19.35,11.05,9.33,19.29,39152.7,44490.6,28.41,25449.24,,,,
1088,7/9/2026 19:43,19.3,10.91,9.22,19.25,39104.7,44477.2,28.4,25418.05,,,,
1089,7/9/2026 19:53,19.29,10.7,9.04,19.24,39152.6,44544.3,28.45,25449.2,,,,
1090,7/9/2026 20:03,19.26,10.95,9.25,19.2,39095.7,44517.5,28.43,25412.23,,,,
1091,7/9/2026 20:13,19.28,10.97,9.27,19.24,39074.8,44449.5,28.38,25398.63,,,,
1092,7/9/2026 20:23,19.6,10.78,9.12,19.78,39436.4,44291.2,28.31,25633.64,,,,
1093,7/9/2026 20:33,19.73,10.85,9.15,19.74,39931.1,44884.6,28.73,25955.22,,,,
1094,7/9/2026 20:43,20.55,10.35,8.74,20.91,40991.3,44837.9,28.77,26644.33,,,,
1095,7/9/2026 20:53,21.07,10.02,8.47,21.22,41307.3,44873.2,28.82,26849.77,,,,
1096,7/9/2026 21:03,21.45,9.87,8.34,21.54,41577.6,44840.2,28.81,27025.45,,,,
1097,7/9/2026 21:13,21.91,9.35,7.92,22,41790.4,44599,28.67,27163.73,,,,
1098,7/9/2026 21:23,22.18,9.21,7.8,22.26,41884.8,44437.8,28.56,27225.15,,,,
1099,7/9/2026 21:33,22.44,8.88,7.52,22.51,42151.4,44474.5,28.6,27398.43,,,,
1100,7/9/2026 21:43,22.65,8.85,7.5,22.64,42148.2,44350.5,28.52,27396.33,,,,
1101,7/9/2026 21:53,22.88,8.67,7.35,22.88,42294.9,44267.3,28.47,27491.66,,,,
1102,7/9/2026 22:03,23.06,8.46,7.19,23.05,42367,44179.8,28.42,27538.53,,,,
1103,7/9/2026 22:13,23.19,8.33,7.07,23.15,42495.7,44218.2,28.45,27622.23,,,,
1104,7/9/2026 22:23,23.3,8.14,6.92,23.23,42527.4,44167.1,28.42,27642.83,,,,
1105,7/9/2026 22:33,23.39,7.98,6.78,23.38,42593.4,44094.1,28.38,27685.71,,,,
1106,7/9/2026 22:43,23.53,7.66,6.5,23.51,42684.6,44059,28.36,27745.01,,,,
1107,7/9/2026 22:53,23.63,7.53,6.39,23.62,42840.1,44121.8,28.41,27846.09,,,,
1108,7/9/2026 23:03,23.76,7.46,6.34,23.73,42927.8,44100.3,28.4,27903.08,,,,
1109,7/9/2026 23:13,23.89,7.2,6.12,23.88,42890.2,43927.6,28.28,27878.64,,,,
1110,7/9/2026 23:23,23.99,7.12,6.06,23.98,42930.8,43872.6,28.24,27905.03,,,,
1111,7/9/2026 23:33,24.14,6.86,5.84,24.12,42994.5,43801.7,28.2,27946.45,,,,
1112,7/9/2026 23:43,24.23,6.77,5.76,24.23,43061.7,43768.5,28.18,27990.1,,,,
1113,7/9/2026 23:53,24.34,6.5,5.53,24.35,43121.2,43719.2,28.15,28028.77,,,,
1114,7/10/2026 0:03,24.46,6.3,5.36,24.45,43178.4,43679,28.12,28065.98,,,,
1115,7/10/2026 0:13,24.55,6.32,5.39,24.55,43161,43574.7,28.05,28054.63,,,,
1116,7/10/2026 0:23,24.64,6.3,5.37,24.64,43120.2,43452.9,27.97,28028.14,,,,
1117,7/10/2026 0:33,24.72,6.13,5.23,24.71,43156.1,43422.3,27.95,28051.44,,,,
1118,7/10/2026 0:43,24.78,5.92,5.05,24.77,43197.9,43406.2,27.94,28078.65,,,,
1119,7/10/2026 0:53,24.83,5.85,4.99,24.82,43161.7,43325.6,27.89,28055.11,,,,
1120,7/10/2026 1:03,24.89,5.7,4.86,24.86,43168.6,43293.9,27.87,28059.6,,,,
1121,7/10/2026 1:13,24.94,5.68,4.85,24.93,43079.9,43138.9,27.76,28001.93,,,,
1122,7/10/2026 1:23,25.03,5.56,4.75,25.01,43014.5,43002.2,27.66,27959.41,,,,
1123,7/10/2026 1:33,25.09,5.39,4.6,25.07,42961.3,42897.2,27.59,27924.81,,,,
1124,7/10/2026 1:43,25.14,5.25,4.49,25.13,42854.8,42736.6,27.48,27855.64,,,,
1125,7/10/2026 1:53,25.21,5.14,4.4,25.2,42765.8,42591.1,27.37,27797.77,,,,
1126,7/10/2026 2:03,25.24,4.89,4.18,25.23,42681.5,42474.8,27.29,27742.98,,,,
1127,7/10/2026 2:13,25.27,4.61,3.95,25.25,42621.4,42398.9,27.24,27703.91,,,,
1128,7/10/2026 2:23,25.26,4.32,3.7,25.23,42621.1,42414.8,27.25,27703.73,,,,
1129,7/10/2026 2:33,25.14,4.39,3.76,25.09,42460.4,42383.6,27.22,27599.25,,,,
1130,7/10/2026 2:43,25.15,4.58,3.92,25.11,42532.8,42434.3,27.26,27646.31,,,,
1131,7/10/2026 2:53,25.18,4.71,4.04,25.15,42452.6,42319.4,27.18,27594.19,,,,
1132,7/10/2026 3:03,25.26,4.64,3.98,25.23,42489.9,42281.5,27.15,27618.41,,,,
1133,7/10/2026 3:13,25.22,4.89,4.19,25.19,42469.3,42303.9,27.17,27605.07,,,,
1134,7/10/2026 3:23,25.15,5.08,4.35,25.11,42609.5,42513.6,27.32,27696.15,,,,
1135,7/10/2026 3:33,25.09,5.24,4.48,25.04,42666,42626.7,27.39,27732.88,,,,
1136,7/10/2026 3:43,24.83,6.36,5.44,24.7,42467.1,42737.3,27.46,27603.63,,,,
1137,7/10/2026 3:53,24.57,7.42,6.35,24.49,42319.4,42774.3,27.48,27507.59,,,,
1138,7/10/2026 4:03,24.45,7.18,6.13,24.39,42437.7,42987.5,27.63,27584.47,,,,
1139,7/10/2026 4:13,24.31,7.38,6.31,24.24,42277.8,42966.2,27.61,27480.54,,,,
1140,7/10/2026 4:23,24.17,7.33,6.24,24.11,42582.6,43396,27.91,27678.66,,,,
1141,7/10/2026 4:33,24.1,7.12,6.07,24.05,42497.5,43365.3,27.88,27623.4,,,,
1142,7/10/2026 4:43,24.04,7.08,6.03,23.98,42477.3,43406.2,27.91,27610.22,,,,
1143,7/10/2026 4:53,23.99,6.99,5.96,23.95,42325.1,43275.9,27.81,27511.3,,,,
1144,7/10/2026 5:03,23.88,7.35,6.27,23.78,42092.4,43200,27.75,27360.07,,,,
1145,7/10/2026 5:13,23.7,7.53,6.42,23.63,41931.6,43177.7,27.73,27255.55,,,,
1146,7/10/2026 5:23,23.54,7.51,6.41,23.48,41769.7,43148.4,27.7,27150.32,,,,
1147,7/10/2026 5:33,23.37,7.62,6.5,23.29,41584.6,43137.1,27.69,27030.01,,,,
1148,7/10/2026 5:43,23.1,7.78,6.63,22.98,41398.1,43229.1,27.74,26908.79,,,,
1149,7/10/2026 5:53,22.87,7.98,6.79,22.8,41295.7,43298.6,27.78,26842.23,,,,
1150,7/10/2026 6:03,22.76,8.01,6.82,22.7,41107.3,43189.5,27.7,26719.78,,,,
1151,7/10/2026 6:13,22.63,8.16,6.95,22.55,40989.7,43211.5,27.7,26643.29,,,,
1152,7/10/2026 6:23,22.51,8.26,7.03,22.44,40904.3,43227.4,27.71,26587.77,,,,
1153,7/10/2026 6:33,22.46,8.28,7.05,22.43,40803.4,43129.4,27.64,26522.22,,,,
1154,7/10/2026 6:43,22.46,8.28,7.06,22.42,40764.9,43097.3,27.62,26497.2,,,,
1155,7/10/2026 6:53,22.36,8.36,7.12,22.28,40739.4,43211,27.69,26480.59,,,,
1156,7/10/2026 7:03,22.17,8.43,7.18,22.1,40589.1,43224.4,27.69,26382.91,,,,
1157,7/10/2026 7:13,21.96,8.54,7.27,21.87,40281.8,43116.2,27.6,26183.19,,,,
1158,7/10/2026 7:23,21.68,8.67,7.38,21.57,40090.8,43198.8,27.64,26059.04,,,,
1159,7/10/2026 7:33,20.96,9.12,7.75,20.67,39683.1,43651.9,27.91,25794,,,,
1160,7/10/2026 7:43,20.36,9.53,8.07,20.24,39576.2,43966.8,28.11,25724.52,,,,
1161,7/10/2026 7:53,20.16,9.54,8.08,20.07,39521.4,44089.6,28.18,25688.88,,,,
1162,7/10/2026 8:03,19.91,9.68,8.2,19.86,39396.9,44160.1,28.22,25607.96,,,,
1163,7/10/2026 8:13,20,9.54,8.07,19.92,39469.6,44179.7,28.24,25655.26,,,,
1164,7/10/2026 8:23,19.71,9.65,8.16,19.65,39236.9,44206.8,28.24,25504,,,,
1165,7/10/2026 8:33,20.15,9.62,8.15,20.08,39469.7,44019.7,28.13,25655.27,,,,
1166,7/10/2026 8:43,20.31,9.61,8.15,20.28,39530.4,43879.4,28.05,25694.77,,,,
1167,7/10/2026 8:53,20.71,9.39,7.97,20.74,39799.9,43708.2,27.96,25869.92,,,,
1168,7/10/2026 9:03,21.1,9.14,7.77,21.2,40113.3,43587.9,27.9,26073.63,,,,
1169,7/10/2026 9:13,21.75,8.89,7.57,21.88,40226.3,43048,27.55,26147.07,,,,
1170,7/10/2026 9:23,22.26,8.75,7.46,22.28,40558.4,43013.3,27.55,26362.95,,,,
1171,7/10/2026 9:33,22.4,8.67,7.4,22.41,40628.6,42967.4,27.52,26408.56,,,,
1172,7/10/2026 9:43,22.47,8.65,7.38,22.46,40706,43003.6,27.55,26458.91,,,,
1173,7/10/2026 9:53,22.5,8.6,7.33,22.43,40725.8,43053.1,27.58,26471.78,,,,
1174,7/10/2026 10:03,22.54,8.61,7.35,22.58,40639.3,42813.7,27.42,26415.56,,,,
1175,7/10/2026 10:13,22.71,8.56,7.31,22.69,40741.5,42816.4,27.43,26481.97,,,,
1176,7/10/2026 10:23,22.87,8.58,7.33,22.93,40916.1,42773.6,27.41,26595.48,,,,
1177,7/10/2026 10:33,23.17,8.53,7.28,23.19,41358.1,42992.1,27.58,26882.77,,,,
1178,7/10/2026 10:43,23.34,8.46,7.21,23.37,41737,43213.2,27.74,27129.06,,,,
1179,7/10/2026 10:53,23.5,8.44,7.2,23.5,41756.5,43112.3,27.68,27141.7,,,,
1180,7/10/2026 11:03,23.68,8.37,7.14,23.66,41924.5,43139.5,27.7,27250.91,,,,
1181,7/10/2026 11:13,23.84,8.27,7.06,23.85,41978.4,43016,27.62,27285.96,,,,
1182,7/10/2026 11:23,24.06,8.16,6.97,24.09,42173.4,42998.5,27.62,27412.72,,,,
1183,7/10/2026 11:33,24.25,8.05,6.88,24.28,42356.5,43007.4,27.64,27531.71,,,,
1184,7/10/2026 11:43,24.47,7.96,6.8,24.45,42388,42887.7,27.56,27552.2,,,,
1185,7/10/2026 11:53,24.63,7.89,6.75,24.63,42431.6,42767.1,27.48,27580.51,,,,
1186,7/10/2026 12:03,24.85,7.8,6.67,24.85,42516.5,42653.4,27.41,27635.72,,,,
1187,7/10/2026 12:13,25.04,7.77,6.65,25.05,42659.6,42614.9,27.39,27728.72,,,,
1188,7/10/2026 12:23,25.19,7.71,6.61,25.2,42610,42435.9,27.26,27696.48,,,,
1189,7/10/2026 12:33,25.33,7.67,6.57,25.38,42842.2,42505.4,27.32,27847.41,,,,
1190,7/10/2026 12:43,25.46,7.7,6.6,25.49,42714,42276.6,27.16,27764.08,,,,
1191,7/10/2026 12:53,25.58,7.73,6.63,25.58,42787.9,42269.8,27.16,27812.15,,,,
1192,7/10/2026 13:03,25.69,7.72,6.63,25.7,42747.9,42129.3,27.06,27786.11,,,,
1193,7/10/2026 13:13,25.81,7.74,6.64,25.83,42837.6,42103.8,27.05,27844.47,,,,
1194,7/10/2026 13:23,25.97,7.68,6.6,26,42863.6,41979,26.96,27861.36,,,,
1195,7/10/2026 13:33,26.15,7.67,6.59,26.15,42839.2,41826.7,26.86,27845.47,,,,
1196,7/10/2026 13:43,26.25,7.61,6.54,26.28,42833.9,41714.5,26.78,27842.01,,,,
1197,7/10/2026 13:53,26.36,7.4,6.37,26.37,42773.3,41577.7,26.69,27802.67,,,,
1198,7/10/2026 14:03,26.52,7.32,6.3,26.5,42828.2,41522.3,26.65,27838.31,,,,
1199,7/10/2026 14:13,26.6,7.25,6.24,26.6,42793.9,41401.5,26.57,27816.04,,,,
1200,7/10/2026 14:23,26.91,7.27,6.26,26.92,43160.8,41490.7,26.64,28054.5,,,,
1201,7/10/2026 14:33,26.86,7.73,6.66,26.9,43237.1,41576.9,26.7,28104.11,,,,
1202,7/10/2026 14:43,26.75,7.55,6.5,26.67,42861.9,41405.5,26.57,27860.21,,,,
1203,7/10/2026 14:53,26.64,7.38,6.36,26.57,42678.6,41313.1,26.51,27741.12,,,,
1204,7/10/2026 15:03,26.5,7.32,6.3,26.47,42667.4,41389.6,26.56,27733.84,,,,
1205,7/10/2026 15:13,26.52,7.53,6.49,26.49,42698.8,41407.2,26.57,27754.23,,,,
1206,7/10/2026 15:23,26.48,7.63,6.57,26.45,42707.9,41446.9,26.6,27760.12,,,,
1207,7/10/2026 15:33,26.22,8.05,6.93,26.02,42347.2,41462.9,26.6,27525.7,,,,
1208,7/10/2026 15:43,25.93,8.5,7.31,25.94,42340,41523.4,26.64,27521,,,,
1209,7/10/2026 15:53,26.12,8.53,7.34,26.12,42340,41365.1,26.53,27521,,,,
1210,7/10/2026 16:03,25.78,8.64,7.43,25.66,42173.6,41600,26.68,27412.87,,,,
1211,7/10/2026 16:13,25.62,8.87,7.63,25.64,42161.8,41604.1,26.68,27405.19,,,,
1212,7/10/2026 16:23,25.9,8.9,7.65,25.93,42413.8,41598.4,26.69,27568.95,,,,
1213,7/10/2026 16:33,25.89,8.87,7.63,25.82,42547.7,41826.8,26.85,27656.02,,,,
1214,7/10/2026 16:43,25.69,8.8,7.56,25.6,42359.5,41830.7,26.84,27533.65,,,,
1215,7/10/2026 16:53,25.29,8.74,7.5,25.14,41993.9,41872.8,26.86,27296.02,,,,
1216,7/10/2026 17:03,24.69,8.91,7.64,24.56,41729.4,42116,27.01,27124.12,,,,
1217,7/10/2026 17:13,24.5,9.01,7.72,24.45,41547.6,42037.4,26.95,27005.93,,,,
1218,7/10/2026 17:23,24.4,9.03,7.74,24.32,41538.4,42141.5,27.02,26999.94,,,,
1219,7/10/2026 17:33,24.16,9.11,7.81,24.07,41366,42194.3,27.05,26887.87,,,,
1220,7/10/2026 17:43,23.86,9.2,7.88,23.74,41150.7,42266.4,27.08,26747.95,,,,
1221,7/10/2026 17:53,23.67,9.3,7.96,23.62,40923.7,42145.3,26.99,26600.41,,,,
1222,7/10/2026 18:03,23.54,9.31,7.98,23.48,40732.4,42079.6,26.94,26476.04,,,,
1223,7/10/2026 18:13,23.49,9.34,8,23.43,40620.5,42002.3,26.88,26403.3,,,,
1224,7/10/2026 18:23,23.32,9.41,8.06,23.21,40438.6,42014.3,26.88,26285.1,,,,
1225,7/10/2026 18:33,23.07,9.48,8.12,22.97,40180.3,41971.2,26.84,26117.18,,,,
1226,7/10/2026 18:43,22.76,9.59,8.21,22.66,40045.9,42118.7,26.93,26029.8,,,,
1227,7/10/2026 18:53,22.5,9.7,8.3,22.42,39940.2,42231.1,27,25961.13,,,,
1228,7/10/2026 19:03,22.27,9.87,8.44,22.14,39742.1,42280,27.02,25832.39,,,,
1229,7/10/2026 19:13,21.75,10.21,8.72,21.62,39415.2,42427.7,27.1,25619.85,,,,
1230,7/10/2026 19:23,21.1,10.72,9.14,20.93,38940.5,42580.1,27.17,25311.34,,,,
1231,7/10/2026 19:33,20.75,10.91,9.3,20.64,38801.3,42708.4,27.24,25220.84,,,,
1232,7/10/2026 19:43,20.52,11.01,9.39,20.41,38505.2,42617.2,27.16,25028.4,,,,
1233,7/10/2026 19:53,20.36,11.05,9.42,20.28,38403.2,42631.2,27.16,24962.1,,,,
1234,7/10/2026 20:03,20.22,11.09,9.45,20.16,38305.1,42634.6,27.16,24898.3,,,,
1235,7/10/2026 20:13,20.16,11.08,9.44,20.09,38215.6,42606.2,27.13,24840.12,,,,
1236,7/10/2026 20:23,20.09,11.07,9.43,20.02,38115.3,42565.5,27.1,24774.93,,,,
1237,7/10/2026 20:33,19.99,10.97,9.36,19.94,37927.3,42441.5,27.01,24652.74,,,,
1238,7/10/2026 20:43,19.93,10.88,9.27,19.89,37990.3,42556.6,27.09,24693.72,,,,
1239,7/10/2026 20:53,19.86,10.67,9.09,19.85,37997.9,42609.9,27.12,24698.66,,,,
1240,7/10/2026 21:03,19.84,10.93,9.31,19.8,38020.5,42683.1,27.17,24713.36,,,,
1241,7/10/2026 21:13,19.84,11.05,9.41,19.8,37963.8,42616.5,27.12,24676.5,,,,
1242,7/10/2026 21:23,20.06,10.99,9.37,20.03,38113,42551.1,27.09,24773.45,,,,
1243,7/10/2026 21:33,20.82,10.34,8.82,20.94,39025.8,42664.6,27.23,25366.79,,,,
1244,7/10/2026 21:43,21.24,9.99,8.51,21.35,39718.5,43018.4,27.5,25817.02,,,,
1245,7/10/2026 21:53,21.15,10.17,8.63,21.01,40070.4,43734.8,27.99,26045.78,,,,
1246,7/10/2026 22:03,21.38,9.6,8.16,21.5,40399.9,43608.4,27.93,26259.9,,,,
1247,7/10/2026 22:13,21.89,8.98,7.64,21.98,40626.1,43376.9,27.79,26406.97,,,,
1248,7/10/2026 22:23,22.1,8.72,7.42,22.18,40778.2,43344.6,27.78,26505.8,,,,
1249,7/10/2026 22:33,22.43,8.4,7.16,22.49,40943.1,43225.4,27.71,26613.02,,,,
1250,7/10/2026 22:43,22.8,8.14,6.94,22.84,41125.8,43083.5,27.63,26731.75,,,,
1251,7/10/2026 22:53,23.05,7.81,6.65,23.06,41362.2,43123.5,27.67,26885.44,,,,
1252,7/10/2026 23:03,23.23,7.59,6.47,23.23,41531.6,43132.9,27.68,26995.56,,,,
1253,7/10/2026 23:13,23.37,7.36,6.28,23.39,41558.3,43017,27.6,27012.91,,,,
1254,7/10/2026 23:23,23.46,7.22,6.16,23.44,41675.9,43088,27.66,27089.31,,,,
1255,7/10/2026 23:33,23.58,6.97,5.95,23.6,41729.9,42992.4,27.6,27124.46,,,,
1256,7/10/2026 23:43,23.66,6.89,5.88,23.61,41690.8,42943.6,27.56,27098.99,,,,
1257,7/10/2026 23:53,23.73,6.64,5.67,23.69,41789.2,42966.8,27.58,27162.95,,,,
1258,7/11/2026 0:03,23.84,6.03,5.15,23.85,42003.6,43041.8,27.64,27302.35,,,,
1259,7/11/2026 0:13,23.93,6.18,5.28,23.91,41935,42918.7,27.56,27257.74,,,,
1260,7/11/2026 0:23,23.99,5.85,4.99,23.97,41996.3,42923.1,27.56,27297.58,,,,
1261,7/11/2026 0:33,24.08,5.7,4.87,24.07,42028.2,42864.2,27.53,27318.33,,,,
1262,7/11/2026 0:43,24.2,5.45,4.66,24.2,42051.7,42766.7,27.46,27333.61,,,,
1263,7/11/2026 0:53,24.31,5.22,4.46,24.3,42091.8,42722.3,27.43,27359.7,,,,
1264,7/11/2026 1:03,24.4,5.15,4.4,24.4,42113.5,42648.3,27.38,27373.79,,,,
1265,7/11/2026 1:13,24.47,5.04,4.31,24.5,42138.5,42588.8,27.35,27390.02,,,,
1266,7/11/2026 1:23,24.55,4.95,4.24,24.55,42068.8,42472,27.26,27344.69,,,,
1267,7/11/2026 1:33,24.62,4.89,4.19,24.61,42077.8,42421.4,27.23,27350.56,,,,
1268,7/11/2026 1:43,24.7,4.77,4.09,24.7,42037,42301.8,27.15,27324.05,,,,
1269,7/11/2026 1:53,24.78,4.6,3.94,24.75,42015.4,42236.9,27.1,27310.02,,,,
1270,7/11/2026 2:03,24.84,4.47,3.83,24.84,41997.5,42135.5,27.04,27298.4,,,,
1271,7/11/2026 2:13,24.92,4.36,3.74,24.91,41974.1,42050.3,26.98,27283.17,,,,
1272,7/11/2026 2:23,24.98,4.22,3.62,24.97,41913.1,41938.5,26.9,27243.52,,,,
1273,7/11/2026 2:33,25.03,4.09,3.51,25.02,41817.1,41797.2,26.8,27181.08,,,,
1274,7/11/2026 2:43,25.08,3.95,3.39,25.07,41738.8,41681.9,26.72,27130.25,,,,
1275,7/11/2026 2:53,25.12,3.8,3.27,25.11,41661.7,41567.9,26.64,27080.09,,,,
1276,7/11/2026 3:03,25.16,3.72,3.2,25.16,41614.4,41476,26.58,27049.38,,,,
1277,7/11/2026 3:13,25.18,3.59,3.09,25.19,41395.8,41229.3,26.4,26907.27,,,,
1278,7/11/2026 3:23,25.17,3.36,2.89,24.92,41424.6,41492,26.58,26926.02,,,,
1279,7/11/2026 3:33,24.94,3.02,2.6,24.87,41237.7,41352,26.48,26804.48,,,,
1280,7/11/2026 3:43,25.01,2.88,2.48,25,41322.9,41321.6,26.46,26859.88,,,,
1281,7/11/2026 3:53,25.01,3.12,2.68,24.96,41438.4,41476.6,26.57,26934.93,,,,
1282,7/11/2026 4:03,25.06,3.21,2.76,25.05,41373.7,41327.8,26.47,26892.92,,,,
1283,7/11/2026 4:13,25.18,3.15,2.71,25.16,41303.2,41163.2,26.35,26847.07,,,,
1284,7/11/2026 4:23,25.16,3.4,2.93,25.11,41367.3,41268.9,26.43,26888.72,,,,
1285,7/11/2026 4:33,25.11,3.5,3.01,25.07,41389.8,41328.1,26.47,26903.37,,,,
1286,7/11/2026 4:43,25.06,3.68,3.17,25.01,41503.1,41496.5,26.59,26977.01,,,,
1287,7/11/2026 4:53,24.85,5.48,4.71,24.78,41210.9,41404.3,26.51,26787.08,,,,
1288,7/11/2026 5:03,24.78,5.69,4.89,24.73,41181.6,41414.5,26.52,26768.01,,,,
1289,7/11/2026 5:13,24.77,5.86,5.04,24.7,41245.5,41502.6,26.58,26809.57,,,,
1290,7/11/2026 5:23,24.62,6.14,5.27,24.54,41411.7,41816.7,26.8,26917.58,,,,
1291,7/11/2026 5:33,24.46,5.88,5.05,24.41,41349.4,41871.8,26.83,26877.14,,,,
1292,7/11/2026 5:43,24.31,5.73,4.92,24.23,41303.2,41978.4,26.9,26847.06,,,,
1293,7/11/2026 5:53,24.14,5.7,4.89,24.07,41209.2,42026.3,26.93,26786.01,,,,
1294,7/11/2026 6:03,24.07,5.74,4.93,24.01,41040,41910.5,26.84,26675.99,,,,
1295,7/11/2026 6:13,23.99,6.11,5.23,23.92,41018.6,41967.2,26.88,26662.11,,,,
1296,7/11/2026 6:23,23.85,6.49,5.56,23.79,40701.9,41759.3,26.73,26456.22,,,,
1297,7/11/2026 6:33,23.72,6.5,5.58,23.64,40511.2,41698.9,26.68,26332.3,,,,
1298,7/11/2026 6:43,23.52,6.53,5.6,23.42,40379.3,41766.6,26.72,26246.57,,,,
1299,7/11/2026 6:53,23.29,6.8,5.83,23.21,40361.6,41937,26.83,26235.02,,,,
1300,7/11/2026 7:03,23.16,7,6,23.1,40187.8,41860.6,26.77,26122.09,,,,
1301,7/11/2026 7:13,23.05,7.19,6.15,22.97,40281.5,42074.2,26.91,26182.99,,,,
1302,7/11/2026 7:23,22.94,7.37,6.32,22.88,39870.2,41732.4,26.67,25915.66,,,,
1303,7/11/2026 7:33,22.85,7.41,6.35,22.8,39820.8,41749.4,26.68,25883.49,,,,
1304,7/11/2026 7:43,22.77,7.4,6.35,22.73,39363.5,41338.1,26.38,25586.26,,,,
1305,7/11/2026 7:53,22.75,7.5,6.45,22.7,39021.7,41000.9,26.14,25364.13,,,,
1306,7/11/2026 8:03,22.63,7.59,6.53,22.56,38932.7,41032.1,26.16,25306.26,,,,
1307,7/11/2026 8:13,22.42,7.83,6.74,22.32,38539.3,40839.3,26.01,25050.51,,,,
1308,7/11/2026 8:23,22.2,7.95,6.84,22.11,38307.3,40778.1,25.95,24899.75,,,,
1309,7/11/2026 8:33,21.92,8.24,7.08,21.8,38405.4,41168.5,26.22,24963.51,,,,
1310,7/11/2026 8:43,21.57,8.48,7.28,21.4,38151.7,41268.2,26.26,24798.62,,,,
1311,7/11/2026 8:53,20.99,8.9,7.63,20.77,37647.4,41318.8,26.27,24470.82,,,,
1312,7/11/2026 9:03,20.53,8.98,7.7,20.45,37474.7,41433.7,26.33,24358.58,,,,
1313,7/11/2026 9:13,20.47,9.01,7.72,20.42,37408.2,41388.7,26.29,24315.31,,,,
1314,7/11/2026 9:23,20.63,9.22,7.91,20.65,37544.4,41316.4,26.26,24403.83,,,,
1315,7/11/2026 9:33,20.54,9.38,8.04,20.42,37251.1,41217.8,26.17,24213.22,,,,
1316,7/11/2026 9:43,20.5,9.53,8.17,20.45,37367.5,41317.9,26.25,24288.86,,,,
1317,7/11/2026 9:53,20.92,9.15,7.85,21.07,37680.8,41067.7,26.11,24492.53,,,,
1318,7/11/2026 10:03,21.48,8.82,7.59,21.57,37798.8,40729.1,25.89,24569.23,,,,
1319,7/11/2026 10:13,21.87,8.6,7.43,21.9,37185.6,39772.7,25.24,24170.62,,,,
1320,7/11/2026 10:23,22.17,8.47,7.31,22.23,37735.4,40062.1,25.46,24528,,,,
1321,7/11/2026 10:33,22.43,8.34,7.19,22.44,37901.8,40057.1,25.46,24636.19,,,,
1322,7/11/2026 10:43,22.62,8.21,7.09,22.63,38120.4,40120.1,25.51,24778.25,,,,
1323,7/11/2026 10:53,22.77,8.1,6.99,22.79,38264.1,40122.6,25.52,24871.68,,,,
1324,7/11/2026 11:03,22.89,8.02,6.92,22.85,38304.3,40114.5,25.52,24897.78,,,,
1325,7/11/2026 11:13,23.09,8.03,6.94,23.14,38359.4,39919.4,25.39,24933.58,,,,
1326,7/11/2026 11:23,23.24,8.02,6.89,23.25,39896.4,41421.1,26.46,25932.64,,,,
1327,7/11/2026 11:33,23.41,8,6.86,23.39,40517.5,41931.4,26.83,26336.38,,,,
1328,7/11/2026 11:43,23.55,7.97,6.82,23.55,40872.6,42152.9,27,26567.16,,,,
1329,7/11/2026 11:53,23.69,7.91,6.77,23.7,40918.5,42066.1,26.94,26597.04,,,,
1330,7/11/2026 12:03,23.9,7.82,6.7,23.91,41147.8,42110.3,26.98,26746.04,,,,
1331,7/11/2026 12:13,24.1,7.73,6.62,24.12,41434.1,42214.8,27.06,26932.2,,,,
1332,7/11/2026 12:23,24.3,7.63,6.54,24.32,41596.9,42203.6,27.06,27037.96,,,,
1333,7/11/2026 12:33,24.49,7.55,6.48,24.5,41592,42033.8,26.95,27034.8,,,,
1334,7/11/2026 12:43,24.68,7.47,6.4,24.7,41889.3,42155.8,27.04,27228.02,,,,
1335,7/11/2026 12:53,24.86,7.38,6.33,24.87,42012.1,42123.2,27.03,27307.84,,,,
1336,7/11/2026 13:03,25.05,7.27,6.24,25.05,42254.4,42207.4,27.09,27465.33,,,,
1337,7/11/2026 13:13,25.24,7.24,6.21,25.26,42186,41960.5,26.93,27420.92,,,,
1338,7/11/2026 13:23,25.38,7.18,6.16,25.41,42522.2,42156,27.07,27639.46,,,,
1339,7/11/2026 13:33,25.53,7.14,6.13,25.54,42529.4,42051.6,27,27644.14,,,,
1340,7/11/2026 13:43,25.67,7.15,6.14,25.67,42472.2,41878.7,26.88,27606.92,,,,
1341,7/11/2026 13:53,25.81,7.17,6.16,25.81,42551.7,41838.6,26.86,27658.6,,,,
1342,7/11/2026 14:03,25.92,7.2,6.19,25.93,42828.8,42008,26.98,27838.7,,,,
1343,7/11/2026 14:13,26.08,7.15,6.15,26.06,42853.1,41916.2,26.92,27854.53,,,,
1344,7/11/2026 14:23,26.17,7.12,6.12,26.13,42908.4,41910,26.92,27890.48,,,,
1345,7/11/2026 14:33,26.26,7.07,6.08,26.23,42787.7,41711.2,26.78,27812,,,,
1346,7/11/2026 14:43,26.35,7.15,6.15,26.32,42877.2,41720.3,26.79,27870.18,,,,
1347,7/11/2026 14:53,26.43,7.03,6.05,26.4,42788.8,41566.8,26.68,27812.71,,,,
1348,7/11/2026 15:03,26.53,7.08,6.09,26.55,43020.6,41667.3,26.76,27963.37,,,,
1349,7/11/2026 15:13,26.55,6.77,5.82,26.52,42854.1,41531.9,26.66,27855.14,,,,
1350,7/11/2026 15:23,26.84,6.73,5.79,26.86,43279.4,41653.7,26.76,28131.63,,,,
1351,7/11/2026 15:33,26.74,6.68,5.75,26.68,42958.8,41493.9,26.64,27923.19,,,,
1352,7/11/2026 15:43,26.77,7.04,6.06,26.73,43073.8,41566.4,26.69,27997.98,,,,
1353,7/11/2026 15:53,26.6,6.84,5.89,26.57,42774.7,41406.1,26.57,27803.56,,,,
1354,7/11/2026 16:03,26.57,6.84,5.89,26.52,42767.6,41443,26.6,27798.96,,,,
1355,7/11/2026 16:13,26.5,6.96,5.99,26.47,42700.6,41424.4,26.58,27755.42,,,,
1356,7/11/2026 16:23,26.43,6.91,5.95,26.39,42631.4,41419.1,26.58,27710.42,,,,
1357,7/11/2026 16:33,26.33,7.07,6.08,26.26,42507.3,41411.9,26.57,27629.71,,,,
1358,7/11/2026 16:43,26.09,7.84,6.75,26.06,42386.1,41459.4,26.59,27550.98,,,,
1359,7/11/2026 16:53,26.17,7.91,6.81,26.16,42474,41467.5,26.6,27608.12,,,,
1360,7/11/2026 17:03,26.01,8.04,6.92,25.92,42346.8,41543.1,26.65,27525.42,,,,
1361,7/11/2026 17:13,25.83,8.23,7.08,25.82,42341.6,41626.7,26.71,27522.02,,,,
1362,7/11/2026 17:23,25.94,8.26,7.1,25.96,42527.2,41686.1,26.75,27642.66,,,,
1363,7/11/2026 17:33,26,8.21,7.06,25.94,42620.6,41796,26.83,27703.38,,,,
1364,7/11/2026 17:43,25.82,8.1,6.97,25.72,42392.4,41757.9,26.8,27555.04,,,,
1365,7/11/2026 17:53,25.52,8.09,6.95,25.42,42153.7,41788,26.81,27399.91,,,,
1366,7/11/2026 18:03,25.04,8.4,7.21,24.88,41893,41998.5,26.94,27230.44,,,,
1367,7/11/2026 18:13,24.74,8.52,7.31,24.65,41706.3,42017.3,26.94,27109.1,,,,
1368,7/11/2026 18:23,24.53,8.62,7.4,24.45,41323.3,41807.8,26.79,26860.16,,,,
1369,7/11/2026 18:33,24.37,8.68,7.45,24.29,40989,41608.3,26.64,26642.86,,,,
1370,7/11/2026 18:43,24.16,8.78,7.54,24.08,40908.6,41711.5,26.7,26590.56,,,,
1371,7/11/2026 18:53,23.99,8.86,7.61,23.94,40791.2,41723.8,26.71,26514.29,,,,
1372,7/11/2026 19:03,23.99,8.9,7.64,23.95,40787.6,41703.9,26.69,26511.97,,,,
1373,7/11/2026 19:13,23.9,8.89,7.63,23.83,40625.3,41645.7,26.65,26406.47,,,,
1374,7/11/2026 19:23,23.69,9,7.72,23.59,40418.8,41655.1,26.64,26272.19,,,,
1375,7/11/2026 19:33,23.43,9.14,7.84,23.32,40204.7,41675.7,26.65,26133.02,,,,
1376,7/11/2026 19:43,23.12,9.23,7.92,23.02,39878.1,41611.7,26.59,25920.77,,,,
1377,7/11/2026 19:53,22.82,9.52,8.16,22.66,39726.7,41780.3,26.69,25822.34,,,,
1378,7/11/2026 20:03,22.08,10.1,8.64,21.87,39309.2,42072.2,26.86,25550.96,,,,
1379,7/11/2026 20:13,21.49,10.54,9.02,21.31,38750.5,42004.2,26.78,25187.84,,,,
1380,7/11/2026 20:23,21.06,10.81,9.24,20.9,38403.7,42021.9,26.77,24962.42,,,,
1381,7/11/2026 20:33,20.74,10.8,9.22,20.67,38405.6,42249.6,26.92,24963.67,,,,
1382,7/11/2026 20:43,20.54,10.74,9.16,20.45,38341.2,42391.6,27,24921.78,,,,
1383,7/11/2026 20:53,20.35,10.8,9.2,20.27,38492.7,42739.3,27.24,25020.23,,,,
1384,7/11/2026 21:03,20.26,10.73,9.14,20.21,38468.4,42765.8,27.25,25004.45,,,,
1385,7/11/2026 21:13,20.2,10.73,9.14,20.13,38463.6,42843.9,27.3,25001.35,,,,
1386,7/11/2026 21:23,20.12,10.74,9.15,20.04,38341.5,42797.2,27.27,24921.97,,,,
1387,7/11/2026 21:33,20.06,10.67,9.08,20.01,38442.6,42943.1,27.37,24987.71,,,,
1388,7/11/2026 21:43,20.05,10.63,9.05,20.01,38322.4,42811.8,27.27,24909.58,,,,
1389,7/11/2026 21:53,20.08,10.17,8.66,20.02,38535.1,43031.4,27.43,25047.83,,,,
1390,7/11/2026 22:03,20.06,10.39,8.84,20.01,38378.7,42871.7,27.32,24946.16,,,,
1391,7/11/2026 22:13,20.05,10.64,9.06,19.99,38434.1,42948.5,27.37,24982.14,,,,
1392,7/11/2026 22:23,20.37,10.46,8.9,20.27,38637.1,42893.8,27.35,25114.12,,,,
1393,7/11/2026 22:33,20.64,10.07,8.57,20.75,39158.8,42998.3,27.45,25453.21,,,,
1394,7/11/2026 22:43,20.97,9.86,8.39,20.94,39545.8,43230.1,27.63,25704.79,,,,
1395,7/11/2026 22:53,20.95,9.86,8.38,20.9,39496.9,43218.1,27.62,25673.01,,,,
1396,7/11/2026 23:03,21.18,9.3,7.92,21.3,39784.6,43133.9,27.58,25860.01,,,,
1397,7/11/2026 23:13,21.57,8.92,7.59,21.61,40147.9,43222.4,27.66,26096.17,,,,
1398,7/11/2026 23:23,21.89,8.59,7.32,21.86,40251.1,43094.8,27.58,26163.22,,,,
1399,7/11/2026 23:33,22.2,8.15,6.95,22.27,40512.7,42979.2,27.52,26333.27,,,,
1400,7/11/2026 23:43,22.45,7.96,6.79,22.46,40637.1,42922.3,27.49,26414.15,,,,
1401,7/11/2026 23:53,22.68,7.69,6.57,22.63,40657,42784.2,27.4,26427.07,,,,
1402,7/12/2026 0:03,22.9,7.29,6.23,22.94,40947.4,42795,27.43,26615.8,,,,
1403,7/12/2026 0:13,22.99,7.02,5.99,22.98,40989.7,42802.6,27.43,26643.29,,,,
1404,7/12/2026 0:23,23.1,6.77,5.78,23.1,40956.7,42655.9,27.33,26621.86,,,,
1405,7/12/2026 0:33,23.23,6.17,5.28,23.22,41015.3,42605.1,27.3,26659.95,,,,
1406,7/12/2026 0:43,23.31,6.35,5.43,23.31,40993.2,42504.2,27.24,26645.6,,,,
1407,7/12/2026 0:53,23.34,6.14,5.25,23.32,40934,42431.7,27.18,26607.1,,,,
1408,7/12/2026 1:03,23.38,5.8,4.96,23.37,41002.8,42455.8,27.2,26651.84,,,,
1409,7/12/2026 1:13,23.42,5.78,4.94,23.38,41019.3,42461.8,27.21,26662.53,,,,
1410,7/12/2026 1:23,23.45,5.51,4.71,23.45,41085.5,42469.3,27.22,26705.57,,,,
1411,7/12/2026 1:33,23.53,5.36,4.59,23.57,41051.7,42326.7,27.12,26683.58,,,,
1412,7/12/2026 1:43,23.57,5.09,4.36,23.52,40989.5,42306.6,27.1,26643.2,,,,
1413,7/12/2026 1:53,23.66,4.98,4.27,23.66,40788.6,41970.7,26.87,26512.56,,,,
1414,7/12/2026 2:03,23.72,4.84,4.15,23.74,40872.9,41986.5,26.89,26567.41,,,,
1415,7/12/2026 2:13,23.83,4.71,4.04,23.79,40670.2,41726.8,26.7,26435.61,,,,
1416,7/12/2026 2:23,23.88,4.64,3.99,23.87,40579.4,41568.9,26.59,26376.61,,,,
1417,7/12/2026 2:33,23.94,4.62,3.97,23.95,40474,41388.6,26.47,26308.08,,,,
1418,7/12/2026 2:43,23.99,4.52,3.89,23.97,40536,41433.2,26.5,26348.37,,,,
1419,7/12/2026 2:53,24.03,4.41,3.79,24,40451.9,41315.2,26.42,26293.72,,,,
1420,7/12/2026 3:03,24.06,4.27,3.67,24.03,40608.3,41450.9,26.52,26395.4,,,,
1421,7/12/2026 3:13,24.08,4.13,3.55,24.04,40599.5,41436.5,26.51,26389.67,,,,
1422,7/12/2026 3:23,24.1,4,3.44,24.06,40494.3,41310.5,26.42,26321.32,,,,
1423,7/12/2026 3:33,24.14,3.86,3.33,24.12,40361.5,41124.5,26.29,26234.96,,,,
1424,7/12/2026 3:43,24.12,3.68,3.17,24.09,40292.4,41080.7,26.26,26190.08,,,,
1425,7/12/2026 3:53,24.11,3.57,3.07,24.05,40185.6,41003.5,26.2,26120.67,,,,
1426,7/12/2026 4:03,24.14,3.49,3.01,24.17,39999.7,40706.1,25.99,25999.83,,,,
1427,7/12/2026 4:13,24.12,3.36,2.89,24.14,40129.6,40864.6,26.1,26084.26,,,,
1428,7/12/2026 4:23,23.92,2.91,2.51,23.87,40020.5,40993.8,26.19,26013.34,,,,
1429,7/12/2026 4:33,23.95,2.69,2.32,23.9,39915.1,40856.7,26.09,25944.81,,,,
1430,7/12/2026 4:43,23.97,2.51,2.16,23.93,39785.1,40702.6,25.98,25860.33,,,,
1431,7/12/2026 4:53,24.01,2.62,2.26,23.97,39662.3,40540.2,25.87,25780.49,,,,
1432,7/12/2026 5:03,23.98,2.9,2.5,23.94,39503.2,40398.4,25.77,25677.06,,,,
1433,7/12/2026 5:13,24.05,2.8,2.41,24.03,39683.6,40509.6,25.85,25794.32,,,,
1434,7/12/2026 5:23,24.11,2.85,2.46,24.08,39643.6,40421.8,25.79,25768.36,,,,
1435,7/12/2026 5:33,24.12,3.1,2.67,24.08,39698.8,40480.7,25.83,25804.24,,,,
1436,7/12/2026 5:43,24.12,3.1,2.68,24.08,39472.9,40247.7,25.66,25657.38,,,,
1437,7/12/2026 5:53,24.13,3.6,3.11,24.11,39775.9,40530.5,25.87,25854.31,,,,
1438,7/12/2026 6:03,24.08,4.81,4.15,24.09,39800.3,40578.9,25.9,25870.2,,,,
1439,7/12/2026 6:13,24.2,5.15,4.44,24.19,39841.7,40534.8,25.87,25897.08,,,,
1440,7/12/2026 6:23,24.17,5.31,4.58,24.12,39742.5,40493.9,25.84,25832.62,,,,
1441,7/12/2026 6:33,24.06,5.39,4.65,24.02,39689.9,40523.9,25.86,25798.41,,,,
1442,7/12/2026 6:43,23.99,5.49,4.73,23.93,39788.3,40703.2,25.98,25862.41,,,,
1443,7/12/2026 6:53,23.87,5.48,4.72,23.8,39766.8,40794.6,26.04,25848.41,,,,
1444,7/12/2026 7:03,23.72,5.7,4.91,23.63,39536.9,40703.8,25.97,25698.96,,,,
1445,7/12/2026 7:13,23.61,5.69,4.91,23.56,39285,40510.4,25.83,25535.26,,,,
1446,7/12/2026 7:23,23.59,6.06,5.22,23.55,39342.5,40580.2,25.88,25572.63,,,,
1447,7/12/2026 7:33,23.54,5.97,5.15,23.49,39110.1,40393.1,25.74,25421.55,,,,
1448,7/12/2026 7:43,23.42,5.89,5.08,23.34,38927,40335.5,25.7,25302.57,,,,
1449,7/12/2026 7:53,23.24,6.11,5.26,23.18,39245.4,40806.7,26.02,25509.53,,,,
1450,7/12/2026 8:03,23.15,6.47,5.57,23.09,39293.9,40932.2,26.11,25541.03,,,,
1451,7/12/2026 8:13,23.07,6.64,5.71,23.03,38998.6,40686,25.93,25349.08,,,,
1452,7/12/2026 8:23,22.98,6.82,5.87,22.94,38908.5,40672.1,25.92,25290.52,,,,
1453,7/12/2026 8:33,22.93,6.97,6,22.87,38866.7,40687.4,25.93,25263.38,,,,
1454,7/12/2026 8:43,22.81,7.06,6.09,22.75,38125.8,40017.2,25.45,24781.78,,,,
1455,7/12/2026 8:53,22.8,7.12,6.17,22.76,37272.6,39111.3,24.81,24227.16,,,,
1456,7/12/2026 9:03,22.7,7.36,6.38,22.63,36992.8,38933.4,24.68,24045.34,,,,
1457,7/12/2026 9:13,22.58,7.41,6.42,22.51,37076.1,39124.7,24.81,24099.48,,,,
1458,7/12/2026 9:23,22.35,7.56,6.55,22.24,36808.5,39072.8,24.76,23925.49,,,,
1459,7/12/2026 9:33,22.01,7.99,6.92,21.91,36587.1,39124.7,24.78,23781.61,,,,
1460,7/12/2026 9:43,21.75,8.12,7.02,21.67,36512.4,39260.7,24.86,23733.04,,,,
1461,7/12/2026 9:53,21.39,8.52,7.37,21.3,36277.2,39331.2,24.9,23580.16,,,,
1462,7/12/2026 10:03,21.08,8.51,7.36,21.01,36042.1,39340.8,24.89,23427.37,,,,
1463,7/12/2026 10:13,20.84,8.41,7.26,20.78,36073.3,39583,25.05,23447.62,,,,
1464,7/12/2026 10:23,20.77,8.99,7.77,20.72,35956.3,39506.2,24.99,23371.58,,,,
1465,7/12/2026 10:33,20.9,9.37,8.1,20.91,36108.6,39502.4,25,23470.58,,,,
1466,7/12/2026 10:43,20.89,9.29,8.03,20.9,36171.9,39579.8,25.05,23511.75,,,,
1467,7/12/2026 10:53,21.3,9.03,7.8,21.43,36683.7,39656.1,25.13,23844.38,,,,
1468,7/12/2026 11:03,21.7,8.73,7.54,21.69,36921.2,39681.6,25.16,23998.77,,,,
1469,7/12/2026 11:13,21.93,8.53,7.36,22,37217,39723.6,25.21,24191.05,,,,
1470,7/12/2026 11:23,22.28,8.29,7.17,22.32,37177,39393.1,24.99,24165.03,,,,
1471,7/12/2026 11:33,22.54,8.14,7.04,22.58,37559.5,39566.4,25.12,24413.64,,,,
1472,7/12/2026 11:43,22.75,8.04,6.95,22.76,37709.9,39567.6,25.13,24511.41,,,,
1473,7/12/2026 11:53,22.92,7.93,6.86,22.92,37884.4,39612,25.17,24624.86,,,,
1474,7/12/2026 12:03,23.14,7.74,6.7,23.13,38175.2,39738.1,25.27,24813.86,,,,
1475,7/12/2026 12:13,23.28,7.83,6.77,23.3,38350.8,39772.1,25.3,24927.99,,,,
1476,7/12/2026 12:23,23.44,7.79,6.74,23.44,38384.8,39685.3,25.24,24950.09,,,,
1477,7/12/2026 12:33,23.58,7.76,6.7,23.57,38759,39962.8,25.44,25193.33,,,,
1478,7/12/2026 12:43,23.75,7.71,6.66,23.77,39029.1,40063.9,25.52,25368.92,,,,
1479,7/12/2026 12:53,23.93,7.63,6.59,23.92,39121.7,40031.6,25.51,25429.08,,,,
1480,7/12/2026 13:03,24.1,7.58,6.55,24.09,39342.5,40107,25.57,25572.6,,,,
1481,7/12/2026 13:13,24.28,7.56,6.53,24.28,39400.4,40003.3,25.5,25610.23,,,,
1482,7/12/2026 13:23,24.49,7.5,6.49,24.49,39470.3,39894.7,25.43,25655.72,,,,
1483,7/12/2026 13:33,24.68,7.5,6.48,24.69,39928.4,40190.1,25.65,25953.44,,,,
1484,7/12/2026 13:43,24.87,7.45,6.44,24.89,40031.1,40124.2,25.61,26020.22,,,,
1485,7/12/2026 13:53,25.05,7.35,6.33,25.05,41102.4,41062,26.28,26716.59,,,,
1486,7/12/2026 14:03,25.21,7.3,6.28,25.24,41737,41524.4,26.61,27129.06,,,,
1487,7/12/2026 14:13,25.37,7.27,6.25,25.4,41856.1,41503.5,26.6,27206.46,,,,
1488,7/12/2026 14:23,25.49,7.19,6.18,25.53,41930.7,41470,26.58,27254.96,,,,
1489,7/12/2026 14:33,25.61,7.15,6.15,25.6,41990.3,41466.2,26.58,27293.72,,,,
1490,7/12/2026 14:43,25.73,7.14,6.14,25.76,42238.5,41572.4,26.67,27455.02,,,,
1491,7/12/2026 14:53,25.8,7.1,6.11,25.8,42062.3,41370.4,26.52,27340.49,,,,
1492,7/12/2026 15:03,25.89,7.09,6.11,25.92,41990.9,41199.1,26.4,27294.06,,,,
1493,7/12/2026 15:13,25.99,7.03,6.05,25.95,41982.5,41165,26.38,27288.6,,,,
1494,7/12/2026 15:23,26.05,6.94,5.98,26.03,42009.1,41116.4,26.35,27305.93,,,,
1495,7/12/2026 15:33,26.07,6.9,5.95,26.05,42007.2,41099.1,26.34,27304.65,,,,
1496,7/12/2026 15:43,26.08,6.7,5.78,26.1,41932,40981.9,26.26,27255.82,,,,
1497,7/12/2026 15:53,26.09,6.45,5.56,26.09,41940.2,41005.3,26.27,27261.12,,,,
1498,7/12/2026 16:03,26.23,6.38,5.51,26.22,41644.2,40606.6,25.99,27068.71,,,,
1499,7/12/2026 16:13,26.13,6.5,5.62,26.2,41689,40665.5,26.03,27097.82,,,,
1500,7/12/2026 16:23,26.26,6.54,5.62,26.35,42969.2,41783.8,26.84,27930,,,,
1501,7/12/2026 16:33,26.32,5.9,5.07,26.31,42943.6,41790.1,26.84,27913.32,,,,
1502,7/12/2026 16:43,26.31,6.43,5.52,26.33,43456.4,42278.6,27.19,28246.67,,,,
1503,7/12/2026 16:53,26.17,6.36,5.47,26.14,42680.1,41684.3,26.76,27742.04,,,,
1504,7/12/2026 17:03,26.14,6.29,5.41,26.12,42651.5,41674.7,26.75,27723.48,,,,
1505,7/12/2026 17:13,26.11,6.37,5.48,26.07,42577.8,41639.1,26.72,27675.55,,,,
1506,7/12/2026 17:23,26.09,6.33,5.45,26.06,42476.3,41547.7,26.66,27609.63,,,,
1507,7/12/2026 17:33,26.08,6.68,5.74,26.04,42633.9,41722.7,26.78,27712.03,,,,
1508,7/12/2026 17:43,25.91,6.66,5.72,25.84,42407.9,41676.2,26.74,27565.12,,,,
1509,7/12/2026 17:53,25.58,7.21,6.2,25.54,42053.9,41586.6,26.67,27335.04,,,,
1510,7/12/2026 18:03,25.51,7.26,6.24,25.47,42088.4,41681.1,26.73,27357.43,,,,
1511,7/12/2026 18:13,25.41,7.54,6.48,25.38,42048.4,41712.6,26.75,27331.43,,,,
1512,7/12/2026 18:23,25.44,7.59,6.52,25.45,42174.7,41782.5,26.81,27413.56,,,,
1513,7/12/2026 18:33,25.47,7.68,6.6,25.46,42144,41741.5,26.78,27393.63,,,,
1514,7/12/2026 18:43,25.53,7.81,6.71,25.53,42296,41833.9,26.84,27492.38,,,,
1515,7/12/2026 18:53,25.44,7.74,6.65,25.36,42042.1,41724.9,26.76,27327.38,,,,
1516,7/12/2026 19:03,25.08,8,6.88,24.96,41683.5,41722,26.74,27094.25,,,,
1517,7/12/2026 19:13,24.77,8.14,7,24.67,41316.7,41603.5,26.65,26855.83,,,,
1518,7/12/2026 19:23,24.55,8.22,7.07,24.48,41147,41602.7,26.64,26745.57,,,,
1519,7/12/2026 19:33,24.39,8.27,7.11,24.3,41032.6,41644.4,26.66,26671.18,,,,
1520,7/12/2026 19:43,24.22,8.4,7.21,24.16,40912,41647.8,26.66,26592.77,,,,
1521,7/12/2026 19:53,24.06,8.51,7.3,23.95,40647.4,41560.5,26.59,26420.8,,,,
1522,7/12/2026 20:03,23.97,8.5,7.3,23.91,40571.3,41517.6,26.56,26371.33,,,,
1523,7/12/2026 20:13,23.97,8.44,7.25,23.96,40614.8,41524.5,26.57,26399.59,,,,
1524,7/12/2026 20:23,23.88,8.52,7.31,23.76,40648.4,41734.2,26.71,26421.43,,,,
1525,7/12/2026 20:33,23.56,8.76,7.51,23.44,40374.8,41742.8,26.7,26243.6,,,,
1526,7/12/2026 20:43,23.24,8.96,7.68,23.1,40195.3,41865.6,26.77,26126.92,,,,
1527,7/12/2026 20:53,22.87,9.2,7.88,22.74,40088.5,42085.6,26.91,26057.53,,,,
1528,7/12/2026 21:03,21.82,10.06,8.6,21.54,39137.1,42202.5,26.93,25439.11,,,,
1529,7/12/2026 21:13,21,10.48,8.95,20.8,38543.5,42270.3,26.94,25053.25,,,,
1530,7/12/2026 21:23,20.54,10.63,9.07,20.41,38301,42382.4,27,24895.64,,,,
1531,7/12/2026 21:33,20.36,10.7,9.12,20.28,38291.9,42507.6,27.08,24889.76,,,,
1532,7/12/2026 21:43,20.34,10.65,9.09,20.29,38156.8,42342.9,26.96,24801.93,,,,
1533,7/12/2026 21:53,20.33,10.64,9.07,20.27,38318.9,42546.4,27.1,24907.26,,,,
1534,7/12/2026 22:03,20.35,10.59,9.03,20.28,38222.7,42427.9,27.02,24844.77,,,,
1535,7/12/2026 22:13,20.31,10.54,8.99,20.26,38217,42445,27.03,24841.03,,,,
1536,7/12/2026 22:23,20.27,10.51,8.96,20.21,38312.2,42595.1,27.13,24902.91,,,,
1537,7/12/2026 22:33,20.27,10.46,8.91,20.21,38326.7,42611.3,27.14,24912.36,,,,
1538,7/12/2026 22:43,20.25,10.42,8.89,20.2,38248.4,42536.1,27.09,24861.46,,,,
1539,7/12/2026 22:53,20.29,10.2,8.69,20.23,38265.8,42525.8,27.09,24872.76,,,,
1540,7/12/2026 23:03,20.25,10.29,8.78,20.2,38228.3,42513.7,27.07,24848.41,,,,
1541,7/12/2026 23:13,20.27,10.45,8.91,20.23,38173.4,42426.1,27.01,24812.73,,,,
1542,7/12/2026 23:23,20.76,9.72,8.34,20.99,37493.6,40939.1,26.01,24370.84,,,,
1543,7/12/2026 23:33,20.87,9.86,8.4,20.75,38944.5,42757,27.28,25313.9,,,,
1544,7/12/2026 23:43,20.87,9.55,8.14,20.85,39012.8,42738.1,27.27,25358.3,,,,
1545,7/12/2026 23:53,20.71,9.85,8.37,20.57,39279.1,43305.9,27.66,25531.42,,,,
1546,7/13/2026 0:03,20.84,9.28,7.9,20.9,39273.1,42976.1,27.45,25527.53,,,,
1547,7/13/2026 0:13,21.17,8.86,7.53,21.17,39965.2,43459.5,27.8,25977.36,,,,
1548,7/13/2026 0:23,21.43,8.28,7.05,21.41,39864,43117.5,27.58,25911.62,,,,
1549,7/13/2026 0:33,21.61,7.89,6.72,21.67,40121.1,43138.2,27.6,26078.73,,,,
1550,7/13/2026 0:43,22,7.61,6.48,22.01,40441.5,43147.9,27.63,26286.96,,,,
1551,7/13/2026 0:53,22.19,7.22,6.15,22.19,40546.8,43089.9,27.6,26355.4,,,,
1552,7/13/2026 1:03,22.41,7.1,6.06,22.42,40578.2,42899.9,27.47,26375.84,,,,
1553,7/13/2026 1:13,22.56,6.83,5.82,22.57,40737.8,42926,27.5,26479.57,,,,
1554,7/13/2026 1:23,22.6,6.64,5.67,22.57,40686.4,42871.8,27.46,26446.14,,,,
1555,7/13/2026 1:33,22.71,6.43,5.49,22.72,40722.2,42773.5,27.4,26469.4,,,,
1556,7/13/2026 1:43,22.74,5.96,5.08,22.69,40786.6,42863.8,27.46,26511.29,,,,
1557,7/13/2026 1:53,22.8,5.82,4.97,22.75,40770,42789.8,27.41,26500.51,,,,
1558,7/13/2026 2:03,22.85,5.82,4.97,22.86,40978.8,42906.8,27.5,26636.19,,,,
1559,7/13/2026 2:13,22.88,5.57,4.75,22.88,41004.5,42919.6,27.51,26652.92,,,,
1560,7/13/2026 2:23,22.92,5.28,4.5,22.88,40998.3,42907.5,27.5,26648.91,,,,
1561,7/13/2026 2:33,22.96,5.13,4.38,22.91,40988.3,42868.8,27.48,26642.43,,,,
1562,7/13/2026 2:43,23,5.15,4.4,23.04,41060.3,42825.6,27.45,26689.2,,,,
1563,7/13/2026 2:53,23.13,4.97,4.24,23.1,40966,42665.6,27.34,26627.91,,,,
1564,7/13/2026 3:03,23.17,4.89,4.18,23.19,41050.3,42674.9,27.35,26682.68,,,,
1565,7/13/2026 3:13,23.27,4.75,4.06,23.25,40890.2,42450.1,27.19,26578.62,,,,
1566,7/13/2026 3:23,23.33,4.65,3.98,23.3,40867.7,42376.8,27.14,26564,,,,
1567,7/13/2026 3:33,23.39,4.6,3.93,23.36,41213.5,42679.5,27.36,26788.78,,,,
1568,7/13/2026 3:43,23.43,4.51,3.89,23.39,39312.3,40689.5,25.95,25552.99,,,,
1569,7/13/2026 3:53,23.44,4.43,3.82,23.42,39306.3,40656.7,25.93,25549.09,,,,
1570,7/13/2026 4:03,23.44,4.35,3.75,23.42,39136.2,40475.5,25.8,25438.52,,,,
1571,7/13/2026 4:13,23.42,4.2,3.62,23.41,39240.5,40596.6,25.88,25506.31,,,,
1572,7/13/2026 4:23,23.45,4.08,3.49,23.44,40751.8,42129.9,26.97,26488.68,,,,
1573,7/13/2026 4:33,23.46,3.9,3.34,23.4,40665.6,42079.2,26.94,26432.64,,,,
1574,7/13/2026 4:43,23.46,3.75,3.21,23.43,40487.6,41864.9,26.79,26316.94,,,,
1575,7/13/2026 4:53,23.44,3.59,3.08,23.41,40281.1,41670.4,26.65,26182.71,,,,
1576,7/13/2026 5:03,23.34,3.44,2.95,23.27,40360.4,41878.2,26.79,26234.28,,,,
1577,7/13/2026 5:13,23.27,3.14,2.69,23.22,40332,41900.8,26.8,26215.82,,,,
1578,7/13/2026 5:23,23.27,2.85,2.44,23.25,40153,41687.5,26.65,26099.45,,,,
1579,7/13/2026 5:33,23.32,2.6,2.23,23.31,40206.3,41688.3,26.65,26134.12,,,,
1580,7/13/2026 5:43,23.3,2.1,1.8,23.26,40211.7,41740.2,26.69,26137.58,,,,
1581,7/13/2026 5:53,23.29,1.8,1.54,23.25,40096,41628.3,26.61,26062.4,,,,
1582,7/13/2026 6:03,23.28,2.49,2.13,23.24,40021.4,41561.7,26.56,26013.89,,,,
1583,7/13/2026 6:13,23.22,2.91,2.5,23.19,39962.4,41541.3,26.55,25975.59,,,,
1584,7/13/2026 6:23,23.3,2.78,2.39,23.27,39888.1,41390.8,26.44,25927.24,,,,
1585,7/13/2026 6:33,23.34,2.89,2.48,23.31,39789.5,41253.4,26.35,25863.18,,,,
1586,7/13/2026 6:43,23.37,3.07,2.63,23.35,39937.4,41371.6,26.43,25959.34,,,,
1587,7/13/2026 6:53,23.39,3.19,2.74,23.36,39952.6,41376.5,26.44,25969.19,,,,
1588,7/13/2026 7:03,23.63,4.49,3.86,23.65,39900,41067.1,26.23,25935.03,,,,
1589,7/13/2026 7:13,23.57,4.68,4.02,23.56,40199.5,41456.1,26.5,26129.69,,,,
1590,7/13/2026 7:23,23.71,4.95,4.25,23.7,40300.2,41430.5,26.49,26195.14,,,,
1591,7/13/2026 7:33,23.68,5.22,4.48,23.63,40391.1,41586,26.6,26254.21,,,,
1592,7/13/2026 7:43,23.58,5.25,4.5,23.5,40416.7,41731.7,26.69,26270.86,,,,
1593,7/13/2026 7:53,23.49,5.3,4.54,23.45,40470.4,41830.8,26.76,26305.77,,,,
1594,7/13/2026 8:03,23.42,5.73,4.91,23.37,40432.6,41868.1,26.79,26281.17,,,,
1595,7/13/2026 8:13,23.28,5.83,5,23.21,40287.6,41862.9,26.77,26186.95,,,,
1596,7/13/2026 8:23,23.23,5.78,4.99,23.19,38347.3,39859.8,25.35,24925.75,,,,
1597,7/13/2026 8:33,23.22,5.93,5.09,23.17,39935.8,41532.7,26.54,25958.28,,,,
1598,7/13/2026 8:43,23.15,5.87,5.04,23.08,39616,41278.5,26.35,25750.4,,,,
1599,7/13/2026 8:53,22.99,6.1,5.25,22.93,39312.2,41096.9,26.22,25552.95,,,,
1600,7/13/2026 9:03,22.91,6.51,5.6,22.85,39062.2,40905.5,26.08,25390.45,,,,
1601,7/13/2026 9:13,22.83,6.6,5.68,22.77,38904.1,40815.3,26.01,25287.68,,,,
1602,7/13/2026 9:23,22.8,6.66,5.73,22.75,38861.8,40789.8,25.99,25260.19,,,,
1603,7/13/2026 9:33,22.78,6.81,5.86,22.74,38829.5,40763.9,25.97,25239.2,,,,
1604,7/13/2026 9:43,22.75,6.92,5.95,22.73,38883.1,40825.6,26.02,25274.03,,,,
1605,7/13/2026 9:53,22.7,7.04,6.05,22.64,39136.5,41178.7,26.26,25438.73,,,,
1606,7/13/2026 10:03,22.58,7.28,6.26,22.49,38899.4,41067.8,26.18,25284.62,,,,
1607,7/13/2026 10:13,22.38,7.49,6.43,22.29,38877.8,41228.2,26.28,25270.55,,,,
1608,7/13/2026 10:23,21.9,7.99,6.86,21.76,38359,41157.6,26.21,24933.38,,,,
1609,7/13/2026 10:33,21.29,8.5,7.29,21.12,37825.7,41180.7,26.19,24586.72,,,,
1610,7/13/2026 10:43,20.81,8.99,7.71,20.66,37483.7,41238.2,26.2,24364.39,,,,
1611,7/13/2026 10:53,20.39,9.17,7.85,20.24,37407.9,41566.6,26.41,24315.1,,,,
1612,7/13/2026 11:03,20,9.32,7.98,19.91,37142.8,41586.9,26.4,24142.82,,,,
1613,7/13/2026 11:13,19.81,9.2,7.88,19.75,36884,41450.8,26.3,23974.58,,,,
1614,7/13/2026 11:23,19.65,8.82,7.55,19.54,36716.2,41469,26.3,23865.55,,,,
1615,7/13/2026 11:33,19.67,9.45,8.09,19.64,36804.3,41471.9,26.3,23922.79,,,,
1616,7/13/2026 11:43,19.63,9.87,8.46,19.57,36571.8,41282.5,26.17,23771.69,,,,
1617,7/13/2026 11:53,19.84,9.9,8.48,19.85,36782.5,41238.3,26.15,23908.6,,,,
1618,7/13/2026 12:03,20.83,9.47,8.14,20.72,37075.3,40732.9,25.85,24098.97,,,,
1619,7/13/2026 12:13,21.62,8.83,7.61,21.91,37505.1,40109.1,25.47,24378.34,,,,
1620,7/13/2026 12:23,22.5,8.41,7.24,22.58,38608.6,40677,25.91,25095.58,,,,
1621,7/13/2026 12:33,22.8,8.26,7.09,22.81,39369.9,41268.5,26.33,25590.41,,,,
1622,7/13/2026 12:43,23.06,8.07,6.94,23.05,39506.8,41194.5,26.29,25679.4,,,,
1623,7/13/2026 12:53,23.2,8.03,6.9,23.23,39721.1,41258,26.35,25818.71,,,,
1624,7/13/2026 13:03,23.34,8.03,6.9,23.34,39795.2,41235,26.33,25866.85,,,,
1625,7/13/2026 13:13,23.57,8,6.87,23.59,40028.3,41247.3,26.35,26018.36,,,,
1626,7/13/2026 13:23,23.79,7.86,6.76,23.76,40185.2,41258.6,26.37,26120.37,,,,
1627,7/13/2026 13:33,23.94,7.85,6.75,23.93,40347.6,41275.3,26.39,26225.92,,,,
1628,7/13/2026 13:43,24.13,7.86,6.75,24.17,40626.5,41346.5,26.45,26407.21,,,,
1629,7/13/2026 13:53,24.35,7.84,6.74,24.39,40885.9,41418.3,26.51,26575.83,,,,
1630,7/13/2026 14:03,24.53,7.72,6.64,24.51,40919.4,41340.8,26.46,26597.64,,,,
1631,7/13/2026 14:13,24.72,7.73,6.64,24.72,41283.8,41530.6,26.6,26834.47,,,,
1632,7/13/2026 14:23,24.92,7.68,6.61,24.93,41249.4,41311.1,26.45,26812.09,,,,
1633,7/13/2026 14:33,25.15,7.65,6.59,25.22,41300.7,41111.1,26.32,26845.43,,,,
1634,7/13/2026 14:43,25.31,7.56,6.5,25.3,41547.4,41286.1,26.45,27005.81,,,,
1635,7/13/2026 14:53,25.51,7.5,6.45,25.55,41979.5,41502.5,26.61,27286.65,,,,
1636,7/13/2026 15:03,25.6,7.47,6.43,25.62,41977.1,41440,26.57,27285.08,,,,
1637,7/13/2026 15:13,25.76,7.5,6.45,25.77,42278,41603.4,26.69,27480.7,,,,
1638,7/13/2026 15:23,25.89,7.44,6.4,25.94,42251.2,41431.2,26.57,27463.31,,,,
1639,7/13/2026 15:33,25.97,7.41,6.38,26.01,42176.1,41300.5,26.48,27414.46,,,,
1640,7/13/2026 15:43,26.07,7.38,6.35,26.08,42277.1,41339.9,26.51,27480.13,,,,
1641,7/13/2026 15:53,26.15,7.27,6.27,26.16,42262.3,41260.8,26.46,27470.47,,,,
1642,7/13/2026 16:03,26.23,7.21,6.21,26.23,42265.7,41199.8,26.41,27472.73,,,,
1643,7/13/2026 16:13,26.29,6.98,6.01,26.27,42323.1,41227.4,26.44,27510.04,,,,
1644,7/13/2026 16:23,26.34,7.01,6.04,26.34,42400.9,41241.4,26.45,27560.57,,,,
1645,7/13/2026 16:33,26.35,6.95,5.99,26.33,42404.1,41249.7,26.45,27562.68,,,,
1646,7/13/2026 16:43,26.24,6.74,5.81,26.22,42093.4,41044.7,26.3,27360.74,,,,
1647,7/13/2026 16:53,26.26,6.36,5.49,26.22,41999.1,40950.1,26.24,27299.43,,,,
1648,7/13/2026 17:03,26.22,6.08,5.24,26.19,42062.4,41037.5,26.3,27340.59,,,,
1649,7/13/2026 17:13,26.23,5.73,4.94,26.22,42020.2,40970.7,26.25,27313.12,,,,
1650,7/13/2026 17:23,26.16,5.59,4.82,26.13,41897.9,40925.5,26.22,27233.6,,,,
1651,7/13/2026 17:33,26.04,5.5,4.75,26.05,41795.4,40894.4,26.19,27166.98,,,,
1652,7/13/2026 17:43,26.38,6.31,5.44,26.41,42112.7,40905,26.21,27373.27,,,,
1653,7/13/2026 17:53,26.38,5.92,5.11,26.3,41929.7,40818.7,26.14,27254.32,,,,
1654,7/13/2026 18:03,26.12,5.95,5.14,26.09,41613.2,40683.1,26.04,27048.59,,,,
1655,7/13/2026 18:13,26.1,5.91,5.1,26.07,41616,40703.6,26.06,27050.43,,,,
1656,7/13/2026 18:23,25.99,5.91,5.1,25.95,41557.2,40740.4,26.08,27012.2,,,,
1657,7/13/2026 18:33,25.97,6.16,5.32,25.93,41502.4,40704.5,26.05,26976.55,,,,
1658,7/13/2026 18:43,25.92,6.36,5.48,25.89,41549.6,40786.6,26.11,27007.24,,,,
1659,7/13/2026 18:53,25.48,6.79,5.86,25.34,40978.2,40689.6,26.02,26635.83,,,,
1660,7/13/2026 19:03,25.25,7.05,6.08,25.22,40972.8,40782.2,26.08,26632.35,,,,
1661,7/13/2026 19:13,25.21,7.17,6.18,25.18,40975.6,40823.7,26.11,26634.13,,,,
1662,7/13/2026 19:23,25.2,7.5,6.46,25.2,41226.4,41052.8,26.28,26797.17,,,,
1663,7/13/2026 19:33,25.19,7.61,6.56,25.17,41240.7,41095.7,26.31,26806.46,,,,
1664,7/13/2026 19:43,25.21,7.72,6.66,25.19,40949.2,40784.6,26.09,26617,,,,
1665,7/13/2026 19:53,25.1,7.55,6.51,25,40500.4,40504.4,25.88,26325.28,,,,
1666,7/13/2026 20:03,24.74,7.8,6.72,24.64,40635.2,40946,26.18,26412.86,,,,
1667,7/13/2026 20:13,24.42,7.93,6.84,24.33,39891.5,40462.9,25.83,25929.49,,,,
1668,7/13/2026 20:23,24.26,8.05,6.92,24.19,40411.9,41112.3,26.28,26267.75,,,,
1669,7/13/2026 20:33,24.06,8.18,7.09,23.97,38494.7,39346.8,25.02,25021.55,,,,
1670,7/13/2026 20:43,23.86,8.3,7.15,23.72,39677.8,40777.4,26.03,25790.6,,,,
1671,7/13/2026 20:53,23.68,8.37,7.21,23.6,39616.2,40812,26.05,25750.51,,,,
1672,7/13/2026 21:03,23.58,8.39,7.22,23.55,39857.5,41111.4,26.26,25907.38,,,,
1673,7/13/2026 21:13,23.55,8.38,7.22,23.53,39558.8,40819.3,26.05,25713.25,,,,
1674,7/13/2026 21:23,23.36,8.52,7.33,23.2,39440.1,40992.9,26.16,25636.06,,,,
1675,7/13/2026 21:33,22.96,8.71,7.49,22.79,39196.7,41100.5,26.21,25477.86,,,,
1676,7/13/2026 21:43,21.82,9.32,8,21.33,38086.7,41265,26.26,24756.35,,,,
1677,7/13/2026 21:53,20.44,9.87,8.45,20.1,37401.4,41686.8,26.49,24310.89,,,,
1678,7/13/2026 22:03,18.93,10.46,8.92,18.51,36508.4,42271.6,26.79,23730.47,,,,
1679,7/13/2026 22:13,17.61,10.94,9.3,17.22,35789.8,42778.6,27.04,23263.34,,,,
1680,7/13/2026 22:23,16.99,11.11,9.44,16.8,35343.6,42698.1,26.95,22973.31,,,,
1681,7/13/2026 22:33,16.58,11.23,9.55,16.42,34864.7,42524.3,26.79,22662.06,,,,
1682,7/13/2026 22:43,16.31,11.35,9.66,16.16,34522.3,42391.4,26.68,22439.52,,,,
1683,7/13/2026 22:53,16.03,11.44,9.72,15.89,34470.3,42628.9,26.82,22405.7,,,,
1684,7/13/2026 23:03,15.88,11.5,9.76,15.8,34598.9,42880.9,26.98,22489.28,,,,
1685,7/13/2026 23:13,15.82,11.51,9.75,15.7,34685.8,43109.1,27.13,22545.78,,,,
1686,7/13/2026 23:23,15.73,11.48,9.74,15.69,34456.8,42834.4,26.94,22396.9,,,,
1687,7/13/2026 23:33,15.67,11.5,9.79,15.59,33792.6,42113.7,26.43,21965.17,,,,
1688,7/13/2026 23:43,15.69,11.46,9.75,15.61,33732.8,42012.9,26.36,21926.3,,,,
1689,7/13/2026 23:53,15.71,11.34,9.66,15.65,33582.8,41783.7,26.21,21828.79,,,,
1690,7/14/2026 0:03,15.7,10.93,9.32,15.63,33516.4,41723.8,26.16,21785.63,,,,
1691,7/14/2026 0:13,15.78,11.41,9.73,15.82,33743.5,41798,26.23,21933.25,,,,
1692,7/14/2026 0:23,16.33,11.18,9.53,16.67,34622.3,41966.3,26.43,22504.52,,,,
1693,7/14/2026 0:33,17.58,10.28,8.72,17.64,36638.2,43336.7,27.47,23814.85,,,,
1694,7/14/2026 0:43,17.27,10.39,8.81,17.26,36366.2,43419.1,27.49,23638.06,,,,
1695,7/14/2026 0:53,17,10.51,8.91,16.96,36131.4,43472.6,27.51,23485.38,,,,
1696,7/14/2026 1:03,17.65,9.91,8.4,17.8,36862.8,43432.2,27.55,23960.8,,,,
1697,7/14/2026 1:13,18.42,9.39,7.98,18.54,37214.6,43058.1,27.34,24189.5,,,,
1698,7/14/2026 1:23,18.96,8.86,7.53,19.03,37678,43080.9,27.4,24490.72,,,,
1699,7/14/2026 1:33,19.24,8.59,7.3,19.33,37887.2,43009.9,27.37,24626.69,,,,
1700,7/14/2026 1:43,19.93,8.35,7.11,19.94,38322,42874.2,27.31,24909.33,,,,
1701,7/14/2026 1:53,20.36,8,6.81,20.33,38652.4,42860.2,27.33,25124.09,,,,
1702,7/14/2026 2:03,20.87,7.63,6.52,20.96,38761.2,42355,27.01,25194.79,,,,
1703,7/14/2026 2:13,21.33,7.28,6.22,21.42,39075.1,42252.8,26.96,25398.83,,,,
1704,7/14/2026 2:23,21.64,6.96,5.95,21.67,39306.2,42264.8,26.98,25549.03,,,,
1705,7/14/2026 2:33,21.8,6.63,5.66,21.84,39448.3,42255.2,26.99,25641.42,,,,
1706,7/14/2026 2:43,22.03,6.41,5.48,22.03,39451.3,42080.2,26.87,25643.34,,,,
1707,7/14/2026 2:53,22.11,5.89,5.04,22.02,39445.2,42079.3,26.87,25639.37,,,,
1708,7/14/2026 3:03,22.19,6.02,5.15,22.17,39405.9,41899.9,26.75,25613.81,,,,
1709,7/14/2026 3:13,22.26,5.72,4.9,22.17,39499.8,41991.4,26.82,25674.9,,,,
1710,7/14/2026 3:23,22.32,5.74,4.92,22.32,39511.9,41867.2,26.74,25682.71,,,,
1711,7/14/2026 3:33,22.39,5.57,4.78,22.4,39545.6,41824.9,26.71,25704.61,,,,
1712,7/14/2026 3:43,22.46,5.39,4.62,22.39,39472.7,41764.5,26.67,25657.28,,,,
1713,7/14/2026 3:53,22.51,5.31,4.55,22.54,39597.5,41752.1,26.66,25738.36,,,,
1714,7/14/2026 4:03,22.6,5.14,4.4,22.54,39588.3,41745.2,26.66,25732.39,,,,
1715,7/14/2026 4:13,22.66,5.01,4.29,22.6,39515.2,41615.7,26.57,25684.88,,,,
1716,7/14/2026 4:23,22.71,4.96,4.26,22.65,39664.9,41720.8,26.65,25782.16,,,,
1717,7/14/2026 4:33,22.76,4.9,4.2,22.76,39496.9,41450.8,26.46,25672.98,,,,
1718,7/14/2026 4:43,22.81,4.8,4.12,22.79,39579,41506.8,26.5,25726.33,,,,
1719,7/14/2026 4:53,22.88,4.67,4.01,22.87,39433.1,41283,26.35,25631.5,,,,
1720,7/14/2026 5:03,22.91,4.5,3.87,22.88,39436.1,41278,26.34,25633.49,,,,
1721,7/14/2026 5:13,22.91,4.46,3.84,22.91,39153,40954.7,26.12,25449.48,,,,
1722,7/14/2026 5:23,22.96,4.3,3.7,22.94,39174,40941.6,26.11,25463.1,,,,
1723,7/14/2026 5:33,22.99,4.15,3.57,22.97,39123.1,40864.1,26.06,25429.98,,,,
1724,7/14/2026 5:43,23.05,3.93,3.39,23.01,39165,40870.3,26.06,25457.27,,,,
1725,7/14/2026 5:53,23.08,3.92,3.37,23.06,39114.1,40779.6,26,25424.14,,,,
1726,7/14/2026 6:03,23.1,3.81,3.28,23.07,39111,40763,25.99,25422.13,,,,
1727,7/14/2026 6:13,23.14,3.76,3.24,23.1,38946.9,40562.7,25.85,25315.48,,,,
1728,7/14/2026 6:23,23.1,3.72,3.21,23.06,38866.8,40516.5,25.81,25263.44,,,,
1729,7/14/2026 6:33,23.09,3.61,3.11,23.12,38899.1,40499.6,25.8,25284.42,,,,
1730,7/14/2026 6:43,23.21,3.14,2.71,23.18,38958.2,40510.7,25.81,25322.85,,,,
1731,7/14/2026 6:53,23.16,3.04,2.62,23.12,39011.7,40611.6,25.88,25357.62,,,,
1732,7/14/2026 7:03,23.13,3.15,2.72,23.08,38999.9,40639.3,25.9,25349.94,,,,
1733,7/14/2026 7:13,23.08,3.44,2.96,23.03,38845.5,40523.5,25.82,25249.55,,,,
1734,7/14/2026 7:23,23.1,3.16,2.73,23.07,38839.2,40482.5,25.79,25245.51,,,,
1735,7/14/2026 7:33,23.17,3.41,2.94,23.16,39089.3,40663,25.92,25408.06,,,,
1736,7/14/2026 7:43,23.28,3.3,2.84,23.27,39161.3,40641.9,25.91,25454.81,,,,
1737,7/14/2026 7:53,23.31,3.47,2.99,23.27,39125.3,40604.5,25.88,25431.42,,,,
1738,7/14/2026 8:03,23.38,4.39,3.79,23.44,39125.1,40450.8,25.78,25431.34,,,,
1739,7/14/2026 8:13,23.55,4.62,3.99,23.51,39065.3,40323.2,25.7,25392.46,,,,
1740,7/14/2026 8:23,23.61,5.07,4.38,23.61,39071.2,40245.4,25.64,25396.31,,,,
1741,7/14/2026 8:33,23.59,5.33,4.6,23.53,39068.5,40316,25.69,25394.54,,,,
1742,7/14/2026 8:43,23.43,5.39,4.65,23.34,39083.7,40492.5,25.81,25404.43,,,,
1743,7/14/2026 8:53,23.28,5.49,4.74,23.24,38851.3,40346.6,25.7,25253.32,,,,
1744,7/14/2026 9:03,23.21,5.89,5.08,23.16,38665.6,40219.6,25.61,25132.64,,,,
1745,7/14/2026 9:13,23.1,5.95,5.14,23.04,38483.9,40138.5,25.55,25014.56,,,,
1746,7/14/2026 9:23,23.02,5.94,5.13,22.97,38340.9,40047.2,25.48,24921.58,,,,
1747,7/14/2026 9:33,22.92,6.08,5.25,22.86,38149,39944,25.4,24796.86,,,,
1748,7/14/2026 9:43,22.66,6.04,5.21,22.54,38036.9,40111.9,25.5,24723.98,,,,
1749,7/14/2026 9:53,22.46,6.34,5.46,22.4,38163.5,40365.8,25.68,24806.26,,,,
1750,7/14/2026 10:03,22.35,6.54,5.65,22.28,37821.2,40113.1,25.49,24583.77,,,,
1751,7/14/2026 10:13,22.17,6.77,5.86,22.09,36817.9,39216.2,24.85,23931.66,,,,
1752,7/14/2026 10:23,21.99,6.93,6.01,21.91,36207.3,38721.2,24.5,23534.77,,,,
1753,7/14/2026 10:33,21.86,7.11,6.15,21.76,36586.2,39258,24.87,23781,,,,
1754,7/14/2026 10:43,21.65,7.34,6.35,21.59,36478.2,39287.5,24.88,23710.82,,,,
1755,7/14/2026 10:53,21.35,7.64,6.61,21.17,36225.3,39392.7,24.93,23546.45,,,,
1756,7/14/2026 11:03,20.59,8.13,7.02,20.33,35715.6,39603.6,25.03,23215.11,,,,
1757,7/14/2026 11:13,19.56,8.82,7.6,19.29,35009.8,39777.3,25.09,22756.39,,,,
1758,7/14/2026 11:23,18.76,9.34,8.04,18.44,34649.2,40188.7,25.32,22522.01,,,,
1759,7/14/2026 11:33,17.64,9.94,8.53,17.43,34135.4,40583,25.53,22187.98,,,,
1760,7/14/2026 11:43,16.85,10.42,8.92,16.67,33672.2,40811.5,25.62,21886.93,,,,
1761,7/14/2026 11:53,16.49,10.49,9.01,16.35,32889.9,40189.2,25.16,21378.43,,,,
1762,7/14/2026 12:03,16.44,10.5,9.02,16.39,32900.4,40165.2,25.15,21385.27,,,,
1763,7/14/2026 12:13,16.2,10.31,8.86,16.14,32554.7,39996.7,25.01,21160.55,,,,
1764,7/14/2026 12:23,16.16,9.98,8.58,16.09,32354.7,39803,24.87,21030.56,,,,
1765,7/14/2026 12:33,16.13,10.76,9.25,16.06,32436.6,39937.6,24.96,21083.8,,,,
1766,7/14/2026 12:43,16.06,10.88,9.34,15.98,32499,40097.9,25.07,21124.37,,,,
1767,7/14/2026 12:53,16.98,10.5,9.02,17.44,33663.5,40019.1,25.13,21881.28,,,,
1768,7/14/2026 13:03,18.21,9.9,8.52,18.56,34342.2,39717.5,25,22322.45,,,,
1769,7/14/2026 13:13,19.43,9.33,7.97,19.46,36944.5,41809.3,26.53,24013.91,,,,
1770,7/14/2026 13:23,19.95,8.98,7.68,20.15,37331.9,41563,26.4,24265.75,,,,
1771,7/14/2026 13:33,20.39,8.7,7.45,20.47,37538.7,41487.1,26.37,24400.13,,,,
1772,7/14/2026 13:43,20.72,8.5,7.28,20.73,37921.4,41653.9,26.5,24648.92,,,,
1773,7/14/2026 13:53,21.01,8.31,7.13,21.03,37832.7,41275.5,26.25,24591.23,,,,
1774,7/14/2026 14:03,21.36,8.17,7.02,21.44,37925.5,40987.4,26.07,24651.58,,,,
1775,7/14/2026 14:13,21.62,8.05,6.91,21.65,38426.5,41332.9,26.32,24977.22,,,,
1776,7/14/2026 14:23,21.91,7.97,6.83,21.96,38909.3,41566,26.5,25291.02,,,,
1777,7/14/2026 14:33,22.27,7.77,6.67,22.34,39023.1,41335.5,26.36,25364.99,,,,
1778,7/14/2026 14:43,22.6,7.66,6.58,22.65,39245.6,41282.5,26.34,25509.62,,,,
1779,7/14/2026 14:53,22.86,7.58,6.52,22.91,39254.8,41053,26.19,25515.59,,,,
1780,7/14/2026 15:03,23.18,7.41,6.38,23.19,39324.3,40875.3,26.07,25560.79,,,,
1781,7/14/2026 15:13,23.41,7.34,6.31,23.43,39678.1,41030.6,26.19,25790.76,,,,
1782,7/14/2026 15:23,23.64,7.25,6.25,23.67,39613.5,40753.5,26.01,25748.74,,,,
1783,7/14/2026 15:33,23.81,7.16,6.17,23.89,39500,40444.9,25.8,25675,,,,
1784,7/14/2026 15:43,24.02,7.07,6.1,24.05,39797.6,40604.9,25.92,25868.41,,,,
1785,7/14/2026 15:53,24.21,6.98,6.02,24.18,39921.9,40619,25.93,25949.24,,,,
1786,7/14/2026 16:03,24.35,6.9,5.95,24.39,40045.2,40566.7,25.9,26029.37,,,,
1787,7/14/2026 16:13,24.45,6.84,5.9,24.48,40029,40474.9,25.84,26018.86,,,,
1788,7/14/2026 16:23,24.59,6.76,5.84,24.58,39926.8,40281.1,25.71,25952.4,,,,
1789,7/14/2026 16:33,24.68,6.75,5.82,24.7,40188.2,40441.4,25.82,26122.36,,,,
1790,7/14/2026 16:43,24.78,6.68,5.77,24.78,39997.4,40185.1,25.65,25998.3,,,,
1791,7/14/2026 16:53,24.88,6.65,5.74,24.86,40237.7,40359.6,25.77,26154.47,,,,
1792,7/14/2026 17:03,24.92,6.51,5.62,24.92,40228.3,40298.8,25.73,26148.39,,,,
1793,7/14/2026 17:13,24.95,6.33,5.47,24.89,40077.7,40173.5,25.64,26050.5,,,,
1794,7/14/2026 17:23,24.96,6.23,5.39,24.93,40170.8,40231,25.68,26111.04,,,,
1795,7/14/2026 17:33,24.96,5.92,5.12,24.94,40120.4,40170.3,25.64,26078.25,,,,
1796,7/14/2026 17:43,24.98,5.62,4.85,24.94,40183.4,40233.4,25.69,26119.23,,,,
1797,7/14/2026 17:53,24.95,5.36,4.64,24.91,40046.8,40119.6,25.6,26030.45,,,,
1798,7/14/2026 18:03,24.92,5.02,4.34,24.88,39851.3,39949.1,25.48,25903.32,,,,
1799,7/14/2026 18:13,24.92,4.74,4.1,24.88,39953.8,40051.8,25.55,25969.95,,,,
1800,7/14/2026 18:23,24.92,4.68,4.05,24.89,39792.8,39887.9,25.44,25865.3,,,,
1801,7/14/2026 18:33,24.93,4.92,4.26,24.9,39715.9,39800.7,25.38,25815.31,,,,
1802,7/14/2026 18:43,24.94,4.86,4.21,24.91,39743.5,39818.3,25.39,25833.3,,,,
1803,7/14/2026 18:53,24.94,5.23,4.53,24.91,39894.4,39971.9,25.5,25931.35,,,,
1804,7/14/2026 19:03,24.94,4.72,4.08,24.91,39915.9,39990.9,25.51,25945.31,,,,
1805,7/14/2026 19:13,24.94,4.87,4.22,24.9,39660.5,39740.2,25.34,25779.34,,,,
1806,7/14/2026 19:23,24.93,5.02,4.35,24.89,39411.7,39500.9,25.17,25617.61,,,,
1807,7/14/2026 19:33,24.89,4.88,4.22,24.85,39722.3,39847.7,25.41,25819.52,,,,
1808,7/14/2026 19:43,24.86,5.25,4.55,24.81,39231.3,39385.3,25.08,25500.38,,,,
1809,7/14/2026 19:53,24.48,5.98,5.18,24.38,39031.2,39542.1,25.18,25370.3,,,,
1810,7/14/2026 20:03,24.36,6.12,5.3,24.31,38909.7,39479.8,25.13,25291.33,,,,
1811,7/14/2026 20:13,24.21,6.31,5.46,24.16,38836.1,39537.2,25.17,25243.49,,,,
1812,7/14/2026 20:23,24.12,6.72,5.82,24.06,38567.1,39344.5,25.03,25068.63,,,,
1813,7/14/2026 20:33,24,6.86,5.94,23.94,38518,39393.5,25.06,25036.69,,,,
1814,7/14/2026 20:43,23.92,7,6.06,23.87,38709.4,39653.3,25.24,25161.08,,,,
1815,7/14/2026 20:53,23.92,6.96,6.03,23.88,38389.4,39312.8,25,24953.08,,,,
1816,7/14/2026 21:03,23.56,7.27,6.3,23.38,37766.5,39094.6,24.82,24548.21,,,,
1817,7/14/2026 21:13,23.09,7.56,6.53,22.95,38116.5,39828.5,25.32,24775.72,,,,
1818,7/14/2026 21:23,22.8,7.73,6.69,22.68,37578.9,39500.6,25.08,24426.31,,,,
1819,7/14/2026 21:33,22.44,7.92,6.86,22.33,36956.8,39149.4,24.82,24021.93,,,,
1820,7/14/2026 21:43,22.2,8.05,6.98,22.08,36576.1,38966.5,24.68,23774.47,,,,
1821,7/14/2026 21:53,21.97,8.15,7.05,21.86,36922.4,39530.9,25.06,23999.53,,,,
1822,7/14/2026 22:03,21.87,8.17,7.07,21.85,36765.4,39370.8,24.95,23897.53,,,,
1823,7/14/2026 22:13,21.83,8.26,7.15,21.77,36617.5,39286.3,24.89,23801.35,,,,
1824,7/14/2026 22:23,21.26,8.59,7.44,21.07,35617.1,38818.5,24.53,23151.12,,,,
1825,7/14/2026 22:33,20.75,8.86,7.65,20.51,35804.8,39529.9,24.99,23273.13,,,,
1826,7/14/2026 22:43,19.33,9.55,8.24,19.01,34599.2,39574.7,24.94,22489.5,,,,
1827,7/14/2026 22:53,18.02,10.1,8.7,17.55,33513.5,39728.6,24.94,21783.75,,,,
1828,7/14/2026 23:03,16.31,10.79,9.23,15.94,33307.2,41136.3,25.78,21649.65,,,,
1829,7/14/2026 23:13,15.22,11.11,9.5,14.87,32282.9,41001.4,25.59,20983.89,,,,
1830,7/14/2026 23:23,14.64,11.25,9.61,14.47,31906,40967.2,25.52,20738.9,,,,
1831,7/14/2026 23:33,14.25,11.41,9.77,14.13,31223.2,40456.5,25.14,20295.07,,,,
1832,7/14/2026 23:43,14.13,11.52,9.89,14.03,30769.6,39979.7,24.8,20000.25,,,,
1833,7/14/2026 23:53,14.14,11.55,9.89,14.06,31167.4,40466.7,25.14,20258.81,,,,
1834,7/15/2026 0:03,14.21,11.55,9.91,14.17,31040.2,40173.5,24.95,20176.12,,,,
1835,7/15/2026 0:13,14.37,11.48,9.89,14.33,30317.3,39072.4,24.21,19706.23,,,,
1836,7/15/2026 0:23,14.47,11.48,9.89,14.4,30309,38985.9,24.16,19700.86,,,,
1837,7/15/2026 0:33,14.56,11.39,9.86,14.52,29542.5,37880.6,23.42,19202.65,,,,
1838,7/15/2026 0:43,14.66,11.41,9.89,14.6,29351.2,37556.6,23.2,19078.29,,,,
1839,7/15/2026 0:53,14.71,11.38,9.87,14.64,29397.5,37567.4,23.21,19108.35,,,,
1840,7/15/2026 1:03,14.75,11.13,9.65,14.69,29480.6,37631.4,23.26,19162.41,,,,
1841,7/15/2026 1:13,14.79,11.15,9.67,14.72,29465.4,37578.8,23.23,19152.52,,,,
1842,7/15/2026 1:23,15.18,10.91,9.4,15.29,31175.3,39157.8,24.36,20263.96,,,,
1843,7/15/2026 1:33,15.85,10.47,8.94,15.81,33399.1,41390.6,25.95,21709.38,,,,
1844,7/15/2026 1:43,15.83,10.61,8.98,15.8,34997.1,43381.2,27.33,22748.12,,,,
1845,7/15/2026 1:53,15.73,10.52,8.9,15.47,34733,43417.9,27.33,22576.45,,,,
1846,7/15/2026 2:03,15.85,10.37,8.76,15.98,35525.7,43828.8,27.66,23091.69,,,,
1847,7/15/2026 2:13,16.4,9.79,8.31,16.5,35113.4,42739.6,26.95,22823.71,,,,
1848,7/15/2026 2:23,16.8,9.46,8.05,16.92,35264.9,42468.4,26.8,22922.18,,,,
1849,7/15/2026 2:33,17.11,9.23,7.84,17.27,35834.4,42774.5,27.04,23292.35,,,,
1850,7/15/2026 2:43,17.82,8.72,7.42,17.94,36300.7,42616.3,26.99,23595.42,,,,
1851,7/15/2026 2:53,18.27,8.57,7.29,18.2,36680.8,42796,27.13,23842.54,,,,
1852,7/15/2026 3:03,18.92,8.05,6.86,19.07,37212.4,42509.1,27,24188.09,,,,
1853,7/15/2026 3:13,19.48,7.7,6.57,19.52,37578.8,42461.1,26.99,24426.19,,,,
1854,7/15/2026 3:23,19.85,7.41,6.32,19.81,37848.8,42475.4,27.02,24601.69,,,,
1855,7/15/2026 3:33,20.22,7.06,6.02,20.25,38229,42461.3,27.04,24848.85,,,,
1856,7/15/2026 3:43,20.49,6.86,5.86,20.44,38052.3,42083.8,26.79,24733.98,,,,
1857,7/15/2026 3:53,20.84,6.39,5.47,20.88,38181.1,41795.5,26.61,24817.74,,,,
1858,7/15/2026 4:03,21.01,6.11,5.23,20.98,38403.5,41941.2,26.72,24962.29,,,,
1859,7/15/2026 4:13,21.17,6.09,5.21,21.17,38403.7,41761.5,26.6,24962.38,,,,
1860,7/15/2026 4:23,21.27,5.9,5.05,21.27,38595.8,41876.3,26.69,25087.27,,,,
1861,7/15/2026 4:33,21.41,5.66,4.85,21.36,38274.7,41440.6,26.38,24878.56,,,,
1862,7/15/2026 4:43,21.55,5.51,4.71,21.56,39104.5,42153.1,26.9,25417.92,,,,
1863,7/15/2026 4:53,21.69,5.31,4.55,21.68,38673.5,41567.7,26.49,25137.78,,,,
1864,7/15/2026 5:03,21.8,5.11,4.37,21.8,38944.4,41751.9,26.63,25313.84,,,,
1865,7/15/2026 5:13,21.91,4.91,4.22,21.9,38733.5,41433.9,26.41,25176.79,,,,
1866,7/15/2026 5:23,22.03,4.73,4.06,22.01,39010,41623.4,26.55,25356.5,,,,
1867,7/15/2026 5:33,22.15,4.65,3.99,22.14,38882.4,41368.2,26.37,25273.58,,,,
1868,7/15/2026 5:43,22.26,4.56,3.92,22.25,38794.8,41170.4,26.24,25216.64,,,,
1869,7/15/2026 5:53,22.39,4.4,3.77,22.4,39336.4,41609.2,26.56,25568.64,,,,
1870,7/15/2026 6:03,22.48,4.3,3.7,22.49,38882.9,41050.3,26.16,25273.88,,,,
1871,7/15/2026 6:13,22.57,4.14,3.56,22.58,39025.3,41118.8,26.22,25366.47,,,,
1872,7/15/2026 6:23,22.69,4,3.44,22.69,38957.3,40941.3,26.1,25322.22,,,,
1873,7/15/2026 6:33,22.8,3.91,3.37,22.8,38974.8,40862.5,26.05,25333.64,,,,
1874,7/15/2026 6:43,22.9,3.8,3.27,22.91,38951.5,40738.5,25.96,25318.46,,,,
1875,7/15/2026 6:53,22.98,3.69,3.18,22.97,38998.6,40739.4,25.97,25349.06,,,,
1876,7/15/2026 7:03,23.11,3.57,3.07,23.07,39001.6,40646.3,25.91,25351.02,,,,
1877,7/15/2026 7:13,23.16,3.58,3.08,23.07,39043.1,40692.3,25.94,25378.04,,,,
1878,7/15/2026 7:23,23.21,3.36,2.9,23.2,38989.8,40519.6,25.82,25343.36,,,,
1879,7/15/2026 7:33,23.28,2.94,2.54,23.25,39010.5,40496,25.81,25356.8,,,,
1880,7/15/2026 7:43,23.32,2.93,2.52,23.34,39007.7,40419,25.76,25355.01,,,,
1881,7/15/2026 7:53,23.41,3.07,2.65,23.38,38948.5,40320.8,25.69,25316.54,,,,
1882,7/15/2026 8:03,23.47,2.81,2.42,23.44,38915.8,40237.1,25.63,25295.29,,,,
1883,7/15/2026 8:13,23.39,3.08,2.65,23.34,38942.4,40346.1,25.7,25312.58,,,,
1884,7/15/2026 8:23,23.37,3.04,2.63,23.34,38921.8,40324.7,25.69,25299.14,,,,
1885,7/15/2026 8:33,23.49,2.92,2.52,23.48,38980.9,40264.9,25.65,25337.57,,,,
1886,7/15/2026 8:43,23.49,3.15,2.72,23.43,38912.9,40241.9,25.63,25293.39,,,,
1887,7/15/2026 8:53,23.42,3.22,2.77,23.37,39022.3,40405.1,25.75,25364.5,,,,
1888,7/15/2026 9:03,23.38,4.18,3.61,23.32,38703.7,40117.1,25.54,25157.41,,,,
1889,7/15/2026 9:13,23.37,4.55,3.93,23.35,38458.8,39842.5,25.35,24998.25,,,,
1890,7/15/2026 9:23,23.32,4.81,4.15,23.25,38520,39992.1,25.45,25037.98,,,,
1891,7/15/2026 9:33,23.07,4.96,4.28,22.95,38595.2,40331.4,25.68,25086.88,,,,
1892,7/15/2026 9:43,22.82,5.22,4.5,22.76,38543,40449.8,25.75,25052.97,,,,
1893,7/15/2026 9:53,22.65,5.56,4.8,22.56,38145.9,40208.2,25.57,24794.86,,,,
1894,7/15/2026 10:03,22.47,5.62,4.88,22.4,36670.2,38789,24.57,23835.65,,,,
1895,7/15/2026 10:13,22.39,5.61,4.87,22.31,36133.6,38295.2,24.22,23486.84,,,,
1896,7/15/2026 10:23,22.11,6.08,5.28,21.93,35952.8,38430.8,24.3,23369.29,,,,
1897,7/15/2026 10:33,21.77,6.15,5.36,21.6,34780.7,37454.3,23.6,22607.48,,,,
1898,7/15/2026 10:43,21.37,6.39,5.58,21.26,34227.4,37141.7,23.37,22247.83,,,,
1899,7/15/2026 10:53,21.18,6.65,5.77,21.09,35386.6,38548.8,24.34,23001.28,,,,
1900,7/15/2026 11:03,20.92,6.88,5.99,20.81,34173.6,37472.8,23.57,22212.87,,,,
1901,7/15/2026 11:13,20.63,7.12,6.19,20.5,34220.3,37793.6,23.78,22243.17,,,,
1902,7/15/2026 11:23,20.48,7.26,6.31,20.35,34286.5,37997.9,23.92,22286.21,,,,
1903,7/15/2026 11:33,20.27,7.39,6.42,20.24,34244.4,38051.4,23.95,22258.85,,,,
1904,7/15/2026 11:43,20.09,7.6,6.6,19.89,33820,37885,23.81,21982.98,,,,
1905,7/15/2026 11:53,19.49,8.03,6.97,19.26,33534.6,38133.7,23.95,21797.51,,,,
1906,7/15/2026 12:03,18.83,8.5,7.37,18.58,33193.3,38363.9,24.07,21575.67,,,,
1907,7/15/2026 12:13,17.88,9.21,7.97,17.61,32544.2,38519.7,24.11,21153.7,,,,
1908,7/15/2026 12:23,17.11,9.72,8.4,16.97,32102.8,38616.8,24.13,20866.82,,,,
1909,7/15/2026 12:33,16.87,9.91,8.57,16.76,31764.9,38415.4,23.97,20647.19,,,,
1910,7/15/2026 12:43,16.35,10.37,8.96,16.12,31518.7,38747.7,24.15,20487.13,,,,
1911,7/15/2026 12:53,15.88,10.66,9.2,15.75,31350.5,38912.3,24.23,20377.84,,,,
1912,7/15/2026 13:03,15.69,10.79,9.31,15.59,31175.1,38854.8,24.18,20263.84,,,,
1913,7/15/2026 13:13,15.63,10.69,9.24,15.53,30892.3,38565.5,23.97,20079.97,,,,
1914,7/15/2026 13:23,15.56,10.52,9.08,15.48,30906.3,38625.2,24.01,20089.07,,,,
1915,7/15/2026 13:33,15.36,10.25,8.86,15.22,30697.6,38633.9,23.99,19953.45,,,,
1916,7/15/2026 13:43,15.22,10.88,9.4,15.12,30539.4,38538.2,23.92,19850.6,,,,
1917,7/15/2026 13:53,15.18,11.08,9.56,15.15,30897,38952.4,24.21,20083.04,,,,
1918,7/15/2026 14:03,15.79,10.78,9.31,16.15,31446.4,38626.2,24.07,20440.15,,,,
1919,7/15/2026 14:13,16.74,10.2,8.68,17.09,35182.8,42188.6,26.62,22868.82,,,,
1920,7/15/2026 14:23,17.66,9.78,8.32,17.39,35715.4,42505.6,26.86,23214.98,,,,
1921,7/15/2026 14:33,17.98,9.5,8.1,18.14,36108.5,42186.7,26.7,23470.55,,,,
1922,7/15/2026 14:43,18.65,9.09,7.76,18.68,36578.6,42173,26.73,23776.12,,,,
1923,7/15/2026 14:53,19.14,8.77,7.49,19.19,36790,41907,26.58,23913.51,,,,
1924,7/15/2026 15:03,19.57,8.44,7.21,19.7,37189.1,41849.5,26.57,24172.93,,,,
1925,7/15/2026 15:13,19.95,8.2,7.01,19.97,37366,41775.4,26.54,24287.92,,,,
1926,7/15/2026 15:23,20.31,7.95,6.96,20.36,32608.2,36127.9,22.62,21195.33,,,,
1927,7/15/2026 15:33,20.76,7.7,6.77,20.75,32246.1,35407.8,22.14,20959.97,,,,
1928,7/15/2026 15:43,21,7.57,6.65,21.05,32435.8,35370.6,22.13,21083.27,,,,
1929,7/15/2026 15:53,21.21,7.47,6.56,21.19,32618.4,35453.5,22.19,21201.97,,,,
1930,7/15/2026 16:03,21.38,7.36,6.47,21.41,32813.8,35487.1,22.22,21328.98,,,,
1931,7/15/2026 16:13,21.61,7.18,6.31,21.61,32914.5,35439.8,22.2,21394.43,,,,
1932,7/15/2026 16:23,21.82,7.06,6.21,21.85,32973.1,35309.8,22.12,21432.54,,,,
1933,7/15/2026 16:33,21.99,6.9,6.07,21.99,33057.6,35286.4,22.11,21487.44,,,,
1934,7/15/2026 16:43,22.16,6.77,5.95,22.17,33119.1,35212.8,22.07,21527.39,,,,
1935,7/15/2026 16:53,22.33,6.58,5.79,22.34,33173.2,35134.2,22.02,21562.57,,,,
1936,7/15/2026 17:03,22.47,6.41,5.64,22.48,33400.3,35266.8,22.12,21710.17,,,,
1937,7/15/2026 17:13,22.6,6.26,5.51,22.6,33304.7,35072.8,21.99,21648.08,,,,
1938,7/15/2026 17:23,22.71,6.13,5.4,22.69,33402.3,35105.8,22.01,21711.49,,,,
1939,7/15/2026 17:33,22.77,6,5.29,22.76,33355.4,35003.2,21.94,21681.02,,,,
1940,7/15/2026 17:43,22.84,5.89,5.19,22.81,33368.2,34975.1,21.93,21689.32,,,,
1941,7/15/2026 17:53,22.89,5.75,5.06,22.87,33479.7,35048,21.98,21761.82,,,,
1942,7/15/2026 18:03,22.94,5.69,5.01,22.91,33500.4,35035,21.97,21775.25,,,,
1943,7/15/2026 18:13,22.97,5.58,4.92,22.95,33362.4,34865.4,21.85,21685.53,,,,
1944,7/15/2026 18:23,23.01,5.56,4.91,22.98,33264.8,34738.4,21.77,21622.14,,,,
1945,7/15/2026 18:33,23.04,5.52,4.87,23.01,33408.1,34862.8,21.86,21715.28,,,,
1946,7/15/2026 18:43,23.05,5.41,4.65,23.03,39245.9,40941.3,26.11,25509.86,,,,
1947,7/15/2026 18:53,23.08,5.18,4.45,23.05,39246,40922.6,26.1,25509.89,,,,
1948,7/15/2026 19:03,23.1,5.02,4.32,23.09,39099,40734.4,25.97,25414.32,,,,
1949,7/15/2026 19:13,23.17,4.7,4.05,23.15,39013,40586.3,25.87,25358.46,,,,
1950,7/15/2026 19:23,23.22,4.66,4.02,23.19,39000.8,40544.3,25.84,25350.53,,,,
1951,7/15/2026 19:33,23.24,4.45,3.84,23.22,39039.4,40557.9,25.85,25375.59,,,,
1952,7/15/2026 19:43,23.26,3.9,3.36,23.22,39018.6,40531,25.83,25362.1,,,,
1953,7/15/2026 19:53,23.09,4.58,3.94,23.04,38965.3,40640.5,25.9,25327.42,,,,
1954,7/15/2026 20:03,23.1,4.45,3.83,23.09,39003.8,40638,25.9,25352.49,,,,
1955,7/15/2026 20:13,23.19,4.49,3.87,23.18,39009.8,40564.3,25.85,25356.34,,,,
1956,7/15/2026 20:23,23.2,4.71,4.06,23.15,38929.7,40507.5,25.81,25304.28,,,,
1957,7/15/2026 20:33,23.15,4.85,4.18,23.1,39019,40640.4,25.9,25362.33,,,,
1958,7/15/2026 20:43,22.88,5.61,4.84,22.74,38364.9,40276.2,25.63,24937.18,,,,
1959,7/15/2026 20:53,22.69,5.9,5.08,22.64,38324.9,40322.1,25.66,24911.19,,,,
1960,7/15/2026 21:03,22.59,6,5.17,22.5,38281.5,40402,25.71,24882.96,,,,
1961,7/15/2026 21:13,22.37,6.25,5.38,22.26,38214.5,40543.7,25.8,24839.4,,,,
1962,7/15/2026 21:23,22.19,6.36,5.47,22.11,38145.2,40611,25.84,24794.4,,,,
1963,7/15/2026 21:33,22.03,6.47,5.57,21.96,37730.1,40306.4,25.61,24524.58,,,,
1964,7/15/2026 21:43,21.91,6.54,5.63,21.86,37870.7,40540.8,25.77,24615.93,,,,
1965,7/15/2026 21:53,21.75,6.76,5.84,21.57,37044.3,39918.7,25.32,24078.76,,,,
1966,7/15/2026 22:03,21.4,7.01,6.05,21.28,36666.4,39774.8,25.21,23833.19,,,,
1967,7/15/2026 22:13,21.05,7.27,6.32,20.92,34800.2,38060.7,23.99,22620.15,,,,
1968,7/15/2026 22:23,20.61,7.61,6.61,20.44,34226.3,37852.5,23.82,22247.07,,,,
1969,7/15/2026 22:33,20.32,7.76,6.74,20.21,34372.7,38217.9,24.06,22342.27,,,,
1970,7/15/2026 22:43,20.12,7.89,6.84,20.02,34588.7,38627.2,24.34,22482.68,,,,
1971,7/15/2026 22:53,19.96,7.99,6.93,19.88,34053.4,38159.9,24,22134.73,,,,
1972,7/15/2026 23:03,19.94,7.96,6.92,19.87,33930.2,38027.2,23.91,22054.65,,,,
1973,7/15/2026 23:13,19.67,8.19,7.13,19.47,33029.9,37371.3,23.43,21469.44,,,,
1974,7/15/2026 23:23,19.1,8.61,7.46,18.83,33537,38524.8,24.19,21799.05,,,,
1975,7/15/2026 23:33,18.54,9.02,7.81,18.28,33142.8,38589.5,24.2,21542.84,,,,
1976,7/15/2026 23:43,17.6,9.88,8.5,17.25,33351.8,39831.9,24.99,21678.67,,,,
1977,7/15/2026 23:53,16.92,10.6,9.16,16.82,31932.3,38559.6,24.08,20755.99,,,,
1978,7/16/2026 0:03,16.94,10.72,9.28,16.88,31931,38491.1,24.03,20755.12,,,,
1979,7/16/2026 0:13,16.98,10.79,9.33,16.92,31880.8,38396,23.97,20722.53,,,,
1980,7/16/2026 0:23,17.01,10.8,9.37,16.94,31412.1,37808.7,23.57,20417.85,,,,
1981,7/16/2026 0:33,17.04,10.78,9.34,16.99,31843.7,38285,23.9,20698.38,,,,
1982,7/16/2026 0:43,17.04,10.82,9.33,16.96,32550.7,39167.4,24.51,21157.95,,,,
1983,7/16/2026 0:53,17.03,10.82,9.35,16.94,32198.4,38758,24.22,20928.94,,,,
1984,7/16/2026 1:03,16.99,10.82,9.36,16.9,31934.9,38481.4,24.03,20757.71,,,,
1985,7/16/2026 1:13,16.95,10.72,9.26,16.88,32180.3,38800.5,24.25,20917.2,,,,
1986,7/16/2026 1:23,16.85,10.77,9.3,16.76,32092.4,38805.6,24.24,20860.09,,,,
1987,7/16/2026 1:33,16.81,10.74,9.28,16.72,31827.8,38526.5,24.05,20688.09,,,,
1988,7/16/2026 1:43,16.75,10.74,9.28,16.66,31873.2,38639.9,24.12,20717.58,,,,
1989,7/16/2026 1:53,16.75,10.52,9.11,16.66,31672.7,38396.8,23.95,20587.26,,,,
1990,7/16/2026 2:03,16.74,10.4,9,16.69,31655,38349.2,23.92,20575.74,,,,
1991,7/16/2026 2:13,16.78,10.69,9.24,16.72,31843.2,38542.1,24.06,20698.07,,,,
1992,7/16/2026 2:23,16.87,10.59,9.1,16.84,33225.7,40097.2,25.14,21596.68,,,,
1993,7/16/2026 2:33,16.93,10.36,8.83,16.9,34835.7,41970.5,26.45,22643.17,,,,
1994,7/16/2026 2:43,17.06,10.15,8.62,16.99,35602.2,42807,27.04,23141.44,,,,
1995,7/16/2026 2:53,17.22,9.51,8.09,17.31,35615.7,42478.7,26.84,23150.22,,,,
1996,7/16/2026 3:03,17.43,9.26,7.88,17.42,35825.4,42608.1,26.94,23286.48,,,,
1997,7/16/2026 3:13,17.57,8.91,7.59,17.61,35754.4,42322.5,26.75,23240.37,,,,
1998,7/16/2026 3:23,17.74,8.8,7.5,17.63,35609.7,42132.5,26.62,23146.28,,,,
1999,7/16/2026 3:33,17.92,8.24,7.03,17.85,35850,42180,26.67,23302.48,,,,
2000,7/16/2026 3:43,17.97,8.33,7.1,17.85,35742.7,42056.9,26.59,23232.77,,,,
2001,7/16/2026 3:53,18.09,7.98,6.81,18.09,35930.5,42024.7,26.58,23354.81,,,,
2002,7/16/2026 4:03,18.15,7.53,6.42,18.24,36165.2,42148.4,26.68,23507.41,,,,
2003,7/16/2026 4:13,18.34,7.45,6.35,18.34,36206.3,42098.3,26.65,23534.13,,,,
2004,7/16/2026 4:23,18.41,7.5,6.39,18.36,36425.5,42331.6,26.82,23676.55,,,,
2005,7/16/2026 4:33,18.58,7.12,6.06,18.56,36621.9,42354,26.85,23804.23,,,,
2006,7/16/2026 4:43,18.63,7.06,6.02,18.59,36543.2,42223.4,26.76,23753.1,,,,
2007,7/16/2026 4:53,18.79,6.76,5.77,18.76,36401.4,41893.3,26.54,23660.91,,,,
2008,7/16/2026 5:03,18.9,6.4,5.47,18.82,36600.6,42059.1,26.66,23790.41,,,,
2009,7/16/2026 5:13,18.99,6.39,5.46,18.94,36587.3,41926.5,26.58,23781.73,,,,
2010,7/16/2026 5:23,19.03,6.2,5.29,18.99,36518.1,41796.3,26.49,23736.73,,,,
2011,7/16/2026 5:33,19.12,6.01,5.14,19.03,36395.8,41617.8,26.37,23657.28,,,,
2012,7/16/2026 5:43,19.19,5.87,5.02,19.15,36567.1,41691.6,26.43,23768.64,,,,
2013,7/16/2026 5:53,19.27,5.7,4.88,19.25,36470.7,41475.4,26.28,23705.98,,,,
2014,7/16/2026 6:03,19.36,5.57,4.77,19.31,36520.7,41476.3,26.29,23738.44,,,,
2015,7/16/2026 6:13,19.46,5.45,4.66,19.44,36602,41445.2,26.27,23791.3,,,,
2016,7/16/2026 6:23,19.56,5.32,4.56,19.57,36681.1,41402.9,26.25,23842.69,,,,
2017,7/16/2026 6:33,19.64,5.21,4.46,19.58,36591.2,41286.9,26.17,23784.26,,,,
2018,7/16/2026 6:43,19.71,5.13,4.39,19.69,36715.4,41319.3,26.2,23865.01,,,,
2019,7/16/2026 6:53,19.82,4.97,4.26,19.79,36706.9,41217,26.13,23859.46,,,,
2020,7/16/2026 7:03,19.91,4.89,4.19,19.89,36878.5,41308.3,26.21,23971.03,,,,
2021,7/16/2026 7:13,19.99,4.8,4.12,19.97,36812.6,41159.5,26.11,23928.16,,,,
2022,7/16/2026 7:23,20.1,4.71,4.04,20.08,36684.5,40907.7,25.94,23844.92,,,,
2023,7/16/2026 7:33,20.2,4.6,3.95,20.18,36717.3,40853.2,25.9,23866.23,,,,
2024,7/16/2026 7:43,20.3,4.54,3.9,20.29,36700.2,40732.2,25.82,23855.15,,,,
2025,7/16/2026 7:53,20.41,4.44,3.81,20.39,36826.6,40776.3,25.86,23937.3,,,,
2026,7/16/2026 8:03,20.52,4.32,3.71,20.51,36897.8,40742.2,25.84,23983.55,,,,
2027,7/16/2026 8:13,20.63,4.33,3.72,20.61,37024.8,40783.8,25.88,24066.09,,,,
2028,7/16/2026 8:23,20.74,4.35,3.74,20.71,36889,40539.4,25.71,23977.87,,,,
2029,7/16/2026 8:33,20.85,4.3,3.7,20.82,37088,40660.2,25.8,24107.22,,,,
2030,7/16/2026 8:43,20.95,4.39,3.77,20.94,37166.7,40626.6,25.79,24158.38,,,,
2031,7/16/2026 8:53,21.04,3.85,3.31,20.98,37208.8,40636.4,25.8,24185.7,,,,
2032,7/16/2026 9:03,21.06,4.46,3.84,21.01,37266.7,40677.5,25.83,24223.38,,,,
2033,7/16/2026 9:13,21.03,4.37,3.76,20.99,37196.9,40620.7,25.79,24177.98,,,,
2034,7/16/2026 9:23,21.06,4.27,3.67,21.04,37104,40472.1,25.68,24117.59,,,,
2035,7/16/2026 9:33,21.06,4.3,3.7,20.99,37108.7,40521.6,25.72,24120.68,,,,
2036,7/16/2026 9:43,21.01,4.45,3.83,20.96,37083.1,40518.6,25.71,24104.02,,,,
2037,7/16/2026 9:53,21.21,5.48,4.72,21.2,36903.8,40105.9,25.43,23987.49,,,,
2038,7/16/2026 10:03,21.24,5.54,4.77,21.19,36947.9,40164.7,25.48,24016.11,,,,
2039,7/16/2026 10:13,21.18,5.66,4.87,21.11,37045.7,40339.7,25.59,24079.72,,,,
2040,7/16/2026 10:23,21.08,5.94,5.12,21.03,36998.1,40359.5,25.6,24048.79,,,,
2041,7/16/2026 10:33,20.85,6.08,5.23,20.8,36866,40433.4,25.64,23962.9,,,,
2042,7/16/2026 10:43,20.79,6.18,5.32,20.67,36723,40398.5,25.61,23869.94,,,,
2043,7/16/2026 10:53,20.6,6.33,5.45,20.53,36427.3,40197.8,25.46,23677.75,,,,
2044,7/16/2026 11:03,20.45,6.52,5.63,20.39,35875.7,39720.7,25.12,23319.23,,,,
2045,7/16/2026 11:13,20.17,6.7,5.78,20.06,35260.8,39342.1,24.84,22919.53,,,,
2046,7/16/2026 11:23,19.96,6.75,5.86,19.86,34067,38185.8,24.02,22143.57,,,,
2047,7/16/2026 11:33,19.69,6.92,5.99,19.6,34074.6,38433.9,24.18,22148.52,,,,
2048,7/16/2026 11:43,19.62,7.09,6.15,19.58,33920.6,38273.7,24.06,22048.41,,,,
2049,7/16/2026 11:53,19.47,7.41,6.42,19.36,33966.6,38531.8,24.23,22078.27,,,,
2050,7/16/2026 12:03,19.41,7.48,6.55,19.37,31827.1,36097.2,22.55,20687.64,,,,
2051,7/16/2026 12:13,19.42,7.61,6.61,19.35,33398.1,37892.4,23.79,21708.79,,,,
2052,7/16/2026 12:23,19.42,7.81,6.79,19.35,33252.3,37726.9,23.67,21614,,,,
2053,7/16/2026 12:33,19.41,7.95,6.92,19.28,32859.4,37342.1,23.4,21358.63,,,,
2054,7/16/2026 12:43,19.24,8.2,7.13,19.11,33044.9,37705.3,23.64,21479.18,,,,
2055,7/16/2026 12:53,19.02,8.5,7.39,18.91,32887,37710.6,23.63,21376.57,,,,
2056,7/16/2026 13:03,18.83,8.82,7.66,18.72,32916.3,37912.4,23.76,21395.62,,,,
2057,7/16/2026 13:13,18.37,9.65,8.38,18.12,32437.3,37914.1,23.72,21084.27,,,,
2058,7/16/2026 13:23,17.83,10.13,8.76,17.7,32692.6,38609.8,24.18,21250.21,,,,
2059,7/16/2026 13:33,17.56,10.38,8.99,17.46,32187.7,38247.6,23.91,20922.01,,,,
2060,7/16/2026 13:43,17.48,10.4,9.01,17.42,32133.2,38219.7,23.89,20886.57,,,,
2061,7/16/2026 13:53,17.48,10.37,8.98,17.44,32115.8,38179.1,23.86,20875.26,,,,
2062,7/16/2026 14:03,17.5,10.32,8.94,17.44,32244.9,38332.7,23.97,20959.21,,,,
2063,7/16/2026 14:13,17.47,10.28,8.91,17.42,31893.7,37932,23.69,20730.92,,,,
2064,7/16/2026 14:23,17.53,10.12,8.77,17.48,32073.3,38089,23.8,20847.63,,,,
2065,7/16/2026 14:33,17.58,10.36,8.97,17.51,32124.5,38121.5,23.83,20880.89,,,,
2066,7/16/2026 14:43,17.62,10.4,9,17.58,32577.5,38587.7,24.15,21175.37,,,,
2067,7/16/2026 14:53,17.64,10.49,9.03,17.61,33516,39672.9,24.91,21785.38,,,,
2068,7/16/2026 15:03,17.64,10.51,8.99,17.59,34798.4,41212.2,25.98,22618.94,,,,
2069,7/16/2026 15:13,17.86,10.47,8.93,17.96,35803.8,42014.5,26.57,23272.45,,,,
2070,7/16/2026 15:23,18.74,10.06,8.57,18.89,36912.2,42344.3,26.87,23992.95,,,,
2071,7/16/2026 15:33,18.87,10.04,8.55,19.08,37259.8,42545,27.02,24218.85,,,,
2072,7/16/2026 15:43,19.61,9.68,8.24,19.6,37797.3,42626.8,27.12,24568.22,,,,
2073,7/16/2026 15:53,20.01,9.38,8,20.11,38074.3,42430.9,27.01,24748.3,,,,
2074,7/16/2026 16:03,20.39,9.12,7.78,20.39,38307.5,42416,27.02,24899.88,,,,
2075,7/16/2026 16:13,20.7,8.92,7.61,20.73,38524.6,42316.4,26.97,25041,,,,
2076,7/16/2026 16:23,20.96,8.69,7.42,20.93,38646.8,42256.1,26.94,25120.45,,,,
2077,7/16/2026 16:33,21.15,8.63,7.38,21.13,38839,42272.3,26.96,25245.34,,,,
2078,7/16/2026 16:43,21.39,8.59,7.34,21.45,38960.7,42094.8,26.85,25324.46,,,,
2079,7/16/2026 16:53,21.5,8.55,7.31,21.51,39092.4,42179.9,26.92,25410.05,,,,
2080,7/16/2026 17:03,21.7,8.39,7.17,21.67,39269.9,42222.9,26.95,25525.43,,,,
2081,7/16/2026 17:13,21.78,8.28,7.08,21.77,39315.2,42172.1,26.92,25554.89,,,,
2082,7/16/2026 17:23,21.92,8.16,6.98,21.88,39251.8,41999.6,26.81,25513.67,,,,
2083,7/16/2026 17:33,22.09,8.11,6.93,22.11,39628.8,42193.3,26.96,25758.73,,,,
2084,7/16/2026 17:43,22.26,7.99,6.84,22.27,39524.6,41928.1,26.78,25691.02,,,,
2085,7/16/2026 17:53,22.45,7.8,6.68,22.41,39555.2,41826.7,26.71,25710.85,,,,
2086,7/16/2026 18:03,22.54,7.68,6.58,22.58,39622.6,41745.4,26.66,25754.67,,,,
2087,7/16/2026 18:13,22.68,7.54,6.46,22.66,39579.8,41628.6,26.58,25726.87,,,,
2088,7/16/2026 18:23,22.75,7.38,6.33,22.73,39551.8,41535.9,26.52,25708.66,,,,
2089,7/16/2026 18:33,22.79,7.24,6.22,22.76,39445.5,41388.7,26.42,25639.58,,,,
2090,7/16/2026 18:43,22.77,7.09,6.09,22.71,39369.7,41355.6,26.39,25590.29,,,,
2091,7/16/2026 18:53,22.84,6.94,5.96,22.83,39378.7,41258.7,26.33,25596.18,,,,
2092,7/16/2026 19:03,22.87,6.77,5.82,22.83,39285.1,41160.6,26.26,25535.29,,,,
2093,7/16/2026 19:13,22.84,6.65,5.72,22.82,38967.6,40833.4,26.03,25328.94,,,,
2094,7/16/2026 19:23,22.86,6.6,5.68,22.85,39021.2,40865.3,26.05,25363.78,,,,
2095,7/16/2026 19:33,22.93,6.43,5.54,22.91,39068.9,40864,26.05,25394.79,,,,
2096,7/16/2026 19:43,22.98,6.22,5.35,22.97,39000.2,40741.1,25.97,25350.11,,,,
2097,7/16/2026 19:53,23.09,5.95,5.12,23.08,38861.2,40497.4,25.8,25259.78,,,,
2098,7/16/2026 20:03,23.14,5.78,4.98,23.13,38772.5,40357.3,25.7,25202.15,,,,
2099,7/16/2026 20:13,23.15,5.53,4.78,23.1,38622.6,40230.2,25.61,25104.66,,,,
2100,7/16/2026 20:23,23.13,5.35,4.62,23.06,38584.5,40224.9,25.61,25079.94,,,,
2101,7/16/2026 20:33,22.89,5,4.32,22.85,38159.2,39959.9,25.41,24803.5,,,,
2102,7/16/2026 20:43,23.06,4.94,4.26,23.05,38625.6,40275.7,25.64,25106.63,,,,
2103,7/16/2026 20:53,22.95,4.98,4.3,22.82,38340.8,40176.6,25.56,24921.54,,,,
2104,7/16/2026 21:03,23.15,5.25,4.52,23.15,38893.1,40461.5,25.78,25280.53,,,,
2105,7/16/2026 21:13,23.22,5.26,4.54,23.19,38751.7,40285.3,25.66,25188.57,,,,
2106,7/16/2026 21:23,23.12,5.51,4.76,23.07,38637.4,40269.4,25.64,25114.29,,,,
2107,7/16/2026 21:33,23.08,5.61,4.84,23.02,38646.1,40320.9,25.67,25119.99,,,,
2108,7/16/2026 21:43,22.76,6.08,5.21,22.53,39544.6,41710.1,26.63,25703.96,,,,
2109,7/16/2026 21:53,22.13,6.33,5.44,22.04,38343.8,40888,26.03,24923.5,,,,
2110,7/16/2026 22:03,22.01,6.48,5.57,21.91,38404.3,41067.9,26.15,24962.79,,,,
2111,7/16/2026 22:13,21.74,6.7,5.75,21.63,38135.7,41042.2,26.12,24788.19,,,,
2112,7/16/2026 22:23,21.71,6.9,5.92,21.67,38108.1,40971.1,26.07,24770.29,,,,
2113,7/16/2026 22:33,21.65,6.89,5.92,21.61,38023.1,40937.6,26.04,24715.02,,,,
2114,7/16/2026 22:43,21.66,6.94,5.97,21.62,37892.8,40786.3,25.94,24630.29,,,,
2115,7/16/2026 22:53,21.57,7.08,6.1,21.45,37288.7,40293.8,25.58,24237.67,,,,
2116,7/16/2026 23:03,21.29,7.39,6.4,21.15,36036.1,39208.2,24.8,23423.44,,,,
2117,7/16/2026 23:13,21.01,7.67,6.61,20.93,36765.9,40205,25.49,23897.82,,,,
2118,7/16/2026 23:23,20.88,7.84,6.77,20.78,36021.5,39526.2,25.01,23413.94,,,,
2119,7/16/2026 23:33,20.67,7.99,6.91,20.58,35682.7,39329.9,24.86,23193.73,,,,
2120,7/16/2026 23:43,20.55,8.09,7.01,20.46,34826.9,38495.4,24.27,22637.46,,,,
2121,7/16/2026 23:53,20.43,8.13,7.09,20.38,33673,37294.7,23.43,21887.42,,,,
2122,7/17/2026 0:03,20.41,8.09,7.05,20.36,33486.5,37101,23.29,21766.21,,,,
2123,7/17/2026 0:13,20.34,8.2,7.18,20.24,32499.2,36104.7,22.6,21124.48,,,,
2124,7/17/2026 0:23,20.06,8.45,7.38,19.97,32673.5,36531.7,22.88,21237.75,,,,
2125,7/17/2026 0:33,19.84,8.63,7.54,19.71,32523.4,36591.3,22.91,21140.18,,,,
2126,7/17/2026 0:43,19.27,9.11,7.93,19.04,32772.7,37464.2,23.47,21302.28,,,,
2127,7/17/2026 0:53,18.4,9.78,8.5,18.16,32076.4,37459.4,23.41,20849.63,,,,
2128,7/17/2026 1:03,17.79,10.19,8.83,17.61,32130.8,38036,23.77,20885.01,,,,
2129,7/17/2026 1:13,17.47,10.4,9,17.35,32238.9,38411,24.01,20955.27,,,,
2130,7/17/2026 1:23,17.31,10.49,9.06,17.22,32672.6,39055.7,24.45,21237.18,,,,
2131,7/17/2026 1:33,17.29,10.47,9.03,17.22,32739,39132.1,24.5,21280.34,,,,
2132,7/17/2026 1:43,17.24,10.47,9.03,17.22,32831.2,39242.3,24.58,21340.28,,,,
2133,7/17/2026 1:53,17.26,10.45,9.02,17.21,32602.5,38980.6,24.4,21191.62,,,,
2134,7/17/2026 2:03,17.24,10.47,9,17.17,33314.1,39873.1,25.01,21654.15,,,,
2135,7/17/2026 2:13,17.24,10.43,8.97,17.18,33308.2,39857.1,25,21650.33,,,,
2136,7/17/2026 2:23,17.26,10.39,8.94,17.21,33317.1,39829.1,24.98,21656.13,,,,
2137,7/17/2026 2:33,17.26,10.36,8.92,17.2,33075.2,39557.6,24.8,21498.86,,,,
2138,7/17/2026 2:43,17.27,10.25,8.83,17.21,32925.5,39369.8,24.67,21401.57,,,,
2139,7/17/2026 2:53,17.27,10.14,8.76,17.21,32556.2,38925.3,24.36,21161.53,,,,
2140,7/17/2026 3:03,17.28,10.34,8.92,17.22,32847.3,39258.7,24.59,21350.77,,,,
2141,7/17/2026 3:13,17.34,10.25,8.8,17.28,33705.6,40227.5,25.27,21908.67,,,,
2142,7/17/2026 3:23,17.37,10.08,8.59,17.32,35431.7,42240.3,26.67,23030.63,,,,
2143,7/17/2026 3:33,17.45,9.97,8.47,17.39,36055.7,42913.9,27.15,23436.21,,,,
2144,7/17/2026 3:43,17.55,9.85,8.37,17.43,35872.4,42654.5,26.97,23317.08,,,,
2145,7/17/2026 3:53,17.68,9.36,7.96,17.65,35875,42418.2,26.83,23318.74,,,,
2146,7/17/2026 4:03,17.88,8.82,7.51,17.94,36138.9,42426.4,26.85,23490.29,,,,
2147,7/17/2026 4:13,18.19,8.52,7.26,18.07,36167.1,42323,26.79,23508.59,,,,
2148,7/17/2026 4:23,18.29,7.94,6.76,18.36,36509,42422.6,26.88,23730.88,,,,
2149,7/17/2026 4:33,18.51,7.83,6.67,18.47,36552.6,42362.6,26.85,23759.21,,,,
2150,7/17/2026 4:43,18.74,7.67,6.54,18.72,36689.7,42258.5,26.79,23848.28,,,,
2151,7/17/2026 4:53,18.87,7.41,6.32,18.87,36695.2,42119.5,26.71,23851.91,,,,
2152,7/17/2026 5:03,19.03,7.19,6.13,18.98,37000.9,42358.1,26.88,24050.6,,,,
2153,7/17/2026 5:13,19.13,6.87,5.87,19.11,36575.2,41742.5,26.46,23773.88,,,,
2154,7/17/2026 5:23,19.23,6.72,5.74,19.21,36627.9,41698.5,26.44,23808.11,,,,
2155,7/17/2026 5:33,19.33,6.5,5.56,19.32,36791.8,41775.3,26.5,23914.7,,,,
2156,7/17/2026 5:43,19.38,6.26,5.35,19.34,36768,41730.5,26.47,23899.19,,,,
2157,7/17/2026 5:53,19.44,6.21,5.31,19.41,36774.8,41667.3,26.43,23903.63,,,,
2158,7/17/2026 6:03,19.49,6.08,5.2,19.44,36680.9,41525.7,26.33,23842.58,,,,
2159,7/17/2026 6:13,19.51,5.92,5.06,19.5,36928.1,41749.4,26.49,24003.26,,,,
2160,7/17/2026 6:23,19.56,5.71,4.89,19.49,36785.9,41594.5,26.38,23910.82,,,,
2161,7/17/2026 6:33,19.63,5.55,4.75,19.58,36723.7,41439.4,26.28,23870.41,,,,
2162,7/17/2026 6:43,19.63,5.42,4.64,19.59,36699.9,41400.8,26.25,23854.91,,,,
2163,7/17/2026 6:53,19.7,5.27,4.51,19.7,36727.3,41329.8,26.21,23872.74,,,,
2164,7/17/2026 7:03,19.79,5.19,4.45,19.78,36735.3,41257.6,26.16,23877.95,,,,
2165,7/17/2026 7:13,19.88,5.11,4.38,19.83,36712.5,41180,26.11,23863.15,,,,
2166,7/17/2026 7:23,19.99,5.03,4.31,19.98,36874.6,41223.1,26.15,23968.46,,,,
2167,7/17/2026 7:33,20.08,4.98,4.27,20.04,36797.9,41077.1,26.05,23918.64,,,,
2168,7/17/2026 7:43,20.13,4.88,4.19,20.1,36652.3,40854.7,25.9,23823.97,,,,
2169,7/17/2026 7:53,20.18,4.81,4.13,20.14,36710.1,40885,25.92,23861.55,,,,
2170,7/17/2026 8:03,20.25,4.74,4.07,20.22,36678.3,40772.9,25.85,23840.88,,,,
2171,7/17/2026 8:13,20.33,4.72,4.05,20.3,36731,40752.2,25.84,23875.13,,,,
2172,7/17/2026 8:23,20.43,4.66,4,20.4,36924.8,40876.5,25.93,24001.09,,,,
2173,7/17/2026 8:33,20.52,4.64,3.98,20.49,37022.4,40899.6,25.95,24064.57,,,,
2174,7/17/2026 8:43,20.63,4.6,3.95,20.6,36929.1,40684,25.81,24003.89,,,,
2175,7/17/2026 8:53,20.74,4.46,3.84,20.71,36915.5,40568.4,25.73,23995.06,,,,
2176,7/17/2026 9:03,20.82,4.51,3.88,20.81,36921.4,40480.3,25.68,23998.89,,,,
2177,7/17/2026 9:13,20.93,4.42,3.8,20.9,36866.5,40342.6,25.58,23963.25,,,,
2178,7/17/2026 9:23,21.04,4.46,3.83,21.01,37114.3,40505.5,25.71,24124.28,,,,
2179,7/17/2026 9:33,21.12,4.56,3.93,21.08,37132.9,40465,25.68,24136.39,,,,
2180,7/17/2026 9:43,21.18,4.52,3.89,21.14,37234,40519.9,25.72,24202.1,,,,
2181,7/17/2026 9:53,21.21,4.91,4.22,21.19,37211,40450.7,25.68,24187.13,,,,
2182,7/17/2026 10:03,21.25,4.95,4.27,21.2,37132.4,40357.1,25.61,24136.09,,,,
2183,7/17/2026 10:13,21.24,4.84,4.16,21.2,37292.4,40528.2,25.73,24240.08,,,,
2184,7/17/2026 10:23,21.21,4.68,4.03,21.13,37244.9,40540,25.74,24209.18,,,,
2185,7/17/2026 10:33,21.09,4.72,4.06,21.02,37301.6,40707.2,25.85,24246.03,,,,
2186,7/17/2026 10:43,21.11,5.82,5.01,21.09,37343.2,40680.3,25.83,24273.08,,,,
2187,7/17/2026 10:53,21.12,6,5.16,21.05,37370.1,40748.5,25.88,24290.56,,,,
2188,7/17/2026 11:03,21,6.24,5.36,20.95,37436.4,40915.8,25.99,24333.65,,,,
2189,7/17/2026 11:13,20.97,6.38,5.48,20.92,37303.4,40798.3,25.91,24247.2,,,,
2190,7/17/2026 11:23,20.88,6.54,5.62,20.84,37254.1,40819.9,25.92,24215.19,,,,
2191,7/17/2026 11:33,20.99,6.77,5.82,20.93,37098.1,40565.4,25.74,24113.74,,,,
2192,7/17/2026 11:43,20.86,6.91,5.95,20.79,36887.5,40468.1,25.67,23976.85,,,,
2193,7/17/2026 11:53,20.83,6.99,6.01,20.75,36892.4,40506.8,25.69,23980.03,,,,
2194,7/17/2026 12:03,20.6,7.06,6.07,20.49,36530.5,40350.6,25.57,23744.8,,,,
2195,7/17/2026 12:13,20.43,7.06,6.1,20.35,35502.4,39345.5,24.86,23076.58,,,,
2196,7/17/2026 12:23,20.14,7.14,6.21,20.05,34030.4,37974.6,23.88,22119.76,,,,
2197,7/17/2026 12:33,20.08,7.35,6.41,20,33256.5,37157.5,23.31,21616.7,,,,
2198,7/17/2026 12:43,20.01,7.57,6.53,19.94,35360.5,39563.7,24.98,22984.35,,,,
2199,7/17/2026 12:53,19.95,7.72,6.69,19.9,34396.6,38525.6,24.26,22357.78,,,,
2200,7/17/2026 13:03,19.96,7.83,6.81,19.93,33942.4,37984.9,23.88,22062.55,,,,
2201,7/17/2026 13:13,19.97,7.91,6.87,19.9,34202.5,38302.8,24.1,22231.59,,,,
2202,7/17/2026 13:23,19.91,8.11,7.04,19.84,33951.1,38074.5,23.94,22068.2,,,,
2203,7/17/2026 13:33,19.78,8.32,7.26,19.7,32745.4,36848.9,23.08,21284.48,,,,
2204,7/17/2026 13:43,19.52,8.64,7.53,19.36,32852,37262.2,23.35,21353.77,,,,
2205,7/17/2026 13:53,18.97,9.25,8.02,18.76,33215.8,38221.6,23.98,21590.24,,,,
2206,7/17/2026 14:03,18.69,9.55,8.29,18.59,32686.4,37772.6,23.66,21246.19,,,,
2207,7/17/2026 14:13,18.6,9.71,8.42,18.42,32759,38007.2,23.81,21293.33,,,,
2208,7/17/2026 14:23,18.13,10.1,8.75,17.96,32621,38279.6,23.97,21203.62,,,,
2209,7/17/2026 14:33,17.78,10.36,8.96,17.67,32626.7,38563.2,24.14,21207.34,,,,
2210,7/17/2026 14:43,17.66,10.5,9.1,17.56,32338.3,38324.2,23.97,21019.9,,,,
2211,7/17/2026 14:53,17.65,10.45,9.05,17.57,32282.4,38252.3,23.92,20983.56,,,,
2212,7/17/2026 15:03,17.62,10.31,8.91,17.58,32750.3,38798.1,24.3,21287.69,,,,
2213,7/17/2026 15:13,17.61,10.08,8.72,17.55,32566.7,38606.3,24.16,21168.34,,,,
2214,7/17/2026 15:23,17.55,10.22,8.83,17.37,32738.6,38986.2,24.41,21280.11,,,,
2215,7/17/2026 15:33,17.32,10.66,9.21,17.24,32539.4,38876.2,24.33,21150.62,,,,
2216,7/17/2026 15:43,17.3,10.72,9.25,17.28,32896.6,39264.8,24.6,21382.8,,,,
2217,7/17/2026 15:53,17.51,10.72,9.16,17.57,35042,41519.2,26.19,22777.31,,,,
2218,7/17/2026 16:03,18.16,10.43,8.88,18.3,36538.1,42524.2,26.95,23749.74,,,,
2219,7/17/2026 16:13,18.76,10.19,8.68,18.8,37067,42613.4,27.05,24093.55,,,,
2220,7/17/2026 16:23,19.35,9.9,8.44,19.5,37651.2,42570,27.07,24473.28,,,,
2221,7/17/2026 16:33,19.85,9.6,8.19,19.94,37763.5,42249.3,26.87,24546.28,,,,
2222,7/17/2026 16:43,20.09,9.45,8.07,20.08,37699.7,42045.6,26.74,24504.78,,,,
2223,7/17/2026 16:53,20.42,9.24,7.9,20.42,37881.3,41915.1,26.67,24622.85,,,,
2224,7/17/2026 17:03,20.64,9.12,7.8,20.66,38124.5,41951.9,26.71,24780.94,,,,
2225,7/17/2026 17:13,20.93,8.98,7.68,21,38352.5,41871.2,26.67,24929.14,,,,
2226,7/17/2026 17:23,21.22,8.82,7.55,21.22,38565.6,41894.8,26.7,25067.64,,,,
2227,7/17/2026 17:33,21.44,8.68,7.43,21.4,38493,41637.4,26.53,25020.48,,,,
2228,7/17/2026 17:43,21.55,8.62,7.38,21.57,38662.4,41659.6,26.55,25130.55,,,,
2229,7/17/2026 17:53,21.66,8.56,7.33,21.68,38875,41787.1,26.65,25268.78,,,,
2230,7/17/2026 18:03,21.86,8.45,7.23,21.82,38952.2,41740.6,26.62,25318.9,,,,
2231,7/17/2026 18:13,21.97,8.38,7.18,21.95,39227.7,41914.6,26.75,25498,,,,
2232,7/17/2026 18:23,22.17,8.34,7.14,22.18,39369.7,41850.2,26.72,25590.31,,,,
2233,7/17/2026 18:33,22.29,8.17,7.01,22.34,38985.7,41290.4,26.33,25340.69,,,,
2234,7/17/2026 18:43,22.41,8.04,6.9,22.36,39066.5,41362.2,26.38,25393.21,,,,
2235,7/17/2026 18:53,22.51,7.94,6.82,22.47,39063.4,41251.9,26.31,25391.21,,,,
2236,7/17/2026 19:03,22.6,7.83,6.73,22.55,39093.4,41212.4,26.28,25410.69,,,,
2237,7/17/2026 19:13,22.64,7.72,6.63,22.61,39013.2,41073.3,26.19,25358.55,,,,
2238,7/17/2026 19:23,22.67,7.63,6.56,22.64,39018.9,41057.7,26.18,25362.29,,,,
2239,7/17/2026 19:33,22.69,7.5,6.45,22.68,39066.5,41064.3,26.18,25393.25,,,,
2240,7/17/2026 19:43,22.7,7.38,6.35,22.66,38961.7,40978.5,26.12,25325.13,,,,
2241,7/17/2026 19:53,22.68,7.28,6.26,22.67,38983.2,40990.2,26.13,25339.05,,,,
2242,7/17/2026 20:03,22.72,7.09,6.1,22.67,38962.5,40965.8,26.11,25325.65,,,,
2243,7/17/2026 20:13,22.72,7,6.02,22.7,38947.5,40925.6,26.09,25315.86,,,,
2244,7/17/2026 20:23,22.74,6.78,5.84,22.7,38956.2,40937.5,26.09,25321.53,,,,
2245,7/17/2026 20:33,22.72,6.57,5.65,22.66,38906,40914.5,26.08,25288.89,,,,
2246,7/17/2026 20:43,22.68,6.44,5.55,22.65,38608.9,40612.8,25.86,25095.78,,,,
2247,7/17/2026 20:53,22.68,6.28,5.41,22.67,38521.4,40507.3,25.79,25038.91,,,,
2248,7/17/2026 21:03,22.73,6.16,5.3,22.7,38763.6,40732.3,25.95,25196.31,,,,
2249,7/17/2026 21:13,22.74,5.92,5.09,22.72,38855.1,40809.6,26.01,25255.8,,,,
2250,7/17/2026 21:23,22.63,5.74,4.94,22.47,38582.4,40743.9,25.95,25078.55,,,,
2251,7/17/2026 21:33,22.62,5.55,4.78,22.59,38576.1,40632.1,25.87,25074.48,,,,
2252,7/17/2026 21:43,22.59,5.28,4.55,22.54,38361.9,40454.6,25.75,24935.21,,,,
2253,7/17/2026 21:53,22.67,5.62,4.84,22.65,38465.2,40458.9,25.75,25002.37,,,,
2254,7/17/2026 22:03,22.75,5.4,4.65,22.73,38529.2,40459.4,25.76,25043.99,,,,
2255,7/17/2026 22:13,22.75,5.86,5.04,22.68,38694.8,40678.9,25.91,25151.61,,,,
2256,7/17/2026 22:23,22.69,5.91,5.1,22.64,38068.7,40049.9,25.47,24744.67,,,,
2257,7/17/2026 22:33,22.62,6.15,5.29,22.54,38766.4,40881.2,26.05,25198.13,,,,
2258,7/17/2026 22:43,21.93,6.94,5.99,21.79,37327.7,40021.4,25.41,24263.01,,,,
2259,7/17/2026 22:53,21.85,6.97,6.02,21.81,36903.8,39556.2,25.08,23987.47,,,,
2260,7/17/2026 23:03,21.81,7.1,6.12,21.71,37273.1,40035.5,25.41,24227.51,,,,
2261,7/17/2026 23:13,21.58,7.37,6.34,21.51,37616.6,40590.3,25.79,24450.78,,,,
2262,7/17/2026 23:23,21.57,7.44,6.41,21.51,37471.3,40436.3,25.68,24356.36,,,,
2263,7/17/2026 23:33,21.45,7.5,6.44,21.38,38037.3,41164,26.19,24724.23,,,,
2264,7/17/2026 23:43,21.45,7.52,6.46,21.44,37865.8,40925.6,26.02,24612.74,,,,
2265,7/17/2026 23:53,21.32,7.79,6.71,21.19,36937.7,40148.2,25.46,24009.49,,,,
2266,7/18/2026 0:03,21.12,7.98,6.87,21.03,36995.5,40356.6,25.6,24047.06,,,,
2267,7/18/2026 0:13,20.97,8.19,7.02,20.9,37730.3,41287.8,26.25,24524.7,,,,
2268,7/18/2026 0:23,20.82,8.37,7.2,20.72,36814.9,40452.4,25.65,23929.71,,,,
2269,7/18/2026 0:33,20.61,8.51,7.35,20.52,35738.9,39446.3,24.94,23230.3,,,,
2270,7/18/2026 0:43,20.5,8.56,7.41,20.42,35322.6,39078.5,24.67,22959.71,,,,
2271,7/18/2026 0:53,20.39,8.6,7.42,20.33,35911.3,39815.2,25.18,23342.38,,,,
2272,7/18/2026 1:03,20.33,8.62,7.42,20.28,36113.2,40089,25.37,23473.57,,,,
2273,7/18/2026 1:13,20.28,8.59,7.41,20.23,35579.3,39543,24.99,23126.57,,,,
2274,7/18/2026 1:23,20.09,8.79,7.56,19.99,36199.9,40451.9,25.61,23529.9,,,,
2275,7/18/2026 1:33,19.86,8.95,7.71,19.72,35680.9,40132.5,25.37,23192.57,,,,
2276,7/18/2026 1:43,19.44,9.09,7.83,19.25,35152.4,39984.7,25.24,22849.08,,,,
2277,7/18/2026 1:53,18.9,9.51,8.22,18.56,33812.3,39101.9,24.58,21978.02,,,,
2278,7/18/2026 2:03,18.02,10.04,8.65,17.76,33671.8,39710.5,24.94,21886.65,,,,
2279,7/18/2026 2:13,17.45,10.36,8.9,17.31,33695.4,40188.3,25.24,21901.99,,,,
2280,7/18/2026 2:23,17.18,10.52,9.03,17.07,33708.3,40444.8,25.4,21910.41,,,,
2281,7/18/2026 2:33,17.04,10.59,9.09,16.95,33481.1,40289.9,25.28,21762.69,,,,
2282,7/18/2026 2:43,16.93,10.64,9.13,16.84,33454.9,40373.8,25.33,21745.71,,,,
2283,7/18/2026 2:53,16.86,10.67,9.13,16.77,33795.1,40858.4,25.66,21966.85,,,,
2284,7/18/2026 3:03,16.83,10.61,9.07,16.77,34189.3,41328.6,25.99,22223.03,,,,
2285,7/18/2026 3:13,16.8,10.57,9.02,16.73,34350.2,41570.3,26.16,22327.63,,,,
2286,7/18/2026 3:23,16.78,10.52,9.02,16.71,33524.2,40592.1,25.47,21790.72,,,,
2287,7/18/2026 3:33,16.77,10.31,8.83,16.7,33719.8,40838.2,25.64,21917.84,,,,
2288,7/18/2026 3:43,16.76,9.98,8.55,16.7,33570.2,40660.2,25.52,21820.66,,,,
2289,7/18/2026 3:53,16.77,10.51,9.02,16.71,33259.7,40275,25.25,21618.82,,,,
2290,7/18/2026 4:03,16.82,10.67,9.13,16.79,33953.7,41031.5,25.79,22069.93,,,,
2291,7/18/2026 4:13,16.82,10.75,9.16,16.78,34764.4,42017.5,26.47,22596.87,,,,
2292,7/18/2026 4:23,16.99,10.56,9.01,16.95,34822.4,41910.3,26.41,22634.56,,,,
2293,7/18/2026 4:33,17.15,10.31,8.78,17.11,35299.8,42309.9,26.7,22944.85,,,,
2294,7/18/2026 4:43,17.37,9.92,8.45,17.43,35452.1,42157.9,26.62,23043.89,,,,
2295,7/18/2026 4:53,17.84,9.27,7.89,17.96,36277.4,42570.3,26.96,23580.31,,,,
2296,7/18/2026 5:03,18.3,8.81,7.5,18.31,36660.8,42654.6,27.04,23829.55,,,,
2297,7/18/2026 5:13,18.6,8.34,7.1,18.65,36873.9,42544.1,26.99,23968.01,,,,
2298,7/18/2026 5:23,19.07,7.84,6.69,19.12,37058.1,42281.5,26.84,24087.78,,,,
2299,7/18/2026 5:33,19.27,7.82,6.67,19.22,37233.6,42376.1,26.91,24201.85,,,,
2300,7/18/2026 5:43,19.36,7.52,6.41,19.36,37244.4,42244.3,26.83,24208.86,,,,
2301,7/18/2026 5:53,19.53,7.37,6.29,19.51,37322.8,42186.7,26.8,24259.82,,,,
2302,7/18/2026 6:03,19.6,7.07,6.04,19.58,37391.1,42195.5,26.81,24304.23,,,,
2303,7/18/2026 6:13,19.7,6.76,5.77,19.66,37460.1,42190.1,26.81,24349.1,,,,
2304,7/18/2026 6:23,19.76,6.84,5.84,19.75,37563.7,42217.6,26.84,24416.39,,,,
2305,7/18/2026 6:33,19.83,6.42,5.48,19.79,37535.9,42150.9,26.79,24398.33,,,,
2306,7/18/2026 6:43,19.87,6.16,5.26,19.78,37588.8,42213.3,26.84,24432.75,,,,
2307,7/18/2026 6:53,19.91,6.27,5.36,19.9,37656,42173.3,26.82,24476.41,,,,
2308,7/18/2026 7:03,19.94,6.04,5.16,19.94,37608.2,42081.5,26.75,24445.33,,,,
2309,7/18/2026 7:13,20.02,5.88,5.02,20.04,37652,42030.5,26.72,24473.78,,,,
2310,7/18/2026 7:23,20.07,5.67,4.84,20.03,37574,41949.3,26.67,24423.12,,,,
2311,7/18/2026 7:33,20.11,5.46,4.67,20.04,37626.6,41999.3,26.7,24457.28,,,,
2312,7/18/2026 7:43,20.21,5.43,4.64,20.2,37632.7,41848.4,26.61,24461.24,,,,
2313,7/18/2026 7:53,20.32,5.3,4.54,20.27,37448.2,41579.7,26.42,24341.36,,,,
2314,7/18/2026 8:03,20.38,5.24,4.48,20.36,37720.6,41789.3,26.57,24518.39,,,,
2315,7/18/2026 8:13,20.47,5.14,4.4,20.44,37708.8,41701.1,26.52,24510.71,,,,
2316,7/18/2026 8:23,20.54,5.05,4.33,20.5,37700.4,41631.3,26.47,24505.25,,,,
2317,7/18/2026 8:33,20.59,4.92,4.21,20.54,37687.7,41580,26.44,24497.02,,,,
2318,7/18/2026 8:43,20.65,4.93,4.22,20.63,37724.9,41535,26.41,24521.17,,,,
2319,7/18/2026 8:53,20.73,4.85,4.15,20.69,37693.1,41445.8,26.35,24500.5,,,,
2320,7/18/2026 9:03,20.79,4.8,4.11,20.75,37774.6,41472.7,26.37,24553.51,,,,
2321,7/18/2026 9:13,20.85,4.72,4.05,20.82,37743.6,41378.9,26.31,24533.33,,,,
2322,7/18/2026 9:23,20.93,4.65,3.99,20.91,37704.1,41250.7,26.22,24507.63,,,,
2323,7/18/2026 9:33,21.02,4.48,3.84,20.99,37842.3,41322.7,26.28,24597.49,,,,
2324,7/18/2026 9:43,21.11,4.42,3.79,21.1,37844.9,41221.2,26.21,24599.18,,,,
2325,7/18/2026 9:53,21.26,4.47,3.84,21.28,37921.6,41139.2,26.17,24649.06,,,,
2326,7/18/2026 10:03,21.29,4,3.43,21.25,37922.9,41160.2,26.18,24649.88,,,,
2327,7/18/2026 10:13,21.35,4.2,3.6,21.32,37918.8,41091.5,26.14,24647.22,,,,
2328,7/18/2026 10:23,21.58,4.91,4.22,21.55,38118.4,41092.9,26.15,24776.96,,,,
2329,7/18/2026 10:33,21.5,4.81,4.13,21.44,38018.4,41093.4,26.14,24711.95,,,,
2330,7/18/2026 10:43,21.46,4.78,4.11,21.41,38058.4,41161.7,26.19,24737.98,,,,
2331,7/18/2026 10:53,21.5,4.49,3.85,21.48,38028.7,41062.8,26.12,24718.67,,,,
2332,7/18/2026 11:03,21.5,4.6,3.95,21.45,38043.2,41111.8,26.16,24728.07,,,,
2333,7/18/2026 11:13,21.4,4.83,4.14,21.33,38008.3,41185.6,26.2,24705.36,,,,
2334,7/18/2026 11:23,21.33,6.08,5.23,21.28,37716,40916.1,26.01,24515.38,,,,
2335,7/18/2026 11:33,21.31,6.5,5.58,21.26,37600.4,40804.6,25.93,24440.26,,,,
2336,7/18/2026 11:43,21.29,6.36,5.46,21.23,37739,40985.6,26.06,24530.33,,,,
2337,7/18/2026 11:53,21.27,6.55,5.62,21.27,37806.3,41019.6,26.08,24574.06,,,,
2338,7/18/2026 12:03,21.19,6.5,5.58,21.1,37683.7,41048.4,26.09,24494.39,,,,
2339,7/18/2026 12:13,21.27,6.54,5.61,21.25,37873.4,41114.8,26.15,24617.7,,,,
2340,7/18/2026 12:23,21.12,6.89,5.91,21.01,37718.8,41168.1,26.17,24517.24,,,,
2341,7/18/2026 12:33,20.95,6.81,5.85,20.86,37460,41028.6,26.07,24349.02,,,,
2342,7/18/2026 12:43,20.76,7.14,6.13,20.68,37058.6,40756.5,25.86,24088.1,,,,
2343,7/18/2026 12:53,20.6,7.27,6.25,20.52,36745.8,40563.2,25.72,23884.76,,,,
2344,7/18/2026 13:03,20.44,7.25,6.25,20.34,36254.5,40187.3,25.44,23565.4,,,,
2345,7/18/2026 13:13,20.27,7.38,6.35,20.2,36415.2,40497.4,25.65,23669.91,,,,
2346,7/18/2026 13:23,20.18,7.48,6.41,20.13,37132.4,41361.1,26.26,24136.07,,,,
2347,7/18/2026 13:33,19.99,7.86,6.79,19.9,34972,39170,24.71,22731.79,,,,
2348,7/18/2026 13:43,19.9,7.94,6.85,19.85,35460.9,39756.6,25.11,23049.56,,,,
2349,7/18/2026 13:53,19.88,7.98,6.87,19.81,35601.1,39955.8,25.25,23140.72,,,,
2350,7/18/2026 14:03,19.86,8.08,6.94,19.81,36335,40782.3,25.83,23617.73,,,,
2351,7/18/2026 14:13,19.78,8.17,7.04,19.65,35392,39874.9,25.18,23004.83,,,,
2352,7/18/2026 14:23,19.53,8.36,7.19,19.42,35514.8,40231.2,25.42,23084.62,,,,
2353,7/18/2026 14:33,19.18,8.67,7.47,19,34994.5,40035.5,25.26,22746.45,,,,
2354,7/18/2026 14:43,18.78,9,7.74,18.62,34828.2,40212.8,25.35,22638.33,,,,
2355,7/18/2026 14:53,18.24,9.5,8.16,17.98,34431.9,40383.9,25.43,22380.71,,,,
2356,7/18/2026 15:03,17.32,10.22,8.76,17.04,33823.4,40607.1,25.51,21985.18,,,,
2357,7/18/2026 15:13,16.86,10.5,8.98,16.73,33896.3,41024,25.78,22032.56,,,,
2358,7/18/2026 15:23,16.68,10.58,9.07,16.58,33411.2,40584.3,25.46,21717.25,,,,
2359,7/18/2026 15:33,16.62,10.62,9.09,16.54,33640.4,40906.2,25.68,21866.24,,,,
2360,7/18/2026 15:43,16.59,10.56,9.04,16.51,33529.1,40805.1,25.6,21793.93,,,,
2361,7/18/2026 15:53,16.58,10.23,8.77,16.5,33309.4,40546.9,25.42,21651.11,,,,
2362,7/18/2026 16:03,16.54,10.23,8.78,16.47,32987.1,40182.2,25.17,21441.64,,,,
2363,7/18/2026 16:13,16.56,10.44,8.92,16.49,33845.4,41208.8,25.88,21999.51,,,,
2364,7/18/2026 16:23,16.59,10.78,9.21,16.53,33977.9,41326,25.97,22085.6,,,,
2365,7/18/2026 16:33,16.98,10.53,8.99,17.08,34631.5,41543.1,26.17,22510.47,,,,
2366,7/18/2026 16:43,17.29,10.33,8.78,17.27,35691.7,42610.6,26.93,23199.63,,,,
2367,7/18/2026 16:53,17.37,10.33,8.77,17.35,36035.1,42934,27.16,23422.79,,,,
2368,7/18/2026 17:03,17.71,10.07,8.56,17.64,36213.5,42831.1,27.11,23538.76,,,,
2369,7/18/2026 17:13,17.91,9.93,8.44,17.9,36474.9,42868,27.16,23708.7,,,,
2370,7/18/2026 17:23,18.48,9.44,8.03,18.5,36931.6,42767.8,27.14,24005.54,,,,
2371,7/18/2026 17:33,19.03,8.99,7.66,19.08,37238.5,42526.8,27.01,24205.05,,,,
2372,7/18/2026 17:43,19.41,8.7,7.42,19.41,37460.9,42441.7,26.97,24349.57,,,,
2373,7/18/2026 17:53,19.66,8.47,7.22,19.67,37613.9,42351.3,26.93,24449.01,,,,
2374,7/18/2026 18:03,19.88,8.26,7.05,19.87,37756,42314.9,26.91,24541.4,,,,
2375,7/18/2026 18:13,19.98,8.19,6.99,19.94,37770.6,42257.2,26.88,24550.87,,,,
2376,7/18/2026 18:23,20.09,8.02,6.84,20.07,37864.2,42235,26.87,24611.71,,,,
2377,7/18/2026 18:33,20.21,7.85,6.7,20.21,37949,42194.3,26.85,24666.87,,,,
2378,7/18/2026 18:43,20.33,7.8,6.67,20.31,37925.3,42068.5,26.77,24651.46,,,,
2379,7/18/2026 18:53,20.44,7.67,6.55,20.41,38052.5,42113.2,26.8,24734.1,,,,
2380,7/18/2026 19:03,20.54,7.58,6.48,20.51,37987.3,41945.2,26.69,24691.72,,,,
2381,7/18/2026 19:13,20.63,7.46,6.37,20.62,38121.4,41983.2,26.73,24778.92,,,,
2382,7/18/2026 19:23,20.75,7.32,6.26,20.73,38142.4,41896.6,26.67,24792.59,,,,
2383,7/18/2026 19:33,20.85,7.21,6.16,20.82,38299.3,41982.4,26.74,24894.55,,,,
2384,7/18/2026 19:43,20.93,7.11,6.09,20.9,38296.5,41907.4,26.69,24892.71,,,,
2385,7/18/2026 19:53,21,7,5.99,20.97,38322.2,41863.9,26.66,24909.44,,,,
2386,7/18/2026 20:03,21.08,6.88,5.89,21.05,38392.7,41863.6,26.67,24955.28,,,,
2387,7/18/2026 20:13,21.14,6.77,5.79,21.11,38337.4,41746.3,26.59,24919.31,,,,
2388,7/18/2026 20:23,21.19,6.67,5.71,21.16,38419.4,41787.2,26.62,24972.63,,,,
2389,7/18/2026 20:33,21.26,6.54,5.6,21.22,38384.3,41689.3,26.55,24949.76,,,,
2390,7/18/2026 20:43,21.31,6.43,5.5,21.28,38474.8,41730.8,26.59,25008.62,,,,
2391,7/18/2026 20:53,21.37,6.3,5.4,21.34,38443.1,41639.8,26.52,24987.99,,,,
2392,7/18/2026 21:03,21.41,6.2,5.31,21.37,38451.6,41620.9,26.51,24993.57,,,,
2393,7/18/2026 21:13,21.44,6,5.14,21.4,38572,41728.4,26.59,25071.77,,,,
2394,7/18/2026 21:23,21.45,5.93,5.08,21.41,38559.9,41706.9,26.57,25063.9,,,,
2395,7/18/2026 21:33,21.45,5.91,5.06,21.41,38583.4,41726.6,26.59,25079.19,,,,
2396,7/18/2026 21:43,21.45,5.75,4.93,21.41,38456.5,41589.5,26.49,24996.74,,,,
2397,7/18/2026 21:53,21.46,5.62,4.81,21.42,38547.9,41679.8,26.56,25056.12,,,,
2398,7/18/2026 22:03,21.49,5.27,4.52,21.47,38470.9,41548.7,26.47,25006.07,,,,
2399,7/18/2026 22:13,21.51,5.34,4.58,21.48,38506.2,41581.2,26.49,25029.02,,,,
2400,7/18/2026 22:23,21.42,4.85,4.16,21.37,38455.7,41628,26.52,24996.17,,,,
2401,7/18/2026 22:33,21.38,5.1,4.36,21.34,38499.5,41703.7,26.57,25024.65,,,,
2402,7/18/2026 22:43,21.45,4.89,4.19,21.42,38423.1,41547.8,26.46,24975.04,,,,
2403,7/18/2026 22:53,21.5,4.96,4.25,21.48,38370.5,41437.5,26.39,24940.84,,,,
2404,7/18/2026 23:03,21.57,5.26,4.51,21.52,38461.9,41491.2,26.43,25000.21,,,,
2405,7/18/2026 23:13,21.52,5.47,4.69,21.48,38514.4,41592.9,26.5,25034.36,,,,
2406,7/18/2026 23:23,21.5,5.64,4.83,21.45,38523.4,41630.8,26.52,25040.23,,,,
2407,7/18/2026 23:33,21.32,6.42,5.5,21.19,38185.8,41507.5,26.42,24820.74,,,,
2408,7/18/2026 23:43,21.14,6.79,5.82,21.08,38083.4,41500.8,26.41,24754.22,,,,
2409,7/18/2026 23:53,21.04,6.86,5.87,20.97,38234.7,41765.5,26.59,24852.57,,,,
2410,7/19/2026 0:03,20.92,7.14,6.11,20.83,38143.7,41800.4,26.61,24793.43,,,,
2411,7/19/2026 0:13,20.85,6.99,5.98,20.8,38090.8,41773.8,26.59,24759,,,,
2412,7/19/2026 0:23,20.81,7.06,6.04,20.75,38014.8,41742.1,26.56,24709.63,,,,
2413,7/19/2026 0:33,20.77,6.99,5.98,20.72,38109.1,41868.6,26.65,24770.91,,,,
2414,7/19/2026 0:43,20.68,7.27,6.21,20.6,38024.2,41899.2,26.66,24715.71,,,,
2415,7/19/2026 0:53,20.54,7.43,6.37,20.44,37269,41217.6,26.17,24224.88,,,,
2416,7/19/2026 1:03,20.35,7.56,6.44,20.26,38365.4,42606.9,27.14,24937.49,,,,
2417,7/19/2026 1:13,20.2,7.64,6.52,20.1,38028.5,42391.7,26.98,24718.54,,,,
2418,7/19/2026 1:23,19.98,7.88,6.72,19.89,38030.2,42604.3,27.12,24719.65,,,,
2419,7/19/2026 1:33,19.87,7.98,6.8,19.77,37762.7,42417.4,26.98,24545.75,,,,
2420,7/19/2026 1:43,19.71,8.06,6.89,19.63,37095,41814.1,26.54,24111.72,,,,
2421,7/19/2026 1:53,19.65,8.18,7.02,19.58,36268.6,40925.8,25.92,23574.59,,,,
2422,7/19/2026 2:03,19.62,8.2,7.02,19.6,36615.9,41294.4,26.18,23800.31,,,,
2423,7/19/2026 2:13,19.62,8.17,7,19.53,36463.3,41192,26.1,23701.13,,,,
2424,7/19/2026 2:23,19.41,8.26,7.07,19.35,36431.5,41336.9,26.19,23680.47,,,,
2425,7/19/2026 2:33,18.95,8.64,7.39,18.77,36246.3,41699.9,26.41,23560.12,,,,
2426,7/19/2026 2:43,18.27,8.99,7.68,17.92,35624,41846.5,26.45,23155.63,,,,
2427,7/19/2026 2:53,16.62,9.71,8.26,16.21,34502.8,42318.6,26.63,22426.81,,,,
2428,7/19/2026 3:03,15.34,10.32,8.76,14.88,33618.3,42694,26.76,21851.9,,,,
2429,7/19/2026 3:13,14.13,10.78,9.13,14.04,33099.8,43000.3,26.88,21514.86,,,,
2430,7/19/2026 3:23,13.54,10.92,9.23,13.32,32645.8,43261.1,26.97,21219.78,,,,
2431,7/19/2026 3:33,12.89,11.15,9.49,12.68,30977.8,41789.9,25.88,20135.54,,,,
2432,7/19/2026 3:43,12.54,11.28,9.57,12.42,31153.6,42338.6,26.23,20249.86,,,,
2433,7/19/2026 3:53,12.26,11.41,9.71,12.14,30327.6,41549.5,25.65,19712.96,,,,
2434,7/19/2026 4:03,12.14,11.46,9.76,12.08,30212.1,41467.1,25.59,19637.87,,,,
2435,7/19/2026 4:13,12.11,11.38,9.7,12.04,30163.4,41443.6,25.57,19606.22,,,,
2436,7/19/2026 4:23,12.08,11.16,9.5,12.04,30154.3,41427.5,25.56,19600.29,,,,
2437,7/19/2026 4:33,12.07,10.78,9.18,12.06,30175.3,41434.6,25.56,19613.93,,,,
2438,7/19/2026 4:43,12.05,11.53,9.81,11.98,30350.5,41773.7,25.78,19727.82,,,,
2439,7/19/2026 4:53,12.33,11.55,9.83,12.56,30748.6,41623.1,25.76,19986.59,,,,
2440,7/19/2026 5:03,13.18,11.15,9.48,13.21,31547.7,41932.4,26.05,20506.04,,,,
2441,7/19/2026 5:13,13.55,10.96,9.28,13.98,33093.2,43058.6,26.91,21510.58,,,,
2442,7/19/2026 5:23,15.04,10.08,8.53,15.31,34596.8,43438.2,27.32,22487.89,,,,
2443,7/19/2026 5:33,16,9.6,8.12,16.29,35689.8,43677.3,27.59,23198.39,,,,
2444,7/19/2026 5:43,16.33,9.5,8.05,16.13,35381,43482.5,27.44,22997.67,,,,
2445,7/19/2026 5:53,16.68,9.12,7.71,16.78,36301.7,43878.8,27.77,23596.08,,,,
2446,7/19/2026 6:03,17.31,8.65,7.35,17.46,35931.6,42686.9,27,23355.54,,,,
2447,7/19/2026 6:13,18.16,8.15,6.94,18.28,36496.9,42494.7,26.93,23722.96,,,,
2448,7/19/2026 6:23,18.71,7.76,6.62,18.71,36578.9,42143,26.71,23776.26,,,,
2449,7/19/2026 6:33,19.05,7.38,6.29,19.09,37020.8,42269,26.83,24063.5,,,,
2450,7/19/2026 6:43,19.21,7.29,6.21,19.19,37220.4,42391.2,26.92,24193.25,,,,
2451,7/19/2026 6:53,19.32,7.17,6.1,19.33,37503.5,42571.4,27.06,24377.3,,,,
2452,7/19/2026 7:03,19.46,6.89,5.88,19.44,37207.2,42124.5,26.75,24184.68,,,,
2453,7/19/2026 7:13,19.51,6.81,5.81,19.44,37358,42292.3,26.87,24282.71,,,,
2454,7/19/2026 7:23,19.52,6.65,5.67,19.41,37199.4,42145.5,26.76,24179.6,,,,
2455,7/19/2026 7:33,19.62,6.76,5.77,19.63,37571.7,42351.4,26.92,24421.58,,,,
2456,7/19/2026 7:43,19.74,6.61,5.64,19.75,37685.1,42357,26.94,24495.33,,,,
2457,7/19/2026 7:53,19.82,6.52,5.56,19.81,37664.5,42274.5,26.88,24481.91,,,,
2458,7/19/2026 8:03,19.91,6.25,5.34,19.87,37614,42152.8,26.8,24449.09,,,,
2459,7/19/2026 8:13,20.02,6.19,5.28,19.98,37761.9,42215.1,26.85,24545.24,,,,
2460,7/19/2026 8:23,20.11,6.11,5.21,20.09,37905,42262.9,26.89,24638.25,,,,
2461,7/19/2026 8:33,20.2,6,5.12,20.16,37805.1,42078.1,26.76,24573.29,,,,
2462,7/19/2026 8:43,20.27,5.99,5.12,20.25,37928.3,42133.2,26.81,24653.38,,,,
2463,7/19/2026 8:53,20.34,5.96,5.1,20.32,37830.2,41951.4,26.69,24589.63,,,,
2464,7/19/2026 9:03,20.42,5.97,5.1,20.39,37865.6,41926.7,26.67,24612.64,,,,
2465,7/19/2026 9:13,20.5,5.98,5.11,20.48,37933.9,41915.2,26.67,24657.03,,,,
2466,7/19/2026 9:23,20.59,6.01,5.14,20.56,38154.4,42080.4,26.79,24800.35,,,,
2467,7/19/2026 9:33,20.69,5.99,5.12,20.66,38179.1,42009.1,26.75,24816.44,,,,
2468,7/19/2026 9:43,20.78,5.98,5.11,20.75,38298.9,42054.1,26.78,24894.3,,,,
2469,7/19/2026 9:53,20.88,5.92,5.06,20.84,38369.4,42042,26.78,24940.13,,,,
2470,7/19/2026 10:03,20.97,5.97,5.1,20.94,38330.7,41898.9,26.68,24914.93,,,,
2471,7/19/2026 10:13,21.06,5.97,5.11,21.04,38318.9,41797.3,26.62,24907.25,,,,
2472,7/19/2026 10:23,21.18,5.85,5.01,21.15,38394.6,41768.7,26.6,24956.49,,,,
2473,7/19/2026 10:33,21.28,5.81,4.98,21.25,38495.3,41784.3,26.62,25021.94,,,,
2474,7/19/2026 10:43,21.41,5.74,4.91,21.37,38536.5,41715.5,26.58,25048.73,,,,
2475,7/19/2026 10:53,21.5,5.39,4.62,21.47,38578.1,41664.5,26.55,25075.76,,,,
2476,7/19/2026 11:03,21.53,5.82,4.99,21.48,38514.3,41587.1,26.49,25034.3,,,,
2477,7/19/2026 11:13,21.59,6,5.14,21.56,38549.1,41554.4,26.47,25056.93,,,,
2478,7/19/2026 11:23,21.63,6.2,5.32,21.61,38596.8,41558,26.48,25087.89,,,,
2479,7/19/2026 11:33,21.78,6.37,5.46,21.72,38790.1,41659.3,26.56,25213.58,,,,
2480,7/19/2026 11:43,21.69,6.17,5.28,21.62,39092.2,42082.9,26.85,25409.91,,,,
2481,7/19/2026 11:53,21.54,6.05,5.17,21.46,38902.1,42022.9,26.8,25286.34,,,,
2482,7/19/2026 12:03,21.4,6.21,5.33,21.33,37952.5,41122.4,26.16,24669.13,,,,
2483,7/19/2026 12:13,21.3,7.27,6.24,21.21,37710.4,40968.5,26.04,24511.76,,,,
2484,7/19/2026 12:23,21.21,7.33,6.29,21.16,37770,41080.8,26.12,24550.52,,,,
2485,7/19/2026 12:33,21.16,7.49,6.43,21.12,37724.3,41073.1,26.11,24520.79,,,,
2486,7/19/2026 12:43,21.2,7.63,6.55,21.16,37970.8,41299.2,26.27,24681.02,,,,
2487,7/19/2026 12:53,21.19,7.83,6.71,21.15,38387.5,41766.7,26.6,24951.9,,,,
2488,7/19/2026 13:03,21.18,7.93,6.79,21.09,38410.8,41849,26.66,24967.01,,,,
2489,7/19/2026 13:13,21.03,8.03,6.88,20.95,37874.7,41392,26.33,24618.56,,,,
2490,7/19/2026 13:23,20.91,8.06,6.91,20.82,37954.5,41604.4,26.47,24670.43,,,,
2491,7/19/2026 13:33,20.68,8.06,6.89,20.58,37999.5,41883.5,26.65,24699.66,,,,
2492,7/19/2026 13:43,20.53,8.11,6.94,20.45,37695.8,41681,26.5,24502.28,,,,
2493,7/19/2026 13:53,20.2,8.25,7.07,20.02,36846,41153.8,26.1,23949.91,,,,
2494,7/19/2026 14:03,19.82,8.45,7.25,19.69,36288.5,40841.7,25.86,23587.51,,,,
2495,7/19/2026 14:13,19.68,8.52,7.32,19.61,35953.9,40539.2,25.65,23370.01,,,,
2496,7/19/2026 14:23,19.54,8.62,7.43,19.46,35161.9,39789.1,25.11,22855.21,,,,
2497,7/19/2026 14:33,19.41,8.74,7.52,19.33,35373.2,40153.2,25.36,22992.6,,,,
2498,7/19/2026 14:43,19.27,8.87,7.64,19.18,35142.4,40033,25.27,22842.55,,,,
2499,7/19/2026 14:53,19.13,8.97,7.73,19,34558.4,39545,24.91,22462.96,,,,
2500,7/19/2026 15:03,19,9.15,7.9,18.94,34210,39196.7,24.67,22236.5,,,,
2501,7/19/2026 15:13,18.52,9.3,8.04,18.3,33543.6,39036.3,24.51,21803.37,,,,
2502,7/19/2026 15:23,17.86,9.57,8.33,17.58,31544.9,37364.5,23.31,20504.16,,,,
2503,7/19/2026 15:33,16.6,9.92,8.64,16.25,30082.9,36852.2,22.86,19553.87,,,,
2504,7/19/2026 15:43,15.3,10.37,8.99,14.95,29624.9,37547.7,23.23,19256.2,,,,
2505,7/19/2026 15:53,14.81,10.71,9.24,14.7,30324,38695.5,23.99,19710.57,,,,
2506,7/19/2026 16:03,14.93,10.71,9.23,14.83,30621.8,38938.2,24.17,19904.15,,,,
2507,7/19/2026 16:13,14.65,10.73,9.28,14.5,29651.8,38039.1,23.52,19273.69,,,,
2508,7/19/2026 16:23,14.24,10.81,9.35,14.06,29428.4,38202.6,23.59,19128.43,,,,
2509,7/19/2026 16:33,14.08,10.65,9.2,14,29440.4,38280.8,23.64,19136.26,,,,
2510,7/19/2026 16:43,13.89,10.58,9.13,13.79,29451.6,38516.2,23.78,19143.52,,,,
2511,7/19/2026 16:53,13.85,10.86,9.38,13.79,29352.3,38392.6,23.69,19078.96,,,,
2512,7/19/2026 17:03,13.75,10.71,9.23,13.71,29719.4,38956.3,24.07,19317.59,,,,
2513,7/19/2026 17:13,13.71,10.15,8.7,13.61,30597.6,40213.9,24.92,19888.42,,,,
2514,7/19/2026 17:23,13.71,11.06,9.48,13.6,30431.3,40005.2,24.77,19780.33,,,,
2515,7/19/2026 17:33,13.69,11.28,9.6,13.64,31973.6,41994.5,26.14,20782.84,,,,
2516,7/19/2026 17:43,14.1,11.29,9.58,14.17,32988,42701.4,26.69,21442.18,,,,
2517,7/19/2026 17:53,15.11,11.05,9.34,15.31,34663.7,43518.8,27.38,22531.41,,,,
2518,7/19/2026 18:03,15.7,10.9,9.17,15.75,36193.7,44920.2,28.4,23525.9,,,,
2519,7/19/2026 18:13,16.69,10.67,8.95,17.15,38100.5,45622.4,29.04,24765.32,,,,
2520,7/19/2026 18:23,17.67,10.37,8.71,17.79,38600.4,45486.2,29,25090.25,,,,
2521,7/19/2026 18:33,18.24,10.19,8.57,18.26,39014.9,45446.4,29.01,25359.68,,,,
2522,7/19/2026 18:43,18.71,9.96,8.39,18.75,39175.1,45088.8,28.8,25463.83,,,,
2523,7/19/2026 18:53,19.17,9.75,8.22,19.17,39543,45062.1,28.81,25702.96,,,,
2524,7/19/2026 19:03,19.54,9.53,8.03,19.75,40092.8,45063.2,28.85,26060.31,,,,
2525,7/19/2026 19:13,19.87,9.38,7.92,19.94,39932.4,44685.2,28.6,25956.03,,,,
2526,7/19/2026 19:23,20.17,9.17,7.77,20.12,39492.1,44001.7,28.12,25669.84,,,,
2527,7/19/2026 19:33,20.3,9.11,7.79,20.29,37861.1,42014.8,26.73,24609.7,,,,
2528,7/19/2026 19:43,20.47,9.02,7.7,20.45,38308.2,42352.3,26.98,24900.33,,,,
2529,7/19/2026 19:53,20.63,8.91,7.6,20.61,38523.5,42437.7,27.05,25040.27,,,,
2530,7/19/2026 20:03,20.82,8.74,7.46,20.77,38638.6,42400.8,27.03,25115.08,,,,
2531,7/19/2026 20:13,21.02,8.5,7.26,21.01,38888.7,42447.9,27.08,25277.68,,,,
2532,7/19/2026 20:23,21.14,8.42,7.19,21.11,39024,42493.9,27.12,25365.59,,,,
2533,7/19/2026 20:33,21.3,8.16,6.95,21.32,39651.2,42968.8,27.46,25773.28,,,,
2534,7/19/2026 20:43,21.42,8.05,6.87,21.41,39336.5,42541.1,27.17,25568.7,,,,
2535,7/19/2026 20:53,21.52,7.92,6.77,21.49,39281.7,42410,27.08,25533.1,,,,
2536,7/19/2026 21:03,21.59,7.73,6.59,21.58,39732.1,42806.4,27.36,25825.83,,,,
2537,7/19/2026 21:13,21.7,7.55,6.46,21.68,39124.1,42060.5,26.84,25430.68,,,,
2538,7/19/2026 21:23,21.75,7.46,6.38,21.73,39130.1,42018.8,26.81,25434.58,,,,
2539,7/19/2026 21:33,21.8,7.22,6.16,21.77,39690.2,42582.9,27.22,25798.61,,,,
2540,7/19/2026 21:43,21.81,7.1,6.06,21.77,39690.1,42577.2,27.21,25798.59,,,,
2541,7/19/2026 21:53,21.82,6.99,5.97,21.79,39625.1,42493.2,27.15,25756.35,,,,
2542,7/19/2026 22:03,21.83,6.83,5.83,21.79,39803.1,42684,27.29,25872.02,,,,
2543,7/19/2026 22:13,21.83,6.74,5.76,21.79,39628,42496.3,27.15,25758.22,,,,
2544,7/19/2026 22:23,21.82,6.69,5.71,21.79,39615.8,42474.5,27.14,25750.24,,,,
2545,7/19/2026 22:33,21.84,6.54,5.59,21.81,39588,42430.5,27.11,25732.23,,,,
2546,7/19/2026 22:43,21.88,6.4,5.47,21.83,39587.9,42407.5,27.09,25732.12,,,,
2547,7/19/2026 22:53,21.85,6.2,5.3,21.8,39382.2,42221.3,26.96,25598.46,,,,
2548,7/19/2026 23:03,21.86,6.01,5.13,21.82,39443.6,42261.5,26.99,25638.32,,,,
2549,7/19/2026 23:13,21.9,5.77,4.94,21.88,39284.7,42034.8,26.83,25535.05,,,,
2550,7/19/2026 23:23,21.66,5.36,4.58,21.63,39175.6,42161.4,26.91,25464.14,,,,
2551,7/19/2026 23:33,21.65,5.78,4.94,21.58,39245.2,42279.1,26.99,25509.39,,,,
2552,7/19/2026 23:43,21.79,5.89,5.03,21.77,39394.6,42260.1,26.99,25606.47,,,,
2553,7/19/2026 23:53,21.85,5.82,4.97,21.82,39694.7,42533.4,27.18,25801.54,,,,
2554,7/20/2026 0:03,21.9,5.94,5.08,21.84,39595.3,42409.8,27.1,25736.96,,,,
2555,7/20/2026 0:13,21.84,6.15,5.25,21.79,39753.8,42625.4,27.25,25839.99,,,,
2556,7/20/2026 0:23,21.8,6.25,5.34,21.74,39536.4,42440.8,27.11,25698.68,,,,
2557,7/20/2026 0:33,21.32,7.5,6.4,21.14,38932.9,42371.7,27.03,25306.42,,,,
2558,7/20/2026 0:43,21.14,7.53,6.45,21.09,38275.8,41699.1,26.55,24879.27,,,,
2559,7/20/2026 0:53,21.12,7.52,6.44,21.06,38425.4,41887.8,26.68,24976.52,,,,
2560,7/20/2026 1:03,20.95,7.69,6.57,20.83,38547.9,42243.3,26.92,25056.12,,,,
2561,7/20/2026 1:13,20.75,7.75,6.62,20.7,38488.6,42308.8,26.96,25017.58,,,,
2562,7/20/2026 1:23,20.72,7.8,6.66,20.63,38500.5,42389,27.01,25025.31,,,,
2563,7/20/2026 1:33,20.56,7.89,6.74,20.49,38342,42354.4,26.98,24922.28,,,,
2564,7/20/2026 1:43,20.55,7.8,6.65,20.49,38433.1,42458,27.05,24981.52,,,,
2565,7/20/2026 1:53,20.43,7.93,6.77,20.27,38289.3,42513.6,27.08,24888.06,,,,
2566,7/20/2026 2:03,20.02,8.23,7.02,19.91,37894.2,42434.2,27,24631.24,,,,
2567,7/20/2026 2:13,19.75,8.45,7.21,19.62,37679.5,42478.9,27.01,24491.65,,,,
2568,7/20/2026 2:23,19.45,8.69,7.41,19.33,37325.1,42368.8,26.92,24261.35,,,,
2569,7/20/2026 2:33,19.14,8.84,7.53,19,37314.7,42692.9,27.12,24254.57,,,,
2570,7/20/2026 2:43,18.85,8.99,7.62,18.74,37717,43426.2,27.62,24516.08,,,,
2571,7/20/2026 2:53,18.72,9.01,7.64,18.61,37713.7,43560.1,27.7,24513.92,,,,
2572,7/20/2026 3:03,18.49,9.13,7.77,18.39,36757.7,42680.6,27.07,23892.51,,,,
2573,7/20/2026 3:13,18.48,9.06,7.69,18.41,37194.5,43172.1,27.41,24176.4,,,,
2574,7/20/2026 3:23,18.38,9.13,7.74,18.29,37317.7,43434.6,27.59,24256.49,,,,
2575,7/20/2026 3:33,18.24,9.17,7.79,18.13,36765,42966.2,27.25,23897.25,,,,
2576,7/20/2026 3:43,17.96,9.3,7.88,17.82,36785.3,43315.4,27.47,23910.44,,,,
2577,7/20/2026 3:53,17.63,9.44,8,17.47,36566.7,43434.9,27.52,23768.34,,,,
2578,7/20/2026 4:03,17.24,9.47,8.02,17.01,36176.4,43471.3,27.51,23514.66,,,,
2579,7/20/2026 4:13,16.76,9.74,8.23,16.64,36306.3,44040.8,27.88,23599.1,,,,
2580,7/20/2026 4:23,16.26,9.93,8.39,16.1,35941.1,44198.1,27.93,23361.72,,,,
2581,7/20/2026 4:33,15.92,9.96,8.4,15.78,35776.1,44360.6,28.02,23254.47,,,,
2582,7/20/2026 4:43,15.47,10.1,8.51,15.34,35529.8,44567.6,28.11,23094.37,,,,
2583,7/20/2026 4:53,15.21,10.01,8.42,15.14,35522.6,44801.7,28.26,23089.66,,,,
2584,7/20/2026 5:03,15.14,9.62,8.1,15.09,35440.6,44751.4,28.22,23036.4,,,,
2585,7/20/2026 5:13,15.08,9.5,8,15,35248.1,44614.4,28.11,22911.26,,,,
2586,7/20/2026 5:23,15.16,10.45,8.79,15.1,35388.6,44675.1,28.16,23002.58,,,,
2587,7/20/2026 5:33,15.16,10.5,8.85,15.16,35230.2,44404.9,27.98,22899.65,,,,
2588,7/20/2026 5:43,15.58,10.37,8.75,15.6,35432.9,44144.1,27.85,23031.37,,,,
2589,7/20/2026 5:53,16.23,9.98,8.43,16.43,35988.5,43885,27.75,23392.51,,,,
2590,7/20/2026 6:03,16.83,9.7,8.21,16.82,36181,43680.1,27.64,23517.64,,,,
2591,7/20/2026 6:13,17.2,9.54,8.08,17.24,36485.5,43587.5,27.61,23715.58,,,,
2592,7/20/2026 6:23,17.44,9.38,7.95,17.45,36592.5,43488.1,27.56,23785.1,,,,
2593,7/20/2026 6:33,17.61,9.28,7.86,17.62,36834.7,43594.8,27.65,23942.53,,,,
2594,7/20/2026 6:43,17.8,9.17,7.77,17.79,36962.3,43562.3,27.64,24025.49,,,,
2595,7/20/2026 6:53,17.92,9.06,7.68,17.87,37046.9,43569.1,27.65,24080.49,,,,
2596,7/20/2026 7:03,18.05,8.94,7.57,18.01,37132.9,43526.3,27.63,24136.37,,,,
2597,7/20/2026 7:13,18.12,8.9,7.54,18.07,37277.1,43625.1,27.71,24230.1,,,,
2598,7/20/2026 7:23,18.2,8.78,7.45,18.16,37221.9,43465.3,27.6,24194.23,,,,
2599,7/20/2026 7:33,18.3,8.68,7.36,18.25,37162.8,43298.4,27.49,24155.79,,,,
2600,7/20/2026 7:43,18.45,8.44,7.17,18.44,37322.9,43289.7,27.5,24259.85,,,,
2601,7/20/2026 7:53,18.59,8.37,7.1,18.56,37371.4,43217.7,27.46,24291.38,,,,
2602,7/20/2026 8:03,18.74,8.09,6.87,18.72,37541.5,43245.8,27.49,24401.94,,,,
2603,7/20/2026 8:13,18.92,8.01,6.81,18.92,37715.6,43238,27.5,24515.13,,,,
2604,7/20/2026 8:23,19.07,7.74,6.58,19.06,37808.1,43195.7,27.48,24575.27,,,,
2605,7/20/2026 8:33,19.23,7.48,6.35,19.2,37967.4,43235.8,27.52,24678.8,,,,
2606,7/20/2026 8:43,19.41,7.34,6.24,19.39,38079.4,43163.8,27.48,24751.61,,,,
2607,7/20/2026 8:53,19.56,7.18,6.11,19.54,38032.6,42958.7,27.35,24721.18,,,,
2608,7/20/2026 9:03,19.71,7.03,5.98,19.68,38276.7,43091.6,27.45,24879.87,,,,
2609,7/20/2026 9:13,19.84,6.97,5.93,19.83,38233.9,42886.5,27.31,24852.03,,,,
2610,7/20/2026 9:23,19.98,6.91,5.88,19.97,38306,42832.4,27.29,24898.92,,,,
2611,7/20/2026 9:33,20.12,6.95,5.91,20.11,38552,42963.3,27.39,25058.81,,,,
2612,7/20/2026 9:43,20.25,6.85,5.83,20.24,38491.3,42761.6,27.25,25019.32,,,,
2613,7/20/2026 9:53,20.39,6.86,5.84,20.38,38753.7,42913,27.37,25189.92,,,,
2614,7/20/2026 10:03,20.53,6.84,5.83,20.52,38738.1,42756.5,27.27,25179.76,,,,
2615,7/20/2026 10:13,20.67,6.76,5.76,20.66,38836.7,42735.6,27.26,25243.86,,,,
2616,7/20/2026 10:23,20.83,6.67,5.68,20.8,38866.6,42621.7,27.19,25263.27,,,,
2617,7/20/2026 10:33,20.96,6.56,5.59,20.96,39162.4,42796.3,27.32,25455.55,,,,
2618,7/20/2026 10:43,21.12,6.43,5.48,21.11,39174.8,42658.1,27.23,25463.59,,,,
2619,7/20/2026 10:53,21.28,6.32,5.39,21.27,39339.6,42680.4,27.26,25570.71,,,,
2620,7/20/2026 11:03,21.43,6.19,5.29,21.42,39339.6,42538.7,27.16,25570.71,,,,
2621,7/20/2026 11:13,21.62,6.05,5.16,21.65,39712.8,42716.4,27.3,25813.31,,,,
2622,7/20/2026 11:23,21.77,5.62,4.8,21.73,39623.3,42545.6,27.19,25755.16,,,,
2623,7/20/2026 11:33,22,4.99,4.26,22.02,39861.2,42523.1,27.19,25909.78,,,,
2624,7/20/2026 11:43,21.97,5.66,4.83,21.93,39829.8,42578,27.22,25889.39,,,,
2625,7/20/2026 11:53,22.04,6.45,5.51,22,39866,42545.4,27.2,25912.92,,,,
2626,7/20/2026 12:03,21.92,6.24,5.33,21.88,39813.1,42605.9,27.24,25878.54,,,,
2627,7/20/2026 12:13,21.95,6.05,5.17,21.91,39747.7,42501.6,27.17,25836,,,,
2628,7/20/2026 12:23,21.93,6.19,5.28,21.86,39707.2,42506.8,27.17,25809.68,,,,
2629,7/20/2026 12:33,21.96,6.57,5.61,21.94,39860.3,42593.5,27.23,25909.22,,,,
2630,7/20/2026 12:43,21.87,6.61,5.65,21.71,39589,42523.1,27.17,25732.88,,,,
2631,7/20/2026 12:53,21.38,7.79,6.65,21.32,39186.8,42468.4,27.11,25471.41,,,,
2632,7/20/2026 13:03,21.56,7.76,6.63,21.59,39496.4,42546.8,27.18,25672.69,,,,
2633,7/20/2026 13:13,21.56,8.02,6.85,21.35,39180.8,42433.2,27.09,25467.55,,,,
2634,7/20/2026 13:23,21.41,8.48,7.24,21.4,39302.8,42519.1,27.15,25546.84,,,,
2635,7/20/2026 13:33,21.51,8.54,7.28,21.51,39685.3,42822.6,27.37,25795.47,,,,
2636,7/20/2026 13:43,21.46,8.66,7.38,21.37,39480.9,42735,27.3,25662.58,,,,
2637,7/20/2026 13:53,21.29,8.64,7.37,21.2,39220.4,42623.5,27.21,25493.25,,,,
2638,7/20/2026 14:03,20.97,8.66,7.39,20.83,38806.4,42532.4,27.13,25224.18,,,,
2639,7/20/2026 14:13,20.54,8.91,7.6,20.37,38612,42770.9,27.27,25097.8,,,,
2640,7/20/2026 14:23,20.14,9.15,7.79,20.03,38349.5,42815.1,27.28,24927.15,,,,
2641,7/20/2026 14:33,19.87,9.33,7.94,19.73,38198.2,42951.9,27.35,24828.84,,,,
2642,7/20/2026 14:43,19.56,9.48,8.07,19.4,37832.1,42871.4,27.27,24590.87,,,,
2643,7/20/2026 14:53,19.21,9.63,8.19,19.08,37545.6,42880.5,27.26,24404.64,,,,
2644,7/20/2026 15:03,19.07,9.65,8.21,18.98,37409.9,42823.2,27.21,24316.44,,,,
2645,7/20/2026 15:13,18.92,9.79,8.33,18.79,37253.8,42840.4,27.21,24214.94,,,,
2646,7/20/2026 15:23,18.91,9.8,8.33,18.89,37466.4,42983.1,27.32,24353.14,,,,
2647,7/20/2026 15:33,18.8,9.86,8.38,18.75,37349,42993.2,27.31,24276.88,,,,
2648,7/20/2026 15:43,18.83,9.88,8.4,18.74,37348,43001.3,27.32,24276.22,,,,
2649,7/20/2026 15:53,18.6,9.94,8.44,18.48,37198.4,43098.6,27.37,24178.98,,,,
2650,7/20/2026 16:03,18.36,9.88,8.39,18.25,36936.2,43040.7,27.31,24008.55,,,,
2651,7/20/2026 16:13,18.06,9.96,8.46,17.92,36719.2,43133,27.35,23867.48,,,,
2652,7/20/2026 16:23,17.7,10.25,8.68,17.57,36706.3,43487.8,27.57,23859.06,,,,
2653,7/20/2026 16:33,17.14,10.35,8.77,16.96,36169.3,43521.5,27.54,23510.03,,,,
2654,7/20/2026 16:43,16.98,10.45,8.85,16.83,36131.4,43610.4,27.59,23485.4,,,,
2655,7/20/2026 16:53,16.46,10.55,8.93,16.25,35592.5,43604.9,27.53,23135.09,,,,
2656,7/20/2026 17:03,15.94,10.85,9.18,15.84,35253.6,43644.9,27.52,22914.83,,,,
2657,7/20/2026 17:13,15.8,10.93,9.24,15.7,35163.8,43696.3,27.54,22856.45,,,,
2658,7/20/2026 17:23,15.67,10.93,9.24,15.6,35186.2,43836.8,27.63,22871.04,,,,
2659,7/20/2026 17:33,15.57,10.34,8.75,15.5,34845,43530.6,27.41,22649.25,,,,
2660,7/20/2026 17:43,15.3,10.44,8.82,15.16,34579,43584.1,27.41,22476.37,,,,
2661,7/20/2026 17:53,15.27,10.79,9.13,15.18,34410.3,43350.9,27.25,22366.68,,,,
2662,7/20/2026 18:03,15.37,11.35,9.61,15.38,34504.6,43237.4,27.19,22428,,,,
2663,7/20/2026 18:13,16.22,11.29,9.56,16.63,35735,43361,27.4,23227.78,,,,
2664,7/20/2026 18:23,16.86,11.09,9.4,16.91,35994.5,43360.2,27.42,23396.43,,,,
2665,7/20/2026 18:33,17.33,10.92,9.26,17.5,36477.9,43297.3,27.43,23710.64,,,,
2666,7/20/2026 18:43,17.78,10.76,9.12,17.88,36867.4,43348.4,27.5,23963.78,,,,
2667,7/20/2026 18:53,18.13,10.64,9.02,18.22,37249.4,43431,27.58,24212.14,,,,
2668,7/20/2026 19:03,18.41,10.51,8.91,18.46,37493.8,43459.7,27.62,24370.99,,,,
2669,7/20/2026 19:13,18.73,10.37,8.79,18.72,37690.8,43414.7,27.61,24499,,,,
2670,7/20/2026 19:23,19,10.23,8.68,19.04,38089.6,43542.1,27.72,24758.23,,,,
2671,7/20/2026 19:33,19.17,10.13,8.6,19.18,38078.6,43381,27.62,24751.09,,,,
2672,7/20/2026 19:43,19.37,10.01,8.5,19.36,38307.7,43459.6,27.69,24900.03,,,,
2673,7/20/2026 19:53,19.53,9.83,8.35,19.52,38304.9,43281.5,27.57,24898.16,,,,
2674,7/20/2026 20:03,19.74,9.73,8.26,19.72,38628.2,43441.5,27.7,25108.34,,,,
2675,7/20/2026 20:13,19.9,9.57,8.13,20,38797.5,43345.5,27.65,25218.35,,,,
2676,7/20/2026 20:23,20.05,9.48,8.05,20.1,38966.2,43430.9,27.72,25328.04,,,,
2677,7/20/2026 20:33,20.32,9.21,7.83,20.36,39020.9,43235.8,27.6,25363.55,,,,
2678,7/20/2026 20:43,20.55,9.02,7.67,20.58,39202.3,43215.2,27.6,25481.46,,,,
2679,7/20/2026 20:53,20.74,8.86,7.54,20.77,39202.4,43022.5,27.47,25481.56,,,,
2680,7/20/2026 21:03,20.93,8.6,7.32,20.96,39462.2,43118,27.55,25650.42,,,,
2681,7/20/2026 21:13,21.03,8.57,7.29,21,39536.3,43157.7,27.58,25698.57,,,,
2682,7/20/2026 21:23,21.17,8.4,7.15,21.14,39653.8,43147.4,27.58,25774.96,,,,
2683,7/20/2026 21:33,21.33,8.31,7.07,21.33,39919.6,43250.8,27.67,25947.71,,,,
2684,7/20/2026 21:43,21.46,8.13,6.92,21.46,39919.3,43127.6,27.59,25947.56,,,,
2685,7/20/2026 21:53,21.58,7.92,6.75,21.57,39972.5,43074.2,27.55,25982.11,,,,
2686,7/20/2026 22:03,21.7,7.88,6.72,21.68,39956.6,42952.6,27.47,25971.8,,,,
2687,7/20/2026 22:13,21.78,7.66,6.53,21.75,40063.9,42995.5,27.51,26041.52,,,,
2688,7/20/2026 22:23,21.83,7.49,6.38,21.8,40018.9,42898.2,27.44,26012.31,,,,
2689,7/20/2026 22:33,21.88,7.22,6.16,21.85,39928,42757.5,27.34,25953.21,,,,
2690,7/20/2026 22:43,21.9,7.13,6.08,21.87,40034.7,42854.6,27.41,26022.57,,,,
2691,7/20/2026 22:53,21.91,6.98,5.96,21.88,39931.1,42732.2,27.33,25955.24,,,,
2692,7/20/2026 23:03,21.92,6.87,5.85,21.88,40060.2,42870.3,27.43,26039.12,,,,
2693,7/20/2026 23:13,21.94,6.69,5.7,21.89,40057.1,42852.6,27.41,26037.14,,,,
2694,7/20/2026 23:23,21.96,6.49,5.54,21.91,39821.3,42588.8,27.23,25883.81,,,,
2695,7/20/2026 23:33,22,6.27,5.36,21.95,39808.5,42532.4,27.19,25875.51,,,,
2696,7/20/2026 23:43,22.04,6.12,5.22,22,39933.7,42617.6,27.25,25956.92,,,,
2697,7/20/2026 23:53,22.13,5.78,4.94,22.1,39984,42580,27.23,25989.6,,,,
2698,7/21/2026 0:03,22.12,5.58,4.77,22.08,39867.9,42467.6,27.15,25914.11,,,,
2699,7/21/2026 0:13,21.89,4.76,4.06,21.83,39731.1,42566.7,27.21,25825.21,,,,
2700,7/21/2026 0:23,21.9,5.43,4.64,21.83,39749.6,42583.7,27.22,25837.25,,,,
2701,7/21/2026 0:33,21.95,5.5,4.7,21.93,39837,42582.9,27.22,25894.08,,,,
2702,7/21/2026 0:43,22.05,5.58,4.76,22.04,39921.5,42570.4,27.22,25948.99,,,,
2703,7/21/2026 0:53,22.1,5.86,5,22.05,39988.3,42627.3,27.26,25992.43,,,,
2704,7/21/2026 1:03,22.05,6,5.1,22,40954,43703.5,28.03,26620.08,,,,
2705,7/21/2026 1:13,22.01,6.03,5.12,21.94,40969.6,43778.8,28.08,26630.26,,,,
2706,7/21/2026 1:23,21.66,7.04,5.98,21.45,40210.6,43454.1,27.82,26136.89,,,,
2707,7/21/2026 1:33,21.31,7.89,6.7,21.24,40044.9,43478.2,27.82,26029.21,,,,
2708,7/21/2026 1:43,21.25,7.94,6.75,21.21,40040.1,43505.4,27.84,26026.05,,,,
2709,7/21/2026 1:53,21.19,7.89,6.7,21.11,39929.4,43485.8,27.82,25954.1,,,,
2710,7/21/2026 2:03,20.95,8.17,6.94,20.83,39810.1,43626.5,27.9,25876.55,,,,
2711,7/21/2026 2:13,20.85,7.88,6.7,20.8,39638.6,43477.2,27.79,25765.06,,,,
2712,7/21/2026 2:23,20.74,8.15,6.92,20.66,39555.1,43520.1,27.82,25710.81,,,,
2713,7/21/2026 2:33,20.65,8.08,6.87,20.59,39379.4,43401.5,27.73,25596.61,,,,
2714,7/21/2026 2:43,20.63,8.09,6.88,20.56,39318.1,43357.9,27.7,25556.79,,,,
2715,7/21/2026 2:53,20.48,8.35,7.09,20.34,39190,43441.2,27.74,25473.5,,,,
2716,7/21/2026 3:03,20.18,8.6,7.3,20.08,38987.1,43478.4,27.75,25341.6,,,,
2717,7/21/2026 3:13,19.92,8.81,7.48,19.79,38732.4,43494.5,27.74,25176.07,,,,
2718,7/21/2026 3:23,19.67,8.96,7.61,19.56,38471.4,43432.9,27.68,25006.41,,,,
2719,7/21/2026 3:33,19.32,9.11,7.73,19.17,38202,43530.8,27.72,24831.28,,,,
2720,7/21/2026 3:43,19.05,9.28,7.87,18.95,37959,43482.9,27.67,24673.37,,,,
2721,7/21/2026 3:53,18.89,9.36,7.95,18.78,37539.8,43175.6,27.45,24400.9,,,,
2722,7/21/2026 4:03,18.81,9.37,7.93,18.72,38144.7,43934.4,27.98,24794.05,,,,
2723,7/21/2026 4:13,18.66,9.46,8,18.57,38094.7,44041.5,28.04,24761.58,,,,
2724,7/21/2026 4:23,18.53,9.55,8.08,18.45,37966.5,44020.3,28.02,24678.23,,,,
2725,7/21/2026 4:33,18.48,9.53,8.07,18.42,37814.4,43878.9,27.91,24579.36,,,,
2726,7/21/2026 4:43,18.45,9.48,8.03,18.39,37779.4,43866.9,27.9,24556.61,,,,
2727,7/21/2026 4:53,18.39,9.46,8.01,18.3,37757.9,43943.8,27.95,24542.63,,,,
2728,7/21/2026 5:03,18.16,9.54,8.07,18.06,37488.5,43882.2,27.89,24367.52,,,,
2729,7/21/2026 5:13,17.98,9.53,8.06,17.87,37318.6,43888.6,27.88,24257.12,,,,
2730,7/21/2026 5:23,17.74,9.55,8.08,17.62,37028.8,43818,27.81,24068.72,,,,
2731,7/21/2026 5:33,17.16,9.63,8.14,17.03,36663.1,44029.6,27.9,23830.98,,,,
2732,7/21/2026 5:43,16.93,9.19,7.77,16.88,36596.6,44122,27.95,23787.79,,,,
2733,7/21/2026 5:53,16.86,9.23,7.8,16.8,36500.8,44096.1,27.93,23725.5,,,,
2734,7/21/2026 6:03,16.74,9.25,7.84,16.7,35714,43253.4,27.33,23214.08,,,,
2735,7/21/2026 6:13,16.88,9.73,8.22,16.85,36564.2,44112.8,27.95,23766.75,,,,
2736,7/21/2026 6:23,16.99,9.89,8.35,16.97,36655.3,44089.7,27.94,23825.93,,,,
2737,7/21/2026 6:33,17.18,9.87,8.33,17.21,37031.7,44279.7,28.09,24070.63,,,,
2738,7/21/2026 6:43,17.39,9.81,8.28,17.38,37103,44170.3,28.03,24116.95,,,,
2739,7/21/2026 6:53,17.67,9.59,8.1,17.73,37455.7,44208.9,28.09,24346.21,,,,
2740,7/21/2026 7:03,18.01,9.42,7.96,17.99,37733.3,44243.1,28.14,24526.63,,,,
2741,7/21/2026 7:13,18.23,9.39,7.94,18.19,37769.6,44075.9,28.03,24550.24,,,,
2742,7/21/2026 7:23,18.32,9.31,7.87,18.3,37883.6,44083.8,28.05,24624.35,,,,
2743,7/21/2026 7:33,18.43,9.31,7.88,18.37,37833.1,43954.8,27.96,24591.53,,,,
2744,7/21/2026 7:43,18.49,9.22,7.81,18.43,37763.8,43810.6,27.87,24546.46,,,,
2745,7/21/2026 7:53,18.57,9.21,7.8,18.56,37885.4,43815.3,27.88,24625.52,,,,
2746,7/21/2026 8:03,18.65,9.21,7.8,18.61,37937.4,43821.6,27.89,24659.28,,,,
2747,7/21/2026 8:13,18.75,9.14,7.74,18.73,38028.6,43797.5,27.88,24718.57,,,,
2748,7/21/2026 8:23,18.87,9.14,7.73,18.86,38345.6,44026.5,28.05,24924.66,,,,
2749,7/21/2026 8:33,19.08,9.04,7.66,19.08,38490.1,43949.8,28.01,25018.54,,,,
2750,7/21/2026 8:43,19.25,8.96,7.59,19.21,38595.8,43942.1,28.02,25087.28,,,,
2751,7/21/2026 8:53,19.4,8.82,7.47,19.41,38815.2,43982.3,28.06,25229.9,,,,
2752,7/21/2026 9:03,19.58,8.72,7.38,19.57,38928.7,43939.9,28.04,25303.65,,,,
2753,7/21/2026 9:13,19.77,8.51,7.21,19.77,39019,43837.8,27.98,25362.37,,,,
2754,7/21/2026 9:23,19.94,8.37,7.1,19.94,39154.4,43808.5,27.98,25450.37,,,,
2755,7/21/2026 9:33,20.13,8.16,6.92,20.12,39373.1,43872.2,28.03,25592.49,,,,
2756,7/21/2026 9:43,20.27,8.02,6.8,20.27,39455.5,43802.4,27.99,25646.09,,,,
2757,7/21/2026 9:53,20.43,7.82,6.63,20.42,39609.1,43820.8,28.02,25745.89,,,,
2758,7/21/2026 10:03,20.57,7.68,6.51,20.55,39770,43868.2,28.06,25850.48,,,,
2759,7/21/2026 10:13,20.67,7.56,6.42,20.66,39813.8,43807.7,28.02,25878.96,,,,
2760,7/21/2026 10:23,20.79,7.47,6.33,20.77,39941.7,43833.9,28.05,25962.13,,,,
2761,7/21/2026 10:33,20.9,7.35,6.24,20.89,39978.9,43757.5,28,25986.31,,,,
2762,7/21/2026 10:43,21.02,7.22,6.12,20.99,40350.4,44061.4,28.22,26227.76,,,,
2763,7/21/2026 10:53,21.11,7.06,5.99,21.1,40443.9,44049.1,28.22,26288.53,,,,
2764,7/21/2026 11:03,21.23,6.92,5.87,21.21,40411,43905.5,28.12,26267.17,,,,
2765,7/21/2026 11:13,21.33,6.62,5.62,21.3,40463.4,43869.8,28.1,26301.21,,,,
2766,7/21/2026 11:23,21.43,6.69,5.68,21.4,40617.3,43938.2,28.16,26401.26,,,,
2767,7/21/2026 11:33,21.52,6.39,5.43,21.51,40637.8,43853.3,28.11,26414.55,,,,
2768,7/21/2026 11:43,21.64,6.52,5.53,21.62,40782.8,43897,28.14,26508.82,,,,
2769,7/21/2026 11:53,21.74,6.43,5.46,21.75,40960.3,43963.4,28.2,26624.21,,,,
2770,7/21/2026 12:03,21.93,6.16,5.23,21.9,40946.8,43801.5,28.09,26615.43,,,,
2771,7/21/2026 12:13,21.97,5.21,4.43,21.92,41004.4,43842.5,28.12,26652.87,,,,
2772,7/21/2026 12:23,21.88,6.28,5.33,21.82,41015.3,43945.5,28.19,26659.97,,,,
2773,7/21/2026 12:33,21.86,6.33,5.37,21.83,41059.8,43987.2,28.22,26688.84,,,,
2774,7/21/2026 12:43,21.88,6.16,5.23,21.84,41119.3,44039.2,28.26,26727.55,,,,
2775,7/21/2026 12:53,21.93,6.35,5.39,21.89,41133.9,44004.5,28.23,26737.02,,,,
2776,7/21/2026 13:03,21.85,6.52,5.54,21.78,40986.8,43956.3,28.19,26641.4,,,,
2777,7/21/2026 13:13,21.77,6.8,5.77,21.7,40808.2,43850.3,28.11,26525.33,,,,
2778,7/21/2026 13:23,21.65,7.03,5.97,21.58,40717.6,43865.3,28.12,26466.42,,,,
2779,7/21/2026 13:33,21.39,7.52,6.38,21.31,40428.1,43819.7,28.07,26278.29,,,,
2780,7/21/2026 13:43,21.28,8.31,7.05,21.19,40368,43882.7,28.11,26239.23,,,,
2781,7/21/2026 13:53,21.2,8.47,7.18,21.19,40357.3,43871,28.1,26232.24,,,,
2782,7/21/2026 14:03,21.18,8.64,7.34,21.11,40203.9,43784.8,28.03,26132.56,,,,
2783,7/21/2026 14:13,21.09,9,7.63,21.03,40172.1,43830.7,28.06,26111.83,,,,
2784,7/21/2026 14:23,21.02,9.03,7.66,20.95,40136.1,43869.4,28.08,26088.48,,,,
2785,7/21/2026 14:33,20.88,9.08,7.7,20.8,39980.6,43843.4,28.06,25987.38,,,,
2786,7/21/2026 14:43,20.81,9.05,7.68,20.75,39934.2,43849.6,28.06,25957.2,,,,
2787,7/21/2026 14:53,20.68,9.03,7.66,20.61,39765.1,43802.4,28.01,25847.31,,,,
2788,7/21/2026 15:03,20.32,9.23,7.83,20.16,39357.9,43812.6,27.99,25582.65,,,,
2789,7/21/2026 15:13,20.02,9.38,7.95,19.89,39123.4,43822.8,27.98,25430.2,,,,
2790,7/21/2026 15:23,19.8,9.51,8.07,19.71,38898.1,43754.2,27.92,25283.76,,,,
2791,7/21/2026 15:33,19.59,9.57,8.11,19.47,38739.9,43831.9,27.96,25180.94,,,,
2792,7/21/2026 15:43,19.31,9.78,8.29,19.19,38358.2,43687,27.84,24932.83,,,,
2793,7/21/2026 15:53,19.03,9.87,8.36,18.92,38128.6,43714.7,27.84,24783.62,,,,
2794,7/21/2026 16:03,18.89,9.9,8.39,18.84,37962.5,43602.3,27.75,24675.65,,,,
2795,7/21/2026 16:13,18.92,9.95,8.43,18.89,38005.5,43595.4,27.75,24703.61,,,,
2796,7/21/2026 16:23,18.93,9.93,8.43,18.86,37904.6,43517,27.69,24638,,,,
2797,7/21/2026 16:33,18.82,9.96,8.45,18.71,37822,43575.2,27.72,24584.3,,,,
2798,7/21/2026 16:43,18.6,10.02,8.5,18.5,37613.1,43560.1,27.7,24448.51,,,,
2799,7/21/2026 16:53,18.34,10.1,8.55,18.2,37493.4,43744.1,27.8,24370.73,,,,
2800,7/21/2026 17:03,17.99,10.17,8.61,17.87,37149.1,43686,27.73,24146.91,,,,
2801,7/21/2026 17:13,17.72,10.1,8.55,17.62,36944.3,43718,27.74,24013.79,,,,
2802,7/21/2026 17:23,17.31,10.22,8.64,17.13,36696.9,43961.4,27.86,23852.96,,,,
2803,7/21/2026 17:33,16.71,10.41,8.79,16.6,36297.7,44077.2,27.9,23593.53,,,,
2804,7/21/2026 17:43,16.33,10.22,8.63,16.12,35930.8,44171.8,27.92,23355.05,,,,
2805,7/21/2026 17:53,15.69,10.19,8.59,15.54,35514.7,44318.7,27.96,23084.57,,,,
2806,7/21/2026 18:03,15.09,10.4,8.76,14.99,35206.7,44572.6,28.08,22884.32,,,,
2807,7/21/2026 18:13,14.93,10.26,8.64,14.88,35039.4,44498.7,28.02,22775.61,,,,
2808,7/21/2026 18:23,14.81,10.24,8.62,14.73,34944.9,44549.3,28.03,22714.22,,,,
2809,7/21/2026 18:33,14.69,10.25,8.63,14.55,34790.1,44573.3,28.03,22613.59,,,,
2810,7/21/2026 18:43,14.73,10.74,9.04,14.71,34879.7,44498.2,28,22671.78,,,,
2811,7/21/2026 18:53,14.83,10.99,9.25,14.73,34891.1,44484.3,27.99,22679.25,,,,
2812,7/21/2026 19:03,14.84,11.14,9.37,14.84,35053.5,44555.8,28.05,22784.8,,,,
2813,7/21/2026 19:13,15.74,10.93,9.22,15.83,35740.8,44265.2,27.95,23231.53,,,,
2814,7/21/2026 19:23,16.17,10.79,9.09,16.26,36382.3,44562.3,28.2,23648.47,,,,
2815,7/21/2026 19:33,16.75,10.52,8.87,16.86,36935.1,44553.5,28.26,24007.79,,,,
2816,7/21/2026 19:43,17.36,10.28,8.66,17.45,37626.5,44713.7,28.42,24457.24,,,,
2817,7/21/2026 19:53,17.67,10.06,8.47,17.65,37958.9,44885.5,28.56,24673.25,,,,
2818,7/21/2026 20:03,17.82,9.96,8.4,17.84,38005.1,44728.8,28.47,24703.33,,,,
2819,7/21/2026 20:13,18.05,9.73,8.21,18.06,38108.6,44604.7,28.4,24770.56,,,,
2820,7/21/2026 20:23,18.31,9.51,8.03,18.35,38265.7,44476.7,28.33,24872.71,,,,
2821,7/21/2026 20:33,18.5,9.16,7.73,18.47,38372.8,44475.3,28.34,24942.31,,,,
2822,7/21/2026 20:43,18.66,9.16,7.74,18.63,38479.2,44418.7,28.31,25011.49,,,,
2823,7/21/2026 20:53,18.79,9.14,7.73,18.76,38485.3,44285.2,28.23,25015.41,,,,
2824,7/21/2026 21:03,18.9,8.95,7.57,18.87,38508.8,44201.1,28.18,25030.69,,,,
2825,7/21/2026 21:13,19.05,8.73,7.39,19.02,38535.4,44070.6,28.1,25047.99,,,,
2826,7/21/2026 21:23,19.16,8.57,7.25,19.14,38671.6,44100.4,28.13,25136.55,,,,
2827,7/21/2026 21:33,19.34,8.47,7.17,19.36,38829.6,44042.3,28.1,25239.23,,,,
2828,7/21/2026 21:43,19.52,8.28,7.02,19.51,38796.6,43849.5,27.97,25217.77,,,,
2829,7/21/2026 21:53,19.73,8.11,6.88,19.76,39003.4,43829.4,27.98,25352.18,,,,
2830,7/21/2026 22:03,19.92,7.88,6.68,19.88,38943.3,43630.3,27.85,25313.17,,,,
2831,7/21/2026 22:13,20.09,7.77,6.59,20.07,39120.5,43633.3,27.86,25428.32,,,,
2832,7/21/2026 22:23,20.22,7.67,6.51,20.2,39226.8,43621.1,27.86,25497.44,,,,
2833,7/21/2026 22:33,20.35,7.53,6.4,20.35,39214.7,43459.6,27.75,25489.53,,,,
2834,7/21/2026 22:43,20.47,7.3,6.2,20.48,39327.3,43454.9,27.76,25562.75,,,,
2835,7/21/2026 22:53,20.6,7.1,6.03,20.58,39290.7,43312.6,27.66,25538.92,,,,
2836,7/21/2026 23:03,20.7,6.92,5.88,20.7,39551.5,43474.3,27.79,25708.46,,,,
2837,7/21/2026 23:13,20.81,6.78,5.76,20.81,39412.9,43217.9,27.61,25618.38,,,,
2838,7/21/2026 23:23,20.93,6.61,5.62,20.91,39579.3,43293.3,27.67,25726.52,,,,
2839,7/21/2026 23:33,21,6.4,5.44,20.97,39638.1,43298.4,27.68,25764.77,,,,
2840,7/21/2026 23:43,21.06,6.31,5.36,21.03,39681.1,43289.1,27.68,25792.69,,,,
2841,7/21/2026 23:53,21.12,6.19,5.26,21.09,39659.3,43206.3,27.62,25778.52,,,,
2842,7/22/2026 0:03,21.15,6.13,5.21,21.12,39855.2,43390.2,27.75,25905.89,,,,
2843,7/22/2026 0:13,21.19,5.67,4.82,21.16,39953.1,43461.2,27.81,25969.53,,,,
2844,7/22/2026 0:23,21.2,5.64,4.8,21.16,39967.9,43471.4,27.81,25979.14,,,,
2845,7/22/2026 0:33,21.23,5.02,4.27,21.21,39964.9,43420.7,27.78,25977.16,,,,
2846,7/22/2026 0:43,21.25,5.33,4.53,21.22,39848.3,43285.2,27.68,25901.39,,,,
2847,7/22/2026 0:53,21.28,4.51,3.84,21.22,39889.6,43330.1,27.72,25928.24,,,,
2848,7/22/2026 1:03,21.29,4.97,4.23,21.25,39829.4,43235.4,27.65,25889.14,,,,
2849,7/22/2026 1:13,21.29,4.73,4.02,21.22,39823.5,43252.5,27.66,25885.29,,,,
2850,7/22/2026 1:23,21.16,4.93,4.19,21.13,39805.4,43324.2,27.71,25873.53,,,,
2851,7/22/2026 1:33,21.29,5.21,4.43,21.26,39895.3,43295.1,27.69,25931.97,,,,
2852,7/22/2026 1:43,21.35,5.53,4.7,21.31,39961.6,43314,27.71,25975.02,,,,
2853,7/22/2026 1:53,21.32,5.95,5.06,21.29,40046.5,43429.6,27.79,26030.23,,,,
2854,7/22/2026 2:03,21.33,5.84,4.97,21.28,40007.6,43402.2,27.77,26004.95,,,,
2855,7/22/2026 2:13,21.32,6,5.1,21.28,40048.9,43447,27.8,26031.81,,,,
2856,7/22/2026 2:23,21.14,6.61,5.62,20.98,39977.8,43663.4,27.94,25985.54,,,,
2857,7/22/2026 2:33,20.82,7.31,6.2,20.75,40000.7,43919.7,28.11,26000.46,,,,
2858,7/22/2026 2:43,20.78,7.16,6.08,20.71,39672,43600.7,27.88,25786.78,,,,
2859,7/22/2026 2:53,20.66,7.37,6.26,20.57,39619.2,43680.8,27.93,25752.48,,,,
2860,7/22/2026 3:03,20.55,7.53,6.39,20.51,39659.9,43792.1,28,25778.91,,,,
2861,7/22/2026 3:13,20.54,7.39,6.28,20.49,39517.4,43655.9,27.9,25686.32,,,,
2862,7/22/2026 3:23,20.46,7.48,6.35,20.38,39406.9,43639.3,27.88,25614.49,,,,
2863,7/22/2026 3:33,20.36,7.62,6.47,20.3,39150.9,43434,27.73,25448.07,,,,
2864,7/22/2026 3:43,20.28,7.73,6.56,20.2,39272.4,43674.9,27.9,25527.07,,,,
2865,7/22/2026 3:53,20.03,7.95,6.75,19.83,38856,43593.5,27.81,25256.41,,,,
2866,7/22/2026 4:03,19.58,8.24,6.98,19.48,38919,44025.1,28.1,25297.32,,,,
2867,7/22/2026 4:13,19.42,8.41,7.12,19.35,38703.8,43918.3,28.01,25157.5,,,,
2868,7/22/2026 4:23,19.25,8.46,7.16,19.16,38631.9,44036.3,28.08,25110.72,,,,
2869,7/22/2026 4:33,19.13,8.5,7.2,19.03,38481.8,44003,28.05,25013.15,,,,
2870,7/22/2026 4:43,18.83,8.62,7.3,18.71,38239.1,44062.1,28.07,24855.43,,,,
2871,7/22/2026 4:53,18.65,8.76,7.41,18.55,38094.3,44066.4,28.06,24761.26,,,,
2872,7/22/2026 5:03,18.64,8.73,7.39,18.56,38096.8,44053.4,28.05,24762.9,,,,
2873,7/22/2026 5:13,18.59,8.69,7.35,18.51,38076.2,44080.6,28.06,24749.56,,,,
2874,7/22/2026 5:23,18.52,8.71,7.37,18.44,37969.5,44033.3,28.03,24680.16,,,,
2875,7/22/2026 5:33,18.48,8.74,7.39,18.42,37921.8,44003.5,28,24649.19,,,,
2876,7/22/2026 5:43,18.39,8.78,7.43,18.28,37854.8,44069.4,28.04,24605.6,,,,
2877,7/22/2026 5:53,18.21,8.83,7.47,18.11,37700.6,44075.7,28.03,24505.39,,,,
2878,7/22/2026 6:03,18.03,8.69,7.35,17.93,37551.9,44094.9,28.03,24408.72,,,,
2879,7/22/2026 6:13,17.82,8.93,7.55,17.71,37393.3,44154.8,28.05,24305.66,,,,
2880,7/22/2026 6:23,17.62,8.87,7.49,17.53,37320,44264,28.11,24257.99,,,,
2881,7/22/2026 6:33,17.49,8.43,7.12,17.22,37183.3,44447.6,28.21,24169.15,,,,
2882,7/22/2026 6:43,17.04,8.05,6.79,16.86,36921.9,44534.3,28.24,23999.26,,,,
2883,7/22/2026 6:53,16.95,8.76,7.39,16.93,36938.1,44470,28.2,24009.78,,,,
2884,7/22/2026 7:03,17.11,8.93,7.54,17.1,37000.5,44358.3,28.14,24050.3,,,,
2885,7/22/2026 7:13,17.28,9.14,7.72,17.29,37129,44306.7,28.12,24133.88,,,,
2886,7/22/2026 7:23,17.54,9.13,7.72,17.52,37232.9,44167.3,28.04,24201.38,,,,
2887,7/22/2026 7:33,17.78,9.1,7.68,17.68,37451.4,44252.7,28.12,24343.4,,,,
2888,7/22/2026 7:43,18,9.05,7.64,18.16,37970.2,44342.3,28.22,24680.62,,,,
2889,7/22/2026 7:53,18.29,8.9,7.53,18.22,37809.1,44083.5,28.04,24575.89,,,,
2890,7/22/2026 8:03,18.43,8.79,7.43,18.35,38141.9,44336,28.23,24792.23,,,,
2891,7/22/2026 8:13,18.48,8.77,7.41,18.46,38272.3,44368.5,28.26,24877.02,,,,
2892,7/22/2026 8:23,18.58,8.78,7.42,18.52,38338.7,44374.7,28.27,24920.14,,,,
2893,7/22/2026 8:33,18.72,8.7,7.36,18.71,38430.7,44279.7,28.22,24979.97,,,,
2894,7/22/2026 8:43,18.83,8.74,7.38,18.78,38569.3,44359.7,28.28,25070.07,,,,
2895,7/22/2026 8:53,18.94,8.68,7.34,18.9,38599.1,44266.8,28.23,25089.41,,,,
2896,7/22/2026 9:03,19.09,8.61,7.28,19.03,38887.3,44457.3,28.37,25276.78,,,,
2897,7/22/2026 9:13,19.25,8.62,7.28,19.27,38996.4,44335.1,28.3,25347.68,,,,
2898,7/22/2026 9:23,19.46,8.57,7.25,19.45,39141.5,44305,28.29,25441.99,,,,
2899,7/22/2026 9:33,19.68,8.42,7.12,19.73,39391.6,44296.9,28.31,25604.53,,,,
2900,7/22/2026 9:43,19.87,8.44,7.15,19.87,39184,43915.3,28.05,25469.6,,,,
2901,7/22/2026 9:53,20.09,8.29,7.02,20.09,39606.8,44163.3,28.24,25744.4,,,,
2902,7/22/2026 10:03,20.32,8.2,6.95,20.32,39721.5,44051.8,28.17,25819,,,,
2903,7/22/2026 10:13,20.52,8.06,6.83,20.56,39874.7,43971.6,28.13,25918.57,,,,
2904,7/22/2026 10:23,20.7,7.93,6.73,20.67,39843.4,43825.2,28.03,25898.2,,,,
2905,7/22/2026 10:33,20.86,7.78,6.6,20.89,40088.3,43871.2,28.08,26057.4,,,,
2906,7/22/2026 10:43,21.08,7.59,6.45,21.14,40164.4,43702.9,27.98,26106.85,,,,
2907,7/22/2026 10:53,21.25,7.53,6.39,21.24,40349.5,43805.8,28.06,26227.16,,,,
2908,7/22/2026 11:03,21.42,7.37,6.26,21.5,40457.9,43668.1,27.97,26297.64,,,,
2909,7/22/2026 11:13,21.58,7.26,6.17,21.56,40470.3,43619.5,27.94,26305.72,,,,
2910,7/22/2026 11:23,21.71,7.15,6.08,21.74,40556,43538.2,27.89,26361.38,,,,
2911,7/22/2026 11:33,21.85,7.09,6.03,21.86,40664.6,43537.5,27.9,26431.97,,,,
2912,7/22/2026 11:43,22.02,6.91,5.88,22.02,40626.1,43336.2,27.76,26406.95,,,,
2913,7/22/2026 11:53,22.21,6.71,5.71,22.21,40815.6,43358.2,27.79,26530.13,,,,
2914,7/22/2026 12:03,22.38,6.7,5.7,22.37,40903.8,43290.2,27.75,26587.48,,,,
2915,7/22/2026 12:13,22.56,6.57,5.6,22.59,40983.7,43168,27.67,26639.42,,,,
2916,7/22/2026 12:23,22.68,5.87,5,22.69,41078.4,43173.4,27.68,26700.99,,,,
2917,7/22/2026 12:33,22.77,6.04,5.15,22.75,41075.2,43112.9,27.64,26698.86,,,,
2918,7/22/2026 12:43,22.9,6.18,5.27,22.93,41313.2,43194.4,27.71,26853.61,,,,
2919,7/22/2026 12:53,23.06,5.55,4.73,23.04,41316,43086.6,27.64,26855.4,,,,
2920,7/22/2026 13:03,23.17,5.21,4.44,23.13,41447.3,43138.5,27.68,26940.73,,,,
2921,7/22/2026 13:13,23.12,5.5,4.69,23.09,41416.8,43149.2,27.69,26920.89,,,,
2922,7/22/2026 13:23,23.19,5.84,4.99,23.16,41271.8,42927.8,27.53,26826.69,,,,
2923,7/22/2026 13:33,23.26,6.03,5.15,23.25,41486.8,43072.3,27.64,26966.41,,,,
2924,7/22/2026 13:43,23.23,6.03,5.15,23.18,41302.6,42948.5,27.55,26846.71,,,,
2925,7/22/2026 13:53,23.1,6.44,5.5,23.03,41176.4,42949.5,27.54,26764.63,,,,
2926,7/22/2026 14:03,22.96,6.85,5.84,22.87,41173.4,43099.3,27.64,26762.74,,,,
2927,7/22/2026 14:13,23.01,7.1,6.05,23,41326,43133.9,27.67,26861.89,,,,
2928,7/22/2026 14:23,22.97,7.22,6.15,22.92,41279.3,43167.5,27.69,26831.57,,,,
2929,7/22/2026 14:33,22.84,7.69,6.55,22.8,41304.8,43308.1,27.78,26848.09,,,,
2930,7/22/2026 14:43,22.71,8.63,7.36,22.61,40647.1,42799.2,27.41,26420.61,,,,
2931,7/22/2026 14:53,22.55,8.48,7.24,22.48,40557.9,42824.4,27.42,26362.66,,,,
2932,7/22/2026 15:03,22.38,8.64,7.37,22.28,40486,42936.5,27.49,26315.9,,,,
2933,7/22/2026 15:13,22.23,8.73,7.44,22.13,40329.6,42913.6,27.47,26214.25,,,,
2934,7/22/2026 15:23,22.09,8.99,7.67,21.98,40154.5,42876.2,27.43,26100.4,,,,
2935,7/22/2026 15:33,21.74,9,7.67,21.62,39921.7,42975.9,27.49,25949.08,,,,
2936,7/22/2026 15:43,21.42,9.19,7.83,21.26,39486.6,42848.7,27.38,25666.31,,,,
2937,7/22/2026 15:53,20.84,9.27,7.9,20.67,39054.4,42960.3,27.42,25385.33,,,,
2938,7/22/2026 16:03,20.48,9.39,7.99,20.36,38867.9,43060.3,27.47,25264.12,,,,
2939,7/22/2026 16:13,20.26,9.48,8.06,20.15,38683.1,43070.4,27.47,25144.02,,,,
2940,7/22/2026 16:23,20.02,9.47,8.06,19.92,38438.3,43028.3,27.42,24984.88,,,,
2941,7/22/2026 16:33,19.78,9.35,7.95,19.66,38234.2,43067.9,27.43,24852.2,,,,
2942,7/22/2026 16:43,19.47,9.34,7.93,19.33,38125.7,43283.7,27.56,24781.69,,,,
2943,7/22/2026 16:53,19.3,9.4,7.99,19.24,37950.8,43177,27.48,24668.01,,,,
2944,7/22/2026 17:03,19.21,9.37,7.96,19.16,37949.3,43258.3,27.53,24667.07,,,,
2945,7/22/2026 17:13,19.25,9.44,8.02,19.16,37920.8,43216.5,27.5,24648.5,,,,
2946,7/22/2026 17:23,19.13,9.36,7.95,19.01,37712.1,43141.5,27.44,24512.89,,,,
2947,7/22/2026 17:33,18.88,9.45,8.03,18.75,37582.8,43265.4,27.51,24428.84,,,,
2948,7/22/2026 17:43,18.63,9.26,7.85,18.49,37541.6,43486.7,27.64,24402.03,,,,
2949,7/22/2026 17:53,18.46,9.6,8.14,18.37,37384.4,43430.2,27.59,24299.86,,,,
2950,7/22/2026 18:03,18.24,9.54,8.09,18.11,37176.6,43463.1,27.6,24164.78,,,,
2951,7/22/2026 18:13,18.02,9.51,8.06,17.9,37098.2,43597.4,27.67,24113.85,,,,
2952,7/22/2026 18:23,17.58,9.6,8.13,17.34,36730.5,43769.1,27.75,23874.81,,,,
2953,7/22/2026 18:33,16.99,9.7,8.19,16.84,36487.2,44036.6,27.89,23716.7,,,,
2954,7/22/2026 18:43,15.83,9.39,7.91,15.54,35535.1,44340.7,27.98,23097.8,,,,
2955,7/22/2026 18:53,15.38,9.41,7.93,15.33,35428.2,44457.6,28.04,23028.32,,,,
2956,7/22/2026 19:03,15.38,9.5,8.01,15.35,35453.2,44468,28.05,23044.59,,,,
2957,7/22/2026 19:13,15.4,9.21,7.76,15.14,35234.4,44438.2,28,22902.36,,,,
2958,7/22/2026 19:23,15.43,9.33,7.86,15.07,35191.8,44469,28.02,22874.68,,,,
2959,7/22/2026 19:33,15.53,10.37,8.74,15.61,35501.7,44219.5,27.9,23076.12,,,,
2960,7/22/2026 19:43,16.1,10.41,8.79,16.3,35996,44038.6,27.84,23397.4,,,,
2961,7/22/2026 19:53,16.56,10.42,8.81,16.5,36056.7,43887.8,27.76,23436.83,,,,
2962,7/22/2026 20:03,17,10.44,8.83,17.21,36618.4,43778.9,27.74,23801.93,,,,
2963,7/22/2026 20:13,17.76,10.15,8.6,17.82,37053.7,43628.4,27.69,24084.93,,,,
2964,7/22/2026 20:23,18.36,9.91,8.4,18.49,37547.7,43493.9,27.65,24406.03,,,,
2965,7/22/2026 20:33,18.63,9.8,8.31,18.58,37643.9,43514,27.67,24468.56,,,,
2966,7/22/2026 20:43,18.73,9.69,8.22,18.69,37737.2,43502.6,27.67,24529.2,,,,
2967,7/22/2026 20:53,18.92,9.57,8.12,18.91,37868.9,43426.2,27.63,24614.78,,,,
2968,7/22/2026 21:03,19.04,9.56,8.11,19,38082.7,43568.4,27.74,24753.72,,,,
2969,7/22/2026 21:13,19.18,9.17,7.78,19.2,38204.4,43505.7,27.71,24832.84,,,,
2970,7/22/2026 21:23,19.38,9.14,7.76,19.41,38409.2,43516.1,27.73,24965.97,,,,
2971,7/22/2026 21:33,19.56,8.84,7.5,19.55,38605.6,43599.8,27.8,25093.64,,,,
2972,7/22/2026 21:43,19.72,8.58,7.28,19.7,38594.8,43431.4,27.69,25086.63,,,,
2973,7/22/2026 21:53,19.84,8.69,7.38,19.84,38739.9,43451,27.71,25180.9,,,,
2974,7/22/2026 22:03,19.99,8.7,7.39,19.98,38895.4,43476.1,27.74,25281.98,,,,
2975,7/22/2026 22:13,20.19,8.54,7.25,20.21,39111.8,43490.2,27.77,25422.66,,,,
2976,7/22/2026 22:23,20.39,8.4,7.13,20.39,39339.5,43555.7,27.83,25570.68,,,,
2977,7/22/2026 22:33,20.56,8.17,6.94,20.58,39446.4,43481.3,27.78,25640.14,,,,
2978,7/22/2026 22:43,20.77,7.95,6.76,20.78,39492.4,43331.8,27.69,25670.07,,,,
2979,7/22/2026 22:53,20.98,7.88,6.7,21.01,39745.9,43380.6,27.74,25834.87,,,,
2980,7/22/2026 23:03,21.19,7.66,6.52,21.19,39813.7,43274.1,27.67,25878.88,,,,
2981,7/22/2026 23:13,21.34,7.58,6.45,21.36,40037,43351.6,27.74,26024.04,,,,
2982,7/22/2026 23:23,21.5,7.34,6.25,21.5,39988.4,43161.3,27.61,25992.44,,,,
2983,7/22/2026 23:33,21.65,7.06,6,21.65,40382.6,43436.9,27.82,26248.69,,,,
2984,7/22/2026 23:43,21.78,6.89,5.87,21.77,40174.3,43099.4,27.58,26113.28,,,,
2985,7/22/2026 23:53,21.91,6.68,5.69,21.91,40388.7,43192.8,27.66,26252.64,,,,
2986,7/23/2026 0:03,22.02,6.49,5.53,22.02,40275.4,42964.9,27.5,26178.98,,,,
2987,7/23/2026 0:13,22.12,6.21,5.3,22.12,40308.6,42902.7,27.46,26200.59,,,,
2988,7/23/2026 0:23,22.2,5.96,5.08,22.18,40375.3,42919.2,27.48,26243.93,,,,
2989,7/23/2026 0:33,22.27,5.95,5.08,22.25,40168.1,42630.7,27.27,26109.29,,,,
2990,7/23/2026 0:43,22.3,5.77,4.93,22.28,40188.7,42624,27.27,26122.63,,,,
2991,7/23/2026 0:53,22.36,5.49,4.69,22.35,40269.5,42641.6,27.29,26175.18,,,,
2992,7/23/2026 1:03,22.45,5.1,4.36,22.41,40341.3,42660.8,27.3,26221.83,,,,
2993,7/23/2026 1:13,22.53,4.81,4.1,22.52,40555.3,42787.6,27.4,26360.94,,,,
2994,7/23/2026 1:23,22.61,4.57,3.9,22.61,40426.2,42558.2,27.24,26277.04,,,,
2995,7/23/2026 1:33,22.67,4.47,3.82,22.67,40402.1,42482.2,27.19,26261.37,,,,
2996,7/23/2026 1:43,22.68,4.11,3.51,22.68,40354.5,42423.7,27.15,26230.42,,,,
2997,7/23/2026 1:53,22.45,3.52,3.01,22.26,39761.7,42193.6,26.96,25845.09,,,,
2998,7/23/2026 2:03,22.32,2.58,2.2,22.27,39733.2,42149.3,26.93,25826.55,,,,
2999,7/23/2026 2:13,22.52,3.06,2.61,22.51,39978.9,42185.1,26.97,25986.31,,,,
3000,7/23/2026 2:23,22.44,2.89,2.47,22.43,40044.1,42326.8,27.07,26028.66,,,,
3001,7/23/2026 2:33,22.66,3.42,2.92,22.65,40230.9,42319,27.07,26150.09,,,,
3002,7/23/2026 2:43,22.71,3.85,3.29,22.66,40269.4,42348.2,27.09,26175.08,,,,
3003,7/23/2026 2:53,22.62,4.13,3.54,22.57,40135.5,42297,27.05,26088.09,,,,
3004,7/23/2026 3:03,22.6,4.26,3.64,22.55,40153.5,42335.6,27.08,26099.76,,,,
3005,7/23/2026 3:13,22.5,4.65,3.97,22.42,40140.7,42437.4,27.15,26091.43,,,,
3006,7/23/2026 3:23,22.2,5.52,4.71,22.08,40033.1,42646.5,27.28,26021.52,,,,
3007,7/23/2026 3:33,21.97,6.01,5.13,21.87,39854.3,42655.7,27.27,25905.32,,,,
3008,7/23/2026 3:43,21.71,6.23,5.31,21.62,39690.1,42718,27.3,25798.57,,,,
3009,7/23/2026 3:53,21.55,6.92,5.9,21.48,39520.5,42673.6,27.26,25688.3,,,,
3010,7/23/2026 4:03,21.43,7.16,6.1,21.33,39597.1,42904.4,27.42,25738.13,,,,
3011,7/23/2026 4:13,21.23,7.18,6.12,21.14,39254.2,42721.3,27.28,25515.22,,,,
3012,7/23/2026 4:23,21.11,6.92,5.92,21.05,38671.1,42170.1,26.88,25136.23,,,,
3013,7/23/2026 4:33,21.05,6.92,5.91,20.99,38593.6,42146,26.86,25085.85,,,,
3014,7/23/2026 4:43,21.01,7.18,6.13,20.97,38511.7,42073.8,26.81,25032.63,,,,
3015,7/23/2026 4:53,20.83,7.46,6.37,20.7,38365.9,42174,26.87,24937.87,,,,
3016,7/23/2026 5:03,20.47,7.62,6.51,20.35,38144.7,42270.8,26.91,24794.03,,,,
3017,7/23/2026 5:13,20.09,7.89,6.74,19.95,37761.2,42237.9,26.86,24544.76,,,,
3018,7/23/2026 5:23,19.88,8.04,6.86,19.78,37727,42371.4,26.95,24522.54,,,,
3019,7/23/2026 5:33,19.61,8,6.82,19.45,37522.8,42469.8,26.99,24389.85,,,,
3020,7/23/2026 5:43,19.27,8.19,6.99,19.14,37193.3,42411.6,26.93,24175.64,,,,
3021,7/23/2026 5:53,19.06,8.29,7.06,18.96,37057.6,42444.2,26.94,24087.41,,,,
3022,7/23/2026 6:03,18.91,8.07,6.87,18.81,37010.7,42539.6,27,24056.97,,,,
3023,7/23/2026 6:13,18.81,7.79,6.64,18.73,36835.7,42423.7,26.91,23943.21,,,,
3024,7/23/2026 6:23,18.63,8.32,7.09,18.52,36511.3,42262.7,26.78,23732.33,,,,
3025,7/23/2026 6:33,18.56,8.04,6.86,18.47,36135.5,41879.1,26.51,23488.06,,,,
3026,7/23/2026 6:43,18.39,7.74,6.6,18.3,36268.5,42204.3,26.73,23574.5,,,,
3027,7/23/2026 6:53,18.3,7.44,6.34,18.22,36302.8,42330.3,26.81,23596.82,,,,
3028,7/23/2026 7:03,18.23,7.38,6.28,18.15,36551.6,42698.1,27.06,23758.55,,,,
3029,7/23/2026 7:13,18.12,7.03,5.99,18.02,36189.3,42407.9,26.85,23523.05,,,,
3030,7/23/2026 7:23,18.02,6.78,5.77,17.92,36300.2,42637.6,27,23595.11,,,,
3031,7/23/2026 7:33,17.86,6.72,5.72,17.76,35827.8,42256.3,26.72,23288.07,,,,
3032,7/23/2026 7:43,17.56,6.39,5.43,17.39,35899.8,42731.5,27.02,23334.89,,,,
3033,7/23/2026 7:53,17.47,6.66,5.67,17.32,35534.2,42362.5,26.76,23097.26,,,,
3034,7/23/2026 8:03,17.41,7.66,6.52,17.35,35452.9,42237.2,26.67,23044.37,,,,
3035,7/23/2026 8:13,17.47,8.15,6.94,17.39,35421.3,42155.7,26.62,23023.86,,,,
3036,7/23/2026 8:23,17.52,8.23,7.02,17.54,35391,41969.9,26.5,23004.13,,,,
3037,7/23/2026 8:33,17.65,8.14,6.95,17.63,35443.9,41930.1,26.48,23038.51,,,,
3038,7/23/2026 8:43,17.96,8.28,7.06,18,35862.8,42043.8,26.59,23310.83,,,,
3039,7/23/2026 8:53,18.23,8.65,7.38,18.19,35988.7,41997.7,26.57,23392.67,,,,
3040,7/23/2026 9:03,18.23,8.16,6.97,18.16,35962.5,41991.5,26.57,23375.59,,,,
3041,7/23/2026 9:13,18.34,8.59,7.32,18.31,36134,42044.7,26.61,23487.12,,,,
3042,7/23/2026 9:23,18.44,8.66,7.38,18.41,36539.1,42405.2,26.88,23750.4,,,,
3043,7/23/2026 9:33,18.58,8.78,7.48,18.59,36505.6,42182.9,26.73,23728.63,,,,
3044,7/23/2026 9:43,18.73,8.71,7.42,18.69,36824.7,42453.7,26.93,23936.04,,,,
3045,7/23/2026 9:53,18.8,8.73,7.45,18.8,36620.5,42100.1,26.69,23803.34,,,,
3046,7/23/2026 10:03,19.03,8.78,7.47,19.06,37489.8,42835,27.23,24368.34,,,,
3047,7/23/2026 10:13,19.22,8.89,7.58,19.21,37294.1,42460,26.97,24241.14,,,,
3048,7/23/2026 10:23,19.42,8.93,7.61,19.41,37462.3,42446.2,26.98,24350.46,,,,
3049,7/23/2026 10:33,19.61,8.88,7.57,19.63,37725,42524.3,27.05,24521.26,,,,
3050,7/23/2026 10:43,19.85,8.86,7.54,19.9,38215.1,42802.4,27.26,24839.8,,,,
3051,7/23/2026 10:53,20.1,8.82,7.52,20.07,38182.4,42590,27.12,24818.57,,,,
3052,7/23/2026 11:03,20.34,8.71,7.42,20.36,38438.9,42588,27.14,24985.27,,,,
3053,7/23/2026 11:13,20.55,8.58,7.32,20.56,38456.3,42410.4,27.02,24996.6,,,,
3054,7/23/2026 11:23,20.83,8.17,6.98,20.86,38745.1,42436.1,27.06,25184.31,,,,
3055,7/23/2026 11:33,21.03,8.18,6.98,21.05,38810.5,42322,26.99,25226.82,,,,
3056,7/23/2026 11:43,21.25,7.82,6.68,21.3,39015.9,42303.3,26.99,25360.33,,,,
3057,7/23/2026 11:53,21.46,7.63,6.53,21.45,39022,42163.9,26.9,25364.29,,,,
3058,7/23/2026 12:03,21.59,7.6,6.5,21.58,39094.3,42116.5,26.87,25411.29,,,,
3059,7/23/2026 12:13,21.76,7.48,6.4,21.81,39272.5,42089.5,26.87,25527.13,,,,
3060,7/23/2026 12:23,21.91,7.02,6.01,21.93,39303,42014.9,26.82,25546.96,,,,
3061,7/23/2026 12:33,22.06,6.86,5.87,22.03,39489,42111.9,26.89,25667.83,,,,
3062,7/23/2026 12:43,22.23,7.32,6.26,22.22,39513.5,41961.1,26.8,25683.78,,,,
3063,7/23/2026 12:53,22.36,7.22,6.18,22.35,39571.9,41905.6,26.76,25721.72,,,,
3064,7/23/2026 13:03,22.52,6.98,5.98,22.58,39819.1,41949.6,26.81,25882.43,,,,
3065,7/23/2026 13:13,22.65,6.3,5.39,22.67,40097.6,42164.8,26.96,26063.46,,,,
3066,7/23/2026 13:23,22.82,5.78,4.95,22.84,40107.2,42016.5,26.87,26069.69,,,,
3067,7/23/2026 13:33,22.94,5.74,4.92,22.97,40179.7,41970.5,26.84,26116.79,,,,
3068,7/23/2026 13:43,23.14,5.13,4.4,23.13,40106.6,41748.6,26.69,26069.29,,,,
3069,7/23/2026 13:53,23.25,3.96,3.4,23.24,40316.4,41865.4,26.78,26205.65,,,,
3070,7/23/2026 14:03,23.34,3.44,2.94,23.31,40412.3,41896.3,26.8,26267.97,,,,
3071,7/23/2026 14:13,23.39,4.3,3.69,23.34,40271.7,41728.8,26.68,26176.62,,,,
3072,7/23/2026 14:23,23.45,5.04,4.32,23.46,40597.5,41956.7,26.85,26388.39,,,,
3073,7/23/2026 14:33,23.31,5.28,4.52,23.23,40362.8,41921.8,26.82,26235.81,,,,
3074,7/23/2026 14:43,23.14,5.96,5.11,23.13,40176.3,41821.2,26.74,26114.6,,,,
3075,7/23/2026 14:53,23.05,6.56,5.62,23.01,40025.8,41768.6,26.7,26016.79,,,,
3076,7/23/2026 15:03,23.01,6.32,5.41,22.97,40180.4,41971.3,26.84,26117.27,,,,
3077,7/23/2026 15:13,23.01,6.76,5.79,22.99,40125.7,41892.1,26.79,26081.68,,,,
3078,7/23/2026 15:23,22.96,7.72,6.61,22.92,40113.2,41942.5,26.82,26073.6,,,,
3079,7/23/2026 15:33,22.84,7.81,6.69,22.75,40104.7,42097.1,26.92,26068.08,,,,
3080,7/23/2026 15:43,22.28,8.84,7.56,22.18,39810.3,42315.8,27.05,25876.71,,,,
3081,7/23/2026 15:53,22.1,8.84,7.56,22.06,39519.8,42122.3,26.9,25687.89,,,,
3082,7/23/2026 16:03,22.12,8.89,7.6,22.07,39661.5,42262,27,25780,,,,
3083,7/23/2026 16:13,22.08,9.28,7.93,22,39636.8,42297.9,27.03,25763.94,,,,
3084,7/23/2026 16:23,21.77,9.35,7.99,21.64,39394.5,42388.3,27.07,25606.4,,,,
3085,7/23/2026 16:33,21.42,9.64,8.23,21.31,39124.1,42414.9,27.07,25430.65,,,,
3086,7/23/2026 16:43,20.96,9.29,7.93,20.77,38599.9,42364.2,27,25089.92,,,,
3087,7/23/2026 16:53,20.41,9.62,8.2,20.25,38306,42549.9,27.1,24898.92,,,,
3088,7/23/2026 17:03,20.26,9.66,8.24,20.22,38303.3,42579.3,27.12,24897.13,,,,
3089,7/23/2026 17:13,20.31,9.77,8.33,20.26,38474,42724.6,27.23,25008.11,,,,
3090,7/23/2026 17:23,20.15,9.72,8.29,20.04,38046.2,42470.6,27.03,24730.03,,,,
3091,7/23/2026 17:33,19.8,9.58,8.16,19.68,37731.3,42480.5,27.02,24525.35,,,,
3092,7/23/2026 17:43,19.53,9.66,8.24,19.42,37501.3,42475.5,27,24375.87,,,,
3093,7/23/2026 17:53,19.33,9.57,8.16,19.24,37402.4,42553,27.04,24311.54,,,,
3094,7/23/2026 18:03,19.16,9.48,8.07,19.07,37349.9,42666.1,27.11,24277.41,,,,
3095,7/23/2026 18:13,19.17,9.59,8.16,19.13,37428.6,42692.1,27.13,24328.61,,,,
3096,7/23/2026 18:23,19.12,9.46,8.06,19.09,37318.2,42602.6,27.06,24256.86,,,,
3097,7/23/2026 18:33,19.13,8.92,7.6,19,37245.2,42613.4,27.06,24209.38,,,,
3098,7/23/2026 18:43,18.84,8.91,7.58,18.72,37049,42681.6,27.09,24081.84,,,,
3099,7/23/2026 18:53,18.64,8.83,7.52,18.53,36784.1,42566.2,27,23909.69,,,,
3100,7/23/2026 19:03,18.48,8.85,7.53,18.37,36600.5,42516.5,26.95,23790.31,,,,
3101,7/23/2026 19:13,18.25,8.69,7.39,18.15,36498.2,42635.8,27.02,23723.85,,,,
3102,7/23/2026 19:23,18.04,8.42,7.16,17.89,36424.8,42815.4,27.12,23676.1,,,,
3103,7/23/2026 19:33,17.49,9.03,7.67,17.32,36100,43037,27.23,23465.01,,,,
3104,7/23/2026 19:43,17.22,8.64,7.33,17.11,36054.1,43210.7,27.34,23435.13,,,,
3105,7/23/2026 19:53,17.08,7.97,6.76,16.99,35921.4,43187.5,27.31,23348.92,,,,
3106,7/23/2026 20:03,17.03,6.9,5.86,16.97,35867.9,43139.4,27.27,23314.11,,,,
3107,7/23/2026 20:13,17,7.86,6.67,17,35739.3,42959,27.15,23230.57,,,,
3108,7/23/2026 20:23,17.14,9.04,7.67,17.13,35809.2,42901.1,27.12,23275.96,,,,
3109,7/23/2026 20:33,17.02,9.51,8.07,16.94,35765.4,43048.5,27.21,23247.49,,,,
3110,7/23/2026 20:43,17.24,9.72,8.26,17.35,35937.8,42821.3,27.08,23359.58,,,,
3111,7/23/2026 20:53,17.58,9.57,8.13,17.57,36088.9,42759.5,27.06,23457.79,,,,
3112,7/23/2026 21:03,17.79,9.82,8.35,17.82,36255.6,42694.9,27.03,23566.16,,,,
3113,7/23/2026 21:13,18.15,9.3,7.92,18.21,36347.2,42391.4,26.85,23625.69,,,,
3114,7/23/2026 21:23,18.54,9.54,8.13,18.49,36587.9,42385.1,26.87,23782.13,,,,
3115,7/23/2026 21:33,18.68,9.74,8.29,18.63,36852.5,42540.8,26.99,23954.1,,,,
3116,7/23/2026 21:43,18.78,9.8,8.35,18.74,36972,42571.4,27.02,24031.81,,,,
3117,7/23/2026 21:53,18.88,9.44,8.03,18.88,37230.4,42721.5,27.13,24199.75,,,,
3118,7/23/2026 22:03,18.98,9.23,7.86,18.94,37147.5,42559.3,27.02,24145.86,,,,
3119,7/23/2026 22:13,19.07,9.07,7.73,19.05,37278.3,42599.5,27.06,24230.9,,,,
3120,7/23/2026 22:23,19.14,9.19,7.82,19.1,37450,42746.9,27.17,24342.5,,,,
3121,7/23/2026 22:33,19.25,9.08,7.73,19.24,37422.8,42570.2,27.05,24324.82,,,,
3122,7/23/2026 22:43,19.41,8.64,7.36,19.4,37509.7,42512.1,27.02,24381.31,,,,
3123,7/23/2026 22:53,19.57,8.75,7.47,19.55,37322.6,42141.8,26.77,24259.66,,,,
3124,7/23/2026 23:03,19.75,8.46,7.23,19.75,37260.8,41880.2,26.6,24219.54,,,,
3125,7/23/2026 23:13,19.93,9.06,7.73,19.9,37784,42313.7,26.91,24559.59,,,,
3126,7/23/2026 23:23,20.08,8.96,7.65,20.08,37731.5,42078.2,26.76,24525.46,,,,
3127,7/23/2026 23:33,20.26,8.89,7.56,20.27,38973.2,43272.9,27.62,25332.59,,,,
3128,7/23/2026 23:43,20.45,8.97,7.66,20.46,38294.2,42333.8,26.96,24891.23,,,,
3129,7/23/2026 23:53,20.63,8.67,7.42,20.64,37835.6,41645.5,26.49,24593.17,,,,
3130,7/24/2026 0:03,20.84,8.4,7.16,20.86,39096.6,42821.1,27.33,25412.79,,,,
3131,7/24/2026 0:13,21.04,7.86,6.7,21.06,39205.7,42744.3,27.29,25483.73,,,,
3132,7/24/2026 0:23,21.2,7.27,6.2,21.2,39202.6,42598.4,27.2,25481.72,,,,
3133,7/24/2026 0:33,21.36,6.97,5.95,21.37,39196.7,42433.1,27.09,25477.84,,,,
3134,7/24/2026 0:43,21.49,6.67,5.69,21.48,39415.9,42563.6,27.19,25620.37,,,,
3135,7/24/2026 0:53,21.59,6.48,5.53,21.58,39415.8,42465.7,27.12,25620.28,,,,
3136,7/24/2026 1:03,21.66,6.06,5.18,21.65,39422,42406.5,27.08,25624.32,,,,
3137,7/24/2026 1:13,21.75,5.91,5.05,21.74,39418.8,42311.8,27.02,25622.25,,,,
3138,7/24/2026 1:23,21.86,5.78,4.94,21.87,39427.9,42205,26.95,25628.16,,,,
3139,7/24/2026 1:33,21.99,5.65,4.83,22.01,39720.4,42381.4,27.08,25818.25,,,,
3140,7/24/2026 1:43,22.12,5.73,4.91,22.14,39397.4,41913.2,26.76,25608.29,,,,
3141,7/24/2026 1:53,22.23,5.63,4.82,22.26,39501.4,41917.5,26.77,25675.93,,,,
3142,7/24/2026 2:03,22.35,5.33,4.56,22.32,39464.6,41819.9,26.7,25651.99,,,,
3143,7/24/2026 2:13,22.42,5.1,4.37,22.4,39406.6,41686.2,26.61,25614.28,,,,
3144,7/24/2026 2:23,22.48,4.87,4.17,22.45,39779.5,42033.2,26.86,25856.66,,,,
3145,7/24/2026 2:33,22.53,4.52,3.87,22.52,39739.4,41918.4,26.78,25830.61,,,,
3146,7/24/2026 2:43,22.51,3.81,3.26,22.24,39594,42026.9,26.85,25736.1,,,,
3147,7/24/2026 2:53,22.3,3.07,2.63,22.2,39175.6,41618.9,26.55,25464.15,,,,
3148,7/24/2026 3:03,22.33,1.61,1.38,22.26,39263.5,41662.2,26.59,25521.28,,,,
3149,7/24/2026 3:13,22.37,1.55,1.33,22.33,39284.7,41620.9,26.56,25535.05,,,,
3150,7/24/2026 3:23,22.33,3.02,2.59,22.29,39272.6,41641.4,26.57,25527.22,,,,
3151,7/24/2026 3:33,22.46,3.05,2.61,22.43,39606.5,41864.3,26.74,25744.22,,,,
3152,7/24/2026 3:43,22.41,3.92,3.36,22.38,39309,41599.6,26.55,25550.85,,,,
3153,7/24/2026 3:53,22.36,4.05,3.47,22.31,39668.7,42044.5,26.86,25784.65,,,,
3154,7/24/2026 4:03,22.27,4.51,3.86,22.21,39333.4,41778.2,26.67,25566.72,,,,
3155,7/24/2026 4:13,22.17,5.06,4.34,22.07,39075.6,41634.8,26.56,25399.11,,,,
3156,7/24/2026 4:23,21.87,5.86,5.02,21.77,38931,41765.6,26.64,25305.12,,,,
3157,7/24/2026 4:33,21.7,6.85,5.87,21.64,38898.9,41855.1,26.69,25284.26,,,,
3158,7/24/2026 4:43,21.61,7.03,6.02,21.54,38869.7,41911.4,26.73,25265.33,,,,
3159,7/24/2026 4:53,21.45,6.9,5.91,21.36,38597.3,41789.8,26.63,25088.22,,,,
3160,7/24/2026 5:03,21.28,7.13,6.11,21.19,38426.9,41772.5,26.61,24977.47,,,,
3161,7/24/2026 5:13,21.04,7.11,6.08,20.96,38405.6,41963.6,26.73,24963.63,,,,
3162,7/24/2026 5:23,20.93,7.34,6.27,20.84,38346.6,42016.9,26.76,24925.29,,,,
3163,7/24/2026 5:33,20.75,7.31,6.25,20.66,38190.8,42024.8,26.76,24823.99,,,,
3164,7/24/2026 5:43,20.63,7.45,6.38,20.57,37925.9,41816.8,26.61,24651.86,,,,
3165,7/24/2026 5:53,20.56,7.55,6.45,20.49,37965.3,41935.5,26.68,24677.46,,,,
3166,7/24/2026 6:03,20.41,7.81,6.68,20.3,37729.6,41866,26.62,24524.25,,,,
3167,7/24/2026 6:13,20.14,7.99,6.83,20.01,37482.6,41870.7,26.61,24363.69,,,,
3168,7/24/2026 6:23,19.9,8.19,7,19.82,37290.8,41846.2,26.58,24238.99,,,,
3169,7/24/2026 6:33,19.69,8.15,6.97,19.58,36989.1,41735.9,26.49,24042.89,,,,
3170,7/24/2026 6:43,19.37,8.2,7,19.25,36897.5,41966.7,26.63,23983.36,,,,
3171,7/24/2026 6:53,19.14,7.95,6.78,19.04,36885.8,42166,26.75,23975.74,,,,
3172,7/24/2026 7:03,18.95,8.15,6.94,18.87,37024.5,42497.5,26.97,24065.93,,,,
3173,7/24/2026 7:13,18.86,7.99,6.81,18.78,36814.6,42341.5,26.86,23929.5,,,,
3174,7/24/2026 7:23,18.78,7.94,6.77,18.69,36719.1,42331.9,26.84,23867.41,,,,
3175,7/24/2026 7:33,18.66,7.99,6.81,18.56,36495.4,42207.7,26.75,23722.01,,,,
3176,7/24/2026 7:43,18.52,7.76,6.61,18.44,36407.5,42228.1,26.75,23664.9,,,,
3177,7/24/2026 7:53,18.43,7.8,6.65,18.34,36222.1,42113.6,26.66,23544.36,,,,
3178,7/24/2026 8:03,18.3,7.46,6.36,18.22,36170.7,42173.2,26.7,23510.97,,,,
3179,7/24/2026 8:13,18.29,7.27,6.2,18.22,36105.6,42103.5,26.65,23468.66,,,,
3180,7/24/2026 8:23,18.27,6.73,5.74,18.19,36098,42125.2,26.66,23463.7,,,,
3181,7/24/2026 8:33,18.27,6.59,5.66,18.17,34754.7,40569.5,25.57,22590.55,,,,
3182,7/24/2026 8:43,18.27,4.7,4.03,18.12,34850.6,40734.8,25.68,22652.86,,,,
3183,7/24/2026 8:53,18.25,4.56,3.91,18.01,35207.2,41269.1,26.05,22884.68,,,,
3184,7/24/2026 9:03,18.04,6.45,5.52,17.92,35207.5,41360.3,26.1,22884.88,,,,
3185,7/24/2026 9:13,18.02,7.24,6.19,17.94,35260,41400.7,26.13,22919.02,,,,
3186,7/24/2026 9:23,18.03,8.09,6.92,17.98,35224.2,41319.3,26.08,22895.75,,,,
3187,7/24/2026 9:33,18.11,8.41,7.19,18.07,35386,41412,26.15,23000.89,,,,
3188,7/24/2026 9:43,18.19,8.46,7.24,18.15,35386.3,41333.8,26.1,23001.1,,,,
3189,7/24/2026 9:53,18.28,8.45,7.23,18.23,35410.9,41275.3,26.07,23017.11,,,,
3190,7/24/2026 10:03,18.36,8.5,7.27,18.32,35517.4,41309.2,26.1,23086.28,,,,
3191,7/24/2026 10:13,18.45,8.85,7.57,18.45,35912.3,41644.6,26.34,23343.01,,,,
3192,7/24/2026 10:23,18.63,9.23,7.88,18.63,36343.1,41958.8,26.58,23622.99,,,,
3193,7/24/2026 10:33,18.88,9.29,7.93,19,36604.3,41880.1,26.55,23792.78,,,,
3194,7/24/2026 10:43,19.29,9.3,7.94,19.25,36914.7,41986.3,26.64,23994.54,,,,
3195,7/24/2026 10:53,19.54,9.04,7.72,19.69,37204.6,41875.7,26.59,24182.98,,,,
3196,7/24/2026 11:03,19.94,9.09,7.77,19.9,37417.7,41903.4,26.63,24321.49,,,,
3197,7/24/2026 11:13,20.13,9.24,7.91,20.1,37420.5,41716.8,26.51,24323.32,,,,
3198,7/24/2026 11:23,20.32,9.14,7.82,20.36,37638.4,41701.1,26.51,24464.97,,,,
3199,7/24/2026 11:33,20.71,9.1,7.79,20.77,37954.6,41653.1,26.5,24670.48,,,,
3200,7/24/2026 11:43,20.82,9.25,7.92,20.84,37894.1,41521.2,26.41,24631.19,,,,
3201,7/24/2026 11:53,20.88,9.52,8.16,20.85,37819,41430.3,26.35,24582.37,,,,
3202,7/24/2026 12:03,20.96,9.5,8.14,20.96,38093.4,41622.5,26.49,24760.74,,,,
3203,7/24/2026 12:13,21.23,9.41,8.06,21.24,38341.5,41625.8,26.51,24921.95,,,,
3204,7/24/2026 12:23,21.47,9.52,8.17,21.53,38202.3,41202.9,26.23,24831.52,,,,
3205,7/24/2026 12:33,21.75,9.5,8.15,21.8,38486.5,41258.2,26.28,25016.23,,,,
3206,7/24/2026 12:43,21.97,9.12,7.8,22,39632.5,42293.2,27.02,25761.09,,,,
3207,7/24/2026 12:53,22.16,9.17,7.84,22.16,39685.5,42200,26.96,25795.57,,,,
3208,7/24/2026 13:03,22.32,9.22,7.89,22.35,39802.5,42144.3,26.93,25871.64,,,,
3209,7/24/2026 13:13,22.51,8.51,7.29,22.51,39834.1,42029.5,26.86,25892.17,,,,
3210,7/24/2026 13:23,22.68,9.01,7.72,22.72,40001.2,42016.2,26.86,26000.79,,,,
3211,7/24/2026 13:33,22.82,8.9,7.62,22.85,40199,42104.2,26.93,26129.33,,,,
3212,7/24/2026 13:43,22.95,8.05,6.9,22.98,40125.9,41906.1,26.79,26081.81,,,,
3213,7/24/2026 13:53,23.13,8.51,7.29,23.09,40158.2,41838,26.75,26102.83,,,,
3214,7/24/2026 14:03,23.29,8.63,7.4,23.25,40225.7,41760.3,26.7,26146.72,,,,
3215,7/24/2026 14:13,23.4,8.78,7.53,23.47,40452.5,41793.2,26.74,26294.13,,,,
3216,7/24/2026 14:23,23.53,8.34,7.16,23.5,40266,41573.4,26.58,26172.91,,,,
3217,7/24/2026 14:33,23.63,7.97,6.84,23.6,40473.2,41703,26.68,26307.55,,,,
3218,7/24/2026 14:43,23.72,8.32,7.15,23.76,40293.2,41369.5,26.45,26190.59,,,,
3219,7/24/2026 14:53,23.84,7.5,6.44,23.8,40578.2,41629.7,26.63,26375.82,,,,
3220,7/24/2026 15:03,23.93,6.62,5.68,23.91,40865.6,41821.5,26.78,26562.62,,,,
3221,7/24/2026 15:13,23.76,7.3,6.27,23.7,40498,41631.1,26.63,26323.69,,,,
3222,7/24/2026 15:23,23.71,7.13,6.12,23.67,40395.3,41552.5,26.57,26256.95,,,,
3223,7/24/2026 15:33,23.65,7.74,6.65,23.63,40334.7,41533.4,26.56,26217.57,,,,
3224,7/24/2026 15:43,23.61,7.94,6.82,23.58,40398.6,41639.8,26.63,26259.1,,,,
3225,7/24/2026 15:53,23.58,8.08,6.93,23.55,40433.7,41700.3,26.67,26281.9,,,,
3226,7/24/2026 16:03,23.49,8,6.87,23.41,40352.7,41750,26.7,26229.27,,,,
3227,7/24/2026 16:13,23.47,8.44,7.24,23.35,40069.6,41508.4,26.53,26045.21,,,,
3228,7/24/2026 16:23,23.11,8.65,7.43,23.07,39809.5,41488.3,26.5,25876.17,,,,
3229,7/24/2026 16:33,23.22,9.14,7.83,23.22,40353.5,41920.4,26.82,26229.8,,,,
3230,7/24/2026 16:43,23.24,8.84,7.57,23.18,40403.6,42013.7,26.88,26262.36,,,,
3231,7/24/2026 16:53,23.11,9.25,7.91,23,40464.8,42237.8,27.03,26302.13,,,,
3232,7/24/2026 17:03,22.86,9.14,7.82,22.79,40224.6,42178.4,26.98,26146.01,,,,
3233,7/24/2026 17:13,22.75,8.88,7.6,22.68,40148.4,42204.3,26.99,26096.47,,,,
3234,7/24/2026 17:23,22.55,9.11,7.8,22.45,39874.4,42127.8,26.93,25918.34,,,,
3235,7/24/2026 17:33,22.22,9.24,7.89,22.08,39892.7,42499.8,27.17,25930.25,,,,
3236,7/24/2026 17:43,21.79,8.95,7.66,21.66,39181.6,42133.7,26.89,25468.05,,,,
3237,7/24/2026 17:53,21.34,8.78,7.51,21.22,38742.7,42087.1,26.83,25182.74,,,,
3238,7/24/2026 18:03,21.09,8.79,7.51,21.02,38528.5,42040.4,26.79,25043.53,,,,
3239,7/24/2026 18:13,20.96,8.46,7.23,20.88,38357.7,41988.8,26.74,24932.49,,,,
3240,7/24/2026 18:23,20.75,8.89,7.59,20.66,38551.9,42419.2,27.04,25058.71,,,,
3241,7/24/2026 18:33,20.49,8.71,7.44,20.39,38194.1,42284.6,26.92,24826.18,,,,
3242,7/24/2026 18:43,20.23,8.94,7.66,20.16,37299.1,41523.6,26.37,24244.42,,,,
3243,7/24/2026 18:53,20.1,8.79,7.52,20.03,37320.4,41672.1,26.47,24258.28,,,,
3244,7/24/2026 19:03,19.98,8.81,7.54,19.93,37249.6,41691.8,26.48,24212.21,,,,
3245,7/24/2026 19:13,19.78,8.55,7.31,19.69,37181.7,41853,26.58,24168.12,,,,
3246,7/24/2026 19:23,19.74,8.57,7.33,19.69,36936.3,41570.8,26.38,24008.58,,,,
3247,7/24/2026 19:33,19.61,8.51,7.28,19.53,36824.4,41605.7,26.39,23935.83,,,,
3248,7/24/2026 19:43,19.39,8.41,7.19,19.31,36696,41675.3,26.43,23852.39,,,,
3249,7/24/2026 19:53,19.21,8.51,7.28,19.14,36531.5,41656.9,26.4,23745.45,,,,
3250,7/24/2026 20:03,19.05,8,6.84,18.95,36400.1,41694.1,26.41,23660.08,,,,
3251,7/24/2026 20:13,18.91,7.88,6.73,18.83,36199,41585.7,26.33,23529.36,,,,
3252,7/24/2026 20:23,18.69,8.02,6.86,18.57,35934,41546.5,26.28,23357.13,,,,
3253,7/24/2026 20:33,18.6,7.76,6.64,18.53,35891.7,41536.5,26.27,23329.57,,,,
3254,7/24/2026 20:43,18.51,7.14,6.11,18.42,35770.2,41509.8,26.25,23250.6,,,,
3255,7/24/2026 20:53,18.39,7.18,6.14,18.24,35489.4,41360.8,26.13,23068.14,,,,
3256,7/24/2026 21:03,18.29,6.58,5.63,18.12,35505.8,41506.7,26.22,23078.77,,,,
3257,7/24/2026 21:13,18.23,7.66,6.55,18.19,35498.8,41422.9,26.17,23074.2,,,,
3258,7/24/2026 21:23,18.26,9.02,7.72,18.25,35421.4,41275.6,26.07,23023.94,,,,
3259,7/24/2026 21:33,18.38,9.39,8.03,18.37,35600.7,41355.1,26.14,23140.43,,,,
3260,7/24/2026 21:43,18.51,9.66,8.26,18.49,35817.6,41492.8,26.24,23281.45,,,,
3261,7/24/2026 21:53,18.66,9.63,8.23,18.66,36057.3,41599,26.33,23437.26,,,,
3262,7/24/2026 22:03,18.84,9.63,8.24,18.89,36234.7,41570,26.32,23552.53,,,,
3263,7/24/2026 22:13,19.07,9.62,8.23,19.09,36321.5,41467.7,26.26,23608.99,,,,
3264,7/24/2026 22:23,19.29,9.49,8.11,19.34,36743.8,41697.1,26.44,23883.48,,,,
3265,7/24/2026 22:33,19.46,9.71,8.3,19.42,36814.4,41700.4,26.45,23929.36,,,,
3266,7/24/2026 22:43,19.53,9.56,8.17,19.51,36987.3,41810.4,26.53,24041.71,,,,
3267,7/24/2026 22:53,19.63,9.55,8.16,19.59,37097.8,41852.6,26.57,24113.56,,,,
3268,7/24/2026 23:03,19.72,9.53,8.15,19.73,37180.2,41810.1,26.55,24167.14,,,,
3269,7/24/2026 23:13,19.82,9.51,8.13,19.81,37280.2,41837.3,26.57,24232.12,,,,
3270,7/24/2026 23:23,19.94,9.48,8.11,19.91,37159.8,41608.8,26.42,24153.88,,,,
3271,7/24/2026 23:33,20.1,9.36,8.01,20.16,37469.6,41713.4,26.51,24355.21,,,,
3272,7/24/2026 23:43,20.23,9.33,7.99,20.24,37392.9,41541.3,26.39,24305.37,,,,
3273,7/24/2026 23:53,20.41,9.2,7.88,20.43,37536,41521.5,26.39,24398.42,,,,
3274,7/25/2026 0:03,20.61,9.16,7.84,20.6,37684.7,41522.2,26.4,24495.04,,,,
3275,7/25/2026 0:13,20.77,9.01,7.72,20.77,37681.1,41358.7,26.29,24492.74,,,,
3276,7/25/2026 0:23,20.92,8.95,7.68,20.93,37842.2,41381.9,26.32,24597.42,,,,
3277,7/25/2026 0:33,21.08,8.5,7.29,21.09,37831.4,41217.8,26.21,24590.44,,,,
3278,7/25/2026 0:43,21.25,8.59,7.36,21.24,38244.3,41523.1,26.44,24858.78,,,,
3279,7/25/2026 0:53,21.46,8.51,7.3,21.45,38406,41503.9,26.43,24963.92,,,,
3280,7/25/2026 1:03,21.61,8.25,7.07,21.61,38508.6,41460.3,26.41,25030.57,,,,
3281,7/25/2026 1:13,21.77,7.97,6.83,21.76,38590.4,41405.8,26.38,25083.77,,,,
3282,7/25/2026 1:23,21.92,7.6,6.52,21.94,38734.5,41398.8,26.38,25177.42,,,,
3283,7/25/2026 1:33,22.04,7.68,6.59,22.05,38761.4,41322.2,26.34,25194.91,,,,
3284,7/25/2026 1:43,22.15,7.4,6.35,22.13,38670.3,41147.9,26.22,25135.68,,,,
3285,7/25/2026 1:53,22.21,7.36,6.32,22.2,38882.8,41310.6,26.34,25273.85,,,,
3286,7/25/2026 2:03,22.26,6.88,5.91,22.24,38883.3,41275.3,26.31,25274.13,,,,
3287,7/25/2026 2:13,22.31,6.79,5.83,22.31,38883,41214.5,26.27,25273.96,,,,
3288,7/25/2026 2:23,22.36,6.74,5.8,22.36,38735.3,41011.5,26.13,25177.92,,,,
3289,7/25/2026 2:33,22.47,6.36,5.47,22.5,38907.2,41062.4,26.17,25289.67,,,,
3290,7/25/2026 2:43,22.59,6.31,5.42,22.56,38909,41012.6,26.14,25290.85,,,,
3291,7/25/2026 2:53,22.66,6.23,5.36,22.63,38817.6,40848.6,26.03,25231.46,,,,
3292,7/25/2026 3:03,22.73,5.86,5.04,22.73,38807.4,40751.5,25.96,25224.81,,,,
3293,7/25/2026 3:13,22.8,5.52,4.76,22.8,38469.3,40332.4,25.67,25005.03,,,,
3294,7/25/2026 3:23,22.86,5.28,4.55,22.85,38610.4,40437.7,25.75,25096.78,,,,
3295,7/25/2026 3:33,22.88,5.04,4.35,22.84,38323.6,40147.9,25.54,24910.32,,,,
3296,7/25/2026 3:43,22.8,4.38,3.78,22.56,38332.6,40405,25.71,24916.17,,,,
3297,7/25/2026 3:53,22.64,2.63,2.27,22.55,38513.2,40606.2,25.85,25033.6,,,,
3298,7/25/2026 4:03,22.7,1.61,1.39,22.64,38364.7,40366.6,25.69,24937.08,,,,
3299,7/25/2026 4:13,22.63,2.47,2.13,22.57,38351.7,40411.7,25.72,24928.61,,,,
3300,7/25/2026 4:23,22.77,3.57,3.07,22.75,38688.7,40605.4,25.86,25147.68,,,,
3301,7/25/2026 4:33,22.8,3.14,2.71,22.75,38322.4,40223.5,25.59,24909.53,,,,
3302,7/25/2026 4:43,22.73,3.53,3.04,22.68,38516.7,40491.7,25.78,25035.88,,,,
3303,7/25/2026 4:53,22.69,3.68,3.17,22.66,38440.2,40430,25.73,24986.13,,,,
3304,7/25/2026 5:03,22.63,4.12,3.55,22.58,38474.7,40535.9,25.81,25008.53,,,,
3305,7/25/2026 5:13,22.46,4.03,3.47,22.37,38329.4,40565.6,25.82,24914.12,,,,
3306,7/25/2026 5:23,22.11,5.11,4.4,22.03,37925.8,40447.7,25.72,24651.79,,,,
3307,7/25/2026 5:33,21.97,6.05,5.21,21.9,37874.6,40515,25.76,24618.47,,,,
3308,7/25/2026 5:43,21.86,5.52,4.75,21.8,37759.9,40476.6,25.73,24543.91,,,,
3309,7/25/2026 5:53,21.74,5.48,4.72,21.67,37766.2,40603.4,25.81,24548.02,,,,
3310,7/25/2026 6:03,21.55,5.62,4.83,21.47,37728,40749.2,25.9,24523.23,,,,
3311,7/25/2026 6:13,21.46,5.59,4.81,21.4,37711.1,40797.1,25.93,24512.19,,,,
3312,7/25/2026 6:23,21.31,6.05,5.24,21.24,35986.4,39074.3,24.71,23391.16,,,,
3313,7/25/2026 6:33,21.21,6.21,5.37,21.16,36202.7,39378.8,24.92,23531.77,,,,
3314,7/25/2026 6:43,21.2,6.31,5.46,21.15,36151.6,39333.9,24.89,23498.54,,,,
3315,7/25/2026 6:53,21.15,6.7,5.79,21.07,36154.8,39404.5,24.94,23500.6,,,,
3316,7/25/2026 7:03,20.88,6.89,5.95,20.78,36070.6,39580.1,25.04,23445.88,,,,
3317,7/25/2026 7:13,20.62,6.82,5.89,20.51,35943.6,39685.9,25.1,23363.35,,,,
3318,7/25/2026 7:23,20.41,6.9,5.95,20.32,35779.2,39677,25.09,23256.49,,,,
3319,7/25/2026 7:33,20.2,7,6.04,20.09,35618.7,39710.9,25.1,23152.15,,,,
3320,7/25/2026 7:43,19.95,7.11,6.12,19.85,35690,40013.5,25.29,23198.53,,,,
3321,7/25/2026 7:53,19.78,7.49,6.45,19.7,35625.3,40084.1,25.33,23156.43,,,,
3322,7/25/2026 8:03,19.68,7.49,6.45,19.62,35416.4,39930.5,25.22,23020.67,,,,
3323,7/25/2026 8:13,19.62,7.64,6.58,19.55,35461.7,40049.2,25.3,23050.12,,,,
3324,7/25/2026 8:23,19.51,7.6,6.55,19.45,35324.2,39986.9,25.25,22960.7,,,,
3325,7/25/2026 8:33,19.46,7.17,6.18,19.39,35174.2,39870.7,25.17,22863.2,,,,
3326,7/25/2026 8:43,19.35,7.16,6.16,19.27,35292.7,40124.4,25.34,22940.26,,,,
3327,7/25/2026 8:53,19.25,6.91,5.95,19.16,34971.9,39858.7,25.14,22731.75,,,,
3328,7/25/2026 9:03,19.19,6.39,5.51,19.11,34825.5,39739.9,25.06,22636.57,,,,
3329,7/25/2026 9:13,19.22,6.55,5.65,19.15,34863,39745.9,25.06,22660.97,,,,
3330,7/25/2026 9:23,19.25,6.52,5.62,19.15,34741.6,39604.6,24.97,22582.04,,,,
3331,7/25/2026 9:33,19.26,6.06,5.22,19.13,34863.2,39768.8,25.08,22661.09,,,,
3332,7/25/2026 9:43,19.25,5.37,4.63,19.05,34820.8,39788.3,25.09,22633.49,,,,
3333,7/25/2026 9:53,19.17,5.24,4.52,18.95,34750.6,39810.4,25.1,22587.89,,,,
3334,7/25/2026 10:03,19.06,7.18,6.19,18.97,34781.4,39820.1,25.1,22607.91,,,,
3335,7/25/2026 10:13,19.09,7.96,6.86,19.02,34753.8,39745.8,25.05,22589.95,,,,
3336,7/25/2026 10:23,19.12,8.21,7.07,19.06,34713.7,39663.1,25,22563.89,,,,
3337,7/25/2026 10:33,19.19,8.36,7.21,19.16,34810.9,39678,25.02,22627.09,,,,
3338,7/25/2026 10:43,19.26,8.61,7.42,19.26,34792.9,39558.9,24.94,22615.39,,,,
3339,7/25/2026 10:53,19.4,8.68,7.48,19.36,35012.1,39712.3,25.05,22757.84,,,,
3340,7/25/2026 11:03,19.5,9.02,7.78,19.44,34975.8,39603.8,24.98,22734.28,,,,
3341,7/25/2026 11:13,19.64,9.06,7.82,19.61,35064.1,39541.6,24.95,22791.66,,,,
3342,7/25/2026 11:23,19.75,8.92,7.7,19.74,35187.6,39552.7,24.97,22871.96,,,,
3343,7/25/2026 11:33,19.94,8.99,7.76,19.96,35316.5,39492.4,24.94,22955.75,,,,
3344,7/25/2026 11:43,20.22,9,7.77,20.31,35611.7,39502.1,24.96,23147.57,,,,
3345,7/25/2026 11:53,20.55,9.17,7.92,20.6,35643.3,39270.2,24.82,23168.13,,,,
3346,7/25/2026 12:03,20.79,9.28,8.02,20.9,35872.2,39251.9,24.82,23316.95,,,,
3347,7/25/2026 12:13,21.13,9.39,8.12,21.24,36244.3,39354.4,24.91,23558.82,,,,
3348,7/25/2026 12:23,21.46,9.36,8.1,21.51,36296.1,39165.5,24.79,23592.48,,,,
3349,7/25/2026 12:33,21.63,9.35,8.09,21.61,36423.2,39215.1,24.83,23675.08,,,,
3350,7/25/2026 12:43,21.8,9.22,7.99,21.79,36434.3,39066.1,24.73,23682.28,,,,
3351,7/25/2026 12:53,21.97,9.33,8.08,21.99,36590,39059.6,24.74,23783.48,,,,
3352,7/25/2026 13:03,22.2,8.94,7.75,22.21,36622.2,38903.6,24.64,23804.41,,,,
3353,7/25/2026 13:13,22.4,8.94,7.76,22.45,36695.5,38771.9,24.56,23852.08,,,,
3354,7/25/2026 13:23,22.62,9.15,7.94,22.64,36651.7,38566.8,24.42,23823.6,,,,
3355,7/25/2026 13:33,22.78,9.22,8.01,22.82,36872.8,38645.9,24.48,23967.31,,,,
3356,7/25/2026 13:43,22.97,8.99,7.81,23.02,37174.4,38790.5,24.59,24163.34,,,,
3357,7/25/2026 13:53,23.16,9.22,8.01,23.15,37143.9,38646.9,24.5,24143.56,,,,
3358,7/25/2026 14:03,23.3,9.22,8.01,23.32,37223.1,38582.5,24.46,24195.04,,,,
3359,7/25/2026 14:13,23.45,9.28,8.05,23.47,37649.4,38899.7,24.69,24472.11,,,,
3360,7/25/2026 14:23,23.6,9.03,7.83,23.63,37922,39048.9,24.8,24649.28,,,,
3361,7/25/2026 14:33,23.72,8.9,7.72,23.75,37891.6,38916.3,24.71,24629.52,,,,
3362,7/25/2026 14:43,23.84,8.91,7.73,23.84,38191.6,39148.3,24.88,24824.57,,,,
3363,7/25/2026 14:53,23.99,8.67,7.53,24.02,38260.4,39061.8,24.82,24869.24,,,,
3364,7/25/2026 15:03,24.08,8.44,7.33,24.06,38064.7,38834.4,24.67,24742.04,,,,
3365,7/25/2026 15:13,24.19,9.06,7.88,24.18,38047.8,38717.2,24.59,24731.05,,,,
3366,7/25/2026 15:23,24.26,8.96,7.78,24.26,38294.6,38898.1,24.72,24891.48,,,,
3367,7/25/2026 15:33,24.38,8.84,7.68,24.41,38377.3,38859.7,24.7,24945.27,,,,
3368,7/25/2026 15:43,24.47,8.68,7.54,24.42,38376.4,38851.3,24.69,24944.68,,,,
3369,7/25/2026 15:53,24.49,7.12,6.18,24.46,38524.7,38963.8,24.77,25041.04,,,,
3370,7/25/2026 16:03,24.34,6.83,5.94,24.29,38279.2,38857.5,24.69,24881.46,,,,
3371,7/25/2026 16:13,24.25,7.68,6.67,24.22,38203.4,38840.4,24.68,24832.19,,,,
3372,7/25/2026 16:23,24.15,7.79,6.76,24.1,38131.4,38862.3,24.69,24785.41,,,,
3373,7/25/2026 16:33,24.08,8.54,7.4,24.02,38609.7,39418.4,25.08,25096.29,,,,
3374,7/25/2026 16:43,24.03,8.38,7.27,23.99,38199.1,39029.5,24.8,24829.4,,,,
3375,7/25/2026 16:53,23.99,8.51,7.38,23.96,38234.9,39086.3,24.84,24852.69,,,,
3376,7/25/2026 17:03,23.89,8.35,7.25,23.82,38105.5,39070.1,24.82,24768.59,,,,
3377,7/25/2026 17:13,23.54,8.03,6.97,23.4,37690.4,38998,24.76,24498.76,,,,
3378,7/25/2026 17:23,23.18,8.58,7.43,23.16,37729.3,39245.7,24.92,24524.07,,,,
3379,7/25/2026 17:33,23.2,8.63,7.47,23.14,37839.2,39378,25.01,24595.48,,,,
3380,7/25/2026 17:43,23.12,9.05,7.84,23.07,37644.8,39234.9,24.91,24469.12,,,,
3381,7/25/2026 17:53,23.07,9.1,7.88,23.04,37718.5,39340.2,24.98,24517.04,,,,
3382,7/25/2026 18:03,23.06,9.16,7.93,23.01,37607.3,39244.7,24.91,24444.71,,,,
3383,7/25/2026 18:13,22.93,9.27,8.04,22.88,37199,38936.4,24.69,24179.34,,,,
3384,7/25/2026 18:23,22.76,9.5,8.24,22.68,37170.3,39071.1,24.78,24160.72,,,,
3385,7/25/2026 18:33,22.42,9.41,8.15,22.31,37101.9,39326.6,24.94,24116.22,,,,
3386,7/25/2026 18:43,21.95,9.07,7.85,21.8,36721.6,39368.9,24.95,23869.06,,,,
3387,7/25/2026 18:53,21.59,9.2,7.96,21.5,36437.2,39325.7,24.9,23684.19,,,,
3388,7/25/2026 19:03,21.43,9.36,8.1,21.38,36280.1,39262.3,24.85,23582.05,,,,
3389,7/25/2026 19:13,21.25,8.87,7.66,21.17,36243.7,39412.6,24.95,23558.39,,,,
3390,7/25/2026 19:23,21.01,9.23,7.97,20.9,36183.5,39589.8,25.06,23519.3,,,,
3391,7/25/2026 19:33,20.7,9.01,7.78,20.61,35915.7,39562.2,25.02,23345.21,,,,
3392,7/25/2026 19:43,20.56,8.85,7.64,20.51,35790.2,39519.2,24.99,23263.61,,,,
3393,7/25/2026 19:53,20.41,8.81,7.61,20.35,35444.3,39283.7,24.81,23038.77,,,,
3394,7/25/2026 20:03,20.33,8.81,7.61,20.27,35424.6,39330.1,24.84,23026.02,,,,
3395,7/25/2026 20:13,20.26,8.62,7.45,20.2,35262.3,39215.2,24.76,22920.51,,,,
3396,7/25/2026 20:23,20.03,8.4,7.25,19.95,35479.6,39691.3,25.07,23061.74,,,,
3397,7/25/2026 20:33,19.74,8.06,6.96,19.65,34905,39320.6,24.8,22688.25,,,,
3398,7/25/2026 20:43,19.53,7.78,6.72,19.46,34787.2,39370.7,24.82,22611.66,,,,
3399,7/25/2026 20:53,19.32,7.77,6.7,19.24,34875.6,39678.3,25.02,22669.17,,,,
3400,7/25/2026 21:03,19.01,7.68,6.63,18.93,34547.4,39594.6,24.94,22455.79,,,,
3401,7/25/2026 21:13,18.73,7.8,6.72,18.63,34635.8,39987.7,25.2,22513.26,,,,
3402,7/25/2026 21:23,18.44,8.23,7.08,18.37,34420.8,39990.3,25.18,22373.55,,,,
3403,7/25/2026 21:33,18.29,8.19,7.05,18.23,34295.3,39974.9,25.16,22291.94,,,,
3404,7/25/2026 21:43,18.13,7.86,6.77,18.08,34062.7,39851.8,25.07,22140.78,,,,
3405,7/25/2026 21:53,17.97,8.03,6.91,17.96,34012.2,39912.2,25.1,22107.95,,,,
3406,7/25/2026 22:03,17.91,6.77,5.83,17.87,33901.1,39869.4,25.06,22035.72,,,,
3407,7/25/2026 22:13,17.87,5.88,5.06,17.89,33894.7,39844.3,25.05,22031.55,,,,
3408,7/25/2026 22:23,17.99,7.05,6.07,17.85,33864.7,39844.1,25.04,22012.04,,,,
3409,7/25/2026 22:33,18.02,9.07,7.81,18.13,34219.6,39988.6,25.16,22242.76,,,,
3410,7/25/2026 22:43,18.53,9.67,8.33,18.59,34406.4,39757.2,25.03,22364.13,,,,
3411,7/25/2026 22:53,18.85,9.41,8.11,18.93,34622.6,39677.9,25,22504.67,,,,
3412,7/25/2026 23:03,19.19,9.61,8.28,19.21,34936.4,39770.1,25.08,22708.67,,,,
3413,7/25/2026 23:13,19.41,9.57,8.24,19.47,35240.8,39875.7,25.17,22906.54,,,,
3414,7/25/2026 23:23,19.65,9.36,8.06,19.63,35499.1,40006.8,25.28,23074.43,,,,
3415,7/25/2026 23:33,19.82,9.45,8.14,19.83,35735.4,40089.7,25.35,23228.04,,,,
3416,7/25/2026 23:43,19.97,9.58,8.25,19.95,35799.2,40043.3,25.32,23269.49,,,,
3417,7/25/2026 23:53,20.07,9.41,8.11,20.06,35896.4,40051.2,25.33,23332.66,,,,
3418,7/26/2026 0:03,20.15,9.43,8.12,20.13,35966.8,40062.8,25.35,23378.44,,,,
3419,7/26/2026 0:13,20.24,9.32,8.03,20.24,35917.2,39907.4,25.24,23346.17,,,,
3420,7/26/2026 0:23,20.33,9.04,7.8,20.31,35855.1,39774.9,25.15,23305.84,,,,
3421,7/26/2026 0:33,20.42,9.08,7.83,20.39,35848.4,39687.7,25.1,23301.49,,,,
3422,7/26/2026 0:43,20.56,8.93,7.69,20.6,36329.5,40031.8,25.35,23614.2,,,,
3423,7/26/2026 0:53,20.74,8.94,7.71,20.73,36319.1,39893.9,25.26,23607.44,,,,
3424,7/26/2026 1:03,20.88,8.75,7.56,20.86,36069.5,39500.2,24.99,23445.17,,,,
3425,7/26/2026 1:13,20.99,8.59,7.41,21.01,36409.9,39739.5,25.17,23666.45,,,,
3426,7/26/2026 1:23,21.16,8.49,7.32,21.14,36620.2,39852,25.25,23803.14,,,,
3427,7/26/2026 1:33,21.32,8.32,7.19,21.31,36570.9,39638.9,25.11,23771.1,,,,
3428,7/26/2026 1:43,21.42,8.14,7.03,21.47,36828.9,39778.1,25.22,23938.81,,,,
3429,7/26/2026 1:53,21.55,7.8,6.74,21.54,36698.7,39573.1,25.08,23854.16,,,,
3430,7/26/2026 2:03,21.7,7.63,6.58,21.68,37232.4,40021.4,25.4,24201.05,,,,
3431,7/26/2026 2:13,21.75,7.35,6.34,21.73,37256.6,40001.6,25.39,24216.77,,,,
3432,7/26/2026 2:23,21.86,7.24,6.26,21.82,36987.6,39630,25.13,24041.92,,,,
3433,7/26/2026 2:33,21.95,7.01,6.04,21.89,37827.9,40470.6,25.73,24588.17,,,,
3434,7/26/2026 2:43,21.99,6.81,5.88,21.95,37299.4,39851.6,25.29,24244.62,,,,
3435,7/26/2026 2:53,22.03,6.61,5.71,22.01,37190.3,39681.8,25.18,24173.68,,,,
3436,7/26/2026 3:03,22.08,6.15,5.31,22.03,37386.4,39877.7,25.32,24301.13,,,,
3437,7/26/2026 3:13,22.11,6,5.19,22.08,36933.8,39344.9,24.94,24006.96,,,,
3438,7/26/2026 3:23,22.17,5.79,5.01,22.17,36743.3,39066.2,24.75,23883.16,,,,
3439,7/26/2026 3:33,22.29,5.71,4.95,22.28,37047.5,39295.1,24.92,24080.88,,,,
3440,7/26/2026 3:43,22.38,5.53,4.79,22.39,37269.8,39433.7,25.02,24225.37,,,,
3441,7/26/2026 3:53,22.45,5.33,4.61,22.46,36967.7,39049.1,24.75,24029.02,,,,
3442,7/26/2026 4:03,22.49,5.16,4.48,22.47,36804.6,38871.6,24.63,23922.97,,,,
3443,7/26/2026 4:13,22.53,4.95,4.29,22.52,36904,38932.7,24.67,23987.58,,,,
3444,7/26/2026 4:23,22.55,4.71,4.08,22.53,37182.7,39216.4,24.87,24168.78,,,,
3445,7/26/2026 4:33,22.56,3.74,3.24,22.54,37023.4,39040.6,24.75,24065.24,,,,
3446,7/26/2026 4:43,22.52,2.71,2.35,22.51,37063.7,39111.5,24.8,24091.38,,,,
3447,7/26/2026 4:53,22.4,1.33,1.15,22.39,36779,38911.8,24.65,23906.38,,,,
3448,7/26/2026 5:03,22.36,0.83,0.72,22.34,36559,38725.4,24.52,23763.33,,,,
3449,7/26/2026 5:13,22.37,1.86,1.61,22.33,36661.3,38838.9,24.6,23829.86,,,,
3450,7/26/2026 5:23,22.5,2.96,2.57,22.46,36609.9,38676.4,24.49,23796.46,,,,
3451,7/26/2026 5:33,22.48,2.86,2.49,22.44,36316.3,38381.4,24.28,23605.58,,,,
3452,7/26/2026 5:43,22.45,2.87,2.5,22.41,36041.2,38113.5,24.09,23426.79,,,,
3453,7/26/2026 5:53,22.41,3.28,2.85,22.37,36002.7,38105.6,24.09,23401.74,,,,
3454,7/26/2026 6:03,22.29,4.25,3.69,22.22,36455,38715.7,24.51,23695.75,,,,
3455,7/26/2026 6:13,22.04,4.87,4.23,21.98,35733.7,38155.8,24.11,23226.92,,,,
3456,7/26/2026 6:23,21.96,5.75,4.98,21.91,36534.5,39071,24.74,23747.41,,,,
3457,7/26/2026 6:33,21.86,5.97,5.17,21.79,36442.1,39071.8,24.74,23687.36,,,,
3458,7/26/2026 6:43,21.76,6,5.2,21.7,36066,38754.6,24.51,23442.87,,,,
3459,7/26/2026 6:53,21.58,6.38,5.54,21.5,35454.4,38270.1,24.16,23045.36,,,,
3460,7/26/2026 7:03,21.41,6.12,5.29,21.33,36423.9,39463.4,24.99,23675.51,,,,
3461,7/26/2026 7:13,21.27,6.22,5.4,21.2,35532.1,38615.1,24.39,23095.85,,,,
3462,7/26/2026 7:23,21.22,6.44,5.55,21.18,36726.4,39929.5,25.31,23872.18,,,,
3463,7/26/2026 7:33,21.23,6.63,5.74,21.18,35758.5,38874.4,24.57,23243,,,,
3464,7/26/2026 7:43,21.16,6.6,5.72,21.08,35516.9,38704,24.45,23085.96,,,,
3465,7/26/2026 7:53,20.92,6.86,5.97,20.85,34410.8,37696.6,23.73,22367.01,,,,
3466,7/26/2026 8:03,20.75,6.77,5.88,20.66,34371.8,37814.7,23.8,22341.69,,,,
3467,7/26/2026 8:13,20.58,7.17,6.22,20.49,34810.2,38447.8,24.24,22626.64,,,,
3468,7/26/2026 8:23,20.32,7.24,6.29,20.24,34375.6,38194.6,24.05,22344.17,,,,
3469,7/26/2026 8:33,20.05,7.29,6.34,19.98,33795.8,37781.3,23.74,21967.29,,,,
3470,7/26/2026 8:43,19.9,7.33,6.36,19.82,34015.9,38166,24,22110.35,,,,
3471,7/26/2026 8:53,19.79,7.31,6.35,19.72,33773.3,37984.3,23.87,21952.65,,,,
3472,7/26/2026 9:03,19.68,6.87,5.94,19.62,34610.2,39018.7,24.59,22496.65,,,,
3473,7/26/2026 9:13,19.62,7.26,6.31,19.56,33266.8,37559.7,23.57,21623.41,,,,
3474,7/26/2026 9:23,19.59,7.01,6.1,19.53,33254.8,37572.7,23.57,21615.6,,,,
3475,7/26/2026 9:33,19.48,6.63,5.75,19.42,33641.4,38106.2,23.94,21866.88,,,,
3476,7/26/2026 9:43,19.39,6.91,6,19.32,33374.7,37892.6,23.78,21693.53,,,,
3477,7/26/2026 9:53,19.33,6.34,5.52,19.26,33072.8,37603.2,23.58,21497.31,,,,
3478,7/26/2026 10:03,19.25,6.66,5.79,19.18,33103.6,37710.5,23.65,21517.36,,,,
3479,7/26/2026 10:13,19.17,6.01,5.23,19.05,32852.4,37541.8,23.53,21354.03,,,,
3480,7/26/2026 10:23,19.07,6.09,5.29,18.93,32939.2,37748.8,23.66,21410.5,,,,
3481,7/26/2026 10:33,19.01,5.78,5.02,18.87,32902.3,37760.5,23.67,21386.47,,,,
3482,7/26/2026 10:43,19.03,5.68,4.95,18.81,32088.2,36881.7,23.05,20857.32,,,,
3483,7/26/2026 10:53,19.01,5.85,5.08,18.87,32877.3,37734.6,23.65,21370.27,,,,
3484,7/26/2026 11:03,19,6.46,5.61,18.89,32775.4,37598.7,23.55,21303.98,,,,
3485,7/26/2026 11:13,19.06,6.7,5.83,19.03,32759.1,37451.2,23.46,21293.4,,,,
3486,7/26/2026 11:23,19.3,7.78,6.77,19.3,32932,37414,23.45,21405.83,,,,
3487,7/26/2026 11:33,19.38,8.05,7,19.33,33128.7,37602.7,23.58,21533.64,,,,
3488,7/26/2026 11:43,19.42,7.97,6.94,19.36,33054.5,37494.5,23.51,21485.42,,,,
3489,7/26/2026 11:53,19.47,8.08,7.04,19.45,32991,37345.8,23.41,21444.13,,,,
3490,7/26/2026 12:03,19.58,8.33,7.24,19.55,33340.2,37650.5,23.63,21671.11,,,,
3491,7/26/2026 12:13,19.69,8.72,7.59,19.69,33259.8,37438.3,23.49,21618.89,,,,
3492,7/26/2026 12:23,19.86,8.85,7.71,19.85,33372.3,37417.6,23.49,21691.99,,,,
3493,7/26/2026 12:33,19.98,9.03,7.86,19.97,33450.9,37400.9,23.48,21743.1,,,,
3494,7/26/2026 12:43,20.21,9.24,8.05,20.25,33686.7,37418.8,23.51,21896.35,,,,
3495,7/26/2026 12:53,20.41,9.33,8.13,20.46,33851.5,37419.9,23.52,22003.46,,,,
3496,7/26/2026 13:03,20.66,9.52,8.3,20.67,33920.5,37313,23.46,22048.31,,,,
3497,7/26/2026 13:13,20.85,9.52,8.29,20.86,34180.1,37433.7,23.55,22217.1,,,,
3498,7/26/2026 13:23,21.12,9.62,8.39,21.17,34145.1,37135.6,23.36,22194.29,,,,
3499,7/26/2026 13:33,21.39,9.69,8.46,21.39,34345.5,37158.6,23.38,22324.57,,,,
3500,7/26/2026 13:43,21.61,9.59,8.36,21.65,34716.9,37340.2,23.52,22566.01,,,,
3501,7/26/2026 13:53,21.86,9.54,8.29,21.88,35673.3,38170.6,24.11,23187.65,,,,
3502,7/26/2026 14:03,22.12,9.44,8.24,22.14,34937.6,37168.6,23.42,22709.41,,,,
3503,7/26/2026 14:13,22.34,9.37,8.18,22.36,34999.2,37053.4,23.35,22749.46,,,,
3504,7/26/2026 14:23,22.55,9.37,8.19,22.59,35140.5,37013.4,23.33,22841.33,,,,
3505,7/26/2026 14:33,22.74,9.24,8.07,22.79,35184.4,36900.6,23.26,22869.83,,,,
3506,7/26/2026 14:43,22.93,9.21,8.05,22.96,35474.9,37060.9,23.38,23058.67,,,,
3507,7/26/2026 14:53,23.1,9.16,8.01,23.09,35421.2,36900.4,23.27,23023.75,,,,
3508,7/26/2026 15:03,23.23,9.01,7.88,23.23,35409.7,36779.8,23.2,23016.3,,,,
3509,7/26/2026 15:13,23.35,8.96,7.84,23.35,35619.5,36898.6,23.28,23152.66,,,,
3510,7/26/2026 15:23,23.47,8.72,7.64,23.47,35548.1,36728.7,23.17,23106.28,,,,
3511,7/26/2026 15:33,23.58,8.68,7.6,23.59,35800.8,36891.1,23.29,23270.52,,,,
3512,7/26/2026 15:43,23.71,8.56,7.49,23.71,35740.7,36738.3,23.18,23231.44,,,,
3513,7/26/2026 15:53,23.79,8.21,7.19,23.79,35734.7,36665.4,23.14,23227.53,,,,
3514,7/26/2026 16:03,23.86,8.04,7.04,23.84,35845,36742.9,23.19,23299.26,,,,
3515,7/26/2026 16:13,23.95,7.88,6.91,23.93,35837.5,36661.6,23.14,23294.38,,,,
3516,7/26/2026 16:23,24,7.37,6.46,23.98,35638.5,36417.9,22.97,23165,,,,
3517,7/26/2026 16:33,24.05,6.96,6.11,24,35452.3,36211.2,22.83,23043.96,,,,
3518,7/26/2026 16:43,24.1,7.18,6.31,24.04,35084.6,35810.3,22.55,22805.01,,,,
3519,7/26/2026 16:53,24.1,5.54,4.86,24.07,35248.2,35954,22.65,22911.31,,,,
3520,7/26/2026 17:03,23.98,5.76,5.06,23.93,35410,36221.8,22.83,23016.48,,,,
3521,7/26/2026 17:13,23.88,6.77,5.95,23.83,35079.4,35960.4,22.65,22801.59,,,,
3522,7/26/2026 17:23,23.77,6.84,6,23.74,35159.3,36117.2,22.75,22853.55,,,,
3523,7/26/2026 17:33,23.77,7.75,6.8,23.74,35247.7,36208,22.81,22910.98,,,,
3524,7/26/2026 17:43,23.74,7.92,6.94,23.7,35532.6,36526.8,23.04,23096.19,,,,
3525,7/26/2026 17:53,23.59,7.96,6.98,23.53,35206.5,36326,22.89,22884.23,,,,
3526,7/26/2026 18:03,23.36,8.14,7.15,23.28,34849.8,36153.2,22.76,22652.34,,,,
3527,7/26/2026 18:13,22.91,8.27,7.26,22.84,34335.2,35969.6,22.62,22317.87,,,,
3528,7/26/2026 18:23,22.75,8.16,7.16,22.74,34453.8,36172.6,22.75,22394.99,,,,
3529,7/26/2026 18:33,22.94,8.71,7.64,22.93,34780.9,36362.3,22.89,22607.6,,,,
3530,7/26/2026 18:43,22.93,8.55,7.5,22.89,34548.2,36147.5,22.74,22456.33,,,,
3531,7/26/2026 18:53,22.8,8.53,7.48,22.73,34422.5,36149.3,22.74,22374.6,,,,
3532,7/26/2026 19:03,22.54,8.51,7.45,22.47,34331.9,36260,22.8,22315.71,,,,
3533,7/26/2026 19:13,22.3,8.4,7.36,22.21,34118.5,36239.1,22.78,22177.02,,,,
3534,7/26/2026 19:23,21.78,8.74,7.65,21.68,33777.5,36312.6,22.81,21955.36,,,,
3535,7/26/2026 19:33,21.46,8.74,7.65,21.38,33524.6,36280.3,22.77,21790.96,,,,
3536,7/26/2026 19:43,21.42,8.81,7.7,21.39,33830.5,36606.4,23,21989.81,,,,
3537,7/26/2026 19:53,21.41,8.8,7.7,21.34,33673.7,36476.3,22.91,21887.89,,,,
3538,7/26/2026 20:03,21.24,8.56,7.49,21.16,33655.2,36605.3,22.99,21875.85,,,,
3539,7/26/2026 20:13,20.96,8.3,7.25,20.86,33393.9,36570.1,22.95,21706.04,,,,
3540,7/26/2026 20:23,20.74,8.41,7.36,20.66,33098.6,36418.9,22.83,21514.08,,,,
3541,7/26/2026 20:33,20.58,8.41,7.36,20.51,33024.8,36463.1,22.86,21466.09,,,,
3542,7/26/2026 20:43,20.49,8.21,7.18,20.43,33138.1,36656.6,22.99,21539.74,,,,
3543,7/26/2026 20:53,20.35,8.22,7.19,20.28,32641.4,36235,22.69,21216.92,,,,
3544,7/26/2026 21:03,20.12,8.16,7.1,20.05,33674,37576.9,23.61,21888.12,,,,
3545,7/26/2026 21:13,19.9,7.83,6.82,19.81,33247.1,37311.2,23.41,21610.61,,,,
3546,7/26/2026 21:23,19.62,7.96,6.92,19.54,33265.4,37574.1,23.58,21622.52,,,,
3547,7/26/2026 21:33,19.29,8.27,7.2,19.19,32751.9,37299.3,23.37,21288.73,,,,
3548,7/26/2026 21:43,19.02,8.34,7.26,18.93,32435.8,37171.8,23.26,21083.26,,,,
3549,7/26/2026 21:53,18.74,8.06,7.01,18.66,32335.7,37302.6,23.34,21018.21,,,,
3550,7/26/2026 22:03,18.53,7.76,6.75,18.45,32151.5,37278,23.31,20898.44,,,,
3551,7/26/2026 22:13,18.45,7.5,6.53,18.39,32010.1,37170.6,23.23,20806.56,,,,
3552,7/26/2026 22:23,18.32,7.79,6.78,18.27,31991.1,37259.3,23.28,20794.2,,,,
3553,7/26/2026 22:33,18.21,7.63,6.64,18.17,31937.3,37288.9,23.3,20759.26,,,,
3554,7/26/2026 22:43,18.09,7.65,6.64,18.04,32156.1,37656.9,23.54,20901.49,,,,
3555,7/26/2026 22:53,18.06,6.97,6.06,17.93,31893.5,37458.9,23.4,20730.78,,,,
3556,7/26/2026 23:03,17.91,7.07,6.14,17.77,31873,37575.3,23.47,20717.45,,,,
3557,7/26/2026 23:13,17.83,8.08,7.02,17.76,31817.9,37518.6,23.43,20681.63,,,,
3558,7/26/2026 23:23,17.92,9.2,7.98,17.93,32294.3,37926.9,23.72,20991.31,,,,
3559,7/26/2026 23:33,18.3,9.56,8.31,18.43,32159.1,37305.8,23.32,20903.39,,,,
3560,7/26/2026 23:43,18.69,9.77,8.51,18.68,32288.5,37229.5,23.29,20987.56,,,,
3561,7/26/2026 23:53,18.93,9.84,8.56,19,32523.7,37216.7,23.3,21140.41,,,,
3562,7/27/2026 0:03,19.27,9.75,8.49,19.4,32785.6,37155.3,23.28,21310.63,,,,
3563,7/27/2026 0:13,19.53,9.59,8.35,19.55,32839.9,37080.4,23.24,21345.94,,,,
3564,7/27/2026 0:23,19.77,9.63,8.4,19.76,32947.2,37018.7,23.2,21415.66,,,,
3565,7/27/2026 0:33,19.91,9.26,8.08,19.89,33026.2,36993.3,23.19,21467.06,,,,
3566,7/27/2026 0:43,20.02,9.27,8.08,20.02,33127.7,37000.8,23.21,21533,,,,
3567,7/27/2026 0:53,20.12,9.22,8.04,20.09,33209.3,37027.3,23.23,21586.06,,,,
3568,7/27/2026 1:03,20.22,9.12,7.96,20.19,33144.5,36865.2,23.12,21543.95,,,,
3569,7/27/2026 1:13,20.31,8.88,7.75,20.3,33362.9,37020.6,23.23,21685.91,,,,
3570,7/27/2026 1:23,20.41,8.86,7.74,20.42,33221.3,36753.8,23.06,21593.87,,,,
3571,7/27/2026 1:33,20.59,8.67,7.57,20.58,33352.6,36761.7,23.07,21679.22,,,,
3572,7/27/2026 1:43,20.67,8.49,7.41,20.63,33694.2,37094.7,23.3,21901.25,,,,
3573,7/27/2026 1:53,20.79,8.49,7.41,20.75,33577.4,36867.1,23.15,21825.34,,,,
3574,7/27/2026 2:03,20.89,8.33,7.26,20.87,33816.8,37028.2,23.27,21980.91,,,,
3575,7/27/2026 2:13,20.96,7.96,6.93,20.94,34202,37391,23.52,22231.29,,,,
3576,7/27/2026 2:23,21.04,7.93,6.92,21.05,33694.6,36743.3,23.08,21901.49,,,,
3577,7/27/2026 2:33,21.15,7.7,6.73,21.15,33898.5,36877.4,23.18,22034,,,,
3578,7/27/2026 2:43,21.22,7.52,6.58,21.25,33741.8,36629.7,23.01,21932.2,,,,
3579,7/27/2026 2:53,21.33,7.26,6.33,21.32,34198.4,37059.8,23.31,22228.98,,,,
3580,7/27/2026 3:03,21.4,7.14,6.23,21.36,34311.7,37152.3,23.38,22302.59,,,,
3581,7/27/2026 3:13,21.44,6.96,6.07,21.42,34358.7,37150.3,23.38,22333.17,,,,
3582,7/27/2026 3:23,21.54,6.86,5.98,21.54,34623.5,37337.9,23.51,22505.29,,,,
3583,7/27/2026 3:33,21.64,6.79,5.92,21.59,34760.9,37445.5,23.59,22594.57,,,,
3584,7/27/2026 3:43,21.66,6.62,5.8,21.67,33894.5,36440.8,22.9,22031.39,,,,
3585,7/27/2026 3:53,21.74,6.41,5.6,21.68,34367.3,36946.7,23.25,22338.77,,,,
3586,7/27/2026 4:03,21.79,6.31,5.51,21.74,34790.5,37343.7,23.53,22613.8,,,,
3587,7/27/2026 4:13,21.83,6.03,5.23,21.81,36268,38874.7,24.6,23574.18,,,,
3588,7/27/2026 4:23,21.87,5.85,5.06,21.85,36702.6,39300.9,24.9,23856.66,,,,
3589,7/27/2026 4:33,21.95,5.56,4.8,21.92,37114.9,39683.7,25.17,24124.67,,,,
3590,7/27/2026 4:43,21.98,5.19,4.49,21.96,37007.7,39531.9,25.07,24054.97,,,,
3591,7/27/2026 4:53,22.01,5.12,4.43,21.99,36892.2,39379.6,24.96,23979.94,,,,
3592,7/27/2026 5:03,22.04,4.74,4.11,22.02,36683.2,39132.9,24.79,23844.08,,,,
3593,7/27/2026 5:13,22.05,4.74,4.11,22.01,36431.8,38872.5,24.61,23680.65,,,,
3594,7/27/2026 5:23,22.05,3.96,3.43,21.96,36482.8,38971.3,24.68,23713.8,,,,
3595,7/27/2026 5:33,21.88,3.08,2.67,21.78,36598.1,39252.3,24.86,23788.75,,,,
3596,7/27/2026 5:43,21.89,1.98,1.71,21.84,36542.2,39139.6,24.79,23752.4,,,,
3597,7/27/2026 5:53,21.84,0.72,0.63,21.81,36541.6,39168,24.81,23752.02,,,,
3598,7/27/2026 6:03,21.9,1.77,1.53,21.86,36489.6,39067.6,24.74,23718.25,,,,
3599,7/27/2026 6:13,22.01,2.71,2.35,21.96,36644.3,39143.8,24.8,23818.79,,,,
3600,7/27/2026 6:23,22.02,3.36,2.91,21.98,36614.6,39093.7,24.76,23799.47,,,,
3601,7/27/2026 6:33,22.02,3.39,2.93,21.98,36979,39482.8,25.04,24036.35,,,,
3602,7/27/2026 6:43,21.99,3.76,3.24,21.94,37366,39928.1,25.35,24287.92,,,,
3603,7/27/2026 6:53,21.84,4.9,4.24,21.78,36770,39436.6,24.99,23900.48,,,,
3604,7/27/2026 7:03,21.75,5.62,4.87,21.71,36524.5,39236.7,24.85,23740.92,,,,
3605,7/27/2026 7:13,21.67,5.82,5.03,21.63,36560,39341.1,24.92,23763.99,,,,
3606,7/27/2026 7:23,21.61,5.74,4.96,21.56,36616.9,39471.6,25.01,23800.98,,,,
3607,7/27/2026 7:33,21.48,6.06,5.24,21.43,36448,39401.3,24.95,23691.2,,,,
3608,7/27/2026 7:43,21.29,5.61,4.85,21.23,36350.8,39475.4,24.99,23628.01,,,,
3609,7/27/2026 7:53,21.19,6.11,5.28,21.12,36370.8,39593.9,25.07,23640.99,,,,
3610,7/27/2026 8:03,21.08,6.39,5.51,21.04,36456.5,39760.4,25.18,23696.7,,,,
3611,7/27/2026 8:13,21.12,6.39,5.52,21.08,36216.4,39466.3,24.98,23540.68,,,,
3612,7/27/2026 8:23,21.13,6.13,5.29,21.08,36292.1,39548.8,25.04,23589.87,,,,
3613,7/27/2026 8:33,20.95,6.77,5.86,20.89,35851.7,39237.5,24.81,23303.61,,,,
3614,7/27/2026 8:43,20.84,6.89,5.94,20.77,36537.4,40097.8,25.41,23749.32,,,,
3615,7/27/2026 8:53,20.72,7.15,6.18,20.65,35655.6,39237.8,24.8,23176.11,,,,
3616,7/27/2026 9:03,20.52,7.14,6.16,20.45,35804.6,39584.4,25.03,23272.98,,,,
3617,7/27/2026 9:13,20.35,7.27,6.27,20.27,35591.1,39514.9,24.97,23134.2,,,,
3618,7/27/2026 9:23,20.2,7.32,6.31,20.13,35632,39687,25.08,23160.78,,,,
3619,7/27/2026 9:33,20.1,7.34,6.34,20.05,35220.6,39310.9,24.81,22893.36,,,,
3620,7/27/2026 9:43,20.05,7.61,6.56,20,35565,39736.9,25.11,23117.27,,,,
3621,7/27/2026 9:53,19.99,6.82,5.9,19.94,35009.6,39173.8,24.71,22756.24,,,,
3622,7/27/2026 10:03,19.95,6.61,5.71,19.89,34886.5,39079.8,24.64,22676.24,,,,
3623,7/27/2026 10:13,19.88,6.71,5.81,19.83,34534.1,38744.6,24.41,22447.13,,,,
3624,7/27/2026 10:23,19.85,6.63,5.73,19.8,34837.2,39103.9,24.66,22644.19,,,,
3625,7/27/2026 10:33,19.83,6.82,5.9,19.78,34724.3,38999.1,24.58,22570.82,,,,
3626,7/27/2026 10:43,19.79,6.76,5.84,19.73,34933.7,39281,24.77,22706.89,,,,
3627,7/27/2026 10:53,19.74,6.82,5.9,19.66,34767.2,39157.2,24.68,22598.7,,,,
3628,7/27/2026 11:03,19.66,6.54,5.65,19.59,34886.8,39358.3,24.82,22676.44,,,,
3629,7/27/2026 11:13,19.69,6.57,5.68,19.56,34891.8,39391.6,24.84,22679.65,,,,
3630,7/27/2026 11:23,19.7,5.94,5.13,19.51,34698.1,39220,24.72,22553.78,,,,
3631,7/27/2026 11:33,19.63,5.33,4.61,19.38,34506,39121.6,24.64,22428.87,,,,
3632,7/27/2026 11:43,19.53,5.43,4.7,19.38,34452.7,39064,24.6,22394.28,,,,
3633,7/27/2026 11:53,19.5,6.78,5.86,19.43,34662.3,39251.6,24.74,22530.53,,,,
3634,7/27/2026 12:03,19.57,7.31,6.32,19.55,34597.9,39073.6,24.62,22488.61,,,,
3635,7/27/2026 12:13,19.69,7.9,6.82,19.71,34838.6,39193.4,24.71,22645.1,,,,
3636,7/27/2026 12:23,19.88,8.25,7.14,19.87,34784.7,38984.8,24.58,22610.03,,,,
3637,7/27/2026 12:33,19.98,8.5,7.36,19.97,34854.4,38967.3,24.57,22655.33,,,,
3638,7/27/2026 12:43,20.12,8.49,7.35,20.12,34777.3,38748.6,24.43,22605.26,,,,
3639,7/27/2026 12:53,20.23,8.53,7.38,20.21,35061.3,38978.2,24.59,22789.86,,,,
3640,7/27/2026 13:03,20.37,8.5,7.36,20.38,34992.4,38753.4,24.44,22745.09,,,,
3641,7/27/2026 13:13,20.57,8.43,7.3,20.61,35341.9,38932.8,24.58,22972.21,,,,
3642,7/27/2026 13:23,20.91,8.31,7.2,20.94,35397.4,38692.6,24.43,23008.3,,,,
3643,7/27/2026 13:33,21.01,8.36,7.25,21.03,35351.6,38571.3,24.35,22978.54,,,,
3644,7/27/2026 13:43,21.21,8.2,7.1,21.2,35711.2,38812.5,24.53,23212.31,,,,
3645,7/27/2026 13:53,21.53,8.39,7.29,21.61,35699.1,38432.8,24.28,23204.4,,,,
3646,7/27/2026 14:03,21.78,8.67,7.53,21.79,35885.8,38478,24.32,23325.8,,,,
3647,7/27/2026 14:13,21.84,9.01,7.81,21.87,36132.6,38677.6,24.47,23486.2,,,,
3648,7/27/2026 14:23,21.98,8.87,7.7,21.99,36097.3,38531.1,24.37,23463.23,,,,
3649,7/27/2026 14:33,22.14,8.49,7.36,22.18,36451.5,38743,24.53,23693.46,,,,
3650,7/27/2026 14:43,22.36,8.06,7,22.4,36367,38463.1,24.34,23638.57,,,,
3651,7/27/2026 14:53,22.56,7.9,6.86,22.57,36502.9,38463.6,24.35,23726.88,,,,
3652,7/27/2026 15:03,22.75,8.19,7.11,22.79,36731.7,38520.8,24.4,23875.59,,,,
3653,7/27/2026 15:13,22.91,7.77,6.75,22.91,36665.8,38345.5,24.28,23832.77,,,,
3654,7/27/2026 15:23,23.08,7.77,6.76,23.12,36687.4,38197,24.18,23846.83,,,,
3655,7/27/2026 15:33,23.26,7.7,6.7,23.25,36782.4,38185.6,24.18,23908.58,,,,
3656,7/27/2026 15:43,23.35,7.36,6.41,23.35,36812.5,38131.9,24.15,23928.1,,,,
3657,7/27/2026 15:53,23.45,7.62,6.63,23.43,36864,38118,24.14,23961.58,,,,
3658,7/27/2026 16:03,23.55,7.11,6.19,23.53,36893.6,38066.6,24.11,23980.81,,,,
3659,7/27/2026 16:13,23.63,7.14,6.21,23.64,37085.7,38172.9,24.19,24105.7,,,,
3660,7/27/2026 16:23,23.74,7.03,6.12,23.75,37092.9,38093.6,24.13,24110.37,,,,
3661,7/27/2026 16:33,23.81,6.92,6.02,23.82,37200.9,38145.1,24.17,24180.58,,,,
3662,7/27/2026 16:43,23.88,5.96,5.2,23.83,36881.6,37807.9,23.94,23973.03,,,,
3663,7/27/2026 16:53,23.93,5.33,4.66,23.92,36373.8,37215,23.52,23642.97,,,,
3664,7/27/2026 17:03,23.98,6.62,5.78,23.91,36609.6,37463.5,23.7,23796.21,,,,
3665,7/27/2026 17:13,23.99,5.69,4.96,23.97,36978.8,37797.3,23.93,24036.23,,,,
3666,7/27/2026 17:23,24.05,4.72,4.12,24.01,37003.5,37790.8,23.93,24052.3,,,,
3667,7/27/2026 17:33,24.08,3.6,3.14,24.06,37027,37770.9,23.92,24067.55,,,,
3668,7/27/2026 17:43,24.06,3.58,3.13,24,36533.1,37312.8,23.6,23746.5,,,,
3669,7/27/2026 17:53,23.94,4.5,3.92,23.9,36661.8,37531.6,23.74,23830.2,,,,
3670,7/27/2026 18:03,23.85,5.14,4.49,23.8,36416.2,37355,23.62,23670.55,,,,
3671,7/27/2026 18:13,23.75,6.09,5.32,23.71,36482.6,37498.4,23.72,23713.67,,,,
3672,7/27/2026 18:23,23.7,6.46,5.63,23.65,36716.3,37785.3,23.91,23865.57,,,,
3673,7/27/2026 18:33,23.64,6.62,5.77,23.6,36613.6,37723.7,23.87,23798.85,,,,
3674,7/27/2026 18:43,23.45,6.41,5.59,23.39,36402.3,37672.6,23.83,23661.49,,,,
3675,7/27/2026 18:53,23.14,6.82,5.95,23.04,35914.1,37455.7,23.66,23344.16,,,,
3676,7/27/2026 19:03,22.88,7.36,6.42,22.84,35765.1,37462.7,23.66,23247.34,,,,
3677,7/27/2026 19:13,22.98,7.44,6.48,22.97,36075.9,37683.9,23.82,23449.34,,,,
3678,7/27/2026 19:23,22.98,7.69,6.7,22.93,36062.8,37699.9,23.83,23440.81,,,,
3679,7/27/2026 19:33,22.91,7.85,6.85,22.87,35907.4,37591.9,23.75,23339.81,,,,
3680,7/27/2026 19:43,22.86,7.9,6.88,22.82,36011.7,37738.5,23.85,23407.63,,,,
3681,7/27/2026 19:53,22.75,7.68,6.7,22.69,35718.6,37542.7,23.71,23217.11,,,,
3682,7/27/2026 20:03,22.57,7.33,6.38,22.5,35858.3,37844.6,23.91,23307.9,,,,
3683,7/27/2026 20:13,22.32,7.35,6.4,22.23,35569.3,37762.5,23.84,23120.07,,,,
3684,7/27/2026 20:23,21.96,6.9,6.01,21.88,35343.1,37822.3,23.87,22973.02,,,,
3685,7/27/2026 20:33,21.83,6.96,6.06,21.76,35177,37745.9,23.81,22865.05,,,,
3686,7/27/2026 20:43,21.64,7.62,6.64,21.57,35052.5,37772.5,23.82,22784.13,,,,
3687,7/27/2026 20:53,21.48,7.78,6.78,21.42,34873.6,37707,23.77,22667.83,,,,
3688,7/27/2026 21:03,21.32,7.52,6.54,21.24,35043.3,38045.1,23.99,22778.13,,,,
3689,7/27/2026 21:13,21.09,7.44,6.46,21.04,35059.9,38239.9,24.12,22788.95,,,,
3690,7/27/2026 21:23,21.12,7.5,6.53,21.08,34788.6,37905.2,23.89,22612.59,,,,
3691,7/27/2026 21:33,21.11,7.18,6.25,21.06,34780.8,37914.7,23.89,22607.5,,,,
3692,7/27/2026 21:43,20.96,7.44,6.48,20.89,34546.9,37812.1,23.81,22455.49,,,,
3693,7/27/2026 21:53,20.69,7.68,6.68,20.62,34348.6,37828.2,23.81,22326.59,,,,
3694,7/27/2026 22:03,20.42,7.59,6.6,20.35,34019.2,37704.3,23.71,22112.45,,,,
3695,7/27/2026 22:13,20.18,7.63,6.63,20.13,33837.4,37690.9,23.69,21994.33,,,,
3696,7/27/2026 22:23,19.93,8.05,7,19.87,33621.5,37683.8,23.67,21853.97,,,,
3697,7/27/2026 22:33,19.72,8.15,7.1,19.65,33152.9,37349.5,23.43,21549.38,,,,
3698,7/27/2026 22:43,19.37,8.26,7.19,19.3,33025.5,37517.4,23.52,21466.55,,,,
3699,7/27/2026 22:53,19.16,8.2,7.13,19.09,32922.5,37584.4,23.56,21399.6,,,,
3700,7/27/2026 23:03,18.92,7.9,6.87,18.86,32855.7,37723.2,23.64,21356.19,,,,
3701,7/27/2026 23:13,18.87,8.14,7.07,18.83,32818.3,37704.6,23.62,21331.9,,,,
3702,7/27/2026 23:23,18.79,7.17,6.23,18.76,32733.8,37672.5,23.6,21277,,,,
3703,7/27/2026 23:33,18.74,6.19,5.39,18.67,32272.5,37221.7,23.28,20977.12,,,,
3704,7/27/2026 23:43,18.52,7.11,6.18,18.31,32324.4,37609.3,23.53,21010.89,,,,
3705,7/27/2026 23:53,18.36,8.14,7.08,18.27,31999.2,37263.4,23.28,20799.49,,,,
3706,7/28/2026 0:03,18.37,8.61,7.48,18.35,32322.2,37568.4,23.5,21009.4,,,,
3707,7/28/2026 0:13,18.56,9.25,8.05,18.6,32378.1,37408.1,23.41,21045.73,,,,
3708,7/28/2026 0:23,19.1,9.54,8.3,19.18,32732.5,37290.4,23.36,21276.12,,,,
3709,7/28/2026 0:33,19.44,9.6,8.36,19.59,33030.1,37266.2,23.37,21469.56,,,,
3710,7/28/2026 0:43,19.86,9.36,8.15,19.88,33127.1,37116.7,23.28,21532.64,,,,
3711,7/28/2026 0:53,20.06,9.2,8.03,20.11,33262.4,37065.8,23.26,21620.53,,,,
3712,7/28/2026 1:03,20.24,9.01,7.86,20.24,33301.8,36996.4,23.21,21646.19,,,,
3713,7/28/2026 1:13,20.44,8.73,7.61,20.44,33582.3,37140.2,23.32,21828.47,,,,
3714,7/28/2026 1:23,20.59,8.34,7.27,20.61,33815.7,37251.5,23.41,21980.18,,,,
3715,7/28/2026 1:33,20.72,8.18,7.13,20.72,33764.8,37103.4,23.31,21947.09,,,,
3716,7/28/2026 1:43,20.82,8.22,7.17,20.8,33896.9,37171.9,23.36,22032.97,,,,
3717,7/28/2026 1:53,20.9,8.15,7.12,20.88,33606.7,36793.1,23.1,21844.35,,,,
3718,7/28/2026 2:03,20.99,7.92,6.9,20.97,34086.4,37239.2,23.42,22156.16,,,,
3719,7/28/2026 2:13,21.09,7.65,6.68,21.08,33824.2,36861.9,23.16,21985.73,,,,
3720,7/28/2026 2:23,21.17,7.46,6.51,21.14,34193.5,37213.6,23.41,22225.77,,,,
3721,7/28/2026 2:33,21.26,7.43,6.48,21.25,34446.7,37394.9,23.54,22390.35,,,,
3722,7/28/2026 2:43,21.35,7.09,6.16,21.31,35169.6,38122.6,24.05,22860.26,,,,
3723,7/28/2026 2:53,21.44,7.09,6.18,21.46,34702.9,37491.9,23.62,22556.86,,,,
3724,7/28/2026 3:03,21.52,6.82,5.95,21.48,34371,37110.7,23.35,22341.15,,,,
3725,7/28/2026 3:13,21.62,6.74,5.89,21.58,34491.6,37158,23.39,22419.55,,,,
3726,7/28/2026 3:23,21.7,6.54,5.7,21.61,34936.5,37611.8,23.71,22708.7,,,,
3727,7/28/2026 3:33,21.73,6.35,5.52,21.66,35552.7,38234,24.15,23109.27,,,,
3728,7/28/2026 3:43,21.83,6.38,5.57,21.83,34380.4,36831.6,23.18,22347.23,,,,
3729,7/28/2026 3:53,21.88,6.23,5.4,21.86,36037.6,38583.7,24.4,23424.46,,,,
3730,7/28/2026 4:03,21.94,6.11,5.3,21.96,36229.3,38703.1,24.49,23549.07,,,,
3731,7/28/2026 4:13,22.02,6.02,5.22,21.97,36202.4,38666.5,24.46,23531.54,,,,
3732,7/28/2026 4:23,22.06,5.72,4.96,22.03,36418.9,38845.8,24.59,23672.3,,,,
3733,7/28/2026 4:33,22.08,5.45,4.72,22.05,36602.4,39018,24.71,23791.57,,,,
3734,7/28/2026 4:43,22.1,5.32,4.62,22.1,36263.4,38617.8,24.43,23571.2,,,,
3735,7/28/2026 4:53,22.13,5.07,4.39,22.11,36702.5,39077.6,24.76,23856.65,,,,
3736,7/28/2026 5:03,22.16,4.85,4.2,22.13,36482.3,38819.8,24.58,23713.48,,,,
3737,7/28/2026 5:13,22.2,4.56,3.94,22.2,36904.8,39214.4,24.86,23988.14,,,,
3738,7/28/2026 5:23,22.24,4.56,3.95,22.2,36553.2,38835.5,24.59,23759.57,,,,
3739,7/28/2026 5:33,22.27,4.39,3.81,22.24,36648,38902.5,24.64,23821.21,,,,
3740,7/28/2026 5:43,22.31,4.17,3.62,22.26,36457.7,38682.4,24.49,23697.51,,,,
3741,7/28/2026 5:53,22.31,3.76,3.27,22.26,36063.1,38261.2,24.19,23440.98,,,,
3742,7/28/2026 6:03,22.33,3.41,2.97,22.29,36080.8,38254.5,24.19,23452.53,,,,
3743,7/28/2026 6:13,22.32,2.37,2.06,22.28,36434.2,38642,24.46,23682.22,,,,
3744,7/28/2026 6:23,22.26,1.61,1.4,22.23,36337.7,38578.2,24.41,23619.5,,,,
3745,7/28/2026 6:33,22.23,1.03,0.9,22.19,36079.3,38342.2,24.25,23451.51,,,,
3746,7/28/2026 6:43,22.25,1.49,1.3,22.21,35854.2,38085.3,24.07,23305.26,,,,
3747,7/28/2026 6:53,22.29,1.2,1.04,22.26,36157.8,38366.7,24.27,23502.54,,,,
3748,7/28/2026 7:03,22.34,1.7,1.47,22.31,36174.3,38343.4,24.25,23513.29,,,,
3749,7/28/2026 7:13,22.33,2.83,2.46,22.29,35975.9,38148.3,24.11,23384.33,,,,
3750,7/28/2026 7:23,22.31,3.08,2.67,22.27,36259.1,38466.6,24.34,23568.4,,,,
3751,7/28/2026 7:33,22.23,3.77,3.28,22.18,35902.3,38164.4,24.12,23336.51,,,,
3752,7/28/2026 7:43,22.17,4.72,4.1,22.14,35829.4,38122.4,24.09,23289.08,,,,
3753,7/28/2026 7:53,22.15,5.28,4.6,22.1,35645.2,37954.4,23.97,23169.36,,,,
3754,7/28/2026 8:03,22.1,5.37,4.67,22.05,35858.5,38230.1,24.16,23308.05,,,,
3755,7/28/2026 8:13,22.01,5.65,4.91,21.95,35902.7,38356.7,24.24,23336.74,,,,
3756,7/28/2026 8:23,21.93,5.58,4.85,21.88,35957.1,38479.4,24.33,23372.12,,,,
3757,7/28/2026 8:33,21.83,5.33,4.74,21.77,30373.7,32583,20.24,19742.89,,,,
3758,7/28/2026 8:43,21.77,5.44,4.75,21.72,34728.2,37294.4,23.49,22573.31,,,,
3759,7/28/2026 8:53,21.75,5.5,4.78,21.7,35794.3,38462.7,24.31,23266.31,,,,
3760,7/28/2026 9:03,21.7,5.86,5.08,21.64,35917,38644,24.43,23346.05,,,,
3761,7/28/2026 9:13,21.58,6.22,5.44,21.51,33927.7,36607.4,23.01,22053.02,,,,
3762,7/28/2026 9:23,21.43,6.68,5.82,21.37,34708.1,37571.3,23.67,22560.24,,,,
3763,7/28/2026 9:33,21.33,6.64,5.78,21.28,34653.1,37593.3,23.68,22524.51,,,,
3764,7/28/2026 9:43,21.12,6.66,5.81,21.05,34300.6,37404.1,23.54,22295.4,,,,
3765,7/28/2026 9:53,20.99,6.8,5.91,20.92,34525.4,37757.5,23.78,22441.54,,,,
3766,7/28/2026 10:03,20.91,6.41,5.58,20.85,34342.8,37622.1,23.68,22322.8,,,,
3767,7/28/2026 10:13,20.8,6.7,5.84,20.74,34211,37573.1,23.64,22237.13,,,,
3768,7/28/2026 10:23,20.71,6.63,5.78,20.65,33785.5,37185,23.37,21960.57,,,,
3769,7/28/2026 10:33,20.59,6.33,5.51,20.53,33951.8,37471.1,23.56,22068.64,,,,
3770,7/28/2026 10:43,20.52,6.4,5.58,20.47,33632.4,37164.9,23.34,21861.08,,,,
3771,7/28/2026 10:53,20.55,6.51,5.68,20.49,33726,37250.3,23.4,21921.91,,,,
3772,7/28/2026 11:03,20.54,6.53,5.69,20.48,33559.9,37082.2,23.29,21813.94,,,,
3773,7/28/2026 11:13,20.39,7.37,6.42,20.33,33774.3,37443.3,23.53,21953.3,,,,
3774,7/28/2026 11:23,20.32,7.46,6.49,20.29,33729.8,37435.4,23.52,21924.34,,,,
3775,7/28/2026 11:33,20.31,7.61,6.63,20.25,33756.7,37499.1,23.56,21941.86,,,,
3776,7/28/2026 11:43,20.23,7.05,6.13,20.16,33735.4,37553.7,23.6,21927.98,,,,
3777,7/28/2026 11:53,20.06,6.4,5.57,19.91,33441,37447.4,23.51,21736.65,,,,
3778,7/28/2026 12:03,19.91,5.93,5.17,19.77,33166.6,37254.8,23.37,21558.31,,,,
3779,7/28/2026 12:13,19.9,5.38,4.69,19.66,33100.2,37284.8,23.38,21515.1,,,,
3780,7/28/2026 12:23,19.76,6.18,5.38,19.68,33204.4,37378.5,23.45,21582.84,,,,
3781,7/28/2026 12:33,19.81,7.34,6.39,19.8,33413.1,37513.2,23.55,21718.49,,,,
3782,7/28/2026 12:43,20.02,8.08,7.03,20.05,33539.6,37432.1,23.51,21800.72,,,,
3783,7/28/2026 12:53,20.26,8.4,7.31,20.29,33839.3,37554.4,23.6,21995.54,,,,
3784,7/28/2026 13:03,20.42,8.51,7.4,20.39,33991.7,37632.1,23.66,22094.61,,,,
3785,7/28/2026 13:13,20.48,8.6,7.49,20.47,33896.4,37456.6,23.55,22032.65,,,,
3786,7/28/2026 13:23,20.61,8.14,7.1,20.63,33776.2,37190.1,23.37,21954.54,,,,
3787,7/28/2026 13:33,20.79,8.23,7.17,20.77,34008.2,37322.1,23.47,22105.3,,,,
3788,7/28/2026 13:43,20.97,8.46,7.37,20.99,34075.1,37206.5,23.4,22148.83,,,,
3789,7/28/2026 13:53,21.21,8.66,7.55,21.24,34616.3,37581.5,23.67,22500.57,,,,
3790,7/28/2026 14:03,21.45,8.66,7.55,21.45,34519.7,37299.1,23.48,22437.81,,,,
3791,7/28/2026 14:13,21.61,8.73,7.61,21.59,34560,37221.5,23.44,22463.97,,,,
3792,7/28/2026 14:23,21.7,8.56,7.47,21.71,34695.6,37272,23.48,22552.13,,,,
3793,7/28/2026 14:33,21.88,8.57,7.48,21.86,34848.1,37305.1,23.51,22651.28,,,,
3794,7/28/2026 14:43,22.05,8.4,7.33,22.06,35026.4,37330.4,23.53,22767.14,,,,
3795,7/28/2026 14:53,22.27,8.4,7.32,22.27,35251.3,37392.5,23.58,22913.37,,,,
3796,7/28/2026 15:03,22.45,8.37,7.31,22.48,35255.4,37228,23.48,22916.01,,,,
3797,7/28/2026 15:13,22.63,8.43,7.37,22.63,35230.9,37076.6,23.38,22900.05,,,,
3798,7/28/2026 15:23,22.8,8.5,7.43,22.81,35282,36981.1,23.32,22933.32,,,,
3799,7/28/2026 15:33,23.01,8.4,7.34,23,35563,37118.8,23.42,23115.97,,,,
3800,7/28/2026 15:43,23.16,8.37,7.32,23.17,35531.1,36949.5,23.31,23095.24,,,,
3801,7/28/2026 15:53,23.33,8.18,7.15,23.34,35566,36852.8,23.25,23117.92,,,,
3802,7/28/2026 16:03,23.45,7.96,6.96,23.44,35689.1,36895.9,23.28,23197.9,,,,
3803,7/28/2026 16:13,23.56,7.86,6.87,23.57,35928.8,37042.2,23.39,23353.72,,,,
3804,7/28/2026 16:23,23.67,7.49,6.55,23.66,35940.4,36982,23.35,23361.26,,,,
3805,7/28/2026 16:33,23.75,7.22,6.31,23.74,36150.2,37130.3,23.46,23497.62,,,,
3806,7/28/2026 16:43,23.8,6.84,5.98,23.77,36126.7,37082.1,23.43,23482.35,,,,
3807,7/28/2026 16:53,23.8,6.9,6.03,23.75,35961.8,36929.6,23.32,23375.15,,,,
3808,7/28/2026 17:03,23.81,6.85,5.99,23.76,36043.9,37009.1,23.37,23428.52,,,,
3809,7/28/2026 17:13,23.82,6.37,5.58,23.79,35907.1,36847.1,23.26,23339.64,,,,
3810,7/28/2026 17:23,23.8,5.97,5.23,23.76,35739.2,36698.6,23.16,23230.46,,,,
3811,7/28/2026 17:33,23.83,5.73,5.02,23.79,35602.1,36527,23.04,23141.35,,,,
3812,7/28/2026 17:43,23.82,5.25,4.6,23.78,35700.2,36639.6,23.12,23205.14,,,,
3813,7/28/2026 17:53,23.82,4.11,3.6,23.77,35723.9,36668.7,23.14,23220.55,,,,
3814,7/28/2026 18:03,23.83,4.19,3.67,23.78,35749.9,36690.6,23.15,23237.44,,,,
3815,7/28/2026 18:13,23.82,2.46,2.16,23.79,35684.7,36618.9,23.1,23195.05,,,,
3816,7/28/2026 18:23,23.82,2.24,1.96,23.79,35400.1,36324.5,22.9,23010.08,,,,
3817,7/28/2026 18:33,23.81,3.11,2.73,23.78,35345.4,36275.5,22.86,22974.53,,,,
3818,7/28/2026 18:43,23.73,4.24,3.72,23.7,35648.7,36650.9,23.12,23171.66,,,,
3819,7/28/2026 18:53,23.66,5.72,5.01,23.63,35872.1,36935.7,23.32,23316.84,,,,
3820,7/28/2026 19:03,23.63,5.72,5,23.61,35964.9,37048.2,23.4,23377.22,,,,
3821,7/28/2026 19:13,23.61,5.87,5.15,23.57,35274.2,36365,22.92,22928.25,,,,
3822,7/28/2026 19:23,23.44,5.52,4.83,23.39,35440.5,36682,23.13,23036.33,,,,
3823,7/28/2026 19:33,23.22,5.63,4.94,23.17,34514.7,35894.8,22.58,22434.58,,,,
3824,7/28/2026 19:43,22.99,5.79,5.08,22.96,34483.3,36027.4,22.66,22414.15,,,,
3825,7/28/2026 19:53,22.95,6.41,5.62,22.91,34418.1,35994.8,22.64,22371.78,,,,
3826,7/28/2026 20:03,22.9,6.97,6.12,22.88,34393.6,35999.9,22.64,22355.82,,,,
3827,7/28/2026 20:13,22.87,7,6.14,22.84,34475.7,36116.9,22.72,22409.22,,,,
3828,7/28/2026 20:23,22.84,7.3,6.4,22.81,34684,36359,22.89,22544.59,,,,
3829,7/28/2026 20:33,22.8,7.3,6.39,22.75,34878.1,36606,23.06,22670.79,,,,
3830,7/28/2026 20:43,22.69,7.11,6.23,22.63,34414.5,36217.4,22.78,22369.41,,,,
3831,7/28/2026 20:53,22.41,7.09,6.22,22.31,34043.2,36079.7,22.67,22128.09,,,,
3832,7/28/2026 21:03,22.08,7.35,6.44,22.02,33830.1,36089.3,22.67,21989.57,,,,
3833,7/28/2026 21:13,21.93,7.4,6.48,21.86,34032.8,36432.3,22.9,22121.34,,,,
3834,7/28/2026 21:23,21.71,7.48,6.55,21.65,33800.8,36354.9,22.84,21970.54,,,,
3835,7/28/2026 21:33,21.59,7.59,6.65,21.55,33349,35953.8,22.55,21676.88,,,,
3836,7/28/2026 21:43,21.37,7.68,6.73,21.29,33292.9,36108,22.65,21640.4,,,,
3837,7/28/2026 21:53,21.19,8.1,7.09,21.14,33393.9,36343.4,22.81,21706.04,,,,
3838,7/28/2026 22:03,21.2,7.87,6.91,21.17,32929.8,35811.4,22.44,21404.36,,,,
3839,7/28/2026 22:13,21.12,7.76,6.79,21.05,33393,36416.8,22.85,21705.42,,,,
3840,7/28/2026 22:23,20.85,7.76,6.8,20.76,32889.8,36104.6,22.62,21378.34,,,,
3841,7/28/2026 22:33,20.58,7.69,6.74,20.48,32533.8,35943.5,22.5,21146.99,,,,
3842,7/28/2026 22:43,20.21,7.41,6.48,20.13,32624.7,36340,22.75,21206.04,,,,
3843,7/28/2026 22:53,19.81,7.66,6.7,19.73,32201.7,36209.1,22.64,20931.09,,,,
3844,7/28/2026 23:03,19.32,7.84,6.87,19.24,31542.5,35886.2,22.39,20502.61,,,,
3845,7/28/2026 23:13,18.9,7.91,6.91,18.81,31610,36334.7,22.68,20546.51,,,,
3846,7/28/2026 23:23,18.36,8.53,7.45,18.24,31205.8,36371.2,22.67,20283.79,,,,
3847,7/28/2026 23:33,17.85,8.7,7.6,17.78,30866.4,36383.3,22.65,20063.18,,,,
3848,7/28/2026 23:43,17.51,8.81,7.67,17.42,31089.1,36972.3,23.03,20207.89,,,,
3849,7/28/2026 23:53,16.89,8.89,7.75,16.77,30456.6,36816.5,22.87,19796.79,,,,
3850,7/29/2026 0:03,16.5,9.02,7.86,16.45,30054.6,36632.3,22.73,19535.5,,,,
3851,7/29/2026 0:13,16.19,9.12,7.93,16.13,30187.4,37093.9,23.02,19621.79,,,,
3852,7/29/2026 0:23,16.08,8.45,7.35,16.02,29888.8,36837.5,22.83,19427.71,,,,
3853,7/29/2026 0:33,16.01,7.94,6.92,15.86,29562.9,36582.6,22.65,19215.88,,,,
3854,7/29/2026 0:43,15.93,8.61,7.49,15.85,29857.2,36955.5,22.9,19407.21,,,,
3855,7/29/2026 0:53,16.22,9.88,8.6,16.34,30066.5,36750.4,22.8,19543.21,,,,
3856,7/29/2026 1:03,17.44,10.04,8.76,17.62,30968.9,36649.7,22.82,20129.76,,,,
3857,7/29/2026 1:13,17.6,10.25,8.95,17.85,30988.9,36460.6,22.71,20142.79,,,,
3858,7/29/2026 1:23,19,9.47,8.27,19.08,31843.5,36363,22.71,20698.3,,,,
3859,7/29/2026 1:33,19.34,9.33,8.15,19.34,32324.1,36684.3,22.95,21010.69,,,,
3860,7/29/2026 1:43,19.64,9.04,7.9,19.67,32470.9,36563.1,22.88,21106.06,,,,
3861,7/29/2026 1:53,20.01,8.78,7.68,20.02,32565.9,36373.3,22.77,21167.82,,,,
3862,7/29/2026 2:03,20.28,8.34,7.29,20.28,32855.6,36467.7,22.85,21356.11,,,,
3863,7/29/2026 2:13,20.53,8.15,7.13,20.52,32958.4,36377.3,22.8,21422.93,,,,
3864,7/29/2026 2:23,20.73,7.85,6.87,20.74,33020.2,36265.2,22.73,21463.11,,,,
3865,7/29/2026 2:33,20.92,7.48,6.55,20.91,33218.3,36338,22.79,21591.93,,,,
3866,7/29/2026 2:43,21.01,7.61,6.65,20.99,33481.8,36561.1,22.95,21763.17,,,,
3867,7/29/2026 2:53,21.12,7.58,6.63,21.1,33441.7,36427.6,22.86,21737.08,,,,
3868,7/29/2026 3:03,21.18,7.46,6.52,21.16,33455.5,36388.1,22.84,21746.08,,,,
3869,7/29/2026 3:13,21.33,7.19,6.31,21.31,32860.3,35624.2,22.31,21359.16,,,,
3870,7/29/2026 3:23,21.44,6.99,6.12,21.42,33671.8,36412.5,22.87,21886.68,,,,
3871,7/29/2026 3:33,21.54,6.86,6,21.53,33777.2,36435.1,22.89,21955.15,,,,
3872,7/29/2026 3:43,21.6,6.73,5.9,21.59,33754.4,36354,22.83,21940.39,,,,
3873,7/29/2026 3:53,21.66,6.32,5.53,21.59,33714.1,36313,22.8,21914.13,,,,
3874,7/29/2026 4:03,21.72,6.19,5.42,21.66,33646,36181.1,22.72,21869.92,,,,
3875,7/29/2026 4:13,21.79,6.11,5.35,21.76,33970.9,36449.3,22.91,22081.09,,,,
3876,7/29/2026 4:23,21.9,6.04,5.29,21.88,34062.4,36446.9,22.91,22140.58,,,,
3877,7/29/2026 4:33,21.96,5.8,5.08,21.92,34057,36409.3,22.89,22137.06,,,,
3878,7/29/2026 4:43,22.03,5.7,5,21.99,33976.2,36267,22.79,22084.52,,,,
3879,7/29/2026 4:53,22.12,5.57,4.88,22.08,34115.6,36345.2,22.85,22175.16,,,,
3880,7/29/2026 5:03,22.18,5.46,4.79,22.15,34046.8,36211.3,22.76,22130.4,,,,
3881,7/29/2026 5:13,22.21,5.17,4.53,22.19,33818,35941.5,22.57,21981.69,,,,
3882,7/29/2026 5:23,22.24,4.78,4.19,22.19,33990.2,36119.7,22.7,22093.61,,,,
3883,7/29/2026 5:33,22.27,4.76,4.17,22.25,33973.7,36054,22.65,22082.89,,,,
3884,7/29/2026 5:43,22.27,4.66,4.09,22.23,33701.7,35782.1,22.46,21906.1,,,,
3885,7/29/2026 5:53,22.29,4.57,4.01,22.26,33824.6,35893.5,22.54,21986.02,,,,
3886,7/29/2026 6:03,22.3,4.39,3.86,22.26,33763.9,35826.7,22.49,21946.55,,,,
3887,7/29/2026 6:13,22.31,4.26,3.74,22.27,33866.1,35927.9,22.57,22012.97,,,,
3888,7/29/2026 6:23,22.32,3.98,3.49,22.28,33706.6,35751.5,22.44,21909.26,,,,
3889,7/29/2026 6:33,22.31,4,3.51,22.27,33683.1,35733.7,22.43,21893.99,,,,
3890,7/29/2026 6:43,22.29,3.61,3.17,22.26,33717,35776.9,22.46,21916.08,,,,
3891,7/29/2026 6:53,22.28,3.71,3.26,22.26,33677.1,35736.9,22.43,21890.1,,,,
3892,7/29/2026 7:03,22.26,2.76,2.42,22.22,33816.7,35913.8,22.55,21980.88,,,,
3893,7/29/2026 7:13,22.24,2.71,2.38,22.2,33549.4,35641.8,22.36,21807.1,,,,
3894,7/29/2026 7:23,22.28,2.97,2.61,22.25,33408.7,35456.9,22.24,21715.66,,,,
3895,7/29/2026 7:33,22.31,2.52,2.21,22.27,33480.1,35516.1,22.28,21762.08,,,,
3896,7/29/2026 7:43,22.3,3.14,2.76,22.26,33400.2,35436,22.22,21710.15,,,,
3897,7/29/2026 7:53,22.3,3.27,2.88,22.26,33455.1,35494.2,22.26,21745.81,,,,
3898,7/29/2026 8:03,22.29,3.74,3.29,22.25,33275.4,35315.4,22.14,21629.03,,,,
3899,7/29/2026 8:13,22.28,4.12,3.62,22.24,33273.9,35318.4,22.14,21628.01,,,,
3900,7/29/2026 8:23,22.22,4.48,3.94,22.18,33116.4,35200.6,22.06,21525.69,,,,
3901,7/29/2026 8:33,22.21,5.54,4.88,22.18,33048.3,35125.8,22.01,21481.37,,,,
3902,7/29/2026 8:43,22.17,5.35,4.71,22.12,33060.4,35188,22.05,21489.27,,,,
3903,7/29/2026 8:53,22.07,5.69,5.01,22.02,33121.6,35333.4,22.14,21529.04,,,,
3904,7/29/2026 9:03,21.98,5.48,4.81,21.93,33195.2,35485.7,22.25,21576.9,,,,
3905,7/29/2026 9:13,21.83,5.31,4.66,21.77,33377.1,35802.5,22.46,21695.12,,,,
3906,7/29/2026 9:23,21.8,5.28,4.64,21.76,33294,35725.4,22.4,21641.07,,,,
3907,7/29/2026 9:33,21.79,6.03,5.3,21.74,32887.4,35301,22.11,21376.81,,,,
3908,7/29/2026 9:43,21.75,6.01,5.28,21.71,32797.1,35232.5,22.06,21318.12,,,,
3909,7/29/2026 9:53,21.64,6.28,5.52,21.58,32714.5,35243.5,22.06,21264.43,,,,
3910,7/29/2026 10:03,21.53,6.17,5.43,21.47,32514.3,35115.6,21.97,21134.3,,,,
3911,7/29/2026 10:13,21.29,6.16,5.43,21.22,31920.5,34673.6,21.65,20748.3,,,,
3912,7/29/2026 10:23,21.13,6.08,5.34,21.06,32493.7,35424,22.17,21120.88,,,,
3913,7/29/2026 10:33,20.97,6.46,5.68,20.9,32103.4,35128,21.95,20867.21,,,,
3914,7/29/2026 10:43,20.83,6.27,5.51,20.77,31994.1,35116.6,21.94,20796.15,,,,
3915,7/29/2026 10:53,20.68,6.09,5.35,20.62,31850.2,35076.7,21.91,20702.62,,,,
3916,7/29/2026 11:03,20.51,6.43,5.66,20.45,31633.9,34973.4,21.83,20562.05,,,,
3917,7/29/2026 11:13,20.39,6.21,5.46,20.34,31636.1,35065.5,21.89,20563.49,,,,
3918,7/29/2026 11:23,20.33,6.16,5.41,20.29,31751.8,35237.7,22,20638.67,,,,
3919,7/29/2026 11:33,20.3,5.9,5.19,20.24,31394.4,34877.4,21.75,20406.39,,,,
3920,7/29/2026 11:43,20.13,5.95,5.23,20.09,31440.1,35057.1,21.87,20436.05,,,,
3921,7/29/2026 11:53,19.95,5.64,4.96,19.91,31140.5,34864,21.73,20241.35,,,,
3922,7/29/2026 12:03,19.69,4.94,4.34,19.65,31045.3,34975.1,21.79,20179.44,,,,
3923,7/29/2026 12:13,19.48,5.45,4.78,19.44,31117.4,35229.8,21.95,20226.29,,,,
3924,7/29/2026 12:23,19.08,5.28,4.64,18.98,30693.6,35132.6,21.86,19950.85,,,,
3925,7/29/2026 12:33,18.6,5.19,4.56,18.57,30164.5,34875.9,21.66,19606.95,,,,
3926,7/29/2026 12:43,18.38,5.34,4.68,18.37,30219.3,35106.4,21.81,19642.54,,,,
3927,7/29/2026 12:53,18.44,4.87,4.28,18.46,30185.8,34991.4,21.74,19620.79,,,,
3928,7/29/2026 13:03,18.69,5.76,5.06,18.72,30344.2,34949.9,21.72,19723.73,,,,
3929,7/29/2026 13:13,19.09,6.79,5.97,19.16,30598.1,34876.1,21.7,19888.74,,,,
3930,7/29/2026 13:23,19.5,7.26,6.39,19.54,30807.1,34797.4,21.66,20024.61,,,,
3931,7/29/2026 13:33,19.6,7.31,6.43,19.52,30763.5,34765.3,21.64,19996.29,,,,
3932,7/29/2026 13:43,19.63,7.12,6.26,19.63,30776.3,34689.1,21.59,20004.59,,,,
3933,7/29/2026 13:53,19.87,7.17,6.3,19.85,31276.9,35073.1,21.87,20329.97,,,,
3934,7/29/2026 14:03,20.01,7.2,6.33,19.98,31282.6,34969.2,21.8,20333.68,,,,
3935,7/29/2026 14:13,20.07,7.32,6.43,20.05,31565,35230.7,21.98,20517.22,,,,
3936,7/29/2026 14:23,20.14,7.64,6.72,20.1,31599.7,35220.4,21.98,20539.81,,,,
3937,7/29/2026 14:33,20.21,7.45,6.55,20.19,31584.8,35132.8,21.92,20530.11,,,,
3938,7/29/2026 14:43,20.31,7.71,6.78,20.29,31588.6,35054.1,21.87,20532.58,,,,
3939,7/29/2026 14:53,20.39,7.62,6.7,20.36,31663.5,35083.7,21.9,20581.28,,,,
3940,7/29/2026 15:03,20.5,7.8,6.86,20.48,31709.4,35037.4,21.87,20611.1,,,,
3941,7/29/2026 15:13,20.65,7.62,6.7,20.63,31823.9,35040.4,21.88,20685.51,,,,
3942,7/29/2026 15:23,20.72,5.72,5.03,20.68,31936.1,35122.8,21.94,20758.44,,,,
3943,7/29/2026 15:33,20.85,7.72,6.79,20.84,31980.7,35044.1,21.89,20787.46,,,,
3944,7/29/2026 15:43,21,6.95,6.12,20.98,32115,35078.2,21.92,20874.74,,,,
3945,7/29/2026 15:53,21.13,7.11,6.25,21.12,32315.4,35184.1,22,21005.04,,,,
3946,7/29/2026 16:03,21.25,6.49,5.72,21.23,31969.7,34715.4,21.68,20780.34,,,,
3947,7/29/2026 16:13,21.37,7.16,6.27,21.34,33146.3,35909.9,22.51,21545.09,,,,
3948,7/29/2026 16:23,21.45,7.4,6.49,21.42,33196.6,35896.1,22.51,21577.76,,,,
3949,7/29/2026 16:33,21.51,7.37,6.46,21.49,33322.4,35976.1,22.57,21659.56,,,,
3950,7/29/2026 16:43,21.56,7.28,6.39,21.53,33106.3,35711.4,22.38,21519.12,,,,
3951,7/29/2026 16:53,21.58,7.17,6.29,21.54,33298.4,35904.1,22.52,21643.96,,,,
3952,7/29/2026 17:03,21.62,6.96,6.1,21.58,33204.3,35773.6,22.43,21582.8,,,,
3953,7/29/2026 17:13,21.64,7.02,6.16,21.61,33430.7,35995.6,22.59,21729.98,,,,
3954,7/29/2026 17:23,21.66,6.72,5.89,21.62,33372.2,35920.5,22.53,21691.94,,,,
3955,7/29/2026 17:33,21.65,6.91,6.06,21.61,33190.2,35734.3,22.4,21573.65,,,,
3956,7/29/2026 17:43,21.66,6.81,5.98,21.62,33105.1,35630.6,22.33,21518.34,,,,
3957,7/29/2026 17:53,21.68,6.62,5.81,21.63,32976.2,35489.4,22.24,21434.5,,,,
3958,7/29/2026 18:03,21.67,6.4,5.63,21.63,32723.3,35212.5,22.04,21270.13,,,,
3959,7/29/2026 18:13,21.68,6.38,5.61,21.64,32744.2,35232.6,22.06,21283.72,,,,
3960,7/29/2026 18:23,21.69,6,5.27,21.65,32864.6,35352.6,22.14,21361.97,,,,
3961,7/29/2026 18:33,21.7,5.74,5.05,21.66,32586.1,35043.6,21.93,21180.97,,,,
3962,7/29/2026 18:43,21.69,5.64,4.96,21.64,32698.8,35179.1,22.02,21254.22,,,,
3963,7/29/2026 18:53,21.67,4.66,4.1,21.62,32824,35332.8,22.13,21335.61,,,,
3964,7/29/2026 19:03,21.66,3.61,3.17,21.6,32747.2,35262,22.08,21285.67,,,,
3965,7/29/2026 19:13,21.66,3.99,3.51,21.62,32772.8,35272.9,22.09,21302.31,,,,
3966,7/29/2026 19:23,21.73,5.26,4.63,21.69,32813.3,35264.2,22.08,21328.66,,,,
3967,7/29/2026 19:33,21.69,5.6,4.93,21.65,32691,35163.6,22.01,21249.16,,,,
3968,7/29/2026 19:43,21.69,4.5,3.95,21.65,32968.7,35459.9,22.22,21429.68,,,,
3969,7/29/2026 19:53,21.66,4.66,4.14,21.61,30482.5,32819,20.4,19813.64,,,,
3970,7/29/2026 20:03,21.62,5.66,4.91,21.58,35862.8,38637.8,24.42,23310.81,,,,
3971,7/29/2026 20:13,21.58,5.3,4.6,21.53,35860.7,38682.6,24.45,23309.48,,,,
3972,7/29/2026 20:23,21.52,5.76,5,21.48,35390.5,38216.7,24.12,23003.84,,,,
3973,7/29/2026 20:33,21.52,5.82,5.06,21.48,35407.8,38232.8,24.14,23015.07,,,,
3974,7/29/2026 20:43,21.4,6.45,5.6,21.34,35310.5,38249.3,24.14,22951.8,,,,
3975,7/29/2026 20:53,21.3,6.5,5.65,21.25,35323,38346.2,24.2,22959.97,,,,
3976,7/29/2026 21:03,21.26,6.55,5.69,21.21,35311.4,38364.9,24.22,22952.41,,,,
3977,7/29/2026 21:13,21.17,6.7,5.81,21.12,35173.5,38295.8,24.16,22862.76,,,,
3978,7/29/2026 21:23,21.12,6.72,5.83,21.06,35243.8,38419.5,24.25,22908.46,,,,
3979,7/29/2026 21:33,21.01,6.97,6.05,20.95,35200.5,38469.4,24.28,22880.3,,,,
3980,7/29/2026 21:43,20.75,7.31,6.35,20.68,34887.4,38368.7,24.19,22676.79,,,,
3981,7/29/2026 21:53,20.64,7.11,6.17,20.58,34813.1,38371.5,24.19,22628.54,,,,
3982,7/29/2026 22:03,20.45,7.27,6.3,20.39,34777.9,38505.2,24.27,22605.66,,,,
3983,7/29/2026 22:13,20.36,7.27,6.32,20.3,34378.4,38139.4,24.01,22345.95,,,,
3984,7/29/2026 22:23,20.18,7.41,6.44,20.11,34051.8,37948.2,23.87,22133.69,,,,
3985,7/29/2026 22:33,19.93,7.28,6.32,19.88,34013.6,38112.6,23.97,22108.81,,,,
3986,7/29/2026 22:43,19.86,7.4,6.42,19.81,34159.7,38340.8,24.12,22203.81,,,,
3987,7/29/2026 22:53,19.66,7.48,6.51,19.59,33112.1,37356.1,23.43,21522.83,,,,
3988,7/29/2026 23:03,19.25,7.82,6.76,19.17,34321.6,39109.1,24.62,22309.03,,,,
3989,7/29/2026 23:13,18.67,8.03,6.93,18.58,33931.4,39219.8,24.66,22055.44,,,,
3990,7/29/2026 23:23,18.08,8.49,7.32,17.99,33439,39210.8,24.61,21735.33,,,,
3991,7/29/2026 23:33,17.7,8.54,7.38,17.61,32961.2,39019.1,24.45,21424.81,,,,
3992,7/29/2026 23:43,17.12,8.71,7.5,17.07,32962.8,39553.2,24.78,21425.81,,,,
3993,7/29/2026 23:53,16.45,9.2,7.92,16.4,32266.7,39379.6,24.61,20973.35,,,,
3994,7/30/2026 0:03,15.7,9.61,8.27,15.64,31733.2,39494.7,24.62,20626.55,,,,
3995,7/30/2026 0:13,15.38,9.89,8.5,15.32,31580.6,39638.8,24.69,20527.42,,,,
3996,7/30/2026 0:23,15.14,10.02,8.63,15.08,31204.2,39417.7,24.52,20282.72,,,,
3997,7/30/2026 0:33,14.98,10.06,8.65,14.93,31145.9,39503.7,24.56,20244.82,,,,
3998,7/30/2026 0:43,14.87,10.05,8.64,14.81,31179,39662.6,24.66,20266.35,,,,
3999,7/30/2026 0:53,14.79,9.95,8.56,14.74,30855.7,39333,24.43,20056.18,,,,
4000,7/30/2026 1:03,14.7,9.72,8.36,14.65,30826.8,39384.5,24.46,20037.43,,,,
4001,7/30/2026 1:13,14.66,9.55,8.21,14.61,30876.3,39489,24.52,20069.62,,,,
4002,7/30/2026 1:23,14.67,9.26,7.97,14.61,30736.7,39310.4,24.4,19978.88,,,,
4003,7/30/2026 1:33,14.68,9.55,8.21,14.59,30946.5,39604.2,24.6,20115.21,,,,
4004,7/30/2026 1:43,14.85,10.63,9.14,14.84,31035,39454.1,24.52,20172.72,,,,
4005,7/30/2026 1:53,15.09,10.89,9.37,15.04,31149.4,39382.8,24.49,20247.1,,,,
4006,7/30/2026 2:03,15.36,10.8,9.29,15.38,31494.7,39468.9,24.58,20471.56,,,,
4007,7/30/2026 2:13,15.85,10.46,9.02,15.93,31655.9,39099.9,24.38,20576.34,,,,
4008,7/30/2026 2:23,16.44,9.99,8.64,16.54,31744.5,38600.8,24.08,20633.91,,,,
4009,7/30/2026 2:33,17.17,9.43,8.16,17.25,31968.5,38182.7,23.85,20779.55,,,,
4010,7/30/2026 2:43,17.68,9.06,7.86,17.73,32207.8,38006.4,23.76,20935.07,,,,
4011,7/30/2026 2:53,18.2,8.61,7.47,18.24,32470,37839.1,23.68,21105.52,,,,
4012,7/30/2026 3:03,18.65,8.19,7.12,18.68,32794.6,37813,23.69,21316.51,,,,
4013,7/30/2026 3:13,18.99,7.86,6.83,19.01,33042,37799,23.7,21477.3,,,,
4014,7/30/2026 3:23,19.17,7.53,6.55,19.16,33013.8,37632.3,23.59,21459,,,,
4015,7/30/2026 3:33,19.29,7.3,6.35,19.27,33018.8,37536.5,23.53,21462.24,,,,
4016,7/30/2026 3:43,19.38,7.07,6.15,19.38,32939.3,37350.7,23.41,21410.57,,,,
4017,7/30/2026 3:53,19.45,7,6.1,19.43,32878.5,37236.8,23.34,21371.01,,,,
4018,7/30/2026 4:03,19.51,6.87,5.99,19.48,32742.8,37038.6,23.2,21282.8,,,,
4019,7/30/2026 4:13,19.57,6.77,5.9,19.52,32915.3,37197,23.31,21394.93,,,,
4020,7/30/2026 4:23,19.63,6.66,5.81,19.62,32891,37077.9,23.24,21379.16,,,,
4021,7/30/2026 4:33,19.72,6.52,5.69,19.67,32794.2,36927.2,23.14,21316.24,,,,
4022,7/30/2026 4:43,19.82,6.43,5.61,19.74,32743.6,36810.7,23.06,21283.34,,,,
4023,7/30/2026 4:53,19.74,6.29,5.49,19.81,32801.5,36816.3,23.07,21320.98,,,,
4024,7/30/2026 5:03,19.81,6.11,5.33,19.69,32757.3,36864.9,23.09,21292.27,,,,
4025,7/30/2026 5:13,19.86,5.96,5.21,19.73,32371.9,36403.1,22.78,21041.77,,,,
4026,7/30/2026 5:23,19.94,5.81,5.08,19.91,32483.5,36372.6,22.76,21114.25,,,,
4027,7/30/2026 5:33,19.94,5.67,4.95,19.87,32498.2,36422.2,22.8,21123.84,,,,
4028,7/30/2026 5:43,19.98,5.48,4.79,19.93,32470.2,36337.5,22.74,21105.65,,,,
4029,7/30/2026 5:53,19.99,5.38,4.71,19.93,32239.5,36084.2,22.57,20955.64,,,,
4030,7/30/2026 6:03,20,5.23,4.58,19.97,32197.8,35997.4,22.51,20928.6,,,,
4031,7/30/2026 6:13,20,4.99,4.37,19.96,32126.7,35927.9,22.46,20882.38,,,,
4032,7/30/2026 6:23,19.99,4.86,4.26,19.94,31777,35556.7,22.2,20655.07,,,,
4033,7/30/2026 6:33,20,4.75,4.16,19.95,32236.3,36058,22.55,20953.59,,,,
4034,7/30/2026 6:43,20.01,4.54,3.98,19.96,31951.5,35737,22.33,20768.5,,,,
4035,7/30/2026 6:53,20.01,4.25,3.72,19.98,32063,35844.1,22.4,20840.96,,,,
4036,7/30/2026 7:03,20.01,4.14,3.63,19.99,32007.6,35767.2,22.35,20804.96,,,,
4037,7/30/2026 7:13,20.07,4.33,3.8,20.04,31922.2,35636.9,22.26,20749.43,,,,
4038,7/30/2026 7:23,20.11,4.16,3.64,20.08,32103,35798.8,22.38,20866.95,,,,
4039,7/30/2026 7:33,20.13,3.89,3.41,20.03,32032.3,35764.8,22.35,20820.97,,,,
4040,7/30/2026 7:43,20.12,3.1,2.72,20.06,31591.2,35247.7,22,20534.27,,,,
4041,7/30/2026 7:53,20.02,2.74,2.41,19.99,31790.3,35531.8,22.19,20663.71,,,,
4042,7/30/2026 8:03,20.08,2.59,2.27,20.05,31917.9,35619.7,22.25,20746.66,,,,
4043,7/30/2026 8:13,20.14,2.67,2.34,20.1,31942.6,35602.6,22.24,20762.71,,,,
4044,7/30/2026 8:23,20.18,2.91,2.54,20.12,33264.6,37063.1,23.25,21621.96,,,,
4045,7/30/2026 8:33,20.15,3.38,2.94,20.11,33467.2,37299.2,23.42,21753.66,,,,
4046,7/30/2026 8:43,20.15,3.89,3.39,20.11,33252.4,37057.2,23.25,21614.03,,,,
4047,7/30/2026 8:53,20.22,5,4.35,20.2,33601.5,37368.2,23.47,21840.98,,,,
4048,7/30/2026 9:03,20.35,5.26,4.58,20.32,33665.8,37338.5,23.46,21882.8,,,,
4049,7/30/2026 9:13,20.32,5.96,5.19,20.28,33694.8,37401.8,23.5,21901.63,,,,
4050,7/30/2026 9:23,20.36,5.39,4.7,20.31,33733.7,37419,23.51,21926.89,,,,
4051,7/30/2026 9:33,20.26,5.6,4.88,20.2,33628.5,37400.9,23.49,21858.54,,,,
4052,7/30/2026 9:43,20.08,5.76,5.02,19.99,33233.2,37144.5,23.3,21601.56,,,,
4053,7/30/2026 9:53,19.96,5.96,5.2,19.9,33008.1,36965.3,23.17,21455.29,,,,
4054,7/30/2026 10:03,19.98,6.86,5.97,19.93,33310.8,37278.1,23.39,21652.03,,,,
4055,7/30/2026 10:13,19.99,7,6.1,19.95,33246.4,37187.9,23.33,21610.17,,,,
4056,7/30/2026 10:23,19.94,7.13,6.21,19.86,33504.7,37555.5,23.58,21778.02,,,,
4057,7/30/2026 10:33,19.78,7.11,6.19,19.72,33287.8,37438.3,23.49,21637.08,,,,
4058,7/30/2026 10:43,19.72,6.79,5.9,19.67,33431.9,37647.9,23.63,21730.73,,,,
4059,7/30/2026 10:53,19.68,6.44,5.6,19.62,33271.8,37507.1,23.53,21626.64,,,,
4060,7/30/2026 11:03,19.59,6.36,5.54,19.51,33213.1,37541.5,23.55,21588.54,,,,
4061,7/30/2026 11:13,19.28,6.13,5.33,19.14,33153.9,37808.2,23.71,21550.05,,,,
4062,7/30/2026 11:23,19.09,6.74,5.85,19.02,33160.4,37920.8,23.79,21554.24,,,,
4063,7/30/2026 11:33,19.06,6.81,5.91,19,33229.4,38021.5,23.85,21599.1,,,,
4064,7/30/2026 11:43,19.05,7.14,6.2,18.99,33151.6,37943.3,23.8,21548.53,,,,
4065,7/30/2026 11:53,18.96,7.11,6.18,18.88,32913,37764.6,23.67,21393.43,,,,
4066,7/30/2026 12:03,18.72,6.41,5.58,18.64,32373.2,37367.5,23.38,21042.6,,,,
4067,7/30/2026 12:13,18.46,7.37,6.41,18.38,32286.7,37497.3,23.45,20986.36,,,,
4068,7/30/2026 12:23,18.19,7.34,6.37,18.11,32444,37933,23.74,21088.62,,,,
4069,7/30/2026 12:33,17.94,7.4,6.43,17.85,31769.1,37381.2,23.34,20649.88,,,,
4070,7/30/2026 12:43,17.67,7.28,6.31,17.61,32294,38229.3,23.91,20991.12,,,,
4071,7/30/2026 12:53,17.47,7.91,6.86,17.4,31859.3,37905.2,23.67,20708.53,,,,
4072,7/30/2026 13:03,17.2,7.89,6.83,17.15,32013.7,38328.2,23.94,20808.91,,,,
4073,7/30/2026 13:13,17.08,7.6,6.58,17.03,31966.2,38394.8,23.98,20778.03,,,,
4074,7/30/2026 13:23,17.07,7.43,6.44,17,31812.9,38236.5,23.87,20678.4,,,,
4075,7/30/2026 13:33,17.1,7.77,6.73,16.99,31677.8,38088.4,23.76,20590.59,,,,
4076,7/30/2026 13:43,17.16,7.72,6.69,17.08,31700.9,38024.8,23.73,20605.6,,,,
4077,7/30/2026 13:53,17.07,8.06,6.98,16.92,31633.7,38098.4,23.77,20561.93,,,,
4078,7/30/2026 14:03,17.1,8.24,7.14,17.18,31750.7,37984.9,23.71,20637.95,,,,
4079,7/30/2026 14:13,17.5,8.36,7.24,17.55,32153,38115.9,23.82,20899.47,,,,
4080,7/30/2026 14:23,17.97,8.8,7.63,18.01,32416.6,37989.7,23.77,21070.79,,,,
4081,7/30/2026 14:33,18.38,8.73,7.58,18.41,32595.4,37831.1,23.69,21186.99,,,,
4082,7/30/2026 14:43,18.77,8.2,7.13,18.83,32644.5,37499.6,23.48,21218.92,,,,
4083,7/30/2026 14:53,19.05,7.63,6.64,19.01,32598.5,37289,23.35,21189.04,,,,
4084,7/30/2026 15:03,19.14,7.62,6.62,19.1,33013.9,37680.7,23.62,21459.03,,,,
4085,7/30/2026 15:13,19.32,7.84,6.82,19.37,33098.4,37539,23.54,21513.95,,,,
4086,7/30/2026 15:23,19.57,8.09,7.05,19.59,33076,37315.4,23.4,21499.4,,,,
4087,7/30/2026 15:33,19.86,7.92,6.9,19.89,33256.1,37250.7,23.37,21616.44,,,,
4088,7/30/2026 15:43,20.09,8.02,6.98,20.09,33572.9,37430.1,23.51,21822.37,,,,
4089,7/30/2026 15:53,20.31,8.02,6.99,20.32,33635.7,37299.9,23.43,21863.18,,,,
4090,7/30/2026 16:03,20.47,8.14,7.09,20.49,33771.9,37308.7,23.44,21951.72,,,,
4091,7/30/2026 16:13,20.71,8.05,7.02,20.75,33844.6,37163,23.36,21998.99,,,,
4092,7/30/2026 16:23,20.95,7.93,6.93,20.96,33783.6,36916,23.19,21959.37,,,,
4093,7/30/2026 16:33,21.12,8.32,7.26,21.12,33923.6,36932.4,23.21,22050.32,,,,
4094,7/30/2026 16:43,21.29,8.23,7.19,21.28,34032,36914.5,23.21,22120.77,,,,
4095,7/30/2026 16:53,21.44,8.2,7.16,21.46,34267,37016,23.29,22273.56,,,,
4096,7/30/2026 17:03,21.55,8.27,7.23,21.55,34275.8,36955.5,23.25,22279.29,,,,
4097,7/30/2026 17:13,21.65,8.26,7.22,21.64,34063.3,36652,23.04,22141.13,,,,
4098,7/30/2026 17:23,21.76,8.14,7.12,21.74,33933.6,36424,22.89,22056.83,,,,
4099,7/30/2026 17:33,21.85,7.99,6.98,21.82,34214.6,36663.8,23.06,22239.47,,,,
4100,7/30/2026 17:43,21.89,7.88,6.9,21.85,34032.3,36439.2,22.9,22121,,,,
4101,7/30/2026 17:53,21.95,7.72,6.75,21.92,34195.6,36562.4,22.99,22227.14,,,,
4102,7/30/2026 18:03,21.96,7.09,6.2,21.93,34256.7,36617.9,23.03,22266.88,,,,
4103,7/30/2026 18:13,21.96,6.94,6.08,21.93,34074.8,36421.1,22.89,22148.64,,,,
4104,7/30/2026 18:23,21.97,6.83,5.98,21.94,34083.7,36425.7,22.9,22154.41,,,,
4105,7/30/2026 18:33,21.95,6.37,5.58,21.9,33976.2,36340,22.84,22084.55,,,,
4106,7/30/2026 18:43,21.94,6.1,5.35,21.91,33657,35996.2,22.6,21877.06,,,,
4107,7/30/2026 18:53,21.92,6.45,5.65,21.88,33702.8,36069.3,22.65,21906.79,,,,
4108,7/30/2026 19:03,21.89,6.08,5.34,21.84,33387.9,35758.8,22.43,21702.12,,,,
4109,7/30/2026 19:13,21.86,5.52,4.84,21.81,33318.3,35713,22.4,21656.88,,,,
4110,7/30/2026 19:23,21.81,5.01,4.4,21.75,33194.5,35625.9,22.33,21576.45,,,,
4111,7/30/2026 19:33,21.79,3.09,2.71,21.75,33185.1,35615.8,22.33,21570.33,,,,
4112,7/30/2026 19:43,21.79,2.46,2.16,21.75,33198.3,35629.9,22.34,21578.88,,,,
4113,7/30/2026 19:53,21.79,3.95,3.47,21.76,33061.1,35477.8,22.23,21489.69,,,,
4114,7/30/2026 20:03,21.73,4.1,3.6,21.69,33136.6,35611.6,22.32,21538.79,,,,
4115,7/30/2026 20:13,21.74,4.52,3.97,21.7,33028,35487.8,22.24,21468.22,,,,
4116,7/30/2026 20:23,21.75,5.52,4.85,21.72,32981.1,35423,22.19,21437.74,,,,
4117,7/30/2026 20:33,21.77,5.24,4.6,21.72,33107.2,35556.1,22.29,21519.71,,,,
4118,7/30/2026 20:43,21.68,4.99,4.39,21.61,32834.9,35349.3,22.14,21342.68,,,,
4119,7/30/2026 20:53,21.37,6.42,5.63,21.3,32751.3,35513.4,22.24,21288.37,,,,
4120,7/30/2026 21:03,21.29,5.46,4.8,21.23,32835.8,35655.8,22.33,21343.24,,,,
4121,7/30/2026 21:13,21.18,6.86,6.02,21.13,32689.9,35579.6,22.28,21248.44,,,,
4122,7/30/2026 21:23,21.19,7.13,6.26,21.15,32736,35612.9,22.3,21278.43,,,,
4123,7/30/2026 21:33,21.21,7.24,6.36,21.15,32481.7,35336.2,22.11,21113.11,,,,
4124,7/30/2026 21:43,21.12,7.3,6.41,21.04,32577.9,35530.4,22.24,21175.65,,,,
4125,7/30/2026 21:53,21.02,7.43,6.52,20.96,32621,35645.5,22.31,21203.62,,,,
4126,7/30/2026 22:03,20.92,7.56,6.64,20.84,32525.8,35639,22.3,21141.78,,,,
4127,7/30/2026 22:13,20.5,7.96,6.98,20.4,32069.5,35501.6,22.19,20845.16,,,,
4128,7/30/2026 22:23,20.31,8.06,7.07,20.25,31896.3,35430,22.13,20732.58,,,,
4129,7/30/2026 22:33,20.19,8.21,7.2,20.11,31926.9,35580.2,22.23,20752.51,,,,
4130,7/30/2026 22:43,20.06,8.18,7.18,19.99,31902,35649.2,22.27,20736.29,,,,
4131,7/30/2026 22:53,19.88,8.33,7.3,19.81,31952.7,35863.6,22.41,20769.22,,,,
4132,7/30/2026 23:03,19.73,8.39,7.35,19.65,31795.9,35823.3,22.37,20667.36,,,,
4133,7/30/2026 23:13,19.62,8.33,7.3,19.58,31609.8,35668.8,22.26,20546.4,,,,
4134,7/30/2026 23:23,19.64,8.11,7.09,19.59,32059.7,36168.8,22.61,20838.8,,,,
4135,7/30/2026 23:33,19.41,7.77,6.79,19.34,31820.2,36109.7,22.55,20683.11,,,,
4136,7/30/2026 23:43,19.15,7.61,6.66,19.03,31724.1,36275.8,22.65,20620.67,,,,
4137,7/30/2026 23:53,18.76,7.65,6.69,18.66,31333.7,36144.1,22.54,20366.9,,,,
4138,7/31/2026 0:03,18.51,8.06,7.03,18.42,31472.2,36522.2,22.78,20456.96,,,,
4139,7/31/2026 0:13,18.17,8.48,7.4,18.03,31172.8,36516,22.75,20262.32,,,,
4140,7/31/2026 0:23,17.79,8.37,7.3,17.68,31057.1,36697.2,22.86,20187.14,,,,
4141,7/31/2026 0:33,17.4,8.57,7.48,17.3,30582,36483.1,22.68,19878.3,,,,
4142,7/31/2026 0:43,17.23,8.57,7.47,17.15,30551.7,36586,22.74,19858.63,,,,
4143,7/31/2026 0:53,17.11,8.57,7.46,17.03,30788.7,36975,23,20012.68,,,,
4144,7/31/2026 1:03,17.02,8.02,6.98,16.95,30723.5,36977.1,23,19970.26,,,,
4145,7/31/2026 1:13,16.93,8.16,7.1,16.87,30911.7,37279.3,23.2,20092.6,,,,
4146,7/31/2026 1:23,16.9,7.97,6.94,16.83,30525.5,36844.1,22.9,19841.59,,,,
4147,7/31/2026 1:33,16.82,7.9,6.89,16.77,30418.9,36770.9,22.84,19772.26,,,,
4148,7/31/2026 1:43,16.8,8.29,7.22,16.75,30442.1,36821.2,22.88,19787.35,,,,
4149,7/31/2026 1:53,16.8,7.51,6.54,16.74,30450.8,36840.1,22.89,19793.04,,,,
4150,7/31/2026 2:03,16.82,9.02,7.85,16.77,30562,36949.5,22.97,19865.3,,,,
4151,7/31/2026 2:13,16.87,9.46,8.24,16.82,30563.3,36903.7,22.94,19866.15,,,,
4152,7/31/2026 2:23,16.92,9.86,8.58,16.9,30639.7,36920.7,22.96,19915.81,,,,
4153,7/31/2026 2:33,17.22,9.57,8.34,17.3,30970.8,36946.9,23,20131.02,,,,
4154,7/31/2026 2:43,17.53,9.34,8.13,17.53,31166.2,36967.9,23.03,20258.03,,,,
4155,7/31/2026 2:53,17.84,8.99,7.84,17.93,31382.5,36858.7,22.98,20398.62,,,,
4156,7/31/2026 3:03,18.17,8.7,7.6,18.18,31164.1,36372.8,22.67,20256.66,,,,
4157,7/31/2026 3:13,18.43,8.46,7.39,18.39,31215.6,36248,22.59,20290.13,,,,
4158,7/31/2026 3:23,18.65,8.27,7.23,18.62,31427,36291,22.64,20427.56,,,,
4159,7/31/2026 3:33,18.9,7.99,6.98,18.89,31661.6,36318.4,22.67,20580.06,,,,
4160,7/31/2026 3:43,19.21,7.64,6.68,19.2,31960.2,36389.8,22.74,20774.12,,,,
4161,7/31/2026 3:53,19.34,7.22,6.31,19.3,31845.8,36179.9,22.6,20699.78,,,,
4162,7/31/2026 4:03,19.43,7.01,6.12,19.41,32335.2,36631.9,22.92,21017.88,,,,
4163,7/31/2026 4:13,19.52,7.01,6.13,19.49,32017.6,36210.6,22.63,20811.42,,,,
4164,7/31/2026 4:23,19.59,6.82,5.95,19.56,32518.4,36709.6,22.98,21136.97,,,,
4165,7/31/2026 4:33,19.64,6.58,5.74,19.6,32571.7,36738.7,23,21171.6,,,,
4166,7/31/2026 4:43,19.74,6.59,5.76,19.72,32610.8,36674.2,22.96,21196.99,,,,
4167,7/31/2026 4:53,19.84,6.31,5.52,19.82,32433.7,36390.7,22.77,21081.92,,,,
4168,7/31/2026 5:03,19.91,6.27,5.48,19.89,32574.8,36492.8,22.85,21173.65,,,,
4169,7/31/2026 5:13,20,6.1,5.33,19.95,32626,36496.4,22.85,21206.89,,,,
4170,7/31/2026 5:23,20.07,5.75,5.03,20.05,32431.2,36192.5,22.65,21080.27,,,,
4171,7/31/2026 5:33,20.14,5.67,4.97,20.11,32274.7,35965.2,22.49,20978.58,,,,
4172,7/31/2026 5:43,20.18,5.5,4.81,20.19,32503.8,36157.5,22.63,21127.45,,,,
4173,7/31/2026 5:53,20.26,5.3,4.64,20.24,32363.6,35961.5,22.5,21036.32,,,,
4174,7/31/2026 6:03,20.32,5.1,4.47,20.3,32475.6,36035.9,22.55,21109.13,,,,
4175,7/31/2026 6:13,20.38,5.14,4.5,20.35,32436.4,35945.1,22.49,21083.67,,,,
4176,7/31/2026 6:23,20.42,4.8,4.21,20.37,32460.1,35958.9,22.5,21099.06,,,,
4177,7/31/2026 6:33,20.43,4.45,3.9,20.39,32278.2,35740,22.35,20980.82,,,,
4178,7/31/2026 6:43,20.44,4.66,4.08,20.4,32459.6,35928.4,22.48,21098.73,,,,
4179,7/31/2026 6:53,20.46,4.51,3.96,20.41,32028,35445.9,22.15,20818.23,,,,
4180,7/31/2026 7:03,20.49,4.33,3.8,20.44,31976.1,35366.3,22.1,20784.45,,,,
4181,7/31/2026 7:13,20.51,4.32,3.8,20.48,31729.3,35059.4,21.89,20624.03,,,,
4182,7/31/2026 7:23,20.55,4.22,3.71,20.5,32272,35636.9,22.29,20976.79,,,,
4183,7/31/2026 7:33,20.57,4.15,3.65,20.52,32048.8,35375.8,22.11,20831.75,,,,
4184,7/31/2026 7:43,20.58,3.94,3.47,20.54,31619.7,34885.3,21.77,20552.82,,,,
4185,7/31/2026 7:53,20.61,3.42,3.01,20.58,31753.1,35001.1,21.85,20639.5,,,,
4186,7/31/2026 8:03,20.65,3.35,2.95,20.62,31669.8,34875.6,21.77,20585.36,,,,
4187,7/31/2026 8:13,20.73,2.98,2.63,20.7,31450.4,34572.1,21.56,20442.75,,,,
4188,7/31/2026 8:23,20.79,2.51,2.21,20.72,31774.9,34912,21.8,20653.71,,,,
4189,7/31/2026 8:33,20.8,2.5,2.2,20.76,31706.1,34802.8,21.72,20608.93,,,,
4190,7/31/2026 8:43,20.79,2.09,1.84,20.74,31642.7,34747.6,21.69,20567.78,,,,
4191,7/31/2026 8:53,20.78,2.12,1.86,20.73,31976,35125.6,21.94,20784.37,,,,
4192,7/31/2026 9:03,20.78,2.26,1.99,20.75,31205.9,34260.8,21.35,20283.82,,,,
4193,7/31/2026 9:13,20.75,2.99,2.64,20.7,31120,34211.2,21.31,20227.98,,,,
4194,7/31/2026 9:23,20.72,3.4,2.99,20.68,31536,34685.2,21.64,20498.37,,,,
4195,7/31/2026 9:33,20.81,4.52,3.97,20.79,32075.2,35186.3,21.99,20848.87,,,,
4196,7/31/2026 9:43,20.83,4.95,4.35,20.78,32002.6,35116.3,21.94,20801.69,,,,
4197,7/31/2026 9:53,20.79,4.99,4.38,20.72,32269.3,35460,22.17,20975.02,,,,
4198,7/31/2026 10:03,20.76,5.15,4.52,20.72,32194.8,35370.9,22.11,20926.63,,,,
4199,7/31/2026 10:13,20.74,5.11,4.48,20.72,32389.6,35592.2,22.27,21053.23,,,,
4200,7/31/2026 10:23,20.76,5.37,4.71,20.7,32532.1,35761.1,22.38,21145.83,,,,
4201,7/31/2026 10:33,20.71,5.48,4.8,20.65,32583.2,35856.7,22.45,21179.05,,,,
4202,7/31/2026 10:43,20.66,5.56,4.88,20.6,32518,35824.4,22.42,21136.68,,,,
4203,7/31/2026 10:53,20.5,5.88,5.17,20.38,31821.5,35236.8,22.01,20683.98,,,,
4204,7/31/2026 11:03,20.31,6.13,5.38,20.23,32109.4,35684.1,22.31,20871.13,,,,
4205,7/31/2026 11:13,20.14,6.23,5.49,20.06,31109.2,34707.5,21.63,20220.99,,,,
4206,7/31/2026 11:23,20.02,6.32,5.54,19.94,32041.3,35847.5,22.4,20826.88,,,,
4207,7/31/2026 11:33,19.75,6.47,5.7,19.66,30793.9,34682.1,21.59,20016.04,,,,
4208,7/31/2026 11:43,19.62,6.81,5.95,19.56,32137.2,36281.9,22.68,20889.19,,,,
4209,7/31/2026 11:53,19.58,6.65,5.82,19.52,31770.4,35903.2,22.42,20650.77,,,,
4210,7/31/2026 12:03,19.55,6.78,5.95,19.48,31415.3,35534.5,22.16,20419.96,,,,
4211,7/31/2026 12:13,19.53,6.82,5.99,19.48,31205.1,35296.7,22,20283.33,,,,
4212,7/31/2026 12:23,19.54,6.18,5.42,19.5,31671.4,35803.9,22.35,20586.39,,,,
4213,7/31/2026 12:33,19.53,6.32,5.54,19.48,31287.1,35389.5,22.06,20336.64,,,,
4214,7/31/2026 12:43,19.45,5.95,5.18,19.37,33054.8,37489.6,23.51,21485.64,,,,
4215,7/31/2026 12:53,19.34,5.92,5.11,19.27,34604.8,39342.2,24.79,22493.1,,,,
4216,7/31/2026 13:03,19.18,5.97,5.11,19.09,36226.3,41356,26.19,23547.07,,,,
4217,7/31/2026 13:13,18.94,6.56,5.64,18.85,35251,40479.2,25.56,22913.17,,,,
4218,7/31/2026 13:23,18.72,7.42,6.37,18.66,35290.3,40714.1,25.71,22938.72,,,,
4219,7/31/2026 13:33,18.61,7.4,6.35,18.56,35106.6,40592.8,25.62,22819.29,,,,
4220,7/31/2026 13:43,18.43,7.7,6.6,18.37,35178,40873,25.8,22865.71,,,,
4221,7/31/2026 13:53,18.38,7.9,6.77,18.31,35153.4,40897.7,25.81,22849.68,,,,
4222,7/31/2026 14:03,18.3,7.84,6.72,18.13,35056.7,40966.8,25.85,22786.88,,,,
4223,7/31/2026 14:13,18.24,8.18,7.02,18.15,34969.5,40844.1,25.76,22730.21,,,,
4224,7/31/2026 14:23,18.27,8.72,7.49,18.21,34796.3,40582.5,25.58,22617.58,,,,
4225,7/31/2026 14:33,18.44,8.73,7.48,18.42,35099,40722.1,25.7,22814.37,,,,
4226,7/31/2026 14:43,18.7,8.92,7.67,18.72,34987.6,40306.7,25.43,22741.92,,,,
4227,7/31/2026 14:53,19.04,8.54,7.35,19.13,34922.8,39836.8,25.13,22699.83,,,,
4228,7/31/2026 15:03,19.27,8.63,7.44,19.27,35040.1,39837.2,25.13,22776.08,,,,
4229,7/31/2026 15:13,19.48,8.32,7.17,19.51,35267.3,39866.2,25.17,22923.73,,,,
4230,7/31/2026 15:23,19.81,8.27,7.14,19.82,35304.6,39614.6,25.01,22948,,,,
4231,7/31/2026 15:33,20.02,8.22,7.09,20.02,35562.2,39717.1,25.1,23115.41,,,,
4232,7/31/2026 15:43,20.06,8.23,7.11,20.05,35367.4,39474.8,24.93,22988.84,,,,
4233,7/31/2026 15:53,20.17,8.36,7.22,20.14,35327.6,39342.5,24.84,22962.91,,,,
4234,7/31/2026 16:03,20.32,8.32,7.18,20.33,35833.8,39732,25.12,23291.97,,,,
4235,7/31/2026 16:13,20.5,8.51,7.33,20.53,36212.5,39966.2,25.3,23538.13,,,,
4236,7/31/2026 16:23,20.71,8.56,7.4,20.68,35788.8,39362.7,24.89,23262.71,,,,
4237,7/31/2026 16:33,20.81,8.51,7.36,20.82,35643.4,39073.7,24.69,23168.18,,,,
4238,7/31/2026 16:43,21.04,8.52,7.39,21.08,35302.4,38470.3,24.28,22946.56,,,,
4239,7/31/2026 16:53,21.29,8.52,7.39,21.27,35560.4,38580.3,24.37,23114.27,,,,
4240,7/31/2026 17:03,21.48,8.49,7.36,21.5,35813.9,38655.5,24.43,23279,,,,
4241,7/31/2026 17:13,21.69,8.26,7.17,21.71,35822.7,38482.8,24.32,23284.73,,,,
4242,7/31/2026 17:23,21.9,8.29,7.2,21.87,35894.5,38417.6,24.28,23331.43,,,,
4243,7/31/2026 17:33,22.11,8.34,7.26,22.09,35715.8,38037.2,24.03,23215.25,,,,
4244,7/31/2026 17:43,22.27,8.22,7.15,22.28,35891.2,38063.6,24.05,23329.28,,,,
4245,7/31/2026 17:53,22.42,7.81,6.79,22.42,36154.9,38226.1,24.17,23500.69,,,,
4246,7/31/2026 18:03,22.55,7.84,6.83,22.56,36013.1,37955.1,23.99,23408.53,,,,
4247,7/31/2026 18:13,22.67,7.86,6.85,22.68,35922.8,37759.8,23.86,23349.82,,,,
4248,7/31/2026 18:23,22.77,7.52,6.56,22.77,35881.8,37642,23.78,23323.2,,,,
4249,7/31/2026 18:33,22.88,7.52,6.55,22.85,35922.5,37620.1,23.77,23349.63,,,,
4250,7/31/2026 18:43,22.93,7.36,6.42,22.91,35922.2,37575.2,23.74,23349.41,,,,
4251,7/31/2026 18:53,22.95,7.11,6.2,22.91,35803.6,37446.2,23.65,23272.35,,,,
4252,7/31/2026 19:03,22.91,6.92,6.03,22.88,36145.2,37825.9,23.91,23494.37,,,,
4253,7/31/2026 19:13,22.82,6.74,5.88,22.77,35819.6,37581.7,23.74,23282.72,,,,
4254,7/31/2026 19:23,22.75,6.35,5.54,22.71,35366.5,37155.4,23.44,22988.23,,,,
4255,7/31/2026 19:33,22.73,5.68,4.97,22.7,35343.4,37140.9,23.43,22973.21,,,,
4256,7/31/2026 19:43,22.7,4.87,4.25,22.65,35296.8,37128.8,23.42,22942.93,,,,
4257,7/31/2026 19:53,22.67,4.46,3.89,22.63,35267.1,37114.7,23.41,22923.58,,,,
4258,7/31/2026 20:03,22.64,4.68,4.09,22.59,35472.6,37363.2,23.58,23057.21,,,,
4259,7/31/2026 20:13,22.6,4.51,3.94,22.57,35334.6,37235,23.49,22967.48,,,,
4260,7/31/2026 20:23,22.58,5.31,4.64,22.55,34995.8,36892.7,23.25,22747.26,,,,
4261,7/31/2026 20:33,22.58,4.53,3.96,22.55,35036.7,36940.7,23.28,22773.86,,,,
4262,7/31/2026 20:43,22.56,5.34,4.67,22.53,34922.9,36830.4,23.2,22699.86,,,,
4263,7/31/2026 20:53,22.54,5.42,4.74,22.51,34981.9,36912.3,23.26,22738.22,,,,
4264,7/31/2026 21:03,22.54,5.75,5.03,22.51,34890.8,36813.7,23.19,22679,,,,
4265,7/31/2026 21:13,22.52,5.79,5.06,22.48,35072.3,37032.2,23.34,22796.98,,,,
4266,7/31/2026 21:23,22.15,6.65,5.81,22.02,34876.9,37203.5,23.44,22669.98,,,,
4267,7/31/2026 21:33,21.91,7.49,6.54,21.85,34537.3,36982.3,23.28,22449.25,,,,
4268,7/31/2026 21:43,21.79,7.47,6.52,21.74,34509.7,37044.9,23.32,22431.32,,,,
4269,7/31/2026 21:53,21.73,7.64,6.67,21.68,34482.8,37065.9,23.33,22413.84,,,,
4270,7/31/2026 22:03,21.71,7.76,6.77,21.68,34643,37240.6,23.45,22517.97,,,,
4271,7/31/2026 22:13,21.77,7.65,6.67,21.73,34679.6,37239.7,23.45,22541.72,,,,
4272,7/31/2026 22:23,21.75,7.72,6.74,21.71,34609.8,37174.8,23.41,22496.37,,,,
4273,7/31/2026 22:33,21.72,7.91,6.89,21.67,34770.6,37382.8,23.55,22600.92,,,,
4274,7/31/2026 22:43,21.64,7.88,6.88,21.56,34597.1,37291.8,23.48,22488.1,,,,
4275,7/31/2026 22:53,21.29,8.17,7.12,21.19,34445.3,37439.2,23.57,22389.47,,,,
4276,7/31/2026 23:03,21.06,8.38,7.31,20.98,34222.8,37375.4,23.51,22244.81,,,,
4277,7/31/2026 23:13,20.87,8.54,7.44,20.79,34094.3,37398.7,23.52,22161.32,,,,
4278,7/31/2026 23:23,20.71,8.57,7.47,20.66,33908.5,37312.7,23.45,22040.55,,,,
4279,7/31/2026 23:33,20.55,8.5,7.41,20.49,33878.2,37418.3,23.52,22020.8,,,,
4280,7/31/2026 23:43,20.49,8.19,7.13,20.42,33867,37470.7,23.55,22013.53,,,,
4281,7/31/2026 23:53,20.38,8.16,7.11,20.33,33870.9,37550.3,23.6,22016.07,,,,
4282,8/1/2026 0:03,20.41,8.2,7.14,20.36,33806.7,37453.2,23.54,21974.34,,,,
4283,8/1/2026 0:13,20.32,8.28,7.21,20.27,33715.2,37432.2,23.52,21914.86,,,,
4284,8/1/2026 0:23,20.12,8.36,7.28,20.05,33579.1,37478.8,23.54,21826.42,,,,
4285,8/1/2026 0:33,19.94,8.03,6.98,19.89,33585,37624.4,23.63,21830.22,,,,
4286,8/1/2026 0:43,19.71,7.73,6.72,19.64,33288.8,37507.9,23.54,21637.73,,,,
4287,8/1/2026 0:53,19.49,7.98,6.94,19.44,33107.2,37488,23.51,21519.7,,,,
4288,8/1/2026 1:03,19.08,7.99,6.95,19.01,32841.1,37569.2,23.54,21346.71,,,,
4289,8/1/2026 1:13,18.7,8.15,7.08,18.62,32608.2,37655,23.58,21195.35,,,,
4290,8/1/2026 1:23,18.4,8.73,7.58,18.34,32413.8,37680.4,23.58,21068.96,,,,
4291,8/1/2026 1:33,18.23,8.78,7.62,18.19,32434.7,37847.5,23.68,21082.54,,,,
4292,8/1/2026 1:43,18.07,8.77,7.61,18.02,32319.3,37867.3,23.69,21007.54,,,,
4293,8/1/2026 1:53,17.98,9.35,8.12,17.93,32192.6,37804.6,23.64,20925.17,,,,
4294,8/1/2026 2:03,17.95,8.68,7.54,17.9,32137.7,37767.8,23.61,20889.47,,,,
4295,8/1/2026 2:13,17.91,8.11,7.04,17.87,32052.7,37701.1,23.56,20834.25,,,,
4296,8/1/2026 2:23,17.78,8.29,7.19,17.66,32097.3,37945.9,23.71,20863.26,,,,
4297,8/1/2026 2:33,17.69,9.41,8.17,17.61,31897.9,37754.7,23.58,20733.61,,,,
4298,8/1/2026 2:43,17.87,9.99,8.67,17.98,32177.3,37739.6,23.59,20915.26,,,,
4299,8/1/2026 2:53,18.62,9.61,8.36,18.72,32439.6,37363.4,23.38,21085.77,,,,
4300,8/1/2026 3:03,18.82,9.56,8.32,18.89,32623.1,37426.7,23.44,21205.04,,,,
4301,8/1/2026 3:13,19.21,9.23,8.03,19.18,32826.1,37394.4,23.43,21336.97,,,,
4302,8/1/2026 3:23,19.28,9.05,7.88,19.23,32763.7,37283.6,23.36,21296.42,,,,
4303,8/1/2026 3:33,19.43,8.84,7.7,19.47,32889,37214.6,23.32,21377.87,,,,
4304,8/1/2026 3:43,19.67,8.57,7.47,19.68,33025.5,37182.4,23.31,21466.56,,,,
4305,8/1/2026 3:53,19.87,8.43,7.35,19.86,33139.2,37148.4,23.3,21540.49,,,,
4306,8/1/2026 4:03,20.03,8.13,7.09,20.01,33157.2,37041.5,23.23,21552.17,,,,
4307,8/1/2026 4:13,20.14,7.79,6.8,20.11,33145.9,36941.1,23.17,21544.8,,,,
4308,8/1/2026 4:23,20.22,7.6,6.63,20.19,33237.6,36968.7,23.19,21604.46,,,,
4309,8/1/2026 4:33,20.3,7.44,6.49,20.27,33311,36980.9,23.2,21652.16,,,,
4310,8/1/2026 4:43,20.34,7.55,6.59,20.3,33326.9,36980.5,23.21,21662.46,,,,
4311,8/1/2026 4:53,20.38,7.41,6.46,20.35,33306,36911.3,23.16,21648.92,,,,
4312,8/1/2026 5:03,20.47,7.12,6.21,20.44,33371.9,36902.5,23.16,21691.74,,,,
4313,8/1/2026 5:13,20.55,6.9,6.02,20.51,33533.9,37025.3,23.25,21797.03,,,,
4314,8/1/2026 5:23,20.6,6.62,5.77,20.56,33682.1,37145.3,23.33,21893.33,,,,
4315,8/1/2026 5:33,20.69,6.53,5.7,20.67,33589.5,36948.9,23.2,21833.16,,,,
4316,8/1/2026 5:43,20.77,6.42,5.61,20.74,33616.5,36915,23.18,21850.7,,,,
4317,8/1/2026 5:53,20.84,6.19,5.41,20.82,33373.6,36585.5,22.96,21692.81,,,,
4318,8/1/2026 6:03,20.91,6.03,5.26,20.88,33571.9,36750,23.08,21821.74,,,,
4319,8/1/2026 6:13,20.96,5.87,5.13,20.93,33705.8,36858.6,23.15,21908.75,,,,
4320,8/1/2026 6:23,21,5.73,5.01,20.99,33601.6,36689.5,23.04,21841.05,,,,
4321,8/1/2026 6:33,21.1,5.72,5,21.09,33790.1,36809.7,23.13,21963.55,,,,
4322,8/1/2026 6:43,21.16,5.54,4.85,21.13,33479.1,36443.6,22.87,21761.45,,,,
4323,8/1/2026 6:53,21.2,5.28,4.62,21.17,33723.8,36675,23.04,21920.49,,,,
4324,8/1/2026 7:03,21.24,5.23,4.58,21.2,33628.6,36544,22.95,21858.6,,,,
4325,8/1/2026 7:13,21.26,4.98,4.35,21.23,33721.2,36619.7,23,21918.77,,,,
4326,8/1/2026 7:23,21.29,4.78,4.18,21.25,33727.2,36608.8,22.99,21922.68,,,,
4327,8/1/2026 7:33,21.33,4.65,4.07,21.3,33689.3,36530.4,22.94,21898.02,,,,
4328,8/1/2026 7:43,21.38,4.53,3.96,21.34,33580,36372.4,22.83,21827,,,,
4329,8/1/2026 7:53,21.45,4.62,4.04,21.42,33611.2,36344.5,22.82,21847.26,,,,
4330,8/1/2026 8:03,21.49,4.24,3.71,21.47,33365,36036.7,22.61,21687.22,,,,
4331,8/1/2026 8:13,21.57,4.2,3.68,21.54,33519.7,36145.1,22.69,21787.81,,,,
4332,8/1/2026 8:23,21.64,3.75,3.29,21.61,33327,35883.9,22.51,21662.55,,,,
4333,8/1/2026 8:33,21.71,2.94,2.58,21.68,33337.7,35835,22.48,21669.48,,,,
4334,8/1/2026 8:43,21.81,1.82,1.6,21.79,33363.7,35776.1,22.44,21686.41,,,,
4335,8/1/2026 8:53,21.93,1.06,0.93,21.86,33345.6,35699.1,22.39,21674.67,,,,
4336,8/1/2026 9:03,21.95,1.99,1.74,21.91,33459.7,35785.1,22.45,21748.79,,,,
4337,8/1/2026 9:13,21.93,2.78,2.44,21.9,33388.5,35716.2,22.4,21702.52,,,,
4338,8/1/2026 9:23,21.93,3.07,2.69,21.89,33590,35934.2,22.55,21833.53,,,,
4339,8/1/2026 9:33,21.91,3.34,2.93,21.87,33334,35679.5,22.38,21667.13,,,,
4340,8/1/2026 9:43,21.87,4.04,3.55,21.82,33349.1,35734,22.41,21676.91,,,,
4341,8/1/2026 9:53,21.84,4.32,3.78,21.82,33558.3,35963,22.57,21812.88,,,,
4342,8/1/2026 10:03,21.84,5.51,4.83,21.8,33465.9,35876.1,22.51,21752.86,,,,
4343,8/1/2026 10:13,21.79,5.84,5.12,21.74,33533.8,35997.3,22.59,21797,,,,
4344,8/1/2026 10:23,21.71,5.9,5.17,21.67,33468.8,35983.2,22.58,21754.69,,,,
4345,8/1/2026 10:33,21.75,6.17,5.41,21.72,33464.3,35937.2,22.55,21751.82,,,,
4346,8/1/2026 10:43,21.92,6.22,5.45,21.89,33732,36091,22.66,21925.83,,,,
4347,8/1/2026 10:53,22.02,6.69,5.86,21.97,33924.5,36231.2,22.76,22050.91,,,,
4348,8/1/2026 11:03,21.93,6.66,5.84,21.86,33859.3,36246.6,22.77,22008.55,,,,
4349,8/1/2026 11:13,21.78,6.78,5.93,21.71,34016.5,36542.5,22.97,22110.73,,,,
4350,8/1/2026 11:23,21.65,6.88,6.02,21.57,33849,36480.4,22.92,22001.83,,,,
4351,8/1/2026 11:33,21.41,6.93,6.07,21.36,33584.2,36364.5,22.83,21829.7,,,,
4352,8/1/2026 11:43,21.31,7.23,6.33,21.25,33443.4,36303.2,22.78,21738.2,,,,
4353,8/1/2026 11:53,21.19,7.17,6.28,21.13,33492.9,36458.6,22.88,21770.4,,,,
4354,8/1/2026 12:03,20.99,6.98,6.11,20.91,33223.2,36340.8,22.79,21595.07,,,,
4355,8/1/2026 12:13,20.85,7.53,6.59,20.79,33183.5,36402.1,22.83,21569.28,,,,
4356,8/1/2026 12:23,20.79,7.76,6.79,20.74,33077.8,36331,22.78,21500.55,,,,
4357,8/1/2026 12:33,20.76,7.38,6.46,20.72,33037.5,36299.2,22.75,21474.35,,,,
4358,8/1/2026 12:43,20.72,7.03,6.14,20.68,33142.9,36447.6,22.86,21542.89,,,,
4359,8/1/2026 12:53,20.67,7.08,6.18,20.63,33554.8,36943.8,23.2,21810.63,,,,
4360,8/1/2026 13:03,20.71,7.06,6.16,20.67,33559.9,36913.7,23.18,21813.91,,,,
4361,8/1/2026 13:13,20.68,7.38,6.45,20.63,33382.2,36756.3,23.07,21698.43,,,,
4362,8/1/2026 13:23,20.54,7.63,6.67,20.49,33202.4,36677,23.01,21581.54,,,,
4363,8/1/2026 13:33,20.43,7.38,6.45,20.38,33025.8,36577.9,22.93,21466.74,,,,
4364,8/1/2026 13:43,20.22,7.7,6.72,20.17,33072.8,36808.4,23.08,21497.33,,,,
4365,8/1/2026 13:53,19.93,7.13,6.22,19.87,32769.8,36724,23.01,21300.34,,,,
4366,8/1/2026 14:03,19.62,8.08,7.05,19.57,32676.9,36886,23.1,21240.01,,,,
4367,8/1/2026 14:13,19.36,7.83,6.83,19.34,32451.5,36831.4,23.05,21093.45,,,,
4368,8/1/2026 14:23,19.25,6.94,6.05,19.2,32336.1,36817.8,23.03,21018.44,,,,
4369,8/1/2026 14:33,19.14,8.3,7.24,19,32359.4,37028.6,23.17,21033.58,,,,
4370,8/1/2026 14:43,19.05,9.09,7.93,19.03,32182.9,36797.7,23.01,20918.86,,,,
4371,8/1/2026 14:53,19.04,9.41,8.21,18.97,32309.7,36998.2,23.14,21001.27,,,,
4372,8/1/2026 15:03,19.27,10,8.73,19.27,32449.2,36883.7,23.08,21091.96,,,,
4373,8/1/2026 15:13,19.68,9.95,8.68,19.67,32645,36761.8,23.02,21219.23,,,,
4374,8/1/2026 15:23,19.98,9.59,8.38,20,32811.8,36663.3,22.97,21327.68,,,,
4375,8/1/2026 15:33,20.44,9.6,8.39,20.5,33082.3,36531.8,22.91,21503.5,,,,
4376,8/1/2026 15:43,20.86,9.26,8.1,20.86,33364.4,36545.3,22.93,21686.85,,,,
4377,8/1/2026 15:53,21.13,9.25,8.09,21.14,33513.2,36470.7,22.89,21783.58,,,,
4378,8/1/2026 16:03,21.25,9.08,7.94,21.25,33563.2,36433.3,22.87,21816.07,,,,
4379,8/1/2026 16:13,21.33,9.26,8.1,21.28,33704.6,36559.4,22.96,21908.01,,,,
4380,8/1/2026 16:23,21.52,9.2,8.06,21.52,33725.3,36386.5,22.85,21921.47,,,,
4381,8/1/2026 16:33,21.69,9.17,8.03,21.66,33777.2,36322.2,22.81,21955.21,,,,
4382,8/1/2026 16:43,21.88,9.26,8.11,21.86,33901.7,36294.4,22.8,22036.11,,,,
4383,8/1/2026 16:53,22.03,9.06,7.94,22.02,33997.9,36265.8,22.79,22098.63,,,,
4384,8/1/2026 17:03,22.26,9.15,8.02,22.25,34200.7,36295,22.82,22230.47,,,,
4385,8/1/2026 17:13,22.49,9.22,8.08,22.5,34287.6,36186.9,22.75,22286.94,,,,
4386,8/1/2026 17:23,22.76,9.07,7.95,22.79,34509,36185.1,22.76,22430.84,,,,
4387,8/1/2026 17:33,22.97,8.98,7.87,22.99,34654.1,36182,22.77,22525.18,,,,
4388,8/1/2026 17:43,23.21,8.9,7.81,23.27,34807.1,36123.2,22.74,22624.65,,,,
4389,8/1/2026 17:53,23.51,8.85,7.77,23.48,34895.6,36045,22.69,22682.13,,,,
4390,8/1/2026 18:03,23.71,8.72,7.65,23.73,35011.3,35967.5,22.65,22757.34,,,,
4391,8/1/2026 18:13,23.9,8.57,7.52,23.92,35183.8,36002.1,22.68,22869.46,,,,
4392,8/1/2026 18:23,24.03,8.49,7.46,24.01,35264.6,36010.2,22.69,22921.98,,,,
4393,8/1/2026 18:33,24.17,8.11,7.13,24.15,35303.8,35948,22.65,22947.44,,,,
4394,8/1/2026 18:43,24.29,8.19,7.2,24.28,35293.4,35838.1,22.57,22940.71,,,,
4395,8/1/2026 18:53,24.34,7.89,6.93,24.31,35333.1,35853.1,22.59,22966.53,,,,
4396,8/1/2026 19:03,24.4,6.92,6.09,24.36,35367.3,35846.3,22.58,22988.74,,,,
4397,8/1/2026 19:13,24.44,7.04,6.19,24.4,35333.7,35784.7,22.54,22966.93,,,,
4398,8/1/2026 19:23,24.44,6.82,5.99,24.39,35306.8,35764.2,22.53,22949.39,,,,
4399,8/1/2026 19:33,24.41,7.05,6.2,24.42,35271.1,35705.2,22.49,22926.2,,,,
4400,8/1/2026 19:43,24.43,6.92,6.09,24.37,35161.9,35631.2,22.43,22855.24,,,,
4401,8/1/2026 19:53,24.41,6.81,5.99,24.4,35214.7,35666.4,22.46,22889.54,,,,
4402,8/1/2026 20:03,24.39,6.04,5.31,24.37,35064.9,35537.5,22.37,22792.21,,,,
4403,8/1/2026 20:13,24.36,6.23,5.48,24.33,35090.5,35593.2,22.41,22808.85,,,,
4404,8/1/2026 20:23,24.35,5.75,5.06,24.32,35110.6,35622.7,22.43,22821.91,,,,
4405,8/1/2026 20:33,24.31,4.9,4.32,24.26,34753.4,35301.1,22.2,22589.69,,,,
4406,8/1/2026 20:43,24.26,4.49,3.96,24.22,34549.3,35125.5,22.08,22457.06,,,,
4407,8/1/2026 20:53,24.24,3.31,2.92,24.21,34347.9,34929.7,21.94,22326.15,,,,
4408,8/1/2026 21:03,24.22,4.64,4.09,24.19,34330.9,34925.9,21.94,22315.11,,,,
4409,8/1/2026 21:13,24.24,4.42,3.91,24.2,33542.9,34113.2,21.38,21802.86,,,,
4410,8/1/2026 21:23,24.23,4.24,3.75,24.19,33668,34247.1,21.47,21884.2,,,,
4411,8/1/2026 21:33,24.2,4.45,3.94,24.17,33523.8,34120.2,21.38,21790.48,,,,
4412,8/1/2026 21:43,24.19,5.09,4.5,24.16,33542.3,34143.4,21.39,21802.47,,,,
4413,8/1/2026 21:53,24.16,5.35,4.73,24.13,33729.1,34357.9,21.54,21923.88,,,,
4414,8/1/2026 22:03,23.86,6.4,5.66,23.74,33403.8,34309.5,21.5,21712.48,,,,
4415,8/1/2026 22:13,23.36,6.91,6.11,23.31,33183.4,34406.4,21.55,21569.18,,,,
4416,8/1/2026 22:23,23.19,6.87,6.07,23.15,33099.6,34441.1,21.57,21514.71,,,,
4417,8/1/2026 22:33,23.1,6.97,6.16,23.07,32978.3,34373.6,21.52,21435.92,,,,
4418,8/1/2026 22:43,23.06,7,6.18,23.04,32938.2,34352.1,21.5,21409.84,,,,
4419,8/1/2026 22:53,23.2,6.93,6.13,23.18,32999.9,34310.5,21.48,21449.96,,,,
4420,8/1/2026 23:03,23.23,6.8,6.01,23.21,33196.4,34492.1,21.61,21577.64,,,,
4421,8/1/2026 23:13,23.2,7.44,6.57,23.16,33156.6,34491.5,21.6,21551.8,,,,
4422,8/1/2026 23:23,23.07,7.63,6.73,23.01,33175.8,34622.6,21.69,21564.24,,,,
4423,8/1/2026 23:33,22.65,7.68,6.78,22.54,32899.3,34694,21.72,21384.52,,,,
4424,8/1/2026 23:43,22.36,7.66,6.76,22.29,32757.4,34737.9,21.74,21292.34,,,,
4425,8/1/2026 23:53,22.21,7.81,6.89,22.15,32646.1,34726.2,21.73,21219.96,,,,
4426,8/2/2026 0:03,22.07,8.05,7.09,22.01,32634.9,34823.6,21.79,21212.68,,,,
4427,8/2/2026 0:13,21.9,7.87,6.94,21.84,32533.5,34846,21.8,21146.78,,,,
4428,8/2/2026 0:23,21.79,7.8,6.87,21.74,32395,34777.1,21.75,21056.74,,,,
4429,8/2/2026 0:33,21.68,7.68,6.76,21.62,32382.9,34858,21.8,21048.88,,,,
4430,8/2/2026 0:43,21.61,7.93,6.99,21.57,32331.6,34845.1,21.79,21015.54,,,,
4431,8/2/2026 0:53,21.68,7.59,6.68,21.63,32458.7,34930.1,21.85,21098.12,,,,
4432,8/2/2026 1:03,21.6,7.05,6.21,21.56,32262.2,34777.4,21.74,20970.44,,,,
4433,8/2/2026 1:13,21.41,7.29,6.41,21.33,32261.9,34958.9,21.86,20970.2,,,,
4434,8/2/2026 1:23,21.13,7.51,6.61,21.05,32068.1,34971.9,21.85,20844.23,,,,
4435,8/2/2026 1:33,20.79,7.5,6.6,20.72,31843.7,34992.3,21.85,20698.38,,,,
4436,8/2/2026 1:43,20.39,7.13,6.27,20.31,31639.8,35093.9,21.9,20565.84,,,,
4437,8/2/2026 1:53,20.11,7.65,6.72,20.06,31409.3,35042.3,21.86,20416.05,,,,
4438,8/2/2026 2:03,19.82,6.79,5.97,19.75,31340.4,35223.3,21.96,20371.26,,,,
4439,8/2/2026 2:13,19.45,7.18,6.3,19.41,31019.3,35141.2,21.89,20162.57,,,,
4440,8/2/2026 2:23,19.45,6.98,6.13,19.41,30969.9,35092.6,21.86,20130.44,,,,
4441,8/2/2026 2:33,19.28,6.98,6.14,19.26,30455.4,34629.7,21.53,19795.99,,,,
4442,8/2/2026 2:43,19.16,6.87,6.05,19.13,30391,34667.3,21.55,19754.14,,,,
4443,8/2/2026 2:53,19.11,6.33,5.58,18.98,30088.3,34442.2,21.39,19557.41,,,,
4444,8/2/2026 3:03,18.95,7.34,6.47,18.89,29964.2,34378.7,21.34,19476.72,,,,
4445,8/2/2026 3:13,18.9,8.49,7.46,18.84,30454,34978.2,21.75,19795.08,,,,
4446,8/2/2026 3:23,19.16,9.38,8.26,19.3,30247.1,34361.2,21.35,19660.64,,,,
4447,8/2/2026 3:33,19.96,9.22,8.14,19.97,30392.4,33981.3,21.12,19755.07,,,,
4448,8/2/2026 3:43,20.48,9.12,8.05,20.51,30887.2,34103,21.23,20076.67,,,,
4449,8/2/2026 3:53,20.76,8.89,7.87,20.73,30497.8,33499.6,20.83,19823.6,,,,
4450,8/2/2026 4:03,20.91,8.7,7.69,20.9,30955.3,33874.1,21.09,20120.96,,,,
4451,8/2/2026 4:13,21.07,8.5,7.51,21.04,31221.7,34051.3,21.22,20294.12,,,,
4452,8/2/2026 4:23,21.24,8.32,7.34,21.22,31808.1,34549.2,21.57,20675.26,,,,
4453,8/2/2026 4:33,21.35,8.04,7.09,21.33,31717.6,34366.7,21.45,20616.43,,,,
4454,8/2/2026 4:43,21.45,8,7.05,21.42,31964.8,34566.5,21.59,20777.09,,,,
4455,8/2/2026 4:53,21.53,7.77,6.86,21.49,31859.6,34396.8,21.48,20708.72,,,,
4456,8/2/2026 5:03,21.58,7.45,6.57,21.57,32006.4,34492.4,21.54,20804.18,,,,
4457,8/2/2026 5:13,21.67,7.35,6.48,21.64,32105.6,34543.2,21.58,20868.65,,,,
4458,8/2/2026 5:23,21.71,7.28,6.43,21.69,31914.1,34295.5,21.41,20744.17,,,,
4459,8/2/2026 5:33,21.8,7.07,6.24,21.79,31930,34238.7,21.38,20754.49,,,,
4460,8/2/2026 5:43,21.9,6.88,6.07,21.88,32071.6,34323.7,21.44,20846.57,,,,
4461,8/2/2026 5:53,22,6.54,5.78,21.97,32101.7,34279.8,21.41,20866.08,,,,
4462,8/2/2026 6:03,22.09,6.31,5.57,22.07,32032.7,34135.3,21.32,20821.29,,,,
4463,8/2/2026 6:13,22.16,5.94,5.25,22.15,32159,34208,21.37,20903.33,,,,
4464,8/2/2026 6:23,22.28,6.06,5.36,22.28,32037.3,33981,21.22,20824.27,,,,
4465,8/2/2026 6:33,22.37,5.82,5.14,22.36,32328.4,34225.9,21.39,21013.47,,,,
4466,8/2/2026 6:43,22.45,5.61,4.96,22.43,32336.3,34179.6,21.36,21018.58,,,,
4467,8/2/2026 6:53,22.53,5.41,4.78,22.52,32287,34064.1,21.29,20986.53,,,,
4468,8/2/2026 7:03,22.59,5.48,4.85,22.58,32303.4,34029.5,21.26,20997.18,,,,
4469,8/2/2026 7:13,22.7,4.81,4.25,22.68,32414,34073.8,21.3,21069.12,,,,
4470,8/2/2026 7:23,22.75,4.78,4.23,22.73,32234.5,33849.3,21.15,20952.42,,,,
4471,8/2/2026 7:33,22.8,4.94,4.38,22.77,32224.2,33805,21.12,20945.73,,,,
4472,8/2/2026 7:43,22.85,4.84,4.28,22.82,32358,33911.8,21.19,21032.73,,,,
4473,8/2/2026 7:53,22.89,4.66,4.12,22.86,32328.8,33849.9,21.15,21013.7,,,,
4474,8/2/2026 8:03,22.94,4.27,3.78,22.92,32314.1,33787.7,21.11,21004.16,,,,
4475,8/2/2026 8:13,23,4.44,3.93,22.98,32313.1,33744.5,21.08,21003.51,,,,
4476,8/2/2026 8:23,23.07,4.14,3.67,23.06,32172.8,33542.8,20.95,20912.33,,,,
4477,8/2/2026 8:33,23.15,3.74,3.32,23.13,32319.3,33642.4,21.02,21007.52,,,,
4478,8/2/2026 8:43,23.2,3.75,3.33,23.18,32090.4,33369.2,20.83,20858.74,,,,
4479,8/2/2026 8:53,23.28,3.42,3.04,23.25,32202.5,33428.8,20.87,20931.64,,,,
4480,8/2/2026 9:03,23.36,3.81,3.38,23.33,32438.3,33616.4,21.01,21084.91,,,,
4481,8/2/2026 9:13,23.42,3.68,3.27,23.4,32222.7,33342.8,20.82,20944.77,,,,
4482,8/2/2026 9:23,23.52,1.93,1.71,23.47,32190.6,33257.5,20.76,20923.91,,,,
4483,8/2/2026 9:33,23.5,1.53,1.36,23.47,32143.6,33211.1,20.73,20893.33,,,,
4484,8/2/2026 9:43,23.48,2.59,2.3,23.45,32143.5,33226.2,20.74,20893.29,,,,
4485,8/2/2026 9:53,23.52,2.88,2.56,23.48,32127.2,33183.3,20.71,20882.66,,,,
4486,8/2/2026 10:03,23.54,2.85,2.53,23.5,32140.2,33183.7,20.71,20891.1,,,,
4487,8/2/2026 10:13,23.48,2.49,2.21,23.45,32030.4,33111.4,20.66,20819.78,,,,
4488,8/2/2026 10:23,23.44,3.26,2.89,23.39,32156.8,33281.1,20.78,20901.91,,,,
4489,8/2/2026 10:33,23.34,3.16,2.81,23.3,32204.5,33398.1,20.85,20932.9,,,,
4490,8/2/2026 10:43,23.27,5.59,4.97,23.25,31651.5,32859,20.48,20573.49,,,,
4491,8/2/2026 10:53,23.28,5.93,5.26,23.23,32039.2,33276.7,20.77,20825.51,,,,
4492,8/2/2026 11:03,23.19,6.17,5.47,23.17,32029.8,33312.7,20.79,20819.36,,,,
4493,8/2/2026 11:13,23.21,6.3,5.59,23.17,31943,33218.1,20.73,20762.96,,,,
4494,8/2/2026 11:23,23.25,6.5,5.76,23.22,32224.2,33473.2,20.9,20945.73,,,,
4495,8/2/2026 11:33,23.25,6.39,5.66,23.22,32128.9,33378.6,20.84,20883.81,,,,
4496,8/2/2026 11:43,23.14,6.55,5.81,23.08,31995.9,33338.7,20.81,20797.37,,,,
4497,8/2/2026 11:53,23,6.77,6.01,22.94,31878.1,33318.7,20.79,20720.78,,,,
4498,8/2/2026 12:03,22.77,6.98,6.18,22.69,32054.4,33686.9,21.03,20835.38,,,,
4499,8/2/2026 12:13,22.57,7.17,6.35,22.51,31943.3,33703.8,21.04,20763.14,,,,
4500,8/2/2026 12:23,22.37,6.87,6.08,22.32,31835.1,33737.3,21.05,20692.83,,,,
4501,8/2/2026 12:33,22.13,6.52,5.77,22.05,31461.9,33536,20.91,20450.22,,,,
4502,8/2/2026 12:43,21.99,6.64,5.88,21.94,31612.5,33784.7,21.07,20548.15,,,,
4503,8/2/2026 12:53,21.91,6.84,6.06,21.87,31596.3,33819.4,21.09,20537.56,,,,
4504,8/2/2026 13:03,21.88,7.1,6.28,21.83,31612.8,33866.7,21.12,20548.32,,,,
4505,8/2/2026 13:13,21.83,7.23,6.39,21.77,31540.4,33834.6,21.1,20501.27,,,,
4506,8/2/2026 13:23,21.85,6.83,6.05,21.82,31102.3,33326.6,20.75,20216.51,,,,
4507,8/2/2026 13:33,21.92,7.13,6.31,21.88,31551.3,33764.5,21.06,20508.34,,,,
4508,8/2/2026 13:43,21.88,7.66,6.78,21.84,31509.3,33751.3,21.05,20481.02,,,,
4509,8/2/2026 13:53,21.7,7.36,6.5,21.64,31584.6,33980.3,21.2,20529.99,,,,
4510,8/2/2026 14:03,21.53,6.49,5.74,21.48,31396.4,33903.6,21.14,20407.66,,,,
4511,8/2/2026 14:13,21.18,7.35,6.49,21.09,31196.6,33984.5,21.18,20277.81,,,,
4512,8/2/2026 14:23,20.71,8.02,7.09,20.65,30672,33755.8,21,19936.79,,,,
4513,8/2/2026 14:33,20.28,6.08,5.37,20.22,30756.3,34185.1,21.27,19991.6,,,,
4514,8/2/2026 14:43,19.9,4.03,3.55,19.86,30565.3,34260.8,21.31,19867.46,,,,
4515,8/2/2026 14:53,19.63,0.87,0.76,19.63,30458.3,34333.2,21.35,19797.9,,,,
4516,8/2/2026 15:03,19.54,3.26,2.87,19.51,30377,34338.2,21.34,19745.03,,,,
4517,8/2/2026 15:13,19.43,7.12,6.27,19.3,30285.8,34402.6,21.38,19685.75,,,,
4518,8/2/2026 15:23,19.49,1.96,1.73,19.4,30408.6,34459,21.42,19765.57,,,,
4519,8/2/2026 15:33,19.25,6.07,5.35,19.18,30194.3,34396.3,21.37,19626.27,,,,
4520,8/2/2026 15:43,19.74,9.05,7.98,19.99,30587.9,34180.7,21.26,19882.13,,,,
4521,8/2/2026 15:53,20.46,9.23,8.15,20.51,30891.3,34109.9,21.24,20079.34,,,,
4522,8/2/2026 16:03,20.86,9.46,8.36,20.92,31147.8,34063.7,21.22,20246.06,,,,
4523,8/2/2026 16:13,21.47,9.21,8.14,21.57,31508.3,33950.9,21.17,20480.39,,,,
4524,8/2/2026 16:23,21.84,8.8,7.77,21.87,31796.4,34035.9,21.24,20667.64,,,,
4525,8/2/2026 16:33,22.04,8.62,7.63,22.06,31492.9,33562.3,20.92,20470.4,,,,
4526,8/2/2026 16:43,22.22,8.47,7.49,22.23,31907.1,33879,21.15,20739.64,,,,
4527,8/2/2026 16:53,22.38,8.94,7.91,22.37,31985.7,33854,21.14,20790.71,,,,
4528,8/2/2026 17:03,22.55,8.77,7.77,22.55,32082.8,33824.1,21.12,20853.85,,,,
4529,8/2/2026 17:13,22.7,8.74,7.74,22.67,32195.7,33848.8,21.14,20927.19,,,,
4530,8/2/2026 17:23,22.78,8.58,7.6,22.77,32046.4,33622.9,20.99,20830.14,,,,
4531,8/2/2026 17:33,22.91,8.51,7.54,22.92,32329,33807.8,21.12,21013.86,,,,
4532,8/2/2026 17:43,23.1,8.52,7.54,23.11,32478.4,33823.6,21.14,21110.94,,,,
4533,8/2/2026 17:53,23.28,8.47,7.5,23.27,32560.8,33791.9,21.12,21164.52,,,,
4534,8/2/2026 18:03,23.45,8.65,7.66,23.48,32713.8,33791.4,21.13,21263.97,,,,
4535,8/2/2026 18:13,23.67,8.41,7.45,23.68,32790.7,33725.7,21.09,21313.95,,,,
4536,8/2/2026 18:23,23.9,8.57,7.6,23.91,32857.3,33630.2,21.03,21357.23,,,,
4537,8/2/2026 18:33,24.07,8.3,7.36,24.07,32930.3,33583.2,21.01,21404.71,,,,
4538,8/2/2026 18:43,24.19,8.39,7.44,24.16,32963.8,33552.3,20.99,21426.44,,,,
4539,8/2/2026 18:53,24.34,8.25,7.32,24.35,33145.1,33606.9,21.03,21544.29,,,,
4540,8/2/2026 19:03,24.46,8.13,7.21,24.46,33309.1,33693.1,21.09,21650.93,,,,
4541,8/2/2026 19:13,24.54,7.81,6.92,24.52,33256.9,33595.1,21.03,21617.01,,,,
4542,8/2/2026 19:23,24.61,7.37,6.53,24.6,33389,33674.6,21.08,21702.86,,,,
4543,8/2/2026 19:33,24.69,7.21,6.4,24.67,33238.5,33467.1,20.94,21605.02,,,,
4544,8/2/2026 19:43,24.71,6.84,6.07,24.67,33335.1,33564.4,21.01,21667.84,,,,
4545,8/2/2026 19:53,24.72,6.94,6.15,24.69,33301.7,33522.1,20.98,21646.09,,,,
4546,8/2/2026 20:03,24.72,7.08,6.28,24.69,33297.3,33517.7,20.98,21643.25,,,,
4547,8/2/2026 20:13,24.7,6.81,6.04,24.67,33227.2,33460,20.94,21597.69,,,,
4548,8/2/2026 20:23,24.68,6.67,5.92,24.65,33109.5,33354.3,20.86,21521.2,,,,
4549,8/2/2026 20:33,24.67,6.19,5.49,24.64,33173.6,33425.2,20.91,21562.83,,,,
4550,8/2/2026 20:43,24.66,6.31,5.6,24.63,33155.4,33417.5,20.91,21550.98,,,,
4551,8/2/2026 20:53,24.64,5.89,5.23,24.6,32974.5,33254.4,20.79,21433.43,,,,
4552,8/2/2026 21:03,24.61,5.47,4.85,24.58,33056.2,33351.7,20.86,21486.51,,,,
4553,8/2/2026 21:13,24.59,5.61,4.98,24.55,33031.8,33348.5,20.86,21470.69,,,,
4554,8/2/2026 21:23,24.57,5.29,4.7,24.54,32971,33289.2,20.82,21431.17,,,,
4555,8/2/2026 21:33,24.54,3.77,3.34,24.51,33047.2,33389.7,20.88,21480.7,,,,
4556,8/2/2026 21:43,24.52,4.48,3.98,24.49,32968.2,33322.6,20.84,21429.33,,,,
4557,8/2/2026 21:53,24.55,4.04,3.59,24.52,33009.5,33345.2,20.85,21456.19,,,,
4558,8/2/2026 22:03,24.55,4.11,3.64,24.52,33072.6,33408.8,20.9,21497.16,,,,
4559,8/2/2026 22:13,24.56,4.66,4.13,24.53,32975.4,33304.3,20.83,21434,,,,
4560,8/2/2026 22:23,24.54,5.12,4.54,24.5,33070.9,33420,20.9,21496.06,,,,
4561,8/2/2026 22:33,24.52,5.93,5.26,24.49,33099.2,33459.3,20.93,21514.47,,,,
4562,8/2/2026 22:43,24.29,5.74,5.09,24.24,32992.9,33530.2,20.97,21445.42,,,,
4563,8/2/2026 22:53,23.91,6.79,6.02,23.86,32808.6,33610.8,21.02,21325.57,,,,
4564,8/2/2026 23:03,23.77,7.08,6.28,23.72,32543.7,33441.2,20.9,21153.38,,,,
4565,8/2/2026 23:13,23.65,7.07,6.25,23.61,33068.2,34061.9,21.32,21494.31,,,,
4566,8/2/2026 23:23,23.53,7.37,6.53,23.5,32554.6,33616,21.01,21160.48,,,,
4567,8/2/2026 23:33,23.59,7.28,6.45,23.56,32660.7,33681.7,21.06,21229.47,,,,
4568,8/2/2026 23:43,23.56,7.48,6.63,23.53,32633.8,33673.7,21.05,21212,,,,
4569,8/2/2026 23:53,23.58,7.08,6.28,23.55,32545.7,33569.6,20.98,21154.73,,,,
4570,8/3/2026 0:03,23.5,7.22,6.39,23.46,32586.6,33677.5,21.05,21181.26,,,,
4571,8/3/2026 0:13,23.23,7.43,6.58,23.18,32485.6,33773.5,21.11,21115.66,,,,
4572,8/3/2026 0:23,23,7.69,6.81,22.97,32401.2,33845.4,21.15,21060.79,,,,
4573,8/3/2026 0:33,22.81,7.72,6.84,22.77,31938,33504.8,20.91,20759.73,,,,
4574,8/3/2026 0:43,22.6,7.43,6.57,22.56,32212.5,33954,21.21,20938.11,,,,
4575,8/3/2026 0:53,22.44,7.63,6.76,22.4,32004,33850.9,21.14,20802.62,,,,
4576,8/3/2026 1:03,22.34,7.6,6.73,22.31,31980.9,33896.3,21.16,20787.56,,,,
4577,8/3/2026 1:13,22.21,7.73,6.85,22.18,31727.4,33726.4,21.04,20622.79,,,,
4578,8/3/2026 1:23,22.13,7.91,6.99,22.09,31969.7,34049.9,21.26,20780.32,,,,
4579,8/3/2026 1:33,22.17,7.69,6.8,22.13,31852.2,33895.3,21.16,20703.94,,,,
4580,8/3/2026 1:43,22.11,7.46,6.6,22.07,31890.3,33983.6,21.21,20728.72,,,,
4581,8/3/2026 1:53,21.91,7.68,6.79,21.87,31739.9,33973.3,21.2,20630.97,,,,
4582,8/3/2026 2:03,21.7,7.83,6.92,21.67,31592.4,33970.4,21.19,20535.08,,,,
4583,8/3/2026 2:13,21.33,7.71,6.8,21.3,31584.9,34246.2,21.36,20530.18,,,,
4584,8/3/2026 2:23,20.92,7.47,6.6,20.88,31169.3,34124.5,21.26,20260.03,,,,
4585,8/3/2026 2:33,20.39,7.21,6.37,20.37,30849.2,34172,21.27,20051.99,,,,
4586,8/3/2026 2:43,19.93,7.19,6.34,19.92,30595.7,34249.2,21.3,19887.17,,,,
4587,8/3/2026 2:53,19.49,7.74,6.83,19.48,30350.7,34332.7,21.34,19727.96,,,,
4588,8/3/2026 3:03,19.09,7.59,6.68,19.1,30335.3,34628.3,21.52,19717.92,,,,
4589,8/3/2026 3:13,18.86,8.19,7.22,18.86,29764.2,34171.3,21.2,19346.72,,,,
4590,8/3/2026 3:23,18.79,7.69,6.77,18.76,30109.3,34651.9,21.52,19571.02,,,,
4591,8/3/2026 3:33,18.69,6.68,5.88,18.53,29918.8,34626.7,21.49,19447.19,,,,
4592,8/3/2026 3:43,18.54,8.03,7.06,18.49,29802.1,34521.6,21.42,19371.35,,,,
4593,8/3/2026 3:53,18.44,8.92,7.85,18.35,29909.6,34766.8,21.57,19441.21,,,,
4594,8/3/2026 4:03,18.76,9.56,8.42,18.84,30014.7,34476.2,21.4,19509.55,,,,
4595,8/3/2026 4:13,19.88,9.35,8.24,19.99,30771.8,34391.1,21.4,20001.69,,,,
4596,8/3/2026 4:23,20.66,9.05,7.98,20.67,31318,34450.2,21.48,20356.71,,,,
4597,8/3/2026 4:33,21.16,8.8,7.77,21.13,31522.3,34311.2,21.4,20489.52,,,,
4598,8/3/2026 4:43,21.36,8.61,7.6,21.32,31755.8,34415.2,21.48,20641.29,,,,
4599,8/3/2026 4:53,21.55,8.03,7.09,21.54,31747.6,34234.2,21.37,20635.96,,,,
4600,8/3/2026 5:03,21.74,7.95,7.02,21.73,31745.5,34089.1,21.27,20634.59,,,,
4601,8/3/2026 5:13,21.84,7.9,6.98,21.82,31797.5,34073.8,21.27,20668.39,,,,
4602,8/3/2026 5:23,21.97,7.66,6.77,21.95,31874.2,34052.9,21.26,20718.24,,,,
4603,8/3/2026 5:33,22.08,7.56,6.68,22.03,32022.2,34149.2,21.33,20814.41,,,,
4604,8/3/2026 5:43,22.15,7.56,6.69,22.13,31918,33967.5,21.21,20746.69,,,,
4605,8/3/2026 5:53,22.25,7.32,6.48,22.23,31708.7,33666.1,21,20610.66,,,,
4606,8/3/2026 6:03,22.31,7.01,6.19,22.28,32148.2,34094,21.3,20896.3,,,,
4607,8/3/2026 6:13,22.41,6.97,6.17,22.39,31873,33723.6,21.05,20717.46,,,,
4608,8/3/2026 6:23,22.5,6.79,6.01,22.48,32115.6,33912.6,21.18,20875.16,,,,
4609,8/3/2026 6:33,22.6,6.73,5.96,22.6,32176,33884.1,21.16,20914.41,,,,
4610,8/3/2026 6:43,22.73,6.38,5.65,22.72,32267.8,33893.2,21.18,20974.08,,,,
4611,8/3/2026 6:53,22.82,6.09,5.39,22.81,32214.2,33765.6,21.09,20939.25,,,,
4612,8/3/2026 7:03,22.9,6.08,5.38,22.9,32364.5,33858.3,21.16,21036.93,,,,
4613,8/3/2026 7:13,22.99,3.57,3.16,22.99,32477.7,33911.9,21.2,21110.5,,,,
4614,8/3/2026 7:23,23.09,5.69,5.03,23.08,32451.7,33818,21.14,21093.62,,,,
4615,8/3/2026 7:33,23.18,5.52,4.89,23.17,32366,33660.1,21.03,21037.87,,,,
4616,8/3/2026 7:43,23.27,5.62,4.98,23.26,32453.5,33687.1,21.05,21094.77,,,,
4617,8/3/2026 7:53,23.35,5.29,4.69,23.33,32467.2,33650.7,21.03,21103.71,,,,
4618,8/3/2026 8:03,23.41,4.68,4.15,23.39,32569.7,33708.4,21.07,21170.31,,,,
4619,8/3/2026 8:13,23.47,3.55,3.14,23.45,32603.9,33699.8,21.07,21192.54,,,,
4620,8/3/2026 8:23,23.54,2.3,2.04,23.52,32424.3,33461.8,20.9,21075.79,,,,
4621,8/3/2026 8:33,23.61,1.78,1.58,23.58,32595.1,33594.3,21,21186.83,,,,
4622,8/3/2026 8:43,23.67,3.71,3.29,23.63,32592.2,33558.6,20.97,21184.94,,,,
4623,8/3/2026 8:53,23.7,3.64,3.23,23.66,32667.8,33612.3,21.01,21234.05,,,,
4624,8/3/2026 9:03,23.72,2.8,2.48,23.69,32481.3,33400.9,20.87,21112.82,,,,
4625,8/3/2026 9:13,23.75,2.65,2.35,23.72,32576.7,33479.4,20.92,21174.83,,,,
4626,8/3/2026 9:23,23.77,3.03,2.68,23.74,32703.5,33590.1,21,21257.25,,,,
4627,8/3/2026 9:33,23.76,3.75,3.33,23.72,32384.4,33277.5,20.78,21049.88,,,,
4628,8/3/2026 9:43,23.75,1.22,1.09,23.71,32464.5,33368.4,20.85,21101.91,,,,
4629,8/3/2026 9:53,23.75,1.57,1.39,23.71,32544.2,33450.3,20.9,21153.7,,,,
4630,8/3/2026 10:03,23.73,1.8,1.6,23.7,32280.2,33185.5,20.72,20982.11,,,,
4631,8/3/2026 10:13,23.7,1.93,1.72,23.68,31951.8,32860.7,20.5,20768.66,,,,
4632,8/3/2026 10:23,23.8,2.78,2.47,23.74,31872.6,32736.7,20.41,20717.18,,,,
4633,8/3/2026 10:33,23.83,3.29,2.92,23.79,31867.8,32699.9,20.39,20714.05,,,,
4634,8/3/2026 10:43,23.73,3.33,2.96,23.74,31717.2,32579.2,20.3,20616.19,,,,
4635,8/3/2026 10:53,23.61,4.08,3.63,23.6,31555.7,32510.3,20.25,20511.2,,,,
4636,8/3/2026 11:03,23.63,4.06,3.61,23.6,31489.5,32440,20.2,20468.16,,,,
4637,8/3/2026 11:13,23.67,3.99,3.55,23.64,31535.9,32460.4,20.22,20498.32,,,,
4638,8/3/2026 11:23,23.61,3.6,3.21,23.59,31412.2,32368.9,20.16,20417.95,,,,
4639,8/3/2026 11:33,23.47,4.7,4.18,23.45,31739.8,32811,20.45,20630.9,,,,
4640,8/3/2026 11:43,23.39,5.17,4.6,23.36,31648.4,32780.6,20.43,20571.43,,,,
4641,8/3/2026 11:53,23.36,5.07,4.5,23.33,31682.2,32837.1,20.47,20593.45,,,,
4642,8/3/2026 12:03,23.31,5.35,4.75,23.28,31797.4,32988.8,20.57,20668.29,,,,
4643,8/3/2026 12:13,23.28,5.51,4.89,23.25,31793.6,33008.6,20.58,20665.84,,,,
4644,8/3/2026 12:23,23.22,5.34,4.74,23.18,31976.2,33243.9,20.74,20784.56,,,,
4645,8/3/2026 12:33,23.08,5.76,5.11,23.03,31885.3,33260.5,20.75,20725.46,,,,
4646,8/3/2026 12:43,22.81,5.59,4.95,22.77,31810.8,33371.3,20.82,20677.02,,,,
4647,8/3/2026 12:53,22.71,5.99,5.31,22.66,31907.8,33555,20.94,20740.07,,,,
4648,8/3/2026 13:03,22.51,3.61,3.19,22.46,31928.8,33731,21.05,20753.75,,,,
4649,8/3/2026 13:13,22.3,3.49,3.09,22.25,31887.5,33844.6,21.12,20726.88,,,,
4650,8/3/2026 13:23,22.11,5.15,4.56,22.05,31836.2,33941.7,21.18,20693.52,,,,
4651,8/3/2026 13:33,22.01,5.36,4.74,21.97,31715.2,33869.4,21.13,20614.88,,,,
4652,8/3/2026 13:43,21.91,5.52,4.89,21.86,31620.5,33854.5,21.12,20553.33,,,,
4653,8/3/2026 13:53,22,5.22,4.62,21.97,31817.4,33980.8,21.21,20681.29,,,,
4654,8/3/2026 14:03,21.98,4.96,4.38,21.93,31774.4,33966.7,21.2,20653.33,,,,
4655,8/3/2026 14:13,21.78,4.56,4.03,21.74,31747,34079.2,21.27,20635.53,,,,
4656,8/3/2026 14:23,21.61,5.49,4.85,21.57,31582.4,34033,21.23,20528.54,,,,
4657,8/3/2026 14:33,21.42,6.2,5.48,21.38,31334.9,33910.7,21.14,20367.7,,,,
4658,8/3/2026 14:43,21.15,5.61,4.95,21.11,31380.8,34171.1,21.3,20397.54,,,,
4659,8/3/2026 14:53,20.83,6.79,6,20.81,31059.7,34058.2,21.21,20188.79,,,,
4660,8/3/2026 15:03,20.43,5.81,5.12,20.44,31010,34295.4,21.36,20156.49,,,,
4661,8/3/2026 15:13,19.94,4.97,4.38,19.94,30639.4,34278.9,21.33,19915.59,,,,
4662,8/3/2026 15:23,19.54,4.8,4.23,19.58,30501.3,34420.4,21.4,19825.86,,,,
4663,8/3/2026 15:33,19.27,5.91,5.21,19.27,30298.7,34446.6,21.41,19694.13,,,,
4664,8/3/2026 15:43,19.12,4.06,3.58,19.11,30134.6,34384.6,21.36,19587.48,,,,
4665,8/3/2026 15:53,19.02,2.61,2.29,18.83,29953.1,34407.9,21.36,19469.51,,,,
4666,8/3/2026 16:03,18.74,2.11,1.86,18.62,29801.9,34409.4,21.35,19371.25,,,,
4667,8/3/2026 16:13,18.72,2.94,2.59,18.64,29928.2,34545.3,21.44,19453.33,,,,
4668,8/3/2026 16:23,18.78,5.69,5.01,18.76,30012,34534.9,21.44,19507.78,,,,
4669,8/3/2026 16:33,19.51,2.9,2.56,19.65,30594,34464.3,21.44,19886.13,,,,
4670,8/3/2026 16:43,20.14,7.83,6.9,20.19,30964.1,34444.8,21.45,20126.69,,,,
4671,8/3/2026 16:53,20.71,8.61,7.6,20.82,31250.7,34258.3,21.35,20312.96,,,,
4672,8/3/2026 17:03,21.16,8.3,7.33,21.19,31412.1,34142.4,21.29,20417.88,,,,
4673,8/3/2026 17:13,21.49,8.7,7.68,21.53,31548.5,34031.1,21.23,20506.56,,,,
4674,8/3/2026 17:23,21.78,8.21,7.26,21.78,31787,34092.3,21.28,20661.57,,,,
4675,8/3/2026 17:33,22.02,7.54,6.66,22.02,31793.9,33917.1,21.17,20666.01,,,,
4676,8/3/2026 17:43,22.19,8.25,7.3,22.19,31796.7,33793.3,21.09,20667.83,,,,
4677,8/3/2026 17:53,22.28,8.16,7.22,22.26,31773.1,33714.2,21.04,20652.51,,,,
4678,8/3/2026 18:03,22.41,8.08,7.15,22.41,31881.4,33714.5,21.04,20722.9,,,,
4679,8/3/2026 18:13,22.62,7.75,6.86,22.65,32073,33737.6,21.07,20847.43,,,,
4680,8/3/2026 18:23,22.76,7.45,6.59,22.76,32154,33744.7,21.07,20900.07,,,,
4681,8/3/2026 18:33,22.88,7.85,6.95,22.89,32253.9,33751.5,21.08,20965.06,,,,
4682,8/3/2026 18:43,23.06,7.52,6.66,23.05,32230.7,33607.6,20.99,20949.94,,,,
4683,8/3/2026 18:53,23.18,7.23,6.4,23.18,32566.8,33860.2,21.17,21168.44,,,,
4684,8/3/2026 19:03,23.32,6.73,5.96,23.31,32511.5,33705.4,21.07,21132.48,,,,
4685,8/3/2026 19:13,23.44,6.43,5.69,23.43,32564.3,33676.4,21.05,21166.78,,,,
4686,8/3/2026 19:23,23.54,6.59,5.84,23.53,32402.9,33437.5,20.89,21061.87,,,,
4687,8/3/2026 19:33,23.63,6.15,5.45,23.61,32622.4,33600.6,21,21204.54,,,,
4688,8/3/2026 19:43,23.69,6.31,5.6,23.67,32692.6,33631.3,21.03,21250.16,,,,
4689,8/3/2026 19:53,23.75,5.7,5.06,23.73,32528.5,33419.1,20.88,21143.54,,,,
4690,8/3/2026 20:03,23.79,5.66,5.03,23.77,32359.5,33219.6,20.75,21033.7,,,,
4691,8/3/2026 20:13,23.81,5.59,4.97,23.77,32394.2,33250.9,20.77,21056.25,,,,
4692,8/3/2026 20:23,23.81,5.22,4.64,23.78,32275.5,33122.5,20.68,20979.04,,,,
4693,8/3/2026 20:33,23.81,5.27,4.69,23.78,31981.2,32822.7,20.47,20787.79,,,,
4694,8/3/2026 20:43,23.81,5.14,4.57,23.77,31940.5,32787.4,20.45,20761.35,,,,
4695,8/3/2026 20:53,23.79,5.35,4.76,23.76,31830.3,32682.6,20.38,20689.68,,,,
4696,8/3/2026 21:03,23.78,5.18,4.61,23.74,31633.2,32490.8,20.24,20561.59,,,,
4697,8/3/2026 21:13,23.77,5.16,4.59,23.74,31575.2,32435.4,20.21,20523.85,,,,
4698,8/3/2026 21:23,23.76,4.65,4.14,23.72,31482.6,32350.8,20.15,20463.7,,,,
4699,8/3/2026 21:33,23.77,4.65,4.15,23.74,31315.6,32164.6,20.02,20355.11,,,,
4700,8/3/2026 21:43,23.79,3.79,3.38,23.76,31319.3,32158,20.02,20357.57,,,,
4701,8/3/2026 21:53,23.8,3.22,2.87,23.76,31350.5,32185.8,20.03,20377.8,,,,
4702,8/3/2026 22:03,23.8,0.98,0.87,23.77,31499.9,32335,20.14,20474.92,,,,
4703,8/3/2026 22:13,23.81,0.83,0.74,23.78,31293.6,32119.1,19.99,20340.87,,,,
4704,8/3/2026 22:23,23.8,0.4,0.36,23.78,30871.3,31683.6,19.69,20066.37,,,,
4705,8/3/2026 22:33,23.63,1.51,1.35,23.64,30785,31687.5,19.69,20010.28,,,,
4706,8/3/2026 22:43,23.65,1.17,1.04,23.62,30528.2,31437.4,19.52,19843.3,,,,
4707,8/3/2026 22:53,23.68,1.88,1.68,23.64,30685.3,31584.9,19.62,19945.47,,,,
4708,8/3/2026 23:03,23.72,1.87,1.68,23.68,30579.6,31453.6,19.53,19876.75,,,,
4709,8/3/2026 23:13,23.71,2.71,2.42,23.68,30709.6,31585.2,19.62,19961.25,,,,
4710,8/3/2026 23:23,23.71,2.82,2.52,23.68,30982.3,31865.7,19.81,20138.49,,,,
4711,8/3/2026 23:33,23.63,4.01,3.57,23.61,31115.8,32053,19.94,20225.27,,,,
4712,8/3/2026 23:43,23.5,3.52,3.14,23.47,31031.5,32064.1,19.94,20170.46,,,,
4713,8/3/2026 23:53,23.28,4.71,4.19,23.24,31551.6,32761.7,20.41,20508.54,,,,
4714,8/4/2026 0:03,23.12,5.38,4.78,23.09,31581.4,32902.4,20.51,20527.91,,,,
4715,8/4/2026 0:13,23.06,6.16,5.47,23.03,31721.8,33094.3,20.64,20619.15,,,,
4716,8/4/2026 0:23,22.96,6.33,5.62,22.93,31558.7,32993.5,20.56,20513.13,,,,
4717,8/4/2026 0:33,22.97,5.81,5.15,22.94,31833.4,33274.1,20.76,20691.69,,,,
4718,8/4/2026 0:43,22.95,5.61,4.97,22.91,32015.1,33483.9,20.9,20809.82,,,,
4719,8/4/2026 0:53,22.95,6.08,5.38,22.91,32138.9,33611.2,20.99,20890.29,,,,
4720,8/4/2026 1:03,22.76,6.08,5.38,22.71,32261.8,33893.7,21.18,20970.19,,,,
4721,8/4/2026 1:13,22.61,6.36,5.62,22.56,32327.1,34074.8,21.29,21012.63,,,,
4722,8/4/2026 1:23,22.49,6.46,5.72,22.44,32173.5,33998.6,21.24,20912.79,,,,
4723,8/4/2026 1:33,22.24,6.25,5.52,22.18,32160.5,34186.8,21.36,20904.34,,,,
4724,8/4/2026 1:43,22.04,6.47,5.71,21.99,32224.5,34399.5,21.5,20945.94,,,,
4725,8/4/2026 1:53,21.93,6.2,5.47,21.89,32091.5,34335.7,21.45,20859.47,,,,
4726,8/4/2026 2:03,21.83,5.99,5.28,21.79,32361.2,34703.5,21.7,21034.8,,,,
4727,8/4/2026 2:13,21.74,6.15,5.43,21.68,31984.5,34380.4,21.47,20789.93,,,,
4728,8/4/2026 2:23,21.68,5.84,5.15,21.64,32060.1,34496.6,21.55,20839.06,,,,
4729,8/4/2026 2:33,21.65,6.97,6.15,21.6,31829.1,34278,21.4,20688.9,,,,
4730,8/4/2026 2:43,21.6,5.46,4.82,21.55,31828,34314,21.42,20688.22,,,,
4731,8/4/2026 2:53,21.42,5.5,4.85,21.36,32071.1,34723.9,21.7,20846.22,,,,
4732,8/4/2026 3:03,21.14,6.46,5.69,21.07,31919.2,34788.2,21.73,20747.48,,,,
4733,8/4/2026 3:13,20.46,5.88,5.17,20.38,31642.5,35041,21.87,20567.6,,,,
4734,8/4/2026 3:23,19.29,6.96,6.11,19.27,30791.5,34999.4,21.79,20014.45,,,,
4735,8/4/2026 3:33,18.67,7.39,6.49,18.66,30575,35271.5,21.94,19873.78,,,,
4736,8/4/2026 3:43,18.32,7.3,6.41,18.32,30308.3,35253.3,21.91,19700.41,,,,
4737,8/4/2026 3:53,18.01,6.42,5.63,18.02,30297.7,35503.9,22.06,19693.52,,,,
4738,8/4/2026 4:03,17.81,5.96,5.22,17.8,30159.2,35528.8,22.06,19603.5,,,,
4739,8/4/2026 4:13,17.79,5.64,4.94,17.74,30095.7,35506.2,22.04,19562.21,,,,
4740,8/4/2026 4:23,17.66,7.52,6.59,17.56,29973.8,35522,22.04,19482.95,,,,
4741,8/4/2026 4:33,17.8,8,7.01,17.8,30163.9,35536.9,22.07,19606.55,,,,
4742,8/4/2026 4:43,18.47,8.26,7.24,18.48,30696.3,35562.5,22.13,19952.56,,,,
4743,8/4/2026 4:53,19,8.31,7.29,19,31036.6,35507.4,22.12,20173.79,,,,
4744,8/4/2026 5:03,20.51,7.7,6.77,20.49,31743,35062.4,21.89,20632.92,,,,
4745,8/4/2026 5:13,20.83,7.68,6.75,20.81,32069.3,35165.3,21.98,20845.03,,,,
4746,8/4/2026 5:23,20.97,7.65,6.73,20.94,31844,34808.4,21.74,20698.61,,,,
4747,8/4/2026 5:33,21.09,7.64,6.73,21.06,31863.1,34739,21.69,20711.03,,,,
4748,8/4/2026 5:43,21.19,7.55,6.65,21.15,31945,34754.7,21.71,20764.28,,,,
4749,8/4/2026 5:53,21.25,7.35,6.48,21.22,31800.2,34543,21.56,20670.15,,,,
4750,8/4/2026 6:03,21.31,7.38,6.51,21.27,31917.8,34633.1,21.63,20746.59,,,,
4751,8/4/2026 6:13,21.33,7.09,6.24,21.28,32260.1,34992.6,21.88,20969.08,,,,
4752,8/4/2026 6:23,21.37,6.9,6.08,21.34,31886.6,34545.2,21.57,20726.28,,,,
4753,8/4/2026 6:33,21.41,6.71,5.92,21.38,31904.8,34532.1,21.56,20738.11,,,,
4754,8/4/2026 6:43,21.48,6.78,5.98,21.45,31887.7,34457.5,21.52,20726.99,,,,
4755,8/4/2026 6:53,21.55,6.88,6.07,21.53,31948.3,34460,21.52,20766.39,,,,
4756,8/4/2026 7:03,21.62,6.87,6.07,21.58,31787.4,34249.4,21.38,20661.83,,,,
4757,8/4/2026 7:13,21.7,6.75,5.96,21.67,31872.6,34271.7,21.4,20717.17,,,,
4758,8/4/2026 7:23,21.75,6.58,5.82,21.72,31692.9,34034.9,21.24,20600.39,,,,
4759,8/4/2026 7:33,21.8,6.17,5.45,21.78,31712.7,34012.6,21.22,20613.27,,,,
4760,8/4/2026 7:43,21.88,6.14,5.43,21.83,31679.5,33940.4,21.18,20591.65,,,,
4761,8/4/2026 7:53,21.92,5.91,5.23,21.88,31454,33662.7,20.99,20445.11,,,,
4762,8/4/2026 8:03,21.97,5.83,5.16,21.93,31686.6,33873,21.13,20596.31,,,,
4763,8/4/2026 8:13,22.03,4.99,4.41,21.99,31645.8,33781.7,21.07,20569.74,,,,
4764,8/4/2026 8:23,22.08,3.95,3.5,22.04,31439.2,33520.7,20.89,20435.45,,,,
4765,8/4/2026 8:33,22.12,4.77,4.22,22.09,31372.9,33414.3,20.82,20392.41,,,,
4766,8/4/2026 8:43,22.19,3.04,2.7,22.16,31153.4,33127.3,20.63,20249.7,,,,
4767,8/4/2026 8:53,22.29,3.86,3.43,22.27,31191.7,33090.7,20.61,20274.63,,,,
4768,8/4/2026 9:03,22.4,3.69,3.28,22.37,31143,32959.9,20.52,20242.94,,,,
4769,8/4/2026 9:13,22.51,3.01,2.68,22.5,30914.1,32628.7,20.3,20094.15,,,,
4770,8/4/2026 9:23,22.64,2.63,2.33,22.62,31036.9,32669.4,20.33,20174.01,,,,
4771,8/4/2026 9:33,22.75,1.99,1.77,22.73,30984.4,32538.7,20.24,20139.84,,,,
4772,8/4/2026 9:43,22.85,2.34,2.09,22.83,30887.2,32359.7,20.13,20076.71,,,,
4773,8/4/2026 9:53,22.97,1.73,1.54,22.93,30734.4,32133.9,19.97,19977.38,,,,
4774,8/4/2026 10:03,23.09,1.5,1.34,23.02,30744.2,32080.8,19.94,19983.73,,,,
4775,8/4/2026 10:13,23.25,1.15,1.03,23.12,30630.4,31886.6,19.81,19909.77,,,,
4776,8/4/2026 10:23,23.34,0.97,0.86,23.24,30700.2,31877.6,19.81,19955.13,,,,
4777,8/4/2026 10:33,23.52,1.79,1.6,23.38,30847.9,31932.7,19.85,20051.12,,,,
4778,8/4/2026 10:43,23.64,2.37,2.12,23.53,30869.5,31855.2,19.8,20065.15,,,,
4779,8/4/2026 10:53,23.74,3.31,2.96,23.67,31023.6,31916.5,19.85,20165.34,,,,
4780,8/4/2026 11:03,23.74,3.22,2.88,23.69,30490.9,31350.2,19.46,19819.11,,,,
4781,8/4/2026 11:13,23.72,3.46,3.1,23.69,30521.7,31383.8,19.48,19839.11,,,,
4782,8/4/2026 11:23,23.61,4.33,3.88,23.61,30417.3,31331.4,19.45,19771.26,,,,
4783,8/4/2026 11:33,23.51,4.14,3.71,23.51,30168.8,31142.3,19.31,19609.74,,,,
4784,8/4/2026 11:43,23.45,4.2,3.76,23.42,30258.7,31298.3,19.42,19668.17,,,,
4785,8/4/2026 11:53,23.45,4.26,3.81,23.42,30472.8,31519.7,19.57,19807.32,,,,
4786,8/4/2026 12:03,23.58,5.34,4.77,23.55,30742.4,31707.5,19.7,19982.56,,,,
4787,8/4/2026 12:13,23.7,6.33,5.64,23.66,31310.4,32213.6,20.05,20351.73,,,,
4788,8/4/2026 12:23,23.5,6.61,5.88,23.46,31764.1,32827.5,20.47,20646.66,,,,
4789,8/4/2026 12:33,23.51,7.23,6.42,23.49,31964.1,33012.7,20.59,20776.66,,,,
4790,8/4/2026 12:43,23.56,7.32,6.5,23.53,32267.8,33296,20.79,20974.1,,,,
4791,8/4/2026 12:53,23.46,7.22,6.41,23.43,32355.5,33460.6,20.9,21031.1,,,,
4792,8/4/2026 13:03,23.26,7.71,6.83,23.22,32460.6,33718.8,21.07,21099.38,,,,
4793,8/4/2026 13:13,23.1,7.76,6.87,23.06,32474.6,33855.2,21.16,21108.51,,,,
4794,8/4/2026 13:23,22.71,7.05,6.24,22.63,32156.2,33838.6,21.13,20901.54,,,,
4795,8/4/2026 13:33,22.4,7.24,6.41,22.34,31958.8,33848.1,21.13,20773.21,,,,
4796,8/4/2026 13:43,22.09,7,6.19,22.03,32051,34186.8,21.35,20833.16,,,,
4797,8/4/2026 13:53,21.78,8.11,7.16,21.73,31998.3,34360.5,21.46,20798.9,,,,
4798,8/4/2026 14:03,21.65,7.43,6.56,21.6,31863.5,34315.1,21.42,20711.28,,,,
4799,8/4/2026 14:13,21.52,7.49,6.6,21.47,32099.9,34670.4,21.66,20864.95,,,,
4800,8/4/2026 14:23,21.46,1.99,1.75,21.43,32005.3,34598.7,21.61,20803.48,,,,
4801,8/4/2026 14:33,21.28,1.57,1.38,21.22,31771.9,34514.7,21.55,20651.77,,,,
4802,8/4/2026 14:43,21.34,7.18,6.35,21.3,31429.4,34075.2,21.25,20429.08,,,,
4803,8/4/2026 14:53,21.28,8.23,7.26,21.23,31800.9,34532,21.56,20670.56,,,,
4804,8/4/2026 15:03,21.01,8.13,7.16,20.96,31799.5,34747.8,21.69,20669.67,,,,
4805,8/4/2026 15:13,20.71,8.33,7.33,20.66,31645.5,34820.1,21.73,20569.58,,,,
4806,8/4/2026 15:23,20.41,7.9,6.95,20.35,31580.1,34993.7,21.84,20527.05,,,,
4807,8/4/2026 15:33,19.92,7.77,6.83,19.87,31290.3,35070.9,21.87,20338.69,,,,
4808,8/4/2026 15:43,19.37,7.64,6.72,19.33,30790.5,34956.2,21.76,20013.84,,,,
4809,8/4/2026 15:53,18.77,7.87,6.9,18.76,30826.8,35472.5,22.08,20037.39,,,,
4810,8/4/2026 16:03,18.49,8.18,7.16,18.5,30928.6,35821.3,22.31,20103.61,,,,
4811,8/4/2026 16:13,17.99,8.08,7.07,18.03,30555.8,35798.5,22.26,19861.28,,,,
4812,8/4/2026 16:23,17.75,1.7,1.48,17.76,30497.3,35969.4,22.36,19823.26,,,,
4813,8/4/2026 16:33,17.62,1.3,1.13,17.62,30580.6,36190.2,22.5,19877.37,,,,
4814,8/4/2026 16:43,17.61,1.67,1.46,17.55,30334.9,35960.5,22.34,19717.66,,,,
4815,8/4/2026 16:53,17.74,1.46,1.28,17.72,30547.5,36057.7,22.42,19855.84,,,,
4816,8/4/2026 17:03,17.8,3.45,3.02,17.79,30252.1,35648.7,22.14,19663.86,,,,
4817,8/4/2026 17:13,18.83,9.06,7.94,18.95,30961.8,35469.9,22.09,20125.14,,,,
4818,8/4/2026 17:23,20.06,9.09,7.98,20.09,31832.5,35489.7,22.17,20691.12,,,,
4819,8/4/2026 17:33,20.7,9.86,8.66,20.7,31977.1,35151,21.96,20785.09,,,,
4820,8/4/2026 17:43,21.11,9.78,8.6,21.08,32304,35198,22.01,20997.57,,,,
4821,8/4/2026 17:53,21.22,9.9,8.71,21.21,32293.4,35085.9,21.94,20990.69,,,,
4822,8/4/2026 18:03,21.33,9.93,8.74,21.31,32285.4,34996.2,21.88,20985.52,,,,
4823,8/4/2026 18:13,21.43,9.75,8.58,21.4,32377,35021.8,21.9,21045.04,,,,
4824,8/4/2026 18:23,21.48,9.7,8.54,21.43,32311,34926.8,21.84,21002.16,,,,
4825,8/4/2026 18:33,21.84,9.57,8.43,21.85,32524,34828.8,21.79,21140.59,,,,
4826,8/4/2026 18:43,22.04,9.53,8.39,22.03,32752.8,34928.3,21.86,21289.31,,,,
4827,8/4/2026 18:53,22.22,6.93,6.11,22.2,32929.9,34983.7,21.91,21404.43,,,,
4828,8/4/2026 19:03,22.41,9.34,8.23,22.4,32952.5,34851.8,21.83,21419.14,,,,
4829,8/4/2026 19:13,22.63,9.43,8.31,22.67,33145.3,34854,21.84,21544.43,,,,
4830,8/4/2026 19:23,22.85,9.23,8.13,22.87,33277.2,34838.3,21.83,21630.19,,,,
4831,8/4/2026 19:33,23.06,9.28,8.19,23.08,33272.4,34673.3,21.73,21627.08,,,,
4832,8/4/2026 19:43,23.28,9.15,8.08,23.28,33347,34598.8,21.68,21675.55,,,,
4833,8/4/2026 19:53,23.52,8.87,7.83,23.52,33381.9,34450,21.59,21698.23,,,,
4834,8/4/2026 20:03,23.68,8.51,7.51,23.71,33633.6,34567.9,21.67,21861.86,,,,
4835,8/4/2026 20:13,23.82,8.53,7.53,23.81,33713.7,34578.3,21.69,21913.89,,,,
4836,8/4/2026 20:23,23.97,8.25,7.3,23.97,33546.3,34288.8,21.49,21805.06,,,,
4837,8/4/2026 20:33,24.13,7.8,6.9,24.12,33708.8,34346.1,21.53,21910.74,,,,
4838,8/4/2026 20:43,24.24,7.2,6.37,24.22,33715.5,34277.8,21.49,21915.11,,,,
4839,8/4/2026 20:53,24.33,7.73,6.84,24.32,33736.5,34222,21.45,21928.73,,,,
4840,8/4/2026 21:03,24.36,6.65,5.89,24.32,33501.6,33988,21.29,21776.04,,,,
4841,8/4/2026 21:13,24.36,6.81,6.03,24.33,33370.7,33844.3,21.19,21690.93,,,,
4842,8/4/2026 21:23,24.39,7.54,6.68,24.36,33398.2,33850.5,21.2,21708.82,,,,
4843,8/4/2026 21:33,24.41,6.66,5.91,24.38,33244.2,33681.5,21.08,21608.75,,,,
4844,8/4/2026 21:43,24.43,6.84,6.07,24.4,33153.1,33576.2,21.01,21549.5,,,,
4845,8/4/2026 21:53,24.45,6.73,5.97,24.43,32959.9,33359.2,20.86,21423.97,,,,
4846,8/4/2026 22:03,24.48,6.47,5.75,24.46,32768.1,33143.8,20.71,21299.29,,,,
4847,8/4/2026 22:13,24.52,6.26,5.56,24.49,32922.7,33278.8,20.81,21399.78,,,,
4848,8/4/2026 22:23,24.57,6.13,5.45,24.53,32827.9,33153.2,20.72,21338.13,,,,
4849,8/4/2026 22:33,24.56,5.34,4.76,24.53,32400,32725.3,20.43,21060.02,,,,
4850,8/4/2026 22:43,24.53,5.43,4.84,24.48,32296.7,32654.3,20.38,20992.82,,,,
4851,8/4/2026 22:53,24.48,4.71,4.2,24.41,31942.1,32341.4,20.16,20762.35,,,,
4852,8/4/2026 23:03,24.36,3.75,3.34,24.34,32085.6,32534.8,20.29,20855.65,,,,
4853,8/4/2026 23:13,24.37,2.86,2.55,24.36,32033.4,32471.4,20.25,20821.71,,,,
4854,8/4/2026 23:23,24.42,3.98,3.55,24.39,31894.1,32307.4,20.14,20731.18,,,,
4855,8/4/2026 23:33,24.45,3.98,3.55,24.41,32039.4,32442.1,20.23,20825.62,,,,
4856,8/4/2026 23:43,24.46,3.55,3.16,24.43,32070.9,32461.4,20.24,20846.08,,,,
4857,8/4/2026 23:53,24.43,3.31,2.95,24.41,31789.4,32191,20.06,20663.14,,,,
4858,8/5/2026 0:03,24.42,3.45,3.08,24.39,31820.4,32234.7,20.09,20683.23,,,,
4859,8/5/2026 0:13,24.42,4.24,3.78,24.39,32007.3,32424.2,20.22,20804.77,,,,
4860,8/5/2026 0:23,24.24,5.28,4.7,24.21,32041.1,32579.6,20.32,20826.71,,,,
4861,8/5/2026 0:33,24.1,4.89,4.35,24.07,32073.9,32714,20.41,20848.04,,,,
4862,8/5/2026 0:43,23.86,6.25,5.55,23.83,32412.7,33228.9,20.75,21068.25,,,,
4863,8/5/2026 0:53,23.63,6.21,5.51,23.59,32434.4,33426.5,20.88,21082.33,,,,
4864,8/5/2026 1:03,23.46,7.33,6.49,23.43,32610.4,33722,21.08,21196.78,,,,
4865,8/5/2026 1:13,23.33,7.54,6.67,23.3,32630.8,33837.9,21.16,21210.01,,,,
4866,8/5/2026 1:23,23.22,6.49,5.74,23.18,32649.1,33950.2,21.23,21221.95,,,,
4867,8/5/2026 1:33,23.14,7.39,6.53,23.11,32780.9,34138.7,21.36,21307.59,,,,
4868,8/5/2026 1:43,23.14,7.55,6.68,23.12,32712,34058,21.3,21262.83,,,,
4869,8/5/2026 1:53,23.01,7.48,6.61,22.95,32789,34264,21.44,21312.84,,,,
4870,8/5/2026 2:03,22.67,7.59,6.71,22.59,32499,34231,21.4,21124.32,,,,
4871,8/5/2026 2:13,22.31,7.82,6.91,22.26,32438.1,34415.3,21.52,21084.78,,,,
4872,8/5/2026 2:23,21.97,8.39,7.39,21.91,32684.7,34951.6,21.88,21245.03,,,,
4873,8/5/2026 2:33,21.69,8.11,7.15,21.64,32381.2,34837.4,21.79,21047.81,,,,
4874,8/5/2026 2:43,21.52,8.29,7.3,21.48,32444.8,35035.8,21.92,21089.12,,,,
4875,8/5/2026 2:53,21.4,8.09,7.12,21.34,32286.6,34973.8,21.87,20986.27,,,,
4876,8/5/2026 3:03,21.22,7.39,6.51,21.17,31902,34691.3,21.67,20736.27,,,,
4877,8/5/2026 3:13,21.08,7.05,6.21,21.04,31869.3,34762.3,21.71,20715.07,,,,
4878,8/5/2026 3:23,21.02,7,6.16,20.97,31993.8,34948.2,21.83,20795.98,,,,
4879,8/5/2026 3:33,20.94,6.87,6.05,20.9,31766.9,34762.2,21.7,20648.52,,,,
4880,8/5/2026 3:43,20.82,6.6,5.81,20.78,31745.6,34829.5,21.74,20634.65,,,,
4881,8/5/2026 3:53,20.54,6.79,5.97,20.51,31785,35096.8,21.91,20660.26,,,,
4882,8/5/2026 4:03,20.28,7.27,6.39,20.25,31680,35187.3,21.96,20591.98,,,,
4883,8/5/2026 4:13,20.03,6.54,5.74,20,31611.9,35317.6,22.04,20547.72,,,,
4884,8/5/2026 4:23,19.57,7.02,6.16,19.57,31288.2,35315.9,22.02,20337.35,,,,
4885,8/5/2026 4:33,19.2,6.9,6.05,19.2,31257.4,35589.6,22.19,20317.29,,,,
4886,8/5/2026 4:43,19.05,6.41,5.62,19.03,30938.7,35370.1,22.03,20110.15,,,,
4887,8/5/2026 4:53,18.97,5.87,5.14,18.93,30970,35494.6,22.11,20130.51,,,,
4888,8/5/2026 5:03,18.91,5.25,4.6,18.86,31022.2,35618.1,22.19,20164.45,,,,
4889,8/5/2026 5:13,18.93,7.6,6.66,18.86,31124.1,35730,22.26,20230.65,,,,
4890,8/5/2026 5:23,18.93,8.54,7.49,18.91,31024.8,35575.2,22.16,20166.11,,,,
4891,8/5/2026 5:33,19.24,8.6,7.54,19.26,31175.8,35451.4,22.1,20264.25,,,,
4892,8/5/2026 5:43,19.68,9.01,7.91,19.66,31442.4,35417.6,22.09,20437.59,,,,
4893,8/5/2026 5:53,19.93,8.89,7.8,19.9,31547.6,35332.1,22.05,20505.94,,,,
4894,8/5/2026 6:03,20.22,8.72,7.66,20.19,31653.1,35211.2,21.98,20574.49,,,,
4895,8/5/2026 6:13,20.45,8.77,7.7,20.43,31830.5,35207.7,21.99,20689.83,,,,
4896,8/5/2026 6:23,20.64,8.75,7.7,20.62,31680.9,34892.6,21.78,20592.56,,,,
4897,8/5/2026 6:33,20.75,8.65,7.61,20.72,31820,34959.2,21.83,20683.03,,,,
4898,8/5/2026 6:43,20.83,8.62,7.58,20.8,31953.1,35045.1,21.89,20769.52,,,,
4899,8/5/2026 6:53,20.91,8.53,7.5,20.86,31970.9,35011.8,21.87,20781.07,,,,
4900,8/5/2026 7:03,20.97,8.52,7.51,20.95,31810.4,34766.9,21.71,20676.75,,,,
4901,8/5/2026 7:13,21.1,8.47,7.45,21.07,32016.3,34894,21.8,20810.58,,,,
4902,8/5/2026 7:23,21.21,8.37,7.37,21.18,32032.8,34826.5,21.76,20821.34,,,,
4903,8/5/2026 7:33,21.35,8.41,7.4,21.32,32120,34807.5,21.75,20877.98,,,,
4904,8/5/2026 7:43,21.49,8.26,7.28,21.47,32193.2,34768.8,21.73,20925.58,,,,
4905,8/5/2026 7:53,21.67,8.03,7.08,21.64,32153.5,34592.4,21.62,20899.77,,,,
4906,8/5/2026 8:03,21.8,8.16,7.2,21.78,32229.2,34564.2,21.6,20948.97,,,,
4907,8/5/2026 8:13,21.93,8,7.06,21.92,32246.2,34475.8,21.55,20960.04,,,,
4908,8/5/2026 8:23,22.11,7.58,6.69,22.08,32331.9,34442.6,21.53,21015.75,,,,
4909,8/5/2026 8:33,22.23,7.29,6.44,22.22,32196.2,34195.1,21.37,20927.54,,,,
4910,8/5/2026 8:43,22.37,7.19,6.36,22.35,32198,34092.4,21.3,20928.71,,,,
4911,8/5/2026 8:53,22.49,7.31,6.47,22.47,32201.9,34006,21.24,20931.25,,,,
4912,8/5/2026 9:03,22.58,7.29,6.45,22.57,32155.9,33887.6,21.17,20901.3,,,,
4913,8/5/2026 9:13,22.67,7.12,6.3,22.65,32310.1,33987.1,21.24,21001.57,,,,
4914,8/5/2026 9:23,22.77,6.83,6.05,22.76,32215.7,33807.2,21.12,20940.22,,,,
4915,8/5/2026 9:33,22.88,6.97,6.17,22.86,32283.4,33804.6,21.12,20984.24,,,,
4916,8/5/2026 9:43,23,6.62,5.86,22.99,32192.3,33611.7,20.99,20924.98,,,,
4917,8/5/2026 9:53,23.15,6.41,5.68,23.14,32222,33530.2,20.94,20944.27,,,,
4918,8/5/2026 10:03,23.31,6.2,5.51,23.3,32093.3,33284.9,20.78,20860.64,,,,
4919,8/5/2026 10:13,23.45,6.17,5.48,23.43,31959.1,33046.3,20.62,20773.41,,,,
4920,8/5/2026 10:23,23.59,6,5.33,23.57,31968.3,32956.9,20.56,20779.42,,,,
4921,8/5/2026 10:33,23.74,6.15,5.47,23.72,31937.5,32820.4,20.47,20759.38,,,,
4922,8/5/2026 10:43,23.85,6.11,5.44,23.83,31919.5,32723.2,20.41,20747.64,,,,
4923,8/5/2026 10:53,23.94,5.4,4.81,23.91,31922,32670.8,20.37,20749.3,,,,
4924,8/5/2026 11:03,24.01,4.98,4.44,24,31817.2,32502.5,20.26,20681.15,,,,
4925,8/5/2026 11:13,24.13,4.53,4.03,24.11,31787,32394.2,20.19,20661.53,,,,
4926,8/5/2026 11:23,24.33,3.34,2.97,24.26,31966.9,32472.8,20.25,20778.5,,,,
4927,8/5/2026 11:33,24.37,2.96,2.64,24.32,31823.8,32285.9,20.12,20685.47,,,,
4928,8/5/2026 11:43,24.4,3.81,3.4,24.38,31746.3,32165.9,20.04,20635.11,,,,
4929,8/5/2026 11:53,24.35,4.38,3.91,24.34,31811.6,32261.1,20.1,20677.56,,,,
4930,8/5/2026 12:03,24.22,5.34,4.76,24.2,31673.5,32214.1,20.07,20587.79,,,,
4931,8/5/2026 12:13,24.3,4.93,4.4,24.27,31595.7,32087.5,19.98,20537.19,,,,
4932,8/5/2026 12:23,24.23,4.69,4.18,24.19,31800.8,32347.7,20.16,20670.49,,,,
4933,8/5/2026 12:33,24.16,5.44,4.85,24.13,31739.7,32331.4,20.15,20630.81,,,,
4934,8/5/2026 12:43,24.19,6.3,5.61,24.16,32026.1,32602.2,20.33,20816.99,,,,
4935,8/5/2026 12:53,24.21,8.46,7.53,24.18,32024.1,32587.5,20.32,20815.66,,,,
4936,8/5/2026 13:03,24.06,6.54,5.81,24.01,32325,33008.5,20.61,21011.26,,,,
4937,8/5/2026 13:13,23.99,7.6,6.74,23.97,32720.3,33444.5,20.91,21268.17,,,,
4938,8/5/2026 13:23,23.96,7.9,7.01,23.94,32574.5,33319.2,20.82,21173.42,,,,
4939,8/5/2026 13:33,23.81,8.39,7.44,23.76,32524.6,33393.4,20.86,21140.99,,,,
4940,8/5/2026 13:43,23.68,8.76,7.77,23.64,32505.7,33458.7,20.91,21128.73,,,,
4941,8/5/2026 13:53,23.43,8.4,7.45,23.36,32278,33426.2,20.88,20980.73,,,,
4942,8/5/2026 14:03,23,8.88,7.87,22.94,32291.7,33753.2,21.09,20989.58,,,,
4943,8/5/2026 14:13,22.59,9.07,8.02,22.55,32367.4,34126.4,21.33,21038.83,,,,
4944,8/5/2026 14:23,22.33,9.13,8.08,22.27,31800.4,33736.5,21.05,20670.29,,,,
4945,8/5/2026 14:33,21.95,8.82,7.8,21.9,31764.9,33979.4,21.2,20647.16,,,,
4946,8/5/2026 14:43,21.75,8.63,7.63,21.71,31560.7,33906.6,21.15,20514.47,,,,
4947,8/5/2026 14:53,21.64,8.5,7.52,21.59,31607.9,34046.7,21.24,20545.13,,,,
4948,8/5/2026 15:03,21.49,6.92,6.11,21.45,31656.9,34210.4,21.35,20576.96,,,,
4949,8/5/2026 15:13,21.46,8.78,7.76,21.42,31455,34012.9,21.21,20445.74,,,,
4950,8/5/2026 15:23,21.44,8.85,7.82,21.39,31586.4,34175.9,21.32,20531.16,,,,
4951,8/5/2026 15:33,21.41,8.8,7.77,21.37,31690.3,34306.9,21.41,20598.69,,,,
4952,8/5/2026 15:43,21.2,8.37,7.38,21.16,31668.4,34444.4,21.49,20584.46,,,,
4953,8/5/2026 15:53,20.97,7.93,7,20.92,31322.8,34259.7,21.36,20359.79,,,,
4954,8/5/2026 16:03,20.71,7.66,6.75,20.66,31432.1,34580.4,21.57,20430.84,,,,
4955,8/5/2026 16:13,20.37,8.64,7.61,20.33,31226.9,34626.3,21.58,20297.47,,,,
4956,8/5/2026 16:23,19.94,8.33,7.33,19.91,30926.3,34626.6,21.56,20102.08,,,,
4957,8/5/2026 16:33,19.68,7.77,6.83,19.65,30931.3,34846.6,21.7,20105.32,,,,
4958,8/5/2026 16:43,19.48,8.54,7.51,19.45,30856.6,34924.7,21.74,20056.77,,,,
4959,8/5/2026 16:53,19.32,7.25,6.37,19.29,30674.3,34856.4,21.69,19938.33,,,,
4960,8/5/2026 17:03,19.19,7.41,6.51,19.15,30677.4,34971.6,21.76,19940.34,,,,
4961,8/5/2026 17:13,19.14,7.37,6.47,19.08,30670.6,35028.6,21.8,19935.88,,,,
4962,8/5/2026 17:23,19.09,6.69,5.88,19.03,30549,34932.1,21.73,19856.84,,,,
4963,8/5/2026 17:33,19.03,6.8,5.98,18.95,30389.4,34814.1,21.64,19753.09,,,,
4964,8/5/2026 17:43,19.02,7.77,6.82,18.97,30719.1,35176.8,21.89,19967.42,,,,
4965,8/5/2026 17:53,19.03,9.31,8.18,19,30602.3,35013.1,21.78,19891.51,,,,
4966,8/5/2026 18:03,19.36,10.28,9.03,19.36,30836,34975.5,21.77,20043.37,,,,
4967,8/5/2026 18:13,20.01,10.53,9.26,20.28,31393.4,34847.2,21.73,20405.7,,,,
4968,8/5/2026 18:23,20.85,10.4,9.16,20.88,31850.1,34865.2,21.77,20702.57,,,,
4969,8/5/2026 18:33,21.02,10.31,9.07,20.97,32057.3,35022.4,21.88,20837.26,,,,
4970,8/5/2026 18:43,21.16,10.22,8.99,21.09,32103.1,34971.9,21.86,20867,,,,
4971,8/5/2026 18:53,21.13,10.16,8.95,21.1,31829.1,34668.7,21.65,20688.89,,,,
4972,8/5/2026 19:03,21.37,9.94,8.76,21.35,31991.9,34649.9,21.64,20794.77,,,,
4973,8/5/2026 19:13,21.49,10.04,8.84,21.5,32461.7,35037.4,21.92,21100.08,,,,
4974,8/5/2026 19:23,21.68,10.03,8.83,21.67,32538.2,34987.4,21.89,21149.82,,,,
4975,8/5/2026 19:33,21.83,9.98,8.79,21.81,32533.8,34872.1,21.82,21146.95,,,,
4976,8/5/2026 19:43,21.99,9.85,8.68,22,32677.8,34874,21.83,21240.58,,,,
4977,8/5/2026 19:53,22.25,9.85,8.68,22.24,32938.2,34964.5,21.9,21409.84,,,,
4978,8/5/2026 20:03,22.48,9.77,8.61,22.49,33168,35014.5,21.94,21559.17,,,,
4979,8/5/2026 20:13,22.67,9.73,8.58,22.72,33023.6,34687.1,21.72,21465.34,,,,
4980,8/5/2026 20:23,22.89,9.61,8.47,22.91,33314.4,34842.8,21.84,21654.37,,,,
4981,8/5/2026 20:33,23.09,9.52,8.4,23.09,33225.4,34613,21.69,21596.54,,,,
4982,8/5/2026 20:43,23.34,9.34,8.24,23.34,33335.4,34541.5,21.64,21668.02,,,,
4983,8/5/2026 20:53,23.48,9.17,8.1,23.49,33367.6,34462.2,21.59,21688.94,,,,
4984,8/5/2026 21:03,23.68,9.04,7.99,23.68,33477.8,34430.1,21.58,21760.54,,,,
4985,8/5/2026 21:13,23.89,8.76,7.74,23.89,33568.8,34369.6,21.54,21819.73,,,,
4986,8/5/2026 21:23,24.07,8.62,7.62,24.06,33696.9,34376.1,21.55,21902.98,,,,
4987,8/5/2026 21:33,24.22,8.41,7.43,24.21,33840.8,34414,21.58,21996.54,,,,
4988,8/5/2026 21:43,24.3,8.27,7.31,24.28,33888.7,34411.7,21.58,22027.63,,,,
4989,8/5/2026 21:53,24.39,8.33,7.37,24.36,33809.1,34267,21.49,21975.9,,,,
4990,8/5/2026 22:03,24.42,8.07,7.14,24.4,33674.9,34102.5,21.37,21888.69,,,,
4991,8/5/2026 22:13,24.49,8.06,7.14,24.47,33535.9,33913.8,21.24,21798.31,,,,
4992,8/5/2026 22:23,24.54,7.93,7.02,24.52,33644.5,33984.4,21.3,21868.92,,,,
4993,8/5/2026 22:33,24.6,7.67,6.8,24.59,33410.5,33702.8,21.1,21716.86,,,,
4994,8/5/2026 22:43,24.68,7.57,6.71,24.66,33434.9,33673.4,21.08,21732.68,,,,
4995,8/5/2026 22:53,24.76,7.37,6.54,24.74,33262.9,33442.5,20.93,21620.92,,,,
4996,8/5/2026 23:03,24.82,7.03,6.24,24.81,33459.4,33595,21.03,21748.61,,,,
4997,8/5/2026 23:13,24.86,6.58,5.85,24.84,33059.4,33172.2,20.74,21488.61,,,,
4998,8/5/2026 23:23,24.87,6,5.33,24.84,33168.2,33277.1,20.82,21559.3,,,,
4999,8/5/2026 23:33,24.9,5.81,5.17,24.87,32852.8,32943.9,20.59,21354.33,,,,
5000,8/5/2026 23:43,24.89,5.17,4.6,24.87,32567.2,32659.6,20.39,21168.69,,,,
5001,8/5/2026 23:53,24.9,3.48,3.1,24.87,32674.2,32766.9,20.46,21238.21,,,,
5002,8/6/2026 0:03,24.81,2.16,1.92,24.8,32503.4,32643.4,20.38,21127.19,,,,
5003,8/6/2026 0:13,24.78,3.02,2.69,24.77,32404.6,32565,20.32,21063.01,,,,
5004,8/6/2026 0:23,24.81,2.81,2.51,24.78,32313.1,32464.8,20.25,21003.5,,,,
5005,8/6/2026 0:33,24.84,3,2.67,24.81,32368.2,32495.2,20.28,21039.3,,,,
5006,8/6/2026 0:43,24.84,3.32,2.96,24.81,32363.1,32494.3,20.28,21036,,,,
5007,8/6/2026 0:53,24.82,4.21,3.75,24.78,32507.9,32656.3,20.39,21130.14,,,,
5008,8/6/2026 1:03,24.78,3.89,3.46,24.75,32736.9,32907.3,20.56,21278.96,,,,
5009,8/6/2026 1:13,24.61,4.39,3.91,24.58,32594.4,32885.8,20.54,21186.35,,,,
5010,8/6/2026 1:23,24.32,5.4,4.79,24.28,32868.6,33373.8,20.87,21364.61,,,,
5011,8/6/2026 1:33,24.13,5.81,5.16,24.09,32805.1,33444.7,20.91,21323.32,,,,
5012,8/6/2026 1:43,23.99,6.67,5.92,23.94,32810.2,33558.2,20.98,21326.66,,,,
5013,8/6/2026 1:53,23.81,6.23,5.52,23.76,32808.5,33687,21.07,21325.51,,,,
5014,8/6/2026 2:03,23.69,5.71,5.06,23.64,32813.5,33777.6,21.13,21328.75,,,,
5015,8/6/2026 2:13,23.53,6.95,6.15,23.48,32885.8,33969.1,21.25,21375.78,,,,
5016,8/6/2026 2:23,23.46,6.64,5.88,23.42,32639,33758.2,21.11,21215.37,,,,
5017,8/6/2026 2:33,23.41,7.19,6.37,23.38,32384.7,33523.5,20.94,21050.04,,,,
5018,8/6/2026 2:43,23.4,7.5,6.65,23.35,32502.4,33667.4,21.04,21126.57,,,,
5019,8/6/2026 2:53,23.14,8.07,7.11,23.06,33581.6,35011.6,21.96,21828.06,,,,
5020,8/6/2026 3:03,22.78,8.05,7.07,22.68,34169,35918.7,22.58,22209.85,,,,
5021,8/6/2026 3:13,22.53,8.3,7.22,22.44,36079.2,38128.3,24.11,23451.48,,,,
5022,8/6/2026 3:23,22.23,8.39,7.22,22.13,38309.7,40764.2,25.95,24901.28,,,,
5023,8/6/2026 3:33,22.03,8.23,7.1,21.97,37713.9,40280.9,25.6,24514.02,,,,
5024,8/6/2026 3:43,21.93,8.27,7.11,21.86,38275.1,40976.5,26.08,24878.8,,,,
5025,8/6/2026 3:53,21.79,8.19,7.02,21.73,38738.5,41592.8,26.51,25180.05,,,,
5026,8/6/2026 4:03,21.67,8,6.86,21.61,38472.7,41421.7,26.38,25007.26,,,,
5027,8/6/2026 4:13,21.58,8.05,6.9,21.53,38481.8,41507.1,26.44,25013.17,,,,
5028,8/6/2026 4:23,21.53,7.12,6.09,21.48,38733.2,41823.5,26.66,25176.6,,,,
5029,8/6/2026 4:33,21.51,7.01,6.04,21.45,37267.9,40265.8,25.56,24224.11,,,,
5030,8/6/2026 4:43,21.42,6.1,5.23,21.36,38192,41353.8,26.32,24824.79,,,,
5031,8/6/2026 4:53,21.17,6.29,5.39,21.1,37918.9,41299,26.27,24647.26,,,,
5032,8/6/2026 5:03,21.02,6.54,5.61,20.99,37623.2,41086.2,26.11,24455.06,,,,
5033,8/6/2026 5:13,20.96,6.77,5.81,20.92,37469.6,40980.2,26.04,24355.27,,,,
5034,8/6/2026 5:23,20.88,6.85,5.88,20.84,37412.4,40990.5,26.04,24318.07,,,,
5035,8/6/2026 5:33,20.77,6.55,5.62,20.74,37352.4,41026,26.06,24279.03,,,,
5036,8/6/2026 5:43,20.73,6.05,5.2,20.7,37310.2,41013.5,26.05,24251.61,,,,
5037,8/6/2026 5:53,20.63,5.89,5.05,20.56,37307.2,41146,26.13,24249.7,,,,
5038,8/6/2026 6:03,20.6,6.68,5.74,20.56,37089.4,40905.8,25.96,24108.11,,,,
5039,8/6/2026 6:13,20.61,7.98,6.85,20.6,37113,40889.5,25.95,24123.46,,,,
5040,8/6/2026 6:23,20.76,8.72,7.47,20.78,37859.9,41540.6,26.42,24608.92,,,,
5041,8/6/2026 6:33,20.95,9.06,7.78,20.94,37394.3,40875.4,25.96,24306.32,,,,
5042,8/6/2026 6:43,21.03,9.05,7.78,20.99,37196.7,40614.9,25.78,24177.88,,,,
5043,8/6/2026 6:53,21.1,8.79,7.55,21.09,37603.8,40969.8,26.04,24442.46,,,,
5044,8/6/2026 7:03,21.19,8.92,7.67,21.16,37366.1,40647,25.81,24287.94,,,,
5045,8/6/2026 7:13,21.38,9.05,7.8,21.36,37261.4,40349,25.61,24219.94,,,,
5046,8/6/2026 7:23,21.47,9.01,7.76,21.45,37373.9,40380.4,25.64,24293.06,,,,
5047,8/6/2026 7:33,21.55,8.88,7.65,21.53,37198.2,40125.2,25.47,24178.8,,,,
5048,8/6/2026 7:43,21.62,8.87,7.65,21.62,37203.9,40050.2,25.42,24182.53,,,,
5049,8/6/2026 7:53,21.72,8.86,7.64,21.69,37430,40223.1,25.54,24329.53,,,,
5050,8/6/2026 8:03,21.83,8.8,7.58,21.84,37533.9,40204.5,25.54,24397.01,,,,
5051,8/6/2026 8:13,21.99,8.76,7.54,21.97,37792.1,40356.4,25.65,24564.86,,,,
5052,8/6/2026 8:23,22.12,8.81,7.59,22.12,37883.4,40321.5,25.63,24624.24,,,,
5053,8/6/2026 8:33,22.3,8.82,7.6,22.32,38157.4,40437.3,25.72,24802.29,,,,
5054,8/6/2026 8:43,22.49,8.72,7.52,22.51,38170.9,40279.9,25.62,24811.09,,,,
5055,8/6/2026 8:53,22.68,8.71,7.52,22.7,38159.8,40100.6,25.5,24803.89,,,,
5056,8/6/2026 9:03,22.85,8.55,7.38,22.85,38198.4,40000.9,25.44,24828.98,,,,
5057,8/6/2026 9:13,22.99,8.31,7.18,23,38258.7,39937.6,25.4,24868.12,,,,
5058,8/6/2026 9:23,23.13,8.07,6.98,23.13,38202.2,39766.2,25.29,24831.41,,,,
5059,8/6/2026 9:33,23.27,8.02,6.93,23.28,38224.1,39659,25.22,24845.67,,,,
5060,8/6/2026 9:43,23.43,8.02,6.94,23.44,38235.8,39531.4,25.13,24853.28,,,,
5061,8/6/2026 9:53,23.58,7.96,6.89,23.58,38295.8,39469.8,25.1,24892.29,,,,
5062,8/6/2026 10:03,23.7,7.8,6.75,23.7,38291.5,39365.4,25.03,24889.5,,,,
5063,8/6/2026 10:13,23.81,7.84,6.8,23.79,38008.8,39001.3,24.77,24705.69,,,,
5064,8/6/2026 10:23,23.89,7.69,6.66,23.88,38349.6,39269.5,24.97,24927.22,,,,
5065,8/6/2026 10:33,23.99,7.47,6.48,23.98,38130.2,38961.6,24.75,24784.65,,,,
5066,8/6/2026 10:43,24.11,7.54,6.55,24.12,38136.6,38852.6,24.68,24788.78,,,,
5067,8/6/2026 10:53,24.27,7.22,6.27,24.3,38237,38804.7,24.65,24854.08,,,,
5068,8/6/2026 11:03,24.46,7.02,6.12,24.48,37595.6,38014.4,24.1,24437.12,,,,
5069,8/6/2026 11:13,24.64,7.06,6.17,24.64,37169.2,37448.7,23.71,24159.96,,,,
5070,8/6/2026 11:23,24.83,6.91,6.04,24.81,37224.1,37375,23.67,24195.65,,,,
5071,8/6/2026 11:33,24.91,6.76,5.92,24.91,37122.3,37189.8,23.54,24129.52,,,,
5072,8/6/2026 11:43,25.08,6.31,5.53,25.08,37070,37005.4,23.41,24095.52,,,,
5073,8/6/2026 11:53,25.3,5.6,4.91,25.38,37225.3,36932.7,23.37,24196.46,,,,
5074,8/6/2026 12:03,25.6,3.64,3.19,25.56,37259.3,36824.4,23.3,24218.55,,,,
5075,8/6/2026 12:13,25.49,4.73,4.15,25.46,36992.2,36638.9,23.17,24044.95,,,,
5076,8/6/2026 12:23,25.49,5.17,4.54,25.47,36924.5,36560.3,23.11,24000.9,,,,
5077,8/6/2026 12:33,25.48,4.99,4.38,25.47,36722.6,36367.3,22.98,23869.71,,,,
5078,8/6/2026 12:43,25.32,5.44,4.76,25.27,36989.6,36782.5,23.26,24043.22,,,,
5079,8/6/2026 12:53,25.31,5.39,4.73,25.33,36693.2,36437,23.02,23850.58,,,,
5080,8/6/2026 13:03,25.43,6.1,5.35,25.42,37153.8,36826.9,23.3,24150,,,,
5081,8/6/2026 13:13,25.49,6.78,5.94,25.43,37099.9,36764.2,23.26,24114.95,,,,
5082,8/6/2026 13:23,25.25,7.15,6.26,25.22,37209.2,37036,23.44,24185.96,,,,
5083,8/6/2026 13:33,25.21,7.34,6.43,25.17,37192.1,37061.3,23.46,24174.88,,,,
5084,8/6/2026 13:43,25.21,8.01,7,25.18,37579.3,37440.1,23.72,24426.57,,,,
5085,8/6/2026 13:53,24.91,8.63,7.54,24.82,37417.2,37559.3,23.8,24321.17,,,,
5086,8/6/2026 14:03,24.85,8.83,7.69,24.83,38139.5,38277,24.3,24790.7,,,,
5087,8/6/2026 14:13,24.77,9.26,8.07,24.72,37769,37989.9,24.09,24549.84,,,,
5088,8/6/2026 14:23,24.7,9.37,8.16,24.63,37910.9,38205.8,24.24,24642.1,,,,
5089,8/6/2026 14:33,24.39,9.46,8.24,24.26,37468.7,38059.2,24.13,24354.67,,,,
5090,8/6/2026 14:43,24,8.71,7.55,23.9,38317,39223.5,24.93,24906.06,,,,
5091,8/6/2026 14:53,23.55,8.97,7.78,23.46,37629.2,38886.4,24.68,24458.96,,,,
5092,8/6/2026 15:03,23.28,9.52,8.28,23.2,36943.9,38398.4,24.33,24013.52,,,,
5093,8/6/2026 15:13,23.05,9.33,8.12,22.95,36421.5,38062.3,24.08,23673.94,,,,
5094,8/6/2026 15:23,22.77,9.13,7.94,22.68,36475.1,38342.9,24.27,23708.84,,,,
5095,8/6/2026 15:33,22.54,9.5,8.26,22.48,36162.6,38181,24.14,23505.72,,,,
5096,8/6/2026 15:43,22.5,9.11,7.92,22.46,36407.5,38462.5,24.34,23664.85,,,,
5097,8/6/2026 15:53,22.44,9.19,7.98,22.4,36434.9,38537.5,24.39,23682.66,,,,
5098,8/6/2026 16:03,22.44,9.14,7.96,22.41,35942.7,38011.8,24.02,23362.73,,,,
5099,8/6/2026 16:13,22.47,9.15,7.95,22.43,36277.5,38350.6,24.26,23580.36,,,,
5100,8/6/2026 16:23,22.37,8.76,7.63,22.32,35759.7,37896.4,23.94,23243.82,,,,
5101,8/6/2026 16:33,22.26,8.73,7.6,22.2,35705.4,37934.8,23.96,23208.54,,,,
5102,8/6/2026 16:43,22.08,9.12,7.95,22.02,35317.9,37676.4,23.77,22956.63,,,,
5103,8/6/2026 16:53,21.86,9.26,8.07,21.81,34952.8,37462.4,23.61,22719.31,,,,
5104,8/6/2026 17:03,21.64,9.08,7.91,21.57,34954.3,37671.7,23.75,22720.27,,,,
5105,8/6/2026 17:13,21.18,8.56,7.45,21.09,34542.6,37634.6,23.7,22452.68,,,,
5106,8/6/2026 17:23,20.64,8.7,7.57,20.58,34269.5,37772.3,23.77,22275.18,,,,
5107,8/6/2026 17:33,20.47,8.74,7.61,20.42,34097.3,37725.5,23.73,22163.22,,,,
5108,8/6/2026 17:43,19.96,8.49,7.38,19.93,33596.9,37600.9,23.62,21837.96,,,,
5109,8/6/2026 17:53,19.91,8.54,7.43,19.87,33627.9,37685.7,23.67,21858.13,,,,
5110,8/6/2026 18:03,19.67,8.17,7.1,19.64,33410.3,37644.8,23.63,21716.72,,,,
5111,8/6/2026 18:13,19.53,7.78,6.78,19.49,32818.5,37111.1,23.25,21332.01,,,,
5112,8/6/2026 18:23,19.34,7.78,6.78,19.29,32547.6,36985,23.15,21155.94,,,,
5113,8/6/2026 18:33,19.18,8.23,7.18,19.07,32485.2,37103.7,23.22,21115.37,,,,
5114,8/6/2026 18:43,19.13,9.84,8.57,19.06,32430.7,37052,23.19,21079.96,,,,
5115,8/6/2026 18:53,19.45,10.72,9.34,19.63,32861.7,37042.3,23.21,21360.09,,,,
5116,8/6/2026 19:03,20.25,10.88,9.47,20.4,33800.4,37412.6,23.51,21970.28,,,,
5117,8/6/2026 19:13,21.03,10.91,9.5,21.16,34654.2,37694.4,23.74,22525.21,,,,
5118,8/6/2026 19:23,21.44,10.79,9.36,21.46,35857,38733.6,24.49,23307.06,,,,
5119,8/6/2026 19:33,21.73,10.59,9.18,21.77,36242.4,38881.3,24.6,23557.58,,,,
5120,8/6/2026 19:43,22.01,10.39,9,22.05,36610.2,39028.9,24.72,23796.6,,,,
5121,8/6/2026 19:53,22.3,10.2,8.84,22.35,36835.4,39010.4,24.72,23943,,,,
5122,8/6/2026 20:03,22.51,10.02,8.68,22.52,37102.9,39142.5,24.82,24116.88,,,,
5123,8/6/2026 20:13,22.65,9.85,8.54,22.66,37082.6,38997,24.72,24103.71,,,,
5124,8/6/2026 20:23,22.75,9.75,8.45,22.76,37235.6,39077.7,24.79,24203.16,,,,
5125,8/6/2026 20:33,22.93,9.57,8.29,22.92,37565.8,39279,24.93,24417.79,,,,
5126,8/6/2026 20:43,23.12,9.36,8.11,23.15,37652.4,39178.6,24.87,24474.09,,,,
5127,8/6/2026 20:53,23.29,9.28,8.04,23.32,37673.8,39052.2,24.79,24487.98,,,,
5128,8/6/2026 21:03,23.44,9.13,7.92,23.41,37576.9,38878,24.67,24424.95,,,,
5129,8/6/2026 21:13,23.56,8.94,7.77,23.55,37446.6,38619.6,24.5,24340.26,,,,
5130,8/6/2026 21:23,23.73,8.86,7.68,23.71,38214.7,39276.3,24.96,24839.58,,,,
5131,8/6/2026 21:33,23.95,8.45,7.34,24.01,37909.7,38716.3,24.58,24641.31,,,,
5132,8/6/2026 21:43,24.12,8.19,7.11,24.16,38093.9,38779.1,24.63,24761.04,,,,
5133,8/6/2026 21:53,24.25,8.02,6.96,24.25,38292.4,38905.9,24.72,24890.06,,,,
5134,8/6/2026 22:03,24.4,7.98,6.92,24.4,38667.3,39163.3,24.91,25133.72,,,,
5135,8/6/2026 22:13,24.54,7.66,6.66,24.56,38529.9,38889.3,24.72,25044.44,,,,
5136,8/6/2026 22:23,24.7,7.58,6.59,24.71,38448,38680.2,24.58,24991.17,,,,
5137,8/6/2026 22:33,24.86,7.34,6.38,24.87,38558.8,38663.3,24.57,25063.24,,,,
5138,8/6/2026 22:43,25.02,7.11,6.19,25.03,38517.4,38496.7,24.46,25036.32,,,,
5139,8/6/2026 22:53,25.14,6.85,5.96,25.14,38646.2,38529.8,24.49,25120,,,,
5140,8/6/2026 23:03,25.24,6.86,5.98,25.24,38414.7,38223.9,24.28,24969.54,,,,
5141,8/6/2026 23:13,25.31,6.76,5.89,25.3,38507.9,38265.7,24.31,25030.16,,,,
5142,8/6/2026 23:23,25.36,6.73,5.86,25.35,38539.8,38261,24.3,25050.84,,,,
5143,8/6/2026 23:33,25.45,6.61,5.75,25.45,38820.5,38454.6,24.44,25233.32,,,,
5144,8/6/2026 23:43,25.55,6.45,5.62,25.57,38897.4,38440.9,24.44,25283.32,,,,
5145,8/6/2026 23:53,25.64,6.24,5.45,25.65,38252.5,37736.9,23.94,24864.11,,,,
5146,8/7/2026 0:03,25.75,6.03,5.26,25.75,38555,37958.9,24.1,25060.73,,,,
5147,8/7/2026 0:13,25.82,5.77,5.05,25.83,38307.3,37653.4,23.89,24899.72,,,,
5148,8/7/2026 0:23,25.88,5.55,4.85,25.88,38277.1,37583.7,23.84,24880.13,,,,
5149,8/7/2026 0:33,25.93,5.19,4.54,25.92,38080.2,37357.5,23.69,24752.14,,,,
5150,8/7/2026 0:43,25.95,4.82,4.22,25.94,37879,37148.5,23.54,24621.38,,,,
5151,8/7/2026 0:53,25.84,3.26,2.86,25.79,37793.3,37173.9,23.55,24565.62,,,,
5152,8/7/2026 1:03,25.84,1.37,1.2,25.84,37360.7,36716.1,23.23,24284.44,,,,
5153,8/7/2026 1:13,25.87,1.39,1.22,25.86,37185.6,36527.9,23.1,24170.62,,,,
5154,8/7/2026 1:23,25.87,1.96,1.72,25.85,36442.1,35804.3,22.6,23687.33,,,,
5155,8/7/2026 1:33,25.92,2.57,2.26,25.89,36520.3,35847.4,22.63,23738.18,,,,
5156,8/7/2026 1:43,25.9,2.66,2.34,25.87,36035.6,35387.2,22.31,23423.11,,,,
5157,8/7/2026 1:53,25.87,2.97,2.61,25.85,36527,35890,22.66,23742.54,,,,
5158,8/7/2026 2:03,25.78,3.47,3.05,25.75,36128.2,35565.2,22.43,23483.36,,,,
5159,8/7/2026 2:13,25.6,4.15,3.66,25.53,35741,35348.3,22.27,23231.68,,,,
5160,8/7/2026 2:23,25.17,5.08,4.46,25.1,36147.4,36070.6,22.76,23495.8,,,,
5161,8/7/2026 2:33,25.02,5.8,5.11,24.98,35539,35551.5,22.4,23100.35,,,,
5162,8/7/2026 2:43,24.89,5.63,4.95,24.82,35518.5,35653.4,22.46,23087.04,,,,
5163,8/7/2026 2:53,24.71,6.29,5.52,24.65,35778.2,36045,22.73,23255.86,,,,
5164,8/7/2026 3:03,24.6,6.15,5.39,24.55,36233.6,36578.5,23.1,23551.81,,,,
5165,8/7/2026 3:13,24.5,6.42,5.67,24.44,34309.3,34716,21.8,22301.07,,,,
5166,8/7/2026 3:23,24.43,6.66,5.89,24.39,33882,34321,21.52,22023.29,,,,
5167,8/7/2026 3:33,24.4,6.52,5.77,24.37,33931.3,34388.6,21.57,22055.31,,,,
5168,8/7/2026 3:43,24.35,6.6,5.81,24.29,34603.3,35123.8,22.08,22492.14,,,,
5169,8/7/2026 3:53,24.1,7.33,6.46,24,34483.9,35222.1,22.14,22414.54,,,,
5170,8/7/2026 4:03,23.84,7.45,6.55,23.77,34637.7,35556,22.36,22514.5,,,,
5171,8/7/2026 4:13,23.6,7.44,6.55,23.53,34286.7,35379.2,22.23,22286.34,,,,
5172,8/7/2026 4:23,23.32,7.17,6.31,23.23,33960.4,35269.8,22.15,22074.26,,,,
5173,8/7/2026 4:33,23.06,7.37,6.49,23,33565.1,35035.8,21.97,21817.32,,,,
5174,8/7/2026 4:43,22.93,7.01,6.17,22.88,33863.9,35440.9,22.25,22011.56,,,,
5175,8/7/2026 4:53,22.83,7.13,6.28,22.78,33541.1,35181.8,22.07,21801.72,,,,
5176,8/7/2026 5:03,22.71,6.71,5.92,22.67,33243.4,34957.3,21.91,21608.23,,,,
5177,8/7/2026 5:13,22.67,8.04,7.07,22.62,33524.2,35285.2,22.13,21790.72,,,,
5178,8/7/2026 5:23,22.56,7.08,6.24,22.51,32921.5,34740.5,21.75,21398.99,,,,
5179,8/7/2026 5:33,22.5,6.94,6.12,22.46,32827.8,34676.1,21.71,21338.04,,,,
5180,8/7/2026 5:43,22.52,6.85,6.05,22.48,32704.7,34532.4,21.61,21258.08,,,,
5181,8/7/2026 5:53,22.39,6.15,5.42,22.34,32756.5,34692.9,21.71,21291.7,,,,
5182,8/7/2026 6:03,22.19,6.08,5.36,22.14,32545.8,34626.4,21.66,21154.74,,,,
5183,8/7/2026 6:13,21.99,6.25,5.51,21.96,32350.7,34557.3,21.61,21027.96,,,,
5184,8/7/2026 6:23,21.85,6.15,5.42,21.82,32580.9,34908.6,21.84,21177.61,,,,
5185,8/7/2026 6:33,21.77,5.38,4.74,21.68,32174.1,34588.9,21.62,20913.17,,,,
5186,8/7/2026 6:43,21.56,4.89,4.31,21.5,32183.3,34734.6,21.71,20919.16,,,,
5187,8/7/2026 6:53,21.37,4.36,3.84,21.23,32095.1,34851.5,21.78,20861.83,,,,
5188,8/7/2026 7:03,21.31,6.72,5.91,21.28,32314,35051,21.92,21004.11,,,,
5189,8/7/2026 7:13,21.45,8.15,7.17,21.49,32299.3,34871.5,21.8,20994.52,,,,
5190,8/7/2026 7:23,21.66,8.18,7.22,21.67,32194.9,34615.9,21.63,20926.66,,,,
5191,8/7/2026 7:33,21.88,8.34,7.35,21.88,32376.8,34647.9,21.66,21044.92,,,,
5192,8/7/2026 7:43,22.02,8.37,7.38,22.01,32438.8,34609.7,21.64,21085.24,,,,
5193,8/7/2026 7:53,22.24,8.26,7.29,22.22,32388.5,34394.8,21.5,21052.55,,,,
5194,8/7/2026 8:03,22.5,8.48,7.49,22.52,32609.4,34399.8,21.52,21196.11,,,,
5195,8/7/2026 8:13,22.58,8.62,7.61,22.57,32712.4,34469.5,21.57,21263.07,,,,
5196,8/7/2026 8:23,22.67,8.54,7.55,22.64,32690.6,34391.8,21.52,21248.87,,,,
5197,8/7/2026 8:33,22.76,8.84,7.8,22.77,32922.7,34542.3,21.63,21399.75,,,,
5198,8/7/2026 8:43,22.83,8.77,7.73,22.79,33076.7,34685.5,21.72,21499.86,,,,
5199,8/7/2026 8:53,22.93,8.79,7.76,22.99,32852.2,34300.7,21.47,21353.92,,,,
5200,8/7/2026 9:03,23.08,8.94,7.89,23.07,33206.7,34609.4,21.68,21584.36,,,,
5201,8/7/2026 9:13,23.22,8.78,7.75,23.22,33322.9,34614.5,21.69,21659.87,,,,
5202,8/7/2026 9:23,23.42,8.8,7.77,23.44,33288.2,34413.9,21.56,21637.33,,,,
5203,8/7/2026 9:33,23.57,8.79,7.77,23.57,33084.1,34107.2,21.35,21504.7,,,,
5204,8/7/2026 9:43,23.77,8.74,7.72,23.79,33542.8,34420.9,21.58,21802.79,,,,
5205,8/7/2026 9:53,23.95,8.55,7.56,23.98,33485.1,34219.6,21.44,21765.29,,,,
5206,8/7/2026 10:03,24.17,8.54,7.56,24.18,33545.8,34133.8,21.39,21804.79,,,,
5207,8/7/2026 10:13,24.37,8.49,7.51,24.38,33745.3,34191.4,21.43,21934.46,,,,
5208,8/7/2026 10:23,24.58,8.34,7.4,24.62,33332,33602,21.03,21665.79,,,,
5209,8/7/2026 10:33,24.8,8.28,7.35,24.81,33418.5,33551.8,21,21722,,,,
5210,8/7/2026 10:43,25.01,8.2,7.27,25,33735.9,33737.1,21.14,21928.35,,,,
5211,8/7/2026 10:53,25.18,8.17,7.25,25.17,33710.7,33592.1,21.04,21911.93,,,,
5212,8/7/2026 11:03,25.34,8.22,7.3,25.37,33775.7,33518.7,21,21954.2,,,,
5213,8/7/2026 11:13,25.49,8,7.1,25.5,33703.9,33354.6,20.89,21907.54,,,,
5214,8/7/2026 11:23,25.66,7.9,7.02,25.7,33829.5,33342.1,20.88,21989.21,,,,
5215,8/7/2026 11:33,25.85,8.02,7.13,25.86,33813.8,33215.8,20.8,21978.96,,,,
5216,8/7/2026 11:43,26.06,7.98,7.09,26.07,34248.1,33495.2,21,22261.29,,,,
5217,8/7/2026 11:53,26.17,7.81,6.94,26.18,34187.5,33362.8,20.91,22221.89,,,,
5218,8/7/2026 12:03,26.35,7.6,6.76,26.37,34245.5,33290.4,20.86,22259.6,,,,
5219,8/7/2026 12:13,26.54,7.24,6.44,26.54,34304.5,33229.6,20.82,22297.93,,,,
5220,8/7/2026 12:23,26.67,6.93,6.18,26.67,34172.4,33011.3,20.67,22212.05,,,,
5221,8/7/2026 12:33,26.86,6.65,5.92,26.88,34247.8,32949.1,20.64,22261.06,,,,
5222,8/7/2026 12:43,26.98,5.92,5.28,27,34286.4,32902.7,20.61,22286.18,,,,
5223,8/7/2026 12:53,27.17,6.05,5.39,27.19,34463.5,32950.4,20.64,22401.26,,,,
5224,8/7/2026 13:03,27.24,4.88,4.35,27.22,34477.5,32943.5,20.64,22410.35,,,,
5225,8/7/2026 13:13,27.33,5.89,5.25,27.29,34601,33012.6,20.69,22490.63,,,,
5226,8/7/2026 13:23,27.32,6.05,5.4,27.32,34507.1,32904.8,20.61,22429.59,,,,
5227,8/7/2026 13:33,27.46,5.7,5.08,27.38,34312.4,32681,20.46,22303.07,,,,
5228,8/7/2026 13:43,27.11,5.99,5.34,27.08,34088,32663.8,20.44,22157.18,,,,
5229,8/7/2026 13:53,27.21,6.83,6.1,27.19,33885.1,32393.4,20.26,22025.31,,,,
5230,8/7/2026 14:03,27.31,6.71,5.99,27.3,34166.8,32592.3,20.4,22208.4,,,,
5231,8/7/2026 14:13,27.33,7.88,7.03,27.32,34331.8,32739.7,20.5,22315.65,,,,
5232,8/7/2026 14:23,27.22,6.93,6.17,27.17,34630.3,33122.1,20.76,22509.66,,,,
5233,8/7/2026 14:33,26.95,7.59,6.76,26.89,34299.8,32990.9,20.66,22294.85,,,,
5234,8/7/2026 14:43,26.53,9.38,8.34,26.49,34374.9,33331,20.89,22343.71,,,,
5235,8/7/2026 14:53,26.4,9.12,8.11,26.42,34337.4,33342.3,20.9,22319.34,,,,
5236,8/7/2026 15:03,26.35,9.22,8.2,26.33,34141.5,33216.2,20.81,22192,,,,
5237,8/7/2026 15:13,26.36,9.81,8.71,26.34,34522.4,33578.3,21.06,22439.53,,,,
5238,8/7/2026 15:23,26.22,9.78,8.69,26.15,34351.1,33541.3,21.03,22328.21,,,,
5239,8/7/2026 15:33,25.8,9.85,8.74,25.71,34269.1,33764.7,21.17,22274.88,,,,
5240,8/7/2026 15:43,25.33,9.76,8.65,25.2,34016.6,33875.5,21.24,22110.78,,,,
5241,8/7/2026 15:53,24.96,9.86,8.75,24.89,33645.5,33721.7,21.12,21869.59,,,,
5242,8/7/2026 16:03,24.77,9.99,8.86,24.7,33513.6,33724.7,21.12,21783.84,,,,
5243,8/7/2026 16:13,24.49,10.14,8.99,24.42,33243,33656.5,21.07,21607.96,,,,
5244,8/7/2026 16:23,24.14,10.13,8.99,24.06,32901.4,33564.5,20.99,21385.89,,,,
5245,8/7/2026 16:33,23.87,9.74,8.63,23.83,32922.8,33754.1,21.12,21399.84,,,,
5246,8/7/2026 16:43,23.88,9.68,8.58,23.84,32908.6,33728.6,21.1,21390.6,,,,
5247,8/7/2026 16:53,23.82,9.98,8.85,23.79,32668.9,33524.2,20.96,21234.8,,,,
5248,8/7/2026 17:03,23.81,9.69,8.6,23.76,32521.2,33389.9,20.86,21138.8,,,,
5249,8/7/2026 17:13,23.67,9.66,8.56,23.6,32713.9,33701.4,21.07,21264.05,,,,
5250,8/7/2026 17:23,23.48,9.5,8.42,23.43,32511.3,33617.2,21.01,21132.31,,,,
5251,8/7/2026 17:33,23.24,9.85,8.74,23.17,32154.5,33438,20.88,20900.41,,,,
5252,8/7/2026 17:43,23.06,9.52,8.44,23.01,32043.9,33443.5,20.88,20828.54,,,,
5253,8/7/2026 17:53,22.8,9.53,8.25,22.75,37413.5,39269.6,24.92,24318.8,,,,
5254,8/7/2026 18:03,22.45,9.09,7.88,22.38,36905.2,39055.7,24.75,23988.39,,,,
5255,8/7/2026 18:13,21.8,8.54,7.38,21.68,36735.6,39484.8,25.02,23878.14,,,,
5256,8/7/2026 18:23,21.41,8.7,7.53,21.34,36053.6,39054.3,24.7,23434.82,,,,
5257,8/7/2026 18:33,21.15,8.64,7.48,21.07,35614.1,38820.5,24.53,23149.15,,,,
5258,8/7/2026 18:43,20.71,9.53,8.25,20.66,35487.9,39045.2,24.66,23067.11,,,,
5259,8/7/2026 18:53,20.21,8.83,7.64,20.14,34906.1,38870.4,24.51,22688.93,,,,
5260,8/7/2026 19:03,19.95,8.53,7.39,19.9,34594.1,38746.8,24.41,22486.16,,,,
5261,8/7/2026 19:13,19.83,7.84,6.79,19.79,34194.1,38395.5,24.16,22226.17,,,,
5262,8/7/2026 19:23,19.76,6.95,6.02,19.72,34248.6,38518.9,24.24,22261.62,,,,
5263,8/7/2026 19:33,19.68,7.79,6.75,19.6,34134.2,38503.8,24.23,22187.25,,,,
5264,8/7/2026 19:43,19.65,10.41,9.03,19.6,33906.3,38241.3,24.04,22039.06,,,,
5265,8/7/2026 19:53,20.06,10.79,9.38,20.23,34154.4,37956.7,23.88,22200.33,,,,
5266,8/7/2026 20:03,21.06,10.99,9.56,21.18,34893.3,37933.9,23.91,22680.66,,,,
5267,8/7/2026 20:13,21.63,11.04,9.59,21.85,35704.7,38235,24.15,23208.07,,,,
5268,8/7/2026 20:23,22.29,10.81,9.4,22.29,35814.4,37977.1,23.99,23279.36,,,,
5269,8/7/2026 20:33,22.46,10.7,9.27,22.47,36960.3,39033.5,24.74,24024.17,,,,
5270,8/7/2026 20:43,22.79,10.49,9.12,22.84,36579.2,38317.9,24.26,23776.45,,,,
5271,8/7/2026 20:53,23.17,10.24,8.91,23.18,36761.2,38223.6,24.2,23894.78,,,,
5272,8/7/2026 21:03,23.41,10.06,8.75,23.4,37036.8,38324.2,24.28,24073.9,,,,
5273,8/7/2026 21:13,23.6,9.69,8.43,23.57,37027.7,38170.3,24.18,24068.02,,,,
5274,8/7/2026 21:23,23.79,9.5,8.27,23.81,37174.2,38127.6,24.16,24163.23,,,,
5275,8/7/2026 21:33,24.04,9.34,8.14,24.1,37149.7,37864.3,23.99,24147.32,,,,
5276,8/7/2026 21:43,24.21,9.2,8.03,24.23,36972.4,37579.3,23.79,24032.08,,,,
5277,8/7/2026 21:53,24.34,8.92,7.8,24.39,36624.5,37101.4,23.46,23805.9,,,,
5278,8/7/2026 22:03,24.5,8.62,7.55,24.47,36428.6,36836.8,23.28,23678.59,,,,
5279,8/7/2026 22:13,24.64,8.49,7.44,24.6,36212.9,36518,23.06,23538.41,,,,
5280,8/7/2026 22:23,24.8,8.65,7.6,24.79,35744.3,35905.2,22.64,23233.79,,,,
5281,8/7/2026 22:33,24.99,8.14,7.17,25,35697.5,35696.4,22.5,23203.35,,,,
5282,8/7/2026 22:43,25.22,7.94,7,25.23,35410.9,35237.2,22.18,23017.05,,,,
5283,8/7/2026 22:53,25.36,7.62,6.71,25.36,35809.4,35543.6,22.4,23276.09,,,,
5284,8/7/2026 23:03,25.5,7.7,6.79,25.53,35637.7,35246.2,22.2,23164.52,,,,
5285,8/7/2026 23:13,25.67,7.35,6.49,25.71,35476.6,34954.5,22,23059.79,,,,
5286,8/7/2026 23:23,25.84,6.99,6.18,25.86,35662.4,35029.5,22.06,23180.53,,,,
5287,8/7/2026 23:33,25.99,6.58,5.81,26,35724.2,34989.1,22.03,23220.72,,,,
5288,8/7/2026 23:43,26.13,6.15,5.43,26.15,35711.1,34869.2,21.95,23212.19,,,,
5289,8/7/2026 23:53,26.27,6.15,5.43,26.27,35829.4,34901.9,21.98,23289.14,,,,
5290,8/8/2026 0:03,26.37,5.94,5.26,26.36,35504.5,34518.5,21.71,23077.94,,,,
5291,8/8/2026 0:13,26.44,5.66,5.01,26.44,35571.1,34527.4,21.72,23121.24,,,,
5292,8/8/2026 0:23,26.51,5.24,4.64,26.5,35539.1,34455.5,21.67,23100.44,,,,
5293,8/8/2026 0:33,26.58,5.83,5.17,26.57,35252.3,34124.4,21.44,22914.01,,,,
5294,8/8/2026 0:43,26.68,5.43,4.81,26.68,35073.2,33875.2,21.27,22797.57,,,,
5295,8/8/2026 0:53,26.8,5.4,4.79,26.8,35174.7,33895.3,21.29,22863.53,,,,
5296,8/8/2026 1:03,26.93,5.4,4.8,26.92,34895.7,33541.3,21.05,22682.22,,,,
5297,8/8/2026 1:13,27.02,5.16,4.6,27.03,34454.9,33048,20.71,22395.68,,,,
5298,8/8/2026 1:23,27.1,4.97,4.42,27.09,34369.7,32925.7,20.62,22340.33,,,,
5299,8/8/2026 1:33,27.18,4.6,4.1,27.17,34042.4,32561.9,20.37,22127.57,,,,
5300,8/8/2026 1:43,27.22,4.1,3.66,27.14,33736.9,32285.6,20.18,21928.99,,,,
5301,8/8/2026 1:53,27.14,3.53,3.16,27.09,33305.3,31904,19.92,21648.43,,,,
5302,8/8/2026 2:03,27.04,1.98,1.77,27.02,33032.4,31685.6,19.77,21471.09,,,,
5303,8/8/2026 2:13,27.12,1.53,1.37,27.09,32729.2,31350.2,19.54,21274.01,,,,
5304,8/8/2026 2:23,27.2,3.1,2.78,27.22,32415,30972.7,19.28,21069.74,,,,
5305,8/8/2026 2:33,27.22,1.92,1.72,27.18,32927.8,31486,19.63,21403.07,,,,
5306,8/8/2026 2:43,27.12,1.4,1.26,27.09,32106.3,30753.5,19.13,20869.08,,,,
5307,8/8/2026 2:53,27.09,1.61,1.45,27.07,32220.6,30876.4,19.21,20943.42,,,,
5308,8/8/2026 3:03,26.99,2.8,2.52,26.97,31758.8,30499.7,18.95,20643.21,,,,
5309,8/8/2026 3:13,27,3.27,2.94,26.98,31764.5,30495.8,18.95,20646.94,,,,
5310,8/8/2026 3:23,26.89,3.07,2.75,26.85,32085.4,30885.9,19.21,20855.53,,,,
5311,8/8/2026 3:33,26.58,3.81,3.42,26.54,31945.8,30946.8,19.25,20764.79,,,,
5312,8/8/2026 3:43,26.28,4.71,4.22,26.26,31859.1,31038.1,19.31,20708.41,,,,
5313,8/8/2026 3:53,26.17,5.19,4.66,26.14,31824.6,31082.1,19.34,20686,,,,
5314,8/8/2026 4:03,25.97,5.46,4.9,25.92,31729.2,31129,19.36,20623.99,,,,
5315,8/8/2026 4:13,25.75,5.15,4.62,25.72,31579.8,31111.1,19.35,20526.87,,,,
5316,8/8/2026 4:23,25.66,5.1,4.57,25.64,31456,31038,19.3,20446.42,,,,
5317,8/8/2026 4:33,25.62,4.37,3.92,25.59,31423.1,31038.7,19.29,20425.04,,,,
5318,8/8/2026 4:43,25.56,5.49,4.92,25.54,31725.4,31372.9,19.52,20621.54,,,,
5319,8/8/2026 4:53,25.46,5.93,5.31,25.42,31602.3,31326.1,19.49,20541.48,,,,
5320,8/8/2026 5:03,25.23,5.39,4.82,25.19,31675.2,31547.8,19.63,20588.85,,,,
5321,8/8/2026 5:13,25.04,6.45,5.77,25,31452.5,31455.6,19.57,20444.15,,,,
5322,8/8/2026 5:23,24.82,6.78,6.05,24.77,32080.2,32237,20.1,20852.16,,,,
5323,8/8/2026 5:33,24.48,6.49,5.82,24.42,30582.4,30960.7,19.21,19878.53,,,,
5324,8/8/2026 5:43,24.16,6.45,5.78,24.13,30299.3,30866.1,19.14,19694.52,,,,
5325,8/8/2026 5:53,23.99,6.32,5.66,23.95,30134.2,30815.2,19.1,19587.24,,,,
5326,8/8/2026 6:03,23.84,6.52,5.85,23.8,30011.5,30789.2,19.08,19507.49,,,,
5327,8/8/2026 6:13,23.66,6.93,6.22,23.62,29861,30754.4,19.05,19409.66,,,,
5328,8/8/2026 6:23,23.53,7.02,6.29,23.5,29808,30777.8,19.06,19375.18,,,,
5329,8/8/2026 6:33,23.48,6.74,6.05,23.44,29504.2,30501.9,18.88,19177.71,,,,
5330,8/8/2026 6:43,23.45,6.77,6.07,23.42,29637.7,30655.9,18.98,19264.48,,,,
5331,8/8/2026 6:53,23.35,6.02,5.4,23.31,29402.4,30482.2,18.86,19111.57,,,,
5332,8/8/2026 7:03,23.1,6.04,5.41,23.09,29412.6,30644.9,18.96,19118.19,,,,
5333,8/8/2026 7:13,22.96,5.53,4.96,22.94,29139.9,30454.8,18.83,18940.96,,,,
5334,8/8/2026 7:23,22.81,4.8,4.3,22.68,29110.9,30603.5,18.92,18922.05,,,,
5335,8/8/2026 7:33,22.35,4.62,4.14,22.3,28899.1,30634.1,18.93,18784.45,,,,
5336,8/8/2026 7:43,22.04,4.31,3.86,22.06,28492.9,30365.1,18.74,18520.36,,,,
5337,8/8/2026 7:53,21.95,3.02,2.71,21.94,28437.6,30393.6,18.76,18484.43,,,,
5338,8/8/2026 8:03,21.9,3.13,2.81,21.86,28305.8,30301.5,18.69,18398.78,,,,
5339,8/8/2026 8:13,21.91,5.66,5.08,21.89,28137.9,30101.5,18.56,18289.62,,,,
5340,8/8/2026 8:23,21.96,5.93,5.32,21.94,28269.2,30209.6,18.63,18375.01,,,,
5341,8/8/2026 8:33,22.26,7.51,6.73,22.35,28748.7,30446.2,18.8,18686.63,,,,
5342,8/8/2026 8:43,22.68,8.01,7.19,22.63,28674,30178.2,18.63,18638.12,,,,
5343,8/8/2026 8:53,22.93,8.25,7.4,23.03,29217,30477.1,18.85,18991.03,,,,
5344,8/8/2026 9:03,23.2,7.81,7.01,23.17,29115.3,30281.5,18.72,18924.95,,,,
5345,8/8/2026 9:13,23.54,7.9,7.1,23.57,29349.2,30258.7,18.71,19076.98,,,,
5346,8/8/2026 9:23,23.64,7.57,6.8,23.63,29304.1,30171,18.66,19047.66,,,,
5347,8/8/2026 9:33,23.75,7.6,6.83,23.73,29389.6,30192.3,18.67,19103.25,,,,
5348,8/8/2026 9:43,23.93,8.11,7.29,23.92,29528,30210.8,18.69,19193.17,,,,
5349,8/8/2026 9:53,24.07,8.29,7.44,24.07,29744.7,30338.3,18.78,19334.05,,,,
5350,8/8/2026 10:03,24.22,7.94,7.14,24.25,29541.9,30017.1,18.57,19202.21,,,,
5351,8/8/2026 10:13,24.44,8.13,7.32,24.44,29641.8,29995.1,18.56,19267.19,,,,
5352,8/8/2026 10:23,24.64,8.29,7.46,24.63,29773.3,30006.9,18.57,19352.67,,,,
5353,8/8/2026 10:33,24.82,8.1,7.29,24.87,29909.2,29992.2,18.56,19441,,,,
5354,8/8/2026 10:43,25.06,8.28,7.45,25.06,30095.5,30058.3,18.61,19562.06,,,,
5355,8/8/2026 10:53,25.31,8.35,7.52,25.33,29998.6,29791,18.44,19499.06,,,,
5356,8/8/2026 11:03,25.51,8.4,7.56,25.53,30311.4,29980.2,18.57,19702.38,,,,
5357,8/8/2026 11:13,25.7,8.46,7.62,25.71,30365.1,29916.3,18.53,19737.33,,,,
5358,8/8/2026 11:23,25.91,8.29,7.47,25.93,30398.6,29818,18.47,19759.1,,,,
5359,8/8/2026 11:33,26.09,8.09,7.31,26.12,29919.7,29234.5,18.07,19447.79,,,,
5360,8/8/2026 11:43,26.31,8.03,7.25,26.33,30295.2,29470.4,18.24,19691.88,,,,
5361,8/8/2026 11:53,26.49,7.81,7.06,26.49,30017.5,29104,17.99,19511.37,,,,
5362,8/8/2026 12:03,26.64,7.09,6.41,26.65,30083.5,29075.8,17.98,19554.3,,,,
5363,8/8/2026 12:13,26.78,7.54,6.82,26.77,29996.4,28919.7,17.87,19497.66,,,,
5364,8/8/2026 12:23,26.96,7.9,7.16,26.97,29910.3,28720.9,17.74,19441.68,,,,
5365,8/8/2026 12:33,27.11,7.86,7.12,27.09,29838,28586.1,17.65,19394.72,,,,
5366,8/8/2026 12:43,27.22,7.32,6.64,27.23,29926.8,28586.5,17.65,19452.43,,,,
5367,8/8/2026 12:53,27.41,7.64,6.92,27.44,29956.8,28499.2,17.6,19471.93,,,,
5368,8/8/2026 13:03,27.58,7.29,6.63,27.57,29245.1,27745.3,17.09,19009.3,,,,
5369,8/8/2026 13:13,27.71,5.89,5.35,27.74,29661.3,28049,17.29,19279.87,,,,
5370,8/8/2026 13:23,27.8,5.94,5.4,27.79,29634.2,27995.9,17.26,19262.24,,,,
5371,8/8/2026 13:33,27.9,6.54,5.96,27.89,28986.5,27328.8,16.81,18841.25,,,,
5372,8/8/2026 13:43,28,6.26,5.69,28,29599.2,27843.5,17.16,19239.5,,,,
5373,8/8/2026 13:53,28.12,6.05,5.51,28.11,29214.9,27423.3,16.88,18989.65,,,,
5374,8/8/2026 14:03,28.25,5.19,4.73,28.25,29151.9,27291,16.79,18948.75,,,,
5375,8/8/2026 14:13,28.29,4.82,4.4,28.26,28956.8,27100.2,16.66,18821.94,,,,
5376,8/8/2026 14:23,28.36,5.76,5.25,28.33,29192.8,27286.1,16.79,18975.31,,,,
5377,8/8/2026 14:33,28.22,5.78,5.27,28.21,29028.1,27193.3,16.72,18868.24,,,,
5378,8/8/2026 14:43,28.1,5.42,4.94,28.1,28990.7,27219.6,16.74,18843.96,,,,
5379,8/8/2026 14:53,28.12,5.34,4.87,28.1,29047,27272.4,16.77,18880.54,,,,
5380,8/8/2026 15:03,28.03,6.57,5.99,28,28910.6,27195.7,16.72,18791.87,,,,
5381,8/8/2026 15:13,27.92,7.29,6.65,27.88,28630,26997.7,16.59,18609.52,,,,
5382,8/8/2026 15:23,27.66,8.6,7.82,27.63,29123.9,27598.1,16.99,18930.51,,,,
5383,8/8/2026 15:33,27.59,9.31,8.48,27.58,28904.6,27420.5,16.87,18787.96,,,,
5384,8/8/2026 15:43,27.54,10.09,9.18,27.49,29073,27629.5,17.01,18897.45,,,,
5385,8/8/2026 15:53,27.18,10.44,9.5,27.14,28683,27450.7,16.88,18643.94,,,,
5386,8/8/2026 16:03,27.23,10.38,9.44,27.24,28767.4,27477.3,16.9,18698.84,,,,
5387,8/8/2026 16:13,27.28,10.33,9.39,27.25,29026.5,27719.7,17.07,18867.25,,,,
5388,8/8/2026 16:23,27.07,10.4,9.45,27.01,28765.4,27597.6,16.98,18697.49,,,,
5389,8/8/2026 16:33,26.75,9.88,8.97,26.68,28895.4,27910.1,17.19,18782.02,,,,
5390,8/8/2026 16:43,26.1,9.92,9,25.99,28548.5,27966.4,17.21,18556.53,,,,
5391,8/8/2026 16:53,25.74,10.2,9.26,25.71,28255.4,27843,17.12,18365.98,,,,
5392,8/8/2026 17:03,25.59,9.98,9.05,25.55,28275.7,27951,17.19,18379.23,,,,
5393,8/8/2026 17:13,25.38,10.35,9.39,25.34,28123.4,27923.6,17.17,18280.23,,,,
5394,8/8/2026 17:23,25.06,10.34,9.38,25,28019.4,28020.3,17.23,18212.58,,,,
5395,8/8/2026 17:33,24.81,10.07,9.12,24.77,28016.4,28151.5,17.31,18210.65,,,,
5396,8/8/2026 17:43,24.61,10.12,9.18,24.58,27811.3,28058.2,17.25,18077.37,,,,
5397,8/8/2026 17:53,24.56,10.04,9.1,24.52,27827,28111.8,17.28,18087.56,,,,
5398,8/8/2026 18:03,24.37,9.71,8.8,24.33,27589.5,27982.9,17.19,17933.18,,,,
5399,8/8/2026 18:13,24.03,9.39,8.5,23.97,27525.8,28131.4,17.28,17891.78,,,,
5400,8/8/2026 18:23,23.67,9.12,8.26,23.62,27162.4,27971.5,17.17,17655.58,,,,
5401,8/8/2026 18:33,23.23,7.53,6.8,23.2,27561,28644.3,17.61,17914.64,,,,
5402,8/8/2026 18:43,22.75,7.79,7.04,22.72,27090.6,28455.2,17.47,17608.86,,,,
5403,8/8/2026 18:53,22.5,7.81,7.08,22.46,26412.1,27901.1,17.09,17167.89,,,,
5404,8/8/2026 19:03,22.08,7.88,7.12,22.05,26671,28434.9,17.44,17336.15,,,,
5405,8/8/2026 19:13,21.49,8.28,7.49,21.45,25878.6,27966,17.1,16821.1,,,,
5406,8/8/2026 19:23,20.79,8.66,7.82,20.75,26006.7,28554.7,17.48,16904.36,,,,
5407,8/8/2026 19:33,20.57,8.69,7.83,20.55,26230.6,28937.7,17.73,17049.9,,,,
5408,8/8/2026 19:43,20.36,8.56,7.74,20.33,25303.4,28056,17.13,16447.2,,,,
5409,8/8/2026 19:53,20.02,8.07,7.3,19.99,25056.1,28005.1,17.08,16286.49,,,,
5410,8/8/2026 20:03,19.77,8.21,7.42,19.75,25067.6,28175.3,17.18,16293.97,,,,
5411,8/8/2026 20:13,19.5,7.97,7.21,19.49,24594.9,27809.9,16.93,15986.66,,,,
5412,8/8/2026 20:23,19.37,8.01,7.21,19.36,25556.4,28993.3,17.72,16611.63,,,,
5413,8/8/2026 20:33,19.29,8.01,7.24,19.25,24786,28189.3,17.17,16110.92,,,,
5414,8/8/2026 20:43,19.22,6.08,5.49,19.11,24706.9,28195.4,17.17,16059.48,,,,
5415,8/8/2026 20:53,19.09,7.98,7.21,19.02,24741.1,28297,17.24,16081.73,,,,
5416,8/8/2026 21:03,19.15,9.57,8.64,19.14,24701.6,28171.3,17.16,16056.03,,,,
5417,8/8/2026 21:13,19.77,10.62,9.59,19.81,25302.2,28395.1,17.33,16446.42,,,,
5418,8/8/2026 21:23,20.44,10.54,9.52,20.51,25618.6,28285.8,17.29,16652.06,,,,
5419,8/8/2026 21:33,21.14,10.22,9.22,21.13,26562.4,28910.4,17.73,17265.54,,,,
5420,8/8/2026 21:43,21.58,9.93,8.99,21.72,25972.2,27893.3,17.06,16881.95,,,,
5421,8/8/2026 21:53,22.25,9.68,8.77,22.29,26247.6,27832.6,17.04,17060.95,,,,
5422,8/8/2026 22:03,22.77,9.59,8.69,22.8,26578.1,27867.2,17.08,17275.76,,,,
5423,8/8/2026 22:13,23.14,9.23,8.35,23.18,27437.4,28527.1,17.53,17834.34,,,,
5424,8/8/2026 22:23,23.61,8.85,8.04,23.71,26654.5,27398.5,16.78,17325.43,,,,
5425,8/8/2026 22:33,24.03,8.59,7.8,24.07,26779.8,27312.5,16.73,17406.9,,,,
5426,8/8/2026 22:43,24.28,8.43,7.66,24.28,26914.2,27326.1,16.75,17494.23,,,,
5427,8/8/2026 22:53,24.31,8.17,7.42,24.3,27013.4,27416.2,16.81,17558.69,,,,
5428,8/8/2026 23:03,24.55,7.5,6.81,24.58,27126.8,27371.1,16.78,17632.44,,,,
5429,8/8/2026 23:13,24.7,7.67,6.96,24.7,27615.3,27792.8,17.07,17949.96,,,,
5430,8/8/2026 23:23,24.86,7.07,6.39,24.86,28396.3,28478.7,17.54,18457.58,,,,
5431,8/8/2026 23:33,25,6.98,6.34,25.01,27428,27423.7,16.83,17828.21,,,,
5432,8/8/2026 23:43,25.09,6.75,6.14,25.07,27299,27256.5,16.72,17744.32,,,,
5433,8/8/2026 23:53,25.18,6.61,6,25.18,27789.7,27686.7,17.01,18063.32,,,,
5434,8/9/2026 0:03,25.26,6.5,5.91,25.25,27481,27335.9,16.77,17862.68,,,,
5435,8/9/2026 0:13,25.36,6.19,5.62,25.41,27917.3,27680.3,17.01,18146.22,,,,
5436,8/9/2026 0:23,25.53,5.94,5.4,25.52,27749.1,27447.7,16.85,18036.9,,,,
5437,8/9/2026 0:33,25.67,5.76,5.24,25.65,27769.1,27393.1,16.82,18049.88,,,,
5438,8/9/2026 0:43,25.77,5.39,4.9,25.78,27752.1,27307.6,16.76,18038.86,,,,
5439,8/9/2026 0:53,25.87,5.23,4.76,25.9,27807.4,27293.3,16.76,18074.79,,,,
5440,8/9/2026 1:03,25.98,5.03,4.58,25.99,27636.3,27071,16.61,17963.57,,,,
5441,8/9/2026 1:13,26.06,4.28,3.89,26.03,27834.8,27243.3,16.72,18092.63,,,,
5442,8/9/2026 1:23,26.12,3.81,3.46,26.12,27893.8,27255,16.73,18130.96,,,,
5443,8/9/2026 1:33,26.18,3.44,3.13,26.19,27897.8,27219.7,16.71,18133.57,,,,
5444,8/9/2026 1:43,26.27,3.33,3.03,26.27,27774.3,27055.2,16.6,18053.27,,,,
5445,8/9/2026 1:53,26.39,3.2,2.92,26.39,27884.5,27091.5,16.63,18124.92,,,,
5446,8/9/2026 2:03,26.47,3.08,2.81,26.47,27808.4,26977.3,16.55,18075.48,,,,
5447,8/9/2026 2:13,26.57,3.57,3.25,26.56,27872.6,26985.8,16.56,18117.21,,,,
5448,8/9/2026 2:23,26.63,3.26,2.97,26.61,27943.8,27029.5,16.59,18163.45,,,,
5449,8/9/2026 2:33,26.67,3.19,2.91,26.65,27648.5,26720.7,16.38,17971.55,,,,
5450,8/9/2026 2:43,26.7,2.72,2.48,26.67,27563.8,26627.2,16.32,17916.47,,,,
5451,8/9/2026 2:53,26.73,2.48,2.27,26.71,27390,26441.3,16.2,17803.51,,,,
5452,8/9/2026 3:03,26.71,2.09,1.91,26.69,27474.1,26532.3,16.26,17858.15,,,,
5453,8/9/2026 3:13,26.62,0.99,0.91,26.59,27251.1,26371,16.15,17713.21,,,,
5454,8/9/2026 3:23,26.53,0.35,0.32,26.53,27158.4,26313.9,16.11,17652.94,,,,
5455,8/9/2026 3:33,26.53,0.82,0.75,26.51,27217.1,26379,16.15,17691.12,,,,
5456,8/9/2026 3:43,26.56,0.65,0.6,26.54,28227.2,27342.7,16.8,18347.66,,,,
5457,8/9/2026 3:53,26.65,0.99,0.9,26.61,27031,26146.6,16,17570.13,,,,
5458,8/9/2026 4:03,26.64,0.61,0.56,26.62,26915.1,26029.6,15.92,17494.79,,,,
5459,8/9/2026 4:13,26.64,0.73,0.66,26.6,28008.4,27095.4,16.63,18205.48,,,,
5460,8/9/2026 4:23,26.58,1.12,1.02,26.56,27579.9,26704.1,16.37,17926.95,,,,
5461,8/9/2026 4:33,26.36,3.09,2.83,26.33,27006.4,26272.8,16.08,17554.15,,,,
5462,8/9/2026 4:43,26.33,4.47,4.07,26.31,27678.8,26935.3,16.52,17991.22,,,,
5463,8/9/2026 4:53,26.21,4.54,4.14,26.17,27520.4,26861.6,16.47,17888.26,,,,
5464,8/9/2026 5:03,26.04,5.82,5.31,26.01,27270.3,26704.1,16.36,17725.68,,,,
5465,8/9/2026 5:13,25.86,5.08,4.63,25.82,27182.6,26722,16.37,17668.72,,,,
5466,8/9/2026 5:23,25.71,5.66,5.16,25.69,27207.8,26820.9,16.43,17685.08,,,,
5467,8/9/2026 5:33,25.6,5.54,5.05,25.56,27057.5,26745,16.38,17587.36,,,,
5468,8/9/2026 5:43,25.41,5.22,4.75,25.37,27132,26925.6,16.5,17635.81,,,,
5469,8/9/2026 5:53,25.39,5.34,4.86,25.37,26897.6,26689.5,16.34,17483.41,,,,
5470,8/9/2026 6:03,25.24,6.01,5.47,25.19,26951.9,26846.9,16.44,17518.76,,,,
5471,8/9/2026 6:13,24.97,6.18,5.61,24.91,27748.5,27802.5,17.08,18036.54,,,,
5472,8/9/2026 6:23,24.72,6.36,5.78,24.67,27009.4,27196.9,16.67,17556.14,,,,
5473,8/9/2026 6:33,24.4,6.59,5.99,24.33,26890.2,27271.9,16.71,17478.65,,,,
5474,8/9/2026 6:43,24.15,6.54,5.95,24.1,26531.7,27045.5,16.55,17245.63,,,,
5475,8/9/2026 6:53,24.02,6.43,5.85,23.97,26665,27257,16.69,17332.26,,,,
5476,8/9/2026 7:03,23.89,6.49,5.9,23.84,26547.3,27208.8,16.66,17255.77,,,,
5477,8/9/2026 7:13,23.74,6.37,5.79,23.7,26607.3,27351.7,16.75,17294.75,,,,
5478,8/9/2026 7:23,23.59,6.07,5.51,23.54,26617.3,27456.5,16.82,17301.26,,,,
5479,8/9/2026 7:33,23.47,6.46,5.87,23.45,26347.8,27237,16.67,17126.08,,,,
5480,8/9/2026 7:43,23.5,6.11,5.56,23.46,26378,27261.1,16.69,17145.68,,,,
5481,8/9/2026 7:53,23.39,5.75,5.23,23.35,26324.8,27270.1,16.69,17111.13,,,,
5482,8/9/2026 8:03,23.09,6.32,5.74,23.04,26292.5,27419.3,16.78,17090.11,,,,
5483,8/9/2026 8:13,22.8,5.86,5.32,22.77,26221.6,27509.7,16.83,17044.02,,,,
5484,8/9/2026 8:23,22.46,5.13,4.65,22.35,26043.9,27576.2,16.87,16928.53,,,,
5485,8/9/2026 8:33,21.73,5.62,5.09,21.66,26146.9,28116.9,17.21,16995.46,,,,
5486,8/9/2026 8:43,21.16,5.7,5.17,21.1,25241,27491,16.77,16406.62,,,,
5487,8/9/2026 8:53,20.86,5.16,4.68,20.84,25195.8,27607.5,16.84,16377.3,,,,
5488,8/9/2026 9:03,20.74,4.52,4.09,20.65,25012.9,27527.8,16.78,16258.39,,,,
5489,8/9/2026 9:13,20.3,6.25,5.64,20.14,25688.5,28610,17.49,16697.53,,,,
5490,8/9/2026 9:23,20.47,7.7,6.97,20.58,25230.5,27815.1,16.97,16399.79,,,,
5491,8/9/2026 9:33,20.93,8.12,7.36,20.95,25238.6,27586.2,16.83,16405.08,,,,
5492,8/9/2026 9:43,21.34,8.18,7.41,21.28,25667.5,27839.6,17.01,16683.85,,,,
5493,8/9/2026 9:53,21.93,8.64,7.83,22.05,25912.5,27624.5,16.89,16843.14,,,,
5494,8/9/2026 10:03,22.49,8.38,7.59,22.48,26382.7,27857,17.06,17148.74,,,,
5495,8/9/2026 10:13,23.06,8.37,7.6,23.27,26358.4,27355,16.74,17132.94,,,,
5496,8/9/2026 10:23,23.66,8.05,7.31,23.62,26722,27519.7,16.86,17369.32,,,,
5497,8/9/2026 10:33,23.76,8.21,7.46,23.75,26679.2,27400.7,16.79,17341.46,,,,
5498,8/9/2026 10:43,23.85,7.86,7.15,23.84,26384.1,27041.5,16.55,17149.7,,,,
5499,8/9/2026 10:53,23.95,8.64,7.82,23.88,27663.9,28329.3,17.41,17981.53,,,,
5500,8/9/2026 11:03,24.1,9.19,8.34,24.17,26923.2,27400.4,16.79,17500.09,,,,
5501,8/9/2026 11:13,24.41,9.4,8.55,24.42,26768.9,27100.1,16.6,17399.76,,,,
5502,8/9/2026 11:23,24.59,9.48,8.62,24.59,26991.2,27223.8,16.69,17544.27,,,,
5503,8/9/2026 11:33,24.74,9.57,8.7,24.74,27100.2,27251.8,16.71,17615.13,,,,
5504,8/9/2026 11:43,24.91,9.48,8.63,24.89,27019.6,27082.4,16.6,17562.71,,,,
5505,8/9/2026 11:53,25.21,9.58,8.72,25.24,27110.9,26976.2,16.53,17622.09,,,,
5506,8/9/2026 12:03,25.41,9.5,8.65,25.42,27294.4,27055.9,16.59,17741.38,,,,
5507,8/9/2026 12:13,25.65,9.55,8.69,25.68,27442.2,27057.1,16.59,17837.45,,,,
5508,8/9/2026 12:23,25.85,9.41,8.56,25.87,27845.6,27348,16.79,18099.65,,,,
5509,8/9/2026 12:33,26.12,9.27,8.45,26.12,27414.3,26784.8,16.42,17819.31,,,,
5510,8/9/2026 12:43,26.31,9.19,8.36,26.34,28112.7,27345.7,16.8,18273.27,,,,
5511,8/9/2026 12:53,26.49,9.02,8.22,26.49,27783.1,26941,16.53,18059.03,,,,
5512,8/9/2026 13:03,26.66,8.86,8.08,26.65,27899.3,26963.1,16.55,18134.57,,,,
5513,8/9/2026 13:13,26.82,8.75,7.99,26.82,27610.6,26591.6,16.3,17946.92,,,,
5514,8/9/2026 13:23,26.95,8.7,7.93,26.96,27914.5,26811.1,16.45,18144.4,,,,
5515,8/9/2026 13:33,27.11,8.75,7.97,27.12,28480.9,27265.7,16.76,18512.56,,,,
5516,8/9/2026 13:43,27.25,8.49,7.75,27.23,27911.7,26661.6,16.35,18142.6,,,,
5517,8/9/2026 13:53,27.32,8.03,7.33,27.3,27698.8,26422.5,16.19,18004.25,,,,
5518,8/9/2026 14:03,27.42,8.07,7.37,27.4,27686,26355.1,16.15,17995.93,,,,
5519,8/9/2026 14:13,27.51,8.04,7.34,27.49,27850.4,26464.4,16.22,18102.77,,,,
5520,8/9/2026 14:23,27.56,7.25,6.62,27.55,28085.4,26656.5,16.35,18255.52,,,,
5521,8/9/2026 14:33,27.65,6.48,5.93,27.64,27611.4,26161.7,16.02,17947.39,,,,
5522,8/9/2026 14:43,27.68,6.31,5.77,27.66,27933.9,26457.5,16.22,18157.04,,,,
5523,8/9/2026 14:53,27.75,5.63,5.15,27.73,27717.2,26213.8,16.06,18016.2,,,,
5524,8/9/2026 15:03,27.83,4.23,3.87,27.82,27673.6,26124.5,16,17987.86,,,,
5525,8/9/2026 15:13,27.92,5.4,4.95,27.89,27368.6,25800.3,15.78,17789.62,,,,
5526,8/9/2026 15:23,28.02,4.58,4.19,28,28038.5,26377,16.17,18225.04,,,,
5527,8/9/2026 15:33,28.03,5.68,5.2,28.01,27647.6,26004.4,15.92,17970.91,,,,
5528,8/9/2026 15:43,28.1,6.73,6.16,28.07,27782,26099,15.98,18058.28,,,,
5529,8/9/2026 15:53,28,5.26,4.81,27.99,27663.6,26029,15.94,17981.33,,,,
5530,8/9/2026 16:03,27.87,6.53,5.96,27.84,28565.8,26958.6,16.56,18567.8,,,,
5531,8/9/2026 16:13,27.78,7.15,6.54,27.76,27527.2,26019.7,15.93,17892.68,,,,
5532,8/9/2026 16:23,27.71,8.12,7.44,27.69,27103.1,25653.3,15.68,17617,,,,
5533,8/9/2026 16:33,27.62,8.86,8.11,27.6,27365.6,25946.3,15.88,17787.65,,,,
5534,8/9/2026 16:43,27.42,9.37,8.57,27.39,27466.2,26152.3,16.01,17853.05,,,,
5535,8/9/2026 16:53,27.17,8.61,7.88,27.14,27264.1,26089.6,15.97,17721.64,,,,
5536,8/9/2026 17:03,26.93,9.41,8.6,26.91,27338.5,26285.5,16.09,17770.03,,,,
5537,8/9/2026 17:13,26.92,9.22,8.42,26.89,27342.4,26297.4,16.1,17772.57,,,,
5538,8/9/2026 17:23,26.77,9.55,8.73,26.71,27213.2,26269,16.08,17688.57,,,,
5539,8/9/2026 17:33,26.42,9.28,8.46,26.37,27469.2,26699.7,16.36,17854.97,,,,
5540,8/9/2026 17:43,25.99,9.56,8.72,25.92,27129.5,26616.3,16.3,17634.16,,,,
5541,8/9/2026 17:53,25.48,9.42,8.58,25.42,27361.5,27120.7,16.63,17784.98,,,,
5542,8/9/2026 18:03,25.24,9.42,8.6,25.2,26377.6,26268.2,16.06,17145.46,,,,
5543,8/9/2026 18:13,24.92,9.61,8.77,24.87,26391,26465.9,16.18,17154.16,,,,
5544,8/9/2026 18:23,24.54,9.36,8.52,24.48,26598.4,26891.3,16.46,17288.99,,,,
5545,8/9/2026 18:33,24.22,9.46,8.63,24.18,25840.9,26293.8,16.05,16796.59,,,,
5546,8/9/2026 18:43,24.06,9.34,8.51,24.02,26151.3,26699,16.32,16998.32,,,,
5547,8/9/2026 18:53,23.97,9.22,8.4,23.93,26248.2,26850,16.42,17061.34,,,,
5548,8/9/2026 19:03,23.96,8.92,8.12,23.93,26028.3,26626.7,16.27,16918.37,,,,
5549,8/9/2026 19:13,23.81,8.26,7.52,23.77,26044,26732.7,16.34,16928.58,,,,
5550,8/9/2026 19:23,23.54,8.19,7.45,23.5,26096.3,26947.1,16.48,16962.57,,,,
5551,8/9/2026 19:33,23.02,8.87,8.06,22.99,25827.4,26967.9,16.48,16787.79,,,,
5552,8/9/2026 19:43,22.46,8.66,7.87,22.44,25709,27169.1,16.6,16710.83,,,,
5553,8/9/2026 19:53,21.88,9.24,8.4,21.87,25105.7,26874,16.38,16318.73,,,,
5554,8/9/2026 20:03,20.93,9.23,8.37,20.92,24995.2,27338.8,16.67,16246.87,,,,
5555,8/9/2026 20:13,20.05,9.57,8.68,20.01,24454.3,27319,16.62,15895.29,,,,
5556,8/9/2026 20:23,19.26,8.89,8.06,19.27,24016.4,27300.4,16.58,15610.64,,,,
5557,8/9/2026 20:33,18.53,9.46,8.55,18.52,23988.6,27765.4,16.86,15592.59,,,,
5558,8/9/2026 20:43,18.06,9.57,8.67,18.02,23280.5,27277,16.52,15132.35,,,,
5559,8/9/2026 20:53,17.78,9.54,8.63,17.74,23300,27490.8,16.65,15144.97,,,,
5560,8/9/2026 21:03,17.71,9.46,8.57,17.66,23167.3,27390.8,16.58,15058.77,,,,
5561,8/9/2026 21:13,17.69,9.17,8.3,17.63,23176.3,27417.6,16.59,15064.62,,,,
5562,8/9/2026 21:23,17.68,8.8,7.97,17.62,23194.5,27447.2,16.61,15076.39,,,,
5563,8/9/2026 21:33,17.67,8.51,7.7,17.62,23342.6,27622.5,16.73,15172.71,,,,
5564,8/9/2026 21:43,17.68,7.72,6.99,17.62,23196.9,27448,16.61,15077.98,,,,
5565,8/9/2026 21:53,17.68,7.01,6.34,17.62,23287.6,27555.3,16.68,15136.94,,,,
5566,8/9/2026 22:03,17.66,9.51,8.6,17.61,23423,27725.8,16.8,15224.97,,,,
5567,8/9/2026 22:13,18.24,10.21,9.24,18.31,23595.5,27455.2,16.65,15337.1,,,,
5568,8/9/2026 22:23,18.87,10.28,9.31,19.25,24209,27533.1,16.74,15735.87,,,,
5569,8/9/2026 22:33,19.75,9.94,8.99,19.64,24684.2,27814.7,16.94,16044.73,,,,
5570,8/9/2026 22:43,20.21,9.68,8.78,20.38,24600,27240.2,16.58,15990,,,,
5571,8/9/2026 22:53,20.66,9.48,8.6,20.68,24867.1,27350.4,16.67,16163.62,,,,
5572,8/9/2026 23:03,21.11,8.99,8.13,21.2,25846,28084.8,17.18,16799.92,,,,
5573,8/9/2026 23:13,21.66,8.72,7.91,21.79,25535,27383.2,16.72,16597.72,,,,
5574,8/9/2026 23:23,22.33,8.42,7.65,22.45,25692.6,27148.2,16.58,16700.2,,,,
5575,8/9/2026 23:33,22.81,8.22,7.47,22.88,25850,27057.3,16.53,16802.47,,,,
5576,8/9/2026 23:43,23.05,8.03,7.28,23.06,26557.6,27684.9,16.96,17262.46,,,,
5577,8/9/2026 23:53,23.36,7.68,6.99,23.38,25747.2,26654.4,16.28,16735.69,,,,
5578,8/10/2026 0:03,23.47,7.45,6.77,23.45,26296.7,27178.9,16.63,17092.86,,,,
5579,8/10/2026 0:13,23.58,7.22,6.58,23.58,25963.2,26760.9,16.35,16876.09,,,,
5580,8/10/2026 0:23,23.72,7.08,6.44,23.71,26087.7,26814.1,16.39,16956.98,,,,
5581,8/10/2026 0:33,23.8,6.73,6.11,23.79,26951.1,27653.1,16.96,17518.25,,,,
5582,8/10/2026 0:43,23.91,6.64,6.05,23.91,26210.2,26826.8,16.4,17036.64,,,,
5583,8/10/2026 0:53,23.97,6.42,5.84,23.96,26203,26786.5,16.38,17031.98,,,,
5584,8/10/2026 1:03,24.1,6.21,5.65,24.09,26242.6,26756,16.36,17057.7,,,,
5585,8/10/2026 1:13,24.15,6.02,5.49,24.13,26227.1,26714.4,16.33,17047.63,,,,
5586,8/10/2026 1:23,24.25,5.76,5.23,24.24,27031.2,27471.4,16.84,17570.29,,,,
5587,8/10/2026 1:33,24.37,5.57,5.07,24.38,26389.7,26738.5,16.35,17153.27,,,,
5588,8/10/2026 1:43,24.49,5.39,4.91,24.48,26354.2,26647.8,16.3,17130.23,,,,
5589,8/10/2026 1:53,24.56,5.11,4.65,24.53,26382.8,26645.9,16.3,17148.83,,,,
5590,8/10/2026 2:03,24.67,4.82,4.4,24.67,26369,26555.4,16.24,17139.85,,,,
5591,8/10/2026 2:13,24.77,4.41,4.02,24.75,26462.5,26600.3,16.27,17200.62,,,,
5592,8/10/2026 2:23,24.83,4.18,3.81,24.82,26348.1,26449.8,16.17,17126.25,,,,
5593,8/10/2026 2:33,24.92,3.96,3.61,24.9,26319,26376.9,16.12,17107.35,,,,
5594,8/10/2026 2:43,25.02,3.91,3.57,25,26354,26356.5,16.11,17130.08,,,,
5595,8/10/2026 2:53,25.09,3.65,3.32,25.09,27022.1,26971.6,16.53,17564.38,,,,
5596,8/10/2026 3:03,25.22,3.38,3.09,25.21,26396.5,26282,16.06,17157.72,,,,
5597,8/10/2026 3:13,25.3,3.41,3.1,25.28,27119.4,26959,16.52,17627.61,,,,
5598,8/10/2026 3:23,25.36,3.38,3.09,25.34,26430.6,26241.1,16.04,17179.92,,,,
5599,8/10/2026 3:33,25.39,2.96,2.7,25.37,26292.5,26089.2,15.94,17090.16,,,,
5600,8/10/2026 3:43,25.41,3,2.74,25.42,26126.5,25899.8,15.81,16982.21,,,,
5601,8/10/2026 3:53,25.49,2.77,2.53,25.47,26075.5,25819.9,15.76,16949.07,,,,
5602,8/10/2026 4:03,25.5,2.57,2.35,25.47,26128.4,25872.3,15.79,16983.43,,,,
5603,8/10/2026 4:13,25.48,1.28,1.17,25.41,26772.6,26545.3,16.24,17402.16,,,,
5604,8/10/2026 4:23,25.3,0.57,0.52,25.29,25845.9,25691.4,15.67,16799.82,,,,
5605,8/10/2026 4:33,25.31,0.66,0.6,25.3,26630.2,26466,16.19,17309.63,,,,
5606,8/10/2026 4:43,25.31,0.63,0.57,25.29,26111.3,25955.2,15.85,16972.33,,,,
5607,8/10/2026 4:53,25.37,0.36,0.33,25.34,25936.8,25750.9,15.71,16858.93,,,,
5608,8/10/2026 5:03,25.46,0.57,0.52,25.42,25903.9,25675.9,15.66,16837.55,,,,
5609,8/10/2026 5:13,25.49,0.47,0.43,25.47,25904.7,25652.4,15.65,16838.03,,,,
5610,8/10/2026 5:23,25.46,0.57,0.52,25.44,26004.4,25765.8,15.72,16902.85,,,,
5611,8/10/2026 5:33,25.43,0.65,0.59,25.4,25924.9,25711.3,15.69,16851.17,,,,
5612,8/10/2026 5:43,25.26,1.43,1.31,25.22,25792.9,25672.9,15.66,16765.38,,,,
5613,8/10/2026 5:53,25.16,2.55,2.33,25.15,25773.9,25694.7,15.67,16753.02,,,,
5614,8/10/2026 6:03,25.34,3.07,2.81,25.32,25694.2,25524.5,15.56,16701.26,,,,
5615,8/10/2026 6:13,25.28,4.27,3.9,25.25,26565.3,26428.3,16.16,17267.44,,,,
5616,8/10/2026 6:23,25.06,4.46,4.08,25.02,25855.3,25846.3,15.77,16805.95,,,,
5617,8/10/2026 6:33,24.94,4.75,4.34,24.89,25887,25947.2,15.83,16826.52,,,,
5618,8/10/2026 6:43,24.77,4.66,4.26,24.71,25943.4,26100.1,15.93,16863.21,,,,
5619,8/10/2026 6:53,24.54,4.82,4.41,24.5,25345.1,25614.3,15.61,16474.34,,,,
5620,8/10/2026 7:03,24.45,4.77,4.35,24.41,25872.4,26197.5,15.99,16817.04,,,,
5621,8/10/2026 7:13,24.33,5.23,4.78,24.29,25612.3,26000.9,15.86,16648,,,,
5622,8/10/2026 7:23,24.19,5.45,4.97,24.14,25640.2,26111.5,15.93,16666.15,,,,
5623,8/10/2026 7:33,23.83,5.55,5.05,23.77,26140.1,26834.9,16.41,16991.06,,,,
5624,8/10/2026 7:43,23.54,5.38,4.91,23.5,25436.7,26266,16.02,16533.83,,,,
5625,8/10/2026 7:53,23.37,5.78,5.26,23.33,26108.5,27060.2,16.55,16970.52,,,,
5626,8/10/2026 8:03,23.23,5.97,5.44,23.18,25477.9,26491.5,16.16,16560.63,,,,
5627,8/10/2026 8:13,23.06,5.89,5.37,23.02,25226.4,26323.1,16.05,16397.17,,,,
5628,8/10/2026 8:23,22.9,5.77,5.26,22.86,25246.9,26433,16.12,16410.47,,,,
5629,8/10/2026 8:33,22.77,5.79,5.26,22.74,25857.9,27146.1,16.59,16807.66,,,,
5630,8/10/2026 8:43,22.72,5.76,5.24,22.69,25847.2,27163.6,16.6,16800.71,,,,
5631,8/10/2026 8:53,22.49,5.91,5.38,22.46,25141.4,26556.9,16.19,16341.89,,,,
5632,8/10/2026 9:03,22.29,5.81,5.31,22.26,24503.5,26000.5,15.81,15927.3,,,,
5633,8/10/2026 9:13,22.01,6.04,5.5,21.99,24663.1,26325.9,16.02,16031,,,,
5634,8/10/2026 9:23,21.81,6.63,6.05,21.79,24545.9,26322.5,16.01,15954.83,,,,
5635,8/10/2026 9:33,21.47,6.01,5.48,21.46,24248,26193.3,15.92,15761.21,,,,
5636,8/10/2026 9:43,21.1,6.32,5.76,21.11,23739.2,25850.1,15.68,15430.5,,,,
5637,8/10/2026 9:53,20.84,6.07,5.52,20.85,24470.8,26807.5,16.31,15906.02,,,,
5638,8/10/2026 10:03,20.68,5.12,4.65,20.65,24171.2,26599.6,16.17,15711.25,,,,
5639,8/10/2026 10:13,20.48,4.72,4.3,20.31,23420.3,25980.7,15.74,15223.18,,,,
5640,8/10/2026 10:23,20.35,8.09,7.34,20.3,24461.7,27137.8,16.51,15900.08,,,,
5641,8/10/2026 10:33,20.47,8.6,7.83,20.47,23716,26210.5,15.9,15415.41,,,,
5642,8/10/2026 10:43,21,8.73,7.96,21.03,23941.5,26120.1,15.86,15561.95,,,,
5643,8/10/2026 10:53,21.5,8.66,7.87,21.57,24868.1,26796,16.32,16164.28,,,,
5644,8/10/2026 11:03,21.78,8.58,7.8,21.79,24993.7,26802.7,16.34,16245.92,,,,
5645,8/10/2026 11:13,22.28,8.49,7.72,22.32,25529.3,27052.9,16.52,16594.04,,,,
5646,8/10/2026 11:23,22.55,8.22,7.46,22.51,25955.4,27385.8,16.75,16870.99,,,,
5647,8/10/2026 11:33,22.6,8.25,7.5,22.57,25770.7,27154.9,16.59,16750.95,,,,
5648,8/10/2026 11:43,22.73,8.1,7.36,22.73,26059.5,27365,16.74,16938.69,,,,
5649,8/10/2026 11:53,22.82,8.2,7.45,22.83,25770,27000.3,16.5,16750.48,,,,
5650,8/10/2026 12:03,23.08,8.3,7.57,23.07,25296.9,26363.7,16.08,16443.01,,,,
5651,8/10/2026 12:13,23.27,8.32,7.58,23.27,25357.2,26314.2,16.05,16482.16,,,,
5652,8/10/2026 12:23,23.52,8.28,7.55,23.51,25634.1,26462.9,16.15,16662.14,,,,
5653,8/10/2026 12:33,23.78,8.45,7.69,23.81,26068.2,26736.8,16.34,16944.33,,,,
5654,8/10/2026 12:43,23.99,8.5,7.76,24.01,25674.8,26217.7,16,16688.61,,,,
5655,8/10/2026 12:53,24.19,8.46,7.73,24.19,25612,26054.2,15.89,16647.78,,,,
5656,8/10/2026 13:03,24.34,8.34,7.61,24.35,26015.7,26374.8,16.11,16910.2,,,,
5657,8/10/2026 13:13,24.54,8.25,7.53,24.56,26123.4,26368.7,16.11,16980.2,,,,
5658,8/10/2026 13:23,24.74,7.9,7.2,24.75,26633.3,26772,16.38,17311.66,,,,
5659,8/10/2026 13:33,24.98,7.98,7.26,25,27039,27041.6,16.57,17575.32,,,,
5660,8/10/2026 13:43,25.2,7.78,7.08,25.22,27110.4,26987.7,16.54,17621.75,,,,
5661,8/10/2026 13:53,25.41,7.64,6.98,25.42,26546.3,26314.4,16.09,17255.11,,,,
5662,8/10/2026 14:03,25.61,7.92,7.23,25.63,26806.9,26455.6,16.19,17424.51,,,,
5663,8/10/2026 14:13,25.8,7.7,7.03,25.8,26668,26226,16.04,17334.22,,,,
5664,8/10/2026 14:23,25.95,7.74,7.07,25.96,26844.5,26315.2,16.1,17448.9,,,,
5665,8/10/2026 14:33,26.1,7.77,7.1,26.11,26967.3,26351.3,16.13,17528.74,,,,
5666,8/10/2026 14:43,26.27,7.51,6.86,26.28,26847.1,26143.9,15.99,17450.59,,,,
5667,8/10/2026 14:53,26.4,7.35,6.72,26.37,26746.7,25999.1,15.89,17385.37,,,,
5668,8/10/2026 15:03,26.51,6.76,6.18,26.49,26887.5,26072.5,15.95,17476.88,,,,
5669,8/10/2026 15:13,26.5,6.25,5.71,26.47,26923.8,26115.8,15.97,17500.45,,,,
5670,8/10/2026 15:23,26.56,6.51,5.96,26.54,26616.3,25783.9,15.75,17300.6,,,,
5671,8/10/2026 15:33,26.55,6.03,5.51,26.52,26843.5,26015.4,15.91,17448.3,,,,
5672,8/10/2026 15:43,26.55,6.24,5.71,26.52,26575.3,25752.2,15.73,17273.97,,,,
5673,8/10/2026 15:53,26.55,5.44,4.98,26.52,26597,25774.8,15.75,17288.08,,,,
5674,8/10/2026 16:03,26.61,5.91,5.41,26.62,26656,25780.7,15.75,17326.4,,,,
5675,8/10/2026 16:13,26.72,4.39,4.02,26.71,26650.1,25728.6,15.72,17322.58,,,,
5676,8/10/2026 16:23,26.75,2.95,2.7,26.73,26646.3,25712.2,15.71,17320.13,,,,
5677,8/10/2026 16:33,26.76,3.14,2.87,26.73,26755.5,25815.9,15.78,17391.06,,,,
5678,8/10/2026 16:43,26.72,4.47,4.09,26.7,26949.4,26019.1,15.91,17517.08,,,,
5679,8/10/2026 16:53,26.73,5,4.58,26.71,26413.5,25498.6,15.56,17168.79,,,,
5680,8/10/2026 17:03,26.68,5.64,5.16,26.67,26549.8,25652.5,15.67,17257.38,,,,
5681,8/10/2026 17:13,26.59,5.26,4.82,26.57,26108.1,25272.7,15.41,16970.24,,,,
5682,8/10/2026 17:23,26.55,5.58,5.12,26.52,26145.4,25335.6,15.45,16994.49,,,,
5683,8/10/2026 17:33,26.33,5.99,5.48,26.28,26431.9,25738,15.72,17180.75,,,,
5684,8/10/2026 17:43,26.05,7.01,6.41,26.02,26327.4,25772.7,15.74,17112.78,,,,
5685,8/10/2026 17:53,25.97,7.23,6.62,25.94,26283.1,25774.6,15.74,17084.04,,,,
5686,8/10/2026 18:03,25.82,7.12,6.52,25.8,26038.7,25610.4,15.63,16925.15,,,,
5687,8/10/2026 18:13,25.82,7.37,6.75,25.81,25965.5,25533.6,15.57,16877.59,,,,
5688,8/10/2026 18:23,25.84,7.3,6.68,25.81,26268.3,25829.6,15.77,17074.37,,,,
5689,8/10/2026 18:33,25.76,7.6,6.94,25.73,26430.1,26029.7,15.9,17179.58,,,,
5690,8/10/2026 18:43,25.59,7.57,6.9,25.54,26849.8,26549.8,16.25,17452.38,,,,
5691,8/10/2026 18:53,25.05,7.78,7.08,24.96,26928,26951.2,16.51,17503.22,,,,
5692,8/10/2026 19:03,24.72,7.93,7.21,24.65,27272.5,27472.3,16.85,17727.12,,,,
5693,8/10/2026 19:13,24.41,7.8,7.1,24.35,26318.9,26682.2,16.32,17107.31,,,,
5694,8/10/2026 19:23,24.05,7.44,6.77,23.97,26472.6,27060.4,16.56,17207.22,,,,
5695,8/10/2026 19:33,23.76,7.78,7.09,23.71,25955.5,26678.3,16.3,16871.11,,,,
5696,8/10/2026 19:43,23.71,7.67,6.97,23.65,26497.9,27272.9,16.7,17223.62,,,,
5697,8/10/2026 19:53,23.57,7.72,7.01,23.53,26669.1,27520.7,16.86,17334.91,,,,
5698,8/10/2026 20:03,23.56,7.66,6.97,23.51,26038.8,26877.2,16.43,16925.2,,,,
5699,8/10/2026 20:13,23.45,7.71,6.99,23.39,26893.4,27831.9,17.07,17480.71,,,,
5700,8/10/2026 20:23,23.12,7.52,6.82,23.07,26751.7,27881.7,17.09,17388.59,,,,
5701,8/10/2026 20:33,22.67,7.59,6.9,22.61,25570.5,26920.8,16.44,16620.79,,,,
5702,8/10/2026 20:43,22.24,8.03,7.3,22.15,25482.2,27105.9,16.55,16563.46,,,,
5703,8/10/2026 20:53,21.1,8.75,7.94,20.98,25061.6,27373.9,16.69,16290.01,,,,
5704,8/10/2026 21:03,20.25,8.87,8.04,20.18,24663.3,27443.3,16.71,16031.14,,,,
5705,8/10/2026 21:13,19.66,9.24,8.34,19.6,25158.5,28373.1,17.31,16353.05,,,,
5706,8/10/2026 21:23,19.16,9.62,8.71,19.1,24080.5,27486.4,16.7,15652.31,,,,
5707,8/10/2026 21:33,18.88,9.82,8.89,18.82,24126.6,27726.8,16.85,15682.31,,,,
5708,8/10/2026 21:43,18.71,9.96,9.02,18.65,23739.8,27392.3,16.62,15430.89,,,,
5709,8/10/2026 21:53,18.58,9.54,8.63,18.51,23980.9,27762.4,16.86,15587.56,,,,
5710,8/10/2026 22:03,18.48,9.09,8.22,18.42,24018.1,27872,16.93,15611.75,,,,
5711,8/10/2026 22:13,18.36,8.78,7.94,18.3,23896.6,27807.6,16.88,15532.81,,,,
5712,8/10/2026 22:23,18.25,7.81,7.05,18.2,24147.7,28169.3,17.12,15695.98,,,,
5713,8/10/2026 22:33,18.22,7.67,6.91,18.16,24709.8,28854.5,17.57,16061.39,,,,
5714,8/10/2026 22:43,18.16,7.95,7.14,18.11,25023.1,29256.5,17.84,16264.99,,,,
5715,8/10/2026 22:53,18.17,7.41,6.69,18.11,24102.1,28179.7,17.12,15666.35,,,,
5716,8/10/2026 23:03,18.16,7.24,6.54,18.1,24021.7,28091.9,17.06,15614.08,,,,
5717,8/10/2026 23:13,18.19,9,8.12,18.15,24175.2,28236.4,17.16,15713.91,,,,
5718,8/10/2026 23:23,18.51,10.13,9.14,18.55,24550.2,28399,17.29,15957.62,,,,
5719,8/10/2026 23:33,19.09,10.21,9.22,19.14,24828.5,28309.9,17.25,16138.5,,,,
5720,8/10/2026 23:43,19.81,9.81,8.86,19.75,25209.8,28335.1,17.29,16386.36,,,,
5721,8/10/2026 23:53,19.96,9.61,8.68,20,25250.5,28210.5,17.22,16412.82,,,,
5722,8/11/2026 0:03,20.39,9.19,8.28,20.51,26064,28777.6,17.62,16941.57,,,,
5723,8/11/2026 0:13,20.78,8.72,7.87,20.91,26179.5,28640.1,17.54,17016.7,,,,
5724,8/11/2026 0:23,21.16,8.47,7.66,21.21,26038.2,28289.8,17.31,16924.84,,,,
5725,8/11/2026 0:33,21.74,8.2,7.42,21.79,26199,28095.2,17.2,17029.33,,,,
5726,8/11/2026 0:43,21.97,7.84,7.09,22.04,26527.5,28283.8,17.33,17242.86,,,,
5727,8/11/2026 0:53,22.36,7.63,6.89,22.42,27312.1,28878.6,17.75,17752.87,,,,
5728,8/11/2026 1:03,22.55,7.2,6.51,22.59,26966.6,28405.7,17.43,17528.28,,,,
5729,8/11/2026 1:13,22.83,6.92,6.25,22.84,27192.7,28487.2,17.49,17675.28,,,,
5730,8/11/2026 1:23,23.05,6.48,5.83,23.05,28266.8,29476.3,18.17,18373.42,,,,
5731,8/11/2026 1:33,23.12,6.53,5.9,23.07,27452.5,28613.9,17.59,17844.1,,,,
5732,8/11/2026 1:43,23.2,6.24,5.63,23.18,27970.7,29079.6,17.9,18180.96,,,,
5733,8/11/2026 1:53,23.31,5.99,5.41,23.3,27894.3,28930.1,17.81,18131.31,,,,
5734,8/11/2026 2:03,23.38,5.82,5.26,23.37,27867.3,28853,17.76,18113.77,,,,
5735,8/11/2026 2:13,23.48,5.74,5.19,23.48,27531.9,28440.6,17.48,17895.71,,,,
5736,8/11/2026 2:23,23.54,5.44,4.92,23.56,27735.1,28600.2,17.59,18027.83,,,,
5737,8/11/2026 2:33,23.63,5.27,4.76,23.61,28128.9,28972.3,17.84,18283.77,,,,
5738,8/11/2026 2:43,23.72,4.81,4.35,23.66,27749.9,28552.3,17.56,18037.42,,,,
5739,8/11/2026 2:53,23.79,4.62,4.17,23.74,28092.3,28855.8,17.77,18259.99,,,,
5740,8/11/2026 3:03,23.88,4.55,4.11,23.89,27873.6,28536.7,17.55,18117.84,,,,
5741,8/11/2026 3:13,23.96,4.16,3.75,23.95,28607.6,29252.1,18.04,18594.92,,,,
5742,8/11/2026 3:23,24.07,3.86,3.49,24.06,28213.6,28782.3,17.72,18338.86,,,,
5743,8/11/2026 3:33,24.14,3.35,3.03,24.11,27971.2,28501.9,17.54,18181.31,,,,
5744,8/11/2026 3:43,24.18,3.18,2.87,24.18,28152.7,28648,17.64,18299.24,,,,
5745,8/11/2026 3:53,24.25,3.29,2.96,24.22,28802.3,29284.4,18.07,18721.47,,,,
5746,8/11/2026 4:03,24.28,3.04,2.75,24.27,28160,28598.3,17.6,18303.98,,,,
5747,8/11/2026 4:13,24.36,2.31,2.08,24.33,28315.8,28719.6,17.69,18405.28,,,,
5748,8/11/2026 4:23,24.41,1.73,1.56,24.41,28257.2,28612.3,17.62,18367.18,,,,
5749,8/11/2026 4:33,24.51,2.37,2.14,24.48,28263.1,28574.3,17.59,18371.02,,,,
5750,8/11/2026 4:43,24.56,2.3,2.08,24.51,28373.5,28667.5,17.66,18442.77,,,,
5751,8/11/2026 4:53,24.6,1.65,1.49,24.56,28271.8,28535.5,17.57,18376.68,,,,
5752,8/11/2026 5:03,24.58,2,1.8,24.54,29087,29367.7,18.13,18906.53,,,,
5753,8/11/2026 5:13,24.55,1.66,1.49,24.55,29370.7,29650.4,18.32,19090.97,,,,
5754,8/11/2026 5:23,24.45,0.88,0.8,24.41,28506.3,28864.6,17.79,18529.12,,,,
5755,8/11/2026 5:33,24.49,1.17,1.06,24.45,28374.5,28705.3,17.68,18443.42,,,,
5756,8/11/2026 5:43,24.48,0.75,0.68,24.45,28316.5,28650.3,17.64,18405.7,,,,
5757,8/11/2026 5:53,24.49,0.45,0.4,24.47,28399.1,28721,17.69,18459.41,,,,
5758,8/11/2026 6:03,24.57,0.78,0.7,24.54,28491.8,28770.4,17.73,18519.65,,,,
5759,8/11/2026 6:13,24.63,0.86,0.78,24.6,28391.6,28634.5,17.64,18454.57,,,,
5760,8/11/2026 6:23,24.66,0.52,0.47,24.62,28379.6,28605.8,17.62,18446.75,,,,
5761,8/11/2026 6:33,24.62,0.76,0.68,24.58,28305.6,28556.9,17.58,18398.67,,,,
5762,8/11/2026 6:43,24.58,0.63,0.57,24.54,28424,28698.3,17.68,18475.58,,,,
5763,8/11/2026 6:53,24.55,1.35,1.22,24.51,29271.5,29572.9,18.27,19026.46,,,,
5764,8/11/2026 7:03,24.69,2.54,2.29,24.68,28769.4,28965.4,17.86,18700.09,,,,
5765,8/11/2026 7:13,24.59,2.72,2.46,24.54,28853.1,29137.2,17.98,18754.54,,,,
5766,8/11/2026 7:23,24.42,3.66,3.31,24.36,28667.8,29059.8,17.92,18634.05,,,,
5767,8/11/2026 7:33,24.27,3.92,3.53,24.22,28728.8,29207.9,18.02,18673.71,,,,
5768,8/11/2026 7:43,24.17,4.15,3.7,24.1,31867.3,32478.2,20.25,20713.76,,,,
5769,8/11/2026 7:53,23.94,4.48,3.97,23.88,33262.6,34064.9,21.33,21620.66,,,,
5770,8/11/2026 8:03,23.93,4.51,3.98,23.89,34231.1,35045.4,22.01,22250.21,,,,
5771,8/11/2026 8:13,23.81,4.99,4.38,23.74,35165.6,36119,22.75,22857.64,,,,
5772,8/11/2026 8:23,23.66,5.28,4.61,23.6,36336,37435.3,23.67,23618.42,,,,
5773,8/11/2026 8:33,23.49,5.3,4.62,23.39,36534.1,37809,23.92,23747.16,,,,
5774,8/11/2026 8:43,23.26,5.29,4.61,23.19,36266.2,37699,23.84,23573.02,,,,
5775,8/11/2026 8:53,23.14,5.74,5.04,23.07,34544.1,36005.6,22.65,22453.68,,,,
5776,8/11/2026 9:03,23,5.81,5.23,22.95,28716.3,30006.1,18.52,18665.6,,,,
5777,8/11/2026 9:13,22.94,5.77,5.05,22.9,35136.9,36756.2,23.17,22838.98,,,,
5778,8/11/2026 9:23,22.84,5.78,5.1,22.79,32823.7,34420.2,21.54,21335.39,,,,
5779,8/11/2026 9:33,22.84,5.67,4.97,22.81,34899,36584.4,23.04,22684.36,,,,
5780,8/11/2026 9:43,22.67,5.45,4.79,22.59,34082.6,35896.7,22.56,22153.7,,,,
5781,8/11/2026 9:53,22.44,6.15,5.4,22.38,33733.7,35697.1,22.41,21926.93,,,,
5782,8/11/2026 10:03,22.21,5.81,5.08,22.09,34545.7,36795.9,23.16,22454.68,,,,
5783,8/11/2026 10:13,21.45,5.95,5.2,21.34,34175.4,37024.8,23.29,22214.01,,,,
5784,8/11/2026 10:23,20.62,6.3,5.49,20.53,33510.3,36978.8,23.22,21781.7,,,,
5785,8/11/2026 10:33,19.92,6.7,5.92,19.85,29919.9,33544.3,20.82,19447.91,,,,
5786,8/11/2026 10:43,19.12,6.9,6,19.08,32926.7,37599.9,23.57,21402.33,,,,
5787,8/11/2026 10:53,18.59,7.19,6.35,18.53,29110.5,33691.3,20.85,18921.84,,,,
5788,8/11/2026 11:03,18.23,7.34,6.42,18.15,30867.5,36055.6,22.45,20063.88,,,,
5789,8/11/2026 11:13,17.82,6.86,6.02,17.73,30034.9,35442.2,22,19522.66,,,,
5790,8/11/2026 11:23,17.57,6.65,5.85,17.57,29037.4,34407.1,21.28,18874.29,,,,
5791,8/11/2026 11:33,17.68,8.62,7.57,17.76,29492.4,34776.5,21.55,19170.06,,,,
5792,8/11/2026 11:43,17.9,9.98,8.79,17.78,29119.2,34321.3,21.24,18927.48,,,,
5793,8/11/2026 11:53,18.27,10.2,9.1,18.56,26790.9,30979.8,19.02,17414.09,,,,
5794,8/11/2026 12:03,19.21,9.96,8.75,19.23,30691.8,34923.3,21.73,19949.68,,,,
5795,8/11/2026 12:13,21.12,9.29,8.24,21.68,30707.2,33011.9,20.53,19959.71,,,,
5796,8/11/2026 12:23,22.05,8.75,7.7,22,33024.8,35246.7,22.08,21466.12,,,,
5797,8/11/2026 12:33,22.3,8.24,7.32,22.26,31135,33032.7,20.57,20237.73,,,,
5798,8/11/2026 12:43,22.58,8.07,7.02,22.54,35923.6,37878.2,23.94,23350.31,,,,
5799,8/11/2026 12:53,22.82,7.8,6.81,22.85,35645.4,37334.8,23.57,23169.48,,,,
5800,8/11/2026 13:03,23.06,7.79,6.8,23.06,35756.9,37277.1,23.54,23242.02,,,,
5801,8/11/2026 13:13,23.28,7.42,6.51,23.3,34677.5,35962.8,22.63,22540.4,,,,
5802,8/11/2026 13:23,23.59,7.56,6.64,23.63,34762.2,35790.5,22.52,22595.4,,,,
5803,8/11/2026 13:33,23.93,7.4,6.45,23.97,37263.2,38083,24.13,24221.05,,,,
5804,8/11/2026 13:43,24.21,7.6,6.65,24.21,36539,37157.9,23.49,23750.37,,,,
5805,8/11/2026 13:53,24.37,7.58,6.64,24.36,36130.5,36622.1,23.12,23484.81,,,,
5806,8/11/2026 14:03,24.61,7.59,6.74,24.65,33134.6,33379.5,20.88,21537.49,,,,
5807,8/11/2026 14:13,24.75,7.87,6.93,24.85,35397.6,35509.4,22.36,23008.47,,,,
5808,8/11/2026 14:23,24.97,7.61,6.71,24.99,35318.3,35323.9,22.24,22956.88,,,,
5809,8/11/2026 14:33,25.15,7.51,6.6,25.13,36058.3,35956.5,22.68,23437.87,,,,
5810,8/11/2026 14:43,25.35,7.24,6.4,25.41,34938.1,34639.4,21.77,22709.76,,,,
5811,8/11/2026 14:53,25.54,6.98,6.2,25.57,33974.7,33571.7,21.04,22083.52,,,,
5812,8/11/2026 15:03,25.69,7.08,6.26,25.68,35253.9,34756.9,21.86,22915.05,,,,
5813,8/11/2026 15:13,25.84,6.89,6.1,25.9,35009.3,34360,21.59,22756.06,,,,
5814,8/11/2026 15:23,25.93,6.94,6.12,25.9,35936.7,35272.3,22.23,23358.85,,,,
5815,8/11/2026 15:33,26.01,6.89,6.09,25.99,35358.1,34641.4,21.79,22982.76,,,,
5816,8/11/2026 15:43,26.07,6.75,5.99,26.05,34774.1,34026.6,21.36,22603.17,,,,
5817,8/11/2026 15:53,26.12,6.68,5.92,26.07,34814.9,34047.3,21.38,22629.65,,,,
5818,8/11/2026 16:03,26.12,6.67,5.87,26.06,36637.9,35836.9,22.62,23814.63,,,,
5819,8/11/2026 16:13,26.17,6.39,5.7,26.13,32993.5,32229.8,20.12,21445.79,,,,
5820,8/11/2026 16:23,26.22,6.19,5.45,26.2,36504.6,35603.9,22.46,23727.96,,,,
5821,8/11/2026 16:33,26.29,6.19,5.46,26.25,36197.1,35268.8,22.23,23528.12,,,,
5822,8/11/2026 16:43,26.32,6.19,5.53,26.28,32707.2,31852.5,19.87,21259.7,,,,
5823,8/11/2026 16:53,26.33,5.94,5.26,26.32,35501.2,34545.5,21.73,23075.8,,,,
5824,8/11/2026 17:03,26.35,5.53,4.92,26.33,33989.3,33066,20.7,22093.04,,,,
5825,8/11/2026 17:13,26.37,5.26,4.69,26.34,33917.8,32988.2,20.65,22046.56,,,,
5826,8/11/2026 17:23,26.39,3.98,3.55,26.37,33368,32433.2,20.27,21689.18,,,,
5827,8/11/2026 17:33,26.39,4.03,3.65,26.37,29138.4,28323.9,17.46,18939.95,,,,
5828,8/11/2026 17:43,26.39,4.31,3.92,26.38,28437.4,27639,17,18484.28,,,,
5829,8/11/2026 17:53,26.35,3.64,3.27,26.34,31167.3,30316.9,18.82,20258.76,,,,
5830,8/11/2026 18:03,26.31,3.89,3.52,26.28,29245.4,28477.6,17.56,19009.49,,,,
5831,8/11/2026 18:13,26.27,3.32,2.95,26.24,34607.5,33726.3,21.16,22494.89,,,,
5832,8/11/2026 18:23,26.22,3.61,3.2,26.19,35022.1,34168.7,21.47,22764.35,,,,
5833,8/11/2026 18:33,26.1,4.12,3.66,26.07,34519.1,33758,21.18,22437.39,,,,
5834,8/11/2026 18:43,25.63,5.56,4.96,25.58,32876.9,32482.9,20.29,21370.02,,,,
5835,8/11/2026 18:53,25.45,5.63,5.03,25.41,32281.3,32003.3,19.95,20982.83,,,,
5836,8/11/2026 19:03,25.31,6.32,5.61,25.27,33806,33616.7,21.06,21973.88,,,,
5837,8/11/2026 19:13,25.29,6.07,5.38,25.27,33966.7,33778.7,21.17,22078.36,,,,
5838,8/11/2026 19:23,25.26,6.3,5.57,25.23,34749.2,34585.4,21.73,22587,,,,
5839,8/11/2026 19:33,25.25,6.65,5.88,25.22,34734.5,34577.3,21.73,22577.44,,,,
5840,8/11/2026 19:43,25.13,7.05,6.25,25.08,33992.2,33937.2,21.28,22094.91,,,,
5841,8/11/2026 19:53,24.71,7.41,6.57,24.61,33369.2,33648.1,21.07,21689.99,,,,
5842,8/11/2026 20:03,24.36,7.69,6.8,24.29,33656.5,34165,21.41,21876.74,,,,
5843,8/11/2026 20:13,24.21,7.77,6.86,24.16,34046.1,34658.5,21.75,22129.97,,,,
5844,8/11/2026 20:23,23.89,8.1,7.14,23.78,34157.5,35056.3,22.02,22202.4,,,,
5845,8/11/2026 20:33,23.52,8.16,7.19,23.45,33992.9,35135.5,22.06,22095.36,,,,
5846,8/11/2026 20:43,23.41,8.21,7.25,23.37,33398,34583.8,21.67,21708.73,,,,
5847,8/11/2026 20:53,23.26,8.06,7.1,23.2,33704.2,35026.7,21.98,21907.75,,,,
5848,8/11/2026 21:03,23.24,7.64,6.74,23.19,33321.8,34638.3,21.71,21659.15,,,,
5849,8/11/2026 21:13,23.05,7.96,7.01,22.97,33719.3,35217.6,22.1,21917.56,,,,
5850,8/11/2026 21:23,22.67,8.41,7.41,22.59,33162.5,34932.2,21.89,21555.6,,,,
5851,8/11/2026 21:33,22.16,8.58,7.55,22.02,32944.9,35142.6,22.01,21414.21,,,,
5852,8/11/2026 21:43,21.48,9.43,8.3,21.3,32395.6,35122.8,21.97,21057.13,,,,
5853,8/11/2026 21:53,20.73,10.32,9.07,20.62,32022.5,35266.4,22.04,20814.63,,,,
5854,8/11/2026 22:03,20.4,10.37,9.12,20.32,31685,35139.2,21.93,20595.26,,,,
5855,8/11/2026 22:13,20.08,10.42,9.17,19.99,31274.3,34950.2,21.79,20328.31,,,,
5856,8/11/2026 22:23,19.77,10.32,9.09,19.69,30599.7,34444,21.43,19889.8,,,,
5857,8/11/2026 22:33,19.45,10.56,9.29,19.38,30639.8,34743.2,21.62,19915.86,,,,
5858,8/11/2026 22:43,19.27,10.38,9.14,19.19,30447.8,34677.8,21.56,19791.1,,,,
5859,8/11/2026 22:53,19.12,10.04,8.84,19.04,30243.3,34567.7,21.48,19658.13,,,,
5860,8/11/2026 23:03,18.97,9.81,8.63,18.91,30159.2,34582.6,21.48,19603.45,,,,
5861,8/11/2026 23:13,18.84,9.72,8.55,18.78,30201.4,34743,21.58,19630.92,,,,
5862,8/11/2026 23:23,18.75,9.53,8.4,18.69,29621.3,34146.7,21.17,19253.83,,,,
5863,8/11/2026 23:33,18.66,9.69,8.52,18.6,30047.2,34715.2,21.55,19530.71,,,,
5864,8/11/2026 23:43,18.59,9.28,8.18,18.53,29530.6,34172.5,21.18,19194.89,,,,
5865,8/11/2026 23:53,18.56,8.92,7.88,18.5,29115.3,33716.3,20.87,18924.96,,,,
5866,8/12/2026 0:03,18.53,8.01,7.08,18.46,28945.8,33553.9,20.75,18814.75,,,,
5867,8/12/2026 0:13,18.53,10.19,9.01,18.47,28720.9,33288.5,20.57,18668.6,,,,
5868,8/12/2026 0:23,18.64,10.74,9.48,18.61,29299.7,33836.9,20.96,19044.82,,,,
5869,8/12/2026 0:33,18.89,10.74,9.53,18.89,28557.9,32765.2,20.24,18562.6,,,,
5870,8/12/2026 0:43,19.27,10.38,9.26,19.34,27648.3,31377.7,19.32,17971.36,,,,
5871,8/12/2026 0:53,19.59,10.09,9.02,19.58,27378.2,30893.8,19,17795.82,,,,
5872,8/12/2026 1:03,20.02,9.54,8.53,20.08,27739,30934.6,19.05,18030.36,,,,
5873,8/12/2026 1:13,20.52,8.85,7.89,20.61,28609.1,31511.6,19.47,18595.92,,,,
5874,8/12/2026 1:23,20.78,8.25,7.34,20.81,29313.4,32143.4,19.9,19053.74,,,,
5875,8/12/2026 1:33,21.09,8.05,7.18,21.1,28952.5,31533.4,19.5,18819.14,,,,
5876,8/12/2026 1:43,21.34,7.99,7.12,21.33,29445.7,31902.9,19.76,19139.69,,,,
5877,8/12/2026 1:53,21.59,7.68,6.82,21.59,30724.5,33097.4,20.59,19970.91,,,,
5878,8/12/2026 2:03,21.77,7.35,6.53,21.78,30242.7,32438.1,20.14,19657.73,,,,
5879,8/12/2026 2:13,21.91,7.07,6.35,21.88,28033.6,29998.1,18.49,18221.85,,,,
5880,8/12/2026 2:23,22.03,6.78,5.97,22.03,32862,35044.8,21.94,21360.32,,,,
5881,8/12/2026 2:33,22.15,6.64,5.9,22.14,30434.5,32382.3,20.12,19782.43,,,,
5882,8/12/2026 2:43,22.27,6.45,5.68,22.24,33180.6,35224.2,22.08,21567.4,,,,
5883,8/12/2026 2:53,22.36,5.97,5.28,22.34,32069.6,33967.6,21.21,20845.21,,,,
5884,8/12/2026 3:03,22.42,5.77,5.14,22.39,30262.1,32019.1,19.88,19670.37,,,,
5885,8/12/2026 3:13,22.46,5.56,4.91,22.44,32377.9,34216.8,21.39,21045.64,,,,
5886,8/12/2026 3:23,22.57,5.25,4.64,22.55,32551,34319.9,21.46,21158.14,,,,
5887,8/12/2026 3:33,22.65,5.2,4.6,22.64,31968.9,33637,21,20779.75,,,,
5888,8/12/2026 3:43,22.69,5.17,4.59,22.65,31216.6,32839,20.45,20290.78,,,,
5889,8/12/2026 3:53,22.75,4.92,4.35,22.71,32729.1,34382.3,21.51,21273.9,,,,
5890,8/12/2026 4:03,22.8,4.8,4.24,22.78,32752.2,34356.6,21.5,21288.9,,,,
5891,8/12/2026 4:13,22.92,4.71,4.2,22.91,30679.4,32091.2,19.94,19941.64,,,,
5892,8/12/2026 4:23,23.01,4.32,3.83,23.01,32061.4,33457.5,20.89,20839.94,,,,
5893,8/12/2026 4:33,23.07,4.44,3.94,23.05,31820.4,33182,20.7,20683.29,,,,
5894,8/12/2026 4:43,23.1,4.33,3.83,23.09,32620.3,33987,21.25,21203.2,,,,
5895,8/12/2026 4:53,23.15,4.18,3.7,23.12,31973.9,33285.2,20.77,20783.05,,,,
5896,8/12/2026 5:03,23.15,3.73,3.33,23.12,30919.2,32191.4,20.02,20097.46,,,,
5897,8/12/2026 5:13,23.19,3.18,2.83,23.15,30916,32166.9,20,20095.39,,,,
5898,8/12/2026 5:23,23.2,3.11,2.74,23.16,33723.7,35076.8,22.01,21920.41,,,,
5899,8/12/2026 5:33,23.26,3.44,3.06,23.25,31202.6,32390.8,20.16,20281.71,,,,
5900,8/12/2026 5:43,23.28,3.32,2.94,23.24,32172.4,33406.3,20.86,20912.06,,,,
5901,8/12/2026 5:53,23.32,3.28,2.92,23.28,31204,32373.2,20.15,20282.62,,,,
5902,8/12/2026 6:03,23.22,2.98,2.64,23.23,32681.8,33944.1,21.23,21243.17,,,,
5903,8/12/2026 6:13,23.23,2.57,2.27,23.16,32558.5,33867.1,21.17,21163.02,,,,
5904,8/12/2026 6:23,23.17,1.34,1.2,23.16,30361.5,31581.8,19.6,19735,,,,
5905,8/12/2026 6:33,23.14,0.93,0.82,23.1,32523.2,33872.5,21.17,21140.09,,,,
5906,8/12/2026 6:43,23.16,0.36,0.32,23.12,31497,32795.1,20.43,20473.03,,,,
5907,8/12/2026 6:53,23.18,0.37,0.33,23.15,30959.9,32210.5,20.03,20123.93,,,,
5908,8/12/2026 7:03,23.27,1.18,1.05,23.23,31232.2,32440.6,20.19,20300.9,,,,
5909,8/12/2026 7:13,23.35,1.4,1.24,23.32,31446,32596.5,20.3,20439.88,,,,
5910,8/12/2026 7:23,23.41,1.3,1.15,23.36,32437.6,33591.5,20.99,21084.44,,,,
5911,8/12/2026 7:33,23.39,1.06,0.94,23.35,30290.4,31376.1,19.47,19688.75,,,,
5912,8/12/2026 7:43,23.38,1.19,1.07,23.35,30273.2,31362.4,19.46,19677.58,,,,
5913,8/12/2026 7:53,23.67,3,2.69,23.64,29808.1,30681.9,19,19375.26,,,,
5914,8/12/2026 8:03,23.77,4.12,3.66,23.76,32170.2,33029.6,20.61,20910.66,,,,
5915,8/12/2026 8:13,23.64,4.36,3.92,23.57,29388.1,30294.9,18.74,19102.29,,,,
5916,8/12/2026 8:23,23.44,4.53,4.07,23.38,29429.4,30468.3,18.85,19129.13,,,,
5917,8/12/2026 8:33,23.34,4.96,4.41,23.3,31381.2,32542.2,20.27,20397.8,,,,
5918,8/12/2026 8:43,23.26,5.22,4.62,23.2,32635.8,33920.7,21.21,21213.24,,,,
5919,8/12/2026 8:53,23.06,5.57,4.95,23,31447,32824.9,20.45,20440.55,,,,
5920,8/12/2026 9:03,23.08,5.7,5.07,23.03,31081.7,32424.3,20.18,20203.08,,,,
5921,8/12/2026 9:13,22.93,5.84,5.2,22.88,30982.6,32423.3,20.17,20138.71,,,,
5922,8/12/2026 9:23,22.8,5.75,5.07,22.72,33101.2,34768.6,21.78,21515.8,,,,
5923,8/12/2026 9:33,22.58,5.99,5.29,22.5,32509.4,34312.5,21.46,21131.14,,,,
5924,8/12/2026 9:43,22.46,6.32,5.6,22.4,31726.8,33559.9,20.93,20622.42,,,,
5925,8/12/2026 9:53,22.33,6.59,5.84,22.29,31755,33674.8,21.01,20640.72,,,,
5926,8/12/2026 10:03,22.34,6.86,6.1,22.31,30789.8,32633.9,20.3,20013.36,,,,
5927,8/12/2026 10:13,22.32,6.97,6.2,22.27,30502.7,32359.8,20.11,19826.78,,,,
5928,8/12/2026 10:23,22.29,6.93,6.12,22.27,32586.2,34567.8,21.62,21181.05,,,,
5929,8/12/2026 10:33,22.28,6.91,6.14,22.22,30653.3,32554.2,20.24,19924.63,,,,
5930,8/12/2026 10:43,22.03,7.39,6.58,21.95,30002.1,32052.9,19.89,19501.38,,,,
5931,8/12/2026 10:53,21.56,7.89,7,21.47,30705.3,33166.3,20.63,19958.44,,,,
5932,8/12/2026 11:03,21.03,8.37,7.45,20.94,29373.2,32114.2,19.89,19092.6,,,,
5933,8/12/2026 11:13,20.54,9.2,8.2,20.44,28718.9,31761.6,19.63,18667.31,,,,
5934,8/12/2026 11:23,19.89,9.77,8.66,19.81,29583.8,33204.8,20.58,19229.47,,,,
5935,8/12/2026 11:33,19.43,9.89,8.69,19.38,30992.5,35138.2,21.89,20145.14,,,,
5936,8/12/2026 11:43,19.12,9.45,8.32,19.06,30312.2,34631.6,21.52,19702.94,,,,
5937,8/12/2026 11:53,19.04,8.55,7.61,18.99,27833.3,31851.7,19.63,18091.62,,,,
5938,8/12/2026 12:03,18.93,9.02,7.96,18.87,29625.4,34004.6,21.08,19256.51,,,,
5939,8/12/2026 12:13,18.85,8.65,7.63,18.77,29634.1,34095.2,21.14,19262.16,,,,
5940,8/12/2026 12:23,18.77,8.58,7.57,18.67,29228.4,33708.3,20.87,18998.44,,,,
5941,8/12/2026 12:33,18.46,9.27,8.2,18.37,28702.7,33349.4,20.61,18656.78,,,,
5942,8/12/2026 12:43,18.38,10.24,9.07,18.31,28393.2,33032.9,20.39,18455.57,,,,
5943,8/12/2026 12:53,18.79,10.81,9.58,18.93,28653.7,32842.2,20.29,18624.87,,,,
5944,8/12/2026 13:03,20.16,10.23,9.08,20.37,29668.1,32863.7,20.38,19284.27,,,,
5945,8/12/2026 13:13,21.12,9.77,8.68,21.16,30003.1,32635.3,20.25,19502.02,,,,
5946,8/12/2026 13:23,21.1,9.76,8.75,21.12,27852.3,30322.7,18.68,18104.02,,,,
5947,8/12/2026 13:33,21.69,9.48,8.47,21.8,29128.2,31226,19.32,18933.35,,,,
5948,8/12/2026 13:43,22.15,9.01,8.1,22.2,28077.7,29834.9,18.39,18250.52,,,,
5949,8/12/2026 13:53,22.48,8.82,7.91,22.54,28725.6,30292.6,18.71,18671.61,,,,
5950,8/12/2026 14:03,22.81,8.63,7.76,22.86,28437.4,29775.4,18.37,18484.32,,,,
5951,8/12/2026 14:13,23.08,8.2,7.31,23.15,30664.2,31900.8,19.82,19931.74,,,,
5952,8/12/2026 14:23,23.52,8.18,7.32,23.56,30225.5,31166.2,19.33,19646.54,,,,
5953,8/12/2026 14:33,23.77,7.98,7.11,23.79,31735.1,32565.9,20.3,20627.83,,,,
5954,8/12/2026 14:43,23.94,8.03,7.17,23.94,30936.8,31644.1,19.67,20108.91,,,,
5955,8/12/2026 14:53,24.1,7.98,7.14,24.09,30731.6,31330.8,19.46,19975.56,,,,
5956,8/12/2026 15:03,24.3,7.78,6.89,24.31,33472.2,33964.8,21.28,21756.95,,,,
5957,8/12/2026 15:13,24.54,7.87,7,24.54,32442.1,32757.3,20.45,21087.36,,,,
5958,8/12/2026 15:23,24.74,7.72,6.89,24.73,31932.4,32117.1,20.01,20756.06,,,,
5959,8/12/2026 15:33,24.96,7.72,6.87,24.92,32816.9,32872.3,20.54,21330.96,,,,
5960,8/12/2026 15:43,25.17,7.63,6.82,25.17,31576.2,31465.1,19.58,20524.51,,,,
5961,8/12/2026 15:53,25.34,7.47,6.68,25.31,32003.4,31794,19.81,20802.19,,,,
5962,8/12/2026 16:03,25.46,7.15,6.4,25.46,31605.5,31303.7,19.47,20543.59,,,,
5963,8/12/2026 16:13,25.62,6.97,6.25,25.65,31465.3,31043.2,19.3,20452.46,,,,
5964,8/12/2026 16:23,25.7,6.81,6.07,25.69,32972.2,32503.3,20.3,21431.96,,,,
5965,8/12/2026 16:33,25.82,6.58,5.85,25.82,33518.8,32950.9,20.61,21787.24,,,,
5966,8/12/2026 16:43,25.87,6.5,5.81,25.85,32449,31881.1,19.88,21091.85,,,,
5967,8/12/2026 16:53,25.86,6.42,5.78,25.82,30612.7,30095.8,18.65,19898.24,,,,
5968,8/12/2026 17:03,25.91,5.99,5.34,25.93,33104,32467.6,20.28,21517.62,,,,
5969,8/12/2026 17:13,25.91,6.21,5.51,25.91,34510.9,33862.3,21.25,22432.1,,,,
5970,8/12/2026 17:23,25.95,6.08,5.42,25.92,33390.6,32761,20.49,21703.86,,,,
5971,8/12/2026 17:33,25.98,5.84,5.22,25.97,32315.7,31670.6,19.74,21005.21,,,,
5972,8/12/2026 17:43,25.99,5.9,5.3,25.95,31430.4,30814.6,19.15,20429.79,,,,
5973,8/12/2026 17:53,25.93,4.45,3.98,25.88,32415.7,31826.4,19.84,21070.21,,,,
5974,8/12/2026 18:03,25.86,4.57,4.1,25.82,31443.2,30908.4,19.21,20438.07,,,,
5975,8/12/2026 18:13,25.85,4.35,3.9,25.83,31626.1,31086.3,19.33,20556.97,,,,
5976,8/12/2026 18:23,25.79,3.53,3.17,25.75,31402.8,30913.4,19.21,20411.85,,,,
5977,8/12/2026 18:33,25.78,2.8,2.52,25.76,30788.5,30303,18.8,20012.53,,,,
5978,8/12/2026 18:43,25.74,3.24,2.91,25.72,30651.7,30194.9,18.72,19923.6,,,,
5979,8/12/2026 18:53,25.78,3.12,2.81,25.76,30751,30269.8,18.77,19988.12,,,,
5980,8/12/2026 19:03,25.78,3.41,3.07,25.76,30524,30046.4,18.62,19840.58,,,,
5981,8/12/2026 19:13,25.8,4.01,3.61,25.76,30614.6,30131.8,18.68,19899.48,,,,
5982,8/12/2026 19:23,25.76,4.32,3.89,25.73,30430.5,29971.3,18.57,19779.81,,,,
5983,8/12/2026 19:33,25.7,4.19,3.78,25.65,29657.8,29256.2,18.08,19277.56,,,,
5984,8/12/2026 19:43,24.94,5.3,4.74,24.83,31453,31564.4,19.64,20444.43,,,,
5985,8/12/2026 19:53,24.73,5.52,4.96,24.67,30101.7,30308.7,18.78,19566.11,,,,
5986,8/12/2026 20:03,24.59,5.87,5.23,24.51,32389.4,32725.1,20.43,21053.13,,,,
5987,8/12/2026 20:13,24.54,6.05,5.39,24.56,31900.4,32200,20.07,20735.28,,,,
5988,8/12/2026 20:23,24.6,6.23,5.57,24.56,31215.1,31506.3,19.59,20289.83,,,,
5989,8/12/2026 20:33,24.65,6.53,5.8,24.65,33011.7,33255.7,20.8,21457.58,,,,
5990,8/12/2026 20:43,24.64,6.59,5.83,24.57,33806,34112.6,21.39,21973.91,,,,
5991,8/12/2026 20:53,24.26,7.1,6.28,24.16,33505.9,34108.6,21.37,21778.85,,,,
5992,8/12/2026 21:03,23.93,7.44,6.61,23.83,32302.5,33115.9,20.68,20996.63,,,,
5993,8/12/2026 21:13,23.74,7.77,6.89,23.67,32726.5,33668.4,21.05,21272.22,,,,
5994,8/12/2026 21:23,23.49,8.05,7.13,23.39,32666.1,33810.5,21.14,21232.99,,,,
5995,8/12/2026 21:33,23.24,8.11,7.24,23.18,30705.7,31925.2,19.84,19958.73,,,,
5996,8/12/2026 21:43,23.14,8.28,7.33,23.1,32519.7,33873.3,21.17,21137.81,,,,
5997,8/12/2026 21:53,23.13,8.2,7.28,23.09,31875.6,33206.8,20.72,20719.16,,,,
5998,8/12/2026 22:03,23.13,8.09,7.14,23.08,33220.8,34619.5,21.69,21593.51,,,,
5999,8/12/2026 22:13,22.84,8.43,7.46,22.75,32246.1,33848,21.15,20959.93,,,,
6000,8/12/2026 22:23,22.54,8.56,7.56,22.44,32599.1,34450.5,21.55,21189.4,,,,
6001,8/12/2026 22:33,21.89,9.16,8.07,21.71,32359.1,34762,21.74,21033.43,,,,
6002,8/12/2026 22:43,21.01,9.73,8.55,20.8,32309.6,35436.2,22.16,21001.27,,,,
6003,8/12/2026 22:53,19.94,10.42,9.16,19.78,31099.5,34930.4,21.76,20214.64,,,,
6004,8/12/2026 23:03,19.36,10.49,9.2,19.24,31133.4,35415.7,22.07,20236.7,,,,
6005,8/12/2026 23:13,18.88,10.44,9.18,18.77,30167,34710.9,21.56,19608.55,,,,
6006,8/12/2026 23:23,18.61,10.67,9.44,18.51,28594,33103.1,20.45,18586.11,,,,
6007,8/12/2026 23:33,18.37,10.81,9.46,18.28,30889.2,35968.1,22.39,20077.96,,,,
6008,8/12/2026 23:43,18.19,10.85,9.5,18.11,30516.9,35679.9,22.19,19836,,,,
6009,8/12/2026 23:53,18.06,10.9,9.56,17.99,30061.5,35247.7,21.88,19539.98,,,,
6010,8/13/2026 0:03,18.03,10.79,9.53,17.97,28506,33443.5,20.65,18528.91,,,,
6011,8/13/2026 0:13,17.98,10.66,9.32,17.9,30563.9,35915.7,22.33,19866.53,,,,
6012,8/13/2026 0:23,17.9,10.4,9.1,17.83,30520.4,35927.8,22.34,19838.24,,,,
6013,8/13/2026 0:33,17.85,10.39,9.11,17.79,30151.2,35535,22.07,19598.28,,,,
6014,8/13/2026 0:43,17.85,9.53,8.32,17.78,30952.6,36482.2,22.72,20119.19,,,,
6015,8/13/2026 0:53,17.84,8.43,7.39,17.79,29968.5,35319.7,21.92,19479.55,,,,
6016,8/13/2026 1:03,17.86,9.37,8.2,17.79,30464.9,35896.8,22.31,19802.16,,,,
6017,8/13/2026 1:13,17.99,10.61,9.35,18.07,29239.5,34216.3,21.18,19005.65,,,,
6018,8/13/2026 1:23,18.88,9.76,8.58,18.74,30375.9,34976.3,21.74,19744.32,,,,
6019,8/13/2026 1:33,18.58,10.4,9.1,18.53,31232.2,36138.9,22.53,20300.9,,,,
6020,8/13/2026 1:43,18.7,10.04,8.78,18.59,31212.9,36069.8,22.48,20288.41,,,,
6021,8/13/2026 1:53,18.85,10.03,8.84,18.92,30033.3,34433.3,21.38,19521.62,,,,
6022,8/13/2026 2:03,19.51,9.27,8.15,19.61,30896,34838.8,21.69,20082.38,,,,
6023,8/13/2026 2:13,19.99,8.72,7.64,20.02,32160.8,35920.8,22.46,20904.5,,,,
6024,8/13/2026 2:23,20.38,8.26,7.3,20.53,30759.9,33946.1,21.12,19993.94,,,,
6025,8/13/2026 2:33,20.81,8.01,7.07,20.88,31125.9,34074.8,21.23,20231.85,,,,
6026,8/13/2026 2:43,21,7.82,6.83,20.97,33661,36769.3,23.09,21879.63,,,,
6027,8/13/2026 2:53,21.37,7.21,6.3,21.48,34095.5,36815.7,23.15,22162.05,,,,
6028,8/13/2026 3:03,21.64,6.88,5.96,21.59,35937.7,38708.1,24.47,23359.53,,,,
6029,8/13/2026 3:13,21.78,6.72,5.87,21.75,34630.4,37164.4,23.4,22509.78,,,,
6030,8/13/2026 3:23,21.91,6.34,5.54,21.91,34472.9,36863.8,23.2,22407.36,,,,
6031,8/13/2026 3:33,22.03,6.09,5.37,22.01,32378.3,34547.4,21.6,21045.87,,,,
6032,8/13/2026 3:43,22.12,5.91,5.21,22.11,32697.6,34813.5,21.79,21253.42,,,,
6033,8/13/2026 3:53,22.23,5.7,4.98,22.19,34676.4,36853.8,23.21,22539.63,,,,
6034,8/13/2026 4:03,22.28,5.58,4.91,22.26,33312.2,35349.7,22.16,21652.94,,,,
6035,8/13/2026 4:13,22.39,5.38,4.7,22.34,34846.6,36906.6,23.25,22650.31,,,,
6036,8/13/2026 4:23,22.42,5.19,4.53,22.35,35423.9,37508.1,23.67,23025.54,,,,
6037,8/13/2026 4:33,22.45,5.1,4.54,22.44,31001.8,32764.7,20.39,20151.14,,,,
6038,8/13/2026 4:43,22.54,4.76,4.21,22.49,32099.8,33889.2,21.16,20864.89,,,,
6039,8/13/2026 4:53,22.6,4.75,4.14,22.59,35787.5,37697.3,23.81,23261.88,,,,
6040,8/13/2026 5:03,22.67,4.53,3.96,22.66,35076.3,36889.5,23.25,22799.56,,,,
6041,8/13/2026 5:13,22.78,4.35,3.82,22.75,34492.3,36201.1,22.77,22420.01,,,,
6042,8/13/2026 5:23,22.86,4.17,3.61,22.85,37313.8,39074.6,24.79,24253.97,,,,
6043,8/13/2026 5:33,22.93,3.88,3.42,22.91,32727.8,34233.9,21.42,21273.1,,,,
6044,8/13/2026 5:43,22.97,3.82,3.33,22.95,36068.4,37690.9,23.82,23444.47,,,,
6045,8/13/2026 5:53,23,3.61,3.18,22.95,33503.3,35008.1,21.95,21777.13,,,,
6046,8/13/2026 6:03,23.01,3.35,2.92,22.98,36602,38223.4,24.2,23791.32,,,,
6047,8/13/2026 6:13,23.04,3.36,2.96,23.01,33391.9,34845.9,21.84,21704.76,,,,
6048,8/13/2026 6:23,23.06,3.13,2.76,23.04,33109.2,34528.1,21.62,21520.95,,,,
6049,8/13/2026 6:33,23.1,3.36,2.96,23.08,33309.5,34707.4,21.75,21651.18,,,,
6050,8/13/2026 6:43,23.13,3.33,2.91,23.08,35447.1,36939.5,23.3,23040.61,,,,
6051,8/13/2026 6:53,23.17,3.29,2.91,23.13,32610.1,33943,21.22,21196.55,,,,
6052,8/13/2026 7:03,23.14,2.97,2.62,23.12,32952.2,34310.2,21.48,21418.9,,,,
6053,8/13/2026 7:13,23.05,2.36,2.08,23,34135.4,35633.4,22.39,22188.02,,,,
6054,8/13/2026 7:23,23.05,1.18,1.04,23.02,31997.4,33388.4,20.84,20798.31,,,,
6055,8/13/2026 7:33,23.06,0.91,0.81,23.04,31217.3,32557.2,20.27,20291.22,,,,
6056,8/13/2026 7:43,23.07,0.86,0.77,23.05,31684.8,33038.4,20.6,20595.14,,,,
6057,8/13/2026 7:53,23.14,1.69,1.49,23.11,33717.4,35114,22.03,21916.34,,,,
6058,8/13/2026 8:03,23.2,1.74,1.53,23.16,34175.7,35546.9,22.33,22214.21,,,,
6059,8/13/2026 8:13,23.27,1.97,1.72,23.24,36431.2,37828.4,23.93,23680.26,,,,
6060,8/13/2026 8:23,23.26,2.28,2,23.23,34747.8,36092.3,22.72,22586.06,,,,
6061,8/13/2026 8:33,23.25,2.45,2.18,23.21,32126.6,33380.6,20.84,20882.29,,,,
6062,8/13/2026 8:43,23.4,3.19,2.83,23.39,32081.1,33202.7,20.72,20852.7,,,,
6063,8/13/2026 8:53,23.43,4.02,3.55,23.39,33053.2,34213.4,21.42,21484.59,,,,
6064,8/13/2026 9:03,23.29,4.28,3.78,23.23,33280.4,34565.8,21.66,21632.25,,,,
6065,8/13/2026 9:13,23.14,4.38,3.91,23.05,30817.1,32131.5,19.98,20031.11,,,,
6066,8/13/2026 9:23,22.99,4.56,4.07,22.94,30039.2,31396.7,19.47,19525.47,,,,
6067,8/13/2026 9:33,22.91,5.08,4.49,22.85,32457.9,33991.8,21.25,21097.66,,,,
6068,8/13/2026 9:43,22.75,5.03,4.48,22.71,31031.5,32599,20.29,20170.5,,,,
6069,8/13/2026 9:53,22.71,5.57,4.9,22.64,33611.4,35365.3,22.19,21847.41,,,,
6070,8/13/2026 10:03,22.62,5.63,4.98,22.57,32384.5,34128.5,21.33,21049.92,,,,
6071,8/13/2026 10:13,22.54,5.57,4.89,22.46,33634,35525.3,22.29,21862.07,,,,
6072,8/13/2026 10:23,22.31,5.73,5.04,22.24,33449.7,35509.8,22.27,21742.32,,,,
6073,8/13/2026 10:33,22.2,6.27,5.59,22.14,30195.9,32126.4,19.94,19627.37,,,,
6074,8/13/2026 10:43,22.14,6.39,5.65,22.09,31925,34004.6,21.23,20751.27,,,,
6075,8/13/2026 10:53,22.12,6.4,5.65,22.08,32394.7,34507.1,21.58,21056.55,,,,
6076,8/13/2026 11:03,22.1,6.5,5.78,22.07,30562,32568,20.24,19865.31,,,,
6077,8/13/2026 11:13,22.12,6.44,5.75,22.07,29713.2,31663.5,19.62,19313.57,,,,
6078,8/13/2026 11:23,21.91,6.62,5.85,21.83,31556.6,33808.8,21.08,20511.79,,,,
6079,8/13/2026 11:33,21.4,7.64,6.8,21.25,29508.9,32032.2,19.85,19180.76,,,,
6080,8/13/2026 11:43,20.65,8.4,7.41,20.51,30957.1,34182.6,21.29,20122.15,,,,
6081,8/13/2026 11:53,20.06,8.7,7.72,19.97,29250.7,32704.7,20.25,19012.93,,,,
6082,8/13/2026 12:03,19.41,9.34,8.33,19.27,27714,31501.3,19.4,18014.07,,,,
6083,8/13/2026 12:13,18.91,9.96,8.8,18.83,29311.5,33673.2,20.86,19052.45,,,,
6084,8/13/2026 12:23,18.73,9.78,8.68,18.67,28261.7,32593.4,20.11,18370.07,,,,
6085,8/13/2026 12:33,18.61,10.15,8.94,18.54,29646.1,34296.3,21.26,19269.96,,,,
6086,8/13/2026 12:43,18.5,9.82,8.75,18.44,27175.5,31520.1,19.37,17664.1,,,,
6087,8/13/2026 12:53,18.44,9.71,8.57,18.39,29145.2,33843.9,20.95,18944.37,,,,
6088,8/13/2026 13:03,18.44,9.74,8.67,18.38,27202.6,31592.6,19.42,17681.66,,,,
6089,8/13/2026 13:13,18.43,9.03,8.02,18.38,27868.1,32365.6,19.94,18114.27,,,,
6090,8/13/2026 13:23,18.49,8.15,7.13,18.42,30854.7,35805.6,22.29,20055.54,,,,
6091,8/13/2026 13:33,18.41,9.4,8.39,18.31,26503.9,30832.7,18.9,17227.55,,,,
6092,8/13/2026 13:43,18.31,10.22,9.12,18.26,26620.9,31011.6,19.02,17303.59,,,,
6093,8/13/2026 13:53,18.47,10.56,9.42,18.44,26872.4,31164.1,19.13,17467.09,,,,
6094,8/13/2026 14:03,19.15,10.56,9.38,19.12,28421.2,32427.2,20.02,18473.79,,,,
6095,8/13/2026 14:13,20.11,10.17,9.11,20.27,27350.6,30370.2,18.68,17777.92,,,,
6096,8/13/2026 14:23,20.54,9.89,8.74,20.56,30744.4,33907.9,21.1,19983.87,,,,
6097,8/13/2026 14:33,21.21,9.59,8.56,21.36,29037.5,31443.6,19.45,18874.4,,,,
6098,8/13/2026 14:43,21.81,9.32,8.25,21.91,31384.4,33561.1,20.92,20399.88,,,,
6099,8/13/2026 14:53,22.34,8.77,7.86,22.37,28781.3,30462.5,18.82,18707.87,,,,
6100,8/13/2026 15:03,22.8,8.42,7.5,22.89,30983,32421.6,20.17,20138.98,,,,
6101,8/13/2026 15:13,23.27,8.14,7.29,23.28,29878.3,30995.8,19.21,19420.88,,,,
6102,8/13/2026 15:23,23.47,8.04,7.18,23.48,30778.2,31792.1,19.76,20005.84,,,,
6103,8/13/2026 15:33,23.58,7.94,7.11,23.64,30049.6,30932.5,19.17,19532.21,,,,
6104,8/13/2026 15:43,23.99,7.96,7.02,24.04,34183.6,34890.6,21.91,22219.32,,,,
6105,8/13/2026 15:53,24.3,7.85,6.95,24.3,33577.1,34080,21.35,21825.1,,,,
6106,8/13/2026 16:03,24.43,7.89,7,24.43,32919.3,33320.2,20.83,21397.55,,,,
6107,8/13/2026 16:13,24.58,7.75,6.95,24.64,30345.8,30574.1,18.96,19724.79,,,,
6108,8/13/2026 16:23,24.75,7.44,6.65,24.73,31576.3,31754.9,19.77,20524.59,,,,
6109,8/13/2026 16:33,24.92,7.43,6.63,24.91,32258,32320.7,20.16,20967.72,,,,
6110,8/13/2026 16:43,25.09,7.32,6.5,25.1,33847.9,33776,21.17,22001.17,,,,
6111,8/13/2026 16:53,25.23,7.39,6.57,25.24,33461,33290.5,20.83,21749.63,,,,
6112,8/13/2026 17:03,25.39,7.33,6.55,25.4,32118,31849.4,19.85,20876.68,,,,
6113,8/13/2026 17:13,25.51,6.83,6.1,25.5,32377.7,32044.2,19.98,21045.51,,,,
6114,8/13/2026 17:23,25.6,6.68,5.99,25.57,31211.1,30844.8,19.16,20287.21,,,,
6115,8/13/2026 17:33,25.6,6.4,5.72,25.56,31914.1,31541.5,19.64,20744.14,,,,
6116,8/13/2026 17:43,25.61,6.34,5.65,25.57,33335.7,32944.5,20.6,21668.2,,,,
6117,8/13/2026 17:53,25.58,6.11,5.45,25.56,32856,32472.5,20.28,21356.41,,,,
6118,8/13/2026 18:03,25.57,5.87,5.21,25.53,34338.2,33958.7,21.3,22319.81,,,,
6119,8/13/2026 18:13,25.6,6.31,5.64,25.59,32496.3,32096.8,20.02,21122.61,,,,
6120,8/13/2026 18:23,25.64,6,5.37,25.61,31957.7,31550.8,19.65,20772.49,,,,
6121,8/13/2026 18:33,25.66,6,5.41,25.64,30041.7,29644.2,18.34,19527.08,,,,
6122,8/13/2026 18:43,25.68,5.87,5.25,25.66,32477.5,32035.7,19.98,21110.36,,,,
6123,8/13/2026 18:53,25.68,5.79,5.19,25.64,31598.9,31177,19.39,20539.3,,,,
6124,8/13/2026 19:03,25.69,5.66,5.05,25.65,32412.9,31974,19.94,21068.36,,,,
6125,8/13/2026 19:13,25.61,5.19,4.61,25.59,33726.9,33314.3,20.86,21922.48,,,,
6126,8/13/2026 19:23,25.54,4.66,4.16,25.51,32757.3,32407.6,20.23,21292.26,,,,
6127,8/13/2026 19:33,25.49,3.63,3.25,25.46,31692.9,31392.2,19.53,20600.39,,,,
6128,8/13/2026 19:43,25.51,3.98,3.56,25.49,31893,31570.5,19.66,20730.46,,,,
6129,8/13/2026 19:53,25.55,4,3.59,25.52,30863.6,30528.3,18.94,20061.31,,,,
6130,8/13/2026 20:03,25.57,3.81,3.41,25.55,32368.3,31996.5,19.95,21039.39,,,,
6131,8/13/2026 20:13,25.58,3.93,3.47,25.56,35040.7,34636.1,21.77,22776.48,,,,
6132,8/13/2026 20:23,25.53,4.44,3.96,25.5,32362.6,32029.2,19.97,21035.7,,,,
6133,8/13/2026 20:33,25.39,4.66,4.13,25.32,34254.7,34026.3,21.35,22265.55,,,,
6134,8/13/2026 20:43,24.52,5.22,4.62,24.43,33765.7,34172.5,21.42,21947.68,,,,
6135,8/13/2026 20:53,24.42,5.55,4.96,24.36,31403.2,31830.6,19.81,20412.1,,,,
6136,8/13/2026 21:03,24.19,5.89,5.2,24.11,33857.5,34502.1,21.64,22007.4,,,,
6137,8/13/2026 21:13,24.28,6.2,5.46,24.3,34616.4,35134.8,22.09,22500.63,,,,
6138,8/13/2026 21:23,24.26,6.19,5.48,24.2,33369.4,33939,21.25,21690.12,,,,
6139,8/13/2026 21:33,24.25,6.25,5.52,24.24,34187.3,34741.8,21.81,22221.77,,,,
6140,8/13/2026 21:43,24.2,6.33,5.59,24.1,34303.1,34960.6,21.96,22297.01,,,,
6141,8/13/2026 21:53,23.84,6.9,6.11,23.75,33083.1,33973.4,21.26,21504.02,,,,
6142,8/13/2026 22:03,23.61,7.22,6.4,23.53,32518,33554.1,20.97,21136.69,,,,
6143,8/13/2026 22:13,23.5,7.34,6.52,23.43,31757,32839.4,20.47,20642.02,,,,
6144,8/13/2026 22:23,23.27,7.71,6.89,23.2,30003,31184.3,19.33,19501.93,,,,
6145,8/13/2026 22:33,23.1,7.69,6.82,23.03,31920.9,33295.5,20.77,20748.61,,,,
6146,8/13/2026 22:43,22.95,7.73,6.83,22.9,32675.2,34185.5,21.38,21238.87,,,,
6147,8/13/2026 22:53,22.92,7.78,6.88,22.88,32260.3,33760.4,21.09,20969.22,,,,
6148,8/13/2026 23:03,22.83,7.77,6.89,22.76,31902.1,33478.2,20.89,20736.39,,,,
6149,8/13/2026 23:13,22.5,8.25,7.34,22.39,30800.8,32586.9,20.27,20020.53,,,,
6150,8/13/2026 23:23,22.16,8.41,7.51,22.07,29518.3,31453.6,19.48,19186.86,,,,
6151,8/13/2026 23:33,21.58,8.81,7.84,21.4,29948.9,32395.4,20.1,19466.79,,,,
6152,8/13/2026 23:43,20.79,9.32,8.28,20.58,29490,32506.5,20.14,19168.53,,,,
6153,8/13/2026 23:53,19.92,10.11,8.95,19.76,29625.7,33291.5,20.64,19256.73,,,,
6154,8/14/2026 0:03,19.59,10.36,9.17,19.5,29409.3,33251.3,20.6,19116.05,,,,
6155,8/14/2026 0:13,19.42,10.45,9.27,19.34,28779.6,32659.2,20.19,18706.71,,,,
6156,8/14/2026 0:23,19.14,10.43,9.18,18.99,30308.8,34687.2,21.56,19700.73,,,,
6157,8/14/2026 0:33,18.64,10.39,9.15,18.52,29722.4,34404.4,21.34,19319.54,,,,
6158,8/14/2026 0:43,18.36,10.49,9.24,18.29,29584.3,34438.6,21.35,19229.77,,,,
6159,8/14/2026 0:53,18.19,10.57,9.35,18.11,28380.6,33182.2,20.48,18447.42,,,,
6160,8/14/2026 1:03,18.07,10.31,9.08,17.99,29285.6,34343.1,21.26,19035.66,,,,
6161,8/14/2026 1:13,17.98,10.51,9.27,17.91,28812.6,33855.3,20.93,18728.2,,,,
6162,8/14/2026 1:23,17.94,10.29,9.15,17.88,27137,31909.8,19.61,17639.04,,,,
6163,8/14/2026 1:33,17.91,9.36,8.25,17.85,29060.3,34193.9,21.15,18889.16,,,,
6164,8/14/2026 1:43,17.91,9.09,8.02,17.85,28741,33820.8,20.9,18681.68,,,,
6165,8/14/2026 1:53,17.91,9.62,8.51,17.85,28243.5,33230.4,20.5,18358.28,,,,
6166,8/14/2026 2:03,17.95,10.58,9.46,17.91,25972,30515.3,18.67,16881.82,,,,
6167,8/14/2026 2:13,18.57,10.2,8.97,18.8,30201.1,34725.1,21.57,19630.71,,,,
6168,8/14/2026 2:23,18.72,10.21,8.99,18.59,29932.7,34592.8,21.47,19456.25,,,,
6169,8/14/2026 2:33,18.92,10.09,8.82,18.78,31490.9,36221.2,22.6,20469.11,,,,
6170,8/14/2026 2:43,19.16,9.67,8.5,19.13,30595.9,34901,21.71,19887.35,,,,
6171,8/14/2026 2:53,19.64,9.03,7.93,19.77,31402.1,35280.2,22,20411.34,,,,
6172,8/14/2026 3:03,20.04,8.73,7.63,20,32539.3,36356.2,22.76,21150.52,,,,
6173,8/14/2026 3:13,20.43,8.16,7.14,20.45,32750.3,36210.1,22.68,21287.68,,,,
6174,8/14/2026 3:23,20.68,8.04,7.04,20.67,32677.6,35948.2,22.51,21240.41,,,,
6175,8/14/2026 3:33,20.98,7.67,6.75,21.01,32247.6,35194.2,22,20960.94,,,,
6176,8/14/2026 3:43,21.19,7.33,6.44,21.2,32642.8,35472.7,22.21,21217.8,,,,
6177,8/14/2026 3:53,21.33,7.13,6.26,21.33,32987.8,35740.6,22.4,21442.05,,,,
6178,8/14/2026 4:03,21.51,6.66,5.86,21.52,32656.9,35233.8,22.05,21226.98,,,,
6179,8/14/2026 4:13,21.58,6.68,5.86,21.55,33480.3,36095.3,22.65,21762.19,,,,
6180,8/14/2026 4:23,21.66,6.39,5.62,21.63,32786.5,35282.9,22.09,21311.23,,,,
6181,8/14/2026 4:33,21.74,6.14,5.45,21.73,30606.4,32863.7,20.43,19894.17,,,,
6182,8/14/2026 4:43,21.79,6.04,5.36,21.78,30692.1,32915.7,20.47,19949.84,,,,
6183,8/14/2026 4:53,21.84,5.86,5.21,21.84,30689.3,32868.6,20.44,19948.05,,,,
6184,8/14/2026 5:03,21.88,5.63,4.98,21.85,31525.3,33761.7,21.05,20491.46,,,,
6185,8/14/2026 5:13,21.91,5.44,4.82,21.86,31078.4,33271.9,20.72,20200.97,,,,
6186,8/14/2026 5:23,21.94,5.27,4.69,21.9,30215.1,32317.3,20.06,19639.83,,,,
6187,8/14/2026 5:33,21.99,5.06,4.5,21.94,30159.9,32234.4,20.01,19603.91,,,,
6188,8/14/2026 5:43,22.01,4.91,4.3,22,34161,36461.8,22.93,22204.63,,,,
6189,8/14/2026 5:53,22.1,4.8,4.25,22.11,31287.2,33309.6,20.75,20336.68,,,,
6190,8/14/2026 6:03,22.21,4.61,4.08,22.18,31899.4,33909.2,21.17,20734.58,,,,
6191,8/14/2026 6:13,22.27,4.47,3.96,22.22,31580.6,33536.8,20.91,20527.39,,,,
6192,8/14/2026 6:23,22.29,4.23,3.76,22.24,31078.6,32988.2,20.54,20201.06,,,,
6193,8/14/2026 6:33,22.31,4.13,3.66,22.28,31512.3,33424.1,20.84,20483,,,,
6194,8/14/2026 6:43,22.3,3.92,3.47,22.28,32124.9,34073.9,21.28,20881.2,,,,
6195,8/14/2026 6:53,22.34,3.71,3.29,22.3,31741.8,33651.8,20.99,20632.15,,,,
6196,8/14/2026 7:03,22.39,3.48,3.1,22.38,30492.5,32269.4,20.05,19820.15,,,,
6197,8/14/2026 7:13,22.43,3.57,3.16,22.41,32162,34011.2,21.25,20905.29,,,,
6198,8/14/2026 7:23,22.46,3.5,3.1,22.41,31818.1,33645.3,20.99,20681.78,,,,
6199,8/14/2026 7:33,22.47,3.32,2.95,22.44,31010.1,32769.1,20.39,20156.53,,,,
6200,8/14/2026 7:43,22.49,3.03,2.69,22.46,31132.3,32887.4,20.47,20236.01,,,,
6201,8/14/2026 7:53,22.54,2.67,2.37,22.5,31089.3,32811.4,20.42,20208.05,,,,
6202,8/14/2026 8:03,22.51,3.13,2.78,22.44,30548.1,32285.2,20.06,19856.28,,,,
6203,8/14/2026 8:13,22.54,2.18,1.92,22.5,32586.4,34389.1,21.51,21181.14,,,,
6204,8/14/2026 8:23,22.6,1.12,0.99,22.54,32539.6,34314.7,21.46,21150.73,,,,
6205,8/14/2026 8:33,22.63,0.91,0.81,22.57,31957.8,33676.7,21.02,20772.59,,,,
6206,8/14/2026 8:43,22.66,1.49,1.33,22.61,31036.5,32673.3,20.33,20173.73,,,,
6207,8/14/2026 8:53,22.67,1.98,1.75,22.64,32856.9,34571.4,21.64,21357,,,,
6208,8/14/2026 9:03,22.73,2,1.78,22.7,31511,33111.4,20.64,20482.17,,,,
6209,8/14/2026 9:13,22.73,2.58,2.29,22.69,31802.5,33424.4,20.85,20671.62,,,,
6210,8/14/2026 9:23,22.7,2.81,2.51,22.65,29548.9,31082.5,19.25,19206.76,,,,
6211,8/14/2026 9:33,22.88,4.19,3.72,22.88,31774.8,33256.6,20.74,20653.59,,,,
6212,8/14/2026 9:43,22.94,4.5,3.95,22.91,34076.5,35637.5,22.39,22149.71,,,,
6213,8/14/2026 9:53,22.87,4.68,4.15,22.82,31670.1,33193,20.7,20585.53,,,,
6214,8/14/2026 10:03,22.71,4.87,4.32,22.63,31721.4,33381.1,20.82,20618.91,,,,
6215,8/14/2026 10:13,22.59,5.16,4.56,22.55,32536.2,34304.3,21.45,21148.54,,,,
6216,8/14/2026 10:23,22.55,5.63,5,22.51,31169.2,32891.4,20.48,20260,,,,
6217,8/14/2026 10:33,22.47,5.8,5.14,22.43,31749.2,33561.3,20.94,20636.96,,,,
6218,8/14/2026 10:43,22.5,5.78,5.12,22.45,31981.2,33788.6,21.09,20787.75,,,,
6219,8/14/2026 10:53,22.37,5.96,5.33,22.31,29509.4,31274.7,19.37,19181.13,,,,
6220,8/14/2026 11:03,22.25,5.77,5.11,22.15,31644.7,33661,20.99,20569.06,,,,
6221,8/14/2026 11:13,22.03,6.14,5.45,21.96,31220.7,33352.5,20.78,20293.45,,,,
6222,8/14/2026 11:23,21.93,6.68,5.91,21.87,31608.9,33833,21.1,20545.79,,,,
6223,8/14/2026 11:33,21.81,6.91,6.12,21.77,31102.4,33369.3,20.78,20216.56,,,,
6224,8/14/2026 11:43,21.81,7.01,6.19,21.78,32046.3,34372.7,21.47,20830.07,,,,
6225,8/14/2026 11:53,21.78,6.86,6.1,21.73,30056,32270.5,20.03,19536.39,,,,
6226,8/14/2026 12:03,21.79,7.09,6.31,21.75,30196.6,32406.2,20.12,19627.78,,,,
6227,8/14/2026 12:13,21.61,7.61,6.79,21.51,29357.4,31678.2,19.61,19082.32,,,,
6228,8/14/2026 12:23,21.46,7.8,6.96,21.38,29287.9,31699.7,19.62,19037.13,,,,
6229,8/14/2026 12:33,21.06,8.34,7.43,20.96,29150.8,31851.4,19.71,18948.01,,,,
6230,8/14/2026 12:43,20.87,8.68,7.74,20.79,29037.3,31853.7,19.71,18874.25,,,,
6231,8/14/2026 12:53,20.54,9.42,8.37,20.44,29456.1,32574.6,20.18,19146.44,,,,
6232,8/14/2026 13:03,20.22,9.87,8.74,20.13,29962.3,33376.8,20.72,19475.5,,,,
6233,8/14/2026 13:13,20.07,9.94,8.82,20.01,29253.7,32676.1,20.23,19014.89,,,,
6234,8/14/2026 13:23,20.05,10.18,9.04,20,29146.7,32563.5,20.16,18945.38,,,,
6235,8/14/2026 13:33,20.07,10.06,8.91,20.04,29820.3,33290.4,20.65,19383.19,,,,
6236,8/14/2026 13:43,20.1,9.74,8.62,20.05,29824.6,33283.6,20.65,19385.98,,,,
6237,8/14/2026 13:53,20.13,9.69,8.56,20.1,30617.3,34132.5,21.23,19901.23,,,,
6238,8/14/2026 14:03,20.19,8.65,7.67,20.14,29588.9,32951.7,20.43,19232.79,,,,
6239,8/14/2026 14:13,20.17,9.2,8.13,20.1,30369.7,33849.5,21.04,19740.33,,,,
6240,8/14/2026 14:23,20.15,10.14,8.94,20.1,30936.1,34483.2,21.47,20108.47,,,,
6241,8/14/2026 14:33,20.18,10.46,9.24,20.12,30507,33990.7,21.14,19829.58,,,,
6242,8/14/2026 14:43,20.21,10.58,9.35,20.18,30265.1,33671.9,20.92,19672.31,,,,
6243,8/14/2026 14:53,20.35,10.52,9.3,20.33,30450.8,33765.7,20.99,19793.02,,,,
6244,8/14/2026 15:03,20.81,10.27,9.17,20.92,28446.8,31114.1,19.21,18490.44,,,,
6245,8/14/2026 15:13,21.22,9.95,8.82,21.29,30563.8,33143.5,20.61,19866.45,,,,
6246,8/14/2026 15:23,21.55,9.66,8.61,21.57,29532.8,31828.7,19.72,19196.33,,,,
6247,8/14/2026 15:33,21.91,9.37,8.34,21.95,30114.9,32177.7,19.97,19574.7,,,,
6248,8/14/2026 15:43,22.17,9.04,8.06,22.23,30252.7,32118,19.94,19664.25,,,,
6249,8/14/2026 15:53,22.48,8.86,7.88,22.59,30895.8,32542.4,20.24,20082.24,,,,
6250,8/14/2026 16:03,22.85,8.66,7.76,22.91,29421.3,30775.2,19.05,19123.84,,,,
6251,8/14/2026 16:13,23.12,8.53,7.63,23.13,29924,31149.1,19.31,19450.6,,,,
6252,8/14/2026 16:23,23.22,8.49,7.62,23.2,29014.1,30152.5,18.63,18859.14,,,,
6253,8/14/2026 16:33,23.38,8.38,7.44,23.38,32160.1,33293.3,20.78,20904.09,,,,
6254,8/14/2026 16:43,23.54,8.26,7.33,23.54,32026.9,33041,20.62,20817.49,,,,
6255,8/14/2026 16:53,23.74,8.21,7.3,23.76,32073.3,32932.2,20.55,20847.66,,,,
6256,8/14/2026 17:03,23.88,8.12,7.23,23.91,31711.1,32450.7,20.22,20612.19,,,,
6257,8/14/2026 17:13,24.08,8.03,7.14,24.11,32142.1,32756.1,20.44,20892.37,,,,
6258,8/14/2026 17:23,24.23,7.87,7.02,24.19,31754.7,32305,20.13,20640.55,,,,
6259,8/14/2026 17:33,24.34,7.75,6.9,24.34,32163.3,32615.6,20.35,20906.13,,,,
6260,8/14/2026 17:43,24.43,7.54,6.72,24.39,31892.7,32308,20.14,20730.23,,,,
6261,8/14/2026 17:53,24.51,7.47,6.65,24.52,32257,32582.9,20.33,20967.03,,,,
6262,8/14/2026 18:03,24.55,7.32,6.53,24.52,31620.4,31939.9,19.89,20553.25,,,,
6263,8/14/2026 18:13,24.57,7.11,6.29,24.53,33673.5,34009.4,21.31,21887.79,,,,
6264,8/14/2026 18:23,24.56,7.04,6.35,24.52,28952.4,29244.9,18.05,18819.05,,,,
6265,8/14/2026 18:33,24.51,6.84,6.08,24.45,32719.8,33099.2,20.68,21267.9,,,,
6266,8/14/2026 18:43,24.54,6.66,6,24.5,29451.9,29766.6,18.4,19143.71,,,,
6267,8/14/2026 18:53,24.54,6.51,5.87,24.51,29114.2,29419.7,18.17,18924.23,,,,
6268,8/14/2026 19:03,24.54,6.3,5.6,24.51,32715.9,33059.1,20.66,21265.3,,,,
6269,8/14/2026 19:13,24.58,6.35,5.66,24.54,32143,32453.2,20.24,20892.97,,,,
6270,8/14/2026 19:23,24.56,6.21,5.54,24.51,31970.9,32300.1,20.13,20781.05,,,,
6271,8/14/2026 19:33,24.56,5.9,5.24,24.52,32829.2,33160.8,20.73,21338.95,,,,
6272,8/14/2026 19:43,24.53,5.64,5.03,24.48,31786.4,32140.5,20.02,20661.16,,,,
6273,8/14/2026 19:53,24.42,5.36,4.77,24.38,32095.4,32521.7,20.28,20862.03,,,,
6274,8/14/2026 20:03,24.46,5.01,4.44,24.45,33291.6,33684.1,21.09,21639.56,,,,
6275,8/14/2026 20:13,24.48,3.75,3.33,24.49,32795.5,33150.2,20.72,21317.08,,,,
6276,8/14/2026 20:23,24.4,3.31,2.94,24.37,32423.4,32860.4,20.52,21075.22,,,,
6277,8/14/2026 20:33,24.35,2.17,1.94,24.32,30940.1,31391.4,19.51,20111.06,,,,
6278,8/14/2026 20:43,24.37,3.51,3.14,24.34,31023.4,31457.7,19.55,20165.2,,,,
6279,8/14/2026 20:53,24.45,3.79,3.41,24.42,29708.8,30072.5,18.61,19310.73,,,,
6280,8/14/2026 21:03,24.51,3.97,3.55,24.48,31203.4,31551,19.62,20282.2,,,,
6281,8/14/2026 21:13,24.46,4.5,4.03,24.43,30860,31231.8,19.4,20059.03,,,,
6282,8/14/2026 21:23,24.44,4.9,4.39,24.4,30837.5,31233.1,19.4,20044.39,,,,
6283,8/14/2026 21:33,24.08,5.67,5.1,23.9,29002.1,29686.3,18.33,18851.4,,,,
6284,8/14/2026 21:43,23.65,5.86,5.29,23.6,28104.8,28957,17.83,18268.14,,,,
6285,8/14/2026 21:53,23.64,6.12,5.54,23.56,27765,28629.2,17.61,18047.28,,,,
6286,8/14/2026 22:03,23.52,6.32,5.72,23.49,27371.4,28265.6,17.36,17791.4,,,,
6287,8/14/2026 22:13,23.49,6.64,6,23.42,27701.2,28651,17.62,18005.78,,,,
6288,8/14/2026 22:23,23.32,6.77,6.1,23.24,28410.7,29498.4,18.19,18466.98,,,,
6289,8/14/2026 22:33,23.17,6.93,6.23,23.13,28732,29906.4,18.46,18675.82,,,,
6290,8/14/2026 22:43,23.26,6.73,6.07,23.2,28058.9,29161.8,17.96,18238.31,,,,
6291,8/14/2026 22:53,23.03,7.32,6.63,22.98,26848.3,28039.5,17.2,17451.43,,,,
6292,8/14/2026 23:03,22.95,7.48,6.75,22.9,27815.6,29097.5,17.91,18080.11,,,,
6293,8/14/2026 23:13,22.86,7.75,7.03,22.8,26208.1,27479.2,16.82,17035.26,,,,
6294,8/14/2026 23:23,22.66,7.9,7.14,22.59,27147.7,28596.4,17.56,17645.98,,,,
6295,8/14/2026 23:33,22.45,8.08,7.3,22.37,27077.3,28662.7,17.6,17600.24,,,,
6296,8/14/2026 23:43,22.37,8,7.26,22.33,26002.1,27546.6,16.85,16901.4,,,,
6297,8/14/2026 23:53,22.35,8.01,7.26,22.3,26164.7,27739.1,16.98,17007.04,,,,
6298,8/15/2026 0:03,22.29,8.09,7.31,22.24,26879.7,28533.3,17.51,17471.8,,,,
6299,8/15/2026 0:13,22.22,8.1,7.25,22.15,29048.4,30897.2,19.11,18881.47,,,,
6300,8/15/2026 0:23,22.01,8.33,7.51,21.97,27370.5,29233.5,17.97,17790.8,,,,
6301,8/15/2026 0:33,21.86,8.51,7.69,21.77,26368.9,28286.9,17.33,17139.78,,,,
6302,8/15/2026 0:43,21.49,8.96,8,21.38,28884.9,31261.4,19.33,18775.16,,,,
6303,8/15/2026 0:53,20.99,9.4,8.35,20.86,29727.1,32559.1,20.19,19322.64,,,,
6304,8/15/2026 1:03,20.46,10,8.9,20.38,28877.3,31983.2,19.78,18770.22,,,,
6305,8/15/2026 1:13,20.38,10.11,8.99,20.33,29181.9,32356.5,20.03,18968.25,,,,
6306,8/15/2026 1:23,20.36,10.15,9.17,20.32,25542.8,28327.4,17.31,16602.81,,,,
6307,8/15/2026 1:33,20.37,10.12,9,20.33,29029.4,32189.6,19.92,18869.12,,,,
6308,8/15/2026 1:43,20.39,10.08,8.98,20.35,28526.5,31612.2,19.52,18542.22,,,,
6309,8/15/2026 1:53,20.38,10.02,8.94,20.33,28263.8,31334.1,19.33,18371.46,,,,
6310,8/15/2026 2:03,20.38,9.77,8.76,20.33,27107.2,30054,18.47,17619.7,,,,
6311,8/15/2026 2:13,20.39,9.81,8.75,20.34,28442.7,31530.3,19.47,18487.76,,,,
6312,8/15/2026 2:23,20.39,8,7.2,20.34,26447,29313.9,17.97,17190.53,,,,
6313,8/15/2026 2:33,20.43,9.39,8.4,20.41,27761.8,30724.3,18.92,18045.15,,,,
6314,8/15/2026 2:43,20.43,9.62,8.68,20.4,25722.7,28471.6,17.41,16719.74,,,,
6315,8/15/2026 2:53,20.5,9.65,8.65,20.45,27344.6,30233.4,18.59,17774,,,,
6316,8/15/2026 3:03,20.59,9.43,8.43,20.55,28081.9,30977.9,19.1,18253.24,,,,
6317,8/15/2026 3:13,20.63,9.32,8.35,20.53,27413.2,30250.6,18.61,17818.59,,,,
6318,8/15/2026 3:23,20.75,8.7,7.8,20.76,27429.6,30112.8,18.52,17829.25,,,,
6319,8/15/2026 3:33,20.73,8.58,7.67,20.69,28399.9,31223.1,19.27,18459.96,,,,
6320,8/15/2026 3:43,20.82,8.1,7.23,20.83,28584.4,31324.6,19.35,18579.83,,,,
6321,8/15/2026 3:53,20.95,8.08,7.23,20.93,28199.3,30834.9,19.02,18329.53,,,,
6322,8/15/2026 4:03,21.13,7.73,6.95,21.14,27048.3,29437.3,18.08,17581.4,,,,
6323,8/15/2026 4:13,21.33,7.51,6.74,21.27,27569.4,29912.7,18.41,17920.13,,,,
6324,8/15/2026 4:23,21.35,7.14,6.42,21.3,27360.2,29665.5,18.24,17784.13,,,,
6325,8/15/2026 4:33,21.39,6.99,6.26,21.35,28509.7,30874.1,19.06,18531.28,,,,
6326,8/15/2026 4:43,21.41,6.84,6.14,21.38,27712.4,29990.4,18.46,18013.06,,,,
6327,8/15/2026 4:53,21.44,6.67,5.99,21.41,27790.8,30058.9,18.51,18064.01,,,,
6328,8/15/2026 5:03,21.48,6.38,5.71,21.41,28744.7,31086.4,19.21,18684.04,,,,
6329,8/15/2026 5:13,21.48,6.26,5.62,21.44,27849.6,30102.1,18.54,18102.22,,,,
6330,8/15/2026 5:23,21.48,6.01,5.42,21.43,26581.9,28735.8,17.62,17278.25,,,,
6331,8/15/2026 5:33,21.48,5.76,5.23,21.4,25286.8,27352.5,16.69,16436.45,,,,
6332,8/15/2026 5:43,21.45,5.7,5.12,21.4,27739.9,30008,18.48,18030.95,,,,
6333,8/15/2026 5:53,21.49,5.6,5.05,21.45,27035.1,29209.9,17.94,17572.83,,,,
6334,8/15/2026 6:03,21.51,5.32,4.8,21.45,26950.8,29118.8,17.88,17518.03,,,,
6335,8/15/2026 6:13,21.5,5.15,4.66,21.49,25888.9,27950.7,17.09,16827.81,,,,
6336,8/15/2026 6:23,21.56,5.03,4.49,21.54,28770.6,31022,19.17,18700.92,,,,
6337,8/15/2026 6:33,21.65,4.86,4.33,21.6,29846.4,32138.4,19.93,19400.13,,,,
6338,8/15/2026 6:43,21.7,4.73,4.26,21.68,27082.9,29115.6,17.88,17603.9,,,,
6339,8/15/2026 6:53,21.72,4.56,4.09,21.7,28100.2,30193,18.61,18265.15,,,,
6340,8/15/2026 7:03,21.76,4.37,3.93,21.69,27937.3,30026,18.5,18159.26,,,,
6341,8/15/2026 7:13,21.77,4.28,3.89,21.73,25461.6,27339.4,16.69,16550.05,,,,
6342,8/15/2026 7:23,21.78,4.32,3.92,21.74,24983.7,26819,16.34,16239.38,,,,
6343,8/15/2026 7:33,21.83,4.12,3.72,21.8,26970.8,28913.1,17.75,17530.99,,,,
6344,8/15/2026 7:43,21.83,4.12,3.71,21.8,27739.5,29737.2,18.31,18030.65,,,,
6345,8/15/2026 7:53,21.83,4.14,3.73,21.78,27187.5,29159.2,17.92,17671.88,,,,
6346,8/15/2026 8:03,21.88,3.93,3.49,21.84,30398.5,32557.1,20.23,19759.04,,,,
6347,8/15/2026 8:13,21.93,3.84,3.43,21.9,29534.8,31589.6,19.57,19197.62,,,,
6348,8/15/2026 8:23,21.94,3.61,3.23,21.91,28403.9,30376,18.74,18462.55,,,,
6349,8/15/2026 8:33,22.01,2.93,2.63,21.97,28181.7,30098,18.56,18318.13,,,,
6350,8/15/2026 8:43,22.08,2.7,2.41,22.05,29505.9,31451.1,19.48,19178.86,,,,
6351,8/15/2026 8:53,22.15,2.91,2.61,22.1,28693.8,30554.7,18.87,18650.96,,,,
6352,8/15/2026 9:03,22.21,3.37,3.04,22.16,26953.2,28662.9,17.59,17519.57,,,,
6353,8/15/2026 9:13,22.25,2.53,2.27,22.2,28426.7,30201.6,18.63,18477.36,,,,
6354,8/15/2026 9:23,22.28,3.27,2.92,22.23,29632.8,31462,19.49,19261.31,,,,
6355,8/15/2026 9:33,22.28,3.09,2.79,22.22,27051.7,28727.3,17.64,17583.58,,,,
6356,8/15/2026 9:43,22.28,3.13,2.83,22.22,26517.2,28159.7,17.26,17236.17,,,,
6357,8/15/2026 9:53,22.24,3.48,3.14,22.18,27008.5,28706.3,17.62,17555.51,,,,
6358,8/15/2026 10:03,22.26,4.16,3.76,22.26,26867.8,28509.3,17.49,17464.08,,,,
6359,8/15/2026 10:13,22.47,5.27,4.77,22.43,26808.1,28340,17.38,17425.25,,,,
6360,8/15/2026 10:23,22.5,5.61,5.07,22.47,27174.1,28698.4,17.63,17663.15,,,,
6361,8/15/2026 10:33,22.49,5.77,5.21,22.44,27132.1,28675,17.61,17635.88,,,,
6362,8/15/2026 10:43,22.35,5.8,5.21,22.29,28124.1,29820.4,18.38,18280.68,,,,
6363,8/15/2026 10:53,22.24,5.91,5.31,22.18,28042.7,29805.6,18.37,18227.74,,,,
6364,8/15/2026 11:03,22.19,6.37,5.76,22.14,26539.8,28232.7,17.3,17250.85,,,,
6365,8/15/2026 11:13,22.15,6.41,5.79,22.11,27022,28766.8,17.66,17564.28,,,,
6366,8/15/2026 11:23,22.17,6.34,5.73,22.12,26789.4,28515.4,17.49,17413.12,,,,
6367,8/15/2026 11:33,22.11,6.36,5.73,22.04,27535.8,29358.9,18.06,17898.26,,,,
6368,8/15/2026 11:43,22.03,6.34,5.71,21.97,27609.3,29488.5,18.14,17946.02,,,,
6369,8/15/2026 11:53,21.87,6.53,5.92,21.81,26028.8,27895.8,17.07,16918.72,,,,
6370,8/15/2026 12:03,21.79,6.95,6.29,21.74,26270.1,28199.9,17.27,17075.53,,,,
6371,8/15/2026 12:13,21.73,7.14,6.47,21.67,25762.9,27698.4,16.93,16745.87,,,,
6372,8/15/2026 12:23,21.7,7.26,6.6,21.66,25046,26936.7,16.42,16279.92,,,,
6373,8/15/2026 12:33,21.74,7.2,6.54,21.7,25281.5,27164.4,16.57,16432.99,,,,
6374,8/15/2026 12:43,21.77,7.29,6.55,21.74,27866,29917.1,18.43,18112.87,,,,
6375,8/15/2026 12:53,21.75,7.54,6.79,21.7,27194.5,29219.8,17.95,17676.45,,,,
6376,8/15/2026 13:03,21.72,7.71,7,21.67,25321.1,27223.4,16.61,16458.71,,,,
6377,8/15/2026 13:13,21.64,7.92,7.1,21.59,28104.3,30268.7,18.66,18267.76,,,,
6378,8/15/2026 13:23,21.55,8.37,7.5,21.49,28448.2,30713.7,18.96,18491.31,,,,
6379,8/15/2026 13:33,21.23,9.08,8.08,21.15,29666.5,32273.6,20.01,19283.22,,,,
6380,8/15/2026 13:43,20.83,9.93,8.9,20.73,27638.6,30363.2,18.69,17965.11,,,,
6381,8/15/2026 13:53,20.62,10.29,9.25,20.56,26855.6,29618.9,18.18,17456.13,,,,
6382,8/15/2026 14:03,20.52,10.3,9.23,20.48,27507.9,30394.9,18.7,17880.11,,,,
6383,8/15/2026 14:13,20.5,10.12,9.03,20.44,28366.9,31368,19.36,18438.52,,,,
6384,8/15/2026 14:23,20.43,9.98,8.88,20.38,28824.1,31922.2,19.74,18735.68,,,,
6385,8/15/2026 14:33,20.37,9.76,8.7,20.33,28462.5,31558.8,19.49,18500.62,,,,
6386,8/15/2026 14:43,20.35,9.16,8.23,20.3,26795.5,29726.9,18.25,17417.05,,,,
6387,8/15/2026 14:53,20.34,9.1,8.18,20.28,26802.4,29749,18.26,17421.53,,,,
6388,8/15/2026 15:03,20.26,9.92,8.88,20.19,27353.4,30428.2,18.72,17779.73,,,,
6389,8/15/2026 15:13,20.17,10.4,9.33,20.12,27080.9,30173.3,18.54,17602.6,,,,
6390,8/15/2026 15:23,20.25,10.54,9.5,20.23,25883.1,28764.5,17.6,16823.99,,,,
6391,8/15/2026 15:33,20.5,10.63,9.59,20.5,26051.7,28772,17.61,16933.61,,,,
6392,8/15/2026 15:43,20.78,10.52,9.4,20.79,28353,31100.9,19.2,18429.43,,,,
6393,8/15/2026 15:53,21.05,10.31,9.2,21.08,28951.9,31545.6,19.51,18818.75,,,,
6394,8/15/2026 16:03,21.39,9.89,8.87,21.44,27862.9,30116.5,18.55,18110.89,,,,
6395,8/15/2026 16:13,21.8,9.4,8.49,21.87,26617.9,28492.7,17.47,17301.6,,,,
6396,8/15/2026 16:23,22.12,9.09,8.2,22.12,27114.3,28861.2,17.73,17624.31,,,,
6397,8/15/2026 16:33,22.34,8.84,7.94,22.35,28443.9,30123.4,18.59,18488.53,,,,
6398,8/15/2026 16:43,22.53,8.66,7.82,22.51,27067.4,28559.2,17.53,17593.83,,,,
6399,8/15/2026 16:53,22.68,8.43,7.6,22.67,27641.3,29066.3,17.88,17966.82,,,,
6400,8/15/2026 17:03,22.79,8.34,7.5,22.76,28418.5,29824.4,18.4,18472.03,,,,
6401,8/15/2026 17:13,22.91,8.27,7.44,22.9,28578.2,29895.2,18.45,18575.81,,,,
6402,8/15/2026 17:23,23.04,8.14,7.3,22.98,29103.8,30391,18.79,18917.46,,,,
6403,8/15/2026 17:33,23.09,8.06,7.18,23.06,30938.8,32256.3,20.06,20110.25,,,,
6404,8/15/2026 17:43,23.23,7.95,7.11,23.22,30330.3,31505.9,19.55,19714.67,,,,
6405,8/15/2026 17:53,23.31,7.77,6.94,23.31,30601.3,31725.1,19.71,19890.87,,,,
6406,8/15/2026 18:03,23.41,7.61,6.75,23.4,32264.2,33385.7,20.85,20971.71,,,,
6407,8/15/2026 18:13,23.5,7.47,6.67,23.44,30600.2,31635,19.65,19890.14,,,,
6408,8/15/2026 18:23,23.56,7.35,6.52,23.54,32498.9,33527.9,20.95,21124.32,,,,
6409,8/15/2026 18:33,23.61,7.23,6.4,23.62,32984.6,33971.4,21.26,21439.98,,,,
6410,8/15/2026 18:43,23.68,7.04,6.25,23.63,32395.3,33355.8,20.84,21056.94,,,,
6411,8/15/2026 18:53,23.67,6.91,6.15,23.65,31744.2,32672.6,20.37,20633.71,,,,
6412,8/15/2026 19:03,23.7,6.75,6,23.67,32009.4,32930.6,20.54,20806.1,,,,
6413,8/15/2026 19:13,23.72,6.56,5.9,23.68,29003,29830,18.42,18851.97,,,,
6414,8/15/2026 19:23,23.73,6.36,5.66,23.68,31791.5,32695.9,20.38,20664.51,,,,
6415,8/15/2026 19:33,23.68,6.1,5.44,23.64,31087.8,32003.3,19.91,20207.04,,,,
6416,8/15/2026 19:43,23.65,5.64,5,23.61,32254.1,33221.3,20.74,20965.18,,,,
6417,8/15/2026 19:53,23.67,5.74,5.1,23.64,31950.1,32890.9,20.52,20767.54,,,,
6418,8/15/2026 20:03,23.68,5.48,4.91,23.63,30140,31029.6,19.24,19591,,,,
6419,8/15/2026 20:13,23.69,5.51,4.89,23.66,32304.6,33240.8,20.76,20998,,,,
6420,8/15/2026 20:23,23.67,5.14,4.58,23.62,31403.3,32342.8,20.14,20412.17,,,,
6421,8/15/2026 20:33,23.53,4.94,4.44,23.48,29348.6,30315.3,18.75,19076.59,,,,
6422,8/15/2026 20:43,23.6,4.49,3.98,23.59,32665.6,33660.4,21.04,21232.63,,,,
6423,8/15/2026 20:53,23.51,4.19,3.71,23.48,32718.1,33795.9,21.13,21266.79,,,,
6424,8/15/2026 21:03,23.49,3.16,2.79,23.45,33592.1,34719,21.77,21834.86,,,,
6425,8/15/2026 21:13,23.49,2.21,1.95,23.46,33764.3,34894.7,21.89,21946.78,,,,
6426,8/15/2026 21:23,23.46,3.21,2.84,23.43,32187.6,33284.8,20.78,20921.94,,,,
6427,8/15/2026 21:33,23.43,3.64,3.22,23.4,32946.7,34092,21.34,21415.38,,,,
6428,8/15/2026 21:43,23.52,3.84,3.39,23.5,33808.9,34908.9,21.9,21975.8,,,,
6429,8/15/2026 21:53,23.56,4.06,3.59,23.53,33712.1,34786.3,21.82,21912.89,,,,
6430,8/15/2026 22:03,23.56,4.36,3.85,23.53,33521,34589.1,21.68,21788.62,,,,
6431,8/15/2026 22:13,23.56,4.47,3.99,23.52,30684.4,31668.3,19.67,19944.84,,,,
6432,8/15/2026 22:23,23.27,5.24,4.66,23.15,31316.5,32581.5,20.29,20355.74,,,,
6433,8/15/2026 22:33,22.96,5.69,5.05,22.92,31780.7,33234.3,20.73,20657.43,,,,
6434,8/15/2026 22:43,22.99,5.78,5.15,22.97,30949,32326.3,20.11,20116.84,,,,
6435,8/15/2026 22:53,22.91,6.01,5.34,22.86,31274.6,32748.3,20.39,20328.5,,,,
6436,8/15/2026 23:03,22.91,6.06,5.36,22.88,32405.6,33914.7,21.2,21063.64,,,,
6437,8/15/2026 23:13,22.84,6.32,5.61,22.8,31320.4,32839.5,20.45,20358.25,,,,
6438,8/15/2026 23:23,22.71,6.54,5.84,22.65,29812.1,31357.3,19.43,19377.83,,,,
6439,8/15/2026 23:33,22.68,6.66,5.93,22.67,30785.6,32368.4,20.13,20010.62,,,,
6440,8/15/2026 23:43,22.61,6.79,6.04,22.55,30923.4,32603.9,20.28,20100.23,,,,
6441,8/15/2026 23:53,22.55,7.09,6.33,22.51,30176.9,31842.1,19.76,19614.97,,,,
6442,8/16/2026 0:03,22.51,7.3,6.51,22.46,30437.1,32155.1,19.97,19784.14,,,,
6443,8/16/2026 0:13,22.41,7.46,6.63,22.34,30902.7,32731.8,20.36,20086.78,,,,
6444,8/16/2026 0:23,22.23,7.75,6.9,22.17,30419.5,32342.6,20.09,19772.65,,,,
6445,8/16/2026 0:33,22.12,8.04,7.18,22.07,29547.3,31486.7,19.5,19205.75,,,,
6446,8/16/2026 0:43,22.06,7.92,7.08,22.01,29347.9,31316.1,19.39,19076.1,,,,
6447,8/16/2026 0:53,22.06,7.84,7.01,22.01,29163.1,31116.8,19.25,18955.99,,,,
6448,8/16/2026 1:03,22.03,7.86,7.03,21.97,29226.7,31216.1,19.32,18997.37,,,,
6449,8/16/2026 1:13,21.92,7.82,7,21.86,28938.9,30981.4,19.15,18810.29,,,,
6450,8/16/2026 1:23,21.72,8.14,7.39,21.64,25528.2,27468.3,16.78,16593.33,,,,
6451,8/16/2026 1:33,21.63,8.13,7.38,21.58,25118.1,27059.9,16.5,16326.78,,,,
6452,8/16/2026 1:43,21.39,8.5,7.62,21.29,28110.4,30485.2,18.8,18271.78,,,,
6453,8/16/2026 1:53,20.96,8.78,7.85,20.85,28312.8,31018.5,19.14,18403.32,,,,
6454,8/16/2026 2:03,20.37,9.36,8.38,20.24,27515.4,30568,18.81,17885.01,,,,
6455,8/16/2026 2:13,19.88,9.78,8.88,19.77,23928.9,26880.4,16.32,15553.8,,,,
6456,8/16/2026 2:23,19.62,9.97,8.98,19.55,25514.6,28813.2,17.6,16584.47,,,,
6457,8/16/2026 2:33,19.49,9.71,8.86,19.42,22859.4,25895.1,15.66,14858.61,,,,
6458,8/16/2026 2:43,19.41,9.37,8.41,19.33,26191.4,29728.6,18.21,17024.44,,,,
6459,8/16/2026 2:53,19.28,9.03,8.16,19.2,24674.3,28094.2,17.11,16038.32,,,,
6460,8/16/2026 3:03,19.23,8.61,7.84,19.18,23034.3,26239.9,15.88,14972.29,,,,
6461,8/16/2026 3:13,19.12,9.38,8.44,19.03,25575.9,29245.4,17.87,16624.33,,,,
6462,8/16/2026 3:23,19.01,9.79,8.78,18.94,26274.6,30108.9,18.45,17078.49,,,,
6463,8/16/2026 3:33,19.06,10.47,9.39,19.03,26021.1,29748.2,18.21,16913.71,,,,
6464,8/16/2026 3:43,19.23,10.54,9.42,19.22,27058.3,30795.4,18.92,17587.89,,,,
6465,8/16/2026 3:53,19.57,10.23,9.11,19.63,28123.3,31696.7,19.55,18280.17,,,,
6466,8/16/2026 4:03,19.92,9.8,8.7,19.98,29058.9,32485.8,20.1,18888.29,,,,
6467,8/16/2026 4:13,20.38,9.14,8.12,20.38,29291,32436.9,20.09,19039.15,,,,
6468,8/16/2026 4:23,20.68,8.84,7.82,20.69,30536.4,33572,20.88,19848.67,,,,
6469,8/16/2026 4:33,20.92,8.47,7.49,20.94,30969.9,33853,21.08,20130.46,,,,
6470,8/16/2026 4:43,21.14,7.99,7.04,21.15,31846.9,34650.3,21.64,20700.47,,,,
6471,8/16/2026 4:53,21.23,7.55,6.67,21.2,31116,33818.2,21.07,20225.38,,,,
6472,8/16/2026 5:03,21.29,7.31,6.44,21.23,32107.3,34864.8,21.79,20869.76,,,,
6473,8/16/2026 5:13,21.28,7.21,6.42,21.19,29699.1,32284.8,20.02,19304.4,,,,
6474,8/16/2026 5:23,21.26,7.12,6.34,21.26,29268,31764.3,19.66,19024.18,,,,
6475,8/16/2026 5:33,21.27,6.9,6.17,21.26,28362.3,30781.3,19,18435.48,,,,
6476,8/16/2026 5:43,21.29,6.8,6.08,21.24,28719,31179.1,19.27,18667.37,,,,
6477,8/16/2026 5:53,21.24,6.5,5.74,21.15,31746,34535.8,21.56,20634.92,,,,
6478,8/16/2026 6:03,21.24,6.53,5.74,21.19,32641.9,35481.4,22.21,21217.21,,,,
6479,8/16/2026 6:13,21.23,6.19,5.43,21.16,32864.5,35750.2,22.4,21361.93,,,,
6480,8/16/2026 6:23,21.17,6.01,5.35,21.11,29163.9,31757.1,19.65,18956.53,,,,
6481,8/16/2026 6:33,21.19,5.74,5.1,21.09,30018.2,32703,20.3,19511.85,,,,
6482,8/16/2026 6:43,21.18,5.61,4.97,21.17,30723.1,33409.4,20.78,19970.04,,,,
6483,8/16/2026 6:53,21.17,5.55,4.97,21.15,28112.1,30582.6,18.86,18272.88,,,,
6484,8/16/2026 7:03,21.2,5.39,4.78,21.18,30134.2,32760,20.34,19587.22,,,,
6485,8/16/2026 7:13,21.29,5.21,4.6,21.28,31736.6,34429.4,21.49,20628.82,,,,
6486,8/16/2026 7:23,21.34,5.14,4.56,21.32,30112,32633.7,20.26,19572.8,,,,
6487,8/16/2026 7:33,21.39,5.03,4.46,21.34,30758.7,33316.4,20.73,19993.13,,,,
6488,8/16/2026 7:43,21.41,4.9,4.35,21.37,30249.4,32744.8,20.34,19662.11,,,,
6489,8/16/2026 7:53,21.45,4.78,4.24,21.39,30124.6,32594.2,20.24,19580.97,,,,
6490,8/16/2026 8:03,21.48,4.76,4.25,21.45,28786.5,31106.4,19.22,18711.23,,,,
6491,8/16/2026 8:13,21.54,4.62,4.11,21.51,29706.6,32055,19.87,19309.3,,,,
6492,8/16/2026 8:23,21.59,4.6,4.1,21.57,29316.9,31593.9,19.56,19056,,,,
6493,8/16/2026 8:33,21.64,4.57,4.08,21.59,28955.7,31185.7,19.28,18821.18,,,,
6494,8/16/2026 8:43,21.66,4.54,4.04,21.63,30248.1,32553.4,20.22,19661.25,,,,
6495,8/16/2026 8:53,21.72,4.19,3.75,21.69,29148.6,31323.6,19.38,18946.57,,,,
6496,8/16/2026 9:03,21.79,3.86,3.46,21.75,28727.8,30834,19.05,18673.06,,,,
6497,8/16/2026 9:13,21.89,3.3,2.95,21.86,29341.2,31414.1,19.45,19071.76,,,,
6498,8/16/2026 9:23,22,2.59,2.31,21.94,29897.4,31951.7,19.82,19433.31,,,,
6499,8/16/2026 9:33,22.08,2.09,1.86,22.01,29899.6,31900.6,19.78,19434.76,,,,
6500,8/16/2026 9:43,22.13,2.04,1.84,22.08,27078,28843.8,17.71,17600.71,,,,
6501,8/16/2026 9:53,22.16,2.9,2.63,22.1,26694.2,28425.5,17.43,17351.25,,,,
6502,8/16/2026 10:03,22.15,3.24,2.91,22.08,28304.4,30154.2,18.6,18397.88,,,,
6503,8/16/2026 10:13,22.1,3.95,3.54,22.06,28677.8,30566.3,18.88,18640.6,,,,
6504,8/16/2026 10:23,22.06,4.21,3.77,22.03,28647,30556,18.87,18620.56,,,,
6505,8/16/2026 10:33,22.07,4.03,3.62,22.01,28227.6,30118.7,18.57,18347.92,,,,
6506,8/16/2026 10:43,22.29,5.74,5.15,22.29,28464.3,30185.2,18.63,18501.8,,,,
6507,8/16/2026 10:53,22.34,6.06,5.44,22.3,28664.5,30389.4,18.76,18631.95,,,,
6508,8/16/2026 11:03,22.33,6.18,5.57,22.3,27488.6,29142.7,17.92,17867.61,,,,
6509,8/16/2026 11:13,22.33,6.42,5.76,22.3,28655.5,30379.8,18.76,18626.08,,,,
6510,8/16/2026 11:23,22.31,6.4,5.76,22.26,27907.6,29608.6,18.23,18139.95,,,,
6511,8/16/2026 11:33,22.24,6.46,5.91,22.23,23648,25107.8,15.22,15371.23,,,,
6512,8/16/2026 11:43,22.22,6.62,5.94,22.17,28230.1,30014.7,18.51,18349.54,,,,
6513,8/16/2026 11:53,22.2,6.85,6.19,22.15,26821,28528,17.5,17433.66,,,,
6514,8/16/2026 12:03,22.17,6.78,6.11,22.12,27474.2,29240.4,17.98,17858.25,,,,
6515,8/16/2026 12:13,22.12,7.04,6.35,22.06,27269.9,29065.6,17.86,17725.42,,,,
6516,8/16/2026 12:23,22.09,7.04,6.38,22.04,25857.1,27569,16.85,16807.09,,,,
6517,8/16/2026 12:33,21.99,7.06,6.38,21.92,26590.7,28427.3,17.43,17283.97,,,,
6518,8/16/2026 12:43,21.9,7.36,6.62,21.84,27747.3,29717.7,18.3,18035.77,,,,
6519,8/16/2026 12:53,21.88,7.43,6.65,21.84,28893.7,30949.6,19.13,18780.9,,,,
6520,8/16/2026 13:03,21.82,7.61,6.78,21.76,29796.7,31970.6,19.82,19367.86,,,,
6521,8/16/2026 13:13,21.83,7.89,7,21.79,30839.2,33069.1,20.58,20045.5,,,,
6522,8/16/2026 13:23,21.82,7.99,7.15,21.78,28881.6,30978.3,19.15,18773.04,,,,
6523,8/16/2026 13:33,21.86,7.98,7.11,21.82,29875.3,32016.1,19.86,19418.92,,,,
6524,8/16/2026 13:43,21.75,7.99,7.15,21.7,28872.9,31023.2,19.18,18767.39,,,,
6525,8/16/2026 13:53,21.66,8.41,7.51,21.61,29237.4,31480.6,19.48,19004.33,,,,
6526,8/16/2026 14:03,21.37,8.73,7.8,21.3,28707.4,31124.1,19.23,18659.78,,,,
6527,8/16/2026 14:13,21.05,9.11,8.13,20.99,28781.3,31430.4,19.43,18707.82,,,,
6528,8/16/2026 14:23,20.83,9.66,8.66,20.76,27410.1,30089.3,18.51,17816.56,,,,
6529,8/16/2026 14:33,20.42,10.03,9.02,20.31,26653,29564.8,18.14,17324.45,,,,
6530,8/16/2026 14:43,20,10.22,9.2,19.92,26198.7,29327.2,17.96,17029.14,,,,
6531,8/16/2026 14:53,19.86,10.5,9.42,19.81,26647.9,29907.5,18.35,17321.16,,,,
6532,8/16/2026 15:03,19.78,10.55,9.48,19.74,26325.2,29597.1,18.14,17111.39,,,,
6533,8/16/2026 15:13,19.76,10.39,9.32,19.71,26502,29816.8,18.28,17226.3,,,,
6534,8/16/2026 15:23,19.72,10.17,9.12,19.67,26679.7,30044.2,18.44,17341.79,,,,
6535,8/16/2026 15:33,19.74,9.54,8.51,19.68,28047.4,31577.7,19.47,18230.8,,,,
6536,8/16/2026 15:43,19.68,10.07,9.03,19.63,26788.2,30189.8,18.53,17412.34,,,,
6537,8/16/2026 15:53,19.63,10.68,9.58,19.55,26640,30082,18.46,17316,,,,
6538,8/16/2026 16:03,19.7,10.82,9.59,19.66,29368.5,33074.5,20.49,19089.55,,,,
6539,8/16/2026 16:13,20.06,10.78,9.58,20.26,29101,32316,20,18915.65,,,,
6540,8/16/2026 16:23,20.52,10.55,9.38,20.51,29143.9,32180.4,19.92,18943.51,,,,
6541,8/16/2026 16:33,21.1,10.17,9.07,21.21,29232.1,31759.8,19.66,19000.84,,,,
6542,8/16/2026 16:43,21.32,10.07,8.95,21.31,30093,32622,20.25,19560.44,,,,
6543,8/16/2026 16:53,21.85,9.8,8.71,21.84,30312.2,32464.7,20.16,19702.93,,,,
6544,8/16/2026 17:03,22.3,9.49,8.45,22.38,30396.6,32167.8,19.98,19757.76,,,,
6545,8/16/2026 17:13,22.52,9.26,8.25,22.5,30458.4,32145.5,19.97,19797.94,,,,
6546,8/16/2026 17:23,22.77,9.13,8.11,22.78,31299.3,32832.5,20.45,20344.51,,,,
6547,8/16/2026 17:33,22.92,9,8.03,22.92,30490.1,31880.6,19.8,19818.58,,,,
6548,8/16/2026 17:43,23.04,8.83,7.89,23.05,30309,31601.7,19.61,19700.88,,,,
6549,8/16/2026 17:53,23.16,8.7,7.76,23.2,30672.2,31875.7,19.81,19936.94,,,,
6550,8/16/2026 18:03,23.24,8.67,7.73,23.24,31069.4,32258.9,20.07,20195.14,,,,
6551,8/16/2026 18:13,23.36,8.53,7.59,23.33,31465.5,32610.4,20.31,20452.6,,,,
6552,8/16/2026 18:23,23.47,8.41,7.5,23.44,31151.1,32204.5,20.04,20248.2,,,,
6553,8/16/2026 18:33,23.57,8.29,7.37,23.52,31754.7,32770.8,20.43,20640.56,,,,
6554,8/16/2026 18:43,23.64,8.16,7.25,23.58,31832.4,32810.4,20.46,20691.05,,,,
6555,8/16/2026 18:53,23.72,7.98,7.01,23.65,34856.4,35873.6,22.58,22656.69,,,,
6556,8/16/2026 19:03,23.82,7.88,6.96,23.85,33632.7,34468.5,21.61,21861.26,,,,
6557,8/16/2026 19:13,23.85,7.73,6.8,23.84,34424.5,35282.3,22.17,22375.95,,,,
6558,8/16/2026 19:23,23.87,7.57,6.63,23.83,35891.9,36795.8,23.23,23329.76,,,,
6559,8/16/2026 19:33,23.88,7.4,6.47,23.83,36325.2,37237.6,23.54,23611.4,,,,
6560,8/16/2026 19:43,23.9,7.24,6.32,23.87,36333.1,37219.1,23.53,23616.53,,,,
6561,8/16/2026 19:53,23.92,7.05,6.18,23.89,35748.1,36598.5,23.09,23236.27,,,,
6562,8/16/2026 20:03,23.94,6.9,5.95,23.88,39391.9,40336.9,25.72,25604.77,,,,
6563,8/16/2026 20:13,23.91,6.68,5.81,23.86,37793.3,38722.5,24.58,24565.66,,,,
6564,8/16/2026 20:23,23.88,6.43,5.55,23.82,39150.6,40141.6,25.58,25447.86,,,,
6565,8/16/2026 20:33,23.84,6.27,5.43,23.79,38811.3,39819.6,25.35,25227.33,,,,
6566,8/16/2026 20:43,23.82,6.01,5.19,23.78,39452.3,40493,25.83,25644,,,,
6567,8/16/2026 20:53,23.79,5.89,5.11,23.74,38245,39281.9,24.97,24859.28,,,,
6568,8/16/2026 21:03,23.75,5.59,4.85,23.72,37941.6,38990.5,24.76,24662.04,,,,
6569,8/16/2026 21:13,23.74,5.48,4.76,23.69,37634.7,38697.7,24.56,24462.54,,,,
6570,8/16/2026 21:23,23.68,5.46,4.75,23.64,37376.6,38472.3,24.4,24294.77,,,,
6571,8/16/2026 21:33,23.64,5.35,4.62,23.58,38606.3,39789.8,25.32,25094.08,,,,
6572,8/16/2026 21:43,23.53,4.61,4,23.45,37552.3,38812.1,24.63,24409.02,,,,
6573,8/16/2026 21:53,23.47,3.14,2.74,23.45,36945,38191.9,24.19,24014.26,,,,
6574,8/16/2026 22:03,23.47,3.43,2.99,23.44,36590.2,37830,23.94,23783.61,,,,
6575,8/16/2026 22:13,23.53,4.02,3.51,23.51,36132,37300.3,23.57,23485.8,,,,
6576,8/16/2026 22:23,23.59,4.21,3.67,23.55,36743.5,37894.5,23.99,23883.28,,,,
6577,8/16/2026 22:33,23.62,4.37,3.81,23.59,36804.7,37928.1,24.01,23923.07,,,,
6578,8/16/2026 22:43,23.65,4.3,3.75,23.62,36540.7,37629.1,23.8,23751.48,,,,
6579,8/16/2026 22:53,23.65,4.85,4.22,23.61,36990.5,38102.1,24.13,24043.82,,,,
6580,8/16/2026 23:03,23.65,5.19,4.53,23.61,36563.4,37662.2,23.83,23766.19,,,,
6581,8/16/2026 23:13,23.13,6.29,5.49,22.99,35721.2,37296.2,23.55,23218.77,,,,
6582,8/16/2026 23:23,22.94,6.47,5.65,22.91,35421.9,37044.6,23.37,23024.25,,,,
6583,8/16/2026 23:33,23,6.47,5.64,22.97,35919,37520,23.7,23347.38,,,,
6584,8/16/2026 23:43,22.83,6.72,5.87,22.74,35595.6,37368.9,23.59,23137.17,,,,
6585,8/16/2026 23:53,22.85,6.66,5.82,22.85,35478.4,37157.5,23.44,23060.99,,,,
6586,8/17/2026 0:03,22.84,6.77,5.9,22.79,35633.2,37363.9,23.59,23161.6,,,,
6587,8/17/2026 0:13,22.76,6.88,6,22.7,35691.7,37502,23.68,23199.61,,,,
6588,8/17/2026 0:23,22.82,6.78,5.97,22.79,33670.3,35310.3,22.16,21885.68,,,,
6589,8/17/2026 0:33,22.66,7.18,6.35,22.59,32596.1,34335.7,21.48,21187.49,,,,
6590,8/17/2026 0:43,22.54,7.44,6.56,22.48,32801.9,34632.7,21.68,21321.27,,,,
6591,8/17/2026 0:53,22.46,7.68,6.79,22.39,32053.3,33909.8,21.18,20834.67,,,,
6592,8/17/2026 1:03,22.35,7.71,6.85,22.29,30949.4,32814,20.42,20117.14,,,,
6593,8/17/2026 1:13,22.25,7.88,7.02,22.19,30390.8,32297,20.06,19754.02,,,,
6594,8/17/2026 1:23,22.11,7.96,7.09,22.04,30050.8,32044.7,19.88,19533.03,,,,
6595,8/17/2026 1:33,22.03,7.98,7.11,21.97,29917.2,31953.6,19.82,19446.21,,,,
6596,8/17/2026 1:43,21.98,8.05,7.17,21.95,30128.3,32187.7,19.98,19583.4,,,,
6597,8/17/2026 1:53,22,7.97,7.11,21.95,29617,31641.4,19.61,19251.03,,,,
6598,8/17/2026 2:03,21.94,8.06,7.19,21.88,29559.6,31633.2,19.6,19213.77,,,,
6599,8/17/2026 2:13,21.82,8.16,7.28,21.76,29775.9,31948.2,19.81,19354.32,,,,
6600,8/17/2026 2:23,21.65,8.32,7.42,21.54,29624.6,31947.1,19.8,19256.02,,,,
6601,8/17/2026 2:33,21.49,8.37,7.43,21.42,30335.4,32797.8,20.38,19718,,,,
6602,8/17/2026 2:43,21.34,8.45,7.53,21.23,29429,31956.4,19.79,19128.83,,,,
6603,8/17/2026 2:53,20.77,8.75,7.78,20.6,29473.3,32472.4,20.12,19157.62,,,,
6604,8/17/2026 3:03,19.92,9.34,8.37,19.63,26759.4,30157.3,18.51,17393.6,,,,
6605,8/17/2026 3:13,19.49,9.43,8.4,19.38,27988.6,31734.7,19.56,18192.61,,,,
6606,8/17/2026 3:23,18.88,9.45,8.45,18.71,26528.9,30566.5,18.74,17243.8,,,,
6607,8/17/2026 3:33,18.5,9.5,8.46,18.38,27322.8,31734.6,19.52,17759.84,,,,
6608,8/17/2026 3:43,18.19,9.02,8.05,18.04,26397.3,30912.9,18.94,17158.22,,,,
6609,8/17/2026 3:53,17.94,9.78,8.65,17.87,28236.1,33209.6,20.49,18353.48,,,,
6610,8/17/2026 4:03,18.17,10.43,9.27,18.14,27362.2,31965.7,19.66,17785.41,,,,
6611,8/17/2026 4:13,18.23,10.54,9.32,18.24,28537.5,33256.4,20.54,18549.39,,,,
6612,8/17/2026 4:23,19.37,9.96,8.85,19.53,28546.1,32250.3,19.92,18554.95,,,,
6613,8/17/2026 4:33,20.27,9.28,8.25,20.41,29186.9,32297.1,19.99,18971.48,,,,
6614,8/17/2026 4:43,20.85,8.95,7.96,20.88,29576.5,32380.8,20.07,19224.72,,,,
6615,8/17/2026 4:53,21.09,8.72,7.78,21.06,28861.9,31464.7,19.45,18760.22,,,,
6616,8/17/2026 5:03,21.2,8.57,7.6,21.19,30227.7,32859.5,20.41,19648.01,,,,
6617,8/17/2026 5:13,21.36,8.44,7.51,21.34,29867.3,32357.5,20.07,19413.75,,,,
6618,8/17/2026 5:23,21.47,8.27,7.35,21.45,30029.5,32445.2,20.14,19519.19,,,,
6619,8/17/2026 5:33,21.57,8.12,7.21,21.55,30573.9,32964.1,20.49,19873.04,,,,
6620,8/17/2026 5:43,21.62,7.88,7,21.59,30565.7,32924.1,20.47,19867.69,,,,
6621,8/17/2026 5:53,21.66,7.81,6.93,21.61,30584.5,32928.8,20.47,19879.91,,,,
6622,8/17/2026 6:03,21.68,7.62,6.78,21.64,30152.3,32441.6,20.14,19599,,,,
6623,8/17/2026 6:13,21.71,7.38,6.56,21.67,30277.8,32552.5,20.22,19680.57,,,,
6624,8/17/2026 6:23,21.73,7.2,6.42,21.69,29823.3,32053,19.88,19385.13,,,,
6625,8/17/2026 6:33,21.76,7.18,6.4,21.72,29642.2,31836.9,19.73,19267.44,,,,
6626,8/17/2026 6:43,21.81,7.04,6.31,21.78,28362.8,30419.7,18.77,18435.8,,,,
6627,8/17/2026 6:53,21.84,6.78,6.08,21.8,28322.6,30364.4,18.73,18409.68,,,,
6628,8/17/2026 7:03,21.91,6.61,5.86,21.87,31243.4,33439.5,20.83,20308.21,,,,
6629,8/17/2026 7:13,21.95,6.38,5.66,21.91,31082.6,33240.6,20.7,20203.68,,,,
6630,8/17/2026 7:23,21.97,6.33,5.62,21.95,30925.1,33041.1,20.56,20101.31,,,,
6631,8/17/2026 7:33,22,6.11,5.47,21.95,29114,31108.2,19.24,18924.12,,,,
6632,8/17/2026 7:43,22.03,6.06,5.43,22,28545,30465.5,18.81,18554.23,,,,
6633,8/17/2026 7:53,22.06,5.92,5.27,22.03,30205.3,32216,20,19633.47,,,,
6634,8/17/2026 8:03,22.09,5.88,5.23,22.06,30314,32308,20.06,19704.07,,,,
6635,8/17/2026 8:13,22.13,5.76,5.1,22.09,31297.1,33333.5,20.77,20343.12,,,,
6636,8/17/2026 8:23,22.17,5.64,5.01,22.15,30834.2,32798.9,20.4,20042.25,,,,
6637,8/17/2026 8:33,22.21,5.44,4.84,22.18,30403.3,32316.8,20.07,19762.16,,,,
6638,8/17/2026 8:43,22.25,5.36,4.77,22.23,30204.5,32071.1,19.91,19632.89,,,,
6639,8/17/2026 8:53,22.31,5.12,4.55,22.27,30834.5,32707.4,20.34,20042.44,,,,
6640,8/17/2026 9:03,22.34,5.05,4.55,22.31,27812.7,29478.5,18.15,18078.29,,,,
6641,8/17/2026 9:13,22.37,4.87,4.33,22.33,30760.7,32587.8,20.27,19994.44,,,,
6642,8/17/2026 9:23,22.38,4.48,4,22.35,29794.6,31553.8,19.56,19366.47,,,,
6643,8/17/2026 9:33,22.39,4.06,3.61,22.35,30789.4,32605.2,20.28,20013.12,,,,
6644,8/17/2026 9:43,22.41,3.84,3.42,22.37,30292.7,32064.2,19.91,19690.22,,,,
6645,8/17/2026 9:53,22.42,5.02,4.47,22.38,30757.7,32547.8,20.24,19992.51,,,,
6646,8/17/2026 10:03,22.41,4.03,3.6,22.37,29800.7,31543.5,19.55,19370.46,,,,
6647,8/17/2026 10:13,22.41,3.59,3.2,22.37,30336.8,32111,19.94,19718.93,,,,
6648,8/17/2026 10:23,22.42,3.98,3.54,22.39,30529.4,32297.6,20.07,19844.11,,,,
6649,8/17/2026 10:33,22.44,3.9,3.5,22.41,28731.5,30385.5,18.77,18675.47,,,,
6650,8/17/2026 10:43,22.46,3.86,3.43,22.41,31372.6,33174.3,20.67,20392.22,,,,
6651,8/17/2026 10:53,22.5,4.49,4.01,22.46,29862.8,31546.2,19.56,19410.8,,,,
6652,8/17/2026 11:03,22.46,4.53,4.02,22.42,31434.9,33235.7,20.71,20432.7,,,,
6653,8/17/2026 11:13,22.42,4.96,4.4,22.36,31321.3,33157.4,20.66,20358.82,,,,
6654,8/17/2026 11:23,22.33,6.26,5.55,22.28,31398.9,33303.9,20.75,20409.31,,,,
6655,8/17/2026 11:33,22.33,6.48,5.77,22.29,30642,32494.6,20.2,19917.32,,,,
6656,8/17/2026 11:43,22.31,6.7,5.96,22.27,30432.6,32285.3,20.06,19781.17,,,,
6657,8/17/2026 11:53,22.29,6.78,6.02,22.25,31044.2,32947.4,20.51,20178.75,,,,
6658,8/17/2026 12:03,22.25,6.96,6.17,22.2,31655.1,33629.4,20.98,20575.84,,,,
6659,8/17/2026 12:13,22.23,6.86,6.07,22.19,31899.5,33900.3,21.16,20734.68,,,,
6660,8/17/2026 12:23,22.25,7.02,6.22,22.2,31470,33434.9,20.84,20455.51,,,,
6661,8/17/2026 12:33,22.25,7.1,6.38,22.21,28387.8,30156.2,18.6,18452.04,,,,
6662,8/17/2026 12:43,22.25,7.35,6.52,22.19,31409.5,33379.5,20.8,20416.16,,,,
6663,8/17/2026 12:53,22.15,7.49,6.65,22.08,30997,33020.5,20.55,20148.05,,,,
6664,8/17/2026 13:03,22.03,7.54,6.69,21.95,31113.8,33240.6,20.7,20224,,,,
6665,8/17/2026 13:13,21.95,7.58,6.72,21.88,31175.2,33364.3,20.78,20263.87,,,,
6666,8/17/2026 13:23,21.78,7.71,6.83,21.71,31117.5,33430.4,20.82,20226.35,,,,
6667,8/17/2026 13:33,21.69,7.93,7.04,21.62,30686,33031.4,20.54,19945.92,,,,
6668,8/17/2026 13:43,21.58,8.07,7.15,21.5,30936.7,33389.2,20.78,20108.88,,,,
6669,8/17/2026 13:53,21.48,8.27,7.36,21.44,29803.2,32211.6,19.98,19372.11,,,,
6670,8/17/2026 14:03,21.43,8.33,7.4,21.34,30243.9,32765.5,20.35,19658.55,,,,
6671,8/17/2026 14:13,21.43,8.33,7.37,21.4,31212.8,33762.5,21.04,20288.34,,,,
6672,8/17/2026 14:23,21.33,8.52,7.54,21.26,30789.1,33415.1,20.79,20012.89,,,,
6673,8/17/2026 14:33,21.19,8.69,7.68,21.11,31096,33858.7,21.09,20212.42,,,,
6674,8/17/2026 14:43,20.91,8.88,7.85,20.79,30627.3,33597.9,20.9,19907.72,,,,
6675,8/17/2026 14:53,20.09,9.4,8.34,19.89,29429.3,32966.6,20.43,19129.03,,,,
6676,8/17/2026 15:03,19.01,9.85,8.67,18.72,30004.3,34565.9,21.46,19502.81,,,,
6677,8/17/2026 15:13,18.27,10.25,9.03,18.15,29394.9,34338,21.27,19106.69,,,,
6678,8/17/2026 15:23,17.98,10.26,9.16,17.77,26297.3,31004.3,18.99,17093.23,,,,
6679,8/17/2026 15:33,17.6,10.34,9.13,17.49,28396,33709.6,20.8,18457.43,,,,
6680,8/17/2026 15:43,17.47,10.37,9.14,17.37,28594.5,34048.7,21.03,18586.41,,,,
6681,8/17/2026 15:53,17.3,10.27,9.13,17.24,26575.8,31748.8,19.46,17274.24,,,,
6682,8/17/2026 16:03,17.29,9.89,8.72,17.21,28356.9,33899.4,20.92,18432,,,,
6683,8/17/2026 16:13,17.24,9.47,8.45,17.16,25855.4,30948.3,18.92,16806.04,,,,
6684,8/17/2026 16:23,17.09,10.13,8.93,16.99,28330.3,34063.5,21.01,18414.68,,,,
6685,8/17/2026 16:33,17.06,10.79,9.51,16.99,28127.9,33820.1,20.85,18283.13,,,,
6686,8/17/2026 16:43,17.37,10.82,9.55,17.4,28169.4,33517.6,20.67,18310.11,,,,
6687,8/17/2026 16:53,18.05,10.67,9.43,17.95,28395.5,33328.5,20.57,18457.1,,,,
6688,8/17/2026 17:03,18.56,10.49,9.25,18.89,29591.3,33943.6,21.04,19234.35,,,,
6689,8/17/2026 17:13,19.71,9.9,8.83,19.84,27988.8,31392.5,19.35,18192.73,,,,
6690,8/17/2026 17:23,20.3,9.68,8.61,20.32,28949.9,32105.9,19.86,18817.46,,,,
6691,8/17/2026 17:33,20.7,9.41,8.35,20.76,29954.5,32884.7,20.41,19470.41,,,,
6692,8/17/2026 17:43,21.01,9.22,8.22,21.03,29042.5,31687.5,19.6,18877.61,,,,
6693,8/17/2026 17:53,21.25,9.05,8.05,21.28,29763.6,32286.8,20.02,19346.34,,,,
6694,8/17/2026 18:03,21.47,8.86,7.9,21.44,29563,31949.8,19.8,19215.95,,,,
6695,8/17/2026 18:13,21.62,8.71,7.76,21.63,29755.2,32020.9,19.85,19340.91,,,,
6696,8/17/2026 18:23,21.76,8.58,7.66,21.74,29102.2,31238,19.32,18916.46,,,,
6697,8/17/2026 18:33,21.87,8.48,7.57,21.86,29312.7,31383.6,19.43,19053.25,,,,
6698,8/17/2026 18:43,21.96,8.37,7.48,21.93,29016,31016,19.18,18860.4,,,,
6699,8/17/2026 18:53,22.08,8.23,7.35,22.05,29340.4,31280.9,19.36,19071.25,,,,
6700,8/17/2026 19:03,22.18,8.12,7.22,22.15,30691.2,32644.5,20.3,19949.25,,,,
6701,8/17/2026 19:13,22.29,7.98,7.09,22.24,30825.3,32719.4,20.35,20036.42,,,,
6702,8/17/2026 19:23,22.38,7.81,6.97,22.36,30185.5,31955.1,19.83,19620.57,,,,
6703,8/17/2026 19:33,22.49,7.65,6.8,22.47,30816.7,32545.3,20.24,20030.87,,,,
6704,8/17/2026 19:43,22.54,7.49,6.67,22.51,30851.8,32556.4,20.25,20053.65,,,,
6705,8/17/2026 19:53,22.6,7.37,6.56,22.58,30757.1,32402.8,20.15,19992.14,,,,
6706,8/17/2026 20:03,22.67,7.25,6.41,22.64,32434,34121.9,21.33,21082.09,,,,
6707,8/17/2026 20:13,22.71,7.14,6.32,22.67,31848.8,33484.1,20.89,20701.7,,,,
6708,8/17/2026 20:23,22.74,6.96,6.18,22.7,31487.2,33082,20.62,20466.66,,,,
6709,8/17/2026 20:33,22.77,6.78,6.04,22.75,30432.7,31942.4,19.84,19781.23,,,,
6710,8/17/2026 20:43,22.81,6.65,5.95,22.79,29912.9,31372,19.45,19443.4,,,,
6711,8/17/2026 20:53,22.83,6.51,5.86,22.8,28173.4,29537.9,18.2,18312.73,,,,
6712,8/17/2026 21:03,22.85,6.37,5.73,22.83,28474.7,29836.1,18.41,18508.56,,,,
6713,8/17/2026 21:13,22.88,6.19,5.53,22.85,29812.6,31221.5,19.35,19378.21,,,,
6714,8/17/2026 21:23,22.9,5.99,5.33,22.86,30829.8,32280.3,20.07,20039.36,,,,
6715,8/17/2026 21:33,22.92,5.92,5.28,22.89,30353.4,31762.7,19.72,19729.69,,,,
6716,8/17/2026 21:43,22.94,5.8,5.17,22.91,30423.3,31821.1,19.76,19775.11,,,,
6717,8/17/2026 21:53,22.94,5.63,5.02,22.92,30720.8,32126,19.97,19968.5,,,,
6718,8/17/2026 22:03,22.94,5.57,4.95,22.9,31185.8,32623,20.31,20270.74,,,,
6719,8/17/2026 22:13,22.93,5.39,4.8,22.89,30918.6,32349.8,20.12,20097.06,,,,
6720,8/17/2026 22:23,22.96,5.29,4.71,22.93,30894.2,32300.9,20.09,20081.2,,,,
6721,8/17/2026 22:33,22.92,5.03,4.47,22.86,31077.2,32537.3,20.25,20200.21,,,,
6722,8/17/2026 22:43,22.86,3.41,3.04,22.83,31087.3,32569.2,20.27,20206.71,,,,
6723,8/17/2026 22:53,22.91,4.3,3.82,22.87,31078,32533.8,20.25,20200.7,,,,
6724,8/17/2026 23:03,22.87,4.58,4.07,22.83,31232.6,32725.8,20.38,20301.2,,,,
6725,8/17/2026 23:13,22.9,4.61,4.09,22.87,31531.3,33006.1,20.57,20495.31,,,,
6726,8/17/2026 23:23,22.94,4.8,4.26,22.9,31743.3,33206.3,20.71,20633.17,,,,
6727,8/17/2026 23:33,22.89,5.13,4.59,22.85,29557.4,30952.2,19.16,19212.34,,,,
6728,8/17/2026 23:43,22.88,5.18,4.61,22.85,31003.8,32473.2,20.2,20152.47,,,,
6729,8/17/2026 23:53,22.7,6.16,5.53,22.61,28411.6,29913.9,18.45,18467.55,,,,
6730,8/18/2026 0:03,22.52,6.53,5.81,22.47,30633.1,32353.6,20.11,19911.52,,,,
6731,8/18/2026 0:13,22.46,6.73,6.01,22.42,29736.2,31437.6,19.48,19328.51,,,,
6732,8/18/2026 0:23,22.5,6.58,5.92,22.45,28003.8,29588.4,18.23,18202.48,,,,
6733,8/18/2026 0:33,22.35,6.96,6.23,22.3,29198.8,30955.8,19.15,18979.19,,,,
6734,8/18/2026 0:43,22.37,6.8,6.05,22.35,30388.6,32183,19.99,19752.61,,,,
6735,8/18/2026 0:53,22.33,6.95,6.18,22.28,30454,32299.4,20.07,19795.08,,,,
6736,8/18/2026 1:03,22.29,6.94,6.21,22.24,29309.2,31110.1,19.25,19050.95,,,,
6737,8/18/2026 1:13,22.27,7.01,6.23,22.23,30705.6,32598.9,20.27,19958.64,,,,
6738,8/18/2026 1:23,22.16,7.24,6.43,22.08,30671.1,32671.2,20.31,19936.24,,,,
6739,8/18/2026 1:33,21.99,7.38,6.56,21.91,30623.2,32747.1,20.36,19905.07,,,,
6740,8/18/2026 1:43,21.83,7.58,6.81,21.75,27844.5,29881.9,18.4,18098.91,,,,
6741,8/18/2026 1:53,21.66,7.68,6.83,21.55,29849.5,32178.7,19.96,19402.16,,,,
6742,8/18/2026 2:03,21.37,7.99,7.03,21.26,32294.7,35049.2,21.92,20991.56,,,,
6743,8/18/2026 2:13,21.19,8.12,7.2,21.12,30467.4,33172,20.62,19803.8,,,,
6744,8/18/2026 2:23,21.1,8.14,7.29,21.03,28048.7,30601.2,18.87,18231.67,,,,
6745,8/18/2026 2:33,20.96,8.2,7.27,20.86,30106.7,32972.5,20.47,19569.36,,,,
6746,8/18/2026 2:43,20.86,8.16,7.25,20.78,29636.2,32515.2,20.16,19263.52,,,,
6747,8/18/2026 2:53,20.78,8.25,7.39,20.71,27561,30288.3,18.64,17914.67,,,,
6748,8/18/2026 3:03,20.71,8.11,7.21,20.64,29639.7,32624.3,20.23,19265.83,,,,
6749,8/18/2026 3:13,20.51,8.49,7.55,20.42,29266.1,32378,20.05,19022.98,,,,
6750,8/18/2026 3:23,20.22,8.55,7.57,20.14,29765.3,33145.8,20.56,19347.44,,,,
6751,8/18/2026 3:33,19.95,8.73,7.73,19.87,29760.7,33356.5,20.69,19344.46,,,,
6752,8/18/2026 3:43,19.7,8.73,7.73,19.57,29629.1,33445.6,20.74,19258.95,,,,
6753,8/18/2026 3:53,18.93,9.03,7.97,18.71,29470.9,33956.2,21.04,19156.05,,,,
6754,8/18/2026 4:03,18.26,9.35,8.26,18.06,28488.7,33347.5,20.59,18517.69,,,,
6755,8/18/2026 4:13,17.89,9.26,8.12,17.79,29846.1,35170.3,21.82,19399.95,,,,
6756,8/18/2026 4:23,17.73,8.82,7.79,17.65,28401.8,33589.4,20.73,18461.18,,,,
6757,8/18/2026 4:33,17.73,9.75,8.62,17.68,28213.6,33334.9,20.56,18338.85,,,,
6758,8/18/2026 4:43,17.88,9.56,8.44,17.74,28495,33622.7,20.76,18521.73,,,,
6759,8/18/2026 4:53,17.74,9.88,8.77,17.63,27297.7,32297.9,19.86,17743.5,,,,
6760,8/18/2026 5:03,17.9,9.71,8.63,18.06,27546.7,32244.8,19.84,17905.37,,,,
6761,8/18/2026 5:13,18.9,9.32,8.29,18.88,27861.3,31970.6,19.7,18109.87,,,,
6762,8/18/2026 5:23,19.21,9.15,8.1,19.28,29198.9,33186.8,20.55,18979.27,,,,
6763,8/18/2026 5:33,19.7,8.97,7.94,19.74,29417.9,33074.2,20.49,19121.61,,,,
6764,8/18/2026 5:43,20.05,8.71,7.73,20.1,29292.1,32650.7,20.22,19039.87,,,,
6765,8/18/2026 5:53,20.32,8.5,7.51,20.33,30515.4,33830.3,21.04,19835.02,,,,
6766,8/18/2026 6:03,20.49,8.4,7.46,20.46,29734.6,32866.8,20.38,19327.5,,,,
6767,8/18/2026 6:13,20.61,8.25,7.33,20.58,29585.8,32609.8,20.21,19230.77,,,,
6768,8/18/2026 6:23,20.67,8.21,7.29,20.64,29771.8,32772,20.33,19351.69,,,,
6769,8/18/2026 6:33,20.76,8.09,7.13,20.72,31405.9,34508.9,21.52,20413.85,,,,
6770,8/18/2026 6:43,20.83,7.99,7.1,20.8,29755.7,32637.3,20.24,19341.19,,,,
6771,8/18/2026 6:53,20.92,7.81,6.95,20.9,29565.7,32351.2,20.05,19217.71,,,,
6772,8/18/2026 7:03,21,7.68,6.79,20.98,31046.5,33906.5,21.12,20180.25,,,,
6773,8/18/2026 7:13,21.12,7.54,6.69,21.1,30272.1,32972.8,20.48,19676.86,,,,
6774,8/18/2026 7:23,21.25,7.4,6.58,21.23,30085.9,32672,20.28,19555.84,,,,
6775,8/18/2026 7:33,21.38,7.18,6.39,21.36,29877.8,32351.4,20.07,19420.6,,,,
6776,8/18/2026 7:43,21.48,6.93,6.16,21.48,30004.3,32395.9,20.1,19502.78,,,,
6777,8/18/2026 7:53,21.6,6.67,5.92,21.56,30455.1,32824.9,20.4,19795.79,,,,
6778,8/18/2026 8:03,21.71,6.38,5.66,21.71,30985.2,33288.3,20.72,20140.35,,,,
6779,8/18/2026 8:13,21.79,6.26,5.54,21.76,31182.7,33459.9,20.84,20268.75,,,,
6780,8/18/2026 8:23,21.87,6.06,5.36,21.84,31640,33886.7,21.14,20565.98,,,,
6781,8/18/2026 8:33,21.94,5.89,5.22,21.91,31377.5,33553.7,20.91,20395.36,,,,
6782,8/18/2026 8:43,21.99,5.7,5.05,21.96,31242.8,33373.8,20.79,20307.79,,,,
6783,8/18/2026 8:53,22.03,5.58,4.94,21.99,31557.1,33687.1,21.01,20512.13,,,,
6784,8/18/2026 9:03,22.07,5.25,4.62,22.02,33279.3,35499.3,22.26,21631.52,,,,
6785,8/18/2026 9:13,22.11,5.19,4.6,22.06,31318.5,33376.4,20.8,20357.03,,,,
6786,8/18/2026 9:23,22.13,5.05,4.48,22.1,31387.6,33423.2,20.83,20401.93,,,,
6787,8/18/2026 9:33,22.15,4.91,4.32,22.13,32728.1,34829.7,21.8,21273.28,,,,
6788,8/18/2026 9:43,22.19,4.94,4.39,22.14,30783,32753.2,20.37,20008.98,,,,
6789,8/18/2026 9:53,22.24,4.91,4.35,22.2,31724,33707.1,21.03,20620.61,,,,
6790,8/18/2026 10:03,22.27,4.86,4.31,22.23,31705.7,33662.9,21,20608.73,,,,
6791,8/18/2026 10:13,22.29,4.82,4.26,22.26,31947.1,33901.1,21.16,20765.6,,,,
6792,8/18/2026 10:23,22.34,4.79,4.24,22.31,31674.4,33569.3,20.94,20588.39,,,,
6793,8/18/2026 10:33,22.4,4.69,4.16,22.37,31336.5,33169.2,20.67,20368.75,,,,
6794,8/18/2026 10:43,22.45,4.76,4.23,22.42,31131.5,32912.7,20.49,20235.47,,,,
6795,8/18/2026 10:53,22.47,3.54,3.15,22.44,31148,32917.1,20.49,20246.23,,,,
6796,8/18/2026 11:03,22.5,3.66,3.26,22.45,30613.4,32343.5,20.1,19898.72,,,,
6797,8/18/2026 11:13,22.44,4.38,3.9,22.37,30567.1,32350.4,20.1,19868.61,,,,
6798,8/18/2026 11:23,22.44,4.02,3.57,22.4,31575.1,33395.1,20.82,20523.83,,,,
6799,8/18/2026 11:33,22.43,4.26,3.8,22.37,30536.3,32324.3,20.09,19848.61,,,,
6800,8/18/2026 11:43,22.4,4.36,3.89,22.36,30114.1,31883.7,19.78,19574.17,,,,
6801,8/18/2026 11:53,22.36,4.7,4.18,22.32,30745.7,32582.8,20.26,19984.71,,,,
6802,8/18/2026 12:03,22.26,6.23,5.55,22.19,30480.6,32390.2,20.12,19812.36,,,,
6803,8/18/2026 12:13,22.2,6.54,5.8,22.15,31100.8,33080.2,20.6,20215.49,,,,
6804,8/18/2026 12:23,22.2,6.32,5.68,22.15,28294.6,30093.4,18.56,18391.48,,,,
6805,8/18/2026 12:33,22.17,6.62,5.86,22.11,31881.2,33942,21.19,20722.76,,,,
6806,8/18/2026 12:43,22.1,6.98,6.2,22.05,30836.1,32873.4,20.45,20043.49,,,,
6807,8/18/2026 12:53,22.09,6.79,6.1,22.05,28251.5,30115.9,18.57,18363.45,,,,
6808,8/18/2026 13:03,22.08,6.93,6.16,22.04,30626.7,32654.5,20.3,19907.36,,,,
6809,8/18/2026 13:13,22.08,7.03,6.32,22.05,27936.7,29782.4,18.35,18158.88,,,,
6810,8/18/2026 13:23,22.04,7.15,6.37,21.95,29730.3,31762.4,19.69,19324.68,,,,
6811,8/18/2026 13:33,21.85,7.39,6.57,21.73,30434.6,32679.2,20.31,19782.51,,,,
6812,8/18/2026 13:43,21.61,7.69,6.92,21.54,27420.1,29567.8,18.18,17823.08,,,,
6813,8/18/2026 13:53,21.52,7.77,6.98,21.44,27738.9,29982.4,18.46,18030.27,,,,
6814,8/18/2026 14:03,21.32,7.94,7.1,21.22,28695.1,31165.9,19.26,18651.82,,,,
6815,8/18/2026 14:13,21.04,8.18,7.3,20.94,28726.2,31406.8,19.41,18672.01,,,,
6816,8/18/2026 14:23,20.86,8.43,7.55,20.78,27626.8,30310.6,18.66,17957.44,,,,
6817,8/18/2026 14:33,20.76,8.46,7.55,20.7,28647.9,31489.3,19.46,18621.17,,,,
6818,8/18/2026 14:43,20.68,8.63,7.75,20.62,27373,30145.9,18.54,17792.45,,,,
6819,8/18/2026 14:53,20.67,8.68,7.75,20.6,28519.8,31426.2,19.41,18537.87,,,,
6820,8/18/2026 15:03,20.41,8.81,7.84,20.31,28918.7,32080.1,19.84,18797.13,,,,
6821,8/18/2026 15:13,20.25,8.91,7.88,20.17,30384.3,33816.2,21.02,19749.77,,,,
6822,8/18/2026 15:23,20.01,9.19,8.12,19.9,30210.4,33836.9,21.02,19636.77,,,,
6823,8/18/2026 15:33,19.7,9.39,8.3,19.57,29756.1,33586.6,20.83,19341.48,,,,
6824,8/18/2026 15:43,19.25,9.67,8.53,19.12,29940.1,34155.3,21.2,19461.06,,,,
6825,8/18/2026 15:53,18.89,9.95,8.75,18.73,30175.2,34752.7,21.59,19613.85,,,,
6826,8/18/2026 16:03,18.41,10.16,8.9,18.27,30582.2,35615.8,22.15,19878.43,,,,
6827,8/18/2026 16:13,18.08,10.09,8.86,18,30013.9,35189.4,21.84,19509.04,,,,
6828,8/18/2026 16:23,17.86,10.1,8.97,17.74,27404.8,32331.5,19.89,17813.13,,,,
6829,8/18/2026 16:33,17.64,10.23,9.05,17.56,27983.3,33163,20.44,18189.14,,,,
6830,8/18/2026 16:43,17.56,10.12,8.92,17.47,28778.4,34183.7,21.12,18705.94,,,,
6831,8/18/2026 16:53,17.47,10.07,8.88,17.34,28348.4,33785.8,20.85,18426.48,,,,
6832,8/18/2026 17:03,17.41,10.79,9.45,17.35,29763.1,35461.3,21.99,19346.04,,,,
6833,8/18/2026 17:13,17.4,10.72,9.37,17.33,30218.3,36019.7,22.37,19641.92,,,,
6834,8/18/2026 17:23,17.55,10.74,9.45,17.59,29169.8,34546.2,21.38,18960.39,,,,
6835,8/18/2026 17:33,18,10.56,9.29,17.88,29353.9,34511.6,21.37,19080.04,,,,
6836,8/18/2026 17:43,18.68,10.39,9.17,18.76,29463.6,33904,21.01,19151.35,,,,
6837,8/18/2026 17:53,19.3,10.14,8.93,19.41,30464.6,34515.2,21.46,19801.97,,,,
6838,8/18/2026 18:03,19.78,9.92,8.73,19.83,30885.7,34651.4,21.58,20075.69,,,,
6839,8/18/2026 18:13,20.06,9.78,8.64,20,30415.7,33981.1,21.12,19770.19,,,,
6840,8/18/2026 18:23,20.31,9.65,8.52,20.33,30675.4,34010.1,21.16,19939.04,,,,
6841,8/18/2026 18:33,20.58,9.49,8.46,20.58,28737.8,31677.4,19.58,18679.58,,,,
6842,8/18/2026 18:43,20.76,9.41,8.31,20.76,30971.3,33998.7,21.17,20131.37,,,,
6843,8/18/2026 18:53,20.97,9.26,8.26,20.96,28862.1,31535.9,19.5,18760.35,,,,
6844,8/18/2026 19:03,21.12,9.16,8.09,21.12,31423,34212.4,21.33,20424.93,,,,
6845,8/18/2026 19:13,21.29,9.04,8.05,21.28,29519.2,32023.9,19.84,19187.5,,,,
6846,8/18/2026 19:23,21.5,8.9,7.89,21.55,30998.2,33419.3,20.81,20148.82,,,,
6847,8/18/2026 19:33,21.7,8.75,7.69,21.73,32972.4,35401.8,22.18,21432.05,,,,
6848,8/18/2026 19:43,21.86,8.63,7.59,21.87,32868.2,35183.2,22.03,21364.32,,,,
6849,8/18/2026 19:53,22.03,8.5,7.47,22.02,33052.3,35259.5,22.09,21483.98,,,,
6850,8/18/2026 20:03,22.22,8.28,7.21,22.23,35578.6,37779.9,23.85,23126.06,,,,
6851,8/18/2026 20:13,22.4,8.14,7.16,22.39,33355.1,35289.4,22.13,21680.84,,,,
6852,8/18/2026 20:23,22.56,7.89,6.92,22.55,34468.8,36337.2,22.86,22404.75,,,,
6853,8/18/2026 20:33,22.64,7.8,6.84,22.66,34230,36001.9,22.63,22249.52,,,,
6854,8/18/2026 20:43,22.78,7.61,6.65,22.79,35343.1,37064.6,23.38,22973,,,,
6855,8/18/2026 20:53,22.88,7.44,6.49,22.87,35837.1,37515.8,23.7,23294.11,,,,
6856,8/18/2026 21:03,22.95,7.15,6.21,22.92,36637.8,38311.1,24.25,23814.56,,,,
6857,8/18/2026 21:13,23.04,6.96,6.09,23.03,35364.2,36887.1,23.26,22986.76,,,,
6858,8/18/2026 21:23,23.11,6.81,5.95,23.09,35904.2,37403.6,23.63,23337.75,,,,
6859,8/18/2026 21:33,23.16,6.62,5.77,23.13,36257.2,37739.1,23.86,23567.18,,,,
6860,8/18/2026 21:43,23.19,6.49,5.66,23.16,36085.3,37538,23.72,23455.41,,,,
6861,8/18/2026 21:53,23.21,6.26,5.46,23.18,35986.9,37421,23.64,23391.51,,,,
6862,8/18/2026 22:03,23.23,6.01,5.24,23.2,36026.9,37445.4,23.66,23417.47,,,,
6863,8/18/2026 22:13,23.25,5.89,5.14,23.22,36057.1,37454.6,23.67,23437.09,,,,
6864,8/18/2026 22:23,23.25,5.73,5,23.22,36098.7,37500.3,23.7,23464.13,,,,
6865,8/18/2026 22:33,23.26,5.57,4.86,23.22,36218.1,37626.8,23.79,23541.75,,,,
6866,8/18/2026 22:43,23.25,5.43,4.74,23.21,36146.3,37559.6,23.74,23495.09,,,,
6867,8/18/2026 22:53,23.21,5.2,4.55,23.18,35711.2,37129.4,23.44,23212.25,,,,
6868,8/18/2026 23:03,23.2,4.99,4.35,23.15,36399.9,37867.8,23.95,23659.92,,,,
6869,8/18/2026 23:13,23.18,4.85,4.23,23.13,36369.1,37855.7,23.94,23639.94,,,,
6870,8/18/2026 23:23,23.13,4.49,3.93,23.06,35181.8,36677.5,23.12,22868.15,,,,
6871,8/18/2026 23:33,23.08,3.59,3.14,23.06,35364,36869.9,23.25,22986.59,,,,
6872,8/18/2026 23:43,23.11,3.96,3.47,23.07,35089.8,36574.4,23.05,22808.38,,,,
6873,8/18/2026 23:53,23.12,4.35,3.82,23.09,34313.3,35746.2,22.47,22303.63,,,,
6874,8/19/2026 0:03,23.16,4.47,3.93,23.12,34127.4,35529.3,22.32,22182.8,,,,
6875,8/19/2026 0:13,23.16,4.9,4.31,23.11,34164,35574.4,22.35,22206.58,,,,
6876,8/19/2026 0:23,23.11,4.95,4.32,23.06,35982.7,37507.5,23.7,23388.74,,,,
6877,8/19/2026 0:33,23.15,5.19,4.51,23.11,36576.9,38086.9,24.1,23774.97,,,,
6878,8/19/2026 0:43,22.99,5.81,5.07,22.88,35995.6,37671.9,23.81,23397.17,,,,
6879,8/19/2026 0:53,22.65,6.75,5.82,22.58,38334.6,40391,25.7,24917.48,,,,
6880,8/19/2026 1:03,22.58,6.91,5.96,22.54,38335.9,40424.6,25.73,24918.33,,,,
6881,8/19/2026 1:13,22.55,7.03,6.06,22.49,38254.1,40386.5,25.7,24865.17,,,,
6882,8/19/2026 1:23,22.37,7.38,6.35,22.3,38379.2,40683.2,25.9,24946.45,,,,
6883,8/19/2026 1:33,22.41,7.14,6.15,22.39,38223.6,40440.2,25.73,24845.36,,,,
6884,8/19/2026 1:43,22.41,7.08,6.11,22.36,37544.5,39748.1,25.24,24403.9,,,,
6885,8/19/2026 1:53,22.35,7.24,6.27,22.29,37021.5,39259.7,24.89,24063.97,,,,
6886,8/19/2026 2:03,22.34,7.19,6.17,22.31,39053.3,41395.1,26.4,25384.66,,,,
6887,8/19/2026 2:13,22.25,7.42,6.43,22.16,36567.3,38886.9,24.63,23768.74,,,,
6888,8/19/2026 2:23,21.94,7.76,6.64,21.82,38944,41726.3,26.61,25313.62,,,,
6889,8/19/2026 2:33,21.67,7.97,6.83,21.57,38812.3,41826.8,26.67,25227.98,,,,
6890,8/19/2026 2:43,21.46,8.13,6.96,21.36,38345.4,41519.9,26.44,24924.52,,,,
6891,8/19/2026 2:53,21.2,8.3,7.1,21.09,38284.2,41711.1,26.56,24884.71,,,,
6892,8/19/2026 3:03,20.95,8.27,7.08,20.86,38012.1,41633.3,26.49,24707.85,,,,
6893,8/19/2026 3:13,20.8,8.51,7.3,20.71,37593.9,41314,26.26,24436.03,,,,
6894,8/19/2026 3:23,20.69,8.45,7.23,20.62,37885.8,41726.6,26.54,24625.79,,,,
6895,8/19/2026 3:33,20.59,8.6,7.4,20.52,36496.6,40290.9,25.53,23722.82,,,,
6896,8/19/2026 3:43,20.56,8.65,7.41,20.49,37301.7,41202.5,26.17,24246.12,,,,
6897,8/19/2026 3:53,20.39,8.74,7.49,20.33,37216,41267.4,26.2,24190.4,,,,
6898,8/19/2026 4:03,20.36,8.68,7.43,20.31,37261.3,41331.9,26.25,24219.82,,,,
6899,8/19/2026 4:13,20.24,8.73,7.49,20.18,36914,41074.9,26.06,23994.12,,,,
6900,8/19/2026 4:23,20.06,8.77,7.52,19.96,36683.2,41020.7,26.01,23844.11,,,,
6901,8/19/2026 4:33,19.88,8.57,7.37,19.81,36040,40451.2,25.6,23425.98,,,,
6902,8/19/2026 4:43,19.75,8.69,7.45,19.68,36569.4,41166.6,26.09,23770.14,,,,
6903,8/19/2026 4:53,19.53,8.53,7.3,19.38,36560.7,41454.1,26.27,23764.48,,,,
6904,8/19/2026 5:03,19.23,8.55,7.28,19.16,37186.2,42382.4,26.91,24171.03,,,,
6905,8/19/2026 5:13,19.16,7.99,6.85,19.09,36124.5,41242.7,26.11,23480.91,,,,
6906,8/19/2026 5:23,19.14,8.8,7.54,19.11,36152.2,41253.8,26.12,23498.95,,,,
6907,8/19/2026 5:33,19.23,9.27,7.94,19.19,36313.6,41361.3,26.2,23603.83,,,,
6908,8/19/2026 5:43,19.24,9.22,7.89,19.18,36425.1,41500.2,26.29,23676.34,,,,
6909,8/19/2026 5:53,19.34,9.09,7.78,19.37,36553.4,41457.6,26.28,23759.74,,,,
6910,8/19/2026 6:03,19.6,9.08,7.78,19.6,36611.2,41294.9,26.18,23797.26,,,,
6911,8/19/2026 6:13,19.78,9.05,7.78,19.75,36164.8,40642.5,25.73,23507.13,,,,
6912,8/19/2026 6:23,19.87,8.99,7.71,19.85,36640.6,41082.1,26.04,23816.42,,,,
6913,8/19/2026 6:33,20.12,8.76,7.51,20.1,36821.5,41040.5,26.03,23933.99,,,,
6914,8/19/2026 6:43,20.25,8.62,7.41,20.27,36741.2,40791.8,25.87,23881.78,,,,
6915,8/19/2026 6:53,20.36,8.58,7.37,20.33,36950.9,40967.8,25.99,24018.07,,,,
6916,8/19/2026 7:03,20.44,8.57,7.35,20.39,37128.1,41104.4,26.09,24133.26,,,,
6917,8/19/2026 7:13,20.51,8.45,7.25,20.49,37137.4,41023.9,26.04,24139.33,,,,
6918,8/19/2026 7:23,20.61,8.3,7.03,20.58,40158,44271.8,28.35,26102.72,,,,
6919,8/19/2026 7:33,20.71,8.27,7.1,20.69,37172.7,40876.4,25.95,24162.24,,,,
6920,8/19/2026 7:43,20.8,8.2,7.04,20.8,37195.8,40792.3,25.9,24177.26,,,,
6921,8/19/2026 7:53,20.94,8.05,6.92,20.93,37438.4,40937.5,26.01,24334.94,,,,
6922,8/19/2026 8:03,21.08,7.98,6.86,21.05,37404.7,40786.3,25.91,24313.08,,,,
6923,8/19/2026 8:13,21.21,7.81,6.72,21.2,37306.5,40540.8,25.74,24249.23,,,,
6924,8/19/2026 8:23,21.37,7.62,6.57,21.38,37055.5,40106.9,25.44,24086.05,,,,
6925,8/19/2026 8:33,21.53,7.46,6.42,21.52,37793.1,40775.2,25.92,24565.5,,,,
6926,8/19/2026 8:43,21.68,7.34,6.35,21.68,36676.2,39426.2,24.98,23839.5,,,,
6927,8/19/2026 8:53,21.84,7.12,6.17,21.83,36495.8,39095.2,24.76,23722.24,,,,
6928,8/19/2026 9:03,21.97,6.97,6.03,21.97,36676.8,39168.1,24.81,23839.95,,,,
6929,8/19/2026 9:13,22.09,6.77,5.85,22.08,37113.2,39541.3,25.08,24123.6,,,,
6930,8/19/2026 9:23,22.19,6.59,5.7,22.18,37247.2,39591.4,25.12,24210.69,,,,
6931,8/19/2026 9:33,22.28,6.46,5.59,22.26,36998.8,39259.1,24.89,24049.19,,,,
6932,8/19/2026 9:43,22.35,6.31,5.46,22.33,37111.8,39318.8,24.94,24122.66,,,,
6933,8/19/2026 9:53,22.44,6.21,5.38,22.41,37079.9,39211.9,24.86,24101.95,,,,
6934,8/19/2026 10:03,22.5,6.13,5.29,22.47,37927,40054.4,25.46,24652.53,,,,
6935,8/19/2026 10:13,22.57,6,5.22,22.55,36061.7,38018.9,24.03,23440.12,,,,
6936,8/19/2026 10:23,22.67,5.92,5.16,22.66,35687.1,37531.9,23.7,23196.64,,,,
6937,8/19/2026 10:33,22.78,5.9,5.11,22.77,37407.2,39242.2,24.9,24314.68,,,,
6938,8/19/2026 10:43,22.9,5.83,5.05,22.9,37345.1,39068.8,24.79,24274.33,,,,
6939,8/19/2026 10:53,23.02,5.76,5.04,23.02,35052.7,36576.5,23.05,22784.24,,,,
6940,8/19/2026 11:03,23.14,5.66,4.94,23.12,35999.3,37480.5,23.68,23399.52,,,,
6941,8/19/2026 11:13,23.23,5.67,4.92,23.22,37393.9,38848.4,24.64,24306.03,,,,
6942,8/19/2026 11:23,23.28,5.82,5.07,23.26,36688.5,38078.1,24.1,23847.52,,,,
6943,8/19/2026 11:33,23.37,5.07,4.42,23.34,36479.9,37797.4,23.91,23711.96,,,,
6944,8/19/2026 11:43,23.49,5.53,4.8,23.48,37221,38447,24.37,24193.63,,,,
6945,8/19/2026 11:53,23.48,5.73,5.01,23.42,35870.5,37105.3,23.43,23315.85,,,,
6946,8/19/2026 12:03,23.41,5.77,5.12,23.37,32147.2,33286.4,20.78,20895.67,,,,
6947,8/19/2026 12:13,23.34,5.76,5.04,23.24,35740.5,37108.8,23.43,23231.31,,,,
6948,8/19/2026 12:23,23.51,6.1,5.29,23.52,37733.5,38943.4,24.72,24526.76,,,,
6949,8/19/2026 12:33,23.7,6.34,5.5,23.66,38024.1,39126.1,24.86,24715.68,,,,
6950,8/19/2026 12:43,23.48,7.51,6.55,23.42,36355.8,37600,23.78,23631.29,,,,
6951,8/19/2026 12:53,23.42,7.95,6.93,23.31,36496.5,37839.2,23.94,23722.7,,,,
6952,8/19/2026 13:03,23.26,8.05,7.03,23.2,35785.7,37194.7,23.48,23260.69,,,,
6953,8/19/2026 13:13,23.2,8.23,7.15,23.13,37055.4,38572.4,24.45,24085.99,,,,
6954,8/19/2026 13:23,23,8.35,7.29,22.93,35604.6,37223.4,23.49,23142.96,,,,
6955,8/19/2026 13:33,23.09,8.68,7.51,23.08,37874.3,39466.4,25.07,24618.31,,,,
6956,8/19/2026 13:43,23.14,8.61,7.49,23.09,36868.2,38412.8,24.33,23964.31,,,,
6957,8/19/2026 13:53,23.03,8.61,7.44,22.97,38281.4,39985,25.43,24882.91,,,,
6958,8/19/2026 14:03,22.8,8.62,7.49,22.71,36443.6,38281.9,24.23,23688.35,,,,
6959,8/19/2026 14:13,22.57,8.69,7.53,22.51,36917.7,38954.9,24.69,23996.51,,,,
6960,8/19/2026 14:23,22.24,8.85,7.7,22.09,35847.2,38182.2,24.13,23300.65,,,,
6961,8/19/2026 14:33,21.98,9.03,7.78,21.91,37734.3,40348.7,25.64,24527.29,,,,
6962,8/19/2026 14:43,21.87,9.05,7.84,21.79,36592.4,39240.9,24.86,23785.07,,,,
6963,8/19/2026 14:53,21.68,9.1,7.84,21.59,37476.4,40362.6,25.64,24359.68,,,,
6964,8/19/2026 15:03,21.44,9.25,7.98,21.36,36786.1,39834.3,25.25,23910.98,,,,
6965,8/19/2026 15:13,21.23,9.29,8.26,21.13,29828,32464.7,20.14,19388.19,,,,
6966,8/19/2026 15:23,21.15,9.45,8.19,21.08,35742.6,38944.7,24.61,23232.69,,,,
6967,8/19/2026 15:33,21.08,9.5,8.3,21.02,33714.8,36790.4,23.11,21914.62,,,,
6968,8/19/2026 15:43,21.03,9.5,8.29,20.96,33944.8,37089.5,23.31,22064.1,,,,
6969,8/19/2026 15:53,20.87,9.56,8.26,20.78,35801,39281.6,24.83,23270.68,,,,
6970,8/19/2026 16:03,20.67,9.64,8.34,20.58,35450.7,39079.6,24.68,23042.98,,,,
6971,8/19/2026 16:13,20.48,9.73,8.43,20.39,35050.4,38806.8,24.48,22782.73,,,,
6972,8/19/2026 16:23,20.34,9.78,8.52,20.24,33733.8,37481.5,23.55,21926.98,,,,
6973,8/19/2026 16:33,20.1,9.86,8.55,19.99,34394.1,38436.7,24.2,22356.18,,,,
6974,8/19/2026 16:43,19.91,9.93,8.57,19.86,35190.2,39450.4,24.9,22873.65,,,,
6975,8/19/2026 16:53,19.76,9.8,8.47,19.65,34808.1,39214.3,24.72,22625.28,,,,
6976,8/19/2026 17:03,19.48,9.55,8.23,19.41,35167.9,39841,25.15,22859.13,,,,
6977,8/19/2026 17:13,19.29,9.85,8.52,19.23,34278.4,39001.7,24.55,22280.98,,,,
6978,8/19/2026 17:23,19.31,9.46,8.17,19.19,34452.6,39238.9,24.71,22394.21,,,,
6979,8/19/2026 17:33,18.97,9.98,8.65,18.91,33425,38330.2,24.06,21726.26,,,,
6980,8/19/2026 17:43,18.93,10.06,8.73,18.88,33027.6,37898.9,23.76,21467.96,,,,
6981,8/19/2026 17:53,19.1,10.46,9.06,19.07,33849.9,38667.9,24.31,22002.42,,,,
6982,8/19/2026 18:03,19.12,10.46,9.07,19.06,33590.2,38376.7,24.1,21833.62,,,,
6983,8/19/2026 18:13,19.35,10.37,8.98,19.36,34015.6,38582,24.27,22110.12,,,,
6984,8/19/2026 18:23,19.6,10.34,8.96,19.64,34229.4,38570.4,24.27,22249.13,,,,
6985,8/19/2026 18:33,20.16,10.13,8.78,20.25,34879.2,38746,24.43,22671.45,,,,
6986,8/19/2026 18:43,20.31,10.05,8.74,20.34,34070.3,37763.6,23.75,22145.71,,,,
6987,8/19/2026 18:53,20.64,9.97,8.63,20.61,35298.4,38879.5,24.54,22943.94,,,,
6988,8/19/2026 19:03,20.7,9.9,8.62,20.72,34061.7,37422,23.53,22140.12,,,,
6989,8/19/2026 19:13,20.79,9.84,8.51,20.8,35538.7,38977.7,24.62,23100.17,,,,
6990,8/19/2026 19:23,20.98,9.81,8.5,20.95,35518.7,38817.2,24.52,23087.15,,,,
6991,8/19/2026 19:33,21.1,9.71,8.47,21.04,34150.8,37245.9,23.43,22198.05,,,,
6992,8/19/2026 19:43,21.16,9.67,8.4,21.11,35091.6,38211.9,24.1,22809.57,,,,
6993,8/19/2026 19:53,21.37,9.56,8.33,21.35,34710.2,37588.8,23.68,22561.6,,,,
6994,8/19/2026 20:03,21.53,9.48,8.25,21.52,34945.7,37698.1,23.76,22714.73,,,,
6995,8/19/2026 20:13,21.68,9.35,8.15,21.65,34920.8,37567.1,23.68,22698.54,,,,
6996,8/19/2026 20:23,21.89,9.29,7.99,21.84,38036,40742.5,25.92,24723.43,,,,
6997,8/19/2026 20:33,22.08,9.12,7.92,22.04,36149.7,38543.1,24.38,23497.3,,,,
6998,8/19/2026 20:43,22.25,8.93,7.79,22.29,35461.8,37598.2,23.73,23050.17,,,,
6999,8/19/2026 20:53,22.47,8.81,7.67,22.45,35934.4,37967.7,23.99,23357.35,,,,
7000,8/19/2026 21:03,22.68,8.58,7.49,22.74,35409.5,37173.5,23.45,23016.18,,,,
7001,8/19/2026 21:13,22.86,8.47,7.38,22.84,35831.2,37531.9,23.71,23290.26,,,,
7002,8/19/2026 21:23,23.02,8.3,7.18,23.01,37804.1,39455.4,25.06,24572.69,,,,
7003,8/19/2026 21:33,23.16,8.14,7.05,23.16,37907.6,39433.7,25.05,24639.94,,,,
7004,8/19/2026 21:43,23.32,7.92,6.87,23.33,37479.6,38845.8,24.65,24361.73,,,,
7005,8/19/2026 21:53,23.47,7.73,6.68,23.46,38617.9,39908.1,25.4,25101.61,,,,
7006,8/19/2026 22:03,23.58,7.6,6.57,23.58,38539.4,39720.8,25.27,25050.58,,,,
7007,8/19/2026 22:13,23.69,7.44,6.44,23.66,38497.8,39608.4,25.2,25023.6,,,,
7008,8/19/2026 22:23,23.76,7.27,6.3,23.74,38229.1,39268.1,24.96,24848.95,,,,
7009,8/19/2026 22:33,23.83,7.13,6.18,23.81,38228.3,39211.3,24.92,24848.42,,,,
7010,8/19/2026 22:43,23.89,6.81,5.93,23.86,37292,38203.9,24.22,24239.83,,,,
7011,8/19/2026 22:53,23.93,6.69,5.8,23.91,38381.3,39284.2,24.98,24947.84,,,,
7012,8/19/2026 23:03,23.96,6.35,5.51,23.92,38135.3,39019.8,24.79,24787.97,,,,
7013,8/19/2026 23:13,23.98,6.31,5.5,23.95,37043.6,37880.7,23.99,24078.34,,,,
7014,8/19/2026 23:23,23.99,6.16,5.36,23.96,37550.2,38391.3,24.35,24407.62,,,,
7015,8/19/2026 23:33,23.98,5.89,5.11,23.94,38013,38874.5,24.69,24708.44,,,,
7016,8/19/2026 23:43,24,5.73,4.99,23.97,37306,38134.2,24.17,24248.89,,,,
7017,8/19/2026 23:53,24.01,5.46,4.74,23.98,38039.4,38873.8,24.69,24725.62,,,,
7018,8/20/2026 0:03,24.01,5.26,4.59,24,36867.6,37659.3,23.84,23963.96,,,,
7019,8/20/2026 0:13,23.97,4.76,4.17,23.9,36115.7,36972.5,23.35,23475.22,,,,
7020,8/20/2026 0:23,23.91,4.29,3.76,23.89,35893.2,36751.8,23.2,23330.56,,,,
7021,8/20/2026 0:33,23.94,4.22,3.68,23.91,36806.1,37669.4,23.84,23923.93,,,,
7022,8/20/2026 0:43,23.88,4.64,4.03,23.85,37798.7,38730.5,24.59,24569.16,,,,
7023,8/20/2026 0:53,23.92,4.75,4.13,23.9,37714.4,38606.6,24.5,24514.35,,,,
7024,8/20/2026 1:03,23.98,4.97,4.33,23.94,36865.3,37703.2,23.87,23962.45,,,,
7025,8/20/2026 1:13,23.97,5.24,4.56,23.93,37234.6,38088.3,24.14,24202.5,,,,
7026,8/20/2026 1:23,23.94,5.41,4.73,23.91,36597.4,37458.3,23.69,23788.28,,,,
7027,8/20/2026 1:33,23.91,5.63,4.91,23.86,37075.1,37981.6,24.06,24098.79,,,,
7028,8/20/2026 1:43,23.51,6.96,6.07,23.38,36467.4,37749.8,23.88,23703.8,,,,
7029,8/20/2026 1:53,23.27,7.61,6.64,23.21,36231.7,37648.4,23.8,23550.63,,,,
7030,8/20/2026 2:03,23.16,7.8,6.84,23.1,34678.5,36119.6,22.73,22541.03,,,,
7031,8/20/2026 2:13,23.04,7.99,6.99,22.98,35307.1,36868.6,23.25,22949.59,,,,
7032,8/20/2026 2:23,22.87,8.11,7.12,22.81,34243.8,35895.2,22.56,22258.45,,,,
7033,8/20/2026 2:33,22.85,7.88,6.9,22.82,34811.4,36485.4,22.97,22627.43,,,,
7034,8/20/2026 2:43,22.84,7.74,6.81,22.81,33782.8,35414.3,22.23,21958.8,,,,
7035,8/20/2026 2:53,22.77,7.8,6.85,22.72,34136.2,35853.3,22.53,22188.5,,,,
7036,8/20/2026 3:03,22.76,7.77,6.83,22.72,33784.2,35483.6,22.27,21959.7,,,,
7037,8/20/2026 3:13,22.67,7.92,6.96,22.58,33810.1,35619.1,22.36,21976.57,,,,
7038,8/20/2026 3:23,22.34,8.25,7.22,22.21,34643.3,36796.6,23.17,22518.16,,,,
7039,8/20/2026 3:33,22.09,8.32,7.24,22,35532.2,37920.2,23.94,23095.91,,,,
7040,8/20/2026 3:43,21.91,8.41,7.32,21.83,35086.7,37585.7,23.7,22806.33,,,,
7041,8/20/2026 3:53,21.73,8.53,7.45,21.63,34477.2,37099.8,23.35,22410.18,,,,
7042,8/20/2026 4:03,21.47,8.65,7.6,21.39,32888.4,35587.1,22.29,21377.49,,,,
7043,8/20/2026 4:13,21.31,8.75,7.68,21.22,32969.5,35813.1,22.44,21430.17,,,,
7044,8/20/2026 4:23,21.18,8.81,7.68,21.11,34216.8,37261.8,23.44,22240.9,,,,
7045,8/20/2026 4:33,21.12,8.79,7.69,21.04,33344.5,36366.4,22.82,21673.91,,,,
7046,8/20/2026 4:43,21.02,8.82,7.72,20.97,33257.6,36336.1,22.79,21617.43,,,,
7047,8/20/2026 4:53,20.92,8.81,7.7,20.85,33357.5,36542.8,22.93,21682.38,,,,
7048,8/20/2026 5:03,20.88,8.84,7.71,20.83,33855.8,37106.5,23.32,22006.3,,,,
7049,8/20/2026 5:13,20.86,8.73,7.66,20.8,32284.1,35405.7,22.14,20984.68,,,,
7050,8/20/2026 5:23,20.76,8.7,7.66,20.7,31677.5,34819.4,21.73,20590.4,,,,
7051,8/20/2026 5:33,20.67,8.52,7.43,20.62,33873,37307,23.45,22017.46,,,,
7052,8/20/2026 5:43,20.62,8.31,7.32,20.55,31512.8,34760.2,21.68,20483.34,,,,
7053,8/20/2026 5:53,20.52,8.14,7.17,20.45,31552.2,34883.1,21.76,20508.95,,,,
7054,8/20/2026 6:03,20.41,7.75,6.78,20.31,32832.8,36417.2,22.82,21341.33,,,,
7055,8/20/2026 6:13,20.28,8.42,7.4,20.22,31741.4,35284.9,22.03,20631.94,,,,
7056,8/20/2026 6:23,20.27,8.58,7.55,20.22,31363,34864.3,21.74,20385.98,,,,
7057,8/20/2026 6:33,20.26,9.09,7.97,20.2,32173.1,35779.7,22.37,20912.49,,,,
7058,8/20/2026 6:43,20.28,9.17,8.05,20.25,32022.7,35568,22.23,20814.78,,,,
7059,8/20/2026 6:53,20.39,9.07,7.93,20.39,32792.9,36307.4,22.74,21315.38,,,,
7060,8/20/2026 7:03,20.57,9,7.91,20.55,32075.3,35385.5,22.12,20848.94,,,,
7061,8/20/2026 7:13,20.66,8.88,7.8,20.63,32120.8,35365,22.11,20878.55,,,,
7062,8/20/2026 7:23,20.76,8.85,7.78,20.74,32285.9,35456.3,22.17,20985.82,,,,
7063,8/20/2026 7:33,20.81,8.89,7.84,20.75,31408.3,34483,21.5,20415.37,,,,
7064,8/20/2026 7:43,20.86,8.85,7.81,20.83,31427,34446.8,21.48,20427.53,,,,
7065,8/20/2026 7:53,20.91,8.84,7.78,20.86,31867.3,34900.7,21.8,20713.74,,,,
7066,8/20/2026 8:03,20.96,8.72,7.69,20.94,31503.7,34443.5,21.48,20477.42,,,,
7067,8/20/2026 8:13,21.05,8.75,7.67,21.03,32908.9,35903.6,22.5,21390.77,,,,
7068,8/20/2026 8:23,21.16,8.73,7.68,21.11,32365.9,35241.4,22.04,21037.85,,,,
7069,8/20/2026 8:33,21.28,8.66,7.62,21.28,32311.4,35045.8,21.91,21002.4,,,,
7070,8/20/2026 8:43,21.41,8.59,7.56,21.42,32364.6,34991.7,21.88,21036.97,,,,
7071,8/20/2026 8:53,21.54,8.6,7.58,21.54,31951.3,34458.5,21.52,20768.36,,,,
7072,8/20/2026 9:03,21.7,8.54,7.52,21.68,32345.1,34765.7,21.74,21024.31,,,,
7073,8/20/2026 9:13,21.85,8.5,7.47,21.85,32932.9,35264.4,22.09,21406.41,,,,
7074,8/20/2026 9:23,22.01,8.44,7.4,21.99,33639.8,35910.3,22.54,21865.87,,,,
7075,8/20/2026 9:33,22.16,8.36,7.37,22.15,32595.6,34667.8,21.69,21187.14,,,,
7076,8/20/2026 9:43,22.34,8.24,7.24,22.37,33796.4,35772.9,22.46,21967.66,,,,
7077,8/20/2026 9:53,22.52,8.18,7.22,22.53,32943.5,34743,21.76,21413.28,,,,
7078,8/20/2026 10:03,22.68,8.12,7.14,22.69,33582.5,35297.4,22.14,21828.59,,,,
7079,8/20/2026 10:13,22.83,8.08,7.11,22.83,33518.6,35116.5,22.02,21787.1,,,,
7080,8/20/2026 10:23,22.97,8.05,7.04,22.96,35313.4,36897,23.27,22953.68,,,,
7081,8/20/2026 10:33,23.09,7.97,6.99,23.08,34806,36271.5,22.84,22623.91,,,,
7082,8/20/2026 10:43,23.23,7.91,6.92,23.22,35197.1,36563.8,23.04,22878.14,,,,
7083,8/20/2026 10:53,23.35,7.81,6.89,23.34,33434.1,34643.8,21.71,21732.18,,,,
7084,8/20/2026 11:03,23.49,7.71,6.79,23.49,34069.9,35183,22.09,22145.42,,,,
7085,8/20/2026 11:13,23.61,7.57,6.71,23.6,32621.8,33606.6,21.01,21204.2,,,,
7086,8/20/2026 11:23,23.73,7.55,6.67,23.71,33640.2,34579.2,21.68,21866.14,,,,
7087,8/20/2026 11:33,23.86,7.45,6.57,23.85,34310.8,35156.6,22.09,22302,,,,
7088,8/20/2026 11:43,23.93,7.42,6.55,23.91,33846.6,34638.3,21.73,22000.31,,,,
7089,8/20/2026 11:53,24.03,7.33,6.5,24,33060.6,33766.2,21.13,21489.39,,,,
7090,8/20/2026 12:03,24.15,6.94,6.12,24.12,34302.8,34949.1,21.95,22296.82,,,,
7091,8/20/2026 12:13,24.24,6.29,5.58,24.22,32780.9,33327.5,20.83,21307.58,,,,
7092,8/20/2026 12:23,24.31,6.53,5.78,24.29,33577.1,34088.7,21.36,21825.09,,,,
7093,8/20/2026 12:33,24.34,7.75,7.27,24.03,18361.3,18744.7,11.09,11934.85,,,,
7094,8/20/2026 12:37,,,,,,,,,Logged,Logged,,