#,Date-Time (EDT),"Temperature , °C","Absolute Pressure , kPa"
1,07/02/2026 06:31:58,24.66,101.063
2,07/02/2026 06:41:58,24.83,101.079
3,07/02/2026 06:51:58,25.10,111.919
4,07/02/2026 07:01:58,24.59,111.248
5,07/02/2026 07:11:58,24.68,110.641
6,07/02/2026 07:21:58,24.81,110.018
7,07/02/2026 07:31:58,24.91,109.428
8,07/02/2026 07:41:58,25.01,108.864
9,07/02/2026 07:51:58,25.11,108.271
10,07/02/2026 08:01:58,25.22,107.821
11,07/02/2026 08:11:58,25.33,107.425
12,07/02/2026 08:21:58,25.42,107.121
13,07/02/2026 08:31:58,25.52,106.973
14,07/02/2026 08:41:58,25.59,107.083
15,07/02/2026 08:51:58,25.61,107.352
16,07/02/2026 09:01:58,25.65,107.742
17,07/02/2026 09:11:58,25.73,108.339
18,07/02/2026 09:21:58,25.68,108.976
19,07/02/2026 09:31:58,25.66,109.626
20,07/02/2026 09:41:58,25.61,110.288
21,07/02/2026 09:51:58,25.56,111.030
22,07/02/2026 10:01:58,25.25,111.776
23,07/02/2026 10:11:58,24.97,112.552
24,07/02/2026 10:21:58,25.05,113.273
25,07/02/2026 10:31:58,24.82,114.139
26,07/02/2026 10:41:58,24.82,114.919
27,07/02/2026 10:51:58,24.86,115.755
28,07/02/2026 11:01:58,24.80,116.614
29,07/02/2026 11:11:58,24.62,117.488
30,07/02/2026 11:21:58,24.32,118.440
31,07/02/2026 11:31:58,23.90,119.406
32,07/02/2026 11:41:58,23.64,120.458
33,07/02/2026 11:51:58,23.29,121.474
34,07/02/2026 12:01:58,22.97,122.509
35,07/02/2026 12:11:58,22.68,123.643
36,07/02/2026 12:21:58,22.47,124.661
37,07/02/2026 12:31:58,22.29,125.646
38,07/02/2026 12:41:58,22.13,126.658
39,07/02/2026 12:51:58,22.11,127.550
40,07/02/2026 13:01:58,21.96,128.364
41,07/02/2026 13:11:58,21.92,129.155
42,07/02/2026 13:21:58,21.69,129.810
43,07/02/2026 13:31:58,21.39,130.349
44,07/02/2026 13:41:58,21.20,130.885
45,07/02/2026 13:51:58,20.70,131.201
46,07/02/2026 14:01:58,20.28,131.413
47,07/02/2026 14:11:58,20.07,131.506
48,07/02/2026 14:21:58,20.06,131.420
49,07/02/2026 14:31:58,20.14,131.264
50,07/02/2026 14:41:58,20.23,130.759
51,07/02/2026 14:51:58,20.21,130.417
52,07/02/2026 15:01:58,20.69,129.960
53,07/02/2026 15:11:58,21.29,129.255
54,07/02/2026 15:21:58,21.45,128.786
55,07/02/2026 15:31:58,21.89,128.248
56,07/02/2026 15:41:58,22.08,127.605
57,07/02/2026 15:51:58,22.36,127.012
58,07/02/2026 16:01:58,22.69,126.323
59,07/02/2026 16:11:58,23.05,125.622
60,07/02/2026 16:21:58,23.35,124.950
61,07/02/2026 16:31:58,23.84,124.121
62,07/02/2026 16:41:58,24.00,123.459
63,07/02/2026 16:51:58,24.11,122.668
64,07/02/2026 17:01:58,24.45,121.879
65,07/02/2026 17:11:58,24.74,121.056
66,07/02/2026 17:21:58,25.01,120.250
67,07/02/2026 17:31:58,25.26,119.439
68,07/02/2026 17:41:58,25.57,118.639
69,07/02/2026 17:51:58,25.82,117.855
70,07/02/2026 18:01:58,26.01,117.057
71,07/02/2026 18:11:58,26.29,116.278
72,07/02/2026 18:21:58,26.49,115.621
73,07/02/2026 18:31:58,26.64,114.911
74,07/02/2026 18:41:58,26.83,114.191
75,07/02/2026 18:51:58,26.97,113.503
76,07/02/2026 19:01:58,27.08,112.853
77,07/02/2026 19:11:58,27.17,112.254
78,07/02/2026 19:21:58,27.27,111.684
79,07/02/2026 19:31:58,27.33,111.135
80,07/02/2026 19:41:58,27.39,110.686
81,07/02/2026 19:51:58,27.40,110.292
82,07/02/2026 20:01:58,27.40,109.909
83,07/02/2026 20:11:58,27.39,109.762
84,07/02/2026 20:21:58,27.38,109.741
85,07/02/2026 20:31:58,27.42,109.750
86,07/02/2026 20:41:58,27.40,109.863
87,07/02/2026 20:51:58,27.34,110.320
88,07/02/2026 21:01:58,27.33,110.752
89,07/02/2026 21:11:58,27.28,111.356
90,07/02/2026 21:21:58,27.26,112.012
91,07/02/2026 21:31:58,27.19,112.612
92,07/02/2026 21:41:58,26.99,113.251
93,07/02/2026 21:51:58,26.03,114.016
94,07/02/2026 22:01:58,25.62,114.786
95,07/02/2026 22:11:58,25.51,115.475
96,07/02/2026 22:21:58,25.28,116.250
97,07/02/2026 22:31:58,25.48,117.128
98,07/02/2026 22:41:58,25.51,118.003
99,07/02/2026 22:51:58,25.24,118.918
100,07/02/2026 23:01:58,24.89,119.946
101,07/02/2026 23:11:58,24.59,120.985
102,07/02/2026 23:21:58,24.34,122.029
103,07/02/2026 23:31:58,24.16,123.127
104,07/02/2026 23:41:58,23.95,124.217
105,07/02/2026 23:51:58,23.56,125.337
106,07/03/2026 00:01:58,23.32,126.428
107,07/03/2026 00:11:58,23.18,127.496
108,07/03/2026 00:21:58,23.08,128.588
109,07/03/2026 00:31:58,22.96,129.540
110,07/03/2026 00:41:58,22.83,130.457
111,07/03/2026 00:51:58,22.63,131.314
112,07/03/2026 01:01:58,22.33,132.216
113,07/03/2026 01:11:58,22.04,132.828
114,07/03/2026 01:21:58,21.57,133.397
115,07/03/2026 01:31:58,21.20,133.935
116,07/03/2026 01:41:58,20.87,134.341
117,07/03/2026 01:51:58,20.53,134.666
118,07/03/2026 02:01:58,20.20,134.684
119,07/03/2026 02:11:58,19.51,134.786
120,07/03/2026 02:21:58,19.04,134.736
121,07/03/2026 02:31:58,18.91,134.703
122,07/03/2026 02:41:58,18.89,134.539
123,07/03/2026 02:51:58,19.06,134.240
124,07/03/2026 03:01:58,19.13,133.913
125,07/03/2026 03:11:58,19.89,133.466
126,07/03/2026 03:21:58,20.52,132.811
127,07/03/2026 03:31:58,21.37,132.098
128,07/03/2026 03:41:58,21.78,131.318
129,07/03/2026 03:51:58,22.02,130.518
130,07/03/2026 04:01:58,22.28,129.612
131,07/03/2026 04:11:58,22.45,128.802
132,07/03/2026 04:21:58,22.58,128.005
133,07/03/2026 04:31:58,22.74,127.175
134,07/03/2026 04:41:58,22.85,126.318
135,07/03/2026 04:51:58,22.98,125.404
136,07/03/2026 05:01:58,23.17,124.559
137,07/03/2026 05:11:58,23.37,123.647
138,07/03/2026 05:21:58,23.54,122.768
139,07/03/2026 05:31:58,23.70,121.865
140,07/03/2026 05:41:58,23.83,120.911
141,07/03/2026 05:51:58,23.98,119.992
142,07/03/2026 06:01:58,24.11,119.098
143,07/03/2026 06:11:58,24.24,118.210
144,07/03/2026 06:21:58,24.36,117.330
145,07/03/2026 06:31:58,24.49,116.476
146,07/03/2026 06:41:58,24.61,115.648
147,07/03/2026 06:51:58,24.73,114.849
148,07/03/2026 07:01:58,24.85,114.035
149,07/03/2026 07:11:58,24.94,113.300
150,07/03/2026 07:21:58,25.06,112.537
151,07/03/2026 07:31:58,25.18,111.829
152,07/03/2026 07:41:58,25.33,111.164
153,07/03/2026 07:51:58,25.52,110.496
154,07/03/2026 08:01:58,25.68,109.895
155,07/03/2026 08:11:58,25.86,109.299
156,07/03/2026 08:21:58,25.99,108.752
157,07/03/2026 08:31:58,26.12,108.285
158,07/03/2026 08:41:58,26.25,107.844
159,07/03/2026 08:51:58,26.38,107.566
160,07/03/2026 09:01:58,26.46,107.346
161,07/03/2026 09:11:58,26.54,107.343
162,07/03/2026 09:21:58,26.63,107.500
163,07/03/2026 09:31:58,26.69,107.866
164,07/03/2026 09:41:58,26.72,108.307
165,07/03/2026 09:51:58,26.78,108.711
166,07/03/2026 10:01:58,26.71,109.427
167,07/03/2026 10:11:58,26.62,110.021
168,07/03/2026 10:21:58,26.54,110.675
169,07/03/2026 10:31:58,26.38,111.470
170,07/03/2026 10:41:58,26.02,112.252
171,07/03/2026 10:51:58,25.95,112.999
172,07/03/2026 11:01:58,26.03,113.759
173,07/03/2026 11:11:58,25.83,114.631
174,07/03/2026 11:21:58,25.91,115.488
175,07/03/2026 11:31:58,25.92,116.324
176,07/03/2026 11:41:58,25.79,117.161
177,07/03/2026 11:51:58,25.60,118.056
178,07/03/2026 12:01:58,25.29,119.051
179,07/03/2026 12:11:58,24.89,120.056
180,07/03/2026 12:21:58,24.64,121.151
181,07/03/2026 12:31:58,24.30,122.185
182,07/03/2026 12:41:58,23.92,123.253
183,07/03/2026 12:51:58,23.75,124.352
184,07/03/2026 13:01:58,23.59,125.402
185,07/03/2026 13:11:58,23.52,126.390
186,07/03/2026 13:21:58,23.30,127.359
187,07/03/2026 13:31:58,23.20,128.242
188,07/03/2026 13:41:58,23.17,129.097
189,07/03/2026 13:51:58,23.04,129.853
190,07/03/2026 14:01:58,22.77,130.554
191,07/03/2026 14:11:58,22.56,131.086
192,07/03/2026 14:21:58,22.36,131.593
193,07/03/2026 14:31:58,21.95,131.903
194,07/03/2026 14:41:58,21.37,132.089
195,07/03/2026 14:51:58,21.03,132.183
196,07/03/2026 15:01:58,20.75,132.061
197,07/03/2026 15:11:58,20.81,131.861
198,07/03/2026 15:21:58,21.06,131.535
199,07/03/2026 15:31:58,20.89,130.989
200,07/03/2026 15:41:58,21.21,130.557
201,07/03/2026 15:51:58,21.76,130.004
202,07/03/2026 16:01:58,22.33,129.374
203,07/03/2026 16:11:58,22.93,128.716
204,07/03/2026 16:21:58,23.31,128.057
205,07/03/2026 16:31:58,23.52,127.424
206,07/03/2026 16:41:58,23.66,126.619
207,07/03/2026 16:51:58,23.70,125.927
208,07/03/2026 17:01:58,23.70,125.230
209,07/03/2026 17:11:58,24.17,124.469
210,07/03/2026 17:21:58,24.50,123.721
211,07/03/2026 17:31:58,24.79,122.922
212,07/03/2026 17:41:58,24.91,122.132
213,07/03/2026 17:51:58,25.15,121.388
214,07/03/2026 18:01:58,25.43,120.531
215,07/03/2026 18:11:58,25.65,119.791
216,07/03/2026 18:21:58,25.94,118.902
217,07/03/2026 18:31:58,26.17,118.206
218,07/03/2026 18:41:58,26.37,117.450
219,07/03/2026 18:51:58,26.61,116.658
220,07/03/2026 19:01:58,26.82,115.979
221,07/03/2026 19:11:58,27.04,115.216
222,07/03/2026 19:21:58,27.18,114.541
223,07/03/2026 19:31:58,27.31,113.908
224,07/03/2026 19:41:58,27.37,113.256
225,07/03/2026 19:51:58,27.44,112.664
226,07/03/2026 20:01:58,27.50,112.039
227,07/03/2026 20:11:58,27.58,111.603
228,07/03/2026 20:21:58,27.64,111.100
229,07/03/2026 20:31:58,27.68,110.714
230,07/03/2026 20:41:58,27.74,110.422
231,07/03/2026 20:51:58,27.78,110.233
232,07/03/2026 21:01:58,27.80,110.175
233,07/03/2026 21:11:58,27.78,110.301
234,07/03/2026 21:21:58,27.73,110.564
235,07/03/2026 21:31:58,27.69,110.870
236,07/03/2026 21:41:58,27.72,111.371
237,07/03/2026 21:51:58,27.67,111.912
238,07/03/2026 22:01:58,27.63,112.522
239,07/03/2026 22:11:58,27.54,113.163
240,07/03/2026 22:21:58,27.26,113.835
241,07/03/2026 22:31:58,26.46,114.536
242,07/03/2026 22:41:58,25.97,115.237
243,07/03/2026 22:51:58,25.84,115.976
244,07/03/2026 23:01:58,25.90,116.784
245,07/03/2026 23:11:58,26.05,117.649
246,07/03/2026 23:21:58,25.88,118.482
247,07/03/2026 23:31:58,25.54,119.408
248,07/03/2026 23:41:58,25.16,120.448
249,07/03/2026 23:51:58,24.68,121.432
250,07/04/2026 00:01:58,24.49,122.495
251,07/04/2026 00:11:58,24.49,123.623
252,07/04/2026 00:21:58,24.35,124.766
253,07/04/2026 00:31:58,24.04,125.885
254,07/04/2026 00:41:58,23.75,127.034
255,07/04/2026 00:51:58,23.68,128.143
256,07/04/2026 01:01:58,23.61,129.147
257,07/04/2026 01:11:58,23.41,130.122
258,07/04/2026 01:21:58,23.17,131.016
259,07/04/2026 01:31:58,22.85,131.871
260,07/04/2026 01:41:58,22.59,132.599
261,07/04/2026 01:51:58,22.42,133.210
262,07/04/2026 02:01:58,21.95,133.817
263,07/04/2026 02:11:58,21.36,134.217
264,07/04/2026 02:21:58,20.88,134.620
265,07/04/2026 02:31:58,20.53,134.833
266,07/04/2026 02:41:58,20.12,135.067
267,07/04/2026 02:51:58,19.62,135.139
268,07/04/2026 03:01:58,19.30,135.170
269,07/04/2026 03:11:58,19.21,135.074
270,07/04/2026 03:21:58,19.18,134.876
271,07/04/2026 03:31:58,19.21,134.620
272,07/04/2026 03:41:58,19.37,134.278
273,07/04/2026 03:51:58,19.53,133.854
274,07/04/2026 04:01:58,20.39,133.248
275,07/04/2026 04:11:58,21.10,132.590
276,07/04/2026 04:21:58,21.52,131.862
277,07/04/2026 04:31:58,22.04,131.047
278,07/04/2026 04:41:58,22.36,130.228
279,07/04/2026 04:51:58,22.65,129.434
280,07/04/2026 05:01:58,22.86,128.510
281,07/04/2026 05:11:58,23.02,127.599
282,07/04/2026 05:21:58,23.18,126.726
283,07/04/2026 05:31:58,23.39,125.826
284,07/04/2026 05:41:58,23.59,124.896
285,07/04/2026 05:51:58,23.73,123.982
286,07/04/2026 06:01:58,23.85,123.052
287,07/04/2026 06:11:58,23.95,122.147
288,07/04/2026 06:21:58,24.07,121.286
289,07/04/2026 06:31:58,24.20,120.366
290,07/04/2026 06:41:58,24.32,119.492
291,07/04/2026 06:51:58,24.40,118.619
292,07/04/2026 07:01:58,24.54,117.710
293,07/04/2026 07:11:58,24.69,116.856
294,07/04/2026 07:21:58,24.83,115.973
295,07/04/2026 07:31:58,24.96,115.171
296,07/04/2026 07:41:58,25.11,114.331
297,07/04/2026 07:51:58,25.26,113.547
298,07/04/2026 08:01:58,25.39,112.822
299,07/04/2026 08:11:58,25.51,112.080
300,07/04/2026 08:21:58,25.66,111.449
301,07/04/2026 08:31:58,25.85,110.806
302,07/04/2026 08:41:58,26.04,110.201
303,07/04/2026 08:51:58,26.24,109.580
304,07/04/2026 09:01:58,26.40,109.106
305,07/04/2026 09:11:58,26.56,108.652
306,07/04/2026 09:21:58,26.71,108.295
307,07/04/2026 09:31:58,26.85,107.983
308,07/04/2026 09:41:58,26.97,107.844
309,07/04/2026 09:51:58,27.10,107.813
310,07/04/2026 10:01:58,27.22,108.046
311,07/04/2026 10:11:58,27.24,108.382
312,07/04/2026 10:21:58,27.25,108.768
313,07/04/2026 10:31:58,27.18,109.384
314,07/04/2026 10:41:58,27.11,110.096
315,07/04/2026 10:51:58,27.02,110.745
316,07/04/2026 11:01:58,26.92,111.487
317,07/04/2026 11:11:58,26.72,112.231
318,07/04/2026 11:21:58,26.46,112.927
319,07/04/2026 11:31:58,26.44,113.710
320,07/04/2026 11:41:58,26.44,114.502
321,07/04/2026 11:51:58,26.39,115.297
322,07/04/2026 12:01:58,26.38,116.171
323,07/04/2026 12:11:58,26.18,117.107
324,07/04/2026 12:21:58,26.03,118.054
325,07/04/2026 12:31:58,25.72,118.994
326,07/04/2026 12:41:58,25.35,120.097
327,07/04/2026 12:51:58,25.13,121.091
328,07/04/2026 13:01:58,24.92,122.179
329,07/04/2026 13:11:58,24.59,123.236
330,07/04/2026 13:21:58,24.33,124.405
331,07/04/2026 13:31:58,24.16,125.458
332,07/04/2026 13:41:58,23.98,126.530
333,07/04/2026 13:51:58,23.89,127.719
334,07/04/2026 14:01:58,23.93,128.486
335,07/04/2026 14:11:58,23.81,129.399
336,07/04/2026 14:21:58,23.84,130.181
337,07/04/2026 14:31:58,23.54,130.945
338,07/04/2026 14:41:58,23.45,131.515
339,07/04/2026 14:51:58,23.30,132.010
340,07/04/2026 15:01:58,23.01,132.439
341,07/04/2026 15:11:58,21.96,132.766
342,07/04/2026 15:21:58,21.20,132.913
343,07/04/2026 15:31:58,20.59,132.851
344,07/04/2026 15:41:58,20.81,132.476
345,07/04/2026 15:51:58,20.49,132.297
346,07/04/2026 16:01:58,20.77,131.924
347,07/04/2026 16:11:58,21.56,131.560
348,07/04/2026 16:21:58,22.32,131.089
349,07/04/2026 16:31:58,22.54,130.527
350,07/04/2026 16:41:58,22.75,129.922
351,07/04/2026 16:51:58,23.09,129.338
352,07/04/2026 17:01:58,23.38,128.655
353,07/04/2026 17:11:58,23.60,127.997
354,07/04/2026 17:21:58,23.78,127.273
355,07/04/2026 17:31:58,23.98,126.487
356,07/04/2026 17:41:58,24.16,125.684
357,07/04/2026 17:51:58,24.29,124.913
358,07/04/2026 18:01:58,24.54,124.155
359,07/04/2026 18:11:58,24.72,123.341
360,07/04/2026 18:21:58,24.93,122.523
361,07/04/2026 18:31:58,25.20,121.716
362,07/04/2026 18:41:58,25.36,120.927
363,07/04/2026 18:51:58,25.54,120.102
364,07/04/2026 19:01:58,25.73,119.286
365,07/04/2026 19:11:58,25.96,118.437
366,07/04/2026 19:21:58,26.24,117.725
367,07/04/2026 19:31:58,26.44,116.911
368,07/04/2026 19:41:58,26.60,116.159
369,07/04/2026 19:51:58,26.74,115.403
370,07/04/2026 20:01:58,26.85,114.659
371,07/04/2026 20:11:58,26.95,114.013
372,07/04/2026 20:21:58,27.04,113.417
373,07/04/2026 20:31:58,27.11,112.804
374,07/04/2026 20:41:58,27.14,112.207
375,07/04/2026 20:51:58,27.18,111.690
376,07/04/2026 21:01:58,27.19,111.186
377,07/04/2026 21:11:58,27.24,110.775
378,07/04/2026 21:21:58,27.29,110.453
379,07/04/2026 21:31:58,27.35,110.186
380,07/04/2026 21:41:58,27.39,110.044
381,07/04/2026 21:51:58,27.40,110.094
382,07/04/2026 22:01:58,27.22,110.317
383,07/04/2026 22:11:58,27.23,110.826
384,07/04/2026 22:21:58,27.31,111.231
385,07/04/2026 22:31:58,27.34,111.694
386,07/04/2026 22:41:58,27.28,112.362
387,07/04/2026 22:51:58,27.24,112.929
388,07/04/2026 23:01:58,27.10,113.494
389,07/04/2026 23:11:58,26.63,114.212
390,07/04/2026 23:21:58,26.15,114.904
391,07/04/2026 23:31:58,25.87,115.635
392,07/04/2026 23:41:58,25.75,116.375
393,07/04/2026 23:51:58,25.72,117.295
394,07/05/2026 00:01:58,25.84,118.181
395,07/05/2026 00:11:58,25.75,119.062
396,07/05/2026 00:21:58,25.54,119.992
397,07/05/2026 00:31:58,25.22,120.970
398,07/05/2026 00:41:58,24.96,122.023
399,07/05/2026 00:51:58,24.78,123.028
400,07/05/2026 01:01:58,24.61,124.127
401,07/05/2026 01:11:58,24.35,125.183
402,07/05/2026 01:21:58,24.07,126.272
403,07/05/2026 01:31:58,23.83,127.377
404,07/05/2026 01:41:58,23.71,128.400
405,07/05/2026 01:51:58,23.67,129.425
406,07/05/2026 02:01:58,23.52,130.373
407,07/05/2026 02:11:58,23.34,131.221
408,07/05/2026 02:21:58,23.08,132.026
409,07/05/2026 02:31:58,22.74,132.667
410,07/05/2026 02:41:58,22.46,133.283
411,07/05/2026 02:51:58,21.96,133.745
412,07/05/2026 03:01:58,21.74,134.192
413,07/05/2026 03:11:58,21.51,134.473
414,07/05/2026 03:21:58,21.23,134.483
415,07/05/2026 03:31:58,21.03,134.628
416,07/05/2026 03:41:58,20.83,134.481
417,07/05/2026 03:51:58,20.62,134.297
418,07/05/2026 04:01:58,20.55,134.132
419,07/05/2026 04:11:58,20.55,133.679
420,07/05/2026 04:21:58,20.82,133.408
421,07/05/2026 04:31:58,21.22,132.790
422,07/05/2026 04:41:58,21.79,132.181
423,07/05/2026 04:51:58,22.24,131.620
424,07/05/2026 05:01:58,22.62,130.806
425,07/05/2026 05:11:58,22.78,130.153
426,07/05/2026 05:21:58,22.97,129.421
427,07/05/2026 05:31:58,23.12,128.623
428,07/05/2026 05:41:58,23.25,127.822
429,07/05/2026 05:51:58,23.32,127.096
430,07/05/2026 06:01:58,23.40,126.239
431,07/05/2026 06:11:58,23.48,125.420
432,07/05/2026 06:21:58,23.57,124.530
433,07/05/2026 06:31:58,23.70,123.608
434,07/05/2026 06:41:58,23.81,122.652
435,07/05/2026 06:51:58,23.93,121.761
436,07/05/2026 07:01:58,24.07,120.841
437,07/05/2026 07:11:58,24.19,119.891
438,07/05/2026 07:21:58,24.35,118.986
439,07/05/2026 07:31:58,24.49,118.228
440,07/05/2026 07:41:58,24.60,117.458
441,07/05/2026 07:51:58,24.74,116.659
442,07/05/2026 08:01:58,24.83,115.868
443,07/05/2026 08:11:58,24.92,115.111
444,07/05/2026 08:21:58,25.05,114.301
445,07/05/2026 08:31:58,25.15,113.646
446,07/05/2026 08:41:58,25.25,112.890
447,07/05/2026 08:51:58,25.38,112.182
448,07/05/2026 09:01:58,25.52,111.555
449,07/05/2026 09:11:58,25.67,110.907
450,07/05/2026 09:21:58,25.84,110.319
451,07/05/2026 09:31:58,26.03,109.823
452,07/05/2026 09:41:58,26.19,109.348
453,07/05/2026 09:51:58,26.33,108.882
454,07/05/2026 10:01:58,26.52,108.827
455,07/05/2026 10:11:58,26.62,108.683
456,07/05/2026 10:21:58,26.76,108.610
457,07/05/2026 10:31:58,26.85,108.516
458,07/05/2026 10:41:58,26.96,108.527
459,07/05/2026 10:51:58,26.88,109.200
460,07/05/2026 11:01:58,26.82,109.476
461,07/05/2026 11:11:58,26.76,109.945
462,07/05/2026 11:21:58,26.68,110.561
463,07/05/2026 11:31:58,26.67,111.380
464,07/05/2026 11:41:58,26.52,112.036
465,07/05/2026 11:51:58,26.21,112.858
466,07/05/2026 12:01:58,26.22,113.709
467,07/05/2026 12:11:58,26.23,114.480
468,07/05/2026 12:21:58,26.10,115.232
469,07/05/2026 12:31:58,26.01,116.179
470,07/05/2026 12:41:58,25.91,117.003
471,07/05/2026 12:51:58,25.84,117.872
472,07/05/2026 13:01:58,25.80,118.810
473,07/05/2026 13:11:58,25.54,119.844
474,07/05/2026 13:21:58,25.27,120.908
475,07/05/2026 13:31:58,25.07,121.882
476,07/05/2026 13:41:58,24.89,123.069
477,07/05/2026 13:51:58,24.64,124.128
478,07/05/2026 14:01:58,24.38,125.260
479,07/05/2026 14:11:58,24.24,126.328
480,07/05/2026 14:21:58,24.18,127.343
481,07/05/2026 14:31:58,24.03,128.293
482,07/05/2026 14:41:58,23.84,129.153
483,07/05/2026 14:51:58,23.80,130.060
484,07/05/2026 15:01:58,23.74,130.814
485,07/05/2026 15:11:58,23.57,131.484
486,07/05/2026 15:21:58,23.43,132.198
487,07/05/2026 15:31:58,23.27,132.770
488,07/05/2026 15:41:58,23.03,133.119
489,07/05/2026 15:51:58,22.68,133.490
490,07/05/2026 16:01:58,21.76,133.671
491,07/05/2026 16:11:58,21.36,133.700
492,07/05/2026 16:21:58,21.33,133.506
493,07/05/2026 16:31:58,21.50,133.335
494,07/05/2026 16:41:58,21.65,132.895
495,07/05/2026 16:51:58,22.12,132.454
496,07/05/2026 17:01:58,22.57,131.863
497,07/05/2026 17:11:58,23.09,131.172
498,07/05/2026 17:21:58,23.40,130.600
499,07/05/2026 17:31:58,23.75,129.922
500,07/05/2026 17:41:58,23.87,129.205
501,07/05/2026 17:51:58,23.99,128.535
502,07/05/2026 18:01:58,24.11,127.886
503,07/05/2026 18:11:58,24.21,127.127
504,07/05/2026 18:21:58,24.35,126.352
505,07/05/2026 18:31:58,24.54,125.506
506,07/05/2026 18:41:58,24.70,124.754
507,07/05/2026 18:51:58,24.89,123.888
508,07/05/2026 19:01:58,25.00,123.029
509,07/05/2026 19:11:58,25.19,122.233
510,07/05/2026 19:21:58,25.37,121.453
511,07/05/2026 19:31:58,25.59,120.620
512,07/05/2026 19:41:58,25.75,119.794
513,07/05/2026 19:51:58,25.89,119.070
514,07/05/2026 20:01:58,26.04,118.266
515,07/05/2026 20:11:58,26.17,117.445
516,07/05/2026 20:21:58,26.30,116.688
517,07/05/2026 20:31:58,26.39,115.926
518,07/05/2026 20:41:58,26.46,115.185
519,07/05/2026 20:51:58,26.52,114.478
520,07/05/2026 21:01:58,26.56,113.793
521,07/05/2026 21:11:58,26.61,113.141
522,07/05/2026 21:21:58,26.64,112.519
523,07/05/2026 21:31:58,26.66,111.977
524,07/05/2026 21:41:58,26.67,111.489
525,07/05/2026 21:51:58,26.67,111.006
526,07/05/2026 22:01:58,26.71,110.591
527,07/05/2026 22:11:58,26.72,110.259
528,07/05/2026 22:21:58,26.76,110.084
529,07/05/2026 22:31:58,26.75,109.953
530,07/05/2026 22:41:58,26.74,109.919
531,07/05/2026 22:51:58,26.62,110.278
532,07/05/2026 23:01:58,26.61,110.609
533,07/05/2026 23:11:58,26.68,111.010
534,07/05/2026 23:21:58,26.72,111.600
535,07/05/2026 23:31:58,26.72,112.239
536,07/05/2026 23:41:58,26.69,112.768
537,07/05/2026 23:51:58,26.52,113.455
538,07/06/2026 00:01:58,26.25,114.181
539,07/06/2026 00:11:58,25.94,114.844
540,07/06/2026 00:21:58,25.87,115.601
541,07/06/2026 00:31:58,25.75,116.383
542,07/06/2026 00:41:58,25.52,117.298
543,07/06/2026 00:51:58,25.45,118.137
544,07/06/2026 01:01:58,25.38,119.070
545,07/06/2026 01:11:58,25.36,119.992
546,07/06/2026 01:21:58,25.26,120.967
547,07/06/2026 01:31:58,24.87,121.966
548,07/06/2026 01:41:58,24.65,123.042
549,07/06/2026 01:51:58,24.45,124.111
550,07/06/2026 02:01:58,24.24,125.210
551,07/06/2026 02:11:58,23.99,126.300
552,07/06/2026 02:21:58,23.79,127.354
553,07/06/2026 02:31:58,23.66,128.450
554,07/06/2026 02:41:58,23.52,129.435
555,07/06/2026 02:51:58,23.55,130.416
556,07/06/2026 03:01:58,23.41,131.270
557,07/06/2026 03:11:58,23.26,132.001
558,07/06/2026 03:21:58,23.06,132.662
559,07/06/2026 03:31:58,22.78,133.198
560,07/06/2026 03:41:58,22.32,133.690
561,07/06/2026 03:51:58,21.56,134.073
562,07/06/2026 04:01:58,20.84,134.332
563,07/06/2026 04:11:58,20.24,134.492
564,07/06/2026 04:21:58,19.97,134.532
565,07/06/2026 04:31:58,19.94,134.420
566,07/06/2026 04:41:58,19.58,134.206
567,07/06/2026 04:51:58,19.90,133.898
568,07/06/2026 05:01:58,20.07,133.496
569,07/06/2026 05:11:58,20.66,133.036
570,07/06/2026 05:21:58,21.35,132.516
571,07/06/2026 05:31:58,22.08,131.842
572,07/06/2026 05:41:58,22.51,131.162
573,07/06/2026 05:51:58,22.86,130.407
574,07/06/2026 06:01:58,23.00,129.609
575,07/06/2026 06:11:58,23.12,128.862
576,07/06/2026 06:21:58,23.22,128.030
577,07/06/2026 06:31:58,23.31,127.219
578,07/06/2026 06:41:58,23.37,126.442
579,07/06/2026 06:51:58,23.43,125.555
580,07/06/2026 07:01:58,23.49,124.719
581,07/06/2026 07:11:58,23.57,123.868
582,07/06/2026 07:21:58,23.70,122.951
583,07/06/2026 07:31:58,23.83,122.051
584,07/06/2026 07:41:58,23.95,121.266
585,07/06/2026 07:51:58,24.06,120.362
586,07/06/2026 08:01:58,24.16,119.493
587,07/06/2026 08:11:58,24.26,118.705
588,07/06/2026 08:21:58,24.35,117.861
589,07/06/2026 08:31:58,24.44,117.019
590,07/06/2026 08:41:58,24.50,116.227
591,07/06/2026 08:51:58,24.61,115.453
592,07/06/2026 09:01:58,24.67,114.692
593,07/06/2026 09:11:58,24.75,113.948
594,07/06/2026 09:21:58,24.80,113.208
595,07/06/2026 09:31:58,24.89,112.546
596,07/06/2026 09:41:58,24.93,111.932
597,07/06/2026 09:51:58,25.02,111.317
598,07/06/2026 10:01:58,25.12,110.747
599,07/06/2026 10:11:58,25.22,110.229
600,07/06/2026 10:21:58,25.31,109.702
601,07/06/2026 10:31:58,25.40,109.309
602,07/06/2026 10:41:58,25.49,108.942
603,07/06/2026 10:51:58,25.57,108.743
604,07/06/2026 11:01:58,25.61,108.672
605,07/06/2026 11:11:58,25.62,108.756
606,07/06/2026 11:21:58,25.62,108.869
607,07/06/2026 11:31:58,25.62,109.306
608,07/06/2026 11:41:58,25.69,109.941
609,07/06/2026 11:51:58,25.73,110.530
610,07/06/2026 12:01:58,25.67,111.235
611,07/06/2026 12:11:58,25.58,112.078
612,07/06/2026 12:21:58,25.48,112.648
613,07/06/2026 12:31:58,25.41,113.290
614,07/06/2026 12:41:58,25.38,114.077
615,07/06/2026 12:51:58,25.34,114.855
616,07/06/2026 13:01:58,25.29,115.562
617,07/06/2026 13:11:58,25.17,116.272
618,07/06/2026 13:21:58,25.04,117.173
619,07/06/2026 13:31:58,24.95,117.977
620,07/06/2026 13:41:58,24.91,118.953
621,07/06/2026 13:51:58,24.76,119.956
622,07/06/2026 14:01:58,24.45,121.011
623,07/06/2026 14:11:58,24.22,122.043
624,07/06/2026 14:21:58,23.98,123.144
625,07/06/2026 14:31:58,23.67,124.244
626,07/06/2026 14:41:58,23.43,125.355
627,07/06/2026 14:51:58,23.26,126.409
628,07/06/2026 15:01:58,23.03,127.446
629,07/06/2026 15:11:58,22.94,128.444
630,07/06/2026 15:21:58,22.65,129.366
631,07/06/2026 15:31:58,22.56,130.335
632,07/06/2026 15:41:58,22.44,131.173
633,07/06/2026 15:51:58,22.24,131.898
634,07/06/2026 16:01:58,21.93,132.556
635,07/06/2026 16:11:58,21.48,133.087
636,07/06/2026 16:21:58,20.86,133.537
637,07/06/2026 16:31:58,20.17,133.892
638,07/06/2026 16:41:58,19.81,134.139
639,07/06/2026 16:51:58,19.46,134.229
640,07/06/2026 17:01:58,19.31,134.110
641,07/06/2026 17:11:58,19.42,134.087
642,07/06/2026 17:21:58,19.44,133.651
643,07/06/2026 17:31:58,19.49,133.212
644,07/06/2026 17:41:58,19.88,132.799
645,07/06/2026 17:51:58,20.56,132.167
646,07/06/2026 18:01:58,21.01,131.585
647,07/06/2026 18:11:58,21.45,130.947
648,07/06/2026 18:21:58,21.91,130.272
649,07/06/2026 18:31:58,22.22,129.623
650,07/06/2026 18:41:58,22.42,128.861
651,07/06/2026 18:51:58,22.60,128.099
652,07/06/2026 19:01:58,22.76,127.290
653,07/06/2026 19:11:58,22.91,126.524
654,07/06/2026 19:21:58,23.03,125.664
655,07/06/2026 19:31:58,23.17,124.877
656,07/06/2026 19:41:58,23.29,124.040
657,07/06/2026 19:51:58,23.45,123.216
658,07/06/2026 20:01:58,23.62,122.351
659,07/06/2026 20:11:58,23.79,121.524
660,07/06/2026 20:21:58,23.97,120.694
661,07/06/2026 20:31:58,24.09,119.855
662,07/06/2026 20:41:58,24.22,119.042
663,07/06/2026 20:51:58,24.39,118.200
664,07/06/2026 21:01:58,24.53,117.473
665,07/06/2026 21:11:58,24.64,116.703
666,07/06/2026 21:21:58,24.72,115.971
667,07/06/2026 21:31:58,24.81,115.243
668,07/06/2026 21:41:58,24.87,114.515
669,07/06/2026 21:51:58,24.91,113.863
670,07/06/2026 22:01:58,24.93,113.228
671,07/06/2026 22:11:58,24.94,112.618
672,07/06/2026 22:21:58,24.94,112.076
673,07/06/2026 22:31:58,24.96,111.517
674,07/06/2026 22:41:58,24.97,111.038
675,07/06/2026 22:51:58,25.01,110.652
676,07/06/2026 23:01:58,25.02,110.287
677,07/06/2026 23:11:58,25.06,110.045
678,07/06/2026 23:21:58,25.05,109.948
679,07/06/2026 23:31:58,24.85,110.006
680,07/06/2026 23:41:58,24.88,110.238
681,07/06/2026 23:51:58,24.93,110.483
682,07/07/2026 00:01:58,24.98,110.916
683,07/07/2026 00:11:58,25.01,111.489
684,07/07/2026 00:21:58,25.02,112.069
685,07/07/2026 00:31:58,24.98,112.665
686,07/07/2026 00:41:58,24.89,113.345
687,07/07/2026 00:51:58,24.76,114.033
688,07/07/2026 01:01:58,24.65,114.717
689,07/07/2026 01:11:58,24.60,115.432
690,07/07/2026 01:21:58,24.52,116.189
691,07/07/2026 01:31:58,24.32,116.940
692,07/07/2026 01:41:58,24.15,117.760
693,07/07/2026 01:51:58,24.02,118.589
694,07/07/2026 02:01:58,23.95,119.484
695,07/07/2026 02:11:58,23.85,120.387
696,07/07/2026 02:21:58,23.54,121.370
697,07/07/2026 02:31:58,23.28,122.343
698,07/07/2026 02:41:58,23.10,123.326
699,07/07/2026 02:51:58,22.85,124.385
700,07/07/2026 03:01:58,22.55,125.427
701,07/07/2026 03:11:58,22.29,126.453
702,07/07/2026 03:21:58,22.06,127.456
703,07/07/2026 03:31:58,21.96,128.458
704,07/07/2026 03:41:58,21.80,129.357
705,07/07/2026 03:51:58,21.69,130.219
706,07/07/2026 04:01:58,21.48,131.033
707,07/07/2026 04:11:58,21.26,131.702
708,07/07/2026 04:21:58,21.06,132.312
709,07/07/2026 04:31:58,20.82,132.805
710,07/07/2026 04:41:58,20.25,133.158
711,07/07/2026 04:51:58,19.71,133.423
712,07/07/2026 05:01:58,19.43,133.634
713,07/07/2026 05:11:58,19.29,133.660
714,07/07/2026 05:21:58,19.24,133.574
715,07/07/2026 05:31:58,19.32,133.340
716,07/07/2026 05:41:58,19.15,133.029
717,07/07/2026 05:51:58,19.24,132.612
718,07/07/2026 06:01:58,19.71,132.043
719,07/07/2026 06:11:58,20.08,131.455
720,07/07/2026 06:21:58,20.40,130.814
721,07/07/2026 06:31:58,20.80,130.150
722,07/07/2026 06:41:58,21.01,129.427
723,07/07/2026 06:51:58,21.15,128.693
724,07/07/2026 07:01:58,21.30,127.960
725,07/07/2026 07:11:58,21.45,127.215
726,07/07/2026 07:21:58,21.63,126.390
727,07/07/2026 07:31:58,21.74,125.620
728,07/07/2026 07:41:58,21.83,124.802
729,07/07/2026 07:51:58,21.92,124.019
730,07/07/2026 08:01:58,22.05,123.203
731,07/07/2026 08:11:58,22.19,122.325
732,07/07/2026 08:21:58,22.34,121.507
733,07/07/2026 08:31:58,22.50,120.731
734,07/07/2026 08:41:58,22.59,119.908
735,07/07/2026 08:51:58,22.71,119.048
736,07/07/2026 09:01:58,22.85,118.274
737,07/07/2026 09:11:58,22.96,117.567
738,07/07/2026 09:21:58,23.08,116.789
739,07/07/2026 09:31:58,23.13,115.989
740,07/07/2026 09:41:58,23.23,115.249
741,07/07/2026 09:51:58,23.29,114.471
742,07/07/2026 10:01:58,23.34,113.773
743,07/07/2026 10:11:58,23.37,113.108
744,07/07/2026 10:21:58,23.41,112.478
745,07/07/2026 10:31:58,23.44,111.827
746,07/07/2026 10:41:58,23.47,111.265
747,07/07/2026 10:51:58,23.51,110.749
748,07/07/2026 11:01:58,23.54,110.258
749,07/07/2026 11:11:58,23.59,109.861
750,07/07/2026 11:21:58,23.66,109.476
751,07/07/2026 11:31:58,23.68,109.359
752,07/07/2026 11:41:58,23.60,109.324
753,07/07/2026 11:51:58,23.61,109.328
754,07/07/2026 12:01:58,23.58,109.642
755,07/07/2026 12:11:58,23.59,110.071
756,07/07/2026 12:21:58,23.70,110.522
757,07/07/2026 12:31:58,23.76,111.154
758,07/07/2026 12:41:58,23.67,111.778
759,07/07/2026 12:51:58,23.61,112.449
760,07/07/2026 13:01:58,23.62,113.165
761,07/07/2026 13:11:58,23.65,113.834
762,07/07/2026 13:21:58,23.62,114.546
763,07/07/2026 13:31:58,23.54,115.247
764,07/07/2026 13:41:58,23.44,116.084
765,07/07/2026 13:51:58,23.25,116.814
766,07/07/2026 14:01:58,23.06,117.692
767,07/07/2026 14:11:58,22.93,118.610
768,07/07/2026 14:21:58,22.81,119.541
769,07/07/2026 14:31:58,22.76,120.488
770,07/07/2026 14:41:58,22.54,121.405
771,07/07/2026 14:51:58,22.39,122.440
772,07/07/2026 15:01:58,22.27,123.556
773,07/07/2026 15:11:58,22.09,124.660
774,07/07/2026 15:21:58,21.76,125.794
775,07/07/2026 15:31:58,21.53,126.868
776,07/07/2026 15:41:58,21.37,127.933
777,07/07/2026 15:51:58,21.17,129.035
778,07/07/2026 16:01:58,21.09,130.060
779,07/07/2026 16:11:58,20.98,130.935
780,07/07/2026 16:21:58,20.72,131.744
781,07/07/2026 16:31:58,20.40,132.500
782,07/07/2026 16:41:58,20.06,133.128
783,07/07/2026 16:51:58,19.63,133.639
784,07/07/2026 17:01:58,19.35,134.123
785,07/07/2026 17:11:58,19.09,134.459
786,07/07/2026 17:21:58,18.79,134.742
787,07/07/2026 17:31:58,18.53,134.941
788,07/07/2026 17:41:58,18.29,134.935
789,07/07/2026 17:51:58,18.07,135.037
790,07/07/2026 18:01:58,18.02,134.903
791,07/07/2026 18:11:58,18.12,134.649
792,07/07/2026 18:21:58,18.13,134.320
793,07/07/2026 18:31:58,18.20,133.890
794,07/07/2026 18:41:58,18.55,133.441
795,07/07/2026 18:51:58,18.96,132.849
796,07/07/2026 19:01:58,19.36,132.227
797,07/07/2026 19:11:58,19.72,131.548
798,07/07/2026 19:21:58,20.05,130.831
799,07/07/2026 19:31:58,20.25,130.111
800,07/07/2026 19:41:58,20.36,129.270
801,07/07/2026 19:51:58,20.49,128.511
802,07/07/2026 20:01:58,20.64,127.698
803,07/07/2026 20:11:58,20.79,126.816
804,07/07/2026 20:21:58,20.90,125.973
805,07/07/2026 20:31:58,21.00,125.003
806,07/07/2026 20:41:58,21.09,124.076
807,07/07/2026 20:51:58,21.21,123.238
808,07/07/2026 21:01:58,21.31,122.308
809,07/07/2026 21:11:58,21.40,121.463
810,07/07/2026 21:21:58,21.49,120.661
811,07/07/2026 21:31:58,21.59,119.864
812,07/07/2026 21:41:58,21.63,119.083
813,07/07/2026 21:51:58,21.66,118.352
814,07/07/2026 22:01:58,21.68,117.550
815,07/07/2026 22:11:58,21.71,116.732
816,07/07/2026 22:21:58,21.76,115.978
817,07/07/2026 22:31:58,21.80,115.200
818,07/07/2026 22:41:58,21.82,114.475
819,07/07/2026 22:51:58,21.84,113.836
820,07/07/2026 23:01:58,21.87,113.176
821,07/07/2026 23:11:58,21.90,112.554
822,07/07/2026 23:21:58,21.90,112.020
823,07/07/2026 23:31:58,21.89,111.528
824,07/07/2026 23:41:58,21.90,111.029
825,07/07/2026 23:51:58,21.89,110.663
826,07/08/2026 00:01:58,21.88,110.415
827,07/08/2026 00:11:58,21.87,110.209
828,07/08/2026 00:21:58,21.86,110.151
829,07/08/2026 00:31:58,21.76,110.245
830,07/08/2026 00:41:58,21.79,110.489
831,07/08/2026 00:51:58,21.77,110.833
832,07/08/2026 01:01:58,21.88,111.301
833,07/08/2026 01:11:58,21.91,111.781
834,07/08/2026 01:21:58,21.90,112.428
835,07/08/2026 01:31:58,21.89,113.080
836,07/08/2026 01:41:58,21.85,113.743
837,07/08/2026 01:51:58,21.92,114.415
838,07/08/2026 02:01:58,21.93,115.059
839,07/08/2026 02:11:58,21.88,115.812
840,07/08/2026 02:21:58,21.70,116.584
841,07/08/2026 02:31:58,21.48,117.419
842,07/08/2026 02:41:58,21.32,118.277
843,07/08/2026 02:51:58,21.26,119.137
844,07/08/2026 03:01:58,21.28,120.115
845,07/08/2026 03:11:58,21.26,121.096
846,07/08/2026 03:21:58,21.05,122.048
847,07/08/2026 03:31:58,20.90,123.049
848,07/08/2026 03:41:58,20.82,124.086
849,07/08/2026 03:51:58,20.67,125.122
850,07/08/2026 04:01:58,20.36,126.139
851,07/08/2026 04:11:58,20.20,127.130
852,07/08/2026 04:21:58,20.16,128.111
853,07/08/2026 04:31:58,20.10,129.013
854,07/08/2026 04:41:58,20.05,129.863
855,07/08/2026 04:51:58,19.95,130.628
856,07/08/2026 05:01:58,19.77,131.272
857,07/08/2026 05:11:58,19.53,131.817
858,07/08/2026 05:21:58,19.27,132.301
859,07/08/2026 05:31:58,19.09,132.660
860,07/08/2026 05:41:58,19.03,132.940
861,07/08/2026 05:51:58,18.96,133.109
862,07/08/2026 06:01:58,18.88,133.133
863,07/08/2026 06:11:58,18.83,132.978
864,07/08/2026 06:21:58,18.81,132.828
865,07/08/2026 06:31:58,18.83,132.576
866,07/08/2026 06:41:58,18.90,132.147
867,07/08/2026 06:51:58,19.01,131.646
868,07/08/2026 07:01:58,19.12,131.086
869,07/08/2026 07:11:58,19.18,130.482
870,07/08/2026 07:21:58,19.26,129.827
871,07/08/2026 07:31:58,19.42,129.184
872,07/08/2026 07:41:58,19.56,128.455
873,07/08/2026 07:51:58,19.69,127.747
874,07/08/2026 08:01:58,19.82,126.997
875,07/08/2026 08:11:58,19.92,126.277
876,07/08/2026 08:21:58,20.03,125.566
877,07/08/2026 08:31:58,20.12,124.808
878,07/08/2026 08:41:58,20.22,124.046
879,07/08/2026 08:51:58,20.32,123.256
880,07/08/2026 09:01:58,20.45,122.441
881,07/08/2026 09:11:58,20.58,121.660
882,07/08/2026 09:21:58,20.71,120.842
883,07/08/2026 09:31:58,20.86,119.999
884,07/08/2026 09:41:58,21.00,119.169
885,07/08/2026 09:51:58,21.10,118.373
886,07/08/2026 10:01:58,21.21,117.616
887,07/08/2026 10:11:58,21.33,116.842
888,07/08/2026 10:21:58,21.45,116.043
889,07/08/2026 10:31:58,21.56,115.316
890,07/08/2026 10:41:58,21.68,114.590
891,07/08/2026 10:51:58,21.79,113.949
892,07/08/2026 11:01:58,21.92,113.282
893,07/08/2026 11:11:58,22.04,112.667
894,07/08/2026 11:21:58,22.18,112.068
895,07/08/2026 11:31:58,22.32,111.487
896,07/08/2026 11:41:58,22.47,110.995
897,07/08/2026 11:51:58,22.61,110.503
898,07/08/2026 12:01:58,22.73,110.123
899,07/08/2026 12:11:58,22.90,109.808
900,07/08/2026 12:21:58,23.00,109.630
901,07/08/2026 12:31:58,23.25,109.669
902,07/08/2026 12:41:58,23.27,109.866
903,07/08/2026 12:51:58,23.42,110.159
904,07/08/2026 13:01:58,23.29,110.471
905,07/08/2026 13:11:58,23.08,110.987
906,07/08/2026 13:21:58,23.04,111.608
907,07/08/2026 13:31:58,23.09,112.274
908,07/08/2026 13:41:58,23.34,112.927
909,07/08/2026 13:51:58,23.44,113.615
910,07/08/2026 14:01:58,23.55,114.363
911,07/08/2026 14:11:58,23.49,115.107
912,07/08/2026 14:21:58,23.48,115.908
913,07/08/2026 14:31:58,23.32,116.685
914,07/08/2026 14:41:58,23.27,117.574
915,07/08/2026 14:51:58,23.05,118.456
916,07/08/2026 15:01:58,22.71,119.441
917,07/08/2026 15:11:58,22.41,120.412
918,07/08/2026 15:21:58,22.05,121.491
919,07/08/2026 15:31:58,21.90,122.543
920,07/08/2026 15:41:58,21.76,123.659
921,07/08/2026 15:51:58,21.59,124.783
922,07/08/2026 16:01:58,21.42,125.896
923,07/08/2026 16:11:58,21.35,127.055
924,07/08/2026 16:21:58,21.25,128.172
925,07/08/2026 16:31:58,21.24,129.198
926,07/08/2026 16:41:58,21.17,130.190
927,07/08/2026 16:51:58,21.09,131.070
928,07/08/2026 17:01:58,20.97,131.955
929,07/08/2026 17:11:58,20.83,132.686
930,07/08/2026 17:21:58,20.68,133.340
931,07/08/2026 17:31:58,20.60,133.945
932,07/08/2026 17:41:58,20.46,134.382
933,07/08/2026 17:51:58,20.19,134.812
934,07/08/2026 18:01:58,20.01,135.124
935,07/08/2026 18:11:58,19.92,135.361
936,07/08/2026 18:21:58,19.87,135.514
937,07/08/2026 18:31:58,19.83,135.573
938,07/08/2026 18:41:58,19.83,135.547
939,07/08/2026 18:51:58,19.84,135.436
940,07/08/2026 19:01:58,19.82,135.200
941,07/08/2026 19:11:58,19.82,134.913
942,07/08/2026 19:21:58,19.85,134.499
943,07/08/2026 19:31:58,19.90,134.013
944,07/08/2026 19:41:58,20.20,133.405
945,07/08/2026 19:51:58,20.49,132.733
946,07/08/2026 20:01:58,20.55,131.953
947,07/08/2026 20:11:58,20.75,131.105
948,07/08/2026 20:21:58,20.95,130.316
949,07/08/2026 20:31:58,21.20,129.372
950,07/08/2026 20:41:58,21.33,128.493
951,07/08/2026 20:51:58,21.44,127.598
952,07/08/2026 21:01:58,21.56,126.703
953,07/08/2026 21:11:58,21.71,125.772
954,07/08/2026 21:21:58,21.81,124.865
955,07/08/2026 21:31:58,21.91,123.959
956,07/08/2026 21:41:58,22.02,123.016
957,07/08/2026 21:51:58,22.13,122.137
958,07/08/2026 22:01:58,22.26,121.246
959,07/08/2026 22:11:58,22.37,120.368
960,07/08/2026 22:21:58,22.50,119.462
961,07/08/2026 22:31:58,22.58,118.593
962,07/08/2026 22:41:58,22.69,117.751
963,07/08/2026 22:51:58,22.79,116.909
964,07/08/2026 23:01:58,22.91,116.085
965,07/08/2026 23:11:58,23.00,115.315
966,07/08/2026 23:21:58,23.10,114.550
967,07/08/2026 23:31:58,23.16,113.815
968,07/08/2026 23:41:58,23.21,113.080
969,07/08/2026 23:51:58,23.25,112.445
970,07/09/2026 00:01:58,23.27,111.807
971,07/09/2026 00:11:58,23.31,111.228
972,07/09/2026 00:21:58,23.35,110.682
973,07/09/2026 00:31:58,23.42,110.189
974,07/09/2026 00:41:58,23.47,109.745
975,07/09/2026 00:51:58,23.50,109.406
976,07/09/2026 01:01:58,23.52,109.171
977,07/09/2026 01:11:58,23.54,108.974
978,07/09/2026 01:21:58,23.52,109.024
979,07/09/2026 01:31:58,23.45,109.316
980,07/09/2026 01:41:58,23.42,109.643
981,07/09/2026 01:51:58,23.47,110.093
982,07/09/2026 02:01:58,23.47,110.639
983,07/09/2026 02:11:58,23.43,111.281
984,07/09/2026 02:21:58,23.39,111.856
985,07/09/2026 02:31:58,23.31,112.531
986,07/09/2026 02:41:58,23.04,113.156
987,07/09/2026 02:51:58,22.90,113.877
988,07/09/2026 03:01:58,22.75,114.602
989,07/09/2026 03:11:58,22.63,115.391
990,07/09/2026 03:21:58,22.51,116.185
991,07/09/2026 03:31:58,22.43,117.061
992,07/09/2026 03:41:58,22.37,117.908
993,07/09/2026 03:51:58,22.35,118.841
994,07/09/2026 04:01:58,22.28,119.829
995,07/09/2026 04:11:58,22.07,120.852
996,07/09/2026 04:21:58,21.90,121.835
997,07/09/2026 04:31:58,21.77,122.879
998,07/09/2026 04:41:58,21.63,123.919
999,07/09/2026 04:51:58,21.46,124.984
1000,07/09/2026 05:01:58,21.32,125.996
1001,07/09/2026 05:11:58,21.25,127.010
1002,07/09/2026 05:21:58,21.20,127.958
1003,07/09/2026 05:31:58,21.14,128.838
1004,07/09/2026 05:41:58,21.13,129.677
1005,07/09/2026 05:51:58,21.14,130.398
1006,07/09/2026 06:01:58,21.07,131.048
1007,07/09/2026 06:11:58,20.96,131.549
1008,07/09/2026 06:21:58,20.87,132.029
1009,07/09/2026 06:31:58,20.74,132.346
1010,07/09/2026 06:41:58,20.63,132.587
1011,07/09/2026 06:51:58,20.56,132.730
1012,07/09/2026 07:01:58,20.40,132.684
1013,07/09/2026 07:11:58,20.18,132.550
1014,07/09/2026 07:21:58,20.14,132.306
1015,07/09/2026 07:31:58,20.30,131.917
1016,07/09/2026 07:41:58,20.48,131.439
1017,07/09/2026 07:51:58,20.62,130.880
1018,07/09/2026 08:01:58,20.90,130.255
1019,07/09/2026 08:11:58,21.06,129.616
1020,07/09/2026 08:21:58,21.13,128.961
1021,07/09/2026 08:31:58,21.15,128.302
1022,07/09/2026 08:41:58,21.20,127.541
1023,07/09/2026 08:51:58,21.29,126.824
1024,07/09/2026 09:01:58,21.34,126.039
1025,07/09/2026 09:11:58,21.43,125.323
1026,07/09/2026 09:21:58,21.53,124.523
1027,07/09/2026 09:31:58,21.64,123.669
1028,07/09/2026 09:41:58,21.71,122.886
1029,07/09/2026 09:51:58,21.85,122.020
1030,07/09/2026 10:01:58,22.02,121.194
1031,07/09/2026 10:11:58,22.19,120.343
1032,07/09/2026 10:21:58,22.37,119.518
1033,07/09/2026 10:31:58,22.53,118.719
1034,07/09/2026 10:41:58,22.69,117.907
1035,07/09/2026 10:51:58,22.86,117.109
1036,07/09/2026 11:01:58,23.03,116.307
1037,07/09/2026 11:11:58,23.20,115.552
1038,07/09/2026 11:21:58,23.40,114.806
1039,07/09/2026 11:31:58,23.56,114.077
1040,07/09/2026 11:41:58,23.75,113.374
1041,07/09/2026 11:51:58,23.97,112.705
1042,07/09/2026 12:01:58,24.14,112.070
1043,07/09/2026 12:11:58,24.32,111.439
1044,07/09/2026 12:21:58,24.46,110.871
1045,07/09/2026 12:31:58,24.57,110.340
1046,07/09/2026 12:41:58,24.66,109.893
1047,07/09/2026 12:51:58,24.80,109.485
1048,07/09/2026 13:01:58,24.95,109.190
1049,07/09/2026 13:11:58,25.10,108.938
1050,07/09/2026 13:21:58,25.26,108.908
1051,07/09/2026 13:31:58,25.38,109.066
1052,07/09/2026 13:41:58,25.39,109.288
1053,07/09/2026 13:51:58,25.56,109.695
1054,07/09/2026 14:01:58,25.30,110.218
1055,07/09/2026 14:11:58,25.21,110.842
1056,07/09/2026 14:21:58,25.14,111.458
1057,07/09/2026 14:31:58,25.21,112.149
1058,07/09/2026 14:41:58,25.17,112.800
1059,07/09/2026 14:51:58,25.07,113.522
1060,07/09/2026 15:01:58,25.01,114.270
1061,07/09/2026 15:11:58,24.85,115.075
1062,07/09/2026 15:21:58,24.73,115.840
1063,07/09/2026 15:31:58,24.75,116.718
1064,07/09/2026 15:41:58,24.70,117.616
1065,07/09/2026 15:51:58,24.38,118.602
1066,07/09/2026 16:01:58,23.95,119.606
1067,07/09/2026 16:11:58,23.58,120.660
1068,07/09/2026 16:21:58,23.39,121.786
1069,07/09/2026 16:31:58,23.16,122.954
1070,07/09/2026 16:41:58,22.94,124.090
1071,07/09/2026 16:51:58,22.75,125.283
1072,07/09/2026 17:01:58,22.61,126.521
1073,07/09/2026 17:11:58,22.57,127.677
1074,07/09/2026 17:21:58,22.67,128.774
1075,07/09/2026 17:31:58,22.63,129.894
1076,07/09/2026 17:41:58,22.44,130.878
1077,07/09/2026 17:51:58,22.24,131.757
1078,07/09/2026 18:01:58,22.01,132.571
1079,07/09/2026 18:11:58,21.65,133.267
1080,07/09/2026 18:21:58,21.20,133.871
1081,07/09/2026 18:31:58,20.77,134.424
1082,07/09/2026 18:41:58,20.27,134.831
1083,07/09/2026 18:51:58,19.89,135.202
1084,07/09/2026 19:01:58,19.60,135.404
1085,07/09/2026 19:11:58,19.45,135.606
1086,07/09/2026 19:21:58,19.36,135.728
1087,07/09/2026 19:31:58,19.29,135.748
1088,07/09/2026 19:41:58,19.25,135.751
1089,07/09/2026 19:51:58,19.22,135.557
1090,07/09/2026 20:01:58,19.19,135.291
1091,07/09/2026 20:11:58,19.21,134.945
1092,07/09/2026 20:21:58,19.37,134.560
1093,07/09/2026 20:31:58,19.63,134.011
1094,07/09/2026 20:41:58,20.28,133.467
1095,07/09/2026 20:51:58,20.90,132.752
1096,07/09/2026 21:01:58,21.31,131.989
1097,07/09/2026 21:11:58,21.76,131.151
1098,07/09/2026 21:21:58,22.06,130.216
1099,07/09/2026 21:31:58,22.34,129.260
1100,07/09/2026 21:41:58,22.58,128.260
1101,07/09/2026 21:51:58,22.79,127.308
1102,07/09/2026 22:01:58,22.97,126.355
1103,07/09/2026 22:11:58,23.11,125.369
1104,07/09/2026 22:21:58,23.24,124.382
1105,07/09/2026 22:31:58,23.33,123.395
1106,07/09/2026 22:41:58,23.46,122.449
1107,07/09/2026 22:51:58,23.56,121.481
1108,07/09/2026 23:01:58,23.68,120.573
1109,07/09/2026 23:11:58,23.82,119.637
1110,07/09/2026 23:21:58,23.93,118.722
1111,07/09/2026 23:31:58,24.06,117.834
1112,07/09/2026 23:41:58,24.17,116.949
1113,07/09/2026 23:51:58,24.28,116.062
1114,07/10/2026 00:01:58,24.39,115.229
1115,07/10/2026 00:11:58,24.50,114.414
1116,07/10/2026 00:21:58,24.58,113.607
1117,07/10/2026 00:31:58,24.66,112.843
1118,07/10/2026 00:41:58,24.73,112.109
1119,07/10/2026 00:51:58,24.78,111.399
1120,07/10/2026 01:01:58,24.83,110.716
1121,07/10/2026 01:11:58,24.89,110.083
1122,07/10/2026 01:21:58,24.96,109.472
1123,07/10/2026 01:31:58,25.03,108.957
1124,07/10/2026 01:41:58,25.09,108.455
1125,07/10/2026 01:51:58,25.15,108.033
1126,07/10/2026 02:01:58,25.19,107.686
1127,07/10/2026 02:11:58,25.23,107.461
1128,07/10/2026 02:21:58,25.22,107.427
1129,07/10/2026 02:31:58,25.13,107.496
1130,07/10/2026 02:41:58,25.11,107.797
1131,07/10/2026 02:51:58,25.11,108.225
1132,07/10/2026 03:01:58,25.20,108.713
1133,07/10/2026 03:11:58,25.19,109.376
1134,07/10/2026 03:21:58,25.13,110.067
1135,07/10/2026 03:31:58,25.06,110.775
1136,07/10/2026 03:41:58,24.86,111.540
1137,07/10/2026 03:51:58,24.57,112.320
1138,07/10/2026 04:01:58,24.44,113.112
1139,07/10/2026 04:11:58,24.29,113.959
1140,07/10/2026 04:21:58,24.16,114.828
1141,07/10/2026 04:31:58,24.07,115.732
1142,07/10/2026 04:41:58,24.00,116.667
1143,07/10/2026 04:51:58,23.96,117.683
1144,07/10/2026 05:01:58,23.86,118.687
1145,07/10/2026 05:11:58,23.69,119.689
1146,07/10/2026 05:21:58,23.53,120.739
1147,07/10/2026 05:31:58,23.36,121.849
1148,07/10/2026 05:41:58,23.11,122.902
1149,07/10/2026 05:51:58,22.86,123.987
1150,07/10/2026 06:01:58,22.74,125.105
1151,07/10/2026 06:11:58,22.62,126.164
1152,07/10/2026 06:21:58,22.49,127.211
1153,07/10/2026 06:31:58,22.43,128.193
1154,07/10/2026 06:41:58,22.42,129.108
1155,07/10/2026 06:51:58,22.33,129.954
1156,07/10/2026 07:01:58,22.15,130.675
1157,07/10/2026 07:11:58,21.95,131.284
1158,07/10/2026 07:21:58,21.68,131.717
1159,07/10/2026 07:31:58,21.08,132.141
1160,07/10/2026 07:41:58,20.41,132.330
1161,07/10/2026 07:51:58,20.17,132.520
1162,07/10/2026 08:01:58,19.90,132.441
1163,07/10/2026 08:11:58,19.94,132.352
1164,07/10/2026 08:21:58,19.70,132.128
1165,07/10/2026 08:31:58,20.02,131.726
1166,07/10/2026 08:41:58,20.22,131.262
1167,07/10/2026 08:51:58,20.57,130.725
1168,07/10/2026 09:01:58,20.94,130.120
1169,07/10/2026 09:11:58,21.56,129.483
1170,07/10/2026 09:21:58,22.11,128.802
1171,07/10/2026 09:31:58,22.31,128.079
1172,07/10/2026 09:41:58,22.41,127.367
1173,07/10/2026 09:51:58,22.46,126.713
1174,07/10/2026 10:01:58,22.47,125.858
1175,07/10/2026 10:11:58,22.65,125.106
1176,07/10/2026 10:21:58,22.78,124.371
1177,07/10/2026 10:31:58,23.08,123.461
1178,07/10/2026 10:41:58,23.26,122.652
1179,07/10/2026 10:51:58,23.43,121.833
1180,07/10/2026 11:01:58,23.60,120.990
1181,07/10/2026 11:11:58,23.76,120.190
1182,07/10/2026 11:21:58,23.98,119.336
1183,07/10/2026 11:31:58,24.17,118.559
1184,07/10/2026 11:41:58,24.39,117.698
1185,07/10/2026 11:51:58,24.56,116.891
1186,07/10/2026 12:01:58,24.77,116.103
1187,07/10/2026 12:11:58,24.97,115.314
1188,07/10/2026 12:21:58,25.11,114.572
1189,07/10/2026 12:31:58,25.26,113.817
1190,07/10/2026 12:41:58,25.40,113.113
1191,07/10/2026 12:51:58,25.53,112.434
1192,07/10/2026 13:01:58,25.63,111.789
1193,07/10/2026 13:11:58,25.77,111.182
1194,07/10/2026 13:21:58,25.92,110.635
1195,07/10/2026 13:31:58,26.08,110.068
1196,07/10/2026 13:41:58,26.21,109.596
1197,07/10/2026 13:51:58,26.32,109.175
1198,07/10/2026 14:01:58,26.48,108.868
1199,07/10/2026 14:11:58,26.56,108.677
1200,07/10/2026 14:21:58,26.83,108.721
1201,07/10/2026 14:31:58,26.85,109.028
1202,07/10/2026 14:41:58,26.85,109.263
1203,07/10/2026 14:51:58,26.67,109.729
1204,07/10/2026 15:01:58,26.49,110.359
1205,07/10/2026 15:11:58,26.52,111.036
1206,07/10/2026 15:21:58,26.49,111.729
1207,07/10/2026 15:31:58,26.32,112.394
1208,07/10/2026 15:41:58,25.94,113.104
1209,07/10/2026 15:51:58,26.09,113.904
1210,07/10/2026 16:01:58,25.85,114.673
1211,07/10/2026 16:11:58,25.62,115.579
1212,07/10/2026 16:21:58,25.84,116.457
1213,07/10/2026 16:31:58,25.88,117.366
1214,07/10/2026 16:41:58,25.71,118.317
1215,07/10/2026 16:51:58,25.34,119.373
1216,07/10/2026 17:01:58,24.75,120.468
1217,07/10/2026 17:11:58,24.50,121.618
1218,07/10/2026 17:21:58,24.38,122.751
1219,07/10/2026 17:31:58,24.16,124.001
1220,07/10/2026 17:41:58,23.88,125.264
1221,07/10/2026 17:51:58,23.66,126.543
1222,07/10/2026 18:01:58,23.53,127.799
1223,07/10/2026 18:11:58,23.46,129.066
1224,07/10/2026 18:21:58,23.32,130.210
1225,07/10/2026 18:31:58,23.08,131.287
1226,07/10/2026 18:41:58,22.77,132.279
1227,07/10/2026 18:51:58,22.51,133.122
1228,07/10/2026 19:01:58,22.29,133.937
1229,07/10/2026 19:11:58,21.80,134.626
1230,07/10/2026 19:21:58,21.17,135.256
1231,07/10/2026 19:31:58,20.76,135.746
1232,07/10/2026 19:41:58,20.51,136.168
1233,07/10/2026 19:51:58,20.33,136.506
1234,07/10/2026 20:01:58,20.19,136.760
1235,07/10/2026 20:11:58,20.12,136.968
1236,07/10/2026 20:21:58,20.04,137.094
1237,07/10/2026 20:31:58,19.95,137.109
1238,07/10/2026 20:41:58,19.89,137.112
1239,07/10/2026 20:51:58,19.82,136.982
1240,07/10/2026 21:01:58,19.79,136.672
1241,07/10/2026 21:11:58,19.79,136.325
1242,07/10/2026 21:21:58,19.96,135.884
1243,07/10/2026 21:31:58,20.61,135.332
1244,07/10/2026 21:41:58,21.06,134.688
1245,07/10/2026 21:51:58,21.12,133.954
1246,07/10/2026 22:01:58,21.25,133.338
1247,07/10/2026 22:11:58,21.74,132.487
1248,07/10/2026 22:21:58,21.97,131.588
1249,07/10/2026 22:31:58,22.31,130.619
1250,07/10/2026 22:41:58,22.68,129.622
1251,07/10/2026 22:51:58,22.96,128.530
1252,07/10/2026 23:01:58,23.15,127.504
1253,07/10/2026 23:11:58,23.29,126.457
1254,07/10/2026 23:21:58,23.39,125.392
1255,07/10/2026 23:31:58,23.50,124.384
1256,07/10/2026 23:41:58,23.60,123.385
1257,07/10/2026 23:51:58,23.68,122.348
1258,07/11/2026 00:01:58,23.77,121.363
1259,07/11/2026 00:11:58,23.86,120.404
1260,07/11/2026 00:21:58,23.94,119.458
1261,07/11/2026 00:31:58,24.02,118.500
1262,07/11/2026 00:41:58,24.12,117.590
1263,07/11/2026 00:51:58,24.25,116.673
1264,07/11/2026 01:01:58,24.33,115.827
1265,07/11/2026 01:11:58,24.40,114.968
1266,07/11/2026 01:21:58,24.48,114.148
1267,07/11/2026 01:31:58,24.57,113.384
1268,07/11/2026 01:41:58,24.65,112.603
1269,07/11/2026 01:51:58,24.73,111.852
1270,07/11/2026 02:01:58,24.78,111.151
1271,07/11/2026 02:11:58,24.85,110.502
1272,07/11/2026 02:21:58,24.93,109.844
1273,07/11/2026 02:31:58,24.99,109.224
1274,07/11/2026 02:41:58,25.03,108.663
1275,07/11/2026 02:51:58,25.07,108.165
1276,07/11/2026 03:01:58,25.11,107.747
1277,07/11/2026 03:11:58,25.13,107.358
1278,07/11/2026 03:21:58,25.17,107.103
1279,07/11/2026 03:31:58,24.96,106.990
1280,07/11/2026 03:41:58,24.94,107.144
1281,07/11/2026 03:51:58,24.97,107.384
1282,07/11/2026 04:01:58,25.00,107.912
1283,07/11/2026 04:11:58,25.11,108.611
1284,07/11/2026 04:21:58,25.12,109.337
1285,07/11/2026 04:31:58,25.08,110.154
1286,07/11/2026 04:41:58,25.04,110.922
1287,07/11/2026 04:51:58,24.85,111.762
1288,07/11/2026 05:01:58,24.75,112.614
1289,07/11/2026 05:11:58,24.74,113.548
1290,07/11/2026 05:21:58,24.61,114.400
1291,07/11/2026 05:31:58,24.45,115.319
1292,07/11/2026 05:41:58,24.30,116.222
1293,07/11/2026 05:51:58,24.13,117.138
1294,07/11/2026 06:01:58,24.04,118.175
1295,07/11/2026 06:11:58,23.97,119.230
1296,07/11/2026 06:21:58,23.83,120.318
1297,07/11/2026 06:31:58,23.70,121.429
1298,07/11/2026 06:41:58,23.53,122.577
1299,07/11/2026 06:51:58,23.28,123.742
1300,07/11/2026 07:01:58,23.14,124.876
1301,07/11/2026 07:11:58,23.03,126.085
1302,07/11/2026 07:21:58,22.91,127.162
1303,07/11/2026 07:31:58,22.82,128.215
1304,07/11/2026 07:41:58,22.74,129.253
1305,07/11/2026 07:51:58,22.71,130.186
1306,07/11/2026 08:01:58,22.62,130.968
1307,07/11/2026 08:11:58,22.42,131.697
1308,07/11/2026 08:21:58,22.19,132.289
1309,07/11/2026 08:31:58,21.93,132.774
1310,07/11/2026 08:41:58,21.59,133.133
1311,07/11/2026 08:51:58,21.05,133.363
1312,07/11/2026 09:01:58,20.56,133.478
1313,07/11/2026 09:11:58,20.45,133.497
1314,07/11/2026 09:21:58,20.54,133.341
1315,07/11/2026 09:31:58,20.56,133.017
1316,07/11/2026 09:41:58,20.49,132.567
1317,07/11/2026 09:51:58,20.72,132.115
1318,07/11/2026 10:01:58,21.27,131.549
1319,07/11/2026 10:11:58,21.73,130.882
1320,07/11/2026 10:21:58,22.05,130.113
1321,07/11/2026 10:31:58,22.34,129.434
1322,07/11/2026 10:41:58,22.55,128.677
1323,07/11/2026 10:51:58,22.70,127.876
1324,07/11/2026 11:01:58,22.83,127.079
1325,07/11/2026 11:11:58,23.00,126.216
1326,07/11/2026 11:21:58,23.18,125.370
1327,07/11/2026 11:31:58,23.34,124.546
1328,07/11/2026 11:41:58,23.49,123.658
1329,07/11/2026 11:51:58,23.63,122.843
1330,07/11/2026 12:01:58,23.82,121.974
1331,07/11/2026 12:11:58,24.03,121.081
1332,07/11/2026 12:21:58,24.23,120.226
1333,07/11/2026 12:31:58,24.42,119.381
1334,07/11/2026 12:41:58,24.61,118.531
1335,07/11/2026 12:51:58,24.79,117.674
1336,07/11/2026 13:01:58,24.97,116.829
1337,07/11/2026 13:11:58,25.17,116.070
1338,07/11/2026 13:21:58,25.34,115.243
1339,07/11/2026 13:31:58,25.48,114.517
1340,07/11/2026 13:41:58,25.62,113.766
1341,07/11/2026 13:51:58,25.76,113.066
1342,07/11/2026 14:01:58,25.88,112.404
1343,07/11/2026 14:11:58,26.04,111.819
1344,07/11/2026 14:21:58,26.15,111.204
1345,07/11/2026 14:31:58,26.25,110.605
1346,07/11/2026 14:41:58,26.34,110.116
1347,07/11/2026 14:51:58,26.41,109.693
1348,07/11/2026 15:01:58,26.51,109.356
1349,07/11/2026 15:11:58,26.57,109.126
1350,07/11/2026 15:21:58,26.76,109.030
1351,07/11/2026 15:31:58,26.78,109.148
1352,07/11/2026 15:41:58,26.78,109.500
1353,07/11/2026 15:51:58,26.65,109.896
1354,07/11/2026 16:01:58,26.56,110.591
1355,07/11/2026 16:11:58,26.49,111.283
1356,07/11/2026 16:21:58,26.42,111.975
1357,07/11/2026 16:31:58,26.34,112.798
1358,07/11/2026 16:41:58,26.10,113.537
1359,07/11/2026 16:51:58,26.13,114.313
1360,07/11/2026 17:01:58,26.01,115.154
1361,07/11/2026 17:11:58,25.82,115.976
1362,07/11/2026 17:21:58,25.89,116.974
1363,07/11/2026 17:31:58,25.97,117.913
1364,07/11/2026 17:41:58,25.82,118.941
1365,07/11/2026 17:51:58,25.53,119.975
1366,07/11/2026 18:01:58,25.10,121.145
1367,07/11/2026 18:11:58,24.75,122.370
1368,07/11/2026 18:21:58,24.53,123.709
1369,07/11/2026 18:31:58,24.36,124.983
1370,07/11/2026 18:41:58,24.15,126.368
1371,07/11/2026 18:51:58,23.97,127.678
1372,07/11/2026 19:01:58,23.95,129.002
1373,07/11/2026 19:11:58,23.86,130.305
1374,07/11/2026 19:21:58,23.69,131.491
1375,07/11/2026 19:31:58,23.43,132.629
1376,07/11/2026 19:41:58,23.12,133.681
1377,07/11/2026 19:51:58,22.84,134.551
1378,07/11/2026 20:01:58,22.16,135.419
1379,07/11/2026 20:11:58,21.55,136.075
1380,07/11/2026 20:21:58,21.11,136.676
1381,07/11/2026 20:31:58,20.75,137.173
1382,07/11/2026 20:41:58,20.52,137.587
1383,07/11/2026 20:51:58,20.33,137.938
1384,07/11/2026 21:01:58,20.23,138.236
1385,07/11/2026 21:11:58,20.15,138.457
1386,07/11/2026 21:21:58,20.07,138.592
1387,07/11/2026 21:31:58,20.01,138.706
1388,07/11/2026 21:41:58,19.99,138.650
1389,07/11/2026 21:51:58,20.01,138.487
1390,07/11/2026 22:01:58,20.00,138.221
1391,07/11/2026 22:11:58,20.00,137.728
1392,07/11/2026 22:21:58,20.29,137.200
1393,07/11/2026 22:31:58,20.50,136.601
1394,07/11/2026 22:41:58,20.88,135.886
1395,07/11/2026 22:51:58,20.90,135.189
1396,07/11/2026 23:01:58,21.05,134.423
1397,07/11/2026 23:11:58,21.47,133.642
1398,07/11/2026 23:21:58,21.78,132.787
1399,07/11/2026 23:31:58,22.07,131.769
1400,07/11/2026 23:41:58,22.36,130.689
1401,07/11/2026 23:51:58,22.61,129.582
1402,07/12/2026 00:01:58,22.80,128.534
1403,07/12/2026 00:11:58,22.93,127.426
1404,07/12/2026 00:21:58,23.03,126.344
1405,07/12/2026 00:31:58,23.17,125.251
1406,07/12/2026 00:41:58,23.24,124.157
1407,07/12/2026 00:51:58,23.28,123.114
1408,07/12/2026 01:01:58,23.33,122.073
1409,07/12/2026 01:11:58,23.37,121.048
1410,07/12/2026 01:21:58,23.40,120.063
1411,07/12/2026 01:31:58,23.46,119.104
1412,07/12/2026 01:41:58,23.52,118.150
1413,07/12/2026 01:51:58,23.60,117.236
1414,07/12/2026 02:01:58,23.67,116.334
1415,07/12/2026 02:11:58,23.76,115.497
1416,07/12/2026 02:21:58,23.83,114.593
1417,07/12/2026 02:31:58,23.89,113.798
1418,07/12/2026 02:41:58,23.94,113.020
1419,07/12/2026 02:51:58,23.98,112.239
1420,07/12/2026 03:01:58,24.01,111.500
1421,07/12/2026 03:11:58,24.03,110.777
1422,07/12/2026 03:21:58,24.05,110.114
1423,07/12/2026 03:31:58,24.08,109.439
1424,07/12/2026 03:41:58,24.07,108.797
1425,07/12/2026 03:51:58,24.08,108.181
1426,07/12/2026 04:01:58,24.07,107.661
1427,07/12/2026 04:11:58,24.06,107.188
1428,07/12/2026 04:21:58,23.94,106.775
1429,07/12/2026 04:31:58,23.92,106.519
1430,07/12/2026 04:41:58,23.90,106.439
1431,07/12/2026 04:51:58,23.95,106.683
1432,07/12/2026 05:01:58,23.93,107.219
1433,07/12/2026 05:11:58,23.99,107.827
1434,07/12/2026 05:21:58,24.05,108.512
1435,07/12/2026 05:31:58,24.08,109.267
1436,07/12/2026 05:41:58,24.07,110.081
1437,07/12/2026 05:51:58,24.08,110.959
1438,07/12/2026 06:01:58,24.04,111.832
1439,07/12/2026 06:11:58,24.14,112.781
1440,07/12/2026 06:21:58,24.14,113.791
1441,07/12/2026 06:31:58,24.02,114.744
1442,07/12/2026 06:41:58,23.97,115.696
1443,07/12/2026 06:51:58,23.86,116.714
1444,07/12/2026 07:01:58,23.72,117.762
1445,07/12/2026 07:11:58,23.59,118.824
1446,07/12/2026 07:21:58,23.55,119.944
1447,07/12/2026 07:31:58,23.50,121.119
1448,07/12/2026 07:41:58,23.40,122.231
1449,07/12/2026 07:51:58,23.23,123.435
1450,07/12/2026 08:01:58,23.13,124.660
1451,07/12/2026 08:11:58,23.05,125.881
1452,07/12/2026 08:21:58,22.96,127.082
1453,07/12/2026 08:31:58,22.90,128.247
1454,07/12/2026 08:41:58,22.79,129.310
1455,07/12/2026 08:51:58,22.76,130.426
1456,07/12/2026 09:01:58,22.67,131.367
1457,07/12/2026 09:11:58,22.55,132.166
1458,07/12/2026 09:21:58,22.37,132.892
1459,07/12/2026 09:31:58,22.05,133.414
1460,07/12/2026 09:41:58,21.77,133.894
1461,07/12/2026 09:51:58,21.44,134.211
1462,07/12/2026 10:01:58,21.10,134.360
1463,07/12/2026 10:11:58,20.85,134.401
1464,07/12/2026 10:21:58,20.78,134.241
1465,07/12/2026 10:31:58,20.84,133.977
1466,07/12/2026 10:41:58,20.85,133.545
1467,07/12/2026 10:51:58,21.14,133.019
1468,07/12/2026 11:01:58,21.59,132.423
1469,07/12/2026 11:11:58,21.81,131.720
1470,07/12/2026 11:21:58,22.16,131.025
1471,07/12/2026 11:31:58,22.45,130.239
1472,07/12/2026 11:41:58,22.66,129.524
1473,07/12/2026 11:51:58,22.85,128.710
1474,07/12/2026 12:01:58,23.08,127.868
1475,07/12/2026 12:11:58,23.20,127.054
1476,07/12/2026 12:21:58,23.37,126.144
1477,07/12/2026 12:31:58,23.53,125.222
1478,07/12/2026 12:41:58,23.67,124.325
1479,07/12/2026 12:51:58,23.85,123.455
1480,07/12/2026 13:01:58,24.02,122.551
1481,07/12/2026 13:11:58,24.20,121.700
1482,07/12/2026 13:21:58,24.41,120.747
1483,07/12/2026 13:31:58,24.61,119.838
1484,07/12/2026 13:41:58,24.79,119.030
1485,07/12/2026 13:51:58,24.98,118.181
1486,07/12/2026 14:01:58,25.15,117.226
1487,07/12/2026 14:11:58,25.32,116.403
1488,07/12/2026 14:21:58,25.44,115.566
1489,07/12/2026 14:31:58,25.57,114.755
1490,07/12/2026 14:41:58,25.68,113.987
1491,07/12/2026 14:51:58,25.77,113.252
1492,07/12/2026 15:01:58,25.85,112.509
1493,07/12/2026 15:11:58,25.95,111.817
1494,07/12/2026 15:21:58,26.01,111.188
1495,07/12/2026 15:31:58,26.03,110.583
1496,07/12/2026 15:41:58,26.06,109.979
1497,07/12/2026 15:51:58,26.07,109.450
1498,07/12/2026 16:01:58,26.14,109.036
1499,07/12/2026 16:11:58,26.09,108.654
1500,07/12/2026 16:21:58,26.18,108.396
1501,07/12/2026 16:31:58,26.32,108.441
1502,07/12/2026 16:41:58,26.29,108.767
1503,07/12/2026 16:51:58,26.18,109.209
1504,07/12/2026 17:01:58,26.14,109.767
1505,07/12/2026 17:11:58,26.09,110.492
1506,07/12/2026 17:21:58,26.07,111.248
1507,07/12/2026 17:31:58,26.06,112.009
1508,07/12/2026 17:41:58,25.93,112.805
1509,07/12/2026 17:51:58,25.60,113.732
1510,07/12/2026 18:01:58,25.49,114.547
1511,07/12/2026 18:11:58,25.39,115.539
1512,07/12/2026 18:21:58,25.39,116.497
1513,07/12/2026 18:31:58,25.42,117.545
1514,07/12/2026 18:41:58,25.48,118.582
1515,07/12/2026 18:51:58,25.44,119.676
1516,07/12/2026 19:01:58,25.12,120.782
1517,07/12/2026 19:11:58,24.79,122.142
1518,07/12/2026 19:21:58,24.55,123.404
1519,07/12/2026 19:31:58,24.38,124.733
1520,07/12/2026 19:41:58,24.21,126.178
1521,07/12/2026 19:51:58,24.06,127.655
1522,07/12/2026 20:01:58,23.94,129.109
1523,07/12/2026 20:11:58,23.93,130.511
1524,07/12/2026 20:21:58,23.86,131.833
1525,07/12/2026 20:31:58,23.57,133.073
1526,07/12/2026 20:41:58,23.27,134.138
1527,07/12/2026 20:51:58,22.90,135.122
1528,07/12/2026 21:01:58,21.97,136.014
1529,07/12/2026 21:11:58,21.10,136.788
1530,07/12/2026 21:21:58,20.57,137.438
1531,07/12/2026 21:31:58,20.34,138.003
1532,07/12/2026 21:41:58,20.29,138.452
1533,07/12/2026 21:51:58,20.28,138.846
1534,07/12/2026 22:01:58,20.29,139.186
1535,07/12/2026 22:11:58,20.25,139.455
1536,07/12/2026 22:21:58,20.23,139.609
1537,07/12/2026 22:31:58,20.22,139.699
1538,07/12/2026 22:41:58,20.19,139.664
1539,07/12/2026 22:51:58,20.23,139.540
1540,07/12/2026 23:01:58,20.20,139.248
1541,07/12/2026 23:11:58,20.21,138.836
1542,07/12/2026 23:21:58,20.52,138.145
1543,07/12/2026 23:31:58,20.82,136.793
1544,07/12/2026 23:41:58,20.78,136.150
1545,07/12/2026 23:51:58,20.71,135.403
1546,07/13/2026 00:01:58,20.76,134.578
1547,07/13/2026 00:11:58,21.04,133.841
1548,07/13/2026 00:21:58,21.32,132.933
1549,07/13/2026 00:31:58,21.50,131.952
1550,07/13/2026 00:41:58,21.87,130.894
1551,07/13/2026 00:51:58,22.09,129.748
1552,07/13/2026 01:01:58,22.30,128.598
1553,07/13/2026 01:11:58,22.48,127.445
1554,07/13/2026 01:21:58,22.54,126.268
1555,07/13/2026 01:31:58,22.64,125.098
1556,07/13/2026 01:41:58,22.68,123.982
1557,07/13/2026 01:51:58,22.74,122.868
1558,07/13/2026 02:01:58,22.79,121.784
1559,07/13/2026 02:11:58,22.82,120.705
1560,07/13/2026 02:21:58,22.86,119.690
1561,07/13/2026 02:31:58,22.92,118.656
1562,07/13/2026 02:41:58,22.95,117.702
1563,07/13/2026 02:51:58,23.06,116.788
1564,07/13/2026 03:01:58,23.11,115.895
1565,07/13/2026 03:11:58,23.20,114.991
1566,07/13/2026 03:21:58,23.27,114.133
1567,07/13/2026 03:31:58,23.33,113.284
1568,07/13/2026 03:41:58,23.38,112.469
1569,07/13/2026 03:51:58,23.39,111.671
1570,07/13/2026 04:01:58,23.38,110.893
1571,07/13/2026 04:11:58,23.37,110.125
1572,07/13/2026 04:21:58,23.40,109.412
1573,07/13/2026 04:31:58,23.42,108.703
1574,07/13/2026 04:41:58,23.41,108.041
1575,07/13/2026 04:51:58,23.40,107.383
1576,07/13/2026 05:01:58,23.33,106.770
1577,07/13/2026 05:11:58,23.25,106.162
1578,07/13/2026 05:21:58,23.23,105.663
1579,07/13/2026 05:31:58,23.25,105.216
1580,07/13/2026 05:41:58,23.27,104.970
1581,07/13/2026 05:51:58,23.25,104.945
1582,07/13/2026 06:01:58,23.24,105.145
1583,07/13/2026 06:11:58,23.19,105.725
1584,07/13/2026 06:21:58,23.25,106.542
1585,07/13/2026 06:31:58,23.29,107.293
1586,07/13/2026 06:41:58,23.32,108.173
1587,07/13/2026 06:51:58,23.35,109.088
1588,07/13/2026 07:01:58,23.55,110.003
1589,07/13/2026 07:11:58,23.52,111.518
1590,07/13/2026 07:21:58,23.63,112.542
1591,07/13/2026 07:31:58,23.66,113.603
1592,07/13/2026 07:41:58,23.57,114.671
1593,07/13/2026 07:51:58,23.46,115.667
1594,07/13/2026 08:01:58,23.40,116.779
1595,07/13/2026 08:11:58,23.27,117.861
1596,07/13/2026 08:21:58,23.19,119.009
1597,07/13/2026 08:31:58,23.18,120.227
1598,07/13/2026 08:41:58,23.12,121.495
1599,07/13/2026 08:51:58,22.98,122.746
1600,07/13/2026 09:01:58,22.88,124.051
1601,07/13/2026 09:11:58,22.80,125.403
1602,07/13/2026 09:21:58,22.76,126.695
1603,07/13/2026 09:31:58,22.74,127.962
1604,07/13/2026 09:41:58,22.71,129.180
1605,07/13/2026 09:51:58,22.67,130.283
1606,07/13/2026 10:01:58,22.56,131.325
1607,07/13/2026 10:11:58,22.37,132.187
1608,07/13/2026 10:21:58,21.95,132.941
1609,07/13/2026 10:31:58,21.35,133.554
1610,07/13/2026 10:41:58,20.88,134.034
1611,07/13/2026 10:51:58,20.45,134.399
1612,07/13/2026 11:01:58,20.03,134.624
1613,07/13/2026 11:11:58,19.82,134.665
1614,07/13/2026 11:21:58,19.72,134.620
1615,07/13/2026 11:31:58,19.65,134.477
1616,07/13/2026 11:41:58,19.62,134.096
1617,07/13/2026 11:51:58,19.75,133.595
1618,07/13/2026 12:01:58,20.75,132.919
1619,07/13/2026 12:11:58,21.39,132.329
1620,07/13/2026 12:21:58,22.33,131.430
1621,07/13/2026 12:31:58,22.71,130.604
1622,07/13/2026 12:41:58,22.97,129.745
1623,07/13/2026 12:51:58,23.14,128.867
1624,07/13/2026 13:01:58,23.28,127.937
1625,07/13/2026 13:11:58,23.49,127.053
1626,07/13/2026 13:21:58,23.72,126.127
1627,07/13/2026 13:31:58,23.87,125.154
1628,07/13/2026 13:41:58,24.05,124.224
1629,07/13/2026 13:51:58,24.27,123.253
1630,07/13/2026 14:01:58,24.45,122.316
1631,07/13/2026 14:11:58,24.66,121.342
1632,07/13/2026 14:21:58,24.85,120.347
1633,07/13/2026 14:31:58,25.07,119.405
1634,07/13/2026 14:41:58,25.27,118.458
1635,07/13/2026 14:51:58,25.42,117.587
1636,07/13/2026 15:01:58,25.54,116.631
1637,07/13/2026 15:11:58,25.71,115.703
1638,07/13/2026 15:21:58,25.82,114.833
1639,07/13/2026 15:31:58,25.92,114.014
1640,07/13/2026 15:41:58,26.01,113.178
1641,07/13/2026 15:51:58,26.08,112.434
1642,07/13/2026 16:01:58,26.17,111.646
1643,07/13/2026 16:11:58,26.26,110.916
1644,07/13/2026 16:21:58,26.31,110.212
1645,07/13/2026 16:31:58,26.32,109.557
1646,07/13/2026 16:41:58,26.24,108.926
1647,07/13/2026 16:51:58,26.24,108.322
1648,07/13/2026 17:01:58,26.22,107.805
1649,07/13/2026 17:11:58,26.23,107.395
1650,07/13/2026 17:21:58,26.19,107.080
1651,07/13/2026 17:31:58,26.12,106.886
1652,07/13/2026 17:41:58,26.25,106.989
1653,07/13/2026 17:51:58,26.36,107.427
1654,07/13/2026 18:01:58,26.13,108.021
1655,07/13/2026 18:11:58,26.08,108.729
1656,07/13/2026 18:21:58,25.99,109.541
1657,07/13/2026 18:31:58,25.94,110.329
1658,07/13/2026 18:41:58,25.90,111.223
1659,07/13/2026 18:51:58,25.54,112.178
1660,07/13/2026 19:01:58,25.24,113.197
1661,07/13/2026 19:11:58,25.19,114.148
1662,07/13/2026 19:21:58,25.16,115.192
1663,07/13/2026 19:31:58,25.16,116.281
1664,07/13/2026 19:41:58,25.18,117.417
1665,07/13/2026 19:51:58,25.09,118.581
1666,07/13/2026 20:01:58,24.75,119.820
1667,07/13/2026 20:11:58,24.44,121.155
1668,07/13/2026 20:21:58,24.26,122.545
1669,07/13/2026 20:31:58,24.06,123.982
1670,07/13/2026 20:41:58,23.87,125.455
1671,07/13/2026 20:51:58,23.67,126.964
1672,07/13/2026 21:01:58,23.54,128.498
1673,07/13/2026 21:11:58,23.50,129.976
1674,07/13/2026 21:21:58,23.37,131.406
1675,07/13/2026 21:31:58,22.99,132.682
1676,07/13/2026 21:41:58,22.04,133.786
1677,07/13/2026 21:51:58,20.62,134.823
1678,07/13/2026 22:01:58,19.17,135.697
1679,07/13/2026 22:11:58,17.82,136.477
1680,07/13/2026 22:21:58,17.04,137.152
1681,07/13/2026 22:31:58,16.58,137.714
1682,07/13/2026 22:41:58,16.27,138.191
1683,07/13/2026 22:51:58,15.99,138.643
1684,07/13/2026 23:01:58,15.83,138.987
1685,07/13/2026 23:11:58,15.76,139.298
1686,07/13/2026 23:21:58,15.65,139.527
1687,07/13/2026 23:31:58,15.60,139.659
1688,07/13/2026 23:41:58,15.61,139.667
1689,07/13/2026 23:51:58,15.62,139.552
1690,07/14/2026 00:01:58,15.62,139.251
1691,07/14/2026 00:11:58,15.66,138.794
1692,07/14/2026 00:21:58,16.19,138.185
1693,07/14/2026 00:31:58,17.32,137.677
1694,07/14/2026 00:41:58,17.22,136.796
1695,07/14/2026 00:51:58,16.95,136.032
1696,07/14/2026 01:01:58,17.45,135.295
1697,07/14/2026 01:11:58,18.22,134.442
1698,07/14/2026 01:21:58,18.76,133.604
1699,07/14/2026 01:31:58,19.07,132.753
1700,07/14/2026 01:41:58,19.77,131.567
1701,07/14/2026 01:51:58,20.27,130.406
1702,07/14/2026 02:01:58,20.70,129.253
1703,07/14/2026 02:11:58,21.18,127.979
1704,07/14/2026 02:21:58,21.52,126.783
1705,07/14/2026 02:31:58,21.71,125.593
1706,07/14/2026 02:41:58,21.95,124.393
1707,07/14/2026 02:51:58,22.05,123.229
1708,07/14/2026 03:01:58,22.12,122.077
1709,07/14/2026 03:11:58,22.21,120.957
1710,07/14/2026 03:21:58,22.26,119.896
1711,07/14/2026 03:31:58,22.33,118.832
1712,07/14/2026 03:41:58,22.41,117.863
1713,07/14/2026 03:51:58,22.46,116.880
1714,07/14/2026 04:01:58,22.55,115.937
1715,07/14/2026 04:11:58,22.60,115.057
1716,07/14/2026 04:21:58,22.65,114.212
1717,07/14/2026 04:31:58,22.72,113.321
1718,07/14/2026 04:41:58,22.77,112.519
1719,07/14/2026 04:51:58,22.82,111.709
1720,07/14/2026 05:01:58,22.86,110.894
1721,07/14/2026 05:11:58,22.87,110.105
1722,07/14/2026 05:21:58,22.91,109.397
1723,07/14/2026 05:31:58,22.94,108.655
1724,07/14/2026 05:41:58,23.00,107.969
1725,07/14/2026 05:51:58,23.03,107.262
1726,07/14/2026 06:01:58,23.05,106.601
1727,07/14/2026 06:11:58,23.09,105.978
1728,07/14/2026 06:21:58,23.07,105.434
1729,07/14/2026 06:31:58,23.06,104.920
1730,07/14/2026 06:41:58,23.16,104.529
1731,07/14/2026 06:51:58,23.14,104.399
1732,07/14/2026 07:01:58,23.11,104.612
1733,07/14/2026 07:11:58,23.05,105.141
1734,07/14/2026 07:21:58,23.06,105.819
1735,07/14/2026 07:31:58,23.11,106.677
1736,07/14/2026 07:41:58,23.22,107.542
1737,07/14/2026 07:51:58,23.27,108.566
1738,07/14/2026 08:01:58,23.30,109.645
1739,07/14/2026 08:11:58,23.50,110.677
1740,07/14/2026 08:21:58,23.56,111.876
1741,07/14/2026 08:31:58,23.57,112.949
1742,07/14/2026 08:41:58,23.42,114.141
1743,07/14/2026 08:51:58,23.26,115.262
1744,07/14/2026 09:01:58,23.18,116.323
1745,07/14/2026 09:11:58,23.08,117.460
1746,07/14/2026 09:21:58,22.99,118.729
1747,07/14/2026 09:31:58,22.90,119.992
1748,07/14/2026 09:41:58,22.67,121.243
1749,07/14/2026 09:51:58,22.45,122.615
1750,07/14/2026 10:01:58,22.32,123.978
1751,07/14/2026 10:11:58,22.16,125.303
1752,07/14/2026 10:21:58,21.96,126.700
1753,07/14/2026 10:31:58,21.84,128.012
1754,07/14/2026 10:41:58,21.62,129.246
1755,07/14/2026 10:51:58,21.37,130.361
1756,07/14/2026 11:01:58,20.69,131.389
1757,07/14/2026 11:11:58,19.70,132.325
1758,07/14/2026 11:21:58,18.88,133.094
1759,07/14/2026 11:31:58,17.74,133.648
1760,07/14/2026 11:41:58,16.93,134.231
1761,07/14/2026 11:51:58,16.49,134.485
1762,07/14/2026 12:01:58,16.38,134.551
1763,07/14/2026 12:11:58,16.17,134.657
1764,07/14/2026 12:21:58,16.10,134.424
1765,07/14/2026 12:31:58,16.06,134.193
1766,07/14/2026 12:41:58,16.01,133.670
1767,07/14/2026 12:51:58,16.62,133.138
1768,07/14/2026 13:01:58,17.89,132.537
1769,07/14/2026 13:11:58,19.21,131.613
1770,07/14/2026 13:21:58,19.75,131.020
1771,07/14/2026 13:31:58,20.23,130.179
1772,07/14/2026 13:41:58,20.60,129.263
1773,07/14/2026 13:51:58,20.89,128.389
1774,07/14/2026 14:01:58,21.23,127.457
1775,07/14/2026 14:11:58,21.53,126.469
1776,07/14/2026 14:21:58,21.80,125.426
1777,07/14/2026 14:31:58,22.15,124.457
1778,07/14/2026 14:41:58,22.48,123.481
1779,07/14/2026 14:51:58,22.77,122.517
1780,07/14/2026 15:01:58,23.08,121.482
1781,07/14/2026 15:11:58,23.32,120.459
1782,07/14/2026 15:21:58,23.56,119.474
1783,07/14/2026 15:31:58,23.73,118.472
1784,07/14/2026 15:41:58,23.95,117.527
1785,07/14/2026 15:51:58,24.12,116.589
1786,07/14/2026 16:01:58,24.28,115.674
1787,07/14/2026 16:11:58,24.39,114.719
1788,07/14/2026 16:21:58,24.52,113.909
1789,07/14/2026 16:31:58,24.63,113.028
1790,07/14/2026 16:41:58,24.73,112.193
1791,07/14/2026 16:51:58,24.83,111.379
1792,07/14/2026 17:01:58,24.88,110.570
1793,07/14/2026 17:11:58,24.91,109.835
1794,07/14/2026 17:21:58,24.91,109.110
1795,07/14/2026 17:31:58,24.92,108.422
1796,07/14/2026 17:41:58,24.94,107.781
1797,07/14/2026 17:51:58,24.91,107.181
1798,07/14/2026 18:01:58,24.90,106.607
1799,07/14/2026 18:11:58,24.88,106.054
1800,07/14/2026 18:21:58,24.88,105.607
1801,07/14/2026 18:31:58,24.88,105.314
1802,07/14/2026 18:41:58,24.89,105.247
1803,07/14/2026 18:51:58,24.90,105.536
1804,07/14/2026 19:01:58,24.90,106.235
1805,07/14/2026 19:11:58,24.90,107.009
1806,07/14/2026 19:21:58,24.89,107.834
1807,07/14/2026 19:31:58,24.86,108.685
1808,07/14/2026 19:41:58,24.82,109.674
1809,07/14/2026 19:51:58,24.50,110.536
1810,07/14/2026 20:01:58,24.34,111.612
1811,07/14/2026 20:11:58,24.21,112.580
1812,07/14/2026 20:21:58,24.09,113.739
1813,07/14/2026 20:31:58,23.98,114.752
1814,07/14/2026 20:41:58,23.89,115.905
1815,07/14/2026 20:51:58,23.87,117.014
1816,07/14/2026 21:01:58,23.61,118.343
1817,07/14/2026 21:11:58,23.14,119.579
1818,07/14/2026 21:21:58,22.82,121.116
1819,07/14/2026 21:31:58,22.45,122.738
1820,07/14/2026 21:41:58,22.20,124.272
1821,07/14/2026 21:51:58,21.96,125.854
1822,07/14/2026 22:01:58,21.82,127.445
1823,07/14/2026 22:11:58,21.79,128.999
1824,07/14/2026 22:21:58,21.31,130.368
1825,07/14/2026 22:31:58,20.81,131.772
1826,07/14/2026 22:41:58,19.51,132.892
1827,07/14/2026 22:51:58,18.22,134.010
1828,07/14/2026 23:01:58,16.52,134.973
1829,07/14/2026 23:11:58,15.35,135.886
1830,07/14/2026 23:21:58,14.63,136.545
1831,07/14/2026 23:31:58,14.21,137.130
1832,07/14/2026 23:41:58,14.07,137.581
1833,07/14/2026 23:51:58,14.07,137.996
1834,07/15/2026 00:01:58,14.10,138.486
1835,07/15/2026 00:11:58,14.25,138.785
1836,07/15/2026 00:21:58,14.36,139.058
1837,07/15/2026 00:31:58,14.45,139.210
1838,07/15/2026 00:41:58,14.56,139.311
1839,07/15/2026 00:51:58,14.62,139.253
1840,07/15/2026 01:01:58,14.66,139.052
1841,07/15/2026 01:11:58,14.69,138.646
1842,07/15/2026 01:21:58,14.99,137.993
1843,07/15/2026 01:31:58,15.69,137.298
1844,07/15/2026 01:41:58,15.72,136.610
1845,07/15/2026 01:51:58,15.69,135.710
1846,07/15/2026 02:01:58,15.66,134.914
1847,07/15/2026 02:11:58,16.21,134.030
1848,07/15/2026 02:21:58,16.62,133.198
1849,07/15/2026 02:31:58,16.93,132.189
1850,07/15/2026 02:41:58,17.61,131.199
1851,07/15/2026 02:51:58,18.14,130.001
1852,07/15/2026 03:01:58,18.72,128.690
1853,07/15/2026 03:11:58,19.34,127.398
1854,07/15/2026 03:21:58,19.74,126.209
1855,07/15/2026 03:31:58,20.10,125.007
1856,07/15/2026 03:41:58,20.40,123.847
1857,07/15/2026 03:51:58,20.71,122.676
1858,07/15/2026 04:01:58,20.92,121.537
1859,07/15/2026 04:11:58,21.09,120.360
1860,07/15/2026 04:21:58,21.20,119.284
1861,07/15/2026 04:31:58,21.33,118.197
1862,07/15/2026 04:41:58,21.48,117.271
1863,07/15/2026 04:51:58,21.63,116.368
1864,07/15/2026 05:01:58,21.72,115.408
1865,07/15/2026 05:11:58,21.84,114.446
1866,07/15/2026 05:21:58,21.97,113.515
1867,07/15/2026 05:31:58,22.08,112.693
1868,07/15/2026 05:41:58,22.19,111.867
1869,07/15/2026 05:51:58,22.32,111.080
1870,07/15/2026 06:01:58,22.42,110.259
1871,07/15/2026 06:11:58,22.51,109.489
1872,07/15/2026 06:21:58,22.62,108.799
1873,07/15/2026 06:31:58,22.74,108.077
1874,07/15/2026 06:41:58,22.84,107.405
1875,07/15/2026 06:51:58,22.93,106.695
1876,07/15/2026 07:01:58,23.05,106.086
1877,07/15/2026 07:11:58,23.13,105.452
1878,07/15/2026 07:21:58,23.16,104.838
1879,07/15/2026 07:31:58,23.24,104.309
1880,07/15/2026 07:41:58,23.28,103.934
1881,07/15/2026 07:51:58,23.37,103.660
1882,07/15/2026 08:01:58,23.42,103.703
1883,07/15/2026 08:11:58,23.37,104.253
1884,07/15/2026 08:21:58,23.33,105.410
1885,07/15/2026 08:31:58,23.42,106.387
1886,07/15/2026 08:41:58,23.45,107.304
1887,07/15/2026 08:51:58,23.39,108.309
1888,07/15/2026 09:01:58,23.35,109.419
1889,07/15/2026 09:11:58,23.32,110.589
1890,07/15/2026 09:21:58,23.30,111.648
1891,07/15/2026 09:31:58,23.08,112.816
1892,07/15/2026 09:41:58,22.82,113.993
1893,07/15/2026 09:51:58,22.65,115.227
1894,07/15/2026 10:01:58,22.46,116.302
1895,07/15/2026 10:11:58,22.37,117.541
1896,07/15/2026 10:21:58,22.13,118.828
1897,07/15/2026 10:31:58,21.80,120.118
1898,07/15/2026 10:41:58,21.40,121.501
1899,07/15/2026 10:51:58,21.17,122.966
1900,07/15/2026 11:01:58,20.92,124.351
1901,07/15/2026 11:11:58,20.64,125.810
1902,07/15/2026 11:21:58,20.46,127.132
1903,07/15/2026 11:31:58,20.25,128.578
1904,07/15/2026 11:41:58,20.11,129.780
1905,07/15/2026 11:51:58,19.59,130.901
1906,07/15/2026 12:01:58,18.95,131.896
1907,07/15/2026 12:11:58,18.03,132.741
1908,07/15/2026 12:21:58,17.20,133.485
1909,07/15/2026 12:31:58,16.86,134.071
1910,07/15/2026 12:41:58,16.40,134.598
1911,07/15/2026 12:51:58,15.92,134.877
1912,07/15/2026 13:01:58,15.67,135.043
1913,07/15/2026 13:11:58,15.58,134.955
1914,07/15/2026 13:21:58,15.49,134.944
1915,07/15/2026 13:31:58,15.28,134.717
1916,07/15/2026 13:41:58,15.17,134.338
1917,07/15/2026 13:51:58,15.10,133.811
1918,07/15/2026 14:01:58,15.48,133.286
1919,07/15/2026 14:11:58,16.43,132.634
1920,07/15/2026 14:21:58,17.51,131.768
1921,07/15/2026 14:31:58,17.78,130.938
1922,07/15/2026 14:41:58,18.44,130.106
1923,07/15/2026 14:51:58,18.99,129.041
1924,07/15/2026 15:01:58,19.42,128.077
1925,07/15/2026 15:11:58,19.80,127.107
1926,07/15/2026 15:21:58,20.18,125.998
1927,07/15/2026 15:31:58,20.63,125.024
1928,07/15/2026 15:41:58,20.89,123.897
1929,07/15/2026 15:51:58,21.11,122.863
1930,07/15/2026 16:01:58,21.29,121.871
1931,07/15/2026 16:11:58,21.52,120.831
1932,07/15/2026 16:21:58,21.72,119.782
1933,07/15/2026 16:31:58,21.91,118.823
1934,07/15/2026 16:41:58,22.08,117.808
1935,07/15/2026 16:51:58,22.26,116.880
1936,07/15/2026 17:01:58,22.40,115.892
1937,07/15/2026 17:11:58,22.54,114.942
1938,07/15/2026 17:21:58,22.64,114.035
1939,07/15/2026 17:31:58,22.72,113.132
1940,07/15/2026 17:41:58,22.78,112.330
1941,07/15/2026 17:51:58,22.84,111.503
1942,07/15/2026 18:01:58,22.89,110.677
1943,07/15/2026 18:11:58,22.92,109.922
1944,07/15/2026 18:21:58,22.96,109.230
1945,07/15/2026 18:31:58,22.99,108.564
1946,07/15/2026 18:41:58,23.01,107.848
1947,07/15/2026 18:51:58,23.04,107.279
1948,07/15/2026 19:01:58,23.05,106.727
1949,07/15/2026 19:11:58,23.12,106.201
1950,07/15/2026 19:21:58,23.17,105.884
1951,07/15/2026 19:31:58,23.20,105.709
1952,07/15/2026 19:41:58,23.22,105.755
1953,07/15/2026 19:51:58,23.07,106.367
1954,07/15/2026 20:01:58,23.06,107.108
1955,07/15/2026 20:11:58,23.13,107.788
1956,07/15/2026 20:21:58,23.16,108.677
1957,07/15/2026 20:31:58,23.12,109.641
1958,07/15/2026 20:41:58,22.91,110.585
1959,07/15/2026 20:51:58,22.68,111.541
1960,07/15/2026 21:01:58,22.57,112.716
1961,07/15/2026 21:11:58,22.36,113.776
1962,07/15/2026 21:21:58,22.17,114.765
1963,07/15/2026 21:31:58,22.02,116.018
1964,07/15/2026 21:41:58,21.87,117.183
1965,07/15/2026 21:51:58,21.77,118.431
1966,07/15/2026 22:01:58,21.41,119.783
1967,07/15/2026 22:11:58,21.06,121.176
1968,07/15/2026 22:21:58,20.64,122.657
1969,07/15/2026 22:31:58,20.31,124.235
1970,07/15/2026 22:41:58,20.11,125.793
1971,07/15/2026 22:51:58,19.93,127.310
1972,07/15/2026 23:01:58,19.90,128.923
1973,07/15/2026 23:11:58,19.69,130.379
1974,07/15/2026 23:21:58,19.16,131.769
1975,07/15/2026 23:31:58,18.59,133.023
1976,07/15/2026 23:41:58,17.73,134.087
1977,07/15/2026 23:51:58,16.94,135.150
1978,07/16/2026 00:01:58,16.86,136.030
1979,07/16/2026 00:11:58,16.90,136.733
1980,07/16/2026 00:21:58,16.93,137.385
1981,07/16/2026 00:31:58,16.95,137.938
1982,07/16/2026 00:41:58,16.97,138.474
1983,07/16/2026 00:51:58,16.96,138.873
1984,07/16/2026 01:01:58,16.93,139.215
1985,07/16/2026 01:11:58,16.88,139.510
1986,07/16/2026 01:21:58,16.80,139.779
1987,07/16/2026 01:31:58,16.74,139.846
1988,07/16/2026 01:41:58,16.68,139.892
1989,07/16/2026 01:51:58,16.67,139.745
1990,07/16/2026 02:01:58,16.66,139.359
1991,07/16/2026 02:11:58,16.68,138.875
1992,07/16/2026 02:21:58,16.77,138.165
1993,07/16/2026 02:31:58,16.83,137.472
1994,07/16/2026 02:41:58,16.98,136.709
1995,07/16/2026 02:51:58,17.11,135.860
1996,07/16/2026 03:01:58,17.33,135.023
1997,07/16/2026 03:11:58,17.46,134.243
1998,07/16/2026 03:21:58,17.66,133.372
1999,07/16/2026 03:31:58,17.82,132.390
2000,07/16/2026 03:41:58,17.90,131.287
2001,07/16/2026 03:51:58,17.98,130.146
2002,07/16/2026 04:01:58,18.06,128.896
2003,07/16/2026 04:11:58,18.23,127.661
2004,07/16/2026 04:21:58,18.32,126.486
2005,07/16/2026 04:31:58,18.48,125.279
2006,07/16/2026 04:41:58,18.56,124.101
2007,07/16/2026 04:51:58,18.69,122.947
2008,07/16/2026 05:01:58,18.81,121.797
2009,07/16/2026 05:11:58,18.89,120.657
2010,07/16/2026 05:21:58,18.95,119.601
2011,07/16/2026 05:31:58,19.05,118.572
2012,07/16/2026 05:41:58,19.13,117.616
2013,07/16/2026 05:51:58,19.20,116.622
2014,07/16/2026 06:01:58,19.28,115.705
2015,07/16/2026 06:11:58,19.38,114.856
2016,07/16/2026 06:21:58,19.47,113.978
2017,07/16/2026 06:31:58,19.56,113.160
2018,07/16/2026 06:41:58,19.64,112.358
2019,07/16/2026 06:51:58,19.75,111.575
2020,07/16/2026 07:01:58,19.84,110.767
2021,07/16/2026 07:11:58,19.93,110.047
2022,07/16/2026 07:21:58,20.03,109.336
2023,07/16/2026 07:31:58,20.13,108.651
2024,07/16/2026 07:41:58,20.22,107.970
2025,07/16/2026 07:51:58,20.34,107.331
2026,07/16/2026 08:01:58,20.45,106.739
2027,07/16/2026 08:11:58,20.56,106.173
2028,07/16/2026 08:21:58,20.67,105.686
2029,07/16/2026 08:31:58,20.79,105.325
2030,07/16/2026 08:41:58,20.90,105.160
2031,07/16/2026 08:51:58,20.99,105.245
2032,07/16/2026 09:01:58,21.00,105.847
2033,07/16/2026 09:11:58,20.99,106.654
2034,07/16/2026 09:21:58,21.02,107.500
2035,07/16/2026 09:31:58,21.04,108.422
2036,07/16/2026 09:41:58,20.98,109.377
2037,07/16/2026 09:51:58,21.14,110.467
2038,07/16/2026 10:01:58,21.19,111.618
2039,07/16/2026 10:11:58,21.15,112.660
2040,07/16/2026 10:21:58,21.04,113.797
2041,07/16/2026 10:31:58,20.83,114.866
2042,07/16/2026 10:41:58,20.79,116.016
2043,07/16/2026 10:51:58,20.58,117.247
2044,07/16/2026 11:01:58,20.44,118.460
2045,07/16/2026 11:11:58,20.18,119.823
2046,07/16/2026 11:21:58,19.95,121.218
2047,07/16/2026 11:31:58,19.67,122.584
2048,07/16/2026 11:41:58,19.57,123.980
2049,07/16/2026 11:51:58,19.43,125.373
2050,07/16/2026 12:01:58,19.35,126.791
2051,07/16/2026 12:11:58,19.36,128.122
2052,07/16/2026 12:21:58,19.36,129.472
2053,07/16/2026 12:31:58,19.37,130.644
2054,07/16/2026 12:41:58,19.22,131.677
2055,07/16/2026 12:51:58,19.00,132.628
2056,07/16/2026 13:01:58,18.80,133.379
2057,07/16/2026 13:11:58,18.42,134.062
2058,07/16/2026 13:21:58,17.87,134.587
2059,07/16/2026 13:31:58,17.55,135.024
2060,07/16/2026 13:41:58,17.44,135.282
2061,07/16/2026 13:51:58,17.43,135.470
2062,07/16/2026 14:01:58,17.44,135.556
2063,07/16/2026 14:11:58,17.43,135.547
2064,07/16/2026 14:21:58,17.48,135.399
2065,07/16/2026 14:31:58,17.51,135.160
2066,07/16/2026 14:41:58,17.54,134.801
2067,07/16/2026 14:51:58,17.55,134.344
2068,07/16/2026 15:01:58,17.56,133.746
2069,07/16/2026 15:11:58,17.73,133.032
2070,07/16/2026 15:21:58,18.52,132.185
2071,07/16/2026 15:31:58,18.72,131.319
2072,07/16/2026 15:41:58,19.47,130.348
2073,07/16/2026 15:51:58,19.84,129.364
2074,07/16/2026 16:01:58,20.27,128.340
2075,07/16/2026 16:11:58,20.58,127.254
2076,07/16/2026 16:21:58,20.85,126.227
2077,07/16/2026 16:31:58,21.06,125.157
2078,07/16/2026 16:41:58,21.27,124.173
2079,07/16/2026 16:51:58,21.42,123.129
2080,07/16/2026 17:01:58,21.62,122.078
2081,07/16/2026 17:11:58,21.71,121.149
2082,07/16/2026 17:21:58,21.85,120.098
2083,07/16/2026 17:31:58,22.00,119.201
2084,07/16/2026 17:41:58,22.17,118.098
2085,07/16/2026 17:51:58,22.36,117.106
2086,07/16/2026 18:01:58,22.47,116.256
2087,07/16/2026 18:11:58,22.60,115.395
2088,07/16/2026 18:21:58,22.69,114.465
2089,07/16/2026 18:31:58,22.74,113.574
2090,07/16/2026 18:41:58,22.73,112.825
2091,07/16/2026 18:51:58,22.79,111.947
2092,07/16/2026 19:01:58,22.82,111.137
2093,07/16/2026 19:11:58,22.81,110.435
2094,07/16/2026 19:21:58,22.82,109.751
2095,07/16/2026 19:31:58,22.87,109.094
2096,07/16/2026 19:41:58,22.93,108.504
2097,07/16/2026 19:51:58,23.02,107.878
2098,07/16/2026 20:01:58,23.09,107.297
2099,07/16/2026 20:11:58,23.10,106.845
2100,07/16/2026 20:21:58,23.11,106.493
2101,07/16/2026 20:31:58,22.91,106.389
2102,07/16/2026 20:41:58,22.96,106.398
2103,07/16/2026 20:51:58,22.95,106.955
2104,07/16/2026 21:01:58,23.06,107.736
2105,07/16/2026 21:11:58,23.16,108.383
2106,07/16/2026 21:21:58,23.09,109.258
2107,07/16/2026 21:31:58,23.05,110.197
2108,07/16/2026 21:41:58,22.81,111.061
2109,07/16/2026 21:51:58,22.17,112.064
2110,07/16/2026 22:01:58,22.00,113.053
2111,07/16/2026 22:11:58,21.75,114.150
2112,07/16/2026 22:21:58,21.66,115.285
2113,07/16/2026 22:31:58,21.60,116.346
2114,07/16/2026 22:41:58,21.61,117.502
2115,07/16/2026 22:51:58,21.56,118.785
2116,07/16/2026 23:01:58,21.29,120.102
2117,07/16/2026 23:11:58,21.00,121.517
2118,07/16/2026 23:21:58,20.86,122.950
2119,07/16/2026 23:31:58,20.66,124.447
2120,07/16/2026 23:41:58,20.53,125.956
2121,07/16/2026 23:51:58,20.40,127.517
2122,07/17/2026 00:01:58,20.36,129.019
2123,07/17/2026 00:11:58,20.30,130.471
2124,07/17/2026 00:21:58,20.05,131.787
2125,07/17/2026 00:31:58,19.85,132.973
2126,07/17/2026 00:41:58,19.34,133.961
2127,07/17/2026 00:51:58,18.50,134.915
2128,07/17/2026 01:01:58,17.83,135.762
2129,07/17/2026 01:11:58,17.46,136.348
2130,07/17/2026 01:21:58,17.27,136.973
2131,07/17/2026 01:31:58,17.22,137.452
2132,07/17/2026 01:41:58,17.18,137.896
2133,07/17/2026 01:51:58,17.18,138.184
2134,07/17/2026 02:01:58,17.17,138.484
2135,07/17/2026 02:11:58,17.17,138.741
2136,07/17/2026 02:21:58,17.18,138.853
2137,07/17/2026 02:31:58,17.18,138.939
2138,07/17/2026 02:41:58,17.19,138.832
2139,07/17/2026 02:51:58,17.19,138.596
2140,07/17/2026 03:01:58,17.20,138.210
2141,07/17/2026 03:11:58,17.25,137.692
2142,07/17/2026 03:21:58,17.30,137.047
2143,07/17/2026 03:31:58,17.37,136.307
2144,07/17/2026 03:41:58,17.47,135.514
2145,07/17/2026 03:51:58,17.59,134.721
2146,07/17/2026 04:01:58,17.76,133.883
2147,07/17/2026 04:11:58,18.06,133.040
2148,07/17/2026 04:21:58,18.19,132.066
2149,07/17/2026 04:31:58,18.40,131.030
2150,07/17/2026 04:41:58,18.62,129.837
2151,07/17/2026 04:51:58,18.76,128.665
2152,07/17/2026 05:01:58,18.94,127.470
2153,07/17/2026 05:11:58,19.04,126.294
2154,07/17/2026 05:21:58,19.14,125.108
2155,07/17/2026 05:31:58,19.23,123.943
2156,07/17/2026 05:41:58,19.32,122.813
2157,07/17/2026 05:51:58,19.37,121.692
2158,07/17/2026 06:01:58,19.42,120.613
2159,07/17/2026 06:11:58,19.43,119.595
2160,07/17/2026 06:21:58,19.50,118.595
2161,07/17/2026 06:31:58,19.56,117.638
2162,07/17/2026 06:41:58,19.57,116.672
2163,07/17/2026 06:51:58,19.64,115.763
2164,07/17/2026 07:01:58,19.71,114.892
2165,07/17/2026 07:11:58,19.81,114.048
2166,07/17/2026 07:21:58,19.91,113.230
2167,07/17/2026 07:31:58,20.01,112.425
2168,07/17/2026 07:41:58,20.07,111.624
2169,07/17/2026 07:51:58,20.13,110.865
2170,07/17/2026 08:01:58,20.19,110.128
2171,07/17/2026 08:11:58,20.26,109.412
2172,07/17/2026 08:21:58,20.36,108.735
2173,07/17/2026 08:31:58,20.45,108.062
2174,07/17/2026 08:41:58,20.55,107.440
2175,07/17/2026 08:51:58,20.68,106.811
2176,07/17/2026 09:01:58,20.78,106.252
2177,07/17/2026 09:11:58,20.89,105.745
2178,07/17/2026 09:21:58,21.01,105.375
2179,07/17/2026 09:31:58,21.10,105.160
2180,07/17/2026 09:41:58,21.20,105.320
2181,07/17/2026 09:51:58,21.22,105.994
2182,07/17/2026 10:01:58,21.23,106.751
2183,07/17/2026 10:11:58,21.24,107.601
2184,07/17/2026 10:21:58,21.23,108.535
2185,07/17/2026 10:31:58,21.10,109.610
2186,07/17/2026 10:41:58,21.06,110.641
2187,07/17/2026 10:51:58,21.09,111.759
2188,07/17/2026 11:01:58,20.98,112.862
2189,07/17/2026 11:11:58,20.93,113.997
2190,07/17/2026 11:21:58,20.84,115.077
2191,07/17/2026 11:31:58,20.93,116.192
2192,07/17/2026 11:41:58,20.84,117.320
2193,07/17/2026 11:51:58,20.79,118.493
2194,07/17/2026 12:01:58,20.60,119.778
2195,07/17/2026 12:11:58,20.41,121.072
2196,07/17/2026 12:21:58,20.14,122.429
2197,07/17/2026 12:31:58,20.04,123.877
2198,07/17/2026 12:41:58,19.97,125.195
2199,07/17/2026 12:51:58,19.89,126.655
2200,07/17/2026 13:01:58,19.90,128.007
2201,07/17/2026 13:11:58,19.92,129.289
2202,07/17/2026 13:21:58,19.86,130.588
2203,07/17/2026 13:31:58,19.75,131.622
2204,07/17/2026 13:41:58,19.54,132.607
2205,07/17/2026 13:51:58,19.03,133.500
2206,07/17/2026 14:01:58,18.68,134.235
2207,07/17/2026 14:11:58,18.59,134.814
2208,07/17/2026 14:21:58,18.17,135.317
2209,07/17/2026 14:31:58,17.80,135.689
2210,07/17/2026 14:41:58,17.65,135.826
2211,07/17/2026 14:51:58,17.62,135.924
2212,07/17/2026 15:01:58,17.61,135.915
2213,07/17/2026 15:11:58,17.61,135.744
2214,07/17/2026 15:21:58,17.57,135.529
2215,07/17/2026 15:31:58,17.30,135.197
2216,07/17/2026 15:41:58,17.24,134.657
2217,07/17/2026 15:51:58,17.39,134.084
2218,07/17/2026 16:01:58,17.95,133.401
2219,07/17/2026 16:11:58,18.57,132.613
2220,07/17/2026 16:21:58,19.17,131.778
2221,07/17/2026 16:31:58,19.67,130.732
2222,07/17/2026 16:41:58,20.00,129.785
2223,07/17/2026 16:51:58,20.31,128.741
2224,07/17/2026 17:01:58,20.54,127.716
2225,07/17/2026 17:11:58,20.80,126.698
2226,07/17/2026 17:21:58,21.12,125.643
2227,07/17/2026 17:31:58,21.31,124.594
2228,07/17/2026 17:41:58,21.47,123.529
2229,07/17/2026 17:51:58,21.57,122.543
2230,07/17/2026 18:01:58,21.77,121.552
2231,07/17/2026 18:11:58,21.90,120.573
2232,07/17/2026 18:21:58,22.09,119.512
2233,07/17/2026 18:31:58,22.21,118.538
2234,07/17/2026 18:41:58,22.35,117.595
2235,07/17/2026 18:51:58,22.45,116.665
2236,07/17/2026 19:01:58,22.54,115.811
2237,07/17/2026 19:11:58,22.58,114.876
2238,07/17/2026 19:21:58,22.61,114.043
2239,07/17/2026 19:31:58,22.63,113.210
2240,07/17/2026 19:41:58,22.66,112.432
2241,07/17/2026 19:51:58,22.63,111.675
2242,07/17/2026 20:01:58,22.66,110.936
2243,07/17/2026 20:11:58,22.67,110.218
2244,07/17/2026 20:21:58,22.69,109.560
2245,07/17/2026 20:31:58,22.68,108.918
2246,07/17/2026 20:41:58,22.64,108.318
2247,07/17/2026 20:51:58,22.63,107.760
2248,07/17/2026 21:01:58,22.68,107.296
2249,07/17/2026 21:11:58,22.70,106.887
2250,07/17/2026 21:21:58,22.63,106.692
2251,07/17/2026 21:31:58,22.54,106.783
2252,07/17/2026 21:41:58,22.56,107.093
2253,07/17/2026 21:51:58,22.60,107.751
2254,07/17/2026 22:01:58,22.68,108.428
2255,07/17/2026 22:11:58,22.71,109.204
2256,07/17/2026 22:21:58,22.66,110.033
2257,07/17/2026 22:31:58,22.60,110.926
2258,07/17/2026 22:41:58,22.00,111.817
2259,07/17/2026 22:51:58,21.81,112.834
2260,07/17/2026 23:01:58,21.77,113.818
2261,07/17/2026 23:11:58,21.56,114.933
2262,07/17/2026 23:21:58,21.53,115.939
2263,07/17/2026 23:31:58,21.44,117.051
2264,07/17/2026 23:41:58,21.38,118.253
2265,07/17/2026 23:51:58,21.32,119.430
2266,07/18/2026 00:01:58,21.10,120.673
2267,07/18/2026 00:11:58,20.94,122.024
2268,07/18/2026 00:21:58,20.81,123.411
2269,07/18/2026 00:31:58,20.59,124.832
2270,07/18/2026 00:41:58,20.47,126.299
2271,07/18/2026 00:51:58,20.35,127.686
2272,07/18/2026 01:01:58,20.28,129.081
2273,07/18/2026 01:11:58,20.22,130.405
2274,07/18/2026 01:21:58,20.08,131.689
2275,07/18/2026 01:31:58,19.86,132.781
2276,07/18/2026 01:41:58,19.48,133.729
2277,07/18/2026 01:51:58,18.98,134.627
2278,07/18/2026 02:01:58,18.12,135.354
2279,07/18/2026 02:11:58,17.46,136.023
2280,07/18/2026 02:21:58,17.16,136.589
2281,07/18/2026 02:31:58,16.99,136.945
2282,07/18/2026 02:41:58,16.88,137.310
2283,07/18/2026 02:51:58,16.81,137.600
2284,07/18/2026 03:01:58,16.76,137.753
2285,07/18/2026 03:11:58,16.73,137.864
2286,07/18/2026 03:21:58,16.71,137.846
2287,07/18/2026 03:31:58,16.69,137.700
2288,07/18/2026 03:41:58,16.68,137.464
2289,07/18/2026 03:51:58,16.69,137.053
2290,07/18/2026 04:01:58,16.72,136.540
2291,07/18/2026 04:11:58,16.74,135.950
2292,07/18/2026 04:21:58,16.88,135.213
2293,07/18/2026 04:31:58,17.05,134.490
2294,07/18/2026 04:41:58,17.23,133.695
2295,07/18/2026 04:51:58,17.64,132.829
2296,07/18/2026 05:01:58,18.13,131.774
2297,07/18/2026 05:11:58,18.46,130.694
2298,07/18/2026 05:21:58,18.91,129.610
2299,07/18/2026 05:31:58,19.16,128.483
2300,07/18/2026 05:41:58,19.27,127.388
2301,07/18/2026 05:51:58,19.45,126.283
2302,07/18/2026 06:01:58,19.52,125.112
2303,07/18/2026 06:11:58,19.63,124.041
2304,07/18/2026 06:21:58,19.70,122.949
2305,07/18/2026 06:31:58,19.74,121.869
2306,07/18/2026 06:41:58,19.80,120.783
2307,07/18/2026 06:51:58,19.86,119.748
2308,07/18/2026 07:01:58,19.90,118.722
2309,07/18/2026 07:11:58,19.94,117.781
2310,07/18/2026 07:21:58,20.01,116.854
2311,07/18/2026 07:31:58,20.05,115.932
2312,07/18/2026 07:41:58,20.13,115.003
2313,07/18/2026 07:51:58,20.24,114.138
2314,07/18/2026 08:01:58,20.31,113.268
2315,07/18/2026 08:11:58,20.39,112.450
2316,07/18/2026 08:21:58,20.47,111.632
2317,07/18/2026 08:31:58,20.52,110.836
2318,07/18/2026 08:41:58,20.59,110.098
2319,07/18/2026 08:51:58,20.66,109.395
2320,07/18/2026 09:01:58,20.73,108.646
2321,07/18/2026 09:11:58,20.78,108.031
2322,07/18/2026 09:21:58,20.87,107.372
2323,07/18/2026 09:31:58,20.96,106.746
2324,07/18/2026 09:41:58,21.05,106.195
2325,07/18/2026 09:51:58,21.19,105.772
2326,07/18/2026 10:01:58,21.26,105.464
2327,07/18/2026 10:11:58,21.29,105.330
2328,07/18/2026 10:21:58,21.48,105.472
2329,07/18/2026 10:31:58,21.47,106.074
2330,07/18/2026 10:41:58,21.43,106.893
2331,07/18/2026 10:51:58,21.43,107.655
2332,07/18/2026 11:01:58,21.46,108.456
2333,07/18/2026 11:11:58,21.38,109.393
2334,07/18/2026 11:21:58,21.31,110.357
2335,07/18/2026 11:31:58,21.28,111.356
2336,07/18/2026 11:41:58,21.26,112.368
2337,07/18/2026 11:51:58,21.22,113.435
2338,07/18/2026 12:01:58,21.16,114.398
2339,07/18/2026 12:11:58,21.21,115.439
2340,07/18/2026 12:21:58,21.11,116.478
2341,07/18/2026 12:31:58,20.94,117.630
2342,07/18/2026 12:41:58,20.73,118.838
2343,07/18/2026 12:51:58,20.57,120.098
2344,07/18/2026 13:01:58,20.43,121.568
2345,07/18/2026 13:11:58,20.25,122.783
2346,07/18/2026 13:21:58,20.14,124.201
2347,07/18/2026 13:31:58,19.97,125.581
2348,07/18/2026 13:41:58,19.87,126.943
2349,07/18/2026 13:51:58,19.82,128.235
2350,07/18/2026 14:01:58,19.80,129.529
2351,07/18/2026 14:11:58,19.75,130.734
2352,07/18/2026 14:21:58,19.52,131.782
2353,07/18/2026 14:31:58,19.20,132.761
2354,07/18/2026 14:41:58,18.80,133.550
2355,07/18/2026 14:51:58,18.30,134.251
2356,07/18/2026 15:01:58,17.44,134.820
2357,07/18/2026 15:11:58,16.88,135.260
2358,07/18/2026 15:21:58,16.65,135.592
2359,07/18/2026 15:31:58,16.55,135.740
2360,07/18/2026 15:41:58,16.51,135.837
2361,07/18/2026 15:51:58,16.50,135.862
2362,07/18/2026 16:01:58,16.48,135.691
2363,07/18/2026 16:11:58,16.49,135.494
2364,07/18/2026 16:21:58,16.51,135.131
2365,07/18/2026 16:31:58,16.80,134.659
2366,07/18/2026 16:41:58,17.17,134.104
2367,07/18/2026 16:51:58,17.27,133.419
2368,07/18/2026 17:01:58,17.60,132.764
2369,07/18/2026 17:11:58,17.78,131.906
2370,07/18/2026 17:21:58,18.30,131.053
2371,07/18/2026 17:31:58,18.85,130.103
2372,07/18/2026 17:41:58,19.26,129.035
2373,07/18/2026 17:51:58,19.56,128.080
2374,07/18/2026 18:01:58,19.77,127.051
2375,07/18/2026 18:11:58,19.90,125.941
2376,07/18/2026 18:21:58,20.01,124.916
2377,07/18/2026 18:31:58,20.13,123.747
2378,07/18/2026 18:41:58,20.25,122.737
2379,07/18/2026 18:51:58,20.36,121.714
2380,07/18/2026 19:01:58,20.46,120.684
2381,07/18/2026 19:11:58,20.56,119.658
2382,07/18/2026 19:21:58,20.67,118.668
2383,07/18/2026 19:31:58,20.77,117.665
2384,07/18/2026 19:41:58,20.86,116.709
2385,07/18/2026 19:51:58,20.93,115.842
2386,07/18/2026 20:01:58,21.00,114.942
2387,07/18/2026 20:11:58,21.07,114.088
2388,07/18/2026 20:21:58,21.13,113.223
2389,07/18/2026 20:31:58,21.19,112.392
2390,07/18/2026 20:41:58,21.25,111.657
2391,07/18/2026 20:51:58,21.31,110.865
2392,07/18/2026 21:01:58,21.35,110.098
2393,07/18/2026 21:11:58,21.38,109.427
2394,07/18/2026 21:21:58,21.39,108.794
2395,07/18/2026 21:31:58,21.40,108.157
2396,07/18/2026 21:41:58,21.40,107.680
2397,07/18/2026 21:51:58,21.41,107.203
2398,07/18/2026 22:01:58,21.43,106.860
2399,07/18/2026 22:11:58,21.45,106.689
2400,07/18/2026 22:21:58,21.39,106.771
2401,07/18/2026 22:31:58,21.34,106.808
2402,07/18/2026 22:41:58,21.38,107.076
2403,07/18/2026 22:51:58,21.44,107.894
2404,07/18/2026 23:01:58,21.50,108.721
2405,07/18/2026 23:11:58,21.48,109.475
2406,07/18/2026 23:21:58,21.45,110.360
2407,07/18/2026 23:31:58,21.32,111.176
2408,07/18/2026 23:41:58,21.12,112.096
2409,07/18/2026 23:51:58,21.01,112.955
2410,07/19/2026 00:01:58,20.89,113.933
2411,07/19/2026 00:11:58,20.81,114.832
2412,07/19/2026 00:21:58,20.77,115.813
2413,07/19/2026 00:31:58,20.72,116.862
2414,07/19/2026 00:41:58,20.65,117.953
2415,07/19/2026 00:51:58,20.52,119.197
2416,07/19/2026 01:01:58,20.33,120.304
2417,07/19/2026 01:11:58,20.17,121.731
2418,07/19/2026 01:21:58,19.97,122.972
2419,07/19/2026 01:31:58,19.84,124.335
2420,07/19/2026 01:41:58,19.68,125.626
2421,07/19/2026 01:51:58,19.60,127.039
2422,07/19/2026 02:01:58,19.56,128.301
2423,07/19/2026 02:11:58,19.57,129.511
2424,07/19/2026 02:21:58,19.38,130.555
2425,07/19/2026 02:31:58,18.97,131.487
2426,07/19/2026 02:41:58,18.37,132.390
2427,07/19/2026 02:51:58,16.84,133.096
2428,07/19/2026 03:01:58,15.55,133.775
2429,07/19/2026 03:11:58,14.20,134.431
2430,07/19/2026 03:21:58,13.61,134.772
2431,07/19/2026 03:31:58,12.94,135.030
2432,07/19/2026 03:41:58,12.52,135.367
2433,07/19/2026 03:51:58,12.24,135.613
2434,07/19/2026 04:01:58,12.08,135.596
2435,07/19/2026 04:11:58,12.05,135.595
2436,07/19/2026 04:21:58,12.00,135.471
2437,07/19/2026 04:31:58,11.97,135.346
2438,07/19/2026 04:41:58,11.95,134.978
2439,07/19/2026 04:51:58,12.12,134.597
2440,07/19/2026 05:01:58,12.99,134.134
2441,07/19/2026 05:11:58,13.28,133.637
2442,07/19/2026 05:21:58,14.66,132.968
2443,07/19/2026 05:31:58,15.66,132.232
2444,07/19/2026 05:41:58,16.24,131.379
2445,07/19/2026 05:51:58,16.50,130.439
2446,07/19/2026 06:01:58,17.10,129.491
2447,07/19/2026 06:11:58,17.94,128.305
2448,07/19/2026 06:21:58,18.55,127.210
2449,07/19/2026 06:31:58,18.90,126.126
2450,07/19/2026 06:41:58,19.11,125.005
2451,07/19/2026 06:51:58,19.22,124.074
2452,07/19/2026 07:01:58,19.37,122.979
2453,07/19/2026 07:11:58,19.45,121.947
2454,07/19/2026 07:21:58,19.47,120.991
2455,07/19/2026 07:31:58,19.54,119.910
2456,07/19/2026 07:41:58,19.65,118.911
2457,07/19/2026 07:51:58,19.75,117.937
2458,07/19/2026 08:01:58,19.84,116.969
2459,07/19/2026 08:11:58,19.94,116.077
2460,07/19/2026 08:21:58,20.03,115.118
2461,07/19/2026 08:31:58,20.13,114.190
2462,07/19/2026 08:41:58,20.20,113.321
2463,07/19/2026 08:51:58,20.28,112.448
2464,07/19/2026 09:01:58,20.36,111.579
2465,07/19/2026 09:11:58,20.43,110.913
2466,07/19/2026 09:21:58,20.52,110.109
2467,07/19/2026 09:31:58,20.62,109.428
2468,07/19/2026 09:41:58,20.71,108.759
2469,07/19/2026 09:51:58,20.81,108.053
2470,07/19/2026 10:01:58,20.91,107.464
2471,07/19/2026 10:11:58,21.01,106.880
2472,07/19/2026 10:21:58,21.12,106.272
2473,07/19/2026 10:31:58,21.24,105.768
2474,07/19/2026 10:41:58,21.37,105.537
2475,07/19/2026 10:51:58,21.50,105.289
2476,07/19/2026 11:01:58,21.48,105.451
2477,07/19/2026 11:11:58,21.55,105.821
2478,07/19/2026 11:21:58,21.60,106.261
2479,07/19/2026 11:31:58,21.75,106.879
2480,07/19/2026 11:41:58,21.69,107.573
2481,07/19/2026 11:51:58,21.54,108.357
2482,07/19/2026 12:01:58,21.40,109.360
2483,07/19/2026 12:11:58,21.29,110.239
2484,07/19/2026 12:21:58,21.18,111.244
2485,07/19/2026 12:31:58,21.13,112.184
2486,07/19/2026 12:41:58,21.16,113.287
2487,07/19/2026 12:51:58,21.14,114.393
2488,07/19/2026 13:01:58,21.16,115.468
2489,07/19/2026 13:11:58,21.02,116.438
2490,07/19/2026 13:21:58,20.91,117.571
2491,07/19/2026 13:31:58,20.67,118.782
2492,07/19/2026 13:41:58,20.51,119.949
2493,07/19/2026 13:51:58,20.23,121.326
2494,07/19/2026 14:01:58,19.84,122.719
2495,07/19/2026 14:11:58,19.64,123.931
2496,07/19/2026 14:21:58,19.51,125.337
2497,07/19/2026 14:31:58,19.38,126.659
2498,07/19/2026 14:41:58,19.23,127.893
2499,07/19/2026 14:51:58,19.11,129.236
2500,07/19/2026 15:01:58,18.95,130.335
2501,07/19/2026 15:11:58,18.55,131.353
2502,07/19/2026 15:21:58,17.94,132.137
2503,07/19/2026 15:31:58,16.74,132.915
2504,07/19/2026 15:41:58,15.48,133.585
2505,07/19/2026 15:51:58,14.83,134.151
2506,07/19/2026 16:01:58,14.86,134.609
2507,07/19/2026 16:11:58,14.65,134.933
2508,07/19/2026 16:21:58,14.27,135.116
2509,07/19/2026 16:31:58,14.05,135.257
2510,07/19/2026 16:41:58,13.89,135.330
2511,07/19/2026 16:51:58,13.83,135.273
2512,07/19/2026 17:01:58,13.73,135.065
2513,07/19/2026 17:11:58,13.69,134.787
2514,07/19/2026 17:21:58,13.64,134.375
2515,07/19/2026 17:31:58,13.60,133.858
2516,07/19/2026 17:41:58,13.93,133.306
2517,07/19/2026 17:51:58,14.80,132.630
2518,07/19/2026 18:01:58,15.51,131.746
2519,07/19/2026 18:11:58,16.35,130.905
2520,07/19/2026 18:21:58,17.45,129.912
2521,07/19/2026 18:31:58,18.07,128.862
2522,07/19/2026 18:41:58,18.55,127.903
2523,07/19/2026 18:51:58,18.99,126.922
2524,07/19/2026 19:01:58,19.41,125.946
2525,07/19/2026 19:11:58,19.75,124.995
2526,07/19/2026 19:21:58,20.06,124.017
2527,07/19/2026 19:31:58,20.20,123.096
2528,07/19/2026 19:41:58,20.36,122.112
2529,07/19/2026 19:51:58,20.55,121.130
2530,07/19/2026 20:01:58,20.73,120.216
2531,07/19/2026 20:11:58,20.94,119.295
2532,07/19/2026 20:21:58,21.07,118.368
2533,07/19/2026 20:31:58,21.21,117.476
2534,07/19/2026 20:41:58,21.33,116.437
2535,07/19/2026 20:51:58,21.44,115.744
2536,07/19/2026 21:01:58,21.53,114.873
2537,07/19/2026 21:11:58,21.63,114.042
2538,07/19/2026 21:21:58,21.70,113.298
2539,07/19/2026 21:31:58,21.74,112.551
2540,07/19/2026 21:41:58,21.76,111.824
2541,07/19/2026 21:51:58,21.77,111.122
2542,07/19/2026 22:01:58,21.78,110.476
2543,07/19/2026 22:11:58,21.78,109.838
2544,07/19/2026 22:21:58,21.78,109.255
2545,07/19/2026 22:31:58,21.78,108.731
2546,07/19/2026 22:41:58,21.81,108.271
2547,07/19/2026 22:51:58,21.80,107.877
2548,07/19/2026 23:01:58,21.80,107.659
2549,07/19/2026 23:11:58,21.84,107.513
2550,07/19/2026 23:21:58,21.68,107.648
2551,07/19/2026 23:31:58,21.62,107.927
2552,07/19/2026 23:41:58,21.70,108.365
2553,07/19/2026 23:51:58,21.78,108.874
2554,07/20/2026 00:01:58,21.83,109.596
2555,07/20/2026 00:11:58,21.80,110.321
2556,07/20/2026 00:21:58,21.76,111.076
2557,07/20/2026 00:31:58,21.37,111.866
2558,07/20/2026 00:41:58,21.12,112.680
2559,07/20/2026 00:51:58,21.08,113.558
2560,07/20/2026 01:01:58,20.94,114.380
2561,07/20/2026 01:11:58,20.73,115.252
2562,07/20/2026 01:21:58,20.69,116.148
2563,07/20/2026 01:31:58,20.52,117.077
2564,07/20/2026 01:41:58,20.49,118.081
2565,07/20/2026 01:51:58,20.42,119.106
2566,07/20/2026 02:01:58,20.03,120.128
2567,07/20/2026 02:11:58,19.75,121.264
2568,07/20/2026 02:21:58,19.45,122.405
2569,07/20/2026 02:31:58,19.13,123.648
2570,07/20/2026 02:41:58,18.84,124.778
2571,07/20/2026 02:51:58,18.69,125.993
2572,07/20/2026 03:01:58,18.47,127.144
2573,07/20/2026 03:11:58,18.40,128.214
2574,07/20/2026 03:21:58,18.32,129.259
2575,07/20/2026 03:31:58,18.20,130.219
2576,07/20/2026 03:41:58,17.93,131.104
2577,07/20/2026 03:51:58,17.63,131.869
2578,07/20/2026 04:01:58,17.28,132.513
2579,07/20/2026 04:11:58,16.75,133.069
2580,07/20/2026 04:21:58,16.29,133.459
2581,07/20/2026 04:31:58,15.91,133.758
2582,07/20/2026 04:41:58,15.47,134.012
2583,07/20/2026 04:51:58,15.18,134.082
2584,07/20/2026 05:01:58,15.06,134.101
2585,07/20/2026 05:11:58,15.00,133.950
2586,07/20/2026 05:21:58,15.06,133.631
2587,07/20/2026 05:31:58,15.06,133.272
2588,07/20/2026 05:41:58,15.42,132.764
2589,07/20/2026 05:51:58,16.00,132.125
2590,07/20/2026 06:01:58,16.68,131.437
2591,07/20/2026 06:11:58,17.04,130.695
2592,07/20/2026 06:21:58,17.30,129.917
2593,07/20/2026 06:31:58,17.50,129.138
2594,07/20/2026 06:41:58,17.69,128.295
2595,07/20/2026 06:51:58,17.83,127.495
2596,07/20/2026 07:01:58,17.95,126.622
2597,07/20/2026 07:11:58,18.03,125.736
2598,07/20/2026 07:21:58,18.11,124.859
2599,07/20/2026 07:31:58,18.20,124.000
2600,07/20/2026 07:41:58,18.35,123.062
2601,07/20/2026 07:51:58,18.50,122.146
2602,07/20/2026 08:01:58,18.64,121.218
2603,07/20/2026 08:11:58,18.82,120.350
2604,07/20/2026 08:21:58,18.97,119.449
2605,07/20/2026 08:31:58,19.13,118.604
2606,07/20/2026 08:41:58,19.32,117.759
2607,07/20/2026 08:51:58,19.48,116.898
2608,07/20/2026 09:01:58,19.62,116.108
2609,07/20/2026 09:11:58,19.77,115.243
2610,07/20/2026 09:21:58,19.91,114.459
2611,07/20/2026 09:31:58,20.05,113.637
2612,07/20/2026 09:41:58,20.19,112.895
2613,07/20/2026 09:51:58,20.32,112.188
2614,07/20/2026 10:01:58,20.46,111.477
2615,07/20/2026 10:11:58,20.60,110.816
2616,07/20/2026 10:21:58,20.76,110.182
2617,07/20/2026 10:31:58,20.90,109.572
2618,07/20/2026 10:41:58,21.05,109.030
2619,07/20/2026 10:51:58,21.22,108.573
2620,07/20/2026 11:01:58,21.38,108.144
2621,07/20/2026 11:11:58,21.56,107.838
2622,07/20/2026 11:21:58,21.72,107.620
2623,07/20/2026 11:31:58,21.95,107.582
2624,07/20/2026 11:41:58,22.00,107.747
2625,07/20/2026 11:51:58,22.04,108.179
2626,07/20/2026 12:01:58,21.94,108.672
2627,07/20/2026 12:11:58,21.93,109.267
2628,07/20/2026 12:21:58,21.93,110.026
2629,07/20/2026 12:31:58,21.92,110.706
2630,07/20/2026 12:41:58,21.90,111.520
2631,07/20/2026 12:51:58,21.42,112.275
2632,07/20/2026 13:01:58,21.50,113.109
2633,07/20/2026 13:11:58,21.58,113.872
2634,07/20/2026 13:21:58,21.38,114.718
2635,07/20/2026 13:31:58,21.45,115.601
2636,07/20/2026 13:41:58,21.45,116.482
2637,07/20/2026 13:51:58,21.29,117.402
2638,07/20/2026 14:01:58,21.00,118.481
2639,07/20/2026 14:11:58,20.58,119.452
2640,07/20/2026 14:21:58,20.17,120.592
2641,07/20/2026 14:31:58,19.89,121.746
2642,07/20/2026 14:41:58,19.58,122.921
2643,07/20/2026 14:51:58,19.23,124.155
2644,07/20/2026 15:01:58,19.05,125.386
2645,07/20/2026 15:11:58,18.90,126.567
2646,07/20/2026 15:21:58,18.83,127.756
2647,07/20/2026 15:31:58,18.76,128.908
2648,07/20/2026 15:41:58,18.77,129.973
2649,07/20/2026 15:51:58,18.58,131.004
2650,07/20/2026 16:01:58,18.34,131.865
2651,07/20/2026 16:11:58,18.06,132.643
2652,07/20/2026 16:21:58,17.70,133.326
2653,07/20/2026 16:31:58,17.19,133.895
2654,07/20/2026 16:41:58,16.94,134.363
2655,07/20/2026 16:51:58,16.48,134.763
2656,07/20/2026 17:01:58,15.95,134.951
2657,07/20/2026 17:11:58,15.77,135.135
2658,07/20/2026 17:21:58,15.65,135.170
2659,07/20/2026 17:31:58,15.53,135.095
2660,07/20/2026 17:41:58,15.29,134.931
2661,07/20/2026 17:51:58,15.21,134.583
2662,07/20/2026 18:01:58,15.26,134.225
2663,07/20/2026 18:11:58,15.91,133.856
2664,07/20/2026 18:21:58,16.69,133.212
2665,07/20/2026 18:31:58,17.16,132.519
2666,07/20/2026 18:41:58,17.63,131.788
2667,07/20/2026 18:51:58,17.97,130.973
2668,07/20/2026 19:01:58,18.30,130.081
2669,07/20/2026 19:11:58,18.61,129.305
2670,07/20/2026 19:21:58,18.88,128.392
2671,07/20/2026 19:31:58,19.05,127.477
2672,07/20/2026 19:41:58,19.27,126.572
2673,07/20/2026 19:51:58,19.45,125.641
2674,07/20/2026 20:01:58,19.65,124.784
2675,07/20/2026 20:11:58,19.80,123.833
2676,07/20/2026 20:21:58,19.97,122.930
2677,07/20/2026 20:31:58,20.18,122.087
2678,07/20/2026 20:41:58,20.44,121.140
2679,07/20/2026 20:51:58,20.61,120.256
2680,07/20/2026 21:01:58,20.84,119.322
2681,07/20/2026 21:11:58,20.95,118.463
2682,07/20/2026 21:21:58,21.09,117.604
2683,07/20/2026 21:31:58,21.24,116.760
2684,07/20/2026 21:41:58,21.39,115.928
2685,07/20/2026 21:51:58,21.51,115.071
2686,07/20/2026 22:01:58,21.62,114.290
2687,07/20/2026 22:11:58,21.71,113.547
2688,07/20/2026 22:21:58,21.77,112.804
2689,07/20/2026 22:31:58,21.82,112.086
2690,07/20/2026 22:41:58,21.85,111.380
2691,07/20/2026 22:51:58,21.86,110.759
2692,07/20/2026 23:01:58,21.86,110.172
2693,07/20/2026 23:11:58,21.89,109.585
2694,07/20/2026 23:21:58,21.93,109.070
2695,07/20/2026 23:31:58,21.95,108.634
2696,07/20/2026 23:41:58,21.98,108.262
2697,07/20/2026 23:51:58,22.06,107.966
2698,07/21/2026 00:01:58,22.06,107.782
2699,07/21/2026 00:11:58,21.90,107.870
2700,07/21/2026 00:21:58,21.87,108.104
2701,07/21/2026 00:31:58,21.88,108.473
2702,07/21/2026 00:41:58,21.97,109.058
2703,07/21/2026 00:51:58,22.04,109.626
2704,07/21/2026 01:01:58,22.01,110.254
2705,07/21/2026 01:11:58,21.97,111.030
2706,07/21/2026 01:21:58,21.72,111.714
2707,07/21/2026 01:31:58,21.31,112.419
2708,07/21/2026 01:41:58,21.20,113.191
2709,07/21/2026 01:51:58,21.15,113.968
2710,07/21/2026 02:01:58,20.94,114.793
2711,07/21/2026 02:11:58,20.82,115.612
2712,07/21/2026 02:21:58,20.71,116.499
2713,07/21/2026 02:31:58,20.61,117.412
2714,07/21/2026 02:41:58,20.57,118.319
2715,07/21/2026 02:51:58,20.48,119.310
2716,07/21/2026 03:01:58,20.17,120.339
2717,07/21/2026 03:11:58,19.91,121.310
2718,07/21/2026 03:21:58,19.66,122.342
2719,07/21/2026 03:31:58,19.32,123.432
2720,07/21/2026 03:41:58,19.03,124.494
2721,07/21/2026 03:51:58,18.85,125.521
2722,07/21/2026 04:01:58,18.76,126.573
2723,07/21/2026 04:11:58,18.62,127.526
2724,07/21/2026 04:21:58,18.49,128.433
2725,07/21/2026 04:31:58,18.41,129.249
2726,07/21/2026 04:41:58,18.39,130.015
2727,07/21/2026 04:51:58,18.34,130.679
2728,07/21/2026 05:01:58,18.14,131.232
2729,07/21/2026 05:11:58,17.93,131.710
2730,07/21/2026 05:21:58,17.71,132.059
2731,07/21/2026 05:31:58,17.18,132.255
2732,07/21/2026 05:41:58,16.91,132.364
2733,07/21/2026 05:51:58,16.80,132.378
2734,07/21/2026 06:01:58,16.67,132.196
2735,07/21/2026 06:11:58,16.78,131.959
2736,07/21/2026 06:21:58,16.88,131.625
2737,07/21/2026 06:31:58,17.07,131.066
2738,07/21/2026 06:41:58,17.28,130.466
2739,07/21/2026 06:51:58,17.54,129.914
2740,07/21/2026 07:01:58,17.88,129.194
2741,07/21/2026 07:11:58,18.13,128.591
2742,07/21/2026 07:21:58,18.23,127.912
2743,07/21/2026 07:31:58,18.34,127.141
2744,07/21/2026 07:41:58,18.41,126.446
2745,07/21/2026 07:51:58,18.49,125.695
2746,07/21/2026 08:01:58,18.57,124.954
2747,07/21/2026 08:11:58,18.66,124.176
2748,07/21/2026 08:21:58,18.78,123.385
2749,07/21/2026 08:31:58,18.97,122.568
2750,07/21/2026 08:41:58,19.15,121.784
2751,07/21/2026 08:51:58,19.31,120.992
2752,07/21/2026 09:01:58,19.49,120.188
2753,07/21/2026 09:11:58,19.67,119.351
2754,07/21/2026 09:21:58,19.86,118.569
2755,07/21/2026 09:31:58,20.04,117.750
2756,07/21/2026 09:41:58,20.20,116.977
2757,07/21/2026 09:51:58,20.36,116.213
2758,07/21/2026 10:01:58,20.49,115.449
2759,07/21/2026 10:11:58,20.60,114.748
2760,07/21/2026 10:21:58,20.72,114.034
2761,07/21/2026 10:31:58,20.83,113.301
2762,07/21/2026 10:41:58,20.94,112.664
2763,07/21/2026 10:51:58,21.05,111.989
2764,07/21/2026 11:01:58,21.16,111.412
2765,07/21/2026 11:11:58,21.26,110.855
2766,07/21/2026 11:21:58,21.36,110.345
2767,07/21/2026 11:31:58,21.46,109.894
2768,07/21/2026 11:41:58,21.57,109.578
2769,07/21/2026 11:51:58,21.67,109.286
2770,07/21/2026 12:01:58,21.85,109.114
2771,07/21/2026 12:11:58,21.92,109.061
2772,07/21/2026 12:21:58,21.86,109.152
2773,07/21/2026 12:31:58,21.83,109.449
2774,07/21/2026 12:41:58,21.85,109.823
2775,07/21/2026 12:51:58,21.87,110.327
2776,07/21/2026 13:01:58,21.81,110.897
2777,07/21/2026 13:11:58,21.73,111.512
2778,07/21/2026 13:21:58,21.63,112.111
2779,07/21/2026 13:31:58,21.40,112.787
2780,07/21/2026 13:41:58,21.26,113.423
2781,07/21/2026 13:51:58,21.16,114.162
2782,07/21/2026 14:01:58,21.14,114.894
2783,07/21/2026 14:11:58,21.06,115.663
2784,07/21/2026 14:21:58,21.00,116.535
2785,07/21/2026 14:31:58,20.86,117.481
2786,07/21/2026 14:41:58,20.78,118.438
2787,07/21/2026 14:51:58,20.66,119.394
2788,07/21/2026 15:01:58,20.36,120.356
2789,07/21/2026 15:11:58,20.02,121.491
2790,07/21/2026 15:21:58,19.78,122.476
2791,07/21/2026 15:31:58,19.58,123.595
2792,07/21/2026 15:41:58,19.30,124.691
2793,07/21/2026 15:51:58,19.01,125.865
2794,07/21/2026 16:01:58,18.86,126.996
2795,07/21/2026 16:11:58,18.84,128.157
2796,07/21/2026 16:21:58,18.87,129.153
2797,07/21/2026 16:31:58,18.77,130.075
2798,07/21/2026 16:41:58,18.57,130.970
2799,07/21/2026 16:51:58,18.32,131.710
2800,07/21/2026 17:01:58,17.98,132.432
2801,07/21/2026 17:11:58,17.69,132.993
2802,07/21/2026 17:21:58,17.32,133.586
2803,07/21/2026 17:31:58,16.72,133.961
2804,07/21/2026 17:41:58,16.35,134.161
2805,07/21/2026 17:51:58,15.73,134.398
2806,07/21/2026 18:01:58,15.09,134.563
2807,07/21/2026 18:11:58,14.89,134.635
2808,07/21/2026 18:21:58,14.73,134.606
2809,07/21/2026 18:31:58,14.60,134.534
2810,07/21/2026 18:41:58,14.63,134.398
2811,07/21/2026 18:51:58,14.73,134.157
2812,07/21/2026 19:01:58,14.74,133.726
2813,07/21/2026 19:11:58,15.51,133.342
2814,07/21/2026 19:21:58,16.00,132.773
2815,07/21/2026 19:31:58,16.56,132.163
2816,07/21/2026 19:41:58,17.16,131.482
2817,07/21/2026 19:51:58,17.55,130.536
2818,07/21/2026 20:01:58,17.69,129.760
2819,07/21/2026 20:11:58,17.92,128.841
2820,07/21/2026 20:21:58,18.19,128.069
2821,07/21/2026 20:31:58,18.40,127.168
2822,07/21/2026 20:41:58,18.56,126.283
2823,07/21/2026 20:51:58,18.69,125.450
2824,07/21/2026 21:01:58,18.81,124.523
2825,07/21/2026 21:11:58,18.95,123.622
2826,07/21/2026 21:21:58,19.07,122.706
2827,07/21/2026 21:31:58,19.24,121.799
2828,07/21/2026 21:41:58,19.43,120.872
2829,07/21/2026 21:51:58,19.62,120.085
2830,07/21/2026 22:01:58,19.83,119.194
2831,07/21/2026 22:11:58,19.99,118.344
2832,07/21/2026 22:21:58,20.15,117.566
2833,07/21/2026 22:31:58,20.27,116.717
2834,07/21/2026 22:41:58,20.39,115.788
2835,07/21/2026 22:51:58,20.52,115.078
2836,07/21/2026 23:01:58,20.63,114.310
2837,07/21/2026 23:11:58,20.74,113.568
2838,07/21/2026 23:21:58,20.86,112.893
2839,07/21/2026 23:31:58,20.94,112.209
2840,07/21/2026 23:41:58,21.00,111.581
2841,07/21/2026 23:51:58,21.06,111.074
2842,07/22/2026 00:01:58,21.09,110.499
2843,07/22/2026 00:11:58,21.13,110.072
2844,07/22/2026 00:21:58,21.14,109.892
2845,07/22/2026 00:31:58,21.17,109.469
2846,07/22/2026 00:41:58,21.20,109.130
2847,07/22/2026 00:51:58,21.22,109.067
2848,07/22/2026 01:01:58,21.24,109.353
2849,07/22/2026 01:11:58,21.23,109.449
2850,07/22/2026 01:21:58,21.11,109.535
2851,07/22/2026 01:31:58,21.21,109.843
2852,07/22/2026 01:41:58,21.28,110.319
2853,07/22/2026 01:51:58,21.27,110.952
2854,07/22/2026 02:01:58,21.28,111.494
2855,07/22/2026 02:11:58,21.27,112.049
2856,07/22/2026 02:21:58,21.14,112.882
2857,07/22/2026 02:31:58,20.81,113.552
2858,07/22/2026 02:41:58,20.74,114.169
2859,07/22/2026 02:51:58,20.63,115.014
2860,07/22/2026 03:01:58,20.51,115.820
2861,07/22/2026 03:11:58,20.49,116.536
2862,07/22/2026 03:21:58,20.42,117.378
2863,07/22/2026 03:31:58,20.32,118.174
2864,07/22/2026 03:41:58,20.24,119.102
2865,07/22/2026 03:51:58,20.04,120.014
2866,07/22/2026 04:01:58,19.58,120.896
2867,07/22/2026 04:11:58,19.39,121.938
2868,07/22/2026 04:21:58,19.22,122.845
2869,07/22/2026 04:31:58,19.09,123.961
2870,07/22/2026 04:41:58,18.81,124.930
2871,07/22/2026 04:51:58,18.61,125.826
2872,07/22/2026 05:01:58,18.57,126.760
2873,07/22/2026 05:11:58,18.52,127.519
2874,07/22/2026 05:21:58,18.46,128.428
2875,07/22/2026 05:31:58,18.41,129.104
2876,07/22/2026 05:41:58,18.32,129.749
2877,07/22/2026 05:51:58,18.17,130.291
2878,07/22/2026 06:01:58,17.99,130.747
2879,07/22/2026 06:11:58,17.79,131.152
2880,07/22/2026 06:21:58,17.57,131.236
2881,07/22/2026 06:31:58,17.29,131.315
2882,07/22/2026 06:41:58,16.94,131.247
2883,07/22/2026 06:51:58,16.88,131.160
2884,07/22/2026 07:01:58,17.01,131.044
2885,07/22/2026 07:11:58,17.17,130.497
2886,07/22/2026 07:21:58,17.43,130.103
2887,07/22/2026 07:31:58,17.68,129.577
2888,07/22/2026 07:41:58,17.85,128.984
2889,07/22/2026 07:51:58,18.17,128.443
2890,07/22/2026 08:01:58,18.34,127.808
2891,07/22/2026 08:11:58,18.39,127.146
2892,07/22/2026 08:21:58,18.50,126.541
2893,07/22/2026 08:31:58,18.63,125.890
2894,07/22/2026 08:41:58,18.75,125.094
2895,07/22/2026 08:51:58,18.86,124.515
2896,07/22/2026 09:01:58,18.99,123.751
2897,07/22/2026 09:11:58,19.14,123.008
2898,07/22/2026 09:21:58,19.37,122.496
2899,07/22/2026 09:31:58,19.58,121.781
2900,07/22/2026 09:41:58,19.79,120.935
2901,07/22/2026 09:51:58,20.00,120.276
2902,07/22/2026 10:01:58,20.22,119.469
2903,07/22/2026 10:11:58,20.42,118.649
2904,07/22/2026 10:21:58,20.60,117.973
2905,07/22/2026 10:31:58,20.78,117.049
2906,07/22/2026 10:41:58,20.99,116.307
2907,07/22/2026 10:51:58,21.17,115.641
2908,07/22/2026 11:01:58,21.33,114.924
2909,07/22/2026 11:11:58,21.51,114.174
2910,07/22/2026 11:21:58,21.64,113.545
2911,07/22/2026 11:31:58,21.78,112.757
2912,07/22/2026 11:41:58,21.95,112.219
2913,07/22/2026 11:51:58,22.14,111.714
2914,07/22/2026 12:01:58,22.30,111.079
2915,07/22/2026 12:11:58,22.49,110.512
2916,07/22/2026 12:21:58,22.63,110.297
2917,07/22/2026 12:31:58,22.73,110.026
2918,07/22/2026 12:41:58,22.85,109.576
2919,07/22/2026 12:51:58,23.01,109.521
2920,07/22/2026 13:01:58,23.12,109.565
2921,07/22/2026 13:11:58,23.09,109.581
2922,07/22/2026 13:21:58,23.16,109.667
2923,07/22/2026 13:31:58,23.22,109.999
2924,07/22/2026 13:41:58,23.23,110.520
2925,07/22/2026 13:51:58,23.10,111.072
2926,07/22/2026 14:01:58,22.96,111.716
2927,07/22/2026 14:11:58,22.96,112.439
2928,07/22/2026 14:21:58,22.95,113.027
2929,07/22/2026 14:31:58,22.82,113.538
2930,07/22/2026 14:41:58,22.72,114.213
2931,07/22/2026 14:51:58,22.54,114.782
2932,07/22/2026 15:01:58,22.38,115.571
2933,07/22/2026 15:11:58,22.22,116.343
2934,07/22/2026 15:21:58,22.09,117.235
2935,07/22/2026 15:31:58,21.75,118.143
2936,07/22/2026 15:41:58,21.44,119.099
2937,07/22/2026 15:51:58,20.88,120.021
2938,07/22/2026 16:01:58,20.48,121.048
2939,07/22/2026 16:11:58,20.25,121.996
2940,07/22/2026 16:21:58,20.01,123.299
2941,07/22/2026 16:31:58,19.79,124.240
2942,07/22/2026 16:41:58,19.47,125.353
2943,07/22/2026 16:51:58,19.27,126.517
2944,07/22/2026 17:01:58,19.16,127.454
2945,07/22/2026 17:11:58,19.19,128.322
2946,07/22/2026 17:21:58,19.08,129.158
2947,07/22/2026 17:31:58,18.85,130.009
2948,07/22/2026 17:41:58,18.61,130.694
2949,07/22/2026 17:51:58,18.41,131.551
2950,07/22/2026 18:01:58,18.21,132.041
2951,07/22/2026 18:11:58,17.97,132.564
2952,07/22/2026 18:21:58,17.61,133.046
2953,07/22/2026 18:31:58,16.99,133.390
2954,07/22/2026 18:41:58,15.93,133.570
2955,07/22/2026 18:51:58,15.37,133.839
2956,07/22/2026 19:01:58,15.30,133.773
2957,07/22/2026 19:11:58,15.30,133.752
2958,07/22/2026 19:21:58,15.29,133.640
2959,07/22/2026 19:31:58,15.40,133.434
2960,07/22/2026 19:41:58,15.91,133.113
2961,07/22/2026 19:51:58,16.41,132.646
2962,07/22/2026 20:01:58,16.82,132.127
2963,07/22/2026 20:11:58,17.61,131.454
2964,07/22/2026 20:21:58,18.18,130.820
2965,07/22/2026 20:31:58,18.51,130.086
2966,07/22/2026 20:41:58,18.63,129.352
2967,07/22/2026 20:51:58,18.81,128.569
2968,07/22/2026 21:01:58,18.95,127.738
2969,07/22/2026 21:11:58,19.09,127.073
2970,07/22/2026 21:21:58,19.28,126.219
2971,07/22/2026 21:31:58,19.47,125.472
2972,07/22/2026 21:41:58,19.63,124.703
2973,07/22/2026 21:51:58,19.76,123.794
2974,07/22/2026 22:01:58,19.91,123.043
2975,07/22/2026 22:11:58,20.11,122.200
2976,07/22/2026 22:21:58,20.30,121.446
2977,07/22/2026 22:31:58,20.47,120.502
2978,07/22/2026 22:41:58,20.68,119.644
2979,07/22/2026 22:51:58,20.88,118.812
2980,07/22/2026 23:01:58,21.10,118.010
2981,07/22/2026 23:11:58,21.26,117.174
2982,07/22/2026 23:21:58,21.42,116.346
2983,07/22/2026 23:31:58,21.57,115.633
2984,07/22/2026 23:41:58,21.71,114.898
2985,07/22/2026 23:51:58,21.83,114.164
2986,07/23/2026 00:01:58,21.96,113.464
2987,07/23/2026 00:11:58,22.06,112.751
2988,07/23/2026 00:21:58,22.14,112.152
2989,07/23/2026 00:31:58,22.21,111.498
2990,07/23/2026 00:41:58,22.25,110.910
2991,07/23/2026 00:51:58,22.31,110.378
2992,07/23/2026 01:01:58,22.39,109.893
2993,07/23/2026 01:11:58,22.48,109.438
2994,07/23/2026 01:21:58,22.55,108.991
2995,07/23/2026 01:31:58,22.62,108.615
2996,07/23/2026 01:41:58,22.64,108.439
2997,07/23/2026 01:51:58,22.45,108.309
2998,07/23/2026 02:01:58,22.29,108.327
2999,07/23/2026 02:11:58,22.46,108.477
3000,07/23/2026 02:21:58,22.40,108.807
3001,07/23/2026 02:31:58,22.60,109.340
3002,07/23/2026 02:41:58,22.65,109.819
3003,07/23/2026 02:51:58,22.58,110.359
3004,07/23/2026 03:01:58,22.56,110.980
3005,07/23/2026 03:11:58,22.48,111.650
3006,07/23/2026 03:21:58,22.22,112.363
3007,07/23/2026 03:31:58,21.95,112.955
3008,07/23/2026 03:41:58,21.70,113.643
3009,07/23/2026 03:51:58,21.53,114.372
3010,07/23/2026 04:01:58,21.40,115.102
3011,07/23/2026 04:11:58,21.21,115.857
3012,07/23/2026 04:21:58,21.07,116.697
3013,07/23/2026 04:31:58,21.02,117.459
3014,07/23/2026 04:41:58,20.96,118.336
3015,07/23/2026 04:51:58,20.82,119.170
3016,07/23/2026 05:01:58,20.48,120.075
3017,07/23/2026 05:11:58,20.10,120.997
3018,07/23/2026 05:21:58,19.86,121.876
3019,07/23/2026 05:31:58,19.61,122.803
3020,07/23/2026 05:41:58,19.26,123.702
3021,07/23/2026 05:51:58,19.03,124.524
3022,07/23/2026 06:01:58,18.87,125.348
3023,07/23/2026 06:11:58,18.77,126.178
3024,07/23/2026 06:21:58,18.59,126.947
3025,07/23/2026 06:31:58,18.50,127.583
3026,07/23/2026 06:41:58,18.35,128.290
3027,07/23/2026 06:51:58,18.25,128.874
3028,07/23/2026 07:01:58,18.18,129.282
3029,07/23/2026 07:11:58,18.07,129.654
3030,07/23/2026 07:21:58,17.95,129.868
3031,07/23/2026 07:31:58,17.78,130.013
3032,07/23/2026 07:41:58,17.45,130.070
3033,07/23/2026 07:51:58,17.36,129.799
3034,07/23/2026 08:01:58,17.33,129.543
3035,07/23/2026 08:11:58,17.40,129.268
3036,07/23/2026 08:21:58,17.46,128.826
3037,07/23/2026 08:31:58,17.58,128.416
3038,07/23/2026 08:41:58,17.87,127.840
3039,07/23/2026 08:51:58,18.14,127.442
3040,07/23/2026 09:01:58,18.16,126.894
3041,07/23/2026 09:11:58,18.25,126.276
3042,07/23/2026 09:21:58,18.37,125.871
3043,07/23/2026 09:31:58,18.49,125.233
3044,07/23/2026 09:41:58,18.65,124.769
3045,07/23/2026 09:51:58,18.74,123.995
3046,07/23/2026 10:01:58,18.93,123.448
3047,07/23/2026 10:11:58,19.12,122.758
3048,07/23/2026 10:21:58,19.33,121.970
3049,07/23/2026 10:31:58,19.53,121.263
3050,07/23/2026 10:41:58,19.75,120.604
3051,07/23/2026 10:51:58,20.02,119.841
3052,07/23/2026 11:01:58,20.25,119.076
3053,07/23/2026 11:11:58,20.47,118.414
3054,07/23/2026 11:21:58,20.72,117.706
3055,07/23/2026 11:31:58,20.94,116.972
3056,07/23/2026 11:41:58,21.17,116.248
3057,07/23/2026 11:51:58,21.39,115.565
3058,07/23/2026 12:01:58,21.53,114.907
3059,07/23/2026 12:11:58,21.69,114.304
3060,07/23/2026 12:21:58,21.84,113.588
3061,07/23/2026 12:31:58,22.01,113.011
3062,07/23/2026 12:41:58,22.17,112.514
3063,07/23/2026 12:51:58,22.31,111.949
3064,07/23/2026 13:01:58,22.47,111.503
3065,07/23/2026 13:11:58,22.61,111.124
3066,07/23/2026 13:21:58,22.78,110.800
3067,07/23/2026 13:31:58,22.90,110.433
3068,07/23/2026 13:41:58,23.10,110.307
3069,07/23/2026 13:51:58,23.24,110.180
3070,07/23/2026 14:01:58,23.35,110.053
3071,07/23/2026 14:11:58,23.35,110.468
3072,07/23/2026 14:21:58,23.40,110.973
3073,07/23/2026 14:31:58,23.29,111.215
3074,07/23/2026 14:41:58,23.13,111.724
3075,07/23/2026 14:51:58,23.03,112.339
3076,07/23/2026 15:01:58,22.99,112.852
3077,07/23/2026 15:11:58,22.97,113.524
3078,07/23/2026 15:21:58,22.92,114.020
3079,07/23/2026 15:31:58,22.82,114.713
3080,07/23/2026 15:41:58,22.31,115.371
3081,07/23/2026 15:51:58,22.09,116.142
3082,07/23/2026 16:01:58,22.09,116.842
3083,07/23/2026 16:11:58,22.04,117.622
3084,07/23/2026 16:21:58,21.78,118.338
3085,07/23/2026 16:31:58,21.43,119.243
3086,07/23/2026 16:41:58,21.00,120.045
3087,07/23/2026 16:51:58,20.45,121.009
3088,07/23/2026 17:01:58,20.23,121.902
3089,07/23/2026 17:11:58,20.26,122.962
3090,07/23/2026 17:21:58,20.13,123.837
3091,07/23/2026 17:31:58,19.81,124.898
3092,07/23/2026 17:41:58,19.53,125.864
3093,07/23/2026 17:51:58,19.31,126.794
3094,07/23/2026 18:01:58,19.13,127.814
3095,07/23/2026 18:11:58,19.09,128.703
3096,07/23/2026 18:21:58,19.05,129.575
3097,07/23/2026 18:31:58,19.06,130.351
3098,07/23/2026 18:41:58,18.80,131.129
3099,07/23/2026 18:51:58,18.60,131.768
3100,07/23/2026 19:01:58,18.43,132.264
3101,07/23/2026 19:11:58,18.21,132.839
3102,07/23/2026 19:21:58,17.97,133.154
3103,07/23/2026 19:31:58,17.44,133.461
3104,07/23/2026 19:41:58,17.15,133.680
3105,07/23/2026 19:51:58,16.98,133.715
3106,07/23/2026 20:01:58,16.92,133.790
3107,07/23/2026 20:11:58,16.93,133.607
3108,07/23/2026 20:21:58,17.06,133.392
3109,07/23/2026 20:31:58,16.95,133.009
3110,07/23/2026 20:41:58,17.16,132.626
3111,07/23/2026 20:51:58,17.48,132.121
3112,07/23/2026 21:01:58,17.68,131.524
3113,07/23/2026 21:11:58,18.03,130.961
3114,07/23/2026 21:21:58,18.43,130.263
3115,07/23/2026 21:31:58,18.59,129.607
3116,07/23/2026 21:41:58,18.69,128.864
3117,07/23/2026 21:51:58,18.80,128.143
3118,07/23/2026 22:01:58,18.91,127.431
3119,07/23/2026 22:11:58,18.98,126.603
3120,07/23/2026 22:21:58,19.06,125.904
3121,07/23/2026 22:31:58,19.17,125.113
3122,07/23/2026 22:41:58,19.32,124.327
3123,07/23/2026 22:51:58,19.49,123.482
3124,07/23/2026 23:01:58,19.66,122.706
3125,07/23/2026 23:11:58,19.84,121.867
3126,07/23/2026 23:21:58,19.99,121.054
3127,07/23/2026 23:31:58,20.17,120.229
3128,07/23/2026 23:41:58,20.36,119.434
3129,07/23/2026 23:51:58,20.55,118.652
3130,07/24/2026 00:01:58,20.76,117.880
3131,07/24/2026 00:11:58,20.95,117.091
3132,07/24/2026 00:21:58,21.12,116.352
3133,07/24/2026 00:31:58,21.28,115.601
3134,07/24/2026 00:41:58,21.42,114.862
3135,07/24/2026 00:51:58,21.52,114.157
3136,07/24/2026 01:01:58,21.61,113.456
3137,07/24/2026 01:11:58,21.69,112.793
3138,07/24/2026 01:21:58,21.79,112.144
3139,07/24/2026 01:31:58,21.92,111.550
3140,07/24/2026 01:41:58,22.06,110.982
3141,07/24/2026 01:51:58,22.17,110.455
3142,07/24/2026 02:01:58,22.29,109.967
3143,07/24/2026 02:11:58,22.37,109.570
3144,07/24/2026 02:21:58,22.43,109.235
3145,07/24/2026 02:31:58,22.48,108.918
3146,07/24/2026 02:41:58,22.45,108.762
3147,07/24/2026 02:51:58,22.25,108.737
3148,07/24/2026 03:01:58,22.31,108.776
3149,07/24/2026 03:11:58,22.34,108.948
3150,07/24/2026 03:21:58,22.29,109.291
3151,07/24/2026 03:31:58,22.41,109.701
3152,07/24/2026 03:41:58,22.38,110.233
3153,07/24/2026 03:51:58,22.33,110.769
3154,07/24/2026 04:01:58,22.24,111.339
3155,07/24/2026 04:11:58,22.15,111.979
3156,07/24/2026 04:21:58,21.86,112.566
3157,07/24/2026 04:31:58,21.68,113.260
3158,07/24/2026 04:41:58,21.58,113.906
3159,07/24/2026 04:51:58,21.43,114.580
3160,07/24/2026 05:01:58,21.25,115.267
3161,07/24/2026 05:11:58,21.02,116.050
3162,07/24/2026 05:21:58,20.90,116.781
3163,07/24/2026 05:31:58,20.72,117.533
3164,07/24/2026 05:41:58,20.60,118.396
3165,07/24/2026 05:51:58,20.52,119.171
3166,07/24/2026 06:01:58,20.39,120.048
3167,07/24/2026 06:11:58,20.13,120.896
3168,07/24/2026 06:21:58,19.88,121.767
3169,07/24/2026 06:31:58,19.67,122.647
3170,07/24/2026 06:41:58,19.36,123.513
3171,07/24/2026 06:51:58,19.11,124.390
3172,07/24/2026 07:01:58,18.92,125.149
3173,07/24/2026 07:11:58,18.81,125.975
3174,07/24/2026 07:21:58,18.73,126.729
3175,07/24/2026 07:31:58,18.61,127.373
3176,07/24/2026 07:41:58,18.47,128.003
3177,07/24/2026 07:51:58,18.38,128.541
3178,07/24/2026 08:01:58,18.24,129.006
3179,07/24/2026 08:11:58,18.22,129.295
3180,07/24/2026 08:21:58,18.19,129.546
3181,07/24/2026 08:31:58,18.16,129.656
3182,07/24/2026 08:41:58,18.11,129.548
3183,07/24/2026 08:51:58,18.06,129.509
3184,07/24/2026 09:01:58,17.95,129.200
3185,07/24/2026 09:11:58,17.95,128.936
3186,07/24/2026 09:21:58,17.98,128.575
3187,07/24/2026 09:31:58,18.05,128.100
3188,07/24/2026 09:41:58,18.13,127.723
3189,07/24/2026 09:51:58,18.21,127.231
3190,07/24/2026 10:01:58,18.29,126.744
3191,07/24/2026 10:11:58,18.37,126.198
3192,07/24/2026 10:21:58,18.55,125.676
3193,07/24/2026 10:31:58,18.77,125.052
3194,07/24/2026 10:41:58,19.19,124.451
3195,07/24/2026 10:51:58,19.44,123.897
3196,07/24/2026 11:01:58,19.85,123.240
3197,07/24/2026 11:11:58,20.05,122.630
3198,07/24/2026 11:21:58,20.23,121.868
3199,07/24/2026 11:31:58,20.61,121.246
3200,07/24/2026 11:41:58,20.75,120.547
3201,07/24/2026 11:51:58,20.82,119.778
3202,07/24/2026 12:01:58,20.89,119.192
3203,07/24/2026 12:11:58,21.14,118.497
3204,07/24/2026 12:21:58,21.39,117.801
3205,07/24/2026 12:31:58,21.66,117.149
3206,07/24/2026 12:41:58,21.89,116.517
3207,07/24/2026 12:51:58,22.08,115.804
3208,07/24/2026 13:01:58,22.26,115.176
3209,07/24/2026 13:11:58,22.45,114.599
3210,07/24/2026 13:21:58,22.62,113.992
3211,07/24/2026 13:31:58,22.77,113.499
3212,07/24/2026 13:41:58,22.91,113.001
3213,07/24/2026 13:51:58,23.08,112.530
3214,07/24/2026 14:01:58,23.25,112.088
3215,07/24/2026 14:11:58,23.37,111.800
3216,07/24/2026 14:21:58,23.49,111.509
3217,07/24/2026 14:31:58,23.59,111.238
3218,07/24/2026 14:41:58,23.70,111.144
3219,07/24/2026 14:51:58,23.79,111.255
3220,07/24/2026 15:01:58,23.89,111.413
3221,07/24/2026 15:11:58,23.73,111.619
3222,07/24/2026 15:21:58,23.68,112.102
3223,07/24/2026 15:31:58,23.63,112.555
3224,07/24/2026 15:41:58,23.59,113.029
3225,07/24/2026 15:51:58,23.55,113.512
3226,07/24/2026 16:01:58,23.48,114.134
3227,07/24/2026 16:11:58,23.47,114.685
3228,07/24/2026 16:21:58,23.12,115.271
3229,07/24/2026 16:31:58,23.18,115.918
3230,07/24/2026 16:41:58,23.21,116.501
3231,07/24/2026 16:51:58,23.09,117.274
3232,07/24/2026 17:01:58,22.85,118.000
3233,07/24/2026 17:11:58,22.73,118.778
3234,07/24/2026 17:21:58,22.53,119.598
3235,07/24/2026 17:31:58,22.22,120.458
3236,07/24/2026 17:41:58,21.81,121.312
3237,07/24/2026 17:51:58,21.36,122.212
3238,07/24/2026 18:01:58,21.07,123.159
3239,07/24/2026 18:11:58,20.93,124.152
3240,07/24/2026 18:21:58,20.72,125.124
3241,07/24/2026 18:31:58,20.47,126.069
3242,07/24/2026 18:41:58,20.21,127.024
3243,07/24/2026 18:51:58,20.06,127.994
3244,07/24/2026 19:01:58,19.94,128.898
3245,07/24/2026 19:11:58,19.75,129.784
3246,07/24/2026 19:21:58,19.68,130.583
3247,07/24/2026 19:31:58,19.55,131.301
3248,07/24/2026 19:41:58,19.34,131.949
3249,07/24/2026 19:51:58,19.15,132.490
3250,07/24/2026 20:01:58,18.97,132.986
3251,07/24/2026 20:11:58,18.82,133.345
3252,07/24/2026 20:21:58,18.58,133.647
3253,07/24/2026 20:31:58,18.50,133.850
3254,07/24/2026 20:41:58,18.34,133.872
3255,07/24/2026 20:51:58,18.17,133.915
3256,07/24/2026 21:01:58,18.10,133.802
3257,07/24/2026 21:11:58,18.15,133.555
3258,07/24/2026 21:21:58,18.19,133.291
3259,07/24/2026 21:31:58,18.31,132.871
3260,07/24/2026 21:41:58,18.43,132.405
3261,07/24/2026 21:51:58,18.58,131.887
3262,07/24/2026 22:01:58,18.76,131.333
3263,07/24/2026 22:11:58,18.99,130.724
3264,07/24/2026 22:21:58,19.21,130.090
3265,07/24/2026 22:31:58,19.38,129.447
3266,07/24/2026 22:41:58,19.46,128.729
3267,07/24/2026 22:51:58,19.56,128.063
3268,07/24/2026 23:01:58,19.64,127.291
3269,07/24/2026 23:11:58,19.75,126.558
3270,07/24/2026 23:21:58,19.87,125.800
3271,07/24/2026 23:31:58,20.01,125.013
3272,07/24/2026 23:41:58,20.16,124.172
3273,07/24/2026 23:51:58,20.32,123.459
3274,07/25/2026 00:01:58,20.52,122.603
3275,07/25/2026 00:11:58,20.69,121.802
3276,07/25/2026 00:21:58,20.84,120.993
3277,07/25/2026 00:31:58,21.01,120.142
3278,07/25/2026 00:41:58,21.18,119.322
3279,07/25/2026 00:51:58,21.37,118.565
3280,07/25/2026 01:01:58,21.54,117.733
3281,07/25/2026 01:11:58,21.70,116.968
3282,07/25/2026 01:21:58,21.84,116.200
3283,07/25/2026 01:31:58,21.98,115.440
3284,07/25/2026 01:41:58,22.08,114.726
3285,07/25/2026 01:51:58,22.15,113.990
3286,07/25/2026 02:01:58,22.21,113.331
3287,07/25/2026 02:11:58,22.26,112.718
3288,07/25/2026 02:21:58,22.31,112.084
3289,07/25/2026 02:31:58,22.42,111.489
3290,07/25/2026 02:41:58,22.53,110.959
3291,07/25/2026 02:51:58,22.60,110.452
3292,07/25/2026 03:01:58,22.68,110.055
3293,07/25/2026 03:11:58,22.75,109.675
3294,07/25/2026 03:21:58,22.82,109.307
3295,07/25/2026 03:31:58,22.83,109.035
3296,07/25/2026 03:41:58,22.69,108.943
3297,07/25/2026 03:51:58,22.61,108.975
3298,07/25/2026 04:01:58,22.66,109.010
3299,07/25/2026 04:11:58,22.59,109.348
3300,07/25/2026 04:21:58,22.70,109.804
3301,07/25/2026 04:31:58,22.75,110.224
3302,07/25/2026 04:41:58,22.69,110.786
3303,07/25/2026 04:51:58,22.66,111.411
3304,07/25/2026 05:01:58,22.59,111.951
3305,07/25/2026 05:11:58,22.46,112.554
3306,07/25/2026 05:21:58,22.10,113.160
3307,07/25/2026 05:31:58,21.94,113.880
3308,07/25/2026 05:41:58,21.83,114.467
3309,07/25/2026 05:51:58,21.71,115.113
3310,07/25/2026 06:01:58,21.52,115.847
3311,07/25/2026 06:11:58,21.42,116.582
3312,07/25/2026 06:21:58,21.28,117.343
3313,07/25/2026 06:31:58,21.17,118.050
3314,07/25/2026 06:41:58,21.15,118.860
3315,07/25/2026 06:51:58,21.10,119.671
3316,07/25/2026 07:01:58,20.86,120.515
3317,07/25/2026 07:11:58,20.60,121.330
3318,07/25/2026 07:21:58,20.38,122.227
3319,07/25/2026 07:31:58,20.17,123.066
3320,07/25/2026 07:41:58,19.92,123.933
3321,07/25/2026 07:51:58,19.75,124.786
3322,07/25/2026 08:01:58,19.64,125.616
3323,07/25/2026 08:11:58,19.57,126.439
3324,07/25/2026 08:21:58,19.46,127.129
3325,07/25/2026 08:31:58,19.40,127.774
3326,07/25/2026 08:41:58,19.30,128.380
3327,07/25/2026 08:51:58,19.18,128.858
3328,07/25/2026 09:01:58,19.12,129.236
3329,07/25/2026 09:11:58,19.15,129.475
3330,07/25/2026 09:21:58,19.14,129.735
3331,07/25/2026 09:31:58,19.10,129.815
3332,07/25/2026 09:41:58,19.07,129.759
3333,07/25/2026 09:51:58,19.01,129.570
3334,07/25/2026 10:01:58,19.00,129.237
3335,07/25/2026 10:11:58,19.03,128.880
3336,07/25/2026 10:21:58,19.07,128.541
3337,07/25/2026 10:31:58,19.14,128.049
3338,07/25/2026 10:41:58,19.22,127.613
3339,07/25/2026 10:51:58,19.36,127.054
3340,07/25/2026 11:01:58,19.44,126.550
3341,07/25/2026 11:11:58,19.58,126.010
3342,07/25/2026 11:21:58,19.69,125.469
3343,07/25/2026 11:31:58,19.87,124.934
3344,07/25/2026 11:41:58,20.15,124.359
3345,07/25/2026 11:51:58,20.46,123.700
3346,07/25/2026 12:01:58,20.70,122.993
3347,07/25/2026 12:11:58,21.03,122.501
3348,07/25/2026 12:21:58,21.36,121.716
3349,07/25/2026 12:31:58,21.56,120.959
3350,07/25/2026 12:41:58,21.73,120.303
3351,07/25/2026 12:51:58,21.90,119.545
3352,07/25/2026 13:01:58,22.13,118.874
3353,07/25/2026 13:11:58,22.33,118.224
3354,07/25/2026 13:21:58,22.55,117.583
3355,07/25/2026 13:31:58,22.72,116.878
3356,07/25/2026 13:41:58,22.91,116.249
3357,07/25/2026 13:51:58,23.09,115.629
3358,07/25/2026 14:01:58,23.26,115.081
3359,07/25/2026 14:11:58,23.41,114.486
3360,07/25/2026 14:21:58,23.54,113.925
3361,07/25/2026 14:31:58,23.67,113.418
3362,07/25/2026 14:41:58,23.79,112.945
3363,07/25/2026 14:51:58,23.95,112.478
3364,07/25/2026 15:01:58,24.04,112.051
3365,07/25/2026 15:11:58,24.14,111.830
3366,07/25/2026 15:21:58,24.23,111.589
3367,07/25/2026 15:31:58,24.35,111.314
3368,07/25/2026 15:41:58,24.37,111.487
3369,07/25/2026 15:51:58,24.44,111.652
3370,07/25/2026 16:01:58,24.32,111.830
3371,07/25/2026 16:11:58,24.22,112.118
3372,07/25/2026 16:21:58,24.12,112.541
3373,07/25/2026 16:31:58,24.05,113.069
3374,07/25/2026 16:41:58,24.00,113.464
3375,07/25/2026 16:51:58,23.97,114.002
3376,07/25/2026 17:01:58,23.87,114.534
3377,07/25/2026 17:11:58,23.56,115.185
3378,07/25/2026 17:21:58,23.18,115.724
3379,07/25/2026 17:31:58,23.18,116.428
3380,07/25/2026 17:41:58,23.10,117.152
3381,07/25/2026 17:51:58,23.04,117.924
3382,07/25/2026 18:01:58,23.02,118.658
3383,07/25/2026 18:11:58,22.91,119.544
3384,07/25/2026 18:21:58,22.74,120.339
3385,07/25/2026 18:31:58,22.43,121.233
3386,07/25/2026 18:41:58,21.98,122.171
3387,07/25/2026 18:51:58,21.59,123.044
3388,07/25/2026 19:01:58,21.41,124.066
3389,07/25/2026 19:11:58,21.24,125.047
3390,07/25/2026 19:21:58,20.99,126.005
3391,07/25/2026 19:31:58,20.69,127.027
3392,07/25/2026 19:41:58,20.53,127.984
3393,07/25/2026 19:51:58,20.37,128.866
3394,07/25/2026 20:01:58,20.29,129.810
3395,07/25/2026 20:11:58,20.22,130.550
3396,07/25/2026 20:21:58,20.00,131.329
3397,07/25/2026 20:31:58,19.72,131.975
3398,07/25/2026 20:41:58,19.50,132.567
3399,07/25/2026 20:51:58,19.27,133.010
3400,07/25/2026 21:01:58,18.97,133.481
3401,07/25/2026 21:11:58,18.67,133.743
3402,07/25/2026 21:21:58,18.36,133.966
3403,07/25/2026 21:31:58,18.19,134.159
3404,07/25/2026 21:41:58,18.03,134.185
3405,07/25/2026 21:51:58,17.78,134.132
3406,07/25/2026 22:01:58,17.69,134.031
3407,07/25/2026 22:11:58,17.78,133.738
3408,07/25/2026 22:21:58,17.89,133.391
3409,07/25/2026 22:31:58,17.98,132.957
3410,07/25/2026 22:41:58,18.43,132.392
3411,07/25/2026 22:51:58,18.75,131.747
3412,07/25/2026 23:01:58,19.08,131.123
3413,07/25/2026 23:11:58,19.34,130.421
3414,07/25/2026 23:21:58,19.56,129.749
3415,07/25/2026 23:31:58,19.74,129.008
3416,07/25/2026 23:41:58,19.89,128.318
3417,07/25/2026 23:51:58,20.01,127.538
3418,07/26/2026 00:01:58,20.09,126.783
3419,07/26/2026 00:11:58,20.17,126.045
3420,07/26/2026 00:21:58,20.26,125.227
3421,07/26/2026 00:31:58,20.35,124.397
3422,07/26/2026 00:41:58,20.49,123.582
3423,07/26/2026 00:51:58,20.67,122.759
3424,07/26/2026 01:01:58,20.80,121.860
3425,07/26/2026 01:11:58,20.92,121.067
3426,07/26/2026 01:21:58,21.08,120.228
3427,07/26/2026 01:31:58,21.24,119.458
3428,07/26/2026 01:41:58,21.35,118.649
3429,07/26/2026 01:51:58,21.49,117.804
3430,07/26/2026 02:01:58,21.63,117.013
3431,07/26/2026 02:11:58,21.70,116.201
3432,07/26/2026 02:21:58,21.80,115.423
3433,07/26/2026 02:31:58,21.88,114.687
3434,07/26/2026 02:41:58,21.94,113.948
3435,07/26/2026 02:51:58,21.98,113.229
3436,07/26/2026 03:01:58,22.02,112.569
3437,07/26/2026 03:11:58,22.06,111.919
3438,07/26/2026 03:21:58,22.12,111.348
3439,07/26/2026 03:31:58,22.23,110.767
3440,07/26/2026 03:41:58,22.33,110.261
3441,07/26/2026 03:51:58,22.40,109.822
3442,07/26/2026 04:01:58,22.45,109.391
3443,07/26/2026 04:11:58,22.49,109.023
3444,07/26/2026 04:21:58,22.51,108.755
3445,07/26/2026 04:31:58,22.52,108.588
3446,07/26/2026 04:41:58,22.48,108.612
3447,07/26/2026 04:51:58,22.38,108.656
3448,07/26/2026 05:01:58,22.32,108.873
3449,07/26/2026 05:11:58,22.32,109.279
3450,07/26/2026 05:21:58,22.44,109.773
3451,07/26/2026 05:31:58,22.44,110.335
3452,07/26/2026 05:41:58,22.41,110.868
3453,07/26/2026 05:51:58,22.38,111.447
3454,07/26/2026 06:01:58,22.26,112.133
3455,07/26/2026 06:11:58,22.01,112.721
3456,07/26/2026 06:21:58,21.92,113.404
3457,07/26/2026 06:31:58,21.83,114.038
3458,07/26/2026 06:41:58,21.73,114.722
3459,07/26/2026 06:51:58,21.56,115.468
3460,07/26/2026 07:01:58,21.38,116.198
3461,07/26/2026 07:11:58,21.24,116.987
3462,07/26/2026 07:21:58,21.17,117.805
3463,07/26/2026 07:31:58,21.18,118.624
3464,07/26/2026 07:41:58,21.13,119.460
3465,07/26/2026 07:51:58,20.90,120.300
3466,07/26/2026 08:01:58,20.72,121.214
3467,07/26/2026 08:11:58,20.55,122.104
3468,07/26/2026 08:21:58,20.31,122.971
3469,07/26/2026 08:31:58,20.04,123.923
3470,07/26/2026 08:41:58,19.86,124.793
3471,07/26/2026 08:51:58,19.75,125.627
3472,07/26/2026 09:01:58,19.64,126.496
3473,07/26/2026 09:11:58,19.57,127.229
3474,07/26/2026 09:21:58,19.54,127.913
3475,07/26/2026 09:31:58,19.43,128.511
3476,07/26/2026 09:41:58,19.33,129.054
3477,07/26/2026 09:51:58,19.26,129.461
3478,07/26/2026 10:01:58,19.17,129.663
3479,07/26/2026 10:11:58,19.00,129.906
3480,07/26/2026 10:21:58,18.87,129.975
3481,07/26/2026 10:31:58,18.86,129.890
3482,07/26/2026 10:41:58,18.88,129.775
3483,07/26/2026 10:51:58,18.92,129.538
3484,07/26/2026 11:01:58,18.93,129.202
3485,07/26/2026 11:11:58,19.02,128.795
3486,07/26/2026 11:21:58,19.25,128.328
3487,07/26/2026 11:31:58,19.31,127.861
3488,07/26/2026 11:41:58,19.35,127.360
3489,07/26/2026 11:51:58,19.40,126.800
3490,07/26/2026 12:01:58,19.51,126.382
3491,07/26/2026 12:11:58,19.62,125.824
3492,07/26/2026 12:21:58,19.78,125.254
3493,07/26/2026 12:31:58,19.91,124.621
3494,07/26/2026 12:41:58,20.14,124.015
3495,07/26/2026 12:51:58,20.34,123.371
3496,07/26/2026 13:01:58,20.58,122.677
3497,07/26/2026 13:11:58,20.76,121.961
3498,07/26/2026 13:21:58,21.03,121.200
3499,07/26/2026 13:31:58,21.30,120.525
3500,07/26/2026 13:41:58,21.53,119.710
3501,07/26/2026 13:51:58,21.78,119.149
3502,07/26/2026 14:01:58,22.03,118.454
3503,07/26/2026 14:11:58,22.27,117.779
3504,07/26/2026 14:21:58,22.48,117.109
3505,07/26/2026 14:31:58,22.68,116.337
3506,07/26/2026 14:41:58,22.88,115.835
3507,07/26/2026 14:51:58,23.05,115.219
3508,07/26/2026 15:01:58,23.19,114.612
3509,07/26/2026 15:11:58,23.31,114.042
3510,07/26/2026 15:21:58,23.43,113.505
3511,07/26/2026 15:31:58,23.55,113.045
3512,07/26/2026 15:41:58,23.68,112.560
3513,07/26/2026 15:51:58,23.77,112.188
3514,07/26/2026 16:01:58,23.84,111.845
3515,07/26/2026 16:11:58,23.92,111.653
3516,07/26/2026 16:21:58,23.98,111.638
3517,07/26/2026 16:31:58,24.01,111.512
3518,07/26/2026 16:41:58,24.04,111.593
3519,07/26/2026 16:51:58,24.06,111.740
3520,07/26/2026 17:01:58,23.95,112.036
3521,07/26/2026 17:11:58,23.85,112.492
3522,07/26/2026 17:21:58,23.76,112.962
3523,07/26/2026 17:31:58,23.73,113.462
3524,07/26/2026 17:41:58,23.71,114.004
3525,07/26/2026 17:51:58,23.58,114.667
3526,07/26/2026 18:01:58,23.37,115.286
3527,07/26/2026 18:11:58,22.93,115.887
3528,07/26/2026 18:21:58,22.74,116.608
3529,07/26/2026 18:31:58,22.89,117.443
3530,07/26/2026 18:41:58,22.89,118.182
3531,07/26/2026 18:51:58,22.78,118.974
3532,07/26/2026 19:01:58,22.54,119.801
3533,07/26/2026 19:11:58,22.29,120.650
3534,07/26/2026 19:21:58,21.80,121.625
3535,07/26/2026 19:31:58,21.46,122.528
3536,07/26/2026 19:41:58,21.37,123.552
3537,07/26/2026 19:51:58,21.36,124.561
3538,07/26/2026 20:01:58,21.20,125.530
3539,07/26/2026 20:11:58,20.93,126.539
3540,07/26/2026 20:21:58,20.71,127.512
3541,07/26/2026 20:31:58,20.53,128.453
3542,07/26/2026 20:41:58,20.44,129.315
3543,07/26/2026 20:51:58,20.30,130.172
3544,07/26/2026 21:01:58,20.09,130.960
3545,07/26/2026 21:11:58,19.86,131.688
3546,07/26/2026 21:21:58,19.59,132.322
3547,07/26/2026 21:31:58,19.24,132.894
3548,07/26/2026 21:41:58,18.96,133.357
3549,07/26/2026 21:51:58,18.67,133.812
3550,07/26/2026 22:01:58,18.46,134.110
3551,07/26/2026 22:11:58,18.36,134.364
3552,07/26/2026 22:21:58,18.22,134.484
3553,07/26/2026 22:31:58,18.09,134.511
3554,07/26/2026 22:41:58,17.95,134.525
3555,07/26/2026 22:51:58,17.89,134.391
3556,07/26/2026 23:01:58,17.79,134.093
3557,07/26/2026 23:11:58,17.76,133.828
3558,07/26/2026 23:21:58,17.85,133.428
3559,07/26/2026 23:31:58,18.21,132.903
3560,07/26/2026 23:41:58,18.58,132.280
3561,07/26/2026 23:51:58,18.83,131.659
3562,07/27/2026 00:01:58,19.15,130.971
3563,07/27/2026 00:11:58,19.44,130.181
3564,07/27/2026 00:21:58,19.68,129.458
3565,07/27/2026 00:31:58,19.83,128.678
3566,07/27/2026 00:41:58,19.94,127.842
3567,07/27/2026 00:51:58,20.05,127.024
3568,07/27/2026 01:01:58,20.15,126.193
3569,07/27/2026 01:11:58,20.24,125.342
3570,07/27/2026 01:21:58,20.34,124.414
3571,07/27/2026 01:31:58,20.51,123.595
3572,07/27/2026 01:41:58,20.61,122.728
3573,07/27/2026 01:51:58,20.71,121.828
3574,07/27/2026 02:01:58,20.81,120.971
3575,07/27/2026 02:11:58,20.89,120.089
3576,07/27/2026 02:21:58,20.98,119.241
3577,07/27/2026 02:31:58,21.07,118.436
3578,07/27/2026 02:41:58,21.15,117.623
3579,07/27/2026 02:51:58,21.26,116.823
3580,07/27/2026 03:01:58,21.34,116.011
3581,07/27/2026 03:11:58,21.38,115.232
3582,07/27/2026 03:21:58,21.47,114.447
3583,07/27/2026 03:31:58,21.58,113.721
3584,07/27/2026 03:41:58,21.62,112.998
3585,07/27/2026 03:51:58,21.69,112.318
3586,07/27/2026 04:01:58,21.74,111.685
3587,07/27/2026 04:11:58,21.78,111.068
3588,07/27/2026 04:21:58,21.82,110.548
3589,07/27/2026 04:31:58,21.89,110.109
3590,07/27/2026 04:41:58,21.93,109.619
3591,07/27/2026 04:51:58,21.97,109.159
3592,07/27/2026 05:01:58,22.00,108.895
3593,07/27/2026 05:11:58,22.00,108.618
3594,07/27/2026 05:21:58,21.99,108.585
3595,07/27/2026 05:31:58,21.79,108.605
3596,07/27/2026 05:41:58,21.85,108.649
3597,07/27/2026 05:51:58,21.79,108.836
3598,07/27/2026 06:01:58,21.85,109.332
3599,07/27/2026 06:11:58,21.94,109.796
3600,07/27/2026 06:21:58,21.97,110.379
3601,07/27/2026 06:31:58,21.97,110.993
3602,07/27/2026 06:41:58,21.94,111.626
3603,07/27/2026 06:51:58,21.82,112.224
3604,07/27/2026 07:01:58,21.72,112.899
3605,07/27/2026 07:11:58,21.64,113.663
3606,07/27/2026 07:21:58,21.58,114.327
3607,07/27/2026 07:31:58,21.46,115.032
3608,07/27/2026 07:41:58,21.27,115.795
3609,07/27/2026 07:51:58,21.16,116.656
3610,07/27/2026 08:01:58,21.05,117.409
3611,07/27/2026 08:11:58,21.07,118.271
3612,07/27/2026 08:21:58,21.08,119.078
3613,07/27/2026 08:31:58,20.93,120.005
3614,07/27/2026 08:41:58,20.82,120.971
3615,07/27/2026 08:51:58,20.69,121.879
3616,07/27/2026 09:01:58,20.51,122.840
3617,07/27/2026 09:11:58,20.33,123.727
3618,07/27/2026 09:21:58,20.17,124.635
3619,07/27/2026 09:31:58,20.06,125.558
3620,07/27/2026 09:41:58,20.01,126.305
3621,07/27/2026 09:51:58,19.95,127.158
3622,07/27/2026 10:01:58,19.91,127.918
3623,07/27/2026 10:11:58,19.83,128.508
3624,07/27/2026 10:21:58,19.81,129.069
3625,07/27/2026 10:31:58,19.79,129.559
3626,07/27/2026 10:41:58,19.73,129.949
3627,07/27/2026 10:51:58,19.65,130.327
3628,07/27/2026 11:01:58,19.57,130.491
3629,07/27/2026 11:11:58,19.55,130.529
3630,07/27/2026 11:21:58,19.53,130.588
3631,07/27/2026 11:31:58,19.46,130.386
3632,07/27/2026 11:41:58,19.42,130.070
3633,07/27/2026 11:51:58,19.46,129.666
3634,07/27/2026 12:01:58,19.52,129.173
3635,07/27/2026 12:11:58,19.64,128.640
3636,07/27/2026 12:21:58,19.82,128.086
3637,07/27/2026 12:31:58,19.92,127.493
3638,07/27/2026 12:41:58,20.05,126.888
3639,07/27/2026 12:51:58,20.17,126.343
3640,07/27/2026 13:01:58,20.31,125.721
3641,07/27/2026 13:11:58,20.51,125.135
3642,07/27/2026 13:21:58,20.83,124.528
3643,07/27/2026 13:31:58,20.95,123.813
3644,07/27/2026 13:41:58,21.14,123.097
3645,07/27/2026 13:51:58,21.44,122.447
3646,07/27/2026 14:01:58,21.71,121.695
3647,07/27/2026 14:11:58,21.79,120.939
3648,07/27/2026 14:21:58,21.92,120.159
3649,07/27/2026 14:31:58,22.09,119.478
3650,07/27/2026 14:41:58,22.30,118.764
3651,07/27/2026 14:51:58,22.51,118.008
3652,07/27/2026 15:01:58,22.70,117.346
3653,07/27/2026 15:11:58,22.86,116.653
3654,07/27/2026 15:21:58,23.03,115.995
3655,07/27/2026 15:31:58,23.20,115.269
3656,07/27/2026 15:41:58,23.31,114.665
3657,07/27/2026 15:51:58,23.41,114.052
3658,07/27/2026 16:01:58,23.51,113.579
3659,07/27/2026 16:11:58,23.59,112.848
3660,07/27/2026 16:21:58,23.70,112.338
3661,07/27/2026 16:31:58,23.78,111.961
3662,07/27/2026 16:41:58,23.84,111.622
3663,07/27/2026 16:51:58,23.90,111.253
3664,07/27/2026 17:01:58,23.95,111.053
3665,07/27/2026 17:11:58,23.97,110.923
3666,07/27/2026 17:21:58,24.01,110.991
3667,07/27/2026 17:31:58,24.05,111.101
3668,07/27/2026 17:41:58,24.02,111.332
3669,07/27/2026 17:51:58,23.91,111.611
3670,07/27/2026 18:01:58,23.82,112.080
3671,07/27/2026 18:11:58,23.73,112.683
3672,07/27/2026 18:21:58,23.67,113.233
3673,07/27/2026 18:31:58,23.62,113.813
3674,07/27/2026 18:41:58,23.44,114.483
3675,07/27/2026 18:51:58,23.15,115.108
3676,07/27/2026 19:01:58,22.88,115.831
3677,07/27/2026 19:11:58,22.93,116.642
3678,07/27/2026 19:21:58,22.95,117.449
3679,07/27/2026 19:31:58,22.88,118.241
3680,07/27/2026 19:41:58,22.83,119.081
3681,07/27/2026 19:51:58,22.73,120.093
3682,07/27/2026 20:01:58,22.56,120.999
3683,07/27/2026 20:11:58,22.32,121.959
3684,07/27/2026 20:21:58,21.96,122.968
3685,07/27/2026 20:31:58,21.80,124.025
3686,07/27/2026 20:41:58,21.62,125.103
3687,07/27/2026 20:51:58,21.46,126.182
3688,07/27/2026 21:01:58,21.29,127.233
3689,07/27/2026 21:11:58,21.06,128.253
3690,07/27/2026 21:21:58,21.07,129.275
3691,07/27/2026 21:31:58,21.06,130.195
3692,07/27/2026 21:41:58,20.92,131.024
3693,07/27/2026 21:51:58,20.67,131.790
3694,07/27/2026 22:01:58,20.40,132.474
3695,07/27/2026 22:11:58,20.16,133.032
3696,07/27/2026 22:21:58,19.90,133.654
3697,07/27/2026 22:31:58,19.69,134.025
3698,07/27/2026 22:41:58,19.35,134.410
3699,07/27/2026 22:51:58,19.11,134.660
3700,07/27/2026 23:01:58,18.86,134.770
3701,07/27/2026 23:11:58,18.81,134.905
3702,07/27/2026 23:21:58,18.69,134.881
3703,07/27/2026 23:31:58,18.60,134.772
3704,07/27/2026 23:41:58,18.34,134.564
3705,07/27/2026 23:51:58,18.28,134.293
3706,07/28/2026 00:01:58,18.30,134.008
3707,07/28/2026 00:11:58,18.47,133.478
3708,07/28/2026 00:21:58,18.97,132.896
3709,07/28/2026 00:31:58,19.32,132.285
3710,07/28/2026 00:41:58,19.74,131.583
3711,07/28/2026 00:51:58,19.97,130.757
3712,07/28/2026 01:01:58,20.16,129.892
3713,07/28/2026 01:11:58,20.36,129.066
3714,07/28/2026 01:21:58,20.51,128.260
3715,07/28/2026 01:31:58,20.65,127.379
3716,07/28/2026 01:41:58,20.75,126.492
3717,07/28/2026 01:51:58,20.84,125.636
3718,07/28/2026 02:01:58,20.92,124.750
3719,07/28/2026 02:11:58,21.02,123.815
3720,07/28/2026 02:21:58,21.11,122.944
3721,07/28/2026 02:31:58,21.19,122.064
3722,07/28/2026 02:41:58,21.29,121.139
3723,07/28/2026 02:51:58,21.37,120.316
3724,07/28/2026 03:01:58,21.46,119.442
3725,07/28/2026 03:11:58,21.55,118.578
3726,07/28/2026 03:21:58,21.63,117.731
3727,07/28/2026 03:31:58,21.69,116.896
3728,07/28/2026 03:41:58,21.76,116.109
3729,07/28/2026 03:51:58,21.82,115.272
3730,07/28/2026 04:01:58,21.88,114.460
3731,07/28/2026 04:11:58,21.96,113.733
3732,07/28/2026 04:21:58,22.00,112.973
3733,07/28/2026 04:31:58,22.03,112.279
3734,07/28/2026 04:41:58,22.05,111.612
3735,07/28/2026 04:51:58,22.08,111.020
3736,07/28/2026 05:01:58,22.12,110.412
3737,07/28/2026 05:11:58,22.14,109.838
3738,07/28/2026 05:21:58,22.18,109.318
3739,07/28/2026 05:31:58,22.22,108.870
3740,07/28/2026 05:41:58,22.25,108.481
3741,07/28/2026 05:51:58,22.26,108.180
3742,07/28/2026 06:01:58,22.28,107.950
3743,07/28/2026 06:11:58,22.27,107.929
3744,07/28/2026 06:21:58,22.22,108.028
3745,07/28/2026 06:31:58,22.19,108.291
3746,07/28/2026 06:41:58,22.20,108.631
3747,07/28/2026 06:51:58,22.24,109.206
3748,07/28/2026 07:01:58,22.29,109.837
3749,07/28/2026 07:11:58,22.28,110.382
3750,07/28/2026 07:21:58,22.27,111.091
3751,07/28/2026 07:31:58,22.19,111.741
3752,07/28/2026 07:41:58,22.14,112.488
3753,07/28/2026 07:51:58,22.11,113.169
3754,07/28/2026 08:01:58,22.06,113.917
3755,07/28/2026 08:11:58,21.97,114.689
3756,07/28/2026 08:21:58,21.89,115.476
3757,07/28/2026 08:31:58,21.80,116.363
3758,07/28/2026 08:41:58,21.73,117.205
3759,07/28/2026 08:51:58,21.71,118.062
3760,07/28/2026 09:01:58,21.66,119.003
3761,07/28/2026 09:11:58,21.56,119.960
3762,07/28/2026 09:21:58,21.41,120.943
3763,07/28/2026 09:31:58,21.31,121.927
3764,07/28/2026 09:41:58,21.10,122.973
3765,07/28/2026 09:51:58,20.96,123.949
3766,07/28/2026 10:01:58,20.87,124.915
3767,07/28/2026 10:11:58,20.78,125.890
3768,07/28/2026 10:21:58,20.68,126.775
3769,07/28/2026 10:31:58,20.56,127.623
3770,07/28/2026 10:41:58,20.50,128.371
3771,07/28/2026 10:51:58,20.50,129.116
3772,07/28/2026 11:01:58,20.50,129.661
3773,07/28/2026 11:11:58,20.37,130.246
3774,07/28/2026 11:21:58,20.30,130.697
3775,07/28/2026 11:31:58,20.26,130.986
3776,07/28/2026 11:41:58,20.16,131.214
3777,07/28/2026 11:51:58,19.87,131.219
3778,07/28/2026 12:01:58,19.71,131.275
3779,07/28/2026 12:11:58,19.69,131.095
3780,07/28/2026 12:21:58,19.72,130.857
3781,07/28/2026 12:31:58,19.80,130.475
3782,07/28/2026 12:41:58,19.98,129.981
3783,07/28/2026 12:51:58,20.20,129.454
3784,07/28/2026 13:01:58,20.36,128.883
3785,07/28/2026 13:11:58,20.43,128.395
3786,07/28/2026 13:21:58,20.55,127.746
3787,07/28/2026 13:31:58,20.72,127.155
3788,07/28/2026 13:41:58,20.90,126.521
3789,07/28/2026 13:51:58,21.13,125.834
3790,07/28/2026 14:01:58,21.36,125.143
3791,07/28/2026 14:11:58,21.54,124.438
3792,07/28/2026 14:21:58,21.64,123.711
3793,07/28/2026 14:31:58,21.80,122.913
3794,07/28/2026 14:41:58,21.98,122.116
3795,07/28/2026 14:51:58,22.18,121.376
3796,07/28/2026 15:01:58,22.37,120.597
3797,07/28/2026 15:11:58,22.56,119.810
3798,07/28/2026 15:21:58,22.75,119.032
3799,07/28/2026 15:31:58,22.94,118.247
3800,07/28/2026 15:41:58,23.09,117.540
3801,07/28/2026 15:51:58,23.25,116.810
3802,07/28/2026 16:01:58,23.39,116.146
3803,07/28/2026 16:11:58,23.50,115.453
3804,07/28/2026 16:21:58,23.61,114.764
3805,07/28/2026 16:31:58,23.69,114.063
3806,07/28/2026 16:41:58,23.74,113.483
3807,07/28/2026 16:51:58,23.76,112.932
3808,07/28/2026 17:01:58,23.76,112.377
3809,07/28/2026 17:11:58,23.78,111.877
3810,07/28/2026 17:21:58,23.76,111.427
3811,07/28/2026 17:31:58,23.78,111.028
3812,07/28/2026 17:41:58,23.77,110.742
3813,07/28/2026 17:51:58,23.77,110.604
3814,07/28/2026 18:01:58,23.77,110.520
3815,07/28/2026 18:11:58,23.77,110.541
3816,07/28/2026 18:21:58,23.78,110.877
3817,07/28/2026 18:31:58,23.77,111.276
3818,07/28/2026 18:41:58,23.71,111.745
3819,07/28/2026 18:51:58,23.63,112.315
3820,07/28/2026 19:01:58,23.60,112.928
3821,07/28/2026 19:11:58,23.57,113.500
3822,07/28/2026 19:21:58,23.42,114.069
3823,07/28/2026 19:31:58,23.20,114.785
3824,07/28/2026 19:41:58,22.99,115.496
3825,07/28/2026 19:51:58,22.91,116.207
3826,07/28/2026 20:01:58,22.88,117.046
3827,07/28/2026 20:11:58,22.84,117.856
3828,07/28/2026 20:21:58,22.81,118.793
3829,07/28/2026 20:31:58,22.76,119.709
3830,07/28/2026 20:41:58,22.66,120.731
3831,07/28/2026 20:51:58,22.42,121.771
3832,07/28/2026 21:01:58,22.08,122.852
3833,07/28/2026 21:11:58,21.91,123.968
3834,07/28/2026 21:21:58,21.70,125.088
3835,07/28/2026 21:31:58,21.57,126.193
3836,07/28/2026 21:41:58,21.36,127.273
3837,07/28/2026 21:51:58,21.15,128.374
3838,07/28/2026 22:01:58,21.15,129.392
3839,07/28/2026 22:11:58,21.09,130.354
3840,07/28/2026 22:21:58,20.84,131.209
3841,07/28/2026 22:31:58,20.57,131.983
3842,07/28/2026 22:41:58,20.21,132.671
3843,07/28/2026 22:51:58,19.82,133.302
3844,07/28/2026 23:01:58,19.34,133.849
3845,07/28/2026 23:11:58,18.91,134.266
3846,07/28/2026 23:21:58,18.39,134.664
3847,07/28/2026 23:31:58,17.85,134.989
3848,07/28/2026 23:41:58,17.50,135.142
3849,07/28/2026 23:51:58,16.88,135.281
3850,07/29/2026 00:01:58,16.47,135.365
3851,07/29/2026 00:11:58,16.12,135.314
3852,07/29/2026 00:21:58,15.99,135.247
3853,07/29/2026 00:31:58,15.85,135.021
3854,07/29/2026 00:41:58,15.83,134.692
3855,07/29/2026 00:51:58,16.11,134.309
3856,07/29/2026 01:01:58,17.16,133.775
3857,07/29/2026 01:11:58,17.41,133.238
3858,07/29/2026 01:21:58,18.73,132.518
3859,07/29/2026 01:31:58,19.20,131.766
3860,07/29/2026 01:41:58,19.51,130.929
3861,07/29/2026 01:51:58,19.88,130.013
3862,07/29/2026 02:01:58,20.16,129.189
3863,07/29/2026 02:11:58,20.43,128.186
3864,07/29/2026 02:21:58,20.63,127.259
3865,07/29/2026 02:31:58,20.83,126.320
3866,07/29/2026 02:41:58,20.94,125.358
3867,07/29/2026 02:51:58,21.05,124.448
3868,07/29/2026 03:01:58,21.12,123.529
3869,07/29/2026 03:11:58,21.24,122.561
3870,07/29/2026 03:21:58,21.36,121.644
3871,07/29/2026 03:31:58,21.47,120.703
3872,07/29/2026 03:41:58,21.53,119.791
3873,07/29/2026 03:51:58,21.61,118.854
3874,07/29/2026 04:01:58,21.67,117.968
3875,07/29/2026 04:11:58,21.74,117.070
3876,07/29/2026 04:21:58,21.82,116.267
3877,07/29/2026 04:31:58,21.90,115.476
3878,07/29/2026 04:41:58,21.96,114.605
3879,07/29/2026 04:51:58,22.05,113.832
3880,07/29/2026 05:01:58,22.12,113.102
3881,07/29/2026 05:11:58,22.16,112.400
3882,07/29/2026 05:21:58,22.19,111.711
3883,07/29/2026 05:31:58,22.22,111.036
3884,07/29/2026 05:41:58,22.22,110.385
3885,07/29/2026 05:51:58,22.24,109.793
3886,07/29/2026 06:01:58,22.26,109.265
3887,07/29/2026 06:11:58,22.27,108.800
3888,07/29/2026 06:21:58,22.27,108.356
3889,07/29/2026 06:31:58,22.26,108.025
3890,07/29/2026 06:41:58,22.25,107.740
3891,07/29/2026 06:51:58,22.24,107.564
3892,07/29/2026 07:01:58,22.21,107.651
3893,07/29/2026 07:11:58,22.19,108.036
3894,07/29/2026 07:21:58,22.23,108.410
3895,07/29/2026 07:31:58,22.26,108.829
3896,07/29/2026 07:41:58,22.26,109.488
3897,07/29/2026 07:51:58,22.26,110.230
3898,07/29/2026 08:01:58,22.25,110.860
3899,07/29/2026 08:11:58,22.24,111.532
3900,07/29/2026 08:21:58,22.18,112.342
3901,07/29/2026 08:31:58,22.18,113.065
3902,07/29/2026 08:41:58,22.14,113.872
3903,07/29/2026 08:51:58,22.05,114.670
3904,07/29/2026 09:01:58,21.96,115.519
3905,07/29/2026 09:11:58,21.82,116.355
3906,07/29/2026 09:21:58,21.76,117.286
3907,07/29/2026 09:31:58,21.75,118.232
3908,07/29/2026 09:41:58,21.73,119.228
3909,07/29/2026 09:51:58,21.63,120.292
3910,07/29/2026 10:01:58,21.52,121.267
3911,07/29/2026 10:11:58,21.31,122.283
3912,07/29/2026 10:21:58,21.13,123.415
3913,07/29/2026 10:31:58,20.96,124.510
3914,07/29/2026 10:41:58,20.81,125.521
3915,07/29/2026 10:51:58,20.67,126.529
3916,07/29/2026 11:01:58,20.51,127.469
3917,07/29/2026 11:11:58,20.37,128.346
3918,07/29/2026 11:21:58,20.30,129.205
3919,07/29/2026 11:31:58,20.25,129.856
3920,07/29/2026 11:41:58,20.12,130.534
3921,07/29/2026 11:51:58,19.93,131.106
3922,07/29/2026 12:01:58,19.68,131.543
3923,07/29/2026 12:11:58,19.46,131.836
3924,07/29/2026 12:21:58,18.95,132.059
3925,07/29/2026 12:31:58,18.43,132.110
3926,07/29/2026 12:41:58,18.30,132.073
3927,07/29/2026 12:51:58,18.40,131.913
3928,07/29/2026 13:01:58,18.61,131.615
3929,07/29/2026 13:11:58,18.96,131.205
3930,07/29/2026 13:21:58,19.36,130.767
3931,07/29/2026 13:31:58,19.52,130.285
3932,07/29/2026 13:41:58,19.56,129.732
3933,07/29/2026 13:51:58,19.79,129.192
3934,07/29/2026 14:01:58,19.93,128.553
3935,07/29/2026 14:11:58,20.00,127.903
3936,07/29/2026 14:21:58,20.07,127.216
3937,07/29/2026 14:31:58,20.14,126.546
3938,07/29/2026 14:41:58,20.24,125.766
3939,07/29/2026 14:51:58,20.32,124.936
3940,07/29/2026 15:01:58,20.42,124.140
3941,07/29/2026 15:11:58,20.57,123.368
3942,07/29/2026 15:21:58,20.65,122.585
3943,07/29/2026 15:31:58,20.77,121.728
3944,07/29/2026 15:41:58,20.92,120.948
3945,07/29/2026 15:51:58,21.05,120.228
3946,07/29/2026 16:01:58,21.17,119.355
3947,07/29/2026 16:11:58,21.28,118.601
3948,07/29/2026 16:21:58,21.37,117.805
3949,07/29/2026 16:31:58,21.45,117.093
3950,07/29/2026 16:41:58,21.50,116.285
3951,07/29/2026 16:51:58,21.53,115.556
3952,07/29/2026 17:01:58,21.56,114.866
3953,07/29/2026 17:11:58,21.59,114.163
3954,07/29/2026 17:21:58,21.61,113.498
3955,07/29/2026 17:31:58,21.61,112.897
3956,07/29/2026 17:41:58,21.62,112.291
3957,07/29/2026 17:51:58,21.62,111.741
3958,07/29/2026 18:01:58,21.63,111.313
3959,07/29/2026 18:11:58,21.63,110.863
3960,07/29/2026 18:21:58,21.64,110.511
3961,07/29/2026 18:31:58,21.65,110.339
3962,07/29/2026 18:41:58,21.64,110.251
3963,07/29/2026 18:51:58,21.59,110.296
3964,07/29/2026 19:01:58,21.61,110.489
3965,07/29/2026 19:11:58,21.59,110.862
3966,07/29/2026 19:21:58,21.68,111.276
3967,07/29/2026 19:31:58,21.64,111.842
3968,07/29/2026 19:41:58,21.64,112.473
3969,07/29/2026 19:51:58,21.62,113.107
3970,07/29/2026 20:01:58,21.58,113.750
3971,07/29/2026 20:11:58,21.54,114.393
3972,07/29/2026 20:21:58,21.48,115.150
3973,07/29/2026 20:31:58,21.47,115.921
3974,07/29/2026 20:41:58,21.38,116.750
3975,07/29/2026 20:51:58,21.27,117.625
3976,07/29/2026 21:01:58,21.22,118.579
3977,07/29/2026 21:11:58,21.14,119.621
3978,07/29/2026 21:21:58,21.08,120.635
3979,07/29/2026 21:31:58,20.99,121.729
3980,07/29/2026 21:41:58,20.76,122.817
3981,07/29/2026 21:51:58,20.62,123.967
3982,07/29/2026 22:01:58,20.45,125.126
3983,07/29/2026 22:11:58,20.33,126.287
3984,07/29/2026 22:21:58,20.17,127.465
3985,07/29/2026 22:31:58,19.94,128.575
3986,07/29/2026 22:41:58,19.83,129.619
3987,07/29/2026 22:51:58,19.67,130.617
3988,07/29/2026 23:01:58,19.29,131.534
3989,07/29/2026 23:11:58,18.77,132.332
3990,07/29/2026 23:21:58,18.17,133.124
3991,07/29/2026 23:31:58,17.72,133.801
3992,07/29/2026 23:41:58,17.23,134.353
3993,07/29/2026 23:51:58,16.56,134.854
3994,07/30/2026 00:01:58,15.82,135.294
3995,07/30/2026 00:11:58,15.40,135.575
3996,07/30/2026 00:21:58,15.14,135.795
3997,07/30/2026 00:31:58,14.95,135.954
3998,07/30/2026 00:41:58,14.82,136.040
3999,07/30/2026 00:51:58,14.73,136.055
4000,07/30/2026 01:01:58,14.64,135.968
4001,07/30/2026 01:11:58,14.59,135.817
4002,07/30/2026 01:21:58,14.60,135.603
4003,07/30/2026 01:31:58,14.60,135.205
4004,07/30/2026 01:41:58,14.72,134.747
4005,07/30/2026 01:51:58,14.96,134.248
4006,07/30/2026 02:01:58,15.21,133.686
4007,07/30/2026 02:11:58,15.66,132.987
4008,07/30/2026 02:21:58,16.24,132.297
4009,07/30/2026 02:31:58,16.95,131.439
4010,07/30/2026 02:41:58,17.49,130.522
4011,07/30/2026 02:51:58,18.02,129.580
4012,07/30/2026 03:01:58,18.49,128.540
4013,07/30/2026 03:11:58,18.85,127.646
4014,07/30/2026 03:21:58,19.07,126.635
4015,07/30/2026 03:31:58,19.20,125.610
4016,07/30/2026 03:41:58,19.29,124.678
4017,07/30/2026 03:51:58,19.38,123.704
4018,07/30/2026 04:01:58,19.44,122.739
4019,07/30/2026 04:11:58,19.49,121.851
4020,07/30/2026 04:21:58,19.56,120.909
4021,07/30/2026 04:31:58,19.65,119.980
4022,07/30/2026 04:41:58,19.75,119.107
4023,07/30/2026 04:51:58,19.67,118.219
4024,07/30/2026 05:01:58,19.77,117.351
4025,07/30/2026 05:11:58,19.81,116.555
4026,07/30/2026 05:21:58,19.86,115.742
4027,07/30/2026 05:31:58,19.90,114.955
4028,07/30/2026 05:41:58,19.92,114.169
4029,07/30/2026 05:51:58,19.94,113.416
4030,07/30/2026 06:01:58,19.94,112.710
4031,07/30/2026 06:11:58,19.94,112.029
4032,07/30/2026 06:21:58,19.94,111.411
4033,07/30/2026 06:31:58,19.94,110.849
4034,07/30/2026 06:41:58,19.96,110.312
4035,07/30/2026 06:51:58,19.96,109.833
4036,07/30/2026 07:01:58,19.96,109.456
4037,07/30/2026 07:11:58,20.00,109.172
4038,07/30/2026 07:21:58,20.05,109.014
4039,07/30/2026 07:31:58,20.07,108.884
4040,07/30/2026 07:41:58,20.05,108.993
4041,07/30/2026 07:51:58,19.98,109.163
4042,07/30/2026 08:01:58,20.02,109.566
4043,07/30/2026 08:11:58,20.08,110.000
4044,07/30/2026 08:21:58,20.12,110.584
4045,07/30/2026 08:31:58,20.10,111.305
4046,07/30/2026 08:41:58,20.10,112.032
4047,07/30/2026 08:51:58,20.15,112.781
4048,07/30/2026 09:01:58,20.28,113.511
4049,07/30/2026 09:11:58,20.27,114.269
4050,07/30/2026 09:21:58,20.30,115.065
4051,07/30/2026 09:31:58,20.23,115.885
4052,07/30/2026 09:41:58,20.07,116.805
4053,07/30/2026 09:51:58,19.93,117.760
4054,07/30/2026 10:01:58,19.92,118.668
4055,07/30/2026 10:11:58,19.93,119.585
4056,07/30/2026 10:21:58,19.91,120.730
4057,07/30/2026 10:31:58,19.77,121.794
4058,07/30/2026 10:41:58,19.69,122.800
4059,07/30/2026 10:51:58,19.64,123.935
4060,07/30/2026 11:01:58,19.56,125.007
4061,07/30/2026 11:11:58,19.29,126.088
4062,07/30/2026 11:21:58,19.07,127.056
4063,07/30/2026 11:31:58,19.01,128.037
4064,07/30/2026 11:41:58,19.00,129.016
4065,07/30/2026 11:51:58,18.92,129.827
4066,07/30/2026 12:01:58,18.72,130.649
4067,07/30/2026 12:11:58,18.46,131.223
4068,07/30/2026 12:21:58,18.19,131.814
4069,07/30/2026 12:31:58,17.91,132.302
4070,07/30/2026 12:41:58,17.65,132.676
4071,07/30/2026 12:51:58,17.44,132.940
4072,07/30/2026 13:01:58,17.18,133.126
4073,07/30/2026 13:11:58,17.04,133.280
4074,07/30/2026 13:21:58,16.99,133.284
4075,07/30/2026 13:31:58,16.98,133.219
4076,07/30/2026 13:41:58,17.04,132.969
4077,07/30/2026 13:51:58,16.99,132.652
4078,07/30/2026 14:01:58,17.03,132.217
4079,07/30/2026 14:11:58,17.37,131.615
4080,07/30/2026 14:21:58,17.82,130.961
4081,07/30/2026 14:31:58,18.25,130.259
4082,07/30/2026 14:41:58,18.63,129.522
4083,07/30/2026 14:51:58,18.92,128.818
4084,07/30/2026 15:01:58,19.06,128.021
4085,07/30/2026 15:11:58,19.23,127.260
4086,07/30/2026 15:21:58,19.47,126.411
4087,07/30/2026 15:31:58,19.75,125.606
4088,07/30/2026 15:41:58,20.00,124.741
4089,07/30/2026 15:51:58,20.22,123.911
4090,07/30/2026 16:01:58,20.40,123.029
4091,07/30/2026 16:11:58,20.62,122.216
4092,07/30/2026 16:21:58,20.85,121.400
4093,07/30/2026 16:31:58,21.03,120.468
4094,07/30/2026 16:41:58,21.21,119.652
4095,07/30/2026 16:51:58,21.36,118.840
4096,07/30/2026 17:01:58,21.48,118.035
4097,07/30/2026 17:11:58,21.59,117.240
4098,07/30/2026 17:21:58,21.69,116.453
4099,07/30/2026 17:31:58,21.78,115.730
4100,07/30/2026 17:41:58,21.83,115.023
4101,07/30/2026 17:51:58,21.88,114.329
4102,07/30/2026 18:01:58,21.91,113.673
4103,07/30/2026 18:11:58,21.91,113.030
4104,07/30/2026 18:21:58,21.92,112.475
4105,07/30/2026 18:31:58,21.90,111.919
4106,07/30/2026 18:41:58,21.89,111.427
4107,07/30/2026 18:51:58,21.87,111.011
4108,07/30/2026 19:01:58,21.85,110.696
4109,07/30/2026 19:11:58,21.82,110.376
4110,07/30/2026 19:21:58,21.76,110.299
4111,07/30/2026 19:31:58,21.73,110.404
4112,07/30/2026 19:41:58,21.74,110.584
4113,07/30/2026 19:51:58,21.75,110.836
4114,07/30/2026 20:01:58,21.70,111.356
4115,07/30/2026 20:11:58,21.69,111.898
4116,07/30/2026 20:21:58,21.70,112.575
4117,07/30/2026 20:31:58,21.71,113.210
4118,07/30/2026 20:41:58,21.64,113.979
4119,07/30/2026 20:51:58,21.37,114.663
4120,07/30/2026 21:01:58,21.25,115.440
4121,07/30/2026 21:11:58,21.15,116.310
4122,07/30/2026 21:21:58,21.12,117.154
4123,07/30/2026 21:31:58,21.15,118.079
4124,07/30/2026 21:41:58,21.09,119.049
4125,07/30/2026 21:51:58,20.99,120.002
4126,07/30/2026 22:01:58,20.90,121.045
4127,07/30/2026 22:11:58,20.58,122.105
4128,07/30/2026 22:21:58,20.33,123.222
4129,07/30/2026 22:31:58,20.18,124.330
4130,07/30/2026 22:41:58,20.06,125.503
4131,07/30/2026 22:51:58,19.90,126.638
4132,07/30/2026 23:01:58,19.74,127.799
4133,07/30/2026 23:11:58,19.60,128.932
4134,07/30/2026 23:21:58,19.59,130.018
4135,07/30/2026 23:31:58,19.44,130.995
4136,07/30/2026 23:41:58,19.21,131.903
4137,07/30/2026 23:51:58,18.87,132.744
4138,07/31/2026 00:01:58,18.57,133.476
4139,07/31/2026 00:11:58,18.26,134.139
4140,07/31/2026 00:21:58,17.89,134.720
4141,07/31/2026 00:31:58,17.50,135.159
4142,07/31/2026 00:41:58,17.25,135.504
4143,07/31/2026 00:51:58,17.12,135.736
4144,07/31/2026 01:01:58,17.00,135.926
4145,07/31/2026 01:11:58,16.92,136.027
4146,07/31/2026 01:21:58,16.85,136.051
4147,07/31/2026 01:31:58,16.78,136.028
4148,07/31/2026 01:41:58,16.73,135.872
4149,07/31/2026 01:51:58,16.73,135.633
4150,07/31/2026 02:01:58,16.74,135.304
4151,07/31/2026 02:11:58,16.79,134.899
4152,07/31/2026 02:21:58,16.83,134.348
4153,07/31/2026 02:31:58,17.06,133.777
4154,07/31/2026 02:41:58,17.39,133.071
4155,07/31/2026 02:51:58,17.68,132.241
4156,07/31/2026 03:01:58,18.03,131.435
4157,07/31/2026 03:11:58,18.30,130.456
4158,07/31/2026 03:21:58,18.53,129.499
4159,07/31/2026 03:31:58,18.77,128.517
4160,07/31/2026 03:41:58,19.08,127.533
4161,07/31/2026 03:51:58,19.24,126.507
4162,07/31/2026 04:01:58,19.35,125.558
4163,07/31/2026 04:11:58,19.44,124.567
4164,07/31/2026 04:21:58,19.52,123.555
4165,07/31/2026 04:31:58,19.58,122.637
4166,07/31/2026 04:41:58,19.66,121.643
4167,07/31/2026 04:51:58,19.76,120.655
4168,07/31/2026 05:01:58,19.84,119.722
4169,07/31/2026 05:11:58,19.93,118.820
4170,07/31/2026 05:21:58,20.00,117.901
4171,07/31/2026 05:31:58,20.07,116.999
4172,07/31/2026 05:41:58,20.12,116.136
4173,07/31/2026 05:51:58,20.19,115.282
4174,07/31/2026 06:01:58,20.26,114.500
4175,07/31/2026 06:11:58,20.31,113.697
4176,07/31/2026 06:21:58,20.36,112.933
4177,07/31/2026 06:31:58,20.37,112.227
4178,07/31/2026 06:41:58,20.39,111.496
4179,07/31/2026 06:51:58,20.40,110.816
4180,07/31/2026 07:01:58,20.43,110.179
4181,07/31/2026 07:11:58,20.45,109.563
4182,07/31/2026 07:21:58,20.49,109.018
4183,07/31/2026 07:31:58,20.51,108.516
4184,07/31/2026 07:41:58,20.53,108.089
4185,07/31/2026 07:51:58,20.56,107.738
4186,07/31/2026 08:01:58,20.61,107.483
4187,07/31/2026 08:11:58,20.69,107.468
4188,07/31/2026 08:21:58,20.75,107.670
4189,07/31/2026 08:31:58,20.76,108.044
4190,07/31/2026 08:41:58,20.75,108.533
4191,07/31/2026 08:51:58,20.74,109.175
4192,07/31/2026 09:01:58,20.72,109.820
4193,07/31/2026 09:11:58,20.70,110.533
4194,07/31/2026 09:21:58,20.67,111.317
4195,07/31/2026 09:31:58,20.75,112.159
4196,07/31/2026 09:41:58,20.78,112.959
4197,07/31/2026 09:51:58,20.75,113.774
4198,07/31/2026 10:01:58,20.72,114.603
4199,07/31/2026 10:11:58,20.71,115.508
4200,07/31/2026 10:21:58,20.73,116.390
4201,07/31/2026 10:31:58,20.68,117.304
4202,07/31/2026 10:41:58,20.62,118.316
4203,07/31/2026 10:51:58,20.49,119.352
4204,07/31/2026 11:01:58,20.29,120.443
4205,07/31/2026 11:11:58,20.11,121.505
4206,07/31/2026 11:21:58,19.99,122.710
4207,07/31/2026 11:31:58,19.75,123.849
4208,07/31/2026 11:41:58,19.60,124.957
4209,07/31/2026 11:51:58,19.54,126.128
4210,07/31/2026 12:01:58,19.51,127.236
4211,07/31/2026 12:11:58,19.48,128.282
4212,07/31/2026 12:21:58,19.49,129.292
4213,07/31/2026 12:31:58,19.48,130.178
4214,07/31/2026 12:41:58,19.40,130.973
4215,07/31/2026 12:51:58,19.29,131.696
4216,07/31/2026 13:01:58,19.14,132.289
4217,07/31/2026 13:11:58,18.91,132.796
4218,07/31/2026 13:21:58,18.68,133.141
4219,07/31/2026 13:31:58,18.58,133.420
4220,07/31/2026 13:41:58,18.36,133.573
4221,07/31/2026 13:51:58,18.26,133.502
4222,07/31/2026 14:01:58,18.19,133.372
4223,07/31/2026 14:11:58,18.17,133.141
4224,07/31/2026 14:21:58,18.23,132.805
4225,07/31/2026 14:31:58,18.35,132.270
4226,07/31/2026 14:41:58,18.58,131.738
4227,07/31/2026 14:51:58,18.91,131.038
4228,07/31/2026 15:01:58,19.18,130.341
4229,07/31/2026 15:11:58,19.39,129.592
4230,07/31/2026 15:21:58,19.71,128.850
4231,07/31/2026 15:31:58,19.92,128.157
4232,07/31/2026 15:41:58,20.00,127.320
4233,07/31/2026 15:51:58,20.10,126.511
4234,07/31/2026 16:01:58,20.24,125.652
4235,07/31/2026 16:11:58,20.42,124.785
4236,07/31/2026 16:21:58,20.64,123.954
4237,07/31/2026 16:31:58,20.74,123.045
4238,07/31/2026 16:41:58,20.95,122.156
4239,07/31/2026 16:51:58,21.19,121.272
4240,07/31/2026 17:01:58,21.39,120.392
4241,07/31/2026 17:11:58,21.59,119.551
4242,07/31/2026 17:21:58,21.82,118.719
4243,07/31/2026 17:31:58,22.02,117.777
4244,07/31/2026 17:41:58,22.19,117.072
4245,07/31/2026 17:51:58,22.35,116.253
4246,07/31/2026 18:01:58,22.48,115.476
4247,07/31/2026 18:11:58,22.61,114.712
4248,07/31/2026 18:21:58,22.72,113.961
4249,07/31/2026 18:31:58,22.83,113.269
4250,07/31/2026 18:41:58,22.88,112.576
4251,07/31/2026 18:51:58,22.91,111.992
4252,07/31/2026 19:01:58,22.88,111.378
4253,07/31/2026 19:11:58,22.80,110.847
4254,07/31/2026 19:21:58,22.73,110.400
4255,07/31/2026 19:31:58,22.69,109.996
4256,07/31/2026 19:41:58,22.66,109.668
4257,07/31/2026 19:51:58,22.62,109.483
4258,07/31/2026 20:01:58,22.59,109.344
4259,07/31/2026 20:11:58,22.56,109.494
4260,07/31/2026 20:21:58,22.54,109.737
4261,07/31/2026 20:31:58,22.54,110.119
4262,07/31/2026 20:41:58,22.53,110.706
4263,07/31/2026 20:51:58,22.50,111.285
4264,07/31/2026 21:01:58,22.50,111.979
4265,07/31/2026 21:11:58,22.48,112.689
4266,07/31/2026 21:21:58,22.17,113.406
4267,07/31/2026 21:31:58,21.90,114.123
4268,07/31/2026 21:41:58,21.77,114.954
4269,07/31/2026 21:51:58,21.70,115.791
4270,07/31/2026 22:01:58,21.66,116.702
4271,07/31/2026 22:11:58,21.71,117.593
4272,07/31/2026 22:21:58,21.71,118.518
4273,07/31/2026 22:31:58,21.68,119.527
4274,07/31/2026 22:41:58,21.60,120.655
4275,07/31/2026 22:51:58,21.30,121.689
4276,07/31/2026 23:01:58,21.05,122.929
4277,07/31/2026 23:11:58,20.85,124.070
4278,07/31/2026 23:21:58,20.70,125.297
4279,07/31/2026 23:31:58,20.53,126.508
4280,07/31/2026 23:41:58,20.44,127.688
4281,07/31/2026 23:51:58,20.34,128.895
4282,08/01/2026 00:01:58,20.36,129.969
4283,08/01/2026 00:11:58,20.28,130.943
4284,08/01/2026 00:21:58,20.11,131.908
4285,08/01/2026 00:31:58,19.92,132.698
4286,08/01/2026 00:41:58,19.69,133.448
4287,08/01/2026 00:51:58,19.47,134.092
4288,08/01/2026 01:01:58,19.09,134.604
4289,08/01/2026 01:11:58,18.70,135.069
4290,08/01/2026 01:21:58,18.38,135.429
4291,08/01/2026 01:31:58,18.20,135.673
4292,08/01/2026 01:41:58,18.02,135.806
4293,08/01/2026 01:51:58,17.92,135.829
4294,08/01/2026 02:01:58,17.86,135.844
4295,08/01/2026 02:11:58,17.80,135.706
4296,08/01/2026 02:21:58,17.68,135.429
4297,08/01/2026 02:31:58,17.62,135.124
4298,08/01/2026 02:41:58,17.75,134.755
4299,08/01/2026 02:51:58,18.39,134.253
4300,08/01/2026 03:01:58,18.68,133.645
4301,08/01/2026 03:11:58,19.09,132.959
4302,08/01/2026 03:21:58,19.19,132.171
4303,08/01/2026 03:31:58,19.32,131.304
4304,08/01/2026 03:41:58,19.57,130.372
4305,08/01/2026 03:51:58,19.78,129.448
4306,08/01/2026 04:01:58,19.94,128.472
4307,08/01/2026 04:11:58,20.06,127.484
4308,08/01/2026 04:21:58,20.15,126.529
4309,08/01/2026 04:31:58,20.22,125.570
4310,08/01/2026 04:41:58,20.28,124.578
4311,08/01/2026 04:51:58,20.31,123.633
4312,08/01/2026 05:01:58,20.39,122.677
4313,08/01/2026 05:11:58,20.48,121.742
4314,08/01/2026 05:21:58,20.53,120.774
4315,08/01/2026 05:31:58,20.61,119.896
4316,08/01/2026 05:41:58,20.69,118.955
4317,08/01/2026 05:51:58,20.77,118.045
4318,08/01/2026 06:01:58,20.84,117.135
4319,08/01/2026 06:11:58,20.89,116.292
4320,08/01/2026 06:21:58,20.93,115.450
4321,08/01/2026 06:31:58,21.03,114.647
4322,08/01/2026 06:41:58,21.09,113.862
4323,08/01/2026 06:51:58,21.14,113.110
4324,08/01/2026 07:01:58,21.18,112.349
4325,08/01/2026 07:11:58,21.21,111.661
4326,08/01/2026 07:21:58,21.24,110.977
4327,08/01/2026 07:31:58,21.28,110.331
4328,08/01/2026 07:41:58,21.33,109.732
4329,08/01/2026 07:51:58,21.39,109.159
4330,08/01/2026 08:01:58,21.45,108.619
4331,08/01/2026 08:11:58,21.51,108.160
4332,08/01/2026 08:21:58,21.59,107.809
4333,08/01/2026 08:31:58,21.66,107.610
4334,08/01/2026 08:41:58,21.75,107.520
4335,08/01/2026 08:51:58,21.84,107.660
4336,08/01/2026 09:01:58,21.88,108.054
4337,08/01/2026 09:11:58,21.88,108.515
4338,08/01/2026 09:21:58,21.88,109.098
4339,08/01/2026 09:31:58,21.85,109.760
4340,08/01/2026 09:41:58,21.82,110.502
4341,08/01/2026 09:51:58,21.80,111.258
4342,08/01/2026 10:01:58,21.80,112.031
4343,08/01/2026 10:11:58,21.76,112.871
4344,08/01/2026 10:21:58,21.68,113.693
4345,08/01/2026 10:31:58,21.69,114.515
4346,08/01/2026 10:41:58,21.84,115.441
4347,08/01/2026 10:51:58,21.96,116.413
4348,08/01/2026 11:01:58,21.90,117.340
4349,08/01/2026 11:11:58,21.77,118.329
4350,08/01/2026 11:21:58,21.64,119.387
4351,08/01/2026 11:31:58,21.41,120.477
4352,08/01/2026 11:41:58,21.28,121.579
4353,08/01/2026 11:51:58,21.16,122.707
4354,08/01/2026 12:01:58,20.98,123.835
4355,08/01/2026 12:11:58,20.83,125.024
4356,08/01/2026 12:21:58,20.75,126.123
4357,08/01/2026 12:31:58,20.71,127.265
4358,08/01/2026 12:41:58,20.68,128.307
4359,08/01/2026 12:51:58,20.64,129.349
4360,08/01/2026 13:01:58,20.66,130.254
4361,08/01/2026 13:11:58,20.64,131.127
4362,08/01/2026 13:21:58,20.51,131.918
4363,08/01/2026 13:31:58,20.40,132.509
4364,08/01/2026 13:41:58,20.21,133.038
4365,08/01/2026 13:51:58,19.91,133.505
4366,08/01/2026 14:01:58,19.59,133.822
4367,08/01/2026 14:11:58,19.30,133.977
4368,08/01/2026 14:21:58,19.16,134.007
4369,08/01/2026 14:31:58,19.01,134.076
4370,08/01/2026 14:41:58,19.00,133.764
4371,08/01/2026 14:51:58,18.98,133.447
4372,08/01/2026 15:01:58,19.16,132.982
4373,08/01/2026 15:11:58,19.56,132.449
4374,08/01/2026 15:21:58,19.86,131.876
4375,08/01/2026 15:31:58,20.28,131.148
4376,08/01/2026 15:41:58,20.74,130.456
4377,08/01/2026 15:51:58,21.03,129.700
4378,08/01/2026 16:01:58,21.17,128.890
4379,08/01/2026 16:11:58,21.28,127.968
4380,08/01/2026 16:21:58,21.44,127.211
4381,08/01/2026 16:31:58,21.61,126.335
4382,08/01/2026 16:41:58,21.80,125.502
4383,08/01/2026 16:51:58,21.95,124.635
4384,08/01/2026 17:01:58,22.17,123.736
4385,08/01/2026 17:11:58,22.39,122.893
4386,08/01/2026 17:21:58,22.66,121.976
4387,08/01/2026 17:31:58,22.89,121.083
4388,08/01/2026 17:41:58,23.13,120.204
4389,08/01/2026 17:51:58,23.42,119.331
4390,08/01/2026 18:01:58,23.62,118.461
4391,08/01/2026 18:11:58,23.82,117.570
4392,08/01/2026 18:21:58,23.97,116.780
4393,08/01/2026 18:31:58,24.09,115.910
4394,08/01/2026 18:41:58,24.23,115.112
4395,08/01/2026 18:51:58,24.29,114.325
4396,08/01/2026 19:01:58,24.36,113.606
4397,08/01/2026 19:11:58,24.40,112.896
4398,08/01/2026 19:21:58,24.40,112.210
4399,08/01/2026 19:31:58,24.38,111.596
4400,08/01/2026 19:41:58,24.39,110.979
4401,08/01/2026 19:51:58,24.37,110.428
4402,08/01/2026 20:01:58,24.35,109.899
4403,08/01/2026 20:11:58,24.33,109.466
4404,08/01/2026 20:21:58,24.31,109.084
4405,08/01/2026 20:31:58,24.27,108.840
4406,08/01/2026 20:41:58,24.23,108.734
4407,08/01/2026 20:51:58,24.19,108.804
4408,08/01/2026 21:01:58,24.18,109.035
4409,08/01/2026 21:11:58,24.19,109.463
4410,08/01/2026 21:21:58,24.19,110.004
4411,08/01/2026 21:31:58,24.17,110.675
4412,08/01/2026 21:41:58,24.15,111.356
4413,08/01/2026 21:51:58,24.13,112.061
4414,08/01/2026 22:01:58,23.92,112.801
4415,08/01/2026 22:11:58,23.41,113.560
4416,08/01/2026 22:21:58,23.19,114.342
4417,08/01/2026 22:31:58,23.08,115.153
4418,08/01/2026 22:41:58,23.03,116.037
4419,08/01/2026 22:51:58,23.14,116.904
4420,08/01/2026 23:01:58,23.18,117.847
4421,08/01/2026 23:11:58,23.18,118.827
4422,08/01/2026 23:21:58,23.06,119.907
4423,08/01/2026 23:31:58,22.70,120.922
4424,08/01/2026 23:41:58,22.37,122.066
4425,08/01/2026 23:51:58,22.19,123.283
4426,08/02/2026 00:01:58,22.05,124.468
4427,08/02/2026 00:11:58,21.88,125.632
4428,08/02/2026 00:21:58,21.77,126.866
4429,08/02/2026 00:31:58,21.65,128.046
4430,08/02/2026 00:41:58,21.57,129.160
4431,08/02/2026 00:51:58,21.61,130.239
4432,08/02/2026 01:01:58,21.57,131.219
4433,08/02/2026 01:11:58,21.40,132.090
4434,08/02/2026 01:21:58,21.14,132.843
4435,08/02/2026 01:31:58,20.79,133.493
4436,08/02/2026 01:41:58,20.40,134.069
4437,08/02/2026 01:51:58,20.11,134.527
4438,08/02/2026 02:01:58,19.82,134.896
4439,08/02/2026 02:11:58,19.44,135.131
4440,08/02/2026 02:21:58,19.40,135.288
4441,08/02/2026 02:31:58,19.22,135.326
4442,08/02/2026 02:41:58,19.04,135.313
4443,08/02/2026 02:51:58,18.95,135.118
4444,08/02/2026 03:01:58,18.88,134.877
4445,08/02/2026 03:11:58,18.84,134.577
4446,08/02/2026 03:21:58,19.02,134.077
4447,08/02/2026 03:31:58,19.80,133.489
4448,08/02/2026 03:41:58,20.31,132.823
4449,08/02/2026 03:51:58,20.65,132.054
4450,08/02/2026 04:01:58,20.81,131.213
4451,08/02/2026 04:11:58,20.97,130.330
4452,08/02/2026 04:21:58,21.15,129.434
4453,08/02/2026 04:31:58,21.28,128.513
4454,08/02/2026 04:41:58,21.38,127.652
4455,08/02/2026 04:51:58,21.46,126.701
4456,08/02/2026 05:01:58,21.52,125.788
4457,08/02/2026 05:11:58,21.60,124.852
4458,08/02/2026 05:21:58,21.66,123.894
4459,08/02/2026 05:31:58,21.73,122.984
4460,08/02/2026 05:41:58,21.83,122.092
4461,08/02/2026 05:51:58,21.93,121.128
4462,08/02/2026 06:01:58,22.02,120.331
4463,08/02/2026 06:11:58,22.10,119.322
4464,08/02/2026 06:21:58,22.20,118.424
4465,08/02/2026 06:31:58,22.31,117.522
4466,08/02/2026 06:41:58,22.38,116.638
4467,08/02/2026 06:51:58,22.46,115.775
4468,08/02/2026 07:01:58,22.54,114.959
4469,08/02/2026 07:11:58,22.64,114.170
4470,08/02/2026 07:21:58,22.71,113.434
4471,08/02/2026 07:31:58,22.76,112.678
4472,08/02/2026 07:41:58,22.80,111.943
4473,08/02/2026 07:51:58,22.84,111.247
4474,08/02/2026 08:01:58,22.90,110.597
4475,08/02/2026 08:11:58,22.96,109.969
4476,08/02/2026 08:21:58,23.03,109.425
4477,08/02/2026 08:31:58,23.10,108.889
4478,08/02/2026 08:41:58,23.16,108.404
4479,08/02/2026 08:51:58,23.24,108.008
4480,08/02/2026 09:01:58,23.32,107.725
4481,08/02/2026 09:11:58,23.40,107.571
4482,08/02/2026 09:21:58,23.50,107.611
4483,08/02/2026 09:31:58,23.48,107.908
4484,08/02/2026 09:41:58,23.47,108.373
4485,08/02/2026 09:51:58,23.49,108.982
4486,08/02/2026 10:01:58,23.50,109.607
4487,08/02/2026 10:11:58,23.46,110.357
4488,08/02/2026 10:21:58,23.40,111.062
4489,08/02/2026 10:31:58,23.32,111.787
4490,08/02/2026 10:41:58,23.24,112.676
4491,08/02/2026 10:51:58,23.27,113.527
4492,08/02/2026 11:01:58,23.19,114.397
4493,08/02/2026 11:11:58,23.18,115.231
4494,08/02/2026 11:21:58,23.22,116.109
4495,08/02/2026 11:31:58,23.22,117.062
4496,08/02/2026 11:41:58,23.14,118.087
4497,08/02/2026 11:51:58,23.00,119.043
4498,08/02/2026 12:01:58,22.79,120.099
4499,08/02/2026 12:11:58,22.58,121.216
4500,08/02/2026 12:21:58,22.38,122.380
4501,08/02/2026 12:31:58,22.14,123.477
4502,08/02/2026 12:41:58,21.98,124.623
4503,08/02/2026 12:51:58,21.89,125.785
4504,08/02/2026 13:01:58,21.85,126.885
4505,08/02/2026 13:11:58,21.80,128.037
4506,08/02/2026 13:21:58,21.79,129.122
4507,08/02/2026 13:31:58,21.87,130.071
4508,08/02/2026 13:41:58,21.84,131.012
4509,08/02/2026 13:51:58,21.69,131.888
4510,08/02/2026 14:01:58,21.52,132.511
4511,08/02/2026 14:11:58,21.21,133.136
4512,08/02/2026 14:21:58,20.75,133.637
4513,08/02/2026 14:31:58,20.31,134.023
4514,08/02/2026 14:41:58,19.90,134.321
4515,08/02/2026 14:51:58,19.59,134.450
4516,08/02/2026 15:01:58,19.42,134.536
4517,08/02/2026 15:11:58,19.31,134.404
4518,08/02/2026 15:21:58,19.43,134.194
4519,08/02/2026 15:31:58,19.23,133.885
4520,08/02/2026 15:41:58,19.52,133.482
4521,08/02/2026 15:51:58,20.29,132.916
4522,08/02/2026 16:01:58,20.71,132.235
4523,08/02/2026 16:11:58,21.29,131.540
4524,08/02/2026 16:21:58,21.72,130.881
4525,08/02/2026 16:31:58,21.93,129.974
4526,08/02/2026 16:41:58,22.13,129.093
4527,08/02/2026 16:51:58,22.31,128.254
4528,08/02/2026 17:01:58,22.47,127.351
4529,08/02/2026 17:11:58,22.64,126.500
4530,08/02/2026 17:21:58,22.71,125.567
4531,08/02/2026 17:31:58,22.83,124.623
4532,08/02/2026 17:41:58,23.02,123.787
4533,08/02/2026 17:51:58,23.20,122.896
4534,08/02/2026 18:01:58,23.35,121.933
4535,08/02/2026 18:11:58,23.58,120.939
4536,08/02/2026 18:21:58,23.79,120.161
4537,08/02/2026 18:31:58,23.99,119.281
4538,08/02/2026 18:41:58,24.12,118.439
4539,08/02/2026 18:51:58,24.26,117.555
4540,08/02/2026 19:01:58,24.39,116.714
4541,08/02/2026 19:11:58,24.49,115.927
4542,08/02/2026 19:21:58,24.56,115.094
4543,08/02/2026 19:31:58,24.63,114.287
4544,08/02/2026 19:41:58,24.66,113.542
4545,08/02/2026 19:51:58,24.68,112.848
4546,08/02/2026 20:01:58,24.68,112.162
4547,08/02/2026 20:11:58,24.67,111.498
4548,08/02/2026 20:21:58,24.65,110.858
4549,08/02/2026 20:31:58,24.64,110.304
4550,08/02/2026 20:41:58,24.63,109.800
4551,08/02/2026 20:51:58,24.60,109.338
4552,08/02/2026 21:01:58,24.58,108.909
4553,08/02/2026 21:11:58,24.55,108.682
4554,08/02/2026 21:21:58,24.54,108.565
4555,08/02/2026 21:31:58,24.51,108.601
4556,08/02/2026 21:41:58,24.49,108.869
4557,08/02/2026 21:51:58,24.51,109.302
4558,08/02/2026 22:01:58,24.51,109.839
4559,08/02/2026 22:11:58,24.52,110.423
4560,08/02/2026 22:21:58,24.50,111.132
4561,08/02/2026 22:31:58,24.48,111.834
4562,08/02/2026 22:41:58,24.33,112.478
4563,08/02/2026 22:51:58,23.93,113.277
4564,08/02/2026 23:01:58,23.76,114.068
4565,08/02/2026 23:11:58,23.63,114.837
4566,08/02/2026 23:21:58,23.51,115.672
4567,08/02/2026 23:31:58,23.54,116.584
4568,08/02/2026 23:41:58,23.53,117.521
4569,08/02/2026 23:51:58,23.54,118.518
4570,08/03/2026 00:01:58,23.48,119.587
4571,08/03/2026 00:11:58,23.26,120.626
4572,08/03/2026 00:21:58,23.01,121.756
4573,08/03/2026 00:31:58,22.81,122.933
4574,08/03/2026 00:41:58,22.61,124.112
4575,08/03/2026 00:51:58,22.43,125.250
4576,08/03/2026 01:01:58,22.32,126.416
4577,08/03/2026 01:11:58,22.19,127.570
4578,08/03/2026 01:21:58,22.09,128.657
4579,08/03/2026 01:31:58,22.11,129.650
4580,08/03/2026 01:41:58,22.07,130.609
4581,08/03/2026 01:51:58,21.89,131.500
4582,08/03/2026 02:01:58,21.69,132.225
4583,08/03/2026 02:11:58,21.35,132.930
4584,08/03/2026 02:21:58,20.93,133.505
4585,08/03/2026 02:31:58,20.42,133.962
4586,08/03/2026 02:41:58,19.95,134.356
4587,08/03/2026 02:51:58,19.48,134.576
4588,08/03/2026 03:01:58,19.08,134.741
4589,08/03/2026 03:11:58,18.81,134.700
4590,08/03/2026 03:21:58,18.62,134.648
4591,08/03/2026 03:31:58,18.43,134.460
4592,08/03/2026 03:41:58,18.45,134.186
4593,08/03/2026 03:51:58,18.38,133.920
4594,08/03/2026 04:01:58,18.57,133.459
4595,08/03/2026 04:11:58,19.60,132.907
4596,08/03/2026 04:21:58,20.44,132.300
4597,08/03/2026 04:31:58,21.00,131.512
4598,08/03/2026 04:41:58,21.25,130.750
4599,08/03/2026 04:51:58,21.44,129.940
4600,08/03/2026 05:01:58,21.64,129.016
4601,08/03/2026 05:11:58,21.77,128.087
4602,08/03/2026 05:21:58,21.89,127.171
4603,08/03/2026 05:31:58,22.00,126.221
4604,08/03/2026 05:41:58,22.08,125.305
4605,08/03/2026 05:51:58,22.18,124.377
4606,08/03/2026 06:01:58,22.25,123.424
4607,08/03/2026 06:11:58,22.34,122.532
4608,08/03/2026 06:21:58,22.43,121.615
4609,08/03/2026 06:31:58,22.54,120.707
4610,08/03/2026 06:41:58,22.66,119.783
4611,08/03/2026 06:51:58,22.76,118.906
4612,08/03/2026 07:01:58,22.85,117.957
4613,08/03/2026 07:11:58,22.94,117.111
4614,08/03/2026 07:21:58,23.03,116.189
4615,08/03/2026 07:31:58,23.11,115.347
4616,08/03/2026 07:41:58,23.21,114.574
4617,08/03/2026 07:51:58,23.30,113.767
4618,08/03/2026 08:01:58,23.36,112.978
4619,08/03/2026 08:11:58,23.43,112.298
4620,08/03/2026 08:21:58,23.50,111.593
4621,08/03/2026 08:31:58,23.56,110.868
4622,08/03/2026 08:41:58,23.61,110.252
4623,08/03/2026 08:51:58,23.65,109.640
4624,08/03/2026 09:01:58,23.68,109.112
4625,08/03/2026 09:11:58,23.70,108.630
4626,08/03/2026 09:21:58,23.73,108.203
4627,08/03/2026 09:31:58,23.73,107.884
4628,08/03/2026 09:41:58,23.70,107.750
4629,08/03/2026 09:51:58,23.71,107.859
4630,08/03/2026 10:01:58,23.69,107.896
4631,08/03/2026 10:11:58,23.66,108.260
4632,08/03/2026 10:21:58,23.73,108.937
4633,08/03/2026 10:31:58,23.78,109.563
4634,08/03/2026 10:41:58,23.71,110.329
4635,08/03/2026 10:51:58,23.58,111.003
4636,08/03/2026 11:01:58,23.59,111.646
4637,08/03/2026 11:11:58,23.62,112.332
4638,08/03/2026 11:21:58,23.59,113.055
4639,08/03/2026 11:31:58,23.45,113.889
4640,08/03/2026 11:41:58,23.36,114.780
4641,08/03/2026 11:51:58,23.32,115.723
4642,08/03/2026 12:01:58,23.28,116.637
4643,08/03/2026 12:11:58,23.25,117.650
4644,08/03/2026 12:21:58,23.19,118.650
4645,08/03/2026 12:31:58,23.07,119.666
4646,08/03/2026 12:41:58,22.82,120.730
4647,08/03/2026 12:51:58,22.68,121.947
4648,08/03/2026 13:01:58,22.50,123.091
4649,08/03/2026 13:11:58,22.28,124.278
4650,08/03/2026 13:21:58,22.09,125.505
4651,08/03/2026 13:31:58,21.98,126.671
4652,08/03/2026 13:41:58,21.88,127.804
4653,08/03/2026 13:51:58,21.93,128.913
4654,08/03/2026 14:01:58,21.93,129.940
4655,08/03/2026 14:11:58,21.76,130.814
4656,08/03/2026 14:21:58,21.59,131.663
4657,08/03/2026 14:31:58,21.40,132.350
4658,08/03/2026 14:41:58,21.13,133.014
4659,08/03/2026 14:51:58,20.82,133.515
4660,08/03/2026 15:01:58,20.41,133.885
4661,08/03/2026 15:11:58,19.91,134.150
4662,08/03/2026 15:21:58,19.49,134.392
4663,08/03/2026 15:31:58,19.21,134.535
4664,08/03/2026 15:41:58,18.96,134.533
4665,08/03/2026 15:51:58,18.67,134.384
4666,08/03/2026 16:01:58,18.58,134.254
4667,08/03/2026 16:11:58,18.62,134.028
4668,08/03/2026 16:21:58,18.70,133.667
4669,08/03/2026 16:31:58,19.30,133.208
4670,08/03/2026 16:41:58,19.96,132.527
4671,08/03/2026 16:51:58,20.52,131.888
4672,08/03/2026 17:01:58,21.00,131.205
4673,08/03/2026 17:11:58,21.36,130.309
4674,08/03/2026 17:21:58,21.68,129.431
4675,08/03/2026 17:31:58,21.92,128.559
4676,08/03/2026 17:41:58,22.11,127.619
4677,08/03/2026 17:51:58,22.22,126.694
4678,08/03/2026 18:01:58,22.34,125.809
4679,08/03/2026 18:11:58,22.53,124.896
4680,08/03/2026 18:21:58,22.69,123.991
4681,08/03/2026 18:31:58,22.81,123.141
4682,08/03/2026 18:41:58,22.98,122.166
4683,08/03/2026 18:51:58,23.11,121.207
4684,08/03/2026 19:01:58,23.25,120.317
4685,08/03/2026 19:11:58,23.37,119.389
4686,08/03/2026 19:21:58,23.48,118.441
4687,08/03/2026 19:31:58,23.57,117.564
4688,08/03/2026 19:41:58,23.64,116.709
4689,08/03/2026 19:51:58,23.70,115.921
4690,08/03/2026 20:01:58,23.74,115.041
4691,08/03/2026 20:11:58,23.76,114.271
4692,08/03/2026 20:21:58,23.77,113.526
4693,08/03/2026 20:31:58,23.77,112.777
4694,08/03/2026 20:41:58,23.76,112.078
4695,08/03/2026 20:51:58,23.75,111.368
4696,08/03/2026 21:01:58,23.74,110.733
4697,08/03/2026 21:11:58,23.73,110.128
4698,08/03/2026 21:21:58,23.72,109.566
4699,08/03/2026 21:31:58,23.73,109.062
4700,08/03/2026 21:41:58,23.75,108.623
4701,08/03/2026 21:51:58,23.76,108.237
4702,08/03/2026 22:01:58,23.76,107.956
4703,08/03/2026 22:11:58,23.77,107.789
4704,08/03/2026 22:21:58,23.77,107.881
4705,08/03/2026 22:31:58,23.63,108.213
4706,08/03/2026 22:41:58,23.61,108.699
4707,08/03/2026 22:51:58,23.63,109.199
4708,08/03/2026 23:01:58,23.67,109.799
4709,08/03/2026 23:11:58,23.67,110.601
4710,08/03/2026 23:21:58,23.67,111.336
4711,08/03/2026 23:31:58,23.60,112.049
4712,08/03/2026 23:41:58,23.48,112.842
4713,08/03/2026 23:51:58,23.27,113.586
4714,08/04/2026 00:01:58,23.10,114.487
4715,08/04/2026 00:11:58,23.03,115.324
4716,08/04/2026 00:21:58,22.93,116.305
4717,08/04/2026 00:31:58,22.93,117.245
4718,08/04/2026 00:41:58,22.91,118.246
4719,08/04/2026 00:51:58,22.91,119.235
4720,08/04/2026 01:01:58,22.76,120.263
4721,08/04/2026 01:11:58,22.59,121.347
4722,08/04/2026 01:21:58,22.47,122.442
4723,08/04/2026 01:31:58,22.25,123.577
4724,08/04/2026 01:41:58,22.03,124.684
4725,08/04/2026 01:51:58,21.90,125.828
4726,08/04/2026 02:01:58,21.80,126.862
4727,08/04/2026 02:11:58,21.69,127.962
4728,08/04/2026 02:21:58,21.64,128.940
4729,08/04/2026 02:31:58,21.60,129.897
4730,08/04/2026 02:41:58,21.55,130.788
4731,08/04/2026 02:51:58,21.39,131.500
4732,08/04/2026 03:01:58,21.11,132.163
4733,08/04/2026 03:11:58,20.33,132.652
4734,08/04/2026 03:21:58,19.22,133.073
4735,08/04/2026 03:31:58,18.59,133.472
4736,08/04/2026 03:41:58,18.15,133.628
4737,08/04/2026 03:51:58,17.73,133.724
4738,08/04/2026 04:01:58,17.60,133.696
4739,08/04/2026 04:11:58,17.66,133.496
4740,08/04/2026 04:21:58,17.57,133.178
4741,08/04/2026 04:31:58,17.70,132.814
4742,08/04/2026 04:41:58,18.31,132.261
4743,08/04/2026 04:51:58,18.85,131.608
4744,08/04/2026 05:01:58,20.25,130.968
4745,08/04/2026 05:11:58,20.69,130.216
4746,08/04/2026 05:21:58,20.87,129.509
4747,08/04/2026 05:31:58,21.01,128.745
4748,08/04/2026 05:41:58,21.11,127.964
4749,08/04/2026 05:51:58,21.18,127.149
4750,08/04/2026 06:01:58,21.24,126.304
4751,08/04/2026 06:11:58,21.27,125.460
4752,08/04/2026 06:21:58,21.31,124.658
4753,08/04/2026 06:31:58,21.35,123.721
4754,08/04/2026 06:41:58,21.41,122.853
4755,08/04/2026 06:51:58,21.48,121.982
4756,08/04/2026 07:01:58,21.56,121.103
4757,08/04/2026 07:11:58,21.64,120.237
4758,08/04/2026 07:21:58,21.69,119.325
4759,08/04/2026 07:31:58,21.76,118.430
4760,08/04/2026 07:41:58,21.82,117.587
4761,08/04/2026 07:51:58,21.86,116.693
4762,08/04/2026 08:01:58,21.91,115.864
4763,08/04/2026 08:11:58,21.97,115.039
4764,08/04/2026 08:21:58,22.02,114.231
4765,08/04/2026 08:31:58,22.07,113.450
4766,08/04/2026 08:41:58,22.13,112.698
4767,08/04/2026 08:51:58,22.23,111.990
4768,08/04/2026 09:01:58,22.34,111.311
4769,08/04/2026 09:11:58,22.47,110.671
4770,08/04/2026 09:21:58,22.59,110.217
4771,08/04/2026 09:31:58,22.71,109.493
4772,08/04/2026 09:41:58,22.82,108.913
4773,08/04/2026 09:51:58,22.93,108.424
4774,08/04/2026 10:01:58,23.04,108.008
4775,08/04/2026 10:11:58,23.15,107.671
4776,08/04/2026 10:21:58,23.26,107.401
4777,08/04/2026 10:31:58,23.38,107.328
4778,08/04/2026 10:41:58,23.51,107.519
4779,08/04/2026 10:51:58,23.63,107.903
4780,08/04/2026 11:01:58,23.67,108.281
4781,08/04/2026 11:11:58,23.67,108.956
4782,08/04/2026 11:21:58,23.59,109.655
4783,08/04/2026 11:31:58,23.50,110.312
4784,08/04/2026 11:41:58,23.43,111.146
4785,08/04/2026 11:51:58,23.41,111.902
4786,08/04/2026 12:01:58,23.53,112.725
4787,08/04/2026 12:11:58,23.66,113.548
4788,08/04/2026 12:21:58,23.49,114.437
4789,08/04/2026 12:31:58,23.48,115.313
4790,08/04/2026 12:41:58,23.51,116.145
4791,08/04/2026 12:51:58,23.45,117.101
4792,08/04/2026 13:01:58,23.26,118.077
4793,08/04/2026 13:11:58,23.11,119.092
4794,08/04/2026 13:21:58,22.75,120.119
4795,08/04/2026 13:31:58,22.43,121.284
4796,08/04/2026 13:41:58,22.12,122.505
4797,08/04/2026 13:51:58,21.79,123.668
4798,08/04/2026 14:01:58,21.63,124.886
4799,08/04/2026 14:11:58,21.50,126.090
4800,08/04/2026 14:21:58,21.42,127.219
4801,08/04/2026 14:31:58,21.26,128.385
4802,08/04/2026 14:41:58,21.28,129.506
4803,08/04/2026 14:51:58,21.26,130.524
4804,08/04/2026 15:01:58,21.01,131.405
4805,08/04/2026 15:11:58,20.71,132.230
4806,08/04/2026 15:21:58,20.40,132.970
4807,08/04/2026 15:31:58,19.93,133.582
4808,08/04/2026 15:41:58,19.38,134.047
4809,08/04/2026 15:51:58,18.77,134.447
4810,08/04/2026 16:01:58,18.42,134.652
4811,08/04/2026 16:11:58,17.84,134.813
4812,08/04/2026 16:21:58,17.56,134.793
4813,08/04/2026 16:31:58,17.47,134.688
4814,08/04/2026 16:41:58,17.49,134.458
4815,08/04/2026 16:51:58,17.66,134.112
4816,08/04/2026 17:01:58,17.73,133.673
4817,08/04/2026 17:11:58,18.57,133.202
4818,08/04/2026 17:21:58,19.78,132.553
4819,08/04/2026 17:31:58,20.51,131.798
4820,08/04/2026 17:41:58,20.99,131.059
4821,08/04/2026 17:51:58,21.14,130.278
4822,08/04/2026 18:01:58,21.26,129.459
4823,08/04/2026 18:11:58,21.36,128.630
4824,08/04/2026 18:21:58,21.42,127.763
4825,08/04/2026 18:31:58,21.73,126.831
4826,08/04/2026 18:41:58,21.96,126.012
4827,08/04/2026 18:51:58,22.14,125.141
4828,08/04/2026 19:01:58,22.33,124.207
4829,08/04/2026 19:11:58,22.53,123.346
4830,08/04/2026 19:21:58,22.75,122.444
4831,08/04/2026 19:31:58,22.97,121.530
4832,08/04/2026 19:41:58,23.19,120.604
4833,08/04/2026 19:51:58,23.41,119.767
4834,08/04/2026 20:01:58,23.59,118.879
4835,08/04/2026 20:11:58,23.74,117.919
4836,08/04/2026 20:21:58,23.89,117.069
4837,08/04/2026 20:31:58,24.05,116.259
4838,08/04/2026 20:41:58,24.17,115.452
4839,08/04/2026 20:51:58,24.27,114.615
4840,08/04/2026 21:01:58,24.31,113.845
4841,08/04/2026 21:11:58,24.32,113.117
4842,08/04/2026 21:21:58,24.34,112.382
4843,08/04/2026 21:31:58,24.37,111.688
4844,08/04/2026 21:41:58,24.38,111.025
4845,08/04/2026 21:51:58,24.41,110.404
4846,08/04/2026 22:01:58,24.44,109.787
4847,08/04/2026 22:11:58,24.48,109.226
4848,08/04/2026 22:21:58,24.51,108.711
4849,08/04/2026 22:31:58,24.52,108.258
4850,08/04/2026 22:41:58,24.50,107.864
4851,08/04/2026 22:51:58,24.44,107.590
4852,08/04/2026 23:01:58,24.35,107.479
4853,08/04/2026 23:11:58,24.36,107.555
4854,08/04/2026 23:21:58,24.38,107.857
4855,08/04/2026 23:31:58,24.39,108.289
4856,08/04/2026 23:41:58,24.41,108.851
4857,08/04/2026 23:51:58,24.40,109.522
4858,08/05/2026 00:01:58,24.39,110.214
4859,08/05/2026 00:11:58,24.38,110.945
4860,08/05/2026 00:21:58,24.24,111.601
4861,08/05/2026 00:31:58,24.10,112.368
4862,08/05/2026 00:41:58,23.87,113.200
4863,08/05/2026 00:51:58,23.63,114.019
4864,08/05/2026 01:01:58,23.46,114.870
4865,08/05/2026 01:11:58,23.33,115.689
4866,08/05/2026 01:21:58,23.20,116.623
4867,08/05/2026 01:31:58,23.11,117.549
4868,08/05/2026 01:41:58,23.10,118.478
4869,08/05/2026 01:51:58,23.01,119.474
4870,08/05/2026 02:01:58,22.70,120.528
4871,08/05/2026 02:11:58,22.34,121.579
4872,08/05/2026 02:21:58,22.01,122.638
4873,08/05/2026 02:31:58,21.71,123.734
4874,08/05/2026 02:41:58,21.51,124.841
4875,08/05/2026 02:51:58,21.37,125.946
4876,08/05/2026 03:01:58,21.20,126.941
4877,08/05/2026 03:11:58,21.07,127.959
4878,08/05/2026 03:21:58,20.98,128.885
4879,08/05/2026 03:31:58,20.90,129.752
4880,08/05/2026 03:41:58,20.80,130.521
4881,08/05/2026 03:51:58,20.54,131.180
4882,08/05/2026 04:01:58,20.27,131.754
4883,08/05/2026 04:11:58,19.98,132.191
4884,08/05/2026 04:21:58,19.51,132.555
4885,08/05/2026 04:31:58,19.14,132.802
4886,08/05/2026 04:41:58,18.94,132.874
4887,08/05/2026 04:51:58,18.82,132.850
4888,08/05/2026 05:01:58,18.80,132.623
4889,08/05/2026 05:11:58,18.85,132.282
4890,08/05/2026 05:21:58,18.87,131.865
4891,08/05/2026 05:31:58,19.13,131.321
4892,08/05/2026 05:41:58,19.55,130.712
4893,08/05/2026 05:51:58,19.82,130.088
4894,08/05/2026 06:01:58,20.10,129.392
4895,08/05/2026 06:11:58,20.34,128.678
4896,08/05/2026 06:21:58,20.54,127.967
4897,08/05/2026 06:31:58,20.67,127.196
4898,08/05/2026 06:41:58,20.76,126.416
4899,08/05/2026 06:51:58,20.84,125.640
4900,08/05/2026 07:01:58,20.91,124.852
4901,08/05/2026 07:11:58,21.02,124.010
4902,08/05/2026 07:21:58,21.14,123.237
4903,08/05/2026 07:31:58,21.26,122.371
4904,08/05/2026 07:41:58,21.40,121.463
4905,08/05/2026 07:51:58,21.58,120.621
4906,08/05/2026 08:01:58,21.72,119.778
4907,08/05/2026 08:11:58,21.85,118.935
4908,08/05/2026 08:21:58,22.01,118.128
4909,08/05/2026 08:31:58,22.15,117.312
4910,08/05/2026 08:41:58,22.30,116.455
4911,08/05/2026 08:51:58,22.43,115.690
4912,08/05/2026 09:01:58,22.53,114.908
4913,08/05/2026 09:11:58,22.61,114.135
4914,08/05/2026 09:21:58,22.72,113.422
4915,08/05/2026 09:31:58,22.82,112.747
4916,08/05/2026 09:41:58,22.94,112.039
4917,08/05/2026 09:51:58,23.09,111.391
4918,08/05/2026 10:01:58,23.25,110.798
4919,08/05/2026 10:11:58,23.39,110.209
4920,08/05/2026 10:21:58,23.53,109.687
4921,08/05/2026 10:31:58,23.68,109.175
4922,08/05/2026 10:41:58,23.80,108.745
4923,08/05/2026 10:51:58,23.92,108.375
4924,08/05/2026 11:01:58,24.01,108.163
4925,08/05/2026 11:11:58,24.14,108.111
4926,08/05/2026 11:21:58,24.28,108.211
4927,08/05/2026 11:31:58,24.33,108.522
4928,08/05/2026 11:41:58,24.38,108.959
4929,08/05/2026 11:51:58,24.35,109.542
4930,08/05/2026 12:01:58,24.23,110.173
4931,08/05/2026 12:11:58,24.26,110.862
4932,08/05/2026 12:21:58,24.23,111.572
4933,08/05/2026 12:31:58,24.13,112.322
4934,08/05/2026 12:41:58,24.16,113.072
4935,08/05/2026 12:51:58,24.17,113.863
4936,08/05/2026 13:01:58,24.06,114.665
4937,08/05/2026 13:11:58,23.97,115.519
4938,08/05/2026 13:21:58,23.93,116.404
4939,08/05/2026 13:31:58,23.83,117.292
4940,08/05/2026 13:41:58,23.72,118.218
4941,08/05/2026 13:51:58,23.48,119.244
4942,08/05/2026 14:01:58,23.09,120.229
4943,08/05/2026 14:11:58,22.68,121.286
4944,08/05/2026 14:21:58,22.38,122.410
4945,08/05/2026 14:31:58,22.01,123.554
4946,08/05/2026 14:41:58,21.78,124.648
4947,08/05/2026 14:51:58,21.65,125.877
4948,08/05/2026 15:01:58,21.48,127.003
4949,08/05/2026 15:11:58,21.44,128.121
4950,08/05/2026 15:21:58,21.40,129.224
4951,08/05/2026 15:31:58,21.37,130.212
4952,08/05/2026 15:41:58,21.21,131.180
4953,08/05/2026 15:51:58,20.97,132.028
4954,08/05/2026 16:01:58,20.72,132.769
4955,08/05/2026 16:11:58,20.40,133.436
4956,08/05/2026 16:21:58,20.02,133.969
4957,08/05/2026 16:31:58,19.72,134.393
4958,08/05/2026 16:41:58,19.49,134.717
4959,08/05/2026 16:51:58,19.30,134.926
4960,08/05/2026 17:01:58,19.14,135.038
4961,08/05/2026 17:11:58,19.04,135.014
4962,08/05/2026 17:21:58,18.98,134.884
4963,08/05/2026 17:31:58,18.95,134.691
4964,08/05/2026 17:41:58,18.96,134.357
4965,08/05/2026 17:51:58,18.95,133.930
4966,08/05/2026 18:01:58,19.21,133.393
4967,08/05/2026 18:11:58,19.69,132.811
4968,08/05/2026 18:21:58,20.61,132.049
4969,08/05/2026 18:31:58,20.92,131.237
4970,08/05/2026 18:41:58,21.09,130.430
4971,08/05/2026 18:51:58,21.08,129.650
4972,08/05/2026 19:01:58,21.26,128.837
4973,08/05/2026 19:11:58,21.40,127.963
4974,08/05/2026 19:21:58,21.58,127.091
4975,08/05/2026 19:31:58,21.74,126.210
4976,08/05/2026 19:41:58,21.89,125.305
4977,08/05/2026 19:51:58,22.14,124.415
4978,08/05/2026 20:01:58,22.35,123.537
4979,08/05/2026 20:11:58,22.54,122.596
4980,08/05/2026 20:21:58,22.78,121.674
4981,08/05/2026 20:31:58,23.00,120.768
4982,08/05/2026 20:41:58,23.23,119.889
4983,08/05/2026 20:51:58,23.39,118.849
4984,08/05/2026 21:01:58,23.59,118.143
4985,08/05/2026 21:11:58,23.79,117.287
4986,08/05/2026 21:21:58,23.98,116.460
4987,08/05/2026 21:31:58,24.13,115.607
4988,08/05/2026 21:41:58,24.24,114.796
4989,08/05/2026 21:51:58,24.33,114.023
4990,08/05/2026 22:01:58,24.37,113.304
4991,08/05/2026 22:11:58,24.43,112.577
4992,08/05/2026 22:21:58,24.49,111.876
4993,08/05/2026 22:31:58,24.55,111.213
4994,08/05/2026 22:41:58,24.62,110.589
4995,08/05/2026 22:51:58,24.70,109.990
4996,08/05/2026 23:01:58,24.77,109.408
4997,08/05/2026 23:11:58,24.81,108.889
4998,08/05/2026 23:21:58,24.83,108.454
4999,08/05/2026 23:31:58,24.86,108.060
5000,08/05/2026 23:41:58,24.86,107.792
5001,08/05/2026 23:51:58,24.87,107.629
5002,08/06/2026 00:01:58,24.80,107.677
5003,08/06/2026 00:11:58,24.76,107.995
5004,08/06/2026 00:21:58,24.76,108.402
5005,08/06/2026 00:31:58,24.80,108.927
5006,08/06/2026 00:41:58,24.80,109.531
5007,08/06/2026 00:51:58,24.79,110.202
5008,08/06/2026 01:01:58,24.75,110.882
5009,08/06/2026 01:11:58,24.62,111.534
5010,08/06/2026 01:21:58,24.36,112.315
5011,08/06/2026 01:31:58,24.14,113.054
5012,08/06/2026 01:41:58,23.98,113.834
5013,08/06/2026 01:51:58,23.80,114.625
5014,08/06/2026 02:01:58,23.68,115.423
5015,08/06/2026 02:11:58,23.52,116.293
5016,08/06/2026 02:21:58,23.44,117.198
5017,08/06/2026 02:31:58,23.38,118.109
5018,08/06/2026 02:41:58,23.37,119.047
5019,08/06/2026 02:51:58,23.17,120.023
5020,08/06/2026 03:01:58,22.85,121.032
5021,08/06/2026 03:11:58,22.56,122.080
5022,08/06/2026 03:21:58,22.27,123.149
5023,08/06/2026 03:31:58,22.05,124.226
5024,08/06/2026 03:41:58,21.92,125.271
5025,08/06/2026 03:51:58,21.79,126.322
5026,08/06/2026 04:01:58,21.66,127.314
5027,08/06/2026 04:11:58,21.56,128.222
5028,08/06/2026 04:21:58,21.49,129.111
5029,08/06/2026 04:31:58,21.47,129.894
5030,08/06/2026 04:41:58,21.39,130.600
5031,08/06/2026 04:51:58,21.19,131.214
5032,08/06/2026 05:01:58,21.01,131.743
5033,08/06/2026 05:11:58,20.92,132.116
5034,08/06/2026 05:21:58,20.83,132.361
5035,08/06/2026 05:31:58,20.69,132.477
5036,08/06/2026 05:41:58,20.62,132.459
5037,08/06/2026 05:51:58,20.56,132.214
5038,08/06/2026 06:01:58,20.55,131.846
5039,08/06/2026 06:11:58,20.56,131.407
5040,08/06/2026 06:21:58,20.67,130.911
5041,08/06/2026 06:31:58,20.85,130.314
5042,08/06/2026 06:41:58,20.95,129.732
5043,08/06/2026 06:51:58,21.02,129.116
5044,08/06/2026 07:01:58,21.11,128.475
5045,08/06/2026 07:11:58,21.28,127.837
5046,08/06/2026 07:21:58,21.39,127.120
5047,08/06/2026 07:31:58,21.49,126.404
5048,08/06/2026 07:41:58,21.55,125.662
5049,08/06/2026 07:51:58,21.64,124.870
5050,08/06/2026 08:01:58,21.75,124.091
5051,08/06/2026 08:11:58,21.90,123.301
5052,08/06/2026 08:21:58,22.03,122.503
5053,08/06/2026 08:31:58,22.20,121.711
5054,08/06/2026 08:41:58,22.40,120.902
5055,08/06/2026 08:51:58,22.59,120.069
5056,08/06/2026 09:01:58,22.77,119.291
5057,08/06/2026 09:11:58,22.92,118.516
5058,08/06/2026 09:21:58,23.05,117.746
5059,08/06/2026 09:31:58,23.20,116.948
5060,08/06/2026 09:41:58,23.35,116.137
5061,08/06/2026 09:51:58,23.51,115.369
5062,08/06/2026 10:01:58,23.64,114.668
5063,08/06/2026 10:11:58,23.74,113.933
5064,08/06/2026 10:21:58,23.84,113.153
5065,08/06/2026 10:31:58,23.94,112.566
5066,08/06/2026 10:41:58,24.07,111.938
5067,08/06/2026 10:51:58,24.24,111.324
5068,08/06/2026 11:01:58,24.44,110.757
5069,08/06/2026 11:11:58,24.62,110.261
5070,08/06/2026 11:21:58,24.83,109.817
5071,08/06/2026 11:31:58,24.96,109.425
5072,08/06/2026 11:41:58,25.13,109.169
5073,08/06/2026 11:51:58,25.40,109.028
5074,08/06/2026 12:01:58,25.73,108.935
5075,08/06/2026 12:11:58,25.64,109.109
5076,08/06/2026 12:21:58,25.69,109.396
5077,08/06/2026 12:31:58,25.57,109.804
5078,08/06/2026 12:41:58,25.39,110.380
5079,08/06/2026 12:51:58,25.27,110.982
5080,08/06/2026 13:01:58,25.39,111.653
5081,08/06/2026 13:11:58,25.48,112.361
5082,08/06/2026 13:21:58,25.26,113.063
5083,08/06/2026 13:31:58,25.20,113.853
5084,08/06/2026 13:41:58,25.19,114.607
5085,08/06/2026 13:51:58,24.98,115.369
5086,08/06/2026 14:01:58,24.83,116.226
5087,08/06/2026 14:11:58,24.79,117.048
5088,08/06/2026 14:21:58,24.73,118.018
5089,08/06/2026 14:31:58,24.49,118.930
5090,08/06/2026 14:41:58,24.09,119.961
5091,08/06/2026 14:51:58,23.67,120.992
5092,08/06/2026 15:01:58,23.36,122.115
5093,08/06/2026 15:11:58,23.09,123.279
5094,08/06/2026 15:21:58,22.82,124.414
5095,08/06/2026 15:31:58,22.60,125.611
5096,08/06/2026 15:41:58,22.50,126.816
5097,08/06/2026 15:51:58,22.44,127.937
5098,08/06/2026 16:01:58,22.41,129.065
5099,08/06/2026 16:11:58,22.43,130.144
5100,08/06/2026 16:21:58,22.36,131.098
5101,08/06/2026 16:31:58,22.26,132.013
5102,08/06/2026 16:41:58,22.10,132.774
5103,08/06/2026 16:51:58,21.90,133.508
5104,08/06/2026 17:01:58,21.67,134.097
5105,08/06/2026 17:11:58,21.27,134.608
5106,08/06/2026 17:21:58,20.74,135.022
5107,08/06/2026 17:31:58,20.49,135.388
5108,08/06/2026 17:41:58,20.05,135.630
5109,08/06/2026 17:51:58,19.91,135.802
5110,08/06/2026 18:01:58,19.65,135.859
5111,08/06/2026 18:11:58,19.46,135.833
5112,08/06/2026 18:21:58,19.19,135.715
5113,08/06/2026 18:31:58,19.08,135.485
5114,08/06/2026 18:41:58,19.07,135.134
5115,08/06/2026 18:51:58,19.28,134.703
5116,08/06/2026 19:01:58,20.00,134.140
5117,08/06/2026 19:11:58,20.73,133.466
5118,08/06/2026 19:21:58,21.26,132.680
5119,08/06/2026 19:31:58,21.57,131.838
5120,08/06/2026 19:41:58,21.87,130.941
5121,08/06/2026 19:51:58,22.16,130.057
5122,08/06/2026 20:01:58,22.41,129.193
5123,08/06/2026 20:11:58,22.56,128.303
5124,08/06/2026 20:21:58,22.67,127.386
5125,08/06/2026 20:31:58,22.84,126.497
5126,08/06/2026 20:41:58,23.02,125.647
5127,08/06/2026 20:51:58,23.20,124.665
5128,08/06/2026 21:01:58,23.36,123.769
5129,08/06/2026 21:11:58,23.48,122.865
5130,08/06/2026 21:21:58,23.65,121.953
5131,08/06/2026 21:31:58,23.84,121.072
5132,08/06/2026 21:41:58,24.03,120.171
5133,08/06/2026 21:51:58,24.17,119.273
5134,08/06/2026 22:01:58,24.31,118.401
5135,08/06/2026 22:11:58,24.46,117.501
5136,08/06/2026 22:21:58,24.61,116.690
5137,08/06/2026 22:31:58,24.77,115.807
5138,08/06/2026 22:41:58,24.93,114.985
5139,08/06/2026 22:51:58,25.06,114.229
5140,08/06/2026 23:01:58,25.17,113.457
5141,08/06/2026 23:11:58,25.25,112.752
5142,08/06/2026 23:21:58,25.31,112.076
5143,08/06/2026 23:31:58,25.38,111.405
5144,08/06/2026 23:41:58,25.49,110.802
5145,08/06/2026 23:51:58,25.58,110.191
5146,08/07/2026 00:01:58,25.68,109.635
5147,08/07/2026 00:11:58,25.76,109.108
5148,08/07/2026 00:21:58,25.83,108.711
5149,08/07/2026 00:31:58,25.88,108.318
5150,08/07/2026 00:41:58,25.92,108.054
5151,08/07/2026 00:51:58,25.86,107.915
5152,08/07/2026 01:01:58,25.82,108.035
5153,08/07/2026 01:11:58,25.84,108.141
5154,08/07/2026 01:21:58,25.84,108.501
5155,08/07/2026 01:31:58,25.86,109.035
5156,08/07/2026 01:41:58,25.87,109.601
5157,08/07/2026 01:51:58,25.85,110.256
5158,08/07/2026 02:01:58,25.77,110.897
5159,08/07/2026 02:11:58,25.63,111.570
5160,08/07/2026 02:21:58,25.24,112.314
5161,08/07/2026 02:31:58,25.03,113.130
5162,08/07/2026 02:41:58,24.90,113.838
5163,08/07/2026 02:51:58,24.72,114.680
5164,08/07/2026 03:01:58,24.59,115.457
5165,08/07/2026 03:11:58,24.49,116.341
5166,08/07/2026 03:21:58,24.41,117.204
5167,08/07/2026 03:31:58,24.37,118.107
5168,08/07/2026 03:41:58,24.33,119.049
5169,08/07/2026 03:51:58,24.15,120.017
5170,08/07/2026 04:01:58,23.90,120.985
5171,08/07/2026 04:11:58,23.65,122.038
5172,08/07/2026 04:21:58,23.39,123.036
5173,08/07/2026 04:31:58,23.11,124.082
5174,08/07/2026 04:41:58,22.95,125.101
5175,08/07/2026 04:51:58,22.83,126.139
5176,08/07/2026 05:01:58,22.71,127.195
5177,08/07/2026 05:11:58,22.64,128.049
5178,08/07/2026 05:21:58,22.54,128.975
5179,08/07/2026 05:31:58,22.47,129.732
5180,08/07/2026 05:41:58,22.47,130.423
5181,08/07/2026 05:51:58,22.39,130.950
5182,08/07/2026 06:01:58,22.20,131.414
5183,08/07/2026 06:11:58,21.98,131.724
5184,08/07/2026 06:21:58,21.82,131.955
5185,08/07/2026 06:31:58,21.62,131.993
5186,08/07/2026 06:41:58,21.33,131.917
5187,08/07/2026 06:51:58,21.22,131.731
5188,08/07/2026 07:01:58,21.24,131.398
5189,08/07/2026 07:11:58,21.36,130.983
5190,08/07/2026 07:21:58,21.55,130.412
5191,08/07/2026 07:31:58,21.77,129.898
5192,08/07/2026 07:41:58,21.93,129.305
5193,08/07/2026 07:51:58,22.13,128.722
5194,08/07/2026 08:01:58,22.38,128.055
5195,08/07/2026 08:11:58,22.49,127.441
5196,08/07/2026 08:21:58,22.59,126.754
5197,08/07/2026 08:31:58,22.69,126.085
5198,08/07/2026 08:41:58,22.78,125.394
5199,08/07/2026 08:51:58,22.84,124.610
5200,08/07/2026 09:01:58,23.01,123.846
5201,08/07/2026 09:11:58,23.15,123.098
5202,08/07/2026 09:21:58,23.33,122.310
5203,08/07/2026 09:31:58,23.49,121.521
5204,08/07/2026 09:41:58,23.67,120.645
5205,08/07/2026 09:51:58,23.86,119.913
5206,08/07/2026 10:01:58,24.07,119.140
5207,08/07/2026 10:11:58,24.28,118.316
5208,08/07/2026 10:21:58,24.49,117.527
5209,08/07/2026 10:31:58,24.71,116.760
5210,08/07/2026 10:41:58,24.92,116.013
5211,08/07/2026 10:51:58,25.11,115.229
5212,08/07/2026 11:01:58,25.27,114.521
5213,08/07/2026 11:11:58,25.43,113.791
5214,08/07/2026 11:21:58,25.62,113.152
5215,08/07/2026 11:31:58,25.80,112.516
5216,08/07/2026 11:41:58,26.01,111.911
5217,08/07/2026 11:51:58,26.14,111.326
5218,08/07/2026 12:01:58,26.32,110.787
5219,08/07/2026 12:11:58,26.50,110.380
5220,08/07/2026 12:21:58,26.65,109.926
5221,08/07/2026 12:31:58,26.83,109.560
5222,08/07/2026 12:41:58,27.00,109.295
5223,08/07/2026 12:51:58,27.17,109.215
5224,08/07/2026 13:01:58,27.27,109.243
5225,08/07/2026 13:11:58,27.31,109.479
5226,08/07/2026 13:21:58,27.34,109.774
5227,08/07/2026 13:31:58,27.47,110.323
5228,08/07/2026 13:41:58,27.16,110.958
5229,08/07/2026 13:51:58,27.17,111.610
5230,08/07/2026 14:01:58,27.26,112.315
5231,08/07/2026 14:11:58,27.31,113.040
5232,08/07/2026 14:21:58,27.26,113.725
5233,08/07/2026 14:31:58,27.04,114.466
5234,08/07/2026 14:41:58,26.66,115.199
5235,08/07/2026 14:51:58,26.44,116.008
5236,08/07/2026 15:01:58,26.40,116.842
5237,08/07/2026 15:11:58,26.37,117.750
5238,08/07/2026 15:21:58,26.27,118.703
5239,08/07/2026 15:31:58,25.94,119.718
5240,08/07/2026 15:41:58,25.50,120.567
5241,08/07/2026 15:51:58,25.06,121.767
5242,08/07/2026 16:01:58,24.83,122.826
5243,08/07/2026 16:11:58,24.56,124.092
5244,08/07/2026 16:21:58,24.24,125.171
5245,08/07/2026 16:31:58,23.95,126.333
5246,08/07/2026 16:41:58,23.86,127.492
5247,08/07/2026 16:51:58,23.80,128.632
5248,08/07/2026 17:01:58,23.78,129.778
5249,08/07/2026 17:11:58,23.69,130.821
5250,08/07/2026 17:21:58,23.52,131.773
5251,08/07/2026 17:31:58,23.30,132.609
5252,08/07/2026 17:41:58,23.11,133.373
5253,08/07/2026 17:51:58,22.87,134.012
5254,08/07/2026 18:01:58,22.52,134.607
5255,08/07/2026 18:11:58,21.97,135.076
5256,08/07/2026 18:21:58,21.50,135.475
5257,08/07/2026 18:31:58,21.19,135.749
5258,08/07/2026 18:41:58,20.79,135.910
5259,08/07/2026 18:51:58,20.25,136.055
5260,08/07/2026 19:01:58,19.94,136.094
5261,08/07/2026 19:11:58,19.75,136.016
5262,08/07/2026 19:21:58,19.67,135.937
5263,08/07/2026 19:31:58,19.60,135.713
5264,08/07/2026 19:41:58,19.59,135.331
5265,08/07/2026 19:51:58,19.88,134.949
5266,08/07/2026 20:01:58,20.71,134.414
5267,08/07/2026 20:11:58,21.34,133.750
5268,08/07/2026 20:21:58,22.06,133.034
5269,08/07/2026 20:31:58,22.34,132.161
5270,08/07/2026 20:41:58,22.64,131.374
5271,08/07/2026 20:51:58,23.00,130.492
5272,08/07/2026 21:01:58,23.28,129.561
5273,08/07/2026 21:11:58,23.49,128.658
5274,08/07/2026 21:21:58,23.67,127.739
5275,08/07/2026 21:31:58,23.91,126.838
5276,08/07/2026 21:41:58,24.11,125.904
5277,08/07/2026 21:51:58,24.26,124.959
5278,08/07/2026 22:01:58,24.40,124.041
5279,08/07/2026 22:11:58,24.56,123.095
5280,08/07/2026 22:21:58,24.72,122.132
5281,08/07/2026 22:31:58,24.89,121.217
5282,08/07/2026 22:41:58,25.10,120.328
5283,08/07/2026 22:51:58,25.27,119.372
5284,08/07/2026 23:01:58,25.41,118.487
5285,08/07/2026 23:11:58,25.58,117.591
5286,08/07/2026 23:21:58,25.75,116.700
5287,08/07/2026 23:31:58,25.91,115.855
5288,08/07/2026 23:41:58,26.05,115.037
5289,08/07/2026 23:51:58,26.19,114.209
5290,08/08/2026 00:01:58,26.30,113.428
5291,08/08/2026 00:11:58,26.38,112.690
5292,08/08/2026 00:21:58,26.45,112.001
5293,08/08/2026 00:31:58,26.52,111.343
5294,08/08/2026 00:41:58,26.61,110.702
5295,08/08/2026 00:51:58,26.72,110.049
5296,08/08/2026 01:01:58,26.84,109.426
5297,08/08/2026 01:11:58,26.95,108.858
5298,08/08/2026 01:21:58,27.03,108.348
5299,08/08/2026 01:31:58,27.12,107.905
5300,08/08/2026 01:41:58,27.18,107.530
5301,08/08/2026 01:51:58,27.14,107.298
5302,08/08/2026 02:01:58,27.04,107.221
5303,08/08/2026 02:11:58,27.09,107.377
5304,08/08/2026 02:21:58,27.13,107.457
5305,08/08/2026 02:31:58,27.21,107.878
5306,08/08/2026 02:41:58,27.12,108.593
5307,08/08/2026 02:51:58,27.07,109.205
5308,08/08/2026 03:01:58,27.01,109.774
5309,08/08/2026 03:11:58,26.96,110.479
5310,08/08/2026 03:21:58,26.89,111.288
5311,08/08/2026 03:31:58,26.65,112.048
5312,08/08/2026 03:41:58,26.36,112.799
5313,08/08/2026 03:51:58,26.19,113.573
5314,08/08/2026 04:01:58,26.01,114.441
5315,08/08/2026 04:11:58,25.79,115.233
5316,08/08/2026 04:21:58,25.67,116.044
5317,08/08/2026 04:31:58,25.61,116.979
5318,08/08/2026 04:41:58,25.55,117.899
5319,08/08/2026 04:51:58,25.48,118.941
5320,08/08/2026 05:01:58,25.28,119.876
5321,08/08/2026 05:11:58,25.09,121.052
5322,08/08/2026 05:21:58,24.87,122.106
5323,08/08/2026 05:31:58,24.58,123.167
5324,08/08/2026 05:41:58,24.25,124.242
5325,08/08/2026 05:51:58,24.04,125.256
5326,08/08/2026 06:01:58,23.87,126.297
5327,08/08/2026 06:11:58,23.69,127.186
5328,08/08/2026 06:21:58,23.55,128.110
5329,08/08/2026 06:31:58,23.46,128.998
5330,08/08/2026 06:41:58,23.42,129.718
5331,08/08/2026 06:51:58,23.35,130.424
5332,08/08/2026 07:01:58,23.14,130.947
5333,08/08/2026 07:11:58,22.97,131.323
5334,08/08/2026 07:21:58,22.73,131.577
5335,08/08/2026 07:31:58,22.24,131.667
5336,08/08/2026 07:41:58,21.98,131.699
5337,08/08/2026 07:51:58,21.87,131.641
5338,08/08/2026 08:01:58,21.85,131.444
5339,08/08/2026 08:11:58,21.87,131.081
5340,08/08/2026 08:21:58,21.92,130.643
5341,08/08/2026 08:31:58,22.10,130.166
5342,08/08/2026 08:41:58,22.50,129.575
5343,08/08/2026 08:51:58,22.77,129.040
5344,08/08/2026 09:01:58,23.07,128.285
5345,08/08/2026 09:11:58,23.38,127.680
5346,08/08/2026 09:21:58,23.55,127.033
5347,08/08/2026 09:31:58,23.67,126.300
5348,08/08/2026 09:41:58,23.82,125.586
5349,08/08/2026 09:51:58,23.97,124.897
5350,08/08/2026 10:01:58,24.13,124.073
5351,08/08/2026 10:11:58,24.33,123.356
5352,08/08/2026 10:21:58,24.54,122.589
5353,08/08/2026 10:31:58,24.72,121.738
5354,08/08/2026 10:41:58,24.96,120.947
5355,08/08/2026 10:51:58,25.18,120.186
5356,08/08/2026 11:01:58,25.39,119.438
5357,08/08/2026 11:11:58,25.60,118.597
5358,08/08/2026 11:21:58,25.81,117.804
5359,08/08/2026 11:31:58,25.99,117.077
5360,08/08/2026 11:41:58,26.21,116.242
5361,08/08/2026 11:51:58,26.38,115.597
5362,08/08/2026 12:01:58,26.55,114.842
5363,08/08/2026 12:11:58,26.70,114.095
5364,08/08/2026 12:21:58,26.87,113.409
5365,08/08/2026 12:31:58,27.02,112.772
5366,08/08/2026 12:41:58,27.16,112.064
5367,08/08/2026 12:51:58,27.34,111.513
5368,08/08/2026 13:01:58,27.52,110.992
5369,08/08/2026 13:11:58,27.63,110.478
5370,08/08/2026 13:21:58,27.75,110.065
5371,08/08/2026 13:31:58,27.88,109.669
5372,08/08/2026 13:41:58,28.01,109.441
5373,08/08/2026 13:51:58,28.13,109.208
5374,08/08/2026 14:01:58,28.27,109.166
5375,08/08/2026 14:11:58,28.34,109.335
5376,08/08/2026 14:21:58,28.34,109.705
5377,08/08/2026 14:31:58,28.36,110.066
5378,08/08/2026 14:41:58,28.22,110.647
5379,08/08/2026 14:51:58,28.15,111.276
5380,08/08/2026 15:01:58,28.04,111.959
5381,08/08/2026 15:11:58,27.95,112.643
5382,08/08/2026 15:21:58,27.71,113.307
5383,08/08/2026 15:31:58,27.59,114.117
5384,08/08/2026 15:41:58,27.58,114.820
5385,08/08/2026 15:51:58,27.29,115.564
5386,08/08/2026 16:01:58,27.21,116.419
5387,08/08/2026 16:11:58,27.26,117.357
5388,08/08/2026 16:21:58,27.13,118.297
5389,08/08/2026 16:31:58,26.85,119.225
5390,08/08/2026 16:41:58,26.34,120.295
5391,08/08/2026 16:51:58,25.88,121.440
5392,08/08/2026 17:01:58,25.65,122.554
5393,08/08/2026 17:11:58,25.45,123.732
5394,08/08/2026 17:21:58,25.18,124.927
5395,08/08/2026 17:31:58,24.90,126.213
5396,08/08/2026 17:41:58,24.66,127.479
5397,08/08/2026 17:51:58,24.58,128.695
5398,08/08/2026 18:01:58,24.40,129.918
5399,08/08/2026 18:11:58,24.13,130.909
5400,08/08/2026 18:21:58,23.80,131.853
5401,08/08/2026 18:31:58,23.38,132.675
5402,08/08/2026 18:41:58,22.91,133.581
5403,08/08/2026 18:51:58,22.61,134.164
5404,08/08/2026 19:01:58,22.22,134.847
5405,08/08/2026 19:11:58,21.69,135.347
5406,08/08/2026 19:21:58,21.02,135.817
5407,08/08/2026 19:31:58,20.63,136.133
5408,08/08/2026 19:41:58,20.42,136.346
5409,08/08/2026 19:51:58,20.10,136.530
5410,08/08/2026 20:01:58,19.82,136.686
5411,08/08/2026 20:11:58,19.57,136.701
5412,08/08/2026 20:21:58,19.37,136.726
5413,08/08/2026 20:31:58,19.21,136.521
5414,08/08/2026 20:41:58,19.11,136.342
5415,08/08/2026 20:51:58,19.05,135.973
5416,08/08/2026 21:01:58,19.05,135.463
5417,08/08/2026 21:11:58,19.48,134.961
5418,08/08/2026 21:21:58,20.10,134.305
5419,08/08/2026 21:31:58,20.81,133.600
5420,08/08/2026 21:41:58,21.31,132.942
5421,08/08/2026 21:51:58,21.98,132.023
5422,08/08/2026 22:01:58,22.55,131.082
5423,08/08/2026 22:11:58,22.95,130.111
5424,08/08/2026 22:21:58,23.39,129.137
5425,08/08/2026 22:31:58,23.85,128.109
5426,08/08/2026 22:41:58,24.15,127.159
5427,08/08/2026 22:51:58,24.24,126.107
5428,08/08/2026 23:01:58,24.42,125.095
5429,08/08/2026 23:11:58,24.61,124.034
5430,08/08/2026 23:21:58,24.75,123.083
5431,08/08/2026 23:31:58,24.90,122.136
5432,08/08/2026 23:41:58,25.01,121.097
5433,08/08/2026 23:51:58,25.11,120.176
5434,08/09/2026 00:01:58,25.20,119.167
5435,08/09/2026 00:11:58,25.28,118.251
5436,08/09/2026 00:21:58,25.45,117.389
5437,08/09/2026 00:31:58,25.60,116.557
5438,08/09/2026 00:41:58,25.69,115.639
5439,08/09/2026 00:51:58,25.80,114.803
5440,08/09/2026 01:01:58,25.92,113.997
5441,08/09/2026 01:11:58,26.00,113.203
5442,08/09/2026 01:21:58,26.07,112.409
5443,08/09/2026 01:31:58,26.13,111.750
5444,08/09/2026 01:41:58,26.20,111.007
5445,08/09/2026 01:51:58,26.31,110.334
5446,08/09/2026 02:01:58,26.40,109.668
5447,08/09/2026 02:11:58,26.49,109.057
5448,08/09/2026 02:21:58,26.57,108.488
5449,08/09/2026 02:31:58,26.62,107.919
5450,08/09/2026 02:41:58,26.65,107.463
5451,08/09/2026 02:51:58,26.68,107.103
5452,08/09/2026 03:01:58,26.69,106.848
5453,08/09/2026 03:11:58,26.65,106.713
5454,08/09/2026 03:21:58,26.54,106.757
5455,08/09/2026 03:31:58,26.50,107.095
5456,08/09/2026 03:41:58,26.52,107.573
5457,08/09/2026 03:51:58,26.57,108.111
5458,08/09/2026 04:01:58,26.60,108.766
5459,08/09/2026 04:11:58,26.61,109.446
5460,08/09/2026 04:21:58,26.57,110.209
5461,08/09/2026 04:31:58,26.42,110.937
5462,08/09/2026 04:41:58,26.32,111.859
5463,08/09/2026 04:51:58,26.23,112.711
5464,08/09/2026 05:01:58,26.06,113.482
5465,08/09/2026 05:11:58,25.90,114.350
5466,08/09/2026 05:21:58,25.74,115.244
5467,08/09/2026 05:31:58,25.62,116.114
5468,08/09/2026 05:41:58,25.44,117.073
5469,08/09/2026 05:51:58,25.37,118.068
5470,08/09/2026 06:01:58,25.27,119.046
5471,08/09/2026 06:11:58,25.04,120.094
5472,08/09/2026 06:21:58,24.79,121.227
5473,08/09/2026 06:31:58,24.50,122.313
5474,08/09/2026 06:41:58,24.22,123.375
5475,08/09/2026 06:51:58,24.04,124.534
5476,08/09/2026 07:01:58,23.91,125.643
5477,08/09/2026 07:11:58,23.77,126.682
5478,08/09/2026 07:21:58,23.63,127.695
5479,08/09/2026 07:31:58,23.49,128.667
5480,08/09/2026 07:41:58,23.46,129.454
5481,08/09/2026 07:51:58,23.39,130.229
5482,08/09/2026 08:01:58,23.14,130.892
5483,08/09/2026 08:11:58,22.87,131.397
5484,08/09/2026 08:21:58,22.43,131.770
5485,08/09/2026 08:31:58,21.78,132.082
5486,08/09/2026 08:41:58,21.18,132.229
5487,08/09/2026 08:51:58,20.79,132.284
5488,08/09/2026 09:01:58,20.54,132.209
5489,08/09/2026 09:11:58,20.27,132.053
5490,08/09/2026 09:21:58,20.30,131.622
5491,08/09/2026 09:31:58,20.71,131.159
5492,08/09/2026 09:41:58,21.15,130.564
5493,08/09/2026 09:51:58,21.63,129.992
5494,08/09/2026 10:01:58,22.22,129.325
5495,08/09/2026 10:11:58,22.74,128.656
5496,08/09/2026 10:21:58,23.42,127.898
5497,08/09/2026 10:31:58,23.65,127.223
5498,08/09/2026 10:41:58,23.77,126.541
5499,08/09/2026 10:51:58,23.90,125.707
5500,08/09/2026 11:01:58,23.99,125.004
5501,08/09/2026 11:11:58,24.28,124.212
5502,08/09/2026 11:21:58,24.49,123.356
5503,08/09/2026 11:31:58,24.67,122.512
5504,08/09/2026 11:41:58,24.83,121.698
5505,08/09/2026 11:51:58,25.07,120.882
5506,08/09/2026 12:01:58,25.32,119.936
5507,08/09/2026 12:11:58,25.55,119.163
5508,08/09/2026 12:21:58,25.76,118.305
5509,08/09/2026 12:31:58,26.01,117.521
5510,08/09/2026 12:41:58,26.22,116.728
5511,08/09/2026 12:51:58,26.40,115.956
5512,08/09/2026 13:01:58,26.58,115.129
5513,08/09/2026 13:11:58,26.73,114.404
5514,08/09/2026 13:21:58,26.87,113.687
5515,08/09/2026 13:31:58,27.04,112.945
5516,08/09/2026 13:41:58,27.19,112.284
5517,08/09/2026 13:51:58,27.27,111.629
5518,08/09/2026 14:01:58,27.36,111.018
5519,08/09/2026 14:11:58,27.48,110.449
5520,08/09/2026 14:21:58,27.55,109.888
5521,08/09/2026 14:31:58,27.64,109.474
5522,08/09/2026 14:41:58,27.70,109.089
5523,08/09/2026 14:51:58,27.77,108.814
5524,08/09/2026 15:01:58,27.88,108.615
5525,08/09/2026 15:11:58,27.95,108.571
5526,08/09/2026 15:21:58,27.98,108.953
5527,08/09/2026 15:31:58,28.04,109.173
5528,08/09/2026 15:41:58,28.06,109.790
5529,08/09/2026 15:51:58,28.02,110.365
5530,08/09/2026 16:01:58,27.91,111.014
5531,08/09/2026 16:11:58,27.80,111.768
5532,08/09/2026 16:21:58,27.72,112.469
5533,08/09/2026 16:31:58,27.63,113.178
5534,08/09/2026 16:41:58,27.49,114.021
5535,08/09/2026 16:51:58,27.28,114.851
5536,08/09/2026 17:01:58,27.01,115.701
5537,08/09/2026 17:11:58,26.93,116.636
5538,08/09/2026 17:21:58,26.82,117.562
5539,08/09/2026 17:31:58,26.52,118.641
5540,08/09/2026 17:41:58,26.19,119.686
5541,08/09/2026 17:51:58,25.67,120.753
5542,08/09/2026 18:01:58,25.35,122.109
5543,08/09/2026 18:11:58,25.05,123.205
5544,08/09/2026 18:21:58,24.69,124.499
5545,08/09/2026 18:31:58,24.35,125.786
5546,08/09/2026 18:41:58,24.11,127.077
5547,08/09/2026 18:51:58,23.99,128.351
5548,08/09/2026 19:01:58,23.93,129.577
5549,08/09/2026 19:11:58,23.84,130.765
5550,08/09/2026 19:21:58,23.62,131.882
5551,08/09/2026 19:31:58,23.21,132.845
5552,08/09/2026 19:41:58,22.64,133.686
5553,08/09/2026 19:51:58,22.09,134.578
5554,08/09/2026 20:01:58,21.25,135.181
5555,08/09/2026 20:11:58,20.35,135.822
5556,08/09/2026 20:21:58,19.54,136.323
5557,08/09/2026 20:31:58,18.75,136.723
5558,08/09/2026 20:41:58,18.22,137.035
5559,08/09/2026 20:51:58,17.84,137.304
5560,08/09/2026 21:01:58,17.69,137.506
5561,08/09/2026 21:11:58,17.64,137.668
5562,08/09/2026 21:21:58,17.62,137.676
5563,08/09/2026 21:31:58,17.61,137.586
5564,08/09/2026 21:41:58,17.60,137.316
5565,08/09/2026 21:51:58,17.61,137.020
5566,08/09/2026 22:01:58,17.59,136.583
5567,08/09/2026 22:11:58,17.94,136.129
5568,08/09/2026 22:21:58,18.43,135.516
5569,08/09/2026 22:31:58,19.51,134.752
5570,08/09/2026 22:41:58,19.90,134.090
5571,08/09/2026 22:51:58,20.50,133.297
5572,08/09/2026 23:01:58,20.91,132.440
5573,08/09/2026 23:11:58,21.47,131.477
5574,08/09/2026 23:21:58,22.08,130.430
5575,08/09/2026 23:31:58,22.64,129.408
5576,08/09/2026 23:41:58,22.94,128.312
5577,08/09/2026 23:51:58,23.24,127.319
5578,08/10/2026 00:01:58,23.40,126.230
5579,08/10/2026 00:11:58,23.49,125.191
5580,08/10/2026 00:21:58,23.63,124.145
5581,08/10/2026 00:31:58,23.73,123.121
5582,08/10/2026 00:41:58,23.85,122.132
5583,08/10/2026 00:51:58,23.91,121.171
5584,08/10/2026 01:01:58,24.03,120.184
5585,08/10/2026 01:11:58,24.10,119.204
5586,08/10/2026 01:21:58,24.19,118.229
5587,08/10/2026 01:31:58,24.30,117.354
5588,08/10/2026 01:41:58,24.42,116.402
5589,08/10/2026 01:51:58,24.50,115.489
5590,08/10/2026 02:01:58,24.59,114.623
5591,08/10/2026 02:11:58,24.70,113.779
5592,08/10/2026 02:21:58,24.78,113.048
5593,08/10/2026 02:31:58,24.86,112.225
5594,08/10/2026 02:41:58,24.95,111.475
5595,08/10/2026 02:51:58,25.03,110.775
5596,08/10/2026 03:01:58,25.14,110.097
5597,08/10/2026 03:11:58,25.23,109.415
5598,08/10/2026 03:21:58,25.30,108.778
5599,08/10/2026 03:31:58,25.35,108.180
5600,08/10/2026 03:41:58,25.36,107.598
5601,08/10/2026 03:51:58,25.43,107.059
5602,08/10/2026 04:01:58,25.46,106.620
5603,08/10/2026 04:11:58,25.46,106.348
5604,08/10/2026 04:21:58,25.35,106.203
5605,08/10/2026 04:31:58,25.33,106.253
5606,08/10/2026 04:41:58,25.28,106.616
5607,08/10/2026 04:51:58,25.29,107.160
5608,08/10/2026 05:01:58,25.36,107.757
5609,08/10/2026 05:11:58,25.43,108.471
5610,08/10/2026 05:21:58,25.44,109.260
5611,08/10/2026 05:31:58,25.40,110.044
5612,08/10/2026 05:41:58,25.29,110.928
5613,08/10/2026 05:51:58,25.13,111.832
5614,08/10/2026 06:01:58,25.25,112.798
5615,08/10/2026 06:11:58,25.27,113.754
5616,08/10/2026 06:21:58,25.08,114.647
5617,08/10/2026 06:31:58,24.94,115.563
5618,08/10/2026 06:41:58,24.78,116.525
5619,08/10/2026 06:51:58,24.57,117.508
5620,08/10/2026 07:01:58,24.44,118.497
5621,08/10/2026 07:11:58,24.34,119.603
5622,08/10/2026 07:21:58,24.21,120.797
5623,08/10/2026 07:31:58,23.92,121.888
5624,08/10/2026 07:41:58,23.60,123.122
5625,08/10/2026 07:51:58,23.40,124.326
5626,08/10/2026 08:01:58,23.25,125.525
5627,08/10/2026 08:11:58,23.08,126.639
5628,08/10/2026 08:21:58,22.91,127.805
5629,08/10/2026 08:31:58,22.78,128.896
5630,08/10/2026 08:41:58,22.70,129.861
5631,08/10/2026 08:51:58,22.53,130.740
5632,08/10/2026 09:01:58,22.32,131.579
5633,08/10/2026 09:11:58,22.07,132.286
5634,08/10/2026 09:21:58,21.85,132.759
5635,08/10/2026 09:31:58,21.53,133.183
5636,08/10/2026 09:41:58,21.15,133.498
5637,08/10/2026 09:51:58,20.84,133.571
5638,08/10/2026 10:01:58,20.52,133.558
5639,08/10/2026 10:11:58,20.30,133.390
5640,08/10/2026 10:21:58,20.30,133.062
5641,08/10/2026 10:31:58,20.37,132.589
5642,08/10/2026 10:41:58,20.81,132.058
5643,08/10/2026 10:51:58,21.29,131.455
5644,08/10/2026 11:01:58,21.62,130.806
5645,08/10/2026 11:11:58,22.07,130.106
5646,08/10/2026 11:21:58,22.43,129.364
5647,08/10/2026 11:31:58,22.53,128.655
5648,08/10/2026 11:41:58,22.64,127.892
5649,08/10/2026 11:51:58,22.75,127.111
5650,08/10/2026 12:01:58,22.97,126.304
5651,08/10/2026 12:11:58,23.17,125.421
5652,08/10/2026 12:21:58,23.41,124.539
5653,08/10/2026 12:31:58,23.65,123.666
5654,08/10/2026 12:41:58,23.89,122.820
5655,08/10/2026 12:51:58,24.09,121.938
5656,08/10/2026 13:01:58,24.25,121.036
5657,08/10/2026 13:11:58,24.45,120.160
5658,08/10/2026 13:21:58,24.67,119.302
5659,08/10/2026 13:31:58,24.89,118.415
5660,08/10/2026 13:41:58,25.12,117.533
5661,08/10/2026 13:51:58,25.33,116.703
5662,08/10/2026 14:01:58,25.54,115.868
5663,08/10/2026 14:11:58,25.73,115.004
5664,08/10/2026 14:21:58,25.89,114.316
5665,08/10/2026 14:31:58,26.05,113.490
5666,08/10/2026 14:41:58,26.22,112.774
5667,08/10/2026 14:51:58,26.35,112.112
5668,08/10/2026 15:01:58,26.46,111.388
5669,08/10/2026 15:11:58,26.48,110.766
5670,08/10/2026 15:21:58,26.53,110.196
5671,08/10/2026 15:31:58,26.54,109.642
5672,08/10/2026 15:41:58,26.53,109.083
5673,08/10/2026 15:51:58,26.53,108.706
5674,08/10/2026 16:01:58,26.58,108.489
5675,08/10/2026 16:11:58,26.68,108.323
5676,08/10/2026 16:21:58,26.75,108.274
5677,08/10/2026 16:31:58,26.76,108.535
5678,08/10/2026 16:41:58,26.73,109.075
5679,08/10/2026 16:51:58,26.71,109.620
5680,08/10/2026 17:01:58,26.68,110.392
5681,08/10/2026 17:11:58,26.60,111.038
5682,08/10/2026 17:21:58,26.54,111.734
5683,08/10/2026 17:31:58,26.39,112.564
5684,08/10/2026 17:41:58,26.13,113.353
5685,08/10/2026 17:51:58,25.99,114.205
5686,08/10/2026 18:01:58,25.84,115.112
5687,08/10/2026 18:11:58,25.79,116.106
5688,08/10/2026 18:21:58,25.81,117.111
5689,08/10/2026 18:31:58,25.76,118.200
5690,08/10/2026 18:41:58,25.63,119.283
5691,08/10/2026 18:51:58,25.21,120.492
5692,08/10/2026 19:01:58,24.82,121.677
5693,08/10/2026 19:11:58,24.51,123.009
5694,08/10/2026 19:21:58,24.15,124.273
5695,08/10/2026 19:31:58,23.82,125.713
5696,08/10/2026 19:41:58,23.71,127.038
5697,08/10/2026 19:51:58,23.56,128.443
5698,08/10/2026 20:01:58,23.52,129.891
5699,08/10/2026 20:11:58,23.45,131.058
5700,08/10/2026 20:21:58,23.21,132.299
5701,08/10/2026 20:31:58,22.83,133.314
5702,08/10/2026 20:41:58,22.39,134.231
5703,08/10/2026 20:51:58,21.46,135.097
5704,08/10/2026 21:01:58,20.58,135.832
5705,08/10/2026 21:11:58,19.87,136.413
5706,08/10/2026 21:21:58,19.32,136.935
5707,08/10/2026 21:31:58,18.95,137.422
5708,08/10/2026 21:41:58,18.72,137.768
5709,08/10/2026 21:51:58,18.58,138.095
5710,08/10/2026 22:01:58,18.46,138.404
5711,08/10/2026 22:11:58,18.33,138.624
5712,08/10/2026 22:21:58,18.22,138.755
5713,08/10/2026 22:31:58,18.17,138.787
5714,08/10/2026 22:41:58,18.11,138.683
5715,08/10/2026 22:51:58,18.10,138.408
5716,08/10/2026 23:01:58,18.09,138.018
5717,08/10/2026 23:11:58,18.10,137.474
5718,08/10/2026 23:21:58,18.32,136.914
5719,08/10/2026 23:31:58,18.82,136.198
5720,08/10/2026 23:41:58,19.58,135.507
5721,08/10/2026 23:51:58,19.79,134.797
5722,08/11/2026 00:01:58,20.19,133.943
5723,08/11/2026 00:11:58,20.57,133.158
5724,08/11/2026 00:21:58,20.99,132.182
5725,08/11/2026 00:31:58,21.54,131.244
5726,08/11/2026 00:41:58,21.82,130.057
5727,08/11/2026 00:51:58,22.20,128.886
5728,08/11/2026 01:01:58,22.44,127.776
5729,08/11/2026 01:11:58,22.71,126.621
5730,08/11/2026 01:21:58,22.94,125.492
5731,08/11/2026 01:31:58,23.05,124.352
5732,08/11/2026 01:41:58,23.13,123.183
5733,08/11/2026 01:51:58,23.24,122.108
5734,08/11/2026 02:01:58,23.31,121.077
5735,08/11/2026 02:11:58,23.41,119.987
5736,08/11/2026 02:21:58,23.47,118.973
5737,08/11/2026 02:31:58,23.56,118.024
5738,08/11/2026 02:41:58,23.66,117.051
5739,08/11/2026 02:51:58,23.73,116.133
5740,08/11/2026 03:01:58,23.81,115.228
5741,08/11/2026 03:11:58,23.90,114.375
5742,08/11/2026 03:21:58,24.01,113.527
5743,08/11/2026 03:31:58,24.07,112.708
5744,08/11/2026 03:41:58,24.12,111.868
5745,08/11/2026 03:51:58,24.19,111.125
5746,08/11/2026 04:01:58,24.23,110.358
5747,08/11/2026 04:11:58,24.30,109.608
5748,08/11/2026 04:21:58,24.36,108.917
5749,08/11/2026 04:31:58,24.44,108.269
5750,08/11/2026 04:41:58,24.50,107.683
5751,08/11/2026 04:51:58,24.54,107.131
5752,08/11/2026 05:01:58,24.54,106.616
5753,08/11/2026 05:11:58,24.53,106.156
5754,08/11/2026 05:21:58,24.44,105.886
5755,08/11/2026 05:31:58,24.44,105.760
5756,08/11/2026 05:41:58,24.43,105.815
5757,08/11/2026 05:51:58,24.45,106.141
5758,08/11/2026 06:01:58,24.49,106.850
5759,08/11/2026 06:11:58,24.57,107.609
5760,08/11/2026 06:21:58,24.61,108.403
5761,08/11/2026 06:31:58,24.58,109.241
5762,08/11/2026 06:41:58,24.56,110.105
5763,08/11/2026 06:51:58,24.52,111.099
5764,08/11/2026 07:01:58,24.59,112.181
5765,08/11/2026 07:11:58,24.58,113.115
5766,08/11/2026 07:21:58,24.43,114.080
5767,08/11/2026 07:31:58,24.28,115.121
5768,08/11/2026 07:41:58,24.17,116.148
5769,08/11/2026 07:51:58,23.98,117.253
5770,08/11/2026 08:01:58,23.90,118.299
5771,08/11/2026 08:11:58,23.81,119.472
5772,08/11/2026 08:21:58,23.67,120.708
5773,08/11/2026 08:31:58,23.52,121.992
5774,08/11/2026 08:41:58,23.29,123.242
5775,08/11/2026 08:51:58,23.15,124.584
5776,08/11/2026 09:01:58,23.02,125.910
5777,08/11/2026 09:11:58,22.93,127.150
5778,08/11/2026 09:21:58,22.84,128.408
5779,08/11/2026 09:31:58,22.80,129.518
5780,08/11/2026 09:41:58,22.71,130.591
5781,08/11/2026 09:51:58,22.47,131.583
5782,08/11/2026 10:01:58,22.28,132.240
5783,08/11/2026 10:11:58,21.67,133.011
5784,08/11/2026 10:21:58,20.89,133.542
5785,08/11/2026 10:31:58,20.17,134.084
5786,08/11/2026 10:41:58,19.43,134.391
5787,08/11/2026 10:51:58,18.80,134.597
5788,08/11/2026 11:01:58,18.34,134.637
5789,08/11/2026 11:11:58,17.81,134.662
5790,08/11/2026 11:21:58,17.56,134.460
5791,08/11/2026 11:31:58,17.62,134.192
5792,08/11/2026 11:41:58,17.81,133.722
5793,08/11/2026 11:51:58,17.97,133.200
5794,08/11/2026 12:01:58,18.87,132.560
5795,08/11/2026 12:11:58,20.33,131.828
5796,08/11/2026 12:21:58,21.68,130.902
5797,08/11/2026 12:31:58,22.14,130.001
5798,08/11/2026 12:41:58,22.46,129.113
5799,08/11/2026 12:51:58,22.71,128.149
5800,08/11/2026 13:01:58,22.94,127.252
5801,08/11/2026 13:11:58,23.17,126.322
5802,08/11/2026 13:21:58,23.44,125.351
5803,08/11/2026 13:31:58,23.77,124.365
5804,08/11/2026 13:41:58,24.07,123.405
5805,08/11/2026 13:51:58,24.28,122.401
5806,08/11/2026 14:01:58,24.49,121.440
5807,08/11/2026 14:11:58,24.64,120.461
5808,08/11/2026 14:21:58,24.87,119.493
5809,08/11/2026 14:31:58,25.06,118.538
5810,08/11/2026 14:41:58,25.25,117.685
5811,08/11/2026 14:51:58,25.44,116.709
5812,08/11/2026 15:01:58,25.62,115.844
5813,08/11/2026 15:11:58,25.76,114.941
5814,08/11/2026 15:21:58,25.88,114.093
5815,08/11/2026 15:31:58,25.96,113.332
5816,08/11/2026 15:41:58,26.02,112.462
5817,08/11/2026 15:51:58,26.09,111.724
5818,08/11/2026 16:01:58,26.12,110.951
5819,08/11/2026 16:11:58,26.14,110.309
5820,08/11/2026 16:21:58,26.19,109.671
5821,08/11/2026 16:31:58,26.27,108.972
5822,08/11/2026 16:41:58,26.30,108.407
5823,08/11/2026 16:51:58,26.32,107.850
5824,08/11/2026 17:01:58,26.34,107.423
5825,08/11/2026 17:11:58,26.35,107.088
5826,08/11/2026 17:21:58,26.37,106.933
5827,08/11/2026 17:31:58,26.37,106.971
5828,08/11/2026 17:41:58,26.38,107.478
5829,08/11/2026 17:51:58,26.35,107.913
5830,08/11/2026 18:01:58,26.30,108.612
5831,08/11/2026 18:11:58,26.26,109.367
5832,08/11/2026 18:21:58,26.21,110.276
5833,08/11/2026 18:31:58,26.14,111.132
5834,08/11/2026 18:41:58,25.77,112.091
5835,08/11/2026 18:51:58,25.52,112.918
5836,08/11/2026 19:01:58,25.35,113.815
5837,08/11/2026 19:11:58,25.27,114.938
5838,08/11/2026 19:21:58,25.23,115.911
5839,08/11/2026 19:31:58,25.21,117.042
5840,08/11/2026 19:41:58,25.14,118.083
5841,08/11/2026 19:51:58,24.83,119.386
5842,08/11/2026 20:01:58,24.47,120.787
5843,08/11/2026 20:11:58,24.24,122.196
5844,08/11/2026 20:21:58,23.99,123.586
5845,08/11/2026 20:31:58,23.62,125.092
5846,08/11/2026 20:41:58,23.43,126.567
5847,08/11/2026 20:51:58,23.29,128.091
5848,08/11/2026 21:01:58,23.22,129.568
5849,08/11/2026 21:11:58,23.09,130.912
5850,08/11/2026 21:21:58,22.79,132.168
5851,08/11/2026 21:31:58,22.37,133.396
5852,08/11/2026 21:41:58,21.76,134.347
5853,08/11/2026 21:51:58,20.97,135.281
5854,08/11/2026 22:01:58,20.53,136.079
5855,08/11/2026 22:11:58,20.18,136.721
5856,08/11/2026 22:21:58,19.85,137.321
5857,08/11/2026 22:31:58,19.52,137.801
5858,08/11/2026 22:41:58,19.30,138.216
5859,08/11/2026 22:51:58,19.13,138.619
5860,08/11/2026 23:01:58,18.97,138.975
5861,08/11/2026 23:11:58,18.84,139.152
5862,08/11/2026 23:21:58,18.73,139.368
5863,08/11/2026 23:31:58,18.63,139.396
5864,08/11/2026 23:41:58,18.55,139.325
5865,08/11/2026 23:51:58,18.50,139.075
5866,08/12/2026 00:01:58,18.46,138.722
5867,08/12/2026 00:11:58,18.46,138.280
5868,08/12/2026 00:21:58,18.53,137.566
5869,08/12/2026 00:31:58,18.74,136.937
5870,08/12/2026 00:41:58,19.06,136.153
5871,08/12/2026 00:51:58,19.40,135.459
5872,08/12/2026 01:01:58,19.78,134.575
5873,08/12/2026 01:11:58,20.29,133.732
5874,08/12/2026 01:21:58,20.61,132.826
5875,08/12/2026 01:31:58,20.95,131.899
5876,08/12/2026 01:41:58,21.22,130.690
5877,08/12/2026 01:51:58,21.47,129.459
5878,08/12/2026 02:01:58,21.67,128.297
5879,08/12/2026 02:11:58,21.81,127.062
5880,08/12/2026 02:21:58,21.93,125.854
5881,08/12/2026 02:31:58,22.07,124.761
5882,08/12/2026 02:41:58,22.19,123.550
5883,08/12/2026 02:51:58,22.29,122.391
5884,08/12/2026 03:01:58,22.36,121.299
5885,08/12/2026 03:11:58,22.42,120.285
5886,08/12/2026 03:21:58,22.50,119.225
5887,08/12/2026 03:31:58,22.57,118.251
5888,08/12/2026 03:41:58,22.63,117.315
5889,08/12/2026 03:51:58,22.69,116.350
5890,08/12/2026 04:01:58,22.75,115.444
5891,08/12/2026 04:11:58,22.84,114.532
5892,08/12/2026 04:21:58,22.94,113.679
5893,08/12/2026 04:31:58,23.02,112.894
5894,08/12/2026 04:41:58,23.05,112.033
5895,08/12/2026 04:51:58,23.10,111.277
5896,08/12/2026 05:01:58,23.11,110.551
5897,08/12/2026 05:11:58,23.14,109.855
5898,08/12/2026 05:21:58,23.16,109.146
5899,08/12/2026 05:31:58,23.20,108.502
5900,08/12/2026 05:41:58,23.23,107.823
5901,08/12/2026 05:51:58,23.26,107.221
5902,08/12/2026 06:01:58,23.20,106.633
5903,08/12/2026 06:11:58,23.20,106.123
5904,08/12/2026 06:21:58,23.16,105.645
5905,08/12/2026 06:31:58,23.11,105.343
5906,08/12/2026 06:41:58,23.12,105.230
5907,08/12/2026 06:51:58,23.14,105.553
5908,08/12/2026 07:01:58,23.21,106.320
5909,08/12/2026 07:11:58,23.27,107.154
5910,08/12/2026 07:21:58,23.34,108.006
5911,08/12/2026 07:31:58,23.35,108.920
5912,08/12/2026 07:41:58,23.34,109.994
5913,08/12/2026 07:51:58,23.55,111.010
5914,08/12/2026 08:01:58,23.67,112.152
5915,08/12/2026 08:11:58,23.64,113.148
5916,08/12/2026 08:21:58,23.47,114.239
5917,08/12/2026 08:31:58,23.34,115.352
5918,08/12/2026 08:41:58,23.27,116.443
5919,08/12/2026 08:51:58,23.07,117.485
5920,08/12/2026 09:01:58,23.04,118.858
5921,08/12/2026 09:11:58,22.94,120.048
5922,08/12/2026 09:21:58,22.82,121.429
5923,08/12/2026 09:31:58,22.61,122.733
5924,08/12/2026 09:41:58,22.48,124.223
5925,08/12/2026 09:51:58,22.33,125.566
5926,08/12/2026 10:01:58,22.30,126.964
5927,08/12/2026 10:11:58,22.28,128.334
5928,08/12/2026 10:21:58,22.24,129.602
5929,08/12/2026 10:31:58,22.25,130.775
5930,08/12/2026 10:41:58,22.08,131.808
5931,08/12/2026 10:51:58,21.69,132.708
5932,08/12/2026 11:01:58,21.20,133.507
5933,08/12/2026 11:11:58,20.72,134.162
5934,08/12/2026 11:21:58,20.10,134.801
5935,08/12/2026 11:31:58,19.60,135.169
5936,08/12/2026 11:41:58,19.24,135.417
5937,08/12/2026 11:51:58,19.09,135.580
5938,08/12/2026 12:01:58,18.96,135.636
5939,08/12/2026 12:11:58,18.84,135.518
5940,08/12/2026 12:21:58,18.66,135.317
5941,08/12/2026 12:31:58,18.48,135.004
5942,08/12/2026 12:41:58,18.39,134.578
5943,08/12/2026 12:51:58,18.55,134.116
5944,08/12/2026 13:01:58,19.65,133.532
5945,08/12/2026 13:11:58,20.75,132.710
5946,08/12/2026 13:21:58,21.00,131.866
5947,08/12/2026 13:31:58,21.48,130.978
5948,08/12/2026 13:41:58,21.98,129.971
5949,08/12/2026 13:51:58,22.35,128.932
5950,08/12/2026 14:01:58,22.67,127.939
5951,08/12/2026 14:11:58,22.95,126.908
5952,08/12/2026 14:21:58,23.37,125.885
5953,08/12/2026 14:31:58,23.65,124.825
5954,08/12/2026 14:41:58,23.86,123.773
5955,08/12/2026 14:51:58,24.03,122.742
5956,08/12/2026 15:01:58,24.20,121.712
5957,08/12/2026 15:11:58,24.42,120.752
5958,08/12/2026 15:21:58,24.66,119.691
5959,08/12/2026 15:31:58,24.88,118.753
5960,08/12/2026 15:41:58,25.09,117.769
5961,08/12/2026 15:51:58,25.27,116.638
5962,08/12/2026 16:01:58,25.40,115.877
5963,08/12/2026 16:11:58,25.54,115.003
5964,08/12/2026 16:21:58,25.65,114.091
5965,08/12/2026 16:31:58,25.75,113.302
5966,08/12/2026 16:41:58,25.81,112.449
5967,08/12/2026 16:51:58,25.84,111.663
5968,08/12/2026 17:01:58,25.86,110.916
5969,08/12/2026 17:11:58,25.88,110.206
5970,08/12/2026 17:21:58,25.93,109.527
5971,08/12/2026 17:31:58,25.95,108.848
5972,08/12/2026 17:41:58,25.97,108.286
5973,08/12/2026 17:51:58,25.93,107.736
5974,08/12/2026 18:01:58,25.85,107.298
5975,08/12/2026 18:11:58,25.82,106.904
5976,08/12/2026 18:21:58,25.78,106.627
5977,08/12/2026 18:31:58,25.76,106.605
5978,08/12/2026 18:41:58,25.74,106.965
5979,08/12/2026 18:51:58,25.74,107.589
5980,08/12/2026 19:01:58,25.74,108.289
5981,08/12/2026 19:11:58,25.77,109.091
5982,08/12/2026 19:21:58,25.73,109.972
5983,08/12/2026 19:31:58,25.70,110.979
5984,08/12/2026 19:41:58,25.12,111.920
5985,08/12/2026 19:51:58,24.79,112.951
5986,08/12/2026 20:01:58,24.62,113.928
5987,08/12/2026 20:11:58,24.49,114.957
5988,08/12/2026 20:21:58,24.57,116.047
5989,08/12/2026 20:31:58,24.58,117.225
5990,08/12/2026 20:41:58,24.64,118.418
5991,08/12/2026 20:51:58,24.35,119.654
5992,08/12/2026 21:01:58,24.00,120.987
5993,08/12/2026 21:11:58,23.76,122.405
5994,08/12/2026 21:21:58,23.55,123.902
5995,08/12/2026 21:31:58,23.29,125.454
5996,08/12/2026 21:41:58,23.14,126.925
5997,08/12/2026 21:51:58,23.09,128.503
5998,08/12/2026 22:01:58,23.10,130.004
5999,08/12/2026 22:11:58,22.90,131.351
6000,08/12/2026 22:21:58,22.62,132.659
6001,08/12/2026 22:31:58,22.11,133.745
6002,08/12/2026 22:41:58,21.33,134.772
6003,08/12/2026 22:51:58,20.30,135.619
6004,08/12/2026 23:01:58,19.58,136.393
6005,08/12/2026 23:11:58,19.03,136.983
6006,08/12/2026 23:21:58,18.69,137.510
6007,08/12/2026 23:31:58,18.41,137.957
6008,08/12/2026 23:41:58,18.20,138.394
6009,08/12/2026 23:51:58,18.05,138.823
6010,08/13/2026 00:01:58,17.98,139.122
6011,08/13/2026 00:11:58,17.93,139.361
6012,08/13/2026 00:21:58,17.87,139.518
6013,08/13/2026 00:31:58,17.81,139.516
6014,08/13/2026 00:41:58,17.78,139.391
6015,08/13/2026 00:51:58,17.77,139.108
6016,08/13/2026 01:01:58,17.77,138.636
6017,08/13/2026 01:11:58,17.83,138.071
6018,08/13/2026 01:21:58,18.62,137.367
6019,08/13/2026 01:31:58,18.52,136.657
6020,08/13/2026 01:41:58,18.63,135.855
6021,08/13/2026 01:51:58,18.73,135.049
6022,08/13/2026 02:01:58,19.28,134.237
6023,08/13/2026 02:11:58,19.82,133.400
6024,08/13/2026 02:21:58,20.19,132.444
6025,08/13/2026 02:31:58,20.62,131.417
6026,08/13/2026 02:41:58,20.86,130.246
6027,08/13/2026 02:51:58,21.18,129.018
6028,08/13/2026 03:01:58,21.53,127.872
6029,08/13/2026 03:11:58,21.68,126.647
6030,08/13/2026 03:21:58,21.82,125.426
6031,08/13/2026 03:31:58,21.95,124.342
6032,08/13/2026 03:41:58,22.05,123.118
6033,08/13/2026 03:51:58,22.15,122.010
6034,08/13/2026 04:01:58,22.22,120.877
6035,08/13/2026 04:11:58,22.32,119.822
6036,08/13/2026 04:21:58,22.37,118.795
6037,08/13/2026 04:31:58,22.41,117.816
6038,08/13/2026 04:41:58,22.47,116.842
6039,08/13/2026 04:51:58,22.54,115.979
6040,08/13/2026 05:01:58,22.60,115.066
6041,08/13/2026 05:11:58,22.71,114.175
6042,08/13/2026 05:21:58,22.80,113.373
6043,08/13/2026 05:31:58,22.87,112.592
6044,08/13/2026 05:41:58,22.92,111.778
6045,08/13/2026 05:51:58,22.95,111.005
6046,08/13/2026 06:01:58,22.97,110.263
6047,08/13/2026 06:11:58,22.99,109.613
6048,08/13/2026 06:21:58,23.02,108.942
6049,08/13/2026 06:31:58,23.04,108.276
6050,08/13/2026 06:41:58,23.08,107.665
6051,08/13/2026 06:51:58,23.12,107.092
6052,08/13/2026 07:01:58,23.11,106.585
6053,08/13/2026 07:11:58,23.05,106.082
6054,08/13/2026 07:21:58,23.02,105.743
6055,08/13/2026 07:31:58,23.03,105.571
6056,08/13/2026 07:41:58,23.06,105.769
6057,08/13/2026 07:51:58,23.09,106.577
6058,08/13/2026 08:01:58,23.14,107.327
6059,08/13/2026 08:11:58,23.21,108.162
6060,08/13/2026 08:21:58,23.23,109.114
6061,08/13/2026 08:31:58,23.22,110.025
6062,08/13/2026 08:41:58,23.30,111.042
6063,08/13/2026 08:51:58,23.38,112.162
6064,08/13/2026 09:01:58,23.29,113.363
6065,08/13/2026 09:11:58,23.16,114.371
6066,08/13/2026 09:21:58,23.00,115.602
6067,08/13/2026 09:31:58,22.91,116.772
6068,08/13/2026 09:41:58,22.75,117.942
6069,08/13/2026 09:51:58,22.70,119.230
6070,08/13/2026 10:01:58,22.60,120.530
6071,08/13/2026 10:11:58,22.53,121.930
6072,08/13/2026 10:21:58,22.33,123.303
6073,08/13/2026 10:31:58,22.20,124.722
6074,08/13/2026 10:41:58,22.11,126.143
6075,08/13/2026 10:51:58,22.07,127.635
6076,08/13/2026 11:01:58,22.05,129.052
6077,08/13/2026 11:11:58,22.07,130.387
6078,08/13/2026 11:21:58,21.94,131.591
6079,08/13/2026 11:31:58,21.56,132.611
6080,08/13/2026 11:41:58,20.87,133.593
6081,08/13/2026 11:51:58,20.24,134.325
6082,08/13/2026 12:01:58,19.66,135.029
6083,08/13/2026 12:11:58,19.06,135.476
6084,08/13/2026 12:21:58,18.78,135.859
6085,08/13/2026 12:31:58,18.64,136.168
6086,08/13/2026 12:41:58,18.52,136.383
6087,08/13/2026 12:51:58,18.45,136.488
6088,08/13/2026 13:01:58,18.45,136.497
6089,08/13/2026 13:11:58,18.45,136.347
6090,08/13/2026 13:21:58,18.47,136.202
6091,08/13/2026 13:31:58,18.43,135.863
6092,08/13/2026 13:41:58,18.29,135.367
6093,08/13/2026 13:51:58,18.36,134.800
6094,08/13/2026 14:01:58,18.93,134.160
6095,08/13/2026 14:11:58,19.77,133.454
6096,08/13/2026 14:21:58,20.39,132.641
6097,08/13/2026 14:31:58,21.00,131.678
6098,08/13/2026 14:41:58,21.62,130.602
6099,08/13/2026 14:51:58,22.18,129.456
6100,08/13/2026 15:01:58,22.65,128.381
6101,08/13/2026 15:11:58,23.12,127.308
6102,08/13/2026 15:21:58,23.38,126.106
6103,08/13/2026 15:31:58,23.47,125.038
6104,08/13/2026 15:41:58,23.85,123.960
6105,08/13/2026 15:51:58,24.19,122.869
6106,08/13/2026 16:01:58,24.37,121.746
6107,08/13/2026 16:11:58,24.49,120.681
6108,08/13/2026 16:21:58,24.68,119.649
6109,08/13/2026 16:31:58,24.85,118.659
6110,08/13/2026 16:41:58,25.02,117.658
6111,08/13/2026 16:51:58,25.17,116.720
6112,08/13/2026 17:01:58,25.32,115.816
6113,08/13/2026 17:11:58,25.46,114.900
6114,08/13/2026 17:21:58,25.55,114.017
6115,08/13/2026 17:31:58,25.56,113.222
6116,08/13/2026 17:41:58,25.59,112.435
6117,08/13/2026 17:51:58,25.56,111.652
6118,08/13/2026 18:01:58,25.54,110.904
6119,08/13/2026 18:11:58,25.55,110.161
6120,08/13/2026 18:21:58,25.60,109.503
6121,08/13/2026 18:31:58,25.62,108.874
6122,08/13/2026 18:41:58,25.64,108.258
6123,08/13/2026 18:51:58,25.65,107.751
6124,08/13/2026 19:01:58,25.66,107.252
6125,08/13/2026 19:11:58,25.61,106.845
6126,08/13/2026 19:21:58,25.54,106.588
6127,08/13/2026 19:31:58,25.47,106.649
6128,08/13/2026 19:41:58,25.46,107.001
6129,08/13/2026 19:51:58,25.50,107.601
6130,08/13/2026 20:01:58,25.53,108.385
6131,08/13/2026 20:11:58,25.55,109.246
6132,08/13/2026 20:21:58,25.51,110.181
6133,08/13/2026 20:31:58,25.42,111.120
6134,08/13/2026 20:41:58,24.67,112.175
6135,08/13/2026 20:51:58,24.44,113.246
6136,08/13/2026 21:01:58,24.23,114.227
6137,08/13/2026 21:11:58,24.19,115.338
6138,08/13/2026 21:21:58,24.23,116.465
6139,08/13/2026 21:31:58,24.20,117.588
6140,08/13/2026 21:41:58,24.20,118.817
6141,08/13/2026 21:51:58,23.90,120.092
6142,08/13/2026 22:01:58,23.63,121.482
6143,08/13/2026 22:11:58,23.49,122.916
6144,08/13/2026 22:21:58,23.30,124.396
6145,08/13/2026 22:31:58,23.11,125.913
6146,08/13/2026 22:41:58,22.96,127.436
6147,08/13/2026 22:51:58,22.90,129.005
6148,08/13/2026 23:01:58,22.82,130.427
6149,08/13/2026 23:11:58,22.58,131.757
6150,08/13/2026 23:21:58,22.24,133.017
6151,08/13/2026 23:31:58,21.78,134.065
6152,08/13/2026 23:41:58,21.05,134.996
6153,08/13/2026 23:51:58,20.20,135.843
6154,08/14/2026 00:01:58,19.70,136.584
6155,08/14/2026 00:11:58,19.45,137.182
6156,08/14/2026 00:21:58,19.20,137.707
6157,08/14/2026 00:31:58,18.76,138.159
6158,08/14/2026 00:41:58,18.43,138.562
6159,08/14/2026 00:51:58,18.21,138.900
6160,08/14/2026 01:01:58,18.06,139.115
6161,08/14/2026 01:11:58,17.94,139.237
6162,08/14/2026 01:21:58,17.89,139.278
6163,08/14/2026 01:31:58,17.85,139.144
6164,08/14/2026 01:41:58,17.84,138.891
6165,08/14/2026 01:51:58,17.84,138.440
6166,08/14/2026 02:01:58,17.85,137.892
6167,08/14/2026 02:11:58,18.22,137.314
6168,08/14/2026 02:21:58,18.60,136.552
6169,08/14/2026 02:31:58,18.80,135.812
6170,08/14/2026 02:41:58,19.00,135.000
6171,08/14/2026 02:51:58,19.42,134.223
6172,08/14/2026 03:01:58,19.90,133.312
6173,08/14/2026 03:11:58,20.25,132.304
6174,08/14/2026 03:21:58,20.56,131.245
6175,08/14/2026 03:31:58,20.83,130.019
6176,08/14/2026 03:41:58,21.06,128.840
6177,08/14/2026 03:51:58,21.22,127.669
6178,08/14/2026 04:01:58,21.42,126.483
6179,08/14/2026 04:11:58,21.51,125.312
6180,08/14/2026 04:21:58,21.59,124.147
6181,08/14/2026 04:31:58,21.67,123.020
6182,08/14/2026 04:41:58,21.72,121.962
6183,08/14/2026 04:51:58,21.78,120.892
6184,08/14/2026 05:01:58,21.83,119.844
6185,08/14/2026 05:11:58,21.86,118.855
6186,08/14/2026 05:21:58,21.90,117.923
6187,08/14/2026 05:31:58,21.92,116.977
6188,08/14/2026 05:41:58,21.95,116.088
6189,08/14/2026 05:51:58,22.01,115.204
6190,08/14/2026 06:01:58,22.13,114.356
6191,08/14/2026 06:11:58,22.20,113.537
6192,08/14/2026 06:21:58,22.24,112.763
6193,08/14/2026 06:31:58,22.26,111.982
6194,08/14/2026 06:41:58,22.26,111.255
6195,08/14/2026 06:51:58,22.29,110.558
6196,08/14/2026 07:01:58,22.33,109.825
6197,08/14/2026 07:11:58,22.38,109.155
6198,08/14/2026 07:21:58,22.41,108.527
6199,08/14/2026 07:31:58,22.43,107.886
6200,08/14/2026 07:41:58,22.44,107.316
6201,08/14/2026 07:51:58,22.49,106.803
6202,08/14/2026 08:01:58,22.49,106.376
6203,08/14/2026 08:11:58,22.48,106.083
6204,08/14/2026 08:21:58,22.51,105.975
6205,08/14/2026 08:31:58,22.55,106.231
6206,08/14/2026 08:41:58,22.60,106.956
6207,08/14/2026 08:51:58,22.62,107.718
6208,08/14/2026 09:01:58,22.68,108.570
6209,08/14/2026 09:11:58,22.70,109.430
6210,08/14/2026 09:21:58,22.68,110.441
6211,08/14/2026 09:31:58,22.78,111.556
6212,08/14/2026 09:41:58,22.89,112.576
6213,08/14/2026 09:51:58,22.87,113.632
6214,08/14/2026 10:01:58,22.72,114.795
6215,08/14/2026 10:11:58,22.59,115.942
6216,08/14/2026 10:21:58,22.54,117.084
6217,08/14/2026 10:31:58,22.45,118.189
6218,08/14/2026 10:41:58,22.46,119.520
6219,08/14/2026 10:51:58,22.35,120.846
6220,08/14/2026 11:01:58,22.25,122.229
6221,08/14/2026 11:11:58,22.04,123.619
6222,08/14/2026 11:21:58,21.92,125.042
6223,08/14/2026 11:31:58,21.80,126.454
6224,08/14/2026 11:41:58,21.76,127.857
6225,08/14/2026 11:51:58,21.74,129.223
6226,08/14/2026 12:01:58,21.74,130.515
6227,08/14/2026 12:11:58,21.64,131.707
6228,08/14/2026 12:21:58,21.47,132.745
6229,08/14/2026 12:31:58,21.14,133.745
6230,08/14/2026 12:41:58,20.91,134.561
6231,08/14/2026 12:51:58,20.60,135.229
6232,08/14/2026 13:01:58,20.30,135.778
6233,08/14/2026 13:11:58,20.10,136.175
6234,08/14/2026 13:21:58,20.05,136.465
6235,08/14/2026 13:31:58,20.05,136.636
6236,08/14/2026 13:41:58,20.09,136.684
6237,08/14/2026 13:51:58,20.14,136.651
6238,08/14/2026 14:01:58,20.18,136.477
6239,08/14/2026 14:11:58,20.15,136.112
6240,08/14/2026 14:21:58,20.15,135.752
6241,08/14/2026 14:31:58,20.13,135.221
6242,08/14/2026 14:41:58,20.15,134.644
6243,08/14/2026 14:51:58,20.26,133.885
6244,08/14/2026 15:01:58,20.60,133.129
6245,08/14/2026 15:11:58,21.06,132.239
6246,08/14/2026 15:21:58,21.41,131.266
6247,08/14/2026 15:31:58,21.78,130.252
6248,08/14/2026 15:41:58,22.03,129.209
6249,08/14/2026 15:51:58,22.33,128.122
6250,08/14/2026 16:01:58,22.70,127.059
6251,08/14/2026 16:11:58,23.00,126.050
6252,08/14/2026 16:21:58,23.15,124.936
6253,08/14/2026 16:31:58,23.29,123.836
6254,08/14/2026 16:41:58,23.46,122.737
6255,08/14/2026 16:51:58,23.64,121.601
6256,08/14/2026 17:01:58,23.78,120.669
6257,08/14/2026 17:11:58,23.98,119.653
6258,08/14/2026 17:21:58,24.16,118.635
6259,08/14/2026 17:31:58,24.28,117.725
6260,08/14/2026 17:41:58,24.38,116.773
6261,08/14/2026 17:51:58,24.44,115.901
6262,08/14/2026 18:01:58,24.50,114.979
6263,08/14/2026 18:11:58,24.52,114.124
6264,08/14/2026 18:21:58,24.51,113.320
6265,08/14/2026 18:31:58,24.49,112.503
6266,08/14/2026 18:41:58,24.49,111.779
6267,08/14/2026 18:51:58,24.50,110.990
6268,08/14/2026 19:01:58,24.50,110.250
6269,08/14/2026 19:11:58,24.52,109.579
6270,08/14/2026 19:21:58,24.53,108.921
6271,08/14/2026 19:31:58,24.52,108.329
6272,08/14/2026 19:41:58,24.50,107.729
6273,08/14/2026 19:51:58,24.42,107.196
6274,08/14/2026 20:01:58,24.41,106.747
6275,08/14/2026 20:11:58,24.44,106.513
6276,08/14/2026 20:21:58,24.39,106.450
6277,08/14/2026 20:31:58,24.35,106.662
6278,08/14/2026 20:41:58,24.32,107.340
6279,08/14/2026 20:51:58,24.38,108.116
6280,08/14/2026 21:01:58,24.45,108.894
6281,08/14/2026 21:11:58,24.44,109.766
6282,08/14/2026 21:21:58,24.41,110.660
6283,08/14/2026 21:31:58,24.15,111.629
6284,08/14/2026 21:41:58,23.69,112.615
6285,08/14/2026 21:51:58,23.62,113.703
6286,08/14/2026 22:01:58,23.49,114.766
6287,08/14/2026 22:11:58,23.47,115.870
6288,08/14/2026 22:21:58,23.33,116.934
6289,08/14/2026 22:31:58,23.16,118.116
6290,08/14/2026 22:41:58,23.22,119.356
6291,08/14/2026 22:51:58,23.05,120.592
6292,08/14/2026 23:01:58,22.95,121.995
6293,08/14/2026 23:11:58,22.85,123.282
6294,08/14/2026 23:21:58,22.68,124.784
6295,08/14/2026 23:31:58,22.50,126.186
6296,08/14/2026 23:41:58,22.36,127.621
6297,08/14/2026 23:51:58,22.31,128.999
6298,08/15/2026 00:01:58,22.27,130.396
6299,08/15/2026 00:11:58,22.21,131.645
6300,08/15/2026 00:21:58,22.02,132.781
6301,08/15/2026 00:31:58,21.90,133.825
6302,08/15/2026 00:41:58,21.60,134.784
6303,08/15/2026 00:51:58,21.15,135.581
6304,08/15/2026 01:01:58,20.60,136.286
6305,08/15/2026 01:11:58,20.39,136.782
6306,08/15/2026 01:21:58,20.32,137.260
6307,08/15/2026 01:31:58,20.32,137.569
6308,08/15/2026 01:41:58,20.33,137.779
6309,08/15/2026 01:51:58,20.33,137.972
6310,08/15/2026 02:01:58,20.33,138.019
6311,08/15/2026 02:11:58,20.33,137.929
6312,08/15/2026 02:21:58,20.33,137.724
6313,08/15/2026 02:31:58,20.35,137.415
6314,08/15/2026 02:41:58,20.36,136.991
6315,08/15/2026 02:51:58,20.43,136.427
6316,08/15/2026 03:01:58,20.51,135.860
6317,08/15/2026 03:11:58,20.55,135.116
6318,08/15/2026 03:21:58,20.63,134.318
6319,08/15/2026 03:31:58,20.67,133.541
6320,08/15/2026 03:41:58,20.74,132.564
6321,08/15/2026 03:51:58,20.85,131.593
6322,08/15/2026 04:01:58,21.01,130.501
6323,08/15/2026 04:11:58,21.21,129.385
6324,08/15/2026 04:21:58,21.28,128.241
6325,08/15/2026 04:31:58,21.33,127.132
6326,08/15/2026 04:41:58,21.36,126.031
6327,08/15/2026 04:51:58,21.39,124.906
6328,08/15/2026 05:01:58,21.43,123.838
6329,08/15/2026 05:11:58,21.43,122.731
6330,08/15/2026 05:21:58,21.42,121.688
6331,08/15/2026 05:31:58,21.42,120.676
6332,08/15/2026 05:41:58,21.42,119.648
6333,08/15/2026 05:51:58,21.44,118.698
6334,08/15/2026 06:01:58,21.46,117.748
6335,08/15/2026 06:11:58,21.45,116.815
6336,08/15/2026 06:21:58,21.50,115.922
6337,08/15/2026 06:31:58,21.58,115.047
6338,08/15/2026 06:41:58,21.63,114.218
6339,08/15/2026 06:51:58,21.66,113.399
6340,08/15/2026 07:01:58,21.71,112.676
6341,08/15/2026 07:11:58,21.72,111.852
6342,08/15/2026 07:21:58,21.73,111.101
6343,08/15/2026 07:31:58,21.77,110.375
6344,08/15/2026 07:41:58,21.78,109.633
6345,08/15/2026 07:51:58,21.78,109.012
6346,08/15/2026 08:01:58,21.82,108.321
6347,08/15/2026 08:11:58,21.87,107.677
6348,08/15/2026 08:21:58,21.88,107.087
6349,08/15/2026 08:31:58,21.94,106.594
6350,08/15/2026 08:41:58,22.02,106.215
6351,08/15/2026 08:51:58,22.08,106.024
6352,08/15/2026 09:01:58,22.13,106.071
6353,08/15/2026 09:11:58,22.18,106.608
6354,08/15/2026 09:21:58,22.21,107.312
6355,08/15/2026 09:31:58,22.22,107.965
6356,08/15/2026 09:41:58,22.23,108.812
6357,08/15/2026 09:51:58,22.20,109.671
6358,08/15/2026 10:01:58,22.19,110.624
6359,08/15/2026 10:11:58,22.42,111.662
6360,08/15/2026 10:21:58,22.47,112.668
6361,08/15/2026 10:31:58,22.48,113.757
6362,08/15/2026 10:41:58,22.38,114.833
6363,08/15/2026 10:51:58,22.24,115.926
6364,08/15/2026 11:01:58,22.17,117.085
6365,08/15/2026 11:11:58,22.12,118.236
6366,08/15/2026 11:21:58,22.12,119.373
6367,08/15/2026 11:31:58,22.08,120.658
6368,08/15/2026 11:41:58,22.01,122.155
6369,08/15/2026 11:51:58,21.87,123.356
6370,08/15/2026 12:01:58,21.77,124.801
6371,08/15/2026 12:11:58,21.71,126.142
6372,08/15/2026 12:21:58,21.67,127.493
6373,08/15/2026 12:31:58,21.68,128.890
6374,08/15/2026 12:41:58,21.70,130.139
6375,08/15/2026 12:51:58,21.72,131.415
6376,08/15/2026 13:01:58,21.70,132.529
6377,08/15/2026 13:11:58,21.62,133.480
6378,08/15/2026 13:21:58,21.55,134.461
6379,08/15/2026 13:31:58,21.30,135.123
6380,08/15/2026 13:41:58,20.96,135.743
6381,08/15/2026 13:51:58,20.69,136.216
6382,08/15/2026 14:01:58,20.55,136.692
6383,08/15/2026 14:11:58,20.48,136.874
6384,08/15/2026 14:21:58,20.43,137.045
6385,08/15/2026 14:31:58,20.37,137.090
6386,08/15/2026 14:41:58,20.34,137.021
6387,08/15/2026 14:51:58,20.33,136.768
6388,08/15/2026 15:01:58,20.25,136.487
6389,08/15/2026 15:11:58,20.15,136.103
6390,08/15/2026 15:21:58,20.18,135.526
6391,08/15/2026 15:31:58,20.37,134.898
6392,08/15/2026 15:41:58,20.63,134.168
6393,08/15/2026 15:51:58,20.90,133.278
6394,08/15/2026 16:01:58,21.23,132.329
6395,08/15/2026 16:11:58,21.63,131.323
6396,08/15/2026 16:21:58,21.98,130.278
6397,08/15/2026 16:31:58,22.22,129.180
6398,08/15/2026 16:41:58,22.43,128.112
6399,08/15/2026 16:51:58,22.60,127.014
6400,08/15/2026 17:01:58,22.71,125.958
6401,08/15/2026 17:11:58,22.82,124.873
6402,08/15/2026 17:21:58,22.96,123.866
6403,08/15/2026 17:31:58,23.03,122.782
6404,08/15/2026 17:41:58,23.16,121.797
6405,08/15/2026 17:51:58,23.23,120.787
6406,08/15/2026 18:01:58,23.34,119.824
6407,08/15/2026 18:11:58,23.43,118.850
6408,08/15/2026 18:21:58,23.50,117.892
6409,08/15/2026 18:31:58,23.55,116.986
6410,08/15/2026 18:41:58,23.61,116.139
6411,08/15/2026 18:51:58,23.62,115.241
6412,08/15/2026 19:01:58,23.65,114.432
6413,08/15/2026 19:11:58,23.66,113.591
6414,08/15/2026 19:21:58,23.68,112.770
6415,08/15/2026 19:31:58,23.66,111.996
6416,08/15/2026 19:41:58,23.62,111.285
6417,08/15/2026 19:51:58,23.62,110.588
6418,08/15/2026 20:01:58,23.63,109.904
6419,08/15/2026 20:11:58,23.64,109.241
6420,08/15/2026 20:21:58,23.63,108.653
6421,08/15/2026 20:31:58,23.53,108.090
6422,08/15/2026 20:41:58,23.54,107.625
6423,08/15/2026 20:51:58,23.49,107.180
6424,08/15/2026 21:01:58,23.47,106.890
6425,08/15/2026 21:11:58,23.45,106.877
6426,08/15/2026 21:21:58,23.44,107.078
6427,08/15/2026 21:31:58,23.40,107.638
6428,08/15/2026 21:41:58,23.45,108.318
6429,08/15/2026 21:51:58,23.51,109.142
6430,08/15/2026 22:01:58,23.52,109.889
6431,08/15/2026 22:11:58,23.52,110.720
6432,08/15/2026 22:21:58,23.36,111.657
6433,08/15/2026 22:31:58,22.99,112.587
6434,08/15/2026 22:41:58,22.94,113.591
6435,08/15/2026 22:51:58,22.91,114.592
6436,08/15/2026 23:01:58,22.87,115.662
6437,08/15/2026 23:11:58,22.83,116.724
6438,08/15/2026 23:21:58,22.72,117.832
6439,08/15/2026 23:31:58,22.63,118.962
6440,08/15/2026 23:41:58,22.61,120.205
6441,08/15/2026 23:51:58,22.53,121.405
6442,08/16/2026 00:01:58,22.48,122.739
6443,08/16/2026 00:11:58,22.40,124.077
6444,08/16/2026 00:21:58,22.24,125.394
6445,08/16/2026 00:31:58,22.12,126.755
6446,08/16/2026 00:41:58,22.03,128.094
6447,08/16/2026 00:51:58,22.01,129.409
6448,08/16/2026 01:01:58,22.00,130.671
6449,08/16/2026 01:11:58,21.91,131.829
6450,08/16/2026 01:21:58,21.75,132.893
6451,08/16/2026 01:31:58,21.63,133.899
6452,08/16/2026 01:41:58,21.44,134.694
6453,08/16/2026 01:51:58,21.08,135.416
6454,08/16/2026 02:01:58,20.55,135.990
6455,08/16/2026 02:11:58,20.04,136.460
6456,08/16/2026 02:21:58,19.68,136.764
6457,08/16/2026 02:31:58,19.50,136.991
6458,08/16/2026 02:41:58,19.38,137.099
6459,08/16/2026 02:51:58,19.24,137.083
6460,08/16/2026 03:01:58,19.17,136.927
6461,08/16/2026 03:11:58,19.08,136.684
6462,08/16/2026 03:21:58,18.97,136.403
6463,08/16/2026 03:31:58,18.97,135.949
6464,08/16/2026 03:41:58,19.09,135.392
6465,08/16/2026 03:51:58,19.38,134.731
6466,08/16/2026 04:01:58,19.72,133.979
6467,08/16/2026 04:11:58,20.20,133.110
6468,08/16/2026 04:21:58,20.53,132.157
6469,08/16/2026 04:31:58,20.79,131.187
6470,08/16/2026 04:41:58,21.03,130.194
6471,08/16/2026 04:51:58,21.16,129.141
6472,08/16/2026 05:01:58,21.22,128.142
6473,08/16/2026 05:11:58,21.24,127.121
6474,08/16/2026 05:21:58,21.20,126.087
6475,08/16/2026 05:31:58,21.21,125.012
6476,08/16/2026 05:41:58,21.24,124.066
6477,08/16/2026 05:51:58,21.21,123.018
6478,08/16/2026 06:01:58,21.19,122.013
6479,08/16/2026 06:11:58,21.18,121.026
6480,08/16/2026 06:21:58,21.13,120.014
6481,08/16/2026 06:31:58,21.14,119.058
6482,08/16/2026 06:41:58,21.13,118.112
6483,08/16/2026 06:51:58,21.12,117.196
6484,08/16/2026 07:01:58,21.15,116.319
6485,08/16/2026 07:11:58,21.22,115.444
6486,08/16/2026 07:21:58,21.27,114.569
6487,08/16/2026 07:31:58,21.33,113.812
6488,08/16/2026 07:41:58,21.36,112.988
6489,08/16/2026 07:51:58,21.39,112.249
6490,08/16/2026 08:01:58,21.41,111.522
6491,08/16/2026 08:11:58,21.48,110.784
6492,08/16/2026 08:21:58,21.53,110.127
6493,08/16/2026 08:31:58,21.58,109.461
6494,08/16/2026 08:41:58,21.60,108.828
6495,08/16/2026 08:51:58,21.65,108.259
6496,08/16/2026 09:01:58,21.73,107.733
6497,08/16/2026 09:11:58,21.81,107.349
6498,08/16/2026 09:21:58,21.90,107.050
6499,08/16/2026 09:31:58,22.04,106.969
6500,08/16/2026 09:41:58,22.18,107.252
6501,08/16/2026 09:51:58,22.19,107.709
6502,08/16/2026 10:01:58,22.19,108.283
6503,08/16/2026 10:11:58,22.14,108.965
6504,08/16/2026 10:21:58,22.10,109.677
6505,08/16/2026 10:31:58,22.11,110.441
6506,08/16/2026 10:41:58,22.23,111.334
6507,08/16/2026 10:51:58,22.33,112.231
6508,08/16/2026 11:01:58,22.34,113.203
6509,08/16/2026 11:11:58,22.33,114.221
6510,08/16/2026 11:21:58,22.31,115.274
6511,08/16/2026 11:31:58,22.21,116.229
6512,08/16/2026 11:41:58,22.21,117.237
6513,08/16/2026 11:51:58,22.18,118.182
6514,08/16/2026 12:01:58,22.14,119.411
6515,08/16/2026 12:11:58,22.10,120.557
6516,08/16/2026 12:21:58,22.06,121.767
6517,08/16/2026 12:31:58,21.99,123.041
6518,08/16/2026 12:41:58,21.89,124.383
6519,08/16/2026 12:51:58,21.85,125.745
6520,08/16/2026 13:01:58,21.81,127.067
6521,08/16/2026 13:11:58,21.78,128.338
6522,08/16/2026 13:21:58,21.76,129.676
6523,08/16/2026 13:31:58,21.81,130.841
6524,08/16/2026 13:41:58,21.74,132.022
6525,08/16/2026 13:51:58,21.67,132.964
6526,08/16/2026 14:01:58,21.43,133.855
6527,08/16/2026 14:11:58,21.11,134.591
6528,08/16/2026 14:21:58,20.88,135.223
6529,08/16/2026 14:31:58,20.54,135.732
6530,08/16/2026 14:41:58,20.12,136.133
6531,08/16/2026 14:51:58,19.90,136.423
6532,08/16/2026 15:01:58,19.80,136.540
6533,08/16/2026 15:11:58,19.75,136.633
6534,08/16/2026 15:21:58,19.71,136.610
6535,08/16/2026 15:31:58,19.71,136.439
6536,08/16/2026 15:41:58,19.68,136.194
6537,08/16/2026 15:51:58,19.62,135.880
6538,08/16/2026 16:01:58,19.62,135.328
6539,08/16/2026 16:11:58,19.83,134.850
6540,08/16/2026 16:21:58,20.35,134.106
6541,08/16/2026 16:31:58,20.86,133.349
6542,08/16/2026 16:41:58,21.17,132.460
6543,08/16/2026 16:51:58,21.65,131.473
6544,08/16/2026 17:01:58,22.12,130.448
6545,08/16/2026 17:11:58,22.43,129.377
6546,08/16/2026 17:21:58,22.66,128.356
6547,08/16/2026 17:31:58,22.83,127.301
6548,08/16/2026 17:41:58,22.96,126.376
6549,08/16/2026 17:51:58,23.06,125.363
6550,08/16/2026 18:01:58,23.17,124.355
6551,08/16/2026 18:11:58,23.27,123.369
6552,08/16/2026 18:21:58,23.37,122.366
6553,08/16/2026 18:31:58,23.50,121.306
6554,08/16/2026 18:41:58,23.58,120.380
6555,08/16/2026 18:51:58,23.66,119.396
6556,08/16/2026 19:01:58,23.75,118.464
6557,08/16/2026 19:11:58,23.79,117.565
6558,08/16/2026 19:21:58,23.82,116.663
6559,08/16/2026 19:31:58,23.83,115.785
6560,08/16/2026 19:41:58,23.85,114.884
6561,08/16/2026 19:51:58,23.86,114.075
6562,08/16/2026 20:01:58,23.89,113.318
6563,08/16/2026 20:11:58,23.88,112.548
6564,08/16/2026 20:21:58,23.84,111.790
6565,08/16/2026 20:31:58,23.80,111.104
6566,08/16/2026 20:41:58,23.78,110.423
6567,08/16/2026 20:51:58,23.75,109.810
6568,08/16/2026 21:01:58,23.72,109.196
6569,08/16/2026 21:11:58,23.71,108.655
6570,08/16/2026 21:21:58,23.66,108.185
6571,08/16/2026 21:31:58,23.62,107.752
6572,08/16/2026 21:41:58,23.53,107.474
6573,08/16/2026 21:51:58,23.46,107.426
6574,08/16/2026 22:01:58,23.44,107.480
6575,08/16/2026 22:11:58,23.46,107.811
6576,08/16/2026 22:21:58,23.52,108.337
6577,08/16/2026 22:31:58,23.55,108.899
6578,08/16/2026 22:41:58,23.60,109.563
6579,08/16/2026 22:51:58,23.61,110.348
6580,08/16/2026 23:01:58,23.61,111.091
6581,08/16/2026 23:11:58,23.27,111.899
6582,08/16/2026 23:21:58,22.96,112.868
6583,08/16/2026 23:31:58,22.96,113.785
6584,08/16/2026 23:41:58,22.87,114.659
6585,08/16/2026 23:51:58,22.79,115.580
6586,08/17/2026 00:01:58,22.82,116.580
6587,08/17/2026 00:11:58,22.75,117.545
6588,08/17/2026 00:21:58,22.76,118.635
6589,08/17/2026 00:31:58,22.68,119.682
6590,08/17/2026 00:41:58,22.54,120.868
6591,08/17/2026 00:51:58,22.44,122.051
6592,08/17/2026 01:01:58,22.35,123.300
6593,08/17/2026 01:11:58,22.25,124.562
6594,08/17/2026 01:21:58,22.11,125.773
6595,08/17/2026 01:31:58,22.01,127.080
6596,08/17/2026 01:41:58,21.94,128.253
6597,08/17/2026 01:51:58,21.94,129.377
6598,08/17/2026 02:01:58,21.90,130.468
6599,08/17/2026 02:11:58,21.80,131.438
6600,08/17/2026 02:21:58,21.67,132.259
6601,08/17/2026 02:31:58,21.49,133.070
6602,08/17/2026 02:41:58,21.35,133.657
6603,08/17/2026 02:51:58,20.87,134.136
6604,08/17/2026 03:01:58,20.12,134.575
6605,08/17/2026 03:11:58,19.58,134.869
6606,08/17/2026 03:21:58,19.01,135.026
6607,08/17/2026 03:31:58,18.54,135.091
6608,08/17/2026 03:41:58,18.09,135.046
6609,08/17/2026 03:51:58,17.89,134.891
6610,08/17/2026 04:01:58,18.03,134.582
6611,08/17/2026 04:11:58,18.08,134.152
6612,08/17/2026 04:21:58,18.92,133.625
6613,08/17/2026 04:31:58,19.89,132.932
6614,08/17/2026 04:41:58,20.59,132.240
6615,08/17/2026 04:51:58,20.95,131.476
6616,08/17/2026 05:01:58,21.09,130.623
6617,08/17/2026 05:11:58,21.25,129.838
6618,08/17/2026 05:21:58,21.37,128.903
6619,08/17/2026 05:31:58,21.48,127.982
6620,08/17/2026 05:41:58,21.55,127.120
6621,08/17/2026 05:51:58,21.59,126.177
6622,08/17/2026 06:01:58,21.62,125.192
6623,08/17/2026 06:11:58,21.65,124.263
6624,08/17/2026 06:21:58,21.68,123.339
6625,08/17/2026 06:31:58,21.70,122.406
6626,08/17/2026 06:41:58,21.75,121.492
6627,08/17/2026 06:51:58,21.78,120.570
6628,08/17/2026 07:01:58,21.83,119.688
6629,08/17/2026 07:11:58,21.87,118.771
6630,08/17/2026 07:21:58,21.91,117.889
6631,08/17/2026 07:31:58,21.95,116.944
6632,08/17/2026 07:41:58,21.97,116.076
6633,08/17/2026 07:51:58,22.00,115.225
6634,08/17/2026 08:01:58,22.03,114.392
6635,08/17/2026 08:11:58,22.07,113.677
6636,08/17/2026 08:21:58,22.11,112.937
6637,08/17/2026 08:31:58,22.15,112.148
6638,08/17/2026 08:41:58,22.20,111.460
6639,08/17/2026 08:51:58,22.25,110.826
6640,08/17/2026 09:01:58,22.29,110.143
6641,08/17/2026 09:11:58,22.33,109.535
6642,08/17/2026 09:21:58,22.35,108.978
6643,08/17/2026 09:31:58,22.36,108.521
6644,08/17/2026 09:41:58,22.38,108.086
6645,08/17/2026 09:51:58,22.39,107.793
6646,08/17/2026 10:01:58,22.38,107.650
6647,08/17/2026 10:11:58,22.38,107.679
6648,08/17/2026 10:21:58,22.38,107.960
6649,08/17/2026 10:31:58,22.41,108.468
6650,08/17/2026 10:41:58,22.41,109.067
6651,08/17/2026 10:51:58,22.45,109.773
6652,08/17/2026 11:01:58,22.43,110.456
6653,08/17/2026 11:11:58,22.40,111.229
6654,08/17/2026 11:21:58,22.31,111.949
6655,08/17/2026 11:31:58,22.29,112.794
6656,08/17/2026 11:41:58,22.28,113.631
6657,08/17/2026 11:51:58,22.27,114.460
6658,08/17/2026 12:01:58,22.24,115.327
6659,08/17/2026 12:11:58,22.21,116.242
6660,08/17/2026 12:21:58,22.21,117.225
6661,08/17/2026 12:31:58,22.22,118.310
6662,08/17/2026 12:41:58,22.22,119.265
6663,08/17/2026 12:51:58,22.14,120.439
6664,08/17/2026 13:01:58,22.02,121.575
6665,08/17/2026 13:11:58,21.94,122.764
6666,08/17/2026 13:21:58,21.79,124.054
6667,08/17/2026 13:31:58,21.68,125.249
6668,08/17/2026 13:41:58,21.58,126.491
6669,08/17/2026 13:51:58,21.46,127.747
6670,08/17/2026 14:01:58,21.42,128.904
6671,08/17/2026 14:11:58,21.37,130.003
6672,08/17/2026 14:21:58,21.32,131.051
6673,08/17/2026 14:31:58,21.20,132.016
6674,08/17/2026 14:41:58,20.96,132.843
6675,08/17/2026 14:51:58,20.33,133.541
6676,08/17/2026 15:01:58,19.34,134.132
6677,08/17/2026 15:11:58,18.46,134.674
6678,08/17/2026 15:21:58,18.09,135.020
6679,08/17/2026 15:31:58,17.65,135.360
6680,08/17/2026 15:41:58,17.45,135.513
6681,08/17/2026 15:51:58,17.29,135.539
6682,08/17/2026 16:01:58,17.24,135.517
6683,08/17/2026 16:11:58,17.19,135.396
6684,08/17/2026 16:21:58,17.10,135.158
6685,08/17/2026 16:31:58,17.01,134.818
6686,08/17/2026 16:41:58,17.16,134.497
6687,08/17/2026 16:51:58,17.74,133.844
6688,08/17/2026 17:01:58,18.20,133.321
6689,08/17/2026 17:11:58,19.35,132.572
6690,08/17/2026 17:21:58,20.05,131.702
6691,08/17/2026 17:31:58,20.50,130.872
6692,08/17/2026 17:41:58,20.85,129.947
6693,08/17/2026 17:51:58,21.12,129.050
6694,08/17/2026 18:01:58,21.35,128.072
6695,08/17/2026 18:11:58,21.52,127.132
6696,08/17/2026 18:21:58,21.68,126.154
6697,08/17/2026 18:31:58,21.79,125.226
6698,08/17/2026 18:41:58,21.88,124.217
6699,08/17/2026 18:51:58,21.99,123.274
6700,08/17/2026 19:01:58,22.09,122.323
6701,08/17/2026 19:11:58,22.22,121.419
6702,08/17/2026 19:21:58,22.30,120.485
6703,08/17/2026 19:31:58,22.41,119.506
6704,08/17/2026 19:41:58,22.48,118.667
6705,08/17/2026 19:51:58,22.54,117.760
6706,08/17/2026 20:01:58,22.60,116.837
6707,08/17/2026 20:11:58,22.65,116.028
6708,08/17/2026 20:21:58,22.68,115.177
6709,08/17/2026 20:31:58,22.72,114.357
6710,08/17/2026 20:41:58,22.76,113.608
6711,08/17/2026 20:51:58,22.78,112.864
6712,08/17/2026 21:01:58,22.80,112.166
6713,08/17/2026 21:11:58,22.83,111.465
6714,08/17/2026 21:21:58,22.85,110.785
6715,08/17/2026 21:31:58,22.88,110.189
6716,08/17/2026 21:41:58,22.89,109.615
6717,08/17/2026 21:51:58,22.90,109.061
6718,08/17/2026 22:01:58,22.90,108.629
6719,08/17/2026 22:11:58,22.89,108.206
6720,08/17/2026 22:21:58,22.91,107.917
6721,08/17/2026 22:31:58,22.90,107.737
6722,08/17/2026 22:41:58,22.84,107.798
6723,08/17/2026 22:51:58,22.85,108.067
6724,08/17/2026 23:01:58,22.84,108.423
6725,08/17/2026 23:11:58,22.84,108.884
6726,08/17/2026 23:21:58,22.88,109.505
6727,08/17/2026 23:31:58,22.86,110.197
6728,08/17/2026 23:41:58,22.84,110.877
6729,08/17/2026 23:51:58,22.74,111.631
6730,08/18/2026 00:01:58,22.53,112.391
6731,08/18/2026 00:11:58,22.44,113.121
6732,08/18/2026 00:21:58,22.45,114.081
6733,08/18/2026 00:31:58,22.34,114.887
6734,08/18/2026 00:41:58,22.33,115.721
6735,08/18/2026 00:51:58,22.31,116.674
6736,08/18/2026 01:01:58,22.25,117.652
6737,08/18/2026 01:11:58,22.23,118.606
6738,08/18/2026 01:21:58,22.15,119.631
6739,08/18/2026 01:31:58,22.00,120.643
6740,08/18/2026 01:41:58,21.85,121.817
6741,08/18/2026 01:51:58,21.67,122.902
6742,08/18/2026 02:01:58,21.40,124.028
6743,08/18/2026 02:11:58,21.19,125.084
6744,08/18/2026 02:21:58,21.08,126.160
6745,08/18/2026 02:31:58,20.95,127.271
6746,08/18/2026 02:41:58,20.85,128.290
6747,08/18/2026 02:51:58,20.75,129.254
6748,08/18/2026 03:01:58,20.68,130.173
6749,08/18/2026 03:11:58,20.51,130.958
6750,08/18/2026 03:21:58,20.26,131.592
6751,08/18/2026 03:31:58,19.99,132.217
6752,08/18/2026 03:41:58,19.71,132.658
6753,08/18/2026 03:51:58,19.03,132.987
6754,08/18/2026 04:01:58,18.35,133.269
6755,08/18/2026 04:11:58,17.90,133.387
6756,08/18/2026 04:21:58,17.68,133.509
6757,08/18/2026 04:31:58,17.64,133.355
6758,08/18/2026 04:41:58,17.78,133.187
6759,08/18/2026 04:51:58,17.70,132.664
6760,08/18/2026 05:01:58,17.71,132.259
6761,08/18/2026 05:11:58,18.58,131.794
6762,08/18/2026 05:21:58,18.96,131.065
6763,08/18/2026 05:31:58,19.49,130.302
6764,08/18/2026 05:41:58,19.86,129.663
6765,08/18/2026 05:51:58,20.18,128.942
6766,08/18/2026 06:01:58,20.38,128.189
6767,08/18/2026 06:11:58,20.52,127.439
6768,08/18/2026 06:21:58,20.60,126.604
6769,08/18/2026 06:31:58,20.68,125.798
6770,08/18/2026 06:41:58,20.75,124.963
6771,08/18/2026 06:51:58,20.83,124.091
6772,08/18/2026 07:01:58,20.92,123.236
6773,08/18/2026 07:11:58,21.03,122.378
6774,08/18/2026 07:21:58,21.15,121.479
6775,08/18/2026 07:31:58,21.29,120.686
6776,08/18/2026 07:41:58,21.40,119.775
6777,08/18/2026 07:51:58,21.52,118.974
6778,08/18/2026 08:01:58,21.62,118.132
6779,08/18/2026 08:11:58,21.72,117.336
6780,08/18/2026 08:21:58,21.80,116.561
6781,08/18/2026 08:31:58,21.87,115.837
6782,08/18/2026 08:41:58,21.93,115.059
6783,08/18/2026 08:51:58,21.97,114.197
6784,08/18/2026 09:01:58,22.01,113.507
6785,08/18/2026 09:11:58,22.04,112.835
6786,08/18/2026 09:21:58,22.08,112.154
6787,08/18/2026 09:31:58,22.10,111.592
6788,08/18/2026 09:41:58,22.14,110.958
6789,08/18/2026 09:51:58,22.17,110.392
6790,08/18/2026 10:01:58,22.22,109.923
6791,08/18/2026 10:11:58,22.24,109.479
6792,08/18/2026 10:21:58,22.29,109.094
6793,08/18/2026 10:31:58,22.35,108.823
6794,08/18/2026 10:41:58,22.41,108.723
6795,08/18/2026 10:51:58,22.46,108.796
6796,08/18/2026 11:01:58,22.46,109.006
6797,08/18/2026 11:11:58,22.41,109.395
6798,08/18/2026 11:21:58,22.39,109.944
6799,08/18/2026 11:31:58,22.40,110.531
6800,08/18/2026 11:41:58,22.36,111.240
6801,08/18/2026 11:51:58,22.33,111.887
6802,08/18/2026 12:01:58,22.26,112.575
6803,08/18/2026 12:11:58,22.19,113.309
6804,08/18/2026 12:21:58,22.16,113.990
6805,08/18/2026 12:31:58,22.15,114.807
6806,08/18/2026 12:41:58,22.08,115.665
6807,08/18/2026 12:51:58,22.05,116.533
6808,08/18/2026 13:01:58,22.05,117.407
6809,08/18/2026 13:11:58,22.05,118.357
6810,08/18/2026 13:21:58,22.03,119.396
6811,08/18/2026 13:31:58,21.88,120.336
6812,08/18/2026 13:41:58,21.64,121.456
6813,08/18/2026 13:51:58,21.52,122.546
6814,08/18/2026 14:01:58,21.35,123.691
6815,08/18/2026 14:11:58,21.09,124.869
6816,08/18/2026 14:21:58,20.89,126.003
6817,08/18/2026 14:31:58,20.75,127.143
6818,08/18/2026 14:41:58,20.68,128.235
6819,08/18/2026 14:51:58,20.64,129.281
6820,08/18/2026 15:01:58,20.45,130.278
6821,08/18/2026 15:11:58,20.26,131.173
6822,08/18/2026 15:21:58,20.06,131.945
6823,08/18/2026 15:31:58,19.77,132.702
6824,08/18/2026 15:41:58,19.33,133.324
6825,08/18/2026 15:51:58,18.98,133.858
6826,08/18/2026 16:01:58,18.51,134.299
6827,08/18/2026 16:11:58,18.14,134.568
6828,08/18/2026 16:21:58,17.89,134.776
6829,08/18/2026 16:31:58,17.66,134.937
6830,08/18/2026 16:41:58,17.52,134.925
6831,08/18/2026 16:51:58,17.41,134.790
6832,08/18/2026 17:01:58,17.34,134.570
6833,08/18/2026 17:11:58,17.34,134.309
6834,08/18/2026 17:21:58,17.41,133.905
6835,08/18/2026 17:31:58,17.85,133.398
6836,08/18/2026 17:41:58,18.40,132.810
6837,08/18/2026 17:51:58,19.05,132.074
6838,08/18/2026 18:01:58,19.58,131.268
6839,08/18/2026 18:11:58,19.93,130.440
6840,08/18/2026 18:21:58,20.17,129.662
6841,08/18/2026 18:31:58,20.44,128.838
6842,08/18/2026 18:41:58,20.64,127.983
6843,08/18/2026 18:51:58,20.85,127.124
6844,08/18/2026 19:01:58,21.01,126.256
6845,08/18/2026 19:11:58,21.18,125.398
6846,08/18/2026 19:21:58,21.37,124.519
6847,08/18/2026 19:31:58,21.58,123.663
6848,08/18/2026 19:41:58,21.75,122.742
6849,08/18/2026 19:51:58,21.92,121.891
6850,08/18/2026 20:01:58,22.12,120.976
6851,08/18/2026 20:11:58,22.30,120.109
6852,08/18/2026 20:21:58,22.46,119.241
6853,08/18/2026 20:31:58,22.57,118.348
6854,08/18/2026 20:41:58,22.70,117.578
6855,08/18/2026 20:51:58,22.81,116.753
6856,08/18/2026 21:01:58,22.88,115.974
6857,08/18/2026 21:11:58,22.97,115.167
6858,08/18/2026 21:21:58,23.05,114.402
6859,08/18/2026 21:31:58,23.10,113.666
6860,08/18/2026 21:41:58,23.14,112.960
6861,08/18/2026 21:51:58,23.15,112.283
6862,08/18/2026 22:01:58,23.18,111.666
6863,08/18/2026 22:11:58,23.20,111.057
6864,08/18/2026 22:21:58,23.21,110.486
6865,08/18/2026 22:31:58,23.21,109.966
6866,08/18/2026 22:41:58,23.21,109.479
6867,08/18/2026 22:51:58,23.18,109.088
6868,08/18/2026 23:01:58,23.17,108.786
6869,08/18/2026 23:11:58,23.14,108.588
6870,08/18/2026 23:21:58,23.11,108.529
6871,08/18/2026 23:31:58,23.05,108.582
6872,08/18/2026 23:41:58,23.07,108.738
6873,08/18/2026 23:51:58,23.07,109.149
6874,08/19/2026 00:01:58,23.11,109.603
6875,08/19/2026 00:11:58,23.11,110.215
6876,08/19/2026 00:21:58,23.08,110.865
6877,08/19/2026 00:31:58,23.10,111.572
6878,08/19/2026 00:41:58,23.01,112.196
6879,08/19/2026 00:51:58,22.69,112.904
6880,08/19/2026 01:01:58,22.56,113.637
6881,08/19/2026 01:11:58,22.52,114.361
6882,08/19/2026 01:21:58,22.37,115.149
6883,08/19/2026 01:31:58,22.37,115.925
6884,08/19/2026 01:41:58,22.37,116.692
6885,08/19/2026 01:51:58,22.31,117.544
6886,08/19/2026 02:01:58,22.29,118.451
6887,08/19/2026 02:11:58,22.25,119.410
6888,08/19/2026 02:21:58,21.99,120.419
6889,08/19/2026 02:31:58,21.71,121.356
6890,08/19/2026 02:41:58,21.49,122.431
6891,08/19/2026 02:51:58,21.23,123.438
6892,08/19/2026 03:01:58,20.97,124.412
6893,08/19/2026 03:11:58,20.80,125.440
6894,08/19/2026 03:21:58,20.66,126.397
6895,08/19/2026 03:31:58,20.56,127.300
6896,08/19/2026 03:41:58,20.51,128.184
6897,08/19/2026 03:51:58,20.38,128.977
6898,08/19/2026 04:01:58,20.32,129.725
6899,08/19/2026 04:11:58,20.22,130.358
6900,08/19/2026 04:21:58,20.05,130.917
6901,08/19/2026 04:31:58,19.88,131.373
6902,08/19/2026 04:41:58,19.72,131.681
6903,08/19/2026 04:51:58,19.48,131.875
6904,08/19/2026 05:01:58,19.20,131.992
6905,08/19/2026 05:11:58,19.07,131.934
6906,08/19/2026 05:21:58,19.06,131.771
6907,08/19/2026 05:31:58,19.14,131.479
6908,08/19/2026 05:41:58,19.16,131.053
6909,08/19/2026 05:51:58,19.23,130.619
6910,08/19/2026 06:01:58,19.46,130.020
6911,08/19/2026 06:11:58,19.67,129.522
6912,08/19/2026 06:21:58,19.78,128.890
6913,08/19/2026 06:31:58,20.01,128.197
6914,08/19/2026 06:41:58,20.15,127.635
6915,08/19/2026 06:51:58,20.28,126.855
6916,08/19/2026 07:01:58,20.36,126.185
6917,08/19/2026 07:11:58,20.43,125.516
6918,08/19/2026 07:21:58,20.53,124.716
6919,08/19/2026 07:31:58,20.63,124.022
6920,08/19/2026 07:41:58,20.71,123.269
6921,08/19/2026 07:51:58,20.85,122.420
6922,08/19/2026 08:01:58,20.99,121.720
6923,08/19/2026 08:11:58,21.12,120.894
6924,08/19/2026 08:21:58,21.27,120.123
6925,08/19/2026 08:31:58,21.43,119.361
6926,08/19/2026 08:41:58,21.59,118.587
6927,08/19/2026 08:51:58,21.74,117.847
6928,08/19/2026 09:01:58,21.89,117.133
6929,08/19/2026 09:11:58,22.02,116.406
6930,08/19/2026 09:21:58,22.12,115.662
6931,08/19/2026 09:31:58,22.21,114.956
6932,08/19/2026 09:41:58,22.29,114.292
6933,08/19/2026 09:51:58,22.37,113.650
6934,08/19/2026 10:01:58,22.43,113.016
6935,08/19/2026 10:11:58,22.51,112.404
6936,08/19/2026 10:21:58,22.61,111.809
6937,08/19/2026 10:31:58,22.71,111.332
6938,08/19/2026 10:41:58,22.83,110.847
6939,08/19/2026 10:51:58,22.95,110.481
6940,08/19/2026 11:01:58,23.07,110.206
6941,08/19/2026 11:11:58,23.17,109.986
6942,08/19/2026 11:21:58,23.23,109.865
6943,08/19/2026 11:31:58,23.30,110.027
6944,08/19/2026 11:41:58,23.42,110.176
6945,08/19/2026 11:51:58,23.44,110.420
6946,08/19/2026 12:01:58,23.38,110.809
6947,08/19/2026 12:11:58,23.35,111.271
6948,08/19/2026 12:21:58,23.46,111.882
6949,08/19/2026 12:31:58,23.64,112.433
6950,08/19/2026 12:41:58,23.53,113.049
6951,08/19/2026 12:51:58,23.48,113.772
6952,08/19/2026 13:01:58,23.30,114.387
6953,08/19/2026 13:11:58,23.22,115.084
6954,08/19/2026 13:21:58,23.03,115.893
6955,08/19/2026 13:31:58,23.05,116.670
6956,08/19/2026 13:41:58,23.13,117.491
6957,08/19/2026 13:51:58,23.06,118.372
6958,08/19/2026 14:01:58,22.86,119.255
6959,08/19/2026 14:11:58,22.60,120.183
6960,08/19/2026 14:21:58,22.32,121.222
6961,08/19/2026 14:31:58,22.02,122.299
6962,08/19/2026 14:41:58,21.88,123.216
6963,08/19/2026 14:51:58,21.70,124.272
6964,08/19/2026 15:01:58,21.48,125.282
6965,08/19/2026 15:11:58,21.26,126.390
6966,08/19/2026 15:21:58,21.15,127.314
6967,08/19/2026 15:31:58,21.06,128.384
6968,08/19/2026 15:41:58,21.00,129.286
6969,08/19/2026 15:51:58,20.87,130.114
6970,08/19/2026 16:01:58,20.68,130.966
6971,08/19/2026 16:11:58,20.49,131.683
6972,08/19/2026 16:21:58,20.33,132.246
6973,08/19/2026 16:31:58,20.11,132.796
6974,08/19/2026 16:41:58,19.90,133.197
6975,08/19/2026 16:51:58,19.76,133.591
6976,08/19/2026 17:01:58,19.48,133.802
6977,08/19/2026 17:11:58,19.27,134.036
6978,08/19/2026 17:21:58,19.19,134.038
6979,08/19/2026 17:31:58,18.94,133.981
6980,08/19/2026 17:41:58,18.87,133.863
6981,08/19/2026 17:51:58,18.99,133.610
6982,08/19/2026 18:01:58,19.04,133.252
6983,08/19/2026 18:11:58,19.20,132.812
6984,08/19/2026 18:21:58,19.46,132.259
6985,08/19/2026 18:31:58,19.95,131.682
6986,08/19/2026 18:41:58,20.19,131.035
6987,08/19/2026 18:51:58,20.51,130.357
6988,08/19/2026 19:01:58,20.60,129.634
6989,08/19/2026 19:11:58,20.70,128.950
6990,08/19/2026 19:21:58,20.89,128.219
6991,08/19/2026 19:31:58,21.01,127.464
6992,08/19/2026 19:41:58,21.10,126.637
6993,08/19/2026 19:51:58,21.25,125.892
6994,08/19/2026 20:01:58,21.44,125.107
6995,08/19/2026 20:11:58,21.59,124.299
6996,08/19/2026 20:21:58,21.80,123.443
6997,08/19/2026 20:31:58,21.99,122.680
6998,08/19/2026 20:41:58,22.16,121.790
6999,08/19/2026 20:51:58,22.38,120.949
7000,08/19/2026 21:01:58,22.56,120.128
7001,08/19/2026 21:11:58,22.77,119.337
7002,08/19/2026 21:21:58,22.94,118.547
7003,08/19/2026 21:31:58,23.08,117.747
7004,08/19/2026 21:41:58,23.24,116.911
7005,08/19/2026 21:51:58,23.39,116.129
7006,08/19/2026 22:01:58,23.52,115.407
7007,08/19/2026 22:11:58,23.62,114.617
7008,08/19/2026 22:21:58,23.70,113.920
7009,08/19/2026 22:31:58,23.77,113.239
7010,08/19/2026 22:41:58,23.83,112.593
7011,08/19/2026 22:51:58,23.87,111.976
7012,08/19/2026 23:01:58,23.91,111.392
7013,08/19/2026 23:11:58,23.93,110.851
7014,08/19/2026 23:21:58,23.94,110.339
7015,08/19/2026 23:31:58,23.95,109.898
7016,08/19/2026 23:41:58,23.95,109.546
7017,08/19/2026 23:51:58,23.96,109.277
7018,08/20/2026 00:01:58,23.96,108.954
7019,08/20/2026 00:11:58,23.95,108.971
7020,08/20/2026 00:21:58,23.88,109.082
7021,08/20/2026 00:31:58,23.89,109.171
7022,08/20/2026 00:41:58,23.86,109.439
7023,08/20/2026 00:51:58,23.88,110.052
7024,08/20/2026 01:01:58,23.92,110.481
7025,08/20/2026 01:11:58,23.93,111.073
7026,08/20/2026 01:21:58,23.92,111.729
7027,08/20/2026 01:31:58,23.89,112.342
7028,08/20/2026 01:41:58,23.58,112.798
7029,08/20/2026 01:51:58,23.28,113.510
7030,08/20/2026 02:01:58,23.15,114.244
7031,08/20/2026 02:11:58,23.03,114.798
7032,08/20/2026 02:21:58,22.88,115.544
7033,08/20/2026 02:31:58,22.81,116.327
7034,08/20/2026 02:41:58,22.81,117.108
7035,08/20/2026 02:51:58,22.74,117.866
7036,08/20/2026 03:01:58,22.72,118.816
7037,08/20/2026 03:11:58,22.66,119.643
7038,08/20/2026 03:21:58,22.40,120.526
7039,08/20/2026 03:31:58,22.12,121.433
7040,08/20/2026 03:41:58,21.93,122.386
7041,08/20/2026 03:51:58,21.74,123.272
7042,08/20/2026 04:01:58,21.50,124.170
7043,08/20/2026 04:11:58,21.31,125.112
7044,08/20/2026 04:21:58,21.17,125.971
7045,08/20/2026 04:31:58,21.09,126.781
7046,08/20/2026 04:41:58,20.99,127.583
7047,08/20/2026 04:51:58,20.90,128.295
7048,08/20/2026 05:01:58,20.83,128.945
7049,08/20/2026 05:11:58,20.81,129.447
7050,08/20/2026 05:21:58,20.73,129.931
7051,08/20/2026 05:31:58,20.64,130.206
7052,08/20/2026 05:41:58,20.57,130.392
7053,08/20/2026 05:51:58,20.47,130.539
7054,08/20/2026 06:01:58,20.35,130.434
7055,08/20/2026 06:11:58,20.24,130.392
7056,08/20/2026 06:21:58,20.21,130.149
7057,08/20/2026 06:31:58,20.21,129.846
7058,08/20/2026 06:41:58,20.21,129.399
7059,08/20/2026 06:51:58,20.30,128.932
7060,08/20/2026 07:01:58,20.47,128.434
7061,08/20/2026 07:11:58,20.59,127.913
7062,08/20/2026 07:21:58,20.68,127.367
7063,08/20/2026 07:31:58,20.74,126.769
7064,08/20/2026 07:41:58,20.79,126.183
7065,08/20/2026 07:51:58,20.84,125.619
7066,08/20/2026 08:01:58,20.88,125.004
7067,08/20/2026 08:11:58,20.98,124.383
7068,08/20/2026 08:21:58,21.08,123.833
7069,08/20/2026 08:31:58,21.19,123.094
7070,08/20/2026 08:41:58,21.32,122.419
7071,08/20/2026 08:51:58,21.46,121.702
7072,08/20/2026 09:01:58,21.62,120.969
7073,08/20/2026 09:11:58,21.76,120.189
7074,08/20/2026 09:21:58,21.92,119.537
7075,08/20/2026 09:31:58,22.07,118.822
7076,08/20/2026 09:41:58,22.25,118.121
7077,08/20/2026 09:51:58,22.43,117.504
7078,08/20/2026 10:01:58,22.60,116.799
7079,08/20/2026 10:11:58,22.75,116.136
7080,08/20/2026 10:21:58,22.89,115.519
7081,08/20/2026 10:31:58,23.01,114.814
7082,08/20/2026 10:41:58,23.15,114.320
7083,08/20/2026 10:51:58,23.27,113.784
7084,08/20/2026 11:01:58,23.40,113.244
7085,08/20/2026 11:11:58,23.54,112.771
7086,08/20/2026 11:21:58,23.66,112.311
7087,08/20/2026 11:31:58,23.77,111.969
7088,08/20/2026 11:41:58,23.87,111.639
7089,08/20/2026 11:51:58,23.97,111.310
7090,08/20/2026 12:01:58,24.07,111.140
7091,08/20/2026 12:11:58,24.14,111.192
7092,08/20/2026 12:21:58,24.22,111.311
7093,08/20/2026 12:31:58,24.34,101.194
7094,08/20/2026 12:41:58,25.28,101.143
7095,08/20/2026 12:51:58,28.73,100.888