#,Date-Time (EDT),"pH , pH","Temperature , °C","Millivolts , mv"
1,07/02/2026 06:34:53,4.68,24.53,121.35
2,07/02/2026 06:44:53,8.53,24.39,-95.86
3,07/02/2026 06:54:53,7.33,24.48,-28.25
4,07/02/2026 07:04:53,7.34,24.63,-28.91
5,07/02/2026 07:14:53,7.33,24.75,-28.53
6,07/02/2026 07:24:53,7.32,24.87,-27.70
7,07/02/2026 07:34:53,7.30,24.97,-26.86
8,07/02/2026 07:44:53,7.27,25.04,-24.95
9,07/02/2026 07:54:53,7.27,25.16,-24.94
10,07/02/2026 08:04:53,7.26,25.26,-24.31
11,07/02/2026 08:14:53,7.26,25.36,-24.24
12,07/02/2026 08:24:53,7.25,25.43,-23.99
13,07/02/2026 08:34:53,7.25,25.50,-24.09
14,07/02/2026 08:44:53,7.27,25.55,-24.70
15,07/02/2026 08:54:53,7.26,25.60,-24.34
16,07/02/2026 09:04:53,7.26,25.67,-24.66
17,07/02/2026 09:14:53,7.26,25.70,-24.22
18,07/02/2026 09:24:53,7.26,25.62,-24.25
19,07/02/2026 09:34:53,7.29,25.60,-25.89
20,07/02/2026 09:44:53,7.30,25.57,-26.39
21,07/02/2026 09:54:53,7.37,25.48,-30.63
22,07/02/2026 10:04:53,7.52,25.06,-38.92
23,07/02/2026 10:14:53,7.53,24.97,-39.41
24,07/02/2026 10:24:53,7.55,25.04,-41.06
25,07/02/2026 10:34:53,7.60,24.80,-43.61
26,07/02/2026 10:44:53,7.61,24.85,-44.44
27,07/02/2026 10:54:53,7.62,24.85,-44.70
28,07/02/2026 11:04:53,7.62,24.73,-44.63
29,07/02/2026 11:14:53,7.64,24.48,-46.02
30,07/02/2026 11:24:53,7.67,24.12,-47.63
31,07/02/2026 11:34:53,7.71,23.79,-49.86
32,07/02/2026 11:44:53,7.75,23.52,-51.67
33,07/02/2026 11:54:53,7.78,23.16,-53.61
34,07/02/2026 12:04:53,7.81,22.82,-55.31
35,07/02/2026 12:14:53,7.83,22.58,-56.47
36,07/02/2026 12:24:53,7.85,22.39,-57.33
37,07/02/2026 12:34:53,7.86,22.25,-57.81
38,07/02/2026 12:44:53,7.86,22.13,-58.08
39,07/02/2026 12:54:53,7.87,22.06,-58.58
40,07/02/2026 13:04:53,7.88,21.96,-59.17
41,07/02/2026 13:14:53,7.90,21.82,-59.83
42,07/02/2026 13:24:53,7.91,21.53,-60.80
43,07/02/2026 13:34:53,7.93,21.29,-61.58
44,07/02/2026 13:44:53,7.95,20.96,-62.58
45,07/02/2026 13:54:53,7.98,20.44,-64.21
46,07/02/2026 14:04:53,7.99,20.17,-64.91
47,07/02/2026 14:14:53,8.00,20.03,-65.19
48,07/02/2026 14:24:53,8.00,20.06,-65.11
49,07/02/2026 14:34:53,8.00,20.22,-65.19
50,07/02/2026 14:44:53,7.99,20.15,-64.77
51,07/02/2026 14:54:53,7.98,20.46,-64.05
52,07/02/2026 15:04:53,7.95,21.08,-62.89
53,07/02/2026 15:14:53,7.94,21.44,-62.27
54,07/02/2026 15:24:53,7.93,21.82,-61.60
55,07/02/2026 15:34:53,7.93,22.06,-61.60
56,07/02/2026 15:44:53,7.92,22.15,-61.46
57,07/02/2026 15:54:53,7.92,22.56,-61.20
58,07/02/2026 16:04:53,7.91,22.92,-61.03
59,07/02/2026 16:14:53,7.91,23.14,-60.95
60,07/02/2026 16:24:53,7.90,23.57,-60.61
61,07/02/2026 16:34:53,7.90,23.95,-60.20
62,07/02/2026 16:44:53,7.89,24.07,-60.10
63,07/02/2026 16:54:53,7.89,24.17,-59.95
64,07/02/2026 17:04:53,7.88,24.65,-59.16
65,07/02/2026 17:14:53,7.87,24.92,-58.70
66,07/02/2026 17:24:53,7.85,25.16,-57.89
67,07/02/2026 17:34:53,7.84,25.45,-57.39
68,07/02/2026 17:44:53,7.83,25.72,-56.81
69,07/02/2026 17:54:53,7.82,25.94,-56.05
70,07/02/2026 18:04:53,7.81,26.16,-55.55
71,07/02/2026 18:14:53,7.79,26.38,-54.69
72,07/02/2026 18:24:53,7.78,26.60,-53.83
73,07/02/2026 18:34:53,7.76,26.77,-53.10
74,07/02/2026 18:44:53,7.76,26.87,-52.70
75,07/02/2026 18:54:53,7.74,27.01,-51.86
76,07/02/2026 19:04:53,7.72,27.14,-50.89
77,07/02/2026 19:14:53,7.71,27.23,-50.24
78,07/02/2026 19:24:53,7.70,27.31,-49.83
79,07/02/2026 19:34:53,7.69,27.36,-49.06
80,07/02/2026 19:44:53,7.67,27.38,-48.05
81,07/02/2026 19:54:53,7.66,27.41,-47.14
82,07/02/2026 20:04:53,7.62,27.41,-45.03
83,07/02/2026 20:14:53,7.60,27.38,-43.78
84,07/02/2026 20:24:53,7.56,27.38,-41.36
85,07/02/2026 20:34:53,7.51,27.46,-38.49
86,07/02/2026 20:44:53,7.54,27.38,-40.58
87,07/02/2026 20:54:53,7.56,27.33,-41.58
88,07/02/2026 21:04:53,7.57,27.33,-42.17
89,07/02/2026 21:14:53,7.60,27.28,-43.63
90,07/02/2026 21:24:53,7.60,27.26,-43.94
91,07/02/2026 21:34:53,7.62,27.16,-44.75
92,07/02/2026 21:44:53,7.71,26.48,-50.27
93,07/02/2026 21:54:53,7.76,25.79,-53.02
94,07/02/2026 22:04:53,7.75,25.60,-52.49
95,07/02/2026 22:14:53,7.78,25.36,-53.72
96,07/02/2026 22:24:53,7.77,25.33,-53.06
97,07/02/2026 22:34:53,7.76,25.57,-52.63
98,07/02/2026 22:44:53,7.78,25.40,-53.66
99,07/02/2026 22:54:53,7.80,25.09,-55.05
100,07/02/2026 23:04:53,7.82,24.77,-56.19
101,07/02/2026 23:14:53,7.85,24.46,-57.89
102,07/02/2026 23:24:53,7.86,24.32,-58.17
103,07/02/2026 23:34:53,7.88,24.07,-59.13
104,07/02/2026 23:44:53,7.89,23.83,-59.91
105,07/02/2026 23:54:53,7.91,23.45,-61.14
106,07/03/2026 00:04:53,7.92,23.30,-61.39
107,07/03/2026 00:14:53,7.92,23.16,-61.69
108,07/03/2026 00:24:53,7.93,23.04,-61.78
109,07/03/2026 00:34:53,7.93,22.92,-62.08
110,07/03/2026 00:44:53,7.94,22.78,-62.44
111,07/03/2026 00:54:53,7.95,22.51,-63.17
112,07/03/2026 01:04:53,7.97,22.20,-63.97
113,07/03/2026 01:14:53,7.98,21.91,-64.53
114,07/03/2026 01:24:53,8.00,21.41,-65.66
115,07/03/2026 01:34:53,8.01,21.13,-66.10
116,07/03/2026 01:44:53,8.02,20.82,-66.71
117,07/03/2026 01:54:53,8.03,20.46,-67.25
118,07/03/2026 02:04:53,8.04,20.15,-67.53
119,07/03/2026 02:14:53,8.05,19.32,-68.05
120,07/03/2026 02:24:53,8.06,19.03,-68.41
121,07/03/2026 02:34:53,8.06,18.96,-68.24
122,07/03/2026 02:44:53,8.06,19.06,-68.24
123,07/03/2026 02:54:53,8.04,19.15,-67.66
124,07/03/2026 03:04:53,8.05,19.22,-67.89
125,07/03/2026 03:14:53,8.01,20.27,-66.14
126,07/03/2026 03:24:53,7.98,21.03,-64.24
127,07/03/2026 03:34:53,7.95,21.56,-62.85
128,07/03/2026 03:44:53,7.94,21.84,-62.21
129,07/03/2026 03:54:53,7.92,22.18,-61.11
130,07/03/2026 04:04:53,7.90,22.37,-60.11
131,07/03/2026 04:14:53,7.88,22.51,-59.14
132,07/03/2026 04:24:53,7.85,22.70,-57.17
133,07/03/2026 04:34:53,7.85,22.80,-57.20
134,07/03/2026 04:44:53,7.83,22.92,-56.20
135,07/03/2026 04:54:53,7.78,23.09,-53.52
136,07/03/2026 05:04:53,7.75,23.33,-52.05
137,07/03/2026 05:14:53,7.71,23.47,-49.88
138,07/03/2026 05:24:53,7.69,23.64,-48.78
139,07/03/2026 05:34:53,7.68,23.79,-47.75
140,07/03/2026 05:44:53,7.61,23.91,-44.02
141,07/03/2026 05:54:53,7.56,24.03,-41.25
142,07/03/2026 06:04:53,7.55,24.17,-40.55
143,07/03/2026 06:14:53,7.52,24.29,-38.95
144,07/03/2026 06:24:53,7.51,24.46,-38.20
145,07/03/2026 06:34:53,7.47,24.58,-36.17
146,07/03/2026 06:44:53,7.45,24.68,-35.00
147,07/03/2026 06:54:53,7.43,24.82,-33.95
148,07/03/2026 07:04:53,7.40,24.90,-32.06
149,07/03/2026 07:14:53,7.39,25.02,-31.64
150,07/03/2026 07:24:53,7.37,25.11,-30.72
151,07/03/2026 07:34:53,7.35,25.26,-29.72
152,07/03/2026 07:44:53,7.36,25.43,-29.92
153,07/03/2026 07:54:53,7.35,25.57,-29.30
154,07/03/2026 08:04:53,7.33,25.79,-28.30
155,07/03/2026 08:14:53,7.31,25.91,-27.27
156,07/03/2026 08:24:53,7.29,26.04,-26.34
157,07/03/2026 08:34:53,7.28,26.18,-25.52
158,07/03/2026 08:44:53,7.27,26.30,-25.24
159,07/03/2026 08:54:53,7.27,26.38,-25.25
160,07/03/2026 09:04:53,7.27,26.45,-25.24
161,07/03/2026 09:14:53,7.28,26.55,-25.69
162,07/03/2026 09:24:53,7.28,26.60,-25.84
163,07/03/2026 09:34:53,7.27,26.65,-25.16
164,07/03/2026 09:44:53,7.29,26.72,-26.03
165,07/03/2026 09:54:53,7.29,26.72,-26.39
166,07/03/2026 10:04:53,7.30,26.65,-26.97
167,07/03/2026 10:14:53,7.32,26.57,-28.11
168,07/03/2026 10:24:53,7.34,26.48,-29.02
169,07/03/2026 10:34:53,7.52,26.18,-39.24
170,07/03/2026 10:44:53,7.57,25.91,-42.27
171,07/03/2026 10:54:53,7.56,26.01,-41.41
172,07/03/2026 11:04:53,7.60,25.96,-43.78
173,07/03/2026 11:14:53,7.63,25.84,-45.49
174,07/03/2026 11:24:53,7.65,25.94,-46.64
175,07/03/2026 11:34:53,7.64,25.84,-46.05
176,07/03/2026 11:44:53,7.64,25.74,-46.05
177,07/03/2026 11:54:53,7.67,25.48,-47.78
178,07/03/2026 12:04:53,7.73,25.09,-50.72
179,07/03/2026 12:14:53,7.76,24.77,-52.49
180,07/03/2026 12:24:53,7.78,24.51,-53.85
181,07/03/2026 12:34:53,7.80,24.10,-55.10
182,07/03/2026 12:44:53,7.83,23.83,-56.31
183,07/03/2026 12:54:53,7.85,23.71,-57.30
184,07/03/2026 13:04:53,7.86,23.54,-58.17
185,07/03/2026 13:14:53,7.87,23.45,-58.55
186,07/03/2026 13:24:53,7.88,23.23,-58.99
187,07/03/2026 13:34:53,7.89,23.21,-59.64
188,07/03/2026 13:44:53,7.90,23.09,-60.44
189,07/03/2026 13:54:53,7.92,22.92,-61.19
190,07/03/2026 14:04:53,7.94,22.68,-62.22
191,07/03/2026 14:14:53,7.95,22.51,-62.80
192,07/03/2026 14:24:53,7.97,22.18,-64.13
193,07/03/2026 14:34:53,7.99,21.75,-65.31
194,07/03/2026 14:44:53,8.01,21.22,-66.30
195,07/03/2026 14:54:53,8.03,20.89,-67.14
196,07/03/2026 15:04:53,8.04,20.70,-67.44
197,07/03/2026 15:14:53,8.01,21.08,-66.28
198,07/03/2026 15:24:53,8.02,21.03,-66.41
199,07/03/2026 15:34:53,8.02,20.79,-66.63
200,07/03/2026 15:44:53,8.01,21.17,-65.94
201,07/03/2026 15:54:53,7.97,22.15,-63.92
202,07/03/2026 16:04:53,7.96,22.56,-63.55
203,07/03/2026 16:14:53,7.94,23.16,-62.67
204,07/03/2026 16:24:53,7.94,23.45,-62.41
205,07/03/2026 16:34:53,7.94,23.54,-62.47
206,07/03/2026 16:44:53,7.93,23.57,-62.27
207,07/03/2026 16:54:53,7.93,23.74,-62.03
208,07/03/2026 17:04:53,7.92,23.93,-61.63
209,07/03/2026 17:14:53,7.91,24.34,-61.14
210,07/03/2026 17:24:53,7.91,24.65,-60.86
211,07/03/2026 17:34:53,7.90,24.82,-60.80
212,07/03/2026 17:44:53,7.89,25.04,-59.97
213,07/03/2026 17:54:53,7.88,25.26,-59.47
214,07/03/2026 18:04:53,7.87,25.53,-59.00
215,07/03/2026 18:14:53,7.85,25.79,-57.92
216,07/03/2026 18:24:53,7.84,26.04,-57.61
217,07/03/2026 18:34:53,7.83,26.26,-56.69
218,07/03/2026 18:44:53,7.81,26.48,-55.75
219,07/03/2026 18:54:53,7.80,26.70,-55.17
220,07/03/2026 19:04:53,7.78,26.94,-54.25
221,07/03/2026 19:14:53,7.76,27.14,-52.83
222,07/03/2026 19:24:53,7.75,27.28,-52.24
223,07/03/2026 19:34:53,7.74,27.36,-52.10
224,07/03/2026 19:44:53,7.73,27.41,-51.52
225,07/03/2026 19:54:53,7.71,27.48,-50.47
226,07/03/2026 20:04:53,7.70,27.53,-49.88
227,07/03/2026 20:14:53,7.68,27.60,-48.74
228,07/03/2026 20:24:53,7.66,27.68,-47.17
229,07/03/2026 20:34:53,7.63,27.73,-45.70
230,07/03/2026 20:44:53,7.60,27.78,-44.16
231,07/03/2026 20:54:53,7.57,27.80,-42.06
232,07/03/2026 21:04:53,7.55,27.80,-40.89
233,07/03/2026 21:14:53,7.51,27.75,-38.77
234,07/03/2026 21:24:53,7.53,27.70,-39.88
235,07/03/2026 21:34:53,7.55,27.73,-41.20
236,07/03/2026 21:44:53,7.56,27.73,-41.77
237,07/03/2026 21:54:53,7.59,27.65,-43.20
238,07/03/2026 22:04:53,7.60,27.60,-43.91
239,07/03/2026 22:14:53,7.62,27.51,-44.92
240,07/03/2026 22:24:53,7.72,26.84,-50.47
241,07/03/2026 22:34:53,7.77,26.18,-53.56
242,07/03/2026 22:44:53,7.75,26.01,-52.28
243,07/03/2026 22:54:53,7.76,25.82,-52.67
244,07/03/2026 23:04:53,7.74,26.04,-51.70
245,07/03/2026 23:14:53,7.74,25.99,-51.97
246,07/03/2026 23:24:53,7.77,25.74,-53.27
247,07/03/2026 23:34:53,7.80,25.43,-54.88
248,07/03/2026 23:44:53,7.83,24.94,-56.52
249,07/03/2026 23:54:53,7.85,24.56,-57.92
250,07/04/2026 00:04:53,7.86,24.51,-58.02
251,07/04/2026 00:14:53,7.86,24.46,-58.47
252,07/04/2026 00:24:53,7.88,24.24,-59.39
253,07/04/2026 00:34:53,7.90,23.91,-60.67
254,07/04/2026 00:44:53,7.91,23.71,-60.91
255,07/04/2026 00:54:53,7.91,23.69,-60.80
256,07/04/2026 01:04:53,7.92,23.54,-61.24
257,07/04/2026 01:14:53,7.93,23.33,-61.77
258,07/04/2026 01:24:53,7.94,23.06,-62.58
259,07/04/2026 01:34:53,7.96,22.75,-63.35
260,07/04/2026 01:44:53,7.96,22.56,-63.50
261,07/04/2026 01:54:53,7.97,22.30,-64.19
262,07/04/2026 02:04:53,8.01,21.72,-65.99
263,07/04/2026 02:14:53,8.03,21.17,-67.22
264,07/04/2026 02:24:53,8.04,20.77,-67.83
265,07/04/2026 02:34:53,8.06,20.36,-68.80
266,07/04/2026 02:44:53,8.07,19.98,-69.42
267,07/04/2026 02:54:53,8.09,19.48,-70.35
268,07/04/2026 03:04:53,8.10,19.27,-70.63
269,07/04/2026 03:14:53,8.08,19.25,-69.89
270,07/04/2026 03:24:53,8.09,19.20,-70.38
271,07/04/2026 03:34:53,8.09,19.32,-69.99
272,07/04/2026 03:44:53,8.08,19.48,-69.56
273,07/04/2026 03:54:53,8.07,19.67,-69.21
274,07/04/2026 04:04:53,8.00,20.84,-65.36
275,07/04/2026 04:14:53,7.97,21.29,-63.94
276,07/04/2026 04:24:53,7.93,21.77,-62.00
277,07/04/2026 04:34:53,7.91,22.23,-60.72
278,07/04/2026 04:44:53,7.89,22.51,-59.70
279,07/04/2026 04:54:53,7.88,22.73,-58.92
280,07/04/2026 05:04:53,7.84,22.94,-57.05
281,07/04/2026 05:14:53,7.83,23.09,-56.38
282,07/04/2026 05:24:53,7.78,23.28,-53.78
283,07/04/2026 05:34:53,7.75,23.52,-51.75
284,07/04/2026 05:44:53,7.75,23.66,-52.02
285,07/04/2026 05:54:53,7.70,23.79,-49.13
286,07/04/2026 06:04:53,7.67,23.91,-47.41
287,07/04/2026 06:14:53,7.62,24.03,-44.89
288,07/04/2026 06:24:53,7.60,24.15,-43.67
289,07/04/2026 06:34:53,7.51,24.22,-38.20
290,07/04/2026 06:44:53,7.53,24.36,-39.84
291,07/04/2026 06:54:53,7.49,24.46,-37.61
292,07/04/2026 07:04:53,7.49,24.63,-37.20
293,07/04/2026 07:14:53,7.45,24.75,-35.05
294,07/04/2026 07:24:53,7.40,24.87,-32.20
295,07/04/2026 07:34:53,7.42,25.04,-33.20
296,07/04/2026 07:44:53,7.37,25.16,-30.56
297,07/04/2026 07:54:53,7.39,25.33,-32.02
298,07/04/2026 08:04:53,7.38,25.45,-30.97
299,07/04/2026 08:14:53,7.38,25.60,-31.02
300,07/04/2026 08:24:53,7.35,25.74,-29.59
301,07/04/2026 08:34:53,7.34,25.96,-28.74
302,07/04/2026 08:44:53,7.32,26.13,-28.02
303,07/04/2026 08:54:53,7.31,26.33,-27.14
304,07/04/2026 09:04:53,7.30,26.48,-26.81
305,07/04/2026 09:14:53,7.29,26.62,-26.22
306,07/04/2026 09:24:53,7.28,26.77,-25.72
307,07/04/2026 09:34:53,7.27,26.92,-25.28
308,07/04/2026 09:44:53,7.29,27.01,-25.89
309,07/04/2026 09:54:53,7.28,27.09,-25.81
310,07/04/2026 10:04:53,7.30,27.19,-26.66
311,07/04/2026 10:14:53,7.29,27.21,-26.39
312,07/04/2026 10:24:53,7.29,27.19,-26.39
313,07/04/2026 10:34:53,7.30,27.09,-26.55
314,07/04/2026 10:44:53,7.33,27.06,-28.44
315,07/04/2026 10:54:53,7.34,26.99,-28.77
316,07/04/2026 11:04:53,7.43,26.87,-34.17
317,07/04/2026 11:14:53,7.58,26.55,-42.72
318,07/04/2026 11:24:53,7.60,26.40,-43.95
319,07/04/2026 11:34:53,7.59,26.45,-43.19
320,07/04/2026 11:44:53,7.63,26.38,-45.42
321,07/04/2026 11:54:53,7.63,26.40,-45.60
322,07/04/2026 12:04:53,7.62,26.28,-44.95
323,07/04/2026 12:14:53,7.62,26.11,-44.70
324,07/04/2026 12:24:53,7.63,25.91,-45.49
325,07/04/2026 12:34:53,7.69,25.55,-48.56
326,07/04/2026 12:44:53,7.74,25.26,-51.41
327,07/04/2026 12:54:53,7.75,25.06,-52.11
328,07/04/2026 13:04:53,7.77,24.80,-53.22
329,07/04/2026 13:14:53,7.80,24.46,-54.75
330,07/04/2026 13:24:53,7.82,24.27,-55.92
331,07/04/2026 13:34:53,7.84,24.05,-57.14
332,07/04/2026 13:44:53,7.85,23.95,-57.75
333,07/04/2026 13:54:53,7.86,23.93,-57.94
334,07/04/2026 14:04:53,7.86,23.86,-58.39
335,07/04/2026 14:14:53,7.87,23.88,-58.74
336,07/04/2026 14:24:53,7.90,23.62,-60.42
337,07/04/2026 14:34:53,7.91,23.52,-60.81
338,07/04/2026 14:44:53,7.92,23.38,-61.52
339,07/04/2026 14:54:53,7.93,23.21,-61.74
340,07/04/2026 15:04:53,7.96,22.66,-63.81
341,07/04/2026 15:14:53,8.01,21.65,-66.14
342,07/04/2026 15:24:53,8.03,20.89,-67.17
343,07/04/2026 15:34:53,8.05,20.58,-67.99
344,07/04/2026 15:44:53,8.02,20.98,-66.53
345,07/04/2026 15:54:53,8.04,20.27,-67.52
346,07/04/2026 16:04:53,8.00,21.25,-65.69
347,07/04/2026 16:14:53,7.97,22.06,-64.00
348,07/04/2026 16:24:53,7.97,22.35,-63.85
349,07/04/2026 16:34:53,7.95,22.61,-63.02
350,07/04/2026 16:44:53,7.94,22.99,-62.47
351,07/04/2026 16:54:53,7.92,23.26,-61.69
352,07/04/2026 17:04:53,7.92,23.42,-61.47
353,07/04/2026 17:14:53,7.90,23.71,-60.63
354,07/04/2026 17:24:53,7.89,23.86,-60.11
355,07/04/2026 17:34:53,7.89,24.03,-59.91
356,07/04/2026 17:44:53,7.88,24.22,-59.61
357,07/04/2026 17:54:53,7.87,24.46,-58.86
358,07/04/2026 18:04:53,7.86,24.65,-58.39
359,07/04/2026 18:14:53,7.85,24.77,-57.78
360,07/04/2026 18:24:53,7.83,25.06,-56.55
361,07/04/2026 18:34:53,7.81,25.26,-55.77
362,07/04/2026 18:44:53,7.80,25.48,-54.86
363,07/04/2026 18:54:53,7.78,25.60,-54.08
364,07/04/2026 19:04:53,7.76,25.84,-52.88
365,07/04/2026 19:14:53,7.73,26.11,-51.14
366,07/04/2026 19:24:53,7.70,26.35,-49.64
367,07/04/2026 19:34:53,7.69,26.50,-49.06
368,07/04/2026 19:44:53,7.66,26.67,-47.49
369,07/04/2026 19:54:53,7.65,26.79,-46.44
370,07/04/2026 20:04:53,7.63,26.89,-45.66
371,07/04/2026 20:14:53,7.62,26.99,-44.81
372,07/04/2026 20:24:53,7.60,27.09,-43.92
373,07/04/2026 20:34:53,7.58,27.14,-42.69
374,07/04/2026 20:44:53,7.57,27.16,-42.33
375,07/04/2026 20:54:53,7.55,27.19,-40.95
376,07/04/2026 21:04:53,7.53,27.23,-39.92
377,07/04/2026 21:14:53,7.51,27.28,-38.67
378,07/04/2026 21:24:53,7.47,27.33,-36.75
379,07/04/2026 21:34:53,7.45,27.38,-35.17
380,07/04/2026 21:44:53,7.43,27.41,-34.11
381,07/04/2026 21:54:53,7.39,27.38,-31.84
382,07/04/2026 22:04:53,7.40,27.23,-32.24
383,07/04/2026 22:14:53,7.42,27.28,-33.81
384,07/04/2026 22:24:53,7.44,27.36,-34.52
385,07/04/2026 22:34:53,7.45,27.31,-35.47
386,07/04/2026 22:44:53,7.47,27.28,-36.42
387,07/04/2026 22:54:53,7.49,27.21,-37.77
388,07/04/2026 23:04:53,7.56,26.92,-41.50
389,07/04/2026 23:14:53,7.66,26.38,-47.35
390,07/04/2026 23:24:53,7.70,26.04,-49.19
391,07/04/2026 23:34:53,7.71,25.82,-50.06
392,07/04/2026 23:44:53,7.69,25.74,-49.05
393,07/04/2026 23:54:53,7.67,25.79,-47.81
394,07/05/2026 00:04:53,7.67,25.79,-47.85
395,07/05/2026 00:14:53,7.69,25.67,-48.77
396,07/05/2026 00:24:53,7.72,25.45,-50.24
397,07/05/2026 00:34:53,7.75,25.09,-52.13
398,07/05/2026 00:44:53,7.77,24.90,-53.25
399,07/05/2026 00:54:53,7.78,24.75,-53.89
400,07/05/2026 01:04:53,7.80,24.53,-55.00
401,07/05/2026 01:14:53,7.82,24.24,-56.24
402,07/05/2026 01:24:53,7.84,24.00,-57.17
403,07/05/2026 01:34:53,7.86,23.76,-58.30
404,07/05/2026 01:44:53,7.86,23.71,-58.13
405,07/05/2026 01:54:53,7.87,23.62,-58.42
406,07/05/2026 02:04:53,7.88,23.47,-58.99
407,07/05/2026 02:14:53,7.90,23.18,-60.17
408,07/05/2026 02:24:53,7.91,22.97,-61.03
409,07/05/2026 02:34:53,7.94,22.56,-62.39
410,07/05/2026 02:44:53,7.96,22.25,-63.42
411,07/05/2026 02:54:53,7.97,21.87,-64.14
412,07/05/2026 03:04:53,7.98,21.68,-64.49
413,07/05/2026 03:14:53,7.99,21.41,-65.21
414,07/05/2026 03:24:53,8.00,21.17,-65.31
415,07/05/2026 03:34:53,8.00,20.96,-65.74
416,07/05/2026 03:44:53,8.00,20.79,-65.31
417,07/05/2026 03:54:53,8.01,20.63,-66.25
418,07/05/2026 04:04:53,8.03,20.56,-67.16
419,07/05/2026 04:14:53,8.02,20.65,-66.53
420,07/05/2026 04:24:53,7.99,21.13,-64.85
421,07/05/2026 04:34:53,7.96,21.53,-63.24
422,07/05/2026 04:44:53,7.92,22.03,-61.27
423,07/05/2026 04:54:53,7.89,22.44,-59.75
424,07/05/2026 05:04:53,7.88,22.73,-59.00
425,07/05/2026 05:14:53,7.84,22.92,-57.03
426,07/05/2026 05:24:53,7.82,23.09,-55.85
427,07/05/2026 05:34:53,7.83,23.18,-56.16
428,07/05/2026 05:44:53,7.80,23.30,-54.45
429,07/05/2026 05:54:53,7.77,23.38,-53.10
430,07/05/2026 06:04:53,7.76,23.45,-52.41
431,07/05/2026 06:14:53,7.74,23.52,-51.27
432,07/05/2026 06:24:53,7.71,23.64,-49.52
433,07/05/2026 06:34:53,7.69,23.76,-48.28
434,07/05/2026 06:44:53,7.66,23.88,-46.92
435,07/05/2026 06:54:53,7.60,23.98,-43.31
436,07/05/2026 07:04:53,7.58,24.15,-42.56
437,07/05/2026 07:14:53,7.53,24.27,-39.44
438,07/05/2026 07:24:53,7.52,24.41,-38.83
439,07/05/2026 07:34:53,7.49,24.56,-37.24
440,07/05/2026 07:44:53,7.45,24.65,-35.16
441,07/05/2026 07:54:53,7.44,24.77,-34.42
442,07/05/2026 08:04:53,7.42,24.90,-33.47
443,07/05/2026 08:14:53,7.41,24.99,-32.81
444,07/05/2026 08:24:53,7.39,25.09,-31.66
445,07/05/2026 08:34:53,7.38,25.21,-31.27
446,07/05/2026 08:44:53,7.34,25.28,-29.17
447,07/05/2026 08:54:53,7.36,25.43,-29.78
448,07/05/2026 09:04:53,7.34,25.57,-28.97
449,07/05/2026 09:14:53,7.34,25.72,-28.72
450,07/05/2026 09:24:53,7.33,25.94,-28.13
451,07/05/2026 09:34:53,7.32,26.08,-27.78
452,07/05/2026 09:44:53,7.32,26.23,-27.56
453,07/05/2026 09:54:53,7.30,26.38,-26.92
454,07/05/2026 10:04:53,7.31,26.55,-27.28
455,07/05/2026 10:14:53,7.31,26.62,-27.28
456,07/05/2026 10:24:53,7.33,26.74,-28.69
457,07/05/2026 10:34:53,7.36,26.77,-29.88
458,07/05/2026 10:44:53,7.34,26.89,-29.02
459,07/05/2026 10:54:53,7.30,26.79,-26.63
460,07/05/2026 11:04:53,7.31,26.77,-27.31
461,07/05/2026 11:14:53,7.31,26.67,-27.28
462,07/05/2026 11:24:53,7.34,26.65,-28.89
463,07/05/2026 11:34:53,7.41,26.60,-33.22
464,07/05/2026 11:44:53,7.62,26.30,-44.95
465,07/05/2026 11:54:53,7.65,26.16,-46.44
466,07/05/2026 12:04:53,7.64,26.21,-45.94
467,07/05/2026 12:14:53,7.64,26.16,-46.30
468,07/05/2026 12:24:53,7.67,26.08,-47.91
469,07/05/2026 12:34:53,7.66,25.91,-47.06
470,07/05/2026 12:44:53,7.65,25.87,-46.74
471,07/05/2026 12:54:53,7.65,25.79,-46.80
472,07/05/2026 13:04:53,7.65,25.70,-46.27
473,07/05/2026 13:14:53,7.69,25.40,-48.69
474,07/05/2026 13:24:53,7.74,25.16,-51.31
475,07/05/2026 13:34:53,7.76,24.97,-52.61
476,07/05/2026 13:44:53,7.77,24.80,-53.06
477,07/05/2026 13:54:53,7.79,24.48,-54.08
478,07/05/2026 14:04:53,7.81,24.32,-55.30
479,07/05/2026 14:14:53,7.83,24.22,-56.33
480,07/05/2026 14:24:53,7.83,24.12,-56.55
481,07/05/2026 14:34:53,7.85,24.00,-57.86
482,07/05/2026 14:44:53,7.87,23.76,-58.66
483,07/05/2026 14:54:53,7.88,23.79,-59.02
484,07/05/2026 15:04:53,7.90,23.64,-60.13
485,07/05/2026 15:14:53,7.91,23.52,-61.03
486,07/05/2026 15:24:53,7.93,23.38,-61.78
487,07/05/2026 15:34:53,7.95,23.16,-62.97
488,07/05/2026 15:44:53,7.98,22.92,-64.71
489,07/05/2026 15:54:53,8.02,22.39,-66.64
490,07/05/2026 16:04:53,8.05,21.49,-68.49
491,07/05/2026 16:14:53,8.05,21.37,-68.47
492,07/05/2026 16:24:53,8.03,21.41,-67.42
493,07/05/2026 16:34:53,8.03,21.58,-67.41
494,07/05/2026 16:44:53,8.01,21.72,-66.42
495,07/05/2026 16:54:53,7.99,22.35,-65.02
496,07/05/2026 17:04:53,7.95,22.85,-63.02
497,07/05/2026 17:14:53,7.92,23.26,-61.56
498,07/05/2026 17:24:53,7.91,23.52,-61.06
499,07/05/2026 17:34:53,7.90,23.79,-60.67
500,07/05/2026 17:44:53,7.90,23.91,-60.16
501,07/05/2026 17:54:53,7.88,24.05,-59.56
502,07/05/2026 18:04:53,7.88,24.15,-59.27
503,07/05/2026 18:14:53,7.87,24.29,-58.89
504,07/05/2026 18:24:53,7.86,24.44,-58.39
505,07/05/2026 18:34:53,7.85,24.65,-57.92
506,07/05/2026 18:44:53,7.84,24.80,-57.38
507,07/05/2026 18:54:53,7.83,24.97,-56.74
508,07/05/2026 19:04:53,7.82,25.06,-56.36
509,07/05/2026 19:14:53,7.80,25.28,-55.27
510,07/05/2026 19:24:53,7.78,25.50,-54.17
511,07/05/2026 19:34:53,7.77,25.65,-53.56
512,07/05/2026 19:44:53,7.75,25.82,-52.27
513,07/05/2026 19:54:53,7.74,25.96,-51.41
514,07/05/2026 20:04:53,7.72,26.11,-50.39
515,07/05/2026 20:14:53,7.70,26.23,-49.28
516,07/05/2026 20:24:53,7.68,26.35,-48.06
517,07/05/2026 20:34:53,7.66,26.43,-47.41
518,07/05/2026 20:44:53,7.64,26.50,-46.05
519,07/05/2026 20:54:53,7.63,26.55,-45.35
520,07/05/2026 21:04:53,7.61,26.60,-44.44
521,07/05/2026 21:14:53,7.58,26.62,-42.91
522,07/05/2026 21:24:53,7.56,26.65,-41.52
523,07/05/2026 21:34:53,7.55,26.67,-40.70
524,07/05/2026 21:44:53,7.51,26.67,-38.80
525,07/05/2026 21:54:53,7.50,26.72,-38.06
526,07/05/2026 22:04:53,7.47,26.72,-36.27
527,07/05/2026 22:14:53,7.44,26.74,-34.84
528,07/05/2026 22:24:53,7.42,26.74,-33.45
529,07/05/2026 22:34:53,7.40,26.77,-32.61
530,07/05/2026 22:44:53,7.38,26.65,-31.05
531,07/05/2026 22:54:53,7.41,26.57,-32.72
532,07/05/2026 23:04:53,7.39,26.67,-32.08
533,07/05/2026 23:14:53,7.42,26.72,-33.36
534,07/05/2026 23:24:53,7.44,26.72,-34.55
535,07/05/2026 23:34:53,7.44,26.72,-34.95
536,07/05/2026 23:44:53,7.47,26.67,-36.20
537,07/05/2026 23:54:53,7.55,26.40,-40.74
538,07/06/2026 00:04:53,7.63,26.06,-45.31
539,07/06/2026 00:14:53,7.66,25.91,-47.36
540,07/06/2026 00:24:53,7.67,25.87,-47.52
541,07/06/2026 00:34:53,7.67,25.65,-47.81
542,07/06/2026 00:44:53,7.67,25.50,-47.41
543,07/06/2026 00:54:53,7.67,25.40,-47.72
544,07/06/2026 01:04:53,7.68,25.40,-48.06
545,07/06/2026 01:14:53,7.70,25.31,-49.33
546,07/06/2026 01:24:53,7.72,25.14,-50.72
547,07/06/2026 01:34:53,7.77,24.77,-52.95
548,07/06/2026 01:44:53,7.78,24.58,-53.67
549,07/06/2026 01:54:53,7.80,24.36,-54.74
550,07/06/2026 02:04:53,7.82,24.15,-55.72
551,07/06/2026 02:14:53,7.84,23.91,-56.86
552,07/06/2026 02:24:53,7.84,23.79,-57.17
553,07/06/2026 02:34:53,7.86,23.57,-58.24
554,07/06/2026 02:44:53,7.86,23.54,-57.92
555,07/06/2026 02:54:53,7.85,23.54,-57.80
556,07/06/2026 03:04:53,7.88,23.33,-58.94
557,07/06/2026 03:14:53,7.88,23.21,-59.28
558,07/06/2026 03:24:53,7.90,22.97,-60.30
559,07/06/2026 03:34:53,7.92,22.61,-61.46
560,07/06/2026 03:44:53,7.94,22.13,-62.41
561,07/06/2026 03:54:53,7.97,21.29,-63.88
562,07/06/2026 04:04:53,7.99,20.51,-64.60
563,07/06/2026 04:14:53,7.99,20.08,-64.55
564,07/06/2026 04:24:53,7.99,19.96,-64.58
565,07/06/2026 04:34:53,7.96,19.82,-63.35
566,07/06/2026 04:44:53,7.97,19.63,-63.66
567,07/06/2026 04:54:53,7.98,19.86,-64.30
568,07/06/2026 05:04:53,7.98,20.20,-64.11
569,07/06/2026 05:14:53,7.95,20.89,-62.75
570,07/06/2026 05:24:53,7.92,21.80,-61.24
571,07/06/2026 05:34:53,7.89,22.32,-59.61
572,07/06/2026 05:44:53,7.86,22.73,-57.99
573,07/06/2026 05:54:53,7.85,22.94,-57.69
574,07/06/2026 06:04:53,7.83,23.09,-56.42
575,07/06/2026 06:14:53,7.83,23.16,-56.49
576,07/06/2026 06:24:53,7.79,23.30,-54.41
577,07/06/2026 06:34:53,7.81,23.33,-55.03
578,07/06/2026 06:44:53,7.79,23.40,-54.08
579,07/06/2026 06:54:53,7.77,23.47,-52.77
580,07/06/2026 07:04:53,7.75,23.52,-51.86
581,07/06/2026 07:14:53,7.71,23.64,-49.49
582,07/06/2026 07:24:53,7.69,23.76,-48.49
583,07/06/2026 07:34:53,7.64,23.91,-46.03
584,07/06/2026 07:44:53,7.63,24.05,-44.94
585,07/06/2026 07:54:53,7.56,24.10,-41.52
586,07/06/2026 08:04:53,7.55,24.22,-40.56
587,07/06/2026 08:14:53,7.52,24.34,-38.94
588,07/06/2026 08:24:53,7.46,24.34,-35.38
589,07/06/2026 08:34:53,7.45,24.46,-35.22
590,07/06/2026 08:44:53,7.44,24.53,-34.53
591,07/06/2026 08:54:53,7.43,24.63,-34.03
592,07/06/2026 09:04:53,7.42,24.70,-33.64
593,07/06/2026 09:14:53,7.41,24.77,-32.86
594,07/06/2026 09:24:53,7.39,24.82,-31.88
595,07/06/2026 09:34:53,7.37,24.90,-30.81
596,07/06/2026 09:44:53,7.37,24.97,-30.39
597,07/06/2026 09:54:53,7.35,25.06,-29.58
598,07/06/2026 10:04:53,7.35,25.16,-29.19
599,07/06/2026 10:14:53,7.34,25.26,-29.00
600,07/06/2026 10:24:53,7.33,25.33,-28.41
601,07/06/2026 10:34:53,7.32,25.45,-27.92
602,07/06/2026 10:44:53,7.32,25.53,-27.74
603,07/06/2026 10:54:53,7.30,25.57,-26.91
604,07/06/2026 11:04:53,7.35,25.55,-29.61
605,07/06/2026 11:14:53,7.35,25.57,-29.34
606,07/06/2026 11:24:53,7.35,25.60,-29.70
607,07/06/2026 11:34:53,7.35,25.62,-29.50
608,07/06/2026 11:44:53,7.34,25.70,-29.14
609,07/06/2026 11:54:53,7.33,25.70,-28.56
610,07/06/2026 12:04:53,7.35,25.62,-29.27
611,07/06/2026 12:14:53,7.57,25.50,-42.03
612,07/06/2026 12:24:53,7.68,25.40,-48.45
613,07/06/2026 12:34:53,7.69,25.36,-48.95
614,07/06/2026 12:44:53,7.65,25.33,-46.22
615,07/06/2026 12:54:53,7.71,25.31,-50.13
616,07/06/2026 13:04:53,7.74,25.23,-51.31
617,07/06/2026 13:14:53,7.70,25.11,-49.24
618,07/06/2026 13:24:53,7.67,25.02,-47.47
619,07/06/2026 13:34:53,7.67,24.94,-47.69
620,07/06/2026 13:44:53,7.67,24.87,-47.72
621,07/06/2026 13:54:53,7.72,24.60,-50.42
622,07/06/2026 14:04:53,7.76,24.36,-52.47
623,07/06/2026 14:14:53,7.77,24.12,-52.91
624,07/06/2026 14:24:53,7.78,23.86,-53.56
625,07/06/2026 14:34:53,7.79,23.57,-54.31
626,07/06/2026 14:44:53,7.81,23.38,-55.41
627,07/06/2026 14:54:53,7.83,23.16,-56.50
628,07/06/2026 15:04:53,7.85,22.97,-57.61
629,07/06/2026 15:14:53,7.85,22.92,-57.69
630,07/06/2026 15:24:53,7.87,22.58,-58.61
631,07/06/2026 15:34:53,7.88,22.54,-59.00
632,07/06/2026 15:44:53,7.90,22.39,-60.11
633,07/06/2026 15:54:53,7.92,22.11,-61.06
634,07/06/2026 16:04:53,7.95,21.80,-62.64
635,07/06/2026 16:14:53,7.98,21.22,-64.53
636,07/06/2026 16:24:53,7.98,20.58,-64.55
637,07/06/2026 16:34:53,8.00,20.03,-65.53
638,07/06/2026 16:44:53,8.01,19.70,-65.94
639,07/06/2026 16:54:53,8.03,19.37,-66.83
640,07/06/2026 17:04:53,8.02,19.37,-66.17
641,07/06/2026 17:14:53,8.01,19.58,-65.66
642,07/06/2026 17:24:53,8.00,19.44,-65.28
643,07/06/2026 17:34:53,8.00,19.58,-65.38
644,07/06/2026 17:44:53,7.98,20.51,-64.47
645,07/06/2026 17:54:53,7.96,20.89,-63.36
646,07/06/2026 18:04:53,7.95,21.15,-62.94
647,07/06/2026 18:14:53,7.93,21.68,-61.89
648,07/06/2026 18:24:53,7.91,22.11,-60.63
649,07/06/2026 18:34:53,7.90,22.30,-60.28
650,07/06/2026 18:44:53,7.89,22.51,-59.63
651,07/06/2026 18:54:53,7.88,22.68,-59.13
652,07/06/2026 19:04:53,7.87,22.85,-58.56
653,07/06/2026 19:14:53,7.86,22.97,-58.24
654,07/06/2026 19:24:53,7.86,23.09,-57.92
655,07/06/2026 19:34:53,7.85,23.26,-57.36
656,07/06/2026 19:44:53,7.83,23.38,-56.55
657,07/06/2026 19:54:53,7.82,23.52,-55.75
658,07/06/2026 20:04:53,7.80,23.71,-54.83
659,07/06/2026 20:14:53,7.78,23.88,-53.39
660,07/06/2026 20:24:53,7.75,24.00,-51.72
661,07/06/2026 20:34:53,7.74,24.17,-51.60
662,07/06/2026 20:44:53,7.71,24.32,-50.03
663,07/06/2026 20:54:53,7.69,24.44,-48.58
664,07/06/2026 21:04:53,7.66,24.58,-47.16
665,07/06/2026 21:14:53,7.64,24.68,-45.91
666,07/06/2026 21:24:53,7.62,24.77,-44.69
667,07/06/2026 21:34:53,7.61,24.87,-44.13
668,07/06/2026 21:44:53,7.59,24.90,-42.88
669,07/06/2026 21:54:53,7.57,24.94,-41.74
670,07/06/2026 22:04:53,7.54,24.94,-40.06
671,07/06/2026 22:14:53,7.51,24.94,-38.34
672,07/06/2026 22:24:53,7.50,24.97,-37.99
673,07/06/2026 22:34:53,7.48,24.97,-36.70
674,07/06/2026 22:44:53,7.47,25.02,-35.99
675,07/06/2026 22:54:53,7.43,25.02,-33.95
676,07/06/2026 23:04:53,7.41,25.06,-32.94
677,07/06/2026 23:14:53,7.39,25.09,-31.81
678,07/06/2026 23:24:53,7.36,24.94,-30.02
679,07/06/2026 23:34:53,7.36,24.90,-30.02
680,07/06/2026 23:44:53,7.40,24.90,-32.44
681,07/06/2026 23:54:53,7.38,24.97,-31.41
682,07/07/2026 00:04:53,7.39,25.02,-31.83
683,07/07/2026 00:14:53,7.41,25.02,-33.11
684,07/07/2026 00:24:53,7.43,25.02,-33.89
685,07/07/2026 00:34:53,7.44,24.99,-34.34
686,07/07/2026 00:44:53,7.59,24.82,-43.08
687,07/07/2026 00:54:53,7.61,24.73,-44.06
688,07/07/2026 01:04:53,7.64,24.63,-45.75
689,07/07/2026 01:14:53,7.63,24.58,-45.53
690,07/07/2026 01:24:53,7.66,24.46,-47.02
691,07/07/2026 01:34:53,7.67,24.27,-47.58
692,07/07/2026 01:44:53,7.64,24.07,-45.97
693,07/07/2026 01:54:53,7.66,24.00,-46.85
694,07/07/2026 02:04:53,7.67,23.98,-47.22
695,07/07/2026 02:14:53,7.70,23.76,-49.03
696,07/07/2026 02:24:53,7.75,23.42,-51.99
697,07/07/2026 02:34:53,7.77,23.21,-53.08
698,07/07/2026 02:44:53,7.78,23.02,-53.36
699,07/07/2026 02:54:53,7.79,22.70,-54.30
700,07/07/2026 03:04:53,7.82,22.44,-55.61
701,07/07/2026 03:14:53,7.83,22.20,-56.33
702,07/07/2026 03:24:53,7.84,22.01,-56.81
703,07/07/2026 03:34:53,7.85,21.94,-57.20
704,07/07/2026 03:44:53,7.85,21.80,-57.53
705,07/07/2026 03:54:53,7.86,21.63,-58.03
706,07/07/2026 04:04:53,7.88,21.41,-58.81
707,07/07/2026 04:14:53,7.89,21.17,-59.19
708,07/07/2026 04:24:53,7.89,21.01,-59.53
709,07/07/2026 04:34:53,7.91,20.65,-60.27
710,07/07/2026 04:44:53,7.93,19.98,-61.46
711,07/07/2026 04:54:53,7.94,19.60,-62.08
712,07/07/2026 05:04:53,7.95,19.39,-62.38
713,07/07/2026 05:14:53,7.94,19.29,-62.05
714,07/07/2026 05:24:53,7.94,19.27,-61.85
715,07/07/2026 05:34:53,7.93,19.22,-61.13
716,07/07/2026 05:44:53,7.94,19.15,-61.99
717,07/07/2026 05:54:53,7.93,19.44,-61.17
718,07/07/2026 06:04:53,7.92,19.94,-60.77
719,07/07/2026 06:14:53,7.91,20.20,-60.30
720,07/07/2026 06:24:53,7.89,20.65,-59.39
721,07/07/2026 06:34:53,7.88,20.94,-58.86
722,07/07/2026 06:44:53,7.87,21.08,-58.19
723,07/07/2026 06:54:53,7.85,21.22,-57.39
724,07/07/2026 07:04:53,7.84,21.37,-56.86
725,07/07/2026 07:14:53,7.83,21.53,-55.86
726,07/07/2026 07:24:53,7.82,21.68,-55.30
727,07/07/2026 07:34:53,7.81,21.80,-54.75
728,07/07/2026 07:44:53,7.79,21.89,-54.02
729,07/07/2026 07:54:53,7.78,21.99,-53.63
730,07/07/2026 08:04:53,7.77,22.13,-52.70
731,07/07/2026 08:14:53,7.74,22.27,-51.11
732,07/07/2026 08:24:53,7.71,22.44,-49.72
733,07/07/2026 08:34:53,7.69,22.56,-48.14
734,07/07/2026 08:44:53,7.64,22.61,-45.81
735,07/07/2026 08:54:53,7.63,22.75,-44.88
736,07/07/2026 09:04:53,7.60,22.90,-43.19
737,07/07/2026 09:14:53,7.58,22.99,-42.10
738,07/07/2026 09:24:53,7.55,23.14,-40.67
739,07/07/2026 09:34:53,7.53,23.18,-39.47
740,07/07/2026 09:44:53,7.51,23.23,-38.11
741,07/07/2026 09:54:53,7.48,23.30,-36.91
742,07/07/2026 10:04:53,7.49,23.38,-37.05
743,07/07/2026 10:14:53,7.46,23.38,-35.75
744,07/07/2026 10:24:53,7.47,23.42,-35.95
745,07/07/2026 10:34:53,7.47,23.45,-36.09
746,07/07/2026 10:44:53,7.46,23.47,-35.52
747,07/07/2026 10:54:53,7.46,23.52,-35.56
748,07/07/2026 11:04:53,7.47,23.57,-36.06
749,07/07/2026 11:14:53,7.45,23.62,-35.14
750,07/07/2026 11:24:53,7.43,23.69,-34.14
751,07/07/2026 11:34:53,7.41,23.69,-32.81
752,07/07/2026 11:44:53,7.40,23.62,-31.92
753,07/07/2026 11:54:53,7.41,23.64,-32.75
754,07/07/2026 12:04:53,7.41,23.57,-33.00
755,07/07/2026 12:14:53,7.41,23.64,-32.92
756,07/07/2026 12:24:53,7.42,23.74,-33.30
757,07/07/2026 12:34:53,7.42,23.71,-33.41
758,07/07/2026 12:44:53,7.44,23.64,-34.38
759,07/07/2026 12:54:53,7.54,23.59,-40.25
760,07/07/2026 13:04:53,7.68,23.64,-48.22
761,07/07/2026 13:14:53,7.69,23.64,-48.38
762,07/07/2026 13:24:53,7.67,23.59,-47.16
763,07/07/2026 13:34:53,7.70,23.52,-48.89
764,07/07/2026 13:44:53,7.70,23.40,-49.19
765,07/07/2026 13:54:53,7.68,23.16,-47.94
766,07/07/2026 14:04:53,7.68,22.99,-48.00
767,07/07/2026 14:14:53,7.70,22.90,-48.81
768,07/07/2026 14:24:53,7.70,22.80,-48.89
769,07/07/2026 14:34:53,7.73,22.73,-50.63
770,07/07/2026 14:44:53,7.78,22.49,-53.25
771,07/07/2026 14:54:53,7.78,22.35,-53.67
772,07/07/2026 15:04:53,7.79,22.20,-53.89
773,07/07/2026 15:14:53,7.80,21.91,-54.64
774,07/07/2026 15:24:53,7.82,21.65,-55.58
775,07/07/2026 15:34:53,7.83,21.49,-56.25
776,07/07/2026 15:44:53,7.84,21.29,-56.81
777,07/07/2026 15:54:53,7.85,21.13,-57.38
778,07/07/2026 16:04:53,7.86,21.10,-57.85
779,07/07/2026 16:14:53,7.88,20.86,-58.52
780,07/07/2026 16:24:53,7.89,20.60,-59.17
781,07/07/2026 16:34:53,7.91,20.27,-60.20
782,07/07/2026 16:44:53,7.93,19.89,-61.27
783,07/07/2026 16:54:53,7.95,19.53,-62.19
784,07/07/2026 17:04:53,7.96,19.27,-62.78
785,07/07/2026 17:14:53,7.97,19.01,-63.27
786,07/07/2026 17:24:53,7.98,18.70,-63.80
787,07/07/2026 17:34:53,7.99,18.44,-64.39
788,07/07/2026 17:44:53,7.98,18.22,-63.97
789,07/07/2026 17:54:53,7.98,18.08,-63.94
790,07/07/2026 18:04:53,7.99,18.06,-64.52
791,07/07/2026 18:14:53,7.98,18.22,-63.88
792,07/07/2026 18:24:53,7.99,18.10,-64.55
793,07/07/2026 18:34:53,7.98,18.46,-63.99
794,07/07/2026 18:44:53,7.97,18.70,-63.22
795,07/07/2026 18:54:53,7.94,19.17,-62.10
796,07/07/2026 19:04:53,7.93,19.53,-61.31
797,07/07/2026 19:14:53,7.90,19.91,-59.49
798,07/07/2026 19:24:53,7.88,20.17,-58.67
799,07/07/2026 19:34:53,7.89,20.32,-59.00
800,07/07/2026 19:44:53,7.87,20.44,-58.36
801,07/07/2026 19:54:53,7.86,20.56,-57.66
802,07/07/2026 20:04:53,7.84,20.72,-56.70
803,07/07/2026 20:14:53,7.83,20.84,-55.72
804,07/07/2026 20:24:53,7.81,20.96,-54.78
805,07/07/2026 20:34:53,7.79,21.03,-53.53
806,07/07/2026 20:44:53,7.76,21.15,-52.28
807,07/07/2026 20:54:53,7.75,21.27,-51.56
808,07/07/2026 21:04:53,7.73,21.37,-50.24
809,07/07/2026 21:14:53,7.70,21.46,-48.69
810,07/07/2026 21:24:53,7.67,21.56,-47.19
811,07/07/2026 21:34:53,7.66,21.63,-46.74
812,07/07/2026 21:44:53,7.65,21.65,-45.88
813,07/07/2026 21:54:53,7.63,21.70,-44.92
814,07/07/2026 22:04:53,7.60,21.70,-43.10
815,07/07/2026 22:14:53,7.55,21.75,-40.67
816,07/07/2026 22:24:53,7.53,21.80,-39.49
817,07/07/2026 22:34:53,7.51,21.82,-38.42
818,07/07/2026 22:44:53,7.49,21.82,-37.28
819,07/07/2026 22:54:53,7.47,21.87,-35.99
820,07/07/2026 23:04:53,7.45,21.89,-35.00
821,07/07/2026 23:14:53,7.43,21.91,-33.89
822,07/07/2026 23:24:53,7.42,21.91,-33.27
823,07/07/2026 23:34:53,7.41,21.89,-32.34
824,07/07/2026 23:44:53,7.39,21.91,-31.61
825,07/07/2026 23:54:53,7.38,21.89,-31.16
826,07/08/2026 00:04:53,7.38,21.89,-30.77
827,07/08/2026 00:14:53,7.36,21.87,-29.74
828,07/08/2026 00:24:53,7.33,21.87,-28.22
829,07/08/2026 00:34:53,7.33,21.70,-28.08
830,07/08/2026 00:44:53,7.35,21.75,-29.49
831,07/08/2026 00:54:53,7.38,21.82,-30.97
832,07/08/2026 01:04:53,7.37,21.94,-30.24
833,07/08/2026 01:14:53,7.38,21.91,-31.11
834,07/08/2026 01:24:53,7.40,21.91,-32.02
835,07/08/2026 01:34:53,7.45,21.89,-34.88
836,07/08/2026 01:44:53,7.57,21.89,-41.70
837,07/08/2026 01:54:53,7.64,21.99,-45.25
838,07/08/2026 02:04:53,7.64,21.91,-45.35
839,07/08/2026 02:14:53,7.63,21.84,-45.10
840,07/08/2026 02:24:53,7.62,21.63,-44.27
841,07/08/2026 02:34:53,7.58,21.39,-41.81
842,07/08/2026 02:44:53,7.59,21.29,-42.49
843,07/08/2026 02:54:53,7.62,21.29,-44.45
844,07/08/2026 03:04:53,7.65,21.32,-45.99
845,07/08/2026 03:14:53,7.70,21.17,-48.58
846,07/08/2026 03:24:53,7.72,20.98,-50.03
847,07/08/2026 03:34:53,7.73,20.89,-50.45
848,07/08/2026 03:44:53,7.73,20.79,-50.67
849,07/08/2026 03:54:53,7.76,20.53,-52.00
850,07/08/2026 04:04:53,7.79,20.29,-53.56
851,07/08/2026 04:14:53,7.79,20.17,-53.47
852,07/08/2026 04:24:53,7.79,20.15,-53.58
853,07/08/2026 04:34:53,7.80,20.08,-54.22
854,07/08/2026 04:44:53,7.80,20.03,-54.44
855,07/08/2026 04:54:53,7.82,19.91,-55.25
856,07/08/2026 05:04:53,7.84,19.70,-56.41
857,07/08/2026 05:14:53,7.85,19.44,-57.00
858,07/08/2026 05:24:53,7.88,19.17,-58.56
859,07/08/2026 05:34:53,7.90,19.08,-59.38
860,07/08/2026 05:44:53,7.89,19.03,-59.31
861,07/08/2026 05:54:53,7.90,18.94,-59.36
862,07/08/2026 06:04:53,7.87,18.87,-58.13
863,07/08/2026 06:14:53,7.89,18.82,-59.00
864,07/08/2026 06:24:53,7.91,18.84,-60.22
865,07/08/2026 06:34:53,7.92,18.87,-60.64
866,07/08/2026 06:44:53,7.90,18.96,-59.58
867,07/08/2026 06:54:53,7.90,19.08,-59.41
868,07/08/2026 07:04:53,7.89,19.20,-58.92
869,07/08/2026 07:14:53,7.88,19.22,-58.56
870,07/08/2026 07:24:53,7.87,19.34,-57.91
871,07/08/2026 07:34:53,7.86,19.51,-57.53
872,07/08/2026 07:44:53,7.85,19.63,-56.69
873,07/08/2026 07:54:53,7.84,19.75,-56.14
874,07/08/2026 08:04:53,7.83,19.86,-55.63
875,07/08/2026 08:14:53,7.82,19.98,-55.17
876,07/08/2026 08:24:53,7.81,20.08,-55.03
877,07/08/2026 08:34:53,7.81,20.17,-54.77
878,07/08/2026 08:44:53,7.80,20.27,-54.35
879,07/08/2026 08:54:53,7.79,20.39,-53.67
880,07/08/2026 09:04:53,7.78,20.53,-53.11
881,07/08/2026 09:14:53,7.77,20.65,-52.45
882,07/08/2026 09:24:53,7.75,20.79,-51.45
883,07/08/2026 09:34:53,7.72,20.94,-49.94
884,07/08/2026 09:44:53,7.69,21.06,-48.41
885,07/08/2026 09:54:53,7.69,21.15,-48.17
886,07/08/2026 10:04:53,7.66,21.27,-46.39
887,07/08/2026 10:14:53,7.63,21.39,-45.11
888,07/08/2026 10:24:53,7.61,21.51,-43.56
889,07/08/2026 10:34:53,7.60,21.63,-43.24
890,07/08/2026 10:44:53,7.60,21.72,-43.31
891,07/08/2026 10:54:53,7.59,21.84,-42.69
892,07/08/2026 11:04:53,7.61,21.96,-43.85
893,07/08/2026 11:14:53,7.59,22.11,-42.70
894,07/08/2026 11:24:53,7.61,22.25,-43.72
895,07/08/2026 11:34:53,7.61,22.39,-43.70
896,07/08/2026 11:44:53,7.59,22.51,-42.94
897,07/08/2026 11:54:53,7.57,22.68,-41.83
898,07/08/2026 12:04:53,7.58,22.78,-42.24
899,07/08/2026 12:14:53,7.57,22.92,-41.58
900,07/08/2026 12:24:53,7.57,23.06,-41.69
901,07/08/2026 12:34:53,7.67,23.42,-47.47
902,07/08/2026 12:44:53,7.62,23.33,-44.52
903,07/08/2026 12:54:53,7.63,23.33,-44.95
904,07/08/2026 13:04:53,7.59,23.16,-43.05
905,07/08/2026 13:14:53,7.57,23.02,-41.89
906,07/08/2026 13:24:53,7.60,23.02,-43.14
907,07/08/2026 13:34:53,7.60,23.18,-43.41
908,07/08/2026 13:44:53,7.62,23.40,-44.58
909,07/08/2026 13:54:53,7.77,23.45,-53.08
910,07/08/2026 14:04:53,7.80,23.52,-54.94
911,07/08/2026 14:14:53,7.86,23.50,-58.38
912,07/08/2026 14:24:53,7.90,23.38,-60.36
913,07/08/2026 14:34:53,7.87,23.28,-58.80
914,07/08/2026 14:44:53,7.84,23.21,-57.10
915,07/08/2026 14:54:53,7.83,22.90,-56.50
916,07/08/2026 15:04:53,7.84,22.61,-56.83
917,07/08/2026 15:14:53,7.85,22.25,-57.53
918,07/08/2026 15:24:53,7.87,21.99,-58.66
919,07/08/2026 15:34:53,7.88,21.87,-59.00
920,07/08/2026 15:44:53,7.88,21.70,-59.16
921,07/08/2026 15:54:53,7.89,21.51,-59.50
922,07/08/2026 16:04:53,7.90,21.39,-60.25
923,07/08/2026 16:14:53,7.91,21.32,-60.69
924,07/08/2026 16:24:53,7.91,21.29,-60.44
925,07/08/2026 16:34:53,7.91,21.25,-60.35
926,07/08/2026 16:44:53,7.92,21.17,-60.89
927,07/08/2026 16:54:53,7.92,21.03,-61.02
928,07/08/2026 17:04:53,7.93,20.91,-61.69
929,07/08/2026 17:14:53,7.96,20.79,-62.97
930,07/08/2026 17:24:53,7.96,20.63,-63.44
931,07/08/2026 17:34:53,7.99,20.60,-64.97
932,07/08/2026 17:44:53,8.05,20.34,-68.19
933,07/08/2026 17:54:53,8.09,20.10,-70.42
934,07/08/2026 18:04:53,8.10,19.98,-71.05
935,07/08/2026 18:14:53,8.11,19.89,-71.35
936,07/08/2026 18:24:53,8.11,19.86,-71.19
937,07/08/2026 18:34:53,8.09,19.84,-70.11
938,07/08/2026 18:44:53,8.05,19.84,-67.91
939,07/08/2026 18:54:53,8.05,19.84,-67.96
940,07/08/2026 19:04:53,8.10,19.84,-70.74
941,07/08/2026 19:14:53,8.10,19.82,-71.13
942,07/08/2026 19:24:53,8.10,19.86,-71.10
943,07/08/2026 19:34:53,8.07,20.13,-69.25
944,07/08/2026 19:44:53,8.04,20.34,-67.72
945,07/08/2026 19:54:53,8.03,20.44,-67.27
946,07/08/2026 20:04:53,7.99,20.65,-64.75
947,07/08/2026 20:14:53,7.96,20.82,-63.00
948,07/08/2026 20:24:53,7.91,21.10,-60.35
949,07/08/2026 20:34:53,7.89,21.25,-59.28
950,07/08/2026 20:44:53,7.87,21.39,-58.19
951,07/08/2026 20:54:53,7.84,21.51,-56.67
952,07/08/2026 21:04:53,7.81,21.65,-55.24
953,07/08/2026 21:14:53,7.80,21.72,-54.22
954,07/08/2026 21:24:53,7.78,21.84,-53.63
955,07/08/2026 21:34:53,7.77,21.96,-52.80
956,07/08/2026 21:44:53,7.73,22.08,-50.72
957,07/08/2026 21:54:53,7.73,22.18,-50.69
958,07/08/2026 22:04:53,7.66,22.37,-46.97
959,07/08/2026 22:14:53,7.67,22.44,-47.30
960,07/08/2026 22:24:53,7.63,22.56,-45.10
961,07/08/2026 22:34:53,7.61,22.63,-44.11
962,07/08/2026 22:44:53,7.58,22.75,-42.06
963,07/08/2026 22:54:53,7.58,22.85,-42.00
964,07/08/2026 23:04:53,7.53,22.94,-39.53
965,07/08/2026 23:14:53,7.50,23.06,-37.86
966,07/08/2026 23:24:53,7.50,23.14,-37.86
967,07/08/2026 23:34:53,7.47,23.21,-36.03
968,07/08/2026 23:44:53,7.43,23.23,-33.61
969,07/08/2026 23:54:53,7.42,23.28,-33.13
970,07/09/2026 00:04:53,7.41,23.30,-32.92
971,07/09/2026 00:14:53,7.37,23.33,-30.59
972,07/09/2026 00:24:53,7.36,23.40,-29.97
973,07/09/2026 00:34:53,7.34,23.45,-28.83
974,07/09/2026 00:44:53,7.31,23.50,-27.25
975,07/09/2026 00:54:53,7.29,23.52,-25.95
976,07/09/2026 01:04:53,7.27,23.52,-24.70
977,07/09/2026 01:14:53,7.25,23.57,-23.86
978,07/09/2026 01:24:53,7.24,23.47,-22.94
979,07/09/2026 01:34:53,7.25,23.40,-23.91
980,07/09/2026 01:44:53,7.26,23.47,-24.17
981,07/09/2026 01:54:53,7.28,23.50,-25.61
982,07/09/2026 02:04:53,7.31,23.45,-27.20
983,07/09/2026 02:14:53,7.32,23.42,-27.94
984,07/09/2026 02:24:53,7.35,23.38,-29.52
985,07/09/2026 02:34:53,7.46,23.21,-35.33
986,07/09/2026 02:44:53,7.63,22.97,-45.11
987,07/09/2026 02:54:53,7.70,22.85,-48.78
988,07/09/2026 03:04:53,7.68,22.70,-48.02
989,07/09/2026 03:14:53,7.68,22.61,-47.69
990,07/09/2026 03:24:53,7.63,22.47,-45.11
991,07/09/2026 03:34:53,7.61,22.44,-43.89
992,07/09/2026 03:44:53,7.63,22.37,-45.08
993,07/09/2026 03:54:53,7.66,22.35,-46.95
994,07/09/2026 04:04:53,7.70,22.25,-48.91
995,07/09/2026 04:14:53,7.75,21.99,-51.47
996,07/09/2026 04:24:53,7.76,21.84,-52.36
997,07/09/2026 04:34:53,7.79,21.72,-53.86
998,07/09/2026 04:44:53,7.80,21.58,-54.44
999,07/09/2026 04:54:53,7.82,21.39,-55.60
1000,07/09/2026 05:04:53,7.83,21.29,-56.20
1001,07/09/2026 05:14:53,7.83,21.25,-56.27
1002,07/09/2026 05:24:53,7.84,21.20,-56.69
1003,07/09/2026 05:34:53,7.85,21.15,-57.28
1004,07/09/2026 05:44:53,7.84,21.15,-56.83
1005,07/09/2026 05:54:53,7.84,21.15,-56.66
1006,07/09/2026 06:04:53,7.87,21.03,-58.00
1007,07/09/2026 06:14:53,7.88,20.91,-58.86
1008,07/09/2026 06:24:53,7.89,20.86,-59.14
1009,07/09/2026 06:34:53,7.92,20.70,-60.74
1010,07/09/2026 06:44:53,7.92,20.63,-60.77
1011,07/09/2026 06:54:53,7.91,20.56,-60.67
1012,07/09/2026 07:04:53,7.92,20.32,-60.88
1013,07/09/2026 07:14:53,7.94,20.17,-61.89
1014,07/09/2026 07:24:53,7.96,20.17,-62.91
1015,07/09/2026 07:34:53,7.95,20.44,-62.88
1016,07/09/2026 07:44:53,7.93,20.56,-61.74
1017,07/09/2026 07:54:53,7.92,20.72,-60.83
1018,07/09/2026 08:04:53,7.88,21.01,-58.99
1019,07/09/2026 08:14:53,7.88,21.10,-58.89
1020,07/09/2026 08:24:53,7.89,21.15,-59.17
1021,07/09/2026 08:34:53,7.89,21.20,-59.44
1022,07/09/2026 08:44:53,7.88,21.25,-59.08
1023,07/09/2026 08:54:53,7.89,21.29,-59.39
1024,07/09/2026 09:04:53,7.88,21.39,-58.72
1025,07/09/2026 09:14:53,7.88,21.46,-58.74
1026,07/09/2026 09:24:53,7.87,21.56,-58.41
1027,07/09/2026 09:34:53,7.87,21.68,-58.44
1028,07/09/2026 09:44:53,7.86,21.77,-57.56
1029,07/09/2026 09:54:53,7.84,21.96,-56.70
1030,07/09/2026 10:04:53,7.84,22.08,-56.75
1031,07/09/2026 10:14:53,7.82,22.25,-55.72
1032,07/09/2026 10:24:53,7.78,22.47,-53.63
1033,07/09/2026 10:34:53,7.77,22.61,-52.92
1034,07/09/2026 10:44:53,7.73,22.80,-50.58
1035,07/09/2026 10:54:53,7.73,22.92,-50.61
1036,07/09/2026 11:04:53,7.71,23.11,-49.45
1037,07/09/2026 11:14:53,7.69,23.30,-48.36
1038,07/09/2026 11:24:53,7.68,23.50,-47.70
1039,07/09/2026 11:34:53,7.68,23.64,-48.06
1040,07/09/2026 11:44:53,7.67,23.83,-47.25
1041,07/09/2026 11:54:53,7.67,24.05,-47.58
1042,07/09/2026 12:04:53,7.68,24.24,-47.95
1043,07/09/2026 12:14:53,7.68,24.36,-47.85
1044,07/09/2026 12:24:53,7.68,24.51,-48.30
1045,07/09/2026 12:34:53,7.69,24.60,-48.49
1046,07/09/2026 12:44:53,7.68,24.73,-47.89
1047,07/09/2026 12:54:53,7.69,24.87,-48.70
1048,07/09/2026 13:04:53,7.66,24.99,-46.91
1049,07/09/2026 13:14:53,7.59,25.11,-42.94
1050,07/09/2026 13:24:53,7.67,25.43,-47.89
1051,07/09/2026 13:34:53,7.70,25.33,-49.20
1052,07/09/2026 13:44:53,7.53,25.48,-39.47
1053,07/09/2026 13:54:53,7.65,25.40,-46.66
1054,07/09/2026 14:04:53,7.48,25.14,-36.88
1055,07/09/2026 14:14:53,7.67,25.19,-47.53
1056,07/09/2026 14:24:53,7.60,25.16,-43.72
1057,07/09/2026 14:34:53,7.65,25.14,-46.60
1058,07/09/2026 14:44:53,7.71,25.06,-49.80
1059,07/09/2026 14:54:53,7.85,25.04,-57.95
1060,07/09/2026 15:04:53,7.81,24.94,-55.31
1061,07/09/2026 15:14:53,7.93,24.73,-62.22
1062,07/09/2026 15:24:53,7.89,24.73,-60.17
1063,07/09/2026 15:34:53,7.85,24.75,-57.85
1064,07/09/2026 15:44:53,7.86,24.58,-58.44
1065,07/09/2026 15:54:53,7.84,24.17,-57.17
1066,07/09/2026 16:04:53,7.87,23.76,-58.80
1067,07/09/2026 16:14:53,7.89,23.52,-59.70
1068,07/09/2026 16:24:53,7.88,23.33,-59.28
1069,07/09/2026 16:34:53,7.91,23.11,-60.72
1070,07/09/2026 16:44:53,7.92,22.85,-61.64
1071,07/09/2026 16:54:53,7.93,22.70,-62.08
1072,07/09/2026 17:04:53,7.94,22.58,-62.61
1073,07/09/2026 17:14:53,7.94,22.61,-62.33
1074,07/09/2026 17:24:53,7.94,22.68,-62.21
1075,07/09/2026 17:34:53,7.94,22.56,-62.71
1076,07/09/2026 17:44:53,7.95,22.37,-63.21
1077,07/09/2026 17:54:53,7.97,22.18,-63.81
1078,07/09/2026 18:04:53,7.99,21.91,-64.97
1079,07/09/2026 18:14:53,8.01,21.41,-66.25
1080,07/09/2026 18:24:53,8.03,21.03,-66.99
1081,07/09/2026 18:34:53,8.04,20.46,-67.80
1082,07/09/2026 18:44:53,8.04,20.17,-67.72
1083,07/09/2026 18:54:53,8.05,19.82,-68.14
1084,07/09/2026 19:04:53,8.06,19.53,-68.85
1085,07/09/2026 19:14:53,8.05,19.46,-68.27
1086,07/09/2026 19:24:53,8.06,19.34,-68.52
1087,07/09/2026 19:34:53,8.06,19.29,-68.33
1088,07/09/2026 19:44:53,8.03,19.27,-67.05
1089,07/09/2026 19:54:53,7.99,19.25,-64.38
1090,07/09/2026 20:04:53,8.04,19.22,-67.28
1091,07/09/2026 20:14:53,8.05,19.25,-67.85
1092,07/09/2026 20:24:53,8.04,19.65,-67.28
1093,07/09/2026 20:34:53,8.04,19.84,-67.49
1094,07/09/2026 20:44:53,8.00,20.72,-65.56
1095,07/09/2026 20:54:53,7.99,21.03,-65.19
1096,07/09/2026 21:04:53,7.96,21.51,-63.14
1097,07/09/2026 21:14:53,7.92,21.94,-61.05
1098,07/09/2026 21:24:53,7.88,22.25,-59.11
1099,07/09/2026 21:34:53,7.87,22.44,-58.67
1100,07/09/2026 21:44:53,7.84,22.66,-56.97
1101,07/09/2026 21:54:53,7.80,22.92,-54.85
1102,07/09/2026 22:04:53,7.79,23.06,-54.36
1103,07/09/2026 22:14:53,7.78,23.16,-53.55
1104,07/09/2026 22:24:53,7.75,23.26,-52.05
1105,07/09/2026 22:34:53,7.74,23.38,-51.13
1106,07/09/2026 22:44:53,7.68,23.52,-47.75
1107,07/09/2026 22:54:53,7.65,23.64,-46.56
1108,07/09/2026 23:04:53,7.63,23.76,-45.38
1109,07/09/2026 23:14:53,7.62,23.86,-44.55
1110,07/09/2026 23:24:53,7.56,24.03,-41.25
1111,07/09/2026 23:34:53,7.53,24.12,-39.83
1112,07/09/2026 23:44:53,7.51,24.22,-38.47
1113,07/09/2026 23:54:53,7.47,24.34,-36.33
1114,07/10/2026 00:04:53,7.45,24.46,-34.91
1115,07/10/2026 00:14:53,7.44,24.56,-34.55
1116,07/10/2026 00:24:53,7.41,24.63,-32.83
1117,07/10/2026 00:34:53,7.37,24.70,-30.33
1118,07/10/2026 00:44:53,7.35,24.77,-29.38
1119,07/10/2026 00:54:53,7.32,24.82,-27.91
1120,07/10/2026 01:04:53,7.31,24.87,-27.24
1121,07/10/2026 01:14:53,7.29,24.92,-26.28
1122,07/10/2026 01:24:53,7.27,25.02,-25.05
1123,07/10/2026 01:34:53,7.24,25.06,-23.06
1124,07/10/2026 01:44:53,7.22,25.14,-22.02
1125,07/10/2026 01:54:53,7.19,25.19,-20.52
1126,07/10/2026 02:04:53,7.17,25.23,-19.48
1127,07/10/2026 02:14:53,7.15,25.23,-17.98
1128,07/10/2026 02:24:53,7.14,25.21,-17.53
1129,07/10/2026 02:34:53,7.14,25.11,-17.80
1130,07/10/2026 02:44:53,7.14,25.11,-17.45
1131,07/10/2026 02:54:53,7.14,25.16,-17.53
1132,07/10/2026 03:04:53,7.16,25.21,-18.48
1133,07/10/2026 03:14:53,7.17,25.19,-19.41
1134,07/10/2026 03:24:53,7.20,25.11,-21.08
1135,07/10/2026 03:34:53,7.23,25.04,-22.94
1136,07/10/2026 03:44:53,7.44,24.70,-34.44
1137,07/10/2026 03:54:53,7.57,24.51,-42.08
1138,07/10/2026 04:04:53,7.55,24.39,-40.66
1139,07/10/2026 04:14:53,7.59,24.24,-43.11
1140,07/10/2026 04:24:53,7.59,24.12,-42.77
1141,07/10/2026 04:34:53,7.57,24.05,-41.60
1142,07/10/2026 04:44:53,7.57,23.98,-41.77
1143,07/10/2026 04:54:53,7.56,23.95,-41.27
1144,07/10/2026 05:04:53,7.64,23.79,-45.53
1145,07/10/2026 05:14:53,7.66,23.64,-47.08
1146,07/10/2026 05:24:53,7.68,23.47,-47.83
1147,07/10/2026 05:34:53,7.71,23.28,-49.66
1148,07/10/2026 05:44:53,7.74,22.99,-51.30
1149,07/10/2026 05:54:53,7.77,22.80,-52.78
1150,07/10/2026 06:04:53,7.78,22.70,-53.33
1151,07/10/2026 06:14:53,7.80,22.58,-54.31
1152,07/10/2026 06:24:53,7.81,22.47,-55.10
1153,07/10/2026 06:34:53,7.81,22.44,-55.36
1154,07/10/2026 06:44:53,7.82,22.42,-55.56
1155,07/10/2026 06:54:53,7.84,22.25,-56.60
1156,07/10/2026 07:04:53,7.85,22.08,-57.50
1157,07/10/2026 07:14:53,7.87,21.87,-58.49
1158,07/10/2026 07:24:53,7.89,21.56,-59.61
1159,07/10/2026 07:34:53,7.94,20.75,-62.35
1160,07/10/2026 07:44:53,7.97,20.32,-63.72
1161,07/10/2026 07:54:53,7.99,20.06,-64.77
1162,07/10/2026 08:04:53,8.01,19.91,-65.67
1163,07/10/2026 08:14:53,8.01,19.86,-65.86
1164,07/10/2026 08:24:53,8.01,19.75,-65.97
1165,07/10/2026 08:34:53,8.01,20.06,-65.77
1166,07/10/2026 08:44:53,7.99,20.34,-64.99
1167,07/10/2026 08:54:53,7.98,20.75,-64.39
1168,07/10/2026 09:04:53,7.95,21.25,-62.99
1169,07/10/2026 09:14:53,7.93,21.82,-61.49
1170,07/10/2026 09:24:53,7.91,22.25,-60.60
1171,07/10/2026 09:34:53,7.90,22.39,-60.35
1172,07/10/2026 09:44:53,7.90,22.44,-60.31
1173,07/10/2026 09:54:53,7.90,22.44,-60.42
1174,07/10/2026 10:04:53,7.89,22.63,-59.67
1175,07/10/2026 10:14:53,7.89,22.68,-59.78
1176,07/10/2026 10:24:53,7.88,22.92,-59.00
1177,07/10/2026 10:34:53,7.86,23.18,-58.17
1178,07/10/2026 10:44:53,7.83,23.33,-56.39
1179,07/10/2026 10:54:53,7.82,23.50,-56.08
1180,07/10/2026 11:04:53,7.81,23.66,-55.45
1181,07/10/2026 11:14:53,7.81,23.83,-55.36
1182,07/10/2026 11:24:53,7.76,24.07,-52.36
1183,07/10/2026 11:34:53,7.75,24.27,-52.16
1184,07/10/2026 11:44:53,7.72,24.48,-50.24
1185,07/10/2026 11:54:53,7.71,24.65,-49.99
1186,07/10/2026 12:04:53,7.68,24.85,-48.39
1187,07/10/2026 12:14:53,7.64,25.04,-46.00
1188,07/10/2026 12:24:53,7.60,25.21,-43.80
1189,07/10/2026 12:34:53,7.61,25.31,-44.42
1190,07/10/2026 12:44:53,7.64,25.45,-46.10
1191,07/10/2026 12:54:53,7.59,25.60,-43.13
1192,07/10/2026 13:04:53,7.58,25.70,-42.44
1193,07/10/2026 13:14:53,7.64,25.84,-45.75
1194,07/10/2026 13:24:53,7.61,25.96,-44.28
1195,07/10/2026 13:34:53,7.61,26.08,-44.16
1196,07/10/2026 13:44:53,7.62,26.30,-44.86
1197,07/10/2026 13:54:53,7.58,26.38,-42.61
1198,07/10/2026 14:04:53,7.58,26.50,-42.50
1199,07/10/2026 14:14:53,7.61,26.62,-44.55
1200,07/10/2026 14:24:53,7.56,26.82,-41.55
1201,07/10/2026 14:34:53,7.66,26.84,-47.02
1202,07/10/2026 14:44:53,7.53,26.67,-39.97
1203,07/10/2026 14:54:53,7.46,26.57,-35.64
1204,07/10/2026 15:04:53,7.53,26.52,-39.75
1205,07/10/2026 15:14:53,7.59,26.48,-42.97
1206,07/10/2026 15:24:53,7.57,26.43,-42.35
1207,07/10/2026 15:34:53,7.77,26.01,-53.49
1208,07/10/2026 15:44:53,7.70,25.99,-49.42
1209,07/10/2026 15:54:53,7.76,26.08,-52.60
1210,07/10/2026 16:04:53,7.80,25.67,-54.95
1211,07/10/2026 16:14:53,7.85,25.70,-57.86
1212,07/10/2026 16:24:53,7.79,25.91,-54.39
1213,07/10/2026 16:34:53,7.80,25.82,-54.80
1214,07/10/2026 16:44:53,7.79,25.57,-54.55
1215,07/10/2026 16:54:53,7.77,25.09,-53.35
1216,07/10/2026 17:04:53,7.81,24.60,-55.74
1217,07/10/2026 17:14:53,7.84,24.48,-57.03
1218,07/10/2026 17:24:53,7.85,24.29,-57.42
1219,07/10/2026 17:34:53,7.85,24.05,-57.41
1220,07/10/2026 17:44:53,7.86,23.74,-57.97
1221,07/10/2026 17:54:53,7.86,23.64,-58.11
1222,07/10/2026 18:04:53,7.87,23.50,-58.66
1223,07/10/2026 18:14:53,7.87,23.45,-58.58
1224,07/10/2026 18:24:53,7.88,23.21,-59.41
1225,07/10/2026 18:34:53,7.90,22.97,-60.38
1226,07/10/2026 18:44:53,7.92,22.68,-61.20
1227,07/10/2026 18:54:53,7.93,22.44,-61.83
1228,07/10/2026 19:04:53,7.96,22.11,-63.41
1229,07/10/2026 19:14:53,8.00,21.53,-65.53
1230,07/10/2026 19:24:53,8.03,20.96,-67.35
1231,07/10/2026 19:34:53,8.05,20.67,-68.05
1232,07/10/2026 19:44:53,8.05,20.46,-68.13
1233,07/10/2026 19:54:53,8.05,20.29,-68.17
1234,07/10/2026 20:04:53,8.05,20.17,-68.22
1235,07/10/2026 20:14:53,8.05,20.10,-67.99
1236,07/10/2026 20:24:53,8.04,20.03,-67.67
1237,07/10/2026 20:34:53,8.04,19.96,-67.55
1238,07/10/2026 20:44:53,8.02,19.89,-66.69
1239,07/10/2026 20:54:53,7.99,19.84,-64.99
1240,07/10/2026 21:04:53,8.02,19.82,-66.25
1241,07/10/2026 21:14:53,8.04,19.82,-67.39
1242,07/10/2026 21:24:53,8.04,20.10,-67.47
1243,07/10/2026 21:34:53,8.00,20.89,-65.33
1244,07/10/2026 21:44:53,7.96,21.32,-63.30
1245,07/10/2026 21:54:53,8.00,20.98,-65.36
1246,07/10/2026 22:04:53,7.94,21.46,-62.10
1247,07/10/2026 22:14:53,7.90,21.87,-59.83
1248,07/10/2026 22:24:53,7.86,22.15,-58.16
1249,07/10/2026 22:34:53,7.82,22.51,-55.63
1250,07/10/2026 22:44:53,7.77,22.82,-52.95
1251,07/10/2026 22:54:53,7.73,23.06,-50.80
1252,07/10/2026 23:04:53,7.68,23.28,-47.85
1253,07/10/2026 23:14:53,7.70,23.35,-48.97
1254,07/10/2026 23:24:53,7.66,23.45,-46.66
1255,07/10/2026 23:34:53,7.61,23.62,-43.91
1256,07/10/2026 23:44:53,7.60,23.64,-43.72
1257,07/10/2026 23:54:53,7.58,23.71,-42.19
1258,07/11/2026 00:04:53,7.55,23.83,-40.64
1259,07/11/2026 00:14:53,7.49,23.91,-37.13
1260,07/11/2026 00:24:53,7.45,23.98,-35.30
1261,07/11/2026 00:34:53,7.43,24.10,-33.97
1262,07/11/2026 00:44:53,7.39,24.22,-31.61
1263,07/11/2026 00:54:53,7.35,24.29,-29.38
1264,07/11/2026 01:04:53,7.33,24.39,-28.27
1265,07/11/2026 01:14:53,7.30,24.46,-26.63
1266,07/11/2026 01:24:53,7.29,24.53,-25.83
1267,07/11/2026 01:34:53,7.28,24.63,-25.72
1268,07/11/2026 01:44:53,7.25,24.68,-23.78
1269,07/11/2026 01:54:53,7.23,24.75,-22.44
1270,07/11/2026 02:04:53,7.20,24.82,-20.92
1271,07/11/2026 02:14:53,7.18,24.90,-19.61
1272,07/11/2026 02:24:53,7.15,24.94,-18.14
1273,07/11/2026 02:34:53,7.13,25.02,-16.98
1274,07/11/2026 02:44:53,7.10,25.04,-15.58
1275,07/11/2026 02:54:53,7.09,25.09,-14.50
1276,07/11/2026 03:04:53,7.07,25.14,-13.61
1277,07/11/2026 03:14:53,7.06,25.09,-12.89
1278,07/11/2026 03:24:53,7.05,24.94,-12.27
1279,07/11/2026 03:34:53,7.02,24.90,-10.83
1280,07/11/2026 03:44:53,7.03,25.02,-11.25
1281,07/11/2026 03:54:53,7.04,24.99,-11.70
1282,07/11/2026 04:04:53,7.03,25.06,-11.52
1283,07/11/2026 04:14:53,7.03,25.14,-11.39
1284,07/11/2026 04:24:53,7.05,25.11,-12.45
1285,07/11/2026 04:34:53,7.07,25.06,-13.42
1286,07/11/2026 04:44:53,7.12,24.99,-16.36
1287,07/11/2026 04:54:53,7.31,24.80,-27.24
1288,07/11/2026 05:04:53,7.37,24.77,-30.31
1289,07/11/2026 05:14:53,7.39,24.70,-31.45
1290,07/11/2026 05:24:53,7.43,24.53,-33.86
1291,07/11/2026 05:34:53,7.42,24.41,-33.31
1292,07/11/2026 05:44:53,7.41,24.24,-32.72
1293,07/11/2026 05:54:53,7.43,24.10,-34.02
1294,07/11/2026 06:04:53,7.43,24.00,-34.00
1295,07/11/2026 06:14:53,7.50,23.91,-38.08
1296,07/11/2026 06:24:53,7.55,23.79,-40.75
1297,07/11/2026 06:34:53,7.58,23.64,-42.06
1298,07/11/2026 06:44:53,7.59,23.42,-42.88
1299,07/11/2026 06:54:53,7.64,23.23,-45.61
1300,07/11/2026 07:04:53,7.66,23.11,-47.05
1301,07/11/2026 07:14:53,7.70,22.99,-48.91
1302,07/11/2026 07:24:53,7.72,22.90,-50.08
1303,07/11/2026 07:34:53,7.73,22.80,-50.63
1304,07/11/2026 07:44:53,7.73,22.75,-50.60
1305,07/11/2026 07:54:53,7.74,22.70,-51.14
1306,07/11/2026 08:04:53,7.77,22.54,-52.86
1307,07/11/2026 08:14:53,7.80,22.30,-54.69
1308,07/11/2026 08:24:53,7.82,22.11,-55.80
1309,07/11/2026 08:34:53,7.86,21.82,-57.81
1310,07/11/2026 08:44:53,7.90,21.41,-60.13
1311,07/11/2026 08:54:53,7.95,20.84,-62.74
1312,07/11/2026 09:04:53,7.99,20.53,-64.77
1313,07/11/2026 09:14:53,8.01,20.46,-65.88
1314,07/11/2026 09:24:53,8.01,20.67,-66.00
1315,07/11/2026 09:34:53,8.02,20.48,-66.50
1316,07/11/2026 09:44:53,7.99,20.53,-65.03
1317,07/11/2026 09:54:53,7.93,21.08,-61.64
1318,07/11/2026 10:04:53,7.93,21.49,-61.44
1319,07/11/2026 10:14:53,7.90,21.87,-59.89
1320,07/11/2026 10:24:53,7.88,22.20,-58.89
1321,07/11/2026 10:34:53,7.86,22.42,-58.14
1322,07/11/2026 10:44:53,7.85,22.63,-57.16
1323,07/11/2026 10:54:53,7.83,22.80,-56.47
1324,07/11/2026 11:04:53,7.83,22.87,-56.25
1325,07/11/2026 11:14:53,7.81,23.11,-55.35
1326,07/11/2026 11:24:53,7.81,23.26,-55.14
1327,07/11/2026 11:34:53,7.80,23.40,-54.86
1328,07/11/2026 11:44:53,7.79,23.54,-54.08
1329,07/11/2026 11:54:53,7.77,23.71,-53.28
1330,07/11/2026 12:04:53,7.76,23.91,-52.45
1331,07/11/2026 12:14:53,7.73,24.12,-51.14
1332,07/11/2026 12:24:53,7.71,24.32,-49.66
1333,07/11/2026 12:34:53,7.68,24.51,-48.35
1334,07/11/2026 12:44:53,7.65,24.70,-46.63
1335,07/11/2026 12:54:53,7.63,24.87,-45.33
1336,07/11/2026 13:04:53,7.61,25.06,-44.25
1337,07/11/2026 13:14:53,7.58,25.23,-42.49
1338,07/11/2026 13:24:53,7.57,25.40,-41.70
1339,07/11/2026 13:34:53,7.56,25.53,-41.42
1340,07/11/2026 13:44:53,7.55,25.65,-40.91
1341,07/11/2026 13:54:53,7.55,25.79,-40.66
1342,07/11/2026 14:04:53,7.54,25.94,-40.13
1343,07/11/2026 14:14:53,7.53,26.06,-39.66
1344,07/11/2026 14:24:53,7.53,26.16,-39.97
1345,07/11/2026 14:34:53,7.53,26.21,-40.02
1346,07/11/2026 14:44:53,7.52,26.33,-39.39
1347,07/11/2026 14:54:53,7.52,26.43,-39.27
1348,07/11/2026 15:04:53,7.50,26.52,-38.27
1349,07/11/2026 15:14:53,7.52,26.52,-39.20
1350,07/11/2026 15:24:53,7.60,26.77,-43.94
1351,07/11/2026 15:34:53,7.60,26.72,-43.61
1352,07/11/2026 15:44:53,7.54,26.67,-40.50
1353,07/11/2026 15:54:53,7.51,26.57,-38.69
1354,07/11/2026 16:04:53,7.48,26.52,-36.94
1355,07/11/2026 16:14:53,7.46,26.45,-35.89
1356,07/11/2026 16:24:53,7.46,26.38,-35.94
1357,07/11/2026 16:34:53,7.49,26.21,-37.47
1358,07/11/2026 16:44:53,7.58,26.08,-42.70
1359,07/11/2026 16:54:53,7.60,26.11,-43.67
1360,07/11/2026 17:04:53,7.63,25.91,-45.41
1361,07/11/2026 17:14:53,7.66,25.87,-47.16
1362,07/11/2026 17:24:53,7.64,25.99,-46.25
1363,07/11/2026 17:34:53,7.63,25.91,-45.50
1364,07/11/2026 17:44:53,7.63,25.72,-45.67
1365,07/11/2026 17:54:53,7.67,25.40,-47.60
1366,07/11/2026 18:04:53,7.74,24.92,-51.27
1367,07/11/2026 18:14:53,7.75,24.68,-52.16
1368,07/11/2026 18:24:53,7.76,24.48,-52.74
1369,07/11/2026 18:34:53,7.78,24.29,-53.45
1370,07/11/2026 18:44:53,7.78,24.10,-53.61
1371,07/11/2026 18:54:53,7.79,23.98,-54.17
1372,07/11/2026 19:04:53,7.79,23.95,-54.39
1373,07/11/2026 19:14:53,7.80,23.81,-54.53
1374,07/11/2026 19:24:53,7.81,23.59,-55.49
1375,07/11/2026 19:34:53,7.84,23.30,-57.14
1376,07/11/2026 19:44:53,7.88,22.99,-59.05
1377,07/11/2026 19:54:53,7.92,22.58,-61.39
1378,07/11/2026 20:04:53,7.99,21.89,-65.14
1379,07/11/2026 20:14:53,8.04,21.37,-67.58
1380,07/11/2026 20:24:53,8.05,20.94,-68.17
1381,07/11/2026 20:34:53,8.04,20.67,-67.71
1382,07/11/2026 20:44:53,8.03,20.48,-67.27
1383,07/11/2026 20:54:53,8.03,20.29,-67.21
1384,07/11/2026 21:04:53,8.03,20.22,-67.13
1385,07/11/2026 21:14:53,8.03,20.15,-66.77
1386,07/11/2026 21:24:53,8.02,20.06,-66.50
1387,07/11/2026 21:34:53,8.02,20.03,-66.22
1388,07/11/2026 21:44:53,8.00,20.03,-65.52
1389,07/11/2026 21:54:53,7.97,20.03,-63.55
1390,07/11/2026 22:04:53,7.98,20.03,-64.42
1391,07/11/2026 22:14:53,8.01,20.06,-66.17
1392,07/11/2026 22:24:53,8.00,20.32,-65.61
1393,07/11/2026 22:34:53,7.98,20.75,-64.19
1394,07/11/2026 22:44:53,7.96,20.96,-63.36
1395,07/11/2026 22:54:53,7.98,20.86,-64.17
1396,07/11/2026 23:04:53,7.90,21.37,-59.75
1397,07/11/2026 23:14:53,7.87,21.60,-58.50
1398,07/11/2026 23:24:53,7.84,21.87,-56.61
1399,07/11/2026 23:34:53,7.76,22.25,-52.52
1400,07/11/2026 23:44:53,7.76,22.49,-52.31
1401,07/11/2026 23:54:53,7.72,22.63,-50.05
1402,07/12/2026 00:04:53,7.67,22.92,-47.60
1403,07/12/2026 00:14:53,7.63,22.99,-45.24
1404,07/12/2026 00:24:53,7.60,23.09,-43.53
1405,07/12/2026 00:34:53,7.54,23.21,-39.80
1406,07/12/2026 00:44:53,7.51,23.28,-38.55
1407,07/12/2026 00:54:53,7.50,23.30,-38.06
1408,07/12/2026 01:04:53,7.49,23.40,-37.31
1409,07/12/2026 01:14:53,7.46,23.40,-35.33
1410,07/12/2026 01:24:53,7.42,23.47,-33.14
1411,07/12/2026 01:34:53,7.38,23.52,-31.20
1412,07/12/2026 01:44:53,7.35,23.57,-29.16
1413,07/12/2026 01:54:53,7.32,23.64,-27.91
1414,07/12/2026 02:04:53,7.30,23.74,-26.75
1415,07/12/2026 02:14:53,7.27,23.79,-24.97
1416,07/12/2026 02:24:53,7.25,23.83,-23.77
1417,07/12/2026 02:34:53,7.24,23.91,-23.31
1418,07/12/2026 02:44:53,7.23,23.98,-22.56
1419,07/12/2026 02:54:53,7.21,24.03,-21.24
1420,07/12/2026 03:04:53,7.19,24.05,-20.14
1421,07/12/2026 03:14:53,7.16,24.05,-18.61
1422,07/12/2026 03:24:53,7.13,24.07,-17.00
1423,07/12/2026 03:34:53,7.11,24.07,-15.66
1424,07/12/2026 03:44:53,7.08,24.10,-14.30
1425,07/12/2026 03:54:53,7.07,24.07,-13.44
1426,07/12/2026 04:04:53,7.06,23.98,-13.08
1427,07/12/2026 04:14:53,7.04,24.10,-11.69
1428,07/12/2026 04:24:53,7.03,23.91,-11.41
1429,07/12/2026 04:34:53,7.02,23.88,-10.88
1430,07/12/2026 04:44:53,7.00,23.95,-9.77
1431,07/12/2026 04:54:53,7.00,23.95,-9.53
1432,07/12/2026 05:04:53,7.00,23.98,-9.55
1433,07/12/2026 05:14:53,6.99,24.03,-8.97
1434,07/12/2026 05:24:53,6.99,24.07,-8.91
1435,07/12/2026 05:34:53,7.01,24.07,-10.42
1436,07/12/2026 05:44:53,7.02,24.07,-10.75
1437,07/12/2026 05:54:53,7.12,24.07,-16.44
1438,07/12/2026 06:04:53,7.25,24.12,-23.55
1439,07/12/2026 06:14:53,7.28,24.19,-25.52
1440,07/12/2026 06:24:53,7.32,24.15,-27.81
1441,07/12/2026 06:34:53,7.34,24.03,-29.05
1442,07/12/2026 06:44:53,7.36,23.93,-30.20
1443,07/12/2026 06:54:53,7.38,23.81,-31.02
1444,07/12/2026 07:04:53,7.45,23.66,-34.80
1445,07/12/2026 07:14:53,7.41,23.59,-32.95
1446,07/12/2026 07:24:53,7.48,23.54,-36.59
1447,07/12/2026 07:34:53,7.48,23.50,-36.50
1448,07/12/2026 07:44:53,7.49,23.33,-37.03
1449,07/12/2026 07:54:53,7.53,23.18,-39.36
1450,07/12/2026 08:04:53,7.58,23.11,-42.14
1451,07/12/2026 08:14:53,7.61,23.02,-43.91
1452,07/12/2026 08:24:53,7.64,22.94,-45.91
1453,07/12/2026 08:34:53,7.67,22.87,-47.44
1454,07/12/2026 08:44:53,7.69,22.75,-48.58
1455,07/12/2026 08:54:53,7.71,22.75,-49.45
1456,07/12/2026 09:04:53,7.74,22.63,-51.11
1457,07/12/2026 09:14:53,7.76,22.49,-52.47
1458,07/12/2026 09:24:53,7.81,22.23,-54.88
1459,07/12/2026 09:34:53,7.85,21.91,-57.44
1460,07/12/2026 09:44:53,7.89,21.70,-59.52
1461,07/12/2026 09:54:53,7.95,21.32,-62.64
1462,07/12/2026 10:04:53,7.99,21.06,-65.17
1463,07/12/2026 10:14:53,8.05,20.84,-68.47
1464,07/12/2026 10:24:53,8.03,20.77,-66.96
1465,07/12/2026 10:34:53,8.01,20.86,-66.13
1466,07/12/2026 10:44:53,7.99,20.91,-65.17
1467,07/12/2026 10:54:53,7.94,21.41,-61.97
1468,07/12/2026 11:04:53,7.91,21.65,-60.86
1469,07/12/2026 11:14:53,7.88,21.99,-58.95
1470,07/12/2026 11:24:53,7.85,22.30,-57.56
1471,07/12/2026 11:34:53,7.84,22.56,-56.81
1472,07/12/2026 11:44:53,7.82,22.75,-55.78
1473,07/12/2026 11:54:53,7.80,22.97,-54.60
1474,07/12/2026 12:04:53,7.79,23.14,-54.00
1475,07/12/2026 12:14:53,7.77,23.30,-53.06
1476,07/12/2026 12:24:53,7.76,23.45,-52.67
1477,07/12/2026 12:34:53,7.76,23.59,-52.24
1478,07/12/2026 12:44:53,7.74,23.74,-51.52
1479,07/12/2026 12:54:53,7.73,23.91,-50.56
1480,07/12/2026 13:04:53,7.70,24.10,-49.39
1481,07/12/2026 13:14:53,7.69,24.29,-48.86
1482,07/12/2026 13:24:53,7.67,24.48,-47.44
1483,07/12/2026 13:34:53,7.64,24.70,-45.92
1484,07/12/2026 13:44:53,7.62,24.85,-44.92
1485,07/12/2026 13:54:53,7.59,25.06,-43.08
1486,07/12/2026 14:04:53,7.58,25.23,-42.38
1487,07/12/2026 14:14:53,7.56,25.36,-41.36
1488,07/12/2026 14:24:53,7.53,25.50,-39.53
1489,07/12/2026 14:34:53,7.51,25.60,-38.59
1490,07/12/2026 14:44:53,7.49,25.77,-37.42
1491,07/12/2026 14:54:53,7.49,25.82,-37.72
1492,07/12/2026 15:04:53,7.48,25.91,-36.94
1493,07/12/2026 15:14:53,7.49,25.96,-37.30
1494,07/12/2026 15:24:53,7.44,26.04,-34.86
1495,07/12/2026 15:34:53,7.45,26.04,-35.42
1496,07/12/2026 15:44:53,7.41,26.11,-33.06
1497,07/12/2026 15:54:53,7.38,26.08,-31.47
1498,07/12/2026 16:04:53,7.35,26.06,-29.53
1499,07/12/2026 16:14:53,7.35,26.16,-29.64
1500,07/12/2026 16:24:53,7.36,26.28,-30.03
1501,07/12/2026 16:34:53,7.38,26.28,-31.24
1502,07/12/2026 16:44:53,7.40,26.23,-32.28
1503,07/12/2026 16:54:53,7.40,26.13,-32.36
1504,07/12/2026 17:04:53,7.36,26.11,-29.86
1505,07/12/2026 17:14:53,7.36,26.08,-30.25
1506,07/12/2026 17:24:53,7.36,26.06,-29.89
1507,07/12/2026 17:34:53,7.38,26.04,-31.49
1508,07/12/2026 17:44:53,7.42,25.79,-33.55
1509,07/12/2026 17:54:53,7.50,25.55,-38.17
1510,07/12/2026 18:04:53,7.52,25.45,-39.05
1511,07/12/2026 18:14:53,7.56,25.38,-41.55
1512,07/12/2026 18:24:53,7.55,25.43,-40.69
1513,07/12/2026 18:34:53,7.57,25.43,-41.81
1514,07/12/2026 18:44:53,7.57,25.50,-41.88
1515,07/12/2026 18:54:53,7.58,25.36,-42.27
1516,07/12/2026 19:04:53,7.66,24.94,-46.95
1517,07/12/2026 19:14:53,7.68,24.68,-48.38
1518,07/12/2026 19:24:53,7.71,24.51,-49.99
1519,07/12/2026 19:34:53,7.73,24.32,-51.16
1520,07/12/2026 19:44:53,7.74,24.17,-51.35
1521,07/12/2026 19:54:53,7.76,24.00,-52.44
1522,07/12/2026 20:04:53,7.76,23.93,-52.75
1523,07/12/2026 20:14:53,7.76,23.95,-52.33
1524,07/12/2026 20:24:53,7.78,23.74,-53.77
1525,07/12/2026 20:34:53,7.82,23.45,-55.61
1526,07/12/2026 20:44:53,7.85,23.11,-57.75
1527,07/12/2026 20:54:53,7.90,22.66,-60.27
1528,07/12/2026 21:04:53,8.01,21.53,-65.96
1529,07/12/2026 21:14:53,8.03,20.89,-67.02
1530,07/12/2026 21:24:53,8.03,20.48,-67.22
1531,07/12/2026 21:34:53,8.03,20.32,-67.33
1532,07/12/2026 21:44:53,8.03,20.32,-67.30
1533,07/12/2026 21:54:53,8.03,20.32,-67.10
1534,07/12/2026 22:04:53,8.04,20.29,-67.39
1535,07/12/2026 22:14:53,8.03,20.32,-66.88
1536,07/12/2026 22:24:53,8.02,20.25,-66.74
1537,07/12/2026 22:34:53,8.02,20.22,-66.61
1538,07/12/2026 22:44:53,8.01,20.20,-66.21
1539,07/12/2026 22:54:53,8.00,20.22,-65.22
1540,07/12/2026 23:04:53,7.99,20.22,-64.66
1541,07/12/2026 23:14:53,8.03,20.22,-66.91
1542,07/12/2026 23:24:53,7.95,20.94,-62.83
1543,07/12/2026 23:34:53,7.98,20.75,-64.49
1544,07/12/2026 23:44:53,7.94,20.91,-61.94
1545,07/12/2026 23:54:53,7.96,20.75,-63.21
1546,07/13/2026 00:04:53,7.91,20.96,-60.53
1547,07/13/2026 00:14:53,7.86,21.17,-57.99
1548,07/13/2026 00:24:53,7.79,21.51,-53.85
1549,07/13/2026 00:34:53,7.78,21.65,-53.36
1550,07/13/2026 00:44:53,7.70,22.06,-49.02
1551,07/13/2026 00:54:53,7.72,22.13,-50.19
1552,07/13/2026 01:04:53,7.64,22.37,-45.42
1553,07/13/2026 01:14:53,7.62,22.51,-44.20
1554,07/13/2026 01:24:53,7.60,22.61,-43.42
1555,07/13/2026 01:34:53,7.57,22.68,-41.60
1556,07/13/2026 01:44:53,7.50,22.68,-37.95
1557,07/13/2026 01:54:53,7.49,22.78,-37.20
1558,07/13/2026 02:04:53,7.45,22.78,-35.03
1559,07/13/2026 02:14:53,7.44,22.87,-34.22
1560,07/13/2026 02:24:53,7.39,22.90,-31.81
1561,07/13/2026 02:34:53,7.37,22.92,-30.25
1562,07/13/2026 02:44:53,7.35,23.02,-29.28
1563,07/13/2026 02:54:53,7.32,23.11,-27.64
1564,07/13/2026 03:04:53,7.29,23.16,-25.97
1565,07/13/2026 03:14:53,7.27,23.26,-24.91
1566,07/13/2026 03:24:53,7.25,23.30,-23.97
1567,07/13/2026 03:34:53,7.24,23.38,-23.33
1568,07/13/2026 03:44:53,7.22,23.38,-21.83
1569,07/13/2026 03:54:53,7.20,23.42,-20.97
1570,07/13/2026 04:04:53,7.17,23.33,-19.33
1571,07/13/2026 04:14:53,7.16,23.40,-18.58
1572,07/13/2026 04:24:53,7.14,23.42,-17.31
1573,07/13/2026 04:34:53,7.11,23.40,-15.64
1574,07/13/2026 04:44:53,7.09,23.42,-14.52
1575,07/13/2026 04:54:53,7.08,23.30,-13.88
1576,07/13/2026 05:04:53,7.06,23.35,-12.88
1577,07/13/2026 05:14:53,7.04,23.26,-11.95
1578,07/13/2026 05:24:53,7.03,23.21,-11.09
1579,07/13/2026 05:34:53,7.00,23.28,-9.42
1580,07/13/2026 05:44:53,6.99,23.26,-9.17
1581,07/13/2026 05:54:53,6.99,23.26,-8.89
1582,07/13/2026 06:04:53,7.00,23.23,-9.61
1583,07/13/2026 06:14:53,7.01,23.21,-10.06
1584,07/13/2026 06:24:53,7.01,23.28,-9.97
1585,07/13/2026 06:34:53,7.00,23.30,-9.66
1586,07/13/2026 06:44:53,7.02,23.35,-10.75
1587,07/13/2026 06:54:53,7.04,23.38,-11.92
1588,07/13/2026 07:04:53,7.17,23.57,-19.14
1589,07/13/2026 07:14:53,7.22,23.57,-21.80
1590,07/13/2026 07:24:53,7.26,23.69,-24.52
1591,07/13/2026 07:34:53,7.30,23.64,-26.52
1592,07/13/2026 07:44:53,7.32,23.50,-27.53
1593,07/13/2026 07:54:53,7.34,23.45,-28.95
1594,07/13/2026 08:04:53,7.43,23.38,-33.58
1595,07/13/2026 08:14:53,7.42,23.23,-33.55
1596,07/13/2026 08:24:53,7.43,23.21,-33.95
1597,07/13/2026 08:34:53,7.46,23.16,-35.31
1598,07/13/2026 08:44:53,7.46,23.06,-35.28
1599,07/13/2026 08:54:53,7.52,22.94,-38.63
1600,07/13/2026 09:04:53,7.57,22.85,-41.66
1601,07/13/2026 09:14:53,7.59,22.78,-42.69
1602,07/13/2026 09:24:53,7.61,22.78,-43.86
1603,07/13/2026 09:34:53,7.62,22.73,-44.72
1604,07/13/2026 09:44:53,7.64,22.70,-45.36
1605,07/13/2026 09:54:53,7.66,22.63,-46.63
1606,07/13/2026 10:04:53,7.68,22.49,-48.06
1607,07/13/2026 10:14:53,7.72,22.25,-49.85
1608,07/13/2026 10:24:53,7.78,21.77,-53.55
1609,07/13/2026 10:34:53,7.84,21.17,-56.74
1610,07/13/2026 10:44:53,7.88,20.72,-58.77
1611,07/13/2026 10:54:53,7.92,20.25,-60.75
1612,07/13/2026 11:04:53,7.94,19.96,-62.13
1613,07/13/2026 11:14:53,7.97,19.77,-63.78
1614,07/13/2026 11:24:53,8.01,19.58,-65.63
1615,07/13/2026 11:34:53,8.00,19.65,-65.42
1616,07/13/2026 11:44:53,8.00,19.60,-65.46
1617,07/13/2026 11:54:53,7.98,20.03,-64.41
1618,07/13/2026 12:04:53,7.92,21.06,-61.28
1619,07/13/2026 12:14:53,7.86,21.91,-57.60
1620,07/13/2026 12:24:53,7.83,22.49,-55.99
1621,07/13/2026 12:34:53,7.80,22.85,-54.75
1622,07/13/2026 12:44:53,7.77,23.06,-53.24
1623,07/13/2026 12:54:53,7.78,23.18,-53.64
1624,07/13/2026 13:04:53,7.77,23.35,-53.08
1625,07/13/2026 13:14:53,7.76,23.59,-52.30
1626,07/13/2026 13:24:53,7.72,23.79,-50.52
1627,07/13/2026 13:34:53,7.73,23.95,-50.74
1628,07/13/2026 13:44:53,7.70,24.12,-49.14
1629,07/13/2026 13:54:53,7.69,24.36,-48.86
1630,07/13/2026 14:04:53,7.68,24.53,-48.14
1631,07/13/2026 14:14:53,7.66,24.75,-46.97
1632,07/13/2026 14:24:53,7.64,24.94,-45.92
1633,07/13/2026 14:34:53,7.62,25.19,-44.56
1634,07/13/2026 14:44:53,7.60,25.28,-43.61
1635,07/13/2026 14:54:53,7.58,25.53,-42.42
1636,07/13/2026 15:04:53,7.56,25.65,-41.53
1637,07/13/2026 15:14:53,7.55,25.77,-40.84
1638,07/13/2026 15:24:53,7.53,25.87,-39.94
1639,07/13/2026 15:34:53,7.52,25.99,-39.31
1640,07/13/2026 15:44:53,7.51,26.06,-38.81
1641,07/13/2026 15:54:53,7.50,26.13,-38.06
1642,07/13/2026 16:04:53,7.50,26.21,-37.91
1643,07/13/2026 16:14:53,7.47,26.26,-36.39
1644,07/13/2026 16:24:53,7.46,26.33,-35.74
1645,07/13/2026 16:34:53,7.44,26.28,-34.78
1646,07/13/2026 16:44:53,7.42,26.23,-33.30
1647,07/13/2026 16:54:53,7.38,26.21,-31.19
1648,07/13/2026 17:04:53,7.34,26.21,-29.13
1649,07/13/2026 17:14:53,7.31,26.21,-27.24
1650,07/13/2026 17:24:53,7.28,26.13,-25.75
1651,07/13/2026 17:34:53,7.29,26.11,-26.19
1652,07/13/2026 17:44:53,7.30,26.33,-26.56
1653,07/13/2026 17:54:53,7.27,26.23,-25.06
1654,07/13/2026 18:04:53,7.27,26.11,-25.13
1655,07/13/2026 18:14:53,7.26,26.06,-24.24
1656,07/13/2026 18:24:53,7.27,25.96,-24.77
1657,07/13/2026 18:34:53,7.28,25.94,-25.44
1658,07/13/2026 18:44:53,7.30,25.87,-26.75
1659,07/13/2026 18:54:53,7.40,25.36,-32.08
1660,07/13/2026 19:04:53,7.45,25.26,-35.08
1661,07/13/2026 19:14:53,7.48,25.16,-36.91
1662,07/13/2026 19:24:53,7.53,25.21,-39.45
1663,07/13/2026 19:34:53,7.56,25.19,-41.20
1664,07/13/2026 19:44:53,7.57,25.16,-41.94
1665,07/13/2026 19:54:53,7.58,24.97,-42.35
1666,07/13/2026 20:04:53,7.63,24.63,-45.06
1667,07/13/2026 20:14:53,7.66,24.36,-46.74
1668,07/13/2026 20:24:53,7.67,24.19,-47.74
1669,07/13/2026 20:34:53,7.69,24.00,-48.74
1670,07/13/2026 20:44:53,7.72,23.74,-50.27
1671,07/13/2026 20:54:53,7.73,23.62,-50.95
1672,07/13/2026 21:04:53,7.74,23.54,-51.42
1673,07/13/2026 21:14:53,7.74,23.54,-51.30
1674,07/13/2026 21:24:53,7.77,23.21,-52.97
1675,07/13/2026 21:34:53,7.80,22.78,-54.36
1676,07/13/2026 21:44:53,7.86,21.39,-57.85
1677,07/13/2026 21:54:53,7.91,20.08,-60.08
1678,07/13/2026 22:04:53,7.94,18.60,-62.00
1679,07/13/2026 22:14:53,7.96,17.42,-62.85
1680,07/13/2026 22:24:53,7.98,16.84,-63.44
1681,07/13/2026 22:34:53,7.98,16.46,-63.72
1682,07/13/2026 22:44:53,7.99,16.15,-64.03
1683,07/13/2026 22:54:53,7.99,15.96,-64.06
1684,07/13/2026 23:04:53,8.00,15.82,-64.33
1685,07/13/2026 23:14:53,8.00,15.70,-64.30
1686,07/13/2026 23:24:53,8.00,15.65,-64.30
1687,07/13/2026 23:34:53,7.99,15.65,-64.22
1688,07/13/2026 23:44:53,7.99,15.63,-64.08
1689,07/13/2026 23:54:53,7.98,15.65,-63.47
1690,07/14/2026 00:04:53,7.97,15.63,-62.69
1691,07/14/2026 00:14:53,7.99,15.80,-63.74
1692,07/14/2026 00:24:53,7.95,17.13,-61.92
1693,07/14/2026 00:34:53,7.95,17.30,-62.17
1694,07/14/2026 00:44:53,7.95,17.25,-62.14
1695,07/14/2026 00:54:53,7.96,16.99,-62.47
1696,07/14/2026 01:04:53,7.90,18.01,-59.19
1697,07/14/2026 01:14:53,7.87,18.53,-57.61
1698,07/14/2026 01:24:53,7.83,18.94,-55.91
1699,07/14/2026 01:34:53,7.80,19.37,-54.31
1700,07/14/2026 01:44:53,7.78,19.96,-53.30
1701,07/14/2026 01:54:53,7.75,20.41,-51.30
1702,07/14/2026 02:04:53,7.69,21.01,-48.39
1703,07/14/2026 02:14:53,7.67,21.34,-46.89
1704,07/14/2026 02:24:53,7.60,21.65,-43.38
1705,07/14/2026 02:34:53,7.59,21.82,-42.61
1706,07/14/2026 02:44:53,7.55,21.99,-40.74
1707,07/14/2026 02:54:53,7.53,22.08,-39.16
1708,07/14/2026 03:04:53,7.51,22.18,-38.13
1709,07/14/2026 03:14:53,7.47,22.18,-36.14
1710,07/14/2026 03:24:53,7.46,22.35,-35.34
1711,07/14/2026 03:34:53,7.43,22.39,-33.77
1712,07/14/2026 03:44:53,7.40,22.42,-32.16
1713,07/14/2026 03:54:53,7.38,22.49,-30.89
1714,07/14/2026 04:04:53,7.36,22.58,-29.77
1715,07/14/2026 04:14:53,7.33,22.61,-28.24
1716,07/14/2026 04:24:53,7.32,22.70,-27.50
1717,07/14/2026 04:34:53,7.30,22.75,-26.53
1718,07/14/2026 04:44:53,7.28,22.80,-25.38
1719,07/14/2026 04:54:53,7.26,22.85,-24.17
1720,07/14/2026 05:04:53,7.23,22.85,-22.83
1721,07/14/2026 05:14:53,7.21,22.90,-21.28
1722,07/14/2026 05:24:53,7.19,22.94,-20.13
1723,07/14/2026 05:34:53,7.16,22.97,-18.83
1724,07/14/2026 05:44:53,7.14,23.02,-17.53
1725,07/14/2026 05:54:53,7.12,23.06,-16.59
1726,07/14/2026 06:04:53,7.11,23.06,-15.95
1727,07/14/2026 06:14:53,7.10,23.11,-15.34
1728,07/14/2026 06:24:53,7.10,23.02,-15.53
1729,07/14/2026 06:34:53,7.09,23.14,-14.61
1730,07/14/2026 06:44:53,7.07,23.18,-13.52
1731,07/14/2026 06:54:53,7.06,23.14,-12.83
1732,07/14/2026 07:04:53,7.06,23.09,-13.23
1733,07/14/2026 07:14:53,7.08,23.06,-14.34
1734,07/14/2026 07:24:53,7.09,23.09,-14.42
1735,07/14/2026 07:34:53,7.07,23.18,-13.72
1736,07/14/2026 07:44:53,7.06,23.26,-13.16
1737,07/14/2026 07:54:53,7.08,23.28,-14.00
1738,07/14/2026 08:04:53,7.17,23.45,-19.05
1739,07/14/2026 08:14:53,7.20,23.52,-20.94
1740,07/14/2026 08:24:53,7.25,23.59,-23.67
1741,07/14/2026 08:34:53,7.29,23.52,-26.13
1742,07/14/2026 08:44:53,7.33,23.35,-27.95
1743,07/14/2026 08:54:53,7.35,23.23,-29.30
1744,07/14/2026 09:04:53,7.41,23.16,-32.83
1745,07/14/2026 09:14:53,7.42,23.06,-33.08
1746,07/14/2026 09:24:53,7.45,22.97,-34.75
1747,07/14/2026 09:34:53,7.47,22.85,-36.02
1748,07/14/2026 09:44:53,7.49,22.54,-37.11
1749,07/14/2026 09:54:53,7.54,22.39,-39.72
1750,07/14/2026 10:04:53,7.56,22.30,-40.80
1751,07/14/2026 10:14:53,7.59,22.08,-42.52
1752,07/14/2026 10:24:53,7.60,21.94,-43.55
1753,07/14/2026 10:34:53,7.64,21.72,-45.25
1754,07/14/2026 10:44:53,7.66,21.63,-46.33
1755,07/14/2026 10:54:53,7.69,21.10,-48.27
1756,07/14/2026 11:04:53,7.75,20.29,-51.24
1757,07/14/2026 11:14:53,7.80,19.37,-54.27
1758,07/14/2026 11:24:53,7.84,18.46,-56.42
1759,07/14/2026 11:34:53,7.89,17.46,-58.77
1760,07/14/2026 11:44:53,7.91,16.84,-59.80
1761,07/14/2026 11:54:53,7.92,16.44,-60.50
1762,07/14/2026 12:04:53,7.93,16.37,-60.92
1763,07/14/2026 12:14:53,7.92,16.18,-60.05
1764,07/14/2026 12:24:53,7.92,16.08,-60.00
1765,07/14/2026 12:34:53,7.95,16.03,-61.75
1766,07/14/2026 12:44:53,7.96,16.03,-62.39
1767,07/14/2026 12:54:53,7.93,17.22,-60.83
1768,07/14/2026 13:04:53,7.88,18.60,-58.50
1769,07/14/2026 13:14:53,7.84,19.56,-56.63
1770,07/14/2026 13:24:53,7.82,20.06,-55.49
1771,07/14/2026 13:34:53,7.80,20.41,-54.36
1772,07/14/2026 13:44:53,7.78,20.72,-53.30
1773,07/14/2026 13:54:53,7.77,21.03,-52.42
1774,07/14/2026 14:04:53,7.75,21.41,-51.77
1775,07/14/2026 14:14:53,7.74,21.63,-51.31
1776,07/14/2026 14:24:53,7.72,21.94,-50.24
1777,07/14/2026 14:34:53,7.70,22.32,-48.85
1778,07/14/2026 14:44:53,7.68,22.63,-47.61
1779,07/14/2026 14:54:53,7.65,22.90,-46.42
1780,07/14/2026 15:04:53,7.63,23.18,-44.95
1781,07/14/2026 15:14:53,7.60,23.42,-43.69
1782,07/14/2026 15:24:53,7.58,23.66,-42.33
1783,07/14/2026 15:34:53,7.56,23.83,-41.31
1784,07/14/2026 15:44:53,7.54,24.03,-40.28
1785,07/14/2026 15:54:53,7.52,24.17,-39.25
1786,07/14/2026 16:04:53,7.50,24.34,-38.14
1787,07/14/2026 16:14:53,7.49,24.46,-37.11
1788,07/14/2026 16:24:53,7.47,24.58,-36.31
1789,07/14/2026 16:34:53,7.46,24.70,-35.58
1790,07/14/2026 16:44:53,7.45,24.77,-34.89
1791,07/14/2026 16:54:53,7.43,24.85,-33.95
1792,07/14/2026 17:04:53,7.41,24.92,-32.78
1793,07/14/2026 17:14:53,7.38,24.90,-31.39
1794,07/14/2026 17:24:53,7.37,24.92,-30.38
1795,07/14/2026 17:34:53,7.33,24.94,-28.59
1796,07/14/2026 17:44:53,7.31,24.94,-27.17
1797,07/14/2026 17:54:53,7.28,24.92,-25.30
1798,07/14/2026 18:04:53,7.25,24.90,-23.72
1799,07/14/2026 18:14:53,7.23,24.90,-22.67
1800,07/14/2026 18:24:53,7.23,24.90,-22.53
1801,07/14/2026 18:34:53,7.22,24.90,-22.33
1802,07/14/2026 18:44:53,7.22,24.92,-22.02
1803,07/14/2026 18:54:53,7.24,24.92,-23.13
1804,07/14/2026 19:04:53,7.20,24.92,-20.89
1805,07/14/2026 19:14:53,7.20,24.90,-20.88
1806,07/14/2026 19:24:53,7.21,24.90,-21.25
1807,07/14/2026 19:34:53,7.23,24.85,-22.58
1808,07/14/2026 19:44:53,7.26,24.77,-24.30
1809,07/14/2026 19:54:53,7.35,24.41,-29.49
1810,07/14/2026 20:04:53,7.39,24.32,-31.72
1811,07/14/2026 20:14:53,7.43,24.17,-33.74
1812,07/14/2026 20:24:53,7.46,24.07,-35.89
1813,07/14/2026 20:34:53,7.49,23.95,-37.41
1814,07/14/2026 20:44:53,7.51,23.88,-38.61
1815,07/14/2026 20:54:53,7.51,23.86,-38.22
1816,07/14/2026 21:04:53,7.56,23.40,-41.22
1817,07/14/2026 21:14:53,7.60,23.02,-43.47
1818,07/14/2026 21:24:53,7.64,22.68,-45.38
1819,07/14/2026 21:34:53,7.66,22.37,-46.47
1820,07/14/2026 21:44:53,7.67,22.08,-47.36
1821,07/14/2026 21:54:53,7.68,21.84,-47.89
1822,07/14/2026 22:04:53,7.68,21.84,-47.77
1823,07/14/2026 22:14:53,7.69,21.70,-48.50
1824,07/14/2026 22:24:53,7.73,21.08,-50.42
1825,07/14/2026 22:34:53,7.76,20.46,-52.13
1826,07/14/2026 22:44:53,7.81,19.03,-54.75
1827,07/14/2026 22:54:53,7.86,17.56,-56.99
1828,07/14/2026 23:04:53,7.90,16.03,-58.83
1829,07/14/2026 23:14:53,7.91,15.03,-59.63
1830,07/14/2026 23:24:53,7.93,14.48,-60.30
1831,07/14/2026 23:34:53,7.94,14.17,-61.00
1832,07/14/2026 23:44:53,7.95,14.07,-61.41
1833,07/14/2026 23:54:53,7.95,14.12,-61.69
1834,07/15/2026 00:04:53,7.96,14.19,-62.11
1835,07/15/2026 00:14:53,7.96,14.29,-62.24
1836,07/15/2026 00:24:53,7.97,14.41,-62.39
1837,07/15/2026 00:34:53,7.96,14.53,-62.25
1838,07/15/2026 00:44:53,7.96,14.60,-62.03
1839,07/15/2026 00:54:53,7.96,14.65,-61.91
1840,07/15/2026 01:04:53,7.94,14.70,-61.13
1841,07/15/2026 01:14:53,7.96,14.77,-62.00
1842,07/15/2026 01:24:53,7.94,15.41,-61.17
1843,07/15/2026 01:34:53,7.93,15.72,-60.94
1844,07/15/2026 01:44:53,7.93,15.80,-60.70
1845,07/15/2026 01:54:53,7.93,15.56,-60.89
1846,07/15/2026 02:04:53,7.90,15.96,-59.31
1847,07/15/2026 02:14:53,7.88,16.37,-57.80
1848,07/15/2026 02:24:53,7.84,16.89,-55.83
1849,07/15/2026 02:34:53,7.82,17.22,-54.77
1850,07/15/2026 02:44:53,7.77,17.91,-52.28
1851,07/15/2026 02:54:53,7.76,18.27,-51.69
1852,07/15/2026 03:04:53,7.69,19.10,-48.22
1853,07/15/2026 03:14:53,7.67,19.53,-47.16
1854,07/15/2026 03:24:53,7.65,19.84,-45.60
1855,07/15/2026 03:34:53,7.59,20.29,-42.35
1856,07/15/2026 03:44:53,7.57,20.51,-41.60
1857,07/15/2026 03:54:53,7.53,20.84,-39.19
1858,07/15/2026 04:04:53,7.49,21.01,-37.20
1859,07/15/2026 04:14:53,7.48,21.17,-36.67
1860,07/15/2026 04:24:53,7.45,21.29,-35.00
1861,07/15/2026 04:34:53,7.43,21.39,-33.45
1862,07/15/2026 04:44:53,7.39,21.51,-31.74
1863,07/15/2026 04:54:53,7.37,21.65,-30.08
1864,07/15/2026 05:04:53,7.34,21.82,-28.67
1865,07/15/2026 05:14:53,7.31,21.84,-26.95
1866,07/15/2026 05:24:53,7.29,22.01,-25.89
1867,07/15/2026 05:34:53,7.27,22.13,-25.02
1868,07/15/2026 05:44:53,7.25,22.23,-23.84
1869,07/15/2026 05:54:53,7.24,22.37,-22.91
1870,07/15/2026 06:04:53,7.22,22.47,-21.72
1871,07/15/2026 06:14:53,7.20,22.56,-20.63
1872,07/15/2026 06:24:53,7.17,22.70,-19.34
1873,07/15/2026 06:34:53,7.16,22.80,-18.42
1874,07/15/2026 06:44:53,7.14,22.87,-17.27
1875,07/15/2026 06:54:53,7.12,22.97,-16.55
1876,07/15/2026 07:04:53,7.11,23.09,-15.84
1877,07/15/2026 07:14:53,7.11,23.09,-15.66
1878,07/15/2026 07:24:53,7.10,23.18,-15.02
1879,07/15/2026 07:34:53,7.08,23.23,-13.95
1880,07/15/2026 07:44:53,7.07,23.30,-13.34
1881,07/15/2026 07:54:53,7.06,23.38,-12.84
1882,07/15/2026 08:04:53,7.05,23.42,-12.25
1883,07/15/2026 08:14:53,7.07,23.33,-13.52
1884,07/15/2026 08:24:53,7.06,23.35,-13.02
1885,07/15/2026 08:34:53,7.05,23.47,-12.56
1886,07/15/2026 08:44:53,7.06,23.42,-13.25
1887,07/15/2026 08:54:53,7.09,23.38,-14.42
1888,07/15/2026 09:04:53,7.18,23.33,-19.72
1889,07/15/2026 09:14:53,7.23,23.35,-22.34
1890,07/15/2026 09:24:53,7.26,23.23,-24.24
1891,07/15/2026 09:34:53,7.30,22.97,-26.28
1892,07/15/2026 09:44:53,7.33,22.78,-28.28
1893,07/15/2026 09:54:53,7.36,22.56,-29.84
1894,07/15/2026 10:04:53,7.36,22.42,-29.95
1895,07/15/2026 10:14:53,7.37,22.32,-30.58
1896,07/15/2026 10:24:53,7.43,21.96,-33.67
1897,07/15/2026 10:34:53,7.44,21.58,-34.49
1898,07/15/2026 10:44:53,7.47,21.29,-35.83
1899,07/15/2026 10:54:53,7.50,21.08,-37.31
1900,07/15/2026 11:04:53,7.52,20.79,-38.94
1901,07/15/2026 11:14:53,7.55,20.53,-40.39
1902,07/15/2026 11:24:53,7.57,20.34,-41.49
1903,07/15/2026 11:34:53,7.58,20.29,-41.99
1904,07/15/2026 11:44:53,7.61,19.84,-43.53
1905,07/15/2026 11:54:53,7.64,19.29,-45.24
1906,07/15/2026 12:04:53,7.69,18.56,-47.80
1907,07/15/2026 12:14:53,7.75,17.61,-51.16
1908,07/15/2026 12:24:53,7.79,16.96,-53.38
1909,07/15/2026 12:34:53,7.82,16.72,-54.64
1910,07/15/2026 12:44:53,7.86,16.13,-56.69
1911,07/15/2026 12:54:53,7.88,15.77,-57.92
1912,07/15/2026 13:04:53,7.88,15.63,-58.14
1913,07/15/2026 13:14:53,7.87,15.56,-57.63
1914,07/15/2026 13:24:53,7.86,15.49,-56.67
1915,07/15/2026 13:34:53,7.86,15.25,-56.92
1916,07/15/2026 13:44:53,7.88,15.13,-57.66
1917,07/15/2026 13:54:53,7.89,15.25,-58.47
1918,07/15/2026 14:04:53,7.90,15.99,-59.00
1919,07/15/2026 14:14:53,7.87,17.03,-57.58
1920,07/15/2026 14:24:53,7.85,17.63,-56.52
1921,07/15/2026 14:34:53,7.83,18.10,-55.49
1922,07/15/2026 14:44:53,7.79,18.70,-53.60
1923,07/15/2026 14:54:53,7.76,19.20,-52.03
1924,07/15/2026 15:04:53,7.73,19.63,-50.50
1925,07/15/2026 15:14:53,7.71,19.94,-49.24
1926,07/15/2026 15:24:53,7.67,20.41,-47.08
1927,07/15/2026 15:34:53,7.64,20.77,-45.55
1928,07/15/2026 15:44:53,7.63,20.98,-44.61
1929,07/15/2026 15:54:53,7.61,21.17,-43.58
1930,07/15/2026 16:04:53,7.59,21.39,-42.45
1931,07/15/2026 16:14:53,7.56,21.63,-41.05
1932,07/15/2026 16:24:53,7.54,21.82,-39.81
1933,07/15/2026 16:34:53,7.52,21.99,-38.69
1934,07/15/2026 16:44:53,7.49,22.15,-37.14
1935,07/15/2026 16:54:53,7.46,22.35,-35.64
1936,07/15/2026 17:04:53,7.44,22.47,-34.38
1937,07/15/2026 17:14:53,7.42,22.58,-33.05
1938,07/15/2026 17:24:53,7.40,22.68,-31.86
1939,07/15/2026 17:34:53,7.38,22.75,-30.88
1940,07/15/2026 17:44:53,7.36,22.80,-29.84
1941,07/15/2026 17:54:53,7.34,22.87,-28.74
1942,07/15/2026 18:04:53,7.33,22.92,-28.11
1943,07/15/2026 18:14:53,7.31,22.94,-27.30
1944,07/15/2026 18:24:53,7.30,22.97,-26.74
1945,07/15/2026 18:34:53,7.29,22.99,-26.17
1946,07/15/2026 18:44:53,7.28,23.04,-25.27
1947,07/15/2026 18:54:53,7.26,23.04,-24.19
1948,07/15/2026 19:04:53,7.24,23.09,-22.97
1949,07/15/2026 19:14:53,7.21,23.16,-21.47
1950,07/15/2026 19:24:53,7.20,23.18,-20.69
1951,07/15/2026 19:34:53,7.17,23.21,-19.19
1952,07/15/2026 19:44:53,7.16,23.18,-18.56
1953,07/15/2026 19:54:53,7.18,23.06,-19.66
1954,07/15/2026 20:04:53,7.17,23.09,-19.36
1955,07/15/2026 20:14:53,7.17,23.18,-19.36
1956,07/15/2026 20:24:53,7.19,23.14,-20.28
1957,07/15/2026 20:34:53,7.21,23.09,-21.45
1958,07/15/2026 20:44:53,7.33,22.78,-28.25
1959,07/15/2026 20:54:53,7.36,22.66,-29.63
1960,07/15/2026 21:04:53,7.38,22.49,-31.06
1961,07/15/2026 21:14:53,7.41,22.27,-32.80
1962,07/15/2026 21:24:53,7.44,22.11,-34.39
1963,07/15/2026 21:34:53,7.46,21.96,-35.49
1964,07/15/2026 21:44:53,7.46,21.89,-35.25
1965,07/15/2026 21:54:53,7.51,21.58,-38.13
1966,07/15/2026 22:04:53,7.55,21.25,-40.33
1967,07/15/2026 22:14:53,7.59,20.91,-42.61
1968,07/15/2026 22:24:53,7.64,20.46,-45.22
1969,07/15/2026 22:34:53,7.66,20.25,-46.19
1970,07/15/2026 22:44:53,7.67,20.03,-47.14
1971,07/15/2026 22:54:53,7.68,19.94,-47.47
1972,07/15/2026 23:04:53,7.69,19.84,-47.99
1973,07/15/2026 23:14:53,7.72,19.46,-49.63
1974,07/15/2026 23:24:53,7.76,18.91,-51.99
1975,07/15/2026 23:34:53,7.82,18.30,-55.03
1976,07/15/2026 23:44:53,7.94,17.30,-61.30
1977,07/15/2026 23:54:53,8.01,16.92,-65.03
1978,07/16/2026 00:04:53,8.03,16.92,-66.53
1979,07/16/2026 00:14:53,8.04,16.94,-66.92
1980,07/16/2026 00:24:53,8.05,16.96,-67.33
1981,07/16/2026 00:34:53,8.05,16.96,-67.64
1982,07/16/2026 00:44:53,8.04,17.01,-67.22
1983,07/16/2026 00:54:53,8.05,16.96,-67.67
1984,07/16/2026 01:04:53,8.05,16.92,-67.67
1985,07/16/2026 01:14:53,8.05,16.87,-67.39
1986,07/16/2026 01:24:53,8.05,16.80,-67.24
1987,07/16/2026 01:34:53,8.05,16.72,-67.19
1988,07/16/2026 01:44:53,8.04,16.68,-66.96
1989,07/16/2026 01:54:53,8.03,16.68,-66.38
1990,07/16/2026 02:04:53,8.02,16.70,-65.66
1991,07/16/2026 02:14:53,8.03,16.70,-66.49
1992,07/16/2026 02:24:53,8.03,16.82,-66.39
1993,07/16/2026 02:34:53,8.01,16.92,-65.11
1994,07/16/2026 02:44:53,8.00,16.96,-64.72
1995,07/16/2026 02:54:53,7.93,17.27,-60.83
1996,07/16/2026 03:04:53,7.88,17.46,-58.36
1997,07/16/2026 03:14:53,7.85,17.61,-56.60
1998,07/16/2026 03:24:53,7.80,17.77,-53.94
1999,07/16/2026 03:34:53,7.79,17.84,-53.13
2000,07/16/2026 03:44:53,7.76,17.91,-51.63
2001,07/16/2026 03:54:53,7.73,18.03,-49.99
2002,07/16/2026 04:04:53,7.69,18.20,-47.83
2003,07/16/2026 04:14:53,7.67,18.32,-46.50
2004,07/16/2026 04:24:53,7.64,18.41,-45.03
2005,07/16/2026 04:34:53,7.61,18.56,-43.60
2006,07/16/2026 04:44:53,7.58,18.60,-41.88
2007,07/16/2026 04:54:53,7.54,18.77,-39.72
2008,07/16/2026 05:04:53,7.51,18.87,-37.78
2009,07/16/2026 05:14:53,7.49,18.94,-36.66
2010,07/16/2026 05:24:53,7.45,19.01,-34.80
2011,07/16/2026 05:34:53,7.43,19.10,-33.28
2012,07/16/2026 05:44:53,7.40,19.15,-31.77
2013,07/16/2026 05:54:53,7.38,19.22,-30.49
2014,07/16/2026 06:04:53,7.35,19.29,-29.24
2015,07/16/2026 06:14:53,7.33,19.44,-27.86
2016,07/16/2026 06:24:53,7.31,19.56,-26.88
2017,07/16/2026 06:34:53,7.30,19.60,-26.05
2018,07/16/2026 06:44:53,7.28,19.72,-25.14
2019,07/16/2026 06:54:53,7.26,19.82,-23.84
2020,07/16/2026 07:04:53,7.23,19.86,-22.69
2021,07/16/2026 07:14:53,7.22,19.98,-21.94
2022,07/16/2026 07:24:53,7.21,20.08,-21.28
2023,07/16/2026 07:34:53,7.19,20.20,-20.39
2024,07/16/2026 07:44:53,7.17,20.27,-19.31
2025,07/16/2026 07:54:53,7.16,20.39,-18.61
2026,07/16/2026 08:04:53,7.15,20.51,-18.20
2027,07/16/2026 08:14:53,7.15,20.60,-17.73
2028,07/16/2026 08:24:53,7.15,20.72,-17.78
2029,07/16/2026 08:34:53,7.15,20.82,-17.94
2030,07/16/2026 08:44:53,7.14,20.91,-17.39
2031,07/16/2026 08:54:53,7.14,21.01,-17.56
2032,07/16/2026 09:04:53,7.15,21.01,-18.28
2033,07/16/2026 09:14:53,7.14,21.01,-17.22
2034,07/16/2026 09:24:53,7.12,21.06,-16.23
2035,07/16/2026 09:34:53,7.13,20.98,-17.00
2036,07/16/2026 09:44:53,7.16,20.98,-18.36
2037,07/16/2026 09:54:53,7.29,21.17,-25.94
2038,07/16/2026 10:04:53,7.31,21.17,-26.99
2039,07/16/2026 10:14:53,7.32,21.13,-27.59
2040,07/16/2026 10:24:53,7.35,21.01,-29.39
2041,07/16/2026 10:34:53,7.38,20.86,-30.86
2042,07/16/2026 10:44:53,7.40,20.67,-32.13
2043,07/16/2026 10:54:53,7.41,20.53,-32.44
2044,07/16/2026 11:04:53,7.44,20.36,-34.34
2045,07/16/2026 11:14:53,7.47,20.08,-35.75
2046,07/16/2026 11:24:53,7.48,19.84,-36.39
2047,07/16/2026 11:34:53,7.50,19.63,-37.58
2048,07/16/2026 11:44:53,7.54,19.51,-39.74
2049,07/16/2026 11:54:53,7.57,19.39,-41.45
2050,07/16/2026 12:04:53,7.59,19.41,-42.17
2051,07/16/2026 12:14:53,7.60,19.37,-43.10
2052,07/16/2026 12:24:53,7.62,19.37,-44.06
2053,07/16/2026 12:34:53,7.64,19.27,-45.41
2054,07/16/2026 12:44:53,7.68,19.15,-47.28
2055,07/16/2026 12:54:53,7.73,18.91,-50.00
2056,07/16/2026 13:04:53,7.79,18.72,-53.31
2057,07/16/2026 13:14:53,7.89,18.15,-58.63
2058,07/16/2026 13:24:53,7.93,17.75,-61.30
2059,07/16/2026 13:34:53,7.96,17.49,-62.86
2060,07/16/2026 13:44:53,7.97,17.44,-63.21
2061,07/16/2026 13:54:53,7.98,17.44,-63.74
2062,07/16/2026 14:04:53,7.99,17.44,-64.22
2063,07/16/2026 14:14:53,7.99,17.44,-64.21
2064,07/16/2026 14:24:53,7.98,17.49,-63.91
2065,07/16/2026 14:34:53,7.96,17.51,-62.66
2066,07/16/2026 14:44:53,7.97,17.58,-63.13
2067,07/16/2026 14:54:53,7.99,17.61,-64.56
2068,07/16/2026 15:04:53,8.01,17.58,-65.17
2069,07/16/2026 15:14:53,7.97,18.22,-63.30
2070,07/16/2026 15:24:53,7.96,18.53,-62.88
2071,07/16/2026 15:34:53,7.93,19.10,-61.00
2072,07/16/2026 15:44:53,7.89,19.60,-58.99
2073,07/16/2026 15:54:53,7.84,20.17,-56.45
2074,07/16/2026 16:04:53,7.81,20.44,-54.88
2075,07/16/2026 16:14:53,7.78,20.70,-53.00
2076,07/16/2026 16:24:53,7.76,20.94,-52.14
2077,07/16/2026 16:34:53,7.74,21.15,-50.92
2078,07/16/2026 16:44:53,7.72,21.34,-50.14
2079,07/16/2026 16:54:53,7.72,21.53,-49.89
2080,07/16/2026 17:04:53,7.70,21.65,-48.77
2081,07/16/2026 17:14:53,7.67,21.77,-47.41
2082,07/16/2026 17:24:53,7.66,21.91,-46.64
2083,07/16/2026 17:34:53,7.64,22.06,-45.66
2084,07/16/2026 17:44:53,7.63,22.27,-44.77
2085,07/16/2026 17:54:53,7.60,22.42,-43.14
2086,07/16/2026 18:04:53,7.57,22.56,-41.61
2087,07/16/2026 18:14:53,7.55,22.66,-40.38
2088,07/16/2026 18:24:53,7.52,22.75,-39.11
2089,07/16/2026 18:34:53,7.50,22.75,-37.92
2090,07/16/2026 18:44:53,7.48,22.73,-36.52
2091,07/16/2026 18:54:53,7.45,22.82,-35.14
2092,07/16/2026 19:04:53,7.44,22.82,-34.33
2093,07/16/2026 19:14:53,7.42,22.82,-33.06
2094,07/16/2026 19:24:53,7.40,22.85,-31.94
2095,07/16/2026 19:34:53,7.37,22.90,-30.49
2096,07/16/2026 19:44:53,7.33,22.99,-28.30
2097,07/16/2026 19:54:53,7.29,23.06,-25.88
2098,07/16/2026 20:04:53,7.26,23.11,-24.42
2099,07/16/2026 20:14:53,7.23,23.09,-22.78
2100,07/16/2026 20:24:53,7.22,22.99,-21.91
2101,07/16/2026 20:34:53,7.18,22.90,-19.91
2102,07/16/2026 20:44:53,7.19,23.04,-20.20
2103,07/16/2026 20:54:53,7.22,22.92,-22.13
2104,07/16/2026 21:04:53,7.21,23.14,-21.72
2105,07/16/2026 21:14:53,7.22,23.18,-22.11
2106,07/16/2026 21:24:53,7.25,23.09,-23.63
2107,07/16/2026 21:34:53,7.27,23.02,-24.66
2108,07/16/2026 21:44:53,7.35,22.51,-29.19
2109,07/16/2026 21:54:53,7.38,22.11,-31.17
2110,07/16/2026 22:04:53,7.42,21.91,-33.02
2111,07/16/2026 22:14:53,7.45,21.65,-34.80
2112,07/16/2026 22:24:53,7.47,21.65,-36.19
2113,07/16/2026 22:34:53,7.47,21.63,-36.09
2114,07/16/2026 22:44:53,7.48,21.63,-36.72
2115,07/16/2026 22:54:53,7.52,21.41,-38.61
2116,07/16/2026 23:04:53,7.56,21.17,-41.19
2117,07/16/2026 23:14:53,7.60,20.96,-43.25
2118,07/16/2026 23:24:53,7.63,20.79,-45.08
2119,07/16/2026 23:34:53,7.66,20.60,-46.36
2120,07/16/2026 23:44:53,7.68,20.46,-47.50
2121,07/16/2026 23:54:53,7.68,20.39,-47.61
2122,07/17/2026 00:04:53,7.68,20.36,-47.63
2123,07/17/2026 00:14:53,7.70,20.22,-48.89
2124,07/17/2026 00:24:53,7.73,19.98,-50.49
2125,07/17/2026 00:34:53,7.78,19.70,-52.83
2126,07/17/2026 00:44:53,7.86,19.03,-57.16
2127,07/17/2026 00:54:53,7.92,18.18,-60.70
2128,07/17/2026 01:04:53,7.95,17.70,-62.22
2129,07/17/2026 01:14:53,7.97,17.39,-63.28
2130,07/17/2026 01:24:53,8.00,17.25,-64.92
2131,07/17/2026 01:34:53,8.01,17.25,-65.10
2132,07/17/2026 01:44:53,8.01,17.22,-65.42
2133,07/17/2026 01:54:53,8.02,17.18,-65.63
2134,07/17/2026 02:04:53,8.01,17.20,-65.53
2135,07/17/2026 02:14:53,8.02,17.18,-65.80
2136,07/17/2026 02:24:53,8.02,17.20,-65.86
2137,07/17/2026 02:34:53,8.02,17.20,-65.72
2138,07/17/2026 02:44:53,8.01,17.22,-65.24
2139,07/17/2026 02:54:53,7.98,17.22,-63.47
2140,07/17/2026 03:04:53,8.00,17.22,-64.78
2141,07/17/2026 03:14:53,7.99,17.30,-64.52
2142,07/17/2026 03:24:53,7.99,17.32,-64.46
2143,07/17/2026 03:34:53,7.97,17.42,-63.42
2144,07/17/2026 03:44:53,7.94,17.56,-61.41
2145,07/17/2026 03:54:53,7.91,17.68,-59.88
2146,07/17/2026 04:04:53,7.84,17.94,-56.22
2147,07/17/2026 04:14:53,7.79,18.13,-53.17
2148,07/17/2026 04:24:53,7.74,18.30,-50.74
2149,07/17/2026 04:34:53,7.73,18.49,-50.08
2150,07/17/2026 04:44:53,7.70,18.68,-48.36
2151,07/17/2026 04:54:53,7.64,18.89,-45.33
2152,07/17/2026 05:04:53,7.63,19.01,-44.36
2153,07/17/2026 05:14:53,7.59,19.10,-42.44
2154,07/17/2026 05:24:53,7.54,19.17,-39.44
2155,07/17/2026 05:34:53,7.52,19.32,-38.80
2156,07/17/2026 05:44:53,7.48,19.37,-36.33
2157,07/17/2026 05:54:53,7.46,19.41,-35.39
2158,07/17/2026 06:04:53,7.43,19.44,-33.61
2159,07/17/2026 06:14:53,7.41,19.46,-32.31
2160,07/17/2026 06:24:53,7.38,19.56,-30.70
2161,07/17/2026 06:34:53,7.35,19.60,-29.24
2162,07/17/2026 06:44:53,7.33,19.60,-27.84
2163,07/17/2026 06:54:53,7.30,19.70,-26.56
2164,07/17/2026 07:04:53,7.29,19.77,-25.59
2165,07/17/2026 07:14:53,7.27,19.84,-24.52
2166,07/17/2026 07:24:53,7.26,19.96,-23.88
2167,07/17/2026 07:34:53,7.24,20.06,-23.08
2168,07/17/2026 07:44:53,7.22,20.08,-21.99
2169,07/17/2026 07:54:53,7.21,20.17,-21.50
2170,07/17/2026 08:04:53,7.20,20.22,-20.86
2171,07/17/2026 08:14:53,7.19,20.32,-20.08
2172,07/17/2026 08:24:53,7.18,20.41,-19.45
2173,07/17/2026 08:34:53,7.16,20.51,-18.83
2174,07/17/2026 08:44:53,7.15,20.60,-18.09
2175,07/17/2026 08:54:53,7.15,20.70,-18.05
2176,07/17/2026 09:04:53,7.15,20.79,-18.09
2177,07/17/2026 09:14:53,7.15,20.91,-17.95
2178,07/17/2026 09:24:53,7.14,21.01,-17.55
2179,07/17/2026 09:34:53,7.14,21.08,-17.50
2180,07/17/2026 09:44:53,7.14,21.15,-17.58
2181,07/17/2026 09:54:53,7.16,21.20,-18.47
2182,07/17/2026 10:04:53,7.16,21.20,-18.53
2183,07/17/2026 10:14:53,7.16,21.20,-18.63
2184,07/17/2026 10:24:53,7.17,21.13,-18.86
2185,07/17/2026 10:34:53,7.17,21.03,-19.02
2186,07/17/2026 10:44:53,7.33,21.10,-28.06
2187,07/17/2026 10:54:53,7.34,21.06,-28.56
2188,07/17/2026 11:04:53,7.38,20.96,-30.81
2189,07/17/2026 11:14:53,7.39,20.91,-31.61
2190,07/17/2026 11:24:53,7.42,20.86,-33.14
2191,07/17/2026 11:34:53,7.46,20.91,-35.27
2192,07/17/2026 11:44:53,7.47,20.82,-35.77
2193,07/17/2026 11:54:53,7.50,20.75,-37.59
2194,07/17/2026 12:04:53,7.51,20.53,-38.13
2195,07/17/2026 12:14:53,7.52,20.32,-38.45
2196,07/17/2026 12:24:53,7.55,20.10,-40.30
2197,07/17/2026 12:34:53,7.59,20.03,-42.38
2198,07/17/2026 12:44:53,7.63,19.94,-44.69
2199,07/17/2026 12:54:53,7.65,19.91,-46.00
2200,07/17/2026 13:04:53,7.66,19.94,-46.53
2201,07/17/2026 13:14:53,7.68,19.91,-47.67
2202,07/17/2026 13:24:53,7.71,19.84,-49.17
2203,07/17/2026 13:34:53,7.75,19.70,-51.42
2204,07/17/2026 13:44:53,7.81,19.34,-54.72
2205,07/17/2026 13:54:53,7.89,18.82,-58.74
2206,07/17/2026 14:04:53,7.92,18.65,-60.88
2207,07/17/2026 14:14:53,7.97,18.39,-63.21
2208,07/17/2026 14:24:53,8.02,18.01,-66.05
2209,07/17/2026 14:34:53,8.05,17.70,-67.46
2210,07/17/2026 14:44:53,8.07,17.61,-68.50
2211,07/17/2026 14:54:53,8.08,17.58,-69.19
2212,07/17/2026 15:04:53,8.10,17.58,-70.14
2213,07/17/2026 15:14:53,8.10,17.56,-70.47
2214,07/17/2026 15:24:53,8.04,17.37,-66.94
2215,07/17/2026 15:34:53,8.04,17.25,-66.83
2216,07/17/2026 15:44:53,8.05,17.30,-67.41
2217,07/17/2026 15:54:53,8.04,17.58,-67.02
2218,07/17/2026 16:04:53,8.00,18.25,-64.88
2219,07/17/2026 16:14:53,7.96,18.82,-62.91
2220,07/17/2026 16:24:53,7.92,19.39,-60.81
2221,07/17/2026 16:34:53,7.87,19.91,-58.16
2222,07/17/2026 16:44:53,7.86,20.15,-57.47
2223,07/17/2026 16:54:53,7.83,20.41,-56.08
2224,07/17/2026 17:04:53,7.80,20.70,-54.50
2225,07/17/2026 17:14:53,7.78,20.94,-53.20
2226,07/17/2026 17:24:53,7.76,21.22,-52.06
2227,07/17/2026 17:34:53,7.73,21.37,-50.66
2228,07/17/2026 17:44:53,7.72,21.51,-49.99
2229,07/17/2026 17:54:53,7.71,21.68,-49.24
2230,07/17/2026 18:04:53,7.69,21.82,-48.19
2231,07/17/2026 18:14:53,7.67,21.99,-47.31
2232,07/17/2026 18:24:53,7.65,22.13,-46.00
2233,07/17/2026 18:34:53,7.62,22.35,-44.61
2234,07/17/2026 18:44:53,7.60,22.44,-43.33
2235,07/17/2026 18:54:53,7.58,22.49,-42.30
2236,07/17/2026 19:04:53,7.56,22.56,-41.24
2237,07/17/2026 19:14:53,7.54,22.61,-40.06
2238,07/17/2026 19:24:53,7.52,22.63,-39.03
2239,07/17/2026 19:34:53,7.50,22.68,-37.64
2240,07/17/2026 19:44:53,7.48,22.63,-36.80
2241,07/17/2026 19:54:53,7.45,22.66,-35.14
2242,07/17/2026 20:04:53,7.42,22.68,-33.38
2243,07/17/2026 20:14:53,7.40,22.68,-32.24
2244,07/17/2026 20:24:53,7.39,22.70,-31.59
2245,07/17/2026 20:34:53,7.36,22.68,-29.75
2246,07/17/2026 20:44:53,7.33,22.63,-28.06
2247,07/17/2026 20:54:53,7.30,22.63,-26.55
2248,07/17/2026 21:04:53,7.29,22.70,-25.81
2249,07/17/2026 21:14:53,7.27,22.70,-24.77
2250,07/17/2026 21:24:53,7.26,22.54,-24.13
2251,07/17/2026 21:34:53,7.23,22.58,-22.72
2252,07/17/2026 21:44:53,7.24,22.56,-23.31
2253,07/17/2026 21:54:53,7.24,22.66,-23.31
2254,07/17/2026 22:04:53,7.24,22.73,-23.25
2255,07/17/2026 22:14:53,7.27,22.68,-24.77
2256,07/17/2026 22:24:53,7.28,22.63,-25.20
2257,07/17/2026 22:34:53,7.33,22.42,-28.38
2258,07/17/2026 22:44:53,7.42,21.87,-33.19
2259,07/17/2026 22:54:53,7.43,21.84,-33.63
2260,07/17/2026 23:04:53,7.45,21.70,-34.92
2261,07/17/2026 23:14:53,7.50,21.56,-37.66
2262,07/17/2026 23:24:53,7.52,21.51,-38.95
2263,07/17/2026 23:34:53,7.54,21.39,-40.06
2264,07/17/2026 23:44:53,7.54,21.44,-39.64
2265,07/17/2026 23:54:53,7.60,21.20,-43.06
2266,07/18/2026 00:04:53,7.64,21.03,-45.36
2267,07/18/2026 00:14:53,7.67,20.91,-47.05
2268,07/18/2026 00:24:53,7.71,20.72,-49.53
2269,07/18/2026 00:34:53,7.74,20.53,-50.83
2270,07/18/2026 00:44:53,7.75,20.44,-51.38
2271,07/18/2026 00:54:53,7.76,20.34,-51.85
2272,07/18/2026 01:04:53,7.76,20.27,-52.11
2273,07/18/2026 01:14:53,7.77,20.20,-52.45
2274,07/18/2026 01:24:53,7.80,20.01,-53.94
2275,07/18/2026 01:34:53,7.82,19.72,-55.53
2276,07/18/2026 01:44:53,7.87,19.27,-57.72
2277,07/18/2026 01:54:53,7.92,18.58,-60.49
2278,07/18/2026 02:04:53,7.97,17.77,-63.21
2279,07/18/2026 02:14:53,7.99,17.34,-64.38
2280,07/18/2026 02:24:53,8.01,17.11,-65.19
2281,07/18/2026 02:34:53,8.01,16.99,-65.52
2282,07/18/2026 02:44:53,8.02,16.87,-65.94
2283,07/18/2026 02:54:53,8.02,16.80,-66.06
2284,07/18/2026 03:04:53,8.02,16.77,-65.81
2285,07/18/2026 03:14:53,8.02,16.75,-65.66
2286,07/18/2026 03:24:53,8.01,16.72,-65.36
2287,07/18/2026 03:34:53,8.00,16.70,-64.66
2288,07/18/2026 03:44:53,7.99,16.70,-64.38
2289,07/18/2026 03:54:53,8.01,16.70,-65.05
2290,07/18/2026 04:04:53,8.01,16.75,-65.52
2291,07/18/2026 04:14:53,8.02,16.82,-65.56
2292,07/18/2026 04:24:53,8.01,16.96,-65.13
2293,07/18/2026 04:34:53,7.98,17.13,-63.89
2294,07/18/2026 04:44:53,7.95,17.39,-61.89
2295,07/18/2026 04:54:53,7.86,17.94,-57.33
2296,07/18/2026 05:04:53,7.81,18.32,-54.33
2297,07/18/2026 05:14:53,7.78,18.65,-53.03
2298,07/18/2026 05:24:53,7.71,19.06,-49.20
2299,07/18/2026 05:34:53,7.71,19.20,-48.99
2300,07/18/2026 05:44:53,7.64,19.37,-45.31
2301,07/18/2026 05:54:53,7.63,19.51,-44.67
2302,07/18/2026 06:04:53,7.60,19.60,-43.14
2303,07/18/2026 06:14:53,7.57,19.67,-41.38
2304,07/18/2026 06:24:53,7.55,19.75,-40.11
2305,07/18/2026 06:34:53,7.51,19.82,-38.09
2306,07/18/2026 06:44:53,7.48,19.84,-36.36
2307,07/18/2026 06:54:53,7.45,19.89,-34.83
2308,07/18/2026 07:04:53,7.40,19.86,-32.14
2309,07/18/2026 07:14:53,7.39,19.98,-31.14
2310,07/18/2026 07:24:53,7.36,20.01,-29.59
2311,07/18/2026 07:34:53,7.34,20.10,-28.49
2312,07/18/2026 07:44:53,7.32,20.20,-27.25
2313,07/18/2026 07:54:53,7.30,20.29,-26.17
2314,07/18/2026 08:04:53,7.28,20.36,-25.16
2315,07/18/2026 08:14:53,7.26,20.44,-24.20
2316,07/18/2026 08:24:53,7.24,20.51,-23.28
2317,07/18/2026 08:34:53,7.23,20.56,-22.36
2318,07/18/2026 08:44:53,7.22,20.63,-21.72
2319,07/18/2026 08:54:53,7.21,20.70,-21.27
2320,07/18/2026 09:04:53,7.20,20.75,-20.81
2321,07/18/2026 09:14:53,7.19,20.82,-20.09
2322,07/18/2026 09:24:53,7.18,20.91,-19.77
2323,07/18/2026 09:34:53,7.17,20.98,-18.86
2324,07/18/2026 09:44:53,7.16,21.10,-18.78
2325,07/18/2026 09:54:53,7.16,21.22,-18.59
2326,07/18/2026 10:04:53,7.15,21.27,-18.03
2327,07/18/2026 10:14:53,7.17,21.37,-19.22
2328,07/18/2026 10:24:53,7.18,21.51,-19.72
2329,07/18/2026 10:34:53,7.18,21.44,-19.55
2330,07/18/2026 10:44:53,7.16,21.44,-18.67
2331,07/18/2026 10:54:53,7.15,21.49,-17.81
2332,07/18/2026 11:04:53,7.16,21.44,-18.67
2333,07/18/2026 11:14:53,7.19,21.34,-20.05
2334,07/18/2026 11:24:53,7.35,21.29,-29.05
2335,07/18/2026 11:34:53,7.40,21.27,-31.77
2336,07/18/2026 11:44:53,7.40,21.25,-31.77
2337,07/18/2026 11:54:53,7.41,21.25,-32.67
2338,07/18/2026 12:04:53,7.43,21.13,-33.92
2339,07/18/2026 12:14:53,7.46,21.22,-35.47
2340,07/18/2026 12:24:53,7.49,21.01,-36.88
2341,07/18/2026 12:34:53,7.48,20.84,-36.61
2342,07/18/2026 12:44:53,7.55,20.67,-40.11
2343,07/18/2026 12:54:53,7.57,20.53,-41.39
2344,07/18/2026 13:04:53,7.58,20.34,-41.92
2345,07/18/2026 13:14:53,7.60,20.22,-43.24
2346,07/18/2026 13:24:53,7.64,20.10,-45.03
2347,07/18/2026 13:34:53,7.67,19.94,-46.95
2348,07/18/2026 13:44:53,7.68,19.86,-47.72
2349,07/18/2026 13:54:53,7.70,19.82,-48.42
2350,07/18/2026 14:04:53,7.70,19.84,-48.58
2351,07/18/2026 14:14:53,7.72,19.65,-49.89
2352,07/18/2026 14:24:53,7.76,19.41,-51.81
2353,07/18/2026 14:34:53,7.80,19.03,-54.22
2354,07/18/2026 14:44:53,7.85,18.65,-56.61
2355,07/18/2026 14:54:53,7.91,17.94,-60.17
2356,07/18/2026 15:04:53,7.96,17.20,-62.77
2357,07/18/2026 15:14:53,7.99,16.80,-63.99
2358,07/18/2026 15:24:53,7.99,16.63,-64.21
2359,07/18/2026 15:34:53,7.99,16.56,-64.30
2360,07/18/2026 15:44:53,7.99,16.53,-64.13
2361,07/18/2026 15:54:53,7.99,16.51,-63.92
2362,07/18/2026 16:04:53,7.97,16.49,-62.81
2363,07/18/2026 16:14:53,7.98,16.49,-63.67
2364,07/18/2026 16:24:53,7.99,16.53,-64.21
2365,07/18/2026 16:34:53,7.98,17.03,-63.72
2366,07/18/2026 16:44:53,7.98,17.27,-63.49
2367,07/18/2026 16:54:53,7.97,17.37,-63.24
2368,07/18/2026 17:04:53,7.95,17.61,-62.28
2369,07/18/2026 17:14:53,7.92,18.01,-60.38
2370,07/18/2026 17:24:53,7.88,18.51,-58.28
2371,07/18/2026 17:34:53,7.82,19.08,-54.91
2372,07/18/2026 17:44:53,7.78,19.41,-52.83
2373,07/18/2026 17:54:53,7.75,19.65,-51.36
2374,07/18/2026 18:04:53,7.72,19.86,-49.81
2375,07/18/2026 18:14:53,7.71,19.96,-48.91
2376,07/18/2026 18:24:53,7.68,20.08,-47.56
2377,07/18/2026 18:34:53,7.66,20.20,-46.42
2378,07/18/2026 18:44:53,7.64,20.32,-45.25
2379,07/18/2026 18:54:53,7.61,20.41,-43.66
2380,07/18/2026 19:04:53,7.60,20.51,-43.00
2381,07/18/2026 19:14:53,7.57,20.63,-41.64
2382,07/18/2026 19:24:53,7.55,20.72,-40.31
2383,07/18/2026 19:34:53,7.53,20.82,-39.13
2384,07/18/2026 19:44:53,7.50,20.91,-37.74
2385,07/18/2026 19:54:53,7.49,20.98,-36.92
2386,07/18/2026 20:04:53,7.46,21.06,-35.39
2387,07/18/2026 20:14:53,7.44,21.10,-34.34
2388,07/18/2026 20:24:53,7.42,21.17,-33.31
2389,07/18/2026 20:34:53,7.40,21.22,-32.02
2390,07/18/2026 20:44:53,7.38,21.29,-31.08
2391,07/18/2026 20:54:53,7.36,21.34,-29.95
2392,07/18/2026 21:04:53,7.34,21.37,-28.91
2393,07/18/2026 21:14:53,7.33,21.39,-28.14
2394,07/18/2026 21:24:53,7.32,21.41,-27.27
2395,07/18/2026 21:34:53,7.30,21.41,-26.67
2396,07/18/2026 21:44:53,7.29,21.41,-25.66
2397,07/18/2026 21:54:53,7.27,21.41,-24.67
2398,07/18/2026 22:04:53,7.25,21.46,-23.49
2399,07/18/2026 22:14:53,7.25,21.41,-23.36
2400,07/18/2026 22:24:53,7.24,21.37,-22.99
2401,07/18/2026 22:34:53,7.23,21.37,-22.56
2402,07/18/2026 22:44:53,7.23,21.41,-22.50
2403,07/18/2026 22:54:53,7.23,21.49,-22.55
2404,07/18/2026 23:04:53,7.25,21.51,-23.44
2405,07/18/2026 23:14:53,7.26,21.49,-24.45
2406,07/18/2026 23:24:53,7.29,21.44,-25.61
2407,07/18/2026 23:34:53,7.41,21.20,-32.36
2408,07/18/2026 23:44:53,7.45,21.10,-34.78
2409,07/18/2026 23:54:53,7.47,20.98,-36.00
2410,07/19/2026 00:04:53,7.51,20.84,-38.13
2411,07/19/2026 00:14:53,7.50,20.82,-37.38
2412,07/19/2026 00:24:53,7.51,20.75,-38.22
2413,07/19/2026 00:34:53,7.51,20.72,-37.88
2414,07/19/2026 00:44:53,7.55,20.60,-40.22
2415,07/19/2026 00:54:53,7.59,20.44,-42.55
2416,07/19/2026 01:04:53,7.62,20.27,-44.24
2417,07/19/2026 01:14:53,7.65,20.10,-45.60
2418,07/19/2026 01:24:53,7.67,19.91,-46.99
2419,07/19/2026 01:34:53,7.69,19.82,-47.94
2420,07/19/2026 01:44:53,7.71,19.65,-49.22
2421,07/19/2026 01:54:53,7.72,19.60,-49.58
2422,07/19/2026 02:04:53,7.72,19.63,-49.63
2423,07/19/2026 02:14:53,7.73,19.51,-50.16
2424,07/19/2026 02:24:53,7.76,19.25,-51.74
2425,07/19/2026 02:34:53,7.79,18.84,-53.49
2426,07/19/2026 02:44:53,7.83,17.91,-55.77
2427,07/19/2026 02:54:53,7.88,16.25,-58.14
2428,07/19/2026 03:04:53,7.91,14.84,-59.56
2429,07/19/2026 03:14:53,7.92,14.07,-59.86
2430,07/19/2026 03:24:53,7.93,13.31,-60.27
2431,07/19/2026 03:34:53,7.94,12.73,-60.61
2432,07/19/2026 03:44:53,7.94,12.44,-60.66
2433,07/19/2026 03:54:53,7.94,12.19,-60.81
2434,07/19/2026 04:04:53,7.94,12.12,-60.75
2435,07/19/2026 04:14:53,7.93,12.05,-60.24
2436,07/19/2026 04:24:53,7.90,12.10,-58.49
2437,07/19/2026 04:34:53,7.86,12.07,-56.30
2438,07/19/2026 04:44:53,7.94,12.00,-60.69
2439,07/19/2026 04:54:53,7.94,12.77,-60.45
2440,07/19/2026 05:04:53,7.94,13.16,-61.00
2441,07/19/2026 05:14:53,7.91,14.05,-59.28
2442,07/19/2026 05:24:53,7.88,15.01,-57.64
2443,07/19/2026 05:34:53,7.84,16.18,-55.63
2444,07/19/2026 05:44:53,7.83,16.32,-55.10
2445,07/19/2026 05:54:53,7.80,16.77,-53.66
2446,07/19/2026 06:04:53,7.75,17.49,-51.19
2447,07/19/2026 06:14:53,7.72,18.30,-49.47
2448,07/19/2026 06:24:53,7.66,18.68,-46.11
2449,07/19/2026 06:34:53,7.63,19.06,-44.56
2450,07/19/2026 06:44:53,7.62,19.15,-44.27
2451,07/19/2026 06:54:53,7.57,19.29,-41.33
2452,07/19/2026 07:04:53,7.56,19.44,-40.69
2453,07/19/2026 07:14:53,7.55,19.51,-40.41
2454,07/19/2026 07:24:53,7.53,19.48,-39.00
2455,07/19/2026 07:34:53,7.51,19.60,-37.86
2456,07/19/2026 07:44:53,7.47,19.70,-35.99
2457,07/19/2026 07:54:53,7.45,19.82,-34.84
2458,07/19/2026 08:04:53,7.39,19.86,-31.52
2459,07/19/2026 08:14:53,7.39,20.01,-31.56
2460,07/19/2026 08:24:53,7.37,20.08,-30.31
2461,07/19/2026 08:34:53,7.35,20.15,-29.08
2462,07/19/2026 08:44:53,7.34,20.25,-28.56
2463,07/19/2026 08:54:53,7.33,20.32,-27.88
2464,07/19/2026 09:04:53,7.33,20.39,-27.99
2465,07/19/2026 09:14:53,7.32,20.48,-27.33
2466,07/19/2026 09:24:53,7.32,20.56,-27.31
2467,07/19/2026 09:34:53,7.31,20.65,-26.83
2468,07/19/2026 09:44:53,7.30,20.75,-26.63
2469,07/19/2026 09:54:53,7.30,20.84,-26.34
2470,07/19/2026 10:04:53,7.29,20.94,-25.89
2471,07/19/2026 10:14:53,7.29,21.03,-25.88
2472,07/19/2026 10:24:53,7.28,21.15,-25.28
2473,07/19/2026 10:34:53,7.28,21.27,-25.31
2474,07/19/2026 10:44:53,7.28,21.37,-25.03
2475,07/19/2026 10:54:53,7.25,21.49,-23.81
2476,07/19/2026 11:04:53,7.28,21.49,-25.41
2477,07/19/2026 11:14:53,7.29,21.56,-25.91
2478,07/19/2026 11:24:53,7.31,21.63,-26.89
2479,07/19/2026 11:34:53,7.33,21.70,-28.34
2480,07/19/2026 11:44:53,7.31,21.60,-26.84
2481,07/19/2026 11:54:53,7.30,21.46,-26.56
2482,07/19/2026 12:04:53,7.33,21.34,-28.11
2483,07/19/2026 12:14:53,7.50,21.22,-37.66
2484,07/19/2026 12:24:53,7.48,21.17,-36.28
2485,07/19/2026 12:34:53,7.52,21.13,-38.49
2486,07/19/2026 12:44:53,7.53,21.17,-39.31
2487,07/19/2026 12:54:53,7.56,21.13,-40.75
2488,07/19/2026 13:04:53,7.58,21.08,-42.30
2489,07/19/2026 13:14:53,7.59,20.98,-42.63
2490,07/19/2026 13:24:53,7.63,20.82,-44.66
2491,07/19/2026 13:34:53,7.63,20.63,-44.66
2492,07/19/2026 13:44:53,7.63,20.46,-44.60
2493,07/19/2026 13:54:53,7.67,20.03,-46.81
2494,07/19/2026 14:04:53,7.70,19.75,-48.61
2495,07/19/2026 14:14:53,7.72,19.63,-49.83
2496,07/19/2026 14:24:53,7.74,19.46,-50.72
2497,07/19/2026 14:34:53,7.76,19.34,-51.77
2498,07/19/2026 14:44:53,7.78,19.20,-52.89
2499,07/19/2026 14:54:53,7.80,19.06,-53.89
2500,07/19/2026 15:04:53,7.81,18.87,-54.64
2501,07/19/2026 15:14:53,7.84,18.37,-56.08
2502,07/19/2026 15:24:53,7.88,17.42,-58.08
2503,07/19/2026 15:34:53,7.91,16.30,-59.92
2504,07/19/2026 15:44:53,7.95,15.10,-61.56
2505,07/19/2026 15:54:53,7.95,14.91,-61.86
2506,07/19/2026 16:04:53,7.97,14.84,-62.80
2507,07/19/2026 16:14:53,7.99,14.48,-63.50
2508,07/19/2026 16:24:53,8.00,14.12,-64.13
2509,07/19/2026 16:34:53,8.00,14.03,-64.38
2510,07/19/2026 16:44:53,8.00,13.83,-64.22
2511,07/19/2026 16:54:53,8.00,13.79,-64.17
2512,07/19/2026 17:04:53,7.99,13.71,-63.33
2513,07/19/2026 17:14:53,7.99,13.67,-63.71
2514,07/19/2026 17:24:53,7.98,13.59,-62.81
2515,07/19/2026 17:34:53,7.97,13.64,-62.63
2516,07/19/2026 17:44:53,7.96,14.29,-62.17
2517,07/19/2026 17:54:53,7.95,15.25,-61.74
2518,07/19/2026 18:04:53,7.94,15.75,-61.49
2519,07/19/2026 18:14:53,7.91,17.06,-59.97
2520,07/19/2026 18:24:53,7.90,17.72,-59.52
2521,07/19/2026 18:34:53,7.89,18.22,-58.97
2522,07/19/2026 18:44:53,7.87,18.72,-57.85
2523,07/19/2026 18:54:53,7.85,19.22,-56.63
2524,07/19/2026 19:04:53,7.83,19.63,-55.63
2525,07/19/2026 19:14:53,7.81,19.89,-54.77
2526,07/19/2026 19:24:53,7.79,20.15,-53.67
2527,07/19/2026 19:34:53,7.78,20.27,-53.17
2528,07/19/2026 19:44:53,7.76,20.46,-52.25
2529,07/19/2026 19:54:53,7.75,20.63,-51.25
2530,07/19/2026 20:04:53,7.73,20.79,-50.20
2531,07/19/2026 20:14:53,7.70,21.03,-48.63
2532,07/19/2026 20:24:53,7.68,21.13,-47.67
2533,07/19/2026 20:34:53,7.66,21.27,-46.44
2534,07/19/2026 20:44:53,7.63,21.41,-44.77
2535,07/19/2026 20:54:53,7.61,21.49,-43.61
2536,07/19/2026 21:04:53,7.58,21.58,-42.08
2537,07/19/2026 21:14:53,7.55,21.68,-40.72
2538,07/19/2026 21:24:53,7.53,21.72,-39.42
2539,07/19/2026 21:34:53,7.51,21.77,-38.33
2540,07/19/2026 21:44:53,7.49,21.77,-37.03
2541,07/19/2026 21:54:53,7.47,21.80,-35.75
2542,07/19/2026 22:04:53,7.45,21.80,-34.88
2543,07/19/2026 22:14:53,7.44,21.80,-34.16
2544,07/19/2026 22:24:53,7.42,21.80,-33.06
2545,07/19/2026 22:34:53,7.39,21.82,-31.72
2546,07/19/2026 22:44:53,7.37,21.80,-30.14
2547,07/19/2026 22:54:53,7.35,21.82,-29.13
2548,07/19/2026 23:04:53,7.33,21.84,-28.25
2549,07/19/2026 23:14:53,7.31,21.75,-26.83
2550,07/19/2026 23:24:53,7.28,21.65,-25.58
2551,07/19/2026 23:34:53,7.30,21.65,-26.45
2552,07/19/2026 23:44:53,7.30,21.77,-26.41
2553,07/19/2026 23:54:53,7.31,21.82,-26.91
2554,07/20/2026 00:04:53,7.33,21.82,-28.25
2555,07/20/2026 00:14:53,7.35,21.80,-29.03
2556,07/20/2026 00:24:53,7.38,21.72,-30.74
2557,07/20/2026 00:34:53,7.52,21.20,-38.86
2558,07/20/2026 00:44:53,7.54,21.10,-39.75
2559,07/20/2026 00:54:53,7.54,21.06,-39.74
2560,07/20/2026 01:04:53,7.56,20.84,-41.17
2561,07/20/2026 01:14:53,7.58,20.72,-41.88
2562,07/20/2026 01:24:53,7.59,20.63,-42.55
2563,07/20/2026 01:34:53,7.60,20.51,-43.24
2564,07/20/2026 01:44:53,7.60,20.51,-42.91
2565,07/20/2026 01:54:53,7.64,20.22,-45.31
2566,07/20/2026 02:04:53,7.67,19.94,-47.14
2567,07/20/2026 02:14:53,7.71,19.63,-49.14
2568,07/20/2026 02:24:53,7.74,19.34,-50.56
2569,07/20/2026 02:34:53,7.76,19.01,-51.95
2570,07/20/2026 02:44:53,7.77,18.77,-52.60
2571,07/20/2026 02:54:53,7.78,18.60,-53.10
2572,07/20/2026 03:04:53,7.79,18.44,-53.61
2573,07/20/2026 03:14:53,7.79,18.44,-53.36
2574,07/20/2026 03:24:53,7.80,18.30,-53.67
2575,07/20/2026 03:34:53,7.80,18.10,-54.10
2576,07/20/2026 03:44:53,7.81,17.87,-54.49
2577,07/20/2026 03:54:53,7.83,17.49,-55.27
2578,07/20/2026 04:04:53,7.84,17.03,-56.10
2579,07/20/2026 04:14:53,7.85,16.70,-56.45
2580,07/20/2026 04:24:53,7.87,16.15,-57.50
2581,07/20/2026 04:34:53,7.87,15.77,-57.55
2582,07/20/2026 04:44:53,7.87,15.39,-57.45
2583,07/20/2026 04:54:53,7.85,15.17,-55.95
2584,07/20/2026 05:04:53,7.80,15.15,-53.44
2585,07/20/2026 05:14:53,7.87,15.06,-57.08
2586,07/20/2026 05:24:53,7.91,15.10,-59.22
2587,07/20/2026 05:34:53,7.91,15.22,-59.75
2588,07/20/2026 05:44:53,7.91,15.68,-59.58
2589,07/20/2026 05:54:53,7.88,16.37,-58.28
2590,07/20/2026 06:04:53,7.87,16.80,-57.41
2591,07/20/2026 06:14:53,7.85,17.20,-56.41
2592,07/20/2026 06:24:53,7.83,17.44,-55.66
2593,07/20/2026 06:34:53,7.83,17.61,-55.56
2594,07/20/2026 06:44:53,7.82,17.75,-54.85
2595,07/20/2026 06:54:53,7.81,17.89,-54.19
2596,07/20/2026 07:04:53,7.80,18.01,-53.74
2597,07/20/2026 07:14:53,7.79,18.08,-53.44
2598,07/20/2026 07:24:53,7.78,18.15,-52.77
2599,07/20/2026 07:34:53,7.77,18.27,-52.03
2600,07/20/2026 07:44:53,7.74,18.44,-50.55
2601,07/20/2026 07:54:53,7.72,18.58,-49.75
2602,07/20/2026 08:04:53,7.69,18.72,-47.72
2603,07/20/2026 08:14:53,7.66,18.89,-46.22
2604,07/20/2026 08:24:53,7.63,19.06,-44.88
2605,07/20/2026 08:34:53,7.60,19.22,-42.89
2606,07/20/2026 08:44:53,7.58,19.41,-41.69
2607,07/20/2026 08:54:53,7.54,19.56,-39.86
2608,07/20/2026 09:04:53,7.53,19.70,-39.17
2609,07/20/2026 09:14:53,7.51,19.82,-37.89
2610,07/20/2026 09:24:53,7.49,19.96,-37.09
2611,07/20/2026 09:34:53,7.49,20.10,-36.97
2612,07/20/2026 09:44:53,7.48,20.25,-36.41
2613,07/20/2026 09:54:53,7.47,20.39,-35.83
2614,07/20/2026 10:04:53,7.46,20.53,-35.53
2615,07/20/2026 10:14:53,7.46,20.65,-35.30
2616,07/20/2026 10:24:53,7.45,20.82,-34.86
2617,07/20/2026 10:34:53,7.45,20.96,-34.50
2618,07/20/2026 10:44:53,7.42,21.10,-33.20
2619,07/20/2026 10:54:53,7.40,21.29,-32.17
2620,07/20/2026 11:04:53,7.39,21.41,-31.58
2621,07/20/2026 11:14:53,7.37,21.60,-30.52
2622,07/20/2026 11:24:53,7.35,21.75,-29.45
2623,07/20/2026 11:34:53,7.34,22.01,-28.55
2624,07/20/2026 11:44:53,7.37,21.99,-30.25
2625,07/20/2026 11:54:53,7.43,21.96,-33.63
2626,07/20/2026 12:04:53,7.41,21.89,-32.81
2627,07/20/2026 12:14:53,7.40,21.91,-32.22
2628,07/20/2026 12:24:53,7.44,21.87,-34.55
2629,07/20/2026 12:34:53,7.47,21.96,-36.17
2630,07/20/2026 12:44:53,7.55,21.65,-40.44
2631,07/20/2026 12:54:53,7.64,21.37,-45.53
2632,07/20/2026 13:04:53,7.63,21.56,-44.81
2633,07/20/2026 13:14:53,7.67,21.34,-47.39
2634,07/20/2026 13:24:53,7.71,21.39,-49.16
2635,07/20/2026 13:34:53,7.73,21.49,-50.30
2636,07/20/2026 13:44:53,7.73,21.39,-50.38
2637,07/20/2026 13:54:53,7.71,21.20,-49.10
2638,07/20/2026 14:04:53,7.73,20.86,-50.49
2639,07/20/2026 14:14:53,7.78,20.39,-53.16
2640,07/20/2026 14:24:53,7.79,20.08,-53.53
2641,07/20/2026 14:34:53,7.81,19.75,-54.67
2642,07/20/2026 14:44:53,7.83,19.41,-55.69
2643,07/20/2026 14:54:53,7.85,19.17,-56.75
2644,07/20/2026 15:04:53,7.87,19.01,-57.69
2645,07/20/2026 15:14:53,7.88,18.82,-58.27
2646,07/20/2026 15:24:53,7.88,18.89,-58.55
2647,07/20/2026 15:34:53,7.88,18.79,-58.64
2648,07/20/2026 15:44:53,7.89,18.72,-58.91
2649,07/20/2026 15:54:53,7.91,18.49,-59.92
2650,07/20/2026 16:04:53,7.92,18.25,-60.45
2651,07/20/2026 16:14:53,7.92,17.94,-60.33
2652,07/20/2026 16:24:53,7.94,17.56,-61.35
2653,07/20/2026 16:34:53,7.95,16.96,-61.83
2654,07/20/2026 16:44:53,7.95,16.80,-61.74
2655,07/20/2026 16:54:53,7.96,16.20,-62.22
2656,07/20/2026 17:04:53,7.96,15.89,-62.60
2657,07/20/2026 17:14:53,7.99,15.72,-63.91
2658,07/20/2026 17:24:53,7.98,15.63,-63.31
2659,07/20/2026 17:34:53,7.98,15.49,-63.49
2660,07/20/2026 17:44:53,7.98,15.22,-63.46
2661,07/20/2026 17:54:53,7.98,15.22,-63.33
2662,07/20/2026 18:04:53,7.98,15.39,-63.41
2663,07/20/2026 18:14:53,7.96,16.46,-62.50
2664,07/20/2026 18:24:53,7.95,16.94,-62.14
2665,07/20/2026 18:34:53,7.94,17.39,-61.71
2666,07/20/2026 18:44:53,7.93,17.77,-61.25
2667,07/20/2026 18:54:53,7.92,18.18,-60.64
2668,07/20/2026 19:04:53,7.91,18.41,-60.16
2669,07/20/2026 19:14:53,7.90,18.72,-59.41
2670,07/20/2026 19:24:53,7.89,18.96,-58.88
2671,07/20/2026 19:34:53,7.88,19.17,-58.35
2672,07/20/2026 19:44:53,7.86,19.37,-57.53
2673,07/20/2026 19:54:53,7.85,19.58,-56.89
2674,07/20/2026 20:04:53,7.84,19.72,-56.33
2675,07/20/2026 20:14:53,7.83,19.86,-55.61
2676,07/20/2026 20:24:53,7.81,20.06,-54.80
2677,07/20/2026 20:34:53,7.78,20.36,-53.10
2678,07/20/2026 20:44:53,7.77,20.51,-52.60
2679,07/20/2026 20:54:53,7.73,20.79,-50.67
2680,07/20/2026 21:04:53,7.71,20.94,-49.24
2681,07/20/2026 21:14:53,7.71,21.01,-49.13
2682,07/20/2026 21:24:53,7.68,21.15,-47.86
2683,07/20/2026 21:34:53,7.66,21.32,-46.47
2684,07/20/2026 21:44:53,7.63,21.44,-44.86
2685,07/20/2026 21:54:53,7.60,21.56,-43.39
2686,07/20/2026 22:04:53,7.58,21.68,-42.36
2687,07/20/2026 22:14:53,7.57,21.75,-41.52
2688,07/20/2026 22:24:53,7.54,21.80,-39.77
2689,07/20/2026 22:34:53,7.52,21.84,-38.89
2690,07/20/2026 22:44:53,7.50,21.87,-37.53
2691,07/20/2026 22:54:53,7.47,21.87,-36.22
2692,07/20/2026 23:04:53,7.45,21.89,-35.08
2693,07/20/2026 23:14:53,7.43,21.91,-33.99
2694,07/20/2026 23:24:53,7.40,21.94,-32.06
2695,07/20/2026 23:34:53,7.37,21.96,-30.27
2696,07/20/2026 23:44:53,7.36,22.03,-29.66
2697,07/20/2026 23:54:53,7.34,22.06,-28.64
2698,07/21/2026 00:04:53,7.32,21.99,-27.34
2699,07/21/2026 00:14:53,7.28,21.87,-25.45
2700,07/21/2026 00:24:53,7.30,21.84,-26.38
2701,07/21/2026 00:34:53,7.30,21.94,-26.56
2702,07/21/2026 00:44:53,7.31,22.03,-26.75
2703,07/21/2026 00:54:53,7.33,22.03,-28.09
2704,07/21/2026 01:04:53,7.34,22.01,-28.97
2705,07/21/2026 01:14:53,7.37,21.94,-30.13
2706,07/21/2026 01:24:53,7.51,21.46,-38.41
2707,07/21/2026 01:34:53,7.57,21.27,-41.25
2708,07/21/2026 01:44:53,7.57,21.25,-41.52
2709,07/21/2026 01:54:53,7.59,21.10,-42.58
2710,07/21/2026 02:04:53,7.63,20.86,-44.55
2711,07/21/2026 02:14:53,7.62,20.82,-44.41
2712,07/21/2026 02:24:53,7.64,20.67,-45.11
2713,07/21/2026 02:34:53,7.64,20.60,-45.19
2714,07/21/2026 02:44:53,7.64,20.58,-45.10
2715,07/21/2026 02:54:53,7.68,20.32,-47.41
2716,07/21/2026 03:04:53,7.71,20.10,-48.94
2717,07/21/2026 03:14:53,7.74,19.82,-50.55
2718,07/21/2026 03:24:53,7.76,19.53,-51.70
2719,07/21/2026 03:34:53,7.79,19.20,-53.31
2720,07/21/2026 03:44:53,7.80,18.96,-54.16
2721,07/21/2026 03:54:53,7.81,18.84,-54.50
2722,07/21/2026 04:04:53,7.82,18.72,-54.99
2723,07/21/2026 04:14:53,7.83,18.60,-55.42
2724,07/21/2026 04:24:53,7.83,18.46,-55.70
2725,07/21/2026 04:34:53,7.84,18.41,-55.91
2726,07/21/2026 04:44:53,7.83,18.41,-55.55
2727,07/21/2026 04:54:53,7.83,18.30,-55.70
2728,07/21/2026 05:04:53,7.84,18.08,-55.92
2729,07/21/2026 05:14:53,7.85,17.84,-56.52
2730,07/21/2026 05:24:53,7.85,17.61,-56.49
2731,07/21/2026 05:34:53,7.86,17.08,-57.03
2732,07/21/2026 05:44:53,7.84,16.92,-55.74
2733,07/21/2026 05:54:53,7.84,16.75,-55.75
2734,07/21/2026 06:04:53,7.86,16.75,-57.11
2735,07/21/2026 06:14:53,7.88,16.87,-58.00
2736,07/21/2026 06:24:53,7.88,16.99,-57.89
2737,07/21/2026 06:34:53,7.88,17.20,-57.94
2738,07/21/2026 06:44:53,7.88,17.39,-58.05
2739,07/21/2026 06:54:53,7.86,17.70,-57.27
2740,07/21/2026 07:04:53,7.86,17.96,-56.94
2741,07/21/2026 07:14:53,7.85,18.18,-56.77
2742,07/21/2026 07:24:53,7.84,18.30,-56.42
2743,07/21/2026 07:34:53,7.84,18.37,-56.36
2744,07/21/2026 07:44:53,7.84,18.44,-55.94
2745,07/21/2026 07:54:53,7.83,18.56,-55.70
2746,07/21/2026 08:04:53,7.83,18.63,-55.55
2747,07/21/2026 08:14:53,7.82,18.72,-55.10
2748,07/21/2026 08:24:53,7.82,18.89,-54.92
2749,07/21/2026 08:34:53,7.80,19.08,-54.06
2750,07/21/2026 08:44:53,7.80,19.20,-54.22
2751,07/21/2026 08:54:53,7.78,19.39,-52.99
2752,07/21/2026 09:04:53,7.76,19.58,-51.86
2753,07/21/2026 09:14:53,7.73,19.77,-50.11
2754,07/21/2026 09:24:53,7.72,19.94,-49.50
2755,07/21/2026 09:34:53,7.69,20.13,-47.88
2756,07/21/2026 09:44:53,7.66,20.27,-46.20
2757,07/21/2026 09:54:53,7.63,20.44,-44.80
2758,07/21/2026 10:04:53,7.60,20.56,-43.33
2759,07/21/2026 10:14:53,7.59,20.65,-42.33
2760,07/21/2026 10:24:53,7.58,20.77,-41.89
2761,07/21/2026 10:34:53,7.55,20.89,-40.56
2762,07/21/2026 10:44:53,7.54,20.98,-40.02
2763,07/21/2026 10:54:53,7.53,21.10,-39.06
2764,07/21/2026 11:04:53,7.51,21.20,-38.14
2765,07/21/2026 11:14:53,7.49,21.29,-36.80
2766,07/21/2026 11:24:53,7.47,21.41,-36.03
2767,07/21/2026 11:34:53,7.46,21.51,-35.64
2768,07/21/2026 11:44:53,7.44,21.63,-34.34
2769,07/21/2026 11:54:53,7.42,21.77,-33.17
2770,07/21/2026 12:04:53,7.40,21.89,-31.92
2771,07/21/2026 12:14:53,7.37,21.89,-30.59
2772,07/21/2026 12:24:53,7.44,21.82,-34.09
2773,07/21/2026 12:34:53,7.41,21.84,-32.81
2774,07/21/2026 12:44:53,7.40,21.84,-32.28
2775,07/21/2026 12:54:53,7.42,21.87,-33.03
2776,07/21/2026 13:04:53,7.45,21.77,-35.11
2777,07/21/2026 13:14:53,7.45,21.70,-34.95
2778,07/21/2026 13:24:53,7.51,21.56,-38.39
2779,07/21/2026 13:34:53,7.59,21.34,-42.55
2780,07/21/2026 13:44:53,7.65,21.22,-46.05
2781,07/21/2026 13:54:53,7.66,21.20,-46.45
2782,07/21/2026 14:04:53,7.69,21.13,-48.42
2783,07/21/2026 14:14:53,7.74,21.03,-50.80
2784,07/21/2026 14:24:53,7.76,20.96,-51.85
2785,07/21/2026 14:34:53,7.76,20.82,-52.20
2786,07/21/2026 14:44:53,7.75,20.77,-51.36
2787,07/21/2026 14:54:53,7.75,20.60,-51.55
2788,07/21/2026 15:04:53,7.79,20.20,-53.88
2789,07/21/2026 15:14:53,7.81,19.91,-54.75
2790,07/21/2026 15:24:53,7.83,19.72,-55.64
2791,07/21/2026 15:34:53,7.85,19.46,-56.77
2792,07/21/2026 15:44:53,7.86,19.17,-57.64
2793,07/21/2026 15:54:53,7.88,18.96,-58.25
2794,07/21/2026 16:04:53,7.88,18.87,-58.35
2795,07/21/2026 16:14:53,7.87,18.91,-57.88
2796,07/21/2026 16:24:53,7.87,18.87,-57.69
2797,07/21/2026 16:34:53,7.87,18.70,-57.80
2798,07/21/2026 16:44:53,7.88,18.49,-58.16
2799,07/21/2026 16:54:53,7.88,18.20,-58.56
2800,07/21/2026 17:04:53,7.90,17.84,-59.25
2801,07/21/2026 17:14:53,7.90,17.63,-59.27
2802,07/21/2026 17:24:53,7.91,17.08,-59.66
2803,07/21/2026 17:34:53,7.92,16.65,-60.16
2804,07/21/2026 17:44:53,7.92,16.11,-60.31
2805,07/21/2026 17:54:53,7.92,15.46,-60.08
2806,07/21/2026 18:04:53,7.91,15.06,-59.72
2807,07/21/2026 18:14:53,7.90,14.91,-58.74
2808,07/21/2026 18:24:53,7.88,14.72,-57.97
2809,07/21/2026 18:34:53,7.90,14.60,-58.72
2810,07/21/2026 18:44:53,7.93,14.74,-60.50
2811,07/21/2026 18:54:53,7.95,14.74,-61.75
2812,07/21/2026 19:04:53,7.96,14.94,-61.96
2813,07/21/2026 19:14:53,7.96,15.82,-62.13
2814,07/21/2026 19:24:53,7.95,16.27,-61.96
2815,07/21/2026 19:34:53,7.94,16.84,-61.44
2816,07/21/2026 19:44:53,7.92,17.39,-60.52
2817,07/21/2026 19:54:53,7.91,17.61,-59.97
2818,07/21/2026 20:04:53,7.90,17.77,-59.58
2819,07/21/2026 20:14:53,7.88,18.08,-58.39
2820,07/21/2026 20:24:53,7.87,18.37,-57.61
2821,07/21/2026 20:34:53,7.85,18.49,-57.00
2822,07/21/2026 20:44:53,7.85,18.63,-56.64
2823,07/21/2026 20:54:53,7.84,18.72,-56.14
2824,07/21/2026 21:04:53,7.82,18.89,-55.03
2825,07/21/2026 21:14:53,7.80,19.03,-53.95
2826,07/21/2026 21:24:53,7.78,19.15,-52.80
2827,07/21/2026 21:34:53,7.75,19.32,-51.39
2828,07/21/2026 21:44:53,7.73,19.51,-50.31
2829,07/21/2026 21:54:53,7.71,19.75,-48.89
2830,07/21/2026 22:04:53,7.68,19.89,-47.70
2831,07/21/2026 22:14:53,7.67,20.08,-46.81
2832,07/21/2026 22:24:53,7.65,20.22,-45.67
2833,07/21/2026 22:34:53,7.62,20.34,-44.33
2834,07/21/2026 22:44:53,7.59,20.46,-42.55
2835,07/21/2026 22:54:53,7.57,20.58,-41.31
2836,07/21/2026 23:04:53,7.55,20.70,-40.08
2837,07/21/2026 23:14:53,7.52,20.79,-38.61
2838,07/21/2026 23:24:53,7.50,20.91,-37.39
2839,07/21/2026 23:34:53,7.48,20.98,-36.27
2840,07/21/2026 23:44:53,7.46,21.03,-35.20
2841,07/21/2026 23:54:53,7.44,21.10,-34.49
2842,07/22/2026 00:04:53,7.43,21.13,-33.75
2843,07/22/2026 00:14:53,7.41,21.15,-32.59
2844,07/22/2026 00:24:53,7.39,21.17,-31.42
2845,07/22/2026 00:34:53,7.38,21.20,-31.00
2846,07/22/2026 00:44:53,7.36,21.22,-30.00
2847,07/22/2026 00:54:53,7.36,21.22,-29.78
2848,07/22/2026 01:04:53,7.35,21.25,-29.39
2849,07/22/2026 01:14:53,7.35,21.15,-28.97
2850,07/22/2026 01:24:53,7.35,21.17,-29.42
2851,07/22/2026 01:34:53,7.35,21.25,-29.19
2852,07/22/2026 01:44:53,7.37,21.32,-30.39
2853,07/22/2026 01:54:53,7.41,21.29,-32.58
2854,07/22/2026 02:04:53,7.41,21.29,-32.52
2855,07/22/2026 02:14:53,7.42,21.27,-33.06
2856,07/22/2026 02:24:53,7.55,20.96,-40.44
2857,07/22/2026 02:34:53,7.60,20.79,-43.00
2858,07/22/2026 02:44:53,7.59,20.72,-42.61
2859,07/22/2026 02:54:53,7.62,20.58,-44.03
2860,07/22/2026 03:04:53,7.62,20.51,-44.17
2861,07/22/2026 03:14:53,7.62,20.48,-44.06
2862,07/22/2026 03:24:53,7.63,20.39,-44.81
2863,07/22/2026 03:34:53,7.65,20.32,-45.70
2864,07/22/2026 03:44:53,7.66,20.20,-46.24
2865,07/22/2026 03:54:53,7.72,19.79,-49.70
2866,07/22/2026 04:04:53,7.75,19.51,-51.19
2867,07/22/2026 04:14:53,7.76,19.34,-52.10
2868,07/22/2026 04:24:53,7.78,19.17,-52.70
2869,07/22/2026 04:34:53,7.79,18.98,-53.27
2870,07/22/2026 04:44:53,7.80,18.75,-53.77
2871,07/22/2026 04:54:53,7.80,18.58,-54.17
2872,07/22/2026 05:04:53,7.80,18.58,-54.11
2873,07/22/2026 05:14:53,7.81,18.51,-54.36
2874,07/22/2026 05:24:53,7.81,18.46,-54.33
2875,07/22/2026 05:34:53,7.81,18.41,-54.35
2876,07/22/2026 05:44:53,7.81,18.30,-54.49
2877,07/22/2026 05:54:53,7.82,18.10,-55.22
2878,07/22/2026 06:04:53,7.83,17.96,-55.30
2879,07/22/2026 06:14:53,7.84,17.72,-55.78
2880,07/22/2026 06:24:53,7.81,17.56,-54.61
2881,07/22/2026 06:34:53,7.79,17.20,-53.08
2882,07/22/2026 06:44:53,7.82,16.92,-54.70
2883,07/22/2026 06:54:53,7.85,16.96,-56.72
2884,07/22/2026 07:04:53,7.86,17.11,-56.91
2885,07/22/2026 07:14:53,7.86,17.30,-57.19
2886,07/22/2026 07:24:53,7.86,17.51,-57.00
2887,07/22/2026 07:34:53,7.85,17.65,-56.78
2888,07/22/2026 07:44:53,7.83,18.08,-55.80
2889,07/22/2026 07:54:53,7.83,18.22,-55.58
2890,07/22/2026 08:04:53,7.83,18.34,-55.39
2891,07/22/2026 08:14:53,7.83,18.46,-55.85
2892,07/22/2026 08:24:53,7.83,18.53,-55.89
2893,07/22/2026 08:34:53,7.83,18.72,-55.58
2894,07/22/2026 08:44:53,7.82,18.82,-55.20
2895,07/22/2026 08:54:53,7.83,18.91,-55.56
2896,07/22/2026 09:04:53,7.82,19.08,-55.22
2897,07/22/2026 09:14:53,7.82,19.25,-55.05
2898,07/22/2026 09:24:53,7.81,19.44,-54.58
2899,07/22/2026 09:34:53,7.79,19.72,-53.53
2900,07/22/2026 09:44:53,7.78,19.89,-53.05
2901,07/22/2026 09:54:53,7.77,20.10,-52.66
2902,07/22/2026 10:04:53,7.74,20.34,-50.99
2903,07/22/2026 10:14:53,7.72,20.51,-49.85
2904,07/22/2026 10:24:53,7.70,20.72,-48.44
2905,07/22/2026 10:34:53,7.67,20.89,-47.31
2906,07/22/2026 10:44:53,7.65,21.06,-46.13
2907,07/22/2026 10:54:53,7.62,21.25,-44.58
2908,07/22/2026 11:04:53,7.60,21.44,-43.42
2909,07/22/2026 11:14:53,7.58,21.58,-42.33
2910,07/22/2026 11:24:53,7.58,21.70,-41.86
2911,07/22/2026 11:34:53,7.55,21.87,-40.34
2912,07/22/2026 11:44:53,7.53,22.03,-39.55
2913,07/22/2026 11:54:53,7.51,22.20,-38.44
2914,07/22/2026 12:04:53,7.50,22.39,-37.47
2915,07/22/2026 12:14:53,7.49,22.54,-37.09
2916,07/22/2026 12:24:53,7.46,22.68,-35.56
2917,07/22/2026 12:34:53,7.45,22.75,-34.88
2918,07/22/2026 12:44:53,7.43,22.92,-33.63
2919,07/22/2026 12:54:53,7.41,23.04,-32.75
2920,07/22/2026 13:04:53,7.42,23.11,-33.00
2921,07/22/2026 13:14:53,7.45,23.14,-34.74
2922,07/22/2026 13:24:53,7.45,23.16,-34.80
2923,07/22/2026 13:34:53,7.46,23.26,-35.34
2924,07/22/2026 13:44:53,7.45,23.18,-34.77
2925,07/22/2026 13:54:53,7.46,23.04,-35.44
2926,07/22/2026 14:04:53,7.51,22.92,-38.17
2927,07/22/2026 14:14:53,7.55,22.99,-40.83
2928,07/22/2026 14:24:53,7.63,22.87,-45.33
2929,07/22/2026 14:34:53,7.70,22.80,-49.25
2930,07/22/2026 14:44:53,7.76,22.61,-52.20
2931,07/22/2026 14:54:53,7.75,22.51,-51.52
2932,07/22/2026 15:04:53,7.76,22.30,-52.56
2933,07/22/2026 15:14:53,7.79,22.15,-53.83
2934,07/22/2026 15:24:53,7.79,21.94,-54.19
2935,07/22/2026 15:34:53,7.79,21.65,-53.83
2936,07/22/2026 15:44:53,7.80,21.25,-54.22
2937,07/22/2026 15:54:53,7.82,20.67,-55.56
2938,07/22/2026 16:04:53,7.83,20.41,-55.80
2939,07/22/2026 16:14:53,7.83,20.17,-55.94
2940,07/22/2026 16:24:53,7.84,19.94,-56.56
2941,07/22/2026 16:34:53,7.85,19.65,-56.78
2942,07/22/2026 16:44:53,7.86,19.37,-57.24
2943,07/22/2026 16:54:53,7.86,19.27,-57.36
2944,07/22/2026 17:04:53,7.87,19.20,-57.78
2945,07/22/2026 17:14:53,7.87,19.17,-57.81
2946,07/22/2026 17:24:53,7.87,18.98,-57.81
2947,07/22/2026 17:34:53,7.89,18.77,-58.81
2948,07/22/2026 17:44:53,7.89,18.51,-58.78
2949,07/22/2026 17:54:53,7.90,18.39,-59.30
2950,07/22/2026 18:04:53,7.90,18.13,-59.55
2951,07/22/2026 18:14:53,7.90,17.91,-59.50
2952,07/22/2026 18:24:53,7.91,17.32,-59.89
2953,07/22/2026 18:34:53,7.91,16.70,-59.85
2954,07/22/2026 18:44:53,7.91,15.65,-59.50
2955,07/22/2026 18:54:53,7.90,15.39,-59.17
2956,07/22/2026 19:04:53,7.89,15.41,-58.52
2957,07/22/2026 19:14:53,7.89,15.29,-58.66
2958,07/22/2026 19:24:53,7.90,15.25,-58.86
2959,07/22/2026 19:34:53,7.92,15.56,-60.28
2960,07/22/2026 19:44:53,7.92,16.18,-60.31
2961,07/22/2026 19:54:53,7.92,16.39,-60.35
2962,07/22/2026 20:04:53,7.91,17.39,-60.14
2963,07/22/2026 20:14:53,7.91,17.84,-59.94
2964,07/22/2026 20:24:53,7.89,18.37,-59.17
2965,07/22/2026 20:34:53,7.89,18.53,-58.94
2966,07/22/2026 20:44:53,7.88,18.72,-58.39
2967,07/22/2026 20:54:53,7.87,18.89,-58.17
2968,07/22/2026 21:04:53,7.87,19.01,-58.00
2969,07/22/2026 21:14:53,7.86,19.17,-57.50
2970,07/22/2026 21:24:53,7.84,19.41,-56.35
2971,07/22/2026 21:34:53,7.83,19.56,-55.75
2972,07/22/2026 21:44:53,7.81,19.70,-54.92
2973,07/22/2026 21:54:53,7.81,19.84,-54.52
2974,07/22/2026 22:04:53,7.80,20.01,-53.94
2975,07/22/2026 22:14:53,7.77,20.20,-52.61
2976,07/22/2026 22:24:53,7.74,20.39,-51.06
2977,07/22/2026 22:34:53,7.72,20.58,-50.00
2978,07/22/2026 22:44:53,7.70,20.77,-48.88
2979,07/22/2026 22:54:53,7.68,21.01,-47.83
2980,07/22/2026 23:04:53,7.67,21.17,-46.89
2981,07/22/2026 23:14:53,7.64,21.37,-45.30
2982,07/22/2026 23:24:53,7.62,21.49,-44.16
2983,07/22/2026 23:34:53,7.58,21.65,-42.30
2984,07/22/2026 23:44:53,7.56,21.77,-41.02
2985,07/22/2026 23:54:53,7.54,21.89,-39.84
2986,07/23/2026 00:04:53,7.50,22.01,-37.72
2987,07/23/2026 00:14:53,7.47,22.13,-36.22
2988,07/23/2026 00:24:53,7.45,22.18,-34.84
2989,07/23/2026 00:34:53,7.43,22.25,-33.53
2990,07/23/2026 00:44:53,7.41,22.27,-32.49
2991,07/23/2026 00:54:53,7.39,22.35,-31.53
2992,07/23/2026 01:04:53,7.36,22.44,-30.11
2993,07/23/2026 01:14:53,7.34,22.54,-28.83
2994,07/23/2026 01:24:53,7.32,22.61,-27.36
2995,07/23/2026 01:34:53,7.29,22.63,-25.91
2996,07/23/2026 01:44:53,7.26,22.61,-24.20
2997,07/23/2026 01:54:53,7.23,22.30,-22.38
2998,07/23/2026 02:04:53,7.19,22.30,-20.19
2999,07/23/2026 02:14:53,7.19,22.51,-20.56
3000,07/23/2026 02:24:53,7.22,22.49,-22.11
3001,07/23/2026 02:34:53,7.24,22.63,-23.27
3002,07/23/2026 02:44:53,7.26,22.66,-24.06
3003,07/23/2026 02:54:53,7.28,22.58,-25.41
3004,07/23/2026 03:04:53,7.29,22.56,-26.02
3005,07/23/2026 03:14:53,7.34,22.42,-28.63
3006,07/23/2026 03:24:53,7.44,22.08,-34.47
3007,07/23/2026 03:34:53,7.48,21.87,-36.30
3008,07/23/2026 03:44:53,7.53,21.65,-39.24
3009,07/23/2026 03:54:53,7.58,21.51,-41.92
3010,07/23/2026 04:04:53,7.60,21.34,-43.33
3011,07/23/2026 04:14:53,7.60,21.15,-43.17
3012,07/23/2026 04:24:53,7.58,21.08,-42.11
3013,07/23/2026 04:34:53,7.58,21.01,-42.08
3014,07/23/2026 04:44:53,7.60,20.98,-43.30
3015,07/23/2026 04:54:53,7.65,20.70,-46.00
3016,07/23/2026 05:04:53,7.69,20.36,-48.03
3017,07/23/2026 05:14:53,7.72,20.01,-49.92
3018,07/23/2026 05:24:53,7.74,19.79,-51.03
3019,07/23/2026 05:34:53,7.76,19.46,-52.05
3020,07/23/2026 05:44:53,7.77,19.15,-52.52
3021,07/23/2026 05:54:53,7.78,18.98,-53.02
3022,07/23/2026 06:04:53,7.79,18.84,-53.28
3023,07/23/2026 06:14:53,7.79,18.75,-53.25
3024,07/23/2026 06:24:53,7.80,18.56,-53.86
3025,07/23/2026 06:34:53,7.79,18.49,-53.47
3026,07/23/2026 06:44:53,7.80,18.32,-53.97
3027,07/23/2026 06:54:53,7.80,18.25,-54.03
3028,07/23/2026 07:04:53,7.81,18.15,-54.53
3029,07/23/2026 07:14:53,7.81,18.03,-54.50
3030,07/23/2026 07:24:53,7.81,17.91,-54.66
3031,07/23/2026 07:34:53,7.79,17.68,-53.49
3032,07/23/2026 07:44:53,7.79,17.42,-53.47
3033,07/23/2026 07:54:53,7.80,17.32,-53.99
3034,07/23/2026 08:04:53,7.85,17.39,-56.50
3035,07/23/2026 08:14:53,7.86,17.42,-56.88
3036,07/23/2026 08:24:53,7.86,17.53,-57.17
3037,07/23/2026 08:34:53,7.87,17.65,-57.50
3038,07/23/2026 08:44:53,7.86,17.99,-57.02
3039,07/23/2026 08:54:53,7.87,18.18,-57.53
3040,07/23/2026 09:04:53,7.87,18.18,-57.85
3041,07/23/2026 09:14:53,7.86,18.32,-57.41
3042,07/23/2026 09:24:53,7.87,18.41,-57.95
3043,07/23/2026 09:34:53,7.87,18.58,-57.74
3044,07/23/2026 09:44:53,7.87,18.70,-57.89
3045,07/23/2026 09:54:53,7.87,18.82,-57.72
3046,07/23/2026 10:04:53,7.87,19.03,-58.14
3047,07/23/2026 10:14:53,7.87,19.20,-57.70
3048,07/23/2026 10:24:53,7.86,19.41,-57.70
3049,07/23/2026 10:34:53,7.86,19.63,-57.35
3050,07/23/2026 10:44:53,7.84,19.91,-56.56
3051,07/23/2026 10:54:53,7.83,20.13,-56.14
3052,07/23/2026 11:04:53,7.83,20.32,-56.13
3053,07/23/2026 11:14:53,7.81,20.60,-54.69
3054,07/23/2026 11:24:53,7.79,20.84,-53.64
3055,07/23/2026 11:34:53,7.78,21.03,-53.00
3056,07/23/2026 11:44:53,7.73,21.29,-50.72
3057,07/23/2026 11:54:53,7.73,21.44,-50.66
3058,07/23/2026 12:04:53,7.73,21.60,-50.36
3059,07/23/2026 12:14:53,7.71,21.77,-49.22
3060,07/23/2026 12:24:53,7.71,21.91,-49.16
3061,07/23/2026 12:34:53,7.69,22.08,-48.11
3062,07/23/2026 12:44:53,7.68,22.23,-47.72
3063,07/23/2026 12:54:53,7.68,22.35,-47.91
3064,07/23/2026 13:04:53,7.66,22.54,-46.97
3065,07/23/2026 13:14:53,7.66,22.68,-46.49
3066,07/23/2026 13:24:53,7.63,22.82,-45.13
3067,07/23/2026 13:34:53,7.63,22.99,-45.13
3068,07/23/2026 13:44:53,7.61,23.11,-44.02
3069,07/23/2026 13:54:53,7.61,23.21,-44.11
3070,07/23/2026 14:04:53,7.61,23.30,-44.24
3071,07/23/2026 14:14:53,7.56,23.33,-41.42
3072,07/23/2026 14:24:53,7.62,23.40,-44.72
3073,07/23/2026 14:34:53,7.60,23.21,-43.39
3074,07/23/2026 14:44:53,7.61,23.09,-43.78
3075,07/23/2026 14:54:53,7.61,23.02,-44.02
3076,07/23/2026 15:04:53,7.63,22.97,-44.97
3077,07/23/2026 15:14:53,7.68,22.94,-47.67
3078,07/23/2026 15:24:53,7.74,22.92,-51.38
3079,07/23/2026 15:34:53,7.79,22.66,-53.95
3080,07/23/2026 15:44:53,7.86,22.20,-57.83
3081,07/23/2026 15:54:53,7.88,22.11,-59.02
3082,07/23/2026 16:04:53,7.88,22.11,-59.22
3083,07/23/2026 16:14:53,7.87,21.96,-58.55
3084,07/23/2026 16:24:53,7.88,21.63,-58.80
3085,07/23/2026 16:34:53,7.90,21.29,-60.00
3086,07/23/2026 16:44:53,7.91,20.75,-60.53
3087,07/23/2026 16:54:53,7.91,20.34,-60.41
3088,07/23/2026 17:04:53,7.91,20.27,-60.27
3089,07/23/2026 17:14:53,7.90,20.25,-59.63
3090,07/23/2026 17:24:53,7.90,20.03,-59.89
3091,07/23/2026 17:34:53,7.91,19.70,-60.52
3092,07/23/2026 17:44:53,7.92,19.46,-60.60
3093,07/23/2026 17:54:53,7.91,19.27,-60.39
3094,07/23/2026 18:04:53,7.92,19.10,-60.55
3095,07/23/2026 18:14:53,7.91,19.08,-60.39
3096,07/23/2026 18:24:53,7.91,19.10,-60.30
3097,07/23/2026 18:34:53,7.92,18.96,-60.49
3098,07/23/2026 18:44:53,7.91,18.72,-60.05
3099,07/23/2026 18:54:53,7.91,18.56,-59.80
3100,07/23/2026 19:04:53,7.90,18.37,-59.53
3101,07/23/2026 19:14:53,7.89,18.15,-58.94
3102,07/23/2026 19:24:53,7.87,17.84,-57.69
3103,07/23/2026 19:34:53,7.86,17.37,-56.83
3104,07/23/2026 19:44:53,7.84,17.15,-56.17
3105,07/23/2026 19:54:53,7.80,17.01,-53.61
3106,07/23/2026 20:04:53,7.80,16.94,-53.99
3107,07/23/2026 20:14:53,7.86,17.03,-56.81
3108,07/23/2026 20:24:53,7.88,17.08,-57.94
3109,07/23/2026 20:34:53,7.89,17.01,-58.52
3110,07/23/2026 20:44:53,7.89,17.37,-58.78
3111,07/23/2026 20:54:53,7.90,17.56,-59.47
3112,07/23/2026 21:04:53,7.91,17.82,-59.67
3113,07/23/2026 21:14:53,7.90,18.22,-59.69
3114,07/23/2026 21:24:53,7.90,18.49,-59.64
3115,07/23/2026 21:34:53,7.91,18.65,-59.99
3116,07/23/2026 21:44:53,7.90,18.75,-59.66
3117,07/23/2026 21:54:53,7.90,18.87,-59.61
3118,07/23/2026 22:04:53,7.90,18.94,-59.35
3119,07/23/2026 22:14:53,7.89,19.06,-58.89
3120,07/23/2026 22:24:53,7.88,19.10,-58.69
3121,07/23/2026 22:34:53,7.88,19.25,-58.70
3122,07/23/2026 22:44:53,7.88,19.37,-58.38
3123,07/23/2026 22:54:53,7.87,19.58,-58.14
3124,07/23/2026 23:04:53,7.86,19.77,-57.75
3125,07/23/2026 23:14:53,7.85,19.91,-56.94
3126,07/23/2026 23:24:53,7.84,20.08,-56.31
3127,07/23/2026 23:34:53,7.82,20.27,-55.53
3128,07/23/2026 23:44:53,7.81,20.46,-54.91
3129,07/23/2026 23:54:53,7.79,20.65,-53.52
3130,07/24/2026 00:04:53,7.76,20.86,-52.25
3131,07/24/2026 00:14:53,7.74,21.03,-50.85
3132,07/24/2026 00:24:53,7.70,21.20,-48.89
3133,07/24/2026 00:34:53,7.69,21.37,-48.35
3134,07/24/2026 00:44:53,7.66,21.49,-46.78
3135,07/24/2026 00:54:53,7.63,21.58,-45.03
3136,07/24/2026 01:04:53,7.61,21.65,-44.00
3137,07/24/2026 01:14:53,7.59,21.75,-42.81
3138,07/24/2026 01:24:53,7.54,21.84,-40.09
3139,07/24/2026 01:34:53,7.51,21.99,-38.19
3140,07/24/2026 01:44:53,7.47,22.13,-36.11
3141,07/24/2026 01:54:53,7.44,22.23,-34.50
3142,07/24/2026 02:04:53,7.41,22.35,-32.72
3143,07/24/2026 02:14:53,7.38,22.42,-30.72
3144,07/24/2026 02:24:53,7.35,22.49,-29.47
3145,07/24/2026 02:34:53,7.33,22.54,-28.24
3146,07/24/2026 02:44:53,7.31,22.25,-26.78
3147,07/24/2026 02:54:53,7.23,22.20,-22.49
3148,07/24/2026 03:04:53,7.21,22.35,-21.30
3149,07/24/2026 03:14:53,7.27,22.32,-24.75
3150,07/24/2026 03:24:53,7.28,22.32,-25.14
3151,07/24/2026 03:34:53,7.29,22.42,-26.02
3152,07/24/2026 03:44:53,7.31,22.39,-27.27
3153,07/24/2026 03:54:53,7.34,22.30,-28.66
3154,07/24/2026 04:04:53,7.39,22.23,-31.44
3155,07/24/2026 04:14:53,7.46,22.03,-35.39
3156,07/24/2026 04:24:53,7.58,21.77,-42.13
3157,07/24/2026 04:34:53,7.66,21.65,-46.88
3158,07/24/2026 04:44:53,7.67,21.56,-47.36
3159,07/24/2026 04:54:53,7.68,21.37,-47.80
3160,07/24/2026 05:04:53,7.70,21.17,-48.61
3161,07/24/2026 05:14:53,7.71,20.98,-49.22
3162,07/24/2026 05:24:53,7.71,20.84,-49.44
3163,07/24/2026 05:34:53,7.70,20.70,-48.72
3164,07/24/2026 05:44:53,7.71,20.60,-49.22
3165,07/24/2026 05:54:53,7.72,20.51,-49.86
3166,07/24/2026 06:04:53,7.76,20.29,-51.86
3167,07/24/2026 06:14:53,7.78,20.03,-53.33
3168,07/24/2026 06:24:53,7.80,19.82,-54.03
3169,07/24/2026 06:34:53,7.81,19.58,-54.55
3170,07/24/2026 06:44:53,7.82,19.27,-54.94
3171,07/24/2026 06:54:53,7.83,19.06,-55.45
3172,07/24/2026 07:04:53,7.84,18.89,-56.27
3173,07/24/2026 07:14:53,7.85,18.82,-56.60
3174,07/24/2026 07:24:53,7.85,18.70,-56.88
3175,07/24/2026 07:34:53,7.85,18.56,-56.89
3176,07/24/2026 07:44:53,7.85,18.46,-56.92
3177,07/24/2026 07:54:53,7.85,18.34,-56.92
3178,07/24/2026 08:04:53,7.85,18.25,-56.74
3179,07/24/2026 08:14:53,7.85,18.22,-56.53
3180,07/24/2026 08:24:53,7.84,18.18,-56.11
3181,07/24/2026 08:34:53,7.80,18.15,-53.99
3182,07/24/2026 08:44:53,7.75,18.10,-51.03
3183,07/24/2026 08:54:53,7.77,18.06,-52.14
3184,07/24/2026 09:04:53,7.86,17.96,-57.22
3185,07/24/2026 09:14:53,7.89,17.96,-58.60
3186,07/24/2026 09:24:53,7.89,17.99,-59.06
3187,07/24/2026 09:34:53,7.90,18.08,-59.42
3188,07/24/2026 09:44:53,7.90,18.18,-59.53
3189,07/24/2026 09:54:53,7.90,18.25,-59.74
3190,07/24/2026 10:04:53,7.91,18.32,-59.92
3191,07/24/2026 10:14:53,7.91,18.46,-59.86
3192,07/24/2026 10:24:53,7.91,18.63,-60.30
3193,07/24/2026 10:34:53,7.91,19.03,-60.08
3194,07/24/2026 10:44:53,7.91,19.27,-60.33
3195,07/24/2026 10:54:53,7.91,19.70,-60.19
3196,07/24/2026 11:04:53,7.92,19.82,-60.58
3197,07/24/2026 11:14:53,7.90,20.10,-59.77
3198,07/24/2026 11:24:53,7.89,20.44,-59.45
3199,07/24/2026 11:34:53,7.89,20.72,-59.58
3200,07/24/2026 11:44:53,7.90,20.82,-60.03
3201,07/24/2026 11:54:53,7.90,20.82,-60.13
3202,07/24/2026 12:04:53,7.90,20.98,-60.00
3203,07/24/2026 12:14:53,7.90,21.25,-59.81
3204,07/24/2026 12:24:53,7.89,21.49,-59.55
3205,07/24/2026 12:34:53,7.87,21.80,-58.61
3206,07/24/2026 12:44:53,7.87,21.96,-58.28
3207,07/24/2026 12:54:53,7.86,22.18,-57.83
3208,07/24/2026 13:04:53,7.86,22.35,-57.81
3209,07/24/2026 13:14:53,7.85,22.51,-57.61
3210,07/24/2026 13:24:53,7.85,22.68,-57.45
3211,07/24/2026 13:34:53,7.85,22.80,-57.16
3212,07/24/2026 13:44:53,7.83,22.99,-56.50
3213,07/24/2026 13:54:53,7.81,23.16,-55.30
3214,07/24/2026 14:04:53,7.83,23.26,-56.28
3215,07/24/2026 14:14:53,7.79,23.42,-54.31
3216,07/24/2026 14:24:53,7.78,23.52,-53.41
3217,07/24/2026 14:34:53,7.76,23.59,-52.60
3218,07/24/2026 14:44:53,7.74,23.74,-51.47
3219,07/24/2026 14:54:53,7.64,23.76,-45.99
3220,07/24/2026 15:04:53,7.70,23.86,-49.39
3221,07/24/2026 15:14:53,7.72,23.69,-50.03
3222,07/24/2026 15:24:53,7.70,23.64,-49.24
3223,07/24/2026 15:34:53,7.74,23.62,-51.20
3224,07/24/2026 15:44:53,7.74,23.57,-51.42
3225,07/24/2026 15:54:53,7.77,23.57,-52.81
3226,07/24/2026 16:04:53,7.81,23.45,-55.03
3227,07/24/2026 16:14:53,7.86,23.26,-57.95
3228,07/24/2026 16:24:53,7.88,23.09,-59.24
3229,07/24/2026 16:34:53,7.90,23.23,-60.45
3230,07/24/2026 16:44:53,7.92,23.14,-61.39
3231,07/24/2026 16:54:53,7.92,22.94,-61.63
3232,07/24/2026 17:04:53,7.91,22.80,-60.92
3233,07/24/2026 17:14:53,7.92,22.68,-61.47
3234,07/24/2026 17:24:53,7.92,22.44,-61.39
3235,07/24/2026 17:34:53,7.92,22.06,-61.30
3236,07/24/2026 17:44:53,7.91,21.68,-60.63
3237,07/24/2026 17:54:53,7.91,21.22,-60.50
3238,07/24/2026 18:04:53,7.91,21.06,-60.31
3239,07/24/2026 18:14:53,7.89,20.86,-59.50
3240,07/24/2026 18:24:53,7.90,20.65,-60.08
3241,07/24/2026 18:34:53,7.90,20.39,-59.77
3242,07/24/2026 18:44:53,7.90,20.20,-59.56
3243,07/24/2026 18:54:53,7.88,20.03,-58.56
3244,07/24/2026 19:04:53,7.88,19.94,-58.89
3245,07/24/2026 19:14:53,7.88,19.70,-58.72
3246,07/24/2026 19:24:53,7.87,19.67,-58.27
3247,07/24/2026 19:34:53,7.87,19.48,-57.81
3248,07/24/2026 19:44:53,7.86,19.29,-57.19
3249,07/24/2026 19:54:53,7.84,19.10,-56.27
3250,07/24/2026 20:04:53,7.82,18.96,-55.08
3251,07/24/2026 20:14:53,7.80,18.77,-54.05
3252,07/24/2026 20:24:53,7.80,18.58,-53.89
3253,07/24/2026 20:34:53,7.77,18.51,-52.13
3254,07/24/2026 20:44:53,7.69,18.37,-48.03
3255,07/24/2026 20:54:53,7.70,18.18,-48.63
3256,07/24/2026 21:04:53,7.78,18.15,-52.92
3257,07/24/2026 21:14:53,7.84,18.20,-56.35
3258,07/24/2026 21:24:53,7.86,18.27,-57.30
3259,07/24/2026 21:34:53,7.88,18.39,-58.25
3260,07/24/2026 21:44:53,7.88,18.51,-58.61
3261,07/24/2026 21:54:53,7.89,18.68,-59.11
3262,07/24/2026 22:04:53,7.89,18.91,-59.10
3263,07/24/2026 22:14:53,7.89,19.08,-59.06
3264,07/24/2026 22:24:53,7.89,19.32,-58.88
3265,07/24/2026 22:34:53,7.89,19.41,-58.85
3266,07/24/2026 22:44:53,7.88,19.53,-58.80
3267,07/24/2026 22:54:53,7.88,19.60,-58.74
3268,07/24/2026 23:04:53,7.88,19.72,-58.67
3269,07/24/2026 23:14:53,7.88,19.82,-58.38
3270,07/24/2026 23:24:53,7.87,19.94,-58.35
3271,07/24/2026 23:34:53,7.87,20.10,-58.25
3272,07/24/2026 23:44:53,7.87,20.22,-58.28
3273,07/24/2026 23:54:53,7.87,20.44,-58.03
3274,07/25/2026 00:04:53,7.86,20.63,-57.86
3275,07/25/2026 00:14:53,7.86,20.77,-57.58
3276,07/25/2026 00:24:53,7.85,20.94,-57.03
3277,07/25/2026 00:34:53,7.83,21.10,-56.20
3278,07/25/2026 00:44:53,7.82,21.27,-55.36
3279,07/25/2026 00:54:53,7.80,21.46,-54.66
3280,07/25/2026 01:04:53,7.78,21.63,-53.38
3281,07/25/2026 01:14:53,7.75,21.75,-51.58
3282,07/25/2026 01:24:53,7.73,21.94,-50.75
3283,07/25/2026 01:34:53,7.71,22.03,-49.52
3284,07/25/2026 01:44:53,7.68,22.13,-48.02
3285,07/25/2026 01:54:53,7.66,22.18,-46.47
3286,07/25/2026 02:04:53,7.64,22.25,-45.49
3287,07/25/2026 02:14:53,7.61,22.27,-44.06
3288,07/25/2026 02:24:53,7.59,22.37,-42.60
3289,07/25/2026 02:34:53,7.55,22.47,-40.47
3290,07/25/2026 02:44:53,7.51,22.56,-38.39
3291,07/25/2026 02:54:53,7.49,22.63,-37.05
3292,07/25/2026 03:04:53,7.46,22.73,-35.50
3293,07/25/2026 03:14:53,7.43,22.80,-34.03
3294,07/25/2026 03:24:53,7.40,22.82,-32.25
3295,07/25/2026 03:34:53,7.37,22.85,-30.66
3296,07/25/2026 03:44:53,7.32,22.56,-27.75
3297,07/25/2026 03:54:53,7.27,22.66,-24.61
3298,07/25/2026 04:04:53,7.30,22.66,-26.22
3299,07/25/2026 04:14:53,7.35,22.61,-29.13
3300,07/25/2026 04:24:53,7.34,22.78,-28.80
3301,07/25/2026 04:34:53,7.37,22.75,-30.31
3302,07/25/2026 04:44:53,7.38,22.68,-31.06
3303,07/25/2026 04:54:53,7.41,22.66,-32.41
3304,07/25/2026 05:04:53,7.44,22.58,-34.34
3305,07/25/2026 05:14:53,7.56,22.27,-40.91
3306,07/25/2026 05:24:53,7.67,22.06,-47.16
3307,07/25/2026 05:34:53,7.69,21.91,-48.27
3308,07/25/2026 05:44:53,7.67,21.80,-47.39
3309,07/25/2026 05:54:53,7.71,21.65,-49.19
3310,07/25/2026 06:04:53,7.71,21.49,-49.20
3311,07/25/2026 06:14:53,7.70,21.39,-49.08
3312,07/25/2026 06:24:53,7.71,21.25,-49.25
3313,07/25/2026 06:34:53,7.72,21.17,-49.63
3314,07/25/2026 06:44:53,7.72,21.15,-49.66
3315,07/25/2026 06:54:53,7.74,21.03,-51.13
3316,07/25/2026 07:04:53,7.77,20.77,-52.49
3317,07/25/2026 07:14:53,7.78,20.51,-53.22
3318,07/25/2026 07:24:53,7.80,20.34,-54.16
3319,07/25/2026 07:34:53,7.80,20.08,-54.47
3320,07/25/2026 07:44:53,7.80,19.86,-54.00
3321,07/25/2026 07:54:53,7.82,19.72,-55.17
3322,07/25/2026 08:04:53,7.82,19.63,-55.27
3323,07/25/2026 08:14:53,7.82,19.51,-55.31
3324,07/25/2026 08:24:53,7.81,19.44,-54.67
3325,07/25/2026 08:34:53,7.81,19.39,-54.53
3326,07/25/2026 08:44:53,7.80,19.27,-54.28
3327,07/25/2026 08:54:53,7.80,19.15,-54.05
3328,07/25/2026 09:04:53,7.79,19.13,-53.28
3329,07/25/2026 09:14:53,7.75,19.15,-51.33
3330,07/25/2026 09:24:53,7.67,19.15,-47.03
3331,07/25/2026 09:34:53,7.63,19.10,-44.81
3332,07/25/2026 09:44:53,7.58,19.03,-41.64
3333,07/25/2026 09:54:53,7.74,18.98,-50.53
3334,07/25/2026 10:04:53,7.79,19.01,-53.22
3335,07/25/2026 10:14:53,7.81,19.03,-54.81
3336,07/25/2026 10:24:53,7.83,19.08,-55.47
3337,07/25/2026 10:34:53,7.84,19.17,-56.13
3338,07/25/2026 10:44:53,7.85,19.27,-56.92
3339,07/25/2026 10:54:53,7.86,19.39,-57.35
3340,07/25/2026 11:04:53,7.87,19.48,-57.78
3341,07/25/2026 11:14:53,7.87,19.60,-58.00
3342,07/25/2026 11:24:53,7.87,19.77,-58.06
3343,07/25/2026 11:34:53,7.88,19.96,-58.44
3344,07/25/2026 11:44:53,7.88,20.32,-58.78
3345,07/25/2026 11:54:53,7.89,20.58,-59.30
3346,07/25/2026 12:04:53,7.89,20.94,-59.41
3347,07/25/2026 12:14:53,7.90,21.20,-59.94
3348,07/25/2026 12:24:53,7.90,21.46,-60.08
3349,07/25/2026 12:34:53,7.88,21.68,-58.97
3350,07/25/2026 12:44:53,7.86,21.82,-57.97
3351,07/25/2026 12:54:53,7.86,21.99,-58.02
3352,07/25/2026 13:04:53,7.86,22.23,-57.83
3353,07/25/2026 13:14:53,7.85,22.42,-57.35
3354,07/25/2026 13:24:53,7.84,22.63,-56.63
3355,07/25/2026 13:34:53,7.83,22.82,-56.24
3356,07/25/2026 13:44:53,7.82,22.99,-55.53
3357,07/25/2026 13:54:53,7.81,23.18,-55.06
3358,07/25/2026 14:04:53,7.81,23.33,-55.31
3359,07/25/2026 14:14:53,7.81,23.45,-55.02
3360,07/25/2026 14:24:53,7.79,23.59,-54.27
3361,07/25/2026 14:34:53,7.78,23.74,-53.47
3362,07/25/2026 14:44:53,7.77,23.88,-53.30
3363,07/25/2026 14:54:53,7.77,24.00,-53.03
3364,07/25/2026 15:04:53,7.75,24.10,-51.85
3365,07/25/2026 15:14:53,7.74,24.17,-51.50
3366,07/25/2026 15:24:53,7.73,24.24,-51.10
3367,07/25/2026 15:34:53,7.72,24.39,-50.58
3368,07/25/2026 15:44:53,7.57,24.39,-41.60
3369,07/25/2026 15:54:53,7.68,24.44,-48.06
3370,07/25/2026 16:04:53,7.69,24.27,-48.66
3371,07/25/2026 16:14:53,7.68,24.17,-48.31
3372,07/25/2026 16:24:53,7.70,24.10,-49.13
3373,07/25/2026 16:34:53,7.69,24.03,-48.36
3374,07/25/2026 16:44:53,7.72,23.98,-50.33
3375,07/25/2026 16:54:53,7.74,23.95,-51.22
3376,07/25/2026 17:04:53,7.73,23.81,-50.64
3377,07/25/2026 17:14:53,7.80,23.40,-54.94
3378,07/25/2026 17:24:53,7.84,23.30,-57.02
3379,07/25/2026 17:34:53,7.87,23.18,-58.56
3380,07/25/2026 17:44:53,7.89,23.06,-59.75
3381,07/25/2026 17:54:53,7.90,23.06,-60.47
3382,07/25/2026 18:04:53,7.90,23.02,-60.52
3383,07/25/2026 18:14:53,7.91,22.85,-60.67
3384,07/25/2026 18:24:53,7.92,22.63,-61.25
3385,07/25/2026 18:34:53,7.90,22.27,-59.92
3386,07/25/2026 18:44:53,7.90,21.80,-59.80
3387,07/25/2026 18:54:53,7.90,21.51,-59.95
3388,07/25/2026 19:04:53,7.90,21.39,-60.20
3389,07/25/2026 19:14:53,7.90,21.15,-59.85
3390,07/25/2026 19:24:53,7.90,20.89,-59.97
3391,07/25/2026 19:34:53,7.90,20.63,-59.74
3392,07/25/2026 19:44:53,7.90,20.48,-59.81
3393,07/25/2026 19:54:53,7.89,20.39,-59.35
3394,07/25/2026 20:04:53,7.89,20.27,-59.22
3395,07/25/2026 20:14:53,7.88,20.17,-58.67
3396,07/25/2026 20:24:53,7.87,19.89,-57.94
3397,07/25/2026 20:34:53,7.87,19.65,-57.83
3398,07/25/2026 20:44:53,7.86,19.41,-57.56
3399,07/25/2026 20:54:53,7.84,19.15,-56.55
3400,07/25/2026 21:04:53,7.84,18.91,-56.52
3401,07/25/2026 21:14:53,7.83,18.56,-55.91
3402,07/25/2026 21:24:53,7.83,18.32,-55.69
3403,07/25/2026 21:34:53,7.81,18.18,-54.35
3404,07/25/2026 21:44:53,7.78,18.03,-52.81
3405,07/25/2026 21:54:53,7.73,17.84,-49.83
3406,07/25/2026 22:04:53,7.73,17.77,-49.92
3407,07/25/2026 22:14:53,7.85,17.94,-56.69
3408,07/25/2026 22:24:53,7.87,17.87,-57.77
3409,07/25/2026 22:34:53,7.89,18.25,-58.64
3410,07/25/2026 22:44:53,7.89,18.60,-58.97
3411,07/25/2026 22:54:53,7.89,18.94,-59.10
3412,07/25/2026 23:04:53,7.89,19.22,-59.20
3413,07/25/2026 23:14:53,7.89,19.44,-59.14
3414,07/25/2026 23:24:53,7.89,19.65,-59.13
3415,07/25/2026 23:34:53,7.89,19.82,-59.30
3416,07/25/2026 23:44:53,7.89,19.96,-59.14
3417,07/25/2026 23:54:53,7.88,20.08,-58.72
3418,07/26/2026 00:04:53,7.88,20.15,-58.67
3419,07/26/2026 00:14:53,7.87,20.25,-58.16
3420,07/26/2026 00:24:53,7.87,20.32,-58.03
3421,07/26/2026 00:34:53,7.86,20.41,-57.80
3422,07/26/2026 00:44:53,7.87,20.60,-58.00
3423,07/26/2026 00:54:53,7.85,20.72,-56.86
3424,07/26/2026 01:04:53,7.83,20.86,-55.92
3425,07/26/2026 01:14:53,7.82,21.03,-55.64
3426,07/26/2026 01:24:53,7.81,21.15,-54.86
3427,07/26/2026 01:34:53,7.79,21.29,-53.88
3428,07/26/2026 01:44:53,7.77,21.44,-52.89
3429,07/26/2026 01:54:53,7.75,21.56,-51.39
3430,07/26/2026 02:04:53,7.73,21.68,-50.44
3431,07/26/2026 02:14:53,7.71,21.77,-49.42
3432,07/26/2026 02:24:53,7.69,21.84,-48.06
3433,07/26/2026 02:34:53,7.68,21.91,-47.49
3434,07/26/2026 02:44:53,7.65,21.96,-45.97
3435,07/26/2026 02:54:53,7.63,22.01,-44.91
3436,07/26/2026 03:04:53,7.61,22.03,-43.97
3437,07/26/2026 03:14:53,7.59,22.08,-42.67
3438,07/26/2026 03:24:53,7.57,22.18,-41.53
3439,07/26/2026 03:34:53,7.55,22.27,-40.24
3440,07/26/2026 03:44:53,7.52,22.37,-38.66
3441,07/26/2026 03:54:53,7.49,22.42,-37.17
3442,07/26/2026 04:04:53,7.47,22.49,-35.95
3443,07/26/2026 04:14:53,7.44,22.49,-34.24
3444,07/26/2026 04:24:53,7.41,22.51,-32.63
3445,07/26/2026 04:34:53,7.35,22.54,-29.33
3446,07/26/2026 04:44:53,7.31,22.37,-26.81
3447,07/26/2026 04:54:53,7.28,22.37,-25.25
3448,07/26/2026 05:04:53,7.35,22.30,-29.45
3449,07/26/2026 05:14:53,7.36,22.39,-30.05
3450,07/26/2026 05:24:53,7.39,22.47,-31.70
3451,07/26/2026 05:34:53,7.43,22.44,-33.81
3452,07/26/2026 05:44:53,7.45,22.42,-34.92
3453,07/26/2026 05:54:53,7.47,22.35,-36.05
3454,07/26/2026 06:04:53,7.55,22.18,-40.31
3455,07/26/2026 06:14:53,7.65,21.99,-46.17
3456,07/26/2026 06:24:53,7.70,21.91,-48.72
3457,07/26/2026 06:34:53,7.69,21.80,-48.06
3458,07/26/2026 06:44:53,7.73,21.68,-50.72
3459,07/26/2026 06:54:53,7.71,21.46,-49.41
3460,07/26/2026 07:04:53,7.71,21.32,-49.35
3461,07/26/2026 07:14:53,7.71,21.20,-49.56
3462,07/26/2026 07:24:53,7.73,21.20,-50.47
3463,07/26/2026 07:34:53,7.75,21.20,-51.53
3464,07/26/2026 07:44:53,7.78,21.03,-53.47
3465,07/26/2026 07:54:53,7.81,20.84,-54.95
3466,07/26/2026 08:04:53,7.82,20.67,-55.60
3467,07/26/2026 08:14:53,7.83,20.46,-55.74
3468,07/26/2026 08:24:53,7.84,20.20,-56.27
3469,07/26/2026 08:34:53,7.85,19.98,-56.85
3470,07/26/2026 08:44:53,7.86,19.84,-57.66
3471,07/26/2026 08:54:53,7.86,19.72,-57.58
3472,07/26/2026 09:04:53,7.86,19.63,-57.50
3473,07/26/2026 09:14:53,7.86,19.58,-57.70
3474,07/26/2026 09:24:53,7.86,19.51,-57.50
3475,07/26/2026 09:34:53,7.87,19.39,-57.89
3476,07/26/2026 09:44:53,7.85,19.32,-56.64
3477,07/26/2026 09:54:53,7.84,19.25,-56.52
3478,07/26/2026 10:04:53,7.82,19.13,-54.94
3479,07/26/2026 10:14:53,7.80,18.96,-53.80
3480,07/26/2026 10:24:53,7.79,18.87,-53.36
3481,07/26/2026 10:34:53,7.74,18.82,-50.80
3482,07/26/2026 10:44:53,7.85,18.84,-57.00
3483,07/26/2026 10:54:53,7.89,18.89,-58.94
3484,07/26/2026 11:04:53,7.88,18.91,-58.53
3485,07/26/2026 11:14:53,7.90,19.13,-59.49
3486,07/26/2026 11:24:53,7.91,19.29,-60.02
3487,07/26/2026 11:34:53,7.91,19.34,-59.97
3488,07/26/2026 11:44:53,7.90,19.37,-59.92
3489,07/26/2026 11:54:53,7.91,19.46,-60.36
3490,07/26/2026 12:04:53,7.92,19.58,-60.97
3491,07/26/2026 12:14:53,7.93,19.70,-61.38
3492,07/26/2026 12:24:53,7.94,19.86,-61.69
3493,07/26/2026 12:34:53,7.93,20.01,-61.60
3494,07/26/2026 12:44:53,7.93,20.25,-61.60
3495,07/26/2026 12:54:53,7.94,20.46,-62.22
3496,07/26/2026 13:04:53,7.95,20.67,-62.61
3497,07/26/2026 13:14:53,7.94,20.86,-62.30
3498,07/26/2026 13:24:53,7.94,21.17,-62.33
3499,07/26/2026 13:34:53,7.95,21.39,-62.67
3500,07/26/2026 13:44:53,7.95,21.63,-62.67
3501,07/26/2026 13:54:53,7.93,21.89,-61.85
3502,07/26/2026 14:04:53,7.92,22.13,-61.41
3503,07/26/2026 14:14:53,7.91,22.37,-60.72
3504,07/26/2026 14:24:53,7.90,22.58,-59.99
3505,07/26/2026 14:34:53,7.89,22.78,-59.64
3506,07/26/2026 14:44:53,7.87,22.97,-58.78
3507,07/26/2026 14:54:53,7.87,23.14,-58.36
3508,07/26/2026 15:04:53,7.86,23.26,-58.31
3509,07/26/2026 15:14:53,7.85,23.38,-57.56
3510,07/26/2026 15:24:53,7.84,23.47,-56.80
3511,07/26/2026 15:34:53,7.83,23.62,-56.36
3512,07/26/2026 15:44:53,7.82,23.71,-55.92
3513,07/26/2026 15:54:53,7.81,23.81,-55.22
3514,07/26/2026 16:04:53,7.81,23.83,-55.27
3515,07/26/2026 16:14:53,7.78,23.91,-53.83
3516,07/26/2026 16:24:53,7.74,23.98,-51.36
3517,07/26/2026 16:34:53,7.58,23.98,-42.33
3518,07/26/2026 16:44:53,7.62,24.03,-44.42
3519,07/26/2026 16:54:53,7.70,24.03,-49.06
3520,07/26/2026 17:04:53,7.74,23.91,-51.42
3521,07/26/2026 17:14:53,7.74,23.81,-51.36
3522,07/26/2026 17:24:53,7.78,23.74,-53.39
3523,07/26/2026 17:34:53,7.79,23.74,-54.13
3524,07/26/2026 17:44:53,7.80,23.69,-54.83
3525,07/26/2026 17:54:53,7.84,23.52,-56.91
3526,07/26/2026 18:04:53,7.87,23.21,-58.36
3527,07/26/2026 18:14:53,7.89,22.85,-59.61
3528,07/26/2026 18:24:53,7.90,22.85,-60.17
3529,07/26/2026 18:34:53,7.90,22.92,-60.11
3530,07/26/2026 18:44:53,7.90,22.87,-60.14
3531,07/26/2026 18:54:53,7.90,22.68,-60.33
3532,07/26/2026 19:04:53,7.90,22.44,-60.14
3533,07/26/2026 19:14:53,7.89,22.06,-59.66
3534,07/26/2026 19:24:53,7.89,21.65,-59.33
3535,07/26/2026 19:34:53,7.90,21.41,-59.99
3536,07/26/2026 19:44:53,7.89,21.41,-59.24
3537,07/26/2026 19:54:53,7.90,21.32,-59.94
3538,07/26/2026 20:04:53,7.89,21.13,-59.45
3539,07/26/2026 20:14:53,7.89,20.84,-59.35
3540,07/26/2026 20:24:53,7.90,20.65,-59.86
3541,07/26/2026 20:34:53,7.90,20.51,-59.86
3542,07/26/2026 20:44:53,7.89,20.41,-59.39
3543,07/26/2026 20:54:53,7.89,20.25,-59.50
3544,07/26/2026 21:04:53,7.89,20.03,-59.00
3545,07/26/2026 21:14:53,7.89,19.77,-59.27
3546,07/26/2026 21:24:53,7.90,19.46,-59.74
3547,07/26/2026 21:34:53,7.89,19.15,-59.25
3548,07/26/2026 21:44:53,7.89,18.89,-59.27
3549,07/26/2026 21:54:53,7.90,18.60,-59.63
3550,07/26/2026 22:04:53,7.90,18.49,-59.28
3551,07/26/2026 22:14:53,7.89,18.34,-58.78
3552,07/26/2026 22:24:53,7.86,18.22,-57.17
3553,07/26/2026 22:34:53,7.81,18.10,-54.33
3554,07/26/2026 22:44:53,7.74,18.06,-50.61
3555,07/26/2026 22:54:53,7.79,17.87,-53.14
3556,07/26/2026 23:04:53,7.89,17.80,-58.95
3557,07/26/2026 23:14:53,7.93,17.80,-61.08
3558,07/26/2026 23:24:53,7.94,17.99,-61.44
3559,07/26/2026 23:34:53,7.93,18.41,-61.14
3560,07/26/2026 23:44:53,7.92,18.68,-60.81
3561,07/26/2026 23:54:53,7.91,19.01,-60.08
3562,07/27/2026 00:04:53,7.91,19.34,-59.95
3563,07/27/2026 00:14:53,7.90,19.56,-59.58
3564,07/27/2026 00:24:53,7.89,19.75,-59.33
3565,07/27/2026 00:34:53,7.89,19.89,-59.08
3566,07/27/2026 00:44:53,7.88,20.03,-58.64
3567,07/27/2026 00:54:53,7.88,20.10,-58.61
3568,07/27/2026 01:04:53,7.87,20.20,-58.13
3569,07/27/2026 01:14:53,7.85,20.29,-56.99
3570,07/27/2026 01:24:53,7.85,20.44,-57.02
3571,07/27/2026 01:34:53,7.83,20.58,-55.77
3572,07/27/2026 01:44:53,7.81,20.65,-55.13
3573,07/27/2026 01:54:53,7.81,20.77,-54.66
3574,07/27/2026 02:04:53,7.78,20.84,-53.31
3575,07/27/2026 02:14:53,7.77,20.94,-52.72
3576,07/27/2026 02:24:53,7.75,21.03,-51.61
3577,07/27/2026 02:34:53,7.73,21.15,-50.44
3578,07/27/2026 02:44:53,7.71,21.25,-49.27
3579,07/27/2026 02:54:53,7.69,21.32,-48.44
3580,07/27/2026 03:04:53,7.67,21.34,-46.97
3581,07/27/2026 03:14:53,7.64,21.39,-45.69
3582,07/27/2026 03:24:53,7.64,21.53,-45.42
3583,07/27/2026 03:34:53,7.62,21.58,-44.45
3584,07/27/2026 03:44:53,7.60,21.68,-43.52
3585,07/27/2026 03:54:53,7.59,21.70,-42.44
3586,07/27/2026 04:04:53,7.57,21.80,-41.42
3587,07/27/2026 04:14:53,7.53,21.80,-39.56
3588,07/27/2026 04:24:53,7.51,21.87,-38.14
3589,07/27/2026 04:34:53,7.49,21.91,-37.09
3590,07/27/2026 04:44:53,7.47,21.96,-35.92
3591,07/27/2026 04:54:53,7.44,21.99,-34.11
3592,07/27/2026 05:04:53,7.40,22.01,-32.20
3593,07/27/2026 05:14:53,7.38,22.01,-30.86
3594,07/27/2026 05:24:53,7.31,21.77,-27.06
3595,07/27/2026 05:34:53,7.26,21.82,-24.22
3596,07/27/2026 05:44:53,7.27,21.84,-24.77
3597,07/27/2026 05:54:53,7.33,21.80,-28.39
3598,07/27/2026 06:04:53,7.35,21.91,-29.00
3599,07/27/2026 06:14:53,7.37,21.96,-30.66
3600,07/27/2026 06:24:53,7.42,21.99,-32.95
3601,07/27/2026 06:34:53,7.45,21.96,-34.78
3602,07/27/2026 06:44:53,7.47,21.94,-36.00
3603,07/27/2026 06:54:53,7.64,21.77,-45.22
3604,07/27/2026 07:04:53,7.67,21.70,-47.05
3605,07/27/2026 07:14:53,7.69,21.65,-48.31
3606,07/27/2026 07:24:53,7.72,21.53,-50.20
3607,07/27/2026 07:34:53,7.73,21.39,-50.41
3608,07/27/2026 07:44:53,7.70,21.22,-49.05
3609,07/27/2026 07:54:53,7.68,21.10,-47.64
3610,07/27/2026 08:04:53,7.70,21.08,-48.60
3611,07/27/2026 08:14:53,7.70,21.10,-49.03
3612,07/27/2026 08:24:53,7.75,21.03,-51.70
3613,07/27/2026 08:34:53,7.79,20.89,-53.60
3614,07/27/2026 08:44:53,7.81,20.77,-54.89
3615,07/27/2026 08:54:53,7.81,20.63,-54.83
3616,07/27/2026 09:04:53,7.81,20.44,-54.77
3617,07/27/2026 09:14:53,7.81,20.25,-54.53
3618,07/27/2026 09:24:53,7.83,20.13,-55.74
3619,07/27/2026 09:34:53,7.84,20.06,-56.31
3620,07/27/2026 09:44:53,7.84,19.98,-56.60
3621,07/27/2026 09:54:53,7.86,19.96,-57.27
3622,07/27/2026 10:04:53,7.86,19.86,-57.77
3623,07/27/2026 10:14:53,7.87,19.82,-58.14
3624,07/27/2026 10:24:53,7.86,19.82,-57.66
3625,07/27/2026 10:34:53,7.87,19.77,-58.13
3626,07/27/2026 10:44:53,7.85,19.70,-56.97
3627,07/27/2026 10:54:53,7.84,19.60,-56.33
3628,07/27/2026 11:04:53,7.84,19.56,-56.36
3629,07/27/2026 11:14:53,7.78,19.53,-53.00
3630,07/27/2026 11:24:53,7.72,19.51,-49.86
3631,07/27/2026 11:34:53,7.84,19.39,-56.08
3632,07/27/2026 11:44:53,7.90,19.41,-59.60
3633,07/27/2026 11:54:53,7.91,19.46,-59.97
3634,07/27/2026 12:04:53,7.92,19.56,-60.70
3635,07/27/2026 12:14:53,7.92,19.75,-60.74
3636,07/27/2026 12:24:53,7.92,19.86,-60.94
3637,07/27/2026 12:34:53,7.92,19.98,-61.10
3638,07/27/2026 12:44:53,7.92,20.13,-60.80
3639,07/27/2026 12:54:53,7.92,20.25,-61.10
3640,07/27/2026 13:04:53,7.93,20.41,-61.35
3641,07/27/2026 13:14:53,7.92,20.65,-61.27
3642,07/27/2026 13:24:53,7.92,20.89,-61.27
3643,07/27/2026 13:34:53,7.92,21.06,-61.19
3644,07/27/2026 13:44:53,7.90,21.29,-59.92
3645,07/27/2026 13:54:53,7.91,21.58,-60.75
3646,07/27/2026 14:04:53,7.90,21.75,-60.31
3647,07/27/2026 14:14:53,7.90,21.84,-60.33
3648,07/27/2026 14:24:53,7.90,22.01,-59.97
3649,07/27/2026 14:34:53,7.89,22.18,-59.52
3650,07/27/2026 14:44:53,7.88,22.39,-58.95
3651,07/27/2026 14:54:53,7.87,22.58,-58.25
3652,07/27/2026 15:04:53,7.85,22.78,-57.47
3653,07/27/2026 15:14:53,7.84,22.94,-56.83
3654,07/27/2026 15:24:53,7.83,23.09,-56.13
3655,07/27/2026 15:34:53,7.81,23.26,-55.08
3656,07/27/2026 15:44:53,7.80,23.35,-54.52
3657,07/27/2026 15:54:53,7.79,23.45,-54.08
3658,07/27/2026 16:04:53,7.77,23.54,-53.25
3659,07/27/2026 16:14:53,7.77,23.64,-52.86
3660,07/27/2026 16:24:53,7.76,23.71,-52.60
3661,07/27/2026 16:34:53,7.75,23.76,-52.22
3662,07/27/2026 16:44:53,7.74,23.86,-51.49
3663,07/27/2026 16:54:53,7.71,23.95,-49.95
3664,07/27/2026 17:04:53,7.70,23.93,-49.16
3665,07/27/2026 17:14:53,7.69,23.98,-48.64
3666,07/27/2026 17:24:53,7.59,24.00,-42.74
3667,07/27/2026 17:34:53,7.66,24.07,-47.03
3668,07/27/2026 17:44:53,7.67,23.98,-47.24
3669,07/27/2026 17:54:53,7.66,23.86,-46.85
3670,07/27/2026 18:04:53,7.68,23.79,-48.17
3671,07/27/2026 18:14:53,7.70,23.71,-49.31
3672,07/27/2026 18:24:53,7.73,23.66,-50.61
3673,07/27/2026 18:34:53,7.75,23.57,-52.05
3674,07/27/2026 18:44:53,7.78,23.38,-53.58
3675,07/27/2026 18:54:53,7.81,22.99,-55.13
3676,07/27/2026 19:04:53,7.83,22.90,-56.10
3677,07/27/2026 19:14:53,7.82,22.99,-55.97
3678,07/27/2026 19:24:53,7.84,22.92,-57.00
3679,07/27/2026 19:34:53,7.84,22.87,-56.95
3680,07/27/2026 19:44:53,7.83,22.82,-56.45
3681,07/27/2026 19:54:53,7.83,22.68,-56.17
3682,07/27/2026 20:04:53,7.83,22.49,-56.45
3683,07/27/2026 20:14:53,7.83,22.18,-56.44
3684,07/27/2026 20:24:53,7.85,21.91,-57.47
3685,07/27/2026 20:34:53,7.85,21.77,-57.44
3686,07/27/2026 20:44:53,7.86,21.58,-58.02
3687,07/27/2026 20:54:53,7.87,21.41,-58.20
3688,07/27/2026 21:04:53,7.87,21.20,-58.24
3689,07/27/2026 21:14:53,7.87,21.08,-58.47
3690,07/27/2026 21:24:53,7.86,21.10,-57.66
3691,07/27/2026 21:34:53,7.86,21.06,-57.58
3692,07/27/2026 21:44:53,7.87,20.84,-58.08
3693,07/27/2026 21:54:53,7.88,20.58,-58.91
3694,07/27/2026 22:04:53,7.89,20.29,-59.50
3695,07/27/2026 22:14:53,7.89,20.10,-59.00
3696,07/27/2026 22:24:53,7.89,19.89,-59.42
3697,07/27/2026 22:34:53,7.90,19.58,-59.61
3698,07/27/2026 22:44:53,7.91,19.27,-59.92
3699,07/27/2026 22:54:53,7.90,19.06,-59.74
3700,07/27/2026 23:04:53,7.90,18.87,-59.39
3701,07/27/2026 23:14:53,7.89,18.82,-58.89
3702,07/27/2026 23:24:53,7.82,18.70,-55.02
3703,07/27/2026 23:34:53,7.77,18.63,-52.14
3704,07/27/2026 23:44:53,7.87,18.32,-57.88
3705,07/27/2026 23:54:53,7.92,18.32,-60.38
3706,07/28/2026 00:04:53,7.94,18.41,-61.58
3707,07/28/2026 00:14:53,7.94,18.72,-61.77
3708,07/28/2026 00:24:53,7.94,19.17,-61.63
3709,07/28/2026 00:34:53,7.92,19.60,-60.86
3710,07/28/2026 00:44:53,7.90,19.84,-59.94
3711,07/28/2026 00:54:53,7.89,20.08,-59.10
3712,07/28/2026 01:04:53,7.88,20.27,-58.49
3713,07/28/2026 01:14:53,7.86,20.46,-57.50
3714,07/28/2026 01:24:53,7.85,20.60,-56.80
3715,07/28/2026 01:34:53,7.83,20.72,-55.77
3716,07/28/2026 01:44:53,7.82,20.79,-55.52
3717,07/28/2026 01:54:53,7.81,20.89,-55.11
3718,07/28/2026 02:04:53,7.78,20.98,-53.45
3719,07/28/2026 02:14:53,7.76,21.08,-52.36
3720,07/28/2026 02:24:53,7.74,21.15,-51.20
3721,07/28/2026 02:34:53,7.75,21.25,-51.75
3722,07/28/2026 02:44:53,7.71,21.32,-49.10
3723,07/28/2026 02:54:53,7.70,21.46,-48.94
3724,07/28/2026 03:04:53,7.66,21.46,-46.77
3725,07/28/2026 03:14:53,7.64,21.53,-45.41
3726,07/28/2026 03:24:53,7.63,21.65,-44.75
3727,07/28/2026 03:34:53,7.61,21.72,-43.53
3728,07/28/2026 03:44:53,7.58,21.75,-42.03
3729,07/28/2026 03:54:53,7.56,21.82,-41.19
3730,07/28/2026 04:04:53,7.55,21.94,-40.59
3731,07/28/2026 04:14:53,7.54,21.99,-39.66
3732,07/28/2026 04:24:53,7.51,22.03,-38.41
3733,07/28/2026 04:34:53,7.50,22.06,-37.55
3734,07/28/2026 04:44:53,7.48,22.08,-36.44
3735,07/28/2026 04:54:53,7.46,22.13,-35.28
3736,07/28/2026 05:04:53,7.42,22.11,-33.28
3737,07/28/2026 05:14:53,7.40,22.15,-32.00
3738,07/28/2026 05:24:53,7.39,22.23,-31.63
3739,07/28/2026 05:34:53,7.37,22.25,-30.53
3740,07/28/2026 05:44:53,7.35,22.25,-29.30
3741,07/28/2026 05:54:53,7.33,22.27,-28.24
3742,07/28/2026 06:04:53,7.31,22.30,-27.20
3743,07/28/2026 06:14:53,7.24,22.27,-23.03
3744,07/28/2026 06:24:53,7.27,22.23,-24.63
3745,07/28/2026 06:34:53,7.29,22.18,-25.67
3746,07/28/2026 06:44:53,7.27,22.23,-25.00
3747,07/28/2026 06:54:53,7.28,22.27,-25.53
3748,07/28/2026 07:04:53,7.31,22.30,-26.77
3749,07/28/2026 07:14:53,7.32,22.30,-27.88
3750,07/28/2026 07:24:53,7.40,22.25,-32.22
3751,07/28/2026 07:34:53,7.56,22.18,-40.97
3752,07/28/2026 07:44:53,7.61,22.13,-43.81
3753,07/28/2026 07:54:53,7.63,22.11,-45.08
3754,07/28/2026 08:04:53,7.63,22.03,-44.99
3755,07/28/2026 08:14:53,7.66,21.94,-46.77
3756,07/28/2026 08:24:53,7.64,21.87,-45.77
3757,07/28/2026 08:34:53,7.62,21.77,-44.11
3758,07/28/2026 08:44:53,7.61,21.75,-43.95
3759,07/28/2026 08:54:53,7.63,21.70,-45.02
3760,07/28/2026 09:04:53,7.67,21.63,-47.16
3761,07/28/2026 09:14:53,7.71,21.49,-49.47
3762,07/28/2026 09:24:53,7.73,21.39,-50.74
3763,07/28/2026 09:34:53,7.74,21.22,-51.22
3764,07/28/2026 09:44:53,7.75,21.03,-51.30
3765,07/28/2026 09:54:53,7.75,20.94,-51.78
3766,07/28/2026 10:04:53,7.78,20.84,-52.94
3767,07/28/2026 10:14:53,7.79,20.72,-53.77
3768,07/28/2026 10:24:53,7.79,20.63,-53.89
3769,07/28/2026 10:34:53,7.81,20.53,-54.99
3770,07/28/2026 10:44:53,7.83,20.48,-55.78
3771,07/28/2026 10:54:53,7.82,20.51,-55.58
3772,07/28/2026 11:04:53,7.81,20.46,-54.85
3773,07/28/2026 11:14:53,7.83,20.32,-55.64
3774,07/28/2026 11:24:53,7.84,20.29,-56.36
3775,07/28/2026 11:34:53,7.85,20.25,-56.92
3776,07/28/2026 11:44:53,7.83,20.15,-55.61
3777,07/28/2026 11:54:53,7.78,19.84,-53.14
3778,07/28/2026 12:04:53,7.78,19.70,-53.20
3779,07/28/2026 12:14:53,7.84,19.65,-56.24
3780,07/28/2026 12:24:53,7.87,19.72,-58.14
3781,07/28/2026 12:34:53,7.89,19.84,-59.02
3782,07/28/2026 12:44:53,7.88,20.08,-58.83
3783,07/28/2026 12:54:53,7.88,20.29,-58.50
3784,07/28/2026 13:04:53,7.88,20.39,-58.44
3785,07/28/2026 13:14:53,7.86,20.48,-57.60
3786,07/28/2026 13:24:53,7.86,20.65,-57.38
3787,07/28/2026 13:34:53,7.87,20.84,-58.13
3788,07/28/2026 13:44:53,7.85,21.03,-56.89
3789,07/28/2026 13:54:53,7.84,21.27,-56.69
3790,07/28/2026 14:04:53,7.82,21.46,-55.80
3791,07/28/2026 14:14:53,7.83,21.58,-55.89
3792,07/28/2026 14:24:53,7.83,21.72,-55.99
3793,07/28/2026 14:34:53,7.82,21.89,-55.55
3794,07/28/2026 14:44:53,7.81,22.06,-55.20
3795,07/28/2026 14:54:53,7.80,22.25,-54.74
3796,07/28/2026 15:04:53,7.79,22.47,-54.25
3797,07/28/2026 15:14:53,7.80,22.66,-54.52
3798,07/28/2026 15:24:53,7.79,22.85,-53.83
3799,07/28/2026 15:34:53,7.77,23.04,-53.08
3800,07/28/2026 15:44:53,7.76,23.16,-52.56
3801,07/28/2026 15:54:53,7.75,23.35,-51.72
3802,07/28/2026 16:04:53,7.72,23.45,-50.30
3803,07/28/2026 16:14:53,7.70,23.54,-49.35
3804,07/28/2026 16:24:53,7.69,23.64,-48.49
3805,07/28/2026 16:34:53,7.67,23.74,-47.56
3806,07/28/2026 16:44:53,7.66,23.76,-46.83
3807,07/28/2026 16:54:53,7.65,23.76,-46.22
3808,07/28/2026 17:04:53,7.64,23.79,-45.47
3809,07/28/2026 17:14:53,7.62,23.79,-44.81
3810,07/28/2026 17:24:53,7.59,23.79,-43.17
3811,07/28/2026 17:34:53,7.59,23.79,-42.72
3812,07/28/2026 17:44:53,7.55,23.79,-40.78
3813,07/28/2026 17:54:53,7.52,23.79,-38.95
3814,07/28/2026 18:04:53,7.46,23.79,-35.33
3815,07/28/2026 18:14:53,7.42,23.79,-33.30
3816,07/28/2026 18:24:53,7.47,23.81,-36.03
3817,07/28/2026 18:34:53,7.49,23.76,-37.24
3818,07/28/2026 18:44:53,7.53,23.66,-39.30
3819,07/28/2026 18:54:53,7.53,23.64,-39.42
3820,07/28/2026 19:04:53,7.54,23.59,-40.22
3821,07/28/2026 19:14:53,7.57,23.54,-41.56
3822,07/28/2026 19:24:53,7.63,23.35,-45.00
3823,07/28/2026 19:34:53,7.67,23.11,-47.38
3824,07/28/2026 19:44:53,7.69,22.94,-48.35
3825,07/28/2026 19:54:53,7.70,22.92,-49.03
3826,07/28/2026 20:04:53,7.70,22.87,-48.97
3827,07/28/2026 20:14:53,7.71,22.85,-49.63
3828,07/28/2026 20:24:53,7.72,22.80,-50.19
3829,07/28/2026 20:34:53,7.73,22.75,-50.69
3830,07/28/2026 20:44:53,7.75,22.61,-51.67
3831,07/28/2026 20:54:53,7.78,22.25,-53.35
3832,07/28/2026 21:04:53,7.79,22.03,-53.99
3833,07/28/2026 21:14:53,7.81,21.82,-54.81
3834,07/28/2026 21:24:53,7.82,21.65,-55.33
3835,07/28/2026 21:34:53,7.83,21.51,-55.97
3836,07/28/2026 21:44:53,7.84,21.22,-56.53
3837,07/28/2026 21:54:53,7.84,21.17,-56.56
3838,07/28/2026 22:04:53,7.84,21.17,-56.63
3839,07/28/2026 22:14:53,7.84,20.98,-56.72
3840,07/28/2026 22:24:53,7.85,20.75,-56.86
3841,07/28/2026 22:34:53,7.86,20.44,-57.42
3842,07/28/2026 22:44:53,7.86,20.06,-57.69
3843,07/28/2026 22:54:53,7.88,19.67,-58.53
3844,07/28/2026 23:04:53,7.90,19.20,-59.50
3845,07/28/2026 23:14:53,7.90,18.79,-59.38
3846,07/28/2026 23:24:53,7.90,18.18,-59.61
3847,07/28/2026 23:34:53,7.91,17.80,-60.16
3848,07/28/2026 23:44:53,7.91,17.30,-60.00
3849,07/28/2026 23:54:53,7.91,16.65,-59.86
3850,07/29/2026 00:04:53,7.91,16.39,-59.70
3851,07/29/2026 00:14:53,7.90,16.08,-59.05
3852,07/29/2026 00:24:53,7.85,16.01,-56.47
3853,07/29/2026 00:34:53,7.89,15.84,-58.64
3854,07/29/2026 00:44:53,7.93,15.87,-60.95
3855,07/29/2026 00:54:53,7.93,16.46,-61.06
3856,07/29/2026 01:04:53,7.93,17.32,-61.06
3857,07/29/2026 01:14:53,7.92,18.03,-60.53
3858,07/29/2026 01:24:53,7.88,19.01,-58.52
3859,07/29/2026 01:34:53,7.86,19.32,-57.67
3860,07/29/2026 01:44:53,7.84,19.67,-56.33
3861,07/29/2026 01:54:53,7.82,20.01,-55.17
3862,07/29/2026 02:04:53,7.80,20.27,-54.41
3863,07/29/2026 02:14:53,7.78,20.53,-53.00
3864,07/29/2026 02:24:53,7.76,20.75,-51.99
3865,07/29/2026 02:34:53,7.74,20.91,-50.85
3866,07/29/2026 02:44:53,7.72,21.01,-49.88
3867,07/29/2026 02:54:53,7.70,21.10,-48.92
3868,07/29/2026 03:04:53,7.68,21.20,-47.78
3869,07/29/2026 03:14:53,7.66,21.32,-46.64
3870,07/29/2026 03:24:53,7.64,21.44,-45.30
3871,07/29/2026 03:34:53,7.60,21.49,-43.24
3872,07/29/2026 03:44:53,7.58,21.58,-42.08
3873,07/29/2026 03:54:53,7.55,21.65,-40.55
3874,07/29/2026 04:04:53,7.53,21.72,-39.19
3875,07/29/2026 04:14:53,7.50,21.77,-37.74
3876,07/29/2026 04:24:53,7.49,21.89,-36.89
3877,07/29/2026 04:34:53,7.47,21.91,-35.86
3878,07/29/2026 04:44:53,7.44,22.01,-34.42
3879,07/29/2026 04:54:53,7.42,22.08,-33.14
3880,07/29/2026 05:04:53,7.39,22.13,-31.47
3881,07/29/2026 05:14:53,7.37,22.18,-30.42
3882,07/29/2026 05:24:53,7.34,22.20,-28.86
3883,07/29/2026 05:34:53,7.32,22.23,-27.86
3884,07/29/2026 05:44:53,7.31,22.25,-26.78
3885,07/29/2026 05:54:53,7.29,22.25,-25.69
3886,07/29/2026 06:04:53,7.27,22.27,-24.91
3887,07/29/2026 06:14:53,7.25,22.25,-23.69
3888,07/29/2026 06:24:53,7.24,22.27,-23.05
3889,07/29/2026 06:34:53,7.23,22.27,-22.30
3890,07/29/2026 06:44:53,7.21,22.25,-21.34
3891,07/29/2026 06:54:53,7.18,22.25,-19.72
3892,07/29/2026 07:04:53,7.18,22.23,-19.53
3893,07/29/2026 07:14:53,7.21,22.23,-21.45
3894,07/29/2026 07:24:53,7.20,22.25,-20.94
3895,07/29/2026 07:34:53,7.20,22.27,-21.00
3896,07/29/2026 07:44:53,7.22,22.27,-22.19
3897,07/29/2026 07:54:53,7.24,22.27,-23.11
3898,07/29/2026 08:04:53,7.38,22.25,-30.97
3899,07/29/2026 08:14:53,7.46,22.23,-35.64
3900,07/29/2026 08:24:53,7.51,22.20,-38.36
3901,07/29/2026 08:34:53,7.55,22.18,-40.39
3902,07/29/2026 08:44:53,7.58,22.11,-42.39
3903,07/29/2026 08:54:53,7.61,22.01,-43.92
3904,07/29/2026 09:04:53,7.55,21.91,-40.44
3905,07/29/2026 09:14:53,7.51,21.77,-38.09
3906,07/29/2026 09:24:53,7.51,21.77,-38.24
3907,07/29/2026 09:34:53,7.55,21.75,-40.19
3908,07/29/2026 09:44:53,7.59,21.70,-42.44
3909,07/29/2026 09:54:53,7.62,21.58,-44.44
3910,07/29/2026 10:04:53,7.63,21.44,-44.88
3911,07/29/2026 10:14:53,7.63,21.22,-45.06
3912,07/29/2026 10:24:53,7.65,21.03,-46.10
3913,07/29/2026 10:34:53,7.68,20.89,-47.60
3914,07/29/2026 10:44:53,7.70,20.77,-48.63
3915,07/29/2026 10:54:53,7.71,20.63,-49.10
3916,07/29/2026 11:04:53,7.72,20.44,-49.69
3917,07/29/2026 11:14:53,7.72,20.34,-49.83
3918,07/29/2026 11:24:53,7.73,20.29,-50.28
3919,07/29/2026 11:34:53,7.73,20.22,-50.47
3920,07/29/2026 11:44:53,7.73,20.06,-50.55
3921,07/29/2026 11:54:53,7.73,19.84,-50.39
3922,07/29/2026 12:04:53,7.74,19.58,-50.99
3923,07/29/2026 12:14:53,7.72,19.39,-49.60
3924,07/29/2026 12:24:53,7.71,18.75,-49.22
3925,07/29/2026 12:34:53,7.68,18.37,-47.41
3926,07/29/2026 12:44:53,7.69,18.37,-47.77
3927,07/29/2026 12:54:53,7.76,18.56,-52.03
3928,07/29/2026 13:04:53,7.78,18.79,-52.81
3929,07/29/2026 13:14:53,7.78,19.17,-52.86
3930,07/29/2026 13:24:53,7.78,19.53,-53.11
3931,07/29/2026 13:34:53,7.79,19.53,-53.42
3932,07/29/2026 13:44:53,7.79,19.67,-53.45
3933,07/29/2026 13:54:53,7.78,19.86,-53.03
3934,07/29/2026 14:04:53,7.77,19.98,-52.49
3935,07/29/2026 14:14:53,7.77,20.03,-52.55
3936,07/29/2026 14:24:53,7.77,20.13,-52.77
3937,07/29/2026 14:34:53,7.77,20.22,-52.66
3938,07/29/2026 14:44:53,7.76,20.29,-52.14
3939,07/29/2026 14:54:53,7.75,20.36,-51.74
3940,07/29/2026 15:04:53,7.74,20.48,-51.17
3941,07/29/2026 15:14:53,7.73,20.63,-50.31
3942,07/29/2026 15:24:53,7.73,20.72,-50.14
3943,07/29/2026 15:34:53,7.71,20.86,-49.28
3944,07/29/2026 15:44:53,7.69,20.98,-48.35
3945,07/29/2026 15:54:53,7.67,21.13,-47.30
3946,07/29/2026 16:04:53,7.67,21.22,-47.14
3947,07/29/2026 16:14:53,7.65,21.34,-46.06
3948,07/29/2026 16:24:53,7.64,21.41,-45.70
3949,07/29/2026 16:34:53,7.63,21.49,-44.70
3950,07/29/2026 16:44:53,7.60,21.53,-43.35
3951,07/29/2026 16:54:53,7.57,21.56,-41.80
3952,07/29/2026 17:04:53,7.55,21.58,-40.47
3953,07/29/2026 17:14:53,7.54,21.60,-39.74
3954,07/29/2026 17:24:53,7.52,21.63,-38.74
3955,07/29/2026 17:34:53,7.51,21.63,-38.25
3956,07/29/2026 17:44:53,7.49,21.63,-37.30
3957,07/29/2026 17:54:53,7.47,21.63,-36.00
3958,07/29/2026 18:04:53,7.46,21.65,-35.14
3959,07/29/2026 18:14:53,7.44,21.65,-34.08
3960,07/29/2026 18:24:53,7.41,21.65,-32.58
3961,07/29/2026 18:34:53,7.38,21.68,-31.05
3962,07/29/2026 18:44:53,7.36,21.65,-30.00
3963,07/29/2026 18:54:53,7.29,21.60,-26.05
3964,07/29/2026 19:04:53,7.38,21.58,-30.74
3965,07/29/2026 19:14:53,7.40,21.68,-31.83
3966,07/29/2026 19:24:53,7.42,21.65,-33.28
3967,07/29/2026 19:34:53,7.44,21.65,-34.19
3968,07/29/2026 19:44:53,7.44,21.65,-34.09
3969,07/29/2026 19:54:53,7.48,21.60,-36.67
3970,07/29/2026 20:04:53,7.57,21.58,-41.41
3971,07/29/2026 20:14:53,7.63,21.51,-45.06
3972,07/29/2026 20:24:53,7.63,21.49,-44.70
3973,07/29/2026 20:34:53,7.64,21.49,-45.56
3974,07/29/2026 20:44:53,7.65,21.34,-45.88
3975,07/29/2026 20:54:53,7.63,21.27,-44.74
3976,07/29/2026 21:04:53,7.63,21.20,-44.81
3977,07/29/2026 21:14:53,7.63,21.13,-44.74
3978,07/29/2026 21:24:53,7.64,21.06,-45.20
3979,07/29/2026 21:34:53,7.67,20.94,-46.88
3980,07/29/2026 21:44:53,7.71,20.67,-49.19
3981,07/29/2026 21:54:53,7.72,20.56,-50.03
3982,07/29/2026 22:04:53,7.74,20.39,-50.81
3983,07/29/2026 22:14:53,7.74,20.29,-51.02
3984,07/29/2026 22:24:53,7.76,20.08,-52.16
3985,07/29/2026 22:34:53,7.78,19.86,-53.06
3986,07/29/2026 22:44:53,7.78,19.79,-53.16
3987,07/29/2026 22:54:53,7.79,19.53,-53.81
3988,07/29/2026 23:04:53,7.81,19.10,-54.78
3989,07/29/2026 23:14:53,7.85,18.41,-56.50
3990,07/29/2026 23:24:53,7.87,17.91,-57.60
3991,07/29/2026 23:34:53,7.88,17.56,-58.25
3992,07/29/2026 23:44:53,7.90,16.87,-59.19
3993,07/29/2026 23:54:53,7.91,16.25,-59.94
3994,07/30/2026 00:04:53,7.93,15.60,-60.67
3995,07/30/2026 00:14:53,7.94,15.32,-60.89
3996,07/30/2026 00:24:53,7.94,15.08,-61.03
3997,07/30/2026 00:34:53,7.94,14.91,-60.92
3998,07/30/2026 00:44:53,7.94,14.79,-60.95
3999,07/30/2026 00:54:53,7.93,14.72,-60.67
4000,07/30/2026 01:04:53,7.92,14.62,-60.10
4001,07/30/2026 01:14:53,7.86,14.62,-56.50
4002,07/30/2026 01:24:53,7.87,14.65,-57.35
4003,07/30/2026 01:34:53,7.91,14.62,-59.61
4004,07/30/2026 01:44:53,7.94,14.91,-61.02
4005,07/30/2026 01:54:53,7.94,15.08,-61.28
4006,07/30/2026 02:04:53,7.94,15.41,-61.06
4007,07/30/2026 02:14:53,7.92,15.96,-59.92
4008,07/30/2026 02:24:53,7.88,16.61,-57.92
4009,07/30/2026 02:34:53,7.84,17.22,-55.92
4010,07/30/2026 02:44:53,7.80,17.72,-53.85
4011,07/30/2026 02:54:53,7.76,18.25,-51.77
4012,07/30/2026 03:04:53,7.73,18.68,-50.11
4013,07/30/2026 03:14:53,7.69,18.98,-48.13
4014,07/30/2026 03:24:53,7.66,19.15,-46.03
4015,07/30/2026 03:34:53,7.63,19.25,-44.67
4016,07/30/2026 03:44:53,7.60,19.37,-43.19
4017,07/30/2026 03:54:53,7.58,19.41,-42.14
4018,07/30/2026 04:04:53,7.57,19.48,-41.11
4019,07/30/2026 04:14:53,7.54,19.53,-39.77
4020,07/30/2026 04:24:53,7.52,19.63,-38.38
4021,07/30/2026 04:34:53,7.48,19.70,-36.39
4022,07/30/2026 04:44:53,7.45,19.79,-34.89
4023,07/30/2026 04:54:53,7.41,19.70,-32.58
4024,07/30/2026 05:04:53,7.39,19.89,-31.36
4025,07/30/2026 05:14:53,7.36,19.86,-29.92
4026,07/30/2026 05:24:53,7.34,19.91,-28.45
4027,07/30/2026 05:34:53,7.31,19.77,-26.89
4028,07/30/2026 05:44:53,7.29,19.94,-25.52
4029,07/30/2026 05:54:53,7.27,19.96,-24.74
4030,07/30/2026 06:04:53,7.25,19.96,-23.78
4031,07/30/2026 06:14:53,7.24,19.96,-23.00
4032,07/30/2026 06:24:53,7.23,19.94,-22.24
4033,07/30/2026 06:34:53,7.23,19.96,-22.44
4034,07/30/2026 06:44:53,7.22,19.96,-22.06
4035,07/30/2026 06:54:53,7.21,19.96,-21.42
4036,07/30/2026 07:04:53,7.21,20.01,-21.14
4037,07/30/2026 07:14:53,7.19,20.06,-20.13
4038,07/30/2026 07:24:53,7.17,20.08,-19.31
4039,07/30/2026 07:34:53,7.15,20.06,-17.75
4040,07/30/2026 07:44:53,7.14,19.98,-17.34
4041,07/30/2026 07:54:53,7.15,20.01,-18.11
4042,07/30/2026 08:04:53,7.17,20.08,-19.25
4043,07/30/2026 08:14:53,7.18,20.13,-19.61
4044,07/30/2026 08:24:53,7.20,20.10,-20.55
4045,07/30/2026 08:34:53,7.21,20.13,-21.31
4046,07/30/2026 08:44:53,7.26,20.13,-23.95
4047,07/30/2026 08:54:53,7.37,20.22,-30.25
4048,07/30/2026 09:04:53,7.44,20.32,-34.16
4049,07/30/2026 09:14:53,7.46,20.29,-35.42
4050,07/30/2026 09:24:53,7.51,20.29,-37.94
4051,07/30/2026 09:34:53,7.51,20.17,-37.97
4052,07/30/2026 09:44:53,7.47,20.01,-35.84
4053,07/30/2026 09:54:53,7.48,19.94,-36.41
4054,07/30/2026 10:04:53,7.49,19.94,-36.81
4055,07/30/2026 10:14:53,7.54,19.96,-39.77
4056,07/30/2026 10:24:53,7.58,19.84,-42.06
4057,07/30/2026 10:34:53,7.62,19.72,-44.13
4058,07/30/2026 10:44:53,7.63,19.67,-44.75
4059,07/30/2026 10:54:53,7.65,19.63,-45.58
4060,07/30/2026 11:04:53,7.67,19.48,-46.70
4061,07/30/2026 11:14:53,7.69,19.15,-47.89
4062,07/30/2026 11:24:53,7.72,19.03,-49.44
4063,07/30/2026 11:34:53,7.73,19.03,-49.92
4064,07/30/2026 11:44:53,7.75,18.98,-50.99
4065,07/30/2026 11:54:53,7.75,18.87,-51.44
4066,07/30/2026 12:04:53,7.77,18.60,-52.44
4067,07/30/2026 12:14:53,7.80,18.34,-53.70
4068,07/30/2026 12:24:53,7.81,18.08,-54.50
4069,07/30/2026 12:34:53,7.84,17.82,-56.06
4070,07/30/2026 12:44:53,7.86,17.53,-57.10
4071,07/30/2026 12:54:53,7.88,17.32,-57.94
4072,07/30/2026 13:04:53,7.90,17.11,-59.30
4073,07/30/2026 13:14:53,7.91,17.01,-59.95
4074,07/30/2026 13:24:53,7.87,16.99,-57.77
4075,07/30/2026 13:34:53,7.85,16.99,-56.33
4076,07/30/2026 13:44:53,7.85,17.11,-56.56
4077,07/30/2026 13:54:53,7.86,16.94,-56.78
4078,07/30/2026 14:04:53,7.85,17.30,-56.64
4079,07/30/2026 14:14:53,7.85,17.63,-56.45
4080,07/30/2026 14:24:53,7.85,18.06,-56.75
4081,07/30/2026 14:34:53,7.83,18.44,-55.47
4082,07/30/2026 14:44:53,7.80,18.79,-54.19
4083,07/30/2026 14:54:53,7.79,18.98,-53.31
4084,07/30/2026 15:04:53,7.79,19.15,-53.35
4085,07/30/2026 15:14:53,7.77,19.37,-52.58
4086,07/30/2026 15:24:53,7.77,19.60,-52.35
4087,07/30/2026 15:34:53,7.77,19.89,-52.39
4088,07/30/2026 15:44:53,7.75,20.10,-51.67
4089,07/30/2026 15:54:53,7.74,20.32,-50.97
4090,07/30/2026 16:04:53,7.74,20.51,-50.69
4091,07/30/2026 16:14:53,7.73,20.75,-50.20
4092,07/30/2026 16:24:53,7.71,20.94,-49.17
4093,07/30/2026 16:34:53,7.69,21.15,-48.35
4094,07/30/2026 16:44:53,7.67,21.29,-47.08
4095,07/30/2026 16:54:53,7.65,21.41,-46.11
4096,07/30/2026 17:04:53,7.64,21.53,-45.20
4097,07/30/2026 17:14:53,7.62,21.65,-44.27
4098,07/30/2026 17:24:53,7.60,21.75,-43.10
4099,07/30/2026 17:34:53,7.58,21.82,-41.97
4100,07/30/2026 17:44:53,7.56,21.87,-40.81
4101,07/30/2026 17:54:53,7.54,21.91,-39.83
4102,07/30/2026 18:04:53,7.52,21.91,-38.67
4103,07/30/2026 18:14:53,7.49,21.94,-37.38
4104,07/30/2026 18:24:53,7.47,21.91,-35.84
4105,07/30/2026 18:34:53,7.44,21.89,-34.56
4106,07/30/2026 18:44:53,7.42,21.89,-33.45
4107,07/30/2026 18:54:53,7.40,21.87,-32.19
4108,07/30/2026 19:04:53,7.38,21.84,-30.84
4109,07/30/2026 19:14:53,7.35,21.80,-29.45
4110,07/30/2026 19:24:53,7.30,21.75,-26.24
4111,07/30/2026 19:34:53,7.23,21.75,-22.67
4112,07/30/2026 19:44:53,7.26,21.75,-24.19
4113,07/30/2026 19:54:53,7.30,21.75,-26.24
4114,07/30/2026 20:04:53,7.31,21.70,-27.22
4115,07/30/2026 20:14:53,7.34,21.72,-28.94
4116,07/30/2026 20:24:53,7.37,21.72,-30.58
4117,07/30/2026 20:34:53,7.40,21.72,-31.88
4118,07/30/2026 20:44:53,7.44,21.58,-34.41
4119,07/30/2026 20:54:53,7.51,21.32,-38.31
4120,07/30/2026 21:04:53,7.53,21.25,-39.41
4121,07/30/2026 21:14:53,7.55,21.15,-40.63
4122,07/30/2026 21:24:53,7.56,21.17,-41.02
4123,07/30/2026 21:34:53,7.58,21.15,-41.81
4124,07/30/2026 21:44:53,7.60,21.03,-43.28
4125,07/30/2026 21:54:53,7.62,20.96,-44.49
4126,07/30/2026 22:04:53,7.65,20.77,-45.80
4127,07/30/2026 22:14:53,7.69,20.41,-48.13
4128,07/30/2026 22:24:53,7.70,20.27,-48.78
4129,07/30/2026 22:34:53,7.72,20.13,-49.80
4130,07/30/2026 22:44:53,7.73,19.98,-50.38
4131,07/30/2026 22:54:53,7.75,19.82,-51.11
4132,07/30/2026 23:04:53,7.75,19.65,-51.50
4133,07/30/2026 23:14:53,7.75,19.63,-51.56
4134,07/30/2026 23:24:53,7.76,19.56,-51.70
4135,07/30/2026 23:34:53,7.77,19.32,-52.49
4136,07/30/2026 23:44:53,7.79,18.98,-53.24
4137,07/30/2026 23:54:53,7.81,18.65,-54.30
4138,07/31/2026 00:04:53,7.82,18.41,-54.91
4139,07/31/2026 00:14:53,7.84,18.01,-56.06
4140,07/31/2026 00:24:53,7.87,17.65,-57.52
4141,07/31/2026 00:34:53,7.89,17.32,-58.55
4142,07/31/2026 00:44:53,7.89,17.15,-58.75
4143,07/31/2026 00:54:53,7.89,17.03,-58.78
4144,07/31/2026 01:04:53,7.90,16.96,-59.22
4145,07/31/2026 01:14:53,7.89,16.89,-58.56
4146,07/31/2026 01:24:53,7.88,16.82,-58.20
4147,07/31/2026 01:34:53,7.89,16.77,-58.42
4148,07/31/2026 01:44:53,7.83,16.77,-55.49
4149,07/31/2026 01:54:53,7.87,16.75,-57.58
4150,07/31/2026 02:04:53,7.90,16.80,-59.00
4151,07/31/2026 02:14:53,7.91,16.82,-59.69
4152,07/31/2026 02:24:53,7.92,16.94,-60.42
4153,07/31/2026 02:34:53,7.90,17.30,-59.27
4154,07/31/2026 02:44:53,7.88,17.51,-58.17
4155,07/31/2026 02:54:53,7.84,17.87,-56.22
4156,07/31/2026 03:04:53,7.80,18.20,-54.13
4157,07/31/2026 03:14:53,7.77,18.44,-52.45
4158,07/31/2026 03:24:53,7.74,18.65,-50.89
4159,07/31/2026 03:34:53,7.72,18.91,-49.35
4160,07/31/2026 03:44:53,7.67,19.20,-47.10
4161,07/31/2026 03:54:53,7.64,19.29,-45.36
4162,07/31/2026 04:04:53,7.63,19.41,-44.47
4163,07/31/2026 04:14:53,7.59,19.48,-42.27
4164,07/31/2026 04:24:53,7.58,19.56,-41.85
4165,07/31/2026 04:34:53,7.54,19.63,-39.74
4166,07/31/2026 04:44:53,7.52,19.72,-38.33
4167,07/31/2026 04:54:53,7.49,19.82,-36.66
4168,07/31/2026 05:04:53,7.46,19.89,-35.33
4169,07/31/2026 05:14:53,7.43,19.98,-33.80
4170,07/31/2026 05:24:53,7.41,20.06,-32.34
4171,07/31/2026 05:34:53,7.37,20.13,-30.27
4172,07/31/2026 05:44:53,7.34,20.17,-28.64
4173,07/31/2026 05:54:53,7.32,20.25,-27.52
4174,07/31/2026 06:04:53,7.31,20.32,-26.81
4175,07/31/2026 06:14:53,7.29,20.36,-25.95
4176,07/31/2026 06:24:53,7.27,20.36,-24.55
4177,07/31/2026 06:34:53,7.25,20.39,-23.42
4178,07/31/2026 06:44:53,7.23,20.41,-22.74
4179,07/31/2026 06:54:53,7.21,20.41,-21.55
4180,07/31/2026 07:04:53,7.20,20.46,-20.74
4181,07/31/2026 07:14:53,7.18,20.48,-19.42
4182,07/31/2026 07:24:53,7.16,20.51,-18.39
4183,07/31/2026 07:34:53,7.13,20.53,-16.95
4184,07/31/2026 07:44:53,7.11,20.56,-15.98
4185,07/31/2026 07:54:53,7.10,20.58,-15.22
4186,07/31/2026 08:04:53,7.09,20.63,-14.73
4187,07/31/2026 08:14:53,7.07,20.75,-13.48
4188,07/31/2026 08:24:53,7.09,20.72,-14.47
4189,07/31/2026 08:34:53,7.10,20.75,-14.97
4190,07/31/2026 08:44:53,7.09,20.75,-14.39
4191,07/31/2026 08:54:53,7.09,20.72,-14.55
4192,07/31/2026 09:04:53,7.11,20.75,-15.59
4193,07/31/2026 09:14:53,7.13,20.70,-16.64
4194,07/31/2026 09:24:53,7.18,20.70,-19.88
4195,07/31/2026 09:34:53,7.33,20.79,-27.94
4196,07/31/2026 09:44:53,7.39,20.79,-31.27
4197,07/31/2026 09:54:53,7.42,20.72,-33.36
4198,07/31/2026 10:04:53,7.46,20.72,-35.31
4199,07/31/2026 10:14:53,7.45,20.75,-35.00
4200,07/31/2026 10:24:53,7.44,20.70,-34.36
4201,07/31/2026 10:34:53,7.44,20.67,-34.08
4202,07/31/2026 10:44:53,7.46,20.60,-35.06
4203,07/31/2026 10:54:53,7.51,20.39,-38.03
4204,07/31/2026 11:04:53,7.53,20.22,-39.22
4205,07/31/2026 11:14:53,7.55,20.06,-40.13
4206,07/31/2026 11:24:53,7.56,19.91,-40.74
4207,07/31/2026 11:34:53,7.60,19.67,-42.75
4208,07/31/2026 11:44:53,7.62,19.58,-44.27
4209,07/31/2026 11:54:53,7.65,19.53,-45.61
4210,07/31/2026 12:04:53,7.65,19.48,-46.05
4211,07/31/2026 12:14:53,7.67,19.48,-46.67
4212,07/31/2026 12:24:53,7.67,19.51,-47.08
4213,07/31/2026 12:34:53,7.67,19.48,-46.67
4214,07/31/2026 12:44:53,7.67,19.37,-47.11
4215,07/31/2026 12:54:53,7.68,19.27,-47.52
4216,07/31/2026 13:04:53,7.70,19.08,-48.52
4217,07/31/2026 13:14:53,7.73,18.82,-50.20
4218,07/31/2026 13:24:53,7.73,18.68,-50.31
4219,07/31/2026 13:34:53,7.78,18.51,-52.74
4220,07/31/2026 13:44:53,7.77,18.32,-52.42
4221,07/31/2026 13:54:53,7.75,18.27,-51.10
4222,07/31/2026 14:04:53,7.79,18.18,-53.11
4223,07/31/2026 14:14:53,7.81,18.18,-54.36
4224,07/31/2026 14:24:53,7.81,18.25,-54.60
4225,07/31/2026 14:34:53,7.80,18.46,-54.19
4226,07/31/2026 14:44:53,7.81,18.72,-54.31
4227,07/31/2026 14:54:53,7.79,19.08,-53.52
4228,07/31/2026 15:04:53,7.78,19.25,-52.85
4229,07/31/2026 15:14:53,7.76,19.53,-52.05
4230,07/31/2026 15:24:53,7.75,19.79,-51.28
4231,07/31/2026 15:34:53,7.74,20.01,-50.88
4232,07/31/2026 15:44:53,7.73,20.06,-50.20
4233,07/31/2026 15:54:53,7.73,20.13,-50.03
4234,07/31/2026 16:04:53,7.72,20.36,-50.05
4235,07/31/2026 16:14:53,7.72,20.56,-49.92
4236,07/31/2026 16:24:53,7.72,20.67,-49.56
4237,07/31/2026 16:34:53,7.71,20.82,-49.27
4238,07/31/2026 16:44:53,7.70,21.08,-48.85
4239,07/31/2026 16:54:53,7.69,21.32,-48.36
4240,07/31/2026 17:04:53,7.68,21.51,-47.78
4241,07/31/2026 17:14:53,7.66,21.72,-46.69
4242,07/31/2026 17:24:53,7.64,21.94,-45.69
4243,07/31/2026 17:34:53,7.62,22.11,-44.63
4244,07/31/2026 17:44:53,7.60,22.27,-43.38
4245,07/31/2026 17:54:53,7.58,22.44,-42.47
4246,07/31/2026 18:04:53,7.56,22.56,-41.35
4247,07/31/2026 18:14:53,7.54,22.66,-39.75
4248,07/31/2026 18:24:53,7.52,22.80,-38.75
4249,07/31/2026 18:34:53,7.50,22.85,-37.64
4250,07/31/2026 18:44:53,7.47,22.92,-36.34
4251,07/31/2026 18:54:53,7.45,22.92,-34.89
4252,07/31/2026 19:04:53,7.42,22.87,-33.11
4253,07/31/2026 19:14:53,7.38,22.78,-31.06
4254,07/31/2026 19:24:53,7.34,22.73,-28.80
4255,07/31/2026 19:34:53,7.30,22.70,-26.55
4256,07/31/2026 19:44:53,7.29,22.66,-26.14
4257,07/31/2026 19:54:53,7.27,22.63,-24.84
4258,07/31/2026 20:04:53,7.24,22.58,-23.22
4259,07/31/2026 20:14:53,7.25,22.56,-23.83
4260,07/31/2026 20:24:53,7.27,22.56,-24.61
4261,07/31/2026 20:34:53,7.27,22.56,-25.06
4262,07/31/2026 20:44:53,7.29,22.54,-25.69
4263,07/31/2026 20:54:53,7.30,22.51,-26.59
4264,07/31/2026 21:04:53,7.33,22.51,-28.06
4265,07/31/2026 21:14:53,7.36,22.47,-29.74
4266,07/31/2026 21:24:53,7.49,22.03,-37.03
4267,07/31/2026 21:34:53,7.55,21.87,-40.53
4268,07/31/2026 21:44:53,7.58,21.77,-41.99
4269,07/31/2026 21:54:53,7.59,21.70,-42.72
4270,07/31/2026 22:04:53,7.57,21.70,-41.41
4271,07/31/2026 22:14:53,7.56,21.72,-40.84
4272,07/31/2026 22:24:53,7.57,21.72,-41.55
4273,07/31/2026 22:34:53,7.59,21.68,-42.75
4274,07/31/2026 22:44:53,7.61,21.51,-43.99
4275,07/31/2026 22:54:53,7.67,21.20,-47.03
4276,07/31/2026 23:04:53,7.69,20.98,-48.08
4277,07/31/2026 23:14:53,7.71,20.82,-49.03
4278,07/31/2026 23:24:53,7.72,20.65,-49.66
4279,07/31/2026 23:34:53,7.73,20.48,-50.24
4280,07/31/2026 23:44:53,7.73,20.41,-50.45
4281,07/31/2026 23:54:53,7.74,20.36,-50.99
4282,08/01/2026 00:04:53,7.74,20.34,-50.86
4283,08/01/2026 00:14:53,7.74,20.25,-51.13
4284,08/01/2026 00:24:53,7.75,20.06,-51.44
4285,08/01/2026 00:34:53,7.77,19.86,-52.44
4286,08/01/2026 00:44:53,7.79,19.63,-53.74
4287,08/01/2026 00:54:53,7.81,19.39,-54.50
4288,08/01/2026 01:04:53,7.85,18.94,-56.56
4289,08/01/2026 01:14:53,7.87,18.58,-57.66
4290,08/01/2026 01:24:53,7.86,18.34,-57.52
4291,08/01/2026 01:34:53,7.86,18.18,-57.31
4292,08/01/2026 01:44:53,7.87,18.01,-57.60
4293,08/01/2026 01:54:53,7.85,17.94,-56.53
4294,08/01/2026 02:04:53,7.81,17.87,-54.27
4295,08/01/2026 02:14:53,7.77,17.84,-52.24
4296,08/01/2026 02:24:53,7.81,17.68,-54.35
4297,08/01/2026 02:34:53,7.84,17.63,-55.99
4298,08/01/2026 02:44:53,7.86,18.03,-57.06
4299,08/01/2026 02:54:53,7.85,18.63,-56.97
4300,08/01/2026 03:04:53,7.85,18.89,-56.89
4301,08/01/2026 03:14:53,7.82,19.15,-54.97
4302,08/01/2026 03:24:53,7.81,19.25,-54.53
4303,08/01/2026 03:34:53,7.78,19.44,-53.27
4304,08/01/2026 03:44:53,7.75,19.70,-51.38
4305,08/01/2026 03:54:53,7.72,19.86,-49.78
4306,08/01/2026 04:04:53,7.70,20.01,-48.55
4307,08/01/2026 04:14:53,7.67,20.10,-46.97
4308,08/01/2026 04:24:53,7.65,20.20,-45.86
4309,08/01/2026 04:34:53,7.62,20.27,-44.42
4310,08/01/2026 04:44:53,7.61,20.29,-43.60
4311,08/01/2026 04:54:53,7.58,20.36,-41.83
4312,08/01/2026 05:04:53,7.54,20.46,-40.03
4313,08/01/2026 05:14:53,7.53,20.51,-39.27
4314,08/01/2026 05:24:53,7.49,20.58,-37.25
4315,08/01/2026 05:34:53,7.46,20.67,-35.22
4316,08/01/2026 05:44:53,7.44,20.75,-34.31
4317,08/01/2026 05:54:53,7.41,20.84,-32.81
4318,08/01/2026 06:04:53,7.39,20.86,-31.31
4319,08/01/2026 06:14:53,7.37,20.94,-30.19
4320,08/01/2026 06:24:53,7.35,21.01,-29.36
4321,08/01/2026 06:34:53,7.34,21.08,-28.63
4322,08/01/2026 06:44:53,7.32,21.13,-27.44
4323,08/01/2026 06:54:53,7.30,21.17,-26.33
4324,08/01/2026 07:04:53,7.27,21.20,-25.00
4325,08/01/2026 07:14:53,7.26,21.22,-23.95
4326,08/01/2026 07:24:53,7.25,21.27,-23.45
4327,08/01/2026 07:34:53,7.23,21.32,-22.59
4328,08/01/2026 07:44:53,7.21,21.37,-21.28
4329,08/01/2026 07:54:53,7.19,21.44,-20.11
4330,08/01/2026 08:04:53,7.16,21.49,-18.56
4331,08/01/2026 08:14:53,7.14,21.56,-17.61
4332,08/01/2026 08:24:53,7.12,21.63,-16.16
4333,08/01/2026 08:34:53,7.11,21.72,-15.78
4334,08/01/2026 08:44:53,7.08,21.84,-14.11
4335,08/01/2026 08:54:53,7.10,21.87,-15.31
4336,08/01/2026 09:04:53,7.11,21.91,-16.00
4337,08/01/2026 09:14:53,7.11,21.89,-15.84
4338,08/01/2026 09:24:53,7.11,21.89,-15.61
4339,08/01/2026 09:34:53,7.12,21.91,-16.56
4340,08/01/2026 09:44:53,7.14,21.84,-17.61
4341,08/01/2026 09:54:53,7.18,21.87,-19.61
4342,08/01/2026 10:04:53,7.31,21.82,-27.08
4343,08/01/2026 10:14:53,7.37,21.72,-30.52
4344,08/01/2026 10:24:53,7.42,21.70,-32.89
4345,08/01/2026 10:34:53,7.47,21.75,-35.70
4346,08/01/2026 10:44:53,7.45,21.89,-35.03
4347,08/01/2026 10:54:53,7.46,21.96,-35.61
4348,08/01/2026 11:04:53,7.47,21.87,-35.81
4349,08/01/2026 11:14:53,7.48,21.72,-36.80
4350,08/01/2026 11:24:53,7.53,21.53,-39.13
4351,08/01/2026 11:34:53,7.56,21.37,-40.91
4352,08/01/2026 11:44:53,7.57,21.25,-41.27
4353,08/01/2026 11:54:53,7.59,21.10,-42.36
4354,08/01/2026 12:04:53,7.61,20.91,-43.97
4355,08/01/2026 12:14:53,7.64,20.82,-45.50
4356,08/01/2026 12:24:53,7.66,20.75,-46.39
4357,08/01/2026 12:34:53,7.68,20.72,-47.44
4358,08/01/2026 12:44:53,7.68,20.72,-47.81
4359,08/01/2026 12:54:53,7.69,20.65,-48.35
4360,08/01/2026 13:04:53,7.69,20.67,-48.25
4361,08/01/2026 13:14:53,7.71,20.60,-49.10
4362,08/01/2026 13:24:53,7.72,20.48,-49.75
4363,08/01/2026 13:34:53,7.74,20.36,-50.64
4364,08/01/2026 13:44:53,7.75,20.13,-51.27
4365,08/01/2026 13:54:53,7.77,19.77,-52.52
4366,08/01/2026 14:04:53,7.78,19.56,-53.25
4367,08/01/2026 14:14:53,7.80,19.22,-54.05
4368,08/01/2026 14:24:53,7.74,19.17,-50.55
4369,08/01/2026 14:34:53,7.70,19.03,-48.42
4370,08/01/2026 14:44:53,7.75,19.08,-51.27
4371,08/01/2026 14:54:53,7.78,19.01,-53.10
4372,08/01/2026 15:04:53,7.79,19.39,-53.41
4373,08/01/2026 15:14:53,7.81,19.70,-54.49
4374,08/01/2026 15:24:53,7.79,20.06,-53.41
4375,08/01/2026 15:34:53,7.77,20.56,-52.58
4376,08/01/2026 15:44:53,7.76,20.89,-52.11
4377,08/01/2026 15:54:53,7.75,21.08,-51.56
4378,08/01/2026 16:04:53,7.75,21.25,-51.80
4379,08/01/2026 16:14:53,7.74,21.32,-51.22
4380,08/01/2026 16:24:53,7.73,21.49,-50.75
4381,08/01/2026 16:34:53,7.73,21.72,-50.31
4382,08/01/2026 16:44:53,7.72,21.87,-50.10
4383,08/01/2026 16:54:53,7.72,22.06,-50.11
4384,08/01/2026 17:04:53,7.71,22.27,-49.49
4385,08/01/2026 17:14:53,7.70,22.56,-48.91
4386,08/01/2026 17:24:53,7.68,22.78,-47.78
4387,08/01/2026 17:34:53,7.67,23.04,-47.22
4388,08/01/2026 17:44:53,7.65,23.23,-46.11
4389,08/01/2026 17:54:53,7.63,23.57,-45.10
4390,08/01/2026 18:04:53,7.60,23.69,-43.30
4391,08/01/2026 18:14:53,7.57,23.93,-42.02
4392,08/01/2026 18:24:53,7.56,24.05,-41.42
4393,08/01/2026 18:34:53,7.54,24.19,-40.00
4394,08/01/2026 18:44:53,7.53,24.24,-39.55
4395,08/01/2026 18:54:53,7.51,24.32,-38.53
4396,08/01/2026 19:04:53,7.50,24.36,-37.74
4397,08/01/2026 19:14:53,7.48,24.39,-36.63
4398,08/01/2026 19:24:53,7.44,24.41,-34.27
4399,08/01/2026 19:34:53,7.40,24.41,-32.30
4400,08/01/2026 19:44:53,7.37,24.36,-30.33
4401,08/01/2026 19:54:53,7.33,24.39,-28.47
4402,08/01/2026 20:04:53,7.31,24.36,-26.89
4403,08/01/2026 20:14:53,7.26,24.34,-24.61
4404,08/01/2026 20:24:53,7.23,24.32,-22.63
4405,08/01/2026 20:34:53,7.19,24.27,-20.42
4406,08/01/2026 20:44:53,7.16,24.22,-18.78
4407,08/01/2026 20:54:53,7.17,24.19,-19.13
4408,08/01/2026 21:04:53,7.22,24.19,-22.08
4409,08/01/2026 21:14:53,7.23,24.19,-22.75
4410,08/01/2026 21:24:53,7.24,24.19,-23.28
4411,08/01/2026 21:34:53,7.26,24.17,-24.50
4412,08/01/2026 21:44:53,7.29,24.17,-25.86
4413,08/01/2026 21:54:53,7.30,24.12,-26.61
4414,08/01/2026 22:04:53,7.38,23.66,-31.24
4415,08/01/2026 22:14:53,7.44,23.30,-34.66
4416,08/01/2026 22:24:53,7.48,23.16,-36.64
4417,08/01/2026 22:34:53,7.49,23.09,-37.39
4418,08/01/2026 22:44:53,7.50,23.06,-37.89
4419,08/01/2026 22:54:53,7.50,23.18,-37.55
4420,08/01/2026 23:04:53,7.51,23.21,-38.24
4421,08/01/2026 23:14:53,7.53,23.14,-39.25
4422,08/01/2026 23:24:53,7.55,22.99,-40.44
4423,08/01/2026 23:34:53,7.59,22.54,-42.78
4424,08/01/2026 23:44:53,7.61,22.30,-44.13
4425,08/01/2026 23:54:53,7.63,22.15,-45.06
4426,08/02/2026 00:04:53,7.65,21.99,-46.13
4427,08/02/2026 00:14:53,7.66,21.82,-46.75
4428,08/02/2026 00:24:53,7.67,21.75,-47.35
4429,08/02/2026 00:34:53,7.69,21.63,-48.42
4430,08/02/2026 00:44:53,7.70,21.60,-48.69
4431,08/02/2026 00:54:53,7.70,21.63,-48.63
4432,08/02/2026 01:04:53,7.71,21.53,-49.42
4433,08/02/2026 01:14:53,7.73,21.29,-50.45
4434,08/02/2026 01:24:53,7.75,21.01,-51.56
4435,08/02/2026 01:34:53,7.76,20.70,-51.94
4436,08/02/2026 01:44:53,7.78,20.27,-53.05
4437,08/02/2026 01:54:53,7.78,20.06,-52.81
4438,08/02/2026 02:04:53,7.80,19.67,-53.89
4439,08/02/2026 02:14:53,7.81,19.48,-54.41
4440,08/02/2026 02:24:53,7.81,19.34,-54.77
4441,08/02/2026 02:34:53,7.78,19.17,-53.17
4442,08/02/2026 02:44:53,7.69,19.06,-48.11
4443,08/02/2026 02:54:53,7.60,18.96,-43.05
4444,08/02/2026 03:04:53,7.70,18.89,-48.28
4445,08/02/2026 03:14:53,7.76,18.87,-51.92
4446,08/02/2026 03:24:53,7.77,19.56,-52.70
4447,08/02/2026 03:34:53,7.78,20.08,-52.97
4448,08/02/2026 03:44:53,7.76,20.53,-52.16
4449,08/02/2026 03:54:53,7.75,20.75,-51.28
4450,08/02/2026 04:04:53,7.72,20.89,-49.85
4451,08/02/2026 04:14:53,7.71,21.08,-49.06
4452,08/02/2026 04:24:53,7.69,21.22,-48.02
4453,08/02/2026 04:34:53,7.66,21.34,-46.58
4454,08/02/2026 04:44:53,7.65,21.41,-45.94
4455,08/02/2026 04:54:53,7.63,21.49,-44.89
4456,08/02/2026 05:04:53,7.61,21.58,-43.56
4457,08/02/2026 05:14:53,7.58,21.65,-42.16
4458,08/02/2026 05:24:53,7.57,21.70,-41.83
4459,08/02/2026 05:34:53,7.54,21.80,-39.78
4460,08/02/2026 05:44:53,7.51,21.89,-38.08
4461,08/02/2026 05:54:53,7.48,21.99,-36.78
4462,08/02/2026 06:04:53,7.46,22.06,-35.33
4463,08/02/2026 06:14:53,7.43,22.15,-33.53
4464,08/02/2026 06:24:53,7.41,22.27,-32.59
4465,08/02/2026 06:34:53,7.38,22.37,-31.00
4466,08/02/2026 06:44:53,7.36,22.44,-29.58
4467,08/02/2026 06:54:53,7.33,22.51,-28.05
4468,08/02/2026 07:04:53,7.31,22.61,-26.91
4469,08/02/2026 07:14:53,7.29,22.68,-26.06
4470,08/02/2026 07:24:53,7.28,22.73,-25.20
4471,08/02/2026 07:34:53,7.26,22.78,-24.25
4472,08/02/2026 07:44:53,7.23,22.82,-22.84
4473,08/02/2026 07:54:53,7.21,22.87,-21.55
4474,08/02/2026 08:04:53,7.19,22.92,-20.30
4475,08/02/2026 08:14:53,7.18,22.99,-19.70
4476,08/02/2026 08:24:53,7.16,23.06,-18.67
4477,08/02/2026 08:34:53,7.15,23.14,-18.13
4478,08/02/2026 08:44:53,7.12,23.18,-16.53
4479,08/02/2026 08:54:53,7.11,23.28,-15.81
4480,08/02/2026 09:04:53,7.09,23.35,-14.70
4481,08/02/2026 09:14:53,7.07,23.45,-13.34
4482,08/02/2026 09:24:53,7.07,23.50,-13.84
4483,08/02/2026 09:34:53,7.11,23.47,-15.80
4484,08/02/2026 09:44:53,7.11,23.47,-15.89
4485,08/02/2026 09:54:53,7.11,23.50,-15.95
4486,08/02/2026 10:04:53,7.12,23.50,-16.27
4487,08/02/2026 10:14:53,7.13,23.45,-16.98
4488,08/02/2026 10:24:53,7.15,23.40,-18.20
4489,08/02/2026 10:34:53,7.22,23.28,-22.02
4490,08/02/2026 10:44:53,7.30,23.30,-26.44
4491,08/02/2026 10:54:53,7.35,23.23,-29.06
4492,08/02/2026 11:04:53,7.39,23.16,-31.70
4493,08/02/2026 11:14:53,7.41,23.18,-32.64
4494,08/02/2026 11:24:53,7.42,23.21,-33.44
4495,08/02/2026 11:34:53,7.43,23.21,-34.11
4496,08/02/2026 11:44:53,7.43,23.06,-34.06
4497,08/02/2026 11:54:53,7.47,22.94,-35.80
4498,08/02/2026 12:04:53,7.50,22.70,-37.53
4499,08/02/2026 12:14:53,7.52,22.49,-38.67
4500,08/02/2026 12:24:53,7.55,22.30,-40.44
4501,08/02/2026 12:34:53,7.56,22.06,-40.97
4502,08/02/2026 12:44:53,7.58,21.94,-42.38
4503,08/02/2026 12:54:53,7.60,21.87,-43.42
4504,08/02/2026 13:04:53,7.62,21.84,-44.35
4505,08/02/2026 13:14:53,7.63,21.77,-45.11
4506,08/02/2026 13:24:53,7.64,21.87,-45.53
4507,08/02/2026 13:34:53,7.63,21.87,-44.72
4508,08/02/2026 13:44:53,7.66,21.82,-46.41
4509,08/02/2026 13:54:53,7.67,21.63,-47.14
4510,08/02/2026 14:04:53,7.68,21.44,-47.91
4511,08/02/2026 14:14:53,7.71,21.01,-49.49
4512,08/02/2026 14:24:53,7.74,20.58,-50.67
4513,08/02/2026 14:34:53,7.74,20.15,-51.11
4514,08/02/2026 14:44:53,7.77,19.79,-52.25
4515,08/02/2026 14:54:53,7.74,19.53,-50.95
4516,08/02/2026 15:04:53,7.67,19.41,-46.89
4517,08/02/2026 15:14:53,7.71,19.32,-49.06
4518,08/02/2026 15:24:53,7.78,19.32,-53.05
4519,08/02/2026 15:34:53,7.80,19.22,-54.11
4520,08/02/2026 15:44:53,7.79,20.03,-53.52
4521,08/02/2026 15:54:53,7.79,20.48,-53.94
4522,08/02/2026 16:04:53,7.78,20.94,-53.42
4523,08/02/2026 16:14:53,7.76,21.56,-51.94
4524,08/02/2026 16:24:53,7.74,21.82,-51.20
4525,08/02/2026 16:34:53,7.72,22.03,-50.28
4526,08/02/2026 16:44:53,7.71,22.23,-49.25
4527,08/02/2026 16:54:53,7.70,22.39,-48.78
4528,08/02/2026 17:04:53,7.70,22.58,-48.80
4529,08/02/2026 17:14:53,7.69,22.66,-48.22
4530,08/02/2026 17:24:53,7.68,22.78,-47.67
4531,08/02/2026 17:34:53,7.67,22.97,-47.56
4532,08/02/2026 17:44:53,7.66,23.09,-47.03
4533,08/02/2026 17:54:53,7.65,23.26,-46.39
4534,08/02/2026 18:04:53,7.64,23.50,-45.63
4535,08/02/2026 18:14:53,7.63,23.66,-44.99
4536,08/02/2026 18:24:53,7.61,23.88,-43.85
4537,08/02/2026 18:34:53,7.59,24.05,-43.05
4538,08/02/2026 18:44:53,7.58,24.19,-42.61
4539,08/02/2026 18:54:53,7.56,24.32,-41.17
4540,08/02/2026 19:04:53,7.54,24.46,-40.00
4541,08/02/2026 19:14:53,7.51,24.53,-38.31
4542,08/02/2026 19:24:53,7.48,24.60,-36.75
4543,08/02/2026 19:34:53,7.46,24.65,-35.63
4544,08/02/2026 19:44:53,7.42,24.68,-33.56
4545,08/02/2026 19:54:53,7.40,24.68,-32.09
4546,08/02/2026 20:04:53,7.36,24.70,-30.27
4547,08/02/2026 20:14:53,7.33,24.68,-28.36
4548,08/02/2026 20:24:53,7.28,24.65,-25.70
4549,08/02/2026 20:34:53,7.26,24.65,-24.25
4550,08/02/2026 20:44:53,7.25,24.63,-23.81
4551,08/02/2026 20:54:53,7.23,24.60,-22.89
4552,08/02/2026 21:04:53,7.22,24.58,-22.00
4553,08/02/2026 21:14:53,7.22,24.53,-21.97
4554,08/02/2026 21:24:53,7.14,24.56,-17.80
4555,08/02/2026 21:34:53,7.17,24.51,-19.23
4556,08/02/2026 21:44:53,7.20,24.51,-21.05
4557,08/02/2026 21:54:53,7.20,24.51,-21.06
4558,08/02/2026 22:04:53,7.21,24.53,-21.69
4559,08/02/2026 22:14:53,7.24,24.53,-23.08
4560,08/02/2026 22:24:53,7.27,24.51,-24.67
4561,08/02/2026 22:34:53,7.29,24.48,-25.91
4562,08/02/2026 22:44:53,7.37,24.12,-30.27
4563,08/02/2026 22:54:53,7.43,23.86,-33.67
4564,08/02/2026 23:04:53,7.45,23.71,-35.02
4565,08/02/2026 23:14:53,7.48,23.59,-36.97
4566,08/02/2026 23:24:53,7.50,23.54,-37.72
4567,08/02/2026 23:34:53,7.50,23.57,-37.80
4568,08/02/2026 23:44:53,7.51,23.54,-38.38
4569,08/02/2026 23:54:53,7.51,23.54,-38.63
4570,08/03/2026 00:04:53,7.54,23.42,-39.94
4571,08/03/2026 00:14:53,7.57,23.16,-41.70
4572,08/03/2026 00:24:53,7.60,22.94,-43.16
4573,08/03/2026 00:34:53,7.62,22.75,-44.30
4574,08/03/2026 00:44:53,7.64,22.54,-45.36
4575,08/03/2026 00:54:53,7.65,22.39,-45.99
4576,08/03/2026 01:04:53,7.66,22.27,-46.58
4577,08/03/2026 01:14:53,7.66,22.15,-46.74
4578,08/03/2026 01:24:53,7.66,22.11,-46.63
4579,08/03/2026 01:34:53,7.66,22.15,-46.75
4580,08/03/2026 01:44:53,7.65,22.01,-46.10
4581,08/03/2026 01:54:53,7.67,21.82,-46.91
4582,08/03/2026 02:04:53,7.68,21.60,-47.60
4583,08/03/2026 02:14:53,7.70,21.17,-48.75
4584,08/03/2026 02:24:53,7.72,20.77,-49.92
4585,08/03/2026 02:34:53,7.74,20.29,-50.75
4586,08/03/2026 02:44:53,7.76,19.79,-51.75
4587,08/03/2026 02:54:53,7.78,19.34,-52.88
4588,08/03/2026 03:04:53,7.78,19.01,-53.17
4589,08/03/2026 03:14:53,7.78,18.79,-52.78
4590,08/03/2026 03:24:53,7.67,18.63,-46.75
4591,08/03/2026 03:34:53,7.64,18.46,-45.30
4592,08/03/2026 03:44:53,7.71,18.49,-48.99
4593,08/03/2026 03:54:53,7.75,18.37,-51.24
4594,08/03/2026 04:04:53,7.77,19.06,-52.16
4595,08/03/2026 04:14:53,7.77,20.01,-52.58
4596,08/03/2026 04:24:53,7.76,20.72,-52.24
4597,08/03/2026 04:34:53,7.75,21.08,-51.66
4598,08/03/2026 04:44:53,7.74,21.29,-51.00
4599,08/03/2026 04:54:53,7.72,21.56,-49.70
4600,08/03/2026 05:04:53,7.71,21.70,-49.25
4601,08/03/2026 05:14:53,7.69,21.84,-48.08
4602,08/03/2026 05:24:53,7.67,21.94,-47.47
4603,08/03/2026 05:34:53,7.65,22.03,-46.28
4604,08/03/2026 05:44:53,7.63,22.13,-44.97
4605,08/03/2026 05:54:53,7.60,22.23,-43.27
4606,08/03/2026 06:04:53,7.58,22.30,-42.25
4607,08/03/2026 06:14:53,7.57,22.39,-41.39
4608,08/03/2026 06:24:53,7.54,22.49,-39.83
4609,08/03/2026 06:34:53,7.52,22.61,-38.92
4610,08/03/2026 06:44:53,7.48,22.70,-36.77
4611,08/03/2026 06:54:53,7.47,22.82,-35.81
4612,08/03/2026 07:04:53,7.44,22.90,-34.38
4613,08/03/2026 07:14:53,7.42,22.99,-33.06
4614,08/03/2026 07:24:53,7.40,23.09,-31.88
4615,08/03/2026 07:34:53,7.37,23.16,-30.59
4616,08/03/2026 07:44:53,7.35,23.26,-29.27
4617,08/03/2026 07:54:53,7.33,23.33,-28.30
4618,08/03/2026 08:04:53,7.31,23.40,-26.95
4619,08/03/2026 08:14:53,7.29,23.47,-26.03
4620,08/03/2026 08:24:53,7.26,23.54,-24.24
4621,08/03/2026 08:34:53,7.25,23.59,-23.78
4622,08/03/2026 08:44:53,7.23,23.64,-22.66
4623,08/03/2026 08:54:53,7.20,23.66,-20.91
4624,08/03/2026 09:04:53,7.18,23.69,-20.06
4625,08/03/2026 09:14:53,7.17,23.74,-19.42
4626,08/03/2026 09:24:53,7.17,23.76,-19.03
4627,08/03/2026 09:34:53,7.12,23.71,-16.66
4628,08/03/2026 09:44:53,7.10,23.71,-15.19
4629,08/03/2026 09:54:53,7.10,23.69,-15.23
4630,08/03/2026 10:04:53,7.13,23.69,-16.89
4631,08/03/2026 10:14:53,7.14,23.69,-17.34
4632,08/03/2026 10:24:53,7.14,23.79,-17.64
4633,08/03/2026 10:34:53,7.13,23.81,-16.97
4634,08/03/2026 10:44:53,7.19,23.66,-20.41
4635,08/03/2026 10:54:53,7.22,23.62,-21.97
4636,08/03/2026 11:04:53,7.24,23.62,-23.39
4637,08/03/2026 11:14:53,7.24,23.66,-23.24
4638,08/03/2026 11:24:53,7.30,23.54,-26.33
4639,08/03/2026 11:34:53,7.36,23.42,-29.89
4640,08/03/2026 11:44:53,7.39,23.35,-31.53
4641,08/03/2026 11:54:53,7.41,23.30,-32.55
4642,08/03/2026 12:04:53,7.40,23.28,-32.27
4643,08/03/2026 12:14:53,7.40,23.23,-31.94
4644,08/03/2026 12:24:53,7.41,23.18,-32.84
4645,08/03/2026 12:34:53,7.45,22.97,-34.78
4646,08/03/2026 12:44:53,7.47,22.78,-35.89
4647,08/03/2026 12:54:53,7.48,22.66,-36.45
4648,08/03/2026 13:04:53,7.50,22.42,-37.91
4649,08/03/2026 13:14:53,7.52,22.23,-39.08
4650,08/03/2026 13:24:53,7.56,22.03,-41.24
4651,08/03/2026 13:34:53,7.57,21.99,-41.77
4652,08/03/2026 13:44:53,7.58,21.87,-42.42
4653,08/03/2026 13:54:53,7.58,22.01,-42.28
4654,08/03/2026 14:04:53,7.57,21.89,-41.85
4655,08/03/2026 14:14:53,7.60,21.72,-43.38
4656,08/03/2026 14:24:53,7.62,21.56,-44.16
4657,08/03/2026 14:34:53,7.63,21.34,-44.99
4658,08/03/2026 14:44:53,7.64,21.06,-45.55
4659,08/03/2026 14:54:53,7.67,20.72,-47.17
4660,08/03/2026 15:04:53,7.70,20.25,-48.55
4661,08/03/2026 15:14:53,7.71,19.86,-49.27
4662,08/03/2026 15:24:53,7.73,19.41,-50.13
4663,08/03/2026 15:34:53,7.72,19.15,-49.77
4664,08/03/2026 15:44:53,7.65,18.94,-45.69
4665,08/03/2026 15:54:53,7.59,18.70,-42.13
4666,08/03/2026 16:04:53,7.65,18.70,-45.41
4667,08/03/2026 16:14:53,7.69,18.68,-48.11
4668,08/03/2026 16:24:53,7.72,18.84,-49.45
4669,08/03/2026 16:34:53,7.73,19.63,-50.10
4670,08/03/2026 16:44:53,7.73,20.20,-50.33
4671,08/03/2026 16:54:53,7.71,20.77,-49.50
4672,08/03/2026 17:04:53,7.71,21.17,-49.20
4673,08/03/2026 17:14:53,7.70,21.51,-48.64
4674,08/03/2026 17:24:53,7.69,21.77,-48.17
4675,08/03/2026 17:34:53,7.67,21.99,-47.38
4676,08/03/2026 17:44:53,7.65,22.18,-46.36
4677,08/03/2026 17:54:53,7.65,22.27,-46.20
4678,08/03/2026 18:04:53,7.65,22.42,-46.05
4679,08/03/2026 18:14:53,7.63,22.61,-44.97
4680,08/03/2026 18:24:53,7.60,22.75,-43.63
4681,08/03/2026 18:34:53,7.61,22.90,-43.74
4682,08/03/2026 18:44:53,7.58,23.04,-42.27
4683,08/03/2026 18:54:53,7.55,23.18,-40.75
4684,08/03/2026 19:04:53,7.53,23.30,-39.52
4685,08/03/2026 19:14:53,7.50,23.42,-37.97
4686,08/03/2026 19:24:53,7.48,23.52,-36.66
4687,08/03/2026 19:34:53,7.45,23.62,-35.28
4688,08/03/2026 19:44:53,7.43,23.66,-33.92
4689,08/03/2026 19:54:53,7.41,23.74,-32.52
4690,08/03/2026 20:04:53,7.38,23.76,-30.94
4691,08/03/2026 20:14:53,7.35,23.79,-29.28
4692,08/03/2026 20:24:53,7.32,23.79,-27.64
4693,08/03/2026 20:34:53,7.29,23.79,-26.09
4694,08/03/2026 20:44:53,7.26,23.76,-24.03
4695,08/03/2026 20:54:53,7.22,23.76,-21.95
4696,08/03/2026 21:04:53,7.18,23.74,-19.98
4697,08/03/2026 21:14:53,7.15,23.74,-18.06
4698,08/03/2026 21:24:53,7.14,23.71,-17.31
4699,08/03/2026 21:34:53,7.11,23.74,-15.63
4700,08/03/2026 21:44:53,7.09,23.76,-14.69
4701,08/03/2026 21:54:53,7.06,23.76,-13.30
4702,08/03/2026 22:04:53,7.06,23.76,-12.97
4703,08/03/2026 22:14:53,7.05,23.76,-12.66
4704,08/03/2026 22:24:53,7.07,23.66,-13.38
4705,08/03/2026 22:34:53,7.06,23.62,-13.22
4706,08/03/2026 22:44:53,7.06,23.62,-13.30
4707,08/03/2026 22:54:53,7.06,23.69,-13.23
4708,08/03/2026 23:04:53,7.08,23.69,-14.05
4709,08/03/2026 23:14:53,7.09,23.66,-14.53
4710,08/03/2026 23:24:53,7.11,23.66,-15.64
4711,08/03/2026 23:34:53,7.13,23.57,-16.86
4712,08/03/2026 23:44:53,7.17,23.40,-18.98
4713,08/03/2026 23:54:53,7.22,23.21,-21.78
4714,08/04/2026 00:04:53,7.27,23.09,-24.66
4715,08/04/2026 00:14:53,7.31,22.99,-27.22
4716,08/04/2026 00:24:53,7.35,22.94,-29.31
4717,08/04/2026 00:34:53,7.37,22.94,-30.34
4718,08/04/2026 00:44:53,7.39,22.92,-31.61
4719,08/04/2026 00:54:53,7.43,22.90,-33.69
4720,08/04/2026 01:04:53,7.47,22.68,-35.97
4721,08/04/2026 01:14:53,7.50,22.54,-37.58
4722,08/04/2026 01:24:53,7.52,22.42,-38.70
4723,08/04/2026 01:34:53,7.55,22.15,-40.28
4724,08/04/2026 01:44:53,7.57,21.99,-41.55
4725,08/04/2026 01:54:53,7.57,21.87,-41.72
4726,08/04/2026 02:04:53,7.58,21.77,-41.94
4727,08/04/2026 02:14:53,7.58,21.68,-41.89
4728,08/04/2026 02:24:53,7.58,21.65,-41.85
4729,08/04/2026 02:34:53,7.58,21.60,-42.10
4730,08/04/2026 02:44:53,7.58,21.53,-41.97
4731,08/04/2026 02:54:53,7.59,21.29,-42.88
4732,08/04/2026 03:04:53,7.61,20.96,-43.66
4733,08/04/2026 03:14:53,7.62,19.96,-44.42
4734,08/04/2026 03:24:53,7.65,18.94,-45.97
4735,08/04/2026 03:34:53,7.66,18.46,-45.95
4736,08/04/2026 03:44:53,7.62,18.06,-44.14
4737,08/04/2026 03:54:53,7.61,17.68,-43.36
4738,08/04/2026 04:04:53,7.56,17.65,-40.84
4739,08/04/2026 04:14:53,7.53,17.70,-39.03
4740,08/04/2026 04:24:53,7.61,17.58,-43.39
4741,08/04/2026 04:34:53,7.66,18.06,-46.30
4742,08/04/2026 04:44:53,7.68,18.51,-47.11
4743,08/04/2026 04:54:53,7.66,19.51,-46.24
4744,08/04/2026 05:04:53,7.66,20.48,-46.44
4745,08/04/2026 05:14:53,7.65,20.79,-46.17
4746,08/04/2026 05:24:53,7.65,20.96,-45.91
4747,08/04/2026 05:34:53,7.64,21.06,-45.31
4748,08/04/2026 05:44:53,7.64,21.15,-45.38
4749,08/04/2026 05:54:53,7.64,21.22,-45.39
4750,08/04/2026 06:04:53,7.63,21.27,-45.13
4751,08/04/2026 06:14:53,7.63,21.29,-44.70
4752,08/04/2026 06:24:53,7.61,21.34,-44.02
4753,08/04/2026 06:34:53,7.60,21.39,-43.42
4754,08/04/2026 06:44:53,7.59,21.46,-42.52
4755,08/04/2026 06:54:53,7.57,21.53,-41.67
4756,08/04/2026 07:04:53,7.55,21.60,-40.49
4757,08/04/2026 07:14:53,7.53,21.68,-39.36
4758,08/04/2026 07:24:53,7.50,21.72,-37.64
4759,08/04/2026 07:34:53,7.46,21.80,-35.59
4760,08/04/2026 07:44:53,7.43,21.84,-33.78
4761,08/04/2026 07:54:53,7.39,21.89,-31.42
4762,08/04/2026 08:04:53,7.35,21.94,-29.52
4763,08/04/2026 08:14:53,7.33,21.99,-28.03
4764,08/04/2026 08:24:53,7.30,22.06,-26.50
4765,08/04/2026 08:34:53,7.28,22.11,-25.61
4766,08/04/2026 08:44:53,7.27,22.18,-24.77
4767,08/04/2026 08:54:53,7.25,22.27,-23.83
4768,08/04/2026 09:04:53,7.23,22.39,-22.59
4769,08/04/2026 09:14:53,7.21,22.54,-21.20
4770,08/04/2026 09:24:53,7.17,22.66,-19.34
4771,08/04/2026 09:34:53,7.14,22.78,-17.56
4772,08/04/2026 09:44:53,7.12,22.90,-16.41
4773,08/04/2026 09:54:53,7.10,22.99,-15.08
4774,08/04/2026 10:04:53,7.08,23.14,-14.02
4775,08/04/2026 10:14:53,7.07,23.23,-13.33
4776,08/04/2026 10:24:53,7.06,23.38,-12.78
4777,08/04/2026 10:34:53,7.07,23.52,-13.61
4778,08/04/2026 10:44:53,7.08,23.64,-14.28
4779,08/04/2026 10:54:53,7.10,23.69,-15.22
4780,08/04/2026 11:04:53,7.11,23.69,-15.56
4781,08/04/2026 11:14:53,7.11,23.69,-15.75
4782,08/04/2026 11:24:53,7.12,23.57,-16.47
4783,08/04/2026 11:34:53,7.13,23.50,-16.97
4784,08/04/2026 11:44:53,7.15,23.42,-18.17
4785,08/04/2026 11:54:53,7.19,23.47,-20.25
4786,08/04/2026 12:04:53,7.24,23.59,-23.17
4787,08/04/2026 12:14:53,7.30,23.59,-26.63
4788,08/04/2026 12:24:53,7.35,23.45,-29.61
4789,08/04/2026 12:34:53,7.40,23.50,-32.02
4790,08/04/2026 12:44:53,7.44,23.52,-34.45
4791,08/04/2026 12:54:53,7.46,23.38,-35.41
4792,08/04/2026 13:04:53,7.49,23.23,-37.44
4793,08/04/2026 13:14:53,7.53,22.99,-39.72
4794,08/04/2026 13:24:53,7.56,22.58,-41.30
4795,08/04/2026 13:34:53,7.59,22.32,-42.63
4796,08/04/2026 13:44:53,7.61,21.99,-43.92
4797,08/04/2026 13:54:53,7.63,21.75,-44.85
4798,08/04/2026 14:04:53,7.64,21.63,-45.66
4799,08/04/2026 14:14:53,7.66,21.46,-46.53
4800,08/04/2026 14:24:53,7.65,21.46,-46.20
4801,08/04/2026 14:34:53,7.66,21.25,-46.58
4802,08/04/2026 14:44:53,7.66,21.34,-46.42
4803,08/04/2026 14:54:53,7.68,21.17,-47.81
4804,08/04/2026 15:04:53,7.69,20.91,-48.39
4805,08/04/2026 15:14:53,7.70,20.58,-48.49
4806,08/04/2026 15:24:53,7.71,20.25,-49.27
4807,08/04/2026 15:34:53,7.72,19.75,-49.69
4808,08/04/2026 15:44:53,7.75,19.13,-51.08
4809,08/04/2026 15:54:53,7.75,18.63,-51.16
4810,08/04/2026 16:04:53,7.76,18.18,-51.77
4811,08/04/2026 16:14:53,7.75,17.75,-51.00
4812,08/04/2026 16:24:53,7.73,17.51,-49.67
4813,08/04/2026 16:34:53,7.70,17.46,-48.05
4814,08/04/2026 16:44:53,7.65,17.56,-45.80
4815,08/04/2026 16:54:53,7.69,17.72,-47.64
4816,08/04/2026 17:04:53,7.73,17.91,-49.94
4817,08/04/2026 17:14:53,7.77,19.06,-52.14
4818,08/04/2026 17:24:53,7.78,20.06,-52.85
4819,08/04/2026 17:34:53,7.78,20.82,-53.06
4820,08/04/2026 17:44:53,7.78,20.96,-53.39
4821,08/04/2026 17:54:53,7.79,21.20,-53.91
4822,08/04/2026 18:04:53,7.80,21.32,-54.13
4823,08/04/2026 18:14:53,7.79,21.39,-53.83
4824,08/04/2026 18:24:53,7.78,21.58,-53.30
4825,08/04/2026 18:34:53,7.77,21.87,-52.69
4826,08/04/2026 18:44:53,7.77,22.03,-53.08
4827,08/04/2026 18:54:53,7.76,22.25,-52.45
4828,08/04/2026 19:04:53,7.76,22.42,-52.41
4829,08/04/2026 19:14:53,7.75,22.63,-51.97
4830,08/04/2026 19:24:53,7.75,22.85,-51.81
4831,08/04/2026 19:34:53,7.74,23.06,-51.08
4832,08/04/2026 19:44:53,7.72,23.28,-50.16
4833,08/04/2026 19:54:53,7.70,23.54,-49.19
4834,08/04/2026 20:04:53,7.69,23.66,-48.39
4835,08/04/2026 20:14:53,7.67,23.81,-47.28
4836,08/04/2026 20:24:53,7.64,23.98,-45.70
4837,08/04/2026 20:34:53,7.61,24.12,-44.28
4838,08/04/2026 20:44:53,7.59,24.22,-42.99
4839,08/04/2026 20:54:53,7.56,24.32,-41.30
4840,08/04/2026 21:04:53,7.54,24.32,-40.03
4841,08/04/2026 21:14:53,7.52,24.34,-38.99
4842,08/04/2026 21:24:53,7.50,24.36,-37.95
4843,08/04/2026 21:34:53,7.47,24.39,-35.92
4844,08/04/2026 21:44:53,7.42,24.41,-33.19
4845,08/04/2026 21:54:53,7.39,24.44,-31.56
4846,08/04/2026 22:04:53,7.35,24.48,-29.58
4847,08/04/2026 22:14:53,7.32,24.48,-27.84
4848,08/04/2026 22:24:53,7.29,24.53,-25.91
4849,08/04/2026 22:34:53,7.26,24.53,-24.49
4850,08/04/2026 22:44:53,7.23,24.46,-22.38
4851,08/04/2026 22:54:53,7.20,24.36,-20.94
4852,08/04/2026 23:04:53,7.15,24.34,-18.09
4853,08/04/2026 23:14:53,7.14,24.36,-17.59
4854,08/04/2026 23:24:53,7.13,24.39,-17.11
4855,08/04/2026 23:34:53,7.14,24.44,-17.48
4856,08/04/2026 23:44:53,7.15,24.44,-17.95
4857,08/04/2026 23:54:53,7.16,24.41,-18.86
4858,08/05/2026 00:04:53,7.19,24.39,-20.17
4859,08/05/2026 00:14:53,7.21,24.36,-21.52
4860,08/05/2026 00:24:53,7.26,24.22,-24.06
4861,08/05/2026 00:34:53,7.29,24.03,-26.05
4862,08/05/2026 00:44:53,7.34,23.81,-28.97
4863,08/05/2026 00:54:53,7.39,23.54,-31.78
4864,08/05/2026 01:04:53,7.44,23.42,-34.64
4865,08/05/2026 01:14:53,7.47,23.28,-36.08
4866,08/05/2026 01:24:53,7.49,23.16,-37.27
4867,08/05/2026 01:34:53,7.49,23.11,-37.41
4868,08/05/2026 01:44:53,7.51,23.14,-38.28
4869,08/05/2026 01:54:53,7.54,22.87,-39.84
4870,08/05/2026 02:04:53,7.57,22.51,-41.78
4871,08/05/2026 02:14:53,7.59,22.23,-42.85
4872,08/05/2026 02:24:53,7.62,21.87,-44.63
4873,08/05/2026 02:34:53,7.63,21.63,-45.14
4874,08/05/2026 02:44:53,7.65,21.46,-45.91
4875,08/05/2026 02:54:53,7.66,21.32,-46.33
4876,08/05/2026 03:04:53,7.66,21.17,-46.55
4877,08/05/2026 03:14:53,7.66,21.03,-46.67
4878,08/05/2026 03:24:53,7.65,20.96,-46.13
4879,08/05/2026 03:34:53,7.66,20.89,-46.28
4880,08/05/2026 03:44:53,7.67,20.72,-46.77
4881,08/05/2026 03:54:53,7.66,20.44,-46.47
4882,08/05/2026 04:04:53,7.66,20.20,-46.35
4883,08/05/2026 04:14:53,7.66,19.77,-46.24
4884,08/05/2026 04:24:53,7.65,19.39,-45.53
4885,08/05/2026 04:34:53,7.65,19.08,-45.63
4886,08/05/2026 04:44:53,7.63,18.91,-44.63
4887,08/05/2026 04:54:53,7.58,18.84,-41.63
4888,08/05/2026 05:04:53,7.55,18.87,-40.16
4889,08/05/2026 05:14:53,7.57,18.87,-41.24
4890,08/05/2026 05:24:53,7.63,18.98,-44.60
4891,08/05/2026 05:34:53,7.64,19.39,-45.27
4892,08/05/2026 05:44:53,7.67,19.70,-46.75
4893,08/05/2026 05:54:53,7.68,19.94,-47.44
4894,08/05/2026 06:04:53,7.69,20.20,-47.85
4895,08/05/2026 06:14:53,7.69,20.48,-48.16
4896,08/05/2026 06:24:53,7.69,20.63,-48.38
4897,08/05/2026 06:34:53,7.70,20.72,-48.63
4898,08/05/2026 06:44:53,7.71,20.79,-49.14
4899,08/05/2026 06:54:53,7.71,20.86,-49.06
4900,08/05/2026 07:04:53,7.70,20.96,-48.60
4901,08/05/2026 07:14:53,7.69,21.10,-48.27
4902,08/05/2026 07:24:53,7.70,21.17,-48.56
4903,08/05/2026 07:34:53,7.70,21.34,-48.61
4904,08/05/2026 07:44:53,7.69,21.49,-48.13
4905,08/05/2026 07:54:53,7.68,21.68,-47.81
4906,08/05/2026 08:04:53,7.67,21.77,-47.25
4907,08/05/2026 08:14:53,7.65,21.94,-46.05
4908,08/05/2026 08:24:53,7.63,22.08,-45.11
4909,08/05/2026 08:34:53,7.60,22.23,-43.49
4910,08/05/2026 08:44:53,7.57,22.37,-41.38
4911,08/05/2026 08:54:53,7.54,22.47,-39.99
4912,08/05/2026 09:04:53,7.51,22.58,-38.52
4913,08/05/2026 09:14:53,7.48,22.66,-36.38
4914,08/05/2026 09:24:53,7.46,22.78,-35.69
4915,08/05/2026 09:34:53,7.44,22.87,-34.20
4916,08/05/2026 09:44:53,7.41,23.02,-32.78
4917,08/05/2026 09:54:53,7.39,23.18,-31.72
4918,08/05/2026 10:04:53,7.34,23.33,-29.00
4919,08/05/2026 10:14:53,7.31,23.47,-27.30
4920,08/05/2026 10:24:53,7.30,23.59,-26.72
4921,08/05/2026 10:34:53,7.27,23.74,-25.05
4922,08/05/2026 10:44:53,7.26,23.86,-24.09
4923,08/05/2026 10:54:53,7.23,23.95,-22.45
4924,08/05/2026 11:04:53,7.19,24.03,-20.28
4925,08/05/2026 11:14:53,7.15,24.27,-18.19
4926,08/05/2026 11:24:53,7.19,24.32,-20.41
4927,08/05/2026 11:34:53,7.21,24.39,-21.52
4928,08/05/2026 11:44:53,7.22,24.36,-22.09
4929,08/05/2026 11:54:53,7.23,24.29,-22.66
4930,08/05/2026 12:04:53,7.25,24.24,-23.69
4931,08/05/2026 12:14:53,7.27,24.29,-24.81
4932,08/05/2026 12:24:53,7.28,24.15,-25.49
4933,08/05/2026 12:34:53,7.32,24.15,-27.61
4934,08/05/2026 12:44:53,7.37,24.15,-30.41
4935,08/05/2026 12:54:53,7.45,24.17,-34.94
4936,08/05/2026 13:04:53,7.50,23.98,-37.61
4937,08/05/2026 13:14:53,7.54,23.98,-40.09
4938,08/05/2026 13:24:53,7.58,23.91,-42.22
4939,08/05/2026 13:34:53,7.61,23.79,-44.30
4940,08/05/2026 13:44:53,7.64,23.62,-45.92
4941,08/05/2026 13:54:53,7.66,23.30,-47.08
4942,08/05/2026 14:04:53,7.69,22.87,-48.30
4943,08/05/2026 14:14:53,7.72,22.51,-49.94
4944,08/05/2026 14:24:53,7.73,22.18,-50.63
4945,08/05/2026 14:34:53,7.73,21.89,-50.70
4946,08/05/2026 14:44:53,7.75,21.72,-51.52
4947,08/05/2026 14:54:53,7.77,21.56,-52.67
4948,08/05/2026 15:04:53,7.78,21.46,-53.05
4949,08/05/2026 15:14:53,7.78,21.44,-53.08
4950,08/05/2026 15:24:53,7.77,21.41,-52.83
4951,08/05/2026 15:34:53,7.78,21.34,-53.31
4952,08/05/2026 15:44:53,7.79,21.13,-53.72
4953,08/05/2026 15:54:53,7.78,20.86,-53.47
4954,08/05/2026 16:04:53,7.79,20.60,-53.92
4955,08/05/2026 16:14:53,7.82,20.27,-55.08
4956,08/05/2026 16:24:53,7.82,19.86,-55.30
4957,08/05/2026 16:34:53,7.82,19.58,-55.25
4958,08/05/2026 16:44:53,7.82,19.41,-55.45
4959,08/05/2026 16:54:53,7.83,19.22,-55.64
4960,08/05/2026 17:04:53,7.81,19.13,-54.67
4961,08/05/2026 17:14:53,7.78,19.01,-53.17
4962,08/05/2026 17:24:53,7.73,18.96,-50.11
4963,08/05/2026 17:34:53,7.72,18.96,-49.60
4964,08/05/2026 17:44:53,7.77,18.96,-52.52
4965,08/05/2026 17:54:53,7.81,19.08,-54.61
4966,08/05/2026 18:04:53,7.84,19.39,-56.52
4967,08/05/2026 18:14:53,7.84,20.46,-56.50
4968,08/05/2026 18:24:53,7.85,20.84,-57.22
4969,08/05/2026 18:34:53,7.85,21.01,-57.11
4970,08/05/2026 18:44:53,7.84,21.08,-56.72
4971,08/05/2026 18:54:53,7.84,21.10,-56.47
4972,08/05/2026 19:04:53,7.84,21.34,-56.53
4973,08/05/2026 19:14:53,7.83,21.51,-56.19
4974,08/05/2026 19:24:53,7.84,21.68,-56.41
4975,08/05/2026 19:34:53,7.83,21.82,-56.35
4976,08/05/2026 19:44:53,7.84,22.01,-56.72
4977,08/05/2026 19:54:53,7.84,22.23,-56.52
4978,08/05/2026 20:04:53,7.83,22.54,-56.24
4979,08/05/2026 20:14:53,7.81,22.78,-55.16
4980,08/05/2026 20:24:53,7.80,22.94,-54.56
4981,08/05/2026 20:34:53,7.79,23.11,-53.99
4982,08/05/2026 20:44:53,7.77,23.38,-52.94
4983,08/05/2026 20:54:53,7.76,23.50,-52.58
4984,08/05/2026 21:04:53,7.74,23.69,-51.35
4985,08/05/2026 21:14:53,7.71,23.91,-49.77
4986,08/05/2026 21:24:53,7.69,24.07,-48.52
4987,08/05/2026 21:34:53,7.66,24.22,-46.81
4988,08/05/2026 21:44:53,7.65,24.29,-46.22
4989,08/05/2026 21:54:53,7.63,24.34,-45.33
4990,08/05/2026 22:04:53,7.61,24.41,-44.14
4991,08/05/2026 22:14:53,7.58,24.46,-42.36
4992,08/05/2026 22:24:53,7.55,24.53,-40.92
4993,08/05/2026 22:34:53,7.52,24.60,-38.84
4994,08/05/2026 22:44:53,7.48,24.68,-36.97
4995,08/05/2026 22:54:53,7.45,24.75,-35.31
4996,08/05/2026 23:04:53,7.42,24.80,-33.64
4997,08/05/2026 23:14:53,7.38,24.82,-30.95
4998,08/05/2026 23:24:53,7.34,24.85,-28.95
4999,08/05/2026 23:34:53,7.29,24.87,-25.80
5000,08/05/2026 23:44:53,7.25,24.87,-23.66
5001,08/05/2026 23:54:53,7.20,24.80,-20.80
5002,08/06/2026 00:04:53,7.22,24.75,-21.89
5003,08/06/2026 00:14:53,7.22,24.77,-22.36
5004,08/06/2026 00:24:53,7.23,24.80,-22.42
5005,08/06/2026 00:34:53,7.24,24.82,-23.14
5006,08/06/2026 00:44:53,7.26,24.82,-24.47
5007,08/06/2026 00:54:53,7.28,24.77,-25.72
5008,08/06/2026 01:04:53,7.31,24.73,-27.45
5009,08/06/2026 01:14:53,7.36,24.53,-30.13
5010,08/06/2026 01:24:53,7.45,24.27,-35.28
5011,08/06/2026 01:34:53,7.51,24.10,-38.44
5012,08/06/2026 01:44:53,7.53,23.93,-39.34
5013,08/06/2026 01:54:53,7.56,23.76,-41.03
5014,08/06/2026 02:04:53,7.58,23.64,-42.61
5015,08/06/2026 02:14:53,7.60,23.50,-43.58
5016,08/06/2026 02:24:53,7.60,23.42,-43.33
5017,08/06/2026 02:34:53,7.61,23.40,-43.81
5018,08/06/2026 02:44:53,7.63,23.33,-45.11
5019,08/06/2026 02:54:53,7.66,23.04,-46.53
5020,08/06/2026 03:04:53,7.69,22.70,-48.66
5021,08/06/2026 03:14:53,7.70,22.44,-49.08
5022,08/06/2026 03:24:53,7.71,22.15,-49.69
5023,08/06/2026 03:34:53,7.73,21.99,-50.41
5024,08/06/2026 03:44:53,7.73,21.89,-50.56
5025,08/06/2026 03:54:53,7.74,21.75,-51.13
5026,08/06/2026 04:04:53,7.75,21.63,-51.61
5027,08/06/2026 04:14:53,7.76,21.53,-51.95
5028,08/06/2026 04:24:53,7.76,21.51,-51.99
5029,08/06/2026 04:34:53,7.76,21.46,-52.31
5030,08/06/2026 04:44:53,7.77,21.34,-52.78
5031,08/06/2026 04:54:53,7.78,21.10,-53.24
5032,08/06/2026 05:04:53,7.78,20.98,-53.33
5033,08/06/2026 05:14:53,7.78,20.91,-53.11
5034,08/06/2026 05:24:53,7.76,20.77,-52.28
5035,08/06/2026 05:34:53,7.73,20.67,-50.61
5036,08/06/2026 05:44:53,7.66,20.63,-46.55
5037,08/06/2026 05:54:53,7.61,20.58,-43.64
5038,08/06/2026 06:04:53,7.67,20.58,-46.86
5039,08/06/2026 06:14:53,7.71,20.63,-49.42
5040,08/06/2026 06:24:53,7.73,20.77,-50.50
5041,08/06/2026 06:34:53,7.74,20.94,-51.10
5042,08/06/2026 06:44:53,7.75,20.98,-51.28
5043,08/06/2026 06:54:53,7.75,21.10,-51.83
5044,08/06/2026 07:04:53,7.75,21.20,-51.61
5045,08/06/2026 07:14:53,7.75,21.34,-51.88
5046,08/06/2026 07:24:53,7.77,21.46,-52.50
5047,08/06/2026 07:34:53,7.76,21.53,-52.41
5048,08/06/2026 07:44:53,7.76,21.60,-52.35
5049,08/06/2026 07:54:53,7.76,21.72,-52.08
5050,08/06/2026 08:04:53,7.76,21.82,-52.17
5051,08/06/2026 08:14:53,7.75,21.99,-51.55
5052,08/06/2026 08:24:53,7.74,22.11,-51.42
5053,08/06/2026 08:34:53,7.74,22.30,-50.99
5054,08/06/2026 08:44:53,7.74,22.49,-51.06
5055,08/06/2026 08:54:53,7.72,22.68,-50.36
5056,08/06/2026 09:04:53,7.72,22.85,-49.86
5057,08/06/2026 09:14:53,7.70,22.99,-48.83
5058,08/06/2026 09:24:53,7.67,23.11,-47.63
5059,08/06/2026 09:34:53,7.65,23.28,-46.28
5060,08/06/2026 09:44:53,7.63,23.42,-45.05
5061,08/06/2026 09:54:53,7.60,23.59,-43.74
5062,08/06/2026 10:04:53,7.59,23.69,-42.85
5063,08/06/2026 10:14:53,7.56,23.79,-41.30
5064,08/06/2026 10:24:53,7.54,23.88,-40.38
5065,08/06/2026 10:34:53,7.53,23.98,-39.31
5066,08/06/2026 10:44:53,7.51,24.12,-38.16
5067,08/06/2026 10:54:53,7.48,24.32,-36.70
5068,08/06/2026 11:04:53,7.44,24.48,-34.72
5069,08/06/2026 11:14:53,7.41,24.68,-32.58
5070,08/06/2026 11:24:53,7.39,24.80,-31.74
5071,08/06/2026 11:34:53,7.37,24.94,-30.69
5072,08/06/2026 11:44:53,7.31,25.09,-27.22
5073,08/06/2026 11:54:53,7.27,25.53,-24.97
5074,08/06/2026 12:04:53,7.28,25.57,-25.47
5075,08/06/2026 12:14:53,7.32,25.48,-27.58
5076,08/06/2026 12:24:53,7.32,25.50,-27.74
5077,08/06/2026 12:34:53,7.33,25.43,-28.44
5078,08/06/2026 12:44:53,7.35,25.23,-29.49
5079,08/06/2026 12:54:53,7.36,25.38,-30.27
5080,08/06/2026 13:04:53,7.39,25.45,-31.70
5081,08/06/2026 13:14:53,7.42,25.36,-33.59
5082,08/06/2026 13:24:53,7.47,25.23,-36.11
5083,08/06/2026 13:34:53,7.54,25.21,-40.22
5084,08/06/2026 13:44:53,7.61,25.16,-44.36
5085,08/06/2026 13:54:53,7.66,24.85,-46.97
5086,08/06/2026 14:04:53,7.70,24.85,-49.14
5087,08/06/2026 14:14:53,7.71,24.75,-49.67
5088,08/06/2026 14:24:53,7.73,24.63,-51.02
5089,08/06/2026 14:34:53,7.74,24.27,-51.67
5090,08/06/2026 14:44:53,7.75,23.91,-51.74
5091,08/06/2026 14:54:53,7.76,23.52,-52.49
5092,08/06/2026 15:04:53,7.77,23.21,-53.14
5093,08/06/2026 15:14:53,7.79,22.94,-54.16
5094,08/06/2026 15:24:53,7.80,22.70,-54.39
5095,08/06/2026 15:34:53,7.81,22.51,-54.91
5096,08/06/2026 15:44:53,7.81,22.47,-54.88
5097,08/06/2026 15:54:53,7.81,22.42,-54.97
5098,08/06/2026 16:04:53,7.81,22.44,-55.24
5099,08/06/2026 16:14:53,7.81,22.42,-55.17
5100,08/06/2026 16:24:53,7.81,22.32,-55.19
5101,08/06/2026 16:34:53,7.82,22.20,-55.55
5102,08/06/2026 16:44:53,7.83,22.03,-56.13
5103,08/06/2026 16:54:53,7.84,21.80,-56.70
5104,08/06/2026 17:04:53,7.86,21.53,-57.64
5105,08/06/2026 17:14:53,7.87,20.98,-58.22
5106,08/06/2026 17:24:53,7.88,20.56,-58.75
5107,08/06/2026 17:34:53,7.88,20.34,-58.60
5108,08/06/2026 17:44:53,7.89,19.96,-58.94
5109,08/06/2026 17:54:53,7.88,19.77,-58.44
5110,08/06/2026 18:04:53,7.84,19.58,-56.24
5111,08/06/2026 18:14:53,7.79,19.34,-53.78
5112,08/06/2026 18:24:53,7.76,19.20,-51.72
5113,08/06/2026 18:34:53,7.81,19.10,-54.80
5114,08/06/2026 18:44:53,7.83,19.10,-55.47
5115,08/06/2026 18:54:53,7.87,19.75,-57.83
5116,08/06/2026 19:04:53,7.89,20.39,-59.06
5117,08/06/2026 19:14:53,7.90,21.03,-59.97
5118,08/06/2026 19:24:53,7.91,21.44,-60.36
5119,08/06/2026 19:34:53,7.90,21.77,-60.10
5120,08/06/2026 19:44:53,7.89,22.03,-59.61
5121,08/06/2026 19:54:53,7.87,22.35,-58.47
5122,08/06/2026 20:04:53,7.85,22.51,-57.17
5123,08/06/2026 20:14:53,7.84,22.63,-56.61
5124,08/06/2026 20:24:53,7.81,22.78,-55.19
5125,08/06/2026 20:34:53,7.79,22.94,-53.88
5126,08/06/2026 20:44:53,7.77,23.11,-52.81
5127,08/06/2026 20:54:53,7.75,23.30,-52.16
5128,08/06/2026 21:04:53,7.74,23.42,-51.27
5129,08/06/2026 21:14:53,7.72,23.59,-50.35
5130,08/06/2026 21:24:53,7.71,23.76,-49.74
5131,08/06/2026 21:34:53,7.68,24.00,-48.08
5132,08/06/2026 21:44:53,7.67,24.10,-47.41
5133,08/06/2026 21:54:53,7.65,24.24,-46.36
5134,08/06/2026 22:04:53,7.62,24.41,-44.42
5135,08/06/2026 22:14:53,7.61,24.56,-43.94
5136,08/06/2026 22:24:53,7.58,24.70,-42.45
5137,08/06/2026 22:34:53,7.56,24.87,-41.28
5138,08/06/2026 22:44:53,7.53,25.02,-39.74
5139,08/06/2026 22:54:53,7.50,25.14,-37.84
5140,08/06/2026 23:04:53,7.47,25.23,-36.47
5141,08/06/2026 23:14:53,7.45,25.28,-35.00
5142,08/06/2026 23:24:53,7.42,25.36,-33.55
5143,08/06/2026 23:34:53,7.40,25.45,-32.09
5144,08/06/2026 23:44:53,7.37,25.55,-30.50
5145,08/06/2026 23:54:53,7.34,25.65,-28.89
5146,08/07/2026 00:04:53,7.31,25.74,-27.27
5147,08/07/2026 00:14:53,7.29,25.82,-25.88
5148,08/07/2026 00:24:53,7.25,25.87,-24.05
5149,08/07/2026 00:34:53,7.22,25.91,-22.20
5150,08/07/2026 00:44:53,7.19,25.89,-20.44
5151,08/07/2026 00:54:53,7.15,25.77,-18.31
5152,08/07/2026 01:04:53,7.17,25.84,-19.19
5153,08/07/2026 01:14:53,7.17,25.84,-19.23
5154,08/07/2026 01:24:53,7.18,25.87,-19.59
5155,08/07/2026 01:34:53,7.18,25.89,-20.05
5156,08/07/2026 01:44:53,7.20,25.87,-20.83
5157,08/07/2026 01:54:53,7.22,25.82,-21.97
5158,08/07/2026 02:04:53,7.25,25.74,-23.63
5159,08/07/2026 02:14:53,7.31,25.45,-27.14
5160,08/07/2026 02:24:53,7.41,25.14,-33.09
5161,08/07/2026 02:34:53,7.47,24.99,-36.02
5162,08/07/2026 02:44:53,7.50,24.82,-37.69
5163,08/07/2026 02:54:53,7.53,24.65,-39.89
5164,08/07/2026 03:04:53,7.55,24.56,-40.53
5165,08/07/2026 03:14:53,7.55,24.46,-40.64
5166,08/07/2026 03:24:53,7.54,24.41,-40.11
5167,08/07/2026 03:34:53,7.54,24.39,-40.41
5168,08/07/2026 03:44:53,7.57,24.29,-41.88
5169,08/07/2026 03:54:53,7.60,24.00,-43.47
5170,08/07/2026 04:04:53,7.63,23.76,-45.08
5171,08/07/2026 04:14:53,7.65,23.54,-46.24
5172,08/07/2026 04:24:53,7.66,23.23,-46.89
5173,08/07/2026 04:34:53,7.69,23.04,-48.39
5174,08/07/2026 04:44:53,7.71,22.90,-49.36
5175,08/07/2026 04:54:53,7.71,22.80,-49.50
5176,08/07/2026 05:04:53,7.72,22.68,-50.25
5177,08/07/2026 05:14:53,7.72,22.63,-50.17
5178,08/07/2026 05:24:53,7.73,22.51,-50.47
5179,08/07/2026 05:34:53,7.73,22.49,-50.66
5180,08/07/2026 05:44:53,7.72,22.47,-49.80
5181,08/07/2026 05:54:53,7.71,22.30,-49.72
5182,08/07/2026 06:04:53,7.70,22.08,-49.11
5183,08/07/2026 06:14:53,7.71,21.91,-49.38
5184,08/07/2026 06:24:53,7.69,21.75,-48.13
5185,08/07/2026 06:34:53,7.65,21.49,-46.22
5186,08/07/2026 06:44:53,7.59,21.27,-42.49
5187,08/07/2026 06:54:53,7.60,21.25,-43.06
5188,08/07/2026 07:04:53,7.64,21.29,-45.52
5189,08/07/2026 07:14:53,7.66,21.49,-46.33
5190,08/07/2026 07:24:53,7.67,21.68,-47.11
5191,08/07/2026 07:34:53,7.68,21.89,-47.52
5192,08/07/2026 07:44:53,7.68,22.03,-47.67
5193,08/07/2026 07:54:53,7.68,22.20,-47.66
5194,08/07/2026 08:04:53,7.68,22.49,-47.83
5195,08/07/2026 08:14:53,7.68,22.54,-47.83
5196,08/07/2026 08:24:53,7.68,22.63,-47.85
5197,08/07/2026 08:34:53,7.68,22.73,-47.94
5198,08/07/2026 08:44:53,7.69,22.80,-48.17
5199,08/07/2026 08:54:53,7.69,22.94,-48.70
5200,08/07/2026 09:04:53,7.71,23.06,-49.35
5201,08/07/2026 09:14:53,7.70,23.26,-49.33
5202,08/07/2026 09:24:53,7.71,23.40,-49.47
5203,08/07/2026 09:34:53,7.70,23.57,-49.00
5204,08/07/2026 09:44:53,7.68,23.76,-48.24
5205,08/07/2026 09:54:53,7.67,23.95,-47.61
5206,08/07/2026 10:04:53,7.67,24.17,-47.20
5207,08/07/2026 10:14:53,7.65,24.39,-46.14
5208,08/07/2026 10:24:53,7.63,24.60,-45.36
5209,08/07/2026 10:34:53,7.61,24.82,-44.33
5210,08/07/2026 10:44:53,7.59,24.99,-42.85
5211,08/07/2026 10:54:53,7.57,25.16,-41.88
5212,08/07/2026 11:04:53,7.55,25.33,-40.56
5213,08/07/2026 11:14:53,7.53,25.53,-39.66
5214,08/07/2026 11:24:53,7.50,25.70,-38.30
5215,08/07/2026 11:34:53,7.48,25.87,-37.16
5216,08/07/2026 11:44:53,7.47,26.04,-36.13
5217,08/07/2026 11:54:53,7.47,26.21,-36.39
5218,08/07/2026 12:04:53,7.43,26.35,-34.16
5219,08/07/2026 12:14:53,7.39,26.55,-31.92
5220,08/07/2026 12:24:53,7.36,26.72,-30.08
5221,08/07/2026 12:34:53,7.31,26.87,-27.31
5222,08/07/2026 12:44:53,7.26,27.01,-24.63
5223,08/07/2026 12:54:53,7.24,27.21,-23.09
5224,08/07/2026 13:04:53,7.30,27.23,-26.59
5225,08/07/2026 13:14:53,7.32,27.28,-27.78
5226,08/07/2026 13:24:53,7.32,27.41,-28.05
5227,08/07/2026 13:34:53,7.35,27.28,-29.56
5228,08/07/2026 13:44:53,7.36,27.11,-29.94
5229,08/07/2026 13:54:53,7.39,27.21,-31.83
5230,08/07/2026 14:04:53,7.42,27.31,-33.53
5231,08/07/2026 14:14:53,7.46,27.28,-36.16
5232,08/07/2026 14:24:53,7.53,27.14,-39.86
5233,08/07/2026 14:34:53,7.61,26.84,-44.17
5234,08/07/2026 14:44:53,7.65,26.45,-46.88
5235,08/07/2026 14:54:53,7.69,26.48,-49.00
5236,08/07/2026 15:04:53,7.72,26.35,-50.72
5237,08/07/2026 15:14:53,7.73,26.35,-51.38
5238,08/07/2026 15:24:53,7.74,26.13,-51.77
5239,08/07/2026 15:34:53,7.76,25.72,-53.00
5240,08/07/2026 15:44:53,7.78,25.21,-53.78
5241,08/07/2026 15:54:53,7.79,24.94,-54.47
5242,08/07/2026 16:04:53,7.81,24.70,-55.27
5243,08/07/2026 16:14:53,7.82,24.41,-56.00
5244,08/07/2026 16:24:53,7.83,24.07,-56.41
5245,08/07/2026 16:34:53,7.84,23.86,-56.86
5246,08/07/2026 16:44:53,7.84,23.86,-57.14
5247,08/07/2026 16:54:53,7.84,23.81,-57.08
5248,08/07/2026 17:04:53,7.84,23.76,-57.30
5249,08/07/2026 17:14:53,7.85,23.59,-57.35
5250,08/07/2026 17:24:53,7.85,23.42,-57.77
5251,08/07/2026 17:34:53,7.86,23.18,-58.03
5252,08/07/2026 17:44:53,7.87,22.97,-58.66
5253,08/07/2026 17:54:53,7.89,22.70,-59.63
5254,08/07/2026 18:04:53,7.90,22.27,-60.03
5255,08/07/2026 18:14:53,7.92,21.65,-60.95
5256,08/07/2026 18:24:53,7.92,21.37,-61.28
5257,08/07/2026 18:34:53,7.92,21.03,-61.13
5258,08/07/2026 18:44:53,7.92,20.56,-60.86
5259,08/07/2026 18:54:53,7.90,20.08,-59.58
5260,08/07/2026 19:04:53,7.87,19.86,-58.16
5261,08/07/2026 19:14:53,7.82,19.70,-55.38
5262,08/07/2026 19:24:53,7.75,19.65,-51.14
5263,08/07/2026 19:34:53,7.78,19.60,-52.88
5264,08/07/2026 19:44:53,7.83,19.63,-55.61
5265,08/07/2026 19:54:53,7.82,20.32,-55.49
5266,08/07/2026 20:04:53,7.87,21.08,-58.17
5267,08/07/2026 20:14:53,7.88,21.89,-58.81
5268,08/07/2026 20:24:53,7.87,22.23,-58.64
5269,08/07/2026 20:34:53,7.87,22.47,-58.58
5270,08/07/2026 20:44:53,7.86,22.85,-57.97
5271,08/07/2026 20:54:53,7.84,23.23,-57.19
5272,08/07/2026 21:04:53,7.84,23.40,-56.95
5273,08/07/2026 21:14:53,7.83,23.59,-56.45
5274,08/07/2026 21:24:53,7.81,23.81,-55.08
5275,08/07/2026 21:34:53,7.79,24.10,-54.05
5276,08/07/2026 21:44:53,7.78,24.17,-53.49
5277,08/07/2026 21:54:53,7.76,24.32,-52.39
5278,08/07/2026 22:04:53,7.73,24.53,-50.89
5279,08/07/2026 22:14:53,7.72,24.65,-50.17
5280,08/07/2026 22:24:53,7.70,24.85,-49.05
5281,08/07/2026 22:34:53,7.68,24.99,-48.08
5282,08/07/2026 22:44:53,7.64,25.21,-46.13
5283,08/07/2026 22:54:53,7.62,25.36,-44.89
5284,08/07/2026 23:04:53,7.60,25.53,-43.70
5285,08/07/2026 23:14:53,7.57,25.70,-42.13
5286,08/07/2026 23:24:53,7.54,25.84,-40.08
5287,08/07/2026 23:34:53,7.51,25.99,-38.45
5288,08/07/2026 23:44:53,7.48,26.13,-36.78
5289,08/07/2026 23:54:53,7.45,26.26,-35.20
5290,08/08/2026 00:04:53,7.43,26.35,-34.14
5291,08/08/2026 00:14:53,7.40,26.43,-32.20
5292,08/08/2026 00:24:53,7.36,26.50,-30.30
5293,08/08/2026 00:34:53,7.35,26.57,-29.52
5294,08/08/2026 00:44:53,7.33,26.67,-28.53
5295,08/08/2026 00:54:53,7.31,26.82,-27.09
5296,08/08/2026 01:04:53,7.28,26.92,-25.70
5297,08/08/2026 01:14:53,7.25,27.01,-24.08
5298,08/08/2026 01:24:53,7.23,27.09,-22.72
5299,08/08/2026 01:34:53,7.21,27.16,-21.50
5300,08/08/2026 01:44:53,7.18,27.16,-19.94
5301,08/08/2026 01:54:53,7.14,27.01,-17.55
5302,08/08/2026 02:04:53,7.11,27.06,-16.13
5303,08/08/2026 02:14:53,7.11,27.11,-16.17
5304,08/08/2026 02:24:53,7.09,27.21,-14.72
5305,08/08/2026 02:34:53,7.11,27.14,-15.98
5306,08/08/2026 02:44:53,7.12,27.09,-16.41
5307,08/08/2026 02:54:53,7.14,27.06,-17.34
5308,08/08/2026 03:04:53,7.15,26.94,-18.28
5309,08/08/2026 03:14:53,7.16,26.99,-18.84
5310,08/08/2026 03:24:53,7.20,26.79,-21.16
5311,08/08/2026 03:34:53,7.31,26.50,-27.34
5312,08/08/2026 03:44:53,7.39,26.28,-32.05
5313,08/08/2026 03:54:53,7.43,26.11,-33.95
5314,08/08/2026 04:04:53,7.46,25.89,-35.92
5315,08/08/2026 04:14:53,7.47,25.72,-36.22
5316,08/08/2026 04:24:53,7.48,25.65,-36.67
5317,08/08/2026 04:34:53,7.48,25.57,-36.83
5318,08/08/2026 04:44:53,7.49,25.53,-37.20
5319,08/08/2026 04:54:53,7.52,25.38,-39.02
5320,08/08/2026 05:04:53,7.54,25.19,-40.45
5321,08/08/2026 05:14:53,7.56,24.97,-41.60
5322,08/08/2026 05:24:53,7.60,24.73,-43.36
5323,08/08/2026 05:34:53,7.62,24.39,-44.69
5324,08/08/2026 05:44:53,7.63,24.12,-45.42
5325,08/08/2026 05:54:53,7.65,23.95,-46.30
5326,08/08/2026 06:04:53,7.67,23.79,-47.67
5327,08/08/2026 06:14:53,7.68,23.59,-48.10
5328,08/08/2026 06:24:53,7.68,23.50,-48.22
5329,08/08/2026 06:34:53,7.69,23.45,-48.56
5330,08/08/2026 06:44:53,7.70,23.42,-49.08
5331,08/08/2026 06:54:53,7.70,23.23,-49.13
5332,08/08/2026 07:04:53,7.71,23.04,-49.64
5333,08/08/2026 07:14:53,7.70,22.87,-49.27
5334,08/08/2026 07:24:53,7.67,22.44,-47.25
5335,08/08/2026 07:34:53,7.69,21.99,-48.17
5336,08/08/2026 07:44:53,7.66,21.84,-46.75
5337,08/08/2026 07:54:53,7.61,21.82,-43.70
5338,08/08/2026 08:04:53,7.61,21.87,-44.00
5339,08/08/2026 08:14:53,7.63,21.91,-45.08
5340,08/08/2026 08:24:53,7.64,21.99,-45.45
5341,08/08/2026 08:34:53,7.64,22.35,-45.81
5342,08/08/2026 08:44:53,7.65,22.61,-46.30
5343,08/08/2026 08:54:53,7.64,23.02,-45.52
5344,08/08/2026 09:04:53,7.65,23.21,-45.99
5345,08/08/2026 09:14:53,7.67,23.54,-47.25
5346,08/08/2026 09:24:53,7.66,23.64,-46.60
5347,08/08/2026 09:34:53,7.66,23.74,-46.74
5348,08/08/2026 09:44:53,7.66,23.91,-46.86
5349,08/08/2026 09:54:53,7.65,24.05,-46.27
5350,08/08/2026 10:04:53,7.65,24.24,-46.49
5351,08/08/2026 10:14:53,7.64,24.48,-46.06
5352,08/08/2026 10:24:53,7.64,24.65,-45.63
5353,08/08/2026 10:34:53,7.63,24.92,-45.44
5354,08/08/2026 10:44:53,7.63,25.09,-45.20
5355,08/08/2026 10:54:53,7.62,25.31,-45.06
5356,08/08/2026 11:04:53,7.63,25.53,-45.50
5357,08/08/2026 11:14:53,7.62,25.72,-44.66
5358,08/08/2026 11:24:53,7.60,25.91,-43.91
5359,08/08/2026 11:34:53,7.58,26.11,-42.38
5360,08/08/2026 11:44:53,7.56,26.30,-41.56
5361,08/08/2026 11:54:53,7.53,26.50,-40.06
5362,08/08/2026 12:04:53,7.52,26.65,-39.42
5363,08/08/2026 12:14:53,7.52,26.79,-39.34
5364,08/08/2026 12:24:53,7.50,26.96,-38.39
5365,08/08/2026 12:34:53,7.49,27.09,-37.53
5366,08/08/2026 12:44:53,7.47,27.23,-36.49
5367,08/08/2026 12:54:53,7.45,27.43,-35.39
5368,08/08/2026 13:04:53,7.44,27.58,-34.63
5369,08/08/2026 13:14:53,7.42,27.70,-33.52
5370,08/08/2026 13:24:53,7.39,27.80,-31.66
5371,08/08/2026 13:34:53,7.34,27.90,-29.05
5372,08/08/2026 13:44:53,7.32,28.02,-28.11
5373,08/08/2026 13:54:53,7.28,28.10,-25.58
5374,08/08/2026 14:04:53,7.24,28.30,-23.53
5375,08/08/2026 14:14:53,7.26,28.27,-24.58
5376,08/08/2026 14:24:53,7.30,28.30,-26.58
5377,08/08/2026 14:34:53,7.30,28.17,-26.66
5378,08/08/2026 14:44:53,7.31,28.10,-27.41
5379,08/08/2026 14:54:53,7.33,28.07,-28.53
5380,08/08/2026 15:04:53,7.36,28.00,-30.06
5381,08/08/2026 15:14:53,7.41,27.78,-32.91
5382,08/08/2026 15:24:53,7.51,27.55,-38.78
5383,08/08/2026 15:34:53,7.59,27.60,-43.38
5384,08/08/2026 15:44:53,7.68,27.43,-48.27
5385,08/08/2026 15:54:53,7.73,27.16,-51.10
5386,08/08/2026 16:04:53,7.73,27.26,-51.30
5387,08/08/2026 16:14:53,7.72,27.21,-50.80
5388,08/08/2026 16:24:53,7.74,26.96,-51.58
5389,08/08/2026 16:34:53,7.74,26.65,-51.97
5390,08/08/2026 16:44:53,7.78,25.99,-53.89
5391,08/08/2026 16:54:53,7.80,25.72,-54.94
5392,08/08/2026 17:04:53,7.80,25.55,-54.91
5393,08/08/2026 17:14:53,7.81,25.33,-55.42
5394,08/08/2026 17:24:53,7.83,24.99,-56.81
5395,08/08/2026 17:34:53,7.84,24.75,-57.41
5396,08/08/2026 17:44:53,7.85,24.60,-57.47
5397,08/08/2026 17:54:53,7.85,24.48,-57.69
5398,08/08/2026 18:04:53,7.85,24.29,-57.63
5399,08/08/2026 18:14:53,7.86,23.95,-57.99
5400,08/08/2026 18:24:53,7.86,23.57,-58.28
5401,08/08/2026 18:34:53,7.87,23.11,-58.66
5402,08/08/2026 18:44:53,7.88,22.70,-59.14
5403,08/08/2026 18:54:53,7.88,22.39,-59.24
5404,08/08/2026 19:04:53,7.90,21.94,-60.11
5405,08/08/2026 19:14:53,7.90,21.32,-60.08
5406,08/08/2026 19:24:53,7.90,20.72,-60.14
5407,08/08/2026 19:34:53,7.91,20.48,-60.56
5408,08/08/2026 19:44:53,7.90,20.25,-60.03
5409,08/08/2026 19:54:53,7.90,19.94,-59.88
5410,08/08/2026 20:04:53,7.89,19.70,-59.36
5411,08/08/2026 20:14:53,7.88,19.44,-58.45
5412,08/08/2026 20:24:53,7.82,19.29,-55.10
5413,08/08/2026 20:34:53,7.80,19.17,-54.11
5414,08/08/2026 20:44:53,7.74,19.10,-50.78
5415,08/08/2026 20:54:53,7.81,19.03,-54.58
5416,08/08/2026 21:04:53,7.87,19.17,-58.16
5417,08/08/2026 21:14:53,7.90,19.84,-59.81
5418,08/08/2026 21:24:53,7.90,20.48,-60.00
5419,08/08/2026 21:34:53,7.90,21.08,-59.86
5420,08/08/2026 21:44:53,7.88,21.72,-58.67
5421,08/08/2026 21:54:53,7.86,22.35,-58.00
5422,08/08/2026 22:04:53,7.86,22.80,-57.94
5423,08/08/2026 22:14:53,7.84,23.16,-56.97
5424,08/08/2026 22:24:53,7.80,23.69,-54.88
5425,08/08/2026 22:34:53,7.78,24.03,-53.60
5426,08/08/2026 22:44:53,7.76,24.27,-52.35
5427,08/08/2026 22:54:53,7.74,24.29,-51.50
5428,08/08/2026 23:04:53,7.70,24.58,-48.99
5429,08/08/2026 23:14:53,7.68,24.70,-48.31
5430,08/08/2026 23:24:53,7.65,24.85,-46.39
5431,08/08/2026 23:34:53,7.63,24.99,-45.36
5432,08/08/2026 23:44:53,7.59,25.06,-42.81
5433,08/08/2026 23:54:53,7.57,25.19,-41.88
5434,08/09/2026 00:04:53,7.55,25.23,-40.61
5435,08/09/2026 00:14:53,7.52,25.43,-39.00
5436,08/09/2026 00:24:53,7.48,25.53,-37.00
5437,08/09/2026 00:34:53,7.46,25.65,-35.56
5438,08/09/2026 00:44:53,7.42,25.77,-33.67
5439,08/09/2026 00:54:53,7.39,25.89,-31.92
5440,08/09/2026 01:04:53,7.35,25.96,-29.55
5441,08/09/2026 01:14:53,7.31,26.04,-27.25
5442,08/09/2026 01:24:53,7.26,26.11,-24.64
5443,08/09/2026 01:34:53,7.26,26.18,-24.27
5444,08/09/2026 01:44:53,7.23,26.28,-22.78
5445,08/09/2026 01:54:53,7.20,26.38,-21.16
5446,08/09/2026 02:04:53,7.18,26.45,-19.70
5447,08/09/2026 02:14:53,7.15,26.55,-18.41
5448,08/09/2026 02:24:53,7.13,26.60,-16.89
5449,08/09/2026 02:34:53,7.10,26.65,-15.59
5450,08/09/2026 02:44:53,7.09,26.67,-14.48
5451,08/09/2026 02:54:53,7.07,26.70,-13.69
5452,08/09/2026 03:04:53,7.05,26.57,-12.45
5453,08/09/2026 03:14:53,7.03,26.50,-11.55
5454,08/09/2026 03:24:53,7.03,26.50,-11.50
5455,08/09/2026 03:34:53,7.04,26.52,-11.72
5456,08/09/2026 03:44:53,7.04,26.57,-11.70
5457,08/09/2026 03:54:53,7.04,26.62,-11.78
5458,08/09/2026 04:04:53,7.05,26.62,-12.59
5459,08/09/2026 04:14:53,7.06,26.60,-13.09
5460,08/09/2026 04:24:53,7.08,26.52,-14.34
5461,08/09/2026 04:34:53,7.22,26.33,-21.95
5462,08/09/2026 04:44:53,7.32,26.30,-27.91
5463,08/09/2026 04:54:53,7.38,26.13,-30.97
5464,08/09/2026 05:04:53,7.42,25.99,-33.30
5465,08/09/2026 05:14:53,7.43,25.79,-34.16
5466,08/09/2026 05:24:53,7.44,25.70,-34.84
5467,08/09/2026 05:34:53,7.46,25.53,-35.59
5468,08/09/2026 05:44:53,7.44,25.38,-34.80
5469,08/09/2026 05:54:53,7.44,25.38,-34.70
5470,08/09/2026 06:04:53,7.47,25.16,-36.53
5471,08/09/2026 06:14:53,7.51,24.90,-38.42
5472,08/09/2026 06:24:53,7.55,24.65,-40.67
5473,08/09/2026 06:34:53,7.56,24.32,-41.38
5474,08/09/2026 06:44:53,7.59,24.10,-42.77
5475,08/09/2026 06:54:53,7.61,23.95,-43.92
5476,08/09/2026 07:04:53,7.62,23.86,-44.88
5477,08/09/2026 07:14:53,7.63,23.71,-45.39
5478,08/09/2026 07:24:53,7.64,23.52,-45.89
5479,08/09/2026 07:34:53,7.65,23.45,-46.02
5480,08/09/2026 07:44:53,7.64,23.45,-45.95
5481,08/09/2026 07:54:53,7.65,23.28,-46.50
5482,08/09/2026 08:04:53,7.68,22.99,-47.91
5483,08/09/2026 08:14:53,7.66,22.73,-46.95
5484,08/09/2026 08:24:53,7.66,22.06,-46.78
5485,08/09/2026 08:34:53,7.67,21.44,-47.00
5486,08/09/2026 08:44:53,7.66,20.91,-46.63
5487,08/09/2026 08:54:53,7.61,20.67,-43.44
5488,08/09/2026 09:04:53,7.56,20.53,-41.00
5489,08/09/2026 09:14:53,7.56,20.15,-40.56
5490,08/09/2026 09:24:53,7.64,20.65,-45.56
5491,08/09/2026 09:34:53,7.70,21.10,-48.63
5492,08/09/2026 09:44:53,7.73,21.34,-50.39
5493,08/09/2026 09:54:53,7.70,21.99,-48.99
5494,08/09/2026 10:04:53,7.67,22.54,-47.08
5495,08/09/2026 10:14:53,7.71,23.21,-49.44
5496,08/09/2026 10:24:53,7.69,23.59,-48.75
5497,08/09/2026 10:34:53,7.71,23.71,-49.80
5498,08/09/2026 10:44:53,7.73,23.83,-50.55
5499,08/09/2026 10:54:53,7.72,23.91,-50.24
5500,08/09/2026 11:04:53,7.73,24.17,-50.74
5501,08/09/2026 11:14:53,7.75,24.41,-51.95
5502,08/09/2026 11:24:53,7.76,24.60,-52.64
5503,08/09/2026 11:34:53,7.75,24.77,-52.14
5504,08/09/2026 11:44:53,7.75,24.94,-52.17
5505,08/09/2026 11:54:53,7.77,25.23,-53.08
5506,08/09/2026 12:04:53,7.75,25.48,-52.38
5507,08/09/2026 12:14:53,7.75,25.65,-52.35
5508,08/09/2026 12:24:53,7.75,25.89,-52.03
5509,08/09/2026 12:34:53,7.73,26.13,-50.94
5510,08/09/2026 12:44:53,7.70,26.30,-49.42
5511,08/09/2026 12:54:53,7.67,26.50,-47.86
5512,08/09/2026 13:04:53,7.65,26.67,-46.50
5513,08/09/2026 13:14:53,7.62,26.82,-45.16
5514,08/09/2026 13:24:53,7.61,26.96,-44.47
5515,08/09/2026 13:34:53,7.58,27.14,-42.97
5516,08/09/2026 13:44:53,7.56,27.23,-41.72
5517,08/09/2026 13:54:53,7.54,27.28,-40.69
5518,08/09/2026 14:04:53,7.53,27.41,-39.72
5519,08/09/2026 14:14:53,7.52,27.48,-39.36
5520,08/09/2026 14:24:53,7.45,27.55,-35.31
5521,08/09/2026 14:34:53,7.40,27.63,-32.22
5522,08/09/2026 14:44:53,7.35,27.65,-29.41
5523,08/09/2026 14:54:53,7.29,27.75,-26.05
5524,08/09/2026 15:04:53,7.25,27.83,-23.80
5525,08/09/2026 15:14:53,7.26,27.90,-24.27
5526,08/09/2026 15:24:53,7.26,28.02,-24.74
5527,08/09/2026 15:34:53,7.27,28.00,-25.06
5528,08/09/2026 15:44:53,7.29,28.02,-25.97
5529,08/09/2026 15:54:53,7.29,27.92,-26.34
5530,08/09/2026 16:04:53,7.34,27.80,-28.81
5531,08/09/2026 16:14:53,7.37,27.73,-30.72
5532,08/09/2026 16:24:53,7.42,27.65,-33.55
5533,08/09/2026 16:34:53,7.49,27.58,-37.83
5534,08/09/2026 16:44:53,7.58,27.36,-42.70
5535,08/09/2026 16:54:53,7.63,27.09,-45.30
5536,08/09/2026 17:04:53,7.68,26.94,-48.22
5537,08/09/2026 17:14:53,7.69,26.89,-49.06
5538,08/09/2026 17:24:53,7.71,26.65,-50.25
5539,08/09/2026 17:34:53,7.74,26.35,-51.60
5540,08/09/2026 17:44:53,7.76,25.84,-52.94
5541,08/09/2026 17:54:53,7.77,25.43,-53.41
5542,08/09/2026 18:04:53,7.79,25.19,-54.67
5543,08/09/2026 18:14:53,7.81,24.80,-55.25
5544,08/09/2026 18:24:53,7.81,24.46,-55.53
5545,08/09/2026 18:34:53,7.82,24.17,-56.24
5546,08/09/2026 18:44:53,7.83,24.03,-56.69
5547,08/09/2026 18:54:53,7.83,23.95,-56.52
5548,08/09/2026 19:04:53,7.82,23.91,-56.11
5549,08/09/2026 19:14:53,7.83,23.71,-56.28
5550,08/09/2026 19:24:53,7.83,23.40,-56.24
5551,08/09/2026 19:34:53,7.83,22.82,-56.24
5552,08/09/2026 19:44:53,7.83,22.32,-56.41
5553,08/09/2026 19:54:53,7.84,21.60,-56.61
5554,08/09/2026 20:04:53,7.85,20.60,-57.02
5555,08/09/2026 20:14:53,7.85,19.86,-56.97
5556,08/09/2026 20:24:53,7.87,19.01,-57.81
5557,08/09/2026 20:34:53,7.88,18.41,-58.31
5558,08/09/2026 20:44:53,7.88,17.99,-58.20
5559,08/09/2026 20:54:53,7.88,17.72,-58.31
5560,08/09/2026 21:04:53,7.88,17.68,-58.16
5561,08/09/2026 21:14:53,7.87,17.65,-57.67
5562,08/09/2026 21:24:53,7.85,17.63,-56.77
5563,08/09/2026 21:34:53,7.83,17.63,-55.75
5564,08/09/2026 21:44:53,7.78,17.65,-52.83
5565,08/09/2026 21:54:53,7.78,17.63,-52.91
5566,08/09/2026 22:04:53,7.83,17.68,-55.38
5567,08/09/2026 22:14:53,7.86,18.27,-57.44
5568,08/09/2026 22:24:53,7.87,19.34,-57.94
5569,08/09/2026 22:34:53,7.88,19.53,-58.52
5570,08/09/2026 22:44:53,7.88,20.29,-58.70
5571,08/09/2026 22:54:53,7.86,20.70,-57.69
5572,08/09/2026 23:04:53,7.85,21.17,-57.24
5573,08/09/2026 23:14:53,7.83,21.72,-56.10
5574,08/09/2026 23:24:53,7.81,22.37,-54.89
5575,08/09/2026 23:34:53,7.79,22.85,-53.89
5576,08/09/2026 23:44:53,7.75,23.09,-52.02
5577,08/09/2026 23:54:53,7.73,23.38,-50.58
5578,08/10/2026 00:04:53,7.72,23.45,-50.14
5579,08/10/2026 00:14:53,7.69,23.57,-48.70
5580,08/10/2026 00:24:53,7.66,23.69,-47.00
5581,08/10/2026 00:34:53,7.64,23.81,-45.50
5582,08/10/2026 00:44:53,7.62,23.88,-44.49
5583,08/10/2026 00:54:53,7.60,23.98,-43.42
5584,08/10/2026 01:04:53,7.57,24.05,-41.78
5585,08/10/2026 01:14:53,7.55,24.10,-40.58
5586,08/10/2026 01:24:53,7.52,24.27,-38.94
5587,08/10/2026 01:34:53,7.50,24.39,-37.70
5588,08/10/2026 01:44:53,7.46,24.48,-35.72
5589,08/10/2026 01:54:53,7.43,24.56,-33.99
5590,08/10/2026 02:04:53,7.40,24.68,-32.06
5591,08/10/2026 02:14:53,7.37,24.75,-30.36
5592,08/10/2026 02:24:53,7.34,24.82,-28.89
5593,08/10/2026 02:34:53,7.32,24.92,-27.63
5594,08/10/2026 02:44:53,7.29,24.99,-26.25
5595,08/10/2026 02:54:53,7.27,25.11,-24.94
5596,08/10/2026 03:04:53,7.24,25.19,-23.36
5597,08/10/2026 03:14:53,7.21,25.28,-21.31
5598,08/10/2026 03:24:53,7.18,25.33,-20.09
5599,08/10/2026 03:34:53,7.16,25.36,-18.52
5600,08/10/2026 03:44:53,7.13,25.43,-17.00
5601,08/10/2026 03:54:53,7.11,25.45,-15.70
5602,08/10/2026 04:04:53,7.08,25.48,-14.34
5603,08/10/2026 04:14:53,7.05,25.26,-12.75
5604,08/10/2026 04:24:53,7.04,25.23,-11.86
5605,08/10/2026 04:34:53,7.04,25.26,-11.69
5606,08/10/2026 04:44:53,7.04,25.28,-11.81
5607,08/10/2026 04:54:53,7.03,25.38,-11.55
5608,08/10/2026 05:04:53,7.03,25.45,-11.61
5609,08/10/2026 05:14:53,7.04,25.48,-11.91
5610,08/10/2026 05:24:53,7.05,25.43,-12.73
5611,08/10/2026 05:34:53,7.07,25.38,-13.42
5612,08/10/2026 05:44:53,7.11,25.14,-15.94
5613,08/10/2026 05:54:53,7.16,25.19,-18.84
5614,08/10/2026 06:04:53,7.22,25.31,-22.08
5615,08/10/2026 06:14:53,7.28,25.19,-25.50
5616,08/10/2026 06:24:53,7.31,24.99,-27.24
5617,08/10/2026 06:34:53,7.35,24.87,-29.53
5618,08/10/2026 06:44:53,7.39,24.70,-31.56
5619,08/10/2026 06:54:53,7.41,24.48,-33.05
5620,08/10/2026 07:04:53,7.42,24.41,-33.25
5621,08/10/2026 07:14:53,7.48,24.27,-36.49
5622,08/10/2026 07:24:53,7.50,24.12,-38.02
5623,08/10/2026 07:34:53,7.53,23.71,-39.34
5624,08/10/2026 07:44:53,7.54,23.47,-40.19
5625,08/10/2026 07:54:53,7.57,23.35,-41.66
5626,08/10/2026 08:04:53,7.60,23.16,-43.44
5627,08/10/2026 08:14:53,7.61,22.97,-43.75
5628,08/10/2026 08:24:53,7.62,22.85,-44.24
5629,08/10/2026 08:34:53,7.61,22.73,-44.03
5630,08/10/2026 08:44:53,7.62,22.66,-44.64
5631,08/10/2026 08:54:53,7.63,22.39,-45.05
5632,08/10/2026 09:04:53,7.64,22.20,-45.41
5633,08/10/2026 09:14:53,7.64,21.94,-45.25
5634,08/10/2026 09:24:53,7.64,21.68,-45.33
5635,08/10/2026 09:34:53,7.65,21.27,-45.77
5636,08/10/2026 09:44:53,7.67,20.94,-46.86
5637,08/10/2026 09:54:53,7.65,20.65,-45.66
5638,08/10/2026 10:04:53,7.59,20.44,-42.69
5639,08/10/2026 10:14:53,7.63,20.27,-45.02
5640,08/10/2026 10:24:53,7.69,20.34,-48.06
5641,08/10/2026 10:34:53,7.71,20.63,-48.99
5642,08/10/2026 10:44:53,7.71,21.08,-49.53
5643,08/10/2026 10:54:53,7.72,21.53,-50.08
5644,08/10/2026 11:04:53,7.72,21.84,-50.06
5645,08/10/2026 11:14:53,7.70,22.37,-49.00
5646,08/10/2026 11:24:53,7.70,22.49,-48.95
5647,08/10/2026 11:34:53,7.71,22.56,-49.52
5648,08/10/2026 11:44:53,7.70,22.73,-49.16
5649,08/10/2026 11:54:53,7.70,22.87,-49.10
5650,08/10/2026 12:04:53,7.72,23.09,-50.24
5651,08/10/2026 12:14:53,7.72,23.28,-50.33
5652,08/10/2026 12:24:53,7.73,23.54,-50.97
5653,08/10/2026 12:34:53,7.74,23.81,-51.13
5654,08/10/2026 12:44:53,7.74,23.98,-51.44
5655,08/10/2026 12:54:53,7.73,24.17,-51.02
5656,08/10/2026 13:04:53,7.72,24.36,-50.42
5657,08/10/2026 13:14:53,7.70,24.58,-49.41
5658,08/10/2026 13:24:53,7.69,24.77,-48.60
5659,08/10/2026 13:34:53,7.68,24.99,-47.99
5660,08/10/2026 13:44:53,7.66,25.21,-46.92
5661,08/10/2026 13:54:53,7.64,25.43,-45.85
5662,08/10/2026 14:04:53,7.62,25.62,-45.11
5663,08/10/2026 14:14:53,7.60,25.79,-43.72
5664,08/10/2026 14:24:53,7.58,25.96,-42.44
5665,08/10/2026 14:34:53,7.56,26.11,-41.41
5666,08/10/2026 14:44:53,7.54,26.28,-40.39
5667,08/10/2026 14:54:53,7.50,26.40,-37.86
5668,08/10/2026 15:04:53,7.46,26.45,-36.08
5669,08/10/2026 15:14:53,7.43,26.48,-34.33
5670,08/10/2026 15:24:53,7.38,26.50,-31.39
5671,08/10/2026 15:34:53,7.34,26.52,-29.22
5672,08/10/2026 15:44:53,7.32,26.50,-27.58
5673,08/10/2026 15:54:53,7.29,26.52,-25.94
5674,08/10/2026 16:04:53,7.28,26.62,-25.44
5675,08/10/2026 16:14:53,7.24,26.70,-23.06
5676,08/10/2026 16:24:53,7.23,26.70,-22.63
5677,08/10/2026 16:34:53,7.25,26.70,-24.02
5678,08/10/2026 16:44:53,7.24,26.70,-23.50
5679,08/10/2026 16:54:53,7.25,26.70,-23.94
5680,08/10/2026 17:04:53,7.26,26.65,-24.36
5681,08/10/2026 17:14:53,7.27,26.57,-24.77
5682,08/10/2026 17:24:53,7.29,26.48,-26.38
5683,08/10/2026 17:34:53,7.37,26.23,-30.69
5684,08/10/2026 17:44:53,7.46,26.04,-35.69
5685,08/10/2026 17:54:53,7.52,25.91,-39.33
5686,08/10/2026 18:04:53,7.56,25.79,-41.67
5687,08/10/2026 18:14:53,7.58,25.82,-42.69
5688,08/10/2026 18:24:53,7.60,25.79,-43.53
5689,08/10/2026 18:34:53,7.61,25.72,-44.39
5690,08/10/2026 18:44:53,7.63,25.48,-45.27
5691,08/10/2026 18:54:53,7.67,24.94,-47.44
5692,08/10/2026 19:04:53,7.69,24.65,-48.67
5693,08/10/2026 19:14:53,7.72,24.32,-50.25
5694,08/10/2026 19:24:53,7.75,23.93,-51.95
5695,08/10/2026 19:34:53,7.76,23.76,-52.67
5696,08/10/2026 19:44:53,7.78,23.62,-53.44
5697,08/10/2026 19:54:53,7.78,23.54,-53.33
5698,08/10/2026 20:04:53,7.79,23.52,-53.89
5699,08/10/2026 20:14:53,7.79,23.38,-54.20
5700,08/10/2026 20:24:53,7.80,22.99,-54.85
5701,08/10/2026 20:34:53,7.82,22.54,-55.66
5702,08/10/2026 20:44:53,7.85,21.96,-57.11
5703,08/10/2026 20:54:53,7.88,20.91,-58.99
5704,08/10/2026 21:04:53,7.90,20.08,-59.85
5705,08/10/2026 21:14:53,7.91,19.56,-60.52
5706,08/10/2026 21:24:53,7.92,19.06,-60.94
5707,08/10/2026 21:34:53,7.93,18.82,-61.46
5708,08/10/2026 21:44:53,7.93,18.65,-61.44
5709,08/10/2026 21:54:53,7.94,18.51,-61.58
5710,08/10/2026 22:04:53,7.93,18.39,-61.33
5711,08/10/2026 22:14:53,7.93,18.30,-61.22
5712,08/10/2026 22:24:53,7.92,18.20,-60.52
5713,08/10/2026 22:34:53,7.91,18.15,-60.02
5714,08/10/2026 22:44:53,7.88,18.13,-58.52
5715,08/10/2026 22:54:53,7.83,18.13,-55.56
5716,08/10/2026 23:04:53,7.85,18.10,-56.92
5717,08/10/2026 23:14:53,7.88,18.25,-58.50
5718,08/10/2026 23:24:53,7.90,18.56,-59.52
5719,08/10/2026 23:34:53,7.90,19.41,-59.80
5720,08/10/2026 23:44:53,7.90,19.65,-59.86
5721,08/10/2026 23:54:53,7.90,19.98,-59.64
5722,08/11/2026 00:04:53,7.88,20.39,-58.55
5723,08/11/2026 00:14:53,7.85,20.75,-57.24
5724,08/11/2026 00:24:53,7.82,21.34,-55.52
5725,08/11/2026 00:34:53,7.81,21.72,-54.83
5726,08/11/2026 00:44:53,7.78,22.01,-53.61
5727,08/11/2026 00:54:53,7.76,22.39,-52.41
5728,08/11/2026 01:04:53,7.73,22.61,-50.61
5729,08/11/2026 01:14:53,7.69,22.82,-48.53
5730,08/11/2026 01:24:53,7.66,23.02,-46.78
5731,08/11/2026 01:34:53,7.65,23.09,-46.06
5732,08/11/2026 01:44:53,7.62,23.18,-44.74
5733,08/11/2026 01:54:53,7.60,23.28,-43.22
5734,08/11/2026 02:04:53,7.57,23.38,-41.72
5735,08/11/2026 02:14:53,7.54,23.42,-40.31
5736,08/11/2026 02:24:53,7.52,23.54,-38.69
5737,08/11/2026 02:34:53,7.49,23.62,-36.99
5738,08/11/2026 02:44:53,7.45,23.69,-35.00
5739,08/11/2026 02:54:53,7.42,23.74,-33.08
5740,08/11/2026 03:04:53,7.39,23.88,-31.67
5741,08/11/2026 03:14:53,7.36,23.98,-30.02
5742,08/11/2026 03:24:53,7.34,24.05,-28.67
5743,08/11/2026 03:34:53,7.31,24.10,-27.25
5744,08/11/2026 03:44:53,7.29,24.17,-26.00
5745,08/11/2026 03:54:53,7.26,24.22,-24.56
5746,08/11/2026 04:04:53,7.24,24.27,-23.08
5747,08/11/2026 04:14:53,7.21,24.34,-21.58
5748,08/11/2026 04:24:53,7.18,24.41,-19.94
5749,08/11/2026 04:34:53,7.16,24.46,-18.67
5750,08/11/2026 04:44:53,7.13,24.51,-17.25
5751,08/11/2026 04:54:53,7.11,24.56,-15.91
5752,08/11/2026 05:04:53,7.09,24.56,-14.78
5753,08/11/2026 05:14:53,7.06,24.56,-13.06
5754,08/11/2026 05:24:53,7.05,24.44,-12.48
5755,08/11/2026 05:34:53,7.04,24.44,-12.00
5756,08/11/2026 05:44:53,7.03,24.46,-11.50
5757,08/11/2026 05:54:53,7.04,24.46,-11.80
5758,08/11/2026 06:04:53,7.04,24.56,-12.06
5759,08/11/2026 06:14:53,7.03,24.60,-11.50
5760,08/11/2026 06:24:53,7.03,24.60,-11.52
5761,08/11/2026 06:34:53,7.04,24.58,-11.94
5762,08/11/2026 06:44:53,7.05,24.53,-12.66
5763,08/11/2026 06:54:53,7.13,24.53,-17.02
5764,08/11/2026 07:04:53,7.20,24.65,-21.05
5765,08/11/2026 07:14:53,7.22,24.48,-22.20
5766,08/11/2026 07:24:53,7.28,24.34,-25.44
5767,08/11/2026 07:34:53,7.31,24.22,-27.13
5768,08/11/2026 07:44:53,7.34,24.10,-28.81
5769,08/11/2026 07:54:53,7.37,23.91,-30.30
5770,08/11/2026 08:04:53,7.39,23.88,-31.53
5771,08/11/2026 08:14:53,7.43,23.74,-34.03
5772,08/11/2026 08:24:53,7.46,23.62,-35.38
5773,08/11/2026 08:34:53,7.47,23.40,-35.95
5774,08/11/2026 08:44:53,7.48,23.21,-36.92
5775,08/11/2026 08:54:53,7.51,23.09,-38.61
5776,08/11/2026 09:04:53,7.54,22.97,-40.27
5777,08/11/2026 09:14:53,7.57,22.90,-41.72
5778,08/11/2026 09:24:53,7.58,22.80,-42.17
5779,08/11/2026 09:34:53,7.60,22.80,-43.19
5780,08/11/2026 09:44:53,7.62,22.56,-44.41
5781,08/11/2026 09:54:53,7.63,22.37,-45.27
5782,08/11/2026 10:04:53,7.66,21.96,-46.53
5783,08/11/2026 10:14:53,7.70,21.22,-48.60
5784,08/11/2026 10:24:53,7.73,20.41,-50.36
5785,08/11/2026 10:34:53,7.75,19.70,-51.41
5786,08/11/2026 10:44:53,7.77,18.89,-52.35
5787,08/11/2026 10:54:53,7.77,18.39,-52.25
5788,08/11/2026 11:04:53,7.78,17.91,-52.53
5789,08/11/2026 11:14:53,7.76,17.61,-51.49
5790,08/11/2026 11:24:53,7.76,17.49,-51.49
5791,08/11/2026 11:34:53,7.76,17.89,-51.55
5792,08/11/2026 11:44:53,7.79,17.77,-53.13
5793,08/11/2026 11:54:53,7.81,18.75,-54.45
5794,08/11/2026 12:04:53,7.83,19.56,-55.88
5795,08/11/2026 12:14:53,7.81,21.44,-54.85
5796,08/11/2026 12:24:53,7.80,21.94,-54.67
5797,08/11/2026 12:34:53,7.79,22.35,-54.25
5798,08/11/2026 12:44:53,7.78,22.61,-53.31
5799,08/11/2026 12:54:53,7.76,22.85,-52.64
5800,08/11/2026 13:04:53,7.76,23.11,-52.14
5801,08/11/2026 13:14:53,7.74,23.30,-51.20
5802,08/11/2026 13:24:53,7.73,23.62,-50.55
5803,08/11/2026 13:34:53,7.72,23.93,-50.17
5804,08/11/2026 13:44:53,7.70,24.19,-48.94
5805,08/11/2026 13:54:53,7.70,24.36,-48.92
5806,08/11/2026 14:04:53,7.69,24.60,-48.56
5807,08/11/2026 14:14:53,7.67,24.77,-47.50
5808,08/11/2026 14:24:53,7.65,24.97,-46.56
5809,08/11/2026 14:34:53,7.64,25.16,-45.81
5810,08/11/2026 14:44:53,7.62,25.36,-44.72
5811,08/11/2026 14:54:53,7.59,25.53,-43.27
5812,08/11/2026 15:04:53,7.57,25.72,-42.16
5813,08/11/2026 15:14:53,7.54,25.87,-40.50
5814,08/11/2026 15:24:53,7.52,25.89,-39.13
5815,08/11/2026 15:34:53,7.50,25.96,-38.33
5816,08/11/2026 15:44:53,7.48,26.08,-37.03
5817,08/11/2026 15:54:53,7.45,26.08,-35.42
5818,08/11/2026 16:04:53,7.43,26.08,-34.25
5819,08/11/2026 16:14:53,7.42,26.13,-33.25
5820,08/11/2026 16:24:53,7.40,26.21,-32.11
5821,08/11/2026 16:34:53,7.36,26.26,-30.28
5822,08/11/2026 16:44:53,7.35,26.28,-29.41
5823,08/11/2026 16:54:53,7.32,26.30,-27.77
5824,08/11/2026 17:04:53,7.28,26.33,-25.47
5825,08/11/2026 17:14:53,7.25,26.33,-23.94
5826,08/11/2026 17:24:53,7.19,26.35,-20.23
5827,08/11/2026 17:34:53,7.19,26.35,-20.20
5828,08/11/2026 17:44:53,7.18,26.35,-19.92
5829,08/11/2026 17:54:53,7.17,26.30,-19.58
5830,08/11/2026 18:04:53,7.17,26.28,-19.33
5831,08/11/2026 18:14:53,7.18,26.23,-19.78
5832,08/11/2026 18:24:53,7.20,26.18,-20.92
5833,08/11/2026 18:34:53,7.26,25.94,-24.47
5834,08/11/2026 18:44:53,7.35,25.57,-29.30
5835,08/11/2026 18:54:53,7.39,25.43,-31.59
5836,08/11/2026 19:04:53,7.43,25.26,-33.94
5837,08/11/2026 19:14:53,7.46,25.26,-35.83
5838,08/11/2026 19:24:53,7.47,25.23,-36.42
5839,08/11/2026 19:34:53,7.49,25.21,-37.24
5840,08/11/2026 19:44:53,7.51,25.04,-38.36
5841,08/11/2026 19:54:53,7.55,24.63,-40.84
5842,08/11/2026 20:04:53,7.59,24.32,-43.03
5843,08/11/2026 20:14:53,7.61,24.17,-44.30
5844,08/11/2026 20:24:53,7.64,23.76,-45.70
5845,08/11/2026 20:34:53,7.66,23.50,-46.78
5846,08/11/2026 20:44:53,7.68,23.35,-47.83
5847,08/11/2026 20:54:53,7.69,23.23,-48.42
5848,08/11/2026 21:04:53,7.70,23.18,-48.95
5849,08/11/2026 21:14:53,7.71,22.92,-49.45
5850,08/11/2026 21:24:53,7.73,22.58,-50.75
5851,08/11/2026 21:34:53,7.78,22.01,-53.50
5852,08/11/2026 21:44:53,7.85,21.20,-57.14
5853,08/11/2026 21:54:53,7.90,20.67,-59.61
5854,08/11/2026 22:04:53,7.92,20.32,-60.78
5855,08/11/2026 22:14:53,7.93,19.98,-61.38
5856,08/11/2026 22:24:53,7.93,19.67,-61.38
5857,08/11/2026 22:34:53,7.94,19.39,-61.72
5858,08/11/2026 22:44:53,7.94,19.22,-61.78
5859,08/11/2026 22:54:53,7.94,19.03,-62.02
5860,08/11/2026 23:04:53,7.95,18.91,-62.56
5861,08/11/2026 23:14:53,7.95,18.77,-62.55
5862,08/11/2026 23:24:53,7.95,18.68,-62.25
5863,08/11/2026 23:34:53,7.94,18.58,-61.66
5864,08/11/2026 23:44:53,7.91,18.53,-60.00
5865,08/11/2026 23:54:53,7.87,18.49,-57.56
5866,08/12/2026 00:04:53,7.83,18.49,-55.89
5867,08/12/2026 00:14:53,7.88,18.51,-58.17
5868,08/12/2026 00:24:53,7.92,18.68,-60.52
5869,08/12/2026 00:34:53,7.94,18.91,-61.52
5870,08/12/2026 00:44:53,7.93,19.27,-61.08
5871,08/12/2026 00:54:53,7.92,19.58,-60.74
5872,08/12/2026 01:04:53,7.90,20.10,-59.67
5873,08/12/2026 01:14:53,7.87,20.51,-58.08
5874,08/12/2026 01:24:53,7.84,20.86,-56.35
5875,08/12/2026 01:34:53,7.81,21.13,-54.97
5876,08/12/2026 01:44:53,7.79,21.34,-53.69
5877,08/12/2026 01:54:53,7.76,21.58,-51.99
5878,08/12/2026 02:04:53,7.74,21.70,-50.91
5879,08/12/2026 02:14:53,7.70,21.84,-49.11
5880,08/12/2026 02:24:53,7.67,22.03,-47.42
5881,08/12/2026 02:34:53,7.64,22.15,-45.55
5882,08/12/2026 02:44:53,7.62,22.23,-44.36
5883,08/12/2026 02:54:53,7.58,22.35,-42.36
5884,08/12/2026 03:04:53,7.56,22.39,-40.89
5885,08/12/2026 03:14:53,7.53,22.47,-39.45
5886,08/12/2026 03:24:53,7.50,22.54,-37.83
5887,08/12/2026 03:34:53,7.47,22.58,-36.03
5888,08/12/2026 03:44:53,7.44,22.63,-34.13
5889,08/12/2026 03:54:53,7.41,22.73,-32.72
5890,08/12/2026 04:04:53,7.38,22.80,-30.83
5891,08/12/2026 04:14:53,7.35,22.90,-29.34
5892,08/12/2026 04:24:53,7.32,23.02,-27.78
5893,08/12/2026 04:34:53,7.30,23.06,-26.59
5894,08/12/2026 04:44:53,7.28,23.09,-25.27
5895,08/12/2026 04:54:53,7.25,23.14,-23.59
5896,08/12/2026 05:04:53,7.22,23.14,-21.95
5897,08/12/2026 05:14:53,7.20,23.16,-20.83
5898,08/12/2026 05:24:53,7.18,23.18,-19.70
5899,08/12/2026 05:34:53,7.16,23.23,-18.86
5900,08/12/2026 05:44:53,7.14,23.23,-17.72
5901,08/12/2026 05:54:53,7.12,23.28,-16.42
5902,08/12/2026 06:04:53,7.10,23.18,-15.45
5903,08/12/2026 06:14:53,7.08,23.11,-14.00
5904,08/12/2026 06:24:53,7.06,23.11,-13.03
5905,08/12/2026 06:34:53,7.05,23.11,-12.52
5906,08/12/2026 06:44:53,7.04,23.14,-11.92
5907,08/12/2026 06:54:53,7.04,23.21,-11.91
5908,08/12/2026 07:04:53,7.04,23.23,-11.98
5909,08/12/2026 07:14:53,7.04,23.33,-11.64
5910,08/12/2026 07:24:53,7.03,23.38,-11.23
5911,08/12/2026 07:34:53,7.03,23.35,-11.36
5912,08/12/2026 07:44:53,7.06,23.40,-12.92
5913,08/12/2026 07:54:53,7.15,23.62,-17.97
5914,08/12/2026 08:04:53,7.20,23.74,-20.75
5915,08/12/2026 08:14:53,7.23,23.59,-22.45
5916,08/12/2026 08:24:53,7.26,23.40,-24.22
5917,08/12/2026 08:34:53,7.30,23.33,-26.34
5918,08/12/2026 08:44:53,7.34,23.18,-28.63
5919,08/12/2026 08:54:53,7.36,23.04,-29.83
5920,08/12/2026 09:04:53,7.38,23.02,-31.19
5921,08/12/2026 09:14:53,7.40,22.90,-32.22
5922,08/12/2026 09:24:53,7.42,22.70,-33.19
5923,08/12/2026 09:34:53,7.45,22.51,-35.06
5924,08/12/2026 09:44:53,7.50,22.39,-37.74
5925,08/12/2026 09:54:53,7.53,22.32,-39.30
5926,08/12/2026 10:04:53,7.55,22.32,-40.61
5927,08/12/2026 10:14:53,7.56,22.25,-41.16
5928,08/12/2026 10:24:53,7.58,22.27,-41.92
5929,08/12/2026 10:34:53,7.60,22.20,-43.10
5930,08/12/2026 10:44:53,7.63,21.87,-44.99
5931,08/12/2026 10:54:53,7.68,21.46,-47.44
5932,08/12/2026 11:04:53,7.73,20.89,-50.22
5933,08/12/2026 11:14:53,7.77,20.29,-52.44
5934,08/12/2026 11:24:53,7.80,19.72,-54.41
5935,08/12/2026 11:34:53,7.82,19.34,-55.16
5936,08/12/2026 11:44:53,7.82,19.15,-55.42
5937,08/12/2026 11:54:53,7.82,18.96,-55.11
5938,08/12/2026 12:04:53,7.80,18.82,-53.77
5939,08/12/2026 12:14:53,7.77,18.72,-52.60
5940,08/12/2026 12:24:53,7.76,18.56,-51.89
5941,08/12/2026 12:34:53,7.77,18.41,-52.50
5942,08/12/2026 12:44:53,7.84,18.37,-56.02
5943,08/12/2026 12:54:53,7.85,19.13,-56.94
5944,08/12/2026 13:04:53,7.84,20.32,-56.53
5945,08/12/2026 13:14:53,7.83,21.06,-56.00
5946,08/12/2026 13:24:53,7.82,21.17,-55.69
5947,08/12/2026 13:34:53,7.81,21.77,-55.02
5948,08/12/2026 13:44:53,7.78,22.20,-53.60
5949,08/12/2026 13:54:53,7.77,22.51,-52.66
5950,08/12/2026 14:04:53,7.74,22.80,-51.45
5951,08/12/2026 14:14:53,7.71,23.16,-49.81
5952,08/12/2026 14:24:53,7.69,23.52,-48.53
5953,08/12/2026 14:34:53,7.67,23.79,-47.47
5954,08/12/2026 14:44:53,7.66,23.95,-46.85
5955,08/12/2026 14:54:53,7.65,24.17,-46.24
5956,08/12/2026 15:04:53,7.63,24.24,-45.45
5957,08/12/2026 15:14:53,7.62,24.56,-44.91
5958,08/12/2026 15:24:53,7.61,24.77,-44.22
5959,08/12/2026 15:34:53,7.60,24.94,-43.69
5960,08/12/2026 15:44:53,7.58,25.19,-42.67
5961,08/12/2026 15:54:53,7.55,25.31,-40.58
5962,08/12/2026 16:04:53,7.52,25.50,-39.33
5963,08/12/2026 16:14:53,7.50,25.57,-37.91
5964,08/12/2026 16:24:53,7.48,25.70,-36.99
5965,08/12/2026 16:34:53,7.45,25.79,-35.06
5966,08/12/2026 16:44:53,7.43,25.84,-33.91
5967,08/12/2026 16:54:53,7.40,25.87,-32.45
5968,08/12/2026 17:04:53,7.37,25.89,-30.88
5969,08/12/2026 17:14:53,7.36,25.91,-30.13
5970,08/12/2026 17:24:53,7.34,25.91,-29.24
5971,08/12/2026 17:34:53,7.32,25.99,-27.92
5972,08/12/2026 17:44:53,7.29,25.96,-26.13
5973,08/12/2026 17:54:53,7.23,25.87,-22.91
5974,08/12/2026 18:04:53,7.20,25.82,-21.24
5975,08/12/2026 18:14:53,7.18,25.79,-19.86
5976,08/12/2026 18:24:53,7.14,25.77,-17.75
5977,08/12/2026 18:34:53,7.12,25.74,-16.36
5978,08/12/2026 18:44:53,7.11,25.72,-15.64
5979,08/12/2026 18:54:53,7.09,25.74,-14.73
5980,08/12/2026 19:04:53,7.09,25.77,-14.84
5981,08/12/2026 19:14:53,7.11,25.74,-15.97
5982,08/12/2026 19:24:53,7.13,25.72,-17.27
5983,08/12/2026 19:34:53,7.17,25.45,-19.48
5984,08/12/2026 19:44:53,7.26,24.87,-24.20
5985,08/12/2026 19:54:53,7.32,24.70,-27.61
5986,08/12/2026 20:04:53,7.37,24.48,-30.59
5987,08/12/2026 20:14:53,7.40,24.60,-32.08
5988,08/12/2026 20:24:53,7.42,24.56,-33.30
5989,08/12/2026 20:34:53,7.43,24.68,-33.95
5990,08/12/2026 20:44:53,7.45,24.51,-35.36
5991,08/12/2026 20:54:53,7.50,24.15,-38.03
5992,08/12/2026 21:04:53,7.55,23.86,-40.64
5993,08/12/2026 21:14:53,7.58,23.69,-42.58
5994,08/12/2026 21:24:53,7.61,23.38,-44.11
5995,08/12/2026 21:34:53,7.64,23.21,-45.47
5996,08/12/2026 21:44:53,7.65,23.11,-46.06
5997,08/12/2026 21:54:53,7.66,23.11,-46.75
5998,08/12/2026 22:04:53,7.67,23.04,-47.06
5999,08/12/2026 22:14:53,7.69,22.73,-48.61
6000,08/12/2026 22:24:53,7.72,22.37,-50.10
6001,08/12/2026 22:34:53,7.76,21.68,-52.45
6002,08/12/2026 22:44:53,7.81,20.72,-55.08
6003,08/12/2026 22:54:53,7.86,19.82,-57.63
6004,08/12/2026 23:04:53,7.88,19.25,-58.70
6005,08/12/2026 23:14:53,7.90,18.79,-59.44
6006,08/12/2026 23:24:53,7.91,18.53,-59.88
6007,08/12/2026 23:34:53,7.91,18.30,-59.91
6008,08/12/2026 23:44:53,7.90,18.13,-59.69
6009,08/12/2026 23:54:53,7.91,18.01,-59.80
6010,08/13/2026 00:04:53,7.90,17.96,-59.49
6011,08/13/2026 00:14:53,7.90,17.91,-59.24
6012,08/13/2026 00:24:53,7.89,17.84,-58.64
6013,08/13/2026 00:34:53,7.88,17.80,-58.36
6014,08/13/2026 00:44:53,7.87,17.80,-57.55
6015,08/13/2026 00:54:53,7.83,17.80,-55.42
6016,08/13/2026 01:04:53,7.84,17.80,-55.81
6017,08/13/2026 01:14:53,7.84,18.41,-56.11
6018,08/13/2026 01:24:53,7.85,18.60,-56.61
6019,08/13/2026 01:34:53,7.87,18.60,-57.74
6020,08/13/2026 01:44:53,7.87,18.68,-57.92
6021,08/13/2026 01:54:53,7.86,18.89,-57.60
6022,08/13/2026 02:04:53,7.83,19.58,-55.69
6023,08/13/2026 02:14:53,7.79,20.03,-53.91
6024,08/13/2026 02:24:53,7.76,20.44,-52.05
6025,08/13/2026 02:34:53,7.74,20.75,-51.13
6026,08/13/2026 02:44:53,7.72,20.94,-49.80
6027,08/13/2026 02:54:53,7.68,21.41,-47.58
6028,08/13/2026 03:04:53,7.65,21.60,-45.83
6029,08/13/2026 03:14:53,7.61,21.75,-43.92
6030,08/13/2026 03:24:53,7.59,21.91,-42.47
6031,08/13/2026 03:34:53,7.57,21.99,-41.38
6032,08/13/2026 03:44:53,7.53,22.08,-39.27
6033,08/13/2026 03:54:53,7.51,22.20,-38.20
6034,08/13/2026 04:04:53,7.49,22.27,-37.00
6035,08/13/2026 04:14:53,7.46,22.35,-35.61
6036,08/13/2026 04:24:53,7.43,22.42,-33.80
6037,08/13/2026 04:34:53,7.41,22.44,-32.45
6038,08/13/2026 04:44:53,7.38,22.49,-30.99
6039,08/13/2026 04:54:53,7.35,22.58,-29.45
6040,08/13/2026 05:04:53,7.33,22.68,-27.92
6041,08/13/2026 05:14:53,7.30,22.78,-26.42
6042,08/13/2026 05:24:53,7.27,22.85,-24.92
6043,08/13/2026 05:34:53,7.25,22.90,-23.50
6044,08/13/2026 05:44:53,7.22,22.94,-21.84
6045,08/13/2026 05:54:53,7.19,22.97,-20.34
6046,08/13/2026 06:04:53,7.17,22.99,-19.30
6047,08/13/2026 06:14:53,7.16,23.02,-18.47
6048,08/13/2026 06:24:53,7.14,23.06,-17.59
6049,08/13/2026 06:34:53,7.13,23.09,-16.81
6050,08/13/2026 06:44:53,7.11,23.11,-15.55
6051,08/13/2026 06:54:53,7.09,23.11,-14.72
6052,08/13/2026 07:04:53,7.08,23.16,-13.88
6053,08/13/2026 07:14:53,7.05,23.02,-12.72
6054,08/13/2026 07:24:53,7.04,23.02,-12.06
6055,08/13/2026 07:34:53,7.03,23.04,-11.52
6056,08/13/2026 07:44:53,7.03,23.04,-11.59
6057,08/13/2026 07:54:53,7.04,23.11,-11.67
6058,08/13/2026 08:04:53,7.04,23.18,-11.84
6059,08/13/2026 08:14:53,7.03,23.23,-11.52
6060,08/13/2026 08:24:53,7.04,23.23,-11.97
6061,08/13/2026 08:34:53,7.06,23.23,-13.00
6062,08/13/2026 08:44:53,7.15,23.38,-18.03
6063,08/13/2026 08:54:53,7.19,23.38,-20.39
6064,08/13/2026 09:04:53,7.21,23.23,-21.67
6065,08/13/2026 09:14:53,7.24,23.06,-23.17
6066,08/13/2026 09:24:53,7.26,22.97,-24.47
6067,08/13/2026 09:34:53,7.30,22.82,-26.36
6068,08/13/2026 09:44:53,7.31,22.75,-27.17
6069,08/13/2026 09:54:53,7.35,22.66,-29.44
6070,08/13/2026 10:04:53,7.37,22.58,-30.41
6071,08/13/2026 10:14:53,7.39,22.44,-31.41
6072,08/13/2026 10:24:53,7.42,22.25,-33.30
6073,08/13/2026 10:34:53,7.46,22.15,-35.25
6074,08/13/2026 10:44:53,7.47,22.11,-36.02
6075,08/13/2026 10:54:53,7.49,22.08,-37.24
6076,08/13/2026 11:04:53,7.51,22.08,-38.00
6077,08/13/2026 11:14:53,7.53,22.06,-39.17
6078,08/13/2026 11:24:53,7.56,21.80,-41.05
6079,08/13/2026 11:34:53,7.60,21.20,-43.03
6080,08/13/2026 11:44:53,7.65,20.48,-45.75
6081,08/13/2026 11:54:53,7.69,19.94,-48.30
6082,08/13/2026 12:04:53,7.76,19.25,-51.85
6083,08/13/2026 12:14:53,7.79,18.87,-53.45
6084,08/13/2026 12:24:53,7.81,18.70,-54.58
6085,08/13/2026 12:34:53,7.82,18.56,-55.03
6086,08/13/2026 12:44:53,7.81,18.44,-54.67
6087,08/13/2026 12:54:53,7.82,18.41,-54.92
6088,08/13/2026 13:04:53,7.81,18.39,-54.38
6089,08/13/2026 13:14:53,7.75,18.39,-51.39
6090,08/13/2026 13:24:53,7.71,18.39,-48.97
6091,08/13/2026 13:34:53,7.72,18.32,-49.70
6092,08/13/2026 13:44:53,7.77,18.30,-52.20
6093,08/13/2026 13:54:53,7.81,18.68,-54.61
6094,08/13/2026 14:04:53,7.84,19.17,-56.47
6095,08/13/2026 14:14:53,7.83,20.25,-56.06
6096,08/13/2026 14:24:53,7.83,20.70,-56.17
6097,08/13/2026 14:34:53,7.82,21.41,-55.39
6098,08/13/2026 14:44:53,7.80,21.91,-54.30
6099,08/13/2026 14:54:53,7.77,22.37,-53.02
6100,08/13/2026 15:04:53,7.75,22.87,-51.61
6101,08/13/2026 15:14:53,7.72,23.26,-50.08
6102,08/13/2026 15:24:53,7.70,23.38,-48.94
6103,08/13/2026 15:34:53,7.68,23.62,-48.00
6104,08/13/2026 15:44:53,7.66,24.00,-46.69
6105,08/13/2026 15:54:53,7.64,24.32,-46.05
6106,08/13/2026 16:04:53,7.64,24.41,-45.56
6107,08/13/2026 16:14:53,7.62,24.58,-44.61
6108,08/13/2026 16:24:53,7.60,24.75,-43.55
6109,08/13/2026 16:34:53,7.58,24.94,-42.72
6110,08/13/2026 16:44:53,7.56,25.11,-41.61
6111,08/13/2026 16:54:53,7.54,25.23,-40.14
6112,08/13/2026 17:04:53,7.51,25.43,-38.61
6113,08/13/2026 17:14:53,7.49,25.50,-37.34
6114,08/13/2026 17:24:53,7.47,25.57,-36.13
6115,08/13/2026 17:34:53,7.45,25.57,-35.03
6116,08/13/2026 17:44:53,7.42,25.55,-33.44
6117,08/13/2026 17:54:53,7.39,25.55,-32.00
6118,08/13/2026 18:04:53,7.38,25.55,-31.03
6119,08/13/2026 18:14:53,7.35,25.57,-29.42
6120,08/13/2026 18:24:53,7.32,25.62,-28.03
6121,08/13/2026 18:34:53,7.31,25.62,-27.14
6122,08/13/2026 18:44:53,7.30,25.65,-26.53
6123,08/13/2026 18:54:53,7.28,25.67,-25.42
6124,08/13/2026 19:04:53,7.25,25.65,-23.97
6125,08/13/2026 19:14:53,7.23,25.53,-22.81
6126,08/13/2026 19:24:53,7.19,25.53,-20.39
6127,08/13/2026 19:34:53,7.16,25.45,-18.59
6128,08/13/2026 19:44:53,7.16,25.53,-18.50
6129,08/13/2026 19:54:53,7.16,25.53,-18.48
6130,08/13/2026 20:04:53,7.15,25.55,-18.38
6131,08/13/2026 20:14:53,7.16,25.55,-18.92
6132,08/13/2026 20:24:53,7.17,25.48,-19.48
6133,08/13/2026 20:34:53,7.23,25.09,-22.42
6134,08/13/2026 20:44:53,7.28,24.53,-25.28
6135,08/13/2026 20:54:53,7.30,24.36,-26.38
6136,08/13/2026 21:04:53,7.33,24.15,-28.03
6137,08/13/2026 21:14:53,7.35,24.32,-29.36
6138,08/13/2026 21:24:53,7.37,24.24,-30.44
6139,08/13/2026 21:34:53,7.39,24.27,-31.42
6140,08/13/2026 21:44:53,7.41,24.07,-33.05
6141,08/13/2026 21:54:53,7.47,23.76,-36.14
6142,08/13/2026 22:04:53,7.51,23.57,-38.55
6143,08/13/2026 22:14:53,7.54,23.42,-39.97
6144,08/13/2026 22:24:53,7.57,23.21,-41.95
6145,08/13/2026 22:34:53,7.59,23.04,-43.00
6146,08/13/2026 22:44:53,7.60,22.92,-43.60
6147,08/13/2026 22:54:53,7.61,22.87,-43.88
6148,08/13/2026 23:04:53,7.62,22.75,-44.56
6149,08/13/2026 23:14:53,7.64,22.39,-45.80
6150,08/13/2026 23:24:53,7.67,22.03,-47.35
6151,08/13/2026 23:34:53,7.72,21.37,-49.67
6152,08/13/2026 23:44:53,7.77,20.53,-52.74
6153,08/13/2026 23:54:53,7.82,19.84,-55.11
6154,08/14/2026 00:04:53,7.85,19.56,-56.75
6155,08/14/2026 00:14:53,7.86,19.34,-57.63
6156,08/14/2026 00:24:53,7.88,18.96,-58.24
6157,08/14/2026 00:34:53,7.88,18.56,-58.42
6158,08/14/2026 00:44:53,7.88,18.30,-58.56
6159,08/14/2026 00:54:53,7.89,18.15,-58.69
6160,08/14/2026 01:04:53,7.89,18.01,-58.67
6161,08/14/2026 01:14:53,7.88,17.91,-58.24
6162,08/14/2026 01:24:53,7.87,17.89,-57.78
6163,08/14/2026 01:34:53,7.85,17.84,-56.88
6164,08/14/2026 01:44:53,7.79,17.87,-53.16
6165,08/14/2026 01:54:53,7.82,17.87,-54.70
6166,08/14/2026 02:04:53,7.84,17.91,-56.14
6167,08/14/2026 02:14:53,7.83,18.70,-55.67
6168,08/14/2026 02:24:53,7.84,18.70,-56.49
6169,08/14/2026 02:34:53,7.84,18.84,-56.19
6170,08/14/2026 02:44:53,7.82,19.15,-55.31
6171,08/14/2026 02:54:53,7.78,19.77,-53.30
6172,08/14/2026 03:04:53,7.76,20.15,-51.91
6173,08/14/2026 03:14:53,7.73,20.44,-50.27
6174,08/14/2026 03:24:53,7.71,20.67,-49.25
6175,08/14/2026 03:34:53,7.68,20.96,-47.80
6176,08/14/2026 03:44:53,7.65,21.17,-46.10
6177,08/14/2026 03:54:53,7.62,21.32,-44.56
6178,08/14/2026 04:04:53,7.59,21.51,-42.44
6179,08/14/2026 04:14:53,7.56,21.56,-41.24
6180,08/14/2026 04:24:53,7.54,21.65,-39.64
6181,08/14/2026 04:34:53,7.51,21.70,-38.05
6182,08/14/2026 04:44:53,7.48,21.77,-36.55
6183,08/14/2026 04:54:53,7.45,21.80,-35.08
6184,08/14/2026 05:04:53,7.42,21.84,-33.36
6185,08/14/2026 05:14:53,7.39,21.89,-31.53
6186,08/14/2026 05:24:53,7.36,21.89,-30.06
6187,08/14/2026 05:34:53,7.34,21.91,-28.86
6188,08/14/2026 05:44:53,7.31,21.99,-27.16
6189,08/14/2026 05:54:53,7.30,22.03,-26.19
6190,08/14/2026 06:04:53,7.28,22.18,-25.24
6191,08/14/2026 06:14:53,7.26,22.20,-24.17
6192,08/14/2026 06:24:53,7.24,22.25,-23.22
6193,08/14/2026 06:34:53,7.22,22.27,-22.11
6194,08/14/2026 06:44:53,7.20,22.25,-21.08
6195,08/14/2026 06:54:53,7.19,22.32,-20.39
6196,08/14/2026 07:04:53,7.18,22.37,-19.50
6197,08/14/2026 07:14:53,7.16,22.39,-18.59
6198,08/14/2026 07:24:53,7.14,22.42,-17.55
6199,08/14/2026 07:34:53,7.13,22.47,-17.02
6200,08/14/2026 07:44:53,7.12,22.47,-16.30
6201,08/14/2026 07:54:53,7.10,22.49,-15.52
6202,08/14/2026 08:04:53,7.09,22.47,-14.92
6203,08/14/2026 08:14:53,7.08,22.51,-13.98
6204,08/14/2026 08:24:53,7.07,22.54,-13.31
6205,08/14/2026 08:34:53,7.07,22.61,-13.53
6206,08/14/2026 08:44:53,7.07,22.63,-13.45
6207,08/14/2026 08:54:53,7.08,22.66,-13.95
6208,08/14/2026 09:04:53,7.07,22.70,-13.84
6209,08/14/2026 09:14:53,7.08,22.70,-13.97
6210,08/14/2026 09:24:53,7.09,22.68,-14.80
6211,08/14/2026 09:34:53,7.18,22.87,-20.02
6212,08/14/2026 09:44:53,7.22,22.90,-21.84
6213,08/14/2026 09:54:53,7.25,22.82,-23.49
6214,08/14/2026 10:04:53,7.28,22.63,-25.24
6215,08/14/2026 10:14:53,7.31,22.56,-26.80
6216,08/14/2026 10:24:53,7.34,22.51,-28.94
6217,08/14/2026 10:34:53,7.37,22.44,-30.33
6218,08/14/2026 10:44:53,7.39,22.42,-31.59
6219,08/14/2026 10:54:53,7.40,22.32,-32.33
6220,08/14/2026 11:04:53,7.41,22.15,-32.81
6221,08/14/2026 11:14:53,7.44,21.96,-34.50
6222,08/14/2026 11:24:53,7.48,21.87,-36.47
6223,08/14/2026 11:34:53,7.51,21.82,-38.06
6224,08/14/2026 11:44:53,7.53,21.77,-39.44
6225,08/14/2026 11:54:53,7.55,21.75,-40.52
6226,08/14/2026 12:04:53,7.56,21.75,-41.20
6227,08/14/2026 12:14:53,7.59,21.56,-42.81
6228,08/14/2026 12:24:53,7.62,21.32,-44.58
6229,08/14/2026 12:34:53,7.67,20.98,-47.16
6230,08/14/2026 12:44:53,7.71,20.75,-49.41
6231,08/14/2026 12:54:53,7.77,20.44,-52.39
6232,08/14/2026 13:04:53,7.83,20.15,-55.86
6233,08/14/2026 13:14:53,7.86,20.06,-57.50
6234,08/14/2026 13:24:53,7.87,20.03,-58.08
6235,08/14/2026 13:34:53,7.88,20.06,-58.69
6236,08/14/2026 13:44:53,7.87,20.06,-58.36
6237,08/14/2026 13:54:53,7.86,20.10,-57.52
6238,08/14/2026 14:04:53,7.80,20.13,-54.36
6239,08/14/2026 14:14:53,7.84,20.13,-56.27
6240,08/14/2026 14:24:53,7.88,20.13,-58.55
6241,08/14/2026 14:34:53,7.91,20.13,-60.44
6242,08/14/2026 14:44:53,7.93,20.20,-61.31
6243,08/14/2026 14:54:53,7.93,20.39,-61.52
6244,08/14/2026 15:04:53,7.91,20.86,-60.35
6245,08/14/2026 15:14:53,7.87,21.25,-58.47
6246,08/14/2026 15:24:53,7.85,21.53,-57.33
6247,08/14/2026 15:34:53,7.82,21.89,-55.49
6248,08/14/2026 15:44:53,7.78,22.15,-53.50
6249,08/14/2026 15:54:53,7.74,22.51,-51.38
6250,08/14/2026 16:04:53,7.72,22.87,-50.03
6251,08/14/2026 16:14:53,7.69,23.11,-48.61
6252,08/14/2026 16:24:53,7.68,23.18,-47.97
6253,08/14/2026 16:34:53,7.66,23.38,-46.81
6254,08/14/2026 16:44:53,7.64,23.57,-45.81
6255,08/14/2026 16:54:53,7.62,23.71,-44.88
6256,08/14/2026 17:04:53,7.61,23.86,-44.17
6257,08/14/2026 17:14:53,7.59,24.05,-42.94
6258,08/14/2026 17:24:53,7.57,24.22,-41.70
6259,08/14/2026 17:34:53,7.55,24.34,-40.69
6260,08/14/2026 17:44:53,7.52,24.41,-39.24
6261,08/14/2026 17:54:53,7.50,24.51,-37.84
6262,08/14/2026 18:04:53,7.48,24.53,-36.84
6263,08/14/2026 18:14:53,7.46,24.56,-35.45
6264,08/14/2026 18:24:53,7.43,24.56,-34.16
6265,08/14/2026 18:34:53,7.41,24.48,-32.69
6266,08/14/2026 18:44:53,7.38,24.51,-31.14
6267,08/14/2026 18:54:53,7.36,24.51,-29.77
6268,08/14/2026 19:04:53,7.35,24.51,-29.34
6269,08/14/2026 19:14:53,7.32,24.53,-27.94
6270,08/14/2026 19:24:53,7.31,24.53,-27.24
6271,08/14/2026 19:34:53,7.28,24.53,-25.63
6272,08/14/2026 19:44:53,7.25,24.46,-23.67
6273,08/14/2026 19:54:53,7.22,24.39,-21.83
6274,08/14/2026 20:04:53,7.19,24.36,-20.53
6275,08/14/2026 20:14:53,7.15,24.48,-18.20
6276,08/14/2026 20:24:53,7.13,24.39,-16.97
6277,08/14/2026 20:34:53,7.14,24.27,-17.50
6278,08/14/2026 20:44:53,7.13,24.34,-17.17
6279,08/14/2026 20:54:53,7.13,24.44,-17.09
6280,08/14/2026 21:04:53,7.13,24.46,-17.11
6281,08/14/2026 21:14:53,7.15,24.44,-18.23
6282,08/14/2026 21:24:53,7.17,24.39,-19.11
6283,08/14/2026 21:34:53,7.23,23.81,-22.74
6284,08/14/2026 21:44:53,7.26,23.64,-24.47
6285,08/14/2026 21:54:53,7.30,23.52,-26.61
6286,08/14/2026 22:04:53,7.33,23.50,-28.24
6287,08/14/2026 22:14:53,7.35,23.40,-29.55
6288,08/14/2026 22:24:53,7.38,23.23,-31.19
6289,08/14/2026 22:34:53,7.39,23.18,-31.86
6290,08/14/2026 22:44:53,7.42,23.16,-33.13
6291,08/14/2026 22:54:53,7.47,22.99,-35.84
6292,08/14/2026 23:04:53,7.50,22.92,-37.64
6293,08/14/2026 23:14:53,7.53,22.80,-39.70
6294,08/14/2026 23:24:53,7.57,22.61,-41.41
6295,08/14/2026 23:34:53,7.59,22.39,-43.02
6296,08/14/2026 23:44:53,7.60,22.35,-43.47
6297,08/14/2026 23:54:53,7.61,22.30,-43.95
6298,08/15/2026 00:04:53,7.62,22.25,-44.39
6299,08/15/2026 00:14:53,7.64,22.08,-45.70
6300,08/15/2026 00:24:53,7.66,21.99,-46.63
6301,08/15/2026 00:34:53,7.69,21.72,-48.27
6302,08/15/2026 00:44:53,7.74,21.34,-50.91
6303,08/15/2026 00:54:53,7.80,20.79,-54.30
6304,08/15/2026 01:04:53,7.85,20.44,-56.81
6305,08/15/2026 01:14:53,7.87,20.34,-58.14
6306,08/15/2026 01:24:53,7.87,20.34,-58.38
6307,08/15/2026 01:34:53,7.89,20.34,-59.25
6308,08/15/2026 01:44:53,7.90,20.34,-59.75
6309,08/15/2026 01:54:53,7.90,20.34,-59.74
6310,08/15/2026 02:04:53,7.89,20.34,-59.47
6311,08/15/2026 02:14:53,7.89,20.34,-59.31
6312,08/15/2026 02:24:53,7.83,20.36,-55.95
6313,08/15/2026 02:34:53,7.84,20.39,-56.52
6314,08/15/2026 02:44:53,7.86,20.41,-57.45
6315,08/15/2026 02:54:53,7.86,20.44,-57.77
6316,08/15/2026 03:04:53,7.86,20.48,-57.35
6317,08/15/2026 03:14:53,7.84,20.58,-56.67
6318,08/15/2026 03:24:53,7.82,20.65,-55.44
6319,08/15/2026 03:34:53,7.79,20.72,-53.91
6320,08/15/2026 03:44:53,7.77,20.79,-52.36
6321,08/15/2026 03:54:53,7.74,20.96,-50.92
6322,08/15/2026 04:04:53,7.70,21.15,-48.70
6323,08/15/2026 04:14:53,7.66,21.27,-46.78
6324,08/15/2026 04:24:53,7.63,21.29,-44.91
6325,08/15/2026 04:34:53,7.61,21.41,-43.72
6326,08/15/2026 04:44:53,7.58,21.41,-42.19
6327,08/15/2026 04:54:53,7.56,21.41,-40.81
6328,08/15/2026 05:04:53,7.53,21.44,-39.41
6329,08/15/2026 05:14:53,7.51,21.46,-37.92
6330,08/15/2026 05:24:53,7.48,21.39,-36.25
6331,08/15/2026 05:34:53,7.45,21.41,-34.69
6332,08/15/2026 05:44:53,7.42,21.41,-33.03
6333,08/15/2026 05:54:53,7.39,21.44,-31.72
6334,08/15/2026 06:04:53,7.36,21.46,-30.06
6335,08/15/2026 06:14:53,7.34,21.49,-28.61
6336,08/15/2026 06:24:53,7.31,21.56,-27.19
6337,08/15/2026 06:34:53,7.29,21.63,-26.08
6338,08/15/2026 06:44:53,7.27,21.68,-24.89
6339,08/15/2026 06:54:53,7.25,21.72,-23.45
6340,08/15/2026 07:04:53,7.23,21.72,-22.25
6341,08/15/2026 07:14:53,7.21,21.75,-21.13
6342,08/15/2026 07:24:53,7.19,21.77,-20.30
6343,08/15/2026 07:34:53,7.18,21.77,-19.64
6344,08/15/2026 07:44:53,7.17,21.80,-18.94
6345,08/15/2026 07:54:53,7.15,21.82,-18.28
6346,08/15/2026 08:04:53,7.14,21.82,-17.53
6347,08/15/2026 08:14:53,7.13,21.89,-16.95
6348,08/15/2026 08:24:53,7.11,21.89,-15.64
6349,08/15/2026 08:34:53,7.09,21.99,-14.50
6350,08/15/2026 08:44:53,7.08,22.08,-13.94
6351,08/15/2026 08:54:53,7.06,22.13,-13.00
6352,08/15/2026 09:04:53,7.06,22.18,-13.06
6353,08/15/2026 09:14:53,7.07,22.23,-13.38
6354,08/15/2026 09:24:53,7.07,22.25,-13.45
6355,08/15/2026 09:34:53,7.07,22.25,-13.34
6356,08/15/2026 09:44:53,7.07,22.23,-13.48
6357,08/15/2026 09:54:53,7.08,22.20,-13.88
6358,08/15/2026 10:04:53,7.13,22.35,-16.84
6359,08/15/2026 10:14:53,7.18,22.42,-19.75
6360,08/15/2026 10:24:53,7.23,22.47,-22.64
6361,08/15/2026 10:34:53,7.27,22.42,-24.66
6362,08/15/2026 10:44:53,7.29,22.30,-25.91
6363,08/15/2026 10:54:53,7.32,22.20,-27.33
6364,08/15/2026 11:04:53,7.36,22.15,-29.99
6365,08/15/2026 11:14:53,7.39,22.13,-31.61
6366,08/15/2026 11:24:53,7.40,22.13,-31.94
6367,08/15/2026 11:34:53,7.41,22.03,-32.56
6368,08/15/2026 11:44:53,7.41,21.96,-32.61
6369,08/15/2026 11:54:53,7.44,21.82,-34.56
6370,08/15/2026 12:04:53,7.48,21.77,-36.45
6371,08/15/2026 12:14:53,7.51,21.68,-38.30
6372,08/15/2026 12:24:53,7.53,21.68,-39.34
6373,08/15/2026 12:34:53,7.55,21.70,-40.24
6374,08/15/2026 12:44:53,7.55,21.72,-40.61
6375,08/15/2026 12:54:53,7.58,21.70,-41.92
6376,08/15/2026 13:04:53,7.60,21.65,-43.45
6377,08/15/2026 13:14:53,7.63,21.58,-44.74
6378,08/15/2026 13:24:53,7.67,21.41,-47.38
6379,08/15/2026 13:34:53,7.74,21.10,-50.83
6380,08/15/2026 13:44:53,7.80,20.72,-54.22
6381,08/15/2026 13:54:53,7.83,20.58,-56.11
6382,08/15/2026 14:04:53,7.85,20.48,-57.22
6383,08/15/2026 14:14:53,7.86,20.44,-57.49
6384,08/15/2026 14:24:53,7.86,20.39,-57.69
6385,08/15/2026 14:34:53,7.86,20.32,-57.52
6386,08/15/2026 14:44:53,7.82,20.29,-55.33
6387,08/15/2026 14:54:53,7.78,20.27,-52.94
6388,08/15/2026 15:04:53,7.81,20.20,-54.56
6389,08/15/2026 15:14:53,7.85,20.15,-56.74
6390,08/15/2026 15:24:53,7.88,20.27,-58.97
6391,08/15/2026 15:34:53,7.89,20.53,-59.56
6392,08/15/2026 15:44:53,7.89,20.77,-59.61
6393,08/15/2026 15:54:53,7.89,21.13,-59.14
6394,08/15/2026 16:04:53,7.86,21.46,-57.88
6395,08/15/2026 16:14:53,7.82,21.84,-55.66
6396,08/15/2026 16:24:53,7.78,22.11,-53.61
6397,08/15/2026 16:34:53,7.76,22.32,-52.24
6398,08/15/2026 16:44:53,7.73,22.51,-50.74
6399,08/15/2026 16:54:53,7.71,22.66,-49.36
6400,08/15/2026 17:04:53,7.69,22.80,-48.41
6401,08/15/2026 17:14:53,7.67,22.90,-47.17
6402,08/15/2026 17:24:53,7.65,22.99,-46.39
6403,08/15/2026 17:34:53,7.63,23.09,-45.25
6404,08/15/2026 17:44:53,7.61,23.21,-43.80
6405,08/15/2026 17:54:53,7.59,23.30,-42.72
6406,08/15/2026 18:04:53,7.57,23.40,-41.91
6407,08/15/2026 18:14:53,7.55,23.50,-40.80
6408,08/15/2026 18:24:53,7.53,23.57,-39.42
6409,08/15/2026 18:34:53,7.51,23.62,-38.34
6410,08/15/2026 18:44:53,7.48,23.62,-36.89
6411,08/15/2026 18:54:53,7.46,23.64,-35.45
6412,08/15/2026 19:04:53,7.43,23.69,-34.09
6413,08/15/2026 19:14:53,7.41,23.69,-32.81
6414,08/15/2026 19:24:53,7.38,23.69,-31.08
6415,08/15/2026 19:34:53,7.35,23.64,-29.63
6416,08/15/2026 19:44:53,7.33,23.64,-27.99
6417,08/15/2026 19:54:53,7.30,23.64,-26.55
6418,08/15/2026 20:04:53,7.28,23.64,-25.19
6419,08/15/2026 20:14:53,7.26,23.64,-24.34
6420,08/15/2026 20:24:53,7.24,23.62,-23.05
6421,08/15/2026 20:34:53,7.21,23.50,-21.75
6422,08/15/2026 20:44:53,7.19,23.62,-20.47
6423,08/15/2026 20:54:53,7.16,23.45,-18.81
6424,08/15/2026 21:04:53,7.14,23.45,-17.67
6425,08/15/2026 21:14:53,7.12,23.45,-16.42
6426,08/15/2026 21:24:53,7.13,23.40,-16.73
6427,08/15/2026 21:34:53,7.13,23.42,-16.77
6428,08/15/2026 21:44:53,7.12,23.52,-16.47
6429,08/15/2026 21:54:53,7.14,23.52,-17.30
6430,08/15/2026 22:04:53,7.15,23.54,-18.14
6431,08/15/2026 22:14:53,7.16,23.52,-18.67
6432,08/15/2026 22:24:53,7.24,23.09,-23.22
6433,08/15/2026 22:34:53,7.28,22.94,-25.61
6434,08/15/2026 22:44:53,7.30,22.97,-26.59
6435,08/15/2026 22:54:53,7.33,22.87,-28.28
6436,08/15/2026 23:04:53,7.35,22.87,-29.59
6437,08/15/2026 23:14:53,7.38,22.80,-30.86
6438,08/15/2026 23:24:53,7.42,22.66,-33.11
6439,08/15/2026 23:34:53,7.42,22.68,-33.14
6440,08/15/2026 23:44:53,7.45,22.56,-35.13
6441,08/15/2026 23:54:53,7.48,22.51,-36.63
6442,08/16/2026 00:04:53,7.52,22.47,-38.64
6443,08/16/2026 00:14:53,7.55,22.32,-40.72
6444,08/16/2026 00:24:53,7.59,22.18,-43.02
6445,08/16/2026 00:34:53,7.62,22.08,-44.61
6446,08/16/2026 00:44:53,7.64,22.03,-45.52
6447,08/16/2026 00:54:53,7.63,22.03,-45.20
6448,08/16/2026 01:04:53,7.65,21.96,-45.81
6449,08/16/2026 01:14:53,7.67,21.87,-47.00
6450,08/16/2026 01:24:53,7.70,21.65,-48.88
6451,08/16/2026 01:34:53,7.71,21.56,-49.42
6452,08/16/2026 01:44:53,7.73,21.25,-50.63
6453,08/16/2026 01:54:53,7.76,20.82,-52.16
6454,08/16/2026 02:04:53,7.81,20.22,-54.67
6455,08/16/2026 02:14:53,7.84,19.79,-56.20
6456,08/16/2026 02:24:53,7.85,19.58,-56.67
6457,08/16/2026 02:34:53,7.85,19.44,-56.88
6458,08/16/2026 02:44:53,7.85,19.34,-56.63
6459,08/16/2026 02:54:53,7.82,19.20,-55.45
6460,08/16/2026 03:04:53,7.79,19.20,-53.52
6461,08/16/2026 03:14:53,7.76,19.06,-51.94
6462,08/16/2026 03:24:53,7.81,18.96,-54.44
6463,08/16/2026 03:34:53,7.84,19.06,-56.27
6464,08/16/2026 03:44:53,7.87,19.25,-58.11
6465,08/16/2026 03:54:53,7.87,19.60,-58.25
6466,08/16/2026 04:04:53,7.86,20.01,-57.50
6467,08/16/2026 04:14:53,7.83,20.41,-55.94
6468,08/16/2026 04:24:53,7.81,20.67,-54.81
6469,08/16/2026 04:34:53,7.78,20.94,-52.97
6470,08/16/2026 04:44:53,7.73,21.10,-50.36
6471,08/16/2026 04:54:53,7.69,21.17,-48.36
6472,08/16/2026 05:04:53,7.66,21.20,-46.72
6473,08/16/2026 05:14:53,7.64,21.22,-45.60
6474,08/16/2026 05:24:53,7.62,21.22,-44.06
6475,08/16/2026 05:34:53,7.60,21.27,-42.94
6476,08/16/2026 05:44:53,7.57,21.25,-41.58
6477,08/16/2026 05:54:53,7.54,21.20,-40.02
6478,08/16/2026 06:04:53,7.52,21.20,-38.86
6479,08/16/2026 06:14:53,7.49,21.17,-37.22
6480,08/16/2026 06:24:53,7.46,21.10,-35.44
6481,08/16/2026 06:34:53,7.43,21.17,-33.59
6482,08/16/2026 06:44:53,7.40,21.13,-31.83
6483,08/16/2026 06:54:53,7.37,21.17,-30.28
6484,08/16/2026 07:04:53,7.34,21.20,-28.64
6485,08/16/2026 07:14:53,7.32,21.27,-27.38
6486,08/16/2026 07:24:53,7.30,21.34,-26.14
6487,08/16/2026 07:34:53,7.27,21.37,-25.00
6488,08/16/2026 07:44:53,7.25,21.39,-23.56
6489,08/16/2026 07:54:53,7.23,21.39,-22.34
6490,08/16/2026 08:04:53,7.21,21.46,-21.66
6491,08/16/2026 08:14:53,7.20,21.51,-20.58
6492,08/16/2026 08:24:53,7.18,21.58,-19.94
6493,08/16/2026 08:34:53,7.17,21.58,-19.20
6494,08/16/2026 08:44:53,7.16,21.63,-18.77
6495,08/16/2026 08:54:53,7.15,21.70,-17.95
6496,08/16/2026 09:04:53,7.13,21.75,-16.83
6497,08/16/2026 09:14:53,7.11,21.89,-15.53
6498,08/16/2026 09:24:53,7.08,21.96,-14.33
6499,08/16/2026 09:34:53,7.09,22.03,-14.50
6500,08/16/2026 09:44:53,7.09,22.11,-14.77
6501,08/16/2026 09:54:53,7.09,22.11,-14.55
6502,08/16/2026 10:04:53,7.11,22.08,-15.64
6503,08/16/2026 10:14:53,7.11,22.06,-15.73
6504,08/16/2026 10:24:53,7.12,22.08,-16.33
6505,08/16/2026 10:34:53,7.13,22.01,-16.66
6506,08/16/2026 10:44:53,7.21,22.27,-21.55
6507,08/16/2026 10:54:53,7.27,22.30,-24.74
6508,08/16/2026 11:04:53,7.30,22.30,-26.47
6509,08/16/2026 11:14:53,7.33,22.30,-28.33
6510,08/16/2026 11:24:53,7.35,22.25,-29.22
6511,08/16/2026 11:34:53,7.36,22.27,-29.72
6512,08/16/2026 11:44:53,7.38,22.20,-31.14
6513,08/16/2026 11:54:53,7.43,22.15,-33.52
6514,08/16/2026 12:04:53,7.44,22.13,-34.33
6515,08/16/2026 12:14:53,7.46,22.06,-35.67
6516,08/16/2026 12:24:53,7.47,22.03,-36.08
6517,08/16/2026 12:34:53,7.49,21.94,-37.20
6518,08/16/2026 12:44:53,7.53,21.87,-39.06
6519,08/16/2026 12:54:53,7.56,21.84,-40.84
6520,08/16/2026 13:04:53,7.58,21.77,-42.17
6521,08/16/2026 13:14:53,7.61,21.77,-43.81
6522,08/16/2026 13:24:53,7.62,21.82,-44.45
6523,08/16/2026 13:34:53,7.64,21.77,-45.28
6524,08/16/2026 13:44:53,7.66,21.70,-46.50
6525,08/16/2026 13:54:53,7.69,21.56,-48.24
6526,08/16/2026 14:04:53,7.74,21.22,-50.83
6527,08/16/2026 14:14:53,7.77,20.96,-52.72
6528,08/16/2026 14:24:53,7.81,20.72,-54.74
6529,08/16/2026 14:34:53,7.85,20.25,-57.24
6530,08/16/2026 14:44:53,7.87,19.94,-58.24
6531,08/16/2026 14:54:53,7.88,19.82,-58.89
6532,08/16/2026 15:04:53,7.88,19.75,-58.55
6533,08/16/2026 15:14:53,7.85,19.70,-57.17
6534,08/16/2026 15:24:53,7.81,19.67,-54.94
6535,08/16/2026 15:34:53,7.78,19.67,-52.97
6536,08/16/2026 15:44:53,7.79,19.65,-53.77
6537,08/16/2026 15:54:53,7.86,19.58,-57.53
6538,08/16/2026 16:04:53,7.89,19.67,-59.42
6539,08/16/2026 16:14:53,7.90,20.22,-59.74
6540,08/16/2026 16:24:53,7.90,20.60,-59.63
6541,08/16/2026 16:34:53,7.88,21.01,-58.86
6542,08/16/2026 16:44:53,7.87,21.29,-58.45
6543,08/16/2026 16:54:53,7.84,21.94,-56.67
6544,08/16/2026 17:04:53,7.81,22.35,-55.19
6545,08/16/2026 17:14:53,7.79,22.58,-53.83
6546,08/16/2026 17:24:53,7.77,22.78,-52.81
6547,08/16/2026 17:34:53,7.75,22.94,-51.86
6548,08/16/2026 17:44:53,7.74,22.99,-51.00
6549,08/16/2026 17:54:53,7.72,23.11,-50.16
6550,08/16/2026 18:04:53,7.71,23.21,-49.41
6551,08/16/2026 18:14:53,7.69,23.35,-48.30
6552,08/16/2026 18:24:53,7.67,23.47,-47.25
6553,08/16/2026 18:34:53,7.65,23.54,-46.33
6554,08/16/2026 18:44:53,7.63,23.62,-45.06
6555,08/16/2026 18:54:53,7.61,23.74,-43.83
6556,08/16/2026 19:04:53,7.59,23.76,-42.67
6557,08/16/2026 19:14:53,7.56,23.83,-41.47
6558,08/16/2026 19:24:53,7.54,23.83,-39.94
6559,08/16/2026 19:34:53,7.51,23.86,-38.55
6560,08/16/2026 19:44:53,7.49,23.88,-37.03
6561,08/16/2026 19:54:53,7.46,23.91,-35.41
6562,08/16/2026 20:04:53,7.43,23.91,-33.81
6563,08/16/2026 20:14:53,7.39,23.86,-31.91
6564,08/16/2026 20:24:53,7.36,23.83,-30.09
6565,08/16/2026 20:34:53,7.32,23.81,-27.92
6566,08/16/2026 20:44:53,7.30,23.79,-26.58
6567,08/16/2026 20:54:53,7.27,23.76,-25.08
6568,08/16/2026 21:04:53,7.25,23.74,-23.77
6569,08/16/2026 21:14:53,7.24,23.69,-23.00
6570,08/16/2026 21:24:53,7.22,23.64,-22.28
6571,08/16/2026 21:34:53,7.22,23.59,-21.88
6572,08/16/2026 21:44:53,7.18,23.47,-19.81
6573,08/16/2026 21:54:53,7.16,23.45,-18.63
6574,08/16/2026 22:04:53,7.16,23.45,-18.42
6575,08/16/2026 22:14:53,7.16,23.52,-18.73
6576,08/16/2026 22:24:53,7.17,23.54,-19.05
6577,08/16/2026 22:34:53,7.17,23.59,-19.25
6578,08/16/2026 22:44:53,7.18,23.62,-19.64
6579,08/16/2026 22:54:53,7.21,23.62,-21.39
6580,08/16/2026 23:04:53,7.24,23.59,-23.02
6581,08/16/2026 23:14:53,7.32,23.02,-27.86
6582,08/16/2026 23:24:53,7.35,22.97,-29.24
6583,08/16/2026 23:34:53,7.36,22.97,-29.86
6584,08/16/2026 23:44:53,7.39,22.80,-31.45
6585,08/16/2026 23:54:53,7.40,22.87,-32.17
6586,08/17/2026 00:04:53,7.42,22.80,-33.36
6587,08/17/2026 00:14:53,7.44,22.73,-34.41
6588,08/17/2026 00:24:53,7.44,22.78,-34.64
6589,08/17/2026 00:34:53,7.49,22.61,-37.13
6590,08/17/2026 00:44:53,7.53,22.49,-39.63
6591,08/17/2026 00:54:53,7.56,22.42,-41.16
6592,08/17/2026 01:04:53,7.58,22.30,-42.47
6593,08/17/2026 01:14:53,7.61,22.20,-44.14
6594,08/17/2026 01:24:53,7.64,22.06,-45.75
6595,08/17/2026 01:34:53,7.66,21.96,-46.52
6596,08/17/2026 01:44:53,7.67,21.96,-46.99
6597,08/17/2026 01:54:53,7.66,21.96,-46.86
6598,08/17/2026 02:04:53,7.68,21.87,-47.69
6599,08/17/2026 02:14:53,7.69,21.77,-48.08
6600,08/17/2026 02:24:53,7.72,21.53,-49.69
6601,08/17/2026 02:34:53,7.73,21.44,-50.31
6602,08/17/2026 02:44:53,7.72,21.13,-50.16
6603,08/17/2026 02:54:53,7.75,20.56,-51.63
6604,08/17/2026 03:04:53,7.78,19.70,-53.10
6605,08/17/2026 03:14:53,7.80,19.29,-53.85
6606,08/17/2026 03:24:53,7.79,18.75,-53.20
6607,08/17/2026 03:34:53,7.78,18.34,-52.64
6608,08/17/2026 03:44:53,7.74,18.01,-50.41
6609,08/17/2026 03:54:53,7.74,17.96,-50.52
6610,08/17/2026 04:04:53,7.80,18.08,-53.92
6611,08/17/2026 04:14:53,7.83,18.34,-55.41
6612,08/17/2026 04:24:53,7.82,19.48,-55.42
6613,08/17/2026 04:34:53,7.80,20.41,-54.49
6614,08/17/2026 04:44:53,7.80,20.86,-54.31
6615,08/17/2026 04:54:53,7.79,21.06,-53.80
6616,08/17/2026 05:04:53,7.78,21.17,-53.05
6617,08/17/2026 05:14:53,7.76,21.32,-52.42
6618,08/17/2026 05:24:53,7.75,21.44,-51.50
6619,08/17/2026 05:34:53,7.73,21.53,-50.70
6620,08/17/2026 05:44:53,7.72,21.58,-49.83
6621,08/17/2026 05:54:53,7.70,21.60,-48.94
6622,08/17/2026 06:04:53,7.68,21.65,-47.91
6623,08/17/2026 06:14:53,7.66,21.68,-46.52
6624,08/17/2026 06:24:53,7.64,21.70,-45.45
6625,08/17/2026 06:34:53,7.62,21.75,-44.31
6626,08/17/2026 06:44:53,7.60,21.77,-43.20
6627,08/17/2026 06:54:53,7.57,21.82,-41.44
6628,08/17/2026 07:04:53,7.54,21.87,-39.63
6629,08/17/2026 07:14:53,7.50,21.91,-37.69
6630,08/17/2026 07:24:53,7.47,21.96,-36.24
6631,08/17/2026 07:34:53,7.45,21.96,-34.63
6632,08/17/2026 07:44:53,7.42,21.99,-33.03
6633,08/17/2026 07:54:53,7.39,22.03,-31.58
6634,08/17/2026 08:04:53,7.37,22.06,-30.49
6635,08/17/2026 08:14:53,7.35,22.11,-29.34
6636,08/17/2026 08:24:53,7.33,22.13,-28.13
6637,08/17/2026 08:34:53,7.30,22.18,-26.58
6638,08/17/2026 08:44:53,7.28,22.23,-25.30
6639,08/17/2026 08:54:53,7.26,22.27,-24.13
6640,08/17/2026 09:04:53,7.23,22.30,-22.81
6641,08/17/2026 09:14:53,7.20,22.35,-21.09
6642,08/17/2026 09:24:53,7.19,22.35,-20.14
6643,08/17/2026 09:34:53,7.16,22.35,-18.75
6644,08/17/2026 09:44:53,7.15,22.37,-17.84
6645,08/17/2026 09:54:53,7.15,22.39,-18.33
6646,08/17/2026 10:04:53,7.13,22.37,-16.94
6647,08/17/2026 10:14:53,7.15,22.37,-17.78
6648,08/17/2026 10:24:53,7.15,22.39,-18.27
6649,08/17/2026 10:34:53,7.16,22.42,-18.45
6650,08/17/2026 10:44:53,7.16,22.44,-18.53
6651,08/17/2026 10:54:53,7.16,22.44,-18.84
6652,08/17/2026 11:04:53,7.19,22.42,-20.22
6653,08/17/2026 11:14:53,7.23,22.35,-22.81
6654,08/17/2026 11:24:53,7.32,22.30,-27.50
6655,08/17/2026 11:34:53,7.37,22.30,-30.19
6656,08/17/2026 11:44:53,7.39,22.27,-31.25
6657,08/17/2026 11:54:53,7.42,22.25,-33.16
6658,08/17/2026 12:04:53,7.43,22.23,-33.64
6659,08/17/2026 12:14:53,7.44,22.20,-34.11
6660,08/17/2026 12:24:53,7.45,22.20,-34.94
6661,08/17/2026 12:34:53,7.47,22.23,-35.75
6662,08/17/2026 12:44:53,7.50,22.18,-37.59
6663,08/17/2026 12:54:53,7.53,22.08,-39.59
6664,08/17/2026 13:04:53,7.55,21.96,-40.72
6665,08/17/2026 13:14:53,7.57,21.89,-41.55
6666,08/17/2026 13:24:53,7.60,21.72,-43.50
6667,08/17/2026 13:34:53,7.63,21.63,-45.16
6668,08/17/2026 13:44:53,7.66,21.51,-46.74
6669,08/17/2026 13:54:53,7.69,21.46,-48.06
6670,08/17/2026 14:04:53,7.71,21.34,-49.11
6671,08/17/2026 14:14:53,7.71,21.39,-49.47
6672,08/17/2026 14:24:53,7.73,21.27,-50.36
6673,08/17/2026 14:34:53,7.75,21.08,-51.45
6674,08/17/2026 14:44:53,7.77,20.70,-52.58
6675,08/17/2026 14:54:53,7.81,19.79,-54.77
6676,08/17/2026 15:04:53,7.84,18.77,-56.39
6677,08/17/2026 15:14:53,7.86,18.27,-57.31
6678,08/17/2026 15:24:53,7.88,17.75,-58.22
6679,08/17/2026 15:34:53,7.88,17.56,-58.11
6680,08/17/2026 15:44:53,7.87,17.34,-57.91
6681,08/17/2026 15:54:53,7.88,17.27,-57.99
6682,08/17/2026 16:04:53,7.85,17.20,-56.49
6683,08/17/2026 16:14:53,7.82,17.18,-54.80
6684,08/17/2026 16:24:53,7.86,17.03,-57.16
6685,08/17/2026 16:34:53,7.89,17.01,-58.61
6686,08/17/2026 16:44:53,7.90,17.34,-59.17
6687,08/17/2026 16:54:53,7.90,17.89,-59.67
6688,08/17/2026 17:04:53,7.89,19.03,-59.25
6689,08/17/2026 17:14:53,7.88,19.77,-58.36
6690,08/17/2026 17:24:53,7.86,20.29,-57.56
6691,08/17/2026 17:34:53,7.84,20.72,-56.74
6692,08/17/2026 17:44:53,7.83,21.01,-55.94
6693,08/17/2026 17:54:53,7.81,21.25,-54.91
6694,08/17/2026 18:04:53,7.79,21.46,-53.85
6695,08/17/2026 18:14:53,7.77,21.63,-52.95
6696,08/17/2026 18:24:53,7.75,21.77,-51.85
6697,08/17/2026 18:34:53,7.74,21.82,-51.24
6698,08/17/2026 18:44:53,7.73,21.91,-50.50
6699,08/17/2026 18:54:53,7.71,22.06,-49.53
6700,08/17/2026 19:04:53,7.68,22.15,-48.06
6701,08/17/2026 19:14:53,7.66,22.25,-46.86
6702,08/17/2026 19:24:53,7.65,22.37,-45.88
6703,08/17/2026 19:34:53,7.62,22.47,-44.30
6704,08/17/2026 19:44:53,7.60,22.51,-43.33
6705,08/17/2026 19:54:53,7.57,22.58,-41.81
6706,08/17/2026 20:04:53,7.55,22.63,-40.70
6707,08/17/2026 20:14:53,7.53,22.68,-39.20
6708,08/17/2026 20:24:53,7.50,22.70,-37.95
6709,08/17/2026 20:34:53,7.48,22.75,-36.44
6710,08/17/2026 20:44:53,7.45,22.78,-35.17
6711,08/17/2026 20:54:53,7.43,22.80,-33.81
6712,08/17/2026 21:04:53,7.41,22.82,-32.53
6713,08/17/2026 21:14:53,7.38,22.85,-31.17
6714,08/17/2026 21:24:53,7.36,22.87,-29.95
6715,08/17/2026 21:34:53,7.34,22.90,-28.67
6716,08/17/2026 21:44:53,7.32,22.92,-27.56
6717,08/17/2026 21:54:53,7.30,22.92,-26.47
6718,08/17/2026 22:04:53,7.29,22.92,-25.83
6719,08/17/2026 22:14:53,7.27,22.92,-24.70
6720,08/17/2026 22:24:53,7.26,22.92,-24.09
6721,08/17/2026 22:34:53,7.23,22.85,-22.53
6722,08/17/2026 22:44:53,7.20,22.87,-21.11
6723,08/17/2026 22:54:53,7.20,22.87,-21.11
6724,08/17/2026 23:04:53,7.21,22.85,-21.39
6725,08/17/2026 23:14:53,7.21,22.87,-21.58
6726,08/17/2026 23:24:53,7.22,22.90,-21.97
6727,08/17/2026 23:34:53,7.24,22.87,-23.14
6728,08/17/2026 23:44:53,7.26,22.85,-24.03
6729,08/17/2026 23:54:53,7.35,22.61,-29.05
6730,08/18/2026 00:04:53,7.40,22.49,-32.28
6731,08/18/2026 00:14:53,7.43,22.47,-33.78
6732,08/18/2026 00:24:53,7.45,22.42,-34.74
6733,08/18/2026 00:34:53,7.48,22.32,-36.64
6734,08/18/2026 00:44:53,7.48,22.35,-36.33
6735,08/18/2026 00:54:53,7.49,22.27,-37.05
6736,08/18/2026 01:04:53,7.50,22.25,-37.77
6737,08/18/2026 01:14:53,7.51,22.23,-38.25
6738,08/18/2026 01:24:53,7.54,22.11,-39.94
6739,08/18/2026 01:34:53,7.58,21.94,-41.94
6740,08/18/2026 01:44:53,7.61,21.77,-43.69
6741,08/18/2026 01:54:53,7.64,21.53,-45.44
6742,08/18/2026 02:04:53,7.67,21.27,-47.28
6743,08/18/2026 02:14:53,7.69,21.13,-48.47
6744,08/18/2026 02:24:53,7.71,21.03,-49.06
6745,08/18/2026 02:34:53,7.73,20.89,-50.16
6746,08/18/2026 02:44:53,7.74,20.79,-50.85
6747,08/18/2026 02:54:53,7.74,20.72,-50.81
6748,08/18/2026 03:04:53,7.75,20.63,-51.45
6749,08/18/2026 03:14:53,7.76,20.41,-51.75
6750,08/18/2026 03:24:53,7.77,20.13,-52.69
6751,08/18/2026 03:34:53,7.78,19.86,-53.24
6752,08/18/2026 03:44:53,7.78,19.51,-53.27
6753,08/18/2026 03:54:53,7.80,18.70,-54.11
6754,08/18/2026 04:04:53,7.81,18.06,-54.41
6755,08/18/2026 04:14:53,7.80,17.80,-54.03
6756,08/18/2026 04:24:53,7.78,17.68,-52.92
6757,08/18/2026 04:34:53,7.82,17.72,-54.75
6758,08/18/2026 04:44:53,7.83,17.72,-55.41
6759,08/18/2026 04:54:53,7.85,17.63,-56.56
6760,08/18/2026 05:04:53,7.84,18.18,-56.36
6761,08/18/2026 05:14:53,7.84,18.68,-56.25
6762,08/18/2026 05:24:53,7.83,19.22,-55.64
6763,08/18/2026 05:34:53,7.82,19.70,-55.10
6764,08/18/2026 05:44:53,7.80,20.03,-54.22
6765,08/18/2026 05:54:53,7.78,20.29,-53.38
6766,08/18/2026 06:04:53,7.77,20.46,-52.78
6767,08/18/2026 06:14:53,7.76,20.56,-52.27
6768,08/18/2026 06:24:53,7.75,20.65,-51.63
6769,08/18/2026 06:34:53,7.75,20.72,-51.38
6770,08/18/2026 06:44:53,7.74,20.79,-50.83
6771,08/18/2026 06:54:53,7.72,20.89,-50.08
6772,08/18/2026 07:04:53,7.71,20.98,-49.14
6773,08/18/2026 07:14:53,7.68,21.10,-47.78
6774,08/18/2026 07:24:53,7.65,21.22,-46.17
6775,08/18/2026 07:34:53,7.63,21.34,-45.02
6776,08/18/2026 07:44:53,7.60,21.46,-43.33
6777,08/18/2026 07:54:53,7.57,21.56,-41.42
6778,08/18/2026 08:04:53,7.54,21.70,-39.77
6779,08/18/2026 08:14:53,7.50,21.77,-37.84
6780,08/18/2026 08:24:53,7.47,21.84,-36.11
6781,08/18/2026 08:34:53,7.44,21.91,-34.52
6782,08/18/2026 08:44:53,7.42,21.96,-32.94
6783,08/18/2026 08:54:53,7.39,21.99,-31.61
6784,08/18/2026 09:04:53,7.37,22.03,-30.33
6785,08/18/2026 09:14:53,7.35,22.06,-29.22
6786,08/18/2026 09:24:53,7.33,22.08,-28.03
6787,08/18/2026 09:34:53,7.30,22.13,-26.56
6788,08/18/2026 09:44:53,7.29,22.15,-25.78
6789,08/18/2026 09:54:53,7.27,22.20,-24.75
6790,08/18/2026 10:04:53,7.26,22.25,-24.22
6791,08/18/2026 10:14:53,7.24,22.27,-23.17
6792,08/18/2026 10:24:53,7.23,22.30,-22.77
6793,08/18/2026 10:34:53,7.22,22.37,-21.88
6794,08/18/2026 10:44:53,7.20,22.42,-21.03
6795,08/18/2026 10:54:53,7.17,22.44,-19.36
6796,08/18/2026 11:04:53,7.17,22.44,-19.13
6797,08/18/2026 11:14:53,7.17,22.39,-19.27
6798,08/18/2026 11:24:53,7.18,22.42,-19.73
6799,08/18/2026 11:34:53,7.20,22.37,-20.78
6800,08/18/2026 11:44:53,7.21,22.37,-21.25
6801,08/18/2026 11:54:53,7.24,22.30,-22.94
6802,08/18/2026 12:04:53,7.34,22.20,-28.77
6803,08/18/2026 12:14:53,7.41,22.15,-32.53
6804,08/18/2026 12:24:53,7.41,22.18,-32.50
6805,08/18/2026 12:34:53,7.45,22.11,-34.92
6806,08/18/2026 12:44:53,7.48,22.06,-36.52
6807,08/18/2026 12:54:53,7.49,22.06,-37.13
6808,08/18/2026 13:04:53,7.50,22.06,-37.86
6809,08/18/2026 13:14:53,7.51,22.06,-38.44
6810,08/18/2026 13:24:53,7.54,21.96,-39.86
6811,08/18/2026 13:34:53,7.58,21.72,-42.16
6812,08/18/2026 13:44:53,7.62,21.56,-44.22
6813,08/18/2026 13:54:53,7.64,21.44,-45.44
6814,08/18/2026 14:04:53,7.66,21.22,-46.66
6815,08/18/2026 14:14:53,7.69,20.96,-47.92
6816,08/18/2026 14:24:53,7.71,20.79,-49.22
6817,08/18/2026 14:34:53,7.73,20.75,-50.44
6818,08/18/2026 14:44:53,7.73,20.65,-50.64
6819,08/18/2026 14:54:53,7.74,20.56,-51.11
6820,08/18/2026 15:04:53,7.76,20.34,-52.27
6821,08/18/2026 15:14:53,7.78,20.17,-53.08
6822,08/18/2026 15:24:53,7.79,19.89,-53.89
6823,08/18/2026 15:34:53,7.81,19.51,-54.44
6824,08/18/2026 15:44:53,7.83,19.13,-55.66
6825,08/18/2026 15:54:53,7.85,18.72,-56.75
6826,08/18/2026 16:04:53,7.86,18.27,-57.05
6827,08/18/2026 16:14:53,7.86,18.03,-56.95
6828,08/18/2026 16:24:53,7.85,17.70,-56.58
6829,08/18/2026 16:34:53,7.84,17.56,-56.13
6830,08/18/2026 16:44:53,7.84,17.46,-55.95
6831,08/18/2026 16:54:53,7.79,17.37,-53.25
6832,08/18/2026 17:04:53,7.84,17.39,-55.94
6833,08/18/2026 17:14:53,7.87,17.37,-57.44
6834,08/18/2026 17:24:53,7.88,17.61,-58.19
6835,08/18/2026 17:34:53,7.89,17.99,-58.69
6836,08/18/2026 17:44:53,7.88,18.68,-58.67
6837,08/18/2026 17:54:53,7.87,19.37,-58.22
6838,08/18/2026 18:04:53,7.87,19.82,-58.14
6839,08/18/2026 18:14:53,7.86,20.03,-57.70
6840,08/18/2026 18:24:53,7.85,20.34,-57.05
6841,08/18/2026 18:34:53,7.84,20.56,-56.50
6842,08/18/2026 18:44:53,7.82,20.75,-55.47
6843,08/18/2026 18:54:53,7.82,20.96,-55.19
6844,08/18/2026 19:04:53,7.81,21.10,-54.86
6845,08/18/2026 19:14:53,7.80,21.27,-54.49
6846,08/18/2026 19:24:53,7.78,21.51,-53.55
6847,08/18/2026 19:34:53,7.77,21.68,-52.81
6848,08/18/2026 19:44:53,7.76,21.87,-52.17
6849,08/18/2026 19:54:53,7.73,22.03,-50.81
6850,08/18/2026 20:04:53,7.71,22.23,-49.44
6851,08/18/2026 20:14:53,7.69,22.42,-48.16
6852,08/18/2026 20:24:53,7.66,22.54,-46.78
6853,08/18/2026 20:34:53,7.63,22.63,-45.24
6854,08/18/2026 20:44:53,7.61,22.78,-43.67
6855,08/18/2026 20:54:53,7.58,22.85,-42.49
6856,08/18/2026 21:04:53,7.56,22.94,-40.89
6857,08/18/2026 21:14:53,7.52,23.02,-38.99
6858,08/18/2026 21:24:53,7.49,23.09,-37.17
6859,08/18/2026 21:34:53,7.47,23.14,-36.19
6860,08/18/2026 21:44:53,7.44,23.16,-34.38
6861,08/18/2026 21:54:53,7.41,23.18,-32.61
6862,08/18/2026 22:04:53,7.38,23.21,-31.17
6863,08/18/2026 22:14:53,7.36,23.23,-29.64
6864,08/18/2026 22:24:53,7.34,23.23,-28.56
6865,08/18/2026 22:34:53,7.32,23.23,-27.63
6866,08/18/2026 22:44:53,7.30,23.21,-26.80
6867,08/18/2026 22:54:53,7.29,23.18,-26.00
6868,08/18/2026 23:04:53,7.28,23.16,-25.39
6869,08/18/2026 23:14:53,7.26,23.11,-24.00
6870,08/18/2026 23:24:53,7.22,23.06,-21.97
6871,08/18/2026 23:34:53,7.21,23.09,-21.22
6872,08/18/2026 23:44:53,7.20,23.06,-20.95
6873,08/18/2026 23:54:53,7.21,23.11,-21.49
6874,08/19/2026 00:04:53,7.21,23.14,-21.72
6875,08/19/2026 00:14:53,7.24,23.11,-23.20
6876,08/19/2026 00:24:53,7.25,23.11,-23.86
6877,08/19/2026 00:34:53,7.27,23.11,-24.58
6878,08/19/2026 00:44:53,7.33,22.82,-28.41
6879,08/19/2026 00:54:53,7.41,22.61,-32.69
6880,08/19/2026 01:04:53,7.45,22.56,-34.69
6881,08/19/2026 01:14:53,7.47,22.49,-35.95
6882,08/19/2026 01:24:53,7.50,22.37,-37.69
6883,08/19/2026 01:34:53,7.49,22.39,-37.31
6884,08/19/2026 01:44:53,7.49,22.37,-37.22
6885,08/19/2026 01:54:53,7.50,22.30,-37.83
6886,08/19/2026 02:04:53,7.51,22.32,-38.06
6887,08/19/2026 02:14:53,7.54,22.15,-39.66
6888,08/19/2026 02:24:53,7.58,21.84,-42.27
6889,08/19/2026 02:34:53,7.62,21.60,-44.49
6890,08/19/2026 02:44:53,7.65,21.39,-46.05
6891,08/19/2026 02:54:53,7.68,21.10,-47.49
6892,08/19/2026 03:04:53,7.70,20.89,-48.53
6893,08/19/2026 03:14:53,7.71,20.72,-49.19
6894,08/19/2026 03:24:53,7.73,20.63,-50.17
6895,08/19/2026 03:34:53,7.73,20.56,-50.49
6896,08/19/2026 03:44:53,7.74,20.48,-50.72
6897,08/19/2026 03:54:53,7.74,20.36,-51.03
6898,08/19/2026 04:04:53,7.75,20.32,-51.24
6899,08/19/2026 04:14:53,7.75,20.17,-51.44
6900,08/19/2026 04:24:53,7.75,19.98,-51.56
6901,08/19/2026 04:34:53,7.76,19.82,-51.70
6902,08/19/2026 04:44:53,7.73,19.67,-50.19
6903,08/19/2026 04:54:53,7.75,19.32,-51.49
6904,08/19/2026 05:04:53,7.74,19.17,-50.97
6905,08/19/2026 05:14:53,7.70,19.10,-48.58
6906,08/19/2026 05:24:53,7.75,19.13,-51.49
6907,08/19/2026 05:34:53,7.76,19.20,-52.10
6908,08/19/2026 05:44:53,7.76,19.20,-52.08
6909,08/19/2026 05:54:53,7.76,19.39,-52.14
6910,08/19/2026 06:04:53,7.78,19.58,-52.75
6911,08/19/2026 06:14:53,7.77,19.75,-52.52
6912,08/19/2026 06:24:53,7.76,19.91,-52.08
6913,08/19/2026 06:34:53,7.76,20.08,-51.77
6914,08/19/2026 06:44:53,7.76,20.25,-51.86
6915,08/19/2026 06:54:53,7.75,20.34,-51.60
6916,08/19/2026 07:04:53,7.75,20.41,-51.33
6917,08/19/2026 07:14:53,7.74,20.48,-50.86
6918,08/19/2026 07:24:53,7.73,20.60,-50.22
6919,08/19/2026 07:34:53,7.73,20.67,-50.39
6920,08/19/2026 07:44:53,7.71,20.79,-49.50
6921,08/19/2026 07:54:53,7.70,20.94,-49.00
6922,08/19/2026 08:04:53,7.69,21.06,-48.16
6923,08/19/2026 08:14:53,7.68,21.20,-47.39
6924,08/19/2026 08:24:53,7.66,21.34,-46.63
6925,08/19/2026 08:34:53,7.64,21.51,-45.24
6926,08/19/2026 08:44:53,7.61,21.68,-43.99
6927,08/19/2026 08:54:53,7.58,21.82,-42.30
6928,08/19/2026 09:04:53,7.55,21.96,-40.70
6929,08/19/2026 09:14:53,7.52,22.06,-38.95
6930,08/19/2026 09:24:53,7.49,22.18,-37.16
6931,08/19/2026 09:34:53,7.46,22.25,-35.67
6932,08/19/2026 09:44:53,7.44,22.32,-34.28
6933,08/19/2026 09:54:53,7.42,22.42,-33.24
6934,08/19/2026 10:04:53,7.40,22.47,-32.02
6935,08/19/2026 10:14:53,7.37,22.56,-30.44
6936,08/19/2026 10:24:53,7.36,22.66,-29.83
6937,08/19/2026 10:34:53,7.35,22.78,-29.11
6938,08/19/2026 10:44:53,7.34,22.90,-28.50
6939,08/19/2026 10:54:53,7.32,22.99,-27.52
6940,08/19/2026 11:04:53,7.31,23.11,-26.92
6941,08/19/2026 11:14:53,7.30,23.21,-26.55
6942,08/19/2026 11:24:53,7.29,23.26,-26.09
6943,08/19/2026 11:34:53,7.25,23.35,-23.55
6944,08/19/2026 11:44:53,7.25,23.47,-23.49
6945,08/19/2026 11:54:53,7.24,23.40,-23.05
6946,08/19/2026 12:04:53,7.24,23.38,-23.39
6947,08/19/2026 12:14:53,7.25,23.30,-23.86
6948,08/19/2026 12:24:53,7.28,23.52,-25.38
6949,08/19/2026 12:34:53,7.31,23.64,-27.05
6950,08/19/2026 12:44:53,7.40,23.33,-32.28
6951,08/19/2026 12:54:53,7.47,23.35,-36.36
6952,08/19/2026 13:04:53,7.51,23.23,-38.39
6953,08/19/2026 13:14:53,7.55,23.14,-40.78
6954,08/19/2026 13:24:53,7.58,22.97,-42.53
6955,08/19/2026 13:34:53,7.61,23.09,-43.88
6956,08/19/2026 13:44:53,7.61,23.09,-43.74
6957,08/19/2026 13:54:53,7.62,22.94,-44.56
6958,08/19/2026 14:04:53,7.64,22.70,-45.39
6959,08/19/2026 14:14:53,7.65,22.54,-46.27
6960,08/19/2026 14:24:53,7.69,22.13,-48.27
6961,08/19/2026 14:34:53,7.71,21.94,-49.20
6962,08/19/2026 14:44:53,7.73,21.82,-50.31
6963,08/19/2026 14:54:53,7.74,21.60,-51.16
6964,08/19/2026 15:04:53,7.76,21.39,-52.20
6965,08/19/2026 15:14:53,7.77,21.20,-52.53
6966,08/19/2026 15:24:53,7.77,21.10,-52.95
6967,08/19/2026 15:34:53,7.79,21.03,-53.61
6968,08/19/2026 15:44:53,7.80,20.96,-54.20
6969,08/19/2026 15:54:53,7.81,20.77,-55.00
6970,08/19/2026 16:04:53,7.82,20.60,-55.17
6971,08/19/2026 16:14:53,7.83,20.39,-55.86
6972,08/19/2026 16:24:53,7.84,20.22,-56.52
6973,08/19/2026 16:34:53,7.85,19.98,-56.80
6974,08/19/2026 16:44:53,7.84,19.86,-56.52
6975,08/19/2026 16:54:53,7.84,19.56,-56.33
6976,08/19/2026 17:04:53,7.83,19.37,-55.80
6977,08/19/2026 17:14:53,7.83,19.27,-55.74
6978,08/19/2026 17:24:53,7.81,19.08,-54.60
6979,08/19/2026 17:34:53,7.79,18.91,-53.24
6980,08/19/2026 17:44:53,7.81,18.94,-54.77
6981,08/19/2026 17:54:53,7.86,19.08,-57.38
6982,08/19/2026 18:04:53,7.88,19.08,-58.50
6983,08/19/2026 18:14:53,7.88,19.34,-58.64
6984,08/19/2026 18:24:53,7.88,19.70,-58.70
6985,08/19/2026 18:34:53,7.88,20.13,-58.47
6986,08/19/2026 18:44:53,7.87,20.39,-57.99
6987,08/19/2026 18:54:53,7.86,20.58,-57.75
6988,08/19/2026 19:04:53,7.86,20.63,-57.66
6989,08/19/2026 19:14:53,7.86,20.77,-57.42
6990,08/19/2026 19:24:53,7.85,20.96,-57.00
6991,08/19/2026 19:34:53,7.84,21.03,-56.80
6992,08/19/2026 19:44:53,7.83,21.13,-56.19
6993,08/19/2026 19:54:53,7.82,21.37,-55.64
6994,08/19/2026 20:04:53,7.82,21.51,-55.58
6995,08/19/2026 20:14:53,7.81,21.65,-54.91
6996,08/19/2026 20:24:53,7.79,21.89,-54.06
6997,08/19/2026 20:34:53,7.78,22.06,-53.22
6998,08/19/2026 20:44:53,7.76,22.30,-52.22
6999,08/19/2026 20:54:53,7.75,22.44,-51.49
7000,08/19/2026 21:04:53,7.72,22.70,-50.27
7001,08/19/2026 21:14:53,7.70,22.87,-49.00
7002,08/19/2026 21:24:53,7.68,22.99,-47.92
7003,08/19/2026 21:34:53,7.66,23.16,-46.75
7004,08/19/2026 21:44:53,7.63,23.33,-45.20
7005,08/19/2026 21:54:53,7.61,23.45,-43.99
7006,08/19/2026 22:04:53,7.59,23.57,-42.67
7007,08/19/2026 22:14:53,7.56,23.66,-41.27
7008,08/19/2026 22:24:53,7.53,23.74,-39.70
7009,08/19/2026 22:34:53,7.51,23.81,-38.22
7010,08/19/2026 22:44:53,7.48,23.86,-36.58
7011,08/19/2026 22:54:53,7.45,23.91,-35.13
7012,08/19/2026 23:04:53,7.41,23.93,-32.75
7013,08/19/2026 23:14:53,7.39,23.95,-31.72
7014,08/19/2026 23:24:53,7.37,23.95,-30.47
7015,08/19/2026 23:34:53,7.34,23.95,-28.95
7016,08/19/2026 23:44:53,7.31,23.95,-27.31
7017,08/19/2026 23:54:53,7.29,23.98,-26.05
7018,08/20/2026 00:04:53,7.26,24.00,-24.39
7019,08/20/2026 00:14:53,7.22,23.86,-22.05
7020,08/20/2026 00:24:53,7.20,23.88,-20.66
7021,08/20/2026 00:34:53,7.19,23.88,-20.11
7022,08/20/2026 00:44:53,7.20,23.88,-20.88
7023,08/20/2026 00:54:53,7.21,23.93,-21.55
7024,08/20/2026 01:04:53,7.22,23.93,-22.09
7025,08/20/2026 01:14:53,7.24,23.93,-23.13
7026,08/20/2026 01:24:53,7.26,23.91,-24.53
7027,08/20/2026 01:34:53,7.30,23.83,-26.28
7028,08/20/2026 01:44:53,7.42,23.40,-33.11
7029,08/20/2026 01:54:53,7.49,23.23,-37.08
7030,08/20/2026 02:04:53,7.52,23.11,-39.16
7031,08/20/2026 02:14:53,7.56,22.99,-41.08
7032,08/20/2026 02:24:53,7.57,22.85,-41.92
7033,08/20/2026 02:34:53,7.58,22.82,-42.17
7034,08/20/2026 02:44:53,7.58,22.80,-41.99
7035,08/20/2026 02:54:53,7.58,22.73,-42.38
7036,08/20/2026 03:04:53,7.59,22.73,-42.94
7037,08/20/2026 03:14:53,7.61,22.56,-43.99
7038,08/20/2026 03:24:53,7.65,22.23,-46.19
7039,08/20/2026 03:34:53,7.68,22.03,-47.85
7040,08/20/2026 03:44:53,7.70,21.84,-49.03
7041,08/20/2026 03:54:53,7.72,21.63,-49.86
7042,08/20/2026 04:04:53,7.73,21.41,-50.64
7043,08/20/2026 04:14:53,7.74,21.27,-51.30
7044,08/20/2026 04:24:53,7.75,21.13,-51.80
7045,08/20/2026 04:34:53,7.76,21.06,-52.22
7046,08/20/2026 04:44:53,7.76,20.96,-52.28
7047,08/20/2026 04:54:53,7.77,20.86,-52.77
7048,08/20/2026 05:04:53,7.77,20.84,-52.53
7049,08/20/2026 05:14:53,7.75,20.79,-51.41
7050,08/20/2026 05:24:53,7.75,20.70,-51.33
7051,08/20/2026 05:34:53,7.74,20.60,-50.92
7052,08/20/2026 05:44:53,7.70,20.53,-48.63
7053,08/20/2026 05:54:53,7.66,20.46,-46.28
7054,08/20/2026 06:04:53,7.62,20.34,-44.33
7055,08/20/2026 06:14:53,7.60,20.25,-43.00
7056,08/20/2026 06:24:53,7.66,20.25,-46.28
7057,08/20/2026 06:34:53,7.71,20.22,-49.13
7058,08/20/2026 06:44:53,7.75,20.27,-51.52
7059,08/20/2026 06:54:53,7.76,20.41,-52.14
7060,08/20/2026 07:04:53,7.78,20.58,-52.92
7061,08/20/2026 07:14:53,7.78,20.65,-53.24
7062,08/20/2026 07:24:53,7.78,20.72,-53.25
7063,08/20/2026 07:34:53,7.78,20.79,-53.27
7064,08/20/2026 07:44:53,7.78,20.82,-53.17
7065,08/20/2026 07:54:53,7.78,20.86,-53.08
7066,08/20/2026 08:04:53,7.77,20.94,-52.75
7067,08/20/2026 08:14:53,7.77,21.03,-52.77
7068,08/20/2026 08:24:53,7.77,21.13,-52.81
7069,08/20/2026 08:34:53,7.76,21.27,-52.28
7070,08/20/2026 08:44:53,7.75,21.41,-51.70
7071,08/20/2026 08:54:53,7.74,21.56,-51.31
7072,08/20/2026 09:04:53,7.74,21.70,-51.05
7073,08/20/2026 09:14:53,7.73,21.84,-50.61
7074,08/20/2026 09:24:53,7.72,21.99,-50.16
7075,08/20/2026 09:34:53,7.71,22.15,-49.20
7076,08/20/2026 09:44:53,7.68,22.35,-47.95
7077,08/20/2026 09:54:53,7.67,22.51,-47.08
7078,08/20/2026 10:04:53,7.65,22.68,-46.08
7079,08/20/2026 10:14:53,7.63,22.82,-44.83
7080,08/20/2026 10:24:53,7.61,22.97,-44.10
7081,08/20/2026 10:34:53,7.60,23.09,-43.44
7082,08/20/2026 10:44:53,7.58,23.21,-42.10
7083,08/20/2026 10:54:53,7.56,23.33,-41.14
7084,08/20/2026 11:04:53,7.54,23.47,-40.17
7085,08/20/2026 11:14:53,7.51,23.62,-38.39
7086,08/20/2026 11:24:53,7.49,23.71,-37.45
7087,08/20/2026 11:34:53,7.48,23.83,-36.47
7088,08/20/2026 11:44:53,7.46,23.93,-35.45
7089,08/20/2026 11:54:53,7.43,24.03,-34.02
7090,08/20/2026 12:04:53,7.39,24.12,-31.58
7091,08/20/2026 12:14:53,7.32,24.19,-27.80
7092,08/20/2026 12:24:53,7.31,24.29,-26.95
7093,08/20/2026 12:34:53,7.44,23.69,-34.66
7094,08/20/2026 12:44:53,7.13,23.23,-16.97
7095,08/20/2026 12:54:53,7.00,23.45,-9.58
7096,08/20/2026 13:04:53,7.20,23.66,-21.11
7097,08/20/2026 13:14:53,6.89,24.77,-3.66
7098,08/20/2026 13:24:53,6.82,24.56,0.72