#,Date-Time (EDT),"pH , pH","Temperature , °C","Millivolts , mv"
1,6/12/2026 10:39,3.48,27.83,177.07
2,6/12/2026 10:54,3.57,29.21,172.63
3,6/12/2026 11:09,7.27,22.78,-39.31
4,6/12/2026 11:24,7.25,22.58,-37.97
5,6/12/2026 11:39,7.23,22.68,-37.33
6,6/12/2026 11:54,7.2,22.87,-35.5
7,6/12/2026 12:09,7.17,23.14,-33.97
8,6/12/2026 12:24,7.14,23.4,-32.03
9,6/12/2026 12:39,7.08,23.64,-28.84
10,6/12/2026 12:54,7.05,23.95,-26.81
11,6/12/2026 13:09,7.01,24.27,-24.69
12,6/12/2026 13:24,6.98,24.58,-22.86
13,6/12/2026 13:39,6.94,24.85,-21.06
14,6/12/2026 13:54,6.92,25.16,-19.84
15,6/12/2026 14:09,6.9,25.4,-18.63
16,6/12/2026 14:24,6.88,25.65,-17.66
17,6/12/2026 14:39,6.87,25.84,-16.88
18,6/12/2026 14:54,6.86,26.01,-16.39
19,6/12/2026 15:09,6.86,26.23,-16.44
20,6/12/2026 15:24,6.88,26.43,-17.09
21,6/12/2026 15:39,6.88,26.55,-17.34
22,6/12/2026 15:54,6.88,26.72,-17.16
23,6/12/2026 16:09,6.88,26.89,-17.2
24,6/12/2026 16:24,6.88,26.89,-17.3
25,6/12/2026 16:39,6.91,26.92,-18.91
26,6/12/2026 16:54,6.94,26.87,-20.5
27,6/12/2026 17:09,6.98,26.92,-23.17
28,6/12/2026 17:24,7.04,26.87,-26.24
29,6/12/2026 17:39,7.11,26.82,-30.44
30,6/12/2026 17:54,7.15,26.5,-32.52
31,6/12/2026 18:09,7.21,26.23,-35.99
32,6/12/2026 18:24,7.26,25.87,-39.06
33,6/12/2026 18:39,7.33,25.45,-42.92
34,6/12/2026 18:54,7.42,24.77,-48.24
35,6/12/2026 19:09,7.49,24.24,-51.69
36,6/12/2026 19:24,7.51,23.91,-53.11
37,6/12/2026 19:39,7.55,23.28,-55.38
38,6/12/2026 19:54,7.59,22.78,-57.61
39,6/12/2026 20:09,7.61,22.42,-58.69
40,6/12/2026 20:24,7.64,22.11,-59.86
41,6/12/2026 20:39,7.68,21.53,-62.27
42,6/12/2026 20:54,7.72,20.79,-64.49
43,6/12/2026 21:09,7.74,20.27,-65.58
44,6/12/2026 21:24,7.77,19.72,-67.31
45,6/12/2026 21:39,7.82,19.2,-69.86
46,6/12/2026 21:54,7.85,18.91,-71.24
47,6/12/2026 22:09,7.86,18.77,-71.69
48,6/12/2026 22:24,7.86,18.72,-71.8
49,6/12/2026 22:39,7.85,18.72,-71.55
50,6/12/2026 22:54,7.84,18.77,-70.71
51,6/12/2026 23:09,7.8,19.17,-68.81
52,6/12/2026 23:24,7.71,19.82,-63.71
53,6/12/2026 23:39,7.67,20.08,-61.72
54,6/12/2026 23:54,7.6,20.56,-57.89
55,6/13/2026 0:09,7.54,21.06,-54.5
56,6/13/2026 0:24,7.46,21.6,-49.75
57,6/13/2026 0:39,7.35,22.25,-43.86
58,6/13/2026 0:54,7.28,22.75,-40.03
59,6/13/2026 1:09,7.19,23.28,-34.88
60,6/13/2026 1:24,7.12,23.64,-30.86
61,6/13/2026 1:39,7.05,23.95,-26.95
62,6/13/2026 1:54,6.99,24.17,-23.8
63,6/13/2026 2:09,6.94,24.39,-21.03
64,6/13/2026 2:24,6.9,24.53,-18.61
65,6/13/2026 2:39,6.87,24.65,-16.63
66,6/13/2026 2:54,6.83,24.75,-14.75
67,6/13/2026 3:09,6.81,24.82,-13.27
68,6/13/2026 3:24,6.79,24.87,-12.03
69,6/13/2026 3:39,6.77,24.9,-10.92
70,6/13/2026 3:54,6.76,24.9,-10.56
71,6/13/2026 4:09,6.75,24.87,-10.05
72,6/13/2026 4:24,6.74,24.82,-9.72
73,6/13/2026 4:39,6.74,24.8,-9.42
74,6/13/2026 4:54,6.74,24.73,-9.5
75,6/13/2026 5:09,6.75,24.53,-9.89
76,6/13/2026 5:24,6.75,24.46,-9.81
77,6/13/2026 5:39,6.73,24.6,-8.83
78,6/13/2026 5:54,6.73,24.51,-9.19
79,6/13/2026 6:09,6.74,24.48,-9.42
80,6/13/2026 6:24,6.75,24.19,-9.97
81,6/13/2026 6:39,6.77,23.91,-11.33
82,6/13/2026 6:54,6.81,23.62,-13.64
83,6/13/2026 7:09,6.85,23.45,-15.69
84,6/13/2026 7:24,6.91,23.16,-18.92
85,6/13/2026 7:39,6.96,22.9,-21.88
86,6/13/2026 7:54,7.1,22.47,-29.75
87,6/13/2026 8:09,7.14,22.25,-31.92
88,6/13/2026 8:24,7.19,21.99,-34.77
89,6/13/2026 8:39,7.22,21.87,-36.33
90,6/13/2026 8:54,7.27,21.72,-39.42
91,6/13/2026 9:09,7.34,21.56,-43.13
92,6/13/2026 9:24,7.37,21.41,-44.74
93,6/13/2026 9:39,7.41,21.25,-47.1
94,6/13/2026 9:54,7.45,21.1,-49.42
95,6/13/2026 10:09,7.46,21.03,-49.95
96,6/13/2026 10:24,7.49,20.89,-51.33
97,6/13/2026 10:39,7.5,20.79,-51.88
98,6/13/2026 10:54,7.5,20.77,-52.39
99,6/13/2026 11:09,7.45,20.84,-49.5
100,6/13/2026 11:24,7.42,21.46,-47.85
101,6/13/2026 11:39,7.39,21.87,-46.22
102,6/13/2026 11:54,7.35,22.03,-44.05
103,6/13/2026 12:09,7.3,22.25,-40.77
104,6/13/2026 12:24,7.26,22.47,-38.69
105,6/13/2026 12:39,7.2,22.7,-35.38
106,6/13/2026 12:54,7.16,22.9,-33.3
107,6/13/2026 13:09,7.14,23.09,-32.22
108,6/13/2026 13:24,7.11,23.3,-30.45
109,6/13/2026 13:39,7.09,23.54,-29
110,6/13/2026 13:54,7.04,23.81,-26.72
111,6/13/2026 14:09,7.01,24.1,-24.67
112,6/13/2026 14:24,6.98,24.39,-22.83
113,6/13/2026 14:39,6.94,24.68,-20.78
114,6/13/2026 14:54,6.91,24.94,-19.36
115,6/13/2026 15:09,6.9,25.21,-18.25
116,6/13/2026 15:24,6.88,25.45,-17.48
117,6/13/2026 15:39,6.87,25.67,-16.89
118,6/13/2026 15:54,6.86,25.89,-16.36
119,6/13/2026 16:09,6.87,26.11,-16.81
120,6/13/2026 16:24,6.87,26.26,-16.56
121,6/13/2026 16:39,6.87,26.4,-16.7
122,6/13/2026 16:54,6.87,26.5,-16.63
123,6/13/2026 17:09,6.86,26.65,-16.41
124,6/13/2026 17:24,6.86,26.7,-16.47
125,6/13/2026 17:39,6.88,26.67,-17.36
126,6/13/2026 17:54,6.9,26.52,-18.33
127,6/13/2026 18:09,6.95,26.57,-21.09
128,6/13/2026 18:24,7,26.48,-24.2
129,6/13/2026 18:39,7.07,26.35,-28.17
130,6/13/2026 18:54,7.1,26.04,-29.89
131,6/13/2026 19:09,7.16,25.7,-33.17
132,6/13/2026 19:24,7.22,25.36,-36.56
133,6/13/2026 19:39,7.31,24.77,-41.83
134,6/13/2026 19:54,7.39,24.19,-46.11
135,6/13/2026 20:09,7.43,23.95,-48.33
136,6/13/2026 20:24,7.44,23.71,-48.91
137,6/13/2026 20:39,7.5,23.23,-52.13
138,6/13/2026 20:54,7.54,22.87,-54.53
139,6/13/2026 21:09,7.56,22.63,-55.95
140,6/13/2026 21:24,7.6,22.32,-57.99
141,6/13/2026 21:39,7.67,21.7,-61.6
142,6/13/2026 21:54,7.7,21.27,-63.63
143,6/13/2026 22:09,7.76,20.82,-66.39
144,6/13/2026 22:24,7.82,20.29,-69.91
145,6/13/2026 22:39,7.87,19.91,-72.89
146,6/13/2026 22:54,7.9,19.72,-74.1
147,6/13/2026 23:09,7.84,20.08,-70.74
148,6/13/2026 23:24,7.83,20.01,-70.69
149,6/13/2026 23:39,7.82,20.25,-69.97
150,6/13/2026 23:54,7.88,19.72,-73.27
151,6/14/2026 0:09,7.79,20.06,-68.13
152,6/14/2026 0:24,7.79,20.17,-68.17
153,6/14/2026 0:39,7.72,20.41,-64.5
154,6/14/2026 0:54,7.63,20.77,-59.61
155,6/14/2026 1:09,7.56,21.13,-55.36
156,6/14/2026 1:24,7.44,21.56,-48.67
157,6/14/2026 1:39,7.33,22.03,-42.86
158,6/14/2026 1:54,7.25,22.42,-38.33
159,6/14/2026 2:09,7.17,22.73,-33.99
160,6/14/2026 2:24,7.1,23.02,-29.61
161,6/14/2026 2:39,7.03,23.21,-26.09
162,6/14/2026 2:54,6.98,23.35,-23.28
163,6/14/2026 3:09,6.94,23.45,-21.03
164,6/14/2026 3:24,6.91,23.54,-18.95
165,6/14/2026 3:39,6.88,23.59,-17.38
166,6/14/2026 3:54,6.85,23.66,-15.73
167,6/14/2026 4:09,6.83,23.71,-14.44
168,6/14/2026 4:24,6.81,23.74,-13.33
169,6/14/2026 4:39,6.79,23.76,-12.33
170,6/14/2026 4:54,6.78,23.76,-11.72
171,6/14/2026 5:09,6.77,23.76,-11.31
172,6/14/2026 5:24,6.77,23.74,-11.05
173,6/14/2026 5:39,6.76,23.71,-10.53
174,6/14/2026 5:54,6.75,23.66,-10.34
175,6/14/2026 6:09,6.75,23.62,-10.28
176,6/14/2026 6:24,6.76,23.59,-10.39
177,6/14/2026 6:39,6.75,23.66,-10.3
178,6/14/2026 6:54,6.74,23.64,-9.58
179,6/14/2026 7:09,6.75,23.59,-9.94
180,6/14/2026 7:24,6.75,23.57,-10.25
181,6/14/2026 7:39,6.77,23.26,-11.25
182,6/14/2026 7:54,6.8,23.14,-12.8
183,6/14/2026 8:09,6.83,23.02,-14.41
184,6/14/2026 8:24,6.87,22.85,-17.13
185,6/14/2026 8:39,6.93,22.73,-20.33
186,6/14/2026 8:54,7.04,22.54,-26.27
187,6/14/2026 9:09,7.1,22.44,-29.58
188,6/14/2026 9:24,7.14,22.27,-31.99
189,6/14/2026 9:39,7.18,22.11,-34.28
190,6/14/2026 9:54,7.22,22.03,-36.8
191,6/14/2026 10:09,7.26,21.94,-38.86
192,6/14/2026 10:24,7.29,21.84,-40.53
193,6/14/2026 10:39,7.34,21.72,-43.41
194,6/14/2026 10:54,7.37,21.7,-44.72
195,6/14/2026 11:09,7.39,21.63,-46.31
196,6/14/2026 11:24,7.42,21.53,-47.85
197,6/14/2026 11:39,7.45,21.46,-49.13
198,6/14/2026 11:54,7.47,21.44,-50.24
199,6/14/2026 12:09,7.47,21.39,-50.3
200,6/14/2026 12:24,7.42,21.51,-47.91
201,6/14/2026 12:39,7.38,21.99,-45.66
202,6/14/2026 12:54,7.3,22.51,-40.91
203,6/14/2026 13:09,7.24,22.68,-37.53
204,6/14/2026 13:24,7.19,22.97,-34.94
205,6/14/2026 13:39,7.15,23.16,-32.39
206,6/14/2026 13:54,7.12,23.28,-30.91
207,6/14/2026 14:09,7.16,23.35,-33.27
208,6/14/2026 14:24,7.07,23.52,-28.16
209,6/14/2026 14:39,7.04,23.74,-26.58
210,6/14/2026 14:54,7.01,23.93,-24.95
211,6/14/2026 15:09,6.98,24.12,-23.11
212,6/14/2026 15:24,6.95,24.32,-21.56
213,6/14/2026 15:39,6.92,24.51,-19.83
214,6/14/2026 15:54,6.89,24.68,-18.2
215,6/14/2026 16:09,6.88,24.82,-17.17
216,6/14/2026 16:24,6.86,24.99,-16.42
217,6/14/2026 16:39,6.85,25.16,-15.73
218,6/14/2026 16:54,6.84,25.28,-15.39
219,6/14/2026 17:09,6.84,25.36,-15.27
220,6/14/2026 17:24,6.85,25.36,-15.52
221,6/14/2026 17:39,6.84,25.38,-15.17
222,6/14/2026 17:54,6.84,25.38,-15.3
223,6/14/2026 18:09,6.84,25.43,-15.06
224,6/14/2026 18:24,6.83,25.55,-14.69
225,6/14/2026 18:39,6.85,25.53,-15.66
226,6/14/2026 18:54,6.87,25.4,-16.81
227,6/14/2026 19:09,6.92,25.38,-19.86
228,6/14/2026 19:24,6.95,25.26,-21.61
229,6/14/2026 19:39,7.01,25.02,-24.89
230,6/14/2026 19:54,7.06,24.73,-27.44
231,6/14/2026 20:09,7.11,24.44,-30.53
232,6/14/2026 20:24,7.19,24.07,-34.94
233,6/14/2026 20:39,7.25,23.66,-38.05
234,6/14/2026 20:54,7.3,23.45,-41.24
235,6/14/2026 21:09,7.34,23.33,-43.08
236,6/14/2026 21:24,7.39,22.99,-45.97
237,6/14/2026 21:39,7.45,22.63,-49.63
238,6/14/2026 21:54,7.51,22.37,-52.6
239,6/14/2026 22:09,7.55,22.03,-55.3
240,6/14/2026 22:24,7.63,21.56,-59.53
241,6/14/2026 22:39,7.7,21.06,-63.31
242,6/14/2026 22:54,7.74,20.63,-65.6
243,6/14/2026 23:09,7.79,19.84,-68.33
244,6/14/2026 23:24,7.83,18.65,-70.13
245,6/14/2026 23:39,7.85,17.44,-70.97
246,6/14/2026 23:54,7.86,16.77,-71.36
247,6/15/2026 0:09,7.86,16.49,-71.28
248,6/15/2026 0:24,7.86,16.34,-71.33
249,6/15/2026 0:39,7.85,16.25,-71.16
250,6/15/2026 0:54,7.83,16.56,-70.13
251,6/15/2026 1:09,7.75,17.96,-65.85
252,6/15/2026 1:24,7.73,18.58,-64.58
253,6/15/2026 1:39,7.69,19.13,-62.53
254,6/15/2026 1:54,7.65,19.56,-60.19
255,6/15/2026 2:09,7.55,20.25,-55.11
256,6/15/2026 2:24,7.45,20.75,-49.2
257,6/15/2026 2:39,7.37,21.15,-44.8
258,6/15/2026 2:54,7.28,21.63,-39.72
259,6/15/2026 3:09,7.2,21.87,-35.41
260,6/15/2026 3:24,7.11,22.18,-30.58
261,6/15/2026 3:39,7.05,22.32,-27.24
262,6/15/2026 3:54,7,22.47,-24.45
263,6/15/2026 4:09,6.96,22.56,-22.05
264,6/15/2026 4:24,6.93,22.63,-20.09
265,6/15/2026 4:39,6.9,22.66,-18.66
266,6/15/2026 4:54,6.87,22.73,-17.08
267,6/15/2026 5:09,6.85,22.8,-15.91
268,6/15/2026 5:24,6.83,22.85,-14.89
269,6/15/2026 5:39,6.82,22.87,-14.11
270,6/15/2026 5:54,6.81,22.9,-13.63
271,6/15/2026 6:09,6.8,22.92,-12.98
272,6/15/2026 6:24,6.79,22.92,-12.61
273,6/15/2026 6:39,6.78,22.97,-12.08
274,6/15/2026 6:54,6.78,22.99,-11.88
275,6/15/2026 7:09,6.79,22.99,-12.56
276,6/15/2026 7:24,6.78,23.04,-11.95
277,6/15/2026 7:39,6.78,23.09,-11.84
278,6/15/2026 7:54,6.77,23.09,-10.98
279,6/15/2026 8:09,6.78,23.09,-11.64
280,6/15/2026 8:24,6.79,23.02,-12.22
281,6/15/2026 8:39,6.81,22.82,-13.58
282,6/15/2026 8:54,6.85,22.68,-15.5
283,6/15/2026 9:09,6.88,22.54,-17.19
284,6/15/2026 9:24,6.93,22.35,-20.31
285,6/15/2026 9:39,6.99,22.18,-23.78
286,6/15/2026 9:54,7.1,22.06,-29.58
287,6/15/2026 10:09,7.14,21.99,-32
288,6/15/2026 10:24,7.17,21.8,-33.97
289,6/15/2026 10:39,7.21,21.6,-36.03
290,6/15/2026 10:54,7.26,21.49,-38.94
291,6/15/2026 11:09,7.32,21.37,-41.94
292,6/15/2026 11:24,7.35,21.25,-43.63
293,6/15/2026 11:39,7.4,21.08,-46.47
294,6/15/2026 11:54,7.43,20.91,-48.1
295,6/15/2026 12:09,7.47,20.67,-50.27
296,6/15/2026 12:24,7.49,20.44,-51.5
297,6/15/2026 12:39,7.52,20.27,-53.3
298,6/15/2026 12:54,7.54,20.22,-54.13
299,6/15/2026 13:09,7.53,20.2,-53.47
300,6/15/2026 13:24,7.49,20.51,-51.52
301,6/15/2026 13:39,7.44,21.41,-48.88
302,6/15/2026 13:54,7.38,21.68,-45.72
303,6/15/2026 14:09,7.32,21.96,-42
304,6/15/2026 14:24,7.24,22.37,-37.77
305,6/15/2026 14:39,7.19,22.61,-35.08
306,6/15/2026 14:54,7.16,22.75,-33.14
307,6/15/2026 15:09,7.13,22.92,-31.64
308,6/15/2026 15:24,7.11,23.16,-30.13
309,6/15/2026 15:39,7.1,23.42,-29.63
310,6/15/2026 15:54,7.05,23.69,-27.08
311,6/15/2026 16:09,7.02,23.93,-25.25
312,6/15/2026 16:24,6.99,24.19,-23.75
313,6/15/2026 16:39,6.96,24.44,-22.16
314,6/15/2026 16:54,6.94,24.65,-20.66
315,6/15/2026 17:09,6.92,24.82,-19.56
316,6/15/2026 17:24,6.9,25.02,-18.67
317,6/15/2026 17:39,6.89,25.19,-17.8
318,6/15/2026 17:54,6.88,25.31,-17.27
319,6/15/2026 18:09,6.87,25.36,-17.03
320,6/15/2026 18:24,6.88,25.33,-17.45
321,6/15/2026 18:39,6.87,25.38,-16.88
322,6/15/2026 18:54,6.86,25.4,-16.25
323,6/15/2026 19:09,6.86,25.36,-16.13
324,6/15/2026 19:24,6.86,25.45,-16.13
325,6/15/2026 19:39,6.88,25.4,-17.17
326,6/15/2026 19:54,6.89,25.31,-18.09
327,6/15/2026 20:09,6.95,25.33,-21.19
328,6/15/2026 20:24,7,25.16,-24
329,6/15/2026 20:39,7.04,24.97,-26.74
330,6/15/2026 20:54,7.1,24.56,-29.92
331,6/15/2026 21:09,7.16,24.19,-33.13
332,6/15/2026 21:24,7.24,23.45,-37.86
333,6/15/2026 21:39,7.29,22.92,-40.61
334,6/15/2026 21:54,7.36,22.66,-44.25
335,6/15/2026 22:09,7.38,22.35,-45.3
336,6/15/2026 22:24,7.44,21.77,-48.83
337,6/15/2026 22:39,7.49,21.34,-51.8
338,6/15/2026 22:54,7.53,20.98,-53.91
339,6/15/2026 23:09,7.57,20.58,-56.25
340,6/15/2026 23:24,7.64,19.94,-59.7
341,6/15/2026 23:39,7.67,19.39,-61.5
342,6/15/2026 23:54,7.72,18.7,-64.27
343,6/16/2026 0:09,7.79,17.8,-67.86
344,6/16/2026 0:24,7.81,17.15,-68.92
345,6/16/2026 0:39,7.84,16.7,-70.66
346,6/16/2026 0:54,7.85,16.46,-70.89
347,6/16/2026 1:09,7.84,16.44,-70.64
348,6/16/2026 1:24,7.84,16.42,-70.53
349,6/16/2026 1:39,7.81,16.46,-68.97
350,6/16/2026 1:54,7.8,16.82,-68.39
351,6/16/2026 2:09,7.72,17.51,-63.85
352,6/16/2026 2:24,7.7,17.7,-62.78
353,6/16/2026 2:39,7.67,17.87,-61.31
354,6/16/2026 2:54,7.62,18.2,-58.6
355,6/16/2026 3:09,7.55,18.65,-54.63
356,6/16/2026 3:24,7.45,19.17,-49.42
357,6/16/2026 3:39,7.36,19.72,-44.36
358,6/16/2026 3:54,7.28,20.17,-39.89
359,6/16/2026 4:09,7.21,20.46,-35.77
360,6/16/2026 4:24,7.13,20.75,-31.64
361,6/16/2026 4:39,7.07,20.96,-28.02
362,6/16/2026 4:54,7.02,21.08,-25.44
363,6/16/2026 5:09,6.98,21.15,-23.14
364,6/16/2026 5:24,6.95,21.22,-21.31
365,6/16/2026 5:39,6.92,21.25,-19.86
366,6/16/2026 5:54,6.9,21.29,-18.56
367,6/16/2026 6:09,6.88,21.32,-17.61
368,6/16/2026 6:24,6.87,21.34,-16.83
369,6/16/2026 6:39,6.85,21.37,-15.98
370,6/16/2026 6:54,6.84,21.39,-15.36
371,6/16/2026 7:09,6.84,21.39,-15.25
372,6/16/2026 7:24,6.82,21.41,-14.34
373,6/16/2026 7:39,6.83,21.49,-14.42
374,6/16/2026 7:54,6.83,21.56,-14.75
375,6/16/2026 8:09,6.84,21.6,-15.41
376,6/16/2026 8:24,6.86,21.68,-16.17
377,6/16/2026 8:39,6.86,21.8,-16.58
378,6/16/2026 8:54,6.82,21.77,-14.23
379,6/16/2026 9:09,6.83,21.72,-14.75
380,6/16/2026 9:24,6.83,21.65,-14.64
381,6/16/2026 9:39,6.86,21.44,-16.09
382,6/16/2026 9:54,6.9,21.25,-18.61
383,6/16/2026 10:09,6.92,21.06,-20
384,6/16/2026 10:24,6.98,20.84,-22.94
385,6/16/2026 10:39,7.05,20.72,-27.08
386,6/16/2026 10:54,7.14,20.56,-32.2
387,6/16/2026 11:09,7.18,20.44,-34.5
388,6/16/2026 11:24,7.23,20.25,-37.05
389,6/16/2026 11:39,7.27,20.06,-39.27
390,6/16/2026 11:54,7.3,19.96,-41.06
391,6/16/2026 12:09,7.35,19.77,-43.69
392,6/16/2026 12:24,7.39,19.6,-45.99
393,6/16/2026 12:39,7.43,19.46,-47.89
394,6/16/2026 12:54,7.44,19.34,-48.56
395,6/16/2026 13:09,7.47,19.15,-50.24
396,6/16/2026 13:24,7.5,19.01,-52.17
397,6/16/2026 13:39,7.52,18.91,-53.2
398,6/16/2026 13:54,7.52,18.89,-53.03
399,6/16/2026 14:09,7.51,18.89,-52.5
400,6/16/2026 14:24,7.46,19.41,-49.92
401,6/16/2026 14:39,7.43,20.01,-48.22
402,6/16/2026 14:54,7.4,20.15,-46.27
403,6/16/2026 15:09,7.33,20.51,-42.58
404,6/16/2026 15:24,7.26,20.94,-38.89
405,6/16/2026 15:39,7.23,21.15,-37.08
406,6/16/2026 15:54,7.19,21.34,-34.99
407,6/16/2026 16:09,7.17,21.51,-33.86
408,6/16/2026 16:24,7.15,21.72,-32.52
409,6/16/2026 16:39,7.11,21.96,-30.58
410,6/16/2026 16:54,7.07,22.18,-28.3
411,6/16/2026 17:09,7.05,22.39,-26.91
412,6/16/2026 17:24,7.01,22.63,-24.97
413,6/16/2026 17:39,6.98,22.85,-23.34
414,6/16/2026 17:54,6.96,23.04,-21.8
415,6/16/2026 18:09,6.94,23.26,-20.61
416,6/16/2026 18:24,6.92,23.42,-19.77
417,6/16/2026 18:39,6.91,23.59,-18.97
418,6/16/2026 18:54,6.9,23.64,-18.53
419,6/16/2026 19:09,6.89,23.69,-18.23
420,6/16/2026 19:24,6.89,23.71,-17.84
421,6/16/2026 19:39,6.88,23.66,-17.66
422,6/16/2026 19:54,6.87,23.54,-16.92
423,6/16/2026 20:09,6.87,23.45,-16.69
424,6/16/2026 20:24,6.87,23.66,-16.97
425,6/16/2026 20:39,6.88,23.64,-17.59
426,6/16/2026 20:54,6.9,23.59,-18.48
427,6/16/2026 21:09,6.94,23.57,-20.89
428,6/16/2026 21:24,6.98,23.47,-23.24
429,6/16/2026 21:39,7.03,23.33,-25.67
430,6/16/2026 21:54,7.09,22.92,-29
431,6/16/2026 22:09,7.14,22.54,-32.16
432,6/16/2026 22:24,7.23,21.89,-37.24
433,6/16/2026 22:39,7.27,21.51,-39.58
434,6/16/2026 22:54,7.33,21.32,-42.72
435,6/16/2026 23:09,7.37,21.13,-45.1
436,6/16/2026 23:24,7.43,20.79,-48.05
437,6/16/2026 23:39,7.49,20.44,-51.61
438,6/16/2026 23:54,7.53,20.2,-53.85
439,6/17/2026 0:09,7.56,19.96,-55.14
440,6/17/2026 0:24,7.63,19.56,-59.27
441,6/17/2026 0:39,7.68,19.17,-62.25
442,6/17/2026 0:54,7.73,18.79,-64.5
443,6/17/2026 1:09,7.78,18.2,-67.38
444,6/17/2026 1:24,7.81,17.65,-69.16
445,6/17/2026 1:39,7.84,17.25,-70.44
446,6/17/2026 1:54,7.83,17.11,-70.17
447,6/17/2026 2:09,7.83,17.11,-69.77
448,6/17/2026 2:24,7.83,16.99,-69.75
449,6/17/2026 2:39,7.79,17.03,-67.81
450,6/17/2026 2:54,7.76,17.53,-66.13
451,6/17/2026 3:09,7.73,17.8,-64.41
452,6/17/2026 3:24,7.7,17.96,-62.94
453,6/17/2026 3:39,7.65,18.25,-60.24
454,6/17/2026 3:54,7.61,18.44,-57.83
455,6/17/2026 4:09,7.49,18.82,-51.44
456,6/17/2026 4:24,7.42,19.13,-47.6
457,6/17/2026 4:39,7.33,19.46,-42.55
458,6/17/2026 4:54,7.25,19.72,-38.36
459,6/17/2026 5:09,7.17,19.94,-33.52
460,6/17/2026 5:24,7.11,20.08,-30.16
461,6/17/2026 5:39,7.06,20.17,-27.36
462,6/17/2026 5:54,7.01,20.25,-24.94
463,6/17/2026 6:09,6.98,20.29,-23.14
464,6/17/2026 6:24,6.95,20.34,-21.67
465,6/17/2026 6:39,6.93,20.39,-20.16
466,6/17/2026 6:54,6.91,20.41,-18.97
467,6/17/2026 7:09,6.89,20.46,-18.02
468,6/17/2026 7:24,6.87,20.48,-17.19
469,6/17/2026 7:39,6.86,20.53,-16.38
470,6/17/2026 7:54,6.85,20.6,-15.97
471,6/17/2026 8:09,6.85,20.7,-15.77
472,6/17/2026 8:24,6.84,20.82,-15.38
473,6/17/2026 8:39,6.83,20.96,-14.95
474,6/17/2026 8:54,6.85,21.34,-15.7
475,6/17/2026 9:09,6.85,21.46,-15.8
476,6/17/2026 9:24,6.86,21.7,-16.47
477,6/17/2026 9:39,6.84,21.75,-15.42
478,6/17/2026 9:54,6.83,21.56,-14.61
479,6/17/2026 10:09,6.83,21.51,-14.8
480,6/17/2026 10:24,6.84,21.46,-15.42
481,6/17/2026 10:39,6.86,21.44,-16.61
482,6/17/2026 10:54,6.9,21.25,-18.53
483,6/17/2026 11:09,6.94,21.08,-20.94
484,6/17/2026 11:24,6.99,20.89,-23.64
485,6/17/2026 11:39,7.09,20.82,-29.38
486,6/17/2026 11:54,7.15,20.86,-32.59
487,6/17/2026 12:09,7.2,20.67,-35.11
488,6/17/2026 12:24,7.23,20.51,-37.25
489,6/17/2026 12:39,7.28,20.27,-39.67
490,6/17/2026 12:54,7.32,20.06,-41.95
491,6/17/2026 13:09,7.35,19.91,-43.78
492,6/17/2026 13:24,7.39,19.75,-45.95
493,6/17/2026 13:39,7.42,19.67,-47.41
494,6/17/2026 13:54,7.45,19.56,-49.41
495,6/17/2026 14:09,7.5,19.32,-52.02
496,6/17/2026 14:24,7.53,19.13,-53.91
497,6/17/2026 14:39,7.55,19.08,-54.85
498,6/17/2026 14:54,7.54,19.15,-54.08
499,6/17/2026 15:09,7.5,19.15,-52.2
500,6/17/2026 15:24,7.51,19.44,-52.33
501,6/17/2026 15:39,7.46,19.89,-49.89
502,6/17/2026 15:54,7.4,20.36,-46.38
503,6/17/2026 16:09,7.33,20.82,-42.74
504,6/17/2026 16:24,7.29,21.17,-40.2
505,6/17/2026 16:39,7.24,21.37,-37.64
506,6/17/2026 16:54,7.22,21.63,-36.27
507,6/17/2026 17:09,7.19,21.84,-35
508,6/17/2026 17:24,7.15,22.06,-32.84
509,6/17/2026 17:39,7.12,22.32,-30.83
510,6/17/2026 17:54,7.09,22.56,-29.33
511,6/17/2026 18:09,7.08,22.73,-28.47
512,6/17/2026 18:24,7.03,22.92,-26.16
513,6/17/2026 18:39,7.01,23.09,-24.74
514,6/17/2026 18:54,6.99,23.21,-23.39
515,6/17/2026 19:09,6.96,23.35,-22.17
516,6/17/2026 19:24,6.95,23.52,-21.2
517,6/17/2026 19:39,6.93,23.64,-20.33
518,6/17/2026 19:54,6.92,23.71,-19.67
519,6/17/2026 20:09,6.91,23.74,-19.17
520,6/17/2026 20:24,6.9,23.74,-18.45
521,6/17/2026 20:39,6.89,23.71,-18.13
522,6/17/2026 20:54,6.89,23.64,-18.02
523,6/17/2026 21:09,6.88,23.57,-17.45
524,6/17/2026 21:24,6.88,23.71,-17.39
525,6/17/2026 21:39,6.89,23.71,-18.22
526,6/17/2026 21:54,6.91,23.62,-19.27
527,6/17/2026 22:09,6.95,23.5,-21.63
528,6/17/2026 22:24,7,23.33,-24.27
529,6/17/2026 22:39,7.05,23.06,-26.75
530,6/17/2026 22:54,7.11,22.7,-30.2
531,6/17/2026 23:09,7.16,22.42,-33.08
532,6/17/2026 23:24,7.24,21.77,-37.55
533,6/17/2026 23:39,7.28,21.41,-39.67
534,6/17/2026 23:54,7.33,21.29,-42.63
535,6/18/2026 0:09,7.36,21.13,-44.11
536,6/18/2026 0:24,7.42,20.77,-47.72
537,6/18/2026 0:39,7.48,20.46,-50.86
538,6/18/2026 0:54,7.52,20.25,-53.36
539,6/18/2026 1:09,7.55,19.98,-55
540,6/18/2026 1:24,7.62,19.6,-58.61
541,6/18/2026 1:39,7.67,19.25,-61.31
542,6/18/2026 1:54,7.71,18.89,-63.46
543,6/18/2026 2:09,7.74,18.32,-65.46
544,6/18/2026 2:24,7.78,17.39,-67.13
545,6/18/2026 2:39,7.8,16.46,-68.33
546,6/18/2026 2:54,7.81,15.89,-68.8
547,6/18/2026 3:09,7.82,15.56,-69.11
548,6/18/2026 3:24,7.79,15.6,-67.67
549,6/18/2026 3:39,7.79,15.75,-67.5
550,6/18/2026 3:54,7.74,16.77,-65.14
551,6/18/2026 4:09,7.69,17.53,-62.3
552,6/18/2026 4:24,7.65,18.13,-60.25
553,6/18/2026 4:39,7.59,18.6,-56.97
554,6/18/2026 4:54,7.51,19.03,-52.72
555,6/18/2026 5:09,7.42,19.29,-47.69
556,6/18/2026 5:24,7.35,19.63,-43.52
557,6/18/2026 5:39,7.26,19.96,-38.95
558,6/18/2026 5:54,7.19,20.17,-34.8
559,6/18/2026 6:09,7.13,20.32,-31.67
560,6/18/2026 6:24,7.07,20.48,-28.05
561,6/18/2026 6:39,7.03,20.58,-25.69
562,6/18/2026 6:54,6.99,20.67,-23.58
563,6/18/2026 7:09,6.96,20.75,-21.77
564,6/18/2026 7:24,6.93,20.82,-20.31
565,6/18/2026 7:39,6.91,20.86,-18.94
566,6/18/2026 7:54,6.89,20.91,-17.89
567,6/18/2026 8:09,6.87,20.94,-16.92
568,6/18/2026 8:24,6.85,20.98,-15.95
569,6/18/2026 8:39,6.84,21.01,-15.39
570,6/18/2026 8:54,6.84,21.03,-15.38
571,6/18/2026 9:09,6.84,21.06,-15.11
572,6/18/2026 9:24,6.83,21.08,-14.88
573,6/18/2026 9:39,6.83,21.1,-14.64
574,6/18/2026 9:54,6.83,21.1,-14.69
575,6/18/2026 10:09,6.83,21.1,-14.56
576,6/18/2026 10:24,6.84,21.2,-15.41
577,6/18/2026 10:39,6.83,21.25,-14.77
578,6/18/2026 10:54,6.84,21.2,-15.03
579,6/18/2026 11:09,6.85,21.17,-15.94
580,6/18/2026 11:24,6.89,20.91,-17.81
581,6/18/2026 11:39,6.93,20.72,-20.13
582,6/18/2026 11:54,6.96,20.56,-21.89
583,6/18/2026 12:09,7.01,20.39,-24.78
584,6/18/2026 12:24,7.09,20.25,-29.16
585,6/18/2026 12:39,7.18,20.08,-34.28
586,6/18/2026 12:54,7.23,19.94,-37.13
587,6/18/2026 13:09,7.26,19.77,-38.74
588,6/18/2026 13:24,7.29,19.65,-40.3
589,6/18/2026 13:39,7.34,19.44,-43.19
590,6/18/2026 13:54,7.37,19.27,-44.58
591,6/18/2026 14:09,7.4,19.1,-46.28
592,6/18/2026 14:24,7.42,18.98,-47.64
593,6/18/2026 14:39,7.45,18.84,-49.03
594,6/18/2026 14:54,7.49,18.58,-51.35
595,6/18/2026 15:09,7.53,18.32,-53.5
596,6/18/2026 15:24,7.56,18.18,-55.16
597,6/18/2026 15:39,7.58,18.1,-56.1
598,6/18/2026 15:54,7.58,18.06,-56.3
599,6/18/2026 16:09,7.57,18.01,-55.77
600,6/18/2026 16:24,7.54,18.1,-54
601,6/18/2026 16:39,7.53,18.46,-53.53
602,6/18/2026 16:54,7.47,18.91,-50.41
603,6/18/2026 17:09,7.4,19.39,-46.22
604,6/18/2026 17:24,7.34,19.77,-42.88
605,6/18/2026 17:39,7.3,19.91,-40.91
606,6/18/2026 17:54,7.26,20.13,-38.42
607,6/18/2026 18:09,7.22,20.29,-36.69
608,6/18/2026 18:24,7.19,20.48,-34.59
609,6/18/2026 18:39,7.17,20.58,-33.59
610,6/18/2026 18:54,7.13,20.75,-31.72
611,6/18/2026 19:09,7.09,20.96,-29.27
612,6/18/2026 19:24,7.06,21.13,-27.33
613,6/18/2026 19:39,7.03,21.22,-25.84
614,6/18/2026 19:54,7.01,21.34,-24.55
615,6/18/2026 20:09,6.98,21.46,-23
616,6/18/2026 20:24,6.96,21.58,-21.86
617,6/18/2026 20:39,6.94,21.68,-20.94
618,6/18/2026 20:54,6.93,21.75,-20
619,6/18/2026 21:09,6.92,21.77,-19.44
620,6/18/2026 21:24,6.9,21.77,-18.61
621,6/18/2026 21:39,6.9,21.72,-18.7
622,6/18/2026 21:54,6.89,21.72,-18
623,6/18/2026 22:09,6.88,21.72,-17.33
624,6/18/2026 22:24,6.89,21.68,-18.05
625,6/18/2026 22:39,6.91,21.6,-19.33
626,6/18/2026 22:54,6.93,21.51,-20.5
627,6/18/2026 23:09,6.97,21.34,-22.25
628,6/18/2026 23:24,6.99,21.2,-23.8
629,6/18/2026 23:39,7.04,20.94,-26.61
630,6/18/2026 23:54,7.09,20.72,-29.31
631,6/19/2026 0:09,7.15,20.51,-32.42
632,6/19/2026 0:24,7.21,20.2,-35.88
633,6/19/2026 0:39,7.27,19.89,-39.05
634,6/19/2026 0:54,7.32,19.65,-42.03
635,6/19/2026 1:09,7.35,19.53,-43.56
636,6/19/2026 1:24,7.38,19.37,-45.44
637,6/19/2026 1:39,7.43,19.13,-47.95
638,6/19/2026 1:54,7.46,18.89,-49.95
639,6/19/2026 2:09,7.5,18.6,-51.85
640,6/19/2026 2:24,7.55,18.22,-54.91
641,6/19/2026 2:39,7.62,17.7,-58.33
642,6/19/2026 2:54,7.64,17.34,-59.7
643,6/19/2026 3:09,7.68,16.89,-61.53
644,6/19/2026 3:24,7.71,16.27,-63.1
645,6/19/2026 3:39,7.73,15.53,-64.17
646,6/19/2026 3:54,7.74,14.77,-64.71
647,6/19/2026 4:09,7.74,14.36,-64.6
648,6/19/2026 4:24,7.72,14.15,-63.35
649,6/19/2026 4:39,7.69,14.91,-62.21
650,6/19/2026 4:54,7.65,16.2,-60.14
651,6/19/2026 5:09,7.63,16.56,-58.67
652,6/19/2026 5:24,7.54,17.27,-54.27
653,6/19/2026 5:39,7.48,17.65,-50.77
654,6/19/2026 5:54,7.4,18.06,-46.1
655,6/19/2026 6:09,7.31,18.37,-41.53
656,6/19/2026 6:24,7.24,18.72,-37.56
657,6/19/2026 6:39,7.18,18.91,-34.25
658,6/19/2026 6:54,7.12,19.06,-30.75
659,6/19/2026 7:09,7.07,19.17,-28.05
660,6/19/2026 7:24,7.03,19.25,-25.8
661,6/19/2026 7:39,7,19.32,-24.24
662,6/19/2026 7:54,6.96,19.44,-22
663,6/19/2026 8:09,6.93,19.53,-20.41
664,6/19/2026 8:24,6.91,19.63,-18.94
665,6/19/2026 8:39,6.89,19.7,-17.88
666,6/19/2026 8:54,6.87,19.79,-16.83
667,6/19/2026 9:09,6.86,19.89,-16.23
668,6/19/2026 9:24,6.85,20.03,-15.83
669,6/19/2026 9:39,6.85,20.17,-15.94
670,6/19/2026 9:54,6.86,20.36,-16.58
671,6/19/2026 10:09,6.86,20.51,-16.42
672,6/19/2026 10:24,6.87,20.7,-17.03
673,6/19/2026 10:39,6.88,20.89,-17.25
674,6/19/2026 10:54,6.88,21.06,-17.23
675,6/19/2026 11:09,6.89,21.32,-17.78
676,6/19/2026 11:24,6.88,21.41,-17.61
677,6/19/2026 11:39,6.9,21.46,-18.38
678,6/19/2026 11:54,6.9,21.27,-18.83
679,6/19/2026 12:09,6.92,21.27,-19.8
680,6/19/2026 12:24,6.97,21.27,-22.63
681,6/19/2026 12:39,7.01,21.06,-24.64
682,6/19/2026 12:54,7.07,20.89,-27.94
683,6/19/2026 13:09,7.1,20.7,-29.78
684,6/19/2026 13:24,7.21,20.53,-36.05
685,6/19/2026 13:39,7.27,20.36,-39.28
686,6/19/2026 13:54,7.31,20.2,-41.24
687,6/19/2026 14:09,7.33,19.89,-42.63
688,6/19/2026 14:24,7.35,19.63,-43.75
689,6/19/2026 14:39,7.4,19.41,-46.3
690,6/19/2026 14:54,7.42,19.17,-47.41
691,6/19/2026 15:09,7.45,18.82,-49.19
692,6/19/2026 15:24,7.48,18.65,-50.74
693,6/19/2026 15:39,7.5,18.49,-51.78
694,6/19/2026 15:54,7.52,18.37,-52.89
695,6/19/2026 16:09,7.54,18.08,-54.02
696,6/19/2026 16:24,7.55,17.87,-54.86
697,6/19/2026 16:39,7.54,17.8,-54.28
698,6/19/2026 16:54,7.5,18.06,-51.85
699,6/19/2026 17:09,7.48,18.91,-50.81
700,6/19/2026 17:24,7.46,19.17,-50
701,6/19/2026 17:39,7.44,19.37,-48.69
702,6/19/2026 17:54,7.4,19.6,-46.39
703,6/19/2026 18:09,7.34,20.08,-43.02
704,6/19/2026 18:24,7.3,20.36,-41.17
705,6/19/2026 18:39,7.27,20.58,-39.17
706,6/19/2026 18:54,7.25,20.75,-38.28
707,6/19/2026 19:09,7.23,20.89,-37.31
708,6/19/2026 19:24,7.21,21.06,-36.09
709,6/19/2026 19:39,7.18,21.22,-34.5
710,6/19/2026 19:54,7.15,21.37,-32.44
711,6/19/2026 20:09,7.12,21.51,-30.84
712,6/19/2026 20:24,7.09,21.65,-29
713,6/19/2026 20:39,7.05,21.82,-27.13
714,6/19/2026 20:54,7.02,21.96,-25.47
715,6/19/2026 21:09,7,22.08,-24.33
716,6/19/2026 21:24,6.98,22.18,-23.22
717,6/19/2026 21:39,6.97,22.25,-22.27
718,6/19/2026 21:54,6.95,22.23,-21.41
719,6/19/2026 22:09,6.95,22.2,-21.13
720,6/19/2026 22:24,6.95,22.18,-21.11
721,6/19/2026 22:39,6.94,22.15,-20.67
722,6/19/2026 22:54,6.93,22.03,-20.44
723,6/19/2026 23:09,6.93,22.08,-20.28
724,6/19/2026 23:24,6.93,22.08,-20.52
725,6/19/2026 23:39,6.96,21.99,-21.81
726,6/19/2026 23:54,6.97,21.84,-22.75
727,6/20/2026 0:09,7,21.63,-24.39
728,6/20/2026 0:24,7.04,21.39,-26.66
729,6/20/2026 0:39,7.08,21.15,-28.7
730,6/20/2026 0:54,7.14,20.77,-31.84
731,6/20/2026 1:09,7.19,20.48,-34.75
732,6/20/2026 1:24,7.27,20.06,-39.13
733,6/20/2026 1:39,7.32,19.65,-41.88
734,6/20/2026 1:54,7.37,19.37,-44.63
735,6/20/2026 2:09,7.41,19.1,-46.94
736,6/20/2026 2:24,7.43,18.94,-48.06
737,6/20/2026 2:39,7.46,18.65,-49.77
738,6/20/2026 2:54,7.51,18.25,-52.42
739,6/20/2026 3:09,7.53,18.03,-53.55
740,6/20/2026 3:24,7.55,17.84,-54.41
741,6/20/2026 3:39,7.58,17.49,-56.11
742,6/20/2026 3:54,7.62,17.08,-58.27
743,6/20/2026 4:09,7.64,16.75,-59.42
744,6/20/2026 4:24,7.65,16.51,-60.1
745,6/20/2026 4:39,7.65,16.37,-60.24
746,6/20/2026 4:54,7.66,16.25,-60.27
747,6/20/2026 5:09,7.63,16.2,-58.83
748,6/20/2026 5:24,7.58,16.3,-56.11
749,6/20/2026 5:39,7.6,16.63,-57.39
750,6/20/2026 5:54,7.58,16.94,-55.91
751,6/20/2026 6:09,7.54,17.2,-53.94
752,6/20/2026 6:24,7.45,17.75,-49.19
753,6/20/2026 6:39,7.4,18.06,-46.25
754,6/20/2026 6:54,7.34,18.32,-43.19
755,6/20/2026 7:09,7.3,18.58,-40.81
756,6/20/2026 7:24,7.26,18.72,-38.81
757,6/20/2026 7:39,7.22,18.84,-36.66
758,6/20/2026 7:54,7.18,19.01,-34.3
759,6/20/2026 8:09,7.14,19.17,-32.24
760,6/20/2026 8:24,7.1,19.34,-30
761,6/20/2026 8:39,7.07,19.53,-27.81
762,6/20/2026 8:54,7.03,19.72,-25.95
763,6/20/2026 9:09,7.01,19.91,-24.69
764,6/20/2026 9:24,6.98,20.06,-23.19
765,6/20/2026 9:39,6.96,20.22,-21.91
766,6/20/2026 9:54,6.94,20.36,-20.91
767,6/20/2026 10:09,6.94,20.51,-20.61
768,6/20/2026 10:24,6.94,20.65,-20.97
769,6/20/2026 10:39,6.93,20.75,-20.33
770,6/20/2026 10:54,6.93,20.82,-20.45
771,6/20/2026 11:09,6.93,20.94,-20.44
772,6/20/2026 11:24,6.94,21.06,-20.59
773,6/20/2026 11:39,6.94,21.17,-21
774,6/20/2026 11:54,6.94,21.17,-20.64
775,6/20/2026 12:09,6.93,21.17,-20.25
776,6/20/2026 12:24,6.94,21.15,-20.69
777,6/20/2026 12:39,6.95,21.06,-21.49
778,6/20/2026 12:54,6.98,20.94,-23.17
779,6/20/2026 13:09,7.03,20.86,-25.61
780,6/20/2026 13:24,7.07,20.72,-28.06
781,6/20/2026 13:39,7.13,20.58,-31.42
782,6/20/2026 13:54,7.17,20.36,-33.61
783,6/20/2026 14:09,7.24,20.22,-37.42
784,6/20/2026 14:24,7.35,19.96,-43.5
785,6/20/2026 14:39,7.39,19.84,-45.69
786,6/20/2026 14:54,7.41,19.67,-47.16
787,6/20/2026 15:09,7.44,19.44,-48.6
788,6/20/2026 15:24,7.47,19.29,-50.19
789,6/20/2026 15:39,7.5,19.08,-52.1
790,6/20/2026 15:54,7.53,18.89,-53.78
791,6/20/2026 16:09,7.56,18.51,-55.3
792,6/20/2026 16:24,7.59,18.22,-56.91
793,6/20/2026 16:39,7.6,18.01,-57.5
794,6/20/2026 16:54,7.62,17.77,-58.36
795,6/20/2026 17:09,7.63,17.61,-58.8
796,6/20/2026 17:24,7.61,17.53,-57.92
797,6/20/2026 17:39,7.59,17.53,-56.72
798,6/20/2026 17:54,7.56,17.77,-54.92
799,6/20/2026 18:09,7.56,18.41,-54.99
800,6/20/2026 18:24,7.52,18.91,-53.31
801,6/20/2026 18:39,7.49,19.08,-51.56
802,6/20/2026 18:54,7.46,19.29,-49.88
803,6/20/2026 19:09,7.44,19.46,-48.86
804,6/20/2026 19:24,7.4,19.72,-46.5
805,6/20/2026 19:39,7.37,19.91,-44.7
806,6/20/2026 19:54,7.33,20.13,-42.85
807,6/20/2026 20:09,7.31,20.27,-41.28
808,6/20/2026 20:24,7.28,20.39,-39.92
809,6/20/2026 20:39,7.24,20.53,-37.81
810,6/20/2026 20:54,7.21,20.67,-35.69
811,6/20/2026 21:09,7.17,20.82,-33.56
812,6/20/2026 21:24,7.13,20.96,-31.41
813,6/20/2026 21:39,7.1,21.1,-29.52
814,6/20/2026 21:54,7.06,21.25,-27.78
815,6/20/2026 22:09,7.04,21.34,-26.27
816,6/20/2026 22:24,7.01,21.44,-25
817,6/20/2026 22:39,7,21.49,-24.02
818,6/20/2026 22:54,6.98,21.51,-23.33
819,6/20/2026 23:09,6.98,21.49,-23
820,6/20/2026 23:24,6.96,21.49,-22.24
821,6/20/2026 23:39,6.96,21.49,-21.91
822,6/20/2026 23:54,6.95,21.51,-21.49
823,6/21/2026 0:09,6.94,21.53,-20.92
824,6/21/2026 0:24,6.95,21.46,-21.52
825,6/21/2026 0:39,6.97,21.37,-22.78
826,6/21/2026 0:54,6.99,21.22,-23.72
827,6/21/2026 1:09,7.01,21.03,-24.72
828,6/21/2026 1:24,7.05,20.84,-26.8
829,6/21/2026 1:39,7.09,20.63,-29.19
830,6/21/2026 1:54,7.14,20.36,-32
831,6/21/2026 2:09,7.2,20.06,-35.13
832,6/21/2026 2:24,7.25,19.82,-38.19
833,6/21/2026 2:39,7.34,19.44,-42.89
834,6/21/2026 2:54,7.37,19.22,-44.6
835,6/21/2026 3:09,7.41,18.96,-46.78
836,6/21/2026 3:24,7.43,18.79,-48.08
837,6/21/2026 3:39,7.45,18.65,-49.31
838,6/21/2026 3:54,7.49,18.39,-51.27
839,6/21/2026 4:09,7.52,18.13,-53.2
840,6/21/2026 4:24,7.55,17.91,-54.36
841,6/21/2026 4:39,7.56,17.77,-55.08
842,6/21/2026 4:54,7.57,17.58,-55.88
843,6/21/2026 5:09,7.59,17.37,-56.78
844,6/21/2026 5:24,7.61,17.18,-57.64
845,6/21/2026 5:39,7.62,17.03,-58.47
846,6/21/2026 5:54,7.57,16.99,-55.42
847,6/21/2026 6:09,7.57,17.08,-55.61
848,6/21/2026 6:24,7.54,17.58,-53.8
849,6/21/2026 6:39,7.51,17.8,-52.49
850,6/21/2026 6:54,7.48,17.99,-50.95
851,6/21/2026 7:09,7.43,18.25,-48.2
852,6/21/2026 7:24,7.37,18.53,-44.77
853,6/21/2026 7:39,7.34,18.68,-42.88
854,6/21/2026 7:54,7.31,18.82,-41.13
855,6/21/2026 8:09,7.29,18.98,-40.05
856,6/21/2026 8:24,7.26,19.13,-38.84
857,6/21/2026 8:39,7.23,19.29,-37.03
858,6/21/2026 8:54,7.19,19.48,-34.84
859,6/21/2026 9:09,7.15,19.7,-32.55
860,6/21/2026 9:24,7.12,19.89,-30.86
861,6/21/2026 9:39,7.08,20.13,-28.56
862,6/21/2026 9:54,7.05,20.34,-26.78
863,6/21/2026 10:09,7.02,20.58,-25.09
864,6/21/2026 10:24,6.99,20.77,-23.64
865,6/21/2026 10:39,6.97,20.94,-22.8
866,6/21/2026 10:54,6.96,21.15,-21.94
867,6/21/2026 11:09,6.96,21.39,-21.72
868,6/21/2026 11:24,6.96,21.46,-21.72
869,6/21/2026 11:39,6.95,21.56,-21.67
870,6/21/2026 11:54,6.96,21.82,-21.86
871,6/21/2026 12:09,6.96,22.11,-21.67
872,6/21/2026 12:24,6.95,22.08,-21.56
873,6/21/2026 12:39,6.93,22.08,-20.25
874,6/21/2026 12:54,6.95,22.27,-21.2
875,6/21/2026 13:09,6.96,22.23,-21.83
876,6/21/2026 13:24,6.97,22.2,-22.64
877,6/21/2026 13:39,7,22.32,-23.95
878,6/21/2026 13:54,7.03,22.39,-25.67
879,6/21/2026 14:09,7.07,22.25,-28.13
880,6/21/2026 14:24,7.13,22.08,-31.56
881,6/21/2026 14:39,7.19,21.82,-34.75
882,6/21/2026 14:54,7.23,21.6,-37.24
883,6/21/2026 15:09,7.34,21.29,-43.2
884,6/21/2026 15:24,7.39,21.01,-45.99
885,6/21/2026 15:39,7.43,20.67,-48.17
886,6/21/2026 15:54,7.46,20.34,-49.94
887,6/21/2026 16:09,7.48,19.98,-51.06
888,6/21/2026 16:24,7.51,19.65,-52.49
889,6/21/2026 16:39,7.54,19.29,-54.41
890,6/21/2026 16:54,7.57,19.01,-55.75
891,6/21/2026 17:09,7.59,18.68,-57.06
892,6/21/2026 17:24,7.6,18.58,-57.38
893,6/21/2026 17:39,7.61,18.41,-58.05
894,6/21/2026 17:54,7.62,18.2,-58.8
895,6/21/2026 18:09,7.63,18.03,-59.31
896,6/21/2026 18:24,7.6,17.99,-57.35
897,6/21/2026 18:39,7.54,18.03,-53.92
898,6/21/2026 18:54,7.57,18.2,-55.85
899,6/21/2026 19:09,7.54,19.06,-54.42
900,6/21/2026 19:24,7.52,19.29,-52.85
901,6/21/2026 19:39,7.49,19.44,-51.49
902,6/21/2026 19:54,7.43,19.77,-48.36
903,6/21/2026 20:09,7.4,20.06,-46.64
904,6/21/2026 20:24,7.37,20.25,-44.92
905,6/21/2026 20:39,7.34,20.46,-43.31
906,6/21/2026 20:54,7.31,20.67,-41.31
907,6/21/2026 21:09,7.26,20.91,-38.89
908,6/21/2026 21:24,7.22,21.13,-36.72
909,6/21/2026 21:39,7.19,21.29,-34.58
910,6/21/2026 21:54,7.15,21.44,-32.42
911,6/21/2026 22:09,7.11,21.6,-30.11
912,6/21/2026 22:24,7.07,21.75,-28.09
913,6/21/2026 22:39,7.03,21.89,-26.06
914,6/21/2026 22:54,7,22.01,-24.39
915,6/21/2026 23:09,6.98,22.11,-22.99
916,6/21/2026 23:24,6.96,22.18,-21.97
917,6/21/2026 23:39,6.94,22.2,-20.88
918,6/21/2026 23:54,6.92,22.2,-19.94
919,6/22/2026 0:09,6.92,22.18,-19.98
920,6/22/2026 0:24,6.92,22.13,-19.45
921,6/22/2026 0:39,6.91,22.08,-19.36
922,6/22/2026 0:54,6.91,22.08,-18.98
923,6/22/2026 1:09,6.9,22.03,-18.81
924,6/22/2026 1:24,6.92,21.99,-19.56
925,6/22/2026 1:39,6.93,21.91,-20.39
926,6/22/2026 1:54,6.95,21.82,-21.22
927,6/22/2026 2:09,6.96,21.6,-22.02
928,6/22/2026 2:24,6.99,21.46,-23.52
929,6/22/2026 2:39,7.04,21.1,-26.44
930,6/22/2026 2:54,7.08,20.89,-28.61
931,6/22/2026 3:09,7.13,20.58,-31.66
932,6/22/2026 3:24,7.19,20.29,-35.05
933,6/22/2026 3:39,7.26,19.94,-38.56
934,6/22/2026 3:54,7.32,19.58,-42.16
935,6/22/2026 4:09,7.36,19.34,-44.39
936,6/22/2026 4:24,7.39,19.08,-45.91
937,6/22/2026 4:39,7.41,18.94,-47
938,6/22/2026 4:54,7.43,18.82,-48.17
939,6/22/2026 5:09,7.46,18.6,-49.81
940,6/22/2026 5:24,7.49,18.41,-51.33
941,6/22/2026 5:39,7.51,18.25,-52.2
942,6/22/2026 5:54,7.52,18.13,-52.89
943,6/22/2026 6:09,7.51,18.08,-52.63
944,6/22/2026 6:24,7.51,18.06,-52.35
945,6/22/2026 6:39,7.46,18.06,-49.45
946,6/22/2026 6:54,7.46,18.1,-49.6
947,6/22/2026 7:09,7.43,18.37,-48.22
948,6/22/2026 7:24,7.42,18.6,-47.67
949,6/22/2026 7:39,7.4,18.75,-46.47
950,6/22/2026 7:54,7.38,18.89,-45.28
951,6/22/2026 8:09,7.36,19.01,-44.17
952,6/22/2026 8:24,7.33,19.13,-42.63
953,6/22/2026 8:39,7.31,19.29,-41.28
954,6/22/2026 8:54,7.27,19.48,-39.42
955,6/22/2026 9:09,7.24,19.7,-37.38
956,6/22/2026 9:24,7.19,19.94,-35.02
957,6/22/2026 9:39,7.16,20.15,-32.94
958,6/22/2026 9:54,7.13,20.39,-31.53
959,6/22/2026 10:09,7.1,20.65,-29.7
960,6/22/2026 10:24,7.06,20.89,-27.78
961,6/22/2026 10:39,7.04,21.15,-26.16
962,6/22/2026 10:54,7.01,21.39,-24.64
963,6/22/2026 11:09,6.99,21.63,-23.5
964,6/22/2026 11:24,6.97,21.87,-22.34
965,6/22/2026 11:39,6.95,22.08,-21.34
966,6/22/2026 11:54,6.94,22.2,-20.91
967,6/22/2026 12:09,6.93,22.32,-20.41
968,6/22/2026 12:24,6.95,22.47,-21.16
969,6/22/2026 12:39,6.95,22.61,-21.16
970,6/22/2026 12:54,6.94,22.7,-21.05
971,6/22/2026 13:09,6.94,22.68,-20.86
972,6/22/2026 13:24,6.94,22.66,-20.86
973,6/22/2026 13:39,6.94,22.68,-20.67
974,6/22/2026 13:54,6.96,22.68,-22.02
975,6/22/2026 14:09,6.98,22.63,-22.8
976,6/22/2026 14:24,7,22.58,-24.28
977,6/22/2026 14:39,7.03,22.51,-26.08
978,6/22/2026 14:54,7.08,22.42,-28.95
979,6/22/2026 15:09,7.11,22.2,-30.63
980,6/22/2026 15:24,7.17,21.94,-33.8
981,6/22/2026 15:39,7.23,21.68,-37.05
982,6/22/2026 15:54,7.28,21.39,-39.78
983,6/22/2026 16:09,7.36,21.03,-44.25
984,6/22/2026 16:24,7.41,20.75,-47.13
985,6/22/2026 16:39,7.45,20.51,-49.53
986,6/22/2026 16:54,7.46,20.34,-50.13
987,6/22/2026 17:09,7.47,20.15,-50.44
988,6/22/2026 17:24,7.5,19.89,-51.89
989,6/22/2026 17:39,7.53,19.6,-53.56
990,6/22/2026 17:54,7.55,19.37,-54.83
991,6/22/2026 18:09,7.57,19.17,-55.8
992,6/22/2026 18:24,7.58,19.06,-56.19
993,6/22/2026 18:39,7.58,18.94,-56.52
994,6/22/2026 18:54,7.58,18.84,-56.55
995,6/22/2026 19:09,7.53,18.84,-53.56
996,6/22/2026 19:24,7.52,18.82,-53.17
997,6/22/2026 19:39,7.51,19.08,-52.66
998,6/22/2026 19:54,7.5,19.37,-52.03
999,6/22/2026 20:09,7.47,19.65,-50.31
####,6/22/2026 20:24,7.43,19.89,-48.25
####,6/22/2026 20:39,7.4,20.06,-46.74
####,6/22/2026 20:54,7.39,20.08,-46.19
####,6/22/2026 21:09,7.36,20.29,-44.36
####,6/22/2026 21:24,7.33,20.41,-42.7
####,6/22/2026 21:39,7.29,20.56,-40.56
####,6/22/2026 21:54,7.26,20.7,-38.63
####,6/22/2026 22:09,7.23,20.84,-36.8
####,6/22/2026 22:24,7.2,20.94,-35.16
####,6/22/2026 22:39,7.15,21.13,-32.66
####,6/22/2026 22:54,7.12,21.22,-30.88
####,6/22/2026 23:09,7.08,21.37,-28.78
####,6/22/2026 23:24,7.05,21.51,-26.8
####,6/22/2026 23:39,7.02,21.63,-25.09
####,6/22/2026 23:54,6.99,21.7,-23.72
####,6/23/2026 0:09,6.98,21.75,-22.83
####,6/23/2026 0:24,6.96,21.77,-21.86
####,6/23/2026 0:39,6.94,21.75,-20.94
####,6/23/2026 0:54,6.92,21.7,-19.94
####,6/23/2026 1:09,6.92,21.68,-19.84
####,6/23/2026 1:24,6.92,21.68,-19.47
####,6/23/2026 1:39,6.91,21.65,-18.91
####,6/23/2026 1:54,6.9,21.65,-18.58
####,6/23/2026 2:09,6.89,21.6,-18.19
####,6/23/2026 2:24,6.91,21.53,-19.39
####,6/23/2026 2:39,6.93,21.46,-20.33
####,6/23/2026 2:54,6.95,21.32,-21.41
####,6/23/2026 3:09,6.96,21.08,-21.84
####,6/23/2026 3:24,6.98,20.98,-23.05
####,6/23/2026 3:39,7.02,20.67,-25.45
####,6/23/2026 3:54,7.05,20.56,-27.08
####,6/23/2026 4:09,7.1,20.39,-29.91
####,6/23/2026 4:24,7.15,20.15,-32.66
####,6/23/2026 4:39,7.2,19.94,-35.53
####,6/23/2026 4:54,7.28,19.7,-39.77
####,6/23/2026 5:09,7.32,19.48,-41.95
####,6/23/2026 5:24,7.34,19.29,-43.28
####,6/23/2026 5:39,7.35,19.2,-43.58
####,6/23/2026 5:54,7.36,19.13,-44.24
####,6/23/2026 6:09,7.38,19.03,-45.38
####,6/23/2026 6:24,7.41,18.89,-46.99
####,6/23/2026 6:39,7.43,18.79,-47.94
####,6/23/2026 6:54,7.45,18.68,-48.91
####,6/23/2026 7:09,7.46,18.58,-49.69
####,6/23/2026 7:24,7.43,18.53,-47.78
####,6/23/2026 7:39,7.4,18.56,-46.55
####,6/23/2026 7:54,7.4,18.6,-46.42
####,6/23/2026 8:09,7.35,18.84,-43.85
####,6/23/2026 8:24,7.34,19.03,-42.81
####,6/23/2026 8:39,7.32,19.13,-41.86
####,6/23/2026 8:54,7.29,19.2,-40.53
####,6/23/2026 9:09,7.27,19.27,-39.41
####,6/23/2026 9:24,7.25,19.37,-38.33
####,6/23/2026 9:39,7.23,19.48,-36.8
####,6/23/2026 9:54,7.19,19.6,-34.77
####,6/23/2026 10:09,7.16,19.75,-33.2
####,6/23/2026 10:24,7.12,19.86,-31.06
####,6/23/2026 10:39,7.09,20.01,-29.49
####,6/23/2026 10:54,7.06,20.15,-27.72
####,6/23/2026 11:09,7.03,20.29,-25.99
####,6/23/2026 11:24,7,20.44,-24.24
####,6/23/2026 11:39,6.98,20.58,-22.81
####,6/23/2026 11:54,6.95,20.72,-21.52
####,6/23/2026 12:09,6.93,20.84,-20.3
####,6/23/2026 12:24,6.91,20.96,-19.38
####,6/23/2026 12:39,6.9,21.03,-18.53
####,6/23/2026 12:54,6.89,21.1,-17.89
####,6/23/2026 13:09,6.88,21.13,-17.64
####,6/23/2026 13:24,6.88,21.15,-17.25
####,6/23/2026 13:39,6.87,21.17,-17.09
####,6/23/2026 13:54,6.88,21.2,-17.33
####,6/23/2026 14:09,6.87,21.25,-17
####,6/23/2026 14:24,6.87,21.22,-16.72
####,6/23/2026 14:39,6.88,21.22,-17.45
####,6/23/2026 14:54,6.89,21.15,-18.28
####,6/23/2026 15:09,6.91,21.1,-18.89
####,6/23/2026 15:24,6.92,21.01,-19.47
####,6/23/2026 15:39,6.94,20.94,-20.69
####,6/23/2026 15:54,6.98,20.82,-23.16
####,6/23/2026 16:09,7.01,20.65,-24.92
####,6/23/2026 16:24,7.06,20.58,-27.47
####,6/23/2026 16:39,7.12,20.41,-30.75
####,6/23/2026 16:54,7.17,20.22,-33.94
####,6/23/2026 17:09,7.25,20.01,-38.3
####,6/23/2026 17:24,7.36,19.67,-44
####,6/23/2026 17:39,7.4,19.44,-46.56
####,6/23/2026 17:54,7.41,19.37,-46.75
####,6/23/2026 18:09,7.44,19.17,-48.53
####,6/23/2026 18:24,7.47,18.96,-50.2
####,6/23/2026 18:39,7.5,18.77,-51.8
####,6/23/2026 18:54,7.52,18.6,-52.88
####,6/23/2026 19:09,7.53,18.49,-53.5
####,6/23/2026 19:24,7.54,18.39,-53.94
####,6/23/2026 19:39,7.54,18.27,-54.02
####,6/23/2026 19:54,7.54,18.2,-53.86
####,6/23/2026 20:09,7.49,18.1,-51.56
####,6/23/2026 20:24,7.48,18.18,-50.52
####,6/23/2026 20:39,7.49,18.25,-51.33
####,6/23/2026 20:54,7.46,18.77,-49.58
####,6/23/2026 21:09,7.42,19.03,-47.45
####,6/23/2026 21:24,7.39,19.15,-45.66
####,6/23/2026 21:39,7.36,19.2,-44.16
####,6/23/2026 21:54,7.33,19.32,-42.8
####,6/23/2026 22:09,7.3,19.44,-41.13
####,6/23/2026 22:24,7.26,19.6,-38.44
####,6/23/2026 22:39,7.21,19.75,-35.86
####,6/23/2026 22:54,7.15,19.91,-32.78
####,6/23/2026 23:09,7.11,20.1,-30.08
####,6/23/2026 23:24,7.06,20.25,-27.69
####,6/23/2026 23:39,7.02,20.36,-25.49
####,6/23/2026 23:54,6.99,20.48,-23.49
####,6/24/2026 0:09,6.96,20.6,-21.75
####,6/24/2026 0:24,6.92,20.7,-19.94
####,6/24/2026 0:39,6.9,20.79,-18.64
####,6/24/2026 0:54,6.88,20.86,-17.66
####,6/24/2026 1:09,6.87,20.91,-16.89
####,6/24/2026 1:24,6.86,20.96,-16.2
####,6/24/2026 1:39,6.85,20.96,-15.66
####,6/24/2026 1:54,6.83,20.96,-14.94
####,6/24/2026 2:09,6.84,20.96,-15.14
####,6/24/2026 2:24,6.84,20.91,-15
####,6/24/2026 2:39,6.83,20.89,-14.75
####,6/24/2026 2:54,6.83,20.86,-14.78
####,6/24/2026 3:09,6.82,20.86,-14.14
####,6/24/2026 3:24,6.83,20.79,-14.42
####,6/24/2026 3:39,6.84,20.75,-15.02
####,6/24/2026 3:54,6.84,20.67,-15.3
####,6/24/2026 4:09,6.84,20.46,-15.34
####,6/24/2026 4:24,6.86,20.36,-16.41
####,6/24/2026 4:39,6.89,20.13,-18.13
####,6/24/2026 4:54,6.93,19.98,-20.13
####,6/24/2026 5:09,6.96,19.82,-22.19
####,6/24/2026 5:24,7,19.65,-24.36
####,6/24/2026 5:39,7.06,19.46,-27.34
####,6/24/2026 5:54,7.12,19.22,-30.99
####,6/24/2026 6:09,7.21,19.01,-35.7
####,6/24/2026 6:24,7.27,18.82,-38.95
####,6/24/2026 6:39,7.29,18.65,-40.36
####,6/24/2026 6:54,7.31,18.56,-41.49
####,6/24/2026 7:09,7.33,18.53,-42.74
####,6/24/2026 7:24,7.35,18.46,-43.72
####,6/24/2026 7:39,7.38,18.39,-45.17
####,6/24/2026 7:54,7.39,18.34,-45.58
####,6/24/2026 8:09,7.41,18.27,-46.69
####,6/24/2026 8:24,7.41,18.25,-46.66
####,6/24/2026 8:39,7.36,18.27,-44.1
####,6/24/2026 8:54,7.33,18.32,-42.27
####,6/24/2026 9:09,7.3,18.51,-41.08
####,6/24/2026 9:24,7.32,18.7,-41.69
####,6/24/2026 9:39,7.31,18.77,-41.17
####,6/24/2026 9:54,7.28,18.96,-39.66
####,6/24/2026 10:09,7.26,19.13,-38.39
####,6/24/2026 10:24,7.23,19.22,-36.95
####,6/24/2026 10:39,7.21,19.39,-35.63
####,6/24/2026 10:54,7.17,19.58,-33.7
####,6/24/2026 11:09,7.14,19.79,-31.74
####,6/24/2026 11:24,7.11,19.96,-30.22
####,6/24/2026 11:39,7.07,20.15,-27.86
####,6/24/2026 11:54,7.02,20.36,-25.53
####,6/24/2026 12:09,6.99,20.6,-23.78
####,6/24/2026 12:24,6.96,20.79,-22.08
####,6/24/2026 12:39,6.94,21.06,-21.03
####,6/24/2026 12:54,6.93,21.27,-20.16
####,6/24/2026 13:09,6.92,21.49,-19.5
####,6/24/2026 13:24,6.91,21.68,-18.89
####,6/24/2026 13:39,6.9,21.84,-18.53
####,6/24/2026 13:54,6.9,22.01,-18.5
####,6/24/2026 14:09,6.9,22.23,-18.63
####,6/24/2026 14:24,6.92,22.37,-19.58
####,6/24/2026 14:39,6.93,22.49,-20.05
####,6/24/2026 14:54,6.92,22.66,-19.69
####,6/24/2026 15:09,6.92,22.73,-19.75
####,6/24/2026 15:24,6.94,22.8,-20.92
####,6/24/2026 15:39,6.96,22.75,-21.86
####,6/24/2026 15:54,6.97,22.75,-22.45
####,6/24/2026 16:09,6.99,22.85,-23.88
####,6/24/2026 16:24,7.04,22.85,-26.27
####,6/24/2026 16:39,7.1,22.87,-29.63
####,6/24/2026 16:54,7.14,22.73,-32.24
####,6/24/2026 17:09,7.18,22.68,-34.59
####,6/24/2026 17:24,7.24,22.61,-37.94
####,6/24/2026 17:39,7.3,22.37,-40.99
####,6/24/2026 17:54,7.37,22.15,-45.16
####,6/24/2026 18:09,7.48,21.58,-50.95
####,6/24/2026 18:24,7.56,21.13,-55.25
####,6/24/2026 18:39,7.57,20.94,-56.27
####,6/24/2026 18:54,7.6,20.72,-57.64
####,6/24/2026 19:09,7.63,20.29,-59.06
####,6/24/2026 19:24,7.64,19.96,-60.03
####,6/24/2026 19:39,7.65,19.77,-60.45
####,6/24/2026 19:54,7.66,19.65,-60.86
####,6/24/2026 20:09,7.66,19.56,-61.03
####,6/24/2026 20:24,7.66,19.48,-60.85
####,6/24/2026 20:39,7.66,19.41,-60.88
####,6/24/2026 20:54,7.65,19.37,-60.61
####,6/24/2026 21:09,7.6,19.34,-57.42
####,6/24/2026 21:24,7.61,19.41,-57.99
####,6/24/2026 21:39,7.6,19.77,-57.75
####,6/24/2026 21:54,7.58,19.98,-56.58
####,6/24/2026 22:09,7.56,20.17,-55.41
####,6/24/2026 22:24,7.53,20.32,-53.52
####,6/24/2026 22:39,7.49,20.51,-51.56
####,6/24/2026 22:54,7.46,20.65,-49.75
####,6/24/2026 23:09,7.42,20.84,-47.55
####,6/24/2026 23:24,7.36,21.1,-44.35
####,6/24/2026 23:39,7.3,21.37,-40.92
####,6/24/2026 23:54,7.24,21.6,-37.63
####,6/25/2026 0:09,7.19,21.84,-34.74
####,6/25/2026 0:24,7.14,22.06,-31.8
####,6/25/2026 0:39,7.09,22.18,-29.5
####,6/25/2026 0:54,7.05,22.3,-26.88
####,6/25/2026 1:09,7.01,22.37,-24.84
####,6/25/2026 1:24,6.98,22.44,-23.13
####,6/25/2026 1:39,6.95,22.49,-21.44
####,6/25/2026 1:54,6.93,22.49,-20.16
####,6/25/2026 2:09,6.91,22.49,-19.05
####,6/25/2026 2:24,6.89,22.44,-17.83
####,6/25/2026 2:39,6.88,22.39,-17.47
####,6/25/2026 2:54,6.87,22.35,-17.02
####,6/25/2026 3:09,6.86,22.27,-16.44
####,6/25/2026 3:24,6.87,22.18,-16.69
####,6/25/2026 3:39,6.86,22.08,-16.08
####,6/25/2026 3:54,6.86,22.08,-16.13
####,6/25/2026 4:09,6.84,22.06,-15.33
####,6/25/2026 4:24,6.86,22.01,-16.25
####,6/25/2026 4:39,6.87,21.99,-17.14
####,6/25/2026 4:54,6.89,21.91,-17.78
####,6/25/2026 5:09,6.89,21.72,-18.03
####,6/25/2026 5:24,6.91,21.65,-19.33
####,6/25/2026 5:39,6.95,21.37,-21.64
####,6/25/2026 5:54,6.99,21.27,-23.88
####,6/25/2026 6:09,7.04,21.06,-26.49
####,6/25/2026 6:24,7.1,20.84,-29.58
####,6/25/2026 6:39,7.16,20.6,-32.95
####,6/25/2026 6:54,7.23,20.27,-37.3
####,6/25/2026 7:09,7.3,20.06,-41.03
####,6/25/2026 7:24,7.35,19.89,-43.72
####,6/25/2026 7:39,7.38,19.72,-45.55
####,6/25/2026 7:54,7.41,19.65,-46.85
####,6/25/2026 8:09,7.42,19.6,-47.8
####,6/25/2026 8:24,7.44,19.56,-48.89
####,6/25/2026 8:39,7.48,19.48,-50.69
####,6/25/2026 8:54,7.49,19.44,-51.41
####,6/25/2026 9:09,7.49,19.41,-51.7
####,6/25/2026 9:24,7.47,19.44,-50.36
####,6/25/2026 9:39,7.44,19.48,-48.56
####,6/25/2026 9:54,7.43,19.53,-48.13
####,6/25/2026 10:09,7.42,19.65,-47.41
####,6/25/2026 10:24,7.39,19.79,-46.05
####,6/25/2026 10:39,7.38,19.91,-45.16
####,6/25/2026 10:54,7.37,20.08,-44.74
####,6/25/2026 11:09,7.34,20.25,-42.94
####,6/25/2026 11:24,7.3,20.39,-41.2
####,6/25/2026 11:39,7.28,20.67,-39.91
####,6/25/2026 11:54,7.26,20.98,-38.75
####,6/25/2026 12:09,7.19,21.13,-34.81
####,6/25/2026 12:24,7.15,21.27,-32.78
####,6/25/2026 12:39,7.13,21.44,-31.41
####,6/25/2026 12:54,7.09,21.7,-29.24
####,6/25/2026 13:09,7.05,21.99,-27.2
####,6/25/2026 13:24,7.02,22.3,-25.49
####,6/25/2026 13:39,6.98,22.54,-23.3
####,6/25/2026 13:54,6.97,22.68,-22.31
####,6/25/2026 14:09,6.95,22.78,-21.24
####,6/25/2026 14:24,6.94,22.9,-20.84
####,6/25/2026 14:39,6.93,22.97,-20.14
####,6/25/2026 14:54,6.92,23.09,-19.95
####,6/25/2026 15:09,6.93,23.26,-20.19
####,6/25/2026 15:24,6.93,23.45,-20.06
####,6/25/2026 15:39,6.95,23.47,-21.22
####,6/25/2026 15:54,6.94,23.45,-20.67
####,6/25/2026 16:09,6.95,23.45,-21.39
####,6/25/2026 16:24,6.97,23.45,-22.36
####,6/25/2026 16:39,6.99,23.3,-23.39
####,6/25/2026 16:54,7.02,23.35,-25.19
####,6/25/2026 17:09,7.05,23.38,-27.24
####,6/25/2026 17:24,7.09,23.3,-29.05
####,6/25/2026 17:39,7.15,23.3,-32.88
####,6/25/2026 17:54,7.2,23.18,-35.74
####,6/25/2026 18:09,7.26,23.02,-38.99
####,6/25/2026 18:24,7.33,22.87,-42.55
####,6/25/2026 18:39,7.39,22.68,-46.11
####,6/25/2026 18:54,7.48,22.42,-51.36
####,6/25/2026 19:09,7.57,22.01,-56.38
####,6/25/2026 19:24,7.62,21.68,-58.99
####,6/25/2026 19:39,7.63,21.65,-59.44
####,6/25/2026 19:54,7.64,21.51,-60.16
####,6/25/2026 20:09,7.65,21.29,-60.72
####,6/25/2026 20:24,7.67,21.01,-61.75
####,6/25/2026 20:39,7.68,20.84,-62.05
####,6/25/2026 20:54,7.68,20.7,-62.24
####,6/25/2026 21:09,7.69,20.56,-62.63
####,6/25/2026 21:24,7.69,20.41,-62.58
####,6/25/2026 21:39,7.69,20.34,-62.41
####,6/25/2026 21:54,7.64,20.32,-59.81
####,6/25/2026 22:09,7.64,20.36,-59.77
####,6/25/2026 22:24,7.61,20.67,-58.38
####,6/25/2026 22:39,7.61,20.98,-58.24
####,6/25/2026 22:54,7.58,21.15,-56.91
####,6/25/2026 23:09,7.56,21.25,-55.69
####,6/25/2026 23:24,7.54,21.34,-54.5
####,6/25/2026 23:39,7.51,21.44,-52.74
####,6/25/2026 23:54,7.47,21.58,-50.27
####,6/26/2026 0:09,7.41,21.75,-47.39
####,6/26/2026 0:24,7.35,21.96,-43.61
####,6/26/2026 0:39,7.29,22.15,-40.27
####,6/26/2026 0:54,7.23,22.37,-36.89
####,6/26/2026 1:09,7.18,22.49,-34.36
####,6/26/2026 1:24,7.14,22.58,-31.84
####,6/26/2026 1:39,7.09,22.7,-29.14
####,6/26/2026 1:54,7.04,22.8,-26.49
####,6/26/2026 2:09,7,22.85,-24.31
####,6/26/2026 2:24,6.97,22.92,-22.64
####,6/26/2026 2:39,6.95,22.94,-21.31
####,6/26/2026 2:54,6.93,22.97,-20.17
####,6/26/2026 3:09,6.91,22.97,-19.22
####,6/26/2026 3:24,6.9,22.94,-18.58
####,6/26/2026 3:39,6.89,22.92,-18.2
####,6/26/2026 3:54,6.89,22.9,-17.75
####,6/26/2026 4:09,6.88,22.87,-17.3
####,6/26/2026 4:24,6.87,22.85,-16.88
####,6/26/2026 4:39,6.86,22.78,-16.48
####,6/26/2026 4:54,6.86,22.82,-16.47
####,6/26/2026 5:09,6.86,22.75,-16.59
####,6/26/2026 5:24,6.88,22.73,-17.39
####,6/26/2026 5:39,6.89,22.68,-17.94
####,6/26/2026 5:54,6.89,22.54,-17.89
####,6/26/2026 6:09,6.91,22.44,-18.92
####,6/26/2026 6:24,6.93,22.32,-20.2
####,6/26/2026 6:39,6.97,22.13,-22.74
####,6/26/2026 6:54,7,22.06,-24.28
####,6/26/2026 7:09,7.06,21.89,-27.3
####,6/26/2026 7:24,7.11,21.72,-30.22
####,6/26/2026 7:39,7.17,21.51,-33.89
####,6/26/2026 7:54,7.27,21.22,-39.25
####,6/26/2026 8:09,7.33,21.06,-42.64
####,6/26/2026 8:24,7.37,20.86,-45
####,6/26/2026 8:39,7.39,20.72,-46.22
####,6/26/2026 8:54,7.41,20.63,-47.05
####,6/26/2026 9:09,7.42,20.58,-47.66
####,6/26/2026 9:24,7.46,20.48,-49.86
####,6/26/2026 9:39,7.48,20.41,-51.03
####,6/26/2026 9:54,7.5,20.34,-51.88
####,6/26/2026 10:09,7.52,20.32,-53.05
####,6/26/2026 10:24,7.5,20.36,-51.94
####,6/26/2026 10:39,7.47,20.39,-50.38
####,6/26/2026 10:54,7.45,20.53,-49.08
####,6/26/2026 11:09,7.39,20.67,-45.78
####,6/26/2026 11:24,7.4,20.91,-46.35
####,6/26/2026 11:39,7.36,20.91,-44.08
####,6/26/2026 11:54,7.34,21.03,-42.99
####,6/26/2026 12:09,7.32,21.1,-41.89
####,6/26/2026 12:24,7.28,21.25,-40.13
####,6/26/2026 12:39,7.25,21.29,-38.33
####,6/26/2026 12:54,7.23,21.37,-37
####,6/26/2026 13:09,7.18,21.49,-34.5
####,6/26/2026 13:24,7.14,21.65,-32.25
####,6/26/2026 13:39,7.11,21.87,-30.42
####,6/26/2026 13:54,7.07,22.13,-28.14
####,6/26/2026 14:09,7.03,22.39,-26.03
####,6/26/2026 14:24,7.01,22.66,-24.58
####,6/26/2026 14:39,6.99,22.87,-23.47
####,6/26/2026 14:54,6.97,23.04,-22.61
####,6/26/2026 15:09,6.96,23.21,-21.8
####,6/26/2026 15:24,6.95,23.28,-21.24
####,6/26/2026 15:39,6.94,23.4,-20.75
####,6/26/2026 15:54,6.94,23.52,-20.72
####,6/26/2026 16:09,6.95,23.69,-21.66
####,6/26/2026 16:24,6.95,23.79,-21.39
####,6/26/2026 16:39,6.95,23.76,-21.64
####,6/26/2026 16:54,6.96,23.76,-22.08
####,6/26/2026 17:09,7,23.91,-23.92
####,6/26/2026 17:24,7.02,23.83,-25.19
####,6/26/2026 17:39,7.04,23.86,-26.66
####,6/26/2026 17:54,7.08,23.91,-28.92
####,6/26/2026 18:09,7.12,23.81,-31.2
####,6/26/2026 18:24,7.18,23.71,-34.14
####,6/26/2026 18:39,7.23,23.4,-36.94
####,6/26/2026 18:54,7.27,23.18,-39.34
####,6/26/2026 19:09,7.33,22.97,-42.8
####,6/26/2026 19:24,7.37,22.82,-45.1
####,6/26/2026 19:39,7.43,22.58,-48.45
####,6/26/2026 19:54,7.51,22.32,-52.74
####,6/26/2026 20:09,7.58,21.96,-56.74
####,6/26/2026 20:24,7.59,21.8,-57.05
####,6/26/2026 20:39,7.6,21.6,-57.97
####,6/26/2026 20:54,7.62,21.37,-58.64
####,6/26/2026 21:09,7.63,21.06,-59.6
####,6/26/2026 21:24,7.65,20.77,-60.41
####,6/26/2026 21:39,7.65,20.58,-60.41
####,6/26/2026 21:54,7.65,20.41,-60.63
####,6/26/2026 22:09,7.66,20.32,-60.75
####,6/26/2026 22:24,7.66,20.25,-60.85
####,6/26/2026 22:39,7.62,20.22,-58.7
####,6/26/2026 22:54,7.6,20.2,-57.5
####,6/26/2026 23:09,7.57,20.48,-55.92
####,6/26/2026 23:24,7.56,21.01,-55.49
####,6/26/2026 23:39,7.54,21.32,-54.47
####,6/26/2026 23:54,7.51,21.46,-52.78
####,6/27/2026 0:09,7.48,21.53,-51.31
####,6/27/2026 0:24,7.45,21.65,-49.44
####,6/27/2026 0:39,7.41,21.82,-47.14
####,6/27/2026 0:54,7.36,22.01,-44.27
####,6/27/2026 1:09,7.29,22.25,-40.44
####,6/27/2026 1:24,7.24,22.42,-37.72
####,6/27/2026 1:39,7.19,22.56,-35.13
####,6/27/2026 1:54,7.15,22.66,-32.89
####,6/27/2026 2:09,7.11,22.78,-30.22
####,6/27/2026 2:24,7.06,22.92,-27.74
####,6/27/2026 2:39,7.02,23.04,-25.53
####,6/27/2026 2:54,6.99,23.14,-23.59
####,6/27/2026 3:09,6.96,23.18,-22.14
####,6/27/2026 3:24,6.94,23.23,-20.89
####,6/27/2026 3:39,6.92,23.23,-19.8
####,6/27/2026 3:54,6.9,23.21,-18.72
####,6/27/2026 4:09,6.89,23.18,-18.09
####,6/27/2026 4:24,6.88,23.14,-17.36
####,6/27/2026 4:39,6.87,23.09,-17.03
####,6/27/2026 4:54,6.86,23.04,-16.17
####,6/27/2026 5:09,6.86,22.99,-16.42
####,6/27/2026 5:24,6.85,22.82,-15.88
####,6/27/2026 5:39,6.85,22.87,-15.72
####,6/27/2026 5:54,6.83,22.87,-14.78
####,6/27/2026 6:09,6.85,22.85,-15.59
####,6/27/2026 6:24,6.86,22.85,-16.48
####,6/27/2026 6:39,6.87,22.78,-16.86
####,6/27/2026 6:54,6.86,22.58,-16.38
####,6/27/2026 7:09,6.88,22.54,-17.59
####,6/27/2026 7:24,6.92,22.35,-19.7
####,6/27/2026 7:39,6.95,22.3,-21.31
####,6/27/2026 7:54,7,22.15,-23.92
####,6/27/2026 8:09,7.04,21.99,-26.59
####,6/27/2026 8:24,7.1,21.82,-29.75
####,6/27/2026 8:39,7.22,21.56,-36.3
####,6/27/2026 8:54,7.27,21.41,-39.25
####,6/27/2026 9:09,7.32,21.2,-42
####,6/27/2026 9:24,7.33,21.08,-42.88
####,6/27/2026 9:39,7.36,20.98,-44.33
####,6/27/2026 9:54,7.38,20.91,-45.25
####,6/27/2026 10:09,7.4,20.84,-46.72
####,6/27/2026 10:24,7.43,20.77,-48.1
####,6/27/2026 10:39,7.45,20.67,-49.36
####,6/27/2026 10:54,7.45,20.65,-49.39
####,6/27/2026 11:09,7.39,20.65,-46.19
####,6/27/2026 11:24,7.39,20.67,-45.89
####,6/27/2026 11:39,7.39,20.77,-46.03
####,6/27/2026 11:54,7.36,20.94,-44.47
####,6/27/2026 12:09,7.37,21.15,-45
####,6/27/2026 12:24,7.35,21.32,-43.61
####,6/27/2026 12:39,7.33,21.51,-42.72
####,6/27/2026 12:54,7.3,21.6,-40.77
####,6/27/2026 13:09,7.27,21.77,-39.22
####,6/27/2026 13:24,7.24,21.99,-37.5
####,6/27/2026 13:39,7.21,22.18,-35.7
####,6/27/2026 13:54,7.17,22.39,-33.69
####,6/27/2026 14:09,7.14,22.61,-32
####,6/27/2026 14:24,7.11,22.8,-30.22
####,6/27/2026 14:39,7.06,22.97,-27.74
####,6/27/2026 14:54,7.03,23.23,-26.02
####,6/27/2026 15:09,7.01,23.52,-24.88
####,6/27/2026 15:24,6.99,23.66,-23.66
####,6/27/2026 15:39,6.97,23.81,-22.25
####,6/27/2026 15:54,6.95,23.86,-21.58
####,6/27/2026 16:09,6.94,23.98,-21.08
####,6/27/2026 16:24,6.94,24.07,-20.75
####,6/27/2026 16:39,6.94,24.17,-20.61
####,6/27/2026 16:54,6.94,24.27,-20.63
####,6/27/2026 17:09,6.93,24.34,-20.22
####,6/27/2026 17:24,6.94,24.34,-20.95
####,6/27/2026 17:39,6.96,24.36,-21.78
####,6/27/2026 17:54,7,24.41,-23.97
####,6/27/2026 18:09,7,24.32,-24.09
####,6/27/2026 18:24,7.02,24.29,-25.25
####,6/27/2026 18:39,7.07,24.29,-28.27
####,6/27/2026 18:54,7.11,24.22,-30.58
####,6/27/2026 19:09,7.18,24.27,-34.2
####,6/27/2026 19:24,7.22,24.1,-36.81
####,6/27/2026 19:39,7.26,23.86,-39.09
####,6/27/2026 19:54,7.32,23.69,-42.22
####,6/27/2026 20:09,7.36,23.47,-44.56
####,6/27/2026 20:24,7.43,23.18,-48.31
####,6/27/2026 20:39,7.49,22.78,-51.99
####,6/27/2026 20:54,7.55,22.39,-54.88
####,6/27/2026 21:09,7.56,22.3,-55.44
####,6/27/2026 21:24,7.57,22.08,-56.36
####,6/27/2026 21:39,7.59,21.8,-57.16
####,6/27/2026 21:54,7.61,21.44,-58.33
####,6/27/2026 22:09,7.61,21.25,-58.6
####,6/27/2026 22:24,7.62,21.06,-59
####,6/27/2026 22:39,7.63,20.91,-59.49
####,6/27/2026 22:54,7.64,20.72,-60.13
####,6/27/2026 23:09,7.65,20.58,-60.55
####,6/27/2026 23:24,7.65,20.46,-60.52
####,6/27/2026 23:39,7.56,20.46,-55.22
####,6/27/2026 23:54,7.49,20.48,-51.63
####,6/28/2026 0:09,7.51,20.77,-52.91
####,6/28/2026 0:24,7.55,21.22,-54.85
####,6/28/2026 0:39,7.52,21.51,-53.39
####,6/28/2026 0:54,7.5,21.65,-51.97
####,6/28/2026 1:09,7.45,21.84,-49.58
####,6/28/2026 1:24,7.41,22.06,-46.95
####,6/28/2026 1:39,7.36,22.23,-44.28
####,6/28/2026 1:54,7.31,22.44,-41.63
####,6/28/2026 2:09,7.25,22.66,-38.52
####,6/28/2026 2:24,7.21,22.85,-35.94
####,6/28/2026 2:39,7.17,22.99,-33.56
####,6/28/2026 2:54,7.12,23.11,-31.11
####,6/28/2026 3:09,7.07,23.18,-28.28
####,6/28/2026 3:24,7.03,23.28,-25.8
####,6/28/2026 3:39,6.99,23.35,-23.8
####,6/28/2026 3:54,6.96,23.38,-22.09
####,6/28/2026 4:09,6.94,23.4,-20.83
####,6/28/2026 4:24,6.92,23.4,-19.5
####,6/28/2026 4:39,6.9,23.4,-18.34
####,6/28/2026 4:54,6.88,23.38,-17.31
####,6/28/2026 5:09,6.87,23.35,-16.67
####,6/28/2026 5:24,6.85,23.3,-15.66
####,6/28/2026 5:39,6.85,23.26,-16.02
####,6/28/2026 5:54,6.84,23.23,-15.22
####,6/28/2026 6:09,6.84,23.21,-15.09
####,6/28/2026 6:24,6.84,23.16,-15.05
####,6/28/2026 6:39,6.82,23.09,-14.14
####,6/28/2026 6:54,6.84,23.11,-15.25
####,6/28/2026 7:09,6.86,23.09,-16.11
####,6/28/2026 7:24,6.86,23.06,-16.59
####,6/28/2026 7:39,6.86,22.85,-16.08
####,6/28/2026 7:54,6.88,22.8,-17.55
####,6/28/2026 8:09,6.92,22.61,-19.84
####,6/28/2026 8:24,6.96,22.56,-21.69
####,6/28/2026 8:39,7,22.44,-24.45
####,6/28/2026 8:54,7.05,22.32,-27.27
####,6/28/2026 9:09,7.12,22.2,-30.86
####,6/28/2026 9:24,7.23,21.99,-36.83
####,6/28/2026 9:39,7.28,21.82,-39.94
####,6/28/2026 9:54,7.32,21.68,-41.95
####,6/28/2026 10:09,7.34,21.6,-43.03
####,6/28/2026 10:24,7.36,21.49,-44.22
####,6/28/2026 10:39,7.38,21.41,-45.52
####,6/28/2026 10:54,7.41,21.37,-47.38
####,6/28/2026 11:09,7.44,21.29,-48.99
####,6/28/2026 11:24,7.46,21.25,-50.2
####,6/28/2026 11:39,7.47,21.25,-50.75
####,6/28/2026 11:54,7.45,21.27,-49.39
####,6/28/2026 12:09,7.42,21.32,-47.44
####,6/28/2026 12:24,7.4,21.56,-46.36
####,6/28/2026 12:39,7.36,21.6,-44.5
####,6/28/2026 12:54,7.34,21.94,-43.52
####,6/28/2026 13:09,7.31,22.11,-41.7
####,6/28/2026 13:24,7.3,22.3,-41.14
####,6/28/2026 13:39,7.29,22.47,-40.49
####,6/28/2026 13:54,7.26,22.73,-38.55
####,6/28/2026 14:09,7.24,22.92,-37.67
####,6/28/2026 14:24,7.22,23.21,-36.59
####,6/28/2026 14:39,7.19,23.38,-34.95
####,6/28/2026 14:54,7.15,23.52,-32.42
####,6/28/2026 15:09,7.12,23.71,-30.83
####,6/28/2026 15:24,7.08,23.88,-28.83
####,6/28/2026 15:39,7.06,24.12,-27.42
####,6/28/2026 15:54,7.03,24.32,-25.75
####,6/28/2026 16:09,7,24.48,-24.45
####,6/28/2026 16:24,6.98,24.58,-23.33
####,6/28/2026 16:39,6.97,24.65,-22.36
####,6/28/2026 16:54,6.96,24.75,-21.97
####,6/28/2026 17:09,6.94,24.85,-21.08
####,6/28/2026 17:24,6.94,24.92,-20.7
####,6/28/2026 17:39,6.94,24.99,-20.64
####,6/28/2026 17:54,6.91,25.04,-19.06
####,6/28/2026 18:09,6.94,25.04,-20.84
####,6/28/2026 18:24,6.97,25.04,-22.31
####,6/28/2026 18:39,6.99,24.99,-23.7
####,6/28/2026 18:54,7.01,24.94,-24.89
####,6/28/2026 19:09,7.04,24.9,-26.3
####,6/28/2026 19:24,7.09,24.9,-29.52
####,6/28/2026 19:39,7.14,24.85,-32.02
####,6/28/2026 19:54,7.22,24.77,-36.63
####,6/28/2026 20:09,7.25,24.63,-38.25
####,6/28/2026 20:24,7.3,24.46,-41.19
####,6/28/2026 20:39,7.34,24.27,-43.69
####,6/28/2026 20:54,7.38,24.1,-45.52
####,6/28/2026 21:09,7.44,23.79,-49.22
####,6/28/2026 21:24,7.51,23.28,-53.19
####,6/28/2026 21:39,7.53,23.04,-54.11
####,6/28/2026 21:54,7.54,22.97,-54.5
####,6/28/2026 22:09,7.55,22.73,-55.3
####,6/28/2026 22:24,7.57,22.39,-56.17
####,6/28/2026 22:39,7.59,22.13,-57.06
####,6/28/2026 22:54,7.59,21.96,-57.49
####,6/28/2026 23:09,7.6,21.8,-57.69
####,6/28/2026 23:24,7.61,21.63,-58.1
####,6/28/2026 23:39,7.62,21.44,-59.11
####,6/28/2026 23:54,7.63,21.22,-59.5
####,6/29/2026 0:09,7.61,21.15,-58.52
####,6/29/2026 0:24,7.52,21.13,-53.53
####,6/29/2026 0:39,7.46,21.25,-49.92
####,6/29/2026 0:54,7.53,21.77,-53.72
####,6/29/2026 1:09,7.52,21.99,-53.28
####,6/29/2026 1:24,7.49,22.18,-51.67
####,6/29/2026 1:39,7.45,22.35,-49.28
####,6/29/2026 1:54,7.41,22.54,-46.97
####,6/29/2026 2:09,7.36,22.73,-44.45
####,6/29/2026 2:24,7.31,22.94,-41.85
####,6/29/2026 2:39,7.27,23.11,-39.59
####,6/29/2026 2:54,7.22,23.33,-36.77
####,6/29/2026 3:09,7.18,23.5,-34.2
####,6/29/2026 3:24,7.14,23.62,-32
####,6/29/2026 3:39,7.1,23.71,-29.77
####,6/29/2026 3:54,7.05,23.76,-27.28
####,6/29/2026 4:09,7.01,23.83,-24.77
####,6/29/2026 4:24,6.97,23.86,-22.69
####,6/29/2026 4:39,6.95,23.88,-21.25
####,6/29/2026 4:54,6.92,23.91,-19.67
####,6/29/2026 5:09,6.9,23.88,-18.56
####,6/29/2026 5:24,6.88,23.86,-17.31
####,6/29/2026 5:39,6.86,23.83,-16.28
####,6/29/2026 5:54,6.84,23.79,-15.42
####,6/29/2026 6:09,6.85,23.76,-15.67
####,6/29/2026 6:24,6.84,23.74,-15.11
####,6/29/2026 6:39,6.83,23.74,-14.53
####,6/29/2026 6:54,6.84,23.71,-14.92
####,6/29/2026 7:09,6.84,23.74,-15.13
####,6/29/2026 7:24,6.83,23.66,-14.88
####,6/29/2026 7:39,6.85,23.66,-15.45
####,6/29/2026 7:54,6.86,23.64,-16.2
####,6/29/2026 8:09,6.86,23.59,-16.33
####,6/29/2026 8:24,6.87,23.47,-16.73
####,6/29/2026 8:39,6.9,23.45,-18.47
####,6/29/2026 8:54,6.94,23.3,-20.88
####,6/29/2026 9:09,6.97,23.3,-22.7
####,6/29/2026 9:24,7.03,23.26,-25.97
####,6/29/2026 9:39,7.09,23.14,-29.45
####,6/29/2026 9:54,7.19,23.02,-35.06
####,6/29/2026 10:09,7.28,22.92,-40.03
####,6/29/2026 10:24,7.33,22.78,-42.67
####,6/29/2026 10:39,7.34,22.7,-43.49
####,6/29/2026 10:54,7.36,22.58,-44.53
####,6/29/2026 11:09,7.37,22.54,-45.17
####,6/29/2026 11:24,7.4,22.44,-46.44
####,6/29/2026 11:39,7.44,22.37,-48.72
####,6/29/2026 11:54,7.45,22.32,-49.55
####,6/29/2026 12:09,7.47,22.32,-50.47
####,6/29/2026 12:24,7.44,22.32,-48.67
####,6/29/2026 12:39,7.38,22.39,-45.27
####,6/29/2026 12:54,7.37,22.44,-45.22
####,6/29/2026 13:09,7.35,22.51,-43.89
####,6/29/2026 13:24,7.34,22.7,-43.39
####,6/29/2026 13:39,7.34,22.92,-43.39
####,6/29/2026 13:54,7.33,23.14,-42.85
####,6/29/2026 14:09,7.34,23.5,-43.35
####,6/29/2026 14:24,7.31,23.54,-41.74
####,6/29/2026 14:39,7.29,23.76,-40.59
####,6/29/2026 14:54,7.27,23.95,-39.61
####,6/29/2026 15:09,7.26,24.15,-38.64
####,6/29/2026 15:24,7.23,24.27,-36.99
####,6/29/2026 15:39,7.2,24.41,-35.31
####,6/29/2026 15:54,7.16,24.53,-33.36
####,6/29/2026 16:09,7.14,24.7,-31.97
####,6/29/2026 16:24,7.11,24.87,-30.2
####,6/29/2026 16:39,7.08,25.04,-28.61
####,6/29/2026 16:54,7.05,25.21,-27
####,6/29/2026 17:09,7.02,25.28,-25.42
####,6/29/2026 17:24,7,25.33,-24.19
####,6/29/2026 17:39,6.98,25.38,-23.31
####,6/29/2026 17:54,6.97,25.43,-22.61
####,6/29/2026 18:09,6.97,25.48,-22.22
####,6/29/2026 18:24,6.96,25.48,-21.7
####,6/29/2026 18:39,6.95,25.45,-21.31
####,6/29/2026 18:54,6.96,25.48,-22.2
####,6/29/2026 19:09,7,25.5,-24.14
####,6/29/2026 19:24,7.02,25.4,-25.31
####,6/29/2026 19:39,7.05,25.36,-26.75
####,6/29/2026 19:54,7.07,25.31,-28.33
####,6/29/2026 20:09,7.14,25.26,-32.25
####,6/29/2026 20:24,7.19,25.23,-35.13
####,6/29/2026 20:39,7.26,25.16,-38.77
####,6/29/2026 20:54,7.29,25.04,-40.49
####,6/29/2026 21:09,7.33,24.87,-42.75
####,6/29/2026 21:24,7.37,24.7,-44.95
####,6/29/2026 21:39,7.41,24.51,-47.13
####,6/29/2026 21:54,7.46,24.15,-50.41
####,6/29/2026 22:09,7.52,23.76,-53.28
####,6/29/2026 22:24,7.52,23.66,-53.67
####,6/29/2026 22:39,7.53,23.52,-54.35
####,6/29/2026 22:54,7.56,23.18,-55.53
####,6/29/2026 23:09,7.57,22.92,-56.28
####,6/29/2026 23:24,7.59,22.7,-57.14
####,6/29/2026 23:39,7.59,22.58,-57.45
####,6/29/2026 23:54,7.6,22.47,-57.72
####,6/30/2026 0:09,7.61,22.3,-58.22
####,6/30/2026 0:24,7.62,22.13,-58.78
####,6/30/2026 0:39,7.62,21.99,-58.74
####,6/30/2026 0:54,7.58,21.94,-56.74
####,6/30/2026 1:09,7.5,21.94,-52.45
####,6/30/2026 1:24,7.53,22.3,-53.8
####,6/30/2026 1:39,7.53,22.51,-54.08
####,6/30/2026 1:54,7.5,22.73,-52.42
####,6/30/2026 2:09,7.48,22.8,-51.1
####,6/30/2026 2:24,7.43,22.94,-48.5
####,6/30/2026 2:39,7.38,23.09,-45.5
####,6/30/2026 2:54,7.35,23.26,-43.72
####,6/30/2026 3:09,7.31,23.42,-41.74
####,6/30/2026 3:24,7.27,23.59,-39.33
####,6/30/2026 3:39,7.22,23.74,-36.84
####,6/30/2026 3:54,7.18,23.88,-34.5
####,6/30/2026 4:09,7.15,23.95,-32.5
####,6/30/2026 4:24,7.11,24,-30.3
####,6/30/2026 4:39,7.07,24.05,-27.92
####,6/30/2026 4:54,7.02,24.07,-25.45
####,6/30/2026 5:09,6.99,24.07,-23.63
####,6/30/2026 5:24,6.96,24.1,-22
####,6/30/2026 5:39,6.94,24.07,-20.59
####,6/30/2026 5:54,6.91,24.03,-19.22
####,6/30/2026 6:09,6.89,23.98,-18
####,6/30/2026 6:24,6.87,23.95,-17.08
####,6/30/2026 6:39,6.88,23.93,-17.44
####,6/30/2026 6:54,6.88,23.91,-17.31
####,6/30/2026 7:09,6.86,23.95,-16.52
####,6/30/2026 7:24,6.86,24.03,-16.47
####,6/30/2026 7:39,6.88,24.12,-17.69
####,6/30/2026 7:54,6.87,24,-16.66
####,6/30/2026 8:09,6.86,23.91,-16.41
####,6/30/2026 8:24,6.87,23.93,-16.84
####,6/30/2026 8:39,6.88,23.93,-17.45
####,6/30/2026 8:54,6.88,23.79,-17.36
####,6/30/2026 9:09,6.91,23.79,-18.86
####,6/30/2026 9:24,6.94,23.79,-20.94
####,6/30/2026 9:39,6.97,23.66,-22.7
####,6/30/2026 9:54,7.02,23.71,-25.49
####,6/30/2026 10:09,7.08,23.71,-28.78
####,6/30/2026 10:24,7.13,23.66,-31.74
####,6/30/2026 10:39,7.25,23.59,-38.5
####,6/30/2026 10:54,7.31,23.54,-41.8
####,6/30/2026 11:09,7.34,23.45,-43.33
####,6/30/2026 11:24,7.36,23.33,-44.38
####,6/30/2026 11:39,7.37,23.3,-44.91
####,6/30/2026 11:54,7.38,23.21,-45.63
####,6/30/2026 12:09,7.41,23.09,-47.16
####,6/30/2026 12:24,7.44,22.97,-49.2
####,6/30/2026 12:39,7.47,22.92,-50.6
####,6/30/2026 12:54,7.49,22.9,-51.69
####,6/30/2026 13:09,7.5,22.87,-52.44
####,6/30/2026 13:24,7.42,22.92,-47.97
####,6/30/2026 13:39,7.41,22.92,-47.11
####,6/30/2026 13:54,7.4,23.11,-46.77
####,6/30/2026 14:09,7.34,23.4,-43.35
####,6/30/2026 14:24,7.32,23.57,-42.11
####,6/30/2026 14:39,7.33,23.69,-42.64
####,6/30/2026 14:54,7.32,23.93,-42.3
####,6/30/2026 15:09,7.33,24.29,-42.7
####,6/30/2026 15:24,7.34,24.56,-43.2
####,6/30/2026 15:39,7.3,24.65,-41.31
####,6/30/2026 15:54,7.27,24.68,-39.33
####,6/30/2026 16:09,7.26,24.8,-38.88
####,6/30/2026 16:24,7.22,24.9,-36.52
####,6/30/2026 16:39,7.18,24.99,-34.28
####,6/30/2026 16:54,7.15,25.11,-32.95
####,6/30/2026 17:09,7.12,25.21,-31.25
####,6/30/2026 17:24,7.1,25.33,-29.78
####,6/30/2026 17:39,7.07,25.45,-28.3
####,6/30/2026 17:54,7.05,25.5,-26.78
####,6/30/2026 18:09,7.02,25.55,-25.3
####,6/30/2026 18:24,7,25.55,-24.34
####,6/30/2026 18:39,6.99,25.57,-23.5
####,6/30/2026 18:54,6.97,25.55,-22.34
####,6/30/2026 19:09,6.94,25.53,-20.81
####,6/30/2026 19:24,6.97,25.45,-22.44
####,6/30/2026 19:39,6.99,25.5,-23.45
####,6/30/2026 19:54,7.01,25.45,-24.89
####,6/30/2026 20:09,7.04,25.4,-26.72
####,6/30/2026 20:24,7.06,25.36,-27.64
####,6/30/2026 20:39,7.11,25.26,-30.56
####,6/30/2026 20:54,7.14,25.23,-32.13
####,6/30/2026 21:09,7.19,25.14,-35.16
####,6/30/2026 21:24,7.24,25.09,-37.86
####,6/30/2026 21:39,7.28,24.99,-40.05
####,6/30/2026 21:54,7.31,24.87,-41.94
####,6/30/2026 22:09,7.36,24.73,-44.45
####,6/30/2026 22:24,7.41,24.53,-47.58
####,6/30/2026 22:39,7.48,24.19,-51.27
####,6/30/2026 22:54,7.51,23.98,-52.89
####,6/30/2026 23:09,7.52,23.91,-53.35
####,6/30/2026 23:24,7.53,23.76,-54.06
####,6/30/2026 23:39,7.53,23.59,-54.25
####,6/30/2026 23:54,7.55,23.4,-55.45
####,7/1/2026 0:09,7.57,23.21,-56.3
####,7/1/2026 0:24,7.58,23.09,-56.97
####,7/1/2026 0:39,7.59,22.94,-57.49
####,7/1/2026 0:54,7.59,22.75,-57.58
####,7/1/2026 1:09,7.62,22.56,-58.85
####,7/1/2026 1:24,7.62,22.44,-58.85
####,7/1/2026 1:39,7.55,22.37,-54.95
####,7/1/2026 1:54,7.53,22.37,-54.19
####,7/1/2026 2:09,7.51,22.8,-53.02
####,7/1/2026 2:24,7.52,23.09,-53.24
####,7/1/2026 2:39,7.49,23.28,-51.56
####,7/1/2026 2:54,7.45,23.4,-49.77
####,7/1/2026 3:09,7.4,23.59,-46.86
####,7/1/2026 3:24,7.35,23.81,-43.74
####,7/1/2026 3:39,7.32,23.86,-42.05
####,7/1/2026 3:54,7.29,23.91,-40.74
####,7/1/2026 4:09,7.25,24.05,-38.14
####,7/1/2026 4:24,7.2,24.22,-35.66
####,7/1/2026 4:39,7.16,24.29,-33.47
####,7/1/2026 4:54,7.12,24.36,-31.09
####,7/1/2026 5:09,7.08,24.39,-28.91
####,7/1/2026 5:24,7.04,24.44,-26.25
####,7/1/2026 5:39,7,24.48,-24.25
####,7/1/2026 5:54,6.98,24.51,-23.05
####,7/1/2026 6:09,6.95,24.51,-21.44
####,7/1/2026 6:24,6.93,24.51,-20.17
####,7/1/2026 6:39,6.91,24.51,-19.27
####,7/1/2026 6:54,6.89,24.51,-17.95
####,7/1/2026 7:09,6.88,24.51,-17.34
####,7/1/2026 7:24,6.88,24.51,-17.28
####,7/1/2026 7:39,6.87,24.56,-17.05
####,7/1/2026 7:54,6.87,24.58,-17.02
####,7/1/2026 8:09,6.87,24.58,-16.83
####,7/1/2026 8:24,6.87,24.63,-17.03
####,7/1/2026 8:39,6.85,24.56,-15.58
####,7/1/2026 8:54,6.88,24.58,-17.17
####,7/1/2026 9:09,6.89,24.53,-17.73
####,7/1/2026 9:24,6.9,24.51,-18.8
####,7/1/2026 9:39,6.91,24.44,-19.2
####,7/1/2026 9:54,6.95,24.44,-21.31
####,7/1/2026 10:09,6.99,24.34,-23.39
####,7/1/2026 10:24,7.02,24.36,-25.33
####,7/1/2026 10:39,7.08,24.41,-28.95
####,7/1/2026 10:54,7.14,24.39,-32.02
####,7/1/2026 11:09,7.2,24.39,-35.77
####,7/1/2026 11:24,7.29,24.39,-40.61
####,7/1/2026 11:39,7.32,24.34,-42.44
####,7/1/2026 11:54,7.35,24.22,-43.95
####,7/1/2026 12:09,7.37,24.12,-45.36
####,7/1/2026 12:24,7.38,24.03,-45.7
####,7/1/2026 12:39,7.4,23.93,-46.94
####,7/1/2026 12:54,7.44,23.83,-48.86
####,7/1/2026 13:09,7.46,23.76,-50.31
####,7/1/2026 13:24,7.48,23.74,-51.16
####,7/1/2026 13:39,7.48,23.66,-51.33
####,7/1/2026 13:54,7.39,23.69,-46.41
####,7/1/2026 14:09,7.37,23.74,-45.08
####,7/1/2026 14:24,7.37,23.81,-45
####,7/1/2026 14:39,7.33,23.93,-42.92
####,7/1/2026 14:54,7.34,24.19,-43.22
####,7/1/2026 15:09,7.32,24.32,-42.11
####,7/1/2026 15:24,7.32,24.48,-42.14
####,7/1/2026 15:39,7.31,24.63,-41.95
####,7/1/2026 15:54,7.31,25.09,-41.74
####,7/1/2026 16:09,7.3,25.43,-41.08
####,7/1/2026 16:24,7.27,25.6,-39.64
####,7/1/2026 16:39,7.25,25.72,-38.24
####,7/1/2026 16:54,7.21,25.87,-36.27
####,7/1/2026 17:09,7.18,25.99,-34.56
####,7/1/2026 17:24,7.16,26.11,-33.52
####,7/1/2026 17:39,7.13,26.26,-31.81
####,7/1/2026 17:54,7.11,26.4,-30.44
####,7/1/2026 18:09,7.08,26.52,-28.75
####,7/1/2026 18:24,7.05,26.62,-26.89
####,7/1/2026 18:39,7.03,26.67,-25.91
####,7/1/2026 18:54,7.01,26.72,-24.77
####,7/1/2026 19:09,7,26.74,-24.19
####,7/1/2026 19:24,6.97,26.74,-22.59
####,7/1/2026 19:39,6.94,26.74,-20.94
####,7/1/2026 19:54,6.93,26.72,-19.98
####,7/1/2026 20:09,6.97,26.7,-22.28
####,7/1/2026 20:24,6.99,26.79,-23.86
####,7/1/2026 20:39,7.01,26.7,-24.61
####,7/1/2026 20:54,7.04,26.67,-26.24
####,7/1/2026 21:09,7.05,26.65,-27
####,7/1/2026 21:24,7.09,26.65,-29.28
####,7/1/2026 21:39,7.13,26.62,-31.44
####,7/1/2026 21:54,7.19,26.55,-35.27
####,7/1/2026 22:09,7.23,26.45,-37.27
####,7/1/2026 22:24,7.27,26.33,-39.38
####,7/1/2026 22:39,7.31,26.21,-41.94
####,7/1/2026 22:54,7.35,26.06,-43.88
####,7/1/2026 23:09,7.41,25.7,-47.77
####,7/1/2026 23:24,7.48,25.11,-51.64
####,7/1/2026 23:39,7.51,24.82,-52.91
####,7/1/2026 23:54,7.53,24.65,-53.99
####,7/2/2026 0:09,7.55,24.24,-55.35
####,7/2/2026 0:24,7.57,23.83,-56.61
####,7/2/2026 0:39,7.59,23.54,-57.27
####,7/2/2026 0:54,7.59,23.38,-57.7
####,7/2/2026 1:09,7.61,23.23,-58.36
####,7/2/2026 1:24,7.61,23.06,-58.52
####,7/2/2026 1:39,7.62,22.87,-59.22
####,7/2/2026 1:54,7.63,22.7,-59.55
####,7/2/2026 2:09,7.54,22.75,-54.64
####,7/2/2026 2:24,7.36,22.82,-44.63
####,7/2/2026 2:39,7.51,23.38,-52.74
####,7/2/2026 2:54,7.51,23.74,-53.1
####,7/2/2026 3:09,7.5,23.81,-52.14
####,7/2/2026 3:24,7.45,24.12,-49.58
####,7/2/2026 3:39,7.41,24.29,-47.61
####,7/2/2026 3:54,7.37,24.48,-45.06
####,7/2/2026 4:09,7.32,24.75,-42.38
####,7/2/2026 4:24,7.26,25.02,-39.09
####,7/2/2026 4:39,7.21,25.28,-36.02
####,7/2/2026 4:54,7.17,25.53,-33.92
####,7/2/2026 5:09,7.13,25.72,-31.77
####,7/2/2026 5:24,7.1,25.82,-29.63
####,7/2/2026 5:39,7.07,25.87,-28.02
####,7/2/2026 5:54,7.03,25.94,-25.64
####,7/2/2026 6:09,6.99,25.96,-23.8
####,7/2/2026 6:24,6.96,25.99,-21.94
####,7/2/2026 6:39,6.94,26.04,-20.64
####,7/2/2026 6:54,6.91,26.06,-19.36
####,7/2/2026 7:09,6.9,26.08,-18.48
####,7/2/2026 7:24,6.89,26.11,-17.81
####,7/2/2026 7:39,6.88,26.16,-17.27
####,7/2/2026 7:54,6.89,26.21,-18.08
####,7/2/2026 8:09,6.89,26.28,-18.09
####,7/2/2026 8:24,6.91,26.35,-19.17
####,7/2/2026 8:39,6.92,26.5,-19.8
####,7/2/2026 8:54,6.93,26.62,-20.02
####,7/2/2026 9:09,6.89,26.6,-18.03
####,7/2/2026 9:24,6.9,26.6,-18.52
####,7/2/2026 9:39,6.92,26.55,-19.69
####,7/2/2026 9:54,6.93,26.62,-20.03
####,7/2/2026 10:09,6.92,26.6,-19.44
####,7/2/2026 10:24,6.95,26.62,-21.59
####,7/2/2026 10:39,6.99,26.55,-23.7
####,7/2/2026 10:54,7.01,26.38,-24.95
####,7/2/2026 11:09,7.09,26.33,-29.05
####,7/2/2026 11:24,7.13,26.23,-31.72
####,7/2/2026 11:39,7.19,26.13,-35.11
####,7/2/2026 11:54,7.3,26.01,-41.06
####,7/2/2026 12:09,7.34,25.87,-43.25
####,7/2/2026 12:24,7.39,25.62,-46.17
####,7/2/2026 12:39,7.41,25.53,-47.27
####,7/2/2026 12:54,7.42,25.31,-48.25
####,7/2/2026 13:09,7.44,25.11,-49.24
####,7/2/2026 13:24,7.47,24.9,-50.85
####,7/2/2026 13:39,7.5,24.77,-52.58
####,7/2/2026 13:54,7.52,24.68,-53.72
####,7/2/2026 14:09,7.53,24.56,-54.45
####,7/2/2026 14:24,7.47,24.56,-50.66
####,7/2/2026 14:39,7.42,24.58,-47.83
####,7/2/2026 14:54,7.34,24.65,-43.63
####,7/2/2026 15:09,7.38,24.82,-45.49
####,7/2/2026 15:24,7.33,24.97,-42.99
####,7/2/2026 15:39,7.28,25.26,-40.2
####,7/2/2026 15:54,7.32,25.53,-42.08
####,7/2/2026 16:09,7.32,25.79,-42.42
####,7/2/2026 16:24,7.35,26.55,-44.03
####,7/2/2026 16:39,7.31,26.7,-41.77
####,7/2/2026 16:54,7.3,26.89,-41.17
####,7/2/2026 17:09,7.28,27.06,-39.89
####,7/2/2026 17:24,7.25,27.19,-38.34
####,7/2/2026 17:39,7.22,27.36,-36.89
####,7/2/2026 17:54,7.19,27.55,-34.88
####,7/2/2026 18:09,7.15,27.7,-32.77
####,7/2/2026 18:24,7.13,27.85,-31.53
####,7/2/2026 18:39,7.11,28.02,-30.27
####,7/2/2026 18:54,7.08,28.15,-28.88
####,7/2/2026 19:09,7.05,28.27,-27.13
####,7/2/2026 19:24,7.02,28.32,-25.41
####,7/2/2026 19:39,7.01,28.34,-24.69
####,7/2/2026 19:54,6.98,28.34,-23.13
####,7/2/2026 20:09,6.94,28.32,-20.97
####,7/2/2026 20:24,6.94,28.32,-20.94
####,7/2/2026 20:39,6.95,28.32,-21.11
####,7/2/2026 20:54,6.98,28.32,-22.89
####,7/2/2026 21:09,7,28.25,-23.92
####,7/2/2026 21:24,7.02,28.17,-25.31
####,7/2/2026 21:39,7.04,28.15,-26.39
####,7/2/2026 21:54,7.07,28.05,-28.19
####,7/2/2026 22:09,7.11,27.95,-30.77
####,7/2/2026 22:24,7.16,27.83,-33.61
####,7/2/2026 22:39,7.21,27.63,-36.44
####,7/2/2026 22:54,7.24,27.48,-38.17
####,7/2/2026 23:09,7.3,27.28,-41.25
####,7/2/2026 23:24,7.35,27.06,-43.95
####,7/2/2026 23:39,7.4,26.74,-46.89
####,7/2/2026 23:54,7.47,26.16,-51.06
####,7/3/2026 0:09,7.52,25.67,-53.67
####,7/3/2026 0:24,7.52,25.53,-53.91
####,7/3/2026 0:39,7.55,25.26,-55.14
####,7/3/2026 0:54,7.56,24.97,-56.02
####,7/3/2026 1:09,7.58,24.73,-57.17
####,7/3/2026 1:24,7.6,24.56,-57.95
####,7/3/2026 1:39,7.59,24.46,-57.75
####,7/3/2026 1:54,7.61,24.29,-58.6
####,7/3/2026 2:09,7.61,24.12,-58.81
####,7/3/2026 2:24,7.61,23.98,-58.55
####,7/3/2026 2:39,7.61,23.83,-58.42
####,7/3/2026 2:54,7.46,23.83,-50.33
####,7/3/2026 3:09,7.37,23.95,-45.24
####,7/3/2026 3:24,7.51,24.34,-52.8
####,7/3/2026 3:39,7.51,24.63,-53.2
####,7/3/2026 3:54,7.48,24.75,-51.64
####,7/3/2026 4:09,7.45,24.92,-49.78
####,7/3/2026 4:24,7.39,25.11,-46.52
####,7/3/2026 4:39,7.36,25.31,-44.88
####,7/3/2026 4:54,7.32,25.5,-42.24
####,7/3/2026 5:09,7.26,25.79,-38.7
####,7/3/2026 5:24,7.2,26.13,-35.47
####,7/3/2026 5:39,7.15,26.3,-32.94
####,7/3/2026 5:54,7.12,26.52,-30.88
####,7/3/2026 6:09,7.07,26.72,-28.11
####,7/3/2026 6:24,7.03,26.87,-25.8
####,7/3/2026 6:39,6.99,26.99,-23.89
####,7/3/2026 6:54,6.97,27.09,-22.28
####,7/3/2026 7:09,6.94,27.21,-20.58
####,7/3/2026 7:24,6.92,27.28,-19.63
####,7/3/2026 7:39,6.9,27.36,-18.34
####,7/3/2026 7:54,6.88,27.43,-17.27
####,7/3/2026 8:09,6.88,27.51,-17.14
####,7/3/2026 8:24,6.87,27.58,-16.5
####,7/3/2026 8:39,6.87,27.68,-17.03
####,7/3/2026 8:54,6.9,27.75,-18.48
####,7/3/2026 9:09,6.9,27.87,-18.5
####,7/3/2026 9:24,6.92,28.02,-19.55
####,7/3/2026 9:39,6.92,28.07,-19.63
####,7/3/2026 9:54,6.89,28.02,-17.94
####,7/3/2026 10:09,6.91,28,-18.88
####,7/3/2026 10:24,6.92,27.95,-19.78
####,7/3/2026 10:39,6.93,28,-20.47
####,7/3/2026 10:54,6.97,27.95,-22.24
####,7/3/2026 11:09,7.03,27.95,-25.91
####,7/3/2026 11:24,7.05,27.73,-27.03
####,7/3/2026 11:39,7.11,27.65,-30.59
####,7/3/2026 11:54,7.16,27.53,-33.34
####,7/3/2026 12:09,7.21,27.36,-36.08
####,7/3/2026 12:24,7.31,27.19,-42.17
####,7/3/2026 12:39,7.36,26.99,-44.89
####,7/3/2026 12:54,7.4,26.79,-47.06
####,7/3/2026 13:09,7.44,26.55,-49.31
####,7/3/2026 13:24,7.46,26.28,-50.14
####,7/3/2026 13:39,7.46,26.21,-50.63
####,7/3/2026 13:54,7.49,25.99,-52.22
####,7/3/2026 14:09,7.52,25.84,-53.63
####,7/3/2026 14:24,7.54,25.72,-54.75
####,7/3/2026 14:39,7.56,25.62,-55.86
####,7/3/2026 14:54,7.56,25.5,-56.14
####,7/3/2026 15:09,7.42,25.45,-48.02
####,7/3/2026 15:24,7.34,25.57,-43.61
####,7/3/2026 15:39,7.39,26.01,-46.24
####,7/3/2026 15:54,7.38,26.45,-45.81
####,7/3/2026 16:09,7.39,26.6,-46.47
####,7/3/2026 16:24,7.42,26.92,-48.06
####,7/3/2026 16:39,7.39,27.14,-46.69
####,7/3/2026 16:54,7.36,27.31,-44.56
####,7/3/2026 17:09,7.35,27.46,-44.22
####,7/3/2026 17:24,7.34,27.55,-43.39
####,7/3/2026 17:39,7.31,27.7,-41.77
####,7/3/2026 17:54,7.28,27.83,-40.34
####,7/3/2026 18:09,7.27,28.02,-39.39
####,7/3/2026 18:24,7.23,28.25,-37.14
####,7/3/2026 18:39,7.2,28.42,-35.77
####,7/3/2026 18:54,7.17,28.57,-33.72
####,7/3/2026 19:09,7.14,28.72,-32.49
####,7/3/2026 19:24,7.11,28.87,-30.53
####,7/3/2026 19:39,7.08,29.02,-28.99
####,7/3/2026 19:54,7.05,29.14,-27.14
####,7/3/2026 20:09,7.02,29.24,-25.47
####,7/3/2026 20:24,6.99,29.29,-23.86
####,7/3/2026 20:39,6.96,29.29,-22.16
####,7/3/2026 20:54,6.92,29.26,-19.61
####,7/3/2026 21:09,6.92,29.24,-19.34
####,7/3/2026 21:24,6.95,29.21,-21.38
####,7/3/2026 21:39,6.98,29.26,-22.99
####,7/3/2026 21:54,6.99,29.14,-23.86
####,7/3/2026 22:09,7.03,29.02,-26.13
####,7/3/2026 22:24,7.05,28.89,-27.13
####,7/3/2026 22:39,7.09,28.69,-29.56
####,7/3/2026 22:54,7.13,28.54,-31.38
####,7/3/2026 23:09,7.19,28.27,-35
####,7/3/2026 23:24,7.23,28.07,-37.59
####,7/3/2026 23:39,7.26,27.87,-39.27
####,7/3/2026 23:54,7.31,27.65,-42.19
####,7/4/2026 0:09,7.35,27.41,-44.06
####,7/4/2026 0:24,7.41,27.01,-47.47
####,7/4/2026 0:39,7.47,26.43,-51.17
####,7/4/2026 0:54,7.51,26.01,-53.14
####,7/4/2026 1:09,7.53,25.77,-54.22
####,7/4/2026 1:24,7.55,25.45,-55.24
####,7/4/2026 1:39,7.57,25.11,-56.44
####,7/4/2026 1:54,7.58,24.87,-56.83
####,7/4/2026 2:09,7.58,24.75,-56.83
####,7/4/2026 2:24,7.58,24.65,-57.14
####,7/4/2026 2:39,7.59,24.51,-57.45
####,7/4/2026 2:54,7.6,24.32,-57.95
####,7/4/2026 3:09,7.62,24.15,-59.11
####,7/4/2026 3:24,7.62,24,-59.33
####,7/4/2026 3:39,7.49,23.95,-51.95
####,7/4/2026 3:54,7.52,24.22,-53.41
####,7/4/2026 4:09,7.53,24.63,-54.06
####,7/4/2026 4:24,7.51,24.82,-52.8
####,7/4/2026 4:39,7.48,24.94,-51.24
####,7/4/2026 4:54,7.42,25.26,-48.17
####,7/4/2026 5:09,7.36,25.45,-44.5
####,7/4/2026 5:24,7.32,25.74,-42.38
####,7/4/2026 5:39,7.27,25.96,-39.56
####,7/4/2026 5:54,7.23,26.21,-37.41
####,7/4/2026 6:09,7.19,26.57,-35.03
####,7/4/2026 6:24,7.14,26.84,-32.28
####,7/4/2026 6:39,7.1,27.04,-29.78
####,7/4/2026 6:54,7.06,27.19,-27.53
####,7/4/2026 7:09,7.02,27.31,-25.56
####,7/4/2026 7:24,6.99,27.48,-23.7
####,7/4/2026 7:39,6.96,27.63,-21.77
####,7/4/2026 7:54,6.93,27.78,-20.17
####,7/4/2026 8:09,6.91,27.92,-19.08
####,7/4/2026 8:24,6.89,28.02,-17.97
####,7/4/2026 8:39,6.87,28.15,-16.7
####,7/4/2026 8:54,6.87,28.25,-16.69
####,7/4/2026 9:09,6.88,28.34,-17.28
####,7/4/2026 9:24,6.81,28.47,-13.19
####,7/4/2026 9:39,6.9,28.62,-18.47
####,7/4/2026 9:54,6.91,28.77,-19.31
####,7/4/2026 10:09,6.91,28.89,-18.84
####,7/4/2026 10:24,6.88,28.82,-17.44
####,7/4/2026 10:39,6.88,28.79,-17.33
####,7/4/2026 10:54,6.89,28.59,-17.89
####,7/4/2026 11:09,6.93,28.67,-20.38
####,7/4/2026 11:24,6.93,28.54,-20.02
####,7/4/2026 11:39,6.97,28.47,-22.45
####,7/4/2026 11:54,7.03,28.27,-25.89
####,7/4/2026 12:09,7.07,28.1,-28.41
####,7/4/2026 12:24,7.13,27.97,-31.56
####,7/4/2026 12:39,7.19,27.73,-35.05
####,7/4/2026 12:54,7.26,27.6,-39.17
####,7/4/2026 13:09,7.35,27.33,-43.99
####,7/4/2026 13:24,7.39,27.01,-46.45
####,7/4/2026 13:39,7.42,26.84,-47.99
####,7/4/2026 13:54,7.42,26.6,-48.22
####,7/4/2026 14:09,7.43,26.43,-48.91
####,7/4/2026 14:24,7.45,26.26,-49.94
####,7/4/2026 14:39,7.48,26.08,-51.58
####,7/4/2026 14:54,7.49,25.94,-52.28
####,7/4/2026 15:09,7.49,25.84,-52.1
####,7/4/2026 15:24,7.49,25.77,-52
####,7/4/2026 15:39,7.46,25.74,-50.53
####,7/4/2026 15:54,7.35,25.79,-43.86
####,7/4/2026 16:09,7.38,26.04,-45.61
####,7/4/2026 16:24,7.34,26.45,-43.28
####,7/4/2026 16:39,7.25,26.62,-38.55
####,7/4/2026 16:54,7.34,26.74,-43.42
####,7/4/2026 17:09,7.32,26.99,-42.61
####,7/4/2026 17:24,7.31,27.14,-41.88
####,7/4/2026 17:39,7.3,27.23,-41.22
####,7/4/2026 17:54,7.29,27.43,-40.86
####,7/4/2026 18:09,7.27,27.58,-39.66
####,7/4/2026 18:24,7.25,27.63,-38.36
####,7/4/2026 18:39,7.22,27.75,-36.63
####,7/4/2026 18:54,7.17,28.07,-33.7
####,7/4/2026 19:09,7.13,28.2,-31.52
####,7/4/2026 19:24,7.11,28.32,-30.28
####,7/4/2026 19:39,7.07,28.47,-27.92
####,7/4/2026 19:54,7.03,28.59,-26.14
####,7/4/2026 20:09,7.01,28.72,-24.77
####,7/4/2026 20:24,6.99,28.87,-23.34
####,7/4/2026 20:39,6.96,28.99,-22.11
####,7/4/2026 20:54,6.94,29.09,-20.89
####,7/4/2026 21:09,6.93,29.11,-20.03
####,7/4/2026 21:24,6.9,29.16,-18.45
####,7/4/2026 21:39,6.87,29.14,-16.72
####,7/4/2026 21:54,6.86,29.11,-16.11
####,7/4/2026 22:09,6.89,29.09,-17.73
####,7/4/2026 22:24,6.91,29.04,-19.23
####,7/4/2026 22:39,6.93,28.89,-20.44
####,7/4/2026 22:54,6.95,28.77,-21.5
####,7/4/2026 23:09,6.97,28.59,-22.22
####,7/4/2026 23:24,6.99,28.37,-23.41
####,7/4/2026 23:39,7.02,28.2,-25.3
####,7/4/2026 23:54,7.06,27.85,-27.91
####,7/5/2026 0:09,7.11,27.68,-30.52
####,7/5/2026 0:24,7.15,27.48,-32.67
####,7/5/2026 0:39,7.2,27.26,-35.83
####,7/5/2026 0:54,7.24,27.04,-37.94
####,7/5/2026 1:09,7.31,26.7,-42.1
####,7/5/2026 1:24,7.38,26.28,-45.67
####,7/5/2026 1:39,7.38,26.06,-46.06
####,7/5/2026 1:54,7.41,25.87,-47.41
####,7/5/2026 2:09,7.43,25.65,-48.69
####,7/5/2026 2:24,7.45,25.33,-49.89
####,7/5/2026 2:39,7.47,25.09,-50.86
####,7/5/2026 2:54,7.49,24.92,-51.89
####,7/5/2026 3:09,7.49,24.87,-51.69
####,7/5/2026 3:24,7.49,24.75,-51.77
####,7/5/2026 3:39,7.46,24.7,-50.3
####,7/5/2026 3:54,7.32,24.68,-42.42
####,7/5/2026 4:09,7.32,24.73,-42.28
####,7/5/2026 4:24,7.36,24.85,-44.72
####,7/5/2026 4:39,7.36,25.04,-44.47
####,7/5/2026 4:54,7.35,25.14,-44.31
####,7/5/2026 5:09,7.33,25.23,-43.16
####,7/5/2026 5:24,7.3,25.33,-41.42
####,7/5/2026 5:39,7.27,25.45,-39.75
####,7/5/2026 5:54,7.24,25.57,-37.8
####,7/5/2026 6:09,7.2,25.77,-35.63
####,7/5/2026 6:24,7.18,25.94,-34.22
####,7/5/2026 6:39,7.13,26.21,-31.44
####,7/5/2026 6:54,7.09,26.45,-29.06
####,7/5/2026 7:09,7.05,26.62,-27.06
####,7/5/2026 7:24,7.03,26.77,-25.75
####,7/5/2026 7:39,7,26.94,-24.02
####,7/5/2026 7:54,6.96,27.11,-22.19
####,7/5/2026 8:09,6.94,27.23,-20.53
####,7/5/2026 8:24,6.91,27.41,-19.22
####,7/5/2026 8:39,6.89,27.55,-18.14
####,7/5/2026 8:54,6.89,27.7,-17.63
####,7/5/2026 9:09,6.88,27.83,-17.55
####,7/5/2026 9:24,6.89,27.95,-17.97
####,7/5/2026 9:39,6.88,28.02,-17.39
####,7/5/2026 9:54,6.89,28.17,-17.75
####,7/5/2026 10:09,6.91,28.27,-19.13
####,7/5/2026 10:24,6.89,28.37,-18.08
####,7/5/2026 10:39,6.92,28.52,-19.56
####,7/5/2026 10:54,6.91,28.52,-19.27
####,7/5/2026 11:09,6.91,28.34,-18.98
####,7/5/2026 11:24,6.93,28.37,-20.22
####,7/5/2026 11:39,6.95,28.32,-21.5
####,7/5/2026 11:54,6.96,28.32,-22.02
####,7/5/2026 12:09,6.98,28.17,-22.86
####,7/5/2026 12:24,7.03,28.1,-26.03
####,7/5/2026 12:39,7.08,27.9,-28.52
####,7/5/2026 12:54,7.12,27.75,-31.14
####,7/5/2026 13:09,7.18,27.6,-34.3
####,7/5/2026 13:24,7.22,27.41,-36.81
####,7/5/2026 13:39,7.32,27.23,-42.66
####,7/5/2026 13:54,7.39,27.01,-46.7
####,7/5/2026 14:09,7.43,26.82,-48.97
####,7/5/2026 14:24,7.44,26.67,-49.31
####,7/5/2026 14:39,7.44,26.52,-49.28
####,7/5/2026 14:54,7.45,26.26,-49.56
####,7/5/2026 15:09,7.47,26.06,-51.1
####,7/5/2026 15:24,7.5,25.87,-52.41
####,7/5/2026 15:39,7.51,25.72,-53.25
####,7/5/2026 15:54,7.5,25.72,-52.83
####,7/5/2026 16:09,7.5,25.67,-52.38
####,7/5/2026 16:24,7.45,25.7,-49.52
####,7/5/2026 16:39,7.34,25.7,-43.64
####,7/5/2026 16:54,7.37,25.84,-45.06
####,7/5/2026 17:09,7.4,26.18,-46.86
####,7/5/2026 17:24,7.39,26.4,-46.47
####,7/5/2026 17:39,7.34,26.65,-43.85
####,7/5/2026 17:54,7.35,26.89,-44.33
####,7/5/2026 18:09,7.33,26.99,-43.17
####,7/5/2026 18:24,7.31,27.11,-42.16
####,7/5/2026 18:39,7.31,27.21,-41.81
####,7/5/2026 18:54,7.29,27.28,-40.58
####,7/5/2026 19:09,7.24,27.46,-37.66
####,7/5/2026 19:24,7.19,27.65,-35.13
####,7/5/2026 19:39,7.16,27.73,-33.31
####,7/5/2026 19:54,7.13,27.8,-31.72
####,7/5/2026 20:09,7.1,27.87,-29.86
####,7/5/2026 20:24,7.07,28,-28.11
####,7/5/2026 20:39,7.05,28.1,-26.86
####,7/5/2026 20:54,7.02,28.22,-25.36
####,7/5/2026 21:09,6.99,28.34,-23.78
####,7/5/2026 21:24,6.97,28.44,-22.33
####,7/5/2026 21:39,6.95,28.49,-21.52
####,7/5/2026 21:54,6.93,28.52,-20.05
####,7/5/2026 22:09,6.9,28.49,-18.53
####,7/5/2026 22:24,6.88,28.47,-17.44
####,7/5/2026 22:39,6.89,28.39,-18.16
####,7/5/2026 22:54,6.87,28.37,-16.63
####,7/5/2026 23:09,6.91,28.32,-19.06
####,7/5/2026 23:24,6.93,28.17,-20.33
####,7/5/2026 23:39,6.96,28.1,-21.63
####,7/5/2026 23:54,6.97,28,-22.28
####,7/6/2026 0:09,6.98,27.65,-23.11
####,7/6/2026 0:24,7.01,27.51,-24.67
####,7/6/2026 0:39,7.05,27.14,-27.2
####,7/6/2026 0:54,7.09,26.96,-29.5
####,7/6/2026 1:09,7.14,26.77,-32
####,7/6/2026 1:24,7.19,26.57,-34.78
####,7/6/2026 1:39,7.24,26.43,-37.91
####,7/6/2026 1:54,7.33,26.04,-42.88
####,7/6/2026 2:09,7.39,25.82,-46.19
####,7/6/2026 2:24,7.41,25.6,-47.58
####,7/6/2026 2:39,7.42,25.45,-47.89
####,7/6/2026 2:54,7.42,25.38,-48.19
####,7/6/2026 3:09,7.44,25.26,-49.42
####,7/6/2026 3:24,7.46,25.06,-50.42
####,7/6/2026 3:39,7.47,24.87,-51.02
####,7/6/2026 3:54,7.48,24.73,-51.28
####,7/6/2026 4:09,7.47,24.68,-50.78
####,7/6/2026 4:24,7.46,24.6,-50.06
####,7/6/2026 4:39,7.32,24.58,-42.44
####,7/6/2026 4:54,7.26,24.6,-39
####,7/6/2026 5:09,7.31,24.73,-41.77
####,7/6/2026 5:24,7.34,24.97,-43.49
####,7/6/2026 5:39,7.32,24.99,-42.13
####,7/6/2026 5:54,7.31,25.06,-41.89
####,7/6/2026 6:09,7.3,25.19,-41.19
####,7/6/2026 6:24,7.27,25.26,-39.39
####,7/6/2026 6:39,7.25,25.31,-38.49
####,7/6/2026 6:54,7.22,25.43,-36.66
####,7/6/2026 7:09,7.18,25.6,-34.44
####,7/6/2026 7:24,7.14,25.74,-32.42
####,7/6/2026 7:39,7.1,25.89,-29.94
####,7/6/2026 7:54,7.06,26.01,-27.66
####,7/6/2026 8:09,7.02,26.16,-25.61
####,7/6/2026 8:24,6.99,26.26,-23.91
####,7/6/2026 8:39,6.97,26.35,-22.64
####,7/6/2026 8:54,6.94,26.5,-20.8
####,7/6/2026 9:09,6.92,26.65,-19.42
####,7/6/2026 9:24,6.9,26.79,-18.44
####,7/6/2026 9:39,6.89,26.89,-17.81
####,7/6/2026 9:54,6.87,26.99,-16.95
####,7/6/2026 10:09,6.86,27.06,-16.17
####,7/6/2026 10:24,6.87,27.11,-16.77
####,7/6/2026 10:39,6.85,27.16,-15.72
####,7/6/2026 10:54,6.84,27.19,-15.27
####,7/6/2026 11:09,6.86,27.23,-16.09
####,7/6/2026 11:24,6.85,27.31,-15.56
####,7/6/2026 11:39,6.93,27.31,-20.17
####,7/6/2026 11:54,6.92,27.21,-19.72
####,7/6/2026 12:09,6.94,27.11,-20.59
####,7/6/2026 12:24,6.97,27.14,-22.52
####,7/6/2026 12:39,6.98,26.89,-22.95
####,7/6/2026 12:54,7.02,26.87,-25.31
####,7/6/2026 13:09,7.06,26.67,-27.64
####,7/6/2026 13:24,7.08,26.57,-28.61
####,7/6/2026 13:39,7.12,26.48,-31.31
####,7/6/2026 13:54,7.17,26.28,-34.09
####,7/6/2026 14:09,7.23,26.11,-37.24
####,7/6/2026 14:24,7.35,25.91,-44.14
####,7/6/2026 14:39,7.41,25.72,-47.7
####,7/6/2026 14:54,7.45,25.53,-49.56
####,7/6/2026 15:09,7.46,25.36,-50.31
####,7/6/2026 15:24,7.46,25.23,-50.17
####,7/6/2026 15:39,7.47,25.04,-50.69
####,7/6/2026 15:54,7.5,24.8,-52.25
####,7/6/2026 16:09,7.52,24.63,-53.38
####,7/6/2026 16:24,7.53,24.48,-53.94
####,7/6/2026 16:39,7.53,24.41,-53.89
####,7/6/2026 16:54,7.53,24.32,-54.05
####,7/6/2026 17:09,7.44,24.29,-48.92
####,7/6/2026 17:24,7.25,24.34,-38.42
####,7/6/2026 17:39,7.3,24.44,-41.33
####,7/6/2026 17:54,7.35,24.77,-43.8
####,7/6/2026 18:09,7.39,24.97,-46.42
####,7/6/2026 18:24,7.36,25.16,-44.44
####,7/6/2026 18:39,7.34,25.23,-43.55
####,7/6/2026 18:54,7.34,25.38,-43.27
####,7/6/2026 19:09,7.33,25.48,-42.91
####,7/6/2026 19:24,7.32,25.53,-42.55
####,7/6/2026 19:39,7.3,25.62,-41.13
####,7/6/2026 19:54,7.24,25.84,-38.05
####,7/6/2026 20:09,7.2,25.96,-35.55
####,7/6/2026 20:24,7.16,26.01,-33.36
####,7/6/2026 20:39,7.13,26.06,-31.69
####,7/6/2026 20:54,7.1,26.16,-29.64
####,7/6/2026 21:09,7.06,26.26,-27.7
####,7/6/2026 21:24,7.03,26.35,-25.75
####,7/6/2026 21:39,7,26.48,-24.06
####,7/6/2026 21:54,6.97,26.6,-22.55
####,7/6/2026 22:09,6.95,26.7,-21.31
####,7/6/2026 22:24,6.93,26.77,-20.44
####,7/6/2026 22:39,6.91,26.79,-19.2
####,7/6/2026 22:54,6.9,26.79,-18.61
####,7/6/2026 23:09,6.89,26.77,-17.86
####,7/6/2026 23:24,6.87,26.74,-16.94
####,7/6/2026 23:39,6.87,26.77,-16.69
####,7/6/2026 23:54,6.89,26.77,-17.64
####,7/7/2026 0:09,6.9,26.62,-18.59
####,7/7/2026 0:24,6.92,26.5,-19.67
####,7/7/2026 0:39,6.94,26.35,-20.75
####,7/7/2026 0:54,6.95,26.16,-21.5
####,7/7/2026 1:09,6.97,25.87,-22.49
####,7/7/2026 1:24,7.01,25.6,-24.69
####,7/7/2026 1:39,7.05,25.36,-26.92
####,7/7/2026 1:54,7.09,25.21,-29.19
####,7/7/2026 2:09,7.14,25.02,-31.88
####,7/7/2026 2:24,7.19,24.87,-34.88
####,7/7/2026 2:39,7.26,24.7,-39.02
####,7/7/2026 2:54,7.34,24.48,-43.63
####,7/7/2026 3:09,7.39,24.36,-46.45
####,7/7/2026 3:24,7.41,24.17,-47.49
####,7/7/2026 3:39,7.42,24.03,-47.7
####,7/7/2026 3:54,7.42,23.93,-47.72
####,7/7/2026 4:09,7.45,23.79,-49.39
####,7/7/2026 4:24,7.45,23.59,-49.72
####,7/7/2026 4:39,7.46,23.42,-50.28
####,7/7/2026 4:54,7.46,23.3,-50.13
####,7/7/2026 5:09,7.44,23.23,-48.88
####,7/7/2026 5:24,7.36,23.21,-44.6
####,7/7/2026 5:39,7.19,23.26,-35.02
####,7/7/2026 5:54,7.25,23.3,-38.45
####,7/7/2026 6:09,7.29,23.52,-40.45
####,7/7/2026 6:24,7.29,23.62,-40.69
####,7/7/2026 6:39,7.28,23.71,-39.91
####,7/7/2026 6:54,7.26,23.81,-38.89
####,7/7/2026 7:09,7.26,23.88,-38.59
####,7/7/2026 7:24,7.24,23.95,-38.02
####,7/7/2026 7:39,7.22,24.05,-36.64
####,7/7/2026 7:54,7.2,24.17,-35.55
####,7/7/2026 8:09,7.16,24.29,-33.36
####,7/7/2026 8:24,7.13,24.39,-31.42
####,7/7/2026 8:39,7.09,24.46,-29.53
####,7/7/2026 8:54,7.06,24.53,-27.66
####,7/7/2026 9:09,7.04,24.63,-26.38
####,7/7/2026 9:24,7.01,24.75,-24.52
####,7/7/2026 9:39,6.98,24.85,-22.91
####,7/7/2026 9:54,6.96,24.99,-21.72
####,7/7/2026 10:09,6.94,25.14,-20.52
####,7/7/2026 10:24,6.92,25.23,-19.81
####,7/7/2026 10:39,6.91,25.31,-19.33
####,7/7/2026 10:54,6.9,25.36,-18.61
####,7/7/2026 11:09,6.88,25.38,-17.56
####,7/7/2026 11:24,6.88,25.36,-17.17
####,7/7/2026 11:39,6.9,25.28,-18.7
####,7/7/2026 11:54,6.89,25.23,-17.98
####,7/7/2026 12:09,6.93,25.19,-20.11
####,7/7/2026 12:24,6.94,25.11,-20.86
####,7/7/2026 12:39,6.97,25.04,-22.24
####,7/7/2026 12:54,6.99,24.92,-23.56
####,7/7/2026 13:09,7.03,24.75,-25.81
####,7/7/2026 13:24,7.04,24.44,-26.56
####,7/7/2026 13:39,7.09,24.22,-29.19
####,7/7/2026 13:54,7.14,23.98,-32.34
####,7/7/2026 14:09,7.18,23.86,-34.19
####,7/7/2026 14:24,7.23,23.69,-36.89
####,7/7/2026 14:39,7.26,23.54,-39.08
####,7/7/2026 14:54,7.32,23.42,-42.13
####,7/7/2026 15:09,7.42,23.33,-47.78
####,7/7/2026 15:24,7.47,23.26,-50.74
####,7/7/2026 15:39,7.49,23.11,-51.61
####,7/7/2026 15:54,7.49,22.92,-51.95
####,7/7/2026 16:09,7.49,22.82,-51.85
####,7/7/2026 16:24,7.52,22.7,-53.27
####,7/7/2026 16:39,7.53,22.56,-53.89
####,7/7/2026 16:54,7.54,22.47,-54.69
####,7/7/2026 17:09,7.54,22.37,-54.49
####,7/7/2026 17:24,7.54,22.3,-54.63
####,7/7/2026 17:39,7.53,22.2,-54.14
####,7/7/2026 17:54,7.45,22.15,-49.66
####,7/7/2026 18:09,7.31,22.13,-41.33
####,7/7/2026 18:24,7.27,22.13,-39.56
####,7/7/2026 18:39,7.43,22.23,-48.61
####,7/7/2026 18:54,7.46,22.37,-49.88
####,7/7/2026 19:09,7.45,22.42,-49.33
####,7/7/2026 19:24,7.44,22.51,-48.95
####,7/7/2026 19:39,7.4,22.58,-46.83
####,7/7/2026 19:54,7.37,22.7,-44.81
####,7/7/2026 20:09,7.34,22.78,-43.52
####,7/7/2026 20:24,7.33,22.8,-42.61
####,7/7/2026 20:39,7.3,22.85,-40.8
####,7/7/2026 20:54,7.26,22.87,-38.69
####,7/7/2026 21:09,7.22,22.94,-36.49
####,7/7/2026 21:24,7.18,22.99,-34.38
####,7/7/2026 21:39,7.16,22.99,-32.92
####,7/7/2026 21:54,7.12,23.06,-30.94
####,7/7/2026 22:09,7.09,23.11,-29
####,7/7/2026 22:24,7.06,23.21,-27.34
####,7/7/2026 22:39,7.02,23.28,-25.42
####,7/7/2026 22:54,6.99,23.38,-23.77
####,7/7/2026 23:09,6.97,23.45,-22.53
####,7/7/2026 23:24,6.95,23.47,-21.58
####,7/7/2026 23:39,6.93,23.5,-20.14
####,7/7/2026 23:54,6.91,23.47,-19.17
####,7/8/2026 0:09,6.9,23.47,-18.36
####,7/8/2026 0:24,6.88,23.4,-17.64
####,7/8/2026 0:39,6.87,23.38,-16.91
####,7/8/2026 0:54,6.9,23.35,-18.31
####,7/8/2026 1:09,6.9,23.09,-18.56
####,7/8/2026 1:24,6.92,23.04,-19.81
####,7/8/2026 1:39,6.94,22.99,-21.09
####,7/8/2026 1:54,6.95,22.66,-21.41
####,7/8/2026 2:09,6.96,22.47,-22.06
####,7/8/2026 2:24,7,22.25,-23.95
####,7/8/2026 2:39,7.05,22.03,-26.75
####,7/8/2026 2:54,7.09,21.94,-29.14
####,7/8/2026 3:09,7.13,21.77,-31.75
####,7/8/2026 3:24,7.19,21.7,-34.58
####,7/8/2026 3:39,7.25,21.58,-38.36
####,7/8/2026 3:54,7.34,21.58,-43.3
####,7/8/2026 4:09,7.39,21.49,-46
####,7/8/2026 4:24,7.38,21.29,-45.61
####,7/8/2026 4:39,7.39,21.2,-46.24
####,7/8/2026 4:54,7.41,21.2,-47.28
####,7/8/2026 5:09,7.43,21.15,-48.36
####,7/8/2026 5:24,7.45,21.08,-49.16
####,7/8/2026 5:39,7.45,21.03,-49.3
####,7/8/2026 5:54,7.45,20.98,-49.31
####,7/8/2026 6:09,7.42,20.96,-47.6
####,7/8/2026 6:24,7.3,20.96,-41.11
####,7/8/2026 6:39,7.27,20.98,-39.02
####,7/8/2026 6:54,7.24,21.06,-37.39
####,7/8/2026 7:09,7.28,21.08,-40.13
####,7/8/2026 7:24,7.3,21.1,-40.86
####,7/8/2026 7:39,7.29,21.15,-40.17
####,7/8/2026 7:54,7.29,21.25,-40.39
####,7/8/2026 8:09,7.29,21.34,-40.66
####,7/8/2026 8:24,7.26,21.44,-39.03
####,7/8/2026 8:39,7.24,21.51,-37.38
####,7/8/2026 8:54,7.21,21.58,-35.75
####,7/8/2026 9:09,7.17,21.68,-34
####,7/8/2026 9:24,7.14,21.75,-31.84
####,7/8/2026 9:39,7.1,21.84,-29.88
####,7/8/2026 9:54,7.07,21.96,-28.05
####,7/8/2026 10:09,7.05,22.11,-26.75
####,7/8/2026 10:24,7.02,22.27,-25.25
####,7/8/2026 10:39,7,22.49,-24.08
####,7/8/2026 10:54,6.98,22.7,-22.97
####,7/8/2026 11:09,6.96,22.92,-21.94
####,7/8/2026 11:24,6.95,23.14,-21.28
####,7/8/2026 11:39,6.93,23.35,-20.39
####,7/8/2026 11:54,6.92,23.57,-19.81
####,7/8/2026 12:09,6.91,23.76,-19.28
####,7/8/2026 12:24,6.9,24,-18.66
####,7/8/2026 12:39,6.93,24.17,-20.42
####,7/8/2026 12:54,6.93,24.27,-20.44
####,7/8/2026 13:09,6.93,24.22,-20.17
####,7/8/2026 13:24,6.96,24.34,-22.08
####,7/8/2026 13:39,6.99,24.34,-23.44
####,7/8/2026 13:54,7.02,24.41,-25.24
####,7/8/2026 14:09,7.05,24.46,-26.89
####,7/8/2026 14:24,7.11,24.48,-30.17
####,7/8/2026 14:39,7.16,24.41,-33.41
####,7/8/2026 14:54,7.21,24.29,-35.89
####,7/8/2026 15:09,7.27,24.27,-39.38
####,7/8/2026 15:24,7.33,24.22,-43.08
####,7/8/2026 15:39,7.4,24.17,-46.94
####,7/8/2026 15:54,7.51,23.93,-53
####,7/8/2026 16:09,7.58,23.64,-56.78
####,7/8/2026 16:24,7.59,23.5,-57.31
####,7/8/2026 16:39,7.6,23.3,-57.85
####,7/8/2026 16:54,7.61,23.09,-58.7
####,7/8/2026 17:09,7.63,22.87,-59.66
####,7/8/2026 17:24,7.64,22.73,-60.22
####,7/8/2026 17:39,7.65,22.63,-60.61
####,7/8/2026 17:54,7.65,22.47,-60.99
####,7/8/2026 18:09,7.67,22.23,-61.81
####,7/8/2026 18:24,7.68,22.01,-62.39
####,7/8/2026 18:39,7.69,21.8,-62.99
####,7/8/2026 18:54,7.69,21.68,-62.67
####,7/8/2026 19:09,7.59,21.63,-56.99
####,7/8/2026 19:24,7.51,21.63,-53.05
####,7/8/2026 19:39,7.56,22.11,-55.35
####,7/8/2026 19:54,7.6,22.56,-57.7
####,7/8/2026 20:09,7.56,22.78,-55.89
####,7/8/2026 20:24,7.54,23.02,-54.61
####,7/8/2026 20:39,7.51,23.21,-52.7
####,7/8/2026 20:54,7.46,23.54,-50.13
####,7/8/2026 21:09,7.42,23.69,-47.88
####,7/8/2026 21:24,7.39,23.83,-46.22
####,7/8/2026 21:39,7.35,23.88,-44.14
####,7/8/2026 21:54,7.3,24.05,-41.13
####,7/8/2026 22:09,7.24,24.17,-37.99
####,7/8/2026 22:24,7.17,24.32,-34.06
####,7/8/2026 22:39,7.12,24.41,-31.13
####,7/8/2026 22:54,7.07,24.51,-28.27
####,7/8/2026 23:09,7.03,24.6,-25.84
####,7/8/2026 23:24,6.99,24.65,-23.91
####,7/8/2026 23:39,6.96,24.73,-22.05
####,7/8/2026 23:54,6.93,24.75,-20.42
####,7/9/2026 0:09,6.91,24.77,-19
####,7/9/2026 0:24,6.88,24.75,-17.64
####,7/9/2026 0:39,6.86,24.73,-16.11
####,7/9/2026 0:54,6.84,24.7,-15.06
####,7/9/2026 1:09,6.82,24.65,-14.25
####,7/9/2026 1:24,6.83,24.58,-14.39
####,7/9/2026 1:39,6.84,24.53,-15.06
####,7/9/2026 1:54,6.82,24.48,-13.97
####,7/9/2026 2:09,6.84,24.41,-15.42
####,7/9/2026 2:24,6.86,24.39,-16.55
####,7/9/2026 2:39,6.87,24.29,-17.13
####,7/9/2026 2:54,6.87,24.12,-16.73
####,7/9/2026 3:09,6.89,24.03,-17.95
####,7/9/2026 3:24,6.94,23.76,-20.63
####,7/9/2026 3:39,6.98,23.66,-23.27
####,7/9/2026 3:54,7.03,23.5,-26.13
####,7/9/2026 4:09,7.1,23.33,-29.92
####,7/9/2026 4:24,7.17,23.14,-33.66
####,7/9/2026 4:39,7.26,22.9,-39.05
####,7/9/2026 4:54,7.36,22.68,-44.41
####,7/9/2026 5:09,7.38,22.49,-45.77
####,7/9/2026 5:24,7.4,22.37,-46.8
####,7/9/2026 5:39,7.43,22.32,-48.19
####,7/9/2026 5:54,7.44,22.27,-49.02
####,7/9/2026 6:09,7.46,22.18,-49.97
####,7/9/2026 6:24,7.48,22.06,-50.94
####,7/9/2026 6:39,7.48,22.01,-51.25
####,7/9/2026 6:54,7.47,21.96,-50.83
####,7/9/2026 7:09,7.46,21.91,-49.85
####,7/9/2026 7:24,7.37,21.94,-44.78
####,7/9/2026 7:39,7.36,22.01,-44.39
####,7/9/2026 7:54,7.35,22.2,-43.97
####,7/9/2026 8:09,7.35,22.3,-43.72
####,7/9/2026 8:24,7.34,22.37,-43.2
####,7/9/2026 8:39,7.33,22.44,-43
####,7/9/2026 8:54,7.32,22.56,-42.13
####,7/9/2026 9:09,7.3,22.68,-41.11
####,7/9/2026 9:24,7.28,22.8,-40.03
####,7/9/2026 9:39,7.25,22.94,-38.44
####,7/9/2026 9:54,7.2,23.14,-35.39
####,7/9/2026 10:09,7.15,23.3,-32.83
####,7/9/2026 10:24,7.1,23.5,-29.63
####,7/9/2026 10:39,7.06,23.66,-27.53
####,7/9/2026 10:54,7.03,23.88,-25.7
####,7/9/2026 11:09,6.99,24.07,-23.58
####,7/9/2026 11:24,6.97,24.32,-22.24
####,7/9/2026 11:39,6.94,24.48,-20.74
####,7/9/2026 11:54,6.92,24.68,-19.61
####,7/9/2026 12:09,6.91,24.85,-19.19
####,7/9/2026 12:24,6.91,25.04,-18.89
####,7/9/2026 12:39,6.9,25.21,-18.48
####,7/9/2026 12:54,6.9,25.4,-18.7
####,7/9/2026 13:09,6.9,25.6,-18.53
####,7/9/2026 13:24,6.92,25.77,-19.48
####,7/9/2026 13:39,6.92,25.91,-19.39
####,7/9/2026 13:54,6.91,25.94,-18.86
####,7/9/2026 14:09,6.94,26.08,-20.84
####,7/9/2026 14:24,6.96,26.08,-22.16
####,7/9/2026 14:39,6.99,26.18,-23.45
####,7/9/2026 14:54,7.02,26.33,-25.08
####,7/9/2026 15:09,7.07,26.3,-27.94
####,7/9/2026 15:24,7.15,26.43,-32.95
####,7/9/2026 15:39,7.2,26.23,-35.56
####,7/9/2026 15:54,7.27,26.18,-39.59
####,7/9/2026 16:09,7.35,26.04,-43.89
####,7/9/2026 16:24,7.43,25.89,-48.67
####,7/9/2026 16:39,7.54,25.55,-54.75
####,7/9/2026 16:54,7.6,25.16,-58.38
####,7/9/2026 17:09,7.61,25.04,-58.75
####,7/9/2026 17:24,7.61,24.85,-58.86
####,7/9/2026 17:39,7.62,24.58,-59.14
####,7/9/2026 17:54,7.64,24.29,-60.31
####,7/9/2026 18:09,7.66,24.05,-61.2
####,7/9/2026 18:24,7.66,23.91,-61.35
####,7/9/2026 18:39,7.68,23.64,-62.3
####,7/9/2026 18:54,7.69,23.35,-63.1
####,7/9/2026 19:09,7.71,23.02,-64.19
####,7/9/2026 19:24,7.72,22.78,-64.75
####,7/9/2026 19:39,7.73,22.61,-64.96
####,7/9/2026 19:54,7.72,22.51,-64.83
####,7/9/2026 20:09,7.67,22.49,-61.94
####,7/9/2026 20:24,7.6,22.51,-58
####,7/9/2026 20:39,7.64,22.9,-60.11
####,7/9/2026 20:54,7.63,23.35,-59.45
####,7/9/2026 21:09,7.6,23.62,-57.95
####,7/9/2026 21:24,7.55,24.05,-55.24
####,7/9/2026 21:39,7.48,24.53,-51.41
####,7/9/2026 21:54,7.44,24.82,-48.88
####,7/9/2026 22:09,7.41,25.04,-47.16
####,7/9/2026 22:24,7.37,25.21,-45.3
####,7/9/2026 22:39,7.32,25.38,-42.11
####,7/9/2026 22:54,7.26,25.53,-38.99
####,7/9/2026 23:09,7.2,25.67,-35.78
####,7/9/2026 23:24,7.14,25.87,-31.88
####,7/9/2026 23:39,7.08,26.04,-28.64
####,7/9/2026 23:54,7.03,26.16,-25.74
####,7/10/2026 0:09,6.98,26.23,-23.27
####,7/10/2026 0:24,6.94,26.3,-20.77
####,7/10/2026 0:39,6.91,26.35,-19.02
####,7/10/2026 0:54,6.88,26.35,-17.17
####,7/10/2026 1:09,6.85,26.35,-15.69
####,7/10/2026 1:24,6.82,26.33,-14.19
####,7/10/2026 1:39,6.82,26.3,-13.72
####,7/10/2026 1:54,6.79,26.26,-12.08
####,7/10/2026 2:09,6.8,26.21,-12.55
####,7/10/2026 2:24,6.8,26.13,-12.61
####,7/10/2026 2:39,6.79,26.08,-12.22
####,7/10/2026 2:54,6.79,26.08,-12.13
####,7/10/2026 3:09,6.79,26.04,-12.16
####,7/10/2026 3:24,6.8,26.01,-12.95
####,7/10/2026 3:39,6.82,26.01,-13.7
####,7/10/2026 3:54,6.81,25.84,-13.34
####,7/10/2026 4:09,6.83,25.77,-14.61
####,7/10/2026 4:24,6.88,25.57,-17.17
####,7/10/2026 4:39,6.91,25.48,-19.3
####,7/10/2026 4:54,6.97,25.26,-22.61
####,7/10/2026 5:09,7.03,25.06,-25.66
####,7/10/2026 5:24,7.12,24.8,-30.75
####,7/10/2026 5:39,7.22,24.51,-36.69
####,7/10/2026 5:54,7.28,24.32,-40.14
####,7/10/2026 6:09,7.31,24.12,-41.69
####,7/10/2026 6:24,7.32,24.03,-42.55
####,7/10/2026 6:39,7.36,23.95,-44.3
####,7/10/2026 6:54,7.4,23.86,-46.74
####,7/10/2026 7:09,7.43,23.74,-48.44
####,7/10/2026 7:24,7.45,23.64,-49.42
####,7/10/2026 7:39,7.46,23.57,-49.91
####,7/10/2026 7:54,7.46,23.52,-50.05
####,7/10/2026 8:09,7.43,23.47,-48.58
####,7/10/2026 8:24,7.27,23.52,-39.2
####,7/10/2026 8:39,7.27,23.59,-39.61
####,7/10/2026 8:54,7.27,23.95,-39.55
####,7/10/2026 9:09,7.3,24.12,-41.05
####,7/10/2026 9:24,7.28,24.19,-39.97
####,7/10/2026 9:39,7.28,24.32,-39.92
####,7/10/2026 9:54,7.27,24.41,-39.2
####,7/10/2026 10:09,7.24,24.53,-37.75
####,7/10/2026 10:24,7.23,24.65,-37.06
####,7/10/2026 10:39,7.17,24.8,-33.95
####,7/10/2026 10:54,7.14,24.94,-32.33
####,7/10/2026 11:09,7.1,25.09,-29.99
####,7/10/2026 11:24,7.06,25.31,-27.59
####,7/10/2026 11:39,7.01,25.5,-24.94
####,7/10/2026 11:54,6.99,25.72,-23.61
####,7/10/2026 12:09,6.95,25.91,-21.27
####,7/10/2026 12:24,6.93,26.11,-20.39
####,7/10/2026 12:39,6.92,26.3,-19.64
####,7/10/2026 12:54,6.89,26.45,-17.98
####,7/10/2026 13:09,6.88,26.57,-17.45
####,7/10/2026 13:24,6.87,26.67,-16.8
####,7/10/2026 13:39,6.87,26.82,-16.86
####,7/10/2026 13:54,6.87,27.01,-16.59
####,7/10/2026 14:09,6.88,27.09,-17.22
####,7/10/2026 14:24,6.9,27.21,-18.64
####,7/10/2026 14:39,6.9,27.31,-18.45
####,7/10/2026 14:54,6.9,27.31,-18.67
####,7/10/2026 15:09,6.95,27.38,-21.17
####,7/10/2026 15:24,6.96,27.36,-21.64
####,7/10/2026 15:39,6.99,27.41,-23.42
####,7/10/2026 15:54,7.04,27.6,-26.49
####,7/10/2026 16:09,7.1,27.68,-30.17
####,7/10/2026 16:24,7.17,27.65,-33.92
####,7/10/2026 16:39,7.23,27.51,-37.08
####,7/10/2026 16:54,7.29,27.33,-40.97
####,7/10/2026 17:09,7.35,27.14,-44.36
####,7/10/2026 17:24,7.42,26.89,-48.33
####,7/10/2026 17:39,7.5,26.48,-52.77
####,7/10/2026 17:54,7.55,26.18,-55.56
####,7/10/2026 18:09,7.55,26.04,-55.69
####,7/10/2026 18:24,7.56,25.7,-56.19
####,7/10/2026 18:39,7.6,25.23,-57.94
####,7/10/2026 18:54,7.61,24.99,-58.64
####,7/10/2026 19:09,7.62,24.8,-59.17
####,7/10/2026 19:24,7.63,24.53,-59.83
####,7/10/2026 19:39,7.66,24.12,-61.44
####,7/10/2026 19:54,7.69,23.62,-63.28
####,7/10/2026 20:09,7.7,23.33,-63.77
####,7/10/2026 20:24,7.72,23.06,-64.61
####,7/10/2026 20:39,7.73,22.87,-65
####,7/10/2026 20:54,7.72,22.75,-64.86
####,7/10/2026 21:09,7.67,22.68,-61.88
####,7/10/2026 21:24,7.63,22.7,-59.58
####,7/10/2026 21:39,7.64,22.97,-60.25
####,7/10/2026 21:54,7.65,23.33,-60.6
####,7/10/2026 22:09,7.6,23.74,-58.17
####,7/10/2026 22:24,7.53,24.29,-54.06
####,7/10/2026 22:39,7.46,24.75,-50
####,7/10/2026 22:54,7.41,24.94,-47.6
####,7/10/2026 23:09,7.33,25.33,-42.89
####,7/10/2026 23:24,7.28,25.57,-39.86
####,7/10/2026 23:39,7.22,25.74,-36.45
####,7/10/2026 23:54,7.15,25.94,-32.58
####,7/11/2026 0:09,7.09,26.08,-29.27
####,7/11/2026 0:24,7.04,26.18,-26.19
####,7/11/2026 0:39,6.98,26.3,-23.06
####,7/11/2026 0:54,6.93,26.38,-20.13
####,7/11/2026 1:09,6.89,26.4,-17.75
####,7/11/2026 1:24,6.85,26.45,-15.59
####,7/11/2026 1:39,6.82,26.45,-13.77
####,7/11/2026 1:54,6.79,26.43,-12.3
####,7/11/2026 2:09,6.77,26.38,-11.03
####,7/11/2026 2:24,6.74,26.3,-9.61
####,7/11/2026 2:39,6.74,26.23,-9.39
####,7/11/2026 2:54,6.73,26.16,-8.89
####,7/11/2026 3:09,6.73,26.08,-8.92
####,7/11/2026 3:24,6.72,26.01,-8.55
####,7/11/2026 3:39,6.72,25.94,-8.47
####,7/11/2026 3:54,6.7,25.82,-7.17
####,7/11/2026 4:09,6.72,25.84,-8.44
####,7/11/2026 4:24,6.72,25.74,-8.44
####,7/11/2026 4:39,6.72,25.77,-8.55
####,7/11/2026 4:54,6.73,25.7,-8.81
####,7/11/2026 5:09,6.72,25.43,-8.58
####,7/11/2026 5:24,6.76,25.31,-10.31
####,7/11/2026 5:39,6.79,25.26,-12.06
####,7/11/2026 5:54,6.83,25.09,-14.53
####,7/11/2026 6:09,6.87,24.94,-17.09
####,7/11/2026 6:24,6.93,24.8,-20.33
####,7/11/2026 6:39,7.08,24.56,-28.5
####,7/11/2026 6:54,7.13,24.39,-31.81
####,7/11/2026 7:09,7.17,24.24,-33.86
####,7/11/2026 7:24,7.18,24.1,-34.58
####,7/11/2026 7:39,7.21,24.03,-36.24
####,7/11/2026 7:54,7.27,23.98,-39.27
####,7/11/2026 8:09,7.31,23.91,-41.6
####,7/11/2026 8:24,7.34,23.79,-43.49
####,7/11/2026 8:39,7.34,23.74,-43.41
####,7/11/2026 8:54,7.35,23.66,-44.22
####,7/11/2026 9:09,7.35,23.66,-43.77
####,7/11/2026 9:24,7.15,23.69,-32.75
####,7/11/2026 9:39,7.18,23.74,-34.5
####,7/11/2026 9:54,7.2,23.83,-35.5
####,7/11/2026 10:09,7.25,24.05,-38.08
####,7/11/2026 10:24,7.23,24.17,-36.97
####,7/11/2026 10:39,7.19,24.29,-34.69
####,7/11/2026 10:54,7.17,24.39,-33.63
####,7/11/2026 11:09,7.14,24.48,-32.28
####,7/11/2026 11:24,7.13,24.63,-31.49
####,7/11/2026 11:39,7.11,24.75,-30.41
####,7/11/2026 11:54,7.08,24.9,-28.59
####,7/11/2026 12:09,7.03,25.02,-25.66
####,7/11/2026 12:24,6.99,25.16,-23.83
####,7/11/2026 12:39,6.95,25.33,-21.3
####,7/11/2026 12:54,6.91,25.5,-19.22
####,7/11/2026 13:09,6.88,25.67,-17.53
####,7/11/2026 13:24,6.86,25.84,-16.41
####,7/11/2026 13:39,6.85,26.04,-15.45
####,7/11/2026 13:54,6.83,26.18,-14.7
####,7/11/2026 14:09,6.83,26.3,-14.31
####,7/11/2026 14:24,6.82,26.43,-13.7
####,7/11/2026 14:39,6.82,26.57,-13.94
####,7/11/2026 14:54,6.82,26.72,-14.2
####,7/11/2026 15:09,6.82,26.82,-14.17
####,7/11/2026 15:24,6.83,26.94,-14.73
####,7/11/2026 15:39,6.86,27.04,-16.11
####,7/11/2026 15:54,6.87,27.04,-16.53
####,7/11/2026 16:09,6.89,27.14,-17.77
####,7/11/2026 16:24,6.9,27.09,-18.63
####,7/11/2026 16:39,6.92,27.09,-19.69
####,7/11/2026 16:54,6.97,27.16,-22.36
####,7/11/2026 17:09,7.02,27.16,-25.58
####,7/11/2026 17:24,7.07,27.09,-28
####,7/11/2026 17:39,7.13,26.94,-31.36
####,7/11/2026 17:54,7.19,26.84,-35.28
####,7/11/2026 18:09,7.25,26.67,-38.7
####,7/11/2026 18:24,7.35,26.43,-44
####,7/11/2026 18:39,7.43,26.16,-48.52
####,7/11/2026 18:54,7.45,26.04,-49.85
####,7/11/2026 19:09,7.44,25.89,-49.44
####,7/11/2026 19:24,7.47,25.57,-50.89
####,7/11/2026 19:39,7.51,25.21,-53.13
####,7/11/2026 19:54,7.54,24.92,-54.74
####,7/11/2026 20:09,7.56,24.68,-55.92
####,7/11/2026 20:24,7.59,24.36,-57.45
####,7/11/2026 20:39,7.63,23.91,-59.53
####,7/11/2026 20:54,7.66,23.54,-61.39
####,7/11/2026 21:09,7.68,23.23,-62.72
####,7/11/2026 21:24,7.71,22.97,-63.97
####,7/11/2026 21:39,7.71,22.8,-64.14
####,7/11/2026 21:54,7.72,22.63,-64.56
####,7/11/2026 22:09,7.66,22.61,-61.52
####,7/11/2026 22:24,7.55,22.63,-55.03
####,7/11/2026 22:39,7.62,22.85,-59.16
####,7/11/2026 22:54,7.61,23.11,-58.75
####,7/11/2026 23:09,7.57,23.42,-56.14
####,7/11/2026 23:24,7.48,23.86,-51.55
####,7/11/2026 23:39,7.42,24.22,-47.81
####,7/11/2026 23:54,7.36,24.44,-44.74
####,7/12/2026 0:09,7.28,24.75,-40.13
####,7/12/2026 0:24,7.21,24.99,-35.94
####,7/12/2026 0:39,7.15,25.11,-32.75
####,7/12/2026 0:54,7.08,25.23,-28.83
####,7/12/2026 1:09,7.03,25.31,-25.63
####,7/12/2026 1:24,6.97,25.33,-22.75
####,7/12/2026 1:39,6.93,25.36,-19.97
####,7/12/2026 1:54,6.88,25.36,-17.36
####,7/12/2026 2:09,6.84,25.33,-15.23
####,7/12/2026 2:24,6.81,25.31,-13.34
####,7/12/2026 2:39,6.78,25.28,-11.92
####,7/12/2026 2:54,6.76,25.21,-10.84
####,7/12/2026 3:09,6.75,25.14,-9.95
####,7/12/2026 3:24,6.73,25.06,-9.09
####,7/12/2026 3:39,6.73,25.02,-8.83
####,7/12/2026 3:54,6.7,24.92,-7.44
####,7/12/2026 4:09,6.72,24.85,-8.19
####,7/12/2026 4:24,6.72,24.7,-8.16
####,7/12/2026 4:39,6.71,24.51,-7.59
####,7/12/2026 4:54,6.71,24.53,-7.55
####,7/12/2026 5:09,6.71,24.41,-7.95
####,7/12/2026 5:24,6.72,24.46,-8.13
####,7/12/2026 5:39,6.72,24.44,-8.27
####,7/12/2026 5:54,6.72,24.46,-8.09
####,7/12/2026 6:09,6.72,24.24,-8.13
####,7/12/2026 6:24,6.73,24.12,-8.69
####,7/12/2026 6:39,6.75,24.03,-10.08
####,7/12/2026 6:54,6.78,24.05,-11.66
####,7/12/2026 7:09,6.83,23.98,-14.38
####,7/12/2026 7:24,6.88,23.95,-17.2
####,7/12/2026 7:39,7.01,23.95,-24.52
####,7/12/2026 7:54,7.08,23.91,-28.97
####,7/12/2026 8:09,7.11,23.79,-30.56
####,7/12/2026 8:24,7.14,23.71,-31.95
####,7/12/2026 8:39,7.17,23.66,-33.56
####,7/12/2026 8:54,7.2,23.66,-35.31
####,7/12/2026 9:09,7.21,23.66,-36
####,7/12/2026 9:24,7.24,23.62,-37.74
####,7/12/2026 9:39,7.25,23.57,-38.28
####,7/12/2026 9:54,7.26,23.54,-38.91
####,7/12/2026 10:09,7.26,23.54,-38.8
####,7/12/2026 10:24,7.1,23.57,-29.61
####,7/12/2026 10:39,7.13,23.59,-31.8
####,7/12/2026 10:54,7.13,23.66,-31.42
####,7/12/2026 11:09,7.15,23.98,-32.44
####,7/12/2026 11:24,7.16,24.07,-33.24
####,7/12/2026 11:39,7.14,24.15,-31.94
####,7/12/2026 11:54,7.11,24.19,-30.28
####,7/12/2026 12:09,7.08,24.24,-28.84
####,7/12/2026 12:24,7.07,24.34,-27.99
####,7/12/2026 12:39,7.06,24.46,-27.56
####,7/12/2026 12:54,7.04,24.6,-26.28
####,7/12/2026 13:09,7.01,24.68,-24.52
####,7/12/2026 13:24,6.97,24.8,-22.66
####,7/12/2026 13:39,6.94,24.87,-20.72
####,7/12/2026 13:54,6.91,24.99,-18.81
####,7/12/2026 14:09,6.88,25.09,-17.47
####,7/12/2026 14:24,6.86,25.21,-16.22
####,7/12/2026 14:39,6.84,25.33,-15.09
####,7/12/2026 14:54,6.82,25.45,-14.17
####,7/12/2026 15:09,6.81,25.55,-13.67
####,7/12/2026 15:24,6.81,25.65,-13.16
####,7/12/2026 15:39,6.8,25.77,-12.66
####,7/12/2026 15:54,6.81,25.87,-13.25
####,7/12/2026 16:09,6.82,25.96,-13.78
####,7/12/2026 16:24,6.81,26.08,-13.22
####,7/12/2026 16:39,6.81,26.18,-13.23
####,7/12/2026 16:54,6.84,26.21,-15.02
####,7/12/2026 17:09,6.84,26.23,-15.36
####,7/12/2026 17:24,6.87,26.21,-16.64
####,7/12/2026 17:39,6.87,26.16,-16.64
####,7/12/2026 17:54,6.91,26.23,-19.14
####,7/12/2026 18:09,6.95,26.23,-21.36
####,7/12/2026 18:24,7.01,26.28,-24.61
####,7/12/2026 18:39,7.05,26.21,-26.8
####,7/12/2026 18:54,7.12,26.16,-30.97
####,7/12/2026 19:09,7.18,26.06,-34.7
####,7/12/2026 19:24,7.28,25.79,-40.28
####,7/12/2026 19:39,7.34,25.67,-43.5
####,7/12/2026 19:54,7.37,25.62,-45.14
####,7/12/2026 20:09,7.38,25.5,-45.72
####,7/12/2026 20:24,7.41,25.14,-47.72
####,7/12/2026 20:39,7.47,24.77,-50.69
####,7/12/2026 20:54,7.49,24.58,-51.77
####,7/12/2026 21:09,7.51,24.41,-53.05
####,7/12/2026 21:24,7.55,24.1,-55.02
####,7/12/2026 21:39,7.6,23.71,-58.19
####,7/12/2026 21:54,7.64,23.4,-60.17
####,7/12/2026 22:09,7.66,23.16,-61.6
####,7/12/2026 22:24,7.7,22.85,-63.3
####,7/12/2026 22:39,7.72,22.56,-64.66
####,7/12/2026 22:54,7.73,22.3,-65.02
####,7/12/2026 23:09,7.71,22.18,-64.05
####,7/12/2026 23:24,7.5,22.2,-52.1
####,7/12/2026 23:39,7.58,22.47,-56.86
####,7/12/2026 23:54,7.6,22.75,-57.74
####,7/13/2026 0:09,7.56,23.06,-55.5
####,7/13/2026 0:24,7.5,23.38,-52.45
####,7/13/2026 0:39,7.44,23.59,-49.05
####,7/13/2026 0:54,7.36,23.83,-44.6
####,7/13/2026 1:09,7.27,24.1,-39.38
####,7/13/2026 1:24,7.2,24.27,-35.67
####,7/13/2026 1:39,7.15,24.41,-32.55
####,7/13/2026 1:54,7.08,24.51,-28.92
####,7/13/2026 2:09,7.03,24.53,-25.81
####,7/13/2026 2:24,6.98,24.51,-22.99
####,7/13/2026 2:39,6.93,24.51,-20.22
####,7/13/2026 2:54,6.89,24.46,-17.89
####,7/13/2026 3:09,6.85,24.41,-15.94
####,7/13/2026 3:24,6.82,24.36,-14.23
####,7/13/2026 3:39,6.8,24.32,-12.86
####,7/13/2026 3:54,6.78,24.24,-11.8
####,7/13/2026 4:09,6.77,24.19,-11.02
####,7/13/2026 4:24,6.75,24.12,-10.02
####,7/13/2026 4:39,6.74,24.07,-9.72
####,7/13/2026 4:54,6.74,23.98,-9.45
####,7/13/2026 5:09,6.73,23.91,-8.86
####,7/13/2026 5:24,6.73,23.81,-8.91
####,7/13/2026 5:39,6.73,23.69,-8.77
####,7/13/2026 5:54,6.73,23.57,-8.95
####,7/13/2026 6:09,6.74,23.4,-9.48
####,7/13/2026 6:24,6.74,23.42,-9.56
####,7/13/2026 6:39,6.74,23.5,-9.39
####,7/13/2026 6:54,6.74,23.52,-9.66
####,7/13/2026 7:09,6.74,23.57,-9.73
####,7/13/2026 7:24,6.75,23.33,-9.86
####,7/13/2026 7:39,6.77,23.3,-11.02
####,7/13/2026 7:54,6.78,23.35,-12
####,7/13/2026 8:09,6.82,23.38,-14.25
####,7/13/2026 8:24,6.87,23.4,-16.84
####,7/13/2026 8:39,6.97,23.5,-22.58
####,7/13/2026 8:54,7.06,23.5,-27.81
####,7/13/2026 9:09,7.1,23.45,-29.64
####,7/13/2026 9:24,7.14,23.4,-32.19
####,7/13/2026 9:39,7.19,23.4,-34.66
####,7/13/2026 9:54,7.22,23.42,-36.47
####,7/13/2026 10:09,7.25,23.4,-38.02
####,7/13/2026 10:24,7.27,23.35,-39.19
####,7/13/2026 10:39,7.3,23.3,-40.99
####,7/13/2026 10:54,7.31,23.28,-41.88
####,7/13/2026 11:09,7.32,23.28,-42.45
####,7/13/2026 11:24,7.32,23.28,-42.24
####,7/13/2026 11:39,7.24,23.3,-37.81
####,7/13/2026 11:54,7.18,23.33,-34.19
####,7/13/2026 12:09,7.2,23.69,-35.28
####,7/13/2026 12:24,7.22,23.93,-36.53
####,7/13/2026 12:39,7.2,24.05,-35.5
####,7/13/2026 12:54,7.17,24.03,-33.74
####,7/13/2026 13:09,7.14,24.1,-31.86
####,7/13/2026 13:24,7.11,24.22,-30.39
####,7/13/2026 13:39,7.08,24.32,-28.74
####,7/13/2026 13:54,7.06,24.41,-27.77
####,7/13/2026 14:09,7.04,24.48,-26.28
####,7/13/2026 14:24,7.01,24.6,-25.03
####,7/13/2026 14:39,6.99,24.68,-23.55
####,7/13/2026 14:54,6.96,24.75,-21.75
####,7/13/2026 15:09,6.93,24.87,-20.16
####,7/13/2026 15:24,6.9,24.94,-18.58
####,7/13/2026 15:39,6.88,25.04,-17.25
####,7/13/2026 15:54,6.86,25.14,-16.41
####,7/13/2026 16:09,6.85,25.23,-15.86
####,7/13/2026 16:24,6.84,25.33,-15.38
####,7/13/2026 16:39,6.83,25.45,-14.78
####,7/13/2026 16:54,6.84,25.53,-15.13
####,7/13/2026 17:09,6.85,25.6,-15.88
####,7/13/2026 17:24,6.86,25.62,-16.11
####,7/13/2026 17:39,6.86,25.74,-16.3
####,7/13/2026 17:54,6.87,25.84,-17.02
####,7/13/2026 18:09,6.87,25.91,-17.06
####,7/13/2026 18:24,6.88,25.84,-17.31
####,7/13/2026 18:39,6.89,25.82,-17.84
####,7/13/2026 18:54,6.92,25.91,-19.38
####,7/13/2026 19:09,6.95,25.94,-21.45
####,7/13/2026 19:24,7.02,26.01,-25.27
####,7/13/2026 19:39,7.07,25.94,-27.91
####,7/13/2026 19:54,7.14,25.89,-32.19
####,7/13/2026 20:09,7.21,25.82,-35.88
####,7/13/2026 20:24,7.31,25.5,-42.03
####,7/13/2026 20:39,7.36,25.36,-44.44
####,7/13/2026 20:54,7.39,25.23,-46.05
####,7/13/2026 21:09,7.4,25.02,-46.8
####,7/13/2026 21:24,7.44,24.65,-49.31
####,7/13/2026 21:39,7.48,24.36,-51.42
####,7/13/2026 21:54,7.51,24.15,-52.95
####,7/13/2026 22:09,7.52,23.98,-53.8
####,7/13/2026 22:24,7.58,23.54,-56.81
####,7/13/2026 22:39,7.63,23.14,-59.69
####,7/13/2026 22:54,7.66,22.78,-61.36
####,7/13/2026 23:09,7.68,22.27,-62.55
####,7/13/2026 23:24,7.71,21.17,-64.13
####,7/13/2026 23:39,7.74,20.13,-65.35
####,7/13/2026 23:54,7.75,19.13,-65.96
####,7/14/2026 0:09,7.73,18.89,-64.64
####,7/14/2026 0:24,7.69,18.65,-62.58
####,7/14/2026 0:39,7.62,19.17,-58.56
####,7/14/2026 0:54,7.63,20.58,-59.38
####,7/14/2026 1:09,7.61,21.1,-58.5
####,7/14/2026 1:24,7.57,22.18,-56.14
####,7/14/2026 1:39,7.5,22.66,-52.44
####,7/14/2026 1:54,7.42,23.06,-47.63
####,7/14/2026 2:09,7.36,23.3,-44.39
####,7/14/2026 2:24,7.27,23.71,-39.59
####,7/14/2026 2:39,7.21,23.86,-35.89
####,7/14/2026 2:54,7.13,24.05,-31.61
####,7/14/2026 3:09,7.07,24.15,-28.17
####,7/14/2026 3:24,7.01,24.17,-25.03
####,7/14/2026 3:39,6.97,24.15,-22.41
####,7/14/2026 3:54,6.93,24.22,-20.2
####,7/14/2026 4:09,6.9,24.19,-18.59
####,7/14/2026 4:24,6.87,24.17,-16.88
####,7/14/2026 4:39,6.85,24.15,-15.44
####,7/14/2026 4:54,6.83,24.1,-14.52
####,7/14/2026 5:09,6.81,24.05,-13.52
####,7/14/2026 5:24,6.79,24,-12.36
####,7/14/2026 5:39,6.78,23.98,-11.81
####,7/14/2026 5:54,6.77,23.91,-11.23
####,7/14/2026 6:09,6.76,23.88,-10.73
####,7/14/2026 6:24,6.76,23.83,-10.63
####,7/14/2026 6:39,6.76,23.81,-10.73
####,7/14/2026 6:54,6.77,23.76,-11.41
####,7/14/2026 7:09,6.76,23.76,-10.44
####,7/14/2026 7:24,6.79,23.81,-12.44
####,7/14/2026 7:39,6.78,23.88,-11.91
####,7/14/2026 7:54,6.79,23.86,-12.48
####,7/14/2026 8:09,6.79,23.81,-12.63
####,7/14/2026 8:24,6.79,23.69,-12.56
####,7/14/2026 8:39,6.83,23.64,-14.41
####,7/14/2026 8:54,6.85,23.57,-15.61
####,7/14/2026 9:09,6.9,23.5,-18.45
####,7/14/2026 9:24,6.95,23.45,-21.16
####,7/14/2026 9:39,7.05,23.5,-27.09
####,7/14/2026 9:54,7.12,23.5,-31.16
####,7/14/2026 10:09,7.16,23.38,-33.19
####,7/14/2026 10:24,7.19,23.26,-35.08
####,7/14/2026 10:39,7.23,23.23,-36.88
####,7/14/2026 10:54,7.26,23.18,-38.56
####,7/14/2026 11:09,7.29,23.02,-40.31
####,7/14/2026 11:24,7.3,22.9,-41.25
####,7/14/2026 11:39,7.33,22.73,-42.77
####,7/14/2026 11:54,7.34,22.58,-43.39
####,7/14/2026 12:09,7.34,22.51,-43.5
####,7/14/2026 12:24,7.31,22.47,-41.88
####,7/14/2026 12:39,7.15,22.49,-32.45
####,7/14/2026 12:54,7.15,22.68,-32.64
####,7/14/2026 13:09,7.2,23.09,-35.39
####,7/14/2026 13:24,7.19,23.21,-35.16
####,7/14/2026 13:39,7.16,23.28,-33.25
####,7/14/2026 13:54,7.15,23.4,-32.5
####,7/14/2026 14:09,7.12,23.54,-30.88
####,7/14/2026 14:24,7.1,23.74,-29.83
####,7/14/2026 14:39,7.08,23.88,-28.89
####,7/14/2026 14:54,7.05,24,-26.75
####,7/14/2026 15:09,7.03,24.1,-26.08
####,7/14/2026 15:24,7.02,24.17,-25.22
####,7/14/2026 15:39,6.99,24.27,-23.75
####,7/14/2026 15:54,6.96,24.34,-22.05
####,7/14/2026 16:09,6.93,24.44,-20.2
####,7/14/2026 16:24,6.9,24.53,-18.78
####,7/14/2026 16:39,6.88,24.63,-17.63
####,7/14/2026 16:54,6.87,24.73,-16.77
####,7/14/2026 17:09,6.85,24.8,-15.89
####,7/14/2026 17:24,6.83,24.87,-14.78
####,7/14/2026 17:39,6.84,24.92,-15.08
####,7/14/2026 17:54,6.83,24.94,-14.61
####,7/14/2026 18:09,6.83,24.99,-14.73
####,7/14/2026 18:24,6.84,25.04,-14.88
####,7/14/2026 18:39,6.82,25.09,-14.13
####,7/14/2026 18:54,6.83,25.11,-14.53
####,7/14/2026 19:09,6.84,25.09,-15.14
####,7/14/2026 19:24,6.84,25.14,-15.36
####,7/14/2026 19:39,6.86,25.09,-16.45
####,7/14/2026 19:54,6.88,25.09,-17.25
####,7/14/2026 20:09,6.91,25.09,-19.06
####,7/14/2026 20:24,6.95,25.06,-21.64
####,7/14/2026 20:39,6.99,24.97,-23.84
####,7/14/2026 20:54,7.06,24.87,-27.69
####,7/14/2026 21:09,7.12,24.75,-30.84
####,7/14/2026 21:24,7.22,24.46,-36.75
####,7/14/2026 21:39,7.27,24.29,-39.69
####,7/14/2026 21:54,7.32,24.07,-42.22
####,7/14/2026 22:09,7.35,23.79,-44.17
####,7/14/2026 22:24,7.41,23.35,-47.19
####,7/14/2026 22:39,7.45,22.99,-49.25
####,7/14/2026 22:54,7.48,22.63,-51.17
####,7/14/2026 23:09,7.5,22.27,-52.28
####,7/14/2026 23:24,7.56,21.7,-55.42
####,7/14/2026 23:39,7.6,21.13,-57.91
####,7/14/2026 23:54,7.64,20.56,-59.95
####,7/15/2026 0:09,7.68,19.56,-62.24
####,7/15/2026 0:24,7.72,18.32,-63.92
####,7/15/2026 0:39,7.74,17.13,-65.08
####,7/15/2026 0:54,7.74,16.61,-65.06
####,7/15/2026 1:09,7.74,16.44,-64.81
####,7/15/2026 1:24,7.71,16.25,-63.16
####,7/15/2026 1:39,7.66,16.44,-60.28
####,7/15/2026 1:54,7.65,17.82,-60.17
####,7/15/2026 2:09,7.62,18.72,-58.81
####,7/15/2026 2:24,7.59,19.44,-57.06
####,7/15/2026 2:39,7.53,20.27,-53.91
####,7/15/2026 2:54,7.47,20.98,-50.42
####,7/15/2026 3:09,7.4,21.65,-46.36
####,7/15/2026 3:24,7.32,22.2,-42.2
####,7/15/2026 3:39,7.26,22.61,-38.61
####,7/15/2026 3:54,7.17,23.06,-34
####,7/15/2026 4:09,7.1,23.38,-29.86
####,7/15/2026 4:24,7.04,23.57,-26.67
####,7/15/2026 4:39,6.99,23.69,-23.72
####,7/15/2026 4:54,6.95,23.79,-21.41
####,7/15/2026 5:09,6.91,23.88,-19.23
####,7/15/2026 5:24,6.88,23.93,-17.56
####,7/15/2026 5:39,6.86,24,-16.27
####,7/15/2026 5:54,6.84,24.05,-15.17
####,7/15/2026 6:09,6.82,24.07,-14.22
####,7/15/2026 6:24,6.81,24.1,-13.23
####,7/15/2026 6:39,6.79,24.12,-12.45
####,7/15/2026 6:54,6.78,24.15,-12
####,7/15/2026 7:09,6.78,24.19,-11.89
####,7/15/2026 7:24,6.78,24.22,-11.73
####,7/15/2026 7:39,6.78,24.27,-11.53
####,7/15/2026 7:54,6.77,24.24,-11.31
####,7/15/2026 8:09,6.77,24.22,-11.34
####,7/15/2026 8:24,6.78,24.19,-11.75
####,7/15/2026 8:39,6.77,24.24,-11.14
####,7/15/2026 8:54,6.78,24.22,-11.67
####,7/15/2026 9:09,6.78,24.22,-11.98
####,7/15/2026 9:24,6.8,24.1,-12.81
####,7/15/2026 9:39,6.82,23.95,-14.3
####,7/15/2026 9:54,6.85,23.81,-15.95
####,7/15/2026 10:09,6.9,23.59,-18.5
####,7/15/2026 10:24,6.96,23.42,-22.05
####,7/15/2026 10:39,7.06,23.18,-27.41
####,7/15/2026 10:54,7.1,22.97,-29.84
####,7/15/2026 11:09,7.14,22.73,-32.28
####,7/15/2026 11:24,7.18,22.51,-34.53
####,7/15/2026 11:39,7.23,22.32,-36.86
####,7/15/2026 11:54,7.27,22.03,-39.08
####,7/15/2026 12:09,7.29,21.77,-40.61
####,7/15/2026 12:24,7.33,21.51,-42.8
####,7/15/2026 12:39,7.34,21.32,-43.25
####,7/15/2026 12:54,7.37,21.06,-44.81
####,7/15/2026 13:09,7.39,20.86,-45.72
####,7/15/2026 13:24,7.41,20.63,-46.85
####,7/15/2026 13:39,7.39,20.48,-46.02
####,7/15/2026 13:54,7.3,20.53,-40.92
####,7/15/2026 14:09,7.28,21.32,-40.06
####,7/15/2026 14:24,7.27,21.72,-39.38
####,7/15/2026 14:39,7.26,21.94,-38.53
####,7/15/2026 14:54,7.21,22.27,-35.95
####,7/15/2026 15:09,7.16,22.61,-33.09
####,7/15/2026 15:24,7.13,22.78,-31.38
####,7/15/2026 15:39,7.11,22.92,-30.3
####,7/15/2026 15:54,7.08,23.06,-28.91
####,7/15/2026 16:09,7.05,23.21,-27.08
####,7/15/2026 16:24,7.02,23.38,-25.27
####,7/15/2026 16:39,6.99,23.52,-23.45
####,7/15/2026 16:54,6.95,23.69,-21.61
####,7/15/2026 17:09,6.92,23.81,-19.73
####,7/15/2026 17:24,6.89,23.93,-18.16
####,7/15/2026 17:39,6.87,24.05,-16.89
####,7/15/2026 17:54,6.85,24.15,-15.77
####,7/15/2026 18:09,6.84,24.24,-15.02
####,7/15/2026 18:24,6.83,24.32,-14.42
####,7/15/2026 18:39,6.82,24.36,-14.02
####,7/15/2026 18:54,6.82,24.34,-13.95
####,7/15/2026 19:09,6.82,24.32,-14
####,7/15/2026 19:24,6.82,24.29,-13.89
####,7/15/2026 19:39,6.82,24.17,-14.11
####,7/15/2026 19:54,6.82,24.07,-13.88
####,7/15/2026 20:09,6.81,24.17,-13.41
####,7/15/2026 20:24,6.82,24.15,-14.03
####,7/15/2026 20:39,6.83,24.12,-14.77
####,7/15/2026 20:54,6.85,23.98,-15.78
####,7/15/2026 21:09,6.88,23.79,-17.52
####,7/15/2026 21:24,6.93,23.54,-20.17
####,7/15/2026 21:39,6.98,23.28,-23.25
####,7/15/2026 21:54,7.03,23.02,-25.99
####,7/15/2026 22:09,7.12,22.63,-31.09
####,7/15/2026 22:24,7.19,22.35,-34.84
####,7/15/2026 22:39,7.23,22.06,-37.24
####,7/15/2026 22:54,7.26,21.89,-38.75
####,7/15/2026 23:09,7.31,21.65,-41.36
####,7/15/2026 23:24,7.36,21.22,-44.3
####,7/15/2026 23:39,7.4,20.79,-46.8
####,7/15/2026 23:54,7.43,20.46,-48.41
####,7/16/2026 0:09,7.48,20.03,-50.77
####,7/16/2026 0:24,7.54,19.41,-54.31
####,7/16/2026 0:39,7.57,19.03,-55.97
####,7/16/2026 0:54,7.63,18.39,-59.13
####,7/16/2026 1:09,7.69,17.77,-62.14
####,7/16/2026 1:24,7.73,17.42,-64.64
####,7/16/2026 1:39,7.77,17.25,-66.42
####,7/16/2026 1:54,7.76,17.32,-66.36
####,7/16/2026 2:09,7.77,17.27,-66.96
####,7/16/2026 2:24,7.67,17.3,-60.92
####,7/16/2026 2:39,7.7,17.49,-63.02
####,7/16/2026 2:54,7.65,17.82,-60.31
####,7/16/2026 3:09,7.63,18.03,-58.8
####,7/16/2026 3:24,7.57,18.34,-55.94
####,7/16/2026 3:39,7.51,18.75,-52.27
####,7/16/2026 3:54,7.45,19.1,-48.92
####,7/16/2026 4:09,7.37,19.48,-44.88
####,7/16/2026 4:24,7.29,20.01,-40.34
####,7/16/2026 4:39,7.22,20.36,-36.45
####,7/16/2026 4:54,7.15,20.67,-32.55
####,7/16/2026 5:09,7.09,20.86,-28.99
####,7/16/2026 5:24,7.03,21.01,-26.11
####,7/16/2026 5:39,6.99,21.08,-23.89
####,7/16/2026 5:54,6.95,21.17,-21.67
####,7/16/2026 6:09,6.92,21.25,-19.92
####,7/16/2026 6:24,6.9,21.29,-18.63
####,7/16/2026 6:39,6.88,21.34,-17.48
####,7/16/2026 6:54,6.86,21.39,-16.48
####,7/16/2026 7:09,6.85,21.44,-15.75
####,7/16/2026 7:24,6.84,21.49,-15.03
####,7/16/2026 7:39,6.83,21.56,-14.56
####,7/16/2026 7:54,6.83,21.6,-14.41
####,7/16/2026 8:09,6.82,21.7,-14.22
####,7/16/2026 8:24,6.82,21.8,-14.34
####,7/16/2026 8:39,6.84,21.96,-15.13
####,7/16/2026 8:54,6.83,22.13,-14.84
####,7/16/2026 9:09,6.86,22.39,-16.53
####,7/16/2026 9:24,6.85,22.42,-15.66
####,7/16/2026 9:39,6.84,22.27,-14.94
####,7/16/2026 9:54,6.84,22.13,-15
####,7/16/2026 10:09,6.85,22.08,-15.84
####,7/16/2026 10:24,6.88,22.03,-17.53
####,7/16/2026 10:39,6.91,21.87,-19.03
####,7/16/2026 10:54,6.96,21.72,-21.7
####,7/16/2026 11:09,7,21.63,-24.19
####,7/16/2026 11:24,7.11,21.65,-30.13
####,7/16/2026 11:39,7.16,21.53,-33.28
####,7/16/2026 11:54,7.2,21.2,-35.63
####,7/16/2026 12:09,7.24,21.03,-37.52
####,7/16/2026 12:24,7.28,20.84,-39.61
####,7/16/2026 12:39,7.31,20.58,-41.75
####,7/16/2026 12:54,7.34,20.44,-43.25
####,7/16/2026 13:09,7.38,20.22,-45.33
####,7/16/2026 13:24,7.4,20.17,-46.45
####,7/16/2026 13:39,7.43,20.03,-48.1
####,7/16/2026 13:54,7.46,19.82,-49.88
####,7/16/2026 14:09,7.49,19.58,-51.52
####,7/16/2026 14:24,7.51,19.53,-52.47
####,7/16/2026 14:39,7.49,19.53,-51.5
####,7/16/2026 14:54,7.41,19.58,-47.25
####,7/16/2026 15:09,7.41,20.2,-47.17
####,7/16/2026 15:24,7.4,20.58,-46.67
####,7/16/2026 15:39,7.37,20.84,-44.97
####,7/16/2026 15:54,7.31,21.32,-41.35
####,7/16/2026 16:09,7.27,21.72,-39.25
####,7/16/2026 16:24,7.24,21.91,-37.53
####,7/16/2026 16:39,7.2,22.15,-35.33
####,7/16/2026 16:54,7.18,22.35,-34.05
####,7/16/2026 17:09,7.14,22.56,-31.97
####,7/16/2026 17:24,7.11,22.75,-30.63
####,7/16/2026 17:39,7.11,22.78,-30.38
####,7/16/2026 17:54,7.06,23.06,-27.41
####,7/16/2026 18:09,7.01,23.26,-24.94
####,7/16/2026 18:24,7,23.33,-23.94
####,7/16/2026 18:39,6.97,23.5,-22.27
####,7/16/2026 18:54,6.95,23.64,-21.16
####,7/16/2026 19:09,6.93,23.79,-20.09
####,7/16/2026 19:24,6.91,23.91,-19.23
####,7/16/2026 19:39,6.89,23.98,-18.11
####,7/16/2026 19:54,6.89,24.03,-18.02
####,7/16/2026 20:09,6.89,24,-18.16
####,7/16/2026 20:24,6.89,23.98,-18.03
####,7/16/2026 20:39,6.88,23.88,-17.41
####,7/16/2026 20:54,6.86,23.79,-16.25
####,7/16/2026 21:09,6.87,23.93,-16.64
####,7/16/2026 21:24,6.88,23.91,-17.14
####,7/16/2026 21:39,6.89,23.88,-18
####,7/16/2026 21:54,6.91,23.83,-18.89
####,7/16/2026 22:09,6.93,23.74,-20.16
####,7/16/2026 22:24,6.97,23.54,-22.59
####,7/16/2026 22:39,7.02,23.21,-25.06
####,7/16/2026 22:54,7.07,22.9,-28.38
####,7/16/2026 23:09,7.14,22.56,-31.91
####,7/16/2026 23:24,7.21,22.03,-36.16
####,7/16/2026 23:39,7.27,21.82,-39.22
####,7/16/2026 23:54,7.29,21.7,-40.61
####,7/17/2026 0:09,7.34,21.46,-43.08
####,7/17/2026 0:24,7.39,21.17,-45.91
####,7/17/2026 0:39,7.43,20.96,-48.06
####,7/17/2026 0:54,7.46,20.77,-49.86
####,7/17/2026 1:09,7.49,20.53,-51.31
####,7/17/2026 1:24,7.55,20.22,-54.86
####,7/17/2026 1:39,7.6,19.98,-57.44
####,7/17/2026 1:54,7.63,19.75,-59.36
####,7/17/2026 2:09,7.66,19.48,-61.02
####,7/17/2026 2:24,7.7,19.15,-63
####,7/17/2026 2:39,7.73,18.79,-64.53
####,7/17/2026 2:54,7.73,18.65,-64.58
####,7/17/2026 3:09,7.7,18.51,-62.89
####,7/17/2026 3:24,7.66,18.63,-61.05
####,7/17/2026 3:39,7.65,19.08,-60.31
####,7/17/2026 3:54,7.63,19.27,-59.02
####,7/17/2026 4:09,7.56,19.63,-55.58
####,7/17/2026 4:24,7.49,19.89,-51.39
####,7/17/2026 4:39,7.42,20.08,-47.53
####,7/17/2026 4:54,7.34,20.34,-43.16
####,7/17/2026 5:09,7.27,20.51,-39.34
####,7/17/2026 5:24,7.2,20.75,-35.2
####,7/17/2026 5:39,7.14,20.84,-32.2
####,7/17/2026 5:54,7.07,21.01,-28.36
####,7/17/2026 6:09,7.02,21.13,-25.52
####,7/17/2026 6:24,6.98,21.2,-23.02
####,7/17/2026 6:39,6.94,21.27,-20.89
####,7/17/2026 6:54,6.91,21.32,-19.09
####,7/17/2026 7:09,6.88,21.37,-17.64
####,7/17/2026 7:24,6.86,21.39,-16.42
####,7/17/2026 7:39,6.84,21.44,-15.48
####,7/17/2026 7:54,6.83,21.49,-14.64
####,7/17/2026 8:09,6.82,21.53,-13.97
####,7/17/2026 8:24,6.81,21.6,-13.52
####,7/17/2026 8:39,6.81,21.68,-13.47
####,7/17/2026 8:54,6.81,21.8,-13.45
####,7/17/2026 9:09,6.82,21.87,-14
####,7/17/2026 9:24,6.83,22.03,-14.48
####,7/17/2026 9:39,6.85,22.18,-15.58
####,7/17/2026 9:54,6.87,22.32,-16.94
####,7/17/2026 10:09,6.87,22.39,-16.66
####,7/17/2026 10:24,6.84,22.35,-15.42
####,7/17/2026 10:39,6.85,22.3,-15.78
####,7/17/2026 10:54,6.85,22.2,-15.91
####,7/17/2026 11:09,6.88,22.13,-17.48
####,7/17/2026 11:24,6.92,21.99,-19.44
####,7/17/2026 11:39,6.95,21.84,-21.64
####,7/17/2026 11:54,6.99,21.68,-23.84
####,7/17/2026 12:09,7.09,21.6,-29.06
####,7/17/2026 12:24,7.17,21.53,-33.66
####,7/17/2026 12:39,7.21,21.44,-36.19
####,7/17/2026 12:54,7.26,21.27,-38.66
####,7/17/2026 13:09,7.3,21.15,-40.75
####,7/17/2026 13:24,7.32,21.08,-41.97
####,7/17/2026 13:39,7.35,20.94,-43.77
####,7/17/2026 13:54,7.37,20.79,-45.1
####,7/17/2026 14:09,7.42,20.63,-47.49
####,7/17/2026 14:24,7.44,20.53,-48.66
####,7/17/2026 14:39,7.44,20.53,-48.88
####,7/17/2026 14:54,7.48,20.36,-50.81
####,7/17/2026 15:09,7.5,20.27,-52.3
####,7/17/2026 15:24,7.47,20.27,-50.36
####,7/17/2026 15:39,7.4,20.39,-46.78
####,7/17/2026 15:54,7.42,20.65,-47.64
####,7/17/2026 16:09,7.42,21.1,-47.77
####,7/17/2026 16:24,7.39,21.25,-45.88
####,7/17/2026 16:39,7.34,21.53,-43.2
####,7/17/2026 16:54,7.29,21.84,-40.67
####,7/17/2026 17:09,7.26,22.03,-39.05
####,7/17/2026 17:24,7.23,22.13,-37.24
####,7/17/2026 17:39,7.21,22.25,-36.02
####,7/17/2026 17:54,7.18,22.37,-34.42
####,7/17/2026 18:09,7.15,22.54,-32.49
####,7/17/2026 18:24,7.12,22.68,-30.74
####,7/17/2026 18:39,7.08,22.82,-28.92
####,7/17/2026 18:54,7.05,22.97,-26.99
####,7/17/2026 19:09,7.02,23.09,-25.06
####,7/17/2026 19:24,6.98,23.23,-23.16
####,7/17/2026 19:39,6.96,23.35,-21.69
####,7/17/2026 19:54,6.94,23.45,-20.84
####,7/17/2026 20:09,6.92,23.57,-19.89
####,7/17/2026 20:24,6.91,23.62,-19.25
####,7/17/2026 20:39,6.9,23.62,-18.53
####,7/17/2026 20:54,6.9,23.62,-18.61
####,7/17/2026 21:09,6.89,23.57,-18.23
####,7/17/2026 21:24,6.89,23.52,-17.97
####,7/17/2026 21:39,6.87,23.33,-16.94
####,7/17/2026 21:54,6.86,23.35,-16.58
####,7/17/2026 22:09,6.87,23.57,-16.83
####,7/17/2026 22:24,6.88,23.5,-17.42
####,7/17/2026 22:39,6.89,23.45,-18.22
####,7/17/2026 22:54,6.91,23.35,-19.34
####,7/17/2026 23:09,6.95,23.21,-21.19
####,7/17/2026 23:24,6.98,23.06,-23.16
####,7/17/2026 23:39,7.04,22.75,-26.36
####,7/17/2026 23:54,7.1,22.51,-29.59
####,7/18/2026 0:09,7.19,22.06,-34.89
####,7/18/2026 0:24,7.24,21.77,-37.89
####,7/18/2026 0:39,7.29,21.63,-40.7
####,7/18/2026 0:54,7.33,21.51,-42.41
####,7/18/2026 1:09,7.38,21.32,-45.36
####,7/18/2026 1:24,7.43,21.13,-48.08
####,7/18/2026 1:39,7.47,20.94,-50.25
####,7/18/2026 1:54,7.5,20.77,-51.95
####,7/18/2026 2:09,7.51,20.63,-52.89
####,7/18/2026 2:24,7.55,20.41,-54.89
####,7/18/2026 2:39,7.6,20.15,-57.78
####,7/18/2026 2:54,7.63,19.96,-59.53
####,7/18/2026 3:09,7.65,19.82,-60.49
####,7/18/2026 3:24,7.67,19.6,-61.75
####,7/18/2026 3:39,7.68,19.46,-62.25
####,7/18/2026 3:54,7.67,19.39,-61.31
####,7/18/2026 4:09,7.63,19.44,-59.16
####,7/18/2026 4:24,7.62,19.72,-58.97
####,7/18/2026 4:39,7.6,19.86,-57.86
####,7/18/2026 4:54,7.54,20.13,-54.27
####,7/18/2026 5:09,7.44,20.39,-48.77
####,7/18/2026 5:24,7.38,20.58,-45.28
####,7/18/2026 5:39,7.32,20.72,-41.91
####,7/18/2026 5:54,7.27,20.84,-39.02
####,7/18/2026 6:09,7.21,20.96,-35.8
####,7/18/2026 6:24,7.16,21.03,-33.25
####,7/18/2026 6:39,7.11,21.13,-30.39
####,7/18/2026 6:54,7.06,21.2,-27.74
####,7/18/2026 7:09,7.02,21.27,-25.39
####,7/18/2026 7:24,6.98,21.32,-23.13
####,7/18/2026 7:39,6.95,21.39,-21.31
####,7/18/2026 7:54,6.92,21.44,-19.59
####,7/18/2026 8:09,6.89,21.51,-18.11
####,7/18/2026 8:24,6.87,21.53,-17
####,7/18/2026 8:39,6.85,21.58,-16.03
####,7/18/2026 8:54,6.84,21.63,-15.45
####,7/18/2026 9:09,6.84,21.68,-15.02
####,7/18/2026 9:24,6.84,21.77,-15.03
####,7/18/2026 9:39,6.83,21.82,-14.91
####,7/18/2026 9:54,6.84,21.99,-15.08
####,7/18/2026 10:09,6.84,22.03,-15.27
####,7/18/2026 10:24,6.85,22.23,-15.77
####,7/18/2026 10:39,6.85,22.35,-15.98
####,7/18/2026 10:54,6.87,22.47,-17.03
####,7/18/2026 11:09,6.86,22.32,-16.27
####,7/18/2026 11:24,6.86,22.23,-16.31
####,7/18/2026 11:39,6.87,22.23,-17.05
####,7/18/2026 11:54,6.9,22.25,-18.61
####,7/18/2026 12:09,6.92,22.11,-19.78
####,7/18/2026 12:24,6.97,21.99,-22.77
####,7/18/2026 12:39,7.02,21.87,-25.38
####,7/18/2026 12:54,7.11,21.8,-30.25
####,7/18/2026 13:09,7.2,21.72,-35.61
####,7/18/2026 13:24,7.25,21.56,-38.13
####,7/18/2026 13:39,7.27,21.32,-39.44
####,7/18/2026 13:54,7.3,21.08,-40.86
####,7/18/2026 14:09,7.34,20.86,-43.45
####,7/18/2026 14:24,7.38,20.67,-45.24
####,7/18/2026 14:39,7.4,20.51,-46.35
####,7/18/2026 14:54,7.43,20.39,-48.05
####,7/18/2026 15:09,7.45,20.32,-49.06
####,7/18/2026 15:24,7.48,20.15,-51.1
####,7/18/2026 15:39,7.52,19.89,-53.1
####,7/18/2026 15:54,7.55,19.75,-54.66
####,7/18/2026 16:09,7.56,19.65,-55.11
####,7/18/2026 16:24,7.51,19.65,-52.81
####,7/18/2026 16:39,7.47,19.67,-50.45
####,7/18/2026 16:54,7.49,19.86,-51.38
####,7/18/2026 17:09,7.45,20.25,-49.5
####,7/18/2026 17:24,7.39,20.51,-46.22
####,7/18/2026 17:39,7.33,20.82,-42.75
####,7/18/2026 17:54,7.29,21.06,-40.2
####,7/18/2026 18:09,7.26,21.2,-38.52
####,7/18/2026 18:24,7.24,21.27,-37.38
####,7/18/2026 18:39,7.19,21.49,-35.05
####,7/18/2026 18:54,7.16,21.6,-33.06
####,7/18/2026 19:09,7.12,21.72,-31.17
####,7/18/2026 19:24,7.09,21.82,-29.36
####,7/18/2026 19:39,7.05,21.94,-26.83
####,7/18/2026 19:54,7.02,22.01,-25.05
####,7/18/2026 20:09,6.99,22.08,-23.45
####,7/18/2026 20:24,6.96,22.15,-21.99
####,7/18/2026 20:39,6.94,22.23,-20.74
####,7/18/2026 20:54,6.92,22.27,-19.67
####,7/18/2026 21:09,6.9,22.32,-18.84
####,7/18/2026 21:24,6.89,22.37,-18.28
####,7/18/2026 21:39,6.89,22.37,-17.8
####,7/18/2026 21:54,6.89,22.35,-17.94
####,7/18/2026 22:09,6.88,22.35,-17.5
####,7/18/2026 22:24,6.88,22.32,-17.42
####,7/18/2026 22:39,6.88,22.32,-17.27
####,7/18/2026 22:54,6.87,22.35,-16.81
####,7/18/2026 23:09,6.88,22.3,-17.38
####,7/18/2026 23:24,6.89,22.27,-18.09
####,7/18/2026 23:39,6.91,22.18,-19.31
####,7/18/2026 23:54,6.93,22.08,-20.53
####,7/19/2026 0:09,6.98,21.91,-23.02
####,7/19/2026 0:24,7.01,21.8,-24.66
####,7/19/2026 0:39,7.06,21.63,-27.55
####,7/19/2026 0:54,7.11,21.46,-30.39
####,7/19/2026 1:09,7.2,21.22,-35.58
####,7/19/2026 1:24,7.26,21.03,-38.77
####,7/19/2026 1:39,7.3,20.86,-40.84
####,7/19/2026 1:54,7.31,20.79,-41.69
####,7/19/2026 2:09,7.35,20.7,-43.72
####,7/19/2026 2:24,7.4,20.53,-46.45
####,7/19/2026 2:39,7.43,20.36,-48.13
####,7/19/2026 2:54,7.46,20.2,-49.72
####,7/19/2026 3:09,7.47,20.06,-50.66
####,7/19/2026 3:24,7.51,19.86,-52.39
####,7/19/2026 3:39,7.56,19.63,-55.24
####,7/19/2026 3:54,7.59,19.39,-57.11
####,7/19/2026 4:09,7.61,19.25,-58.06
####,7/19/2026 4:24,7.62,19.17,-58.66
####,7/19/2026 4:39,7.62,19.1,-58.72
####,7/19/2026 4:54,7.56,19.13,-55.06
####,7/19/2026 5:09,7.57,19.22,-55.81
####,7/19/2026 5:24,7.55,19.48,-54.74
####,7/19/2026 5:39,7.49,19.77,-51.69
####,7/19/2026 5:54,7.41,20.1,-47.1
####,7/19/2026 6:09,7.34,20.32,-43.13
####,7/19/2026 6:24,7.3,20.44,-41.13
####,7/19/2026 6:39,7.25,20.63,-37.88
####,7/19/2026 6:54,7.21,20.67,-36.06
####,7/19/2026 7:09,7.17,20.79,-33.52
####,7/19/2026 7:24,7.12,20.91,-30.83
####,7/19/2026 7:39,7.09,20.96,-28.97
####,7/19/2026 7:54,7.04,21.08,-26.49
####,7/19/2026 8:09,7,21.2,-24.27
####,7/19/2026 8:24,6.97,21.29,-22.49
####,7/19/2026 8:39,6.94,21.39,-20.88
####,7/19/2026 8:54,6.92,21.49,-19.55
####,7/19/2026 9:09,6.9,21.58,-18.42
####,7/19/2026 9:24,6.88,21.68,-17.36
####,7/19/2026 9:39,6.87,21.75,-16.78
####,7/19/2026 9:54,6.87,21.84,-16.66
####,7/19/2026 10:09,6.89,21.96,-17.83
####,7/19/2026 10:24,6.89,22.11,-17.91
####,7/19/2026 10:39,6.9,22.25,-18.66
####,7/19/2026 10:54,6.91,22.37,-19.38
####,7/19/2026 11:09,6.93,22.51,-20.11
####,7/19/2026 11:24,6.94,22.7,-20.91
####,7/19/2026 11:39,6.92,22.66,-19.66
####,7/19/2026 11:54,6.93,22.68,-20.08
####,7/19/2026 12:09,6.93,22.61,-20.14
####,7/19/2026 12:24,6.94,22.66,-20.99
####,7/19/2026 12:39,6.99,22.66,-23.77
####,7/19/2026 12:54,7.04,22.54,-26.53
####,7/19/2026 13:09,7.1,22.37,-29.66
####,7/19/2026 13:24,7.14,22.15,-31.92
####,7/19/2026 13:39,7.23,21.96,-37.05
####,7/19/2026 13:54,7.32,21.84,-42.35
####,7/19/2026 14:09,7.36,21.75,-44.28
####,7/19/2026 14:24,7.39,21.58,-45.8
####,7/19/2026 14:39,7.42,21.39,-47.61
####,7/19/2026 14:54,7.45,21.2,-49.5
####,7/19/2026 15:09,7.48,21.03,-50.86
####,7/19/2026 15:24,7.5,20.82,-51.97
####,7/19/2026 15:39,7.52,20.65,-53.44
####,7/19/2026 15:54,7.55,20.41,-54.89
####,7/19/2026 16:09,7.58,20.13,-56.3
####,7/19/2026 16:24,7.59,19.96,-56.88
####,7/19/2026 16:39,7.6,19.72,-57.75
####,7/19/2026 16:54,7.61,19.58,-58.11
####,7/19/2026 17:09,7.59,19.53,-57.08
####,7/19/2026 17:24,7.53,19.58,-53.91
####,7/19/2026 17:39,7.55,19.94,-55.03
####,7/19/2026 17:54,7.55,20.58,-55.1
####,7/19/2026 18:09,7.53,20.84,-53.72
####,7/19/2026 18:24,7.48,21.17,-51.31
####,7/19/2026 18:39,7.44,21.56,-48.64
####,7/19/2026 18:54,7.4,21.75,-46.66
####,7/19/2026 19:09,7.37,21.87,-45.19
####,7/19/2026 19:24,7.34,21.99,-43.55
####,7/19/2026 19:39,7.31,22.08,-41.83
####,7/19/2026 19:54,7.28,22.2,-40.09
####,7/19/2026 20:09,7.24,22.35,-37.7
####,7/19/2026 20:24,7.21,22.47,-35.72
####,7/19/2026 20:39,7.16,22.58,-33.45
####,7/19/2026 20:54,7.13,22.7,-31.24
####,7/19/2026 21:09,7.09,22.8,-29.2
####,7/19/2026 21:24,7.06,22.92,-27.31
####,7/19/2026 21:39,7.03,23.02,-25.69
####,7/19/2026 21:54,7,23.11,-24.33
####,7/19/2026 22:09,6.98,23.16,-23.03
####,7/19/2026 22:24,6.96,23.18,-22.13
####,7/19/2026 22:39,6.95,23.16,-21.39
####,7/19/2026 22:54,6.94,23.14,-21.09
####,7/19/2026 23:09,6.93,23.09,-20.53
####,7/19/2026 23:24,6.93,23.02,-20.33
####,7/19/2026 23:39,6.92,22.99,-19.7
####,7/19/2026 23:54,6.91,23.02,-19.36
####,7/20/2026 0:09,6.93,22.94,-19.98
####,7/20/2026 0:24,6.94,22.87,-21.06
####,7/20/2026 0:39,6.96,22.75,-21.86
####,7/20/2026 0:54,6.98,22.58,-23
####,7/20/2026 1:09,7.02,22.35,-25.22
####,7/20/2026 1:24,7.05,22.23,-26.8
####,7/20/2026 1:39,7.11,21.89,-30.13
####,7/20/2026 1:54,7.16,21.65,-32.92
####,7/20/2026 2:09,7.21,21.44,-36.13
####,7/20/2026 2:24,7.31,21.03,-41.39
####,7/20/2026 2:39,7.34,20.82,-43.22
####,7/20/2026 2:54,7.38,20.63,-45.19
####,7/20/2026 3:09,7.4,20.51,-46.31
####,7/20/2026 3:24,7.42,20.41,-47.44
####,7/20/2026 3:39,7.46,20.25,-49.66
####,7/20/2026 3:54,7.5,19.94,-51.85
####,7/20/2026 4:09,7.51,19.7,-52.85
####,7/20/2026 4:24,7.54,19.51,-54
####,7/20/2026 4:39,7.55,19.39,-54.55
####,7/20/2026 4:54,7.55,19.27,-54.64
####,7/20/2026 5:09,7.54,19.22,-54.2
####,7/20/2026 5:24,7.45,19.22,-49.38
####,7/20/2026 5:39,7.45,19.39,-49.49
####,7/20/2026 5:54,7.44,19.7,-48.44
####,7/20/2026 6:09,7.43,19.79,-47.99
####,7/20/2026 6:24,7.4,19.96,-46.69
####,7/20/2026 6:39,7.37,20.1,-44.64
####,7/20/2026 6:54,7.34,20.2,-43.25
####,7/20/2026 7:09,7.3,20.34,-41.2
####,7/20/2026 7:24,7.29,20.41,-40.11
####,7/20/2026 7:39,7.26,20.46,-38.78
####,7/20/2026 7:54,7.22,20.63,-36.7
####,7/20/2026 8:09,7.19,20.79,-34.74
####,7/20/2026 8:24,7.15,20.96,-32.84
####,7/20/2026 8:39,7.12,21.13,-30.77
####,7/20/2026 8:54,7.08,21.32,-28.7
####,7/20/2026 9:09,7.05,21.49,-26.83
####,7/20/2026 9:24,7.02,21.65,-25.28
####,7/20/2026 9:39,6.99,21.82,-23.7
####,7/20/2026 9:54,6.97,21.99,-22.49
####,7/20/2026 10:09,6.95,22.13,-21.38
####,7/20/2026 10:24,6.94,22.3,-20.74
####,7/20/2026 10:39,6.94,22.44,-20.88
####,7/20/2026 10:54,6.94,22.61,-21.03
####,7/20/2026 11:09,6.95,22.78,-21.2
####,7/20/2026 11:24,6.94,22.92,-20.99
####,7/20/2026 11:39,6.96,23.16,-21.75
####,7/20/2026 11:54,6.96,23.38,-22.22
####,7/20/2026 12:09,6.94,23.26,-20.69
####,7/20/2026 12:24,6.95,23.28,-21.64
####,7/20/2026 12:39,6.96,23.16,-22.09
####,7/20/2026 12:54,6.99,23.23,-23.36
####,7/20/2026 13:09,7.02,23.28,-25.09
####,7/20/2026 13:24,7.07,23.23,-27.92
####,7/20/2026 13:39,7.1,22.99,-29.92
####,7/20/2026 13:54,7.18,22.92,-34.09
####,7/20/2026 14:09,7.24,22.78,-37.56
####,7/20/2026 14:24,7.3,22.58,-40.83
####,7/20/2026 14:39,7.4,22.42,-46.44
####,7/20/2026 14:54,7.45,22.2,-49.3
####,7/20/2026 15:09,7.49,21.91,-51.56
####,7/20/2026 15:24,7.51,21.7,-52.8
####,7/20/2026 15:39,7.53,21.39,-54.13
####,7/20/2026 15:54,7.57,21.13,-55.92
####,7/20/2026 16:09,7.59,20.82,-57.38
####,7/20/2026 16:24,7.61,20.58,-58.49
####,7/20/2026 16:39,7.63,20.44,-59.08
####,7/20/2026 16:54,7.63,20.27,-59.5
####,7/20/2026 17:09,7.64,20.13,-59.8
####,7/20/2026 17:24,7.65,19.91,-60.55
####,7/20/2026 17:39,7.65,19.72,-60.64
####,7/20/2026 17:54,7.61,19.65,-58.31
####,7/20/2026 18:09,7.57,19.75,-55.74
####,7/20/2026 18:24,7.56,20.39,-55.7
####,7/20/2026 18:39,7.6,20.86,-57.47
####,7/20/2026 18:54,7.56,21.2,-55.6
####,7/20/2026 19:09,7.54,21.37,-54.47
####,7/20/2026 19:24,7.5,21.63,-52.05
####,7/20/2026 19:39,7.44,22.01,-48.95
####,7/20/2026 19:54,7.43,22.11,-48.1
####,7/20/2026 20:09,7.39,22.27,-46.08
####,7/20/2026 20:24,7.36,22.44,-44.27
####,7/20/2026 20:39,7.31,22.63,-41.64
####,7/20/2026 20:54,7.27,22.8,-39.3
####,7/20/2026 21:09,7.23,22.94,-36.86
####,7/20/2026 21:24,7.19,23.04,-34.61
####,7/20/2026 21:39,7.14,23.18,-32.05
####,7/20/2026 21:54,7.1,23.28,-29.77
####,7/20/2026 22:09,7.06,23.4,-27.56
####,7/20/2026 22:24,7.03,23.5,-25.77
####,7/20/2026 22:39,7,23.59,-24.16
####,7/20/2026 22:54,6.98,23.64,-22.84
####,7/20/2026 23:09,6.96,23.64,-21.86
####,7/20/2026 23:24,6.94,23.66,-20.61
####,7/20/2026 23:39,6.94,23.59,-20.64
####,7/20/2026 23:54,6.93,23.54,-20.38
####,7/21/2026 0:09,6.93,23.45,-20.11
####,7/21/2026 0:24,6.91,23.3,-18.97
####,7/21/2026 0:39,6.91,23.5,-19
####,7/21/2026 0:54,6.91,23.4,-19.23
####,7/21/2026 1:09,6.93,23.33,-20.19
####,7/21/2026 1:24,6.94,23.23,-21
####,7/21/2026 1:39,6.96,22.99,-21.74
####,7/21/2026 1:54,6.98,22.87,-22.95
####,7/21/2026 2:09,7.02,22.56,-25.58
####,7/21/2026 2:24,7.06,22.44,-27.58
####,7/21/2026 2:39,7.12,22.15,-30.91
####,7/21/2026 2:54,7.17,21.94,-33.59
####,7/21/2026 3:09,7.23,21.7,-37
####,7/21/2026 3:24,7.33,21.29,-42.5
####,7/21/2026 3:39,7.37,21.06,-44.99
####,7/21/2026 3:54,7.4,20.84,-46.56
####,7/21/2026 4:09,7.43,20.67,-48.17
####,7/21/2026 4:24,7.45,20.6,-49.2
####,7/21/2026 4:39,7.47,20.48,-50.33
####,7/21/2026 4:54,7.49,20.36,-51.66
####,7/21/2026 5:09,7.51,20.2,-52.6
####,7/21/2026 5:24,7.52,20.06,-53.25
####,7/21/2026 5:39,7.53,19.94,-53.63
####,7/21/2026 5:54,7.52,19.89,-53.24
####,7/21/2026 6:09,7.42,19.89,-47.64
####,7/21/2026 6:24,7.4,19.94,-46.67
####,7/21/2026 6:39,7.43,20.06,-48.22
####,7/21/2026 6:54,7.42,20.27,-47.5
####,7/21/2026 7:09,7.4,20.36,-46.49
####,7/21/2026 7:24,7.37,20.46,-44.95
####,7/21/2026 7:39,7.35,20.56,-43.75
####,7/21/2026 7:54,7.32,20.67,-42.31
####,7/21/2026 8:09,7.29,20.79,-40.47
####,7/21/2026 8:24,7.27,20.94,-39.02
####,7/21/2026 8:39,7.23,21.1,-37.09
####,7/21/2026 8:54,7.2,21.29,-35.14
####,7/21/2026 9:09,7.16,21.46,-33.25
####,7/21/2026 9:24,7.13,21.65,-31.2
####,7/21/2026 9:39,7.09,21.84,-29.3
####,7/21/2026 9:54,7.05,22.01,-27.2
####,7/21/2026 10:09,7.03,22.15,-25.66
####,7/21/2026 10:24,7,22.32,-24.27
####,7/21/2026 10:39,6.98,22.47,-22.97
####,7/21/2026 10:54,6.96,22.63,-21.99
####,7/21/2026 11:09,6.95,22.75,-21.16
####,7/21/2026 11:24,6.94,22.9,-20.67
####,7/21/2026 11:39,6.94,22.99,-20.7
####,7/21/2026 11:54,6.94,23.09,-20.86
####,7/21/2026 12:09,6.95,23.18,-21.27
####,7/21/2026 12:24,6.95,23.26,-21.11
####,7/21/2026 12:39,6.93,23.28,-20.44
####,7/21/2026 12:54,6.95,23.26,-21.58
####,7/21/2026 13:09,6.98,23.21,-23.19
####,7/21/2026 13:24,7,23.09,-24.06
####,7/21/2026 13:39,7.04,23.06,-26.38
####,7/21/2026 13:54,7.08,22.99,-28.53
####,7/21/2026 14:09,7.13,22.87,-31.3
####,7/21/2026 14:24,7.17,22.68,-33.86
####,7/21/2026 14:39,7.21,22.54,-36.24
####,7/21/2026 14:54,7.29,22.35,-40.39
####,7/21/2026 15:09,7.35,22.18,-44.05
####,7/21/2026 15:24,7.42,22.01,-47.91
####,7/21/2026 15:39,7.51,21.75,-52.75
####,7/21/2026 15:54,7.57,21.46,-56.33
####,7/21/2026 16:09,7.6,21.32,-57.56
####,7/21/2026 16:24,7.59,21.25,-57.25
####,7/21/2026 16:39,7.59,21.03,-57.44
####,7/21/2026 16:54,7.61,20.82,-58.36
####,7/21/2026 17:09,7.63,20.58,-59.44
####,7/21/2026 17:24,7.65,20.34,-60.38
####,7/21/2026 17:39,7.66,20.2,-60.74
####,7/21/2026 17:54,7.66,20.03,-60.72
####,7/21/2026 18:09,7.66,19.86,-60.95
####,7/21/2026 18:24,7.66,19.72,-61.13
####,7/21/2026 18:39,7.61,19.6,-58.22
####,7/21/2026 18:54,7.56,19.6,-55.52
####,7/21/2026 19:09,7.58,19.72,-56.33
####,7/21/2026 19:24,7.58,20.08,-56.55
####,7/21/2026 19:39,7.61,20.29,-58.02
####,7/21/2026 19:54,7.57,20.72,-56.2
####,7/21/2026 20:09,7.53,21.06,-53.95
####,7/21/2026 20:24,7.5,21.2,-51.95
####,7/21/2026 20:39,7.47,21.37,-50.33
####,7/21/2026 20:54,7.45,21.46,-49.53
####,7/21/2026 21:09,7.43,21.56,-48.28
####,7/21/2026 21:24,7.38,21.72,-45.49
####,7/21/2026 21:39,7.35,21.77,-43.8
####,7/21/2026 21:54,7.28,22.01,-39.74
####,7/21/2026 22:09,7.23,22.15,-36.88
####,7/21/2026 22:24,7.18,22.25,-34.58
####,7/21/2026 22:39,7.14,22.39,-31.97
####,7/21/2026 22:54,7.1,22.51,-29.58
####,7/21/2026 23:09,7.06,22.58,-27.81
####,7/21/2026 23:24,7.03,22.7,-25.94
####,7/21/2026 23:39,7,22.78,-24.34
####,7/21/2026 23:54,6.98,22.82,-23.08
####,7/22/2026 0:09,6.96,22.87,-21.89
####,7/22/2026 0:24,6.94,22.9,-20.75
####,7/22/2026 0:39,6.91,22.9,-19.23
####,7/22/2026 0:54,6.91,22.9,-19.27
####,7/22/2026 1:09,6.91,22.9,-19.23
####,7/22/2026 1:24,6.91,22.85,-18.91
####,7/22/2026 1:39,6.91,22.82,-19.38
####,7/22/2026 1:54,6.93,22.75,-20.38
####,7/22/2026 2:09,6.95,22.68,-21.53
####,7/22/2026 2:24,6.97,22.58,-22.63
####,7/22/2026 2:39,6.98,22.39,-23.13
####,7/22/2026 2:54,7.01,22.27,-24.67
####,7/22/2026 3:09,7.07,21.99,-27.88
####,7/22/2026 3:24,7.11,21.87,-30.34
####,7/22/2026 3:39,7.15,21.72,-32.66
####,7/22/2026 3:54,7.21,21.56,-35.86
####,7/22/2026 4:09,7.26,21.39,-38.61
####,7/22/2026 4:24,7.31,21.22,-41.56
####,7/22/2026 4:39,7.4,20.94,-46.47
####,7/22/2026 4:54,7.45,20.67,-49.56
####,7/22/2026 5:09,7.46,20.58,-50.1
####,7/22/2026 5:24,7.47,20.53,-50.25
####,7/22/2026 5:39,7.48,20.44,-51.08
####,7/22/2026 5:54,7.49,20.34,-51.5
####,7/22/2026 6:09,7.5,20.27,-52.03
####,7/22/2026 6:24,7.51,20.17,-52.83
####,7/22/2026 6:39,7.51,20.1,-52.77
####,7/22/2026 6:54,7.42,20.1,-47.6
####,7/22/2026 7:09,7.4,20.13,-46.42
####,7/22/2026 7:24,7.43,20.27,-47.95
####,7/22/2026 7:39,7.4,20.46,-46.25
####,7/22/2026 7:54,7.39,20.56,-46.05
####,7/22/2026 8:09,7.38,20.67,-45.41
####,7/22/2026 8:24,7.36,20.77,-44.38
####,7/22/2026 8:39,7.35,20.86,-43.6
####,7/22/2026 8:54,7.33,20.98,-42.61
####,7/22/2026 9:09,7.31,21.15,-41.33
####,7/22/2026 9:24,7.25,21.34,-38.27
####,7/22/2026 9:39,7.2,21.53,-35.3
####,7/22/2026 9:54,7.18,21.7,-34.22
####,7/22/2026 10:09,7.13,21.87,-31.75
####,7/22/2026 10:24,7.09,22.03,-29.41
####,7/22/2026 10:39,7.06,22.23,-27.77
####,7/22/2026 10:54,7.04,22.37,-26.17
####,7/22/2026 11:09,7.01,22.56,-24.77
####,7/22/2026 11:24,6.98,22.73,-23.34
####,7/22/2026 11:39,6.97,22.94,-22.58
####,7/22/2026 11:54,6.95,23.14,-21.55
####,7/22/2026 12:09,6.94,23.35,-20.95
####,7/22/2026 12:24,6.94,23.54,-20.66
####,7/22/2026 12:39,6.95,23.83,-21.34
####,7/22/2026 12:54,6.95,24.03,-21.2
####,7/22/2026 13:09,6.95,24.17,-21.39
####,7/22/2026 13:24,6.95,24.19,-21.56
####,7/22/2026 13:39,6.96,24.24,-21.8
####,7/22/2026 13:54,6.98,24.27,-23.16
####,7/22/2026 14:09,7.01,24.17,-24.55
####,7/22/2026 14:24,7.04,24.22,-26.31
####,7/22/2026 14:39,7.07,24.32,-28.38
####,7/22/2026 14:54,7.11,24.22,-30.56
####,7/22/2026 15:09,7.18,24.22,-34.11
####,7/22/2026 15:24,7.22,24.07,-36.36
####,7/22/2026 15:39,7.27,23.98,-39.2
####,7/22/2026 15:54,7.33,23.86,-42.94
####,7/22/2026 16:09,7.39,23.66,-46.05
####,7/22/2026 16:24,7.44,23.35,-49.1
####,7/22/2026 16:39,7.56,22.82,-55.63
####,7/22/2026 16:54,7.61,22.37,-58.6
####,7/22/2026 17:09,7.61,22.23,-58.67
####,7/22/2026 17:24,7.63,21.99,-59.3
####,7/22/2026 17:39,7.64,21.72,-59.91
####,7/22/2026 17:54,7.65,21.49,-60.56
####,7/22/2026 18:09,7.67,21.15,-61.49
####,7/22/2026 18:24,7.67,20.96,-61.72
####,7/22/2026 18:39,7.67,20.82,-61.75
####,7/22/2026 18:54,7.66,20.75,-61.27
####,7/22/2026 19:09,7.67,20.65,-61.36
####,7/22/2026 19:24,7.59,20.63,-57.39
####,7/22/2026 19:39,7.49,20.63,-51.83
####,7/22/2026 19:54,7.48,20.67,-50.83
####,7/22/2026 20:09,7.48,20.91,-51.25
####,7/22/2026 20:24,7.57,21.77,-56.11
####,7/22/2026 20:39,7.56,22.11,-55.75
####,7/22/2026 20:54,7.53,22.18,-54.02
####,7/22/2026 21:09,7.51,22.32,-52.85
####,7/22/2026 21:24,7.49,22.39,-51.94
####,7/22/2026 21:39,7.46,22.54,-50.16
####,7/22/2026 21:54,7.4,22.78,-46.58
####,7/22/2026 22:09,7.32,23.18,-42.08
####,7/22/2026 22:24,7.25,23.45,-38.28
####,7/22/2026 22:39,7.2,23.62,-35.41
####,7/22/2026 22:54,7.16,23.71,-33.19
####,7/22/2026 23:09,7.11,23.83,-30.58
####,7/22/2026 23:24,7.07,23.93,-28.16
####,7/22/2026 23:39,7.04,24,-26.17
####,7/22/2026 23:54,7,24.07,-24.14
####,7/23/2026 0:09,6.97,24.12,-22.58
####,7/23/2026 0:24,6.95,24.17,-21.17
####,7/23/2026 0:39,6.93,24.19,-20.09
####,7/23/2026 0:54,6.91,24.17,-19
####,7/23/2026 1:09,6.9,24.12,-18.33
####,7/23/2026 1:24,6.88,24.07,-17.64
####,7/23/2026 1:39,6.89,24.03,-18.02
####,7/23/2026 1:54,6.89,23.91,-17.77
####,7/23/2026 2:09,6.88,23.88,-17.23
####,7/23/2026 2:24,6.87,23.81,-17.09
####,7/23/2026 2:39,6.86,23.93,-16.27
####,7/23/2026 2:54,6.87,23.83,-16.73
####,7/23/2026 3:09,6.88,23.81,-17.41
####,7/23/2026 3:24,6.89,23.74,-18.03
####,7/23/2026 3:39,6.9,23.54,-18.61
####,7/23/2026 3:54,6.92,23.45,-19.64
####,7/23/2026 4:09,6.96,23.14,-21.84
####,7/23/2026 4:24,6.99,23.02,-23.91
####,7/23/2026 4:39,7.04,22.78,-26.28
####,7/23/2026 4:54,7.09,22.54,-29.44
####,7/23/2026 5:09,7.14,22.32,-32.27
####,7/23/2026 5:24,7.2,22.01,-35.63
####,7/23/2026 5:39,7.29,21.68,-40.59
####,7/23/2026 5:54,7.36,21.39,-44.6
####,7/23/2026 6:09,7.41,21.17,-46.88
####,7/23/2026 6:24,7.42,21.03,-47.83
####,7/23/2026 6:39,7.44,20.94,-48.63
####,7/23/2026 6:54,7.44,20.86,-49.03
####,7/23/2026 7:09,7.46,20.82,-50
####,7/23/2026 7:24,7.47,20.77,-50.53
####,7/23/2026 7:39,7.46,20.75,-50.16
####,7/23/2026 7:54,7.42,20.77,-47.53
####,7/23/2026 8:09,7.36,20.79,-44.06
####,7/23/2026 8:24,7.39,20.86,-45.97
####,7/23/2026 8:39,7.4,20.94,-46.7
####,7/23/2026 8:54,7.38,21.06,-45.72
####,7/23/2026 9:09,7.37,21.15,-45.06
####,7/23/2026 9:24,7.35,21.25,-43.72
####,7/23/2026 9:39,7.33,21.41,-42.5
####,7/23/2026 9:54,7.29,21.6,-40.31
####,7/23/2026 10:09,7.25,21.77,-38.34
####,7/23/2026 10:24,7.22,21.96,-36.42
####,7/23/2026 10:39,7.17,22.18,-33.91
####,7/23/2026 10:54,7.12,22.37,-30.89
####,7/23/2026 11:09,7.08,22.58,-28.67
####,7/23/2026 11:24,7.04,22.82,-26.69
####,7/23/2026 11:39,7.01,22.99,-24.86
####,7/23/2026 11:54,6.99,23.21,-23.74
####,7/23/2026 12:09,6.97,23.42,-22.36
####,7/23/2026 12:24,6.95,23.59,-21.34
####,7/23/2026 12:39,6.94,23.79,-20.88
####,7/23/2026 12:54,6.93,23.93,-20.47
####,7/23/2026 13:09,6.92,24.07,-19.92
####,7/23/2026 13:24,6.95,24.27,-21.64
####,7/23/2026 13:39,6.93,24.41,-20.38
####,7/23/2026 13:54,6.99,24.56,-23.69
####,7/23/2026 14:09,7.01,24.7,-24.77
####,7/23/2026 14:24,6.97,24.75,-22.49
####,7/23/2026 14:39,6.98,24.75,-23.11
####,7/23/2026 14:54,7,24.63,-24.08
####,7/23/2026 15:09,7.02,24.65,-25.28
####,7/23/2026 15:24,7.05,24.68,-27.24
####,7/23/2026 15:39,7.09,24.7,-29.3
####,7/23/2026 15:54,7.13,24.6,-31.45
####,7/23/2026 16:09,7.21,24.51,-36.08
####,7/23/2026 16:24,7.25,24.32,-38.11
####,7/23/2026 16:39,7.32,24.17,-42.3
####,7/23/2026 16:54,7.39,23.98,-45.94
####,7/23/2026 17:09,7.46,23.71,-50.17
####,7/23/2026 17:24,7.55,23.47,-55.13
####,7/23/2026 17:39,7.66,22.9,-61.08
####,7/23/2026 17:54,7.71,22.47,-64.08
####,7/23/2026 18:09,7.73,22.2,-65.08
####,7/23/2026 18:24,7.74,22.01,-65.44
####,7/23/2026 18:39,7.75,21.63,-66
####,7/23/2026 18:54,7.75,21.34,-66.31
####,7/23/2026 19:09,7.75,21.03,-66.3
####,7/23/2026 19:24,7.76,20.84,-66.49
####,7/23/2026 19:39,7.75,20.72,-66.21
####,7/23/2026 19:54,7.75,20.72,-65.85
####,7/23/2026 20:09,7.74,20.7,-65.31
####,7/23/2026 20:24,7.7,20.7,-63.08
####,7/23/2026 20:39,7.67,20.77,-61.78
####,7/23/2026 20:54,7.62,20.89,-58.81
####,7/23/2026 21:09,7.62,21.27,-58.92
####,7/23/2026 21:24,7.68,21.6,-62.36
####,7/23/2026 21:39,7.67,21.77,-61.74
####,7/23/2026 21:54,7.65,21.89,-60.45
####,7/23/2026 22:09,7.63,22.01,-59.64
####,7/23/2026 22:24,7.61,22.11,-58.24
####,7/23/2026 22:39,7.55,22.39,-55
####,7/23/2026 22:54,7.47,22.78,-50.44
####,7/23/2026 23:09,7.39,23.09,-46.11
####,7/23/2026 23:24,7.31,23.38,-41.81
####,7/23/2026 23:39,7.24,23.57,-37.95
####,7/23/2026 23:54,7.2,23.69,-35.22
####,7/24/2026 0:09,7.15,23.83,-32.39
####,7/24/2026 0:24,7.1,23.95,-29.94
####,7/24/2026 0:39,7.06,24.05,-27.42
####,7/24/2026 0:54,7.02,24.15,-25.3
####,7/24/2026 1:09,6.99,24.22,-23.74
####,7/24/2026 1:24,6.97,24.27,-22.34
####,7/24/2026 1:39,6.94,24.29,-21.06
####,7/24/2026 1:54,6.93,24.24,-20.2
####,7/24/2026 2:09,6.91,24.22,-19.17
####,7/24/2026 2:24,6.92,24.12,-19.58
####,7/24/2026 2:39,6.91,24.05,-19.22
####,7/24/2026 2:54,6.91,23.95,-19.05
####,7/24/2026 3:09,6.9,23.86,-18.36
####,7/24/2026 3:24,6.89,23.86,-17.86
####,7/24/2026 3:39,6.89,23.91,-17.89
####,7/24/2026 3:54,6.9,23.81,-18.52
####,7/24/2026 4:09,6.91,23.81,-19.33
####,7/24/2026 4:24,6.93,23.71,-20.05
####,7/24/2026 4:39,6.94,23.47,-20.61
####,7/24/2026 4:54,6.96,23.35,-21.91
####,7/24/2026 5:09,7,23.04,-24.14
####,7/24/2026 5:24,7.04,22.9,-26.59
####,7/24/2026 5:39,7.08,22.66,-28.83
####,7/24/2026 5:54,7.14,22.37,-31.83
####,7/24/2026 6:09,7.19,22.15,-34.92
####,7/24/2026 6:24,7.26,21.87,-38.69
####,7/24/2026 6:39,7.35,21.49,-43.81
####,7/24/2026 6:54,7.43,21.25,-48.14
####,7/24/2026 7:09,7.47,21.03,-50.7
####,7/24/2026 7:24,7.51,20.84,-52.53
####,7/24/2026 7:39,7.52,20.7,-53.42
####,7/24/2026 7:54,7.53,20.65,-53.74
####,7/24/2026 8:09,7.55,20.63,-54.63
####,7/24/2026 8:24,7.55,20.63,-55.03
####,7/24/2026 8:39,7.57,20.63,-55.8
####,7/24/2026 8:54,7.47,20.65,-50.38
####,7/24/2026 9:09,7.4,20.72,-46.45
####,7/24/2026 9:24,7.42,20.77,-47.39
####,7/24/2026 9:39,7.45,20.82,-49.31
####,7/24/2026 9:54,7.42,20.94,-47.77
####,7/24/2026 10:09,7.48,20.98,-50.89
####,7/24/2026 10:24,7.44,21.25,-48.89
####,7/24/2026 10:39,7.43,21.49,-48.08
####,7/24/2026 10:54,7.39,21.77,-45.83
####,7/24/2026 11:09,7.32,22.01,-42.36
####,7/24/2026 11:24,7.3,22.3,-41
####,7/24/2026 11:39,7.26,22.51,-38.67
####,7/24/2026 11:54,7.19,22.66,-34.94
####,7/24/2026 12:09,7.16,22.92,-33.14
####,7/24/2026 12:24,7.12,23.14,-30.84
####,7/24/2026 12:39,7.08,23.38,-28.78
####,7/24/2026 12:54,7.06,23.64,-27.39
####,7/24/2026 13:09,7.02,23.86,-25.52
####,7/24/2026 13:24,7,24.07,-24.25
####,7/24/2026 13:39,6.99,24.29,-23.63
####,7/24/2026 13:54,6.98,24.48,-22.94
####,7/24/2026 14:09,6.98,24.68,-23.28
####,7/24/2026 14:24,6.98,24.82,-23.16
####,7/24/2026 14:39,6.98,24.97,-23.24
####,7/24/2026 14:54,7,25.06,-24.19
####,7/24/2026 15:09,6.99,25.09,-23.69
####,7/24/2026 15:24,7,25.11,-24.28
####,7/24/2026 15:39,7.06,25.23,-27.75
####,7/24/2026 15:54,7.08,25.14,-28.97
####,7/24/2026 16:09,7.09,25.06,-29.03
####,7/24/2026 16:24,7.17,25.11,-33.66
####,7/24/2026 16:39,7.21,25.06,-36.24
####,7/24/2026 16:54,7.27,24.99,-39.58
####,7/24/2026 17:09,7.34,24.9,-43.3
####,7/24/2026 17:24,7.39,24.65,-46.14
####,7/24/2026 17:39,7.47,24.46,-51.03
####,7/24/2026 17:54,7.56,24.24,-56.05
####,7/24/2026 18:09,7.63,23.95,-59.81
####,7/24/2026 18:24,7.69,23.66,-63.31
####,7/24/2026 18:39,7.74,23.4,-65.92
####,7/24/2026 18:54,7.78,22.99,-67.96
####,7/24/2026 19:09,7.79,22.82,-68.46
####,7/24/2026 19:24,7.79,22.7,-68.47
####,7/24/2026 19:39,7.78,22.54,-68.27
####,7/24/2026 19:54,7.78,22.27,-68.06
####,7/24/2026 20:09,7.78,22.01,-68
####,7/24/2026 20:24,7.78,21.8,-67.81
####,7/24/2026 20:39,7.78,21.6,-67.67
####,7/24/2026 20:54,7.77,21.56,-67.06
####,7/24/2026 21:09,7.7,21.53,-63.13
####,7/24/2026 21:24,7.7,21.56,-63.25
####,7/24/2026 21:39,7.71,21.75,-63.75
####,7/24/2026 21:54,7.63,22.06,-59.28
####,7/24/2026 22:09,7.72,22.25,-64.74
####,7/24/2026 22:24,7.71,22.44,-63.99
####,7/24/2026 22:39,7.71,22.47,-63.96
####,7/24/2026 22:54,7.69,22.61,-63
####,7/24/2026 23:09,7.66,22.73,-61.3
####,7/24/2026 23:24,7.62,22.92,-59.03
####,7/24/2026 23:39,7.57,23.11,-56.17
####,7/24/2026 23:54,7.51,23.35,-52.88
####,7/25/2026 0:09,7.43,23.59,-48.66
####,7/25/2026 0:24,7.37,23.76,-45.03
####,7/25/2026 0:39,7.31,23.91,-41.6
####,7/25/2026 0:54,7.25,24.03,-38.2
####,7/25/2026 1:09,7.19,24.15,-34.91
####,7/25/2026 1:24,7.14,24.24,-32.05
####,7/25/2026 1:39,7.08,24.34,-28.89
####,7/25/2026 1:54,7.04,24.41,-26.47
####,7/25/2026 2:09,7.01,24.46,-24.59
####,7/25/2026 2:24,6.98,24.48,-23.16
####,7/25/2026 2:39,6.96,24.48,-21.69
####,7/25/2026 2:54,6.93,24.46,-20.36
####,7/25/2026 3:09,6.93,24.41,-20.49
####,7/25/2026 3:24,6.92,24.36,-19.73
####,7/25/2026 3:39,6.91,24.27,-19.36
####,7/25/2026 3:54,6.91,24.19,-19.16
####,7/25/2026 4:09,6.9,24.17,-18.69
####,7/25/2026 4:24,6.9,24.12,-18.64
####,7/25/2026 4:39,6.91,24.07,-19.08
####,7/25/2026 4:54,6.93,24.03,-19.97
####,7/25/2026 5:09,6.94,23.98,-20.69
####,7/25/2026 5:24,6.95,23.74,-21.31
####,7/25/2026 5:39,6.97,23.62,-22.38
####,7/25/2026 5:54,7.01,23.42,-24.52
####,7/25/2026 6:09,7.06,23.16,-27.83
####,7/25/2026 6:24,7.11,23.06,-30.19
####,7/25/2026 6:39,7.16,22.85,-33.17
####,7/25/2026 6:54,7.23,22.63,-36.92
####,7/25/2026 7:09,7.29,22.47,-40.3
####,7/25/2026 7:24,7.36,22.23,-44.53
####,7/25/2026 7:39,7.45,21.94,-49.55
####,7/25/2026 7:54,7.5,21.77,-52.47
####,7/25/2026 8:09,7.55,21.6,-55
####,7/25/2026 8:24,7.57,21.46,-56.31
####,7/25/2026 8:39,7.58,21.41,-56.88
####,7/25/2026 8:54,7.59,21.39,-57.35
####,7/25/2026 9:09,7.6,21.39,-57.88
####,7/25/2026 9:24,7.6,21.41,-57.99
####,7/25/2026 9:39,7.59,21.41,-57.27
####,7/25/2026 9:54,7.49,21.46,-51.72
####,7/25/2026 10:09,7.52,21.49,-53.49
####,7/25/2026 10:24,7.54,21.6,-54.66
####,7/25/2026 10:39,7.54,21.77,-54.66
####,7/25/2026 10:54,7.53,21.89,-53.77
####,7/25/2026 11:09,7.53,22.01,-54.17
####,7/25/2026 11:24,7.52,22.11,-53.56
####,7/25/2026 11:39,7.49,22.47,-51.92
####,7/25/2026 11:54,7.45,22.63,-49.35
####,7/25/2026 12:09,7.39,22.78,-46.36
####,7/25/2026 12:24,7.36,22.99,-44.74
####,7/25/2026 12:39,7.31,23.16,-41.63
####,7/25/2026 12:54,7.26,23.35,-38.78
####,7/25/2026 13:09,7.2,23.57,-35.2
####,7/25/2026 13:24,7.17,23.76,-33.52
####,7/25/2026 13:39,7.13,23.98,-31.67
####,7/25/2026 13:54,7.1,24.24,-30.09
####,7/25/2026 14:09,7.07,24.41,-27.92
####,7/25/2026 14:24,7.04,24.6,-26.56
####,7/25/2026 14:39,7.03,24.77,-25.81
####,7/25/2026 14:54,7.02,24.92,-25.2
####,7/25/2026 15:09,7.01,25.06,-24.58
####,7/25/2026 15:24,7,25.16,-24.17
####,7/25/2026 15:39,6.99,25.26,-23.53
####,7/25/2026 15:54,7.01,25.28,-24.77
####,7/25/2026 16:09,7.04,25.33,-26.5
####,7/25/2026 16:24,7.07,25.38,-28.41
####,7/25/2026 16:39,7.11,25.33,-30.36
####,7/25/2026 16:54,7.14,25.21,-32.31
####,7/25/2026 17:09,7.16,25.19,-33.03
####,7/25/2026 17:24,7.23,25.14,-37.22
####,7/25/2026 17:39,7.29,25.11,-40.52
####,7/25/2026 17:54,7.41,25.04,-47.47
####,7/25/2026 18:09,7.46,24.85,-50.27
####,7/25/2026 18:24,7.49,24.65,-52.19
####,7/25/2026 18:39,7.56,24.48,-56.05
####,7/25/2026 18:54,7.64,24.32,-60.24
####,7/25/2026 19:09,7.68,24.05,-62.61
####,7/25/2026 19:24,7.73,23.79,-65.42
####,7/25/2026 19:39,7.76,23.38,-67.22
####,7/25/2026 19:54,7.78,23.11,-67.88
####,7/25/2026 20:09,7.78,23.02,-68.28
####,7/25/2026 20:24,7.78,22.87,-67.89
####,7/25/2026 20:39,7.76,22.68,-67.06
####,7/25/2026 20:54,7.75,22.39,-66.39
####,7/25/2026 21:09,7.74,22.23,-65.99
####,7/25/2026 21:24,7.75,22.11,-66.16
####,7/25/2026 21:39,7.76,21.96,-66.58
####,7/25/2026 21:54,7.75,21.91,-66.28
####,7/25/2026 22:09,7.63,21.91,-59.56
####,7/25/2026 22:24,7.64,21.89,-60.1
####,7/25/2026 22:39,7.71,22.23,-63.78
####,7/25/2026 22:54,7.71,22.49,-64.17
####,7/25/2026 23:09,7.71,22.61,-63.96
####,7/25/2026 23:24,7.7,22.68,-63.38
####,7/25/2026 23:39,7.69,22.75,-62.91
####,7/25/2026 23:54,7.67,22.85,-61.61
####,7/26/2026 0:09,7.63,22.99,-59.83
####,7/26/2026 0:24,7.6,23.11,-57.7
####,7/26/2026 0:39,7.54,23.23,-54.83
####,7/26/2026 0:54,7.48,23.45,-51.1
####,7/26/2026 1:09,7.42,23.62,-47.86
####,7/26/2026 1:24,7.36,23.76,-44.5
####,7/26/2026 1:39,7.3,23.83,-41.11
####,7/26/2026 1:54,7.24,23.95,-37.99
####,7/26/2026 2:09,7.19,24,-34.74
####,7/26/2026 2:24,7.13,24.05,-31.5
####,7/26/2026 2:39,7.07,24.1,-28.42
####,7/26/2026 2:54,7.02,24.15,-25.56
####,7/26/2026 3:09,6.99,24.17,-23.56
####,7/26/2026 3:24,6.96,24.17,-22.05
####,7/26/2026 3:39,6.94,24.15,-20.58
####,7/26/2026 3:54,6.92,24.1,-19.7
####,7/26/2026 4:09,6.91,24.05,-19.2
####,7/26/2026 4:24,6.9,23.95,-18.28
####,7/26/2026 4:39,6.9,23.81,-18.78
####,7/26/2026 4:54,6.89,23.71,-18.16
####,7/26/2026 5:09,6.89,23.74,-18.17
####,7/26/2026 5:24,6.9,23.66,-18.3
####,7/26/2026 5:39,6.9,23.59,-18.8
####,7/26/2026 5:54,6.92,23.57,-19.86
####,7/26/2026 6:09,6.93,23.5,-20.39
####,7/26/2026 6:24,6.95,23.11,-21.59
####,7/26/2026 6:39,7,23.02,-24
####,7/26/2026 6:54,7.06,22.7,-27.41
####,7/26/2026 7:09,7.12,22.68,-30.92
####,7/26/2026 7:24,7.18,22.51,-34.14
####,7/26/2026 7:39,7.24,22.37,-37.77
####,7/26/2026 7:54,7.31,22.27,-41.44
####,7/26/2026 8:09,7.38,22.13,-45.77
####,7/26/2026 8:24,7.48,21.91,-51
####,7/26/2026 8:39,7.53,21.8,-53.86
####,7/26/2026 8:54,7.57,21.65,-56.16
####,7/26/2026 9:09,7.59,21.51,-57.17
####,7/26/2026 9:24,7.59,21.49,-57.5
####,7/26/2026 9:39,7.61,21.46,-58.42
####,7/26/2026 9:54,7.62,21.49,-58.8
####,7/26/2026 10:09,7.63,21.49,-59.35
####,7/26/2026 10:24,7.53,21.53,-53.86
####,7/26/2026 10:39,7.51,21.58,-53
####,7/26/2026 10:54,7.57,21.63,-55.94
####,7/26/2026 11:09,7.56,21.72,-55.72
####,7/26/2026 11:24,7.55,21.82,-55.08
####,7/26/2026 11:39,7.57,21.89,-56.31
####,7/26/2026 11:54,7.56,22.08,-55.89
####,7/26/2026 12:09,7.58,22.25,-56.77
####,7/26/2026 12:24,7.55,22.39,-54.97
####,7/26/2026 12:39,7.52,22.58,-53.22
####,7/26/2026 12:54,7.49,22.7,-51.67
####,7/26/2026 13:09,7.46,22.85,-50.31
####,7/26/2026 13:24,7.43,22.99,-48.16
####,7/26/2026 13:39,7.37,23.16,-45.1
####,7/26/2026 13:54,7.33,23.33,-42.95
####,7/26/2026 14:09,7.27,23.42,-39.49
####,7/26/2026 14:24,7.22,23.54,-36.64
####,7/26/2026 14:39,7.21,23.69,-35.91
####,7/26/2026 14:54,7.19,23.88,-34.74
####,7/26/2026 15:09,7.14,24.05,-32.27
####,7/26/2026 15:24,7.09,24.17,-29.56
####,7/26/2026 15:39,7.06,24.29,-27.77
####,7/26/2026 15:54,7.05,24.41,-26.92
####,7/26/2026 16:09,7.03,24.53,-25.72
####,7/26/2026 16:24,7,24.6,-24.47
####,7/26/2026 16:39,7.02,24.65,-25.31
####,7/26/2026 16:54,7.04,24.68,-26.56
####,7/26/2026 17:09,7.07,24.68,-28.16
####,7/26/2026 17:24,7.14,24.75,-31.97
####,7/26/2026 17:39,7.17,24.63,-33.81
####,7/26/2026 17:54,7.2,24.53,-35.69
####,7/26/2026 18:09,7.29,24.51,-40.78
####,7/26/2026 18:24,7.38,24.48,-45.56
####,7/26/2026 18:39,7.47,24.44,-50.6
####,7/26/2026 18:54,7.53,24.39,-54.08
####,7/26/2026 19:09,7.57,24.24,-56.52
####,7/26/2026 19:24,7.62,24.15,-59.05
####,7/26/2026 19:39,7.65,24,-61.13
####,7/26/2026 19:54,7.68,23.76,-62.67
####,7/26/2026 20:09,7.72,23.52,-64.78
####,7/26/2026 20:24,7.75,23.16,-66.55
####,7/26/2026 20:39,7.76,22.99,-67.1
####,7/26/2026 20:54,7.77,22.85,-67.58
####,7/26/2026 21:09,7.77,22.63,-67.74
####,7/26/2026 21:24,7.78,22.37,-67.81
####,7/26/2026 21:39,7.78,22.11,-67.72
####,7/26/2026 21:54,7.77,21.89,-67.55
####,7/26/2026 22:09,7.77,21.7,-67.42
####,7/26/2026 22:24,7.76,21.58,-66.85
####,7/26/2026 22:39,7.76,21.51,-66.74
####,7/26/2026 22:54,7.75,21.49,-66.25
####,7/26/2026 23:09,7.65,21.49,-60.6
####,7/26/2026 23:24,7.69,21.56,-62.63
####,7/26/2026 23:39,7.72,21.96,-64.53
####,7/26/2026 23:54,7.73,22.06,-65.1
####,7/27/2026 0:09,7.71,22.23,-64.19
####,7/27/2026 0:24,7.7,22.37,-63.44
####,7/27/2026 0:39,7.67,22.49,-61.96
####,7/27/2026 0:54,7.64,22.61,-60.13
####,7/27/2026 1:09,7.6,22.78,-57.91
####,7/27/2026 1:24,7.55,22.97,-55.05
####,7/27/2026 1:39,7.51,23.11,-52.72
####,7/27/2026 1:54,7.45,23.26,-49.77
####,7/27/2026 2:09,7.41,23.35,-47.56
####,7/27/2026 2:24,7.37,23.4,-44.85
####,7/27/2026 2:39,7.32,23.42,-42.24
####,7/27/2026 2:54,7.27,23.45,-39.24
####,7/27/2026 3:09,7.21,23.45,-36
####,7/27/2026 3:24,7.14,23.45,-32.33
####,7/27/2026 3:39,7.09,23.47,-29.11
####,7/27/2026 3:54,7.03,23.47,-25.88
####,7/27/2026 4:09,6.99,23.45,-23.74
####,7/27/2026 4:24,6.96,23.4,-22.08
####,7/27/2026 4:39,6.93,23.35,-20.13
####,7/27/2026 4:54,6.91,23.3,-19.19
####,7/27/2026 5:09,6.9,23.23,-18.53
####,7/27/2026 5:24,6.89,23.16,-17.8
####,7/27/2026 5:39,6.89,23.04,-18.27
####,7/27/2026 5:54,6.89,23.02,-18.22
####,7/27/2026 6:09,6.89,22.9,-18.08
####,7/27/2026 6:24,6.9,22.85,-18.8
####,7/27/2026 6:39,6.93,22.87,-20.09
####,7/27/2026 6:54,6.94,22.82,-21
####,7/27/2026 7:09,6.96,22.47,-22.09
####,7/27/2026 7:24,7.01,22.42,-24.56
####,7/27/2026 7:39,7.07,22.18,-28
####,7/27/2026 7:54,7.13,22.2,-31.77
####,7/27/2026 8:09,7.19,22.13,-34.99
####,7/27/2026 8:24,7.26,22.06,-38.66
####,7/27/2026 8:39,7.33,22.03,-42.69
####,7/27/2026 8:54,7.41,21.91,-47.1
####,7/27/2026 9:09,7.5,21.8,-52.36
####,7/27/2026 9:24,7.55,21.7,-55.16
####,7/27/2026 9:39,7.56,21.58,-55.83
####,7/27/2026 9:54,7.58,21.46,-56.41
####,7/27/2026 10:09,7.58,21.41,-56.66
####,7/27/2026 10:24,7.59,21.44,-57.36
####,7/27/2026 10:39,7.61,21.46,-58.14
####,7/27/2026 10:54,7.62,21.49,-59.13
####,7/27/2026 11:09,7.64,21.49,-60.31
####,7/27/2026 11:24,7.62,21.53,-58.7
####,7/27/2026 11:39,7.67,21.56,-61.75
####,7/27/2026 11:54,7.65,21.6,-60.56
####,7/27/2026 12:09,7.63,21.72,-59.55
####,7/27/2026 12:24,7.59,21.84,-57.06
####,7/27/2026 12:39,7.57,22.01,-56
####,7/27/2026 12:54,7.56,22.25,-55.41
####,7/27/2026 13:09,7.56,22.39,-55.41
####,7/27/2026 13:24,7.52,22.61,-53.47
####,7/27/2026 13:39,7.49,22.73,-52
####,7/27/2026 13:54,7.46,22.82,-50.05
####,7/27/2026 14:09,7.4,22.94,-46.7
####,7/27/2026 14:24,7.36,23.06,-44.61
####,7/27/2026 14:39,7.31,23.18,-41.6
####,7/27/2026 14:54,7.27,23.28,-39.55
####,7/27/2026 15:09,7.23,23.38,-37.31
####,7/27/2026 15:24,7.21,23.54,-35.97
####,7/27/2026 15:39,7.17,23.69,-34
####,7/27/2026 15:54,7.14,23.83,-32.36
####,7/27/2026 16:09,7.1,23.95,-30.11
####,7/27/2026 16:24,7.06,24.05,-27.66
####,7/27/2026 16:39,7.04,24.15,-26.25
####,7/27/2026 16:54,7.02,24.19,-25.24
####,7/27/2026 17:09,7,24.24,-24.2
####,7/27/2026 17:24,6.96,24.32,-21.95
####,7/27/2026 17:39,7.01,24.32,-24.77
####,7/27/2026 17:54,7.05,24.34,-26.88
####,7/27/2026 18:09,7.09,24.34,-29.49
####,7/27/2026 18:24,7.13,24.27,-31.74
####,7/27/2026 18:39,7.17,24.22,-33.63
####,7/27/2026 18:54,7.26,24.17,-38.63
####,7/27/2026 19:09,7.31,24.12,-41.83
####,7/27/2026 19:24,7.4,24.1,-46.99
####,7/27/2026 19:39,7.46,24.03,-49.94
####,7/27/2026 19:54,7.49,23.93,-52.06
####,7/27/2026 20:09,7.56,23.81,-55.58
####,7/27/2026 20:24,7.59,23.69,-57.7
####,7/27/2026 20:39,7.63,23.5,-59.75
####,7/27/2026 20:54,7.68,23.26,-62.61
####,7/27/2026 21:09,7.71,23.02,-64.22
####,7/27/2026 21:24,7.71,22.94,-64.31
####,7/27/2026 21:39,7.72,22.85,-64.47
####,7/27/2026 21:54,7.72,22.68,-64.77
####,7/27/2026 22:09,7.72,22.49,-64.89
####,7/27/2026 22:24,7.73,22.35,-65.05
####,7/27/2026 22:39,7.73,22.2,-64.97
####,7/27/2026 22:54,7.72,22.06,-64.85
####,7/27/2026 23:09,7.73,21.91,-65.02
####,7/27/2026 23:24,7.74,21.77,-65.47
####,7/27/2026 23:39,7.73,21.68,-65.19
####,7/27/2026 23:54,7.65,21.68,-60.78
####,7/28/2026 0:09,7.65,21.77,-60.89
####,7/28/2026 0:24,7.68,22.06,-62.19
####,7/28/2026 0:39,7.68,22.25,-62.13
####,7/28/2026 0:54,7.65,22.44,-60.89
####,7/28/2026 1:09,7.63,22.61,-59.49
####,7/28/2026 1:24,7.57,22.7,-56.31
####,7/28/2026 1:39,7.53,22.78,-54.2
####,7/28/2026 1:54,7.51,22.82,-52.99
####,7/28/2026 2:09,7.48,22.92,-51.1
####,7/28/2026 2:24,7.43,22.99,-48.45
####,7/28/2026 2:39,7.4,23.06,-46.47
####,7/28/2026 2:54,7.34,23.14,-43.55
####,7/28/2026 3:09,7.3,23.21,-41.2
####,7/28/2026 3:24,7.24,23.21,-37.89
####,7/28/2026 3:39,7.19,23.23,-35.02
####,7/28/2026 3:54,7.14,23.23,-32.36
####,7/28/2026 4:09,7.09,23.23,-29.3
####,7/28/2026 4:24,7.05,23.26,-26.81
####,7/28/2026 4:39,7,23.26,-24.33
####,7/28/2026 4:54,6.97,23.23,-22.39
####,7/28/2026 5:09,6.94,23.21,-20.69
####,7/28/2026 5:24,6.91,23.18,-18.97
####,7/28/2026 5:39,6.88,23.16,-17.36
####,7/28/2026 5:54,6.86,23.14,-16.16
####,7/28/2026 6:09,6.88,23.09,-17.2
####,7/28/2026 6:24,6.87,23.06,-16.83
####,7/28/2026 6:39,6.87,23.04,-16.77
####,7/28/2026 6:54,6.86,22.94,-16.42
####,7/28/2026 7:09,6.88,22.94,-17.36
####,7/28/2026 7:24,6.9,22.92,-18.5
####,7/28/2026 7:39,6.92,22.85,-19.59
####,7/28/2026 7:54,6.92,22.66,-19.89
####,7/28/2026 8:09,6.96,22.58,-22.13
####,7/28/2026 8:24,7.02,22.49,-25.09
####,7/28/2026 8:39,7.06,22.49,-27.7
####,7/28/2026 8:54,7.13,22.44,-31.72
####,7/28/2026 9:09,7.2,22.39,-35.44
####,7/28/2026 9:24,7.27,22.35,-39.53
####,7/28/2026 9:39,7.38,22.25,-45.8
####,7/28/2026 9:54,7.45,22.18,-49.45
####,7/28/2026 10:09,7.48,22.08,-51.06
####,7/28/2026 10:24,7.48,22.01,-51.35
####,7/28/2026 10:39,7.48,22.03,-51.19
####,7/28/2026 10:54,7.5,22.03,-52.14
####,7/28/2026 11:09,7.53,22.01,-54.03
####,7/28/2026 11:24,7.57,21.99,-55.94
####,7/28/2026 11:39,7.58,21.99,-56.88
####,7/28/2026 11:54,7.59,21.96,-57.06
####,7/28/2026 12:09,7.54,22.01,-54.3
####,7/28/2026 12:24,7.54,22.06,-54.64
####,7/28/2026 12:39,7.53,22.11,-53.91
####,7/28/2026 12:54,7.5,22.37,-52.16
####,7/28/2026 13:09,7.46,22.39,-50.13
####,7/28/2026 13:24,7.44,22.49,-48.89
####,7/28/2026 13:39,7.44,22.51,-48.94
####,7/28/2026 13:54,7.42,22.66,-47.85
####,7/28/2026 14:09,7.39,22.99,-46.35
####,7/28/2026 14:24,7.37,23.09,-45.17
####,7/28/2026 14:39,7.34,23.18,-43.56
####,7/28/2026 14:54,7.3,23.23,-41.08
####,7/28/2026 15:09,7.24,23.3,-37.94
####,7/28/2026 15:24,7.21,23.4,-36.08
####,7/28/2026 15:39,7.16,23.47,-33.42
####,7/28/2026 15:54,7.13,23.59,-31.49
####,7/28/2026 16:09,7.09,23.66,-29.22
####,7/28/2026 16:24,7.06,23.71,-27.52
####,7/28/2026 16:39,7.04,23.81,-26.47
####,7/28/2026 16:54,7.01,23.88,-24.88
####,7/28/2026 17:09,6.98,23.91,-22.92
####,7/28/2026 17:24,6.95,23.93,-21.44
####,7/28/2026 17:39,6.93,23.98,-20.38
####,7/28/2026 17:54,6.91,24,-19.27
####,7/28/2026 18:09,6.89,24,-17.88
####,7/28/2026 18:24,6.92,23.98,-19.95
####,7/28/2026 18:39,6.94,24,-20.86
####,7/28/2026 18:54,6.96,23.93,-22.19
####,7/28/2026 19:09,7.01,23.91,-24.61
####,7/28/2026 19:24,7.04,23.83,-26.72
####,7/28/2026 19:39,7.1,23.79,-29.94
####,7/28/2026 19:54,7.15,23.74,-32.63
####,7/28/2026 20:09,7.23,23.71,-37.11
####,7/28/2026 20:24,7.28,23.64,-39.86
####,7/28/2026 20:39,7.33,23.57,-43.03
####,7/28/2026 20:54,7.4,23.52,-46.91
####,7/28/2026 21:09,7.45,23.42,-49.69
####,7/28/2026 21:24,7.54,23.23,-54.47
####,7/28/2026 21:39,7.59,23.04,-57.22
####,7/28/2026 21:54,7.6,22.92,-57.94
####,7/28/2026 22:09,7.61,22.85,-58.49
####,7/28/2026 22:24,7.62,22.78,-58.85
####,7/28/2026 22:39,7.63,22.61,-59.56
####,7/28/2026 22:54,7.64,22.49,-59.99
####,7/28/2026 23:09,7.64,22.3,-60.19
####,7/28/2026 23:24,7.64,22.15,-60.35
####,7/28/2026 23:39,7.66,21.94,-61.24
####,7/28/2026 23:54,7.68,21.68,-62.33
####,7/29/2026 0:09,7.7,21.41,-63.46
####,7/29/2026 0:24,7.7,21.29,-63.55
####,7/29/2026 0:39,7.71,21.17,-63.77
####,7/29/2026 0:54,7.66,21.15,-61.2
####,7/29/2026 1:09,7.67,21.39,-61.58
####,7/29/2026 1:24,7.64,21.82,-60
####,7/29/2026 1:39,7.59,22.18,-57.44
####,7/29/2026 1:54,7.53,22.47,-54.17
####,7/29/2026 2:09,7.48,22.58,-51.25
####,7/29/2026 2:24,7.43,22.68,-48.42
####,7/29/2026 2:39,7.39,22.78,-46.36
####,7/29/2026 2:54,7.36,22.85,-44.61
####,7/29/2026 3:09,7.33,22.9,-42.5
####,7/29/2026 3:24,7.28,22.92,-40.2
####,7/29/2026 3:39,7.22,23.02,-36.45
####,7/29/2026 3:54,7.16,23.04,-33.38
####,7/29/2026 4:09,7.11,23.06,-30.22
####,7/29/2026 4:24,7.06,23.09,-27.58
####,7/29/2026 4:39,7.02,23.09,-25.49
####,7/29/2026 4:54,6.98,23.09,-23.24
####,7/29/2026 5:09,6.95,23.11,-21.13
####,7/29/2026 5:24,6.91,23.14,-19.22
####,7/29/2026 5:39,6.88,23.14,-17.72
####,7/29/2026 5:54,6.86,23.11,-16.31
####,7/29/2026 6:09,6.85,23.09,-15.48
####,7/29/2026 6:24,6.83,23.09,-14.86
####,7/29/2026 6:39,6.82,23.06,-14.08
####,7/29/2026 6:54,6.82,23.04,-14.31
####,7/29/2026 7:09,6.82,23.04,-14.06
####,7/29/2026 7:24,6.82,23.02,-13.8
####,7/29/2026 7:39,6.81,22.94,-13.63
####,7/29/2026 7:54,6.83,22.92,-14.41
####,7/29/2026 8:09,6.84,22.87,-15.47
####,7/29/2026 8:24,6.86,22.7,-16.23
####,7/29/2026 8:39,6.88,22.61,-17.17
####,7/29/2026 8:54,6.91,22.49,-19.27
####,7/29/2026 9:09,6.95,22.47,-21.36
####,7/29/2026 9:24,7.01,22.39,-24.56
####,7/29/2026 9:39,7.07,22.32,-28.09
####,7/29/2026 9:54,7.15,22.27,-32.55
####,7/29/2026 10:09,7.27,22.2,-39.5
####,7/29/2026 10:24,7.38,22.15,-45.52
####,7/29/2026 10:39,7.42,22.08,-47.75
####,7/29/2026 10:54,7.41,21.94,-47.05
####,7/29/2026 11:09,7.4,21.91,-46.53
####,7/29/2026 11:24,7.4,21.89,-46.38
####,7/29/2026 11:39,7.43,21.84,-48.3
####,7/29/2026 11:54,7.46,21.77,-50.25
####,7/29/2026 12:09,7.48,21.72,-51.17
####,7/29/2026 12:24,7.49,21.68,-51.47
####,7/29/2026 12:39,7.42,21.68,-48
####,7/29/2026 12:54,7.25,21.68,-38.33
####,7/29/2026 13:09,7.29,21.7,-40.44
####,7/29/2026 13:24,7.37,21.75,-44.86
####,7/29/2026 13:39,7.37,21.82,-44.92
####,7/29/2026 13:54,7.36,21.84,-44.25
####,7/29/2026 14:09,7.34,21.87,-43.2
####,7/29/2026 14:24,7.32,21.94,-42.3
####,7/29/2026 14:39,7.31,21.99,-41.45
####,7/29/2026 14:54,7.29,22.06,-40.5
####,7/29/2026 15:09,7.29,22.08,-40.19
####,7/29/2026 15:24,7.25,22.13,-38.05
####,7/29/2026 15:39,7.21,22.2,-35.86
####,7/29/2026 15:54,7.17,22.23,-33.53
####,7/29/2026 16:09,7.12,22.27,-31.19
####,7/29/2026 16:24,7.09,22.27,-28.99
####,7/29/2026 16:39,7.04,22.32,-26.39
####,7/29/2026 16:54,7.01,22.32,-24.83
####,7/29/2026 17:09,6.97,22.37,-22.78
####,7/29/2026 17:24,6.94,22.42,-21
####,7/29/2026 17:39,6.91,22.47,-19.38
####,7/29/2026 17:54,6.89,22.51,-18.22
####,7/29/2026 18:09,6.87,22.54,-17.06
####,7/29/2026 18:24,6.86,22.56,-16.28
####,7/29/2026 18:39,6.84,22.54,-15.38
####,7/29/2026 18:54,6.82,22.51,-14.02
####,7/29/2026 19:09,6.85,22.49,-15.89
####,7/29/2026 19:24,6.86,22.47,-16.34
####,7/29/2026 19:39,6.88,22.35,-17.73
####,7/29/2026 19:54,6.91,22.27,-19.11
####,7/29/2026 20:09,6.93,22.2,-20.41
####,7/29/2026 20:24,6.98,21.99,-22.97
####,7/29/2026 20:39,7.02,21.87,-25.19
####,7/29/2026 20:54,7.06,21.8,-27.7
####,7/29/2026 21:09,7.12,21.68,-31.08
####,7/29/2026 21:24,7.19,21.56,-34.77
####,7/29/2026 21:39,7.25,21.51,-37.94
####,7/29/2026 21:54,7.3,21.46,-41.19
####,7/29/2026 22:09,7.4,21.37,-46.5
####,7/29/2026 22:24,7.43,21.25,-48.41
####,7/29/2026 22:39,7.45,21.15,-49.17
####,7/29/2026 22:54,7.46,21.13,-49.8
####,7/29/2026 23:09,7.47,21.08,-50.74
####,7/29/2026 23:24,7.5,20.98,-52.25
####,7/29/2026 23:39,7.53,20.77,-53.88
####,7/29/2026 23:54,7.54,20.6,-54.08
####,7/30/2026 0:09,7.56,20.41,-55.69
####,7/30/2026 0:24,7.6,20.15,-57.52
####,7/30/2026 0:39,7.63,19.84,-59.28
####,7/30/2026 0:54,7.64,19.65,-60.05
####,7/30/2026 1:09,7.65,19.56,-60.38
####,7/30/2026 1:24,7.58,19.53,-56.5
####,7/30/2026 1:39,7.53,19.56,-53.53
####,7/30/2026 1:54,7.59,19.72,-56.77
####,7/30/2026 2:09,7.56,20.01,-55.45
####,7/30/2026 2:24,7.5,20.41,-52
####,7/30/2026 2:39,7.43,20.58,-48.14
####,7/30/2026 2:54,7.37,20.7,-44.99
####,7/30/2026 3:09,7.33,20.77,-42.47
####,7/30/2026 3:24,7.29,20.84,-40.67
####,7/30/2026 3:39,7.26,20.86,-38.67
####,7/30/2026 3:54,7.21,20.94,-35.78
####,7/30/2026 4:09,7.16,20.91,-33.28
####,7/30/2026 4:24,7.11,20.94,-30.2
####,7/30/2026 4:39,7.06,20.96,-27.49
####,7/30/2026 4:54,7.01,20.98,-24.99
####,7/30/2026 5:09,6.97,21.01,-22.5
####,7/30/2026 5:24,6.93,21.03,-20.5
####,7/30/2026 5:39,6.9,21.06,-18.52
####,7/30/2026 5:54,6.87,21.08,-16.97
####,7/30/2026 6:09,6.85,21.1,-15.56
####,7/30/2026 6:24,6.82,21.08,-14.2
####,7/30/2026 6:39,6.8,21.08,-13.02
####,7/30/2026 6:54,6.78,21.06,-11.86
####,7/30/2026 7:09,6.76,21.03,-10.66
####,7/30/2026 7:24,6.76,21.01,-10.83
####,7/30/2026 7:39,6.76,20.98,-10.59
####,7/30/2026 7:54,6.77,20.96,-11.39
####,7/30/2026 8:09,6.77,20.94,-11.59
####,7/30/2026 8:24,6.79,20.82,-12.23
####,7/30/2026 8:39,6.8,20.82,-12.98
####,7/30/2026 8:54,6.82,20.75,-14.23
####,7/30/2026 9:09,6.84,20.58,-15.52
####,7/30/2026 9:24,6.86,20.48,-16.63
####,7/30/2026 9:39,6.91,20.32,-19.38
####,7/30/2026 9:54,6.95,20.29,-21.52
####,7/30/2026 10:09,7,20.27,-24.25
####,7/30/2026 10:24,7.05,20.25,-27.16
####,7/30/2026 10:39,7.12,20.25,-30.67
####,7/30/2026 10:54,7.23,20.36,-37.24
####,7/30/2026 11:09,7.32,20.41,-42.16
####,7/30/2026 11:24,7.34,20.32,-43.28
####,7/30/2026 11:39,7.34,20.29,-43.24
####,7/30/2026 11:54,7.35,20.32,-43.81
####,7/30/2026 12:09,7.38,20.39,-45.44
####,7/30/2026 12:24,7.41,20.46,-46.83
####,7/30/2026 12:39,7.43,20.46,-48.42
####,7/30/2026 12:54,7.45,20.48,-49.11
####,7/30/2026 13:09,7.47,20.53,-50.35
####,7/30/2026 13:24,7.38,20.53,-45.31
####,7/30/2026 13:39,7.36,20.58,-44.24
####,7/30/2026 13:54,7.28,20.67,-40.02
####,7/30/2026 14:09,7.35,20.75,-43.94
####,7/30/2026 14:24,7.37,20.91,-44.85
####,7/30/2026 14:39,7.39,21.03,-45.83
####,7/30/2026 14:54,7.35,21.03,-43.53
####,7/30/2026 15:09,7.32,21.1,-42.25
####,7/30/2026 15:24,7.3,21.15,-41.03
####,7/30/2026 15:39,7.27,21.2,-39.03
####,7/30/2026 15:54,7.25,21.29,-37.92
####,7/30/2026 16:09,7.2,21.34,-35.59
####,7/30/2026 16:24,7.16,21.39,-32.97
####,7/30/2026 16:39,7.09,21.37,-29.31
####,7/30/2026 16:54,7.05,21.39,-27.11
####,7/30/2026 17:09,7.02,21.44,-25.59
####,7/30/2026 17:24,6.99,21.46,-23.81
####,7/30/2026 17:39,6.96,21.51,-21.99
####,7/30/2026 17:54,6.94,21.58,-20.56
####,7/30/2026 18:09,6.91,21.63,-19.13
####,7/30/2026 18:24,6.89,21.65,-17.95
####,7/30/2026 18:39,6.87,21.7,-17.09
####,7/30/2026 18:54,6.86,21.72,-16.14
####,7/30/2026 19:09,6.84,21.75,-15.19
####,7/30/2026 19:24,6.83,21.77,-14.56
####,7/30/2026 19:39,6.84,21.8,-15.14
####,7/30/2026 19:54,6.84,21.77,-15.41
####,7/30/2026 20:09,6.85,21.77,-15.78
####,7/30/2026 20:24,6.87,21.68,-16.77
####,7/30/2026 20:39,6.89,21.63,-17.8
####,7/30/2026 20:54,6.91,21.56,-19.09
####,7/30/2026 21:09,6.94,21.53,-20.66
####,7/30/2026 21:24,6.99,21.51,-23.64
####,7/30/2026 21:39,7.05,21.51,-27.2
####,7/30/2026 21:54,7.1,21.49,-29.59
####,7/30/2026 22:09,7.16,21.51,-33.39
####,7/30/2026 22:24,7.23,21.51,-36.81
####,7/30/2026 22:39,7.31,21.41,-41.58
####,7/30/2026 22:54,7.42,21.2,-47.95
####,7/30/2026 23:09,7.45,21.13,-49.64
####,7/30/2026 23:24,7.46,21.08,-49.86
####,7/30/2026 23:39,7.48,21.01,-50.91
####,7/30/2026 23:54,7.5,20.86,-51.97
####,7/31/2026 0:09,7.52,20.65,-53.41
####,7/31/2026 0:24,7.53,20.51,-54.05
####,7/31/2026 0:39,7.55,20.32,-54.81
####,7/31/2026 0:54,7.58,20.08,-56.39
####,7/31/2026 1:09,7.62,19.77,-58.55
####,7/31/2026 1:24,7.64,19.53,-59.72
####,7/31/2026 1:39,7.64,19.41,-60
####,7/31/2026 1:54,7.62,19.37,-58.72
####,7/31/2026 2:09,7.57,19.39,-55.89
####,7/31/2026 2:24,7.57,19.77,-55.95
####,7/31/2026 2:39,7.55,20.06,-54.67
####,7/31/2026 2:54,7.51,20.32,-52.45
####,7/31/2026 3:09,7.45,20.58,-49.56
####,7/31/2026 3:24,7.39,20.79,-45.74
####,7/31/2026 3:39,7.33,20.84,-42.88
####,7/31/2026 3:54,7.29,20.91,-40.52
####,7/31/2026 4:09,7.26,20.98,-38.45
####,7/31/2026 4:24,7.21,21.01,-35.7
####,7/31/2026 4:39,7.16,21.03,-33.08
####,7/31/2026 4:54,7.1,21.06,-29.8
####,7/31/2026 5:09,7.04,21.06,-26.42
####,7/31/2026 5:24,6.99,21.06,-23.58
####,7/31/2026 5:39,6.94,21.06,-21.08
####,7/31/2026 5:54,6.91,21.06,-19.25
####,7/31/2026 6:09,6.88,21.06,-17.39
####,7/31/2026 6:24,6.85,21.06,-15.8
####,7/31/2026 6:39,6.83,21.06,-14.52
####,7/31/2026 6:54,6.81,21.06,-13.34
####,7/31/2026 7:09,6.79,21.06,-12.23
####,7/31/2026 7:24,6.78,21.08,-11.86
####,7/31/2026 7:39,6.77,21.1,-11.58
####,7/31/2026 7:54,6.77,21.13,-11.52
####,7/31/2026 8:09,6.77,21.2,-11.42
####,7/31/2026 8:24,6.78,21.27,-11.7
####,7/31/2026 8:39,6.78,21.29,-11.61
####,7/31/2026 8:54,6.76,21.25,-10.84
####,7/31/2026 9:09,6.77,21.27,-11.19
####,7/31/2026 9:24,6.77,21.22,-11.44
####,7/31/2026 9:39,6.78,21.22,-11.86
####,7/31/2026 9:54,7,22.7,-24.13
####,7/31/2026 10:09,6.84,21.27,-15.45
####,7/31/2026 10:24,6.86,21.2,-16.36
####,7/31/2026 10:39,6.91,21.25,-18.95
####,7/31/2026 10:54,6.96,21.22,-21.7
####,7/31/2026 11:09,7.03,21.2,-25.67
####,7/31/2026 11:24,7.13,21.25,-31.61
####,7/31/2026 11:39,7.22,21.08,-36.22
####,7/31/2026 11:54,7.27,20.94,-39.09
####,7/31/2026 12:09,7.28,20.89,-39.95
####,7/31/2026 12:24,7.31,20.89,-41.42
####,7/31/2026 12:39,7.33,20.84,-42.91
####,7/31/2026 12:54,7.36,20.72,-44.25
####,7/31/2026 13:09,7.39,20.6,-46.14
####,7/31/2026 13:24,7.4,20.56,-46.78
####,7/31/2026 13:39,7.4,20.51,-46.36
####,7/31/2026 13:54,7.37,20.51,-45.1
####,7/31/2026 14:09,7.41,20.51,-46.88
####,7/31/2026 14:24,7.44,20.53,-48.74
####,7/31/2026 14:39,7.44,20.84,-48.99
####,7/31/2026 14:54,7.44,21.17,-48.74
####,7/31/2026 15:09,7.4,21.37,-46.78
####,7/31/2026 15:24,7.44,22.2,-49.03
####,7/31/2026 15:39,7.37,22.8,-44.74
####,7/31/2026 15:54,7.4,21.99,-46.6
####,7/31/2026 16:09,7.3,21.84,-41.14
####,7/31/2026 16:24,7.29,21.96,-40.39
####,7/31/2026 16:39,7.23,22.06,-36.86
####,7/31/2026 16:54,7.17,22.15,-33.72
####,7/31/2026 17:09,7.12,22.2,-30.72
####,7/31/2026 17:24,7.06,22.25,-27.5
####,7/31/2026 17:39,7.01,22.32,-24.95
####,7/31/2026 17:54,6.97,22.39,-22.55
####,7/31/2026 18:09,6.93,22.47,-20.49
####,7/31/2026 18:24,6.91,22.56,-18.89
####,7/31/2026 18:39,6.88,22.58,-17.3
####,7/31/2026 18:54,6.86,22.61,-16.17
####,7/31/2026 19:09,6.84,22.63,-15.39
####,7/31/2026 19:24,6.83,22.66,-14.7
####,7/31/2026 19:39,6.82,22.66,-14.28
####,7/31/2026 19:54,6.82,22.66,-14
####,7/31/2026 20:09,6.82,22.61,-13.84
####,7/31/2026 20:24,6.81,22.61,-13.61
####,7/31/2026 20:39,6.81,22.68,-13.66
####,7/31/2026 20:54,6.82,22.61,-14.28
####,7/31/2026 21:09,6.84,22.58,-15.08
####,7/31/2026 21:24,6.85,22.51,-15.86
####,7/31/2026 21:39,6.88,22.51,-17.53
####,7/31/2026 21:54,6.92,22.49,-19.78
####,7/31/2026 22:09,6.99,22.49,-23.49
####,7/31/2026 22:24,7.03,22.44,-26.16
####,7/31/2026 22:39,7.11,22.39,-30.27
####,7/31/2026 22:54,7.18,22.32,-34.58
####,7/31/2026 23:09,7.27,22.15,-39.11
####,7/31/2026 23:24,7.38,21.91,-45.58
####,7/31/2026 23:39,7.45,21.77,-49.2
####,7/31/2026 23:54,7.45,21.72,-49.64
####,8/1/2026 0:09,7.47,21.7,-50.61
####,8/1/2026 0:24,7.49,21.58,-51.91
####,8/1/2026 0:39,7.52,21.37,-53.55
####,8/1/2026 0:54,7.54,21.22,-54.39
####,8/1/2026 1:09,7.55,21.06,-54.89
####,8/1/2026 1:24,7.57,20.86,-55.86
####,8/1/2026 1:39,7.6,20.63,-57.61
####,8/1/2026 1:54,7.62,20.44,-58.99
####,8/1/2026 2:09,7.64,20.29,-59.74
####,8/1/2026 2:24,7.63,20.25,-59.53
####,8/1/2026 2:39,7.54,20.25,-54.25
####,8/1/2026 2:54,7.56,20.53,-55.7
####,8/1/2026 3:09,7.55,20.77,-54.67
####,8/1/2026 3:24,7.51,20.94,-52.86
####,8/1/2026 3:39,7.49,21.08,-51.55
####,8/1/2026 3:54,7.43,21.37,-48.5
####,8/1/2026 4:09,7.37,21.49,-44.99
####,8/1/2026 4:24,7.34,21.51,-43.42
####,8/1/2026 4:39,7.3,21.63,-40.88
####,8/1/2026 4:54,7.27,21.63,-39.17
####,8/1/2026 5:09,7.23,21.65,-36.95
####,8/1/2026 5:24,7.16,21.77,-32.99
####,8/1/2026 5:39,7.09,21.84,-29.06
####,8/1/2026 5:54,7.03,21.89,-25.67
####,8/1/2026 6:09,6.98,21.94,-22.81
####,8/1/2026 6:24,6.93,21.96,-20.41
####,8/1/2026 6:39,6.9,21.96,-18.39
####,8/1/2026 6:54,6.87,21.99,-16.69
####,8/1/2026 7:09,6.84,21.99,-15.3
####,8/1/2026 7:24,6.82,22.01,-14.14
####,8/1/2026 7:39,6.81,22.06,-13.27
####,8/1/2026 7:54,6.8,22.11,-12.95
####,8/1/2026 8:09,6.79,22.18,-12.52
####,8/1/2026 8:24,6.79,22.32,-12.38
####,8/1/2026 8:39,6.79,22.42,-12.47
####,8/1/2026 8:54,6.79,22.54,-12.25
####,8/1/2026 9:09,6.79,22.63,-12.23
####,8/1/2026 9:24,6.78,22.54,-11.77
####,8/1/2026 9:39,6.79,22.54,-12.2
####,8/1/2026 9:54,6.8,22.61,-12.7
####,8/1/2026 10:09,6.81,22.7,-13.27
####,8/1/2026 10:24,6.83,22.75,-14.45
####,8/1/2026 10:39,6.87,22.8,-16.72
####,8/1/2026 10:54,6.9,22.75,-18.41
####,8/1/2026 11:09,6.95,22.78,-21.58
####,8/1/2026 11:24,7.02,22.75,-25.17
####,8/1/2026 11:39,7.1,22.75,-29.88
####,8/1/2026 11:54,7.22,22.8,-36.53
####,8/1/2026 12:09,7.29,22.66,-40.72
####,8/1/2026 12:24,7.33,22.51,-42.95
####,8/1/2026 12:39,7.36,22.47,-44.19
####,8/1/2026 12:54,7.38,22.37,-45.75
####,8/1/2026 13:09,7.43,22.2,-48.13
####,8/1/2026 13:24,7.46,22.11,-49.75
####,8/1/2026 13:39,7.48,22.01,-50.92
####,8/1/2026 13:54,7.49,21.99,-51.47
####,8/1/2026 14:09,7.49,21.96,-51.58
####,8/1/2026 14:24,7.49,21.99,-51.94
####,8/1/2026 14:39,7.45,22.01,-49.6
####,8/1/2026 14:54,7.42,22.01,-47.63
####,8/1/2026 15:09,7.45,22.15,-49.33
####,8/1/2026 15:24,7.44,22.44,-48.97
####,8/1/2026 15:39,7.45,22.68,-49.35
####,8/1/2026 15:54,7.44,23.06,-48.89
####,8/1/2026 16:09,7.4,23.21,-47
####,8/1/2026 16:24,7.37,23.3,-44.99
####,8/1/2026 16:39,7.34,23.45,-43.13
####,8/1/2026 16:54,7.3,23.54,-41.3
####,8/1/2026 17:09,7.27,23.71,-39.27
####,8/1/2026 17:24,7.24,23.83,-37.64
####,8/1/2026 17:39,7.19,23.93,-34.95
####,8/1/2026 17:54,7.13,24.03,-31.47
####,8/1/2026 18:09,7.1,24.12,-29.56
####,8/1/2026 18:24,7.03,24.17,-26.06
####,8/1/2026 18:39,6.98,24.24,-23.22
####,8/1/2026 18:54,6.95,24.32,-21.19
####,8/1/2026 19:09,6.91,24.36,-19.13
####,8/1/2026 19:24,6.88,24.41,-17.56
####,8/1/2026 19:39,6.86,24.44,-16.41
####,8/1/2026 19:54,6.84,24.44,-15.36
####,8/1/2026 20:09,6.83,24.44,-14.67
####,8/1/2026 20:24,6.82,24.44,-14.22
####,8/1/2026 20:39,6.82,24.44,-13.89
####,8/1/2026 20:54,6.81,24.39,-13.7
####,8/1/2026 21:09,6.81,24.41,-13.33
####,8/1/2026 21:24,6.82,24.51,-13.95
####,8/1/2026 21:39,6.83,24.44,-14.64
####,8/1/2026 21:54,6.85,24.41,-15.45
####,8/1/2026 22:09,6.86,24.39,-16.41
####,8/1/2026 22:24,6.89,24.36,-17.88
####,8/1/2026 22:39,6.94,24.36,-20.74
####,8/1/2026 22:54,6.99,24.27,-23.89
####,8/1/2026 23:09,7.05,24.15,-27.08
####,8/1/2026 23:24,7.13,24.07,-31.33
####,8/1/2026 23:39,7.2,23.95,-35.44
####,8/1/2026 23:54,7.29,23.66,-40.56
####,8/2/2026 0:09,7.38,23.4,-45.63
####,8/2/2026 0:24,7.43,23.26,-48.47
####,8/2/2026 0:39,7.45,23.23,-49.33
####,8/2/2026 0:54,7.46,23.16,-50.35
####,8/2/2026 1:09,7.5,22.94,-52.06
####,8/2/2026 1:24,7.53,22.7,-53.81
####,8/2/2026 1:39,7.55,22.51,-55.13
####,8/2/2026 1:54,7.56,22.37,-55.72
####,8/2/2026 2:09,7.57,22.25,-56.11
####,8/2/2026 2:24,7.58,22.08,-56.64
####,8/2/2026 2:39,7.58,21.99,-56.94
####,8/2/2026 2:54,7.59,21.91,-57.06
####,8/2/2026 3:09,7.55,21.89,-54.86
####,8/2/2026 3:24,7.56,21.94,-55.44
####,8/2/2026 3:39,7.52,22.35,-53.13
####,8/2/2026 3:54,7.5,22.47,-52.36
####,8/2/2026 4:09,7.47,22.54,-50.66
####,8/2/2026 4:24,7.44,22.7,-48.92
####,8/2/2026 4:39,7.39,22.87,-46.02
####,8/2/2026 4:54,7.33,23.02,-42.8
####,8/2/2026 5:09,7.3,23.02,-41.22
####,8/2/2026 5:24,7.27,23.06,-39.45
####,8/2/2026 5:39,7.22,23.18,-36.47
####,8/2/2026 5:54,7.16,23.33,-33.16
####,8/2/2026 6:09,7.1,23.47,-29.88
####,8/2/2026 6:24,7.05,23.57,-26.83
####,8/2/2026 6:39,6.99,23.64,-23.81
####,8/2/2026 6:54,6.94,23.71,-21.08
####,8/2/2026 7:09,6.91,23.76,-18.84
####,8/2/2026 7:24,6.87,23.81,-17.03
####,8/2/2026 7:39,6.84,23.83,-15.39
####,8/2/2026 7:54,6.82,23.86,-14.2
####,8/2/2026 8:09,6.81,23.91,-13.63
####,8/2/2026 8:24,6.8,23.93,-13.14
####,8/2/2026 8:39,6.8,23.95,-13.06
####,8/2/2026 8:54,6.8,24.05,-12.89
####,8/2/2026 9:09,6.81,24.15,-13.73
####,8/2/2026 9:24,6.83,24.22,-14.31
####,8/2/2026 9:39,6.85,24.27,-15.44
####,8/2/2026 9:54,6.81,24.15,-13.2
####,8/2/2026 10:09,6.81,24.15,-13.72
####,8/2/2026 10:24,6.82,24.15,-14.13
####,8/2/2026 10:39,6.83,24.27,-14.81
####,8/2/2026 10:54,6.86,24.27,-16.48
####,8/2/2026 11:09,6.9,24.29,-18.78
####,8/2/2026 11:24,6.93,24.24,-20.36
####,8/2/2026 11:39,7,24.22,-23.99
####,8/2/2026 11:54,7.07,24.19,-27.88
####,8/2/2026 12:09,7.13,24.1,-31.7
####,8/2/2026 12:24,7.26,24,-38.89
####,8/2/2026 12:39,7.34,23.88,-43.6
####,8/2/2026 12:54,7.38,23.76,-45.83
####,8/2/2026 13:09,7.4,23.69,-46.77
####,8/2/2026 13:24,7.41,23.62,-47.33
####,8/2/2026 13:39,7.45,23.42,-49.63
####,8/2/2026 13:54,7.48,23.26,-51.33
####,8/2/2026 14:09,7.51,23.09,-52.72
####,8/2/2026 14:24,7.53,22.92,-53.86
####,8/2/2026 14:39,7.54,22.82,-54.47
####,8/2/2026 14:54,7.55,22.7,-55.27
####,8/2/2026 15:09,7.55,22.68,-55.31
####,8/2/2026 15:24,7.52,22.63,-53.49
####,8/2/2026 15:39,7.49,22.61,-51.78
####,8/2/2026 15:54,7.51,22.97,-52.88
####,8/2/2026 16:09,7.52,23.38,-53.74
####,8/2/2026 16:24,7.5,23.66,-52.35
####,8/2/2026 16:39,7.48,23.81,-51.31
####,8/2/2026 16:54,7.44,23.91,-48.99
####,8/2/2026 17:09,7.42,23.98,-48.14
####,8/2/2026 17:24,7.38,24.22,-45.52
####,8/2/2026 17:39,7.34,24.39,-43.2
####,8/2/2026 17:54,7.3,24.51,-41.08
####,8/2/2026 18:09,7.26,24.6,-38.97
####,8/2/2026 18:24,7.22,24.7,-36.75
####,8/2/2026 18:39,7.16,24.85,-33.19
####,8/2/2026 18:54,7.11,24.92,-30.47
####,8/2/2026 19:09,7.05,25.02,-27.3
####,8/2/2026 19:24,7.01,25.09,-24.84
####,8/2/2026 19:39,6.97,25.16,-22.38
####,8/2/2026 19:54,6.94,25.21,-20.56
####,8/2/2026 20:09,6.91,25.23,-19.17
####,8/2/2026 20:24,6.89,25.23,-18.13
####,8/2/2026 20:39,6.87,25.26,-16.97
####,8/2/2026 20:54,6.86,25.23,-16.33
####,8/2/2026 21:09,6.85,25.23,-15.77
####,8/2/2026 21:24,6.85,25.19,-15.42
####,8/2/2026 21:39,6.84,25.16,-15.13
####,8/2/2026 21:54,6.85,25.16,-15.52
####,8/2/2026 22:09,6.85,25.16,-15.97
####,8/2/2026 22:24,6.86,25.14,-16.53
####,8/2/2026 22:39,6.88,25.09,-17.42
####,8/2/2026 22:54,6.9,25.04,-18.63
####,8/2/2026 23:09,6.93,24.94,-20.34
####,8/2/2026 23:24,6.98,24.8,-23.24
####,8/2/2026 23:39,7.02,24.7,-25.59
####,8/2/2026 23:54,7.09,24.56,-29.09
####,8/3/2026 0:09,7.16,24.44,-33.11
####,8/3/2026 0:24,7.23,24.27,-37.47
####,8/3/2026 0:39,7.32,23.95,-42.25
####,8/3/2026 0:54,7.39,23.76,-46.33
####,8/3/2026 1:09,7.42,23.66,-47.95
####,8/3/2026 1:24,7.43,23.62,-48.7
####,8/3/2026 1:39,7.47,23.52,-50.42
####,8/3/2026 1:54,7.5,23.38,-52.27
####,8/3/2026 2:09,7.53,23.18,-53.85
####,8/3/2026 2:24,7.54,23.04,-54.78
####,8/3/2026 2:39,7.56,22.92,-55.6
####,8/3/2026 2:54,7.56,22.8,-55.67
####,8/3/2026 3:09,7.57,22.63,-56.44
####,8/3/2026 3:24,7.59,22.51,-57.17
####,8/3/2026 3:39,7.52,22.49,-53.27
####,8/3/2026 3:54,7.49,22.51,-51.55
####,8/3/2026 4:09,7.5,22.61,-52.45
####,8/3/2026 4:24,7.51,22.9,-52.74
####,8/3/2026 4:39,7.48,23.09,-51.35
####,8/3/2026 4:54,7.46,23.16,-50.22
####,8/3/2026 5:09,7.42,23.3,-47.95
####,8/3/2026 5:24,7.36,23.47,-44.5
####,8/3/2026 5:39,7.32,23.57,-41.97
####,8/3/2026 5:54,7.28,23.62,-39.88
####,8/3/2026 6:09,7.26,23.64,-38.94
####,8/3/2026 6:24,7.22,23.74,-36.64
####,8/3/2026 6:39,7.17,23.88,-33.74
####,8/3/2026 6:54,7.11,24.03,-30.2
####,8/3/2026 7:09,7.05,24.15,-27.24
####,8/3/2026 7:24,7.01,24.27,-24.7
####,8/3/2026 7:39,6.96,24.34,-22.17
####,8/3/2026 7:54,6.93,24.44,-20.03
####,8/3/2026 8:09,6.89,24.51,-18.19
####,8/3/2026 8:24,6.87,24.6,-16.91
####,8/3/2026 8:39,6.85,24.63,-15.91
####,8/3/2026 8:54,6.83,24.65,-14.78
####,8/3/2026 9:09,6.82,24.68,-13.8
####,8/3/2026 9:24,6.82,24.68,-14.11
####,8/3/2026 9:39,6.83,24.65,-14.42
####,8/3/2026 9:54,6.87,24.6,-16.7
####,8/3/2026 10:09,6.85,24.56,-15.98
####,8/3/2026 10:24,6.84,24.53,-15.34
####,8/3/2026 10:39,6.81,24.44,-13.64
####,8/3/2026 10:54,6.85,24.56,-15.78
####,8/3/2026 11:09,6.86,24.51,-16.13
####,8/3/2026 11:24,6.88,24.46,-17.3
####,8/3/2026 11:39,6.89,24.36,-18.08
####,8/3/2026 11:54,6.93,24.27,-20.05
####,8/3/2026 12:09,6.96,24.24,-22.05
####,8/3/2026 12:24,7.02,24.17,-25.09
####,8/3/2026 12:39,7.1,24.03,-29.67
####,8/3/2026 12:54,7.17,23.86,-33.99
####,8/3/2026 13:09,7.23,23.74,-37.28
####,8/3/2026 13:24,7.34,23.57,-43.3
####,8/3/2026 13:39,7.38,23.42,-45.89
####,8/3/2026 13:54,7.39,23.35,-45.95
####,8/3/2026 14:09,7.4,23.28,-46.66
####,8/3/2026 14:24,7.44,23.16,-48.92
####,8/3/2026 14:39,7.47,23.04,-50.8
####,8/3/2026 14:54,7.5,22.94,-52.24
####,8/3/2026 15:09,7.53,22.78,-53.78
####,8/3/2026 15:24,7.55,22.61,-55.36
####,8/3/2026 15:39,7.58,22.47,-56.52
####,8/3/2026 15:54,7.59,22.35,-57.42
####,8/3/2026 16:09,7.55,22.32,-54.86
####,8/3/2026 16:24,7.5,22.32,-52.44
####,8/3/2026 16:39,7.52,22.56,-53.33
####,8/3/2026 16:54,7.52,23.02,-53.7
####,8/3/2026 17:09,7.5,23.33,-52.1
####,8/3/2026 17:24,7.45,23.4,-49.81
####,8/3/2026 17:39,7.44,23.5,-49.08
####,8/3/2026 17:54,7.39,23.64,-46.3
####,8/3/2026 18:09,7.35,23.79,-43.75
####,8/3/2026 18:24,7.32,23.88,-42.17
####,8/3/2026 18:39,7.23,24,-37.42
####,8/3/2026 18:54,7.21,24,-36.13
####,8/3/2026 19:09,7.14,24.12,-32.33
####,8/3/2026 19:24,7.08,24.27,-28.45
####,8/3/2026 19:39,7,24.39,-24.36
####,8/3/2026 19:54,6.95,24.46,-21.59
####,8/3/2026 20:09,6.92,24.48,-19.73
####,8/3/2026 20:24,6.89,24.51,-18.06
####,8/3/2026 20:39,6.87,24.53,-16.95
####,8/3/2026 20:54,6.86,24.56,-16.03
####,8/3/2026 21:09,6.84,24.56,-15.27
####,8/3/2026 21:24,6.83,24.56,-14.61
####,8/3/2026 21:39,6.81,24.53,-13.52
####,8/3/2026 21:54,6.81,24.48,-13.36
####,8/3/2026 22:09,6.8,24.44,-12.95
####,8/3/2026 22:24,6.8,24.39,-12.84
####,8/3/2026 22:39,6.81,24.32,-13.34
####,8/3/2026 22:54,6.8,24.36,-13.08
####,8/3/2026 23:09,6.81,24.27,-13.45
####,8/3/2026 23:24,6.81,24.24,-13.73
####,8/3/2026 23:39,6.82,24.12,-13.86
####,8/3/2026 23:54,6.83,24,-14.5
####,8/4/2026 0:09,6.86,23.83,-16.05
####,8/4/2026 0:24,6.89,23.74,-17.73
####,8/4/2026 0:39,6.92,23.62,-19.95
####,8/4/2026 0:54,6.98,23.47,-23.08
####,8/4/2026 1:09,7.04,23.35,-26.47
####,8/4/2026 1:24,7.13,23.14,-31.59
####,8/4/2026 1:39,7.24,23.02,-37.83
####,8/4/2026 1:54,7.32,22.94,-42.45
####,8/4/2026 2:09,7.35,22.87,-43.92
####,8/4/2026 2:24,7.37,22.85,-45.06
####,8/4/2026 2:39,7.41,22.8,-47.03
####,8/4/2026 2:54,7.45,22.68,-49.22
####,8/4/2026 3:09,7.47,22.56,-50.69
####,8/4/2026 3:24,7.48,22.49,-51.38
####,8/4/2026 3:39,7.49,22.39,-51.78
####,8/4/2026 3:54,7.49,22.32,-51.78
####,8/4/2026 4:09,7.46,22.3,-49.81
####,8/4/2026 4:24,7.35,22.3,-43.78
####,8/4/2026 4:39,7.38,22.32,-45.55
####,8/4/2026 4:54,7.38,22.42,-45.31
####,8/4/2026 5:09,7.36,22.42,-44.63
####,8/4/2026 5:24,7.35,22.44,-43.74
####,8/4/2026 5:39,7.33,22.47,-42.69
####,8/4/2026 5:54,7.31,22.47,-41.35
####,8/4/2026 6:09,7.28,22.44,-39.95
####,8/4/2026 6:24,7.26,22.44,-38.59
####,8/4/2026 6:39,7.2,22.54,-35.2
####,8/4/2026 6:54,7.13,22.63,-31.72
####,8/4/2026 7:09,7.08,22.7,-28.5
####,8/4/2026 7:24,7.02,22.82,-25.36
####,8/4/2026 7:39,6.97,22.92,-22.63
####,8/4/2026 7:54,6.93,23.02,-20.49
####,8/4/2026 8:09,6.9,23.11,-18.61
####,8/4/2026 8:24,6.87,23.21,-17.02
####,8/4/2026 8:39,6.85,23.3,-15.89
####,8/4/2026 8:54,6.84,23.4,-15.09
####,8/4/2026 9:09,6.83,23.52,-14.52
####,8/4/2026 9:24,6.81,23.64,-13.72
####,8/4/2026 9:39,6.82,23.79,-13.89
####,8/4/2026 9:54,6.82,23.98,-14.22
####,8/4/2026 10:09,6.83,24.19,-14.31
####,8/4/2026 10:24,6.84,24.34,-14.97
####,8/4/2026 10:39,6.85,24.53,-15.97
####,8/4/2026 10:54,6.87,24.75,-17.11
####,8/4/2026 11:09,6.84,24.58,-15.27
####,8/4/2026 11:24,6.85,24.58,-15.53
####,8/4/2026 11:39,6.86,24.48,-16.14
####,8/4/2026 11:54,6.86,24.51,-16.28
####,8/4/2026 12:09,6.89,24.56,-17.84
####,8/4/2026 12:24,6.93,24.6,-19.97
####,8/4/2026 12:39,6.97,24.41,-22.27
####,8/4/2026 12:54,7.01,24.51,-24.89
####,8/4/2026 13:09,7.08,24.39,-28.94
####,8/4/2026 13:24,7.17,24.29,-33.56
####,8/4/2026 13:39,7.31,24.34,-41.89
####,8/4/2026 13:54,7.43,24.19,-48.64
####,8/4/2026 14:09,7.51,23.93,-53.19
####,8/4/2026 14:24,7.55,23.83,-55.13
####,8/4/2026 14:39,7.57,23.71,-56.52
####,8/4/2026 14:54,7.6,23.45,-57.89
####,8/4/2026 15:09,7.62,23.26,-59.16
####,8/4/2026 15:24,7.65,23.06,-60.55
####,8/4/2026 15:39,7.66,22.9,-61.28
####,8/4/2026 15:54,7.67,22.68,-61.64
####,8/4/2026 16:09,7.66,22.51,-61.06
####,8/4/2026 16:24,7.64,22.42,-60.17
####,8/4/2026 16:39,7.6,22.35,-57.92
####,8/4/2026 16:54,7.53,22.37,-53.81
####,8/4/2026 17:09,7.54,22.56,-54.75
####,8/4/2026 17:24,7.59,23.45,-57.2
####,8/4/2026 17:39,7.58,23.86,-57.2
####,8/4/2026 17:54,7.55,23.95,-55.36
####,8/4/2026 18:09,7.52,24.1,-53.69
####,8/4/2026 18:24,7.5,24.17,-52.5
####,8/4/2026 18:39,7.49,24.27,-51.66
####,8/4/2026 18:54,7.49,24.41,-51.74
####,8/4/2026 19:09,7.46,24.56,-50.06
####,8/4/2026 19:24,7.42,24.68,-47.89
####,8/4/2026 19:39,7.35,24.82,-44.25
####,8/4/2026 19:54,7.29,24.92,-40.5
####,8/4/2026 20:09,7.2,25.04,-35.25
####,8/4/2026 20:24,7.11,25.14,-30.59
####,8/4/2026 20:39,7.05,25.23,-27.25
####,8/4/2026 20:54,7,25.31,-24.24
####,8/4/2026 21:09,6.96,25.36,-22.02
####,8/4/2026 21:24,6.93,25.4,-20.34
####,8/4/2026 21:39,6.9,25.43,-18.8
####,8/4/2026 21:54,6.88,25.45,-17.27
####,8/4/2026 22:09,6.87,25.45,-16.58
####,8/4/2026 22:24,6.86,25.43,-16.03
####,8/4/2026 22:39,6.85,25.38,-15.41
####,8/4/2026 22:54,6.84,25.31,-15.02
####,8/4/2026 23:09,6.83,25.23,-14.77
####,8/4/2026 23:24,6.84,24.87,-15.19
####,8/4/2026 23:39,6.83,25.16,-14.33
####,8/4/2026 23:54,6.82,25.16,-14.2
####,8/5/2026 0:09,6.83,25.14,-14.78
####,8/5/2026 0:24,6.84,25.09,-15.41
####,8/5/2026 0:39,6.85,24.94,-15.88
####,8/5/2026 0:54,6.87,24.87,-17.09
####,8/5/2026 1:09,6.92,24.68,-19.63
####,8/5/2026 1:24,6.96,24.6,-21.81
####,8/5/2026 1:39,7.03,24.34,-25.77
####,8/5/2026 1:54,7.11,24.17,-30.58
####,8/5/2026 2:09,7.2,23.91,-35.22
####,8/5/2026 2:24,7.3,23.62,-41.14
####,8/5/2026 2:39,7.38,23.42,-45.72
####,8/5/2026 2:54,7.45,23.26,-49.3
####,8/5/2026 3:09,7.49,23.16,-51.6
####,8/5/2026 3:24,7.51,23.09,-52.85
####,8/5/2026 3:39,7.53,22.97,-54.28
####,8/5/2026 3:54,7.55,22.78,-55.38
####,8/5/2026 4:09,7.57,22.58,-56.44
####,8/5/2026 4:24,7.58,22.44,-56.67
####,8/5/2026 4:39,7.58,22.3,-56.86
####,8/5/2026 4:54,7.55,22.25,-55.28
####,8/5/2026 5:09,7.51,22.23,-52.83
####,8/5/2026 5:24,7.5,22.32,-52.19
####,8/5/2026 5:39,7.47,22.66,-50.7
####,8/5/2026 5:54,7.46,22.73,-49.78
####,8/5/2026 6:09,7.44,22.75,-49.19
####,8/5/2026 6:24,7.43,22.78,-48.27
####,8/5/2026 6:39,7.42,22.8,-47.58
####,8/5/2026 6:54,7.39,22.85,-45.99
####,8/5/2026 7:09,7.36,22.94,-44.45
####,8/5/2026 7:24,7.31,23.09,-41.41
####,8/5/2026 7:39,7.26,23.21,-38.63
####,8/5/2026 7:54,7.19,23.38,-34.95
####,8/5/2026 8:09,7.13,23.54,-31.28
####,8/5/2026 8:24,7.06,23.74,-27.55
####,8/5/2026 8:39,7.01,23.88,-24.63
####,8/5/2026 8:54,6.97,24.03,-22.22
####,8/5/2026 9:09,6.93,24.15,-20.27
####,8/5/2026 9:24,6.9,24.24,-18.78
####,8/5/2026 9:39,6.88,24.36,-17.61
####,8/5/2026 9:54,6.87,24.51,-16.89
####,8/5/2026 10:09,6.86,24.63,-16.28
####,8/5/2026 10:24,6.86,24.87,-16.28
####,8/5/2026 10:39,6.86,24.94,-16.25
####,8/5/2026 10:54,6.87,25.02,-16.64
####,8/5/2026 11:09,6.86,25.14,-16.5
####,8/5/2026 11:24,6.86,25.45,-16.38
####,8/5/2026 11:39,6.87,25.7,-16.97
####,8/5/2026 11:54,6.86,25.48,-16.38
####,8/5/2026 12:09,6.88,25.53,-17.64
####,8/5/2026 12:24,6.89,25.36,-18.09
####,8/5/2026 12:39,6.91,25.55,-19.36
####,8/5/2026 12:54,6.95,25.53,-21.49
####,8/5/2026 13:09,7,25.5,-24.47
####,8/5/2026 13:24,7.06,25.21,-27.88
####,8/5/2026 13:39,7.14,25.26,-32.14
####,8/5/2026 13:54,7.24,25.04,-37.99
####,8/5/2026 14:09,7.34,24.94,-43.25
####,8/5/2026 14:24,7.46,24.9,-50.53
####,8/5/2026 14:39,7.57,24.73,-56.41
####,8/5/2026 14:54,7.63,24.46,-60.08
####,8/5/2026 15:09,7.66,24.29,-61.74
####,8/5/2026 15:24,7.68,24.05,-62.38
####,8/5/2026 15:39,7.69,23.74,-62.97
####,8/5/2026 15:54,7.71,23.5,-63.99
####,8/5/2026 16:09,7.72,23.26,-64.56
####,8/5/2026 16:24,7.73,23.04,-65.05
####,8/5/2026 16:39,7.72,22.9,-64.88
####,8/5/2026 16:54,7.73,22.73,-65.02
####,8/5/2026 17:09,7.72,22.56,-64.81
####,8/5/2026 17:24,7.71,22.44,-63.81
####,8/5/2026 17:39,7.63,22.44,-59.69
####,8/5/2026 17:54,7.63,22.51,-59.52
####,8/5/2026 18:09,7.65,23.16,-60.66
####,8/5/2026 18:24,7.68,23.81,-62.46
####,8/5/2026 18:39,7.67,24,-61.86
####,8/5/2026 18:54,7.65,24.19,-60.94
####,8/5/2026 19:09,7.62,24.29,-59.44
####,8/5/2026 19:24,7.62,24.29,-59.06
####,8/5/2026 19:39,7.59,24.51,-57.33
####,8/5/2026 19:54,7.55,24.73,-55.11
####,8/5/2026 20:09,7.51,24.87,-53.27
####,8/5/2026 20:24,7.46,25.04,-50.42
####,8/5/2026 20:39,7.4,25.23,-47.05
####,8/5/2026 20:54,7.31,25.43,-42
####,8/5/2026 21:09,7.22,25.6,-36.86
####,8/5/2026 21:24,7.14,25.74,-32.3
####,8/5/2026 21:39,7.07,25.84,-28.41
####,8/5/2026 21:54,7.02,25.91,-25.52
####,8/5/2026 22:09,6.98,25.96,-23.25
####,8/5/2026 22:24,6.95,26.01,-21.41
####,8/5/2026 22:39,6.92,26.04,-19.47
####,8/5/2026 22:54,6.89,26.01,-18.11
####,8/5/2026 23:09,6.88,25.99,-17.59
####,8/5/2026 23:24,6.87,25.94,-16.88
####,8/5/2026 23:39,6.85,25.91,-15.86
####,8/5/2026 23:54,6.85,25.87,-15.84
####,8/6/2026 0:09,6.84,25.74,-15.11
####,8/6/2026 0:24,6.83,25.79,-14.67
####,8/6/2026 0:39,6.84,25.82,-14.94
####,8/6/2026 0:54,6.85,25.77,-15.63
####,8/6/2026 1:09,6.86,25.72,-16.47
####,8/6/2026 1:24,6.87,25.62,-16.61
####,8/6/2026 1:39,6.89,25.5,-17.75
####,8/6/2026 1:54,6.92,25.36,-19.38
####,8/6/2026 2:09,6.96,25.19,-22.19
####,8/6/2026 2:24,7.01,25.04,-24.97
####,8/6/2026 2:39,7.09,24.8,-29.55
####,8/6/2026 2:54,7.17,24.6,-33.66
####,8/6/2026 3:09,7.25,24.32,-38.24
####,8/6/2026 3:24,7.35,24,-43.97
####,8/6/2026 3:39,7.43,23.76,-48.56
####,8/6/2026 3:54,7.47,23.59,-50.61
####,8/6/2026 4:09,7.51,23.45,-52.69
####,8/6/2026 4:24,7.53,23.38,-53.91
####,8/6/2026 4:39,7.55,23.26,-55.05
####,8/6/2026 4:54,7.56,23.11,-55.97
####,8/6/2026 5:09,7.58,22.92,-56.81
####,8/6/2026 5:24,7.59,22.82,-57.31
####,8/6/2026 5:39,7.57,22.73,-56.06
####,8/6/2026 5:54,7.49,22.7,-51.91
####,8/6/2026 6:09,7.52,22.73,-53.55
####,8/6/2026 6:24,7.5,23.06,-52.49
####,8/6/2026 6:39,7.46,23.16,-50.22
####,8/6/2026 6:54,7.44,23.23,-49.03
####,8/6/2026 7:09,7.42,23.3,-48.1
####,8/6/2026 7:24,7.4,23.4,-46.61
####,8/6/2026 7:39,7.36,23.52,-44.72
####,8/6/2026 7:54,7.36,23.62,-44.41
####,8/6/2026 8:09,7.34,23.76,-43.17
####,8/6/2026 8:24,7.28,23.93,-40.03
####,8/6/2026 8:39,7.22,24.12,-36.78
####,8/6/2026 8:54,7.17,24.32,-34.08
####,8/6/2026 9:09,7.13,24.53,-31.5
####,8/6/2026 9:24,7.07,24.73,-28.31
####,8/6/2026 9:39,7.02,24.9,-25.33
####,8/6/2026 9:54,6.98,25.09,-22.94
####,8/6/2026 10:09,6.94,25.23,-20.94
####,8/6/2026 10:24,6.92,25.33,-19.56
####,8/6/2026 10:39,6.9,25.43,-18.63
####,8/6/2026 10:54,6.89,25.6,-17.7
####,8/6/2026 11:09,6.87,25.79,-16.64
####,8/6/2026 11:24,6.87,26.01,-16.7
####,8/6/2026 11:39,6.87,26.18,-16.95
####,8/6/2026 11:54,6.88,26.43,-17.16
####,8/6/2026 12:09,6.87,26.67,-17
####,8/6/2026 12:24,6.88,26.79,-17.19
####,8/6/2026 12:39,6.88,26.57,-17.45
####,8/6/2026 12:54,6.92,26.7,-19.36
####,8/6/2026 13:09,6.94,26.6,-20.77
####,8/6/2026 13:24,6.97,26.77,-22.27
####,8/6/2026 13:39,7.01,26.67,-24.88
####,8/6/2026 13:54,7.07,26.7,-28.17
####,8/6/2026 14:09,7.16,26.55,-33.25
####,8/6/2026 14:24,7.23,26.43,-37.44
####,8/6/2026 14:39,7.34,26.33,-43.3
####,8/6/2026 14:54,7.43,26.16,-48.53
####,8/6/2026 15:09,7.51,25.99,-52.99
####,8/6/2026 15:24,7.59,25.62,-57.75
####,8/6/2026 15:39,7.65,25.21,-61.08
####,8/6/2026 15:54,7.67,25.02,-62.44
####,8/6/2026 16:09,7.69,24.73,-63.22
####,8/6/2026 16:24,7.7,24.46,-63.94
####,8/6/2026 16:39,7.71,24.24,-64.47
####,8/6/2026 16:54,7.72,24,-64.66
####,8/6/2026 17:09,7.71,23.86,-64.49
####,8/6/2026 17:24,7.73,23.66,-65.31
####,8/6/2026 17:39,7.73,23.4,-65.52
####,8/6/2026 17:54,7.74,23.18,-65.91
####,8/6/2026 18:09,7.74,22.99,-66.03
####,8/6/2026 18:24,7.74,22.85,-65.69
####,8/6/2026 18:39,7.62,22.82,-59.19
####,8/6/2026 18:54,7.64,22.92,-59.94
####,8/6/2026 19:09,7.63,23.47,-59.78
####,8/6/2026 19:24,7.66,23.95,-61.3
####,8/6/2026 19:39,7.62,24.24,-59.45
####,8/6/2026 19:54,7.6,24.48,-58.22
####,8/6/2026 20:09,7.58,24.77,-57
####,8/6/2026 20:24,7.57,25.14,-56.45
####,8/6/2026 20:39,7.55,25.38,-55.14
####,8/6/2026 20:54,7.52,25.5,-53.67
####,8/6/2026 21:09,7.48,25.7,-51.74
####,8/6/2026 21:24,7.43,25.91,-48.61
####,8/6/2026 21:39,7.36,26.16,-44.81
####,8/6/2026 21:54,7.29,26.38,-40.88
####,8/6/2026 22:09,7.21,26.57,-36.38
####,8/6/2026 22:24,7.14,26.72,-31.97
####,8/6/2026 22:39,7.07,26.84,-28.3
####,8/6/2026 22:54,7.01,26.94,-24.69
####,8/6/2026 23:09,6.96,27.01,-22.02
####,8/6/2026 23:24,6.92,27.09,-19.7
####,8/6/2026 23:39,6.89,27.11,-17.77
####,8/6/2026 23:54,6.85,27.14,-15.42
####,8/7/2026 0:09,6.84,27.14,-15.17
####,8/7/2026 0:24,6.83,27.11,-14.53
####,8/7/2026 0:39,6.81,27.09,-13.41
####,8/7/2026 0:54,6.81,27.06,-13.31
####,8/7/2026 1:09,6.8,27.01,-12.64
####,8/7/2026 1:24,6.79,27.01,-12.3
####,8/7/2026 1:39,6.8,27.01,-12.58
####,8/7/2026 1:54,6.81,26.96,-13.14
####,8/7/2026 2:09,6.82,26.92,-13.86
####,8/7/2026 2:24,6.82,26.82,-13.97
####,8/7/2026 2:39,6.83,26.7,-14.36
####,8/7/2026 2:54,6.86,26.57,-16.02
####,8/7/2026 3:09,6.9,26.38,-18.39
####,8/7/2026 3:24,6.94,26.23,-20.84
####,8/7/2026 3:39,7.01,25.99,-24.66
####,8/7/2026 3:54,7.09,25.74,-29.11
####,8/7/2026 4:09,7.16,25.45,-33.33
####,8/7/2026 4:24,7.26,25.11,-38.94
####,8/7/2026 4:39,7.34,24.85,-43.6
####,8/7/2026 4:54,7.38,24.65,-45.6
####,8/7/2026 5:09,7.41,24.51,-47.41
####,8/7/2026 5:24,7.44,24.44,-48.97
####,8/7/2026 5:39,7.47,24.29,-50.88
####,8/7/2026 5:54,7.5,24.15,-52.66
####,8/7/2026 6:09,7.51,24.03,-53.27
####,8/7/2026 6:24,7.52,23.95,-53.78
####,8/7/2026 6:39,7.5,23.91,-52.61
####,8/7/2026 6:54,7.44,23.88,-49.02
####,8/7/2026 7:09,7.4,23.95,-46.94
####,8/7/2026 7:24,7.38,24.24,-45.7
####,8/7/2026 7:39,7.33,24.41,-43.1
####,8/7/2026 7:54,7.32,24.48,-42.49
####,8/7/2026 8:09,7.29,24.53,-40.83
####,8/7/2026 8:24,7.31,24.68,-41.49
####,8/7/2026 8:39,7.26,24.8,-38.78
####,8/7/2026 8:54,7.23,24.94,-37.11
####,8/7/2026 9:09,7.19,25.09,-35.13
####,8/7/2026 9:24,7.16,25.31,-33.09
####,8/7/2026 9:39,7.14,25.5,-31.97
####,8/7/2026 9:54,7.1,25.72,-29.94
####,8/7/2026 10:09,7.05,25.94,-27.22
####,8/7/2026 10:24,7.01,26.23,-24.7
####,8/7/2026 10:39,6.97,26.52,-22.27
####,8/7/2026 10:54,6.93,26.77,-20.23
####,8/7/2026 11:09,6.9,26.94,-18.59
####,8/7/2026 11:24,6.88,27.09,-17.61
####,8/7/2026 11:39,6.87,27.26,-16.92
####,8/7/2026 11:54,6.86,27.43,-16.22
####,8/7/2026 12:09,6.85,27.63,-15.75
####,8/7/2026 12:24,6.85,27.75,-15.55
####,8/7/2026 12:39,6.85,27.95,-15.64
####,8/7/2026 12:54,6.87,28.15,-16.84
####,8/7/2026 13:09,6.87,28.32,-16.83
####,8/7/2026 13:24,6.88,28.39,-17.05
####,8/7/2026 13:39,6.89,28.47,-18.05
####,8/7/2026 13:54,6.92,28.54,-19.8
####,8/7/2026 14:09,6.94,28.42,-21.02
####,8/7/2026 14:24,6.97,28.54,-22.66
####,8/7/2026 14:39,7.03,28.52,-25.97
####,8/7/2026 14:54,7.11,28.64,-30.56
####,8/7/2026 15:09,7.17,28.37,-33.91
####,8/7/2026 15:24,7.26,28.34,-39.13
####,8/7/2026 15:39,7.37,28.15,-45.6
####,8/7/2026 15:54,7.47,27.95,-50.95
####,8/7/2026 16:09,7.57,27.63,-56.94
####,8/7/2026 16:24,7.65,27.09,-61.56
####,8/7/2026 16:39,7.7,26.77,-63.91
####,8/7/2026 16:54,7.71,26.62,-64.92
####,8/7/2026 17:09,7.73,26.28,-65.85
####,8/7/2026 17:24,7.74,25.99,-66.33
####,8/7/2026 17:39,7.75,25.72,-66.94
####,8/7/2026 17:54,7.76,25.45,-67.42
####,8/7/2026 18:09,7.77,25.26,-67.63
####,8/7/2026 18:24,7.77,24.97,-68.02
####,8/7/2026 18:39,7.78,24.58,-68.52
####,8/7/2026 18:54,7.79,24.29,-68.75
####,8/7/2026 19:09,7.79,24.03,-68.96
####,8/7/2026 19:24,7.79,23.88,-68.58
####,8/7/2026 19:39,7.71,23.86,-64.08
####,8/7/2026 19:54,7.7,24,-63.72
####,8/7/2026 20:09,7.69,24.97,-63.28
####,8/7/2026 20:24,7.7,25.26,-63.8
####,8/7/2026 20:39,7.71,25.36,-64.31
####,8/7/2026 20:54,7.68,25.67,-62.63
####,8/7/2026 21:09,7.64,26.18,-60.66
####,8/7/2026 21:24,7.61,26.45,-59.05
####,8/7/2026 21:39,7.58,26.6,-57.36
####,8/7/2026 21:54,7.56,26.77,-56.36
####,8/7/2026 22:09,7.53,26.96,-54.44
####,8/7/2026 22:24,7.47,27.21,-51.02
####,8/7/2026 22:39,7.4,27.48,-47.22
####,8/7/2026 22:54,7.32,27.78,-42.55
####,8/7/2026 23:09,7.23,28,-37.53
####,8/7/2026 23:24,7.15,28.17,-33.02
####,8/7/2026 23:39,7.08,28.3,-28.88
####,8/7/2026 23:54,7.02,28.37,-25.63
####,8/8/2026 0:09,6.97,28.44,-22.5
####,8/8/2026 0:24,6.93,28.47,-19.91
####,8/8/2026 0:39,6.88,28.47,-17.45
####,8/8/2026 0:54,6.85,28.42,-15.42
####,8/8/2026 1:09,6.82,28.37,-14.09
####,8/8/2026 1:24,6.81,28.34,-13.56
####,8/8/2026 1:39,6.8,28.3,-13.02
####,8/8/2026 1:54,6.8,28.25,-12.97
####,8/8/2026 2:09,6.79,28.17,-12.34
####,8/8/2026 2:24,6.81,27.9,-13.5
####,8/8/2026 2:39,6.8,28,-12.67
####,8/8/2026 2:54,6.81,27.9,-13.05
####,8/8/2026 3:09,6.8,27.97,-12.94
####,8/8/2026 3:24,6.81,27.85,-13.33
####,8/8/2026 3:39,6.8,27.63,-12.73
####,8/8/2026 3:54,6.81,27.53,-13.52
####,8/8/2026 4:09,6.84,27.38,-15.09
####,8/8/2026 4:24,6.87,27.43,-16.73
####,8/8/2026 4:39,6.91,27.26,-19.09
####,8/8/2026 4:54,6.98,27.01,-23.11
####,8/8/2026 5:09,7.05,26.74,-27.2
####,8/8/2026 5:24,7.16,26.35,-33.05
####,8/8/2026 5:39,7.25,26.06,-38.58
####,8/8/2026 5:54,7.31,25.84,-42.03
####,8/8/2026 6:09,7.36,25.67,-44.69
####,8/8/2026 6:24,7.39,25.6,-46.2
####,8/8/2026 6:39,7.42,25.5,-47.97
####,8/8/2026 6:54,7.45,25.36,-49.77
####,8/8/2026 7:09,7.48,25.21,-51.33
####,8/8/2026 7:24,7.48,25.14,-51.14
####,8/8/2026 7:39,7.47,25.06,-50.85
####,8/8/2026 7:54,7.36,25.04,-44.8
####,8/8/2026 8:09,7.32,25.06,-42.28
####,8/8/2026 8:24,7.32,25.26,-42.31
####,8/8/2026 8:39,7.34,25.53,-43.25
####,8/8/2026 8:54,7.36,25.67,-44.77
####,8/8/2026 9:09,7.35,25.74,-43.99
####,8/8/2026 9:24,7.33,25.87,-43.06
####,8/8/2026 9:39,7.3,25.99,-41.14
####,8/8/2026 9:54,7.27,26.11,-39.42
####,8/8/2026 10:09,7.21,26.28,-36.02
####,8/8/2026 10:24,7.15,26.48,-32.66
####,8/8/2026 10:39,7.11,26.65,-30.45
####,8/8/2026 10:54,7.07,26.87,-28.2
####,8/8/2026 11:09,7.03,27.06,-25.67
####,8/8/2026 11:24,6.98,27.33,-23.17
####,8/8/2026 11:39,6.94,27.63,-20.59
####,8/8/2026 11:54,6.91,27.83,-18.77
####,8/8/2026 12:09,6.87,27.9,-16.61
####,8/8/2026 12:24,6.84,28,-15.23
####,8/8/2026 12:39,6.83,28.2,-14.67
####,8/8/2026 12:54,6.81,28.3,-13.59
####,8/8/2026 13:09,6.8,28.37,-12.73
####,8/8/2026 13:24,6.81,28.44,-13.17
####,8/8/2026 13:39,6.8,28.64,-12.66
####,8/8/2026 13:54,6.8,28.82,-12.77
####,8/8/2026 14:09,6.82,28.97,-14.08
####,8/8/2026 14:24,6.82,29.09,-13.67
####,8/8/2026 14:39,6.84,29.02,-14.78
####,8/8/2026 14:54,6.87,29.07,-16.7
####,8/8/2026 15:09,6.89,29.02,-17.59
####,8/8/2026 15:24,6.91,29.16,-19.23
####,8/8/2026 15:39,6.96,29.19,-22
####,8/8/2026 15:54,7.02,29.21,-25.19
####,8/8/2026 16:09,7.08,29.09,-28.66
####,8/8/2026 16:24,7.17,29.04,-33.8
####,8/8/2026 16:39,7.28,28.92,-40.33
####,8/8/2026 16:54,7.38,28.67,-46.02
####,8/8/2026 17:09,7.47,28.37,-51.27
####,8/8/2026 17:24,7.59,27.87,-57.99
####,8/8/2026 17:39,7.65,27.51,-61.42
####,8/8/2026 17:54,7.68,27.38,-62.91
####,8/8/2026 18:09,7.69,27.06,-63.85
####,8/8/2026 18:24,7.71,26.62,-64.72
####,8/8/2026 18:39,7.73,26.3,-65.81
####,8/8/2026 18:54,7.74,26.08,-66.13
####,8/8/2026 19:09,7.73,25.79,-65.91
####,8/8/2026 19:24,7.75,25.4,-66.67
####,8/8/2026 19:39,7.77,24.87,-67.75
####,8/8/2026 19:54,7.78,24.46,-68.24
####,8/8/2026 20:09,7.79,24.22,-68.58
####,8/8/2026 20:24,7.78,24.05,-68.17
####,8/8/2026 20:39,7.76,23.88,-67.24
####,8/8/2026 20:54,7.64,23.88,-60.35
####,8/8/2026 21:09,7.63,23.93,-59.53
####,8/8/2026 21:24,7.68,24.39,-62.81
####,8/8/2026 21:39,7.67,24.99,-62.16
####,8/8/2026 21:54,7.66,25.23,-61.44
####,8/8/2026 22:09,7.64,25.67,-60.27
####,8/8/2026 22:24,7.59,26.35,-57.58
####,8/8/2026 22:39,7.55,26.65,-55.25
####,8/8/2026 22:54,7.51,26.87,-53.16
####,8/8/2026 23:09,7.46,27.06,-50.28
####,8/8/2026 23:24,7.4,27.21,-46.8
####,8/8/2026 23:39,7.33,27.41,-42.95
####,8/8/2026 23:54,7.24,27.63,-37.91
####,8/9/2026 0:09,7.15,27.85,-32.58
####,8/9/2026 0:24,7.06,28,-27.78
####,8/9/2026 0:39,6.98,28.07,-23.28
####,8/9/2026 0:54,6.92,28.12,-19.89
####,8/9/2026 1:09,6.88,28.15,-17.13
####,8/9/2026 1:24,6.84,28.15,-14.81
####,8/9/2026 1:39,6.8,28.12,-12.97
####,8/9/2026 1:54,6.77,28.07,-11.28
####,8/9/2026 2:09,6.75,28.02,-10.11
####,8/9/2026 2:24,6.75,27.92,-9.94
####,8/9/2026 2:39,6.74,27.83,-9.55
####,8/9/2026 2:54,6.74,27.68,-9.39
####,8/9/2026 3:09,6.74,27.58,-9.58
####,8/9/2026 3:24,6.74,27.41,-9.39
####,8/9/2026 3:39,6.74,27.36,-9.06
####,8/9/2026 3:54,6.73,27.46,-8.91
####,8/9/2026 4:09,6.74,27.41,-9.2
####,8/9/2026 4:24,6.74,27.46,-9.14
####,8/9/2026 4:39,6.74,27.28,-9.14
####,8/9/2026 4:54,6.74,27.09,-9.22
####,8/9/2026 5:09,6.76,26.92,-10.36
####,8/9/2026 5:24,6.78,26.82,-11.91
####,8/9/2026 5:39,6.82,26.67,-14.09
####,8/9/2026 5:54,6.87,26.48,-16.95
####,8/9/2026 6:09,6.92,26.3,-19.83
####,8/9/2026 6:24,7.01,25.94,-24.97
####,8/9/2026 6:39,7.13,25.74,-31.74
####,8/9/2026 6:54,7.21,25.55,-36.05
####,8/9/2026 7:09,7.24,25.4,-38.05
####,8/9/2026 7:24,7.29,25.36,-40.64
####,8/9/2026 7:39,7.34,25.28,-43.63
####,8/9/2026 7:54,7.39,25.21,-46.19
####,8/9/2026 8:09,7.41,25.09,-47.69
####,8/9/2026 8:24,7.43,24.94,-48.58
####,8/9/2026 8:39,7.44,24.82,-49.35
####,8/9/2026 8:54,7.42,24.75,-48.06
####,8/9/2026 9:09,7.32,24.73,-42.17
####,8/9/2026 9:24,7.29,24.73,-40.72
####,8/9/2026 9:39,7.28,25.21,-40.24
####,8/9/2026 9:54,7.31,25.48,-41.58
####,8/9/2026 10:09,7.31,25.57,-41.94
####,8/9/2026 10:24,7.25,25.67,-38.61
####,8/9/2026 10:39,7.29,25.77,-40.49
####,8/9/2026 10:54,7.28,25.87,-39.92
####,8/9/2026 11:09,7.26,25.99,-39
####,8/9/2026 11:24,7.23,26.13,-37.24
####,8/9/2026 11:39,7.17,26.26,-33.95
####,8/9/2026 11:54,7.13,26.45,-31.52
####,8/9/2026 12:09,7.06,26.62,-27.45
####,8/9/2026 12:24,7.01,26.87,-24.75
####,8/9/2026 12:39,6.96,27.01,-21.72
####,8/9/2026 12:54,6.92,27.23,-19.36
####,8/9/2026 13:09,6.88,27.41,-17.5
####,8/9/2026 13:24,6.86,27.55,-16.03
####,8/9/2026 13:39,6.83,27.68,-14.42
####,8/9/2026 13:54,6.82,27.78,-13.7
####,8/9/2026 14:09,6.8,27.9,-12.64
####,8/9/2026 14:24,6.79,28.07,-12
####,8/9/2026 14:39,6.79,28.2,-11.89
####,8/9/2026 14:54,6.81,28.32,-13.17
####,8/9/2026 15:09,6.81,28.47,-13.53
####,8/9/2026 15:24,6.83,28.62,-14.17
####,8/9/2026 15:39,6.84,28.67,-15
####,8/9/2026 15:54,6.86,28.62,-16.08
####,8/9/2026 16:09,6.87,28.49,-16.84
####,8/9/2026 16:24,6.88,28.49,-17.42
####,8/9/2026 16:39,6.92,28.54,-19.89
####,8/9/2026 16:54,6.97,28.49,-22.24
####,8/9/2026 17:09,7.06,28.39,-27.64
####,8/9/2026 17:24,7.13,28.27,-31.42
####,8/9/2026 17:39,7.24,28.17,-37.94
####,8/9/2026 17:54,7.34,27.97,-43.63
####,8/9/2026 18:09,7.46,27.75,-50.31
####,8/9/2026 18:24,7.58,27.31,-57.17
####,8/9/2026 18:39,7.65,26.89,-61.14
####,8/9/2026 18:54,7.68,26.67,-62.69
####,8/9/2026 19:09,7.7,26.23,-64.16
####,8/9/2026 19:24,7.72,25.82,-65.25
####,8/9/2026 19:39,7.73,25.53,-65.88
####,8/9/2026 19:54,7.74,25.23,-66.39
####,8/9/2026 20:09,7.76,24.9,-67.02
####,8/9/2026 20:24,7.77,24.44,-67.64
####,8/9/2026 20:39,7.79,23.86,-68.56
####,8/9/2026 20:54,7.79,23.47,-68.83
####,8/9/2026 21:09,7.8,23.21,-69.03
####,8/9/2026 21:24,7.8,22.99,-69.08
####,8/9/2026 21:39,7.8,22.8,-69.05
####,8/9/2026 21:54,7.77,22.7,-67.67
####,8/9/2026 22:09,7.65,22.7,-60.91
####,8/9/2026 22:24,7.69,22.94,-63.19
####,8/9/2026 22:39,7.68,23.35,-62.49
####,8/9/2026 22:54,7.67,23.64,-61.96
####,8/9/2026 23:09,7.67,24.19,-61.88
####,8/9/2026 23:24,7.63,24.8,-59.94
####,8/9/2026 23:39,7.6,25.16,-57.99
####,8/9/2026 23:54,7.56,25.53,-55.74
####,8/10/2026 0:09,7.5,25.87,-52.49
####,8/10/2026 0:24,7.44,26.01,-49.35
####,8/10/2026 0:39,7.37,26.21,-45.39
####,8/10/2026 0:54,7.3,26.4,-41.25
####,8/10/2026 1:09,7.21,26.6,-36.09
####,8/10/2026 1:24,7.12,26.74,-31.22
####,8/10/2026 1:39,7.04,26.82,-26.53
####,8/10/2026 1:54,6.97,26.89,-22.33
####,8/10/2026 2:09,6.91,26.94,-18.86
####,8/10/2026 2:24,6.86,26.96,-16.16
####,8/10/2026 2:39,6.82,26.94,-13.92
####,8/10/2026 2:54,6.79,26.89,-12.13
####,8/10/2026 3:09,6.77,26.84,-10.95
####,8/10/2026 3:24,6.76,26.79,-10.59
####,8/10/2026 3:39,6.75,26.7,-10.09
####,8/10/2026 3:54,6.75,26.57,-10
####,8/10/2026 4:09,6.75,26.5,-9.88
####,8/10/2026 4:24,6.75,25.09,-10.02
####,8/10/2026 4:39,6.97,22.7,-22.3
####,8/10/2026 4:54,7.04,22.11,-26.22
####,8/10/2026 5:09,6.78,26.11,-11.52
####,8/10/2026 5:24,6.75,26.23,-10.13
####,8/10/2026 5:39,6.75,26.26,-9.81
####,8/10/2026 5:54,6.74,25.94,-9.66
####,8/10/2026 6:09,6.75,25.82,-10.25
####,8/10/2026 6:24,6.78,25.62,-11.64
####,8/10/2026 6:39,6.8,25.6,-12.98
####,8/10/2026 6:54,6.85,25.43,-15.59
####,8/10/2026 7:09,6.9,25.28,-18.61
####,8/10/2026 7:24,6.99,25.14,-23.39
####,8/10/2026 7:39,7.11,24.92,-30.7
####,8/10/2026 7:54,7.18,24.75,-34.22
####,8/10/2026 8:09,7.23,24.6,-37.11
####,8/10/2026 8:24,7.28,24.51,-39.81
####,8/10/2026 8:39,7.33,24.48,-43.05
####,8/10/2026 8:54,7.38,24.44,-45.53
####,8/10/2026 9:09,7.41,24.29,-47.6
####,8/10/2026 9:24,7.44,24.15,-48.95
####,8/10/2026 9:39,7.46,24.03,-50.11
####,8/10/2026 9:54,7.47,23.93,-50.52
####,8/10/2026 10:09,7.4,23.88,-47.02
####,8/10/2026 10:24,7.29,23.91,-40.84
####,8/10/2026 10:39,7.29,24.03,-40.39
####,8/10/2026 10:54,7.29,24.41,-40.61
####,8/10/2026 11:09,7.29,24.58,-40.64
####,8/10/2026 11:24,7.27,24.7,-39.2
####,8/10/2026 11:39,7.27,24.82,-39.58
####,8/10/2026 11:54,7.24,24.92,-37.64
####,8/10/2026 12:09,7.21,25.02,-35.81
####,8/10/2026 12:24,7.19,25.11,-34.77
####,8/10/2026 12:39,7.15,25.26,-32.52
####,8/10/2026 12:54,7.12,25.38,-30.77
####,8/10/2026 13:09,7.09,25.53,-29.28
####,8/10/2026 13:24,7.05,25.7,-27.2
####,8/10/2026 13:39,7,25.87,-24.22
####,8/10/2026 13:54,6.95,26.01,-21.33
####,8/10/2026 14:09,6.9,26.18,-18.73
####,8/10/2026 14:24,6.88,26.38,-17.52
####,8/10/2026 14:39,6.85,26.55,-15.84
####,8/10/2026 14:54,6.83,26.65,-14.44
####,8/10/2026 15:09,6.81,26.77,-13.47
####,8/10/2026 15:24,6.79,26.87,-12.06
####,8/10/2026 15:39,6.78,26.94,-11.91
####,8/10/2026 15:54,6.79,27.06,-12.38
####,8/10/2026 16:09,6.8,27.21,-12.7
####,8/10/2026 16:24,6.79,27.31,-11.97
####,8/10/2026 16:39,6.79,27.38,-12.05
####,8/10/2026 16:54,6.81,27.33,-13.34
####,8/10/2026 17:09,6.82,27.31,-14
####,8/10/2026 17:24,6.83,27.21,-14.77
####,8/10/2026 17:39,6.86,27.21,-16.19
####,8/10/2026 17:54,6.9,27.16,-18.48
####,8/10/2026 18:09,6.97,27.09,-22.31
####,8/10/2026 18:24,7.02,26.96,-25.61
####,8/10/2026 18:39,7.12,26.82,-31.02
####,8/10/2026 18:54,7.21,26.65,-35.89
####,8/10/2026 19:09,7.33,26.4,-43.14
####,8/10/2026 19:24,7.44,26.13,-49.5
####,8/10/2026 19:39,7.52,25.91,-53.53
####,8/10/2026 19:54,7.53,25.77,-54.28
####,8/10/2026 20:09,7.56,25.48,-55.74
####,8/10/2026 20:24,7.59,25.06,-57.41
####,8/10/2026 20:39,7.62,24.73,-59.25
####,8/10/2026 20:54,7.64,24.39,-60.24
####,8/10/2026 21:09,7.67,23.98,-62.03
####,8/10/2026 21:24,7.71,23.45,-64.49
####,8/10/2026 21:39,7.74,23.06,-65.83
####,8/10/2026 21:54,7.74,22.75,-66.05
####,8/10/2026 22:09,7.76,22.37,-66.74
####,8/10/2026 22:24,7.77,22.11,-67.21
####,8/10/2026 22:39,7.77,21.84,-67.53
####,8/10/2026 22:54,7.77,21.49,-67.31
####,8/10/2026 23:09,7.73,21.32,-65.06
####,8/10/2026 23:24,7.66,21.41,-61.05
####,8/10/2026 23:39,7.67,22.08,-61.96
####,8/10/2026 23:54,7.68,22.37,-62.61
####,8/11/2026 0:09,7.66,22.75,-61.47
####,8/11/2026 0:24,7.62,23.16,-58.88
####,8/11/2026 0:39,7.58,23.52,-57.14
####,8/11/2026 0:54,7.53,23.83,-54.31
####,8/11/2026 1:09,7.48,24.22,-51.45
####,8/11/2026 1:24,7.4,24.73,-47
####,8/11/2026 1:39,7.33,24.97,-42.86
####,8/11/2026 1:54,7.26,25.19,-38.66
####,8/11/2026 2:09,7.17,25.36,-34.05
####,8/11/2026 2:24,7.1,25.45,-29.77
####,8/11/2026 2:39,7.03,25.5,-25.8
####,8/11/2026 2:54,6.97,25.55,-22.28
####,8/11/2026 3:09,6.92,25.57,-19.44
####,8/11/2026 3:24,6.87,25.62,-17.05
####,8/11/2026 3:39,6.84,25.62,-15.16
####,8/11/2026 3:54,6.81,25.62,-13.64
####,8/11/2026 4:09,6.79,25.62,-12.14
####,8/11/2026 4:24,6.77,25.6,-11.16
####,8/11/2026 4:39,6.77,25.57,-10.92
####,8/11/2026 4:54,6.76,25.53,-10.59
####,8/11/2026 5:09,6.75,25.5,-10.2
####,8/11/2026 5:24,6.75,25.45,-10.23
####,8/11/2026 5:39,6.75,24.22,-9.97
####,8/11/2026 5:54,6.92,22.85,-19.56
####,8/11/2026 6:09,6.81,24.48,-13.25
####,8/11/2026 6:24,6.76,25.26,-10.55
####,8/11/2026 6:39,6.75,25.28,-10.16
####,8/11/2026 6:54,6.75,25.26,-10.23
####,8/11/2026 7:09,6.76,25.02,-10.42
####,8/11/2026 7:24,6.77,24.9,-11.44
####,8/11/2026 7:39,6.8,24.85,-12.69
####,8/11/2026 7:54,6.83,24.73,-14.84
####,8/11/2026 8:09,6.88,24.63,-17.31
####,8/11/2026 8:24,6.95,24.53,-21.59
####,8/11/2026 8:39,7.06,24.41,-27.67
####,8/11/2026 8:54,7.12,24.24,-30.95
####,8/11/2026 9:09,7.16,24.12,-33.45
####,8/11/2026 9:24,7.21,24.07,-36.3
####,8/11/2026 9:39,7.28,24.03,-40.13
####,8/11/2026 9:54,7.32,23.91,-42.31
####,8/11/2026 10:09,7.34,23.76,-43.38
####,8/11/2026 10:24,7.36,23.69,-44.52
####,8/11/2026 10:39,7.38,23.57,-45.8
####,8/11/2026 10:54,7.4,23.5,-46.64
####,8/11/2026 11:09,7.4,23.45,-46.52
####,8/11/2026 11:24,7.34,23.4,-43.45
####,8/11/2026 11:39,7.29,23.42,-40.69
####,8/11/2026 11:54,7.29,23.57,-40.53
####,8/11/2026 12:09,7.31,24.27,-41.67
####,8/11/2026 12:24,7.31,24.34,-41.56
####,8/11/2026 12:39,7.24,24.41,-37.77
####,8/11/2026 12:54,7.2,24.63,-35.5
####,8/11/2026 13:09,7.18,24.8,-34.28
####,8/11/2026 13:24,7.16,24.94,-33.19
####,8/11/2026 13:39,7.14,25.06,-32.16
####,8/11/2026 13:54,7.1,25.19,-29.97
####,8/11/2026 14:09,7.07,25.31,-27.97
####,8/11/2026 14:24,7.03,25.38,-25.63
####,8/11/2026 14:39,6.98,25.53,-23.33
####,8/11/2026 14:54,6.95,25.7,-21.52
####,8/11/2026 15:09,6.92,25.87,-19.59
####,8/11/2026 15:24,6.88,25.99,-17.53
####,8/11/2026 15:39,6.85,26.11,-15.77
####,8/11/2026 15:54,6.83,26.26,-14.66
####,8/11/2026 16:09,6.82,26.35,-13.95
####,8/11/2026 16:24,6.8,26.48,-12.98
####,8/11/2026 16:39,6.8,26.55,-12.91
####,8/11/2026 16:54,6.8,26.62,-12.73
####,8/11/2026 17:09,6.8,26.67,-12.67
####,8/11/2026 17:24,6.8,26.7,-13.05
####,8/11/2026 17:39,6.81,26.67,-13.5
####,8/11/2026 17:54,6.81,26.72,-13.64
####,8/11/2026 18:09,6.81,26.79,-13.61
####,8/11/2026 18:24,6.82,26.72,-13.91
####,8/11/2026 18:39,6.83,26.65,-14.59
####,8/11/2026 18:54,6.85,26.62,-15.86
####,8/11/2026 19:09,6.9,26.55,-18.36
####,8/11/2026 19:24,6.94,26.45,-20.55
####,8/11/2026 19:39,6.99,26.21,-23.83
####,8/11/2026 19:54,7.06,26.04,-27.89
####,8/11/2026 20:09,7.17,25.74,-33.84
####,8/11/2026 20:24,7.27,25.48,-39.52
####,8/11/2026 20:39,7.34,25.33,-43.45
####,8/11/2026 20:54,7.37,25.16,-45.08
####,8/11/2026 21:09,7.42,24.82,-47.88
####,8/11/2026 21:24,7.47,24.46,-50.74
####,8/11/2026 21:39,7.51,24.15,-52.77
####,8/11/2026 21:54,7.54,23.83,-54.64
####,8/11/2026 22:09,7.57,23.42,-56.42
####,8/11/2026 22:24,7.61,22.9,-58.8
####,8/11/2026 22:39,7.64,22.51,-60.33
####,8/11/2026 22:54,7.69,21.94,-63.06
####,8/11/2026 23:09,7.73,21.49,-65.35
####,8/11/2026 23:24,7.76,21.25,-66.94
####,8/11/2026 23:39,7.78,21.03,-67.86
####,8/11/2026 23:54,7.79,20.82,-68.49
####,8/12/2026 0:09,7.75,20.77,-65.89
####,8/12/2026 0:24,7.64,20.77,-60.05
####,8/12/2026 0:39,7.65,21.22,-60.69
####,8/12/2026 0:54,7.66,21.44,-61.27
####,8/12/2026 1:09,7.67,21.65,-61.74
####,8/12/2026 1:24,7.64,21.99,-60.16
####,8/12/2026 1:39,7.59,22.42,-57.5
####,8/12/2026 1:54,7.54,22.7,-54.41
####,8/12/2026 2:09,7.47,23.06,-50.85
####,8/12/2026 2:24,7.39,23.57,-46.1
####,8/12/2026 2:39,7.31,23.86,-41.75
####,8/12/2026 2:54,7.23,24.05,-37.34
####,8/12/2026 3:09,7.16,24.17,-33.06
####,8/12/2026 3:24,7.08,24.24,-28.95
####,8/12/2026 3:39,7.03,24.27,-25.66
####,8/12/2026 3:54,6.97,24.29,-22.69
####,8/12/2026 4:09,6.93,24.29,-20.25
####,8/12/2026 4:24,6.89,24.29,-18.23
####,8/12/2026 4:39,6.87,24.27,-16.67
####,8/12/2026 4:54,6.84,24.24,-15.27
####,8/12/2026 5:09,6.82,24.24,-14.22
####,8/12/2026 5:24,6.8,24.22,-13.17
####,8/12/2026 5:39,6.8,24.17,-12.63
####,8/12/2026 5:54,6.79,24.12,-12.11
####,8/12/2026 6:09,6.78,24.07,-11.69
####,8/12/2026 6:24,6.78,24.03,-11.64
####,8/12/2026 6:39,6.78,23.81,-11.78
####,8/12/2026 6:54,6.94,22.73,-20.64