#,Date-Time (EDT),"Temperature , °C","Absolute Pressure , kPa"
1,6/12/2026 10:35,27.31,100.276
2,6/12/2026 10:50,27.98,100.263
3,6/12/2026 11:05,23.55,125.397
4,6/12/2026 11:20,22.5,124.267
5,6/12/2026 11:35,22.59,123.174
6,6/12/2026 11:50,22.79,121.849
7,6/12/2026 12:05,23.04,120.548
8,6/12/2026 12:20,23.32,119.277
9,6/12/2026 12:35,23.57,118.002
10,6/12/2026 12:50,23.83,116.674
11,6/12/2026 13:05,24.15,115.389
12,6/12/2026 13:20,24.45,114.184
13,6/12/2026 13:35,24.74,112.988
14,6/12/2026 13:50,25.05,111.839
15,6/12/2026 14:05,25.34,110.731
16,6/12/2026 14:20,25.56,109.631
17,6/12/2026 14:35,25.79,108.574
18,6/12/2026 14:50,25.97,107.599
19,6/12/2026 15:05,26.17,106.645
20,6/12/2026 15:20,26.37,105.849
21,6/12/2026 15:35,26.54,105.173
22,6/12/2026 15:50,26.69,104.63
23,6/12/2026 16:05,26.86,104.504
24,6/12/2026 16:20,26.9,105.192
25,6/12/2026 16:35,26.96,106.133
26,6/12/2026 16:50,26.86,107.171
27,6/12/2026 17:05,26.83,108.431
28,6/12/2026 17:20,26.9,109.661
29,6/12/2026 17:35,26.88,110.956
30,6/12/2026 17:50,26.65,112.397
31,6/12/2026 18:05,26.35,113.988
32,6/12/2026 18:20,26.03,115.763
33,6/12/2026 18:35,25.64,117.742
34,6/12/2026 18:50,25.11,119.862
35,6/12/2026 19:05,24.39,122.015
36,6/12/2026 19:20,24.07,124.198
37,6/12/2026 19:35,23.56,126.246
38,6/12/2026 19:50,22.95,128.106
39,6/12/2026 20:05,22.57,129.607
40,6/12/2026 20:20,22.27,130.884
41,6/12/2026 20:35,21.85,131.942
42,6/12/2026 20:50,21.13,132.704
43,6/12/2026 21:05,20.5,133.451
44,6/12/2026 21:20,19.96,134.074
45,6/12/2026 21:35,19.46,134.602
46,6/12/2026 21:50,18.98,134.983
47,6/12/2026 22:05,18.84,135.19
48,6/12/2026 22:20,18.72,135.217
49,6/12/2026 22:35,18.69,134.906
50,6/12/2026 22:50,18.74,134.272
51,6/12/2026 23:05,19,133.416
52,6/12/2026 23:20,19.45,132.439
53,6/12/2026 23:35,20.01,131.275
54,6/12/2026 23:50,20.35,130.044
55,6/13/2026 0:05,20.84,128.549
56,6/13/2026 0:20,21.39,126.697
57,6/13/2026 0:35,21.98,124.813
58,6/13/2026 0:50,22.6,123.057
59,6/13/2026 1:05,23.12,121.359
60,6/13/2026 1:20,23.51,119.781
61,6/13/2026 1:35,23.83,118.253
62,6/13/2026 1:50,24.09,116.808
63,6/13/2026 2:05,24.31,115.434
64,6/13/2026 2:20,24.48,114.097
65,6/13/2026 2:35,24.62,112.795
66,6/13/2026 2:50,24.73,111.571
67,6/13/2026 3:05,24.81,110.369
68,6/13/2026 3:20,24.86,109.229
69,6/13/2026 3:35,24.9,108.13
70,6/13/2026 3:50,24.9,107.09
71,6/13/2026 4:05,24.89,106.15
72,6/13/2026 4:20,24.85,105.247
73,6/13/2026 4:35,24.81,104.473
74,6/13/2026 4:50,24.77,103.76
75,6/13/2026 5:05,24.57,103.17
76,6/13/2026 5:20,24.49,102.887
77,6/13/2026 5:35,24.49,103.718
78,6/13/2026 5:50,24.56,104.687
79,6/13/2026 6:05,24.47,105.841
80,6/13/2026 6:20,24.39,107.26
81,6/13/2026 6:35,23.98,108.802
82,6/13/2026 6:50,23.73,110.328
83,6/13/2026 7:05,23.56,112.007
84,6/13/2026 7:20,23.28,113.718
85,6/13/2026 7:35,23.02,115.572
86,6/13/2026 7:50,22.63,117.58
87,6/13/2026 8:05,22.32,119.65
88,6/13/2026 8:20,22.09,121.807
89,6/13/2026 8:35,21.91,123.904
90,6/13/2026 8:50,21.77,125.901
91,6/13/2026 9:05,21.64,127.598
92,6/13/2026 9:20,21.48,128.952
93,6/13/2026 9:35,21.33,130.035
94,6/13/2026 9:50,21.18,130.921
95,6/13/2026 10:05,21.07,131.485
96,6/13/2026 10:20,20.96,131.81
97,6/13/2026 10:35,20.82,131.904
98,6/13/2026 10:50,20.78,131.739
99,6/13/2026 11:05,20.78,131.387
100,6/13/2026 11:20,21.2,130.707
101,6/13/2026 11:35,21.77,129.7
102,6/13/2026 11:50,21.96,128.392
103,6/13/2026 12:05,22.13,126.958
104,6/13/2026 12:20,22.41,125.533
105,6/13/2026 12:35,22.61,124.261
106,6/13/2026 12:50,22.82,122.915
107,6/13/2026 13:05,23,121.49
108,6/13/2026 13:20,23.23,120.109
109,6/13/2026 13:35,23.45,118.729
110,6/13/2026 13:50,23.71,117.371
111,6/13/2026 14:05,23.97,116.018
112,6/13/2026 14:20,24.25,114.676
113,6/13/2026 14:35,24.58,113.43
114,6/13/2026 14:50,24.86,112.222
115,6/13/2026 15:05,25.11,111.047
116,6/13/2026 15:20,25.36,109.889
117,6/13/2026 15:35,25.59,108.798
118,6/13/2026 15:50,25.83,107.724
119,6/13/2026 16:05,26.02,106.733
120,6/13/2026 16:20,26.23,105.9
121,6/13/2026 16:35,26.36,105.096
122,6/13/2026 16:50,26.49,104.477
123,6/13/2026 17:05,26.6,103.999
124,6/13/2026 17:20,26.67,104.667
125,6/13/2026 17:35,26.71,105.648
126,6/13/2026 17:50,26.59,106.835
127,6/13/2026 18:05,26.49,108.11
128,6/13/2026 18:20,26.54,109.538
129,6/13/2026 18:35,26.43,111.017
130,6/13/2026 18:50,26.17,112.666
131,6/13/2026 19:05,25.86,114.365
132,6/13/2026 19:20,25.49,116.393
133,6/13/2026 19:35,25.06,118.498
134,6/13/2026 19:50,24.41,120.85
135,6/13/2026 20:05,24.07,123.253
136,6/13/2026 20:20,23.82,125.603
137,6/13/2026 20:35,23.45,127.743
138,6/13/2026 20:50,23.02,129.524
139,6/13/2026 21:05,22.73,131.1
140,6/13/2026 21:20,22.51,132.35
141,6/13/2026 21:35,21.99,133.305
142,6/13/2026 21:50,21.44,134.147
143,6/13/2026 22:05,21.06,134.879
144,6/13/2026 22:20,20.51,135.536
145,6/13/2026 22:35,20.05,136.048
146,6/13/2026 22:50,19.85,136.506
147,6/13/2026 23:05,19.78,136.74
148,6/13/2026 23:20,20.01,136.648
149,6/13/2026 23:35,20.19,136.278
150,6/13/2026 23:50,20.02,135.484
151,6/14/2026 0:05,19.67,134.623
152,6/14/2026 0:20,20.19,133.57
153,6/14/2026 0:35,20.29,132.426
154,6/14/2026 0:50,20.63,131.191
155,6/14/2026 1:05,20.99,129.738
156,6/14/2026 1:20,21.39,127.84
157,6/14/2026 1:35,21.75,125.758
158,6/14/2026 1:50,22.2,123.923
159,6/14/2026 2:05,22.6,122.134
160,6/14/2026 2:20,22.91,120.483
161,6/14/2026 2:35,23.11,118.873
162,6/14/2026 2:50,23.3,117.363
163,6/14/2026 3:05,23.42,115.933
164,6/14/2026 3:20,23.51,114.579
165,6/14/2026 3:35,23.58,113.266
166,6/14/2026 3:50,23.65,112.033
167,6/14/2026 4:05,23.7,110.809
168,6/14/2026 4:20,23.73,109.673
169,6/14/2026 4:35,23.76,108.529
170,6/14/2026 4:50,23.77,107.472
171,6/14/2026 5:05,23.77,106.503
172,6/14/2026 5:20,23.73,105.567
173,6/14/2026 5:35,23.73,104.735
174,6/14/2026 5:50,23.71,103.974
175,6/14/2026 6:05,23.59,103.319
176,6/14/2026 6:20,23.6,102.79
177,6/14/2026 6:35,23.63,102.662
178,6/14/2026 6:50,23.65,103.899
179,6/14/2026 7:05,23.61,105.048
180,6/14/2026 7:20,23.59,106.405
181,6/14/2026 7:35,23.41,107.976
182,6/14/2026 7:50,23.22,109.681
183,6/14/2026 8:05,23.04,111.358
184,6/14/2026 8:20,22.92,113.15
185,6/14/2026 8:35,22.78,115.069
186,6/14/2026 8:50,22.61,117.188
187,6/14/2026 9:05,22.48,119.357
188,6/14/2026 9:20,22.35,121.624
189,6/14/2026 9:35,22.17,123.885
190,6/14/2026 9:50,22.05,125.898
191,6/14/2026 10:05,21.96,127.726
192,6/14/2026 10:20,21.88,129.136
193,6/14/2026 10:35,21.81,130.3
194,6/14/2026 10:50,21.7,131.196
195,6/14/2026 11:05,21.65,131.761
196,6/14/2026 11:20,21.59,132.134
197,6/14/2026 11:35,21.5,132.207
198,6/14/2026 11:50,21.47,132.177
199,6/14/2026 12:05,21.42,131.803
200,6/14/2026 12:20,21.43,131.165
201,6/14/2026 12:35,21.79,130.153
202,6/14/2026 12:50,22.37,128.928
203,6/14/2026 13:05,22.64,127.408
204,6/14/2026 13:20,22.86,125.83
205,6/14/2026 13:35,23.09,124.363
206,6/14/2026 13:50,23.24,122.907
207,6/14/2026 14:05,23.37,121.485
208,6/14/2026 14:20,23.45,120.005
209,6/14/2026 14:35,23.66,118.595
210,6/14/2026 14:50,23.85,117.186
211,6/14/2026 15:05,24.03,115.853
212,6/14/2026 15:20,24.24,114.513
213,6/14/2026 15:35,24.44,113.22
214,6/14/2026 15:50,24.6,111.93
215,6/14/2026 16:05,24.77,110.7
216,6/14/2026 16:20,24.94,109.545
217,6/14/2026 16:35,25.1,108.491
218,6/14/2026 16:50,25.24,107.407
219,6/14/2026 17:05,25.33,106.39
220,6/14/2026 17:20,25.37,105.558
221,6/14/2026 17:35,25.37,104.801
222,6/14/2026 17:50,25.36,104.097
223,6/14/2026 18:05,25.43,103.722
224,6/14/2026 18:20,25.46,104.256
225,6/14/2026 18:35,25.55,105.259
226,6/14/2026 18:50,25.46,106.483
227,6/14/2026 19:05,25.34,107.815
228,6/14/2026 19:20,25.3,109.299
229,6/14/2026 19:35,25.1,110.835
230,6/14/2026 19:50,24.88,112.567
231,6/14/2026 20:05,24.56,114.448
232,6/14/2026 20:20,24.28,116.666
233,6/14/2026 20:35,23.79,119.015
234,6/14/2026 20:50,23.5,121.479
235,6/14/2026 21:05,23.38,123.942
236,6/14/2026 21:20,23.16,126.314
237,6/14/2026 21:35,22.8,128.363
238,6/14/2026 21:50,22.49,130.109
239,6/14/2026 22:05,22.18,131.596
240,6/14/2026 22:20,21.81,132.671
241,6/14/2026 22:35,21.27,133.58
242,6/14/2026 22:50,20.82,134.42
243,6/14/2026 23:05,20.25,135.156
244,6/14/2026 23:20,19.2,135.799
245,6/14/2026 23:35,17.91,136.441
246,6/14/2026 23:50,16.94,136.927
247,6/15/2026 0:05,16.55,137.104
248,6/15/2026 0:20,16.4,136.946
249,6/15/2026 0:35,16.27,136.367
250,6/15/2026 0:50,16.34,135.582
251,6/15/2026 1:05,17.23,134.667
252,6/15/2026 1:20,18.69,133.545
253,6/15/2026 1:35,18.89,132.36
254,6/15/2026 1:50,19.43,131.121
255,6/15/2026 2:05,20.01,129.581
256,6/15/2026 2:20,20.52,127.693
257,6/15/2026 2:35,21.01,125.535
258,6/15/2026 2:50,21.49,123.558
259,6/15/2026 3:05,21.84,121.748
260,6/15/2026 3:20,22.08,119.95
261,6/15/2026 3:35,22.28,118.261
262,6/15/2026 3:50,22.43,116.664
263,6/15/2026 4:05,22.52,115.23
264,6/15/2026 4:20,22.6,113.876
265,6/15/2026 4:35,22.66,112.572
266,6/15/2026 4:50,22.72,111.331
267,6/15/2026 5:05,22.78,110.137
268,6/15/2026 5:20,22.82,109.023
269,6/15/2026 5:35,22.86,107.888
270,6/15/2026 5:50,22.9,106.832
271,6/15/2026 6:05,22.91,105.781
272,6/15/2026 6:20,22.91,104.85
273,6/15/2026 6:35,22.94,104.04
274,6/15/2026 6:50,22.98,103.243
275,6/15/2026 7:05,22.98,102.565
276,6/15/2026 7:20,23.03,102.058
277,6/15/2026 7:35,23.09,101.931
278,6/15/2026 7:50,23.11,103.319
279,6/15/2026 8:05,23.11,104.464
280,6/15/2026 8:20,23.06,105.775
281,6/15/2026 8:35,22.9,107.329
282,6/15/2026 8:50,22.77,109.042
283,6/15/2026 9:05,22.6,110.819
284,6/15/2026 9:20,22.41,112.73
285,6/15/2026 9:35,22.26,114.839
286,6/15/2026 9:50,22.07,117.137
287,6/15/2026 10:05,22.01,119.452
288,6/15/2026 10:20,21.9,121.765
289,6/15/2026 10:35,21.67,123.996
290,6/15/2026 10:50,21.55,126.022
291,6/15/2026 11:05,21.44,127.711
292,6/15/2026 11:20,21.32,129.137
293,6/15/2026 11:35,21.16,130.283
294,6/15/2026 11:50,20.99,131.114
295,6/15/2026 12:05,20.82,131.635
296,6/15/2026 12:20,20.53,131.965
297,6/15/2026 12:35,20.37,132.121
298,6/15/2026 12:50,20.25,132.001
299,6/15/2026 13:05,20.19,131.698
300,6/15/2026 13:20,20.28,131.108
301,6/15/2026 13:35,21.01,130.225
302,6/15/2026 13:50,21.61,129.005
303,6/15/2026 14:05,21.88,127.59
304,6/15/2026 14:20,22.26,125.91
305,6/15/2026 14:35,22.54,124.264
306,6/15/2026 14:50,22.7,122.721
307,6/15/2026 15:05,22.85,121.22
308,6/15/2026 15:20,23.07,119.718
309,6/15/2026 15:35,23.33,118.256
310,6/15/2026 15:50,23.58,116.84
311,6/15/2026 16:05,23.85,115.446
312,6/15/2026 16:20,24.1,114.053
313,6/15/2026 16:35,24.34,112.748
314,6/15/2026 16:50,24.57,111.506
315,6/15/2026 17:05,24.75,110.268
316,6/15/2026 17:20,24.96,109.093
317,6/15/2026 17:35,25.13,108.052
318,6/15/2026 17:50,25.28,106.985
319,6/15/2026 18:05,25.33,105.967
320,6/15/2026 18:20,25.33,105.065
321,6/15/2026 18:35,25.36,104.234
322,6/15/2026 18:50,25.4,103.618
323,6/15/2026 19:05,25.36,103.324
324,6/15/2026 19:20,25.4,104.09
325,6/15/2026 19:35,25.44,105.083
326,6/15/2026 19:50,25.34,106.419
327,6/15/2026 20:05,25.29,107.876
328,6/15/2026 20:20,25.25,109.385
329,6/15/2026 20:35,25.05,111.108
330,6/15/2026 20:50,24.72,112.938
331,6/15/2026 21:05,24.33,114.947
332,6/15/2026 21:20,23.85,117.207
333,6/15/2026 21:35,23.09,119.589
334,6/15/2026 21:50,22.75,122.158
335,6/15/2026 22:05,22.48,124.693
336,6/15/2026 22:20,22.07,127.133
337,6/15/2026 22:35,21.54,129.125
338,6/15/2026 22:50,21.09,130.759
339,6/15/2026 23:05,20.8,132.172
340,6/15/2026 23:20,20.2,133.189
341,6/15/2026 23:35,19.57,134.108
342,6/15/2026 23:50,19.07,134.922
343,6/16/2026 0:05,18.17,135.631
344,6/16/2026 0:20,17.31,136.371
345,6/16/2026 0:35,16.9,136.964
346,6/16/2026 0:50,16.67,137.41
347,6/16/2026 1:05,16.51,137.52
348,6/16/2026 1:20,16.43,137.27
349,6/16/2026 1:35,16.45,136.619
350,6/16/2026 1:50,16.56,135.763
351,6/16/2026 2:05,17.23,134.805
352,6/16/2026 2:20,17.58,133.67
353,6/16/2026 2:35,17.8,132.486
354,6/16/2026 2:50,18.09,131.12
355,6/16/2026 3:05,18.47,129.534
356,6/16/2026 3:20,18.9,127.666
357,6/16/2026 3:35,19.5,125.447
358,6/16/2026 3:50,19.95,123.596
359,6/16/2026 4:05,20.4,121.763
360,6/16/2026 4:20,20.68,120.082
361,6/16/2026 4:35,20.87,118.418
362,6/16/2026 4:50,21.03,116.926
363,6/16/2026 5:05,21.12,115.488
364,6/16/2026 5:20,21.19,114.154
365,6/16/2026 5:35,21.24,112.9
366,6/16/2026 5:50,21.27,111.722
367,6/16/2026 6:05,21.3,110.577
368,6/16/2026 6:20,21.33,109.403
369,6/16/2026 6:35,21.35,108.359
370,6/16/2026 6:50,21.37,107.275
371,6/16/2026 7:05,21.4,106.377
372,6/16/2026 7:20,21.42,105.491
373,6/16/2026 7:35,21.47,104.636
374,6/16/2026 7:50,21.58,103.832
375,6/16/2026 8:05,21.68,103.16
376,6/16/2026 8:20,21.77,102.637
377,6/16/2026 8:35,21.9,102.399
378,6/16/2026 8:50,21.94,103.569
379,6/16/2026 9:05,21.77,104.79
380,6/16/2026 9:20,21.71,106.171
381,6/16/2026 9:35,21.54,107.894
382,6/16/2026 9:50,21.37,109.669
383,6/16/2026 10:05,21.14,111.491
384,6/16/2026 10:20,20.95,113.439
385,6/16/2026 10:35,20.77,115.573
386,6/16/2026 10:50,20.6,117.909
387,6/16/2026 11:05,20.49,120.25
388,6/16/2026 11:20,20.31,122.642
389,6/16/2026 11:35,20.14,124.882
390,6/16/2026 11:50,20.02,126.93
391,6/16/2026 12:05,19.89,128.648
392,6/16/2026 12:20,19.69,130.019
393,6/16/2026 12:35,19.51,131.114
394,6/16/2026 12:50,19.38,131.908
395,6/16/2026 13:05,19.24,132.376
396,6/16/2026 13:20,19.06,132.645
397,6/16/2026 13:35,18.95,132.71
398,6/16/2026 13:50,18.9,132.579
399,6/16/2026 14:05,18.87,132.171
400,6/16/2026 14:20,19.13,131.467
401,6/16/2026 14:35,19.85,130.445
402,6/16/2026 14:50,20.09,129.142
403,6/16/2026 15:05,20.36,127.619
404,6/16/2026 15:20,20.74,125.973
405,6/16/2026 15:35,21.08,124.29
406,6/16/2026 15:50,21.27,122.777
407,6/16/2026 16:05,21.45,121.294
408,6/16/2026 16:20,21.65,119.762
409,6/16/2026 16:35,21.88,118.249
410,6/16/2026 16:50,22.1,116.779
411,6/16/2026 17:05,22.32,115.476
412,6/16/2026 17:20,22.55,114.129
413,6/16/2026 17:35,22.77,112.803
414,6/16/2026 17:50,22.97,111.585
415,6/16/2026 18:05,23.17,110.402
416,6/16/2026 18:20,23.37,109.252
417,6/16/2026 18:35,23.54,108.165
418,6/16/2026 18:50,23.63,107.114
419,6/16/2026 19:05,23.69,106.183
420,6/16/2026 19:20,23.69,105.318
421,6/16/2026 19:35,23.69,104.54
422,6/16/2026 19:50,23.58,103.893
423,6/16/2026 20:05,23.34,103.497
424,6/16/2026 20:20,23.5,104.111
425,6/16/2026 20:35,23.69,105.301
426,6/16/2026 20:50,23.63,106.526
427,6/16/2026 21:05,23.6,107.942
428,6/16/2026 21:20,23.5,109.486
429,6/16/2026 21:35,23.37,111.181
430,6/16/2026 21:50,23.12,113.037
431,6/16/2026 22:05,22.69,115.059
432,6/16/2026 22:20,22.27,117.311
433,6/16/2026 22:35,21.65,119.766
434,6/16/2026 22:50,21.36,122.331
435,6/16/2026 23:05,21.24,124.899
436,6/16/2026 23:20,20.96,127.299
437,6/16/2026 23:35,20.56,129.395
438,6/16/2026 23:50,20.29,131.096
439,6/17/2026 0:05,20.07,132.522
440,6/17/2026 0:20,19.75,133.583
441,6/17/2026 0:35,19.32,134.46
442,6/17/2026 0:50,18.99,135.273
443,6/17/2026 1:05,18.51,135.953
444,6/17/2026 1:20,17.84,136.587
445,6/17/2026 1:35,17.41,137.083
446,6/17/2026 1:50,17.16,137.419
447,6/17/2026 2:05,17.12,137.435
448,6/17/2026 2:20,17,137.08
449,6/17/2026 2:35,17,136.381
450,6/17/2026 2:50,17.26,135.52
451,6/17/2026 3:05,17.75,134.509
452,6/17/2026 3:20,17.93,133.299
453,6/17/2026 3:35,18.12,132.077
454,6/17/2026 3:50,18.44,130.623
455,6/17/2026 4:05,18.71,128.96
456,6/17/2026 4:20,19.03,126.819
457,6/17/2026 4:35,19.38,124.851
458,6/17/2026 4:50,19.65,123.035
459,6/17/2026 5:05,19.88,121.269
460,6/17/2026 5:20,20.02,119.591
461,6/17/2026 5:35,20.14,118.03
462,6/17/2026 5:50,20.23,116.529
463,6/17/2026 6:05,20.28,115.149
464,6/17/2026 6:20,20.33,113.844
465,6/17/2026 6:35,20.38,112.595
466,6/17/2026 6:50,20.42,111.412
467,6/17/2026 7:05,20.45,110.264
468,6/17/2026 7:20,20.48,109.132
469,6/17/2026 7:35,20.52,108.06
470,6/17/2026 7:50,20.58,107.088
471,6/17/2026 8:05,20.67,106.183
472,6/17/2026 8:20,20.78,105.266
473,6/17/2026 8:35,20.95,104.434
474,6/17/2026 8:50,21.19,103.739
475,6/17/2026 9:05,21.54,103.108
476,6/17/2026 9:20,21.73,102.665
477,6/17/2026 9:35,22.16,103.056
478,6/17/2026 9:50,21.73,104.405
479,6/17/2026 10:05,21.57,105.635
480,6/17/2026 10:20,21.45,107.226
481,6/17/2026 10:35,21.48,108.987
482,6/17/2026 10:50,21.37,110.769
483,6/17/2026 11:05,21.15,112.675
484,6/17/2026 11:20,20.96,114.682
485,6/17/2026 11:35,20.82,116.902
486,6/17/2026 11:50,20.88,119.298
487,6/17/2026 12:05,20.79,121.728
488,6/17/2026 12:20,20.6,124.059
489,6/17/2026 12:35,20.36,126.296
490,6/17/2026 12:50,20.14,128.209
491,6/17/2026 13:05,19.96,129.785
492,6/17/2026 13:20,19.82,131.007
493,6/17/2026 13:35,19.71,132.007
494,6/17/2026 13:50,19.61,132.681
495,6/17/2026 14:05,19.44,133.072
496,6/17/2026 14:20,19.21,133.387
497,6/17/2026 14:35,19.09,133.46
498,6/17/2026 14:50,19.11,133.251
499,6/17/2026 15:05,19.13,132.814
500,6/17/2026 15:20,19.29,132.062
501,6/17/2026 15:35,19.69,131
502,6/17/2026 15:50,20.25,129.703
503,6/17/2026 16:05,20.65,128.139
504,6/17/2026 16:20,21.07,126.368
505,6/17/2026 16:35,21.31,124.7
506,6/17/2026 16:50,21.54,123.149
507,6/17/2026 17:05,21.79,121.605
508,6/17/2026 17:20,21.97,120.069
509,6/17/2026 17:35,22.24,118.598
510,6/17/2026 17:50,22.44,117.193
511,6/17/2026 18:05,22.67,115.865
512,6/17/2026 18:20,22.87,114.525
513,6/17/2026 18:35,23.03,113.298
514,6/17/2026 18:50,23.16,112.033
515,6/17/2026 19:05,23.3,110.852
516,6/17/2026 19:20,23.46,109.726
517,6/17/2026 19:35,23.61,108.593
518,6/17/2026 19:50,23.71,107.554
519,6/17/2026 20:05,23.76,106.631
520,6/17/2026 20:20,23.73,105.753
521,6/17/2026 20:35,23.72,104.983
522,6/17/2026 20:50,23.66,104.325
523,6/17/2026 21:05,23.49,103.975
524,6/17/2026 21:20,23.48,104.553
525,6/17/2026 21:35,23.73,105.641
526,6/17/2026 21:50,23.65,106.953
527,6/17/2026 22:05,23.57,108.517
528,6/17/2026 22:20,23.4,110.07
529,6/17/2026 22:35,23.14,111.87
530,6/17/2026 22:50,22.87,113.615
531,6/17/2026 23:05,22.54,115.701
532,6/17/2026 23:20,22.13,117.837
533,6/17/2026 23:35,21.57,120.199
534,6/17/2026 23:50,21.32,122.711
535,6/18/2026 0:05,21.22,125.166
536,6/18/2026 0:20,20.95,127.647
537,6/18/2026 0:35,20.6,129.567
538,6/18/2026 0:50,20.35,131.24
539,6/18/2026 1:05,20.12,132.536
540,6/18/2026 1:20,19.79,133.562
541,6/18/2026 1:35,19.37,134.348
542,6/18/2026 1:50,19.06,135.06
543,6/18/2026 2:05,18.61,135.669
544,6/18/2026 2:20,17.86,136.239
545,6/18/2026 2:35,16.92,136.624
546,6/18/2026 2:50,16.13,136.903
547,6/18/2026 3:05,15.71,136.853
548,6/18/2026 3:20,15.58,136.392
549,6/18/2026 3:35,15.59,135.623
550,6/18/2026 3:50,16.49,134.669
551,6/18/2026 4:05,17.4,133.591
552,6/18/2026 4:20,17.9,132.408
553,6/18/2026 4:35,18.43,131.063
554,6/18/2026 4:50,18.88,129.508
555,6/18/2026 5:05,19.16,127.608
556,6/18/2026 5:20,19.52,125.51
557,6/18/2026 5:35,19.87,123.707
558,6/18/2026 5:50,20.07,121.953
559,6/18/2026 6:05,20.29,120.225
560,6/18/2026 6:20,20.44,118.623
561,6/18/2026 6:35,20.55,117.142
562,6/18/2026 6:50,20.65,115.65
563,6/18/2026 7:05,20.72,114.312
564,6/18/2026 7:20,20.78,113
565,6/18/2026 7:35,20.84,111.947
566,6/18/2026 7:50,20.88,110.565
567,6/18/2026 8:05,20.93,109.418
568,6/18/2026 8:20,20.97,108.337
569,6/18/2026 8:35,21,107.268
570,6/18/2026 8:50,21.03,106.271
571,6/18/2026 9:05,21.06,105.391
572,6/18/2026 9:20,21.09,104.51
573,6/18/2026 9:35,21.11,103.767
574,6/18/2026 9:50,21.12,103.052
575,6/18/2026 10:05,21.12,102.486
576,6/18/2026 10:20,20.9,102.338
577,6/18/2026 10:35,21.34,103.514
578,6/18/2026 10:50,21.26,104.641
579,6/18/2026 11:05,21.18,106.108
580,6/18/2026 11:20,21.02,107.799
581,6/18/2026 11:35,20.82,109.536
582,6/18/2026 11:50,20.64,111.246
583,6/18/2026 12:05,20.47,113.145
584,6/18/2026 12:20,20.31,115.22
585,6/18/2026 12:35,20.14,117.447
586,6/18/2026 12:50,20.01,119.841
587,6/18/2026 13:05,19.85,122.27
588,6/18/2026 13:20,19.7,124.669
589,6/18/2026 13:35,19.53,126.669
590,6/18/2026 13:50,19.33,128.365
591,6/18/2026 14:05,19.16,129.635
592,6/18/2026 14:20,19.03,130.782
593,6/18/2026 14:35,18.92,131.45
594,6/18/2026 14:50,18.74,131.988
595,6/18/2026 15:05,18.44,132.381
596,6/18/2026 15:20,18.23,132.603
597,6/18/2026 15:35,18.1,132.689
598,6/18/2026 15:50,18.1,132.576
599,6/18/2026 16:05,18.03,132.142
600,6/18/2026 16:20,18.07,131.463
601,6/18/2026 16:35,18.29,130.478
602,6/18/2026 16:50,18.76,129.267
603,6/18/2026 17:05,19.24,127.886
604,6/18/2026 17:20,19.65,126.161
605,6/18/2026 17:35,19.88,124.455
606,6/18/2026 17:50,20,122.728
607,6/18/2026 18:05,20.25,121.259
608,6/18/2026 18:20,20.42,119.873
609,6/18/2026 18:35,20.54,118.321
610,6/18/2026 18:50,20.69,116.862
611,6/18/2026 19:05,20.89,115.484
612,6/18/2026 19:20,21.07,114.156
613,6/18/2026 19:35,21.2,112.87
614,6/18/2026 19:50,21.3,111.66
615,6/18/2026 20:05,21.42,110.492
616,6/18/2026 20:20,21.54,109.399
617,6/18/2026 20:35,21.64,108.281
618,6/18/2026 20:50,21.73,107.276
619,6/18/2026 21:05,21.77,106.345
620,6/18/2026 21:20,21.78,105.468
621,6/18/2026 21:35,21.75,104.728
622,6/18/2026 21:50,21.73,104.235
623,6/18/2026 22:05,21.7,104.35
624,6/18/2026 22:20,21.7,105.186
625,6/18/2026 22:35,21.64,106.219
626,6/18/2026 22:50,21.56,107.331
627,6/18/2026 23:05,21.43,108.605
628,6/18/2026 23:20,21.26,110.07
629,6/18/2026 23:35,21,111.642
630,6/18/2026 23:50,20.84,113.346
631,6/19/2026 0:05,20.6,115.271
632,6/19/2026 0:20,20.34,117.422
633,6/19/2026 0:35,19.97,119.702
634,6/19/2026 0:50,19.73,122.193
635,6/19/2026 1:05,19.58,124.621
636,6/19/2026 1:20,19.46,126.823
637,6/19/2026 1:35,19.24,128.518
638,6/19/2026 1:50,18.97,130.114
639,6/19/2026 2:05,18.74,131.3
640,6/19/2026 2:20,18.41,132.242
641,6/19/2026 2:35,17.93,132.954
642,6/19/2026 2:50,17.46,133.667
643,6/19/2026 3:05,17.08,134.244
644,6/19/2026 3:20,16.55,134.691
645,6/19/2026 3:35,15.9,134.965
646,6/19/2026 3:50,15.04,135.079
647,6/19/2026 4:05,14.51,134.909
648,6/19/2026 4:20,14.17,134.357
649,6/19/2026 4:35,14.58,133.597
650,6/19/2026 4:50,15.93,132.619
651,6/19/2026 5:05,16.45,131.521
652,6/19/2026 5:20,17,130.336
653,6/19/2026 5:35,17.56,128.888
654,6/19/2026 5:50,17.9,127.066
655,6/19/2026 6:05,18.22,125.043
656,6/19/2026 6:20,18.57,123.282
657,6/19/2026 6:35,18.84,121.496
658,6/19/2026 6:50,19,119.823
659,6/19/2026 7:05,19.11,118.3
660,6/19/2026 7:20,19.23,116.845
661,6/19/2026 7:35,19.31,115.377
662,6/19/2026 7:50,19.41,113.991
663,6/19/2026 8:05,19.51,112.651
664,6/19/2026 8:20,19.6,111.337
665,6/19/2026 8:35,19.67,110.181
666,6/19/2026 8:50,19.76,108.992
667,6/19/2026 9:05,19.86,107.892
668,6/19/2026 9:20,19.99,106.822
669,6/19/2026 9:35,20.14,105.806
670,6/19/2026 9:50,20.33,104.854
671,6/19/2026 10:05,20.54,103.956
672,6/19/2026 10:20,20.73,103.162
673,6/19/2026 10:35,20.96,102.508
674,6/19/2026 10:50,21.1,101.912
675,6/19/2026 11:05,21.31,101.717
676,6/19/2026 11:20,21.55,102.571
677,6/19/2026 11:35,21.5,103.64
678,6/19/2026 11:50,21.44,104.851
679,6/19/2026 12:05,21.3,106.425
680,6/19/2026 12:20,21.29,108.043
681,6/19/2026 12:35,21.17,109.82
682,6/19/2026 12:50,20.97,111.6
683,6/19/2026 13:05,20.77,113.466
684,6/19/2026 13:20,20.58,115.557
685,6/19/2026 13:35,20.52,117.75
686,6/19/2026 13:50,20.28,120.025
687,6/19/2026 14:05,20,122.344
688,6/19/2026 14:20,19.69,124.422
689,6/19/2026 14:35,19.56,126.373
690,6/19/2026 14:50,19.26,127.916
691,6/19/2026 15:05,18.98,129.276
692,6/19/2026 15:20,18.74,130.323
693,6/19/2026 15:35,18.54,131.061
694,6/19/2026 15:50,18.44,131.559
695,6/19/2026 16:05,18.21,131.776
696,6/19/2026 16:20,17.95,131.826
697,6/19/2026 16:35,17.81,131.626
698,6/19/2026 16:50,17.9,131.196
699,6/19/2026 17:05,18.71,130.402
700,6/19/2026 17:20,19.12,129.308
701,6/19/2026 17:35,19.28,128
702,6/19/2026 17:50,19.46,126.517
703,6/19/2026 18:05,19.87,125.015
704,6/19/2026 18:20,20.28,123.564
705,6/19/2026 18:35,20.53,122.161
706,6/19/2026 18:50,20.7,120.737
707,6/19/2026 19:05,20.85,119.347
708,6/19/2026 19:20,21.01,117.883
709,6/19/2026 19:35,21.15,116.579
710,6/19/2026 19:50,21.32,115.267
711,6/19/2026 20:05,21.48,114.01
712,6/19/2026 20:20,21.62,112.782
713,6/19/2026 20:35,21.75,111.576
714,6/19/2026 20:50,21.9,110.379
715,6/19/2026 21:05,22.05,109.275
716,6/19/2026 21:20,22.16,108.199
717,6/19/2026 21:35,22.23,107.165
718,6/19/2026 21:50,22.23,106.221
719,6/19/2026 22:05,22.21,105.355
720,6/19/2026 22:20,22.17,104.557
721,6/19/2026 22:35,22.16,103.895
722,6/19/2026 22:50,22.03,103.5
723,6/19/2026 23:05,21.93,103.734
724,6/19/2026 23:20,22.14,104.68
725,6/19/2026 23:35,22.03,105.783
726,6/19/2026 23:50,21.94,106.957
727,6/20/2026 0:05,21.76,108.242
728,6/20/2026 0:20,21.55,109.602
729,6/20/2026 0:35,21.24,111.102
730,6/20/2026 0:50,20.95,112.742
731,6/20/2026 1:05,20.6,114.543
732,6/20/2026 1:20,20.29,116.438
733,6/20/2026 1:35,19.8,118.549
734,6/20/2026 1:50,19.48,120.736
735,6/20/2026 2:05,19.18,123.005
736,6/20/2026 2:20,19.02,125.179
737,6/20/2026 2:35,18.75,127.144
738,6/20/2026 2:50,18.4,128.703
739,6/20/2026 3:05,18.11,129.997
740,6/20/2026 3:20,17.91,131.083
741,6/20/2026 3:35,17.66,131.829
742,6/20/2026 3:50,17.27,132.388
743,6/20/2026 4:05,16.89,132.804
744,6/20/2026 4:20,16.58,133.096
745,6/20/2026 4:35,16.42,133.244
746,6/20/2026 4:50,16.31,133.175
747,6/20/2026 5:05,16.2,132.871
748,6/20/2026 5:20,16.22,132.322
749,6/20/2026 5:35,16.56,131.519
750,6/20/2026 5:50,16.82,130.551
751,6/20/2026 6:05,17.06,129.319
752,6/20/2026 6:20,17.61,127.83
753,6/20/2026 6:35,18.01,126.084
754,6/20/2026 6:50,18.23,124.366
755,6/20/2026 7:05,18.48,122.754
756,6/20/2026 7:20,18.67,121.222
757,6/20/2026 7:35,18.81,119.703
758,6/20/2026 7:50,18.93,118.221
759,6/20/2026 8:05,19.11,116.73
760,6/20/2026 8:20,19.27,115.289
761,6/20/2026 8:35,19.47,113.925
762,6/20/2026 8:50,19.66,112.604
763,6/20/2026 9:05,19.84,111.332
764,6/20/2026 9:20,20.01,110.12
765,6/20/2026 9:35,20.16,108.912
766,6/20/2026 9:50,20.31,107.821
767,6/20/2026 10:05,20.47,106.709
768,6/20/2026 10:20,20.61,105.702
769,6/20/2026 10:35,20.75,104.811
770,6/20/2026 10:50,20.81,103.981
771,6/20/2026 11:05,20.94,103.227
772,6/20/2026 11:20,21.07,102.642
773,6/20/2026 11:35,21.18,102.198
774,6/20/2026 11:50,21.3,102.336
775,6/20/2026 12:05,21.21,103.347
776,6/20/2026 12:20,21.15,104.309
777,6/20/2026 12:35,21.1,105.482
778,6/20/2026 12:50,20.96,106.779
779,6/20/2026 13:05,20.89,108.223
780,6/20/2026 13:20,20.81,109.61
781,6/20/2026 13:35,20.67,111.13
782,6/20/2026 13:50,20.46,112.879
783,6/20/2026 14:05,20.27,114.824
784,6/20/2026 14:20,20.06,116.88
785,6/20/2026 14:35,19.87,118.971
786,6/20/2026 14:50,19.73,121.099
787,6/20/2026 15:05,19.54,123.183
788,6/20/2026 15:20,19.34,125.13
789,6/20/2026 15:35,19.17,126.842
790,6/20/2026 15:50,19.01,128.279
791,6/20/2026 16:05,18.65,129.483
792,6/20/2026 16:20,18.41,130.493
793,6/20/2026 16:35,18.06,131.186
794,6/20/2026 16:50,17.86,131.656
795,6/20/2026 17:05,17.66,131.867
796,6/20/2026 17:20,17.56,131.785
797,6/20/2026 17:35,17.52,131.461
798,6/20/2026 17:50,17.62,130.842
799,6/20/2026 18:05,17.95,129.947
800,6/20/2026 18:20,18.85,128.812
801,6/20/2026 18:35,19.03,127.442
802,6/20/2026 18:50,19.24,126.074
803,6/20/2026 19:05,19.39,124.768
804,6/20/2026 19:20,19.65,123.469
805,6/20/2026 19:35,19.89,122.133
806,6/20/2026 19:50,20.07,120.784
807,6/20/2026 20:05,20.23,119.457
808,6/20/2026 20:20,20.36,118.13
809,6/20/2026 20:35,20.47,116.854
810,6/20/2026 20:50,20.62,115.546
811,6/20/2026 21:05,20.76,114.309
812,6/20/2026 21:20,20.91,113.102
813,6/20/2026 21:35,21.05,111.942
814,6/20/2026 21:50,21.19,110.799
815,6/20/2026 22:05,21.31,109.693
816,6/20/2026 22:20,21.42,108.642
817,6/20/2026 22:35,21.49,107.666
818,6/20/2026 22:50,21.5,106.772
819,6/20/2026 23:05,21.49,105.935
820,6/20/2026 23:20,21.49,105.228
821,6/20/2026 23:35,21.48,104.64
822,6/20/2026 23:50,21.48,104.421
823,6/21/2026 0:05,21.52,104.885
824,6/21/2026 0:20,21.51,105.687
825,6/21/2026 0:35,21.4,106.77
826,6/21/2026 0:50,21.3,107.949
827,6/21/2026 1:05,21.12,109.139
828,6/21/2026 1:20,20.96,110.434
829,6/21/2026 1:35,20.69,111.815
830,6/21/2026 1:50,20.49,113.319
831,6/21/2026 2:05,20.17,114.935
832,6/21/2026 2:20,19.93,116.736
833,6/21/2026 2:35,19.58,118.633
834,6/21/2026 2:50,19.3,120.583
835,6/21/2026 3:05,19.07,122.611
836,6/21/2026 3:20,18.85,124.574
837,6/21/2026 3:35,18.74,126.353
838,6/21/2026 3:50,18.52,128.002
839,6/21/2026 4:05,18.24,129.35
840,6/21/2026 4:20,17.99,130.464
841,6/21/2026 4:35,17.83,131.392
842,6/21/2026 4:50,17.67,132.047
843,6/21/2026 5:05,17.48,132.434
844,6/21/2026 5:20,17.23,132.626
845,6/21/2026 5:35,17.12,132.611
846,6/21/2026 5:50,16.99,132.374
847,6/21/2026 6:05,17,131.892
848,6/21/2026 6:20,17.41,131.115
849,6/21/2026 6:35,17.72,130.094
850,6/21/2026 6:50,17.95,128.837
851,6/21/2026 7:05,18.13,127.346
852,6/21/2026 7:20,18.42,125.887
853,6/21/2026 7:35,18.65,124.52
854,6/21/2026 7:50,18.78,123.136
855,6/21/2026 8:05,18.94,121.773
856,6/21/2026 8:20,19.08,120.404
857,6/21/2026 8:35,19.22,119.056
858,6/21/2026 8:50,19.42,117.672
859,6/21/2026 9:05,19.62,116.381
860,6/21/2026 9:20,19.84,115.079
861,6/21/2026 9:35,20.04,113.844
862,6/21/2026 9:50,20.27,112.639
863,6/21/2026 10:05,20.49,111.426
864,6/21/2026 10:20,20.71,110.335
865,6/21/2026 10:35,20.89,109.263
866,6/21/2026 10:50,21.09,108.227
867,6/21/2026 11:05,21.31,107.224
868,6/21/2026 11:20,21.47,106.307
869,6/21/2026 11:35,21.53,105.46
870,6/21/2026 11:50,21.79,104.736
871,6/21/2026 12:05,22.12,104.163
872,6/21/2026 12:20,22.09,103.96
873,6/21/2026 12:35,22.11,104.402
874,6/21/2026 12:50,22.21,105.128
875,6/21/2026 13:05,22.3,106.164
876,6/21/2026 13:20,22.2,107.201
877,6/21/2026 13:35,22.31,108.429
878,6/21/2026 13:50,22.34,109.736
879,6/21/2026 14:05,22.4,111.077
880,6/21/2026 14:20,22.14,112.629
881,6/21/2026 14:35,21.97,114.255
882,6/21/2026 14:50,21.74,116.002
883,6/21/2026 15:05,21.4,117.903
884,6/21/2026 15:20,21.1,119.944
885,6/21/2026 15:35,20.83,122.058
886,6/21/2026 15:50,20.51,124.162
887,6/21/2026 16:05,20.14,125.911
888,6/21/2026 16:20,19.78,127.645
889,6/21/2026 16:35,19.43,129.058
890,6/21/2026 16:50,19.13,130.146
891,6/21/2026 17:05,18.8,131.054
892,6/21/2026 17:20,18.64,131.839
893,6/21/2026 17:35,18.5,132.306
894,6/21/2026 17:50,18.27,132.579
895,6/21/2026 18:05,18.1,132.622
896,6/21/2026 18:20,18.01,132.473
897,6/21/2026 18:35,18,132.091
898,6/21/2026 18:50,18.13,131.393
899,6/21/2026 19:05,18.85,130.438
900,6/21/2026 19:20,19.25,129.222
901,6/21/2026 19:35,19.36,127.951
902,6/21/2026 19:50,19.65,126.713
903,6/21/2026 20:05,19.94,125.497
904,6/21/2026 20:20,20.14,124.209
905,6/21/2026 20:35,20.43,122.844
906,6/21/2026 20:50,20.62,121.504
907,6/21/2026 21:05,20.85,120.194
908,6/21/2026 21:20,21.06,118.943
909,6/21/2026 21:35,21.24,117.675
910,6/21/2026 21:50,21.4,116.396
911,6/21/2026 22:05,21.56,115.2
912,6/21/2026 22:20,21.71,114.014
913,6/21/2026 22:35,21.84,112.853
914,6/21/2026 22:50,21.98,111.725
915,6/21/2026 23:05,22.09,110.652
916,6/21/2026 23:20,22.16,109.629
917,6/21/2026 23:35,22.21,108.714
918,6/21/2026 23:50,22.2,107.798
919,6/22/2026 0:05,22.19,107.035
920,6/22/2026 0:20,22.14,106.401
921,6/22/2026 0:35,22.1,106.007
922,6/22/2026 0:50,22.07,106.061
923,6/22/2026 1:05,22.06,106.607
924,6/22/2026 1:20,22,107.388
925,6/22/2026 1:35,21.94,108.286
926,6/22/2026 1:50,21.88,109.301
927,6/22/2026 2:05,21.69,110.397
928,6/22/2026 2:20,21.53,111.601
929,6/22/2026 2:35,21.22,112.904
930,6/22/2026 2:50,21.01,114.305
931,6/22/2026 3:05,20.69,115.826
932,6/22/2026 3:20,20.42,117.461
933,6/22/2026 3:35,20.13,119.222
934,6/22/2026 3:50,19.71,121.036
935,6/22/2026 4:05,19.44,122.826
936,6/22/2026 4:20,19.17,124.634
937,6/22/2026 4:35,18.99,126.32
938,6/22/2026 4:50,18.87,127.833
939,6/22/2026 5:05,18.7,129.161
940,6/22/2026 5:20,18.5,130.239
941,6/22/2026 5:35,18.32,131.082
942,6/22/2026 5:50,18.18,131.663
943,6/22/2026 6:05,18.1,131.988
944,6/22/2026 6:20,18.07,132.025
945,6/22/2026 6:35,18.06,131.815
946,6/22/2026 6:50,18.08,131.3
947,6/22/2026 7:05,18.28,130.524
948,6/22/2026 7:20,18.56,129.523
949,6/22/2026 7:35,18.72,128.412
950,6/22/2026 7:50,18.83,127.342
951,6/22/2026 8:05,18.99,126.157
952,6/22/2026 8:20,19.09,125.042
953,6/22/2026 8:35,19.24,123.816
954,6/22/2026 8:50,19.42,122.613
955,6/22/2026 9:05,19.63,121.398
956,6/22/2026 9:20,19.85,120.105
957,6/22/2026 9:35,20.07,118.891
958,6/22/2026 9:50,20.32,117.65
959,6/22/2026 10:05,20.55,116.481
960,6/22/2026 10:20,20.8,115.312
961,6/22/2026 10:35,21.05,114.181
962,6/22/2026 10:50,21.3,113.047
963,6/22/2026 11:05,21.56,111.946
964,6/22/2026 11:20,21.8,110.9
965,6/22/2026 11:35,22,109.888
966,6/22/2026 11:50,22.16,108.908
967,6/22/2026 12:05,22.28,108.056
968,6/22/2026 12:20,22.42,107.263
969,6/22/2026 12:35,22.59,106.549
970,6/22/2026 12:50,22.7,106.034
971,6/22/2026 13:05,22.73,105.625
972,6/22/2026 13:20,22.71,105.827
973,6/22/2026 13:35,22.69,106.501
974,6/22/2026 13:50,22.69,107.404
975,6/22/2026 14:05,22.67,108.456
976,6/22/2026 14:20,22.59,109.537
977,6/22/2026 14:35,22.55,110.66
978,6/22/2026 14:50,22.46,111.871
979,6/22/2026 15:05,22.31,113.193
980,6/22/2026 15:20,22.07,114.627
981,6/22/2026 15:35,21.79,116.141
982,6/22/2026 15:50,21.5,117.809
983,6/22/2026 16:05,21.18,119.595
984,6/22/2026 16:20,20.84,121.412
985,6/22/2026 16:35,20.6,123.215
986,6/22/2026 16:50,20.41,125.029
987,6/22/2026 17:05,20.24,126.741
988,6/22/2026 17:20,20,128.34
989,6/22/2026 17:35,19.73,129.617
990,6/22/2026 17:50,19.45,130.567
991,6/22/2026 18:05,19.26,131.432
992,6/22/2026 18:20,19.1,132.096
993,6/22/2026 18:35,19,132.564
994,6/22/2026 18:50,18.88,132.583
995,6/22/2026 19:05,18.83,132.46
996,6/22/2026 19:20,18.82,132.095
997,6/22/2026 19:35,18.97,131.418
998,6/22/2026 19:50,19.3,130.476
999,6/22/2026 20:05,19.54,129.425
####,6/22/2026 20:20,19.85,128.299
####,6/22/2026 20:35,20,127.18
####,6/22/2026 20:50,20.12,125.961
####,6/22/2026 21:05,20.25,124.78
####,6/22/2026 21:20,20.37,123.524
####,6/22/2026 21:35,20.52,122.295
####,6/22/2026 21:50,20.65,121.016
####,6/22/2026 22:05,20.78,119.796
####,6/22/2026 22:20,20.91,118.611
####,6/22/2026 22:35,21.04,117.355
####,6/22/2026 22:50,21.18,116.134
####,6/22/2026 23:05,21.32,114.988
####,6/22/2026 23:20,21.46,113.81
####,6/22/2026 23:35,21.58,112.64
####,6/22/2026 23:50,21.69,111.571
####,6/23/2026 0:05,21.73,110.592
####,6/23/2026 0:20,21.76,109.643
####,6/23/2026 0:35,21.76,108.739
####,6/23/2026 0:50,21.73,107.943
####,6/23/2026 1:05,21.7,107.197
####,6/23/2026 1:20,21.66,106.629
####,6/23/2026 1:35,21.67,106.236
####,6/23/2026 1:50,21.66,106.219
####,6/23/2026 2:05,21.62,106.529
####,6/23/2026 2:20,21.57,107.419
####,6/23/2026 2:35,21.47,108.312
####,6/23/2026 2:50,21.4,109.322
####,6/23/2026 3:05,21.19,110.371
####,6/23/2026 3:20,21.03,111.51
####,6/23/2026 3:35,20.79,112.668
####,6/23/2026 3:50,20.62,113.945
####,6/23/2026 4:05,20.47,115.298
####,6/23/2026 4:20,20.25,116.837
####,6/23/2026 4:35,20.04,118.441
####,6/23/2026 4:50,19.8,120.125
####,6/23/2026 5:05,19.57,121.843
####,6/23/2026 5:20,19.38,123.472
####,6/23/2026 5:35,19.23,125.062
####,6/23/2026 5:50,19.16,126.486
####,6/23/2026 6:05,19.08,127.715
####,6/23/2026 6:20,18.98,128.748
####,6/23/2026 6:35,18.84,129.541
####,6/23/2026 6:50,18.72,130.188
####,6/23/2026 7:05,18.61,130.476
####,6/23/2026 7:20,18.56,130.521
####,6/23/2026 7:35,18.53,130.256
####,6/23/2026 7:50,18.59,129.679
####,6/23/2026 8:05,18.71,128.801
####,6/23/2026 8:20,19.01,127.944
####,6/23/2026 8:35,19.1,126.929
####,6/23/2026 8:50,19.19,126.056
####,6/23/2026 9:05,19.25,125.183
####,6/23/2026 9:20,19.32,124.039
####,6/23/2026 9:35,19.44,122.981
####,6/23/2026 9:50,19.56,121.952
####,6/23/2026 10:05,19.7,120.727
####,6/23/2026 10:20,19.82,119.55
####,6/23/2026 10:35,19.96,118.348
####,6/23/2026 10:50,20.1,117.168
####,6/23/2026 11:05,20.25,115.988
####,6/23/2026 11:20,20.39,114.847
####,6/23/2026 11:35,20.53,113.702
####,6/23/2026 11:50,20.68,112.575
####,6/23/2026 12:05,20.81,111.51
####,6/23/2026 12:20,20.93,110.525
####,6/23/2026 12:35,21.02,109.593
####,6/23/2026 12:50,21.08,108.674
####,6/23/2026 13:05,21.13,107.859
####,6/23/2026 13:20,21.16,107.134
####,6/23/2026 13:35,21.18,106.58
####,6/23/2026 13:50,21.2,106.212
####,6/23/2026 14:05,21.26,106.395
####,6/23/2026 14:20,21.26,106.722
####,6/23/2026 14:35,21.23,107.442
####,6/23/2026 14:50,21.18,108.423
####,6/23/2026 15:05,21.13,109.317
####,6/23/2026 15:20,21.06,110.369
####,6/23/2026 15:35,20.98,111.472
####,6/23/2026 15:50,20.89,112.616
####,6/23/2026 16:05,20.71,113.851
####,6/23/2026 16:20,20.61,115.238
####,6/23/2026 16:35,20.49,116.796
####,6/23/2026 16:50,20.3,118.475
####,6/23/2026 17:05,20.12,120.243
####,6/23/2026 17:20,19.81,122.085
####,6/23/2026 17:35,19.51,123.775
####,6/23/2026 17:50,19.38,125.449
####,6/23/2026 18:05,19.29,127.054
####,6/23/2026 18:20,19.06,128.389
####,6/23/2026 18:35,18.87,129.483
####,6/23/2026 18:50,18.68,130.41
####,6/23/2026 19:05,18.57,131.129
####,6/23/2026 19:20,18.43,131.659
####,6/23/2026 19:35,18.33,131.9
####,6/23/2026 19:50,18.23,131.932
####,6/23/2026 20:05,18.14,131.872
####,6/23/2026 20:20,18.14,131.515
####,6/23/2026 20:35,18.22,130.862
####,6/23/2026 20:50,18.5,129.987
####,6/23/2026 21:05,18.98,128.819
####,6/23/2026 21:20,19.12,127.616
####,6/23/2026 21:35,19.18,126.378
####,6/23/2026 21:50,19.27,125.267
####,6/23/2026 22:05,19.38,124.061
####,6/23/2026 22:20,19.53,122.803
####,6/23/2026 22:35,19.69,121.57
####,6/23/2026 22:50,19.86,120.355
####,6/23/2026 23:05,20.04,119.116
####,6/23/2026 23:20,20.2,117.886
####,6/23/2026 23:35,20.32,116.622
####,6/23/2026 23:50,20.44,115.401
####,6/24/2026 0:05,20.56,114.235
####,6/24/2026 0:20,20.67,113.111
####,6/24/2026 0:35,20.76,111.974
####,6/24/2026 0:50,20.85,110.942
####,6/24/2026 1:05,20.9,109.935
####,6/24/2026 1:20,20.95,109.003
####,6/24/2026 1:35,20.97,108.121
####,6/24/2026 1:50,20.97,107.301
####,6/24/2026 2:05,20.96,106.56
####,6/24/2026 2:20,20.94,105.955
####,6/24/2026 2:35,20.91,105.578
####,6/24/2026 2:50,20.88,105.677
####,6/24/2026 3:05,20.85,106.033
####,6/24/2026 3:20,20.82,106.864
####,6/24/2026 3:35,20.76,107.749
####,6/24/2026 3:50,20.74,108.768
####,6/24/2026 4:05,20.54,109.751
####,6/24/2026 4:20,20.4,110.86
####,6/24/2026 4:35,20.26,112.07
####,6/24/2026 4:50,20.02,113.345
####,6/24/2026 5:05,19.9,114.702
####,6/24/2026 5:20,19.71,116.062
####,6/24/2026 5:35,19.54,117.632
####,6/24/2026 5:50,19.32,119.132
####,6/24/2026 6:05,19.11,120.734
####,6/24/2026 6:20,18.9,122.374
####,6/24/2026 6:35,18.71,123.974
####,6/24/2026 6:50,18.6,125.401
####,6/24/2026 7:05,18.54,126.655
####,6/24/2026 7:20,18.49,127.641
####,6/24/2026 7:35,18.43,128.448
####,6/24/2026 7:50,18.35,128.903
####,6/24/2026 8:05,18.3,129.284
####,6/24/2026 8:20,18.26,129.413
####,6/24/2026 8:35,18.25,129.186
####,6/24/2026 8:50,18.27,128.743
####,6/24/2026 9:05,18.35,128.036
####,6/24/2026 9:20,18.72,127.043
####,6/24/2026 9:35,18.77,126.073
####,6/24/2026 9:50,18.89,125.055
####,6/24/2026 10:05,19.07,124.072
####,6/24/2026 10:20,19.21,123.081
####,6/24/2026 10:35,19.31,122.081
####,6/24/2026 10:50,19.54,121.104
####,6/24/2026 11:05,19.71,120.039
####,6/24/2026 11:20,19.89,118.905
####,6/24/2026 11:35,20.09,117.705
####,6/24/2026 11:50,20.28,116.576
####,6/24/2026 12:05,20.51,115.431
####,6/24/2026 12:20,20.73,114.18
####,6/24/2026 12:35,20.97,113.265
####,6/24/2026 12:50,21.2,112.206
####,6/24/2026 13:05,21.42,111.226
####,6/24/2026 13:20,21.62,110.263
####,6/24/2026 13:35,21.8,109.341
####,6/24/2026 13:50,21.97,108.602
####,6/24/2026 14:05,22.18,107.81
####,6/24/2026 14:20,22.32,107.22
####,6/24/2026 14:35,22.49,106.755
####,6/24/2026 14:50,22.74,106.738
####,6/24/2026 15:05,22.79,107.137
####,6/24/2026 15:20,22.78,107.754
####,6/24/2026 15:35,22.77,108.628
####,6/24/2026 15:50,22.72,109.572
####,6/24/2026 16:05,22.84,110.508
####,6/24/2026 16:20,22.88,111.592
####,6/24/2026 16:35,22.85,112.717
####,6/24/2026 16:50,22.85,113.889
####,6/24/2026 17:05,22.68,115.245
####,6/24/2026 17:20,22.69,116.686
####,6/24/2026 17:35,22.45,118.247
####,6/24/2026 17:50,22.25,119.911
####,6/24/2026 18:05,21.86,121.673
####,6/24/2026 18:20,21.31,123.35
####,6/24/2026 18:35,21,124.999
####,6/24/2026 18:50,20.83,126.615
####,6/24/2026 19:05,20.51,128.061
####,6/24/2026 19:20,20.1,129.352
####,6/24/2026 19:35,19.82,130.331
####,6/24/2026 19:50,19.71,131.206
####,6/24/2026 20:05,19.59,131.871
####,6/24/2026 20:20,19.51,132.23
####,6/24/2026 20:35,19.45,132.422
####,6/24/2026 20:50,19.37,132.383
####,6/24/2026 21:05,19.34,132.176
####,6/24/2026 21:20,19.36,131.69
####,6/24/2026 21:35,19.62,130.927
####,6/24/2026 21:50,19.9,129.884
####,6/24/2026 22:05,20.11,128.686
####,6/24/2026 22:20,20.26,127.478
####,6/24/2026 22:35,20.47,126.365
####,6/24/2026 22:50,20.59,125.183
####,6/24/2026 23:05,20.78,123.987
####,6/24/2026 23:20,21.02,122.734
####,6/24/2026 23:35,21.24,121.553
####,6/24/2026 23:50,21.54,120.34
####,6/25/2026 0:05,21.76,119.089
####,6/25/2026 0:20,21.99,117.851
####,6/25/2026 0:35,22.14,116.634
####,6/25/2026 0:50,22.26,115.471
####,6/25/2026 1:05,22.35,114.295
####,6/25/2026 1:20,22.41,113.187
####,6/25/2026 1:35,22.47,112.058
####,6/25/2026 1:50,22.49,110.975
####,6/25/2026 2:05,22.49,109.979
####,6/25/2026 2:20,22.46,109.029
####,6/25/2026 2:35,22.42,108.158
####,6/25/2026 2:50,22.37,107.374
####,6/25/2026 3:05,22.29,106.685
####,6/25/2026 3:20,22.22,106.146
####,6/25/2026 3:35,22.09,105.796
####,6/25/2026 3:50,22.08,105.866
####,6/25/2026 4:05,22.07,106.413
####,6/25/2026 4:20,22.01,107.19
####,6/25/2026 4:35,21.99,108.15
####,6/25/2026 4:50,21.97,109.103
####,6/25/2026 5:05,21.79,110.162
####,6/25/2026 5:20,21.68,111.197
####,6/25/2026 5:35,21.51,112.398
####,6/25/2026 5:50,21.3,113.608
####,6/25/2026 6:05,21.16,114.994
####,6/25/2026 6:20,20.92,116.429
####,6/25/2026 6:35,20.71,118.057
####,6/25/2026 6:50,20.4,119.623
####,6/25/2026 7:05,20.13,121.24
####,6/25/2026 7:20,19.96,122.831
####,6/25/2026 7:35,19.79,124.332
####,6/25/2026 7:50,19.67,125.693
####,6/25/2026 8:05,19.63,126.951
####,6/25/2026 8:20,19.57,127.85
####,6/25/2026 8:35,19.52,128.586
####,6/25/2026 8:50,19.47,129.096
####,6/25/2026 9:05,19.43,129.289
####,6/25/2026 9:20,19.42,129.196
####,6/25/2026 9:35,19.44,128.891
####,6/25/2026 9:50,19.51,128.28
####,6/25/2026 10:05,19.6,127.6
####,6/25/2026 10:20,19.75,126.732
####,6/25/2026 10:35,19.87,125.868
####,6/25/2026 10:50,20.02,124.993
####,6/25/2026 11:05,20.2,124.106
####,6/25/2026 11:20,20.33,123.139
####,6/25/2026 11:35,20.59,122.167
####,6/25/2026 11:50,20.94,121.08
####,6/25/2026 12:05,21.1,120.04
####,6/25/2026 12:20,21.2,118.949
####,6/25/2026 12:35,21.4,117.845
####,6/25/2026 12:50,21.62,116.774
####,6/25/2026 13:05,21.88,115.726
####,6/25/2026 13:20,22.18,114.621
####,6/25/2026 13:35,22.47,113.595
####,6/25/2026 13:50,22.65,112.609
####,6/25/2026 14:05,22.75,111.631
####,6/25/2026 14:20,22.87,110.745
####,6/25/2026 14:35,22.95,109.738
####,6/25/2026 14:50,23.04,109.147
####,6/25/2026 15:05,23.19,108.49
####,6/25/2026 15:20,23.42,107.968
####,6/25/2026 15:35,23.44,107.67
####,6/25/2026 15:50,23.51,107.878
####,6/25/2026 16:05,23.47,108.412
####,6/25/2026 16:20,23.5,109.283
####,6/25/2026 16:35,23.37,110.169
####,6/25/2026 16:50,23.32,111.031
####,6/25/2026 17:05,23.39,111.958
####,6/25/2026 17:20,23.33,113.041
####,6/25/2026 17:35,23.32,114.126
####,6/25/2026 17:50,23.24,115.347
####,6/25/2026 18:05,23.09,116.722
####,6/25/2026 18:20,22.93,118.261
####,6/25/2026 18:35,22.76,119.883
####,6/25/2026 18:50,22.55,121.582
####,6/25/2026 19:05,22.21,123.288
####,6/25/2026 19:20,21.75,124.988
####,6/25/2026 19:35,21.64,126.584
####,6/25/2026 19:50,21.59,128.066
####,6/25/2026 20:05,21.39,129.315
####,6/25/2026 20:20,21.12,130.437
####,6/25/2026 20:35,20.91,131.322
####,6/25/2026 20:50,20.75,131.991
####,6/25/2026 21:05,20.61,132.466
####,6/25/2026 21:20,20.46,132.744
####,6/25/2026 21:35,20.36,132.7
####,6/25/2026 21:50,20.31,132.498
####,6/25/2026 22:05,20.31,132.044
####,6/25/2026 22:20,20.61,131.32
####,6/25/2026 22:35,20.93,130.391
####,6/25/2026 22:50,21.11,129.33
####,6/25/2026 23:05,21.2,128.242
####,6/25/2026 23:20,21.32,127.101
####,6/25/2026 23:35,21.4,125.986
####,6/25/2026 23:50,21.52,124.733
####,6/26/2026 0:05,21.68,123.511
####,6/26/2026 0:20,21.89,122.254
####,6/26/2026 0:35,22.09,121.022
####,6/26/2026 0:50,22.3,119.779
####,6/26/2026 1:05,22.45,118.522
####,6/26/2026 1:20,22.56,117.3
####,6/26/2026 1:35,22.66,116.086
####,6/26/2026 1:50,22.76,114.914
####,6/26/2026 2:05,22.83,113.793
####,6/26/2026 2:20,22.89,112.68
####,6/26/2026 2:35,22.94,111.622
####,6/26/2026 2:50,22.97,110.543
####,6/26/2026 3:05,22.97,109.61
####,6/26/2026 3:20,22.97,108.677
####,6/26/2026 3:35,22.94,107.876
####,6/26/2026 3:50,22.91,107.11
####,6/26/2026 4:05,22.88,106.434
####,6/26/2026 4:20,22.85,106.011
####,6/26/2026 4:35,22.83,105.721
####,6/26/2026 4:50,22.81,106.073
####,6/26/2026 5:05,22.79,106.776
####,6/26/2026 5:20,22.74,107.707
####,6/26/2026 5:35,22.69,108.631
####,6/26/2026 5:50,22.63,109.608
####,6/26/2026 6:05,22.46,110.663
####,6/26/2026 6:20,22.4,111.72
####,6/26/2026 6:35,22.21,112.838
####,6/26/2026 6:50,22.11,114.121
####,6/26/2026 7:05,21.96,115.432
####,6/26/2026 7:20,21.79,116.94
####,6/26/2026 7:35,21.61,118.423
####,6/26/2026 7:50,21.33,119.923
####,6/26/2026 8:05,21.12,121.492
####,6/26/2026 8:20,20.94,122.954
####,6/26/2026 8:35,20.77,124.422
####,6/26/2026 8:50,20.67,125.833
####,6/26/2026 9:05,20.62,126.933
####,6/26/2026 9:20,20.54,127.986
####,6/26/2026 9:35,20.44,128.609
####,6/26/2026 9:50,20.38,128.997
####,6/26/2026 10:05,20.35,129.281
####,6/26/2026 10:20,20.34,128.979
####,6/26/2026 10:35,20.36,128.628
####,6/26/2026 10:50,20.45,128.005
####,6/26/2026 11:05,20.65,127.398
####,6/26/2026 11:20,20.84,126.51
####,6/26/2026 11:35,20.93,125.709
####,6/26/2026 11:50,21.02,124.853
####,6/26/2026 12:05,21.03,123.837
####,6/26/2026 12:20,21.22,122.792
####,6/26/2026 12:35,21.27,121.699
####,6/26/2026 12:50,21.34,120.666
####,6/26/2026 13:05,21.44,119.579
####,6/26/2026 13:20,21.6,118.507
####,6/26/2026 13:35,21.8,117.436
####,6/26/2026 13:50,22.03,116.37
####,6/26/2026 14:05,22.32,115.268
####,6/26/2026 14:20,22.56,114.258
####,6/26/2026 14:35,22.83,113.273
####,6/26/2026 14:50,22.98,112.258
####,6/26/2026 15:05,23.14,111.314
####,6/26/2026 15:20,23.26,110.449
####,6/26/2026 15:35,23.36,109.695
####,6/26/2026 15:50,23.48,109.067
####,6/26/2026 16:05,23.61,108.572
####,6/26/2026 16:20,23.78,108.272
####,6/26/2026 16:35,23.85,108.419
####,6/26/2026 16:50,23.84,108.895
####,6/26/2026 17:05,23.89,109.547
####,6/26/2026 17:20,23.9,110.394
####,6/26/2026 17:35,23.86,111.356
####,6/26/2026 17:50,23.9,112.266
####,6/26/2026 18:05,23.84,113.342
####,6/26/2026 18:20,23.76,114.546
####,6/26/2026 18:35,23.56,115.848
####,6/26/2026 18:50,23.26,117.146
####,6/26/2026 19:05,23.06,118.701
####,6/26/2026 19:20,22.87,120.094
####,6/26/2026 19:35,22.7,121.773
####,6/26/2026 19:50,22.43,123.543
####,6/26/2026 20:05,22.11,125.326
####,6/26/2026 20:20,21.86,127.02
####,6/26/2026 20:35,21.69,128.315
####,6/26/2026 20:50,21.47,129.597
####,6/26/2026 21:05,21.18,130.552
####,6/26/2026 21:20,20.91,131.398
####,6/26/2026 21:35,20.69,132.136
####,6/26/2026 21:50,20.49,132.544
####,6/26/2026 22:05,20.36,132.797
####,6/26/2026 22:20,20.28,132.854
####,6/26/2026 22:35,20.23,132.664
####,6/26/2026 22:50,20.19,132.353
####,6/26/2026 23:05,20.35,131.718
####,6/26/2026 23:20,20.81,130.85
####,6/26/2026 23:35,21.25,129.79
####,6/26/2026 23:50,21.44,128.553
####,6/27/2026 0:05,21.46,127.385
####,6/27/2026 0:20,21.61,126.149
####,6/27/2026 0:35,21.76,124.926
####,6/27/2026 0:50,21.94,123.7
####,6/27/2026 1:05,22.16,122.464
####,6/27/2026 1:20,22.36,121.148
####,6/27/2026 1:35,22.51,119.912
####,6/27/2026 1:50,22.63,118.626
####,6/27/2026 2:05,22.74,117.353
####,6/27/2026 2:20,22.86,116.148
####,6/27/2026 2:35,23.01,114.969
####,6/27/2026 2:50,23.11,113.81
####,6/27/2026 3:05,23.17,112.664
####,6/27/2026 3:20,23.22,111.565
####,6/27/2026 3:35,23.23,110.519
####,6/27/2026 3:50,23.22,109.535
####,6/27/2026 4:05,23.2,108.581
####,6/27/2026 4:20,23.16,107.702
####,6/27/2026 4:35,23.11,106.918
####,6/27/2026 4:50,23.06,106.218
####,6/27/2026 5:05,23.01,105.617
####,6/27/2026 5:20,22.85,105.254
####,6/27/2026 5:35,22.86,105.333
####,6/27/2026 5:50,22.87,105.983
####,6/27/2026 6:05,22.83,106.823
####,6/27/2026 6:20,22.85,107.734
####,6/27/2026 6:35,22.82,108.712
####,6/27/2026 6:50,22.63,109.766
####,6/27/2026 7:05,22.58,110.856
####,6/27/2026 7:20,22.44,112.037
####,6/27/2026 7:35,22.31,113.276
####,6/27/2026 7:50,22.24,114.639
####,6/27/2026 8:05,22.05,116.029
####,6/27/2026 8:20,21.89,117.554
####,6/27/2026 8:35,21.69,119.125
####,6/27/2026 8:50,21.46,120.718
####,6/27/2026 9:05,21.29,122.293
####,6/27/2026 9:20,21.12,123.818
####,6/27/2026 9:35,21,125.216
####,6/27/2026 9:50,20.94,126.428
####,6/27/2026 10:05,20.89,127.449
####,6/27/2026 10:20,20.79,128.263
####,6/27/2026 10:35,20.7,128.882
####,6/27/2026 10:50,20.68,129.141
####,6/27/2026 11:05,20.65,129.09
####,6/27/2026 11:20,20.66,128.772
####,6/27/2026 11:35,20.72,128.17
####,6/27/2026 11:50,20.88,127.444
####,6/27/2026 12:05,21.08,126.565
####,6/27/2026 12:20,21.28,125.69
####,6/27/2026 12:35,21.43,124.781
####,6/27/2026 12:50,21.58,123.764
####,6/27/2026 13:05,21.76,122.819
####,6/27/2026 13:20,21.93,121.728
####,6/27/2026 13:35,22.11,120.634
####,6/27/2026 13:50,22.34,119.592
####,6/27/2026 14:05,22.53,118.545
####,6/27/2026 14:20,22.73,117.436
####,6/27/2026 14:35,22.94,116.395
####,6/27/2026 14:50,23.12,115.353
####,6/27/2026 15:05,23.4,114.327
####,6/27/2026 15:20,23.64,113.309
####,6/27/2026 15:35,23.78,112.38
####,6/27/2026 15:50,23.83,111.497
####,6/27/2026 16:05,23.95,110.664
####,6/27/2026 16:20,24.04,109.857
####,6/27/2026 16:35,24.15,109.183
####,6/27/2026 16:50,24.25,108.571
####,6/27/2026 17:05,24.34,108.216
####,6/27/2026 17:20,24.37,108.245
####,6/27/2026 17:35,24.38,108.569
####,6/27/2026 17:50,24.41,109.328
####,6/27/2026 18:05,24.34,110.202
####,6/27/2026 18:20,24.3,111.156
####,6/27/2026 18:35,24.27,112.115
####,6/27/2026 18:50,24.26,113.229
####,6/27/2026 19:05,24.25,114.335
####,6/27/2026 19:20,24.17,115.573
####,6/27/2026 19:35,23.94,116.992
####,6/27/2026 19:50,23.76,118.497
####,6/27/2026 20:05,23.55,120.111
####,6/27/2026 20:20,23.33,121.827
####,6/27/2026 20:35,22.98,123.558
####,6/27/2026 20:50,22.53,125.292
####,6/27/2026 21:05,22.34,126.958
####,6/27/2026 21:20,22.19,128.304
####,6/27/2026 21:35,21.95,129.569
####,6/27/2026 21:50,21.57,130.656
####,6/27/2026 22:05,21.29,131.59
####,6/27/2026 22:20,21.11,132.287
####,6/27/2026 22:35,20.97,132.738
####,6/27/2026 22:50,20.8,133.087
####,6/27/2026 23:05,20.65,133.193
####,6/27/2026 23:20,20.5,133.148
####,6/27/2026 23:35,20.45,132.942
####,6/27/2026 23:50,20.45,132.484
####,6/28/2026 0:05,20.7,131.767
####,6/28/2026 0:20,21.12,130.714
####,6/28/2026 0:35,21.42,129.508
####,6/28/2026 0:50,21.59,128.095
####,6/28/2026 1:05,21.79,126.797
####,6/28/2026 1:20,21.99,125.524
####,6/28/2026 1:35,22.16,124.219
####,6/28/2026 1:50,22.36,122.91
####,6/28/2026 2:05,22.6,121.633
####,6/28/2026 2:20,22.8,120.405
####,6/28/2026 2:35,22.95,119.136
####,6/28/2026 2:50,23.07,117.822
####,6/28/2026 3:05,23.16,116.574
####,6/28/2026 3:20,23.26,115.364
####,6/28/2026 3:35,23.33,114.197
####,6/28/2026 3:50,23.38,113.067
####,6/28/2026 4:05,23.4,111.937
####,6/28/2026 4:20,23.41,110.896
####,6/28/2026 4:35,23.41,109.841
####,6/28/2026 4:50,23.39,108.912
####,6/28/2026 5:05,23.35,108.016
####,6/28/2026 5:20,23.32,107.212
####,6/28/2026 5:35,23.29,106.54
####,6/28/2026 5:50,23.23,105.964
####,6/28/2026 6:05,23.21,105.67
####,6/28/2026 6:20,23.18,105.674
####,6/28/2026 6:35,23.18,106.29
####,6/28/2026 6:50,23.1,106.968
####,6/28/2026 7:05,23.09,108.024
####,6/28/2026 7:20,23.08,108.994
####,6/28/2026 7:35,22.9,110.048
####,6/28/2026 7:50,22.83,111.172
####,6/28/2026 8:05,22.71,112.332
####,6/28/2026 8:20,22.57,113.555
####,6/28/2026 8:35,22.52,114.885
####,6/28/2026 8:50,22.39,116.372
####,6/28/2026 9:05,22.27,117.907
####,6/28/2026 9:20,22.08,119.483
####,6/28/2026 9:35,21.89,121.118
####,6/28/2026 9:50,21.74,122.685
####,6/28/2026 10:05,21.62,124.304
####,6/28/2026 10:20,21.53,125.712
####,6/28/2026 10:35,21.45,127.029
####,6/28/2026 10:50,21.38,127.961
####,6/28/2026 11:05,21.32,128.697
####,6/28/2026 11:20,21.26,129.216
####,6/28/2026 11:35,21.26,129.471
####,6/28/2026 11:50,21.26,129.396
####,6/28/2026 12:05,21.3,128.94
####,6/28/2026 12:20,21.43,128.264
####,6/28/2026 12:35,21.56,127.42
####,6/28/2026 12:50,21.8,126.608
####,6/28/2026 13:05,22.08,125.769
####,6/28/2026 13:20,22.28,124.832
####,6/28/2026 13:35,22.38,123.851
####,6/28/2026 13:50,22.69,122.871
####,6/28/2026 14:05,22.9,121.751
####,6/28/2026 14:20,23.13,120.754
####,6/28/2026 14:35,23.28,119.639
####,6/28/2026 14:50,23.5,118.563
####,6/28/2026 15:05,23.64,117.453
####,6/28/2026 15:20,23.82,116.361
####,6/28/2026 15:35,24.07,115.33
####,6/28/2026 15:50,24.25,114.293
####,6/28/2026 16:05,24.44,113.286
####,6/28/2026 16:20,24.58,112.142
####,6/28/2026 16:35,24.65,111.458
####,6/28/2026 16:50,24.73,110.554
####,6/28/2026 17:05,24.81,109.767
####,6/28/2026 17:20,24.89,109.109
####,6/28/2026 17:35,24.98,108.563
####,6/28/2026 17:50,25.03,108.191
####,6/28/2026 18:05,25.06,108.295
####,6/28/2026 18:20,25.07,108.772
####,6/28/2026 18:35,25.03,109.568
####,6/28/2026 18:50,24.97,110.471
####,6/28/2026 19:05,24.92,111.334
####,6/28/2026 19:20,24.9,112.393
####,6/28/2026 19:35,24.85,113.464
####,6/28/2026 19:50,24.83,114.678
####,6/28/2026 20:05,24.69,116.02
####,6/28/2026 20:20,24.53,117.491
####,6/28/2026 20:35,24.34,119.08
####,6/28/2026 20:50,24.17,120.762
####,6/28/2026 21:05,23.97,122.503
####,6/28/2026 21:20,23.51,124.233
####,6/28/2026 21:35,23.08,125.927
####,6/28/2026 21:50,23.02,127.454
####,6/28/2026 22:05,22.85,128.888
####,6/28/2026 22:20,22.55,130.143
####,6/28/2026 22:35,22.21,131.215
####,6/28/2026 22:50,22.01,132.046
####,6/28/2026 23:05,21.84,132.672
####,6/28/2026 23:20,21.69,133.039
####,6/28/2026 23:35,21.55,133.246
####,6/28/2026 23:50,21.32,133.27
####,6/29/2026 0:05,21.17,133.154
####,6/29/2026 0:20,21.13,132.809
####,6/29/2026 0:35,21.21,132.273
####,6/29/2026 0:50,21.54,131.495
####,6/29/2026 1:05,21.94,130.412
####,6/29/2026 1:20,22.11,129.128
####,6/29/2026 1:35,22.27,127.673
####,6/29/2026 1:50,22.47,126.337
####,6/29/2026 2:05,22.69,125.091
####,6/29/2026 2:20,22.87,123.811
####,6/29/2026 2:35,23.06,122.636
####,6/29/2026 2:50,23.24,121.324
####,6/29/2026 3:05,23.46,120.059
####,6/29/2026 3:20,23.59,118.757
####,6/29/2026 3:35,23.68,117.533
####,6/29/2026 3:50,23.75,116.293
####,6/29/2026 4:05,23.81,115.054
####,6/29/2026 4:20,23.85,113.89
####,6/29/2026 4:35,23.88,112.748
####,6/29/2026 4:50,23.9,111.647
####,6/29/2026 5:05,23.89,110.58
####,6/29/2026 5:20,23.87,109.626
####,6/29/2026 5:35,23.84,108.684
####,6/29/2026 5:50,23.8,107.813
####,6/29/2026 6:05,23.77,107
####,6/29/2026 6:20,23.74,106.275
####,6/29/2026 6:35,23.72,105.683
####,6/29/2026 6:50,23.72,105.302
####,6/29/2026 7:05,23.73,105.555
####,6/29/2026 7:20,23.69,106.212
####,6/29/2026 7:35,23.66,107.073
####,6/29/2026 7:50,23.67,108.042
####,6/29/2026 8:05,23.67,109.017
####,6/29/2026 8:20,23.49,110.092
####,6/29/2026 8:35,23.48,111.333
####,6/29/2026 8:50,23.36,112.585
####,6/29/2026 9:05,23.31,113.905
####,6/29/2026 9:20,23.27,115.327
####,6/29/2026 9:35,23.19,116.803
####,6/29/2026 9:50,23.1,118.418
####,6/29/2026 10:05,22.95,120.041
####,6/29/2026 10:20,22.86,121.734
####,6/29/2026 10:35,22.69,123.331
####,6/29/2026 10:50,22.63,124.88
####,6/29/2026 11:05,22.55,126.28
####,6/29/2026 11:20,22.48,127.46
####,6/29/2026 11:35,22.41,128.417
####,6/29/2026 11:50,22.34,129.166
####,6/29/2026 12:05,22.35,129.632
####,6/29/2026 12:20,22.35,129.812
####,6/29/2026 12:35,22.36,129.603
####,6/29/2026 12:50,22.4,129.121
####,6/29/2026 13:05,22.48,128.386
####,6/29/2026 13:20,22.65,127.66
####,6/29/2026 13:35,22.83,126.834
####,6/29/2026 13:50,23.09,125.881
####,6/29/2026 14:05,23.41,124.959
####,6/29/2026 14:20,23.59,123.896
####,6/29/2026 14:35,23.73,122.87
####,6/29/2026 14:50,23.87,121.816
####,6/29/2026 15:05,24.09,120.727
####,6/29/2026 15:20,24.22,119.661
####,6/29/2026 15:35,24.38,118.58
####,6/29/2026 15:50,24.48,117.444
####,6/29/2026 16:05,24.65,116.335
####,6/29/2026 16:20,24.81,115.269
####,6/29/2026 16:35,24.99,114.244
####,6/29/2026 16:50,25.16,113.229
####,6/29/2026 17:05,25.26,112.242
####,6/29/2026 17:20,25.32,111.316
####,6/29/2026 17:35,25.37,110.474
####,6/29/2026 17:50,25.42,109.678
####,6/29/2026 18:05,25.46,109.02
####,6/29/2026 18:20,25.48,108.51
####,6/29/2026 18:35,25.48,108.29
####,6/29/2026 18:50,25.47,108.448
####,6/29/2026 19:05,25.5,109.016
####,6/29/2026 19:20,25.44,109.787
####,6/29/2026 19:35,25.38,110.691
####,6/29/2026 19:50,25.34,111.711
####,6/29/2026 20:05,25.29,112.753
####,6/29/2026 20:20,25.24,113.9
####,6/29/2026 20:35,25.22,115.135
####,6/29/2026 20:50,25.09,116.44
####,6/29/2026 21:05,24.95,117.924
####,6/29/2026 21:20,24.78,119.518
####,6/29/2026 21:35,24.6,121.213
####,6/29/2026 21:50,24.3,123.016
####,6/29/2026 22:05,23.91,124.831
####,6/29/2026 22:20,23.67,126.567
####,6/29/2026 22:35,23.61,128.09
####,6/29/2026 22:50,23.34,129.48
####,6/29/2026 23:05,23.02,130.615
####,6/29/2026 23:20,22.78,131.575
####,6/29/2026 23:35,22.63,132.403
####,6/29/2026 23:50,22.53,133.048
####,6/30/2026 0:05,22.38,133.406
####,6/30/2026 0:20,22.21,133.612
####,6/30/2026 0:35,22.02,133.567
####,6/30/2026 0:50,21.94,133.38
####,6/30/2026 1:05,21.92,133.039
####,6/30/2026 1:20,22.15,132.401
####,6/30/2026 1:35,22.49,131.485
####,6/30/2026 1:50,22.65,130.364
####,6/30/2026 2:05,22.77,129.053
####,6/30/2026 2:20,22.93,127.649
####,6/30/2026 2:35,23.05,126.357
####,6/30/2026 2:50,23.21,125.088
####,6/30/2026 3:05,23.38,123.762
####,6/30/2026 3:20,23.53,122.449
####,6/30/2026 3:35,23.7,121.12
####,6/30/2026 3:50,23.84,119.792
####,6/30/2026 4:05,23.93,118.505
####,6/30/2026 4:20,23.98,117.222
####,6/30/2026 4:35,24.03,115.982
####,6/30/2026 4:50,24.06,114.772
####,6/30/2026 5:05,24.08,113.637
####,6/30/2026 5:20,24.09,112.519
####,6/30/2026 5:35,24.08,111.435
####,6/30/2026 5:50,24.05,110.392
####,6/30/2026 6:05,24,109.375
####,6/30/2026 6:20,23.96,108.45
####,6/30/2026 6:35,23.93,107.579
####,6/30/2026 6:50,23.92,106.729
####,6/30/2026 7:05,23.91,106.017
####,6/30/2026 7:20,23.95,105.447
####,6/30/2026 7:35,24.02,105.088
####,6/30/2026 7:50,24.05,105.365
####,6/30/2026 8:05,23.93,106.084
####,6/30/2026 8:20,23.93,106.953
####,6/30/2026 8:35,23.95,107.989
####,6/30/2026 8:50,23.94,109.067
####,6/30/2026 9:05,23.75,110.121
####,6/30/2026 9:20,23.8,111.318
####,6/30/2026 9:35,23.69,112.611
####,6/30/2026 9:50,23.7,113.908
####,6/30/2026 10:05,23.71,115.31
####,6/30/2026 10:20,23.69,116.825
####,6/30/2026 10:35,23.64,118.441
####,6/30/2026 10:50,23.56,120.095
####,6/30/2026 11:05,23.49,121.738
####,6/30/2026 11:20,23.38,123.415
####,6/30/2026 11:35,23.32,124.898
####,6/30/2026 11:50,23.28,126.383
####,6/30/2026 12:05,23.15,127.536
####,6/30/2026 12:20,23.02,128.56
####,6/30/2026 12:35,22.95,129.233
####,6/30/2026 12:50,22.92,129.673
####,6/30/2026 13:05,22.91,129.765
####,6/30/2026 13:20,22.92,129.484
####,6/30/2026 13:35,22.91,128.88
####,6/30/2026 13:50,23.03,128.041
####,6/30/2026 14:05,23.3,127.154
####,6/30/2026 14:20,23.65,126.407
####,6/30/2026 14:35,23.68,125.458
####,6/30/2026 14:50,23.79,124.527
####,6/30/2026 15:05,24.15,123.472
####,6/30/2026 15:20,24.54,122.385
####,6/30/2026 15:35,24.59,121.33
####,6/30/2026 15:50,24.67,120.213
####,6/30/2026 16:05,24.76,119.126
####,6/30/2026 16:20,24.84,118.051
####,6/30/2026 16:35,24.96,116.954
####,6/30/2026 16:50,25.08,115.823
####,6/30/2026 17:05,25.18,114.71
####,6/30/2026 17:20,25.3,113.647
####,6/30/2026 17:35,25.41,112.614
####,6/30/2026 17:50,25.49,111.652
####,6/30/2026 18:05,25.53,110.76
####,6/30/2026 18:20,25.55,109.942
####,6/30/2026 18:35,25.56,109.138
####,6/30/2026 18:50,25.56,108.478
####,6/30/2026 19:05,25.54,107.927
####,6/30/2026 19:20,25.51,107.636
####,6/30/2026 19:35,25.45,107.979
####,6/30/2026 19:50,25.5,108.647
####,6/30/2026 20:05,25.42,109.625
####,6/30/2026 20:20,25.37,110.558
####,6/30/2026 20:35,25.29,111.59
####,6/30/2026 20:50,25.24,112.669
####,6/30/2026 21:05,25.18,113.815
####,6/30/2026 21:20,25.11,115.108
####,6/30/2026 21:35,25.04,116.505
####,6/30/2026 21:50,24.91,118.053
####,6/30/2026 22:05,24.79,119.668
####,6/30/2026 22:20,24.64,121.406
####,6/30/2026 22:35,24.35,123.159
####,6/30/2026 22:50,24.04,124.963
####,6/30/2026 23:05,23.93,126.668
####,6/30/2026 23:20,23.82,128.111
####,6/30/2026 23:35,23.67,129.378
####,6/30/2026 23:50,23.5,130.528
####,7/1/2026 0:05,23.27,131.472
####,7/1/2026 0:20,23.15,132.171
####,7/1/2026 0:35,23.02,132.626
####,7/1/2026 0:50,22.82,132.974
####,7/1/2026 1:05,22.63,133.138
####,7/1/2026 1:20,22.48,133.181
####,7/1/2026 1:35,22.4,132.94
####,7/1/2026 1:50,22.35,132.527
####,7/1/2026 2:05,22.59,131.726
####,7/1/2026 2:20,23.02,130.724
####,7/1/2026 2:35,23.25,129.487
####,7/1/2026 2:50,23.36,128.156
####,7/1/2026 3:05,23.52,126.811
####,7/1/2026 3:20,23.77,125.418
####,7/1/2026 3:35,23.85,124.006
####,7/1/2026 3:50,23.9,122.627
####,7/1/2026 4:05,23.99,121.368
####,7/1/2026 4:20,24.16,119.969
####,7/1/2026 4:35,24.28,118.682
####,7/1/2026 4:50,24.34,117.408
####,7/1/2026 5:05,24.39,116.164
####,7/1/2026 5:20,24.43,114.953
####,7/1/2026 5:35,24.47,113.765
####,7/1/2026 5:50,24.49,112.651
####,7/1/2026 6:05,24.51,111.542
####,7/1/2026 6:20,24.52,110.463
####,7/1/2026 6:35,24.52,109.463
####,7/1/2026 6:50,24.52,108.509
####,7/1/2026 7:05,24.52,107.631
####,7/1/2026 7:20,24.52,106.765
####,7/1/2026 7:35,24.55,106.045
####,7/1/2026 7:50,24.6,105.375
####,7/1/2026 8:05,24.6,104.932
####,7/1/2026 8:20,24.63,104.833
####,7/1/2026 8:35,24.66,105.521
####,7/1/2026 8:50,24.6,106.335
####,7/1/2026 9:05,24.56,107.292
####,7/1/2026 9:20,24.53,108.373
####,7/1/2026 9:35,24.46,109.495
####,7/1/2026 9:50,24.47,110.553
####,7/1/2026 10:05,24.4,111.827
####,7/1/2026 10:20,24.37,113.16
####,7/1/2026 10:35,24.4,114.474
####,7/1/2026 10:50,24.4,115.956
####,7/1/2026 11:05,24.38,117.555
####,7/1/2026 11:20,24.39,119.185
####,7/1/2026 11:35,24.38,120.891
####,7/1/2026 11:50,24.23,122.53
####,7/1/2026 12:05,24.16,124.129
####,7/1/2026 12:20,24.06,125.549
####,7/1/2026 12:35,23.99,126.896
####,7/1/2026 12:50,23.87,127.974
####,7/1/2026 13:05,23.81,128.618
####,7/1/2026 13:20,23.77,129.204
####,7/1/2026 13:35,23.71,129.367
####,7/1/2026 13:50,23.7,129.299
####,7/1/2026 14:05,23.71,128.838
####,7/1/2026 14:20,23.77,128.169
####,7/1/2026 14:35,23.87,127.467
####,7/1/2026 14:50,24.11,126.651
####,7/1/2026 15:05,24.27,125.759
####,7/1/2026 15:20,24.43,124.854
####,7/1/2026 15:35,24.53,123.856
####,7/1/2026 15:50,24.93,122.703
####,7/1/2026 16:05,25.37,121.646
####,7/1/2026 16:20,25.54,120.493
####,7/1/2026 16:35,25.68,119.419
####,7/1/2026 16:50,25.79,118.308
####,7/1/2026 17:05,25.96,117.173
####,7/1/2026 17:20,26.09,116.055
####,7/1/2026 17:35,26.2,114.942
####,7/1/2026 17:50,26.35,113.867
####,7/1/2026 18:05,26.49,112.78
####,7/1/2026 18:20,26.59,111.781
####,7/1/2026 18:35,26.66,110.827
####,7/1/2026 18:50,26.71,109.981
####,7/1/2026 19:05,26.73,109.143
####,7/1/2026 19:20,26.75,108.434
####,7/1/2026 19:35,26.74,107.857
####,7/1/2026 19:50,26.73,107.48
####,7/1/2026 20:05,26.7,107.434
####,7/1/2026 20:20,26.75,107.998
####,7/1/2026 20:35,26.72,108.877
####,7/1/2026 20:50,26.68,109.789
####,7/1/2026 21:05,26.66,110.814
####,7/1/2026 21:20,26.65,111.877
####,7/1/2026 21:35,26.63,113.02
####,7/1/2026 21:50,26.6,114.176
####,7/1/2026 22:05,26.49,115.497
####,7/1/2026 22:20,26.38,116.94
####,7/1/2026 22:35,26.27,118.509
####,7/1/2026 22:50,26.13,120.15
####,7/1/2026 23:05,25.87,121.915
####,7/1/2026 23:20,25.37,123.677
####,7/1/2026 23:35,24.89,125.428
####,7/1/2026 23:50,24.75,127.067
####,7/2/2026 0:05,24.45,128.456
####,7/2/2026 0:20,24.02,129.579
####,7/2/2026 0:35,23.67,130.637
####,7/2/2026 0:50,23.46,131.497
####,7/2/2026 1:05,23.29,132.211
####,7/2/2026 1:20,23.14,132.578
####,7/2/2026 1:35,22.97,132.843
####,7/2/2026 1:50,22.78,132.763
####,7/2/2026 2:05,22.69,132.484
####,7/2/2026 2:20,22.82,132.08
####,7/2/2026 2:35,23.23,131.349
####,7/2/2026 2:50,23.65,130.317
####,7/2/2026 3:05,23.82,129.138
####,7/2/2026 3:20,24,127.851
####,7/2/2026 3:35,24.25,126.683
####,7/2/2026 3:50,24.41,125.531
####,7/2/2026 4:05,24.66,124.323
####,7/2/2026 4:20,24.94,122.978
####,7/2/2026 4:35,25.24,121.698
####,7/2/2026 4:50,25.45,120.391
####,7/2/2026 5:05,25.66,119.073
####,7/2/2026 5:20,25.79,117.833
####,7/2/2026 5:35,25.84,116.529
####,7/2/2026 5:50,25.91,115.261
####,7/2/2026 6:05,25.96,114.08
####,7/2/2026 6:20,25.98,112.941
####,7/2/2026 6:35,26.02,111.807
####,7/2/2026 6:50,26.04,110.732
####,7/2/2026 7:05,26.07,109.678
####,7/2/2026 7:20,26.09,108.683
####,7/2/2026 7:35,26.13,107.738
####,7/2/2026 7:50,26.19,106.877
####,7/2/2026 8:05,26.26,106.038
####,7/2/2026 8:20,26.35,105.294
####,7/2/2026 8:35,26.48,104.696
####,7/2/2026 8:50,26.65,104.348
####,7/2/2026 9:05,26.79,104.801
####,7/2/2026 9:20,26.62,105.552
####,7/2/2026 9:35,26.61,106.579
####,7/2/2026 9:50,26.6,107.581
####,7/2/2026 10:05,26.63,108.664
####,7/2/2026 10:20,26.62,109.883
####,7/2/2026 10:35,26.62,111.054
####,7/2/2026 10:50,26.43,112.405
####,7/2/2026 11:05,26.39,113.76
####,7/2/2026 11:20,26.29,115.173
####,7/2/2026 11:35,26.17,116.723
####,7/2/2026 11:50,26.1,118.377
####,7/2/2026 12:05,25.96,120.08
####,7/2/2026 12:20,25.77,121.801
####,7/2/2026 12:35,25.55,123.442
####,7/2/2026 12:50,25.42,124.891
####,7/2/2026 13:05,25.21,126.189
####,7/2/2026 13:20,24.99,127.294
####,7/2/2026 13:35,24.82,128.225
####,7/2/2026 13:50,24.73,128.889
####,7/2/2026 14:05,24.64,129.227
####,7/2/2026 14:20,24.57,129.28
####,7/2/2026 14:35,24.57,128.945
####,7/2/2026 14:50,24.62,128.191
####,7/2/2026 15:05,24.69,127.338
####,7/2/2026 15:20,24.91,126.488
####,7/2/2026 15:35,25.19,125.749
####,7/2/2026 15:50,25.44,124.829
####,7/2/2026 16:05,25.57,123.861
####,7/2/2026 16:20,26.36,122.703
####,7/2/2026 16:35,26.72,121.741
####,7/2/2026 16:50,26.82,120.636
####,7/2/2026 17:05,27,119.534
####,7/2/2026 17:20,27.12,118.364
####,7/2/2026 17:35,27.3,117.255
####,7/2/2026 17:50,27.49,116.117
####,7/2/2026 18:05,27.65,115.029
####,7/2/2026 18:20,27.81,113.921
####,7/2/2026 18:35,27.96,112.897
####,7/2/2026 18:50,28.12,111.869
####,7/2/2026 19:05,28.23,110.865
####,7/2/2026 19:20,28.3,109.97
####,7/2/2026 19:35,28.33,109.095
####,7/2/2026 19:50,28.35,108.336
####,7/2/2026 20:05,28.33,107.659
####,7/2/2026 20:20,28.32,107.149
####,7/2/2026 20:35,28.29,107.082
####,7/2/2026 20:50,28.3,107.182
####,7/2/2026 21:05,28.32,107.933
####,7/2/2026 21:20,28.22,108.794
####,7/2/2026 21:35,28.17,109.83
####,7/2/2026 21:50,28.09,110.767
####,7/2/2026 22:05,27.98,111.966
####,7/2/2026 22:20,27.89,113.103
####,7/2/2026 22:35,27.7,114.297
####,7/2/2026 22:50,27.53,115.722
####,7/2/2026 23:05,27.37,117.252
####,7/2/2026 23:20,27.16,118.924
####,7/2/2026 23:35,26.92,120.634
####,7/2/2026 23:50,26.43,122.357
####,7/3/2026 0:05,25.84,124.139
####,7/3/2026 0:20,25.54,125.798
####,7/3/2026 0:35,25.39,127.365
####,7/3/2026 0:50,25.09,128.662
####,7/3/2026 1:05,24.83,129.894
####,7/3/2026 1:20,24.6,130.963
####,7/3/2026 1:35,24.48,131.7
####,7/3/2026 1:50,24.36,132.218
####,7/3/2026 2:05,24.2,132.466
####,7/3/2026 2:20,24.03,132.534
####,7/3/2026 2:35,23.89,132.43
####,7/3/2026 2:50,23.81,132.214
####,7/3/2026 3:05,23.89,131.691
####,7/3/2026 3:20,24.11,130.932
####,7/3/2026 3:35,24.59,129.826
####,7/3/2026 3:50,24.72,128.516
####,7/3/2026 4:05,24.87,127.14
####,7/3/2026 4:20,25.05,125.892
####,7/3/2026 4:35,25.25,124.741
####,7/3/2026 4:50,25.46,123.549
####,7/3/2026 5:05,25.66,122.245
####,7/3/2026 5:20,26.05,120.988
####,7/3/2026 5:35,26.25,119.664
####,7/3/2026 5:50,26.44,118.367
####,7/3/2026 6:05,26.68,117.05
####,7/3/2026 6:20,26.82,115.803
####,7/3/2026 6:35,26.94,114.569
####,7/3/2026 6:50,27.05,113.436
####,7/3/2026 7:05,27.16,112.282
####,7/3/2026 7:20,27.26,111.195
####,7/3/2026 7:35,27.33,110.117
####,7/3/2026 7:50,27.4,109.093
####,7/3/2026 8:05,27.47,108.103
####,7/3/2026 8:20,27.54,107.188
####,7/3/2026 8:35,27.63,106.419
####,7/3/2026 8:50,27.73,105.642
####,7/3/2026 9:05,27.86,105.086
####,7/3/2026 9:20,28.01,104.666
####,7/3/2026 9:35,28.13,104.842
####,7/3/2026 9:50,28.11,105.471
####,7/3/2026 10:05,28.09,106.303
####,7/3/2026 10:20,27.99,107.305
####,7/3/2026 10:35,28.02,108.333
####,7/3/2026 10:50,27.98,109.474
####,7/3/2026 11:05,27.97,110.723
####,7/3/2026 11:20,27.81,111.9
####,7/3/2026 11:35,27.7,113.403
####,7/3/2026 11:50,27.61,114.724
####,7/3/2026 12:05,27.41,116.269
####,7/3/2026 12:20,27.31,117.863
####,7/3/2026 12:35,27.05,119.652
####,7/3/2026 12:50,26.89,121.377
####,7/3/2026 13:05,26.67,123.127
####,7/3/2026 13:20,26.42,124.699
####,7/3/2026 13:35,26.25,126.06
####,7/3/2026 13:50,26.09,127.326
####,7/3/2026 14:05,25.89,128.428
####,7/3/2026 14:20,25.75,129.125
####,7/3/2026 14:35,25.71,129.724
####,7/3/2026 14:50,25.59,129.956
####,7/3/2026 15:05,25.47,129.87
####,7/3/2026 15:20,25.53,129.376
####,7/3/2026 15:35,25.66,128.675
####,7/3/2026 15:50,26.39,127.777
####,7/3/2026 16:05,26.67,126.773
####,7/3/2026 16:20,26.87,125.847
####,7/3/2026 16:35,27.07,124.818
####,7/3/2026 16:50,27.24,123.796
####,7/3/2026 17:05,27.42,122.742
####,7/3/2026 17:20,27.5,121.649
####,7/3/2026 17:35,27.65,120.503
####,7/3/2026 17:50,27.75,119.412
####,7/3/2026 18:05,27.96,118.294
####,7/3/2026 18:20,28.18,117.172
####,7/3/2026 18:35,28.36,116.101
####,7/3/2026 18:50,28.53,114.98
####,7/3/2026 19:05,28.68,113.905
####,7/3/2026 19:20,28.83,112.902
####,7/3/2026 19:35,28.96,111.89
####,7/3/2026 19:50,29.11,110.949
####,7/3/2026 20:05,29.21,110.058
####,7/3/2026 20:20,29.27,109.233
####,7/3/2026 20:35,29.3,108.508
####,7/3/2026 20:50,29.29,107.943
####,7/3/2026 21:05,29.26,107.569
####,7/3/2026 21:20,29.21,107.643
####,7/3/2026 21:35,29.25,108.096
####,7/3/2026 21:50,29.18,108.87
####,7/3/2026 22:05,29.06,109.789
####,7/3/2026 22:20,28.97,110.701
####,7/3/2026 22:35,28.8,111.782
####,7/3/2026 22:50,28.6,112.847
####,7/3/2026 23:05,28.4,114.028
####,7/3/2026 23:20,28.12,115.371
####,7/3/2026 23:35,27.97,116.797
####,7/3/2026 23:50,27.76,118.356
####,7/4/2026 0:05,27.51,120.012
####,7/4/2026 0:20,27.22,121.768
####,7/4/2026 0:35,26.69,123.63
####,7/4/2026 0:50,26.13,125.379
####,7/4/2026 1:05,25.89,127.066
####,7/4/2026 1:20,25.58,128.438
####,7/4/2026 1:35,25.26,129.647
####,7/4/2026 1:50,24.96,130.719
####,7/4/2026 2:05,24.81,131.564
####,7/4/2026 2:20,24.7,132.187
####,7/4/2026 2:35,24.57,132.609
####,7/4/2026 2:50,24.4,132.836
####,7/4/2026 3:05,24.23,132.942
####,7/4/2026 3:20,24.08,132.846
####,7/4/2026 3:35,23.97,132.516
####,7/4/2026 3:50,24.05,131.963
####,7/4/2026 4:05,24.59,131.114
####,7/4/2026 4:20,24.74,130.022
####,7/4/2026 4:35,24.91,128.78
####,7/4/2026 4:50,25.13,127.381
####,7/4/2026 5:05,25.39,126.121
####,7/4/2026 5:20,25.66,124.779
####,7/4/2026 5:35,25.87,123.487
####,7/4/2026 5:50,26.13,122.167
####,7/4/2026 6:05,26.45,120.85
####,7/4/2026 6:20,26.77,119.537
####,7/4/2026 6:35,26.98,118.261
####,7/4/2026 6:50,27.13,117.001
####,7/4/2026 7:05,27.27,115.754
####,7/4/2026 7:20,27.43,114.533
####,7/4/2026 7:35,27.57,113.35
####,7/4/2026 7:50,27.72,112.197
####,7/4/2026 8:05,27.87,111.07
####,7/4/2026 8:20,27.99,110.001
####,7/4/2026 8:35,28.1,109.036
####,7/4/2026 8:50,28.2,108.088
####,7/4/2026 9:05,28.31,107.203
####,7/4/2026 9:20,28.42,106.467
####,7/4/2026 9:35,28.57,105.828
####,7/4/2026 9:50,28.72,105.317
####,7/4/2026 10:05,28.9,105.155
####,7/4/2026 10:20,28.85,105.672
####,7/4/2026 10:35,28.82,106.371
####,7/4/2026 10:50,28.73,107.402
####,7/4/2026 11:05,28.61,108.444
####,7/4/2026 11:20,28.64,109.565
####,7/4/2026 11:35,28.52,110.709
####,7/4/2026 11:50,28.41,111.949
####,7/4/2026 12:05,28.18,113.25
####,7/4/2026 12:20,28.06,114.538
####,7/4/2026 12:35,27.84,116.203
####,7/4/2026 12:50,27.66,117.862
####,7/4/2026 13:05,27.44,119.597
####,7/4/2026 13:20,27.22,121.38
####,7/4/2026 13:35,26.94,123.158
####,7/4/2026 13:50,26.71,124.76
####,7/4/2026 14:05,26.53,126.305
####,7/4/2026 14:20,26.32,127.645
####,7/4/2026 14:35,26.17,128.673
####,7/4/2026 14:50,26.02,129.622
####,7/4/2026 15:05,25.91,130.211
####,7/4/2026 15:20,25.81,130.704
####,7/4/2026 15:35,25.78,130.838
####,7/4/2026 15:50,25.75,130.233
####,7/4/2026 16:05,25.9,129.527
####,7/4/2026 16:20,26.36,128.82
####,7/4/2026 16:35,26.6,128.125
####,7/4/2026 16:50,26.73,127.222
####,7/4/2026 17:05,26.91,126.196
####,7/4/2026 17:20,27.1,125.178
####,7/4/2026 17:35,27.24,124.076
####,7/4/2026 17:50,27.37,122.866
####,7/4/2026 18:05,27.53,121.708
####,7/4/2026 18:20,27.6,120.598
####,7/4/2026 18:35,27.74,119.436
####,7/4/2026 18:50,27.95,118.268
####,7/4/2026 19:05,28.18,117.127
####,7/4/2026 19:20,28.29,115.971
####,7/4/2026 19:35,28.43,114.841
####,7/4/2026 19:50,28.56,113.753
####,7/4/2026 20:05,28.67,112.711
####,7/4/2026 20:20,28.83,111.741
####,7/4/2026 20:35,28.96,110.822
####,7/4/2026 20:50,29.06,109.943
####,7/4/2026 21:05,29.11,109.168
####,7/4/2026 21:20,29.15,108.389
####,7/4/2026 21:35,29.13,107.845
####,7/4/2026 21:50,29.12,107.438
####,7/4/2026 22:05,29.06,107.466
####,7/4/2026 22:20,29.06,108.125
####,7/4/2026 22:35,28.93,108.944
####,7/4/2026 22:50,28.81,109.826
####,7/4/2026 23:05,28.7,110.812
####,7/4/2026 23:20,28.46,111.78
####,7/4/2026 23:35,28.27,112.911
####,7/4/2026 23:50,28.01,114.058
####,7/5/2026 0:05,27.74,115.439
####,7/5/2026 0:20,27.57,116.881
####,7/5/2026 0:35,27.35,118.415
####,7/5/2026 0:50,27.12,120.037
####,7/5/2026 1:05,26.86,121.669
####,7/5/2026 1:20,26.44,123.436
####,7/5/2026 1:35,26.09,125.136
####,7/5/2026 1:50,25.94,126.79
####,7/5/2026 2:05,25.73,128.198
####,7/5/2026 2:20,25.47,129.429
####,7/5/2026 2:35,25.18,130.455
####,7/5/2026 2:50,24.99,131.303
####,7/5/2026 3:05,24.88,131.939
####,7/5/2026 3:20,24.81,132.383
####,7/5/2026 3:35,24.71,132.381
####,7/5/2026 3:50,24.68,132.262
####,7/5/2026 4:05,24.7,131.839
####,7/5/2026 4:20,24.79,131.274
####,7/5/2026 4:35,25.01,130.523
####,7/5/2026 4:50,25.09,129.442
####,7/5/2026 5:05,25.23,128.468
####,7/5/2026 5:20,25.3,127.317
####,7/5/2026 5:35,25.41,126.205
####,7/5/2026 5:50,25.55,125.049
####,7/5/2026 6:05,25.7,123.918
####,7/5/2026 6:20,25.87,122.751
####,7/5/2026 6:35,26.1,121.415
####,7/5/2026 6:50,26.37,120.047
####,7/5/2026 7:05,26.58,118.77
####,7/5/2026 7:20,26.72,117.472
####,7/5/2026 7:35,26.89,116.217
####,7/5/2026 7:50,27.05,115.067
####,7/5/2026 8:05,27.19,113.979
####,7/5/2026 8:20,27.35,112.901
####,7/5/2026 8:35,27.5,111.827
####,7/5/2026 8:50,27.65,110.821
####,7/5/2026 9:05,27.78,109.823
####,7/5/2026 9:20,27.9,108.916
####,7/5/2026 9:35,28.02,108.018
####,7/5/2026 9:50,28.13,107.262
####,7/5/2026 10:05,28.25,106.559
####,7/5/2026 10:20,28.36,106.218
####,7/5/2026 10:35,28.47,106.058
####,7/5/2026 10:50,28.62,105.97
####,7/5/2026 11:05,28.51,106.714
####,7/5/2026 11:20,28.43,107.508
####,7/5/2026 11:35,28.39,108.353
####,7/5/2026 11:50,28.37,109.49
####,7/5/2026 12:05,28.23,110.629
####,7/5/2026 12:20,28.17,111.99
####,7/5/2026 12:35,27.99,113.23
####,7/5/2026 12:50,27.82,114.658
####,7/5/2026 13:05,27.69,116.092
####,7/5/2026 13:20,27.5,117.696
####,7/5/2026 13:35,27.32,119.39
####,7/5/2026 13:50,27.11,121.168
####,7/5/2026 14:05,26.89,122.973
####,7/5/2026 14:20,26.73,124.634
####,7/5/2026 14:35,26.61,126.156
####,7/5/2026 14:50,26.43,127.471
####,7/5/2026 15:05,26.17,128.728
####,7/5/2026 15:20,25.94,129.687
####,7/5/2026 15:35,25.79,130.553
####,7/5/2026 15:50,25.73,131.21
####,7/5/2026 16:05,25.69,131.566
####,7/5/2026 16:20,25.71,131.592
####,7/5/2026 16:35,25.7,131.155
####,7/5/2026 16:50,25.74,130.455
####,7/5/2026 17:05,26.12,129.49
####,7/5/2026 17:20,26.31,128.496
####,7/5/2026 17:35,26.59,127.483
####,7/5/2026 17:50,26.85,126.462
####,7/5/2026 18:05,26.97,125.489
####,7/5/2026 18:20,27.08,124.395
####,7/5/2026 18:35,27.17,123.226
####,7/5/2026 18:50,27.26,121.995
####,7/5/2026 19:05,27.39,120.802
####,7/5/2026 19:20,27.62,119.63
####,7/5/2026 19:35,27.73,118.477
####,7/5/2026 19:50,27.79,117.323
####,7/5/2026 20:05,27.86,116.216
####,7/5/2026 20:20,27.97,115.139
####,7/5/2026 20:35,28.05,114.055
####,7/5/2026 20:50,28.18,112.976
####,7/5/2026 21:05,28.32,111.972
####,7/5/2026 21:20,28.42,110.998
####,7/5/2026 21:35,28.49,110.077
####,7/5/2026 21:50,28.52,109.273
####,7/5/2026 22:05,28.49,108.529
####,7/5/2026 22:20,28.48,107.869
####,7/5/2026 22:35,28.43,107.491
####,7/5/2026 22:50,28.4,107.333
####,7/5/2026 23:05,28.34,107.771
####,7/5/2026 23:20,28.25,108.496
####,7/5/2026 23:35,28.12,109.398
####,7/5/2026 23:50,28.04,110.363
####,7/6/2026 0:05,27.82,111.327
####,7/6/2026 0:20,27.56,112.419
####,7/6/2026 0:35,27.31,113.599
####,7/6/2026 0:50,27.01,114.912
####,7/6/2026 1:05,26.87,116.329
####,7/6/2026 1:20,26.65,117.85
####,7/6/2026 1:35,26.5,119.478
####,7/6/2026 1:50,26.23,121.146
####,7/6/2026 2:05,25.9,122.915
####,7/6/2026 2:20,25.67,124.637
####,7/6/2026 2:35,25.49,126.27
####,7/6/2026 2:50,25.41,127.801
####,7/6/2026 3:05,25.32,129.099
####,7/6/2026 3:20,25.16,130.216
####,7/6/2026 3:35,24.96,131.063
####,7/6/2026 3:50,24.8,131.702
####,7/6/2026 4:05,24.69,132.183
####,7/6/2026 4:20,24.63,132.345
####,7/6/2026 4:35,24.58,132.29
####,7/6/2026 4:50,24.59,131.87
####,7/6/2026 5:05,24.67,131.208
####,7/6/2026 5:20,24.91,130.345
####,7/6/2026 5:35,24.96,129.435
####,7/6/2026 5:50,25.07,128.402
####,7/6/2026 6:05,25.13,127.226
####,7/6/2026 6:20,25.24,126.068
####,7/6/2026 6:35,25.28,124.863
####,7/6/2026 6:50,25.39,123.686
####,7/6/2026 7:05,25.52,122.443
####,7/6/2026 7:20,25.7,121.21
####,7/6/2026 7:35,25.85,119.957
####,7/6/2026 7:50,25.97,118.712
####,7/6/2026 8:05,26.11,117.539
####,7/6/2026 8:20,26.21,116.358
####,7/6/2026 8:35,26.31,115.185
####,7/6/2026 8:50,26.44,114.01
####,7/6/2026 9:05,26.59,112.919
####,7/6/2026 9:20,26.75,111.846
####,7/6/2026 9:35,26.87,110.839
####,7/6/2026 9:50,26.96,109.869
####,7/6/2026 10:05,27.03,108.978
####,7/6/2026 10:20,27.1,108.167
####,7/6/2026 10:35,27.14,107.413
####,7/6/2026 10:50,27.19,106.78
####,7/6/2026 11:05,27.21,106.341
####,7/6/2026 11:20,27.27,106.147
####,7/6/2026 11:35,27.31,106.446
####,7/6/2026 11:50,27.2,107.232
####,7/6/2026 12:05,27.17,108.243
####,7/6/2026 12:20,27.13,109.345
####,7/6/2026 12:35,27.03,110.443
####,7/6/2026 12:50,26.91,111.529
####,7/6/2026 13:05,26.8,112.736
####,7/6/2026 13:20,26.61,113.905
####,7/6/2026 13:35,26.53,115.215
####,7/6/2026 13:50,26.38,116.677
####,7/6/2026 14:05,26.18,118.311
####,7/6/2026 14:20,25.99,120.043
####,7/6/2026 14:35,25.82,121.797
####,7/6/2026 14:50,25.6,123.565
####,7/6/2026 15:05,25.43,125.26
####,7/6/2026 15:20,25.28,126.78
####,7/6/2026 15:35,25.16,128.182
####,7/6/2026 15:50,24.87,129.438
####,7/6/2026 16:05,24.72,130.395
####,7/6/2026 16:20,24.54,131.184
####,7/6/2026 16:35,24.43,131.736
####,7/6/2026 16:50,24.36,132.075
####,7/6/2026 17:05,24.3,132.023
####,7/6/2026 17:20,24.3,131.675
####,7/6/2026 17:35,24.42,130.989
####,7/6/2026 17:50,24.67,130.1
####,7/6/2026 18:05,24.93,129.087
####,7/6/2026 18:20,25.09,128.201
####,7/6/2026 18:35,25.22,127.194
####,7/6/2026 18:50,25.35,126.141
####,7/6/2026 19:05,25.45,124.909
####,7/6/2026 19:20,25.53,123.785
####,7/6/2026 19:35,25.57,122.582
####,7/6/2026 19:50,25.75,121.395
####,7/6/2026 20:05,25.92,120.188
####,7/6/2026 20:20,26,118.95
####,7/6/2026 20:35,26.06,117.78
####,7/6/2026 20:50,26.12,116.643
####,7/6/2026 21:05,26.21,115.516
####,7/6/2026 21:20,26.31,114.453
####,7/6/2026 21:35,26.42,113.399
####,7/6/2026 21:50,26.56,112.354
####,7/6/2026 22:05,26.68,111.379
####,7/6/2026 22:20,26.75,110.488
####,7/6/2026 22:35,26.79,109.613
####,7/6/2026 22:50,26.79,108.791
####,7/6/2026 23:05,26.8,108.132
####,7/6/2026 23:20,26.76,107.617
####,7/6/2026 23:35,26.74,107.335
####,7/6/2026 23:50,26.77,107.551
####,7/7/2026 0:05,26.65,108.15
####,7/7/2026 0:20,26.54,108.924
####,7/7/2026 0:35,26.42,109.871
####,7/7/2026 0:50,26.3,110.836
####,7/7/2026 1:05,25.95,111.901
####,7/7/2026 1:20,25.74,112.995
####,7/7/2026 1:35,25.43,114.182
####,7/7/2026 1:50,25.29,115.444
####,7/7/2026 2:05,25.1,116.819
####,7/7/2026 2:20,24.93,118.266
####,7/7/2026 2:35,24.78,119.843
####,7/7/2026 2:50,24.57,121.413
####,7/7/2026 3:05,24.42,123.098
####,7/7/2026 3:20,24.26,124.725
####,7/7/2026 3:35,24.07,126.286
####,7/7/2026 3:50,23.97,127.654
####,7/7/2026 4:05,23.85,128.908
####,7/7/2026 4:20,23.67,129.907
####,7/7/2026 4:35,23.51,130.659
####,7/7/2026 4:50,23.35,131.197
####,7/7/2026 5:05,23.27,131.447
####,7/7/2026 5:20,23.24,131.475
####,7/7/2026 5:35,23.24,131.165
####,7/7/2026 5:50,23.29,130.541
####,7/7/2026 6:05,23.43,129.713
####,7/7/2026 6:20,23.6,128.702
####,7/7/2026 6:35,23.67,127.719
####,7/7/2026 6:50,23.79,126.703
####,7/7/2026 7:05,23.86,125.566
####,7/7/2026 7:20,23.94,124.463
####,7/7/2026 7:35,24.01,123.323
####,7/7/2026 7:50,24.12,122.168
####,7/7/2026 8:05,24.25,120.993
####,7/7/2026 8:20,24.36,119.772
####,7/7/2026 8:35,24.43,118.598
####,7/7/2026 8:50,24.52,117.466
####,7/7/2026 9:05,24.6,116.351
####,7/7/2026 9:20,24.7,115.262
####,7/7/2026 9:35,24.81,114.199
####,7/7/2026 9:50,24.95,113.129
####,7/7/2026 10:05,25.09,112.093
####,7/7/2026 10:20,25.21,111.098
####,7/7/2026 10:35,25.29,110.145
####,7/7/2026 10:50,25.35,109.254
####,7/7/2026 11:05,25.38,108.467
####,7/7/2026 11:20,25.37,107.737
####,7/7/2026 11:35,25.33,107.164
####,7/7/2026 11:50,25.25,106.881
####,7/7/2026 12:05,25.22,106.918
####,7/7/2026 12:20,25.19,107.522
####,7/7/2026 12:35,25.02,108.361
####,7/7/2026 12:50,24.99,109.314
####,7/7/2026 13:05,24.84,110.311
####,7/7/2026 13:20,24.55,111.41
####,7/7/2026 13:35,24.33,112.536
####,7/7/2026 13:50,24.06,113.732
####,7/7/2026 14:05,23.93,115.006
####,7/7/2026 14:20,23.76,116.402
####,7/7/2026 14:35,23.63,117.845
####,7/7/2026 14:50,23.49,119.447
####,7/7/2026 15:05,23.36,121.147
####,7/7/2026 15:20,23.29,122.916
####,7/7/2026 15:35,23.18,124.707
####,7/7/2026 15:50,23.01,126.39
####,7/7/2026 16:05,22.87,127.953
####,7/7/2026 16:20,22.77,129.334
####,7/7/2026 16:35,22.63,130.434
####,7/7/2026 16:50,22.5,131.3
####,7/7/2026 17:05,22.42,131.97
####,7/7/2026 17:20,22.33,132.451
####,7/7/2026 17:35,22.25,132.748
####,7/7/2026 17:50,22.18,132.839
####,7/7/2026 18:05,22.14,132.788
####,7/7/2026 18:20,22.12,132.455
####,7/7/2026 18:35,22.18,131.873
####,7/7/2026 18:50,22.33,131.058
####,7/7/2026 19:05,22.41,130.09
####,7/7/2026 19:20,22.49,128.813
####,7/7/2026 19:35,22.56,127.671
####,7/7/2026 19:50,22.67,126.672
####,7/7/2026 20:05,22.75,125.464
####,7/7/2026 20:20,22.84,124.165
####,7/7/2026 20:35,22.83,122.857
####,7/7/2026 20:50,22.85,121.542
####,7/7/2026 21:05,22.94,120.258
####,7/7/2026 21:20,22.97,119.062
####,7/7/2026 21:35,22.99,117.949
####,7/7/2026 21:50,23.05,116.809
####,7/7/2026 22:05,23.12,115.665
####,7/7/2026 22:20,23.16,114.526
####,7/7/2026 22:35,23.26,113.41
####,7/7/2026 22:50,23.35,112.389
####,7/7/2026 23:05,23.42,111.381
####,7/7/2026 23:20,23.45,110.485
####,7/7/2026 23:35,23.48,109.619
####,7/7/2026 23:50,23.5,108.86
####,7/8/2026 0:05,23.46,108.2
####,7/8/2026 0:20,23.43,107.773
####,7/8/2026 0:35,23.39,107.557
####,7/8/2026 0:50,23.41,107.789
####,7/8/2026 1:05,23.23,108.499
####,7/8/2026 1:20,23.14,109.339
####,7/8/2026 1:35,22.99,110.291
####,7/8/2026 1:50,22.86,111.251
####,7/8/2026 2:05,22.53,112.316
####,7/8/2026 2:20,22.39,113.411
####,7/8/2026 2:35,22.1,114.649
####,7/8/2026 2:50,21.99,115.994
####,7/8/2026 3:05,21.84,117.432
####,7/8/2026 3:20,21.72,119.017
####,7/8/2026 3:35,21.63,120.609
####,7/8/2026 3:50,21.58,122.269
####,7/8/2026 4:05,21.54,123.889
####,7/8/2026 4:20,21.37,125.441
####,7/8/2026 4:35,21.22,126.844
####,7/8/2026 4:50,21.2,128.079
####,7/8/2026 5:05,21.18,129.151
####,7/8/2026 5:20,21.12,129.913
####,7/8/2026 5:35,21.05,130.503
####,7/8/2026 5:50,21,130.833
####,7/8/2026 6:05,20.97,130.963
####,7/8/2026 6:20,20.96,130.715
####,7/8/2026 6:35,20.96,130.195
####,7/8/2026 6:50,21.03,129.538
####,7/8/2026 7:05,21.05,128.646
####,7/8/2026 7:20,21.08,127.712
####,7/8/2026 7:35,21.14,126.78
####,7/8/2026 7:50,21.21,125.743
####,7/8/2026 8:05,21.31,124.658
####,7/8/2026 8:20,21.4,123.581
####,7/8/2026 8:35,21.47,122.501
####,7/8/2026 8:50,21.54,121.375
####,7/8/2026 9:05,21.63,120.25
####,7/8/2026 9:20,21.72,119.051
####,7/8/2026 9:35,21.82,117.94
####,7/8/2026 9:50,21.92,116.776
####,7/8/2026 10:05,22.04,115.654
####,7/8/2026 10:20,22.2,114.559
####,7/8/2026 10:35,22.4,113.469
####,7/8/2026 10:50,22.63,112.455
####,7/8/2026 11:05,22.85,111.488
####,7/8/2026 11:20,23.08,110.512
####,7/8/2026 11:35,23.28,109.619
####,7/8/2026 11:50,23.51,108.765
####,7/8/2026 12:05,23.73,108.044
####,7/8/2026 12:20,23.97,107.447
####,7/8/2026 12:35,24.24,107.021
####,7/8/2026 12:50,24.38,107.143
####,7/8/2026 13:05,24.3,107.709
####,7/8/2026 13:20,24.43,108.45
####,7/8/2026 13:35,24.4,109.428
####,7/8/2026 13:50,24.38,110.444
####,7/8/2026 14:05,24.51,111.484
####,7/8/2026 14:20,24.47,112.651
####,7/8/2026 14:35,24.53,113.878
####,7/8/2026 14:50,24.36,115.227
####,7/8/2026 15:05,24.31,116.716
####,7/8/2026 15:20,24.25,118.332
####,7/8/2026 15:35,24.22,120.016
####,7/8/2026 15:50,24.05,121.837
####,7/8/2026 16:05,23.76,123.653
####,7/8/2026 16:20,23.52,125.396
####,7/8/2026 16:35,23.39,127.089
####,7/8/2026 16:50,23.17,128.5
####,7/8/2026 17:05,22.99,129.737
####,7/8/2026 17:20,22.79,130.786
####,7/8/2026 17:35,22.68,131.69
####,7/8/2026 17:50,22.53,132.372
####,7/8/2026 18:05,22.34,132.825
####,7/8/2026 18:20,22.12,133.186
####,7/8/2026 18:35,21.89,133.324
####,7/8/2026 18:50,21.74,133.325
####,7/8/2026 19:05,21.65,133.084
####,7/8/2026 19:20,21.58,132.612
####,7/8/2026 19:35,22,131.911
####,7/8/2026 19:50,22.43,130.909
####,7/8/2026 20:05,22.74,129.74
####,7/8/2026 20:20,22.91,128.34
####,7/8/2026 20:35,23.13,127.008
####,7/8/2026 20:50,23.4,125.661
####,7/8/2026 21:05,23.67,124.324
####,7/8/2026 21:20,23.75,123.026
####,7/8/2026 21:35,23.86,121.683
####,7/8/2026 21:50,24.01,120.387
####,7/8/2026 22:05,24.11,119.088
####,7/8/2026 22:20,24.25,117.84
####,7/8/2026 22:35,24.37,116.601
####,7/8/2026 22:50,24.47,115.412
####,7/8/2026 23:05,24.57,114.232
####,7/8/2026 23:20,24.64,113.103
####,7/8/2026 23:35,24.7,112.015
####,7/8/2026 23:50,24.75,110.949
####,7/9/2026 0:05,24.77,109.953
####,7/9/2026 0:20,24.77,109.044
####,7/9/2026 0:35,24.75,108.211
####,7/9/2026 0:50,24.7,107.456
####,7/9/2026 1:05,24.67,106.85
####,7/9/2026 1:20,24.61,106.476
####,7/9/2026 1:35,24.53,106.392
####,7/9/2026 1:50,24.49,106.992
####,7/9/2026 2:05,24.42,107.79
####,7/9/2026 2:20,24.39,108.731
####,7/9/2026 2:35,24.34,109.659
####,7/9/2026 2:50,24.17,110.656
####,7/9/2026 3:05,24.07,111.729
####,7/9/2026 3:20,23.9,112.885
####,7/9/2026 3:35,23.7,114.195
####,7/9/2026 3:50,23.58,115.599
####,7/9/2026 4:05,23.39,117.094
####,7/9/2026 4:20,23.22,118.741
####,7/9/2026 4:35,22.99,120.384
####,7/9/2026 4:50,22.77,122.066
####,7/9/2026 5:05,22.55,123.725
####,7/9/2026 5:20,22.41,125.273
####,7/9/2026 5:35,22.35,126.691
####,7/9/2026 5:50,22.3,127.854
####,7/9/2026 6:05,22.22,128.862
####,7/9/2026 6:20,22.11,129.602
####,7/9/2026 6:35,22.04,130.154
####,7/9/2026 6:50,21.97,130.45
####,7/9/2026 7:05,21.93,130.512
####,7/9/2026 7:20,21.92,130.181
####,7/9/2026 7:35,21.98,129.582
####,7/9/2026 7:50,22.16,128.752
####,7/9/2026 8:05,22.28,127.774
####,7/9/2026 8:20,22.34,126.808
####,7/9/2026 8:35,22.41,125.813
####,7/9/2026 8:50,22.51,124.769
####,7/9/2026 9:05,22.63,123.647
####,7/9/2026 9:20,22.75,122.496
####,7/9/2026 9:35,22.89,121.367
####,7/9/2026 9:50,23.06,120.156
####,7/9/2026 10:05,23.24,118.942
####,7/9/2026 10:20,23.42,117.736
####,7/9/2026 10:35,23.6,116.586
####,7/9/2026 10:50,23.79,115.457
####,7/9/2026 11:05,23.99,114.35
####,7/9/2026 11:20,24.23,113.241
####,7/9/2026 11:35,24.44,112.168
####,7/9/2026 11:50,24.6,111.129
####,7/9/2026 12:05,24.79,110.14
####,7/9/2026 12:20,24.96,109.21
####,7/9/2026 12:35,25.15,108.321
####,7/9/2026 12:50,25.39,107.551
####,7/9/2026 13:05,25.64,106.888
####,7/9/2026 13:20,25.77,106.406
####,7/9/2026 13:35,25.96,106.215
####,7/9/2026 13:50,25.99,106.605
####,7/9/2026 14:05,25.99,107.3
####,7/9/2026 14:20,26.09,108.231
####,7/9/2026 14:35,26.16,109.228
####,7/9/2026 14:50,26.27,110.251
####,7/9/2026 15:05,26.32,111.36
####,7/9/2026 15:20,26.41,112.554
####,7/9/2026 15:35,26.35,113.842
####,7/9/2026 15:50,26.22,115.283
####,7/9/2026 16:05,26.09,116.847
####,7/9/2026 16:20,25.92,118.556
####,7/9/2026 16:35,25.76,120.381
####,7/9/2026 16:50,25.29,122.279
####,7/9/2026 17:05,25.07,124.194
####,7/9/2026 17:20,24.97,126.02
####,7/9/2026 17:35,24.67,127.664
####,7/9/2026 17:50,24.43,129.092
####,7/9/2026 18:05,24.17,130.266
####,7/9/2026 18:20,23.95,131.306
####,7/9/2026 18:35,23.76,132.083
####,7/9/2026 18:50,23.47,132.644
####,7/9/2026 19:05,23.17,133.066
####,7/9/2026 19:20,22.87,133.311
####,7/9/2026 19:35,22.66,133.433
####,7/9/2026 19:50,22.53,133.43
####,7/9/2026 20:05,22.5,133.182
####,7/9/2026 20:20,22.49,132.715
####,7/9/2026 20:35,22.76,131.973
####,7/9/2026 20:50,23.17,131.025
####,7/9/2026 21:05,23.55,129.875
####,7/9/2026 21:20,23.84,128.548
####,7/9/2026 21:35,24.34,126.958
####,7/9/2026 21:50,24.75,125.421
####,7/9/2026 22:05,24.94,124.011
####,7/9/2026 22:20,25.14,122.611
####,7/9/2026 22:35,25.32,121.186
####,7/9/2026 22:50,25.48,119.828
####,7/9/2026 23:05,25.6,118.471
####,7/9/2026 23:20,25.81,117.166
####,7/9/2026 23:35,25.98,115.882
####,7/9/2026 23:50,26.12,114.653
####,7/10/2026 0:05,26.21,113.44
####,7/10/2026 0:20,26.28,112.24
####,7/10/2026 0:35,26.33,111.09
####,7/10/2026 0:50,26.36,110.02
####,7/10/2026 1:05,26.36,108.966
####,7/10/2026 1:20,26.34,107.974
####,7/10/2026 1:35,26.31,107.095
####,7/10/2026 1:50,26.27,106.332
####,7/10/2026 2:05,26.22,105.623
####,7/10/2026 2:20,26.17,105.038
####,7/10/2026 2:35,26.08,104.826
####,7/10/2026 2:50,26.07,105.062
####,7/10/2026 3:05,26.08,105.794
####,7/10/2026 3:20,26.03,106.717
####,7/10/2026 3:35,26.02,107.74
####,7/10/2026 3:50,25.92,108.904
####,7/10/2026 4:05,25.81,110.122
####,7/10/2026 4:20,25.66,111.356
####,7/10/2026 4:35,25.52,112.778
####,7/10/2026 4:50,25.35,114.289
####,7/10/2026 5:05,25.15,115.87
####,7/10/2026 5:20,24.94,117.587
####,7/10/2026 5:35,24.61,119.31
####,7/10/2026 5:50,24.39,121.054
####,7/10/2026 6:05,24.19,122.813
####,7/10/2026 6:20,24.05,124.424
####,7/10/2026 6:35,23.99,126.025
####,7/10/2026 6:50,23.91,127.393
####,7/10/2026 7:05,23.79,128.526
####,7/10/2026 7:20,23.68,129.353
####,7/10/2026 7:35,23.59,129.926
####,7/10/2026 7:50,23.53,130.26
####,7/10/2026 8:05,23.5,130.306
####,7/10/2026 8:20,23.49,130.008
####,7/10/2026 8:35,23.58,129.427
####,7/10/2026 8:50,23.88,128.548
####,7/10/2026 9:05,24.07,127.614
####,7/10/2026 9:20,24.18,126.615
####,7/10/2026 9:35,24.27,125.608
####,7/10/2026 9:50,24.38,124.56
####,7/10/2026 10:05,24.47,123.496
####,7/10/2026 10:20,24.6,122.303
####,7/10/2026 10:35,24.74,121.178
####,7/10/2026 10:50,24.89,119.941
####,7/10/2026 11:05,25.03,118.747
####,7/10/2026 11:20,25.22,117.58
####,7/10/2026 11:35,25.43,116.401
####,7/10/2026 11:50,25.64,115.289
####,7/10/2026 12:05,25.85,114.128
####,7/10/2026 12:20,26.05,113.017
####,7/10/2026 12:35,26.24,111.961
####,7/10/2026 12:50,26.41,110.909
####,7/10/2026 13:05,26.53,109.961
####,7/10/2026 13:20,26.63,109.058
####,7/10/2026 13:35,26.78,108.198
####,7/10/2026 13:50,26.99,107.406
####,7/10/2026 14:05,27.14,106.75
####,7/10/2026 14:20,27.22,106.283
####,7/10/2026 14:35,27.38,106.195
####,7/10/2026 14:50,27.33,106.762
####,7/10/2026 15:05,27.39,107.509
####,7/10/2026 15:20,27.39,108.5
####,7/10/2026 15:35,27.43,109.546
####,7/10/2026 15:50,27.58,110.67
####,7/10/2026 16:05,27.61,111.855
####,7/10/2026 16:20,27.69,113.136
####,7/10/2026 16:35,27.57,114.557
####,7/10/2026 16:50,27.43,116.111
####,7/10/2026 17:05,27.23,117.816
####,7/10/2026 17:20,27.04,119.656
####,7/10/2026 17:35,26.67,121.569
####,7/10/2026 17:50,26.28,123.592
####,7/10/2026 18:05,26.11,125.613
####,7/10/2026 18:20,25.88,127.443
####,7/10/2026 18:35,25.43,129.097
####,7/10/2026 18:50,25.08,130.449
####,7/10/2026 19:05,24.88,131.637
####,7/10/2026 19:20,24.65,132.623
####,7/10/2026 19:35,24.29,133.338
####,7/10/2026 19:50,23.85,133.921
####,7/10/2026 20:05,23.41,134.353
####,7/10/2026 20:20,23.18,134.688
####,7/10/2026 20:35,22.96,134.877
####,7/10/2026 20:50,22.78,134.873
####,7/10/2026 21:05,22.68,134.669
####,7/10/2026 21:20,22.68,134.152
####,7/10/2026 21:35,22.8,133.398
####,7/10/2026 21:50,23.16,132.486
####,7/10/2026 22:05,23.58,131.428
####,7/10/2026 22:20,24.12,130.176
####,7/10/2026 22:35,24.62,128.61
####,7/10/2026 22:50,24.92,126.878
####,7/10/2026 23:05,25.28,125.294
####,7/10/2026 23:20,25.52,123.714
####,7/10/2026 23:35,25.71,122.242
####,7/10/2026 23:50,25.87,120.796
####,7/11/2026 0:05,26.04,119.355
####,7/11/2026 0:20,26.17,117.969
####,7/11/2026 0:35,26.26,116.629
####,7/11/2026 0:50,26.35,115.349
####,7/11/2026 1:05,26.4,114.084
####,7/11/2026 1:20,26.43,112.9
####,7/11/2026 1:35,26.45,111.761
####,7/11/2026 1:50,26.44,110.652
####,7/11/2026 2:05,26.4,109.568
####,7/11/2026 2:20,26.34,108.588
####,7/11/2026 2:35,26.26,107.645
####,7/11/2026 2:50,26.19,106.766
####,7/11/2026 3:05,26.12,105.998
####,7/11/2026 3:20,26.03,105.326
####,7/11/2026 3:35,25.93,104.736
####,7/11/2026 3:50,25.83,104.503
####,7/11/2026 4:05,25.76,104.998
####,7/11/2026 4:20,25.8,105.847
####,7/11/2026 4:35,25.74,106.944
####,7/11/2026 4:50,25.72,108.162
####,7/11/2026 5:05,25.47,109.414
####,7/11/2026 5:20,25.42,110.795
####,7/11/2026 5:35,25.24,112.225
####,7/11/2026 5:50,25.19,113.666
####,7/11/2026 6:05,25.01,115.227
####,7/11/2026 6:20,24.86,116.948
####,7/11/2026 6:35,24.65,118.773
####,7/11/2026 6:50,24.45,120.659
####,7/11/2026 7:05,24.3,122.498
####,7/11/2026 7:20,24.15,124.38
####,7/11/2026 7:35,24.05,126.047
####,7/11/2026 7:50,24,127.612
####,7/11/2026 8:05,23.94,128.818
####,7/11/2026 8:20,23.84,129.847
####,7/11/2026 8:35,23.75,130.643
####,7/11/2026 8:50,23.7,131.133
####,7/11/2026 9:05,23.65,131.371
####,7/11/2026 9:20,23.67,131.249
####,7/11/2026 9:35,23.69,130.788
####,7/11/2026 9:50,23.75,130.055
####,7/11/2026 10:05,23.99,129.104
####,7/11/2026 10:20,24.14,128.064
####,7/11/2026 10:35,24.24,126.976
####,7/11/2026 10:50,24.36,125.907
####,7/11/2026 11:05,24.45,124.729
####,7/11/2026 11:20,24.56,123.493
####,7/11/2026 11:35,24.69,122.309
####,7/11/2026 11:50,24.83,121.03
####,7/11/2026 12:05,24.96,119.809
####,7/11/2026 12:20,25.12,118.59
####,7/11/2026 12:35,25.26,117.326
####,7/11/2026 12:50,25.44,116.159
####,7/11/2026 13:05,25.6,114.993
####,7/11/2026 13:20,25.78,113.839
####,7/11/2026 13:35,25.97,112.754
####,7/11/2026 13:50,26.13,111.656
####,7/11/2026 14:05,26.27,110.657
####,7/11/2026 14:20,26.39,109.701
####,7/11/2026 14:35,26.52,108.844
####,7/11/2026 14:50,26.7,108.018
####,7/11/2026 15:05,26.85,107.308
####,7/11/2026 15:20,26.98,106.763
####,7/11/2026 15:35,27.08,106.463
####,7/11/2026 15:50,27.08,106.836
####,7/11/2026 16:05,27.09,107.594
####,7/11/2026 16:20,27.13,108.657
####,7/11/2026 16:35,27.08,109.776
####,7/11/2026 16:50,27.16,111.015
####,7/11/2026 17:05,27.13,112.223
####,7/11/2026 17:20,27.15,113.562
####,7/11/2026 17:35,27.02,115.02
####,7/11/2026 17:50,26.9,116.655
####,7/11/2026 18:05,26.76,118.444
####,7/11/2026 18:20,26.57,120.476
####,7/11/2026 18:35,26.28,122.626
####,7/11/2026 18:50,26.06,124.708
####,7/11/2026 19:05,25.97,126.799
####,7/11/2026 19:20,25.71,128.755
####,7/11/2026 19:35,25.38,130.409
####,7/11/2026 19:50,25.03,131.85
####,7/11/2026 20:05,24.78,133.038
####,7/11/2026 20:20,24.51,133.973
####,7/11/2026 20:35,24.07,134.687
####,7/11/2026 20:50,23.68,135.28
####,7/11/2026 21:05,23.33,135.781
####,7/11/2026 21:20,23.07,136.167
####,7/11/2026 21:35,22.86,136.389
####,7/11/2026 21:50,22.69,136.403
####,7/11/2026 22:05,22.62,136.174
####,7/11/2026 22:20,22.6,135.61
####,7/11/2026 22:35,22.74,134.771
####,7/11/2026 22:50,23,133.81
####,7/11/2026 23:05,23.33,132.741
####,7/11/2026 23:20,23.71,131.515
####,7/11/2026 23:35,24.06,129.944
####,7/11/2026 23:50,24.34,128.127
####,7/12/2026 0:05,24.61,126.419
####,7/12/2026 0:20,24.88,124.796
####,7/12/2026 0:35,25.05,123.227
####,7/12/2026 0:50,25.2,121.684
####,7/12/2026 1:05,25.28,120.191
####,7/12/2026 1:20,25.33,118.732
####,7/12/2026 1:35,25.34,117.324
####,7/12/2026 1:50,25.35,116.012
####,7/12/2026 2:05,25.35,114.734
####,7/12/2026 2:20,25.32,113.511
####,7/12/2026 2:35,25.29,112.317
####,7/12/2026 2:50,25.24,111.182
####,7/12/2026 3:05,25.17,110.077
####,7/12/2026 3:20,25.1,109.017
####,7/12/2026 3:35,25.02,108.025
####,7/12/2026 3:50,24.96,107.141
####,7/12/2026 4:05,24.88,106.262
####,7/12/2026 4:20,24.79,105.515
####,7/12/2026 4:35,24.64,104.858
####,7/12/2026 4:50,24.47,104.322
####,7/12/2026 5:05,24.41,104.226
####,7/12/2026 5:20,24.43,105.215
####,7/12/2026 5:35,24.44,106.146
####,7/12/2026 5:50,24.44,107.289
####,7/12/2026 6:05,24.44,108.549
####,7/12/2026 6:20,24.12,109.941
####,7/12/2026 6:35,24.04,111.492
####,7/12/2026 6:50,24.08,113.034
####,7/12/2026 7:05,24,114.646
####,7/12/2026 7:20,23.95,116.422
####,7/12/2026 7:35,23.95,118.313
####,7/12/2026 7:50,23.93,120.252
####,7/12/2026 8:05,23.82,122.225
####,7/12/2026 8:20,23.75,124.213
####,7/12/2026 8:35,23.67,126.106
####,7/12/2026 8:50,23.66,127.785
####,7/12/2026 9:05,23.67,129.261
####,7/12/2026 9:20,23.65,130.418
####,7/12/2026 9:35,23.59,131.344
####,7/12/2026 9:50,23.55,131.965
####,7/12/2026 10:05,23.53,132.246
####,7/12/2026 10:20,23.55,132.234
####,7/12/2026 10:35,23.57,131.802
####,7/12/2026 10:50,23.61,131.051
####,7/12/2026 11:05,23.92,130.038
####,7/12/2026 11:20,24.03,128.942
####,7/12/2026 11:35,24.11,127.87
####,7/12/2026 11:50,24.19,126.753
####,7/12/2026 12:05,24.23,125.549
####,7/12/2026 12:20,24.3,124.312
####,7/12/2026 12:35,24.42,123.072
####,7/12/2026 12:50,24.54,121.705
####,7/12/2026 13:05,24.66,120.433
####,7/12/2026 13:20,24.75,119.154
####,7/12/2026 13:35,24.87,117.881
####,7/12/2026 13:50,24.97,116.662
####,7/12/2026 14:05,25.06,115.444
####,7/12/2026 14:20,25.16,114.252
####,7/12/2026 14:35,25.31,113.103
####,7/12/2026 14:50,25.41,111.974
####,7/12/2026 15:05,25.52,110.901
####,7/12/2026 15:20,25.62,109.91
####,7/12/2026 15:35,25.74,108.929
####,7/12/2026 15:50,25.85,108.048
####,7/12/2026 16:05,25.98,107.234
####,7/12/2026 16:20,26.1,106.428
####,7/12/2026 16:35,26.24,106.042
####,7/12/2026 16:50,26.3,106.038
####,7/12/2026 17:05,26.26,106.862
####,7/12/2026 17:20,26.26,107.84
####,7/12/2026 17:35,26.17,108.801
####,7/12/2026 17:50,26.18,110.141
####,7/12/2026 18:05,26.24,111.446
####,7/12/2026 18:20,26.3,112.889
####,7/12/2026 18:35,26.23,114.455
####,7/12/2026 18:50,26.19,115.962
####,7/12/2026 19:05,26.12,118.002
####,7/12/2026 19:20,25.92,120.062
####,7/12/2026 19:35,25.73,122.23
####,7/12/2026 19:50,25.64,124.532
####,7/12/2026 20:05,25.57,126.887
####,7/12/2026 20:20,25.32,129.007
####,7/12/2026 20:35,24.92,130.874
####,7/12/2026 20:50,24.67,132.355
####,7/12/2026 21:05,24.48,133.666
####,7/12/2026 21:20,24.27,134.687
####,7/12/2026 21:35,23.89,135.461
####,7/12/2026 21:50,23.51,136.139
####,7/12/2026 22:05,23.25,136.684
####,7/12/2026 22:20,22.96,137.099
####,7/12/2026 22:35,22.67,137.396
####,7/12/2026 22:50,22.41,137.436
####,7/12/2026 23:05,22.25,137.231
####,7/12/2026 23:20,22.18,136.707
####,7/12/2026 23:35,22.31,135.902
####,7/12/2026 23:50,22.71,134.922
####,7/13/2026 0:05,22.96,133.834
####,7/13/2026 0:20,23.25,132.601
####,7/13/2026 0:35,23.52,131.15
####,7/13/2026 0:50,23.72,129.354
####,7/13/2026 1:05,24.01,127.432
####,7/13/2026 1:20,24.19,125.694
####,7/13/2026 1:35,24.35,123.978
####,7/13/2026 1:50,24.45,122.333
####,7/13/2026 2:05,24.5,120.777
####,7/13/2026 2:20,24.52,119.246
####,7/13/2026 2:35,24.5,117.803
####,7/13/2026 2:50,24.47,116.449
####,7/13/2026 3:05,24.43,115.128
####,7/13/2026 3:20,24.38,113.892
####,7/13/2026 3:35,24.33,112.665
####,7/13/2026 3:50,24.26,111.521
####,7/13/2026 4:05,24.2,110.349
####,7/13/2026 4:20,24.14,109.27
####,7/13/2026 4:35,24.08,108.224
####,7/13/2026 4:50,24.02,107.303
####,7/13/2026 5:05,23.95,106.452
####,7/13/2026 5:20,23.86,105.619
####,7/13/2026 5:35,23.75,104.88
####,7/13/2026 5:50,23.6,104.237
####,7/13/2026 6:05,23.52,103.81
####,7/13/2026 6:20,23.36,103.761
####,7/13/2026 6:35,23.35,104.944
####,7/13/2026 6:50,23.49,106.014
####,7/13/2026 7:05,23.55,107.299
####,7/13/2026 7:20,23.43,108.768
####,7/13/2026 7:35,23.33,110.296
####,7/13/2026 7:50,23.3,111.956
####,7/13/2026 8:05,23.37,113.665
####,7/13/2026 8:20,23.4,115.492
####,7/13/2026 8:35,23.46,117.479
####,7/13/2026 8:50,23.52,119.602
####,7/13/2026 9:05,23.48,121.704
####,7/13/2026 9:20,23.42,123.863
####,7/13/2026 9:35,23.39,125.937
####,7/13/2026 9:50,23.41,127.805
####,7/13/2026 10:05,23.43,129.407
####,7/13/2026 10:20,23.39,130.681
####,7/13/2026 10:35,23.33,131.62
####,7/13/2026 10:50,23.29,132.291
####,7/13/2026 11:05,23.27,132.702
####,7/13/2026 11:20,23.28,132.782
####,7/13/2026 11:35,23.29,132.522
####,7/13/2026 11:50,23.28,131.938
####,7/13/2026 12:05,23.59,130.92
####,7/13/2026 12:20,23.87,129.706
####,7/13/2026 12:35,24.02,128.338
####,7/13/2026 12:50,24.05,127.048
####,7/13/2026 13:05,24.07,125.792
####,7/13/2026 13:20,24.2,124.448
####,7/13/2026 13:35,24.27,123.095
####,7/13/2026 13:50,24.37,121.697
####,7/13/2026 14:05,24.46,120.346
####,7/13/2026 14:20,24.57,118.984
####,7/13/2026 14:35,24.64,117.635
####,7/13/2026 14:50,24.73,116.283
####,7/13/2026 15:05,24.81,115.04
####,7/13/2026 15:20,24.91,113.748
####,7/13/2026 15:35,25.01,112.532
####,7/13/2026 15:50,25.1,111.333
####,7/13/2026 16:05,25.2,110.239
####,7/13/2026 16:20,25.3,109.133
####,7/13/2026 16:35,25.43,108.148
####,7/13/2026 16:50,25.54,107.23
####,7/13/2026 17:05,25.61,106.345
####,7/13/2026 17:20,25.66,105.58
####,7/13/2026 17:35,25.76,104.944
####,7/13/2026 17:50,25.85,104.582
####,7/13/2026 18:05,25.89,105.091
####,7/13/2026 18:20,25.89,106.068
####,7/13/2026 18:35,25.85,107.215
####,7/13/2026 18:50,25.82,108.508
####,7/13/2026 19:05,25.96,109.925
####,7/13/2026 19:20,26,111.437
####,7/13/2026 19:35,25.96,113.144
####,7/13/2026 19:50,25.92,114.978
####,7/13/2026 20:05,25.85,117.025
####,7/13/2026 20:20,25.64,119.235
####,7/13/2026 20:35,25.4,121.555
####,7/13/2026 20:50,25.28,123.964
####,7/13/2026 21:05,25.13,126.409
####,7/13/2026 21:20,24.82,128.702
####,7/13/2026 21:35,24.49,130.633
####,7/13/2026 21:50,24.23,132.215
####,7/13/2026 22:05,24.04,133.513
####,7/13/2026 22:20,23.74,134.486
####,7/13/2026 22:35,23.29,135.263
####,7/13/2026 22:50,22.94,135.97
####,7/13/2026 23:05,22.51,136.563
####,7/13/2026 23:20,21.7,137.042
####,7/13/2026 23:35,20.55,137.409
####,7/13/2026 23:50,19.49,137.547
####,7/14/2026 0:05,18.92,137.396
####,7/14/2026 0:20,18.85,136.843
####,7/14/2026 0:35,18.79,135.997
####,7/14/2026 0:50,20.25,135.005
####,7/14/2026 1:05,20.95,133.901
####,7/14/2026 1:20,21.79,132.658
####,7/14/2026 1:35,22.6,131.273
####,7/14/2026 1:50,22.99,129.586
####,7/14/2026 2:05,23.24,127.58
####,7/14/2026 2:20,23.57,125.631
####,7/14/2026 2:35,23.79,123.871
####,7/14/2026 2:50,24.03,122.124
####,7/14/2026 3:05,24.12,120.51
####,7/14/2026 3:20,24.18,118.972
####,7/14/2026 3:35,24.2,117.422
####,7/14/2026 3:50,24.21,116.023
####,7/14/2026 4:05,24.2,114.691
####,7/14/2026 4:20,24.17,113.439
####,7/14/2026 4:35,24.15,112.196
####,7/14/2026 4:50,24.11,111.004
####,7/14/2026 5:05,24.07,109.833
####,7/14/2026 5:20,24.03,108.712
####,7/14/2026 5:35,23.99,107.683
####,7/14/2026 5:50,23.93,106.701
####,7/14/2026 6:05,23.89,105.789
####,7/14/2026 6:20,23.86,104.924
####,7/14/2026 6:35,23.82,104.158
####,7/14/2026 6:50,23.79,103.5
####,7/14/2026 7:05,23.77,102.966
####,7/14/2026 7:20,23.74,102.701
####,7/14/2026 7:35,23.83,103.691
####,7/14/2026 7:50,23.87,104.829
####,7/14/2026 8:05,23.84,106.107
####,7/14/2026 8:20,23.78,107.763
####,7/14/2026 8:35,23.69,109.486
####,7/14/2026 8:50,23.58,111.247
####,7/14/2026 9:05,23.53,113.124
####,7/14/2026 9:20,23.46,115.035
####,7/14/2026 9:35,23.49,117.175
####,7/14/2026 9:50,23.51,119.368
####,7/14/2026 10:05,23.44,121.616
####,7/14/2026 10:20,23.3,123.806
####,7/14/2026 10:35,23.23,125.976
####,7/14/2026 10:50,23.2,127.826
####,7/14/2026 11:05,23.1,129.408
####,7/14/2026 11:20,22.95,130.659
####,7/14/2026 11:35,22.79,131.609
####,7/14/2026 11:50,22.64,132.336
####,7/14/2026 12:05,22.54,132.594
####,7/14/2026 12:20,22.49,132.547
####,7/14/2026 12:35,22.47,132.19
####,7/14/2026 12:50,22.57,131.499
####,7/14/2026 13:05,23.04,130.271
####,7/14/2026 13:20,23.19,129.033
####,7/14/2026 13:35,23.27,127.865
####,7/14/2026 13:50,23.35,126.523
####,7/14/2026 14:05,23.5,125.232
####,7/14/2026 14:20,23.69,123.777
####,7/14/2026 14:35,23.83,122.271
####,7/14/2026 14:50,23.96,120.841
####,7/14/2026 15:05,24.06,119.454
####,7/14/2026 15:20,24.15,118.109
####,7/14/2026 15:35,24.24,116.723
####,7/14/2026 15:50,24.32,115.401
####,7/14/2026 16:05,24.4,114.1
####,7/14/2026 16:20,24.49,112.796
####,7/14/2026 16:35,24.58,111.577
####,7/14/2026 16:50,24.68,110.395
####,7/14/2026 17:05,24.78,109.264
####,7/14/2026 17:20,24.86,108.159
####,7/14/2026 17:35,24.91,107.086
####,7/14/2026 17:50,24.94,106.151
####,7/14/2026 18:05,24.98,105.286
####,7/14/2026 18:20,25.03,104.427
####,7/14/2026 18:35,25.08,103.662
####,7/14/2026 18:50,25.1,103.125
####,7/14/2026 19:05,25.12,103.051
####,7/14/2026 19:20,25.13,104.255
####,7/14/2026 19:35,25.12,105.401
####,7/14/2026 19:50,25.08,106.775
####,7/14/2026 20:05,25.1,108.225
####,7/14/2026 20:20,25.08,109.809
####,7/14/2026 20:35,25.02,111.552
####,7/14/2026 20:50,24.91,113.382
####,7/14/2026 21:05,24.8,115.335
####,7/14/2026 21:20,24.59,117.567
####,7/14/2026 21:35,24.34,120.085
####,7/14/2026 21:50,24.16,122.862
####,7/14/2026 22:05,23.92,125.341
####,7/14/2026 22:20,23.51,127.698
####,7/14/2026 22:35,23.08,129.634
####,7/14/2026 22:50,22.78,131.336
####,7/14/2026 23:05,22.42,132.718
####,7/14/2026 23:20,21.94,133.788
####,7/14/2026 23:35,21.3,134.594
####,7/14/2026 23:50,20.87,135.308
####,7/15/2026 0:05,20.06,135.918
####,7/15/2026 0:20,18.81,136.455
####,7/15/2026 0:35,17.66,136.882
####,7/15/2026 0:50,16.76,137.138
####,7/15/2026 1:05,16.46,137.136
####,7/15/2026 1:20,16.27,136.678
####,7/15/2026 1:35,16.27,135.8
####,7/15/2026 1:50,17.51,134.807
####,7/15/2026 2:05,18.52,133.6
####,7/15/2026 2:20,19.12,132.361
####,7/15/2026 2:35,20.03,130.965
####,7/15/2026 2:50,20.84,129.241
####,7/15/2026 3:05,21.43,127.275
####,7/15/2026 3:20,21.92,125.247
####,7/15/2026 3:35,22.55,123.411
####,7/15/2026 3:50,22.97,121.69
####,7/15/2026 4:05,23.22,120.005
####,7/15/2026 4:20,23.51,118.38
####,7/15/2026 4:35,23.66,116.875
####,7/15/2026 4:50,23.76,115.553
####,7/15/2026 5:05,23.84,114.127
####,7/15/2026 5:20,23.91,112.798
####,7/15/2026 5:35,23.98,111.591
####,7/15/2026 5:50,24.03,110.438
####,7/15/2026 6:05,24.07,109.285
####,7/15/2026 6:20,24.1,108.236
####,7/15/2026 6:35,24.12,107.18
####,7/15/2026 6:50,24.14,106.207
####,7/15/2026 7:05,24.18,105.372
####,7/15/2026 7:20,24.21,104.487
####,7/15/2026 7:35,24.26,103.632
####,7/15/2026 7:50,24.27,102.954
####,7/15/2026 8:05,24.24,102.387
####,7/15/2026 8:20,24.23,102.049
####,7/15/2026 8:35,24.22,103.185
####,7/15/2026 8:50,24.24,104.516
####,7/15/2026 9:05,24.22,105.878
####,7/15/2026 9:20,24.14,107.636
####,7/15/2026 9:35,24.04,109.396
####,7/15/2026 9:50,23.9,111.257
####,7/15/2026 10:05,23.69,113.231
####,7/15/2026 10:20,23.49,115.169
####,7/15/2026 10:35,23.27,117.434
####,7/15/2026 10:50,23.04,119.739
####,7/15/2026 11:05,22.83,122.055
####,7/15/2026 11:20,22.6,124.353
####,7/15/2026 11:35,22.43,126.508
####,7/15/2026 11:50,22.21,128.371
####,7/15/2026 12:05,21.87,129.84
####,7/15/2026 12:20,21.62,131.043
####,7/15/2026 12:35,21.39,131.987
####,7/15/2026 12:50,21.17,132.629
####,7/15/2026 13:05,20.96,132.914
####,7/15/2026 13:20,20.7,132.921
####,7/15/2026 13:35,20.53,132.788
####,7/15/2026 13:50,20.48,132.258
####,7/15/2026 14:05,21.03,131.4
####,7/15/2026 14:20,21.6,130.308
####,7/15/2026 14:35,21.85,128.934
####,7/15/2026 14:50,22.16,127.453
####,7/15/2026 15:05,22.52,125.886
####,7/15/2026 15:20,22.74,124.393
####,7/15/2026 15:35,22.87,122.895
####,7/15/2026 15:50,23.03,121.407
####,7/15/2026 16:05,23.16,119.895
####,7/15/2026 16:20,23.34,118.518
####,7/15/2026 16:35,23.49,117.075
####,7/15/2026 16:50,23.64,115.725
####,7/15/2026 17:05,23.77,114.38
####,7/15/2026 17:20,23.89,113.076
####,7/15/2026 17:35,24,111.807
####,7/15/2026 17:50,24.1,110.597
####,7/15/2026 18:05,24.21,109.424
####,7/15/2026 18:20,24.29,108.277
####,7/15/2026 18:35,24.34,107.254
####,7/15/2026 18:50,24.35,106.31
####,7/15/2026 19:05,24.33,105.391
####,7/15/2026 19:20,24.32,104.609
####,7/15/2026 19:35,24.22,103.933
####,7/15/2026 19:50,24.16,103.49
####,7/15/2026 20:05,24.04,104.029
####,7/15/2026 20:20,24.17,105.07
####,7/15/2026 20:35,24.13,106.257
####,7/15/2026 20:50,24.07,107.71
####,7/15/2026 21:05,23.84,109.239
####,7/15/2026 21:20,23.59,111.027
####,7/15/2026 21:35,23.42,112.764
####,7/15/2026 21:50,23.12,114.771
####,7/15/2026 22:05,22.86,116.922
####,7/15/2026 22:20,22.44,119.335
####,7/15/2026 22:35,22.18,121.804
####,7/15/2026 22:50,21.95,124.348
####,7/15/2026 23:05,21.76,126.825
####,7/15/2026 23:20,21.41,129.047
####,7/15/2026 23:35,20.96,130.841
####,7/15/2026 23:50,20.59,132.415
####,7/16/2026 0:05,20.25,133.639
####,7/16/2026 0:20,19.65,134.589
####,7/16/2026 0:35,19.23,135.434
####,7/16/2026 0:50,18.68,136.142
####,7/16/2026 1:05,17.97,136.783
####,7/16/2026 1:20,17.49,137.308
####,7/16/2026 1:35,17.27,137.67
####,7/16/2026 1:50,17.29,137.817
####,7/16/2026 2:05,17.23,137.61
####,7/16/2026 2:20,17.27,136.938
####,7/16/2026 2:35,17.32,136.001
####,7/16/2026 2:50,17.73,134.979
####,7/16/2026 3:05,17.96,133.774
####,7/16/2026 3:20,18.18,132.502
####,7/16/2026 3:35,18.57,131.163
####,7/16/2026 3:50,18.98,129.426
####,7/16/2026 4:05,19.36,127.411
####,7/16/2026 4:20,19.81,125.524
####,7/16/2026 4:35,20.2,123.721
####,7/16/2026 4:50,20.52,121.948
####,7/16/2026 5:05,20.8,120.293
####,7/16/2026 5:20,20.97,118.737
####,7/16/2026 5:35,21.08,117.231
####,7/16/2026 5:50,21.16,115.83
####,7/16/2026 6:05,21.23,114.488
####,7/16/2026 6:20,21.29,113.242
####,7/16/2026 6:35,21.33,112.055
####,7/16/2026 6:50,21.37,110.893
####,7/16/2026 7:05,21.41,109.778
####,7/16/2026 7:20,21.46,108.697
####,7/16/2026 7:35,21.51,107.666
####,7/16/2026 7:50,21.58,106.678
####,7/16/2026 8:05,21.65,105.814
####,7/16/2026 8:20,21.76,104.984
####,7/16/2026 8:35,21.87,104.254
####,7/16/2026 8:50,22.06,103.612
####,7/16/2026 9:05,22.27,103.215
####,7/16/2026 9:20,22.45,104.015
####,7/16/2026 9:35,22.29,105.208
####,7/16/2026 9:50,22.23,106.469
####,7/16/2026 10:05,22.13,108.103
####,7/16/2026 10:20,22.1,109.773
####,7/16/2026 10:35,21.95,111.58
####,7/16/2026 10:50,21.79,113.396
####,7/16/2026 11:05,21.66,115.427
####,7/16/2026 11:20,21.63,117.687
####,7/16/2026 11:35,21.62,120.033
####,7/16/2026 11:50,21.36,122.302
####,7/16/2026 12:05,21.1,124.616
####,7/16/2026 12:20,20.92,126.725
####,7/16/2026 12:35,20.7,128.58
####,7/16/2026 12:50,20.45,129.962
####,7/16/2026 13:05,20.33,131.185
####,7/16/2026 13:20,20.17,132.13
####,7/16/2026 13:35,20.11,132.742
####,7/16/2026 13:50,19.93,133.145
####,7/16/2026 14:05,19.67,133.341
####,7/16/2026 14:20,19.55,133.406
####,7/16/2026 14:35,19.53,133.158
####,7/16/2026 14:50,19.52,132.671
####,7/16/2026 15:05,19.96,131.882
####,7/16/2026 15:20,20.48,130.831
####,7/16/2026 15:35,20.74,129.469
####,7/16/2026 15:50,21.15,127.877
####,7/16/2026 16:05,21.63,126.203
####,7/16/2026 16:20,21.87,124.598
####,7/16/2026 16:35,22.09,123.018
####,7/16/2026 16:50,22.29,121.527
####,7/16/2026 17:05,22.49,120.174
####,7/16/2026 17:20,22.67,118.848
####,7/16/2026 17:35,22.79,117.475
####,7/16/2026 17:50,22.99,116.158
####,7/16/2026 18:05,23.21,114.852
####,7/16/2026 18:20,23.31,113.544
####,7/16/2026 18:35,23.44,112.283
####,7/16/2026 18:50,23.58,111.035
####,7/16/2026 19:05,23.74,109.889
####,7/16/2026 19:20,23.88,108.867
####,7/16/2026 19:35,23.96,107.844
####,7/16/2026 19:50,24.02,106.909
####,7/16/2026 20:05,24,106.027
####,7/16/2026 20:20,24,105.228
####,7/16/2026 20:35,23.94,104.582
####,7/16/2026 20:50,23.77,104.186
####,7/16/2026 21:05,23.76,104.608
####,7/16/2026 21:20,23.94,105.773
####,7/16/2026 21:35,23.89,106.94
####,7/16/2026 21:50,23.83,108.348
####,7/16/2026 22:05,23.78,109.831
####,7/16/2026 22:20,23.64,111.427
####,7/16/2026 22:35,23.38,113.192
####,7/16/2026 22:50,23.02,115.044
####,7/16/2026 23:05,22.76,117.22
####,7/16/2026 23:20,22.18,119.555
####,7/16/2026 23:35,21.87,122.007
####,7/16/2026 23:50,21.74,124.503
####,7/17/2026 0:05,21.57,126.943
####,7/17/2026 0:20,21.29,129.057
####,7/17/2026 0:35,21.04,130.821
####,7/17/2026 0:50,20.83,132.265
####,7/17/2026 1:05,20.65,133.433
####,7/17/2026 1:20,20.36,134.267
####,7/17/2026 1:35,20.08,135.018
####,7/17/2026 1:50,19.86,135.644
####,7/17/2026 2:05,19.61,136.093
####,7/17/2026 2:20,19.28,136.499
####,7/17/2026 2:35,18.95,136.732
####,7/17/2026 2:50,18.71,136.769
####,7/17/2026 3:05,18.54,136.412
####,7/17/2026 3:20,18.55,135.702
####,7/17/2026 3:35,18.94,134.793
####,7/17/2026 3:50,19.22,133.736
####,7/17/2026 4:05,19.51,132.541
####,7/17/2026 4:20,19.8,131.245
####,7/17/2026 4:35,20.03,129.573
####,7/17/2026 4:50,20.21,127.591
####,7/17/2026 5:05,20.47,125.75
####,7/17/2026 5:20,20.68,123.956
####,7/17/2026 5:35,20.81,122.254
####,7/17/2026 5:50,20.98,120.651
####,7/17/2026 6:05,21.08,119.106
####,7/17/2026 6:20,21.16,117.636
####,7/17/2026 6:35,21.24,116.247
####,7/17/2026 6:50,21.3,114.909
####,7/17/2026 7:05,21.35,113.654
####,7/17/2026 7:20,21.39,112.454
####,7/17/2026 7:35,21.42,111.23
####,7/17/2026 7:50,21.46,110.111
####,7/17/2026 8:05,21.5,109.062
####,7/17/2026 8:20,21.57,107.998
####,7/17/2026 8:35,21.65,107.043
####,7/17/2026 8:50,21.74,106.154
####,7/17/2026 9:05,21.84,105.279
####,7/17/2026 9:20,21.96,104.516
####,7/17/2026 9:35,22.16,103.841
####,7/17/2026 9:50,22.29,103.36
####,7/17/2026 10:05,22.53,103.636
####,7/17/2026 10:20,22.46,104.855
####,7/17/2026 10:35,22.38,106.053
####,7/17/2026 10:50,22.23,107.612
####,7/17/2026 11:05,22.16,109.289
####,7/17/2026 11:20,22.05,111.05
####,7/17/2026 11:35,21.92,112.808
####,7/17/2026 11:50,21.73,114.733
####,7/17/2026 12:05,21.64,116.804
####,7/17/2026 12:20,21.58,118.952
####,7/17/2026 12:35,21.49,121.319
####,7/17/2026 12:50,21.35,123.676
####,7/17/2026 13:05,21.2,125.89
####,7/17/2026 13:20,21.08,127.867
####,7/17/2026 13:35,21.01,129.558
####,7/17/2026 13:50,20.86,130.956
####,7/17/2026 14:05,20.7,132.136
####,7/17/2026 14:20,20.56,132.944
####,7/17/2026 14:35,20.51,133.468
####,7/17/2026 14:50,20.44,133.769
####,7/17/2026 15:05,20.31,133.838
####,7/17/2026 15:20,20.27,133.698
####,7/17/2026 15:35,20.37,133.255
####,7/17/2026 15:50,20.47,132.531
####,7/17/2026 16:05,20.97,131.479
####,7/17/2026 16:20,21.2,130.175
####,7/17/2026 16:35,21.41,128.678
####,7/17/2026 16:50,21.74,127.101
####,7/17/2026 17:05,21.97,125.49
####,7/17/2026 17:20,22.08,123.991
####,7/17/2026 17:35,22.22,122.544
####,7/17/2026 17:50,22.33,121.085
####,7/17/2026 18:05,22.45,119.648
####,7/17/2026 18:20,22.63,118.28
####,7/17/2026 18:35,22.79,116.925
####,7/17/2026 18:50,22.93,115.583
####,7/17/2026 19:05,23.06,114.292
####,7/17/2026 19:20,23.18,113.059
####,7/17/2026 19:35,23.3,111.886
####,7/17/2026 19:50,23.42,110.717
####,7/17/2026 20:05,23.53,109.624
####,7/17/2026 20:20,23.61,108.576
####,7/17/2026 20:35,23.64,107.611
####,7/17/2026 20:50,23.6,106.72
####,7/17/2026 21:05,23.57,105.937
####,7/17/2026 21:20,23.52,105.195
####,7/17/2026 21:35,23.39,104.634
####,7/17/2026 21:50,23.3,104.521
####,7/17/2026 22:05,23.48,105.455
####,7/17/2026 22:20,23.52,106.453
####,7/17/2026 22:35,23.48,107.716
####,7/17/2026 22:50,23.4,109.074
####,7/17/2026 23:05,23.27,110.561
####,7/17/2026 23:20,23.1,112.19
####,7/17/2026 23:35,22.91,113.915
####,7/17/2026 23:50,22.6,115.818
####,7/18/2026 0:05,22.33,117.908
####,7/18/2026 0:20,21.85,120.116
####,7/18/2026 0:35,21.66,122.45
####,7/18/2026 0:50,21.57,124.805
####,7/18/2026 1:05,21.42,127.011
####,7/18/2026 1:20,21.22,129.022
####,7/18/2026 1:35,21.02,130.662
####,7/18/2026 1:50,20.83,132.042
####,7/18/2026 2:05,20.69,133.207
####,7/18/2026 2:20,20.5,134.014
####,7/18/2026 2:35,20.26,134.66
####,7/18/2026 2:50,20.02,135.164
####,7/18/2026 3:05,19.89,135.552
####,7/18/2026 3:20,19.69,135.729
####,7/18/2026 3:35,19.51,135.708
####,7/18/2026 3:50,19.4,135.437
####,7/18/2026 4:05,19.42,134.824
####,7/18/2026 4:20,19.61,133.97
####,7/18/2026 4:35,19.8,132.933
####,7/18/2026 4:50,20.05,131.699
####,7/18/2026 5:05,20.33,130.22
####,7/18/2026 5:20,20.52,128.401
####,7/18/2026 5:35,20.64,126.569
####,7/18/2026 5:50,20.81,124.932
####,7/18/2026 6:05,20.91,123.296
####,7/18/2026 6:20,21.01,121.665
####,7/18/2026 6:35,21.08,120.148
####,7/18/2026 6:50,21.19,118.666
####,7/18/2026 7:05,21.24,117.221
####,7/18/2026 7:20,21.3,115.861
####,7/18/2026 7:35,21.36,114.565
####,7/18/2026 7:50,21.42,113.273
####,7/18/2026 8:05,21.48,112.028
####,7/18/2026 8:20,21.53,110.829
####,7/18/2026 8:35,21.57,109.627
####,7/18/2026 8:50,21.6,108.629
####,7/18/2026 9:05,21.67,107.553
####,7/18/2026 9:20,21.73,106.618
####,7/18/2026 9:35,21.82,105.692
####,7/18/2026 9:50,21.95,104.863
####,7/18/2026 10:05,22.06,104.133
####,7/18/2026 10:20,22.21,103.561
####,7/18/2026 10:35,22.3,103.211
####,7/18/2026 10:50,22.74,104.144
####,7/18/2026 11:05,22.38,105.247
####,7/18/2026 11:20,22.25,106.482
####,7/18/2026 11:35,22.22,107.902
####,7/18/2026 11:50,22.27,109.457
####,7/18/2026 12:05,22.17,111.085
####,7/18/2026 12:20,22.03,112.798
####,7/18/2026 12:35,21.91,114.629
####,7/18/2026 12:50,21.81,116.611
####,7/18/2026 13:05,21.76,118.764
####,7/18/2026 13:20,21.64,121.043
####,7/18/2026 13:35,21.42,123.318
####,7/18/2026 13:50,21.19,125.525
####,7/18/2026 14:05,20.96,127.5
####,7/18/2026 14:20,20.75,129.231
####,7/18/2026 14:35,20.58,130.644
####,7/18/2026 14:50,20.44,131.799
####,7/18/2026 15:05,20.35,132.667
####,7/18/2026 15:20,20.25,133.219
####,7/18/2026 15:35,20.01,133.592
####,7/18/2026 15:50,19.79,133.726
####,7/18/2026 16:05,19.68,133.724
####,7/18/2026 16:20,19.64,133.404
####,7/18/2026 16:35,19.64,132.824
####,7/18/2026 16:50,19.83,131.938
####,7/18/2026 17:05,20.08,130.899
####,7/18/2026 17:20,20.4,129.613
####,7/18/2026 17:35,20.72,128.116
####,7/18/2026 17:50,20.98,126.425
####,7/18/2026 18:05,21.17,124.852
####,7/18/2026 18:20,21.23,123.269
####,7/18/2026 18:35,21.45,121.711
####,7/18/2026 18:50,21.54,120.248
####,7/18/2026 19:05,21.68,118.783
####,7/18/2026 19:20,21.79,117.302
####,7/18/2026 19:35,21.9,115.985
####,7/18/2026 19:50,21.98,114.659
####,7/18/2026 20:05,22.05,113.384
####,7/18/2026 20:20,22.13,112.152
####,7/18/2026 20:35,22.19,110.974
####,7/18/2026 20:50,22.26,109.776
####,7/18/2026 21:05,22.31,108.67
####,7/18/2026 21:20,22.35,107.643
####,7/18/2026 21:35,22.37,106.74
####,7/18/2026 21:50,22.36,105.925
####,7/18/2026 22:05,22.35,105.072
####,7/18/2026 22:20,22.34,104.489
####,7/18/2026 22:35,22.32,104.286
####,7/18/2026 22:50,22.28,104.608
####,7/18/2026 23:05,22.33,105.589
####,7/18/2026 23:20,22.29,106.801
####,7/18/2026 23:35,22.23,108.043
####,7/18/2026 23:50,22.1,109.404
####,7/19/2026 0:05,21.98,110.8
####,7/19/2026 0:20,21.86,112.379
####,7/19/2026 0:35,21.69,114.034
####,7/19/2026 0:50,21.53,115.795
####,7/19/2026 1:05,21.34,117.752
####,7/19/2026 1:20,21.11,119.852
####,7/19/2026 1:35,20.93,122.081
####,7/19/2026 1:50,20.81,124.151
####,7/19/2026 2:05,20.75,126.17
####,7/19/2026 2:20,20.6,127.975
####,7/19/2026 2:35,20.44,129.392
####,7/19/2026 2:50,20.28,130.647
####,7/19/2026 3:05,20.1,131.57
####,7/19/2026 3:20,19.95,132.356
####,7/19/2026 3:35,19.72,132.809
####,7/19/2026 3:50,19.49,133.149
####,7/19/2026 4:05,19.29,133.447
####,7/19/2026 4:20,19.2,133.475
####,7/19/2026 4:35,19.12,133.293
####,7/19/2026 4:50,19.12,132.948
####,7/19/2026 5:05,19.18,132.274
####,7/19/2026 5:20,19.43,131.423
####,7/19/2026 5:35,19.66,130.408
####,7/19/2026 5:50,19.99,129.144
####,7/19/2026 6:05,20.28,127.483
####,7/19/2026 6:20,20.42,125.724
####,7/19/2026 6:35,20.57,124.067
####,7/19/2026 6:50,20.68,122.519
####,7/19/2026 7:05,20.76,121.06
####,7/19/2026 7:20,20.86,119.535
####,7/19/2026 7:35,20.96,118.103
####,7/19/2026 7:50,21.04,116.718
####,7/19/2026 8:05,21.15,115.48
####,7/19/2026 8:20,21.25,114.135
####,7/19/2026 8:35,21.35,112.786
####,7/19/2026 8:50,21.45,111.513
####,7/19/2026 9:05,21.54,110.282
####,7/19/2026 9:20,21.63,109.114
####,7/19/2026 9:35,21.71,108.046
####,7/19/2026 9:50,21.83,107.096
####,7/19/2026 10:05,21.94,106.087
####,7/19/2026 10:20,22.08,105.229
####,7/19/2026 10:35,22.27,104.401
####,7/19/2026 10:50,22.39,103.733
####,7/19/2026 11:05,22.51,103.19
####,7/19/2026 11:20,22.7,102.978
####,7/19/2026 11:35,22.73,103.941
####,7/19/2026 11:50,22.73,104.768
####,7/19/2026 12:05,22.7,105.901
####,7/19/2026 12:20,22.67,107.267
####,7/19/2026 12:35,22.67,108.726
####,7/19/2026 12:50,22.62,110.383
####,7/19/2026 13:05,22.44,112.132
####,7/19/2026 13:20,22.26,113.882
####,7/19/2026 13:35,22.06,115.85
####,7/19/2026 13:50,21.89,117.874
####,7/19/2026 14:05,21.8,120.099
####,7/19/2026 14:20,21.64,122.278
####,7/19/2026 14:35,21.47,124.498
####,7/19/2026 14:50,21.28,126.49
####,7/19/2026 15:05,21.08,128.261
####,7/19/2026 15:20,20.93,129.679
####,7/19/2026 15:35,20.73,130.79
####,7/19/2026 15:50,20.5,131.738
####,7/19/2026 16:05,20.24,132.413
####,7/19/2026 16:20,20.03,132.837
####,7/19/2026 16:35,19.81,133.109
####,7/19/2026 16:50,19.68,133.174
####,7/19/2026 17:05,19.55,133.083
####,7/19/2026 17:20,19.51,132.683
####,7/19/2026 17:35,19.65,132.048
####,7/19/2026 17:50,20.52,131.033
####,7/19/2026 18:05,20.76,129.83
####,7/19/2026 18:20,21.02,128.297
####,7/19/2026 18:35,21.45,126.698
####,7/19/2026 18:50,21.7,125.196
####,7/19/2026 19:05,21.86,123.816
####,7/19/2026 19:20,21.98,122.456
####,7/19/2026 19:35,22.06,121.067
####,7/19/2026 19:50,22.16,119.73
####,7/19/2026 20:05,22.26,118.394
####,7/19/2026 20:20,22.43,117.102
####,7/19/2026 20:35,22.55,115.826
####,7/19/2026 20:50,22.66,114.6
####,7/19/2026 21:05,22.75,113.401
####,7/19/2026 21:20,22.87,112.281
####,7/19/2026 21:35,22.99,111.145
####,7/19/2026 21:50,23.08,110.056
####,7/19/2026 22:05,23.15,109.07
####,7/19/2026 22:20,23.18,108.084
####,7/19/2026 22:35,23.19,107.197
####,7/19/2026 22:50,23.15,106.431
####,7/19/2026 23:05,23.12,105.731
####,7/19/2026 23:20,23.07,105.287
####,7/19/2026 23:35,22.88,105.23
####,7/19/2026 23:50,23.05,105.887
####,7/20/2026 0:05,22.98,106.655
####,7/20/2026 0:20,22.9,107.793
####,7/20/2026 0:35,22.82,108.923
####,7/20/2026 0:50,22.64,110.131
####,7/20/2026 1:05,22.48,111.452
####,7/20/2026 1:20,22.25,112.835
####,7/20/2026 1:35,22.04,114.261
####,7/20/2026 1:50,21.75,115.849
####,7/20/2026 2:05,21.54,117.585
####,7/20/2026 2:20,21.17,119.387
####,7/20/2026 2:35,20.92,121.275
####,7/20/2026 2:50,20.7,123.234
####,7/20/2026 3:05,20.54,125.09
####,7/20/2026 3:20,20.46,126.741
####,7/20/2026 3:35,20.35,128.242
####,7/20/2026 3:50,20.08,129.448
####,7/20/2026 4:05,19.79,130.486
####,7/20/2026 4:20,19.57,131.245
####,7/20/2026 4:35,19.45,131.771
####,7/20/2026 4:50,19.31,132.033
####,7/20/2026 5:05,19.25,132.044
####,7/20/2026 5:20,19.21,131.834
####,7/20/2026 5:35,19.33,131.207
####,7/20/2026 5:50,19.65,130.324
####,7/20/2026 6:05,19.74,129.156
####,7/20/2026 6:20,19.91,128.02
####,7/20/2026 6:35,20.08,126.855
####,7/20/2026 6:50,20.17,125.673
####,7/20/2026 7:05,20.3,124.467
####,7/20/2026 7:20,20.38,123.161
####,7/20/2026 7:35,20.44,121.888
####,7/20/2026 7:50,20.54,120.618
####,7/20/2026 8:05,20.74,119.324
####,7/20/2026 8:20,20.91,118.036
####,7/20/2026 8:35,21.08,116.827
####,7/20/2026 8:50,21.25,115.615
####,7/20/2026 9:05,21.42,114.408
####,7/20/2026 9:20,21.59,113.318
####,7/20/2026 9:35,21.76,112.162
####,7/20/2026 9:50,21.92,111.06
####,7/20/2026 10:05,22.08,109.989
####,7/20/2026 10:20,22.23,109.021
####,7/20/2026 10:35,22.41,108.062
####,7/20/2026 10:50,22.58,107.224
####,7/20/2026 11:05,22.78,106.466
####,7/20/2026 11:20,22.92,105.793
####,7/20/2026 11:35,23.15,105.317
####,7/20/2026 11:50,23.42,105.227
####,7/20/2026 12:05,23.38,105.838
####,7/20/2026 12:20,23.35,106.678
####,7/20/2026 12:35,23.24,107.753
####,7/20/2026 12:50,23.23,108.893
####,7/20/2026 13:05,23.31,110.08
####,7/20/2026 13:20,23.27,111.35
####,7/20/2026 13:35,23.11,112.68
####,7/20/2026 13:50,22.97,114.136
####,7/20/2026 14:05,22.85,115.661
####,7/20/2026 14:20,22.66,117.389
####,7/20/2026 14:35,22.5,119.228
####,7/20/2026 14:50,22.32,121.139
####,7/20/2026 15:05,22.03,123.18
####,7/20/2026 15:20,21.78,125.077
####,7/20/2026 15:35,21.57,126.859
####,7/20/2026 15:50,21.27,128.487
####,7/20/2026 16:05,20.94,129.842
####,7/20/2026 16:20,20.68,130.932
####,7/20/2026 16:35,20.47,131.863
####,7/20/2026 16:50,20.36,132.486
####,7/20/2026 17:05,20.18,132.923
####,7/20/2026 17:20,20.01,133.117
####,7/20/2026 17:35,19.8,133.075
####,7/20/2026 17:50,19.69,132.834
####,7/20/2026 18:05,19.65,132.296
####,7/20/2026 18:20,20.18,131.454
####,7/20/2026 18:35,20.69,130.433
####,7/20/2026 18:50,21.12,129.204
####,7/20/2026 19:05,21.31,127.842
####,7/20/2026 19:20,21.56,126.57
####,7/20/2026 19:35,21.93,125.306
####,7/20/2026 19:50,22.12,123.975
####,7/20/2026 20:05,22.21,122.665
####,7/20/2026 20:20,22.35,121.353
####,7/20/2026 20:35,22.58,120.055
####,7/20/2026 20:50,22.77,118.77
####,7/20/2026 21:05,22.91,117.527
####,7/20/2026 21:20,23.02,116.309
####,7/20/2026 21:35,23.15,115.084
####,7/20/2026 21:50,23.27,113.888
####,7/20/2026 22:05,23.37,112.763
####,7/20/2026 22:20,23.48,111.644
####,7/20/2026 22:35,23.56,110.599
####,7/20/2026 22:50,23.62,109.571
####,7/20/2026 23:05,23.65,108.606
####,7/20/2026 23:20,23.64,107.769
####,7/20/2026 23:35,23.6,106.947
####,7/20/2026 23:50,23.57,106.243
####,7/21/2026 0:05,23.47,105.678
####,7/21/2026 0:20,23.38,105.371
####,7/21/2026 0:35,23.38,105.78
####,7/21/2026 0:50,23.45,106.498
####,7/21/2026 1:05,23.36,107.449
####,7/21/2026 1:20,23.3,108.504
####,7/21/2026 1:35,23.12,109.625
####,7/21/2026 1:50,22.91,110.729
####,7/21/2026 2:05,22.67,111.949
####,7/21/2026 2:20,22.52,113.301
####,7/21/2026 2:35,22.27,114.71
####,7/21/2026 2:50,22.02,116.186
####,7/21/2026 3:05,21.82,117.777
####,7/21/2026 3:20,21.47,119.471
####,7/21/2026 3:35,21.17,121.121
####,7/21/2026 3:50,20.93,122.854
####,7/21/2026 4:05,20.73,124.463
####,7/21/2026 4:20,20.62,125.949
####,7/21/2026 4:35,20.55,127.291
####,7/21/2026 4:50,20.43,128.37
####,7/21/2026 5:05,20.26,129.183
####,7/21/2026 5:20,20.1,129.867
####,7/21/2026 5:35,19.97,130.246
####,7/21/2026 5:50,19.9,130.358
####,7/21/2026 6:05,19.87,130.177
####,7/21/2026 6:20,19.93,129.633
####,7/21/2026 6:35,19.99,128.839
####,7/21/2026 6:50,20.26,127.864
####,7/21/2026 7:05,20.32,126.952
####,7/21/2026 7:20,20.44,125.975
####,7/21/2026 7:35,20.54,124.957
####,7/21/2026 7:50,20.62,123.855
####,7/21/2026 8:05,20.74,122.758
####,7/21/2026 8:20,20.87,121.646
####,7/21/2026 8:35,21.03,120.497
####,7/21/2026 8:50,21.22,119.375
####,7/21/2026 9:05,21.41,118.207
####,7/21/2026 9:20,21.59,117.044
####,7/21/2026 9:35,21.76,115.907
####,7/21/2026 9:50,21.95,114.804
####,7/21/2026 10:05,22.1,113.755
####,7/21/2026 10:20,22.26,112.694
####,7/21/2026 10:35,22.42,111.65
####,7/21/2026 10:50,22.57,110.673
####,7/21/2026 11:05,22.71,109.726
####,7/21/2026 11:20,22.84,108.861
####,7/21/2026 11:35,22.95,108.084
####,7/21/2026 11:50,23.07,107.431
####,7/21/2026 12:05,23.15,106.874
####,7/21/2026 12:20,23.25,106.656
####,7/21/2026 12:35,23.34,106.79
####,7/21/2026 12:50,23.27,107.373
####,7/21/2026 13:05,23.26,108.185
####,7/21/2026 13:20,23.14,109.161
####,7/21/2026 13:35,23.08,110.093
####,7/21/2026 13:50,23.03,111.129
####,7/21/2026 14:05,22.92,112.224
####,7/21/2026 14:20,22.75,113.446
####,7/21/2026 14:35,22.6,114.828
####,7/21/2026 14:50,22.44,116.365
####,7/21/2026 15:05,22.24,117.927
####,7/21/2026 15:20,22.09,119.604
####,7/21/2026 15:35,21.84,121.33
####,7/21/2026 15:50,21.59,123.155
####,7/21/2026 16:05,21.38,124.981
####,7/21/2026 16:20,21.29,126.653
####,7/21/2026 16:35,21.13,128.094
####,7/21/2026 16:50,20.89,129.351
####,7/21/2026 17:05,20.69,130.395
####,7/21/2026 17:20,20.43,131.266
####,7/21/2026 17:35,20.24,131.921
####,7/21/2026 17:50,20.1,132.25
####,7/21/2026 18:05,19.93,132.478
####,7/21/2026 18:20,19.81,132.572
####,7/21/2026 18:35,19.65,132.459
####,7/21/2026 18:50,19.6,132.295
####,7/21/2026 19:05,19.66,131.876
####,7/21/2026 19:20,19.92,131.109
####,7/21/2026 19:35,20.27,130.03
####,7/21/2026 19:50,20.52,128.924
####,7/21/2026 20:05,20.98,127.53
####,7/21/2026 20:20,21.17,126.257
####,7/21/2026 20:35,21.33,125.039
####,7/21/2026 20:50,21.46,123.737
####,7/21/2026 21:05,21.53,122.452
####,7/21/2026 21:20,21.7,121.119
####,7/21/2026 21:35,21.74,119.781
####,7/21/2026 21:50,21.94,118.496
####,7/21/2026 22:05,22.11,117.3
####,7/21/2026 22:20,22.2,116.098
####,7/21/2026 22:35,22.34,114.894
####,7/21/2026 22:50,22.46,113.745
####,7/21/2026 23:05,22.56,112.62
####,7/21/2026 23:20,22.66,111.567
####,7/21/2026 23:35,22.74,110.506
####,7/21/2026 23:50,22.81,109.586
####,7/22/2026 0:05,22.86,108.729
####,7/22/2026 0:20,22.88,107.971
####,7/22/2026 0:35,22.89,107.424
####,7/22/2026 0:50,22.89,106.865
####,7/22/2026 1:05,22.89,106.617
####,7/22/2026 1:20,22.9,107.109
####,7/22/2026 1:35,22.85,107.357
####,7/22/2026 1:50,22.77,108.027
####,7/22/2026 2:05,22.71,108.954
####,7/22/2026 2:20,22.65,109.749
####,7/22/2026 2:35,22.48,110.9
####,7/22/2026 2:50,22.33,111.956
####,7/22/2026 3:05,22.12,113.165
####,7/22/2026 3:20,21.9,114.429
####,7/22/2026 3:35,21.78,115.741
####,7/22/2026 3:50,21.63,117.12
####,7/22/2026 4:05,21.46,118.633
####,7/22/2026 4:20,21.3,120.169
####,7/22/2026 4:35,21.05,121.691
####,7/22/2026 4:50,20.76,123.335
####,7/22/2026 5:05,20.6,124.636
####,7/22/2026 5:20,20.55,125.915
####,7/22/2026 5:35,20.48,127.081
####,7/22/2026 5:50,20.39,128.046
####,7/22/2026 6:05,20.3,128.702
####,7/22/2026 6:20,20.22,129.195
####,7/22/2026 6:35,20.15,129.294
####,7/22/2026 6:50,20.1,129.134
####,7/22/2026 7:05,20.14,128.707
####,7/22/2026 7:20,20.21,128.11
####,7/22/2026 7:35,20.43,127.239
####,7/22/2026 7:50,20.52,126.341
####,7/22/2026 8:05,20.63,125.552
####,7/22/2026 8:20,20.72,124.484
####,7/22/2026 8:35,20.83,123.57
####,7/22/2026 8:50,20.95,122.52
####,7/22/2026 9:05,21.09,121.546
####,7/22/2026 9:20,21.26,120.464
####,7/22/2026 9:35,21.46,119.592
####,7/22/2026 9:50,21.62,118.553
####,7/22/2026 10:05,21.81,117.431
####,7/22/2026 10:20,21.97,116.273
####,7/22/2026 10:35,22.14,115.194
####,7/22/2026 10:50,22.32,114.087
####,7/22/2026 11:05,22.49,113.034
####,7/22/2026 11:20,22.68,111.999
####,7/22/2026 11:35,22.86,111.031
####,7/22/2026 11:50,23.06,110.072
####,7/22/2026 12:05,23.28,109.271
####,7/22/2026 12:20,23.48,108.449
####,7/22/2026 12:35,23.72,107.778
####,7/22/2026 12:50,23.95,107.347
####,7/22/2026 13:05,24.2,106.954
####,7/22/2026 13:20,24.22,107.24
####,7/22/2026 13:35,24.39,107.347
####,7/22/2026 13:50,24.28,108.078
####,7/22/2026 14:05,24.26,108.944
####,7/22/2026 14:20,24.2,109.959
####,7/22/2026 14:35,24.3,111.011
####,7/22/2026 14:50,24.31,111.995
####,7/22/2026 15:05,24.22,112.953
####,7/22/2026 15:20,24.16,114.166
####,7/22/2026 15:35,24.01,115.582
####,7/22/2026 15:50,23.93,117.13
####,7/22/2026 16:05,23.75,118.693
####,7/22/2026 16:20,23.52,120.415
####,7/22/2026 16:35,23.09,122.194
####,7/22/2026 16:50,22.54,123.808
####,7/22/2026 17:05,22.26,125.438
####,7/22/2026 17:20,22.11,126.728
####,7/22/2026 17:35,21.84,128.025
####,7/22/2026 17:50,21.6,129.038
####,7/22/2026 18:05,21.33,130.081
####,7/22/2026 18:20,21.03,130.804
####,7/22/2026 18:35,20.88,131.313
####,7/22/2026 18:50,20.79,131.63
####,7/22/2026 19:05,20.69,131.771
####,7/22/2026 19:20,20.63,131.614
####,7/22/2026 19:35,20.61,131.325
####,7/22/2026 19:50,20.67,130.751
####,7/22/2026 20:05,20.77,129.91
####,7/22/2026 20:20,21.49,128.902
####,7/22/2026 20:35,22.05,127.74
####,7/22/2026 20:50,22.2,126.654
####,7/22/2026 21:05,22.23,125.529
####,7/22/2026 21:20,22.43,124.387
####,7/22/2026 21:35,22.48,123.176
####,7/22/2026 21:50,22.75,122.095
####,7/22/2026 22:05,23.1,120.895
####,7/22/2026 22:20,23.39,119.745
####,7/22/2026 22:35,23.58,118.581
####,7/22/2026 22:50,23.7,117.338
####,7/22/2026 23:05,23.81,116.124
####,7/22/2026 23:20,23.9,115.01
####,7/22/2026 23:35,23.98,113.901
####,7/22/2026 23:50,24.04,112.863
####,7/23/2026 0:05,24.12,111.809
####,7/23/2026 0:20,24.16,110.826
####,7/23/2026 0:35,24.19,109.876
####,7/23/2026 0:50,24.18,108.972
####,7/23/2026 1:05,24.15,108.15
####,7/23/2026 1:20,24.09,107.412
####,7/23/2026 1:35,24.05,106.744
####,7/23/2026 1:50,23.98,106.2
####,7/23/2026 2:05,23.89,105.951
####,7/23/2026 2:20,23.79,105.99
####,7/23/2026 2:35,23.89,106.551
####,7/23/2026 2:50,23.85,107.478
####,7/23/2026 3:05,23.81,108.298
####,7/23/2026 3:20,23.78,109.234
####,7/23/2026 3:35,23.61,110.293
####,7/23/2026 3:50,23.5,111.304
####,7/23/2026 4:05,23.26,112.433
####,7/23/2026 4:20,23.06,113.656
####,7/23/2026 4:35,22.9,114.908
####,7/23/2026 4:50,22.64,116.239
####,7/23/2026 5:05,22.43,117.676
####,7/23/2026 5:20,22.16,119.121
####,7/23/2026 5:35,21.82,120.516
####,7/23/2026 5:50,21.5,121.963
####,7/23/2026 6:05,21.26,123.244
####,7/23/2026 6:20,21.09,124.449
####,7/23/2026 6:35,20.98,125.651
####,7/23/2026 6:50,20.89,126.557
####,7/23/2026 7:05,20.84,127.331
####,7/23/2026 7:20,20.78,127.71
####,7/23/2026 7:35,20.75,127.949
####,7/23/2026 7:50,20.75,127.928
####,7/23/2026 8:05,20.77,127.409
####,7/23/2026 8:20,20.82,126.803
####,7/23/2026 8:35,20.9,126.097
####,7/23/2026 8:50,21.01,125.396
####,7/23/2026 9:05,21.1,124.591
####,7/23/2026 9:20,21.19,123.749
####,7/23/2026 9:35,21.35,122.999
####,7/23/2026 9:50,21.54,122.143
####,7/23/2026 10:05,21.7,121.198
####,7/23/2026 10:20,21.89,120.221
####,7/23/2026 10:35,22.08,119.157
####,7/23/2026 10:50,22.29,118.132
####,7/23/2026 11:05,22.5,117.09
####,7/23/2026 11:20,22.73,116.083
####,7/23/2026 11:35,22.93,115.088
####,7/23/2026 11:50,23.13,114.056
####,7/23/2026 12:05,23.34,113.095
####,7/23/2026 12:20,23.53,112.152
####,7/23/2026 12:35,23.72,111.216
####,7/23/2026 12:50,23.88,110.41
####,7/23/2026 13:05,24.03,109.579
####,7/23/2026 13:20,24.22,108.869
####,7/23/2026 13:35,24.39,108.362
####,7/23/2026 13:50,24.56,107.88
####,7/23/2026 14:05,24.68,107.729
####,7/23/2026 14:20,24.78,107.784
####,7/23/2026 14:35,24.75,108.696
####,7/23/2026 14:50,24.73,109.272
####,7/23/2026 15:05,24.63,110.253
####,7/23/2026 15:20,24.69,111.159
####,7/23/2026 15:35,24.73,112.273
####,7/23/2026 15:50,24.64,113.132
####,7/23/2026 16:05,24.58,114.266
####,7/23/2026 16:20,24.37,115.431
####,7/23/2026 16:35,24.25,116.719
####,7/23/2026 16:50,24.07,118.07
####,7/23/2026 17:05,23.82,119.558
####,7/23/2026 17:20,23.59,121.147
####,7/23/2026 17:35,23.19,122.701
####,7/23/2026 17:50,22.61,124.303
####,7/23/2026 18:05,22.26,125.697
####,7/23/2026 18:20,22.1,127.167
####,7/23/2026 18:35,21.81,128.38
####,7/23/2026 18:50,21.44,129.442
####,7/23/2026 19:05,21.18,130.262
####,7/23/2026 19:20,20.92,131.012
####,7/23/2026 19:35,20.77,131.441
####,7/23/2026 19:50,20.72,131.7
####,7/23/2026 20:05,20.71,131.713
####,7/23/2026 20:20,20.7,131.44
####,7/23/2026 20:35,20.71,130.911
####,7/23/2026 20:50,20.85,130.138
####,7/23/2026 21:05,21.15,129.26
####,7/23/2026 21:20,21.55,128.329
####,7/23/2026 21:35,21.73,127.348
####,7/23/2026 21:50,21.86,126.275
####,7/23/2026 22:05,21.98,125.152
####,7/23/2026 22:20,22.08,124.037
####,7/23/2026 22:35,22.31,122.934
####,7/23/2026 22:50,22.69,121.81
####,7/23/2026 23:05,23.02,120.635
####,7/23/2026 23:20,23.28,119.459
####,7/23/2026 23:35,23.51,118.322
####,7/23/2026 23:50,23.66,117.195
####,7/24/2026 0:05,23.82,116.066
####,7/24/2026 0:20,23.93,115.002
####,7/24/2026 0:35,24.02,113.935
####,7/24/2026 0:50,24.12,112.894
####,7/24/2026 1:05,24.21,111.865
####,7/24/2026 1:20,24.26,110.894
####,7/24/2026 1:35,24.28,109.948
####,7/24/2026 1:50,24.26,109.052
####,7/24/2026 2:05,24.23,108.28
####,7/24/2026 2:20,24.16,107.566
####,7/24/2026 2:35,24.09,106.977
####,7/24/2026 2:50,23.99,106.507
####,7/24/2026 3:05,23.9,106.34
####,7/24/2026 3:20,23.87,106.472
####,7/24/2026 3:35,23.89,107.052
####,7/24/2026 3:50,23.81,107.85
####,7/24/2026 4:05,23.8,108.716
####,7/24/2026 4:20,23.77,109.603
####,7/24/2026 4:35,23.58,110.554
####,7/24/2026 4:50,23.41,111.56
####,7/24/2026 5:05,23.18,112.615
####,7/24/2026 5:20,22.93,113.799
####,7/24/2026 5:35,22.79,114.969
####,7/24/2026 5:50,22.5,116.262
####,7/24/2026 6:05,22.24,117.606
####,7/24/2026 6:20,22.01,119.002
####,7/24/2026 6:35,21.64,120.392
####,7/24/2026 6:50,21.34,121.78
####,7/24/2026 7:05,21.13,123.117
####,7/24/2026 7:20,20.94,124.304
####,7/24/2026 7:35,20.75,125.325
####,7/24/2026 7:50,20.66,126.339
####,7/24/2026 8:05,20.63,127.025
####,7/24/2026 8:20,20.62,127.435
####,7/24/2026 8:35,20.62,127.619
####,7/24/2026 8:50,20.63,127.398
####,7/24/2026 9:05,20.67,127.11
####,7/24/2026 9:20,20.71,126.529
####,7/24/2026 9:35,20.78,125.94
####,7/24/2026 9:50,20.89,125.198
####,7/24/2026 10:05,20.96,124.526
####,7/24/2026 10:20,21.16,123.731
####,7/24/2026 10:35,21.41,122.921
####,7/24/2026 10:50,21.67,121.999
####,7/24/2026 11:05,21.96,121.099
####,7/24/2026 11:20,22.17,120.172
####,7/24/2026 11:35,22.41,119.193
####,7/24/2026 11:50,22.62,118.213
####,7/24/2026 12:05,22.82,117.25
####,7/24/2026 12:20,23.06,116.26
####,7/24/2026 12:35,23.26,115.277
####,7/24/2026 12:50,23.54,114.338
####,7/24/2026 13:05,23.78,113.432
####,7/24/2026 13:20,24.01,112.53
####,7/24/2026 13:35,24.23,111.67
####,7/24/2026 13:50,24.42,110.905
####,7/24/2026 14:05,24.61,110.187
####,7/24/2026 14:20,24.76,109.6
####,7/24/2026 14:35,24.91,109.126
####,7/24/2026 14:50,25.06,108.784
####,7/24/2026 15:05,25.16,108.965
####,7/24/2026 15:20,25.15,109.362
####,7/24/2026 15:35,25.26,110.132
####,7/24/2026 15:50,25.18,110.923
####,7/24/2026 16:05,25.11,111.678
####,7/24/2026 16:20,25.1,112.608
####,7/24/2026 16:35,25.12,113.523
####,7/24/2026 16:50,25.02,114.453
####,7/24/2026 17:05,24.96,115.538
####,7/24/2026 17:20,24.77,116.775
####,7/24/2026 17:35,24.56,118.067
####,7/24/2026 17:50,24.35,119.505
####,7/24/2026 18:05,24.11,120.978
####,7/24/2026 18:20,23.82,122.475
####,7/24/2026 18:35,23.52,123.991
####,7/24/2026 18:50,23.14,125.468
####,7/24/2026 19:05,22.85,126.889
####,7/24/2026 19:20,22.78,128.22
####,7/24/2026 19:35,22.64,129.344
####,7/24/2026 19:50,22.38,130.245
####,7/24/2026 20:05,22.12,130.948
####,7/24/2026 20:20,21.87,131.51
####,7/24/2026 20:35,21.73,131.83
####,7/24/2026 20:50,21.59,131.903
####,7/24/2026 21:05,21.54,131.746
####,7/24/2026 21:20,21.55,131.306
####,7/24/2026 21:35,21.67,130.683
####,7/24/2026 21:50,21.95,129.888
####,7/24/2026 22:05,22.22,129.038
####,7/24/2026 22:20,22.42,128.149
####,7/24/2026 22:35,22.45,127.208
####,7/24/2026 22:50,22.57,126.197
####,7/24/2026 23:05,22.71,125.087
####,7/24/2026 23:20,22.87,123.994
####,7/24/2026 23:35,23.05,122.89
####,7/24/2026 23:50,23.26,121.687
####,7/25/2026 0:05,23.51,120.549
####,7/25/2026 0:20,23.72,119.385
####,7/25/2026 0:35,23.87,118.233
####,7/25/2026 0:50,24,117.064
####,7/25/2026 1:05,24.12,115.959
####,7/25/2026 1:20,24.21,114.87
####,7/25/2026 1:35,24.3,113.778
####,7/25/2026 1:50,24.38,112.72
####,7/25/2026 2:05,24.45,111.678
####,7/25/2026 2:20,24.49,110.753
####,7/25/2026 2:35,24.49,109.853
####,7/25/2026 2:50,24.46,108.977
####,7/25/2026 3:05,24.43,108.222
####,7/25/2026 3:20,24.37,107.562
####,7/25/2026 3:35,24.32,107.014
####,7/25/2026 3:50,24.2,106.581
####,7/25/2026 4:05,24.17,106.576
####,7/25/2026 4:20,24.16,106.825
####,7/25/2026 4:35,24.11,107.607
####,7/25/2026 4:50,24.04,108.43
####,7/25/2026 5:05,24.01,109.342
####,7/25/2026 5:20,23.91,110.207
####,7/25/2026 5:35,23.65,111.182
####,7/25/2026 5:50,23.54,112.214
####,7/25/2026 6:05,23.25,113.247
####,7/25/2026 6:20,23.12,114.368
####,7/25/2026 6:35,22.95,115.588
####,7/25/2026 6:50,22.71,116.819
####,7/25/2026 7:05,22.54,118.157
####,7/25/2026 7:20,22.35,119.5
####,7/25/2026 7:35,22.06,120.875
####,7/25/2026 7:50,21.85,122.232
####,7/25/2026 8:05,21.68,123.561
####,7/25/2026 8:20,21.52,124.783
####,7/25/2026 8:35,21.43,125.819
####,7/25/2026 8:50,21.4,126.655
####,7/25/2026 9:05,21.39,127.262
####,7/25/2026 9:20,21.4,127.635
####,7/25/2026 9:35,21.42,127.719
####,7/25/2026 9:50,21.42,127.577
####,7/25/2026 10:05,21.47,127.125
####,7/25/2026 10:20,21.56,126.478
####,7/25/2026 10:35,21.69,125.774
####,7/25/2026 10:50,21.88,125.096
####,7/25/2026 11:05,21.96,124.407
####,7/25/2026 11:20,22.02,123.602
####,7/25/2026 11:35,22.31,122.717
####,7/25/2026 11:50,22.59,121.829
####,7/25/2026 12:05,22.74,120.947
####,7/25/2026 12:20,22.91,119.915
####,7/25/2026 12:35,23.11,119.023
####,7/25/2026 12:50,23.28,117.963
####,7/25/2026 13:05,23.5,117.046
####,7/25/2026 13:20,23.69,115.959
####,7/25/2026 13:35,23.92,114.969
####,7/25/2026 13:50,24.16,114.058
####,7/25/2026 14:05,24.37,113.152
####,7/25/2026 14:20,24.54,112.394
####,7/25/2026 14:35,24.71,111.575
####,7/25/2026 14:50,24.88,110.831
####,7/25/2026 15:05,25.02,110.136
####,7/25/2026 15:20,25.12,109.416
####,7/25/2026 15:35,25.22,109.239
####,7/25/2026 15:50,25.32,109.137
####,7/25/2026 16:05,25.35,109.412
####,7/25/2026 16:20,25.33,109.901
####,7/25/2026 16:35,25.42,110.774
####,7/25/2026 16:50,25.27,111.54
####,7/25/2026 17:05,25.19,112.145
####,7/25/2026 17:20,25.14,113.037
####,7/25/2026 17:35,25.14,114.052
####,7/25/2026 17:50,25.06,115.078
####,7/25/2026 18:05,24.96,115.796
####,7/25/2026 18:20,24.73,117.499
####,7/25/2026 18:35,24.57,118.922
####,7/25/2026 18:50,24.37,120.374
####,7/25/2026 19:05,24.18,121.848
####,7/25/2026 19:20,23.92,123.38
####,7/25/2026 19:35,23.56,124.987
####,7/25/2026 19:50,23.18,126.435
####,7/25/2026 20:05,23.07,127.773
####,7/25/2026 20:20,22.97,128.974
####,7/25/2026 20:35,22.75,129.963
####,7/25/2026 20:50,22.54,130.705
####,7/25/2026 21:05,22.31,131.401
####,7/25/2026 21:20,22.15,131.872
####,7/25/2026 21:35,22.01,132.1
####,7/25/2026 21:50,21.93,132.153
####,7/25/2026 22:05,21.91,131.96
####,7/25/2026 22:20,21.88,131.544
####,7/25/2026 22:35,22.07,130.801
####,7/25/2026 22:50,22.47,129.882
####,7/25/2026 23:05,22.55,128.802
####,7/25/2026 23:20,22.68,127.807
####,7/25/2026 23:35,22.74,126.791
####,7/25/2026 23:50,22.81,125.695
####,7/26/2026 0:05,22.93,124.564
####,7/26/2026 0:20,23.05,123.438
####,7/26/2026 0:35,23.23,122.263
####,7/26/2026 0:50,23.35,121.071
####,7/26/2026 1:05,23.59,119.845
####,7/26/2026 1:20,23.72,118.684
####,7/26/2026 1:35,23.83,117.54
####,7/26/2026 1:50,23.9,116.388
####,7/26/2026 2:05,24,115.224
####,7/26/2026 2:20,24.04,114.106
####,7/26/2026 2:35,24.09,113.001
####,7/26/2026 2:50,24.14,111.943
####,7/26/2026 3:05,24.17,110.934
####,7/26/2026 3:20,24.18,109.971
####,7/26/2026 3:35,24.16,109.067
####,7/26/2026 3:50,24.12,108.237
####,7/26/2026 4:05,24.07,107.54
####,7/26/2026 4:20,24,106.872
####,7/26/2026 4:35,23.92,106.39
####,7/26/2026 4:50,23.75,106.188
####,7/26/2026 5:05,23.73,106.333
####,7/26/2026 5:20,23.68,106.854
####,7/26/2026 5:35,23.61,107.689
####,7/26/2026 5:50,23.59,108.572
####,7/26/2026 6:05,23.54,109.454
####,7/26/2026 6:20,23.24,110.432
####,7/26/2026 6:35,23.08,111.425
####,7/26/2026 6:50,22.84,112.492
####,7/26/2026 7:05,22.66,113.64
####,7/26/2026 7:20,22.59,114.845
####,7/26/2026 7:35,22.42,116.16
####,7/26/2026 7:50,22.31,117.507
####,7/26/2026 8:05,22.21,118.931
####,7/26/2026 8:20,21.99,120.369
####,7/26/2026 8:35,21.85,121.769
####,7/26/2026 8:50,21.72,123.199
####,7/26/2026 9:05,21.59,124.479
####,7/26/2026 9:20,21.49,125.64
####,7/26/2026 9:35,21.46,126.614
####,7/26/2026 9:50,21.48,127.297
####,7/26/2026 10:05,21.48,127.762
####,7/26/2026 10:20,21.5,127.913
####,7/26/2026 10:35,21.52,127.901
####,7/26/2026 10:50,21.58,127.559
####,7/26/2026 11:05,21.69,126.975
####,7/26/2026 11:20,21.78,126.332
####,7/26/2026 11:35,21.86,125.601
####,7/26/2026 11:50,21.98,124.876
####,7/26/2026 12:05,22.21,124.195
####,7/26/2026 12:20,22.35,123.357
####,7/26/2026 12:35,22.49,122.504
####,7/26/2026 12:50,22.68,121.534
####,7/26/2026 13:05,22.79,120.602
####,7/26/2026 13:20,22.94,119.536
####,7/26/2026 13:35,23.1,118.46
####,7/26/2026 13:50,23.26,117.496
####,7/26/2026 14:05,23.39,116.503
####,7/26/2026 14:20,23.5,115.539
####,7/26/2026 14:35,23.64,114.606
####,7/26/2026 14:50,23.83,113.686
####,7/26/2026 15:05,24.02,112.775
####,7/26/2026 15:20,24.14,111.909
####,7/26/2026 15:35,24.26,111.093
####,7/26/2026 15:50,24.39,110.386
####,7/26/2026 16:05,24.49,109.761
####,7/26/2026 16:20,24.57,109.306
####,7/26/2026 16:35,24.65,109.208
####,7/26/2026 16:50,24.68,109.196
####,7/26/2026 17:05,24.67,109.607
####,7/26/2026 17:20,24.69,110.259
####,7/26/2026 17:35,24.65,111.063
####,7/26/2026 17:50,24.56,111.855
####,7/26/2026 18:05,24.52,112.851
####,7/26/2026 18:20,24.51,113.849
####,7/26/2026 18:35,24.46,114.9
####,7/26/2026 18:50,24.41,116.214
####,7/26/2026 19:05,24.31,117.495
####,7/26/2026 19:20,24.19,118.852
####,7/26/2026 19:35,24.07,120.313
####,7/26/2026 19:50,23.88,121.888
####,7/26/2026 20:05,23.62,123.479
####,7/26/2026 20:20,23.33,125.02
####,7/26/2026 20:35,23.05,126.483
####,7/26/2026 20:50,22.9,127.799
####,7/26/2026 21:05,22.71,128.956
####,7/26/2026 21:20,22.48,129.978
####,7/26/2026 21:35,22.18,130.836
####,7/26/2026 21:50,21.97,131.55
####,7/26/2026 22:05,21.79,132.087
####,7/26/2026 22:20,21.63,132.395
####,7/26/2026 22:35,21.54,132.506
####,7/26/2026 22:50,21.49,132.417
####,7/26/2026 23:05,21.47,132.161
####,7/26/2026 23:20,21.53,131.582
####,7/26/2026 23:35,21.87,130.817
####,7/26/2026 23:50,22.03,129.785
####,7/27/2026 0:05,22.25,128.699
####,7/27/2026 0:20,22.33,127.532
####,7/27/2026 0:35,22.45,126.421
####,7/27/2026 0:50,22.58,125.247
####,7/27/2026 1:05,22.74,124
####,7/27/2026 1:20,22.93,122.763
####,7/27/2026 1:35,23.08,121.463
####,7/27/2026 1:50,23.21,120.226
####,7/27/2026 2:05,23.33,118.977
####,7/27/2026 2:20,23.38,117.752
####,7/27/2026 2:35,23.41,116.562
####,7/27/2026 2:50,23.44,115.384
####,7/27/2026 3:05,23.45,114.261
####,7/27/2026 3:20,23.44,113.135
####,7/27/2026 3:35,23.45,112.034
####,7/27/2026 3:50,23.46,111.004
####,7/27/2026 4:05,23.45,110.016
####,7/27/2026 4:20,23.42,109.083
####,7/27/2026 4:35,23.37,108.257
####,7/27/2026 4:50,23.32,107.539
####,7/27/2026 5:05,23.26,106.855
####,7/27/2026 5:20,23.19,106.361
####,7/27/2026 5:35,23.1,106.107
####,7/27/2026 5:50,23.03,106.279
####,7/27/2026 6:05,23,106.614
####,7/27/2026 6:20,22.86,107.469
####,7/27/2026 6:35,22.85,108.293
####,7/27/2026 6:50,22.84,109.238
####,7/27/2026 7:05,22.64,110.222
####,7/27/2026 7:20,22.43,111.322
####,7/27/2026 7:35,22.29,112.433
####,7/27/2026 7:50,22.17,113.619
####,7/27/2026 8:05,22.16,114.891
####,7/27/2026 8:20,22.07,116.221
####,7/27/2026 8:35,22.05,117.64
####,7/27/2026 8:50,22,119.11
####,7/27/2026 9:05,21.85,120.604
####,7/27/2026 9:20,21.76,122.047
####,7/27/2026 9:35,21.62,123.423
####,7/27/2026 9:50,21.49,124.783
####,7/27/2026 10:05,21.43,125.894
####,7/27/2026 10:20,21.42,126.894
####,7/27/2026 10:35,21.44,127.56
####,7/27/2026 10:50,21.46,128.114
####,7/27/2026 11:05,21.48,128.491
####,7/27/2026 11:20,21.5,128.495
####,7/27/2026 11:35,21.51,128.311
####,7/27/2026 11:50,21.55,127.784
####,7/27/2026 12:05,21.64,127.007
####,7/27/2026 12:20,21.79,126.102
####,7/27/2026 12:35,21.95,125.26
####,7/27/2026 12:50,22.17,124.445
####,7/27/2026 13:05,22.32,123.528
####,7/27/2026 13:20,22.53,122.6
####,7/27/2026 13:35,22.71,121.714
####,7/27/2026 13:50,22.78,120.664
####,7/27/2026 14:05,22.93,119.64
####,7/27/2026 14:20,23.03,118.533
####,7/27/2026 14:35,23.14,117.452
####,7/27/2026 14:50,23.24,116.434
####,7/27/2026 15:05,23.34,115.408
####,7/27/2026 15:20,23.49,114.478
####,7/27/2026 15:35,23.64,113.487
####,7/27/2026 15:50,23.79,112.534
####,7/27/2026 16:05,23.91,111.635
####,7/27/2026 16:20,24.03,110.799
####,7/27/2026 16:35,24.12,109.991
####,7/27/2026 16:50,24.18,109.395
####,7/27/2026 17:05,24.24,108.869
####,7/27/2026 17:20,24.28,108.592
####,7/27/2026 17:35,24.33,108.614
####,7/27/2026 17:50,24.33,109.008
####,7/27/2026 18:05,24.33,109.621
####,7/27/2026 18:20,24.3,110.48
####,7/27/2026 18:35,24.23,111.4
####,7/27/2026 18:50,24.18,112.354
####,7/27/2026 19:05,24.16,113.368
####,7/27/2026 19:20,24.12,114.544
####,7/27/2026 19:35,24.07,115.854
####,7/27/2026 19:50,23.98,117.189
####,7/27/2026 20:05,23.88,118.725
####,7/27/2026 20:20,23.75,120.24
####,7/27/2026 20:35,23.58,121.865
####,7/27/2026 20:50,23.34,123.598
####,7/27/2026 21:05,23.11,125.262
####,7/27/2026 21:20,22.96,126.77
####,7/27/2026 21:35,22.9,128.176
####,7/27/2026 21:50,22.77,129.406
####,7/27/2026 22:05,22.58,130.433
####,7/27/2026 22:20,22.4,131.281
####,7/27/2026 22:35,22.28,132.005
####,7/27/2026 22:50,22.12,132.464
####,7/27/2026 23:05,21.98,132.746
####,7/27/2026 23:20,21.85,132.815
####,7/27/2026 23:35,21.72,132.77
####,7/27/2026 23:50,21.67,132.471
####,7/28/2026 0:05,21.7,132.001
####,7/28/2026 0:20,21.9,131.275
####,7/28/2026 0:35,22.2,130.199
####,7/28/2026 0:50,22.38,129.037
####,7/28/2026 1:05,22.58,127.725
####,7/28/2026 1:20,22.68,126.363
####,7/28/2026 1:35,22.75,125.159
####,7/28/2026 1:50,22.81,123.91
####,7/28/2026 2:05,22.89,122.616
####,7/28/2026 2:20,22.98,121.31
####,7/28/2026 2:35,23.04,120.039
####,7/28/2026 2:50,23.12,118.773
####,7/28/2026 3:05,23.19,117.54
####,7/28/2026 3:20,23.21,116.325
####,7/28/2026 3:35,23.22,115.16
####,7/28/2026 3:50,23.23,113.995
####,7/28/2026 4:05,23.23,112.877
####,7/28/2026 4:20,23.24,111.768
####,7/28/2026 4:35,23.25,110.722
####,7/28/2026 4:50,23.24,109.727
####,7/28/2026 5:05,23.22,108.781
####,7/28/2026 5:20,23.19,107.906
####,7/28/2026 5:35,23.15,107.101
####,7/28/2026 5:50,23.13,106.438
####,7/28/2026 6:05,23.11,105.859
####,7/28/2026 6:20,23.08,105.527
####,7/28/2026 6:35,23.05,105.688
####,7/28/2026 6:50,23,106.25
####,7/28/2026 7:05,22.94,107.06
####,7/28/2026 7:20,22.94,108.026
####,7/28/2026 7:35,22.92,109.033
####,7/28/2026 7:50,22.69,110.103
####,7/28/2026 8:05,22.63,111.23
####,7/28/2026 8:20,22.5,112.44
####,7/28/2026 8:35,22.49,113.72
####,7/28/2026 8:50,22.47,115.059
####,7/28/2026 9:05,22.41,116.51
####,7/28/2026 9:20,22.38,118.075
####,7/28/2026 9:35,22.31,119.641
####,7/28/2026 9:50,22.23,121.3
####,7/28/2026 10:05,22.13,122.872
####,7/28/2026 10:20,22.04,124.317
####,7/28/2026 10:35,22.02,125.667
####,7/28/2026 10:50,22.02,126.789
####,7/28/2026 11:05,22.02,127.781
####,7/28/2026 11:20,21.99,128.463
####,7/28/2026 11:35,21.98,129.008
####,7/28/2026 11:50,21.97,129.293
####,7/28/2026 12:05,21.98,129.251
####,7/28/2026 12:20,22.01,128.95
####,7/28/2026 12:35,22.06,128.272
####,7/28/2026 12:50,22.27,127.552
####,7/28/2026 13:05,22.37,126.653
####,7/28/2026 13:20,22.45,125.889
####,7/28/2026 13:35,22.51,125.012
####,7/28/2026 13:50,22.59,124.072
####,7/28/2026 14:05,22.89,123.025
####,7/28/2026 14:20,23.07,121.943
####,7/28/2026 14:35,23.17,120.809
####,7/28/2026 14:50,23.2,119.675
####,7/28/2026 15:05,23.26,118.613
####,7/28/2026 15:20,23.36,117.477
####,7/28/2026 15:35,23.45,116.379
####,7/28/2026 15:50,23.56,115.316
####,7/28/2026 16:05,23.63,114.277
####,7/28/2026 16:20,23.69,113.335
####,7/28/2026 16:35,23.78,112.397
####,7/28/2026 16:50,23.86,111.41
####,7/28/2026 17:05,23.9,110.551
####,7/28/2026 17:20,23.93,109.743
####,7/28/2026 17:35,23.95,109.03
####,7/28/2026 17:50,23.98,108.425
####,7/28/2026 18:05,24,108.135
####,7/28/2026 18:20,24,108.164
####,7/28/2026 18:35,24,108.645
####,7/28/2026 18:50,23.96,109.428
####,7/28/2026 19:05,23.92,110.378
####,7/28/2026 19:20,23.88,111.315
####,7/28/2026 19:35,23.8,112.294
####,7/28/2026 19:50,23.76,113.348
####,7/28/2026 20:05,23.73,114.537
####,7/28/2026 20:20,23.68,115.842
####,7/28/2026 20:35,23.61,117.332
####,7/28/2026 20:50,23.54,118.918
####,7/28/2026 21:05,23.46,120.623
####,7/28/2026 21:20,23.35,122.37
####,7/28/2026 21:35,23.11,124.133
####,7/28/2026 21:50,22.96,125.836
####,7/28/2026 22:05,22.87,127.392
####,7/28/2026 22:20,22.81,128.799
####,7/28/2026 22:35,22.71,129.971
####,7/28/2026 22:50,22.53,130.919
####,7/28/2026 23:05,22.4,131.781
####,7/28/2026 23:20,22.21,132.378
####,7/28/2026 23:35,22.05,132.811
####,7/28/2026 23:50,21.8,133.121
####,7/29/2026 0:05,21.56,133.28
####,7/29/2026 0:20,21.35,133.292
####,7/29/2026 0:35,21.24,133.117
####,7/29/2026 0:50,21.17,132.646
####,7/29/2026 1:05,21.23,131.95
####,7/29/2026 1:20,21.68,130.981
####,7/29/2026 1:35,22.07,129.836
####,7/29/2026 1:50,22.4,128.455
####,7/29/2026 2:05,22.58,126.909
####,7/29/2026 2:20,22.65,125.542
####,7/29/2026 2:35,22.74,124.167
####,7/29/2026 2:50,22.81,122.815
####,7/29/2026 3:05,22.88,121.455
####,7/29/2026 3:20,22.88,120.111
####,7/29/2026 3:35,22.99,118.804
####,7/29/2026 3:50,23.03,117.458
####,7/29/2026 4:05,23.06,116.201
####,7/29/2026 4:20,23.08,114.974
####,7/29/2026 4:35,23.08,113.797
####,7/29/2026 4:50,23.1,112.667
####,7/29/2026 5:05,23.11,111.558
####,7/29/2026 5:20,23.12,110.513
####,7/29/2026 5:35,23.12,109.505
####,7/29/2026 5:50,23.12,108.551
####,7/29/2026 6:05,23.1,107.664
####,7/29/2026 6:20,23.09,106.881
####,7/29/2026 6:35,23.07,106.023
####,7/29/2026 6:50,23.05,105.622
####,7/29/2026 7:05,23.04,105.241
####,7/29/2026 7:20,23.03,105.456
####,7/29/2026 7:35,22.96,106.225
####,7/29/2026 7:50,22.92,107.064
####,7/29/2026 8:05,22.89,108.145
####,7/29/2026 8:20,22.83,109.193
####,7/29/2026 8:35,22.63,110.388
####,7/29/2026 8:50,22.54,111.594
####,7/29/2026 9:05,22.46,112.909
####,7/29/2026 9:20,22.44,114.243
####,7/29/2026 9:35,22.36,115.785
####,7/29/2026 9:50,22.3,117.386
####,7/29/2026 10:05,22.24,119.081
####,7/29/2026 10:20,22.18,120.707
####,7/29/2026 10:35,22.11,122.463
####,7/29/2026 10:50,22,124.107
####,7/29/2026 11:05,21.92,125.56
####,7/29/2026 11:20,21.9,126.841
####,7/29/2026 11:35,21.87,128.029
####,7/29/2026 11:50,21.82,128.896
####,7/29/2026 12:05,21.75,129.611
####,7/29/2026 12:20,21.7,130.038
####,7/29/2026 12:35,21.68,130.222
####,7/29/2026 12:50,21.67,130.025
####,7/29/2026 13:05,21.69,129.597
####,7/29/2026 13:20,21.72,128.886
####,7/29/2026 13:35,21.79,128.053
####,7/29/2026 13:50,21.84,127.221
####,7/29/2026 14:05,21.85,126.442
####,7/29/2026 14:20,21.92,125.494
####,7/29/2026 14:35,21.96,124.395
####,7/29/2026 14:50,22.04,123.309
####,7/29/2026 15:05,22.08,122.128
####,7/29/2026 15:20,22.12,120.977
####,7/29/2026 15:35,22.18,119.897
####,7/29/2026 15:50,22.22,118.714
####,7/29/2026 16:05,22.25,117.577
####,7/29/2026 16:20,22.27,116.461
####,7/29/2026 16:35,22.31,115.347
####,7/29/2026 16:50,22.31,114.332
####,7/29/2026 17:05,22.35,113.281
####,7/29/2026 17:20,22.4,112.252
####,7/29/2026 17:35,22.45,111.318
####,7/29/2026 17:50,22.5,110.41
####,7/29/2026 18:05,22.53,109.544
####,7/29/2026 18:20,22.55,108.844
####,7/29/2026 18:35,22.54,108.263
####,7/29/2026 18:50,22.53,107.961
####,7/29/2026 19:05,22.5,107.964
####,7/29/2026 19:20,22.5,108.47
####,7/29/2026 19:35,22.38,109.309
####,7/29/2026 19:50,22.31,110.299
####,7/29/2026 20:05,22.23,111.298
####,7/29/2026 20:20,22.07,112.287
####,7/29/2026 20:35,21.93,113.436
####,7/29/2026 20:50,21.82,114.706
####,7/29/2026 21:05,21.72,116.114
####,7/29/2026 21:20,21.62,117.74
####,7/29/2026 21:35,21.52,119.447
####,7/29/2026 21:50,21.47,121.219
####,7/29/2026 22:05,21.41,123.076
####,7/29/2026 22:20,21.3,124.9
####,7/29/2026 22:35,21.19,126.626
####,7/29/2026 22:50,21.12,128.165
####,7/29/2026 23:05,21.1,129.523
####,7/29/2026 23:20,21.03,130.7
####,7/29/2026 23:35,20.88,131.737
####,7/29/2026 23:50,20.69,132.531
####,7/30/2026 0:05,20.49,133.102
####,7/30/2026 0:20,20.29,133.543
####,7/30/2026 0:35,19.97,133.864
####,7/30/2026 0:50,19.69,134.014
####,7/30/2026 1:05,19.57,134.054
####,7/30/2026 1:20,19.53,133.818
####,7/30/2026 1:35,19.53,133.482
####,7/30/2026 1:50,19.67,132.775
####,7/30/2026 2:05,19.9,131.961
####,7/30/2026 2:20,20.29,130.953
####,7/30/2026 2:35,20.54,129.725
####,7/30/2026 2:50,20.68,128.186
####,7/30/2026 3:05,20.77,126.58
####,7/30/2026 3:20,20.83,125.067
####,7/30/2026 3:35,20.85,123.629
####,7/30/2026 3:50,20.92,122.248
####,7/30/2026 4:05,20.91,120.883
####,7/30/2026 4:20,20.93,119.507
####,7/30/2026 4:35,20.95,118.186
####,7/30/2026 4:50,20.98,116.929
####,7/30/2026 5:05,21,115.685
####,7/30/2026 5:20,21.03,114.538
####,7/30/2026 5:35,21.05,113.404
####,7/30/2026 5:50,21.07,112.295
####,7/30/2026 6:05,21.09,111.233
####,7/30/2026 6:20,21.09,110.241
####,7/30/2026 6:35,21.08,109.254
####,7/30/2026 6:50,21.06,108.454
####,7/30/2026 7:05,21.03,107.725
####,7/30/2026 7:20,21.01,107.115
####,7/30/2026 7:35,21,106.747
####,7/30/2026 7:50,20.98,106.577
####,7/30/2026 8:05,20.98,106.987
####,7/30/2026 8:20,20.88,107.755
####,7/30/2026 8:35,20.82,108.662
####,7/30/2026 8:50,20.76,109.734
####,7/30/2026 9:05,20.69,110.865
####,7/30/2026 9:20,20.53,112.074
####,7/30/2026 9:35,20.39,113.322
####,7/30/2026 9:50,20.3,114.696
####,7/30/2026 10:05,20.28,116.23
####,7/30/2026 10:20,20.26,117.787
####,7/30/2026 10:35,20.25,119.503
####,7/30/2026 10:50,20.31,121.206
####,7/30/2026 11:05,20.41,122.973
####,7/30/2026 11:20,20.36,124.631
####,7/30/2026 11:35,20.28,126.11
####,7/30/2026 11:50,20.31,127.496
####,7/30/2026 12:05,20.37,128.632
####,7/30/2026 12:20,20.43,129.597
####,7/30/2026 12:35,20.45,130.315
####,7/30/2026 12:50,20.46,130.822
####,7/30/2026 13:05,20.49,131.171
####,7/30/2026 13:20,20.53,131.31
####,7/30/2026 13:35,20.55,131.197
####,7/30/2026 13:50,20.64,130.847
####,7/30/2026 14:05,20.7,130.143
####,7/30/2026 14:20,20.89,129.112
####,7/30/2026 14:35,20.99,127.962
####,7/30/2026 14:50,21.04,126.857
####,7/30/2026 15:05,21.08,125.741
####,7/30/2026 15:20,21.14,124.65
####,7/30/2026 15:35,21.19,123.448
####,7/30/2026 15:50,21.26,122.171
####,7/30/2026 16:05,21.33,120.966
####,7/30/2026 16:20,21.37,119.74
####,7/30/2026 16:35,21.37,118.561
####,7/30/2026 16:50,21.38,117.365
####,7/30/2026 17:05,21.42,116.188
####,7/30/2026 17:20,21.46,115.065
####,7/30/2026 17:35,21.5,113.998
####,7/30/2026 17:50,21.56,112.943
####,7/30/2026 18:05,21.61,111.96
####,7/30/2026 18:20,21.65,111.031
####,7/30/2026 18:35,21.69,110.168
####,7/30/2026 18:50,21.72,109.34
####,7/30/2026 19:05,21.75,108.656
####,7/30/2026 19:20,21.76,108.126
####,7/30/2026 19:35,21.78,107.828
####,7/30/2026 19:50,21.78,108.101
####,7/30/2026 20:05,21.8,108.669
####,7/30/2026 20:20,21.73,109.588
####,7/30/2026 20:35,21.66,110.575
####,7/30/2026 20:50,21.58,111.648
####,7/30/2026 21:05,21.55,112.81
####,7/30/2026 21:20,21.52,114.098
####,7/30/2026 21:35,21.51,115.478
####,7/30/2026 21:50,21.5,116.993
####,7/30/2026 22:05,21.5,118.617
####,7/30/2026 22:20,21.51,120.323
####,7/30/2026 22:35,21.47,122.1
####,7/30/2026 22:50,21.3,123.934
####,7/30/2026 23:05,21.14,125.746
####,7/30/2026 23:20,21.09,127.474
####,7/30/2026 23:35,21.04,128.985
####,7/30/2026 23:50,20.93,130.266
####,7/31/2026 0:05,20.73,131.398
####,7/31/2026 0:20,20.58,132.323
####,7/31/2026 0:35,20.4,133.02
####,7/31/2026 0:50,20.21,133.462
####,7/31/2026 1:05,19.94,133.775
####,7/31/2026 1:20,19.64,133.942
####,7/31/2026 1:35,19.45,133.98
####,7/31/2026 1:50,19.39,133.819
####,7/31/2026 2:05,19.36,133.419
####,7/31/2026 2:20,19.56,132.785
####,7/31/2026 2:35,20.04,131.888
####,7/31/2026 2:50,20.28,130.823
####,7/31/2026 3:05,20.48,129.481
####,7/31/2026 3:20,20.74,127.974
####,7/31/2026 3:35,20.82,126.347
####,7/31/2026 3:50,20.9,124.926
####,7/31/2026 4:05,20.94,123.464
####,7/31/2026 4:20,21,122.041
####,7/31/2026 4:35,21.01,120.664
####,7/31/2026 4:50,21.03,119.292
####,7/31/2026 5:05,21.06,117.926
####,7/31/2026 5:20,21.07,116.64
####,7/31/2026 5:35,21.07,115.379
####,7/31/2026 5:50,21.06,114.177
####,7/31/2026 6:05,21.06,112.993
####,7/31/2026 6:20,21.06,111.901
####,7/31/2026 6:35,21.06,110.788
####,7/31/2026 6:50,21.06,109.743
####,7/31/2026 7:05,21.06,108.769
####,7/31/2026 7:20,21.07,107.812
####,7/31/2026 7:35,21.08,107.009
####,7/31/2026 7:50,21.1,106.239
####,7/31/2026 8:05,21.15,105.62
####,7/31/2026 8:20,21.23,105.174
####,7/31/2026 8:35,21.33,105.32
####,7/31/2026 8:50,21.26,106.018
####,7/31/2026 9:05,21.26,106.979
####,7/31/2026 9:20,21.23,108.026
####,7/31/2026 9:35,21.24,109.025
####,7/31/2026 9:50,21.33,101.185
####,7/31/2026 10:05,21.28,109.697
####,7/31/2026 10:20,21.2,111.081
####,7/31/2026 10:35,21.24,112.585
####,7/31/2026 10:50,21.24,114.193
####,7/31/2026 11:05,21.2,115.884
####,7/31/2026 11:20,21.24,117.692
####,7/31/2026 11:35,21.13,119.59
####,7/31/2026 11:50,20.96,121.41
####,7/31/2026 12:05,20.88,123.22
####,7/31/2026 12:20,20.89,124.8
####,7/31/2026 12:35,20.85,126.205
####,7/31/2026 12:50,20.76,127.333
####,7/31/2026 13:05,20.62,128.281
####,7/31/2026 13:20,20.55,128.992
####,7/31/2026 13:35,20.5,129.393
####,7/31/2026 13:50,20.5,129.582
####,7/31/2026 14:05,20.51,129.398
####,7/31/2026 14:20,20.51,128.924
####,7/31/2026 14:35,20.63,128.172
####,7/31/2026 14:50,21.05,127.155
####,7/31/2026 15:05,21.29,126.063
####,7/31/2026 15:20,21.56,101.085
####,7/31/2026 15:35,23.26,101
####,7/31/2026 15:50,23.72,100.95
####,7/31/2026 16:05,21.86,120.663
####,7/31/2026 16:20,21.87,119.379
####,7/31/2026 16:35,22.02,118.168
####,7/31/2026 16:50,22.1,116.875
####,7/31/2026 17:05,22.2,115.611
####,7/31/2026 17:20,22.24,114.381
####,7/31/2026 17:35,22.3,113.131
####,7/31/2026 17:50,22.37,112.052
####,7/31/2026 18:05,22.44,110.936
####,7/31/2026 18:20,22.51,109.975
####,7/31/2026 18:35,22.58,108.778
####,7/31/2026 18:50,22.61,107.792
####,7/31/2026 19:05,22.63,106.869
####,7/31/2026 19:20,22.65,106.017
####,7/31/2026 19:35,22.66,105.272
####,7/31/2026 19:50,22.65,104.626
####,7/31/2026 20:05,22.63,104.212
####,7/31/2026 20:20,22.61,104.117
####,7/31/2026 20:35,22.67,104.577
####,7/31/2026 20:50,22.63,105.428
####,7/31/2026 21:05,22.59,106.413
####,7/31/2026 21:20,22.54,107.484
####,7/31/2026 21:35,22.51,108.59
####,7/31/2026 21:50,22.5,109.784
####,7/31/2026 22:05,22.48,111.103
####,7/31/2026 22:20,22.47,112.556
####,7/31/2026 22:35,22.41,114.105
####,7/31/2026 22:50,22.36,115.822
####,7/31/2026 23:05,22.25,117.635
####,7/31/2026 23:20,22.01,119.586
####,7/31/2026 23:35,21.82,121.543
####,7/31/2026 23:50,21.74,123.433
####,8/1/2026 0:05,21.72,125.151
####,8/1/2026 0:20,21.63,126.551
####,8/1/2026 0:35,21.46,127.803
####,8/1/2026 0:50,21.28,128.851
####,8/1/2026 1:05,21.15,129.712
####,8/1/2026 1:20,20.95,130.291
####,8/1/2026 1:35,20.73,130.702
####,8/1/2026 1:50,20.52,130.899
####,8/1/2026 2:05,20.35,130.891
####,8/1/2026 2:20,20.26,130.806
####,8/1/2026 2:35,20.24,130.407
####,8/1/2026 2:50,20.3,129.771
####,8/1/2026 3:05,20.72,128.882
####,8/1/2026 3:20,20.89,127.78
####,8/1/2026 3:35,21,126.438
####,8/1/2026 3:50,21.23,124.932
####,8/1/2026 4:05,21.47,123.449
####,8/1/2026 4:20,21.5,122
####,8/1/2026 4:35,21.6,120.637
####,8/1/2026 4:50,21.64,119.262
####,8/1/2026 5:05,21.64,117.862
####,8/1/2026 5:20,21.72,116.514
####,8/1/2026 5:35,21.82,115.226
####,8/1/2026 5:50,21.88,113.917
####,8/1/2026 6:05,21.92,112.671
####,8/1/2026 6:20,21.95,111.455
####,8/1/2026 6:35,21.96,110.256
####,8/1/2026 6:50,21.97,109.132
####,8/1/2026 7:05,21.98,108.026
####,8/1/2026 7:20,21.99,107.003
####,8/1/2026 7:35,22.02,106.027
####,8/1/2026 7:50,22.06,105.109
####,8/1/2026 8:05,22.12,104.258
####,8/1/2026 8:20,22.2,103.482
####,8/1/2026 8:35,22.31,102.815
####,8/1/2026 8:50,22.44,102.404
####,8/1/2026 9:05,22.57,102.41
####,8/1/2026 9:20,22.53,103.153
####,8/1/2026 9:35,22.57,104.046
####,8/1/2026 9:50,22.57,105.109
####,8/1/2026 10:05,22.69,106.278
####,8/1/2026 10:20,22.71,107.504
####,8/1/2026 10:35,22.78,108.819
####,8/1/2026 10:50,22.72,110.095
####,8/1/2026 11:05,22.78,111.727
####,8/1/2026 11:20,22.76,113.397
####,8/1/2026 11:35,22.74,115.126
####,8/1/2026 11:50,22.79,116.925
####,8/1/2026 12:05,22.73,118.757
####,8/1/2026 12:20,22.58,120.547
####,8/1/2026 12:35,22.5,122.357
####,8/1/2026 12:50,22.45,124.053
####,8/1/2026 13:05,22.26,125.475
####,8/1/2026 13:20,22.15,126.691
####,8/1/2026 13:35,22.05,127.698
####,8/1/2026 13:50,22,128.451
####,8/1/2026 14:05,21.99,128.878
####,8/1/2026 14:20,21.98,129.243
####,8/1/2026 14:35,22.01,129.126
####,8/1/2026 14:50,22.03,128.783
####,8/1/2026 15:05,22.08,128.13
####,8/1/2026 15:20,22.33,127.134
####,8/1/2026 15:35,22.59,126.063
####,8/1/2026 15:50,22.93,124.924
####,8/1/2026 16:05,23.2,123.809
####,8/1/2026 16:20,23.27,122.569
####,8/1/2026 16:35,23.41,121.377
####,8/1/2026 16:50,23.49,120.085
####,8/1/2026 17:05,23.66,118.791
####,8/1/2026 17:20,23.8,117.581
####,8/1/2026 17:35,23.9,116.267
####,8/1/2026 17:50,24.01,115
####,8/1/2026 18:05,24.09,113.816
####,8/1/2026 18:20,24.15,112.549
####,8/1/2026 18:35,24.21,111.416
####,8/1/2026 18:50,24.29,110.247
####,8/1/2026 19:05,24.35,109.145
####,8/1/2026 19:20,24.39,108.291
####,8/1/2026 19:35,24.42,107.127
####,8/1/2026 19:50,24.44,106.175
####,8/1/2026 20:05,24.45,105.327
####,8/1/2026 20:20,24.44,104.586
####,8/1/2026 20:35,24.43,103.928
####,8/1/2026 20:50,24.4,103.531
####,8/1/2026 21:05,24.4,103.518
####,8/1/2026 21:20,24.47,104.065
####,8/1/2026 21:35,24.45,105.004
####,8/1/2026 21:50,24.43,106.055
####,8/1/2026 22:05,24.36,107.143
####,8/1/2026 22:20,24.38,108.299
####,8/1/2026 22:35,24.36,109.547
####,8/1/2026 22:50,24.31,110.891
####,8/1/2026 23:05,24.21,112.297
####,8/1/2026 23:20,24.09,113.891
####,8/1/2026 23:35,24.01,115.607
####,8/1/2026 23:50,23.82,117.436
####,8/2/2026 0:05,23.49,119.363
####,8/2/2026 0:20,23.29,121.287
####,8/2/2026 0:35,23.23,123.161
####,8/2/2026 0:50,23.21,124.892
####,8/2/2026 1:05,23.07,126.4
####,8/2/2026 1:20,22.82,127.634
####,8/2/2026 1:35,22.58,128.626
####,8/2/2026 1:50,22.44,129.424
####,8/2/2026 2:05,22.3,129.983
####,8/2/2026 2:20,22.16,130.32
####,8/2/2026 2:35,22.04,130.473
####,8/2/2026 2:50,21.93,130.374
####,8/2/2026 3:05,21.89,130.067
####,8/2/2026 3:20,21.88,129.522
####,8/2/2026 3:35,22.24,128.623
####,8/2/2026 3:50,22.4,127.521
####,8/2/2026 4:05,22.52,126.225
####,8/2/2026 4:20,22.62,124.809
####,8/2/2026 4:35,22.84,123.471
####,8/2/2026 4:50,22.97,122.141
####,8/2/2026 5:05,23,120.818
####,8/2/2026 5:20,23.06,119.472
####,8/2/2026 5:35,23.13,118.127
####,8/2/2026 5:50,23.28,116.817
####,8/2/2026 6:05,23.42,115.517
####,8/2/2026 6:20,23.53,114.238
####,8/2/2026 6:35,23.62,112.955
####,8/2/2026 6:50,23.69,111.747
####,8/2/2026 7:05,23.74,110.52
####,8/2/2026 7:20,23.79,109.404
####,8/2/2026 7:35,23.82,108.294
####,8/2/2026 7:50,23.85,107.271
####,8/2/2026 8:05,23.87,106.323
####,8/2/2026 8:20,23.92,105.334
####,8/2/2026 8:35,23.95,104.449
####,8/2/2026 8:50,24.02,103.636
####,8/2/2026 9:05,24.14,103.01
####,8/2/2026 9:20,24.25,102.425
####,8/2/2026 9:35,24.27,102.293
####,8/2/2026 9:50,24.23,102.933
####,8/2/2026 10:05,24.16,103.795
####,8/2/2026 10:20,24.15,104.854
####,8/2/2026 10:35,24.23,105.989
####,8/2/2026 10:50,24.26,107.237
####,8/2/2026 11:05,24.31,108.539
####,8/2/2026 11:20,24.21,109.906
####,8/2/2026 11:35,24.26,111.421
####,8/2/2026 11:50,24.19,112.999
####,8/2/2026 12:05,24.16,114.67
####,8/2/2026 12:20,24.05,116.491
####,8/2/2026 12:35,23.94,118.334
####,8/2/2026 12:50,23.8,120.183
####,8/2/2026 13:05,23.74,121.989
####,8/2/2026 13:20,23.64,123.767
####,8/2/2026 13:35,23.5,125.299
####,8/2/2026 13:50,23.37,126.552
####,8/2/2026 14:05,23.15,127.641
####,8/2/2026 14:20,23,128.522
####,8/2/2026 14:35,22.87,129.194
####,8/2/2026 14:50,22.76,129.54
####,8/2/2026 15:05,22.71,129.623
####,8/2/2026 15:20,22.66,129.483
####,8/2/2026 15:35,22.62,129.017
####,8/2/2026 15:50,22.73,128.294
####,8/2/2026 16:05,23.3,127.267
####,8/2/2026 16:20,23.53,126.057
####,8/2/2026 16:35,23.78,124.853
####,8/2/2026 16:50,23.83,123.591
####,8/2/2026 17:05,23.93,122.315
####,8/2/2026 17:20,24.08,121.023
####,8/2/2026 17:35,24.37,119.689
####,8/2/2026 17:50,24.46,118.24
####,8/2/2026 18:05,24.55,117.071
####,8/2/2026 18:20,24.68,115.774
####,8/2/2026 18:35,24.8,114.561
####,8/2/2026 18:50,24.9,113.394
####,8/2/2026 19:05,24.98,112.133
####,8/2/2026 19:20,25.06,110.988
####,8/2/2026 19:35,25.14,109.848
####,8/2/2026 19:50,25.19,108.758
####,8/2/2026 20:05,25.22,107.705
####,8/2/2026 20:20,25.24,106.753
####,8/2/2026 20:35,25.25,105.809
####,8/2/2026 20:50,25.25,104.985
####,8/2/2026 21:05,25.24,104.252
####,8/2/2026 21:20,25.21,103.652
####,8/2/2026 21:35,25.15,103.32
####,8/2/2026 21:50,25.15,103.465
####,8/2/2026 22:05,25.21,104.19
####,8/2/2026 22:20,25.15,105.124
####,8/2/2026 22:35,25.12,106.187
####,8/2/2026 22:50,25.06,107.267
####,8/2/2026 23:05,24.99,108.414
####,8/2/2026 23:20,24.87,109.702
####,8/2/2026 23:35,24.75,111.048
####,8/2/2026 23:50,24.62,112.475
####,8/3/2026 0:05,24.49,114.168
####,8/3/2026 0:20,24.34,115.947
####,8/3/2026 0:35,24.07,117.766
####,8/3/2026 0:50,23.83,119.662
####,8/3/2026 1:05,23.69,121.5
####,8/3/2026 1:20,23.63,123.282
####,8/3/2026 1:35,23.58,124.828
####,8/3/2026 1:50,23.44,126.21
####,8/3/2026 2:05,23.26,127.362
####,8/3/2026 2:20,23.09,128.343
####,8/3/2026 2:35,22.96,129.12
####,8/3/2026 2:50,22.84,129.604
####,8/3/2026 3:05,22.7,129.853
####,8/3/2026 3:20,22.57,129.863
####,8/3/2026 3:35,22.5,129.681
####,8/3/2026 3:50,22.5,129.232
####,8/3/2026 4:05,22.56,128.626
####,8/3/2026 4:20,22.85,127.672
####,8/3/2026 4:35,23.02,126.6
####,8/3/2026 4:50,23.14,125.305
####,8/3/2026 5:05,23.26,123.998
####,8/3/2026 5:20,23.43,122.635
####,8/3/2026 5:35,23.55,121.251
####,8/3/2026 5:50,23.61,119.921
####,8/3/2026 6:05,23.64,118.566
####,8/3/2026 6:20,23.68,117.225
####,8/3/2026 6:35,23.84,115.933
####,8/3/2026 6:50,23.97,114.658
####,8/3/2026 7:05,24.1,113.409
####,8/3/2026 7:20,24.22,112.11
####,8/3/2026 7:35,24.32,110.928
####,8/3/2026 7:50,24.4,109.755
####,8/3/2026 8:05,24.49,108.625
####,8/3/2026 8:20,24.57,107.507
####,8/3/2026 8:35,24.63,106.514
####,8/3/2026 8:50,24.65,105.521
####,8/3/2026 9:05,24.67,104.644
####,8/3/2026 9:20,24.68,103.846
####,8/3/2026 9:35,24.67,103.209
####,8/3/2026 9:50,24.62,102.803
####,8/3/2026 10:05,24.55,102.909
####,8/3/2026 10:20,24.5,103.086
####,8/3/2026 10:35,24.52,104.021
####,8/3/2026 10:50,24.53,105.13
####,8/3/2026 11:05,24.54,106.222
####,8/3/2026 11:20,24.5,107.29
####,8/3/2026 11:35,24.39,108.42
####,8/3/2026 11:50,24.33,109.692
####,8/3/2026 12:05,24.24,111.147
####,8/3/2026 12:20,24.22,112.692
####,8/3/2026 12:35,24.09,114.373
####,8/3/2026 12:50,23.92,116.13
####,8/3/2026 13:05,23.81,117.998
####,8/3/2026 13:20,23.63,119.867
####,8/3/2026 13:35,23.49,121.813
####,8/3/2026 13:50,23.39,123.549
####,8/3/2026 14:05,23.31,125.069
####,8/3/2026 14:20,23.2,126.402
####,8/3/2026 14:35,23.09,127.493
####,8/3/2026 14:50,22.98,128.408
####,8/3/2026 15:05,22.84,129.051
####,8/3/2026 15:20,22.68,129.337
####,8/3/2026 15:35,22.54,129.594
####,8/3/2026 15:50,22.41,129.658
####,8/3/2026 16:05,22.34,129.426
####,8/3/2026 16:20,22.32,129.053
####,8/3/2026 16:35,22.45,128.427
####,8/3/2026 16:50,22.92,127.385
####,8/3/2026 17:05,23.24,126.185
####,8/3/2026 17:20,23.39,124.858
####,8/3/2026 17:35,23.46,123.425
####,8/3/2026 17:50,23.61,122.12
####,8/3/2026 18:05,23.74,120.778
####,8/3/2026 18:20,23.87,119.437
####,8/3/2026 18:35,23.95,118.047
####,8/3/2026 18:50,24.04,116.744
####,8/3/2026 19:05,24.09,115.496
####,8/3/2026 19:20,24.21,114.238
####,8/3/2026 19:35,24.35,112.968
####,8/3/2026 19:50,24.43,111.707
####,8/3/2026 20:05,24.48,110.566
####,8/3/2026 20:20,24.51,109.421
####,8/3/2026 20:35,24.53,108.344
####,8/3/2026 20:50,24.55,107.304
####,8/3/2026 21:05,24.56,106.36
####,8/3/2026 21:20,24.57,105.432
####,8/3/2026 21:35,24.55,104.571
####,8/3/2026 21:50,24.51,103.793
####,8/3/2026 22:05,24.45,103.156
####,8/3/2026 22:20,24.39,102.659
####,8/3/2026 22:35,24.3,102.574
####,8/3/2026 22:50,24.32,103.302
####,8/3/2026 23:05,24.28,104.17
####,8/3/2026 23:20,24.24,105.216
####,8/3/2026 23:35,24.19,106.37
####,8/3/2026 23:50,24.04,107.519
####,8/4/2026 0:05,23.92,108.772
####,8/4/2026 0:20,23.76,110.167
####,8/4/2026 0:35,23.7,111.644
####,8/4/2026 0:50,23.52,113.248
####,8/4/2026 1:05,23.43,114.951
####,8/4/2026 1:20,23.23,116.717
####,8/4/2026 1:35,23.07,118.513
####,8/4/2026 1:50,22.97,120.309
####,8/4/2026 2:05,22.91,122.044
####,8/4/2026 2:20,22.86,123.63
####,8/4/2026 2:35,22.84,125.068
####,8/4/2026 2:50,22.75,126.385
####,8/4/2026 3:05,22.61,127.337
####,8/4/2026 3:20,22.51,128.055
####,8/4/2026 3:35,22.44,128.573
####,8/4/2026 3:50,22.36,128.869
####,8/4/2026 4:05,22.31,128.86
####,8/4/2026 4:20,22.29,128.503
####,8/4/2026 4:35,22.31,127.829
####,8/4/2026 4:50,22.41,126.91
####,8/4/2026 5:05,22.41,125.817
####,8/4/2026 5:20,22.44,124.718
####,8/4/2026 5:35,22.47,123.673
####,8/4/2026 5:50,22.47,122.495
####,8/4/2026 6:05,22.44,121.271
####,8/4/2026 6:20,22.43,120.031
####,8/4/2026 6:35,22.47,118.785
####,8/4/2026 6:50,22.6,117.538
####,8/4/2026 7:05,22.68,116.232
####,8/4/2026 7:20,22.78,115.006
####,8/4/2026 7:35,22.88,113.781
####,8/4/2026 7:50,22.98,112.557
####,8/4/2026 8:05,23.08,111.363
####,8/4/2026 8:20,23.17,110.198
####,8/4/2026 8:35,23.26,109.067
####,8/4/2026 8:50,23.36,108.004
####,8/4/2026 9:05,23.46,106.966
####,8/4/2026 9:20,23.56,105.99
####,8/4/2026 9:35,23.69,105.086
####,8/4/2026 9:50,23.87,104.225
####,8/4/2026 10:05,24.08,103.472
####,8/4/2026 10:20,24.32,102.814
####,8/4/2026 10:35,24.47,102.28
####,8/4/2026 10:50,24.67,102.13
####,8/4/2026 11:05,24.77,102.706
####,8/4/2026 11:20,24.6,103.472
####,8/4/2026 11:35,24.61,104.564
####,8/4/2026 11:50,24.47,105.663
####,8/4/2026 12:05,24.57,106.894
####,8/4/2026 12:20,24.6,108.142
####,8/4/2026 12:35,24.54,109.476
####,8/4/2026 12:50,24.44,110.935
####,8/4/2026 13:05,24.44,112.451
####,8/4/2026 13:20,24.3,114.152
####,8/4/2026 13:35,24.32,115.934
####,8/4/2026 13:50,24.27,117.849
####,8/4/2026 14:05,24.07,119.834
####,8/4/2026 14:20,23.88,121.746
####,8/4/2026 14:35,23.79,123.54
####,8/4/2026 14:50,23.56,125.208
####,8/4/2026 15:05,23.35,126.506
####,8/4/2026 15:20,23.19,127.763
####,8/4/2026 15:35,22.98,128.706
####,8/4/2026 15:50,22.8,129.503
####,8/4/2026 16:05,22.62,129.855
####,8/4/2026 16:20,22.46,129.953
####,8/4/2026 16:35,22.39,129.846
####,8/4/2026 16:50,22.35,129.435
####,8/4/2026 17:05,22.42,128.77
####,8/4/2026 17:20,23.11,127.841
####,8/4/2026 17:35,23.79,126.716
####,8/4/2026 17:50,23.91,125.529
####,8/4/2026 18:05,24.05,124.382
####,8/4/2026 18:20,24.15,123.155
####,8/4/2026 18:35,24.23,121.882
####,8/4/2026 18:50,24.37,120.586
####,8/4/2026 19:05,24.51,119.325
####,8/4/2026 19:20,24.64,118.01
####,8/4/2026 19:35,24.79,116.738
####,8/4/2026 19:50,24.88,115.436
####,8/4/2026 20:05,24.99,114.161
####,8/4/2026 20:20,25.12,112.97
####,8/4/2026 20:35,25.2,111.771
####,8/4/2026 20:50,25.28,110.597
####,8/4/2026 21:05,25.34,109.466
####,8/4/2026 21:20,25.39,108.384
####,8/4/2026 21:35,25.43,107.352
####,8/4/2026 21:50,25.45,106.371
####,8/4/2026 22:05,25.45,105.431
####,8/4/2026 22:20,25.44,104.566
####,8/4/2026 22:35,25.39,103.788
####,8/4/2026 22:50,25.34,103.088
####,8/4/2026 23:05,25.26,102.541
####,8/4/2026 23:20,25.07,102.249
####,8/4/2026 23:35,25.04,102.727
####,8/4/2026 23:50,25.19,103.52
####,8/5/2026 0:05,25.14,104.487
####,8/5/2026 0:20,25.12,105.562
####,8/5/2026 0:35,25.02,106.575
####,8/5/2026 0:50,24.91,107.812
####,8/5/2026 1:05,24.77,109.123
####,8/5/2026 1:20,24.64,110.482
####,8/5/2026 1:35,24.44,111.956
####,8/5/2026 1:50,24.24,113.503
####,8/5/2026 2:05,24.04,115.158
####,8/5/2026 2:20,23.74,116.889
####,8/5/2026 2:35,23.49,118.663
####,8/5/2026 2:50,23.32,120.432
####,8/5/2026 3:05,23.2,122.116
####,8/5/2026 3:20,23.11,123.631
####,8/5/2026 3:35,23.03,124.968
####,8/5/2026 3:50,22.86,126.09
####,8/5/2026 4:05,22.68,126.936
####,8/5/2026 4:20,22.5,127.556
####,8/5/2026 4:35,22.36,127.968
####,8/5/2026 4:50,22.27,128.046
####,8/5/2026 5:05,22.23,127.764
####,8/5/2026 5:20,22.28,127.095
####,8/5/2026 5:35,22.59,126.235
####,8/5/2026 5:50,22.71,125.262
####,8/5/2026 6:05,22.75,124.289
####,8/5/2026 6:20,22.78,123.236
####,8/5/2026 6:35,22.8,122.154
####,8/5/2026 6:50,22.83,120.99
####,8/5/2026 7:05,22.88,119.831
####,8/5/2026 7:20,23.04,118.679
####,8/5/2026 7:35,23.17,117.465
####,8/5/2026 7:50,23.32,116.248
####,8/5/2026 8:05,23.49,115.027
####,8/5/2026 8:20,23.66,113.845
####,8/5/2026 8:35,23.82,112.763
####,8/5/2026 8:50,23.98,111.528
####,8/5/2026 9:05,24.11,110.422
####,8/5/2026 9:20,24.21,109.337
####,8/5/2026 9:35,24.31,108.286
####,8/5/2026 9:50,24.45,107.319
####,8/5/2026 10:05,24.55,106.38
####,8/5/2026 10:20,24.77,105.498
####,8/5/2026 10:35,24.93,104.661
####,8/5/2026 10:50,25.05,103.914
####,8/5/2026 11:05,25.14,103.279
####,8/5/2026 11:20,25.46,102.875
####,8/5/2026 11:35,25.86,102.977
####,8/5/2026 11:50,25.64,103.581
####,8/5/2026 12:05,25.6,104.482
####,8/5/2026 12:20,25.44,105.481
####,8/5/2026 12:35,25.5,106.554
####,8/5/2026 12:50,25.56,107.695
####,8/5/2026 13:05,25.52,108.946
####,8/5/2026 13:20,25.36,110.258
####,8/5/2026 13:35,25.27,111.677
####,8/5/2026 13:50,25.19,113.175
####,8/5/2026 14:05,24.98,114.822
####,8/5/2026 14:20,24.97,116.567
####,8/5/2026 14:35,24.83,118.351
####,8/5/2026 14:50,24.54,120.231
####,8/5/2026 15:05,24.35,122.068
####,8/5/2026 15:20,24.15,123.807
####,8/5/2026 15:35,23.84,125.365
####,8/5/2026 15:50,23.61,126.779
####,8/5/2026 16:05,23.34,127.93
####,8/5/2026 16:20,23.14,128.826
####,8/5/2026 16:35,22.95,129.523
####,8/5/2026 16:50,22.8,129.977
####,8/5/2026 17:05,22.64,130.145
####,8/5/2026 17:20,22.51,130.088
####,8/5/2026 17:35,22.44,129.81
####,8/5/2026 17:50,22.49,129.291
####,8/5/2026 18:05,22.77,128.467
####,8/5/2026 18:20,23.67,127.362
####,8/5/2026 18:35,23.97,126.159
####,8/5/2026 18:50,24.14,124.94
####,8/5/2026 19:05,24.27,123.763
####,8/5/2026 19:20,24.29,122.489
####,8/5/2026 19:35,24.44,121.172
####,8/5/2026 19:50,24.65,119.895
####,8/5/2026 20:05,24.83,118.614
####,8/5/2026 20:20,24.98,117.308
####,8/5/2026 20:35,25.15,116.024
####,8/5/2026 20:50,25.34,114.725
####,8/5/2026 21:05,25.52,113.518
####,8/5/2026 21:20,25.68,112.303
####,8/5/2026 21:35,25.79,111.138
####,8/5/2026 21:50,25.88,109.973
####,8/5/2026 22:05,25.95,108.892
####,8/5/2026 22:20,26,107.856
####,8/5/2026 22:35,26.02,106.849
####,8/5/2026 22:50,26.03,105.901
####,8/5/2026 23:05,26,105.019
####,8/5/2026 23:20,25.96,104.17
####,8/5/2026 23:35,25.93,103.454
####,8/5/2026 23:50,25.86,102.853
####,8/6/2026 0:05,25.8,102.455
####,8/6/2026 0:20,25.75,102.595
####,8/6/2026 0:35,25.82,103.303
####,8/6/2026 0:50,25.78,104.2
####,8/6/2026 1:05,25.74,105.18
####,8/6/2026 1:20,25.68,106.21
####,8/6/2026 1:35,25.54,107.346
####,8/6/2026 1:50,25.44,108.534
####,8/6/2026 2:05,25.24,109.791
####,8/6/2026 2:20,25.14,111.139
####,8/6/2026 2:35,24.88,112.604
####,8/6/2026 2:50,24.68,114.114
####,8/6/2026 3:05,24.46,115.753
####,8/6/2026 3:20,24.12,117.437
####,8/6/2026 3:35,23.87,119.179
####,8/6/2026 3:50,23.65,120.869
####,8/6/2026 4:05,23.5,122.457
####,8/6/2026 4:20,23.41,123.88
####,8/6/2026 4:35,23.31,125.137
####,8/6/2026 4:50,23.17,126.163
####,8/6/2026 5:05,23.02,126.926
####,8/6/2026 5:20,22.88,127.476
####,8/6/2026 5:35,22.76,127.679
####,8/6/2026 5:50,22.73,127.469
####,8/6/2026 6:05,22.71,126.92
####,8/6/2026 6:20,22.93,126.104
####,8/6/2026 6:35,23.16,125.163
####,8/6/2026 6:50,23.21,124.331
####,8/6/2026 7:05,23.29,123.392
####,8/6/2026 7:20,23.36,122.433
####,8/6/2026 7:35,23.48,121.333
####,8/6/2026 7:50,23.56,120.199
####,8/6/2026 8:05,23.7,119.13
####,8/6/2026 8:20,23.86,117.953
####,8/6/2026 8:35,24.04,116.786
####,8/6/2026 8:50,24.23,115.653
####,8/6/2026 9:05,24.45,114.517
####,8/6/2026 9:20,24.63,113.381
####,8/6/2026 9:35,24.83,112.287
####,8/6/2026 9:50,25.02,111.203
####,8/6/2026 10:05,25.19,110.114
####,8/6/2026 10:20,25.3,109.083
####,8/6/2026 10:35,25.39,108.077
####,8/6/2026 10:50,25.54,107.127
####,8/6/2026 11:05,25.76,106.211
####,8/6/2026 11:20,26,105.383
####,8/6/2026 11:35,26.22,104.712
####,8/6/2026 11:50,26.52,104.101
####,8/6/2026 12:05,26.76,103.754
####,8/6/2026 12:20,27.13,103.715
####,8/6/2026 12:35,26.76,104.259
####,8/6/2026 12:50,26.78,105.136
####,8/6/2026 13:05,26.72,106.083
####,8/6/2026 13:20,26.65,107.114
####,8/6/2026 13:35,26.74,108.222
####,8/6/2026 13:50,26.67,109.391
####,8/6/2026 14:05,26.7,110.649
####,8/6/2026 14:20,26.4,111.993
####,8/6/2026 14:35,26.42,113.511
####,8/6/2026 14:50,26.21,115.121
####,8/6/2026 15:05,26.09,116.859
####,8/6/2026 15:20,25.8,118.754
####,8/6/2026 15:35,25.37,120.64
####,8/6/2026 15:50,25.1,122.53
####,8/6/2026 16:05,24.9,124.245
####,8/6/2026 16:20,24.57,125.857
####,8/6/2026 16:35,24.36,127.163
####,8/6/2026 16:50,24.11,128.289
####,8/6/2026 17:05,23.94,129.241
####,8/6/2026 17:20,23.72,129.971
####,8/6/2026 17:35,23.56,130.471
####,8/6/2026 17:50,23.3,130.805
####,8/6/2026 18:05,23.07,131.002
####,8/6/2026 18:20,22.93,130.974
####,8/6/2026 18:35,22.85,130.745
####,8/6/2026 18:50,22.85,130.192
####,8/6/2026 19:05,23.31,129.325
####,8/6/2026 19:20,23.78,128.245
####,8/6/2026 19:35,24.17,126.891
####,8/6/2026 19:50,24.4,125.447
####,8/6/2026 20:05,24.66,124.089
####,8/6/2026 20:20,25.05,122.809
####,8/6/2026 20:35,25.32,121.503
####,8/6/2026 20:50,25.47,120.158
####,8/6/2026 21:05,25.63,118.88
####,8/6/2026 21:20,25.81,117.562
####,8/6/2026 21:35,26.06,116.25
####,8/6/2026 21:50,26.29,115.01
####,8/6/2026 22:05,26.5,113.745
####,8/6/2026 22:20,26.67,112.555
####,8/6/2026 22:35,26.8,111.311
####,8/6/2026 22:50,26.91,110.167
####,8/6/2026 23:05,26.99,109.077
####,8/6/2026 23:20,27.06,108.012
####,8/6/2026 23:35,27.1,107.002
####,8/6/2026 23:50,27.13,106.058
####,8/7/2026 0:05,27.14,105.151
####,8/7/2026 0:20,27.13,104.356
####,8/7/2026 0:35,27.1,103.644
####,8/7/2026 0:50,27.07,103.04
####,8/7/2026 1:05,27.04,102.667
####,8/7/2026 1:20,27.01,102.873
####,8/7/2026 1:35,27,103.353
####,8/7/2026 1:50,26.97,104.254
####,8/7/2026 2:05,26.94,105.247
####,8/7/2026 2:20,26.88,106.281
####,8/7/2026 2:35,26.74,107.381
####,8/7/2026 2:50,26.65,108.598
####,8/7/2026 3:05,26.45,109.855
####,8/7/2026 3:20,26.33,111.194
####,8/7/2026 3:35,26.09,112.602
####,8/7/2026 3:50,25.85,114.103
####,8/7/2026 4:05,25.6,115.696
####,8/7/2026 4:20,25.25,117.376
####,8/7/2026 4:35,24.95,119.025
####,8/7/2026 4:50,24.73,120.681
####,8/7/2026 5:05,24.57,122.277
####,8/7/2026 5:20,24.46,123.734
####,8/7/2026 5:35,24.37,124.924
####,8/7/2026 5:50,24.23,125.888
####,8/7/2026 6:05,24.09,126.563
####,8/7/2026 6:20,23.98,126.988
####,8/7/2026 6:35,23.91,127.183
####,8/7/2026 6:50,23.89,126.94
####,8/7/2026 7:05,23.89,126.391
####,8/7/2026 7:20,24.15,125.61
####,8/7/2026 7:35,24.38,124.773
####,8/7/2026 7:50,24.46,123.83
####,8/7/2026 8:05,24.51,122.961
####,8/7/2026 8:20,24.62,122.04
####,8/7/2026 8:35,24.75,120.97
####,8/7/2026 8:50,24.89,119.937
####,8/7/2026 9:05,25.02,118.864
####,8/7/2026 9:20,25.22,117.738
####,8/7/2026 9:35,25.43,116.609
####,8/7/2026 9:50,25.63,115.476
####,8/7/2026 10:05,25.86,114.307
####,8/7/2026 10:20,26.11,113.197
####,8/7/2026 10:35,26.38,112.076
####,8/7/2026 10:50,26.7,110.96
####,8/7/2026 11:05,26.9,109.939
####,8/7/2026 11:20,27.03,108.908
####,8/7/2026 11:35,27.19,107.944
####,8/7/2026 11:50,27.38,107.032
####,8/7/2026 12:05,27.58,106.157
####,8/7/2026 12:20,27.82,105.379
####,8/7/2026 12:35,28.03,104.741
####,8/7/2026 12:50,28.29,104.129
####,8/7/2026 13:05,28.53,103.89
####,8/7/2026 13:20,28.6,104.061
####,8/7/2026 13:35,28.5,104.667
####,8/7/2026 13:50,28.58,105.613
####,8/7/2026 14:05,28.5,106.581
####,8/7/2026 14:20,28.56,107.713
####,8/7/2026 14:35,28.57,108.805
####,8/7/2026 14:50,28.64,110.026
####,8/7/2026 15:05,28.5,111.29
####,8/7/2026 15:20,28.39,112.676
####,8/7/2026 15:35,28.27,114.321
####,8/7/2026 15:50,28.05,115.924
####,8/7/2026 16:05,27.83,117.636
####,8/7/2026 16:20,27.35,119.503
####,8/7/2026 16:35,26.88,121.385
####,8/7/2026 16:50,26.68,123.14
####,8/7/2026 17:05,26.46,124.892
####,8/7/2026 17:20,26.12,126.342
####,8/7/2026 17:35,25.83,127.685
####,8/7/2026 17:50,25.58,128.782
####,8/7/2026 18:05,25.36,129.675
####,8/7/2026 18:20,25.11,130.328
####,8/7/2026 18:35,24.78,130.753
####,8/7/2026 18:50,24.43,131.018
####,8/7/2026 19:05,24.15,131.214
####,8/7/2026 19:20,23.96,131.155
####,8/7/2026 19:35,23.87,130.901
####,8/7/2026 19:50,23.87,130.423
####,8/7/2026 20:05,24.72,129.619
####,8/7/2026 20:20,25.09,128.583
####,8/7/2026 20:35,25.32,127.33
####,8/7/2026 20:50,25.51,125.885
####,8/7/2026 21:05,25.9,124.483
####,8/7/2026 21:20,26.33,123.103
####,8/7/2026 21:35,26.52,121.787
####,8/7/2026 21:50,26.67,120.412
####,8/7/2026 22:05,26.87,119.085
####,8/7/2026 22:20,27.11,117.734
####,8/7/2026 22:35,27.37,116.414
####,8/7/2026 22:50,27.66,115.142
####,8/7/2026 23:05,27.92,113.827
####,8/7/2026 23:20,28.12,112.58
####,8/7/2026 23:35,28.25,111.352
####,8/7/2026 23:50,28.35,110.162
####,8/8/2026 0:05,28.42,109.013
####,8/8/2026 0:20,28.45,107.935
####,8/8/2026 0:35,28.46,106.945
####,8/8/2026 0:50,28.44,105.97
####,8/8/2026 1:05,28.4,105.025
####,8/8/2026 1:20,28.36,104.131
####,8/8/2026 1:35,28.3,103.343
####,8/8/2026 1:50,28.26,102.673
####,8/8/2026 2:05,28.21,102.167
####,8/8/2026 2:20,27.84,102.045
####,8/8/2026 2:35,27.94,102.291
####,8/8/2026 2:50,27.93,103.097
####,8/8/2026 3:05,27.92,104.214
####,8/8/2026 3:20,27.91,105.223
####,8/8/2026 3:35,27.72,106.359
####,8/8/2026 3:50,27.57,107.579
####,8/8/2026 4:05,27.45,108.75
####,8/8/2026 4:20,27.39,110.068
####,8/8/2026 4:35,27.37,111.447
####,8/8/2026 4:50,27.12,112.951
####,8/8/2026 5:05,26.88,114.589
####,8/8/2026 5:20,26.52,116.339
####,8/8/2026 5:35,26.18,118.111
####,8/8/2026 5:50,25.94,119.787
####,8/8/2026 6:05,25.74,121.374
####,8/8/2026 6:20,25.64,122.884
####,8/8/2026 6:35,25.56,124.149
####,8/8/2026 6:50,25.42,125.276
####,8/8/2026 7:05,25.28,126.094
####,8/8/2026 7:20,25.17,126.594
####,8/8/2026 7:35,25.09,126.818
####,8/8/2026 7:50,25.06,126.772
####,8/8/2026 8:05,25.05,126.374
####,8/8/2026 8:20,25.16,125.756
####,8/8/2026 8:35,25.48,124.968
####,8/8/2026 8:50,25.64,124.122
####,8/8/2026 9:05,25.72,123.179
####,8/8/2026 9:20,25.81,122.085
####,8/8/2026 9:35,25.93,121.165
####,8/8/2026 9:50,26.07,120.095
####,8/8/2026 10:05,26.22,119.03
####,8/8/2026 10:20,26.41,117.874
####,8/8/2026 10:35,26.61,116.799
####,8/8/2026 10:50,26.75,115.681
####,8/8/2026 11:05,27.01,114.496
####,8/8/2026 11:20,27.26,113.415
####,8/8/2026 11:35,27.51,112.256
####,8/8/2026 11:50,27.75,111.197
####,8/8/2026 12:05,27.87,110.086
####,8/8/2026 12:20,27.98,109.075
####,8/8/2026 12:35,28.14,108.108
####,8/8/2026 12:50,28.26,107.227
####,8/8/2026 13:05,28.35,106.366
####,8/8/2026 13:20,28.43,105.568
####,8/8/2026 13:35,28.65,104.885
####,8/8/2026 13:50,28.85,104.314
####,8/8/2026 14:05,29.01,103.994
####,8/8/2026 14:20,29.2,104.001
####,8/8/2026 14:35,29.13,104.596
####,8/8/2026 14:50,29.18,105.429
####,8/8/2026 15:05,29.07,106.455
####,8/8/2026 15:20,29.05,107.503
####,8/8/2026 15:35,29.2,108.58
####,8/8/2026 15:50,29.22,109.776
####,8/8/2026 16:05,29.17,111.009
####,8/8/2026 16:20,29.05,112.411
####,8/8/2026 16:35,28.99,113.886
####,8/8/2026 16:50,28.77,115.56
####,8/8/2026 17:05,28.52,117.35
####,8/8/2026 17:20,28.08,119.368
####,8/8/2026 17:35,27.63,121.28
####,8/8/2026 17:50,27.42,123.156
####,8/8/2026 18:05,27.21,124.984
####,8/8/2026 18:20,26.78,126.587
####,8/8/2026 18:35,26.41,127.773
####,8/8/2026 18:50,26.17,128.899
####,8/8/2026 19:05,25.91,129.854
####,8/8/2026 19:20,25.59,130.552
####,8/8/2026 19:35,25.13,131.038
####,8/8/2026 19:50,24.62,131.383
####,8/8/2026 20:05,24.3,131.624
####,8/8/2026 20:20,24.11,131.763
####,8/8/2026 20:35,23.95,131.713
####,8/8/2026 20:50,23.87,131.392
####,8/8/2026 21:05,23.9,130.797
####,8/8/2026 21:20,24.2,129.935
####,8/8/2026 21:35,24.77,128.945
####,8/8/2026 21:50,25.1,127.757
####,8/8/2026 22:05,25.53,126.342
####,8/8/2026 22:20,26.16,124.702
####,8/8/2026 22:35,26.57,123.083
####,8/8/2026 22:50,26.81,121.613
####,8/8/2026 23:05,26.92,120.154
####,8/8/2026 23:20,27.18,118.645
####,8/8/2026 23:35,27.36,117.201
####,8/8/2026 23:50,27.54,115.834
####,8/9/2026 0:05,27.76,114.507
####,8/9/2026 0:20,27.93,113.212
####,8/9/2026 0:35,28.04,111.988
####,8/9/2026 0:50,28.11,110.747
####,8/9/2026 1:05,28.15,109.585
####,8/9/2026 1:20,28.16,108.415
####,8/9/2026 1:35,28.14,107.336
####,8/9/2026 1:50,28.1,106.304
####,8/9/2026 2:05,28.04,105.333
####,8/9/2026 2:20,27.97,104.401
####,8/9/2026 2:35,27.86,103.53
####,8/9/2026 2:50,27.75,102.75
####,8/9/2026 3:05,27.61,102.074
####,8/9/2026 3:20,27.5,101.58
####,8/9/2026 3:35,27.3,101.469
####,8/9/2026 3:50,27.44,102.166
####,8/9/2026 4:05,27.43,103.005
####,8/9/2026 4:20,27.43,104.027
####,8/9/2026 4:35,27.4,105.156
####,8/9/2026 4:50,27.11,106.356
####,8/9/2026 5:05,27.04,107.635
####,8/9/2026 5:20,26.82,109.024
####,8/9/2026 5:35,26.76,110.442
####,8/9/2026 5:50,26.55,111.946
####,8/9/2026 6:05,26.39,113.585
####,8/9/2026 6:20,26.12,115.277
####,8/9/2026 6:35,25.82,117.075
####,8/9/2026 6:50,25.64,118.872
####,8/9/2026 7:05,25.44,120.658
####,8/9/2026 7:20,25.36,122.323
####,8/9/2026 7:35,25.32,123.781
####,8/9/2026 7:50,25.24,125
####,8/9/2026 8:05,25.13,125.986
####,8/9/2026 8:20,24.99,126.732
####,8/9/2026 8:35,24.88,127.199
####,8/9/2026 8:50,24.78,127.381
####,8/9/2026 9:05,24.73,127.263
####,8/9/2026 9:20,24.72,126.777
####,8/9/2026 9:35,24.94,126.02
####,8/9/2026 9:50,25.43,125.059
####,8/9/2026 10:05,25.54,124.07
####,8/9/2026 10:20,25.65,123.056
####,8/9/2026 10:35,25.73,122.067
####,8/9/2026 10:50,25.85,120.938
####,8/9/2026 11:05,25.96,119.734
####,8/9/2026 11:20,26.1,118.61
####,8/9/2026 11:35,26.21,117.47
####,8/9/2026 11:50,26.4,116.378
####,8/9/2026 12:05,26.57,115.307
####,8/9/2026 12:20,26.77,113.867
####,8/9/2026 12:35,26.96,112.681
####,8/9/2026 12:50,27.14,111.579
####,8/9/2026 13:05,27.35,110.437
####,8/9/2026 13:20,27.5,109.357
####,8/9/2026 13:35,27.65,108.306
####,8/9/2026 13:50,27.73,107.287
####,8/9/2026 14:05,27.86,106.37
####,8/9/2026 14:20,28.03,105.441
####,8/9/2026 14:35,28.2,104.633
####,8/9/2026 14:50,28.35,103.915
####,8/9/2026 15:05,28.56,103.41
####,8/9/2026 15:20,28.7,103.094
####,8/9/2026 15:35,28.74,103.6
####,8/9/2026 15:50,28.67,104.31
####,8/9/2026 16:05,28.59,105.269
####,8/9/2026 16:20,28.49,106.348
####,8/9/2026 16:35,28.54,107.423
####,8/9/2026 16:50,28.5,108.662
####,8/9/2026 17:05,28.46,109.985
####,8/9/2026 17:20,28.29,111.627
####,8/9/2026 17:35,28.22,113.047
####,8/9/2026 17:50,28.06,114.804
####,8/9/2026 18:05,27.88,116.695
####,8/9/2026 18:20,27.54,118.731
####,8/9/2026 18:35,27.04,120.674
####,8/9/2026 18:50,26.76,122.766
####,8/9/2026 19:05,26.45,124.675
####,8/9/2026 19:20,25.99,126.389
####,8/9/2026 19:35,25.66,127.861
####,8/9/2026 19:50,25.36,129.129
####,8/9/2026 20:05,25.04,130.2
####,8/9/2026 20:20,24.67,130.948
####,8/9/2026 20:35,24.11,131.545
####,8/9/2026 20:50,23.59,132.071
####,8/9/2026 21:05,23.31,132.422
####,8/9/2026 21:20,23.08,132.631
####,8/9/2026 21:35,22.88,132.669
####,8/9/2026 21:50,22.72,132.435
####,8/9/2026 22:05,22.69,131.921
####,8/9/2026 22:20,22.79,131.13
####,8/9/2026 22:35,23.25,130.162
####,8/9/2026 22:50,23.5,129.039
####,8/9/2026 23:05,23.93,127.787
####,8/9/2026 23:20,24.59,126.192
####,8/9/2026 23:35,25.04,124.532
####,8/9/2026 23:50,25.23,122.83
####,8/10/2026 0:05,25.71,121.294
####,8/10/2026 0:20,26,119.793
####,8/10/2026 0:35,26.18,118.303
####,8/10/2026 0:50,26.27,116.85
####,8/10/2026 1:05,26.53,115.444
####,8/10/2026 1:20,26.68,114.077
####,8/10/2026 1:35,26.79,112.761
####,8/10/2026 1:50,26.86,111.483
####,8/10/2026 2:05,26.91,110.25
####,8/10/2026 2:20,26.95,109.089
####,8/10/2026 2:35,26.95,107.961
####,8/10/2026 2:50,26.91,106.87
####,8/10/2026 3:05,26.87,105.833
####,8/10/2026 3:20,26.81,104.843
####,8/10/2026 3:35,26.74,103.944
####,8/10/2026 3:50,26.65,103.094
####,8/10/2026 4:05,26.56,102.324
####,8/10/2026 4:20,26.39,101.627
####,8/10/2026 4:35,24.25,101.306
####,8/10/2026 4:50,22.51,101.298
####,8/10/2026 5:05,25.58,102.088
####,8/10/2026 5:20,26.22,103.017
####,8/10/2026 5:35,26.28,104.147
####,8/10/2026 5:50,26.17,105.382
####,8/10/2026 6:05,25.85,106.776
####,8/10/2026 6:20,25.69,108.228
####,8/10/2026 6:35,25.63,109.691
####,8/10/2026 6:50,25.5,111.249
####,8/10/2026 7:05,25.33,112.87
####,8/10/2026 7:20,25.2,114.656
####,8/10/2026 7:35,25.03,116.601
####,8/10/2026 7:50,24.82,118.547
####,8/10/2026 8:05,24.65,120.5
####,8/10/2026 8:20,24.54,122.314
####,8/10/2026 8:35,24.49,123.989
####,8/10/2026 8:50,24.46,125.465
####,8/10/2026 9:05,24.37,126.644
####,8/10/2026 9:20,24.21,127.663
####,8/10/2026 9:35,24.06,128.322
####,8/10/2026 9:50,23.96,128.747
####,8/10/2026 10:05,23.9,128.717
####,8/10/2026 10:20,23.89,128.327
####,8/10/2026 10:35,23.96,127.574
####,8/10/2026 10:50,24.3,126.546
####,8/10/2026 11:05,24.51,125.538
####,8/10/2026 11:20,24.66,124.537
####,8/10/2026 11:35,24.79,123.502
####,8/10/2026 11:50,24.89,122.38
####,8/10/2026 12:05,24.98,121.216
####,8/10/2026 12:20,25.08,119.962
####,8/10/2026 12:35,25.19,118.625
####,8/10/2026 12:50,25.33,117.427
####,8/10/2026 13:05,25.46,116.155
####,8/10/2026 13:20,25.62,114.86
####,8/10/2026 13:35,25.8,113.632
####,8/10/2026 13:50,25.97,112.43
####,8/10/2026 14:05,26.12,111.228
####,8/10/2026 14:20,26.31,110.098
####,8/10/2026 14:35,26.49,108.985
####,8/10/2026 14:50,26.62,107.876
####,8/10/2026 15:05,26.73,106.862
####,8/10/2026 15:20,26.85,105.904
####,8/10/2026 15:35,26.95,105.015
####,8/10/2026 15:50,27.06,104.198
####,8/10/2026 16:05,27.24,103.477
####,8/10/2026 16:20,27.33,103.078
####,8/10/2026 16:35,27.43,102.926
####,8/10/2026 16:50,27.41,103.567
####,8/10/2026 17:05,27.35,104.526
####,8/10/2026 17:20,27.25,105.609
####,8/10/2026 17:35,27.22,106.764
####,8/10/2026 17:50,27.18,108.007
####,8/10/2026 18:05,27.14,109.325
####,8/10/2026 18:20,27.02,110.838
####,8/10/2026 18:35,26.88,112.514
####,8/10/2026 18:50,26.72,114.34
####,8/10/2026 19:05,26.53,116.322
####,8/10/2026 19:20,26.27,118.417
####,8/10/2026 19:35,25.98,120.598
####,8/10/2026 19:50,25.82,122.767
####,8/10/2026 20:05,25.64,124.85
####,8/10/2026 20:20,25.23,126.708
####,8/10/2026 20:35,24.9,128.306
####,8/10/2026 20:50,24.55,129.632
####,8/10/2026 21:05,24.18,130.677
####,8/10/2026 21:20,23.68,131.456
####,8/10/2026 21:35,23.2,132.109
####,8/10/2026 21:50,22.88,132.711
####,8/10/2026 22:05,22.54,133.174
####,8/10/2026 22:20,22.22,133.55
####,8/10/2026 22:35,21.94,133.762
####,8/10/2026 22:50,21.64,133.727
####,8/10/2026 23:05,21.42,133.348
####,8/10/2026 23:20,21.33,132.603
####,8/10/2026 23:35,21.79,131.689
####,8/10/2026 23:50,22.29,130.675
####,8/11/2026 0:05,22.58,129.515
####,8/11/2026 0:20,23,128.208
####,8/11/2026 0:35,23.26,126.655
####,8/11/2026 0:50,23.7,124.793
####,8/11/2026 1:05,23.95,122.892
####,8/11/2026 1:20,24.56,121.212
####,8/11/2026 1:35,24.92,119.525
####,8/11/2026 1:50,25.11,117.89
####,8/11/2026 2:05,25.27,116.323
####,8/11/2026 2:20,25.41,114.818
####,8/11/2026 2:35,25.48,113.418
####,8/11/2026 2:50,25.53,112.043
####,8/11/2026 3:05,25.58,110.769
####,8/11/2026 3:20,25.61,109.553
####,8/11/2026 3:35,25.62,108.334
####,8/11/2026 3:50,25.63,107.182
####,8/11/2026 4:05,25.62,106.08
####,8/11/2026 4:20,25.61,105.028
####,8/11/2026 4:35,25.59,104.064
####,8/11/2026 4:50,25.55,103.183
####,8/11/2026 5:05,25.51,102.368
####,8/11/2026 5:20,25.48,101.632
####,8/11/2026 5:35,25.4,101.019
####,8/11/2026 5:50,23.85,100.733
####,8/11/2026 6:05,23.4,100.937
####,8/11/2026 6:20,25.16,102.101
####,8/11/2026 6:35,25.29,103.195
####,8/11/2026 6:50,25.29,104.46
####,8/11/2026 7:05,25.1,105.926
####,8/11/2026 7:20,24.97,107.444
####,8/11/2026 7:35,24.86,109.059
####,8/11/2026 7:50,24.78,110.738
####,8/11/2026 8:05,24.67,112.534
####,8/11/2026 8:20,24.57,114.445
####,8/11/2026 8:35,24.46,116.478
####,8/11/2026 8:50,24.33,118.621
####,8/11/2026 9:05,24.18,120.724
####,8/11/2026 9:20,24.09,122.773
####,8/11/2026 9:35,24.04,124.57
####,8/11/2026 9:50,23.97,126.066
####,8/11/2026 10:05,23.85,127.249
####,8/11/2026 10:20,23.71,128.243
####,8/11/2026 10:35,23.61,129.033
####,8/11/2026 10:50,23.53,129.485
####,8/11/2026 11:05,23.47,129.664
####,8/11/2026 11:20,23.42,129.608
####,8/11/2026 11:35,23.41,129.285
####,8/11/2026 11:50,23.47,128.536
####,8/11/2026 12:05,24.1,127.501
####,8/11/2026 12:20,24.35,126.129
####,8/11/2026 12:35,24.4,124.732
####,8/11/2026 12:50,24.53,123.35
####,8/11/2026 13:05,24.73,121.997
####,8/11/2026 13:20,24.88,120.667
####,8/11/2026 13:35,25.01,119.243
####,8/11/2026 13:50,25.13,117.803
####,8/11/2026 14:05,25.26,116.41
####,8/11/2026 14:20,25.35,115.071
####,8/11/2026 14:35,25.46,113.75
####,8/11/2026 14:50,25.63,112.44
####,8/11/2026 15:05,25.81,111.143
####,8/11/2026 15:20,25.95,109.904
####,8/11/2026 15:35,26.07,108.728
####,8/11/2026 15:50,26.2,107.603
####,8/11/2026 16:05,26.32,106.482
####,8/11/2026 16:20,26.46,105.424
####,8/11/2026 16:35,26.58,104.437
####,8/11/2026 16:50,26.63,103.541
####,8/11/2026 17:05,26.69,102.698
####,8/11/2026 17:20,26.74,102.025
####,8/11/2026 17:35,26.76,101.629
####,8/11/2026 17:50,26.72,101.732
####,8/11/2026 18:05,26.83,102.601
####,8/11/2026 18:20,26.75,103.712
####,8/11/2026 18:35,26.69,105.081
####,8/11/2026 18:50,26.67,106.36
####,8/11/2026 19:05,26.58,107.809
####,8/11/2026 19:20,26.52,109.421
####,8/11/2026 19:35,26.31,111.111
####,8/11/2026 19:50,26.11,113.039
####,8/11/2026 20:05,25.91,115.198
####,8/11/2026 20:20,25.58,117.487
####,8/11/2026 20:35,25.39,119.86
####,8/11/2026 20:50,25.26,122.216
####,8/11/2026 21:05,25,124.523
####,8/11/2026 21:20,24.62,126.549
####,8/11/2026 21:35,24.29,128.222
####,8/11/2026 21:50,23.95,129.653
####,8/11/2026 22:05,23.64,130.741
####,8/11/2026 22:20,23.14,131.599
####,8/11/2026 22:35,22.69,132.379
####,8/11/2026 22:50,22.22,133.016
####,8/11/2026 23:05,21.67,133.563
####,8/11/2026 23:20,21.33,134.014
####,8/11/2026 23:35,21.08,134.274
####,8/11/2026 23:50,20.82,134.302
####,8/12/2026 0:05,20.76,133.948
####,8/12/2026 0:20,20.73,133.25
####,8/12/2026 0:35,21,132.34
####,8/12/2026 0:50,21.4,131.303
####,8/12/2026 1:05,21.57,130.178
####,8/12/2026 1:20,21.87,128.893
####,8/12/2026 1:35,22.14,127.382
####,8/12/2026 1:50,22.59,125.532
####,8/12/2026 2:05,22.93,123.502
####,8/12/2026 2:20,23.4,121.69
####,8/12/2026 2:35,23.72,119.935
####,8/12/2026 2:50,23.98,118.21
####,8/12/2026 3:05,24.11,116.637
####,8/12/2026 3:20,24.21,115.12
####,8/12/2026 3:35,24.28,113.67
####,8/12/2026 3:50,24.28,112.319
####,8/12/2026 4:05,24.3,110.986
####,8/12/2026 4:20,24.29,109.77
####,8/12/2026 4:35,24.28,108.567
####,8/12/2026 4:50,24.26,107.415
####,8/12/2026 5:05,24.24,106.304
####,8/12/2026 5:20,24.22,105.269
####,8/12/2026 5:35,24.19,104.284
####,8/12/2026 5:50,24.15,103.365
####,8/12/2026 6:05,24.1,102.509
####,8/12/2026 6:20,24.05,101.723
####,8/12/2026 6:35,23.99,101.045
####,8/12/2026 6:50,22.41,100.661