#,Date-Time (EDT),"Temperature (W-DO 22531020), °C","Measured DO (W-DO 22531020), mg/L","Salinity-Adjusted DO (W-DO 22531020), mg/L","Temperature (W-CT 22526603), °C","Electrical Conductivity (W-CT 22526603), µS/cm","Specific Conductivity (W-CT 22526603), µS/cm","Salinity (W-CT 22526603), PSU","Total Dissolved Solids (W-CT 22526603), mg/L"
1,06/12/2026 11:43:45,28.97,7.53,7.53,26.65,0.0,0.0,0.01,0.00
2,06/12/2026 11:58:45,27.94,5.06,4.52,24.23,32190.2,32716.5,20.41,20923.62
3,06/12/2026 12:13:45,24.18,5.43,4.84,24.16,32033.7,32612.0,20.34,20821.92
4,06/12/2026 12:28:45,24.31,5.28,4.71,24.32,31858.7,32321.3,20.14,20708.18
5,06/12/2026 12:43:45,24.49,5.16,4.61,24.51,31434.6,31762.3,19.76,20432.46
6,06/12/2026 12:58:45,24.67,5.05,4.52,24.68,30949.2,31158.1,19.36,20116.98
7,06/12/2026 13:13:45,24.84,4.93,4.42,24.84,30519.5,30619.8,18.99,19837.70
8,06/12/2026 13:28:45,24.92,4.80,4.32,24.94,29994.9,30032.2,18.59,19496.71
9,06/12/2026 13:43:45,25.06,4.73,4.26,25.07,29554.3,29512.1,18.24,19210.28
10,06/12/2026 13:58:45,25.15,4.64,4.20,25.17,28798.2,28697.0,17.69,18718.86
11,06/12/2026 14:13:45,25.25,4.60,4.17,25.27,28316.3,28157.8,17.33,18405.62
12,06/12/2026 14:28:45,25.33,4.58,4.16,25.33,27832.8,27643.8,16.98,18091.35
13,06/12/2026 14:43:45,25.40,4.58,4.17,25.39,27281.4,27058.4,16.59,17732.93
14,06/12/2026 14:58:45,25.41,4.57,4.17,25.39,26620.9,26403.3,16.15,17303.58
15,06/12/2026 15:13:45,25.45,4.61,4.21,25.45,26220.7,25975.1,15.86,17043.42
16,06/12/2026 15:28:45,25.51,4.62,4.24,25.52,25664.5,25388.9,15.47,16681.91
17,06/12/2026 15:43:45,25.61,4.65,4.27,25.61,25193.1,24873.9,15.13,16375.54
18,06/12/2026 15:58:45,25.74,4.62,4.25,25.74,24678.5,24303.0,14.75,16041.00
19,06/12/2026 16:13:45,25.81,4.67,4.30,25.81,24314.1,23909.6,14.49,15804.16
20,06/12/2026 16:28:45,25.87,4.76,4.40,25.85,23838.2,23421.0,14.17,15494.82
21,06/12/2026 16:43:45,25.98,4.68,4.31,26.02,24373.0,23862.5,14.46,15842.43
22,06/12/2026 16:58:45,26.22,4.74,4.36,26.20,24794.5,24182.7,14.68,16116.40
23,06/12/2026 17:13:45,26.22,4.41,4.06,26.20,24834.8,24226.6,14.71,16142.61
24,06/12/2026 17:28:45,25.75,4.57,4.19,25.68,26019.2,25650.8,15.65,16912.51
25,06/12/2026 17:43:45,25.62,4.16,3.79,25.60,27069.8,26730.2,16.37,17595.38
26,06/12/2026 17:58:45,25.65,4.37,3.96,25.63,28469.7,28100.1,17.30,18505.28
27,06/12/2026 18:13:45,25.63,4.53,4.09,25.63,29369.9,28986.8,17.90,19090.42
28,06/12/2026 18:28:45,25.74,5.10,4.59,25.76,30991.0,30504.2,18.93,20144.18
29,06/12/2026 18:43:45,25.81,5.53,4.94,25.80,32624.1,32087.5,20.02,21205.68
30,06/12/2026 18:58:45,25.76,5.98,5.30,25.71,34494.1,33986.4,21.33,22421.17
31,06/12/2026 19:13:45,25.62,6.30,5.57,25.58,35429.2,35000.1,22.03,23028.96
32,06/12/2026 19:28:45,25.41,6.53,5.74,25.33,36516.7,36264.1,22.90,23735.87
33,06/12/2026 19:43:45,25.07,6.83,5.98,24.99,36920.9,36926.8,23.36,23998.56
34,06/12/2026 19:58:45,24.79,7.20,6.31,24.73,36792.7,37003.1,23.40,23915.23
35,06/12/2026 20:13:45,24.51,7.55,6.59,24.43,37131.3,37578.6,23.80,24135.33
36,06/12/2026 20:28:45,24.22,7.77,6.78,24.14,37205.7,37889.5,24.00,24183.68
37,06/12/2026 20:43:45,23.86,7.99,6.95,23.78,37347.4,38332.6,24.30,24275.83
38,06/12/2026 20:58:45,23.53,8.18,7.10,23.45,37381.7,38638.2,24.51,24298.08
39,06/12/2026 21:13:45,23.24,8.34,7.23,23.17,37492.2,38991.3,24.74,24369.92
40,06/12/2026 21:28:45,22.96,8.50,7.36,22.88,37521.9,39269.2,24.93,24389.25
41,06/12/2026 21:43:45,22.67,8.70,7.53,22.61,37317.8,39288.5,24.93,24256.60
42,06/12/2026 21:58:45,22.35,8.86,7.67,22.29,37040.7,39277.5,24.91,24076.46
43,06/12/2026 22:13:45,22.00,9.07,7.84,21.90,36934.5,39506.8,25.05,24007.42
44,06/12/2026 22:28:45,21.70,9.24,7.98,21.62,36789.5,39601.4,25.10,23913.20
45,06/12/2026 22:43:45,21.49,9.30,8.03,21.42,36681.0,39666.6,25.14,23842.66
46,06/12/2026 22:58:45,21.33,9.29,8.02,21.28,36615.3,39716.6,25.17,23799.92
47,06/12/2026 23:13:45,21.41,9.10,7.86,21.44,36693.7,39661.5,25.13,23850.89
48,06/12/2026 23:28:45,21.41,9.19,7.93,21.35,36660.9,39704.0,25.16,23829.56
49,06/12/2026 23:43:45,21.66,8.86,7.56,21.66,39626.9,42612.5,27.23,25757.47
50,06/12/2026 23:58:45,22.28,8.25,7.07,22.35,39420.3,41739.5,26.65,25623.17
51,06/13/2026 00:13:45,22.42,8.14,6.98,22.41,39461.7,41733.5,26.65,25650.12
52,06/13/2026 00:28:45,22.54,8.00,6.86,22.60,39416.1,41511.3,26.50,25620.48
53,06/13/2026 00:43:45,22.89,7.58,6.52,22.91,39285.3,41087.6,26.21,25535.41
54,06/13/2026 00:58:45,23.16,7.17,6.18,23.20,39064.2,40597.0,25.88,25391.76
55,06/13/2026 01:13:45,23.50,6.77,5.85,23.55,38770.8,39990.6,25.46,25201.04
56,06/13/2026 01:28:45,23.89,6.26,5.43,23.94,38190.7,39061.3,24.82,24823.98
57,06/13/2026 01:43:45,24.18,5.81,5.06,24.20,37568.0,38209.2,24.23,24419.19
58,06/13/2026 01:58:45,24.41,5.33,4.66,24.43,36597.8,37043.5,23.42,23788.60
59,06/13/2026 02:13:45,24.58,4.92,4.32,24.59,35682.4,35992.2,22.69,23193.57
60,06/13/2026 02:28:45,24.68,4.55,4.02,24.68,34665.0,34896.7,21.93,22532.22
61,06/13/2026 02:43:45,24.74,4.20,3.72,24.73,33613.7,33805.9,21.18,21848.88
62,06/13/2026 02:58:45,24.78,3.93,3.50,24.76,32616.4,32784.1,20.47,21200.65
63,06/13/2026 03:13:45,24.78,3.75,3.35,24.76,31836.1,31997.8,19.93,20693.48
64,06/13/2026 03:28:45,24.77,3.60,3.23,24.74,31062.8,31230.5,19.41,20190.80
65,06/13/2026 03:43:45,24.75,3.47,3.12,24.73,30191.1,30363.8,18.81,19624.24
66,06/13/2026 03:58:45,24.73,3.38,3.04,24.71,29452.8,29634.5,18.32,19144.33
67,06/13/2026 04:13:45,24.70,3.30,2.98,24.67,28819.3,29017.5,17.90,18732.56
68,06/13/2026 04:28:45,24.67,3.23,2.93,24.64,28033.5,28249.8,17.38,18221.79
69,06/13/2026 04:43:45,24.62,3.19,2.90,24.60,27442.5,27675.4,16.99,17837.63
70,06/13/2026 04:58:45,24.58,3.16,2.87,24.55,26965.1,27221.8,16.68,17527.28
71,06/13/2026 05:13:45,24.55,3.14,2.86,24.53,26489.8,26752.3,16.37,17218.38
72,06/13/2026 05:28:45,24.51,3.14,2.86,24.49,25978.6,26257.9,16.04,16886.09
73,06/13/2026 05:43:45,24.49,3.12,2.86,24.46,25414.4,25707.4,15.67,16519.37
74,06/13/2026 05:58:45,24.45,3.09,2.83,24.43,25020.1,25324.8,15.41,16263.09
75,06/13/2026 06:13:45,24.39,3.00,2.74,24.34,25582.9,25942.7,15.82,16628.86
76,06/13/2026 06:28:45,24.36,3.00,2.75,24.33,25309.6,25670.5,15.64,16451.26
77,06/13/2026 06:43:45,24.35,2.88,2.63,24.36,25739.7,26089.9,15.92,16730.78
78,06/13/2026 06:58:45,24.41,2.99,2.72,24.40,26641.2,26982.9,16.52,17316.78
79,06/13/2026 07:13:45,24.42,2.90,2.63,24.39,27760.5,28118.4,17.28,18044.35
80,06/13/2026 07:28:45,24.40,2.95,2.67,24.37,28567.1,28952.1,17.85,18568.59
81,06/13/2026 07:43:45,24.27,3.28,2.95,24.23,29512.6,29998.9,18.55,19183.17
82,06/13/2026 07:58:45,24.11,3.60,3.21,24.05,31429.4,32067.0,19.96,20429.12
83,06/13/2026 08:13:45,23.90,3.87,3.44,23.85,32702.4,33512.9,20.95,21256.54
84,06/13/2026 08:28:45,23.72,4.13,3.66,23.67,32904.5,33849.3,21.18,21387.96
85,06/13/2026 08:43:45,23.59,4.33,3.82,23.54,33426.7,34480.6,21.61,21727.38
86,06/13/2026 08:58:45,23.40,4.68,4.13,23.34,33689.3,34903.7,21.90,21898.06
87,06/13/2026 09:13:45,23.12,5.14,4.53,23.04,33769.5,35216.7,22.10,21950.18
88,06/13/2026 09:28:45,22.84,5.51,4.84,22.79,34255.8,35924.4,22.58,22266.30
89,06/13/2026 09:43:45,22.64,5.82,5.11,22.59,34329.8,36161.8,22.74,22314.34
90,06/13/2026 09:58:45,22.49,6.00,5.26,22.46,34532.7,36479.4,22.96,22446.23
91,06/13/2026 10:13:45,22.37,6.16,5.39,22.34,34616.1,36662.4,23.08,22500.45
92,06/13/2026 10:28:45,22.29,6.28,5.49,22.26,34669.4,36787.5,23.16,22535.14
93,06/13/2026 10:43:45,22.22,6.34,5.54,22.19,34710.9,36885.5,23.23,22562.05
94,06/13/2026 10:58:45,22.17,6.45,5.64,22.15,34753.0,36967.3,23.28,22589.43
95,06/13/2026 11:13:45,22.19,5.98,5.23,22.18,34724.5,36909.9,23.24,22570.95
96,06/13/2026 11:28:45,22.26,6.20,5.41,22.27,34850.9,36972.7,23.29,22653.10
97,06/13/2026 11:43:45,22.50,6.59,5.70,22.70,37664.6,39580.2,25.14,24481.99
98,06/13/2026 11:58:45,23.00,6.41,5.54,23.01,38340.5,40015.1,25.46,24921.32
99,06/13/2026 12:13:45,23.11,6.17,5.34,23.08,38001.9,39599.3,25.17,24701.25
100,06/13/2026 12:28:45,23.32,6.04,5.24,23.33,37712.7,39084.8,24.81,24513.24
101,06/13/2026 12:43:45,23.46,5.89,5.11,23.48,37413.0,38650.4,24.51,24318.46
102,06/13/2026 12:58:45,23.67,5.55,4.83,23.70,36802.0,37831.6,23.95,23921.28
103,06/13/2026 13:13:45,23.88,5.24,4.59,23.89,36207.1,37068.5,23.42,23534.65
104,06/13/2026 13:28:45,24.04,5.05,4.43,24.07,35678.6,36393.1,22.95,23191.11
105,06/13/2026 13:43:45,24.29,4.95,4.36,24.32,34997.0,35502.8,22.34,22748.02
106,06/13/2026 13:58:45,24.49,4.75,4.19,24.50,34205.1,34566.2,21.70,22233.32
107,06/13/2026 14:13:45,24.66,4.58,4.06,24.67,33513.6,33748.4,21.14,21783.86
108,06/13/2026 14:28:45,24.81,4.49,3.99,24.82,32869.8,32994.6,20.62,21365.37
109,06/13/2026 14:43:45,24.97,4.38,3.91,24.99,32203.3,32210.6,20.08,20932.17
110,06/13/2026 14:58:45,25.11,4.31,3.85,25.12,31523.1,31444.1,19.56,20489.98
111,06/13/2026 15:13:45,25.22,4.24,3.80,25.23,30902.7,30753.1,19.09,20086.75
112,06/13/2026 15:28:45,25.33,4.18,3.76,25.31,30235.5,30041.5,18.61,19653.07
113,06/13/2026 15:43:45,25.39,4.15,3.74,25.40,29645.9,29401.7,18.17,19269.82
114,06/13/2026 15:58:45,25.49,4.08,3.69,25.49,28793.7,28502.5,17.57,18715.89
115,06/13/2026 16:13:45,25.62,4.09,3.71,25.63,28060.6,27694.6,17.02,18239.40
116,06/13/2026 16:28:45,25.71,4.07,3.71,25.70,27519.8,27121.6,16.64,17887.87
117,06/13/2026 16:43:45,25.78,4.05,3.70,25.77,27039.8,26610.0,16.29,17575.88
118,06/13/2026 16:58:45,25.85,4.06,3.71,25.84,26584.6,26122.6,15.97,17279.98
119,06/13/2026 17:13:45,25.89,4.08,3.74,25.87,26026.4,25559.7,15.59,16917.17
120,06/13/2026 17:28:45,25.89,4.09,3.76,25.88,25513.3,25051.0,15.25,16583.63
121,06/13/2026 17:43:45,25.93,4.12,3.79,25.92,25083.2,24608.7,14.96,16304.09
122,06/13/2026 17:58:45,26.10,4.04,3.70,26.08,26171.6,25593.0,15.62,17011.56
123,06/13/2026 18:13:45,26.08,3.65,3.34,26.06,26074.6,25507.7,15.56,16948.50
124,06/13/2026 18:28:45,25.79,3.86,3.53,25.73,26918.4,26512.2,16.23,17496.94
125,06/13/2026 18:43:45,25.69,3.66,3.32,25.66,27710.8,27333.9,16.78,18012.01
126,06/13/2026 18:58:45,25.63,3.83,3.47,25.60,28909.8,28548.9,17.60,18791.36
127,06/13/2026 19:13:45,25.56,4.03,3.63,25.53,30020.6,29688.9,18.37,19513.38
128,06/13/2026 19:28:45,25.48,4.59,4.12,25.45,30831.9,30541.3,18.95,20040.73
129,06/13/2026 19:43:45,25.38,5.10,4.55,25.36,32765.2,32522.0,20.31,21297.37
130,06/13/2026 19:58:45,25.26,5.48,4.87,25.21,33701.3,33553.0,21.02,21905.86
131,06/13/2026 20:13:45,25.09,5.77,5.10,25.04,34287.4,34258.0,21.50,22286.78
132,06/13/2026 20:28:45,24.81,6.11,5.38,24.74,35541.6,35740.4,22.52,23102.05
133,06/13/2026 20:43:45,24.51,6.49,5.68,24.44,36681.9,37121.5,23.48,23843.26
134,06/13/2026 20:58:45,24.26,6.91,6.06,24.20,35997.3,36611.7,23.11,23398.23
135,06/13/2026 21:13:45,24.04,7.16,6.27,23.98,35974.7,36761.5,23.21,23383.56
136,06/13/2026 21:28:45,23.81,7.36,6.44,23.77,35903.8,36858.1,23.27,23337.44
137,06/13/2026 21:43:45,23.55,7.56,6.59,23.49,36835.4,38043.7,24.09,23942.98
138,06/13/2026 21:58:45,23.32,7.74,6.73,23.26,36962.1,38364.6,24.31,24025.38
139,06/13/2026 22:13:45,23.09,7.94,6.89,23.04,37223.7,38819.0,24.62,24195.42
140,06/13/2026 22:28:45,22.87,8.15,7.06,22.80,37226.6,39029.6,24.75,24197.28
141,06/13/2026 22:43:45,22.58,8.36,7.23,22.52,37565.2,39632.9,25.17,24417.40
142,06/13/2026 22:58:45,22.29,8.61,7.44,22.24,37476.9,39782.4,25.26,24360.00
143,06/13/2026 23:13:45,22.11,8.80,7.60,22.06,37256.5,39709.9,25.20,24216.70
144,06/13/2026 23:28:45,21.91,8.97,7.75,21.86,36888.1,39494.2,25.04,23977.25
145,06/13/2026 23:43:45,21.71,9.14,7.90,21.63,36531.5,39313.1,24.90,23745.50
146,06/13/2026 23:58:45,21.56,9.21,7.97,21.49,36326.1,39219.0,24.83,23611.95
147,06/14/2026 00:13:45,21.55,9.05,7.83,21.48,36408.6,39310.7,24.89,23665.56
148,06/14/2026 00:28:45,21.34,9.30,7.96,21.34,38564.2,41776.7,26.62,25066.72
149,06/14/2026 00:43:45,21.63,8.84,7.58,21.60,38572.7,41534.9,26.46,25072.26
150,06/14/2026 00:58:45,22.01,8.21,7.02,22.05,39532.3,42138.4,26.91,25696.02
151,06/14/2026 01:13:45,22.09,8.20,7.01,22.05,39573.3,42187.8,26.95,25722.65
152,06/14/2026 01:28:45,22.18,7.91,6.77,22.19,39557.8,42038.9,26.85,25712.56
153,06/14/2026 01:43:45,22.44,7.41,6.38,22.47,38402.5,40553.9,25.81,24961.63
154,06/14/2026 01:58:45,22.71,6.95,5.97,22.73,39330.2,41300.5,26.35,25564.63
155,06/14/2026 02:13:45,22.94,6.53,5.62,22.98,39105.5,40840.4,26.04,25418.58
156,06/14/2026 02:28:45,23.22,6.08,5.25,23.24,38623.6,40104.9,25.53,25105.35
157,06/14/2026 02:43:45,23.43,5.68,4.92,23.45,38063.8,39348.4,25.00,24741.46
158,06/14/2026 02:58:45,23.60,5.26,4.57,23.61,37466.7,38595.1,24.48,24353.34
159,06/14/2026 03:13:45,23.76,4.85,4.23,23.77,36584.5,37554.5,23.76,23779.95
160,06/14/2026 03:28:45,23.87,4.46,3.90,23.88,35720.2,36584.1,23.08,23218.11
161,06/14/2026 03:43:45,23.95,4.13,3.63,23.95,34810.4,35597.1,22.40,22626.79
162,06/14/2026 03:58:45,24.03,3.85,3.40,24.02,33844.2,34553.1,21.67,21998.73
163,06/14/2026 04:13:45,24.08,3.63,3.22,24.06,32947.8,33611.8,21.02,21416.04
164,06/14/2026 04:28:45,24.11,3.47,3.09,24.10,32271.0,32895.9,20.53,20976.14
165,06/14/2026 04:43:45,24.13,3.34,2.98,24.11,31636.7,32236.9,20.08,20563.88
166,06/14/2026 04:58:45,24.15,3.23,2.89,24.13,30973.4,31548.8,19.61,20132.73
167,06/14/2026 05:13:45,24.14,3.15,2.82,24.13,30394.5,30961.1,19.21,19756.41
168,06/14/2026 05:28:45,24.15,3.08,2.76,24.13,29818.3,30370.3,18.80,19381.88
169,06/14/2026 05:43:45,24.16,2.99,2.70,24.15,29090.4,29621.3,18.30,18908.78
170,06/14/2026 05:58:45,24.17,2.94,2.65,24.16,28514.8,29029.5,17.89,18534.59
171,06/14/2026 06:13:45,24.18,2.90,2.62,24.16,28063.7,28568.4,17.58,18241.37
172,06/14/2026 06:28:45,24.19,2.90,2.63,24.17,27632.3,28123.8,17.28,17960.98
173,06/14/2026 06:43:45,24.19,2.91,2.64,24.17,27145.0,27626.1,16.95,17644.26
174,06/14/2026 06:58:45,24.22,2.91,2.65,24.19,26655.0,27115.2,16.60,17325.73
175,06/14/2026 07:13:45,24.24,2.95,2.69,24.22,26382.1,26820.3,16.41,17148.38
176,06/14/2026 07:28:45,24.30,3.08,2.80,24.29,26942.0,27352.5,16.77,17512.27
177,06/14/2026 07:43:45,24.36,3.11,2.83,24.35,26750.0,27121.0,16.61,17387.51
178,06/14/2026 07:58:45,24.31,3.02,2.74,24.28,27381.2,27802.0,17.07,17797.79
179,06/14/2026 08:13:45,24.17,2.77,2.50,24.13,28473.7,29000.8,17.87,18507.90
180,06/14/2026 08:28:45,24.15,2.89,2.60,24.12,29143.4,29690.5,18.34,18943.18
181,06/14/2026 08:43:45,24.08,3.10,2.78,24.04,30101.0,30717.6,19.04,19565.63
182,06/14/2026 08:58:45,23.99,3.39,3.02,23.94,31436.3,32150.8,20.02,20433.60
183,06/14/2026 09:13:45,23.81,3.59,3.18,23.75,32710.7,33593.2,21.00,21261.97
184,06/14/2026 09:28:45,23.67,3.80,3.37,23.65,33016.6,33982.3,21.27,21460.80
185,06/14/2026 09:43:45,23.56,3.95,3.50,23.51,33089.5,34161.6,21.39,21508.17
186,06/14/2026 09:58:45,23.36,4.24,3.74,23.30,33760.1,35011.3,21.97,21944.04
187,06/14/2026 10:13:45,23.16,4.61,4.06,23.11,33826.8,35225.5,22.11,21987.39
188,06/14/2026 10:28:45,22.97,4.98,4.38,22.92,33784.4,35325.0,22.17,21959.84
189,06/14/2026 10:43:45,22.83,5.25,4.62,22.79,33913.6,35560.8,22.33,22043.85
190,06/14/2026 10:58:45,22.71,5.50,4.83,22.67,34088.8,35841.5,22.52,22157.71
191,06/14/2026 11:13:45,22.64,5.68,4.98,22.61,34242.6,36055.6,22.67,22257.68
192,06/14/2026 11:28:45,22.57,5.84,5.12,22.55,34232.0,36092.3,22.69,22250.82
193,06/14/2026 11:43:45,22.51,5.92,5.19,22.49,34250.4,36152.4,22.73,22262.73
194,06/14/2026 11:58:45,22.48,6.01,5.27,22.46,34282.2,36217.3,22.77,22283.45
195,06/14/2026 12:13:45,22.54,5.79,5.07,22.54,34318.8,36188.6,22.76,22307.20
196,06/14/2026 12:28:45,22.56,5.75,5.04,22.55,34336.3,36197.4,22.76,22318.58
197,06/14/2026 12:43:45,22.55,6.16,5.39,22.61,34763.6,36601.8,23.05,22596.32
198,06/14/2026 12:58:45,23.04,5.93,5.12,22.97,38735.0,40464.1,25.77,25177.72
199,06/14/2026 13:13:45,23.61,5.85,5.06,23.61,38445.5,39600.8,25.19,24989.57
200,06/14/2026 13:28:45,23.26,5.70,4.93,23.34,38424.7,39809.8,25.33,24976.07
201,06/14/2026 13:43:45,23.60,5.64,4.88,23.66,38269.9,39379.0,25.03,24875.41
202,06/14/2026 13:58:45,23.67,5.24,4.55,23.66,37641.8,38735.2,24.58,24467.15
203,06/14/2026 14:13:45,23.74,4.95,4.31,23.75,37093.6,38091.9,24.13,24110.86
204,06/14/2026 14:28:45,23.88,4.71,4.12,23.89,36565.3,37440.0,23.68,23767.43
205,06/14/2026 14:43:45,24.06,4.49,3.93,24.07,35920.2,36632.4,23.12,23348.15
206,06/14/2026 14:58:45,24.22,4.31,3.79,24.23,35312.6,35892.2,22.61,22953.18
207,06/14/2026 15:13:45,24.38,4.16,3.67,24.38,34583.2,35038.1,22.02,22479.10
208,06/14/2026 15:28:45,24.49,4.02,3.56,24.49,33905.9,34270.4,21.49,22038.84
209,06/14/2026 15:43:45,24.60,3.95,3.50,24.61,33200.5,33475.9,20.95,21580.35
210,06/14/2026 15:58:45,24.71,3.87,3.44,24.71,32536.8,32735.4,20.44,21148.91
211,06/14/2026 16:13:45,24.81,3.84,3.43,24.81,31909.8,32035.1,19.96,20741.39
212,06/14/2026 16:28:45,24.90,3.79,3.40,24.90,31350.6,31417.5,19.54,20377.87
213,06/14/2026 16:43:45,24.98,3.78,3.39,24.98,30758.8,30771.5,19.10,19993.20
214,06/14/2026 16:58:45,25.03,3.74,3.36,25.02,30134.8,30122.4,18.66,19587.61
215,06/14/2026 17:13:45,25.07,3.73,3.36,25.06,29463.8,29429.2,18.19,19151.44
216,06/14/2026 17:28:45,25.09,3.65,3.30,25.08,28846.5,28798.0,17.76,18750.21
217,06/14/2026 17:43:45,25.11,3.60,3.27,25.10,28364.8,28306.3,17.43,18437.11
218,06/14/2026 17:58:45,25.14,3.57,3.24,25.13,27797.0,27720.3,17.03,18068.03
219,06/14/2026 18:13:45,25.17,3.55,3.23,25.16,27324.6,27235.4,16.70,17760.98
220,06/14/2026 18:28:45,25.17,3.43,3.13,25.16,26886.5,26798.8,16.41,17476.24
221,06/14/2026 18:43:45,25.16,3.35,3.06,25.14,26558.6,26482.0,16.20,17263.06
222,06/14/2026 18:58:45,25.06,3.07,2.79,25.02,27059.3,27049.9,16.58,17588.57
223,06/14/2026 19:13:45,25.02,2.87,2.62,25.01,27023.9,27019.6,16.56,17565.50
224,06/14/2026 19:28:45,25.05,3.35,3.04,25.04,28333.8,28307.7,17.43,18416.95
225,06/14/2026 19:43:45,25.05,3.16,2.86,25.03,29020.6,29001.3,17.89,18863.38
226,06/14/2026 19:58:45,25.01,3.27,2.95,24.98,30009.8,30022.3,18.59,19506.38
227,06/14/2026 20:13:45,24.91,3.50,3.14,24.85,30896.5,30992.1,19.25,20082.74
228,06/14/2026 20:28:45,24.69,3.94,3.51,24.61,32395.1,32659.7,20.38,21056.84
229,06/14/2026 20:43:45,24.48,4.34,3.83,24.43,34380.7,34797.2,21.86,22347.47
230,06/14/2026 20:58:45,24.28,4.73,4.17,24.22,34511.6,35082.6,22.05,22432.56
231,06/14/2026 21:13:45,24.13,4.99,4.40,24.08,34229.8,34901.7,21.92,22249.36
232,06/14/2026 21:28:45,23.93,5.35,4.73,23.87,33307.5,34115.3,21.37,21649.88
233,06/14/2026 21:43:45,23.67,5.73,5.07,23.60,33435.0,34451.0,21.59,21732.75
234,06/14/2026 21:58:45,23.39,6.09,5.37,23.33,33857.9,35092.1,22.03,22007.65
235,06/14/2026 22:13:45,23.20,6.31,5.56,23.15,33916.2,35286.2,22.15,22045.53
236,06/14/2026 22:28:45,23.06,6.54,5.75,23.01,34009.9,35490.7,22.29,22106.43
237,06/14/2026 22:43:45,22.92,6.68,5.86,22.89,34571.7,36174.5,22.76,22471.62
238,06/14/2026 22:58:45,22.81,6.94,5.98,22.77,38512.7,40407.2,25.72,25033.23
239,06/14/2026 23:13:45,22.66,7.17,6.17,22.62,38869.1,40916.3,26.08,25264.92
240,06/14/2026 23:28:45,22.43,7.47,6.41,22.36,39127.5,41421.3,26.42,25432.89
241,06/14/2026 23:43:45,22.16,7.79,6.67,22.11,39100.5,41628.0,26.56,25415.34
242,06/14/2026 23:58:45,22.02,8.00,6.86,21.96,38968.5,41626.6,26.55,25329.54
243,06/15/2026 00:13:45,21.78,8.30,7.10,21.68,39143.1,42078.1,26.85,25443.00
244,06/15/2026 00:28:45,21.41,8.62,7.37,21.33,38870.6,42117.2,26.86,25265.91
245,06/15/2026 00:43:45,21.13,8.85,7.56,21.04,38737.1,42247.8,26.94,25179.13
246,06/15/2026 00:58:45,20.92,8.95,7.65,20.86,38507.9,42176.3,26.88,25030.13
247,06/15/2026 01:13:45,21.00,8.67,7.41,20.92,38588.5,42203.8,26.90,25082.51
248,06/15/2026 01:28:45,20.74,8.98,7.66,20.73,38624.5,42429.1,27.05,25105.94
249,06/15/2026 01:43:45,21.18,8.29,7.08,21.21,38774.1,42129.9,26.86,25203.17
250,06/15/2026 01:58:45,21.42,7.95,6.80,21.42,38919.9,42079.2,26.84,25297.94
251,06/15/2026 02:13:45,21.46,7.83,6.70,21.45,38911.2,42047.0,26.82,25292.27
252,06/15/2026 02:28:45,21.59,7.61,6.52,21.59,38920.3,41926.2,26.74,25298.18
253,06/15/2026 02:43:45,21.80,7.20,6.17,21.80,38935.1,41736.4,26.62,25307.83
254,06/15/2026 02:58:45,21.99,6.78,5.81,22.01,38750.3,41343.6,26.35,25187.72
255,06/15/2026 03:13:45,22.21,6.29,5.40,22.24,38728.7,41114.0,26.20,25173.68
256,06/15/2026 03:28:45,22.44,5.80,4.99,22.46,38428.9,40590.0,25.84,24978.82
257,06/15/2026 03:43:45,22.61,5.38,4.64,22.64,37940.6,39923.0,25.38,24661.39
258,06/15/2026 03:58:45,22.75,5.04,4.37,22.76,37517.4,39368.2,24.99,24386.29
259,06/15/2026 04:13:45,22.89,4.66,4.05,22.90,36927.4,38629.2,24.48,24002.78
260,06/15/2026 04:28:45,23.02,4.29,3.74,23.03,36259.4,37823.3,23.92,23568.60
261,06/15/2026 04:43:45,23.14,3.97,3.47,23.14,35537.7,36985.4,23.34,23099.50
262,06/15/2026 04:58:45,23.24,3.72,3.26,23.24,34781.2,36115.2,22.73,22607.79
263,06/15/2026 05:13:45,23.32,3.52,3.10,23.32,34108.8,35356.8,22.21,22170.74
264,06/15/2026 05:28:45,23.41,3.36,2.96,23.40,33433.9,34596.1,21.68,21732.01
265,06/15/2026 05:43:45,23.47,3.21,2.85,23.47,32794.6,33883.7,21.19,21316.50
266,06/15/2026 05:58:45,23.53,3.11,2.76,23.52,32211.8,33244.6,20.76,20937.64
267,06/15/2026 06:13:45,23.56,3.04,2.71,23.55,31735.1,32733.5,20.40,20627.79
268,06/15/2026 06:28:45,23.61,2.96,2.63,23.60,31257.8,32201.3,20.04,20317.56
269,06/15/2026 06:43:45,23.66,2.91,2.60,23.65,30663.0,31557.8,19.60,19930.93
270,06/15/2026 06:58:45,23.71,2.89,2.59,23.70,30110.9,30955.4,19.19,19572.09
271,06/15/2026 07:13:45,23.77,2.85,2.56,23.76,29538.6,30325.6,18.76,19200.06
272,06/15/2026 07:28:45,23.79,2.81,2.53,23.78,29026.3,29788.1,18.40,18867.07
273,06/15/2026 07:43:45,23.82,2.87,2.58,23.81,28719.6,29454.3,18.17,18667.75
274,06/15/2026 07:58:45,23.89,2.91,2.63,23.88,28396.8,29081.7,17.92,18457.92
275,06/15/2026 08:13:45,23.96,2.94,2.66,23.95,28102.3,28735.5,17.69,18266.53
276,06/15/2026 08:28:45,23.97,3.07,2.77,23.94,28839.6,29493.2,18.20,18745.75
277,06/15/2026 08:43:45,24.00,3.04,2.74,24.00,28689.9,29304.1,18.08,18648.43
278,06/15/2026 08:58:45,23.97,3.03,2.73,23.92,28888.0,29559.9,18.25,18777.23
279,06/15/2026 09:13:45,23.79,2.76,2.47,23.76,29832.1,30629.0,18.97,19390.88
280,06/15/2026 09:28:45,23.73,2.79,2.50,23.71,30577.1,31430.5,19.52,19875.09
281,06/15/2026 09:43:45,23.68,3.05,2.72,23.65,31570.8,32490.0,20.24,20521.05
282,06/15/2026 09:58:45,23.58,3.43,3.04,23.54,32697.4,33734.8,21.09,21253.29
283,06/15/2026 10:13:45,23.36,3.77,3.32,23.29,33703.9,34957.6,21.93,21907.53
284,06/15/2026 10:28:45,23.20,4.07,3.58,23.16,34352.0,35730.2,22.46,22328.77
285,06/15/2026 10:43:45,23.02,4.25,3.73,22.96,34911.3,36477.0,22.97,22692.37
286,06/15/2026 10:58:45,22.78,4.62,4.02,22.72,36062.6,37876.7,23.94,23440.72
287,06/15/2026 11:13:45,22.58,4.98,4.32,22.55,36747.1,38744.1,24.54,23885.61
288,06/15/2026 11:28:45,22.46,5.29,4.58,22.42,37110.4,39236.3,24.88,24121.73
289,06/15/2026 11:43:45,22.35,5.49,4.74,22.31,37709.4,39967.9,25.39,24511.09
290,06/15/2026 11:58:45,22.23,5.72,4.91,22.20,38802.7,41228.2,26.28,25221.74
291,06/15/2026 12:13:45,22.14,5.89,5.07,22.10,38194.9,40672.0,25.88,24826.71
292,06/15/2026 12:28:45,22.04,6.03,5.18,21.99,38259.8,40844.8,26.00,24868.85
293,06/15/2026 12:43:45,21.92,6.16,5.29,21.87,38312.8,41011.4,26.11,24903.34
294,06/15/2026 12:58:45,21.84,6.14,5.27,21.80,38625.9,41404.9,26.38,25106.84
295,06/15/2026 13:13:45,21.81,6.19,5.32,21.78,38224.2,40993.6,26.09,24845.74
296,06/15/2026 13:28:45,21.85,5.68,4.89,21.83,38212.4,40934.1,26.05,24838.09
297,06/15/2026 13:43:45,21.88,6.06,5.20,21.84,38481.5,41214.0,26.25,25012.96
298,06/15/2026 13:58:45,22.28,6.13,5.27,22.38,38406.5,40639.1,25.87,24964.20
299,06/15/2026 14:13:45,22.71,6.10,5.26,22.77,38405.7,40292.4,25.64,24963.70
300,06/15/2026 14:28:45,22.77,5.79,5.00,22.66,38179.4,40150.4,25.54,24816.61
301,06/15/2026 14:43:45,22.86,5.74,4.96,22.87,38086.0,39872.7,25.35,24755.87
302,06/15/2026 14:58:45,23.06,5.47,4.74,23.09,37725.2,39305.8,24.96,24521.38
303,06/15/2026 15:13:45,23.24,5.26,4.56,23.27,37389.9,38798.5,24.61,24303.42
304,06/15/2026 15:28:45,23.45,4.99,4.35,23.48,36875.7,38090.4,24.12,23969.21
305,06/15/2026 15:43:45,23.63,4.73,4.14,23.65,36254.0,37309.5,23.58,23565.10
306,06/15/2026 15:58:45,23.85,4.51,3.96,23.86,35667.8,36544.7,23.05,23184.10
307,06/15/2026 16:13:45,23.99,4.33,3.80,24.01,35126.0,35873.4,22.59,22831.92
308,06/15/2026 16:28:45,24.17,4.17,3.68,24.17,34539.2,35149.2,22.09,22450.50
309,06/15/2026 16:43:45,24.31,4.06,3.59,24.32,34033.7,34525.6,21.66,22121.89
310,06/15/2026 16:58:45,24.43,3.96,3.51,24.43,33443.5,33846.4,21.20,21738.28
311,06/15/2026 17:13:45,24.54,3.89,3.45,24.54,32892.8,33212.3,20.76,21380.31
312,06/15/2026 17:28:45,24.64,3.79,3.38,24.65,32386.0,32627.5,20.36,21050.89
313,06/15/2026 17:43:45,24.74,3.74,3.34,24.73,31819.0,32003.1,19.94,20682.37
314,06/15/2026 17:58:45,24.81,3.67,3.29,24.81,31248.5,31375.2,19.51,20311.55
315,06/15/2026 18:13:45,24.86,3.63,3.25,24.84,30774.0,30879.1,19.17,20003.12
316,06/15/2026 18:28:45,24.85,3.55,3.19,24.83,30289.8,30399.0,18.84,19688.35
317,06/15/2026 18:43:45,24.84,3.49,3.14,24.82,29726.2,29837.2,18.46,19322.03
318,06/15/2026 18:58:45,24.83,3.46,3.12,24.81,29246.4,29364.9,18.14,19010.15
319,06/15/2026 19:13:45,24.81,3.45,3.12,24.80,28726.4,28846.5,17.78,18672.15
320,06/15/2026 19:28:45,24.80,3.36,3.04,24.78,28310.5,28439.7,17.51,18401.80
321,06/15/2026 19:43:45,24.77,3.26,2.96,24.74,28010.1,28164.9,17.32,18206.57
322,06/15/2026 19:58:45,24.62,2.99,2.70,24.58,28426.4,28678.7,17.67,18477.19
323,06/15/2026 20:13:45,24.55,2.39,2.16,24.54,28361.6,28639.0,17.64,18435.06
324,06/15/2026 20:28:45,24.62,3.16,2.85,24.62,29085.5,29321.1,18.10,18905.59
325,06/15/2026 20:43:45,24.70,3.18,2.85,24.68,30520.3,30724.3,19.06,19838.21
326,06/15/2026 20:58:45,24.63,3.41,3.05,24.61,31314.0,31573.8,19.64,20354.13
327,06/15/2026 21:13:45,24.49,3.67,3.27,24.42,31791.0,32184.4,20.05,20664.17
328,06/15/2026 21:28:45,24.20,4.08,3.61,24.13,33444.2,34067.7,21.34,21738.75
329,06/15/2026 21:43:45,23.97,4.50,3.96,23.91,34466.8,35275.3,22.17,22403.43
330,06/15/2026 21:58:45,23.71,4.88,4.28,23.65,35163.4,36191.8,22.80,22856.18
331,06/15/2026 22:13:45,23.54,5.14,4.50,23.48,35798.5,36980.2,23.34,23269.05
332,06/15/2026 22:28:45,23.29,5.52,4.80,23.22,36992.2,38431.1,24.35,24044.93
333,06/15/2026 22:43:45,22.94,5.96,5.29,22.84,32089.4,33614.8,20.99,20858.13
334,06/15/2026 22:58:45,22.57,6.31,5.49,22.50,35804.8,37788.2,23.87,23273.14
335,06/15/2026 23:13:45,22.33,6.55,5.70,22.26,36144.4,38350.1,24.25,23493.88
336,06/15/2026 23:28:45,22.08,6.80,5.94,22.00,34813.0,37155.2,23.41,22628.47
337,06/15/2026 23:43:45,21.85,7.04,6.19,21.78,33012.0,35403.8,22.18,21457.83
338,06/15/2026 23:58:45,21.61,7.38,6.44,21.52,34551.5,37272.9,23.47,22458.49
339,06/16/2026 00:13:45,21.33,7.68,6.70,21.23,34263.0,37205.6,23.41,22270.95
340,06/16/2026 00:28:45,20.92,8.06,6.96,20.80,36080.4,39566.3,25.04,23452.25
341,06/16/2026 00:43:45,20.53,8.37,7.30,20.43,33423.4,36974.8,23.21,21725.24
342,06/16/2026 00:58:45,20.19,8.63,7.53,20.09,33284.4,37111.1,23.29,21634.87
343,06/16/2026 01:13:45,19.77,8.91,7.64,19.65,36421.7,41035.0,26.00,23674.13
344,06/16/2026 01:28:45,19.28,9.17,7.82,19.19,37233.1,42408.7,26.93,24201.54
345,06/16/2026 01:43:45,18.90,9.34,7.92,18.80,37964.0,43644.7,27.78,24676.62
346,06/16/2026 01:58:45,18.69,9.24,8.01,18.64,33214.9,38336.2,24.05,21589.68
347,06/16/2026 02:13:45,18.81,9.23,7.80,18.78,38627.6,44429.9,28.33,25107.95
348,06/16/2026 02:28:45,18.85,9.16,7.78,18.92,37526.5,43018.2,27.34,24392.24
349,06/16/2026 02:43:45,19.37,8.63,7.37,19.44,36930.4,41817.1,26.53,24004.78
350,06/16/2026 02:58:45,19.83,8.21,7.00,19.82,37786.0,42396.0,26.97,24560.88
351,06/16/2026 03:13:45,19.85,8.11,6.93,19.85,37289.3,41809.4,26.56,24238.05
352,06/16/2026 03:28:45,20.11,7.78,6.70,20.10,36077.1,40210.8,25.45,23450.13
353,06/16/2026 03:43:45,20.38,7.35,6.32,20.39,36613.7,40537.7,25.69,23798.90
354,06/16/2026 03:58:45,20.62,6.90,5.88,20.66,38578.4,42451.4,27.06,25075.98
355,06/16/2026 04:13:45,20.93,6.39,5.52,20.95,36306.9,39681.3,25.12,23599.45
356,06/16/2026 04:28:45,21.20,5.93,5.15,21.22,35466.2,38522.6,24.33,23053.04
357,06/16/2026 04:43:45,21.40,5.56,4.82,21.41,35585.1,38484.2,24.31,23130.34
358,06/16/2026 04:58:45,21.58,5.19,4.48,21.59,36748.1,39586.3,25.09,23886.29
359,06/16/2026 05:13:45,21.73,4.81,4.17,21.74,36255.7,38921.7,24.63,23566.19
360,06/16/2026 05:28:45,21.89,4.41,3.84,21.89,35604.1,38088.8,24.05,23142.64
361,06/16/2026 05:43:45,22.02,4.09,3.57,22.02,34897.1,37230.0,23.46,22683.13
362,06/16/2026 05:58:45,22.11,3.87,3.39,22.11,34291.1,36507.7,22.96,22289.24
363,06/16/2026 06:13:45,22.20,3.68,3.23,22.19,33642.1,35749.8,22.44,21867.34
364,06/16/2026 06:28:45,22.28,3.52,3.10,22.29,33058.4,35057.0,21.96,21487.97
365,06/16/2026 06:43:45,22.35,3.41,3.01,22.34,32582.9,34509.1,21.59,21178.87
366,06/16/2026 06:58:45,22.41,3.32,2.94,22.40,32112.5,33965.7,21.21,20873.13
367,06/16/2026 07:13:45,22.47,3.25,2.88,22.46,31672.9,33454.0,20.86,20587.38
368,06/16/2026 07:28:45,22.54,3.19,2.83,22.54,31203.3,32901.2,20.49,20282.18
369,06/16/2026 07:43:45,22.60,3.17,2.82,22.60,30832.3,32469.1,20.19,20040.99
370,06/16/2026 07:58:45,22.68,3.11,2.77,22.68,30344.4,31896.1,19.80,19723.85
371,06/16/2026 08:13:45,22.76,3.18,2.84,22.76,29933.3,31410.0,19.47,19456.67
372,06/16/2026 08:28:45,22.84,3.14,2.81,22.83,29442.9,30846.5,19.09,19137.88
373,06/16/2026 08:43:45,22.91,3.17,2.84,22.91,29008.2,30341.1,18.75,18855.35
374,06/16/2026 08:58:45,23.01,3.20,2.88,23.01,28779.5,30034.6,18.55,18706.68
375,06/16/2026 09:13:45,23.12,3.17,2.86,23.13,28576.8,29746.8,18.35,18574.94
376,06/16/2026 09:28:45,23.33,3.70,3.32,23.36,29356.7,30401.0,18.80,19081.88
377,06/16/2026 09:43:45,23.45,3.58,3.21,23.43,29223.4,30217.6,18.68,18995.24
378,06/16/2026 09:58:45,23.25,3.41,3.06,23.09,29328.1,30552.8,18.90,19063.24
379,06/16/2026 10:13:45,22.82,3.06,2.73,22.73,29953.0,31449.3,19.50,19469.43
380,06/16/2026 10:28:45,22.76,3.20,2.85,22.73,30803.6,32344.6,20.11,20022.37
381,06/16/2026 10:43:45,22.70,3.50,3.10,22.67,31681.5,33314.8,20.78,20592.96
382,06/16/2026 10:58:45,22.58,3.99,3.52,22.52,32567.1,34355.1,21.49,21168.58
383,06/16/2026 11:13:45,22.30,4.29,3.77,22.23,33520.1,35589.3,22.33,21788.04
384,06/16/2026 11:28:45,22.15,4.57,4.00,22.09,34007.9,36223.2,22.76,22105.15
385,06/16/2026 11:43:45,21.88,4.70,4.10,21.80,34584.1,37072.3,23.34,22479.64
386,06/16/2026 11:58:45,21.53,5.09,4.44,21.45,34449.2,37222.9,23.43,22391.97
387,06/16/2026 12:13:45,21.29,5.56,4.81,21.22,36042.4,39148.5,24.76,23427.57
388,06/16/2026 12:28:45,21.10,5.93,5.12,21.04,36321.2,39612.9,25.08,23608.78
389,06/16/2026 12:43:45,20.94,6.14,5.30,20.89,36446.2,39893.6,25.27,23690.03
390,06/16/2026 12:58:45,20.80,6.31,5.44,20.75,36478.2,40049.3,25.37,23710.80
391,06/16/2026 13:13:45,20.69,6.44,5.54,20.65,36713.1,40407.1,25.62,23863.51
392,06/16/2026 13:28:45,20.56,6.60,5.67,20.50,36777.9,40615.5,25.75,23905.63
393,06/16/2026 13:43:45,20.44,6.73,5.78,20.39,36835.4,40780.3,25.86,23943.00
394,06/16/2026 13:58:45,20.43,6.76,5.81,20.40,36893.2,40835.8,25.90,23980.56
395,06/16/2026 14:13:45,20.45,6.75,5.79,20.42,36868.6,40788.9,25.87,23964.59
396,06/16/2026 14:28:45,20.50,6.56,5.64,20.46,36820.9,40699.4,25.81,23933.55
397,06/16/2026 14:43:45,20.43,6.82,5.86,20.40,36821.2,40759.0,25.85,23933.78
398,06/16/2026 14:58:45,21.25,6.72,5.79,21.31,37126.4,40249.1,25.54,24132.14
399,06/16/2026 15:13:45,21.43,6.50,5.61,21.43,37074.4,40078.5,25.43,24098.38
400,06/16/2026 15:28:45,21.46,6.35,5.48,21.51,36901.1,39821.0,25.25,23985.74
401,06/16/2026 15:43:45,21.60,6.20,5.35,21.60,37041.8,39891.9,25.30,24077.19
402,06/16/2026 15:58:45,21.77,5.89,5.09,21.76,36835.3,39522.7,25.05,23942.96
403,06/16/2026 16:13:45,21.93,5.65,4.90,21.94,36405.4,38906.9,24.63,23663.53
404,06/16/2026 16:28:45,22.16,5.35,4.65,22.19,35924.2,38177.4,24.13,23350.72
405,06/16/2026 16:43:45,22.41,5.10,4.45,22.45,35497.1,37508.1,23.67,23073.10
406,06/16/2026 16:58:45,22.62,4.88,4.26,22.64,35059.1,36890.9,23.25,22788.39
407,06/16/2026 17:13:45,22.80,4.71,4.14,22.82,33914.6,35540.8,22.32,22044.50
408,06/16/2026 17:28:45,22.96,4.58,4.02,22.96,34122.2,35650.1,22.40,22179.43
409,06/16/2026 17:43:45,23.10,4.42,3.89,23.11,33673.3,35068.0,22.00,21887.62
410,06/16/2026 17:58:45,23.21,4.31,3.81,23.23,32669.0,33933.1,21.22,21234.88
411,06/16/2026 18:13:45,23.32,4.18,3.70,23.33,32637.3,33827.0,21.15,21214.25
412,06/16/2026 18:28:45,23.40,4.04,3.58,23.40,32356.8,33483.7,20.92,21031.90
413,06/16/2026 18:43:45,23.45,3.95,3.51,23.44,31864.6,32944.3,20.55,20711.98
414,06/16/2026 18:58:45,23.49,3.86,3.44,23.48,31217.9,32248.3,20.07,20291.63
415,06/16/2026 19:13:45,23.53,3.75,3.35,23.51,30659.6,31648.9,19.66,19928.72
416,06/16/2026 19:28:45,23.55,3.68,3.29,23.53,30481.1,31452.3,19.53,19812.71
417,06/16/2026 19:43:45,23.56,3.64,3.26,23.54,30140.5,31094.8,19.28,19591.32
418,06/16/2026 19:58:45,23.56,3.60,3.23,23.54,29648.5,30589.2,18.94,19271.52
419,06/16/2026 20:13:45,23.54,3.56,3.20,23.53,29199.7,30132.0,18.63,18979.78
420,06/16/2026 20:28:45,23.54,3.54,3.19,23.51,28862.6,29795.9,18.40,18760.70
421,06/16/2026 20:43:45,23.51,3.42,3.08,23.48,28540.7,29482.8,18.18,18551.46
422,06/16/2026 20:58:45,23.34,2.96,2.66,23.33,29009.3,30062.8,18.57,18856.03
423,06/16/2026 21:13:45,23.31,2.85,2.56,23.28,28831.7,29910.0,18.47,18740.61
424,06/16/2026 21:28:45,23.38,3.40,3.05,23.40,29275.2,30294.8,18.73,19028.88
425,06/16/2026 21:43:45,23.41,3.44,3.10,23.40,28671.4,29666.1,18.31,18636.42
426,06/16/2026 21:58:45,23.38,3.57,3.18,23.35,30742.2,31846.1,19.79,19982.41
427,06/16/2026 22:13:45,23.24,3.82,3.41,23.17,30580.4,31801.1,19.75,19877.28
428,06/16/2026 22:28:45,22.91,4.27,3.77,22.82,32896.4,34476.1,21.58,21382.69
429,06/16/2026 22:43:45,22.65,4.65,4.09,22.59,33718.9,35518.4,22.29,21917.31
430,06/16/2026 22:58:45,22.38,4.99,4.37,22.32,34228.4,36273.6,22.81,22248.48
431,06/16/2026 23:13:45,22.21,5.28,4.63,22.17,34228.3,36392.2,22.88,22248.39
432,06/16/2026 23:28:45,21.99,5.68,4.99,21.90,32945.8,35237.9,22.07,21414.74
433,06/16/2026 23:43:45,21.61,6.09,5.27,21.52,36491.1,39370.5,24.93,23719.19
434,06/16/2026 23:58:45,21.29,6.39,5.55,21.21,35046.0,38079.2,24.02,22779.92
435,06/17/2026 00:13:45,21.05,6.67,5.75,20.98,36513.0,39882.0,25.27,23733.46
436,06/17/2026 00:28:45,20.84,6.91,5.90,20.78,38502.4,42245.6,26.92,25026.56
437,06/17/2026 00:43:45,20.69,7.17,6.18,20.64,36279.8,39938.5,25.29,23581.85
438,06/17/2026 00:58:45,20.59,7.42,6.41,20.53,35815.9,39528.5,24.99,23280.33
439,06/17/2026 01:13:45,20.42,7.69,6.63,20.34,35908.7,39801.3,25.17,23340.65
440,06/17/2026 01:28:45,20.16,8.01,6.90,20.09,35962.2,40096.7,25.37,23375.43
441,06/17/2026 01:43:45,19.95,8.23,7.08,19.89,36031.9,40365.6,25.54,23420.71
442,06/17/2026 01:58:45,19.81,8.40,7.21,19.76,36358.8,40857.7,25.88,23633.25
443,06/17/2026 02:13:45,19.61,8.63,7.36,19.52,37548.9,42427.4,26.97,24406.81
444,06/17/2026 02:28:45,19.35,8.83,7.52,19.27,37375.0,42485.6,26.99,24293.72
445,06/17/2026 02:43:45,19.14,8.91,7.65,19.09,35638.2,40690.4,25.72,23164.81
446,06/17/2026 02:58:45,19.02,8.37,7.19,18.99,35353.3,40457.5,25.55,22979.66
447,06/17/2026 03:13:45,18.92,9.02,7.68,18.83,37148.8,42673.8,27.10,24146.74
448,06/17/2026 03:28:45,19.09,8.78,7.54,19.10,35400.9,40410.9,25.52,23010.61
449,06/17/2026 03:43:45,19.22,8.51,7.28,19.26,36490.6,41492.1,26.29,23718.89
450,06/17/2026 03:58:45,19.44,8.16,6.99,19.42,36321.8,41139.4,26.06,23609.14
451,06/17/2026 04:13:45,19.52,7.99,6.86,19.50,35997.9,40697.9,25.75,23398.66
452,06/17/2026 04:28:45,19.63,7.65,6.48,19.66,38929.0,43844.4,27.98,25303.84
453,06/17/2026 04:43:45,19.84,7.20,6.19,19.83,35848.4,40216.3,25.43,23301.43
454,06/17/2026 04:58:45,20.01,6.73,5.81,20.02,35512.9,39662.1,25.06,23083.41
455,06/17/2026 05:13:45,20.22,6.26,5.36,20.23,37025.4,41150.2,26.11,24066.53
456,06/17/2026 05:28:45,20.39,5.86,5.08,20.40,35068.8,38821.9,24.49,22794.71
457,06/17/2026 05:43:45,20.54,5.48,4.72,20.55,36543.4,40309.2,25.54,23753.23
458,06/17/2026 05:58:45,20.68,5.12,4.42,20.69,36074.8,39663.6,25.10,23448.63
459,06/17/2026 06:13:45,20.83,4.76,4.12,20.83,35582.0,38995.8,24.64,23128.32
460,06/17/2026 06:28:45,20.97,4.43,3.84,20.97,34947.1,38174.2,24.07,22715.62
461,06/17/2026 06:43:45,21.10,4.16,3.61,21.10,35445.6,38610.5,24.38,23039.63
462,06/17/2026 06:58:45,21.21,3.95,3.46,21.20,33683.3,36608.4,22.99,21894.14
463,06/17/2026 07:13:45,21.31,3.80,3.33,21.30,33249.5,36053.5,22.61,21612.16
464,06/17/2026 07:28:45,21.39,3.66,3.22,21.38,32632.6,35319.9,22.11,21211.22
465,06/17/2026 07:43:45,21.48,3.57,3.14,21.48,32346.7,34927.4,21.84,21025.34
466,06/17/2026 07:58:45,21.58,3.48,3.07,21.58,32000.3,34478.7,21.54,20800.18
467,06/17/2026 08:13:45,21.70,3.44,3.04,21.68,31683.4,34054.5,21.25,20594.22
468,06/17/2026 08:28:45,21.81,3.39,3.00,21.80,31322.4,33578.1,20.92,20359.54
469,06/17/2026 08:43:45,21.93,3.33,2.96,21.93,31049.3,33187.2,20.66,20182.03
470,06/17/2026 08:58:45,22.09,3.34,2.96,22.09,30684.3,32680.9,20.32,19944.81
471,06/17/2026 09:13:45,22.24,3.36,2.99,22.26,30494.1,32359.3,20.11,19821.19
472,06/17/2026 09:28:45,22.40,3.36,2.99,22.41,30237.3,31973.7,19.85,19654.25
473,06/17/2026 09:43:45,22.53,3.34,2.98,22.54,29936.2,31569.3,19.58,19458.54
474,06/17/2026 09:58:45,22.61,3.31,2.96,22.62,29644.1,31201.3,19.33,19268.66
475,06/17/2026 10:13:45,22.85,3.55,3.18,22.89,29745.0,31124.0,19.28,19334.25
476,06/17/2026 10:28:45,23.13,3.67,3.28,23.14,30162.6,31389.3,19.47,19605.71
477,06/17/2026 10:43:45,23.23,3.61,3.23,23.24,30089.3,31245.3,19.38,19558.02
478,06/17/2026 10:58:45,22.56,3.51,3.13,22.42,30414.4,32158.8,19.97,19769.34
479,06/17/2026 11:13:45,22.29,3.34,2.97,22.29,31013.0,32883.6,20.47,20158.46
480,06/17/2026 11:28:45,22.30,3.53,3.13,22.28,31773.0,33700.6,21.03,20652.44
481,06/17/2026 11:43:45,22.38,3.90,3.44,22.38,32827.6,34735.8,21.74,21337.91
482,06/17/2026 11:58:45,22.29,4.15,3.64,22.23,33981.5,36084.0,22.67,22087.98
483,06/17/2026 12:13:45,22.17,4.37,3.82,22.15,34700.0,36906.0,23.24,22554.99
484,06/17/2026 12:28:45,22.03,4.53,3.94,21.94,35265.8,37691.5,23.78,22922.74
485,06/17/2026 12:43:45,21.68,4.84,4.20,21.57,35838.6,38616.9,24.41,23295.07
486,06/17/2026 12:58:45,21.41,5.20,4.50,21.36,36331.6,39336.8,24.90,23615.57
487,06/17/2026 13:13:45,21.31,5.59,4.82,21.26,37032.7,40191.3,25.50,24071.28
488,06/17/2026 13:28:45,21.16,5.91,5.08,21.11,37360.9,40688.5,25.84,24284.59
489,06/17/2026 13:43:45,21.00,6.13,5.26,20.93,37576.0,41088.0,26.11,24424.40
490,06/17/2026 13:58:45,20.81,6.30,5.40,20.76,37711.3,41397.5,26.32,24512.35
491,06/17/2026 14:13:45,20.60,6.58,5.61,20.53,38561.3,42558.5,27.13,25064.87
492,06/17/2026 14:28:45,20.45,6.73,5.76,20.40,37608.9,41628.1,26.46,24445.81
493,06/17/2026 14:43:45,20.34,6.80,5.82,20.28,37605.9,41740.3,26.53,24443.83
494,06/17/2026 14:58:45,20.27,6.80,5.82,20.24,37477.1,41643.5,26.46,24360.11
495,06/17/2026 15:13:45,20.25,6.64,5.68,20.23,37472.7,41647.3,26.46,24357.26
496,06/17/2026 15:28:45,20.31,6.54,5.60,20.28,37692.3,41839.0,26.60,24499.98
497,06/17/2026 15:43:45,20.28,6.90,5.90,20.30,37712.1,41837.9,26.60,24512.88
498,06/17/2026 15:58:45,20.89,6.81,5.86,21.05,37329.7,40707.3,25.85,24264.31
499,06/17/2026 16:13:45,21.24,6.55,5.63,21.21,37368.6,40597.2,25.78,24289.59
500,06/17/2026 16:28:45,21.41,6.46,5.55,21.40,37672.9,40750.3,25.90,24487.38
501,06/17/2026 16:43:45,21.50,6.37,5.48,21.50,37695.5,40689.3,25.86,24502.09
502,06/17/2026 16:58:45,21.62,6.08,5.24,21.62,37440.8,40299.7,25.59,24336.49
503,06/17/2026 17:13:45,21.77,5.78,5.00,21.76,36944.1,39639.4,25.14,24013.64
504,06/17/2026 17:28:45,21.92,5.48,4.75,21.91,36562.4,39095.6,24.76,23765.57
505,06/17/2026 17:43:45,22.08,5.16,4.49,22.08,35867.3,38206.2,24.15,23313.75
506,06/17/2026 17:58:45,22.25,4.95,4.31,22.26,35609.1,37787.1,23.86,23145.94
507,06/17/2026 18:13:45,22.40,4.78,4.17,22.40,35043.7,37063.5,23.36,22778.38
508,06/17/2026 18:28:45,22.50,4.61,4.04,22.52,34561.9,36464.3,22.95,22465.25
509,06/17/2026 18:43:45,22.60,4.51,3.98,22.60,32680.1,34415.0,21.53,21242.09
510,06/17/2026 18:58:45,22.66,4.38,3.88,22.66,32165.7,33830.7,21.13,20907.71
511,06/17/2026 19:13:45,22.72,4.27,3.76,22.72,33286.3,34960.7,21.91,21636.09
512,06/17/2026 19:28:45,22.79,4.20,3.71,22.78,32830.9,34434.6,21.55,21340.11
513,06/17/2026 19:43:45,22.84,4.11,3.64,22.82,31806.2,33333.4,20.79,20674.03
514,06/17/2026 19:58:45,22.87,4.02,3.56,22.85,31852.9,33358.3,20.81,20704.41
515,06/17/2026 20:13:45,22.88,3.92,3.48,22.87,31481.3,32955.9,20.54,20462.82
516,06/17/2026 20:28:45,22.90,3.80,3.38,22.88,31149.2,32599.8,20.29,20247.00
517,06/17/2026 20:43:45,22.90,3.66,3.26,22.88,30728.7,32159.7,19.99,19973.66
518,06/17/2026 20:58:45,22.89,3.65,3.26,22.87,30246.4,31665.4,19.65,19660.18
519,06/17/2026 21:13:45,22.88,3.57,3.24,22.86,26442.6,27688.5,16.96,17187.67
520,06/17/2026 21:28:45,22.87,3.49,3.12,22.85,29639.3,31042.0,19.23,19265.55
521,06/17/2026 21:43:45,22.86,3.35,3.00,22.83,28984.7,30366.4,18.77,18840.02
522,06/17/2026 21:58:45,22.73,3.18,2.84,22.72,29791.9,31290.6,19.39,19364.75
523,06/17/2026 22:13:45,22.70,3.00,2.70,22.68,28360.7,29814.9,18.39,18434.46
524,06/17/2026 22:28:45,22.74,3.43,3.07,22.74,29372.7,30838.0,19.08,19092.26
525,06/17/2026 22:43:45,22.83,3.60,3.22,22.82,29702.4,31124.5,19.28,19306.55
526,06/17/2026 22:58:45,22.81,3.77,3.36,22.79,30551.8,32040.0,19.91,19858.67
527,06/17/2026 23:13:45,22.68,4.01,3.54,22.63,32473.3,34174.5,21.37,21107.62
528,06/17/2026 23:28:45,22.43,4.34,3.82,22.37,33231.7,35170.4,22.04,21600.57
529,06/17/2026 23:43:45,22.26,4.65,4.07,22.20,34267.7,36407.3,22.90,22274.00
530,06/17/2026 23:58:45,22.04,5.01,4.37,21.98,34678.4,37026.4,23.32,22540.95
531,06/18/2026 00:13:45,21.93,5.31,4.62,21.88,35494.1,37978.8,23.98,23071.16
532,06/18/2026 00:28:45,21.75,5.75,4.99,21.69,36153.6,38856.6,24.58,23499.86
533,06/18/2026 00:43:45,21.46,6.13,5.30,21.37,36441.2,39450.1,24.98,23686.80
534,06/18/2026 00:58:45,21.15,6.43,5.54,21.08,36871.5,40174.6,25.48,23966.44
535,06/18/2026 01:13:45,20.93,6.68,5.71,20.87,38435.2,42082.3,26.81,24982.88
536,06/18/2026 01:28:45,20.77,6.84,5.91,20.71,35861.5,39410.2,24.92,23309.97
537,06/18/2026 01:43:45,20.62,7.11,6.07,20.57,38093.7,42001.8,26.74,24760.91
538,06/18/2026 01:58:45,20.55,7.32,6.23,20.50,38748.4,42788.7,27.29,25186.48
539,06/18/2026 02:13:45,20.45,7.54,6.46,20.40,37646.4,41675.4,26.49,24470.17
540,06/18/2026 02:28:45,20.25,7.84,6.67,20.18,38774.6,43142.2,27.52,25203.49
541,06/18/2026 02:43:45,20.02,8.06,6.92,19.96,36433.7,40741.7,25.81,23681.93
542,06/18/2026 02:58:45,19.92,8.15,6.99,19.87,36591.9,41013.1,26.00,23784.71
543,06/18/2026 03:13:45,19.77,8.34,7.14,19.70,36786.6,41390.8,26.25,23911.32
544,06/18/2026 03:28:45,19.58,8.49,7.24,19.52,37431.0,42297.1,26.88,24330.12
545,06/18/2026 03:43:45,19.47,8.38,7.09,19.44,39106.9,44278.4,28.27,25419.49
546,06/18/2026 03:58:45,19.44,8.32,7.09,19.34,37438.5,42485.5,27.00,24335.05
547,06/18/2026 04:13:45,19.28,8.54,7.27,19.28,37619.1,42751.1,27.18,24452.44
548,06/18/2026 04:28:45,19.53,8.13,6.93,19.52,37376.0,42235.0,26.83,24294.39
549,06/18/2026 04:43:45,19.79,7.67,6.58,19.79,36703.6,41213.3,26.13,23857.33
550,06/18/2026 04:58:45,19.81,7.60,6.50,19.79,37071.5,41626.4,26.42,24096.48
551,06/18/2026 05:13:45,19.89,7.45,6.37,19.89,37222.1,41696.1,26.48,24194.40
552,06/18/2026 05:28:45,20.04,7.06,6.05,20.05,37067.0,41368.9,26.26,24093.56
553,06/18/2026 05:43:45,20.18,6.67,5.71,20.18,37263.1,41463.4,26.33,24221.03
554,06/18/2026 05:58:45,20.32,6.31,5.41,20.32,37131.1,41179.0,26.14,24135.22
555,06/18/2026 06:13:45,20.48,5.91,5.07,20.48,36880.9,40748.9,25.85,23972.56
556,06/18/2026 06:28:45,20.63,5.55,4.78,20.63,36655.5,40360.4,25.58,23826.10
557,06/18/2026 06:43:45,20.78,5.15,4.45,20.79,36157.0,39666.8,25.10,23502.07
558,06/18/2026 06:58:45,20.92,4.81,4.16,20.93,35793.2,39141.3,24.74,23265.59
559,06/18/2026 07:13:45,21.06,4.47,3.88,21.07,35183.5,38351.1,24.20,22869.27
560,06/18/2026 07:28:45,21.18,4.19,3.65,21.17,34578.1,37598.9,23.68,22475.79
561,06/18/2026 07:43:45,21.27,3.97,3.47,21.25,33941.5,36846.4,23.16,22061.98
562,06/18/2026 07:58:45,21.33,3.79,3.32,21.31,33518.5,36332.9,22.81,21787.02
563,06/18/2026 08:13:45,21.38,3.64,3.19,21.37,32983.2,35708.9,22.38,21439.06
564,06/18/2026 08:28:45,21.43,3.54,3.12,21.41,32573.5,35227.1,22.05,21172.76
565,06/18/2026 08:43:45,21.48,3.49,3.06,21.46,33272.5,35946.6,22.54,21627.13
566,06/18/2026 08:58:45,21.53,3.48,3.07,21.51,31785.6,34298.4,21.41,20660.63
567,06/18/2026 09:13:45,21.57,3.41,3.02,21.54,31318.0,33771.0,21.05,20356.73
568,06/18/2026 09:28:45,21.59,3.35,2.97,21.56,30975.3,33385.7,20.78,20133.97
569,06/18/2026 09:43:45,21.62,3.29,2.92,21.60,30613.6,32969.1,20.50,19898.87
570,06/18/2026 09:58:45,21.66,3.20,2.84,21.62,30216.1,32523.4,20.20,19640.46
571,06/18/2026 10:13:45,21.67,3.18,2.83,21.64,29904.5,32172.8,19.96,19437.91
572,06/18/2026 10:28:45,21.75,3.26,2.91,21.73,29701.8,31892.3,19.77,19306.14
573,06/18/2026 10:43:45,21.81,3.23,2.88,21.79,29536.7,31674.5,19.62,19198.85
574,06/18/2026 10:58:45,21.88,3.53,3.15,21.85,29390.7,31475.6,19.49,19103.94
575,06/18/2026 11:13:45,22.01,3.65,3.26,22.01,29833.8,31834.7,19.74,19392.00
576,06/18/2026 11:28:45,22.08,3.52,3.14,22.06,29688.4,31639.2,19.61,19297.48
577,06/18/2026 11:43:45,21.93,3.45,3.07,21.85,30067.3,32193.7,19.98,19543.76
578,06/18/2026 11:58:45,21.69,3.37,2.99,21.65,30655.9,32976.8,20.51,19926.34
579,06/18/2026 12:13:45,21.63,3.57,3.16,21.58,31183.3,33593.9,20.93,20269.12
580,06/18/2026 12:28:45,21.52,4.12,3.63,21.47,32198.6,34779.3,21.74,20929.09
581,06/18/2026 12:43:45,21.37,4.61,4.04,21.32,33039.0,35805.9,22.44,21475.37
582,06/18/2026 12:58:45,21.20,4.94,4.33,21.16,33412.4,36346.2,22.81,21718.07
583,06/18/2026 13:13:45,21.01,5.33,4.65,20.95,34247.0,37427.4,23.55,22260.55
584,06/18/2026 13:28:45,20.79,5.51,4.78,20.72,34693.3,38115.9,24.02,22550.66
585,06/18/2026 13:43:45,20.55,5.81,5.03,20.48,35271.3,38967.8,24.60,22926.36
586,06/18/2026 13:58:45,20.37,6.23,5.37,20.31,36038.9,39973.3,25.29,23425.28
587,06/18/2026 14:13:45,20.26,6.46,5.56,20.21,36204.4,40248.9,25.48,23532.86
588,06/18/2026 14:28:45,20.12,6.67,5.72,20.07,37091.3,41375.8,26.26,24109.37
589,06/18/2026 14:43:45,20.00,6.86,5.88,19.96,36958.8,41331.7,26.23,24023.22
590,06/18/2026 14:58:45,19.90,7.02,6.01,19.85,37151.7,41658.0,26.45,24148.60
591,06/18/2026 15:13:45,19.78,7.17,6.13,19.72,37264.3,41907.6,26.62,24221.80
592,06/18/2026 15:28:45,19.70,7.22,6.21,19.66,35622.1,40122.8,25.36,23154.37
593,06/18/2026 15:43:45,19.63,7.39,6.37,19.60,35265.4,39774.1,25.11,22922.48
594,06/18/2026 15:58:45,19.57,7.32,6.26,19.51,36961.7,41775.7,26.51,24025.12
595,06/18/2026 16:13:45,19.43,7.30,6.24,19.40,36877.6,41792.7,26.51,23970.44
596,06/18/2026 16:28:45,19.44,6.65,5.68,19.44,36782.7,41646.8,26.41,23908.73
597,06/18/2026 16:43:45,19.40,7.33,6.26,19.39,37229.7,42203.6,26.80,24199.29
598,06/18/2026 16:58:45,19.81,7.29,6.23,19.83,37199.9,41726.7,26.50,24179.94
599,06/18/2026 17:13:45,20.04,7.21,6.19,20.02,36577.4,40848.1,25.89,23775.30
600,06/18/2026 17:28:45,20.21,6.99,6.00,20.17,36876.5,41036.0,26.03,23969.69
601,06/18/2026 17:43:45,20.19,7.03,6.04,20.16,36749.0,40905.5,25.94,23886.82
602,06/18/2026 17:58:45,20.22,6.91,5.94,20.20,36644.3,40752.1,25.83,23818.78
603,06/18/2026 18:13:45,20.37,6.56,5.65,20.37,36495.3,40423.4,25.61,23721.96
604,06/18/2026 18:28:45,20.52,6.29,5.42,20.53,36112.8,39853.4,25.22,23473.30
605,06/18/2026 18:43:45,20.69,5.96,5.16,20.70,35423.6,38936.9,24.59,23025.32
606,06/18/2026 18:58:45,20.87,5.63,4.89,20.87,35087.5,38419.6,24.24,22806.90
607,06/18/2026 19:13:45,21.02,5.36,4.67,21.03,34051.4,37152.7,23.36,22133.42
608,06/18/2026 19:28:45,21.17,5.10,4.45,21.16,34116.9,37107.5,23.34,22176.01
609,06/18/2026 19:43:45,21.29,4.87,4.26,21.27,33628.1,36483.8,22.91,21858.23
610,06/18/2026 19:58:45,21.37,4.70,4.12,21.36,33156.3,35898.8,22.51,21551.59
611,06/18/2026 20:13:45,21.45,4.51,3.95,21.43,33722.8,36452.8,22.89,21919.81
612,06/18/2026 20:28:45,21.50,4.35,3.83,21.48,32408.9,34992.2,21.89,21065.77
613,06/18/2026 20:43:45,21.55,4.24,3.76,21.53,30610.4,33014.6,20.53,19896.75
614,06/18/2026 20:58:45,21.60,4.07,3.60,21.59,31261.9,33676.4,20.98,20320.26
615,06/18/2026 21:13:45,21.64,3.99,3.54,21.61,30940.2,33311.7,20.73,20111.11
616,06/18/2026 21:28:45,21.65,3.86,3.42,21.63,30735.7,33078.2,20.58,19978.17
617,06/18/2026 21:43:45,21.66,3.74,3.33,21.64,30220.8,32517.5,20.19,19643.50
618,06/18/2026 21:58:45,21.67,3.64,3.24,21.64,29783.1,32044.4,19.87,19359.01
619,06/18/2026 22:13:45,21.67,3.56,3.21,21.63,27000.0,29053.9,17.84,17550.03
620,06/18/2026 22:28:45,21.66,3.44,3.08,21.63,29163.6,31384.2,19.42,18956.34
621,06/18/2026 22:43:45,21.61,3.31,2.96,21.57,28877.5,31116.2,19.23,18770.39
622,06/18/2026 22:58:45,21.51,3.14,2.80,21.48,29735.1,32111.9,19.91,19327.83
623,06/18/2026 23:13:45,21.50,3.34,2.98,21.47,29419.2,31775.0,19.68,19122.51
624,06/18/2026 23:28:45,21.53,3.74,3.31,21.50,31078.2,33541.9,20.89,20200.84
625,06/18/2026 23:43:45,21.51,3.66,3.24,21.47,31518.2,34039.8,21.23,20486.81
626,06/18/2026 23:58:45,21.44,3.92,3.46,21.40,31876.2,34484.7,21.53,20719.51
627,06/19/2026 00:13:45,21.32,4.22,3.71,21.25,32549.3,35327.8,22.11,21157.02
628,06/19/2026 00:28:45,21.13,4.64,4.05,21.06,33634.4,36670.1,23.03,21862.38
629,06/19/2026 00:43:45,20.94,4.99,4.34,20.88,34491.8,37762.1,23.78,22419.69
630,06/19/2026 00:58:45,20.71,5.39,4.68,20.64,35149.6,38688.9,24.41,22847.22
631,06/19/2026 01:13:45,20.57,5.65,4.92,20.52,34221.1,37778.9,23.77,22243.75
632,06/19/2026 01:28:45,20.41,6.01,5.19,20.34,35712.1,39583.3,25.02,23212.86
633,06/19/2026 01:43:45,20.19,6.33,5.46,20.12,35631.7,39697.8,25.09,23160.63
634,06/19/2026 01:58:45,19.94,6.65,5.76,19.87,34717.7,38907.1,24.52,22566.53
635,06/19/2026 02:13:45,19.77,6.83,5.91,19.71,34740.3,39077.4,24.63,22581.20
636,06/19/2026 02:28:45,19.62,6.99,6.04,19.57,34810.9,39294.8,24.77,22627.10
637,06/19/2026 02:43:45,19.49,7.16,6.18,19.44,34723.1,39309.3,24.78,22570.02
638,06/19/2026 02:58:45,19.39,7.26,6.27,19.36,34519.6,39156.5,24.67,22437.76
639,06/19/2026 03:13:45,19.26,7.46,6.40,19.22,35848.0,40799.1,25.80,23301.20
640,06/19/2026 03:28:45,19.12,7.63,6.54,19.05,35790.6,40896.6,25.86,23263.92
641,06/19/2026 03:43:45,18.93,7.80,6.66,18.86,36515.9,41925.7,26.57,23735.30
642,06/19/2026 03:58:45,18.69,7.98,6.82,18.62,35994.2,41565.1,26.30,23396.23
643,06/19/2026 04:13:45,18.53,8.09,6.89,18.46,36441.1,42242.5,26.76,23686.70
644,06/19/2026 04:28:45,18.40,8.11,6.85,18.34,37964.3,44132.7,28.09,24676.79
645,06/19/2026 04:43:45,18.32,7.81,6.62,18.28,37412.4,43554.3,27.67,24318.03
646,06/19/2026 04:58:45,18.31,7.93,6.75,18.26,36597.7,42633.8,27.02,23788.50
647,06/19/2026 05:13:45,18.39,7.90,6.77,18.41,35303.9,40974.7,25.87,22947.53
648,06/19/2026 05:28:45,18.59,7.58,6.48,18.61,35782.0,41329.0,26.13,23258.31
649,06/19/2026 05:43:45,18.83,7.31,6.26,18.80,35885.4,41258.0,26.10,23325.52
650,06/19/2026 05:58:45,18.85,7.30,6.31,18.85,33693.6,38693.6,24.31,21900.86
651,06/19/2026 06:13:45,19.01,7.02,6.00,19.01,36315.3,41543.5,26.31,23604.94
652,06/19/2026 06:28:45,19.13,6.75,5.78,19.12,36138.1,41226.0,26.10,23489.79
653,06/19/2026 06:43:45,19.25,6.49,5.56,19.25,36191.3,41163.5,26.06,23524.35
654,06/19/2026 06:58:45,19.41,6.19,5.39,19.41,32619.1,36956.2,23.14,21202.41
655,06/19/2026 07:13:45,19.58,5.88,5.08,19.60,34838.3,39298.0,24.78,22644.87
656,06/19/2026 07:28:45,19.76,5.52,4.78,19.75,34455.3,38721.3,24.39,22395.92
657,06/19/2026 07:43:45,19.90,5.21,4.53,19.90,33450.1,37462.8,23.52,21742.55
658,06/19/2026 07:58:45,20.04,4.93,4.27,20.04,34670.2,38704.7,24.39,22535.64
659,06/19/2026 08:13:45,20.17,4.66,4.08,20.16,32788.7,36497.3,22.86,21312.67
660,06/19/2026 08:28:45,20.29,4.46,3.90,20.28,32881.0,36495.9,22.87,21372.65
661,06/19/2026 08:43:45,20.40,4.30,3.78,20.39,32118.3,35562.9,22.23,20876.86
662,06/19/2026 08:58:45,20.50,4.19,3.69,20.48,31532.7,34839.8,21.74,20496.27
663,06/19/2026 09:13:45,20.59,4.12,3.66,20.59,29548.4,32566.4,20.18,19206.47
664,06/19/2026 09:28:45,20.70,4.04,3.61,20.69,28572.7,31417.4,19.41,18572.27
665,06/19/2026 09:43:45,20.81,3.99,3.57,20.81,28055.4,30761.8,18.97,18235.99
666,06/19/2026 09:58:45,20.92,3.96,3.54,20.91,27986.4,30618.9,18.87,18191.13
667,06/19/2026 10:13:45,21.02,3.96,3.55,21.02,27583.1,30099.3,18.53,17929.01
668,06/19/2026 10:28:45,21.17,3.94,3.53,21.16,27655.0,30083.2,18.52,17975.72
669,06/19/2026 10:43:45,21.30,3.98,3.57,21.29,27317.3,29623.1,18.21,17756.25
670,06/19/2026 10:58:45,21.41,3.99,3.58,21.41,27720.9,29979.2,18.46,18018.57
671,06/19/2026 11:13:45,21.57,4.03,3.64,21.54,26633.8,28718.0,17.61,17312.00
672,06/19/2026 11:28:45,21.66,4.13,3.73,21.66,26610.4,28615.3,17.55,17296.75
673,06/19/2026 11:43:45,21.79,4.21,3.78,21.79,27647.7,29642.8,18.24,17970.98
674,06/19/2026 11:58:45,21.87,4.21,3.78,21.85,27628.4,29588.3,18.21,17958.48
675,06/19/2026 12:13:45,22.33,4.64,4.17,22.29,28334.2,30047.2,18.53,18417.22
676,06/19/2026 12:28:45,22.00,4.43,3.95,21.91,29898.9,31976.9,19.83,19434.30
677,06/19/2026 12:43:45,21.80,4.31,3.84,21.70,30091.4,32330.2,20.07,19559.39
678,06/19/2026 12:58:45,21.56,4.33,3.84,21.50,30606.3,33032.5,20.54,19894.06
679,06/19/2026 13:13:45,21.48,4.72,4.18,21.44,31299.3,33828.6,21.08,20344.56
680,06/19/2026 13:28:45,21.59,5.43,4.78,21.59,32486.4,34993.0,21.89,21116.16
681,06/19/2026 13:43:45,21.59,5.82,5.10,21.55,33457.6,36068.5,22.63,21747.47
682,06/19/2026 13:58:45,21.55,6.15,5.38,21.52,33987.4,36664.3,23.05,22091.83
683,06/19/2026 14:13:45,21.45,6.29,5.48,21.38,34498.4,37336.7,23.51,22423.96
684,06/19/2026 14:28:45,21.12,6.44,5.62,21.02,33893.6,36983.0,23.24,22030.85
685,06/19/2026 14:43:45,20.86,6.81,5.93,20.80,34182.6,37485.2,23.58,22218.67
686,06/19/2026 14:58:45,20.76,7.14,6.23,20.71,33983.9,37346.7,23.48,22089.51
687,06/19/2026 15:13:45,20.67,7.34,6.31,20.63,37117.2,40863.1,25.94,24126.17
688,06/19/2026 15:28:45,20.57,7.43,6.40,20.51,36383.8,40171.9,25.44,23649.45
689,06/19/2026 15:43:45,20.41,7.57,6.49,20.35,37083.1,41094.4,26.08,24104.02
690,06/19/2026 15:58:45,20.24,7.63,6.66,20.19,33233.5,36971.9,23.19,21601.79
691,06/19/2026 16:13:45,20.10,7.63,6.59,20.05,35164.7,39243.0,24.77,22857.05
692,06/19/2026 16:28:45,20.01,7.63,6.60,19.97,34897.8,39021.4,24.61,22683.58
693,06/19/2026 16:43:45,19.98,7.61,6.61,19.96,34022.8,38053.6,23.93,22114.79
694,06/19/2026 16:58:45,19.96,7.26,6.22,19.94,37125.4,41535.4,26.37,24131.48
695,06/19/2026 17:13:45,20.01,7.35,6.30,19.96,37034.3,41413.3,26.28,24072.30
696,06/19/2026 17:28:45,19.98,7.65,6.55,20.03,37029.3,41341.1,26.24,24069.02
697,06/19/2026 17:43:45,20.47,7.63,6.60,20.49,35379.4,39084.5,24.68,22996.58
698,06/19/2026 17:58:45,20.67,7.54,6.50,20.68,36330.7,39953.3,25.30,23614.97
699,06/19/2026 18:13:45,20.78,7.39,6.37,20.75,36672.1,40265.0,25.52,23836.87
700,06/19/2026 18:28:45,20.87,7.27,6.24,20.87,37463.7,41024.2,26.06,24351.39
701,06/19/2026 18:43:45,20.98,7.01,6.06,20.97,35987.3,39315.8,24.87,23391.71
702,06/19/2026 18:58:45,21.06,6.81,5.90,21.05,35640.7,38860.1,24.55,23166.43
703,06/19/2026 19:13:45,21.16,6.54,5.76,21.14,32202.9,35040.0,21.90,20931.88
704,06/19/2026 19:28:45,21.27,6.31,5.57,21.25,31848.1,34571.5,21.59,20701.28
705,06/19/2026 19:43:45,21.37,6.11,5.33,21.35,34074.6,36900.6,23.20,22148.50
706,06/19/2026 19:58:45,21.45,5.94,5.20,21.44,33620.2,36337.0,22.81,21853.11
707,06/19/2026 20:13:45,21.52,5.74,5.03,21.51,33372.3,36010.5,22.59,21692.01
708,06/19/2026 20:28:45,21.58,5.58,4.90,21.56,32879.5,35440.4,22.20,21371.66
709,06/19/2026 20:43:45,21.62,5.44,4.79,21.59,32447.8,34949.1,21.86,21091.06
710,06/19/2026 20:58:45,21.65,5.28,4.66,21.63,32196.2,34647.7,21.65,20927.52
711,06/19/2026 21:13:45,21.68,5.11,4.51,21.65,32028.4,34450.8,21.52,20818.44
712,06/19/2026 21:28:45,21.67,4.98,4.41,21.65,31225.3,33591.5,20.93,20296.42
713,06/19/2026 21:43:45,21.68,4.86,4.31,21.64,30665.9,32994.2,20.52,19932.81
714,06/19/2026 21:58:45,21.66,4.73,4.20,21.63,30837.3,33183.1,20.65,20044.24
715,06/19/2026 22:13:45,21.66,4.63,4.11,21.62,30415.7,32736.0,20.34,19770.18
716,06/19/2026 22:28:45,21.64,4.49,3.98,21.61,31030.2,33411.0,20.80,20169.66
717,06/19/2026 22:43:45,21.62,4.47,4.01,21.59,28239.1,30415.9,18.76,18355.39
718,06/19/2026 22:58:45,21.60,4.38,3.93,21.57,27926.0,30092.9,18.54,18151.89
719,06/19/2026 23:13:45,21.59,4.25,3.80,21.55,28872.8,31125.8,19.24,18767.32
720,06/19/2026 23:28:45,21.55,4.17,3.73,21.51,28813.4,31091.2,19.22,18728.71
721,06/19/2026 23:43:45,21.40,4.01,3.58,21.28,29124.8,31596.0,19.55,18931.11
722,06/19/2026 23:58:45,21.28,3.92,3.50,21.25,28960.5,31439.2,19.44,18824.34
723,06/20/2026 00:13:45,21.20,3.85,3.44,21.15,28805.2,31338.7,19.37,18723.36
724,06/20/2026 00:28:45,21.39,4.38,3.90,21.40,29558.0,31976.8,19.81,19212.68
725,06/20/2026 00:43:45,21.45,4.38,3.95,21.41,27136.7,29347.4,18.03,17638.84
726,06/20/2026 00:58:45,21.41,4.68,4.14,21.38,31252.4,33826.0,21.08,20314.08
727,06/20/2026 01:13:45,21.27,5.05,4.44,21.20,32124.1,34911.5,21.82,20880.67
728,06/20/2026 01:28:45,21.04,5.46,4.79,20.97,32835.3,35869.9,22.47,21342.92
729,06/20/2026 01:43:45,20.85,5.75,5.02,20.79,33433.2,36673.4,23.02,21731.55
730,06/20/2026 01:58:45,20.64,6.02,5.24,20.58,33876.9,37342.1,23.47,22020.00
731,06/20/2026 02:13:45,20.51,6.25,5.43,20.47,34358.0,37971.9,23.90,22332.68
732,06/20/2026 02:28:45,20.43,6.49,5.62,20.37,35025.0,38794.8,24.47,22766.22
733,06/20/2026 02:43:45,20.24,6.80,5.88,20.16,35013.7,38973.9,24.59,22758.90
734,06/20/2026 02:58:45,19.97,7.06,6.09,19.89,35636.4,39922.6,25.23,23163.66
735,06/20/2026 03:13:45,19.70,7.26,6.24,19.62,35974.5,40553.9,25.66,23383.42
736,06/20/2026 03:28:45,19.49,7.40,6.35,19.43,36067.9,40846.2,25.85,23444.14
737,06/20/2026 03:43:45,19.28,7.57,6.49,19.21,36087.6,41080.6,26.00,23456.95
738,06/20/2026 03:58:45,19.09,7.71,6.60,19.03,36215.4,41405.6,26.22,23540.01
739,06/20/2026 04:13:45,18.94,7.85,6.71,18.88,36298.9,41649.6,26.38,23594.27
740,06/20/2026 04:28:45,18.79,7.95,6.79,18.72,36331.1,41848.5,26.51,23615.22
741,06/20/2026 04:43:45,18.65,8.03,6.85,18.59,36391.8,42054.5,26.64,23654.66
742,06/20/2026 04:58:45,18.54,8.05,6.86,18.49,36413.3,42182.8,26.72,23668.62
743,06/20/2026 05:13:45,18.42,8.08,6.89,18.37,36360.6,42247.1,26.76,23634.42
744,06/20/2026 05:28:45,18.38,7.92,6.75,18.34,36344.9,42259.5,26.77,23624.20
745,06/20/2026 05:43:45,18.43,7.75,6.61,18.41,36250.9,42073.8,26.64,23563.09
746,06/20/2026 05:58:45,18.41,7.94,6.78,18.40,36132.9,41942.9,26.55,23486.38
747,06/20/2026 06:13:45,18.56,7.65,6.54,18.53,35959.9,41615.4,26.33,23373.91
748,06/20/2026 06:28:45,18.80,7.52,6.44,18.81,35604.0,40922.7,25.86,23142.59
749,06/20/2026 06:43:45,18.90,7.43,6.38,18.88,35503.9,40737.5,25.74,23077.54
750,06/20/2026 06:58:45,19.05,7.26,6.23,19.04,35485.3,40559.2,25.62,23065.42
751,06/20/2026 07:13:45,19.24,7.02,6.04,19.25,35278.4,40125.2,25.33,22930.97
752,06/20/2026 07:28:45,19.45,6.77,5.84,19.46,35001.9,39608.1,24.99,22751.21
753,06/20/2026 07:43:45,19.68,6.51,5.63,19.70,34642.5,38983.7,24.57,22517.61
754,06/20/2026 07:58:45,19.90,6.22,5.40,19.91,34162.6,38252.7,24.07,22205.66
755,06/20/2026 08:13:45,20.07,5.95,5.18,20.07,33685.1,37576.1,23.61,21895.29
756,06/20/2026 08:28:45,20.20,5.73,4.99,20.19,33250.7,36985.8,23.20,21612.98
757,06/20/2026 08:43:45,20.31,5.53,4.84,20.30,32804.8,36396.1,22.80,21323.09
758,06/20/2026 08:58:45,20.41,5.36,4.70,20.40,32390.3,35851.7,22.43,21053.68
759,06/20/2026 09:13:45,20.51,5.21,4.57,20.50,31984.3,35324.2,22.07,20789.81
760,06/20/2026 09:28:45,20.61,5.10,4.49,20.60,31568.0,34782.7,21.70,20519.21
761,06/20/2026 09:43:45,20.71,4.98,4.39,20.70,31128.2,34220.2,21.32,20233.31
762,06/20/2026 09:58:45,20.81,4.89,4.33,20.80,30706.9,33673.6,20.95,19959.46
763,06/20/2026 10:13:45,20.91,4.81,4.26,20.91,30382.5,33238.1,20.66,19748.63
764,06/20/2026 10:28:45,21.03,4.73,4.20,21.02,30095.1,32840.5,20.39,19561.83
765,06/20/2026 10:43:45,21.10,4.65,4.14,21.07,29765.7,32441.2,20.12,19347.72
766,06/20/2026 10:58:45,21.07,4.60,4.10,21.04,29351.1,32015.5,19.83,19078.20
767,06/20/2026 11:13:45,21.17,4.57,4.08,21.16,29081.2,31634.7,19.57,18902.80
768,06/20/2026 11:28:45,21.21,4.55,4.06,21.19,28681.1,31173.9,19.26,18642.70
769,06/20/2026 11:43:45,21.22,4.56,4.08,21.20,28441.5,30907.2,19.08,18486.95
770,06/20/2026 11:58:45,21.29,4.56,4.09,21.27,28200.0,30594.8,18.87,18330.02
771,06/20/2026 12:13:45,21.41,4.56,4.09,21.39,28014.8,30313.6,18.68,18209.65
772,06/20/2026 12:28:45,21.58,4.68,4.20,21.57,28069.6,30247.7,18.65,18245.26
773,06/20/2026 12:43:45,21.79,5.34,4.78,21.82,28753.9,30810.2,19.04,18690.02
774,06/20/2026 12:58:45,21.72,4.75,4.25,21.70,28532.6,30655.5,18.93,18546.20
775,06/20/2026 13:13:45,21.49,4.75,4.25,21.44,28743.3,31063.9,19.19,18683.13
776,06/20/2026 13:28:45,21.51,4.69,4.18,21.47,29449.4,31809.8,19.70,19142.13
777,06/20/2026 13:43:45,21.36,4.68,4.16,21.30,29704.0,32204.7,19.97,19307.63
778,06/20/2026 13:58:45,21.36,5.00,4.43,21.34,30604.1,33151.2,20.61,19892.64
779,06/20/2026 14:13:45,21.39,5.75,5.07,21.38,32220.5,34873.8,21.80,20943.32
780,06/20/2026 14:28:45,21.36,6.32,5.53,21.31,33511.7,36330.4,22.80,21782.59
781,06/20/2026 14:43:45,21.27,6.66,5.81,21.22,34186.7,37135.3,23.36,22221.34
782,06/20/2026 14:58:45,21.27,6.94,6.05,21.23,34577.9,37547.6,23.65,22475.66
783,06/20/2026 15:13:45,21.06,7.11,6.17,20.98,35093.2,38331.2,24.18,22810.58
784,06/20/2026 15:28:45,20.77,7.35,6.35,20.70,35613.6,39145.8,24.74,23148.81
785,06/20/2026 15:43:45,20.55,7.71,6.66,20.48,35820.0,39574.0,25.02,23283.01
786,06/20/2026 15:58:45,20.40,7.94,6.78,20.34,37842.2,41944.3,26.68,24597.43
787,06/20/2026 16:13:45,20.24,8.08,6.93,20.19,37000.8,41157.1,26.12,24050.50
788,06/20/2026 16:28:45,20.12,8.19,7.07,20.07,35390.7,39478.8,24.93,23003.95
789,06/20/2026 16:43:45,19.94,8.25,7.08,19.88,36644.9,41063.9,26.03,23819.20
790,06/20/2026 16:58:45,19.77,8.32,7.22,19.70,33984.3,38243.1,24.05,22089.81
791,06/20/2026 17:13:45,19.62,8.31,7.18,19.57,34764.1,39242.0,24.74,22596.69
792,06/20/2026 17:28:45,19.51,8.29,7.07,19.48,37575.2,42505.0,27.02,24423.85
793,06/20/2026 17:43:45,19.47,8.11,6.92,19.44,37092.6,42000.7,26.66,24110.21
794,06/20/2026 17:58:45,19.50,7.73,6.66,19.51,35098.9,39670.2,25.03,22814.27
795,06/20/2026 18:13:45,19.52,8.21,7.00,19.49,37503.1,42408.5,26.95,24376.99
796,06/20/2026 18:28:45,19.91,8.16,6.99,19.93,36890.3,41284.0,26.19,23978.71
797,06/20/2026 18:43:45,20.21,8.08,6.96,20.22,36031.7,40051.4,25.34,23420.60
798,06/20/2026 18:58:45,20.23,7.93,6.82,20.22,36294.9,40346.7,25.55,23591.66
799,06/20/2026 19:13:45,20.37,7.84,6.86,20.35,32732.0,36277.7,22.72,21275.80
800,06/20/2026 19:28:45,20.49,7.64,6.59,20.49,35923.0,39682.3,25.10,23349.95
801,06/20/2026 19:43:45,20.63,7.41,6.41,20.62,35551.3,39155.4,24.74,23108.34
802,06/20/2026 19:58:45,20.73,7.20,6.20,20.72,36392.2,39982.4,25.32,23654.93
803,06/20/2026 20:13:45,20.84,6.95,6.03,20.83,35139.5,38508.2,24.30,22840.70
804,06/20/2026 20:28:45,20.95,6.76,5.87,20.94,34774.3,38014.1,23.96,22603.31
805,06/20/2026 20:43:45,21.05,6.54,5.70,21.05,34191.9,37285.5,23.46,22224.71
806,06/20/2026 20:58:45,21.14,6.35,5.54,21.13,34071.2,37085.6,23.32,22146.30
807,06/20/2026 21:13:45,21.21,6.12,5.37,21.19,32814.1,35666.2,22.34,21329.16
808,06/20/2026 21:28:45,21.27,5.91,5.18,21.25,33223.4,36064.4,22.62,21595.21
809,06/20/2026 21:43:45,21.30,5.73,5.03,21.28,32818.4,35595.7,22.29,21331.95
810,06/20/2026 21:58:45,21.34,5.54,4.87,21.31,32408.8,35130.0,21.97,21065.72
811,06/20/2026 22:13:45,21.35,5.38,4.74,21.33,32030.6,34708.3,21.68,20819.88
812,06/20/2026 22:28:45,21.37,5.21,4.66,21.34,28905.9,31311.7,19.36,18788.85
813,06/20/2026 22:43:45,21.37,5.06,4.47,21.34,31171.1,33765.5,21.04,20261.22
814,06/20/2026 22:58:45,21.37,4.89,4.33,21.34,30985.5,33564.4,20.90,20140.56
815,06/20/2026 23:13:45,21.37,4.78,4.23,21.34,31074.0,33662.5,20.96,20198.09
816,06/20/2026 23:28:45,21.37,4.68,4.16,21.34,30135.7,32646.1,20.27,19588.20
817,06/20/2026 23:43:45,21.36,4.55,4.05,21.33,29772.4,32259.1,20.00,19352.06
818,06/20/2026 23:58:45,21.35,4.47,4.00,21.32,28400.8,30777.1,19.00,18460.50
819,06/21/2026 00:13:45,21.34,4.40,3.94,21.30,28243.3,30621.0,18.89,18358.17
820,06/21/2026 00:28:45,21.31,4.31,3.87,21.28,27880.3,30243.8,18.63,18122.17
821,06/21/2026 00:43:45,21.21,4.20,3.76,21.19,28340.7,30806.0,19.01,18421.44
822,06/21/2026 00:58:45,21.15,4.00,3.56,21.12,28975.5,31543.3,19.51,18834.09
823,06/21/2026 01:13:45,21.15,4.16,3.75,21.20,27045.0,29393.7,18.05,17579.25
824,06/21/2026 01:28:45,21.29,4.39,3.94,21.27,27560.0,29900.5,18.40,17914.00
825,06/21/2026 01:43:45,21.29,4.53,4.05,21.26,28633.1,31073.1,19.19,18611.52
826,06/21/2026 01:58:45,21.25,4.83,4.31,21.21,29298.9,31830.2,19.71,19044.25
827,06/21/2026 02:13:45,21.15,5.18,4.60,21.08,30113.0,32817.4,20.38,19573.45
828,06/21/2026 02:28:45,20.96,5.57,4.92,20.89,31199.1,34143.2,21.28,20279.42
829,06/21/2026 02:43:45,20.79,5.87,5.18,20.74,31337.2,34416.9,21.46,20369.21
830,06/21/2026 02:58:45,20.61,6.14,5.31,20.55,35591.9,39262.3,24.81,23134.71
831,06/21/2026 03:13:45,20.45,6.36,5.58,20.40,32342.2,35798.5,22.39,21022.42
832,06/21/2026 03:28:45,20.35,6.62,5.79,20.29,32806.3,36405.5,22.81,21324.12
833,06/21/2026 03:43:45,20.18,6.89,6.00,20.11,33426.2,37248.4,23.38,21727.06
834,06/21/2026 03:58:45,19.95,7.12,6.17,19.88,34518.3,38680.8,24.36,22436.87
835,06/21/2026 04:13:45,19.68,7.34,6.34,19.60,34983.5,39456.2,24.89,22739.27
836,06/21/2026 04:28:45,19.43,7.48,6.45,19.38,35168.4,39875.5,25.17,22859.48
837,06/21/2026 04:43:45,19.27,7.60,6.50,19.21,36548.0,41604.6,26.37,23756.18
838,06/21/2026 04:58:45,19.12,7.68,6.56,19.05,36587.5,41810.1,26.50,23781.86
839,06/21/2026 05:13:45,18.94,7.75,6.63,18.89,36079.9,41389.5,26.20,23451.95
840,06/21/2026 05:28:45,18.82,7.86,6.71,18.78,36681.5,42194.4,26.75,23842.95
841,06/21/2026 05:43:45,18.74,7.88,6.71,18.69,36691.4,42294.0,26.82,23849.43
842,06/21/2026 05:58:45,18.71,7.83,6.67,18.66,36702.5,42337.2,26.85,23856.64
843,06/21/2026 06:13:45,18.70,7.17,6.11,18.68,36621.9,42229.0,26.77,23804.23
844,06/21/2026 06:28:45,18.75,7.58,6.46,18.70,36613.2,42194.7,26.75,23798.60
845,06/21/2026 06:43:45,18.79,7.60,6.49,18.82,36471.0,41907.2,26.56,23706.14
846,06/21/2026 06:58:45,19.03,7.45,6.37,19.07,36215.6,41370.3,26.19,23540.11
847,06/21/2026 07:13:45,19.21,7.21,6.18,19.20,36062.4,41063.6,25.99,23440.58
848,06/21/2026 07:28:45,19.37,7.08,6.08,19.36,35923.8,40746.4,25.78,23350.48
849,06/21/2026 07:43:45,19.54,7.04,6.05,19.56,35760.3,40372.2,25.53,23244.20
850,06/21/2026 07:58:45,19.77,6.83,5.88,19.77,35518.4,39899.3,25.21,23086.94
851,06/21/2026 08:13:45,19.95,6.62,5.71,19.95,35281.1,39466.5,24.92,22932.71
852,06/21/2026 08:28:45,20.11,6.41,5.54,20.11,35023.5,39033.7,24.62,22765.28
853,06/21/2026 08:43:45,20.26,6.21,5.39,20.27,34664.4,38491.4,24.25,22531.87
854,06/21/2026 08:58:45,20.40,6.01,5.22,20.40,34192.6,37846.7,23.81,22225.20
855,06/21/2026 09:13:45,20.56,5.82,5.07,20.55,33883.7,37375.4,23.49,22024.42
856,06/21/2026 09:28:45,20.70,5.67,4.95,20.69,33524.8,36857.4,23.14,21791.13
857,06/21/2026 09:43:45,20.82,5.52,4.83,20.82,33213.7,36407.7,22.83,21588.88
858,06/21/2026 09:58:45,20.96,5.38,4.70,20.95,33558.9,36675.4,23.03,21813.30
859,06/21/2026 10:13:45,21.10,5.23,4.59,21.10,32444.4,35338.9,22.11,21088.83
860,06/21/2026 10:28:45,21.21,5.09,4.48,21.19,32015.7,34800.8,21.74,20810.24
861,06/21/2026 10:43:45,21.32,5.06,4.46,21.33,31855.0,34518.0,21.55,20705.78
862,06/21/2026 10:58:45,21.46,4.91,4.34,21.45,31421.9,33956.4,21.17,20424.20
863,06/21/2026 11:13:45,21.58,4.85,4.29,21.56,31080.9,33501.7,20.86,20202.60
864,06/21/2026 11:28:45,21.55,4.77,4.22,21.53,30987.9,33426.3,20.81,20142.16
865,06/21/2026 11:43:45,21.64,4.69,4.16,21.63,30458.0,32777.2,20.37,19797.72
866,06/21/2026 11:58:45,21.76,4.64,4.12,21.76,30701.4,32945.7,20.49,19955.90
867,06/21/2026 12:13:45,21.82,4.55,4.05,21.79,29942.3,32107.3,19.92,19462.49
868,06/21/2026 12:28:45,21.78,4.50,4.01,21.77,29569.3,31720.2,19.65,19220.05
869,06/21/2026 12:43:45,22.02,4.67,4.17,22.04,29337.7,31284.3,19.36,19069.51
870,06/21/2026 12:58:45,22.29,4.73,4.23,22.31,29351.2,31107.1,19.25,19078.30
871,06/21/2026 13:13:45,22.48,4.73,4.24,22.45,29346.1,31006.6,19.19,19074.96
872,06/21/2026 13:28:45,22.44,4.88,4.35,22.41,29974.2,31697.7,19.66,19483.25
873,06/21/2026 13:43:45,22.56,4.86,4.34,22.55,29999.6,31623.6,19.61,19499.74
874,06/21/2026 13:58:45,22.15,4.78,4.25,22.10,30366.3,32337.9,20.09,19738.11
875,06/21/2026 14:13:45,22.06,4.53,4.02,21.98,30898.1,32990.1,20.53,20083.73
876,06/21/2026 14:28:45,21.89,4.69,4.16,21.85,31460.4,33687.6,21.00,20449.28
877,06/21/2026 14:43:45,21.86,4.99,4.41,21.83,32239.0,34537.6,21.59,20955.38
878,06/21/2026 14:58:45,21.96,5.61,4.93,21.96,33428.6,35711.2,22.40,21728.59
879,06/21/2026 15:13:45,22.02,6.09,5.32,22.00,34296.6,36606.5,23.03,22292.80
880,06/21/2026 15:28:45,21.92,6.34,5.53,21.88,35035.5,37493.2,23.64,22773.09
881,06/21/2026 15:43:45,21.89,6.67,5.79,21.86,36245.6,38806.3,24.56,23559.61
882,06/21/2026 15:58:45,21.69,6.89,6.00,21.59,34752.0,37433.4,23.58,22588.77
883,06/21/2026 16:13:45,21.34,7.26,6.31,21.25,35057.1,38052.3,24.00,22787.09
884,06/21/2026 16:28:45,21.08,7.58,6.55,21.01,36328.5,39653.4,25.11,23613.54
885,06/21/2026 16:43:45,20.95,7.87,6.78,20.90,36898.5,40372.1,25.61,23984.05
886,06/21/2026 16:58:45,20.85,8.11,6.98,20.81,36762.7,40309.1,25.56,23895.76
887,06/21/2026 17:13:45,20.71,8.30,7.22,20.62,34287.2,37758.0,23.76,22286.69
888,06/21/2026 17:28:45,20.50,8.32,7.17,20.42,36136.2,39984.1,25.31,23488.50
889,06/21/2026 17:43:45,20.26,8.43,7.23,20.19,37014.0,41171.9,26.13,24059.13
890,06/21/2026 17:58:45,20.14,8.46,7.26,20.07,36728.3,40970.9,25.98,23873.40
891,06/21/2026 18:13:45,19.97,8.56,7.31,19.92,37638.2,42135.7,26.79,24464.84
892,06/21/2026 18:28:45,19.91,8.40,7.17,19.88,37725.0,42271.3,26.88,24521.28
893,06/21/2026 18:43:45,19.92,7.62,6.50,19.89,37627.7,42150.4,26.80,24458.01
894,06/21/2026 18:58:45,19.98,8.07,6.90,19.96,37536.5,41983.6,26.69,24398.75
895,06/21/2026 19:13:45,19.99,8.35,7.15,20.07,37095.2,41374.4,26.26,24111.88
896,06/21/2026 19:28:45,20.41,8.22,7.07,20.45,36706.9,40587.5,25.73,23859.50
897,06/21/2026 19:43:45,20.59,7.92,6.80,20.56,37079.4,40892.0,25.95,24101.64
898,06/21/2026 19:58:45,20.71,7.86,6.77,20.72,36496.2,40099.4,25.40,23722.52
899,06/21/2026 20:13:45,20.85,7.72,6.64,20.83,36976.9,40527.2,25.71,24034.99
900,06/21/2026 20:28:45,20.97,7.44,6.46,20.97,35272.6,38535.1,24.32,22927.19
901,06/21/2026 20:43:45,21.06,7.14,6.24,21.05,33715.2,36760.7,23.09,21914.86
902,06/21/2026 20:58:45,21.16,6.89,6.03,21.16,33273.4,36195.0,22.70,21627.74
903,06/21/2026 21:13:45,21.29,6.59,5.75,21.28,34312.3,37218.6,23.42,22303.01
904,06/21/2026 21:28:45,21.40,6.32,5.48,21.39,35967.3,38918.5,24.61,23378.72
905,06/21/2026 21:43:45,21.50,6.06,5.34,21.48,32076.4,34635.6,21.64,20849.68
906,06/21/2026 21:58:45,21.57,5.86,5.17,21.55,31789.7,34272.6,21.39,20663.30
907,06/21/2026 22:13:45,21.62,5.65,4.96,21.60,32970.1,35504.5,22.24,21430.58
908,06/21/2026 22:28:45,21.66,5.46,4.84,21.63,30916.9,33268.8,20.71,20096.01
909,06/21/2026 22:43:45,21.68,5.26,4.61,21.65,33526.5,36062.2,22.63,21792.20
910,06/21/2026 22:58:45,21.68,5.09,4.53,21.65,30398.4,32699.8,20.32,19758.97
911,06/21/2026 23:13:45,21.68,4.90,4.37,21.65,29941.7,32208.5,19.98,19462.12
912,06/21/2026 23:28:45,21.67,4.78,4.27,21.65,29350.9,31575.0,19.55,19078.06
913,06/21/2026 23:43:45,21.66,4.62,4.14,21.62,28781.3,30979.1,19.14,18707.86
914,06/21/2026 23:58:45,21.65,4.53,4.03,21.62,29890.9,32177.7,19.96,19429.07
915,06/22/2026 00:13:45,21.63,4.39,3.92,21.61,29137.7,31373.3,19.41,18939.51
916,06/22/2026 00:28:45,21.61,4.29,3.81,21.58,30098.0,32427.0,20.13,19563.73
917,06/22/2026 00:43:45,21.59,4.23,3.74,21.56,31042.3,33460.1,20.83,20177.51
918,06/22/2026 00:58:45,21.57,4.15,3.74,21.53,27069.0,29195.0,17.93,17594.83
919,06/22/2026 01:13:45,21.54,3.96,3.55,21.51,28152.9,30376.4,18.73,18299.38
920,06/22/2026 01:28:45,21.49,3.97,3.57,21.45,27546.5,29766.4,18.32,17905.20
921,06/22/2026 01:43:45,21.40,3.61,3.25,21.37,26987.9,29216.3,17.94,17542.15
922,06/22/2026 01:58:45,21.37,3.04,2.73,21.35,27614.4,29906.7,18.41,17949.38
923,06/22/2026 02:13:45,21.49,4.14,3.65,21.51,31866.7,34388.2,21.47,20713.33
924,06/22/2026 02:28:45,21.51,4.00,3.59,21.49,28210.2,30456.8,18.78,18336.65
925,06/22/2026 02:43:45,21.50,4.19,3.75,21.46,28707.6,31012.7,19.16,18659.96
926,06/22/2026 02:58:45,21.46,4.47,3.95,21.42,31386.6,33936.7,21.16,20401.31
927,06/22/2026 03:13:45,21.37,4.80,4.27,21.31,29848.6,32354.8,20.07,19401.57
928,06/22/2026 03:28:45,21.22,5.20,4.52,21.17,35013.6,38080.1,24.01,22758.82
929,06/22/2026 03:43:45,21.08,5.49,4.85,21.03,31342.6,34197.1,21.32,20372.68
930,06/22/2026 03:58:45,20.93,5.76,5.05,20.87,32467.1,35550.2,22.24,21103.59
931,06/22/2026 04:13:45,20.75,6.01,5.22,20.70,34420.6,37839.7,23.82,22373.38
932,06/22/2026 04:28:45,20.67,6.22,5.44,20.63,33109.2,36458.2,22.86,21520.97
933,06/22/2026 04:43:45,20.54,6.52,5.71,20.48,32769.1,36203.4,22.68,21299.90
934,06/22/2026 04:58:45,20.37,6.86,5.99,20.30,33189.0,36819.9,23.09,21572.85
935,06/22/2026 05:13:45,20.13,7.08,6.16,20.04,33810.9,37742.7,23.72,21977.08
936,06/22/2026 05:28:45,19.87,7.27,6.32,19.78,33690.2,37840.3,23.77,21898.64
937,06/22/2026 05:43:45,19.66,7.40,6.34,19.59,36489.5,41169.3,26.09,23718.15
938,06/22/2026 05:58:45,19.51,7.42,6.41,19.46,34845.5,39436.7,24.87,22649.57
939,06/22/2026 06:13:45,19.39,7.40,6.32,19.36,36887.3,41839.3,26.54,23976.76
940,06/22/2026 06:28:45,19.33,7.38,6.32,19.29,36263.3,41201.5,26.09,23571.14
941,06/22/2026 06:43:45,19.29,7.03,6.05,19.27,35294.2,40126.0,25.34,22941.21
942,06/22/2026 06:58:45,19.34,7.08,6.09,19.34,35606.1,40408.9,25.54,23143.94
943,06/22/2026 07:13:45,19.36,7.35,6.34,19.37,34649.2,39295.1,24.76,22521.99
944,06/22/2026 07:28:45,19.65,7.24,6.30,19.69,33267.6,37447.1,23.50,21623.93
945,06/22/2026 07:43:45,19.87,6.90,6.03,19.92,32617.3,36514.8,22.86,21201.24
946,06/22/2026 07:58:45,20.07,6.76,5.90,20.04,32759.9,36567.0,22.91,21293.95
947,06/22/2026 08:13:45,20.07,6.70,5.85,20.08,32724.6,36497.1,22.86,21271.00
948,06/22/2026 08:28:45,20.30,6.62,5.79,20.30,32829.2,36428.3,22.82,21338.95
949,06/22/2026 08:43:45,20.47,6.42,5.56,20.48,35092.2,38775.3,24.46,22809.93
950,06/22/2026 08:58:45,20.63,6.20,5.44,20.62,32233.1,35495.9,22.20,20951.52
951,06/22/2026 09:13:45,20.75,6.05,5.32,20.75,32099.0,35243.8,22.03,20864.35
952,06/22/2026 09:28:45,20.86,5.91,5.19,20.85,32393.3,35486.5,22.20,21055.62
953,06/22/2026 09:43:45,20.99,5.73,5.05,20.99,31542.7,34446.0,21.49,20502.73
954,06/22/2026 09:58:45,21.12,5.54,4.86,21.12,32922.4,35840.0,22.46,21399.54
955,06/22/2026 10:13:45,21.28,5.37,4.75,21.28,31217.0,33861.1,21.10,20291.02
956,06/22/2026 10:28:45,21.42,5.21,4.62,21.42,30812.5,33318.2,20.73,20028.10
957,06/22/2026 10:43:45,21.58,5.11,4.53,21.58,30441.5,32799.2,20.38,19786.95
958,06/22/2026 10:58:45,21.72,4.98,4.37,21.71,33118.5,35575.4,22.30,21527.04
959,06/22/2026 11:13:45,21.87,4.90,4.31,21.86,32864.9,35184.5,22.03,21362.20
960,06/22/2026 11:28:45,22.02,4.80,4.23,22.01,32555.0,34738.4,21.73,21160.77
961,06/22/2026 11:43:45,22.06,4.70,4.15,22.03,32097.5,34236.4,21.39,20863.37
962,06/22/2026 11:58:45,22.03,4.60,4.07,21.99,31647.8,33786.1,21.07,20571.05
963,06/22/2026 12:13:45,22.02,4.55,4.04,21.99,31112.8,33214.9,20.68,20223.31
964,06/22/2026 12:28:45,22.03,4.52,4.02,22.01,30703.9,32760.9,20.37,19957.52
965,06/22/2026 12:43:45,22.08,4.52,4.03,22.05,30403.1,32407.3,20.13,19762.00
966,06/22/2026 12:58:45,22.08,4.49,4.00,22.05,30118.5,32110.5,19.93,19577.06
967,06/22/2026 13:13:45,22.04,4.46,3.98,22.02,29696.6,31681.8,19.63,19302.76
968,06/22/2026 13:28:45,22.03,4.38,3.91,22.01,29390.4,31359.4,19.42,19103.77
969,06/22/2026 13:43:45,22.07,4.24,3.79,22.04,29028.3,30950.2,19.14,18868.37
970,06/22/2026 13:58:45,22.11,4.50,4.02,22.11,29593.4,31502.1,19.52,19235.69
971,06/22/2026 14:13:45,22.15,4.28,3.82,22.14,29456.6,31339.8,19.41,19146.80
972,06/22/2026 14:28:45,22.15,3.97,3.55,22.12,29291.7,31174.7,19.29,19039.61
973,06/22/2026 14:43:45,22.01,4.32,3.85,21.97,30093.6,32139.8,19.95,19560.84
974,06/22/2026 14:58:45,21.95,4.08,3.63,21.91,30736.4,32870.4,20.44,19978.67
975,06/22/2026 15:13:45,21.93,4.33,3.82,21.89,32424.2,34687.0,21.69,21075.73
976,06/22/2026 15:28:45,21.90,4.60,4.05,21.86,32411.6,34699.2,21.70,21067.56
977,06/22/2026 15:43:45,21.84,5.06,4.45,21.81,33263.1,35653.9,22.36,21621.03
978,06/22/2026 15:58:45,21.82,5.63,4.89,21.78,35802.3,38401.4,24.27,23271.50
979,06/22/2026 16:13:45,21.77,6.00,5.23,21.74,34916.2,37483.7,23.63,22695.51
980,06/22/2026 16:28:45,21.71,6.36,5.53,21.68,35451.8,38104.9,24.06,23043.67
981,06/22/2026 16:43:45,21.65,6.69,5.82,21.61,35415.6,38127.6,24.07,23020.13
982,06/22/2026 16:58:45,21.54,6.89,5.97,21.49,35867.2,38723.6,24.48,23313.68
983,06/22/2026 17:13:45,21.34,7.25,6.23,21.28,37581.2,40764.3,25.90,24427.75
984,06/22/2026 17:28:45,21.12,7.53,6.46,21.05,37831.7,41251.8,26.23,24590.58
985,06/22/2026 17:43:45,20.90,7.80,6.70,20.85,37270.0,40828.9,25.92,24225.53
986,06/22/2026 17:58:45,20.75,8.02,6.87,20.70,37806.6,41556.3,26.43,24574.30
987,06/22/2026 18:13:45,20.63,8.12,6.94,20.58,37958.5,41844.1,26.62,24673.00
988,06/22/2026 18:28:45,20.48,8.20,7.00,20.43,38004.5,42039.8,26.75,24702.95
989,06/22/2026 18:43:45,20.33,8.25,7.04,20.28,38056.5,42243.3,26.89,24736.72
990,06/22/2026 18:58:45,20.24,8.21,7.00,20.20,38193.2,42477.6,27.05,24825.59
991,06/22/2026 19:13:45,20.18,8.04,6.88,20.15,37422.2,41666.4,26.47,24324.41
992,06/22/2026 19:28:45,20.18,7.20,6.16,20.16,37563.1,41817.5,26.58,24416.00
993,06/22/2026 19:43:45,20.23,7.97,6.83,20.21,37400.1,41584.0,26.42,24310.07
994,06/22/2026 19:58:45,20.27,8.12,6.95,20.25,37633.5,41805.7,26.58,24461.76
995,06/22/2026 20:13:45,20.48,7.88,6.77,20.47,36851.7,40722.2,25.83,23953.59
996,06/22/2026 20:28:45,20.61,7.59,6.52,20.59,37118.9,40910.1,25.97,24127.31
997,06/22/2026 20:43:45,20.67,7.57,6.50,20.65,37187.9,40929.8,25.98,24172.16
998,06/22/2026 20:58:45,20.79,7.25,6.24,20.78,36654.5,40218.0,25.49,23825.43
999,06/22/2026 21:13:45,20.90,7.08,6.09,20.92,37126.1,40607.2,25.77,24131.96
1000,06/22/2026 21:28:45,21.07,6.82,5.87,21.06,36814.5,40131.7,25.45,23929.42
1001,06/22/2026 21:43:45,21.17,6.58,5.72,21.16,34936.5,37999.0,23.96,22708.75
1002,06/22/2026 21:58:45,21.25,6.35,5.48,21.22,36467.0,39606.9,25.09,23703.55
1003,06/22/2026 22:13:45,21.30,6.17,5.35,21.28,35789.2,38825.9,24.54,23262.99
1004,06/22/2026 22:28:45,21.35,5.96,5.20,21.33,34171.6,37028.3,23.29,22211.56
1005,06/22/2026 22:43:45,21.40,5.68,4.95,21.37,34720.4,37584.6,23.68,22568.27
1006,06/22/2026 22:58:45,21.44,5.43,4.75,21.42,33861.9,36618.0,23.01,22010.21
1007,06/22/2026 23:13:45,21.45,5.25,4.59,21.43,33886.7,36630.0,23.02,22026.37
1008,06/22/2026 23:28:45,21.45,5.13,4.50,21.43,33471.4,36185.9,22.71,21756.38
1009,06/22/2026 23:43:45,21.44,5.00,4.39,21.42,32975.1,35659.1,22.34,21433.84
1010,06/22/2026 23:58:45,21.43,4.81,4.23,21.42,32577.5,35229.1,22.05,21175.36
1011,06/23/2026 00:13:45,21.42,4.76,4.18,21.40,32986.4,35685.8,22.36,21441.18
1012,06/23/2026 00:28:45,21.44,4.62,4.11,21.42,29683.8,32099.9,19.90,19294.48
1013,06/23/2026 00:43:45,21.43,4.49,4.01,21.42,29280.4,31663.7,19.60,19032.27
1014,06/23/2026 00:58:45,21.45,4.41,3.89,21.42,31912.7,34505.6,21.55,20743.28
1015,06/23/2026 01:13:45,21.45,4.31,3.84,21.43,29927.5,32354.6,20.07,19452.86
1016,06/23/2026 01:28:45,21.45,4.20,3.74,21.42,29979.5,32413.0,20.11,19486.65
1017,06/23/2026 01:43:45,21.45,4.10,3.67,21.42,28773.1,31110.9,19.23,18702.53
1018,06/23/2026 01:58:45,21.45,4.05,3.64,21.42,27739.3,29997.1,18.47,18030.56
1019,06/23/2026 02:13:45,21.44,4.01,3.58,21.40,29071.7,31446.5,19.45,18896.62
1020,06/23/2026 02:28:45,21.40,3.90,3.49,21.37,28516.3,30873.0,19.06,18535.61
1021,06/23/2026 02:43:45,21.33,3.73,3.35,21.29,27650.1,29986.0,18.46,17972.56
1022,06/23/2026 02:58:45,21.31,3.42,3.07,21.29,27845.8,30198.2,18.60,18099.74
1023,06/23/2026 03:13:45,21.37,4.07,3.64,21.35,28937.1,31341.2,19.38,18809.09
1024,06/23/2026 03:28:45,21.36,3.97,3.52,21.32,30426.6,32974.6,20.49,19777.29
1025,06/23/2026 03:43:45,21.33,4.08,3.59,21.30,32067.0,34771.2,21.73,20843.52
1026,06/23/2026 03:58:45,21.29,4.29,3.78,21.25,31706.6,34413.2,21.48,20609.27
1027,06/23/2026 04:13:45,21.23,4.63,4.05,21.18,33463.2,36384.0,22.84,21751.06
1028,06/23/2026 04:28:45,21.12,4.98,4.36,21.07,33546.1,36563.8,22.95,21804.95
1029,06/23/2026 04:43:45,20.98,5.36,4.68,20.93,34112.0,37300.3,23.46,22172.80
1030,06/23/2026 04:58:45,20.86,5.62,4.89,20.82,34522.4,37847.5,23.83,22439.59
1031,06/23/2026 05:13:45,20.70,6.00,5.20,20.64,35061.9,38595.1,24.35,22790.22
1032,06/23/2026 05:28:45,20.57,6.23,5.39,20.53,35358.6,39023.8,24.64,22983.06
1033,06/23/2026 05:43:45,20.48,6.45,5.57,20.43,35637.0,39420.8,24.91,23164.03
1034,06/23/2026 05:58:45,20.35,6.66,5.74,20.30,36054.2,40006.9,25.32,23435.25
1035,06/23/2026 06:13:45,20.19,6.85,5.89,20.13,36478.2,40638.0,25.75,23710.85
1036,06/23/2026 06:28:45,20.02,7.06,6.05,19.96,36781.7,41130.8,26.08,23908.12
1037,06/23/2026 06:43:45,19.87,7.16,6.13,19.82,37090.4,41621.4,26.42,24108.79
1038,06/23/2026 06:58:45,19.74,7.27,6.21,19.69,37215.4,41887.9,26.60,24190.02
1039,06/23/2026 07:13:45,19.66,7.27,6.21,19.61,37272.1,42025.6,26.69,24226.84
1040,06/23/2026 07:28:45,19.61,7.20,6.15,19.58,37252.3,42038.9,26.70,24214.02
1041,06/23/2026 07:43:45,19.59,6.60,5.64,19.58,37074.0,41837.6,26.56,24098.09
1042,06/23/2026 07:58:45,19.65,6.84,5.85,19.62,37026.6,41745.8,26.50,24067.26
1043,06/23/2026 08:13:45,19.74,7.00,6.00,19.76,36594.3,41119.4,26.06,23786.27
1044,06/23/2026 08:28:45,19.93,6.83,5.87,19.93,36279.1,40605.7,25.71,23581.42
1045,06/23/2026 08:43:45,20.09,6.49,5.60,20.09,35687.9,39790.9,25.15,23197.15
1046,06/23/2026 08:58:45,20.05,6.56,5.64,20.01,36075.6,40296.2,25.50,23449.17
1047,06/23/2026 09:13:45,20.13,6.46,5.57,20.12,35771.8,39859.5,25.20,23251.70
1048,06/23/2026 09:28:45,20.25,6.38,5.51,20.24,35285.0,39199.6,24.75,22935.25
1049,06/23/2026 09:43:45,20.35,6.20,5.37,20.35,35027.2,38821.5,24.49,22767.70
1050,06/23/2026 09:58:45,20.46,5.96,5.17,20.45,34758.6,38433.2,24.22,22593.09
1051,06/23/2026 10:13:45,20.56,5.79,5.03,20.55,34518.5,38073.0,23.98,22437.01
1052,06/23/2026 10:28:45,20.68,5.57,4.85,20.68,34143.0,37547.4,23.62,22192.97
1053,06/23/2026 10:43:45,20.79,5.34,4.66,20.78,33701.7,36978.1,23.23,21906.08
1054,06/23/2026 10:58:45,20.88,5.12,4.48,20.87,33286.3,36447.3,22.86,21636.08
1055,06/23/2026 11:13:45,20.96,4.93,4.32,20.94,32826.0,35886.7,22.48,21336.90
1056,06/23/2026 11:28:45,21.01,4.82,4.24,21.00,32509.7,35494.7,22.21,21131.28
1057,06/23/2026 11:43:45,21.11,4.67,4.11,21.10,32098.7,34962.4,21.85,20864.16
1058,06/23/2026 11:58:45,21.18,4.52,3.98,21.17,31752.4,34531.0,21.55,20639.06
1059,06/23/2026 12:13:45,21.23,4.49,3.97,21.21,31325.2,34036.3,21.22,20361.37
1060,06/23/2026 12:28:45,21.25,4.44,3.93,21.22,31026.2,33702.2,20.99,20167.03
1061,06/23/2026 12:43:45,21.26,4.37,3.87,21.23,30568.5,33196.0,20.64,19869.51
1062,06/23/2026 12:58:45,21.28,4.27,3.79,21.25,30147.6,32723.4,20.32,19595.95
1063,06/23/2026 13:13:45,21.29,4.25,3.78,21.27,29806.5,32342.1,20.06,19374.23
1064,06/23/2026 13:28:45,21.32,4.22,3.76,21.31,29344.1,31810.1,19.70,19073.66
1065,06/23/2026 13:43:45,21.36,4.18,3.74,21.33,29056.1,31480.8,19.47,18886.45
1066,06/23/2026 13:58:45,21.38,4.18,3.74,21.36,28707.6,31082.1,19.20,18659.91
1067,06/23/2026 14:13:45,21.45,4.28,3.83,21.45,28429.9,30723.2,18.96,18479.46
1068,06/23/2026 14:28:45,21.52,4.17,3.73,21.50,28185.0,30419.3,18.76,18320.26
1069,06/23/2026 14:43:45,21.57,4.33,3.88,21.55,28194.6,30398.8,18.75,18326.46
1070,06/23/2026 14:58:45,21.56,4.34,3.88,21.52,28885.7,31165.0,19.27,18775.73
1071,06/23/2026 15:13:45,21.60,4.02,3.60,21.58,28843.8,31077.8,19.21,18748.49
1072,06/23/2026 15:28:45,21.54,4.15,3.71,21.40,29266.3,31659.2,19.60,19023.12
1073,06/23/2026 15:43:45,21.38,4.15,3.70,21.35,29691.4,32156.0,19.93,19299.38
1074,06/23/2026 15:58:45,21.33,4.12,3.66,21.31,30464.6,33022.6,20.52,19802.00
1075,06/23/2026 16:13:45,21.34,4.24,3.75,21.30,31135.8,33757.0,21.03,20238.26
1076,06/23/2026 16:28:45,21.32,4.50,3.96,21.29,31829.1,34520.4,21.55,20688.91
1077,06/23/2026 16:43:45,21.31,4.84,4.25,21.28,32458.2,35207.4,22.03,21097.80
1078,06/23/2026 16:58:45,21.26,5.22,4.57,21.22,33416.7,36301.4,22.78,21720.87
1079,06/23/2026 17:13:45,21.15,5.57,4.87,21.09,33836.5,36860.2,23.16,21993.73
1080,06/23/2026 17:28:45,21.01,6.02,5.24,20.96,34449.8,37646.4,23.70,22392.35
1081,06/23/2026 17:43:45,20.87,6.27,5.43,20.82,35197.8,38585.3,24.35,22878.59
1082,06/23/2026 17:58:45,20.69,6.59,5.71,20.62,35256.4,38825.2,24.51,22916.63
1083,06/23/2026 18:13:45,20.50,6.90,5.96,20.43,35640.3,39421.8,24.91,23166.21
1084,06/23/2026 18:28:45,20.32,7.21,6.21,20.27,36101.9,40087.6,25.37,23466.22
1085,06/23/2026 18:43:45,20.16,7.49,6.43,20.11,36575.1,40763.0,25.84,23773.81
1086,06/23/2026 18:58:45,20.02,7.69,6.67,19.96,34393.8,38460.5,24.22,22355.96
1087,06/23/2026 19:13:45,19.90,7.79,6.67,19.85,36922.1,41403.5,26.27,23999.38
1088,06/23/2026 19:28:45,19.80,7.88,6.71,19.75,37853.7,42540.6,27.07,24604.93
1089,06/23/2026 19:43:45,19.71,7.84,6.72,19.68,36595.8,41199.2,26.12,23787.24
1090,06/23/2026 19:58:45,19.66,7.79,6.66,19.63,36804.2,41483.5,26.31,23922.76
1091,06/23/2026 20:13:45,19.63,7.59,6.47,19.60,37672.8,42486.4,27.02,24487.30
1092,06/23/2026 20:28:45,19.62,6.89,5.87,19.61,37696.2,42509.8,27.03,24502.56
1093,06/23/2026 20:43:45,19.66,7.47,6.38,19.63,37260.1,41994.3,26.67,24219.07
1094,06/23/2026 20:58:45,19.78,7.59,6.59,19.80,33893.6,38050.0,23.92,22030.81
1095,06/23/2026 21:13:45,19.97,7.43,6.46,19.94,33714.5,37724.6,23.70,21914.43
1096,06/23/2026 21:28:45,20.10,7.11,6.20,20.06,33176.1,37016.0,23.22,21564.45
1097,06/23/2026 21:43:45,20.13,6.96,6.00,20.15,35706.3,39758.7,25.13,23209.06
1098,06/23/2026 21:58:45,20.25,6.77,5.86,20.24,35166.5,39067.9,24.66,22858.23
1099,06/23/2026 22:13:45,20.37,6.57,5.67,20.37,35627.2,39461.9,24.94,23157.70
1100,06/23/2026 22:28:45,20.51,6.28,5.44,20.51,35173.2,38835.3,24.51,22862.60
1101,06/23/2026 22:43:45,20.62,6.04,5.24,20.60,34914.6,38464.8,24.25,22694.51
1102,06/23/2026 22:58:45,20.71,5.83,5.10,20.70,33144.7,36437.0,22.85,21544.05
1103,06/23/2026 23:13:45,20.81,5.52,4.86,20.79,31856.6,34944.1,21.82,20706.79
1104,06/23/2026 23:28:45,20.90,5.26,4.63,20.89,32033.9,35061.5,21.91,20822.03
1105,06/23/2026 23:43:45,20.99,4.99,4.39,20.97,32282.2,35270.5,22.06,20983.46
1106,06/23/2026 23:58:45,21.04,4.79,4.26,21.02,29953.0,32687.7,20.28,19469.47
1107,06/24/2026 00:13:45,21.08,4.61,4.06,21.06,32027.9,34916.2,21.82,20818.13
1108,06/24/2026 00:28:45,21.11,4.44,3.92,21.09,31488.8,34305.1,21.40,20467.75
1109,06/24/2026 00:43:45,21.14,4.29,3.79,21.11,31461.0,34260.8,21.37,20449.67
1110,06/24/2026 00:58:45,21.16,4.16,3.69,21.13,30414.8,33105.7,20.57,19769.65
1111,06/24/2026 01:13:45,21.17,4.08,3.63,21.14,29580.1,32192.8,19.95,19227.09
1112,06/24/2026 01:28:45,21.17,4.01,3.57,21.14,29706.5,32323.7,20.04,19309.25
1113,06/24/2026 01:43:45,21.17,3.94,3.54,21.14,27253.0,29654.0,18.23,17714.44
1114,06/24/2026 01:58:45,21.17,3.89,3.50,21.15,26810.4,29166.5,17.90,17426.78
1115,06/24/2026 02:13:45,21.18,3.80,3.43,21.14,26400.2,28726.1,17.60,17160.14
1116,06/24/2026 02:28:45,21.17,3.75,3.37,21.14,27365.5,29778.5,18.31,17787.59
1117,06/24/2026 02:43:45,21.16,3.74,3.40,21.13,24695.7,26882.4,16.37,16052.17
1118,06/24/2026 02:58:45,21.14,3.68,3.31,21.11,27052.1,29455.5,18.09,17583.87
1119,06/24/2026 03:13:45,21.12,3.60,3.23,21.09,27315.2,29760.3,18.30,17754.89
1120,06/24/2026 03:28:45,21.08,3.58,3.21,21.04,27778.8,30298.5,18.66,18056.25
1121,06/24/2026 03:43:45,21.02,3.51,3.15,20.99,27645.5,30188.0,18.58,17969.56
1122,06/24/2026 03:58:45,21.00,3.05,2.75,20.95,27015.5,29526.3,18.14,17560.04
1123,06/24/2026 04:13:45,20.94,3.24,2.91,20.90,27942.4,30572.9,18.84,18162.57
1124,06/24/2026 04:28:45,21.01,3.58,3.19,20.99,28724.2,31366.0,19.38,18670.74
1125,06/24/2026 04:43:45,21.01,3.67,3.27,20.97,29560.7,32292.6,20.01,19214.44
1126,06/24/2026 04:58:45,20.96,3.85,3.42,20.92,30289.3,33124.8,20.58,19688.04
1127,06/24/2026 05:13:45,20.89,4.05,3.58,20.85,31034.4,34000.2,21.18,20172.35
1128,06/24/2026 05:28:45,20.78,4.36,3.83,20.73,31836.7,34972.6,21.84,20693.84
1129,06/24/2026 05:43:45,20.65,4.66,4.08,20.59,32564.4,35885.5,22.46,21166.86
1130,06/24/2026 05:58:45,20.51,4.92,4.29,20.45,33259.4,36773.0,23.07,21618.61
1131,06/24/2026 06:13:45,20.36,5.20,4.53,20.30,33844.1,37551.8,23.60,21998.64
1132,06/24/2026 06:28:45,20.20,5.48,4.76,20.16,34225.1,38098.8,23.98,22246.29
1133,06/24/2026 06:43:45,20.11,5.73,4.96,20.05,34532.0,38534.3,24.27,22445.79
1134,06/24/2026 06:58:45,19.96,6.04,5.22,19.91,35069.9,39265.9,24.77,22795.43
1135,06/24/2026 07:13:45,19.83,6.30,5.43,19.78,35479.1,39849.6,25.17,23061.43
1136,06/24/2026 07:28:45,19.72,6.45,5.54,19.66,35843.5,40372.1,25.53,23298.25
1137,06/24/2026 07:43:45,19.58,6.61,5.67,19.52,36173.9,40873.7,25.88,23513.02
1138,06/24/2026 07:58:45,19.46,6.72,5.76,19.42,36356.3,41181.5,26.09,23631.58
1139,06/24/2026 08:13:45,19.38,6.80,5.82,19.34,36504.8,41431.7,26.26,23728.09
1140,06/24/2026 08:28:45,19.33,6.75,5.78,19.30,36565.3,41532.9,26.33,23767.47
1141,06/24/2026 08:43:45,19.34,6.10,5.22,19.32,36601.0,41558.6,26.34,23790.62
1142,06/24/2026 08:58:45,19.39,6.40,5.48,19.37,36518.1,41417.6,26.25,23736.79
1143,06/24/2026 09:13:45,19.75,6.64,5.70,19.77,36269.5,40748.7,25.80,23575.15
1144,06/24/2026 09:28:45,20.00,6.46,5.56,20.01,35933.5,40140.2,25.39,23356.79
1145,06/24/2026 09:43:45,20.10,6.14,5.31,20.19,35118.3,39060.5,24.65,22826.91
1146,06/24/2026 09:58:45,20.23,6.07,5.26,20.27,34910.3,38759.1,24.44,22691.71
1147,06/24/2026 10:13:45,20.27,6.00,5.19,20.24,34981.6,38870.6,24.52,22738.04
1148,06/24/2026 10:28:45,20.25,5.92,5.13,20.23,34846.4,38723.1,24.41,22650.17
1149,06/24/2026 10:43:45,20.57,5.80,5.04,20.58,34546.3,38082.7,23.99,22455.12
1150,06/24/2026 10:58:45,20.73,5.55,4.84,20.72,34055.1,37417.3,23.53,22135.79
1151,06/24/2026 11:13:45,20.88,5.39,4.70,20.87,33726.0,36931.3,23.20,21921.92
1152,06/24/2026 11:28:45,21.02,5.23,4.57,21.03,33401.1,36438.2,22.87,21710.75
1153,06/24/2026 11:43:45,21.20,5.05,4.48,21.20,30399.3,33037.0,20.53,19759.55
1154,06/24/2026 11:58:45,21.40,4.90,4.35,21.41,30040.3,32489.8,20.16,19526.17
1155,06/24/2026 12:13:45,21.53,4.79,4.23,21.54,32071.3,34587.9,21.61,20846.35
1156,06/24/2026 12:28:45,21.69,4.66,4.12,21.67,31597.2,33973.2,21.19,20538.16
1157,06/24/2026 12:43:45,21.83,4.67,4.13,21.82,31437.6,33688.1,21.00,20434.45
1158,06/24/2026 12:58:45,21.91,4.59,4.07,21.88,31040.4,33217.8,20.68,20176.27
1159,06/24/2026 13:13:45,21.98,4.55,4.05,21.97,30741.2,32831.4,20.42,19981.77
1160,06/24/2026 13:28:45,22.10,4.57,4.07,22.11,30500.3,32471.8,20.18,19825.17
1161,06/24/2026 13:43:45,22.16,4.52,4.02,22.14,30166.4,32092.8,19.92,19608.15
1162,06/24/2026 13:58:45,22.19,4.49,4.00,22.15,29710.7,31601.6,19.58,19311.92
1163,06/24/2026 14:13:45,22.25,4.50,4.02,22.27,29352.4,31139.4,19.27,19079.08
1164,06/24/2026 14:28:45,22.38,4.50,4.03,22.39,29087.6,30776.5,19.03,18906.95
1165,06/24/2026 14:43:45,22.49,4.55,4.08,22.49,28800.6,30399.9,18.78,18720.37
1166,06/24/2026 14:58:45,22.59,4.52,4.06,22.57,28412.7,29940.8,18.47,18468.24
1167,06/24/2026 15:13:45,22.56,4.48,4.03,22.55,28157.8,29682.1,18.29,18302.60
1168,06/24/2026 15:28:45,22.71,4.59,4.13,22.72,27975.7,29383.0,18.10,18184.22
1169,06/24/2026 15:43:45,22.90,4.74,4.25,22.78,29279.3,30709.5,19.00,19031.55
1170,06/24/2026 15:58:45,22.90,4.80,4.30,22.93,29136.6,30459.3,18.83,18938.81
1171,06/24/2026 16:13:45,22.95,4.73,4.25,22.89,28704.7,30037.4,18.54,18658.04
1172,06/24/2026 16:28:45,22.33,4.44,3.97,22.27,29462.8,31256.5,19.35,19150.82
1173,06/24/2026 16:43:45,22.24,4.46,3.97,22.23,30371.2,32243.8,20.03,19741.25
1174,06/24/2026 16:58:45,22.30,4.70,4.17,22.29,31083.2,32955.8,20.52,20204.09
1175,06/24/2026 17:13:45,22.31,4.91,4.34,22.30,31896.0,33810.8,21.10,20732.37
1176,06/24/2026 17:28:45,22.40,5.32,4.70,22.39,32641.1,34531.7,21.60,21216.75
1177,06/24/2026 17:43:45,22.47,5.79,5.09,22.46,33595.4,35484.6,22.27,21837.03
1178,06/24/2026 17:58:45,22.46,6.19,5.42,22.43,34534.7,36503.4,22.97,22447.57
1179,06/24/2026 18:13:45,22.31,6.61,5.77,22.27,35341.4,37488.0,23.65,22971.89
1180,06/24/2026 18:28:45,22.13,6.96,6.05,22.08,35920.7,38265.7,24.19,23348.46
1181,06/24/2026 18:43:45,21.97,7.19,6.24,21.90,36124.6,38640.5,24.44,23481.02
1182,06/24/2026 18:58:45,21.74,7.60,6.58,21.68,36645.0,39395.4,24.96,23819.28
1183,06/24/2026 19:13:45,21.59,7.91,6.82,21.54,37110.4,40014.3,25.39,24121.73
1184,06/24/2026 19:28:45,21.50,8.24,7.09,21.46,37560.3,40579.0,25.78,24414.18
1185,06/24/2026 19:43:45,21.42,8.46,7.27,21.39,37728.3,40826.8,25.95,24523.41
1186,06/24/2026 19:58:45,21.37,8.70,7.46,21.31,38144.2,41344.1,26.31,24793.70
1187,06/24/2026 20:13:45,21.25,8.81,7.54,21.19,38281.7,41609.0,26.49,24883.11
1188,06/24/2026 20:28:45,21.12,8.85,7.58,21.07,38206.7,41640.9,26.51,24834.36
1189,06/24/2026 20:43:45,21.01,8.92,7.60,20.96,39130.0,42760.9,27.30,25434.49
1190,06/24/2026 20:58:45,20.94,8.92,7.62,20.89,38576.6,42216.8,26.91,25074.78
1191,06/24/2026 21:13:45,20.89,8.61,7.37,20.86,38093.5,41719.6,26.55,24760.80
1192,06/24/2026 21:28:45,20.93,8.04,6.87,20.92,38540.4,42151.3,26.86,25051.29
1193,06/24/2026 21:43:45,20.94,8.52,7.28,20.91,38416.4,42030.0,26.78,24970.66
1194,06/24/2026 21:58:45,21.11,8.49,7.28,21.11,38069.9,41455.0,26.38,24745.45
1195,06/24/2026 22:13:45,21.26,8.07,6.98,21.25,36350.8,39459.2,24.98,23628.00
1196,06/24/2026 22:28:45,21.35,7.77,6.69,21.34,37353.5,40459.7,25.69,24279.79
1197,06/24/2026 22:43:45,21.41,7.64,6.58,21.39,37127.8,40177.1,25.49,24133.10
1198,06/24/2026 22:58:45,21.46,7.48,6.45,21.45,36914.6,39889.5,25.30,23994.48
1199,06/24/2026 23:13:45,21.59,7.16,6.19,21.58,36454.4,39275.2,24.87,23695.39
1200,06/24/2026 23:28:45,21.68,6.83,5.94,21.66,35337.3,37999.7,23.98,22969.22
1201,06/24/2026 23:43:45,21.76,6.54,5.70,21.75,34897.7,37456.3,23.61,22683.53
1202,06/24/2026 23:58:45,21.83,6.27,5.46,21.82,35264.7,37786.6,23.84,22922.05
1203,06/25/2026 00:13:45,21.91,5.92,5.17,21.90,34670.0,37084.5,23.35,22535.47
1204,06/25/2026 00:28:45,21.96,5.62,4.92,21.95,34097.1,36432.6,22.90,22163.08
1205,06/25/2026 00:43:45,22.00,5.36,4.71,21.97,33551.8,35830.7,22.49,21808.64
1206,06/25/2026 00:58:45,22.00,5.11,4.50,21.99,33066.6,35300.8,22.12,21493.30
1207,06/25/2026 01:13:45,22.00,4.91,4.33,21.98,32628.5,34840.1,21.80,21208.51
1208,06/25/2026 01:28:45,21.98,4.74,4.19,21.95,32158.6,34359.0,21.47,20903.07
1209,06/25/2026 01:43:45,21.97,4.53,4.01,21.93,31556.6,33729.4,21.03,20511.79
1210,06/25/2026 01:58:45,21.92,4.41,3.91,21.89,31140.2,33313.3,20.75,20241.10
1211,06/25/2026 02:13:45,21.89,4.30,3.82,21.86,30726.0,32894.6,20.46,19971.88
1212,06/25/2026 02:28:45,21.87,4.17,3.71,21.84,30317.5,32474.7,20.17,19706.35
1213,06/25/2026 02:43:45,21.83,4.08,3.63,21.79,29909.1,32069.5,19.89,19440.89
1214,06/25/2026 02:58:45,21.79,3.99,3.56,21.77,29605.5,31763.2,19.68,19243.54
1215,06/25/2026 03:13:45,21.77,3.87,3.46,21.74,29269.8,31422.1,19.45,19025.38
1216,06/25/2026 03:28:45,21.74,3.83,3.42,21.71,29017.8,31172.6,19.28,18861.60
1217,06/25/2026 03:43:45,21.71,3.72,3.33,21.68,28740.8,30893.8,19.09,18681.54
1218,06/25/2026 03:58:45,21.69,3.75,3.36,21.65,28366.3,30509.7,18.83,18438.07
1219,06/25/2026 04:13:45,21.65,3.60,3.23,21.60,28141.4,30302.6,18.68,18291.92
1220,06/25/2026 04:28:45,21.57,3.53,3.17,21.53,28052.3,30255.6,18.65,18233.99
1221,06/25/2026 04:43:45,21.51,3.49,3.13,21.47,28325.7,30591.8,18.87,18411.70
1222,06/25/2026 04:58:45,21.48,3.19,2.86,21.44,28240.7,30520.7,18.83,18356.47
1223,06/25/2026 05:13:45,21.41,3.43,3.07,21.38,28066.3,30375.4,18.72,18243.08
1224,06/25/2026 05:28:45,21.58,3.73,3.33,21.59,28795.3,31017.1,19.17,18716.93
1225,06/25/2026 05:43:45,21.64,3.76,3.35,21.60,29550.9,31820.3,19.71,19208.10
1226,06/25/2026 05:58:45,21.61,4.02,3.57,21.57,30345.0,32697.5,20.31,19724.28
1227,06/25/2026 06:13:45,21.55,4.22,3.74,21.50,30982.3,33438.4,20.82,20138.52
1228,06/25/2026 06:28:45,21.42,4.60,4.07,21.37,31000.5,33555.6,20.89,20150.33
1229,06/25/2026 06:43:45,21.30,5.00,4.41,21.25,31925.5,34657.9,21.65,20751.58
1230,06/25/2026 06:58:45,21.17,5.34,4.69,21.12,32649.8,35548.1,22.25,21222.35
1231,06/25/2026 07:13:45,21.05,5.70,4.99,21.00,33291.8,36341.2,22.80,21639.66
1232,06/25/2026 07:28:45,20.95,5.90,5.16,20.91,33714.5,36878.3,23.17,21914.45
1233,06/25/2026 07:43:45,20.94,6.16,5.37,20.91,34219.6,37438.4,23.55,22242.72
1234,06/25/2026 07:58:45,20.89,6.51,5.66,20.85,34730.9,38044.7,23.97,22575.06
1235,06/25/2026 08:13:45,20.83,6.81,5.90,20.78,35244.3,38668.0,24.41,22908.78
1236,06/25/2026 08:28:45,20.73,7.05,6.10,20.68,35580.1,39127.8,24.72,23127.07
1237,06/25/2026 08:43:45,20.61,7.25,6.26,20.56,35874.4,39563.1,25.02,23318.37
1238,06/25/2026 08:58:45,20.51,7.30,6.30,20.46,36080.3,39880.9,25.24,23452.22
1239,06/25/2026 09:13:45,20.45,7.35,6.33,20.42,36152.9,39999.8,25.32,23499.36
1240,06/25/2026 09:28:45,20.45,6.92,5.96,20.43,36206.8,40048.4,25.35,23534.45
1241,06/25/2026 09:43:45,20.48,6.64,5.72,20.47,36162.2,39963.2,25.29,23505.46
1242,06/25/2026 09:58:45,20.64,7.18,6.20,20.75,36198.3,39742.0,25.16,23528.86
1243,06/25/2026 10:13:45,21.08,7.00,6.06,21.17,35793.5,38925.8,24.61,23265.80
1244,06/25/2026 10:28:45,20.96,6.81,5.89,20.89,35633.1,39003.6,24.65,23161.53
1245,06/25/2026 10:43:45,21.11,6.58,5.71,21.06,35322.3,38510.3,24.31,22959.49
1246,06/25/2026 10:58:45,21.08,6.47,5.61,21.06,35281.9,38463.6,24.28,22933.20
1247,06/25/2026 11:13:45,21.21,6.28,5.46,21.19,35013.0,38061.4,24.00,22758.46
1248,06/25/2026 11:28:45,21.52,6.15,5.37,21.60,34528.4,37185.0,23.41,22443.43
1249,06/25/2026 11:43:45,21.67,5.92,5.18,21.66,34112.7,36687.8,23.07,22173.25
1250,06/25/2026 11:58:45,21.72,5.70,4.99,21.71,33569.4,36059.7,22.63,21820.12
1251,06/25/2026 12:13:45,21.83,5.54,4.87,21.83,33151.7,35517.7,22.26,21548.60
1252,06/25/2026 12:28:45,21.95,5.33,4.70,21.94,32776.6,35024.1,21.93,21304.82
1253,06/25/2026 12:43:45,22.16,5.15,4.55,22.18,32112.1,34135.4,21.32,20872.87
1254,06/25/2026 12:58:45,21.19,5.96,5.23,21.91,33604.3,35932.6,22.55,21842.79
1255,06/25/2026 13:13:45,21.99,5.09,4.48,21.97,33149.9,35399.2,22.19,21547.41
1256,06/25/2026 13:28:45,22.09,4.96,4.37,22.07,32749.9,34899.5,21.85,21287.43
1257,06/25/2026 13:43:45,22.15,4.85,4.28,22.15,32339.4,34397.6,21.50,21020.60
1258,06/25/2026 13:58:45,22.27,4.77,4.22,22.27,31920.1,33863.4,21.14,20748.04
1259,06/25/2026 14:13:45,22.47,4.74,4.20,22.53,31587.0,33316.8,20.77,20531.55
1260,06/25/2026 14:28:45,22.59,4.68,4.15,22.56,31411.9,33108.0,20.63,20417.76
1261,06/25/2026 14:43:45,22.67,4.62,4.11,22.65,30680.6,32270.9,20.06,19942.40
1262,06/25/2026 14:58:45,22.64,4.63,4.13,22.62,30342.7,31938.7,19.83,19722.76
1263,06/25/2026 15:13:45,22.70,4.66,4.17,22.70,29882.7,31402.5,19.47,19423.76
1264,06/25/2026 15:28:45,22.84,4.68,4.19,22.85,29625.5,31029.6,19.22,19256.55
1265,06/25/2026 15:43:45,22.96,4.72,4.23,22.95,29294.4,30610.1,18.93,19041.33
1266,06/25/2026 15:58:45,22.97,4.66,4.18,22.96,29039.2,30341.5,18.75,18875.50
1267,06/25/2026 16:13:45,23.06,4.54,4.08,23.05,28954.9,30191.9,18.65,18820.70
1268,06/25/2026 16:28:45,23.29,4.88,4.38,23.24,29745.6,30884.4,19.13,19334.62
1269,06/25/2026 16:43:45,23.09,4.92,4.41,22.94,29564.1,30898.0,19.13,19216.65
1270,06/25/2026 16:58:45,22.97,4.99,4.47,23.00,29314.6,30603.1,18.93,19054.50
1271,06/25/2026 17:13:45,22.74,4.58,4.08,22.70,30515.0,32062.7,19.92,19834.72
1272,06/25/2026 17:28:45,22.70,4.59,4.08,22.71,31166.5,32740.7,20.38,20258.19
1273,06/25/2026 17:43:45,22.80,4.70,4.17,22.78,31634.6,33182.1,20.69,20562.49
1274,06/25/2026 17:58:45,22.78,4.89,4.33,22.76,32286.1,33876.6,21.17,20985.96
1275,06/25/2026 18:13:45,22.84,5.28,4.66,22.83,33094.0,34673.9,21.72,21511.07
1276,06/25/2026 18:28:45,22.88,5.68,5.00,22.88,33824.6,35404.4,22.23,21985.96
1277,06/25/2026 18:43:45,22.87,6.05,5.30,22.85,34629.7,36268.7,22.82,22509.33
1278,06/25/2026 18:58:45,22.85,6.47,5.65,22.83,35475.7,37166.9,23.45,23059.22
1279,06/25/2026 19:13:45,22.79,6.92,6.02,22.75,36298.3,38101.5,24.10,23593.86
1280,06/25/2026 19:28:45,22.66,7.41,6.44,22.62,36696.0,38623.6,24.46,23852.43
1281,06/25/2026 19:43:45,22.51,7.77,6.73,22.46,37078.8,39169.1,24.84,24101.24
1282,06/25/2026 19:58:45,22.33,8.18,7.06,22.28,37569.8,39843.9,25.30,24420.40
1283,06/25/2026 20:13:45,22.18,8.59,7.40,22.13,38111.3,40555.8,25.80,24772.33
1284,06/25/2026 20:28:45,22.06,9.05,7.77,22.01,38491.2,41067.1,26.15,25019.26
1285,06/25/2026 20:43:45,21.95,9.37,8.03,21.90,38791.9,41493.6,26.45,25214.77
1286,06/25/2026 20:58:45,21.84,9.56,8.19,21.79,38902.7,41715.7,26.60,25286.78
1287,06/25/2026 21:13:45,21.74,9.62,8.23,21.69,39023.6,41941.1,26.76,25365.32
1288,06/25/2026 21:28:45,21.66,9.69,8.29,21.62,39023.0,42008.5,26.80,25364.95
1289,06/25/2026 21:43:45,21.58,9.55,8.15,21.54,39483.9,42576.5,27.20,25664.57
1290,06/25/2026 21:58:45,21.56,9.01,7.70,21.54,39144.0,42209.9,26.94,25443.59
1291,06/25/2026 22:13:45,21.58,8.70,7.44,21.55,39103.0,42157.2,26.90,25416.96
1292,06/25/2026 22:28:45,21.60,9.26,7.92,21.55,39087.4,42137.5,26.89,25406.79
1293,06/25/2026 22:43:45,21.70,9.38,8.03,21.73,38871.1,41735.1,26.61,25266.20
1294,06/25/2026 22:58:45,21.88,8.98,7.70,21.85,38626.9,41364.2,26.36,25107.45
1295,06/25/2026 23:13:45,21.91,8.63,7.41,21.91,38280.6,40938.4,26.06,24882.42
1296,06/25/2026 23:28:45,21.95,8.57,7.37,21.95,38212.1,40829.5,25.98,24837.85
1297,06/25/2026 23:43:45,22.07,8.06,6.95,22.07,37720.9,40191.4,25.54,24518.55
1298,06/25/2026 23:58:45,22.18,7.58,6.55,22.19,37175.4,39504.5,25.06,24164.01
1299,06/26/2026 00:13:45,22.31,7.20,6.24,22.31,36661.0,38854.1,24.61,23829.66
1300,06/26/2026 00:28:45,22.40,6.81,5.92,22.39,36220.6,38318.4,24.24,23543.37
1301,06/26/2026 00:43:45,22.44,6.43,5.60,22.44,35816.9,37853.6,23.91,23280.95
1302,06/26/2026 00:58:45,22.49,6.14,5.36,22.48,35330.0,37306.8,23.53,22964.47
1303,06/26/2026 01:13:45,22.52,5.81,5.09,22.50,34681.1,36599.8,23.04,22542.71
1304,06/26/2026 01:28:45,22.51,5.59,4.90,22.50,34178.0,36068.8,22.67,22215.68
1305,06/26/2026 01:43:45,22.52,5.33,4.68,22.51,33676.1,35532.0,22.30,21889.44
1306,06/26/2026 01:58:45,22.51,5.11,4.50,22.50,33181.6,35021.9,21.95,21568.04
1307,06/26/2026 02:13:45,22.50,4.91,4.33,22.48,32704.8,34530.2,21.61,21258.13
1308,06/26/2026 02:28:45,22.49,4.72,4.17,22.46,32278.1,34093.2,21.30,20980.75
1309,06/26/2026 02:43:45,22.46,4.56,4.04,22.44,31859.0,33666.2,21.01,20708.34
1310,06/26/2026 02:58:45,22.43,4.44,3.94,22.41,31416.5,33220.6,20.70,20420.70
1311,06/26/2026 03:13:45,22.41,4.36,3.88,22.39,30982.1,32776.6,20.40,20138.38
1312,06/26/2026 03:28:45,22.39,4.26,3.79,22.37,30665.8,32457.0,20.18,19932.76
1313,06/26/2026 03:43:45,22.37,4.23,3.77,22.36,30329.2,32109.3,19.94,19713.98
1314,06/26/2026 03:58:45,22.35,4.20,3.75,22.34,29947.5,31717.8,19.67,19465.85
1315,06/26/2026 04:13:45,22.34,4.20,3.75,22.32,29651.8,31419.3,19.47,19273.66
1316,06/26/2026 04:28:45,22.32,4.16,3.72,22.31,29352.1,31112.1,19.26,19078.84
1317,06/26/2026 04:43:45,22.31,4.17,3.73,22.30,29068.4,30817.6,19.06,18894.48
1318,06/26/2026 04:58:45,22.30,4.16,3.73,22.28,28744.5,30486.4,18.83,18683.96
1319,06/26/2026 05:13:45,22.28,3.69,3.32,22.26,28475.3,30210.9,18.64,18508.94
1320,06/26/2026 05:28:45,22.21,3.86,3.46,22.20,29008.6,30824.0,19.06,18855.61
1321,06/26/2026 05:43:45,22.23,4.19,3.76,22.20,28768.1,30568.5,18.88,18699.28
1322,06/26/2026 05:58:45,22.25,4.34,3.89,22.22,28799.6,30583.5,18.89,18719.73
1323,06/26/2026 06:13:45,22.30,4.12,3.68,22.29,29599.0,31384.3,19.44,19239.36
1324,06/26/2026 06:28:45,22.30,3.98,3.55,22.29,30228.3,32055.8,19.90,19648.41
1325,06/26/2026 06:43:45,22.29,4.08,3.63,22.28,30835.3,32706.0,20.34,20042.92
1326,06/26/2026 06:58:45,22.29,4.11,3.65,22.27,31370.9,33280.8,20.74,20391.08
1327,06/26/2026 07:13:45,22.25,4.32,3.82,22.21,32086.0,34080.3,21.29,20855.89
1328,06/26/2026 07:28:45,22.18,4.56,4.02,22.15,32702.9,34781.9,21.77,21256.88
1329,06/26/2026 07:43:45,22.12,4.90,4.30,22.08,33738.4,35938.4,22.57,21929.95
1330,06/26/2026 07:58:45,22.06,5.29,4.63,22.02,34414.6,36715.3,23.10,22369.52
1331,06/26/2026 08:13:45,21.97,5.63,4.91,21.93,34966.7,37379.3,23.56,22728.33
1332,06/26/2026 08:28:45,21.89,5.84,5.09,21.87,35324.2,37812.3,23.86,22960.76
1333,06/26/2026 08:43:45,21.84,6.16,5.35,21.80,35822.3,38404.7,24.27,23284.48
1334,06/26/2026 08:58:45,21.74,6.59,5.71,21.69,36354.1,39066.8,24.73,23630.17
1335,06/26/2026 09:13:45,21.64,6.86,5.93,21.60,36793.8,39624.7,25.12,23915.96
1336,06/26/2026 09:28:45,21.53,7.14,6.16,21.48,37187.0,40153.9,25.48,24171.55
1337,06/26/2026 09:43:45,21.40,7.32,6.30,21.36,37438.1,40534.7,25.74,24334.75
1338,06/26/2026 09:58:45,21.32,7.38,6.34,21.27,37601.9,40795.2,25.92,24441.25
1339,06/26/2026 10:13:45,21.24,7.36,6.32,21.21,37744.0,41010.6,26.07,24533.62
1340,06/26/2026 10:28:45,21.25,7.16,6.14,21.22,37782.0,41035.1,26.09,24558.29
1341,06/26/2026 10:43:45,21.30,7.08,6.09,21.28,37680.3,40874.6,25.98,24492.16
1342,06/26/2026 10:58:45,21.31,7.40,6.36,21.34,37717.8,40859.8,25.97,24516.59
1343,06/26/2026 11:13:45,21.60,7.20,6.20,21.63,37280.7,40119.3,25.47,24232.43
1344,06/26/2026 11:28:45,21.63,6.97,6.01,21.60,37136.3,39990.9,25.37,24138.56
1345,06/26/2026 11:43:45,21.72,6.73,5.82,21.69,36849.9,39604.9,25.11,23952.44
1346,06/26/2026 11:58:45,21.80,6.49,5.61,21.78,36639.4,39299.3,24.90,23815.62
1347,06/26/2026 12:13:45,21.83,6.36,5.51,21.82,36334.5,38933.0,24.64,23617.45
1348,06/26/2026 12:28:45,21.92,6.18,5.36,21.91,36057.6,38555.9,24.38,23437.44
1349,06/26/2026 12:43:45,22.01,5.93,5.16,21.99,35572.4,37970.7,23.98,23122.03
1350,06/26/2026 12:58:45,22.08,5.62,4.90,22.06,35024.8,37326.3,23.53,22766.14
1351,06/26/2026 13:13:45,22.13,5.49,4.79,22.11,34787.5,37038.7,23.33,22611.90
1352,06/26/2026 13:28:45,22.13,5.37,4.69,22.13,34553.4,36772.2,23.15,22459.73
1353,06/26/2026 13:43:45,22.20,5.21,4.57,22.22,34091.7,36205.8,22.76,22159.61
1354,06/26/2026 13:58:45,22.31,5.07,4.45,22.32,33645.5,35651.0,22.38,21869.55
1355,06/26/2026 14:13:45,22.50,4.82,4.25,22.52,32876.6,34686.2,21.72,21369.79
1356,06/26/2026 14:28:45,22.58,4.71,4.17,22.61,32460.2,34178.9,21.37,21099.15
1357,06/26/2026 14:43:45,22.58,4.67,4.13,22.57,32329.8,34070.9,21.29,21014.40
1358,06/26/2026 14:58:45,22.69,4.61,4.09,22.66,31817.2,33459.8,20.88,20681.21
1359,06/26/2026 15:13:45,22.74,4.63,4.11,22.75,31471.6,33035.1,20.59,20456.54
1360,06/26/2026 15:28:45,22.86,4.62,4.11,22.87,31137.8,32596.4,20.29,20239.54
1361,06/26/2026 15:43:45,22.96,4.61,4.11,22.95,30700.3,32079.2,19.94,19955.21
1362,06/26/2026 15:58:45,22.96,4.54,4.05,22.96,30458.9,31822.8,19.76,19798.29
1363,06/26/2026 16:13:45,23.00,4.58,4.09,22.98,29999.9,31328.8,19.43,19499.96
1364,06/26/2026 16:28:45,23.04,4.63,4.14,23.03,29641.1,30917.5,19.15,19266.72
1365,06/26/2026 16:43:45,23.09,4.65,4.17,23.08,29403.2,30639.2,18.96,19112.09
1366,06/26/2026 16:58:45,23.16,4.45,3.99,23.15,29299.5,30483.1,18.85,19044.70
1367,06/26/2026 17:13:45,23.32,4.83,4.33,23.27,29983.8,31117.5,19.29,19489.49
1368,06/26/2026 17:28:45,23.24,4.87,4.36,23.13,29989.6,31215.4,19.35,19493.25
1369,06/26/2026 17:43:45,23.11,4.85,4.34,23.08,30110.9,31374.6,19.46,19572.10
1370,06/26/2026 17:58:45,22.98,4.51,4.01,22.94,30984.3,32386.6,20.15,20139.78
1371,06/26/2026 18:13:45,22.91,4.42,3.93,22.91,31592.6,33042.0,20.60,20535.20
1372,06/26/2026 18:28:45,22.97,4.53,4.02,22.96,32061.5,33499.4,20.91,20839.98
1373,06/26/2026 18:43:45,22.97,4.81,4.26,22.95,32700.9,34169.7,21.37,21255.59
1374,06/26/2026 18:58:45,23.03,5.26,4.64,23.03,33397.5,34842.5,21.84,21708.38
1375,06/26/2026 19:13:45,23.00,5.66,4.97,22.98,34121.1,35632.5,22.39,22178.69
1376,06/26/2026 19:28:45,23.00,6.10,5.35,22.98,34821.6,36366.4,22.90,22634.01
1377,06/26/2026 19:43:45,22.97,6.57,5.74,22.95,35592.5,37193.6,23.47,23135.12
1378,06/26/2026 19:58:45,22.88,6.96,6.06,22.85,36355.9,38074.1,24.09,23631.36
1379,06/26/2026 20:13:45,22.78,7.34,6.38,22.75,36756.8,38580.3,24.44,23891.91
1380,06/26/2026 20:28:45,22.65,7.70,6.68,22.60,37044.2,39008.2,24.73,24078.75
1381,06/26/2026 20:43:45,22.43,7.99,6.90,22.38,37498.7,39678.6,25.19,24374.18
1382,06/26/2026 20:58:45,22.31,8.28,7.15,22.28,37721.4,40009.9,25.42,24518.92
1383,06/26/2026 21:13:45,22.24,8.53,7.44,22.21,35132.7,37321.3,23.53,22836.24
1384,06/26/2026 21:28:45,22.17,8.74,7.51,22.14,38635.1,41102.3,26.19,25112.82
1385,06/26/2026 21:43:45,22.11,8.86,7.61,22.07,38848.2,41395.3,26.39,25251.33
1386,06/26/2026 21:58:45,22.04,8.94,7.67,22.01,38924.8,41535.3,26.48,25301.10
1387,06/26/2026 22:13:45,21.98,9.04,7.74,21.94,38998.7,41681.2,26.58,25349.17
1388,06/26/2026 22:28:45,21.92,8.95,7.67,21.89,38983.4,41706.7,26.60,25339.18
1389,06/26/2026 22:43:45,21.90,8.80,7.54,21.87,39039.3,41789.0,26.66,25375.54
1390,06/26/2026 22:58:45,21.89,8.22,7.04,21.87,39075.9,41828.2,26.69,25399.33
1391,06/26/2026 23:13:45,21.93,8.47,7.25,21.89,39032.9,41756.9,26.64,25371.40
1392,06/26/2026 23:28:45,21.91,8.79,7.53,21.91,38928.2,41630.9,26.55,25303.34
1393,06/26/2026 23:43:45,22.08,8.53,7.33,22.09,38507.9,41013.5,26.12,25030.13
1394,06/26/2026 23:58:45,22.11,8.36,7.18,22.08,38441.7,40948.5,26.07,24987.12
1395,06/27/2026 00:13:45,22.16,8.12,6.99,22.16,38110.9,40531.1,25.78,24772.11
1396,06/27/2026 00:28:45,22.24,7.78,6.72,22.23,37496.1,39808.1,25.28,24372.50
1397,06/27/2026 00:43:45,22.34,7.37,6.38,22.35,36996.9,39178.8,24.84,24048.00
1398,06/27/2026 00:58:45,22.45,7.06,6.13,22.45,36516.8,38583.1,24.43,23735.94
1399,06/27/2026 01:13:45,22.52,6.69,5.82,22.52,36064.4,38044.4,24.05,23441.83
1400,06/27/2026 01:28:45,22.58,6.40,5.58,22.57,35597.7,37509.8,23.68,23138.50
1401,06/27/2026 01:43:45,22.62,6.07,5.31,22.61,35106.0,36962.3,23.30,22818.88
1402,06/27/2026 01:58:45,22.64,5.74,5.03,22.63,34566.2,36377.1,22.89,22468.05
1403,06/27/2026 02:13:45,22.67,5.43,4.77,22.65,33962.8,35725.6,22.44,22075.85
1404,06/27/2026 02:28:45,22.67,5.16,4.54,22.66,33466.7,35199.1,22.08,21753.38
1405,06/27/2026 02:43:45,22.67,4.95,4.37,22.65,32918.5,34629.4,21.68,21397.05
1406,06/27/2026 02:58:45,22.65,4.72,4.18,22.63,32456.2,34158.8,21.36,21096.52
1407,06/27/2026 03:13:45,22.62,4.55,4.03,22.60,31958.3,33652.6,21.01,20772.91
1408,06/27/2026 03:28:45,22.59,4.38,3.89,22.57,31481.6,33172.6,20.67,20463.02
1409,06/27/2026 03:43:45,22.57,4.30,3.82,22.55,31060.6,32746.4,20.38,20189.42
1410,06/27/2026 03:58:45,22.53,4.23,3.77,22.52,30631.0,32314.8,20.08,19910.12
1411,06/27/2026 04:13:45,22.51,4.15,3.70,22.49,30245.2,31929.1,19.82,19659.40
1412,06/27/2026 04:28:45,22.48,4.17,3.72,22.47,29869.7,31547.3,19.56,19415.32
1413,06/27/2026 04:43:45,22.46,4.15,3.71,22.45,29521.1,31193.6,19.32,19188.70
1414,06/27/2026 04:58:45,22.46,4.14,3.71,22.44,29181.8,30841.2,19.08,18968.15
1415,06/27/2026 05:13:45,22.44,4.10,3.67,22.42,28844.2,30496.6,18.84,18748.73
1416,06/27/2026 05:28:45,22.41,4.09,3.68,22.39,28477.0,30128.4,18.59,18510.08
1417,06/27/2026 05:43:45,22.39,4.11,3.70,22.37,28068.5,29706.1,18.30,18244.54
1418,06/27/2026 05:58:45,22.38,4.02,3.63,22.36,27740.0,29370.1,18.08,18031.01
1419,06/27/2026 06:13:45,22.37,3.71,3.34,22.34,27606.9,29239.0,17.99,17944.51
1420,06/27/2026 06:28:45,22.33,3.99,3.59,22.33,28160.7,29835.4,18.39,18304.48
1421,06/27/2026 06:43:45,22.34,4.18,3.76,22.33,27993.1,29653.8,18.27,18195.48
1422,06/27/2026 06:58:45,22.40,4.20,3.77,22.40,28723.8,30385.5,18.77,18670.47
1423,06/27/2026 07:13:45,22.42,3.99,3.57,22.41,29318.2,31006.0,19.19,19056.85
1424,06/27/2026 07:28:45,22.42,3.94,3.52,22.40,29903.8,31633.7,19.61,19437.47
1425,06/27/2026 07:43:45,22.42,3.96,3.53,22.40,30460.3,32216.0,20.01,19799.22
1426,06/27/2026 07:58:45,22.40,4.05,3.60,22.37,31149.2,32966.5,20.53,20247.01
1427,06/27/2026 08:13:45,22.33,4.33,3.83,22.32,31846.8,33749.7,21.06,20700.44
1428,06/27/2026 08:28:45,22.28,4.66,4.11,22.26,32728.8,34723.6,21.73,21273.69
1429,06/27/2026 08:43:45,22.22,5.05,4.44,22.20,33771.7,35885.1,22.53,21951.57
1430,06/27/2026 08:58:45,22.16,5.42,4.74,22.12,34385.5,36600.8,23.03,22350.56
1431,06/27/2026 09:13:45,22.09,5.65,4.94,22.05,34736.7,37026.7,23.32,22578.85
1432,06/27/2026 09:28:45,22.06,5.92,5.16,22.03,35197.1,37540.0,23.68,22878.12
1433,06/27/2026 09:43:45,22.00,6.26,5.44,21.96,35781.2,38221.8,24.15,23257.75
1434,06/27/2026 09:58:45,21.92,6.56,5.69,21.88,36311.5,38858.6,24.59,23602.44
1435,06/27/2026 10:13:45,21.83,6.80,5.88,21.79,36750.2,39407.5,24.97,23887.65
1436,06/27/2026 10:28:45,21.73,7.02,6.06,21.68,37046.5,39824.3,25.26,24080.20
1437,06/27/2026 10:43:45,21.63,7.09,6.11,21.59,37332.6,40210.5,25.53,24266.21
1438,06/27/2026 10:58:45,21.57,7.18,6.18,21.53,37492.5,40440.1,25.69,24370.15
1439,06/27/2026 11:13:45,21.53,6.95,5.98,21.52,37576.0,40541.0,25.76,24424.40
1440,06/27/2026 11:28:45,21.56,6.44,5.55,21.54,37541.6,40482.0,25.72,24402.02
1441,06/27/2026 11:43:45,21.60,7.03,6.05,21.56,37506.9,40425.4,25.68,24379.46
1442,06/27/2026 11:58:45,21.86,7.11,6.14,21.82,37097.0,39750.0,25.22,24113.06
1443,06/27/2026 12:13:45,22.01,6.84,5.92,21.99,36839.1,39328.1,24.93,23945.38
1444,06/27/2026 12:28:45,22.00,6.67,5.77,21.99,36737.2,39216.7,24.85,23879.17
1445,06/27/2026 12:43:45,22.19,6.48,5.63,22.21,36334.7,38598.2,24.43,23617.54
1446,06/27/2026 12:58:45,22.17,6.36,5.53,22.18,36115.9,38391.4,24.28,23475.33
1447,06/27/2026 13:13:45,22.33,6.25,5.44,22.34,35875.5,37996.3,24.01,23319.09
1448,06/27/2026 13:28:45,22.64,6.16,5.38,22.66,35630.8,37470.2,23.66,23160.04
1449,06/27/2026 13:43:45,22.74,5.92,5.17,22.76,35197.5,36936.3,23.29,22878.38
1450,06/27/2026 13:58:45,22.78,5.76,5.04,22.78,34821.3,36522.3,23.00,22633.87
1451,06/27/2026 14:13:45,22.80,5.55,4.87,22.78,34441.3,36126.0,22.72,22386.82
1452,06/27/2026 14:28:45,22.86,5.44,4.78,22.91,33975.9,35537.0,22.32,22084.34
1453,06/27/2026 14:43:45,22.98,5.21,4.59,23.01,33578.0,35044.6,21.98,21825.70
1454,06/27/2026 14:58:45,23.13,5.09,4.50,23.14,32954.1,34294.3,21.47,21420.19
1455,06/27/2026 15:13:45,23.11,4.94,4.37,23.10,32574.3,33928.0,21.21,21173.30
1456,06/27/2026 15:28:45,23.25,4.89,4.34,23.24,32185.7,33422.3,20.87,20920.70
1457,06/27/2026 15:43:45,23.39,4.89,4.35,23.38,31841.1,32960.8,20.56,20696.71
1458,06/27/2026 15:58:45,23.43,4.86,4.32,23.44,31509.4,32577.0,20.29,20481.11
1459,06/27/2026 16:13:45,23.52,4.84,4.32,23.50,30930.0,31934.3,19.85,20104.52
1460,06/27/2026 16:28:45,23.52,4.91,4.39,23.50,30458.3,31447.3,19.52,19797.90
1461,06/27/2026 16:43:45,23.54,4.94,4.42,23.53,29969.9,30924.9,19.17,19480.46
1462,06/27/2026 16:58:45,23.57,4.94,4.44,23.54,29617.8,30551.6,18.91,19251.59
1463,06/27/2026 17:13:45,23.59,5.03,4.52,23.57,29228.8,30132.7,18.63,18998.74
1464,06/27/2026 17:28:45,23.60,5.04,4.54,23.58,28888.2,29773.8,18.38,18777.33
1465,06/27/2026 17:43:45,23.63,4.83,4.35,23.61,28690.0,29552.2,18.23,18648.51
1466,06/27/2026 17:58:45,23.76,5.25,4.72,23.74,29167.2,29958.0,18.51,18958.69
1467,06/27/2026 18:13:45,23.75,5.43,4.89,23.74,29025.0,29811.9,18.41,18866.26
1468,06/27/2026 18:28:45,23.67,5.23,4.69,23.61,29472.6,30356.4,18.78,19157.22
1469,06/27/2026 18:43:45,23.43,4.83,4.32,23.40,30423.9,31481.5,19.54,19775.56
1470,06/27/2026 18:58:45,23.36,4.53,4.04,23.34,31081.0,32205.6,20.04,20202.66
1471,06/27/2026 19:13:45,23.43,4.70,4.18,23.42,31627.6,32716.4,20.39,20557.96
1472,06/27/2026 19:28:45,23.42,4.86,4.31,23.41,32268.5,33385.8,20.85,20974.51
1473,06/27/2026 19:43:45,23.44,5.20,4.60,23.43,32995.8,34120.5,21.36,21447.27
1474,06/27/2026 19:58:45,23.43,5.60,4.94,23.42,33825.2,34989.6,21.96,21986.40
1475,06/27/2026 20:13:45,23.41,6.02,5.29,23.38,34583.2,35804.0,22.52,22479.05
1476,06/27/2026 20:28:45,23.36,6.39,5.60,23.34,35383.2,36663.4,23.12,22999.10
1477,06/27/2026 20:43:45,23.28,6.78,5.91,23.24,36266.1,37657.0,23.81,23572.97
1478,06/27/2026 20:58:45,23.19,7.14,6.21,23.16,36667.9,38141.7,24.15,23834.17
1479,06/27/2026 21:13:45,23.10,7.56,6.56,23.06,37051.8,38622.0,24.48,24083.69
1480,06/27/2026 21:28:45,22.96,7.82,6.77,22.91,37542.8,39262.7,24.92,24402.84
1481,06/27/2026 21:43:45,22.84,8.05,6.96,22.80,37890.5,39723.0,25.24,24628.82
1482,06/27/2026 21:58:45,22.71,8.29,7.14,22.68,38363.2,40327.6,25.66,24936.05
1483,06/27/2026 22:13:45,22.58,8.53,7.34,22.55,38724.7,40829.1,26.01,25171.06
1484,06/27/2026 22:28:45,22.48,8.64,7.43,22.45,38914.4,41119.0,26.21,25294.33
1485,06/27/2026 22:43:45,22.35,8.75,7.51,22.32,38975.5,41301.6,26.33,25334.11
1486,06/27/2026 22:58:45,22.25,8.73,7.57,22.23,36462.9,38718.9,24.51,23700.87
1487,06/27/2026 23:13:45,22.17,8.81,7.55,22.14,39102.1,41601.8,26.54,25416.35
1488,06/27/2026 23:28:45,22.11,8.67,7.43,22.08,39139.5,41694.6,26.60,25440.68
1489,06/27/2026 23:43:45,22.07,8.38,7.18,22.03,39145.6,41745.7,26.64,25444.61
1490,06/27/2026 23:58:45,22.05,7.67,6.57,22.03,39093.1,41695.4,26.60,25410.53
1491,06/28/2026 00:13:45,22.08,8.37,7.18,22.04,39121.2,41717.0,26.61,25428.80
1492,06/28/2026 00:28:45,22.14,8.53,7.32,22.19,38886.7,41328.5,26.35,25276.36
1493,06/28/2026 00:43:45,22.38,8.26,7.10,22.37,38606.8,40867.3,26.03,25094.41
1494,06/28/2026 00:58:45,22.39,8.13,7.00,22.39,38468.3,40696.3,25.91,25004.38
1495,06/28/2026 01:13:45,22.53,7.83,6.75,22.54,38081.3,40158.7,25.54,24752.84
1496,06/28/2026 01:28:45,22.65,7.50,6.49,22.65,37608.9,39558.2,25.12,24445.77
1497,06/28/2026 01:43:45,22.78,7.20,6.24,22.77,37054.1,38871.8,24.64,24085.18
1498,06/28/2026 01:58:45,22.84,6.89,5.99,22.84,36639.8,38381.5,24.30,23815.88
1499,06/28/2026 02:13:45,22.89,6.54,5.69,22.89,36198.9,37874.6,23.95,23529.27
1500,06/28/2026 02:28:45,22.94,6.18,5.40,22.93,35630.5,37252.9,23.51,23159.81
1501,06/28/2026 02:43:45,22.97,5.82,5.09,22.95,35023.7,36599.2,23.06,22765.42
1502,06/28/2026 02:58:45,22.99,5.49,4.82,22.97,34391.0,35919.1,22.59,22354.13
1503,06/28/2026 03:13:45,22.99,5.27,4.64,22.98,33765.2,35258.6,22.13,21947.38
1504,06/28/2026 03:28:45,23.00,5.05,4.45,22.98,33261.6,34737.3,21.77,21620.04
1505,06/28/2026 03:43:45,22.98,4.81,4.25,22.96,32699.3,34161.2,21.37,21254.54
1506,06/28/2026 03:58:45,22.96,4.64,4.11,22.94,32157.2,33610.4,20.99,20902.17
1507,06/28/2026 04:13:45,22.93,4.50,3.99,22.92,31675.1,33121.8,20.65,20588.81
1508,06/28/2026 04:28:45,22.92,4.34,3.86,22.90,31234.4,32676.0,20.34,20302.35
1509,06/28/2026 04:43:45,22.89,4.26,3.80,22.86,30697.7,32139.9,19.98,19953.49
1510,06/28/2026 04:58:45,22.86,4.19,3.74,22.84,30346.8,31789.3,19.74,19725.39
1511,06/28/2026 05:13:45,22.84,4.13,3.69,22.82,29959.8,31398.4,19.47,19473.87
1512,06/28/2026 05:28:45,22.82,4.06,3.63,22.80,29610.2,31042.2,19.22,19246.63
1513,06/28/2026 05:43:45,22.81,4.04,3.62,22.79,29273.8,30697.6,18.99,19027.95
1514,06/28/2026 05:58:45,22.79,4.02,3.61,22.77,28893.2,30310.6,18.73,18780.57
1515,06/28/2026 06:13:45,22.78,3.99,3.59,22.76,28504.5,29908.7,18.45,18527.91
1516,06/28/2026 06:28:45,22.78,4.05,3.65,22.76,28125.6,29511.1,18.18,18281.62
1517,06/28/2026 06:43:45,22.78,3.98,3.58,22.76,27856.3,29232.5,18.00,18106.60
1518,06/28/2026 06:58:45,22.77,3.83,3.45,22.75,27781.7,29160.0,17.95,18058.12
1519,06/28/2026 07:13:45,22.76,4.05,3.65,22.73,28315.6,29730.1,18.33,18405.11
1520,06/28/2026 07:28:45,22.77,4.22,3.79,22.76,28324.6,29720.0,18.33,18411.01
1521,06/28/2026 07:43:45,22.80,4.26,3.82,22.79,29163.2,30581.6,18.91,18956.05
1522,06/28/2026 07:58:45,22.81,3.94,3.53,22.79,29613.8,31058.3,19.24,19248.98
1523,06/28/2026 08:13:45,22.79,4.03,3.60,22.78,30179.8,31658.2,19.64,19616.87
1524,06/28/2026 08:28:45,22.80,4.04,3.60,22.78,30874.0,32382.1,20.14,20068.09
1525,06/28/2026 08:43:45,22.80,4.24,3.76,22.77,31618.9,33170.0,20.68,20552.31
1526,06/28/2026 08:58:45,22.78,4.53,4.00,22.76,32358.6,33957.1,21.22,21033.07
1527,06/28/2026 09:13:45,22.76,4.87,4.29,22.74,33319.4,34977.0,21.92,21657.62
1528,06/28/2026 09:28:45,22.71,5.17,4.54,22.68,34250.8,36004.6,22.63,22263.00
1529,06/28/2026 09:43:45,22.63,5.57,4.87,22.61,34887.7,36732.5,23.14,22677.03
1530,06/28/2026 09:58:45,22.59,5.80,5.06,22.57,35333.9,37234.3,23.49,22967.04
1531,06/28/2026 10:13:45,22.55,6.10,5.31,22.52,35835.0,37802.5,23.88,23292.76
1532,06/28/2026 10:28:45,22.49,6.39,5.55,22.46,36408.7,38463.8,24.34,23665.67
1533,06/28/2026 10:43:45,22.41,6.73,5.83,22.38,36917.9,39064.0,24.76,23996.64
1534,06/28/2026 10:58:45,22.34,6.89,5.96,22.31,37351.5,39588.6,25.13,24278.46
1535,06/28/2026 11:13:45,22.25,7.09,6.11,22.22,37739.3,40082.3,25.47,24530.54
1536,06/28/2026 11:28:45,22.17,7.27,6.26,22.14,37978.4,40400.9,25.69,24685.93
1537,06/28/2026 11:43:45,22.14,7.20,6.20,22.12,38081.2,40532.0,25.78,24752.78
1538,06/28/2026 11:58:45,22.14,6.88,5.92,22.12,38160.9,40614.1,25.84,24804.61
1539,06/28/2026 12:13:45,22.18,6.72,5.79,22.18,38155.0,40559.0,25.80,24800.74
1540,06/28/2026 12:28:45,22.22,7.16,6.16,22.23,38229.1,40591.7,25.83,24848.91
1541,06/28/2026 12:43:45,22.49,7.15,6.17,22.49,37864.3,39969.7,25.40,24611.82
1542,06/28/2026 12:58:45,22.67,6.92,5.99,22.63,37687.2,39659.0,25.19,24496.70
1543,06/28/2026 13:13:45,22.67,6.76,5.84,22.64,37554.7,39511.7,25.09,24410.55
1544,06/28/2026 13:28:45,22.93,6.52,5.65,22.87,37179.0,38918.0,24.68,24166.34
1545,06/28/2026 13:43:45,22.87,6.47,5.62,22.89,36932.4,38647.2,24.49,24006.09
1546,06/28/2026 13:58:45,23.10,6.45,5.61,23.13,36779.2,38280.0,24.24,23906.50
1547,06/28/2026 14:13:45,23.35,6.35,5.53,23.37,36485.7,37778.6,23.90,23715.69
1548,06/28/2026 14:28:45,23.51,6.09,5.32,23.49,35950.1,37129.5,23.45,23367.57
1549,06/28/2026 14:43:45,23.50,5.95,5.21,23.50,35578.1,36733.3,23.17,23125.74
1550,06/28/2026 14:58:45,23.51,5.78,5.07,23.51,35167.2,36306.7,22.88,22858.70
1551,06/28/2026 15:13:45,23.58,5.59,4.91,23.58,34685.5,35748.8,22.49,22545.56
1552,06/28/2026 15:28:45,23.72,5.49,4.84,23.74,34099.0,35025.7,21.99,22164.34
1553,06/28/2026 15:43:45,23.74,5.26,4.64,23.72,33580.7,34511.3,21.64,21827.45
1554,06/28/2026 15:58:45,23.80,5.14,4.55,23.80,33190.3,34048.2,21.32,21573.71
1555,06/28/2026 16:13:45,23.89,5.09,4.52,23.91,32581.6,33341.6,20.83,21178.05
1556,06/28/2026 16:28:45,24.01,5.08,4.51,24.02,32166.7,32840.5,20.49,20908.37
1557,06/28/2026 16:43:45,24.08,5.05,4.50,24.07,31703.8,32336.6,20.15,20607.50
1558,06/28/2026 16:58:45,24.10,5.00,4.46,24.07,31203.6,31822.3,19.79,20282.35
1559,06/28/2026 17:13:45,24.11,5.00,4.47,24.09,30751.9,31351.5,19.47,19988.75
1560,06/28/2026 17:28:45,24.12,4.98,4.47,24.11,30244.8,30822.6,19.11,19659.11
1561,06/28/2026 17:43:45,24.16,5.00,4.49,24.14,29881.1,30428.3,18.84,19422.69
1562,06/28/2026 17:58:45,24.18,5.08,4.57,24.17,29399.6,29918.7,18.50,19109.72
1563,06/28/2026 18:13:45,24.20,5.04,4.54,24.17,29055.7,29568.8,18.26,18886.21
1564,06/28/2026 18:28:45,24.20,4.80,4.33,24.19,28846.1,29347.9,18.11,18749.94
1565,06/28/2026 18:43:45,24.24,4.97,4.47,24.22,29617.7,30107.7,18.63,19251.50
1566,06/28/2026 18:58:45,24.23,5.42,4.88,24.23,29624.8,30111.0,18.63,19256.10
1567,06/28/2026 19:13:45,24.20,5.42,4.87,24.15,29827.5,30367.9,18.80,19387.89
1568,06/28/2026 19:28:45,24.06,4.85,4.33,24.04,30955.4,31595.6,19.64,20120.98
1569,06/28/2026 19:43:45,23.99,4.75,4.23,23.98,31609.5,32298.7,20.12,20546.17
1570,06/28/2026 19:58:45,24.03,4.91,4.37,24.01,32151.0,32835.0,20.49,20898.12
1571,06/28/2026 20:13:45,23.97,5.09,4.52,23.94,32811.4,33557.2,20.98,21327.43
1572,06/28/2026 20:28:45,23.92,5.49,4.85,23.89,33532.4,34330.1,21.52,21796.09
1573,06/28/2026 20:43:45,23.88,5.88,5.18,23.86,34327.7,35171.6,22.10,22312.99
1574,06/28/2026 20:58:45,23.84,6.23,5.47,23.81,35176.0,36078.1,22.73,22864.37
1575,06/28/2026 21:13:45,23.80,6.58,5.75,23.76,36041.4,37001.8,23.37,23426.92
1576,06/28/2026 21:28:45,23.71,7.02,6.11,23.68,36902.6,37952.4,24.03,23986.71
1577,06/28/2026 21:43:45,23.66,7.23,6.29,23.64,37270.3,38367.8,24.32,24225.67
1578,06/28/2026 21:58:45,23.57,7.60,6.59,23.53,37850.0,39056.0,24.80,24602.47
1579,06/28/2026 22:13:45,23.46,7.82,6.79,23.42,37510.5,38801.7,24.62,24381.80
1580,06/28/2026 22:28:45,23.33,8.00,6.90,23.29,38798.9,40244.7,25.63,25219.26
1581,06/28/2026 22:43:45,23.22,8.21,7.07,23.18,39160.5,40713.0,25.96,25454.32
1582,06/28/2026 22:58:45,23.11,8.27,7.12,23.08,39142.8,40790.8,26.01,25442.82
1583,06/28/2026 23:13:45,23.00,8.45,7.26,22.97,39604.0,41369.2,26.41,25742.58
1584,06/28/2026 23:28:45,22.91,8.48,7.28,22.88,39673.3,41523.5,26.52,25787.61
1585,06/28/2026 23:43:45,22.84,8.50,7.29,22.79,39709.9,41638.6,26.60,25811.44
1586,06/28/2026 23:58:45,22.76,8.39,7.20,22.73,39769.0,41758.4,26.68,25849.84
1587,06/29/2026 00:13:45,22.71,8.19,7.02,22.69,39769.7,41800.6,26.71,25850.30
1588,06/29/2026 00:28:45,22.68,8.02,6.87,22.67,39811.7,41861.4,26.75,25877.62
1589,06/29/2026 00:43:45,22.69,7.27,6.23,22.68,39763.0,41796.4,26.70,25845.97
1590,06/29/2026 00:58:45,22.69,8.10,6.94,22.66,39623.4,41668.9,26.61,25755.20
1591,06/29/2026 01:13:45,22.84,8.16,7.01,22.84,39362.6,41230.9,26.31,25585.68
1592,06/29/2026 01:28:45,22.93,8.01,6.89,22.91,39213.1,41017.5,26.16,25488.51
1593,06/29/2026 01:43:45,22.99,7.85,6.77,23.01,38847.2,40538.7,25.83,25250.69
1594,06/29/2026 01:58:45,23.12,7.53,6.51,23.12,38095.7,39663.2,25.21,24762.20
1595,06/29/2026 02:13:45,23.21,7.31,6.33,23.21,37919.9,39397.5,25.03,24647.96
1596,06/29/2026 02:28:45,23.31,7.02,6.09,23.31,37452.5,38833.0,24.64,24344.15
1597,06/29/2026 02:43:45,23.36,6.67,5.80,23.36,36925.8,38241.8,24.22,24001.77
1598,06/29/2026 02:58:45,23.41,6.37,5.55,23.39,36427.5,37698.7,23.84,23677.90
1599,06/29/2026 03:13:45,23.43,6.03,5.27,23.42,35887.0,37122.3,23.44,23326.55
1600,06/29/2026 03:28:45,23.44,5.68,4.98,23.43,35189.4,36391.3,22.93,22873.13
1601,06/29/2026 03:43:45,23.46,5.41,4.75,23.45,34504.3,35664.1,22.43,22427.76
1602,06/29/2026 03:58:45,23.47,5.16,4.54,23.45,33977.0,35116.8,22.05,22085.03
1603,06/29/2026 04:13:45,23.47,4.96,4.38,23.45,33440.8,34569.3,21.67,21736.49
1604,06/29/2026 04:28:45,23.46,4.73,4.19,23.44,32865.4,33976.8,21.26,21362.51
1605,06/29/2026 04:43:45,23.44,4.57,4.05,23.42,32315.1,33423.1,20.87,21004.81
1606,06/29/2026 04:58:45,23.43,4.37,3.89,23.40,31796.0,32899.2,20.51,20667.43
1607,06/29/2026 05:13:45,23.41,4.30,3.83,23.38,31356.5,32461.3,20.21,20381.72
1608,06/29/2026 05:28:45,23.38,4.17,3.72,23.36,30850.2,31951.8,19.86,20052.64
1609,06/29/2026 05:43:45,23.36,4.08,3.65,23.34,30383.4,31480.7,19.54,19749.22
1610,06/29/2026 05:58:45,23.35,4.02,3.60,23.33,29907.8,30996.0,19.21,19440.10
1611,06/29/2026 06:13:45,23.33,4.07,3.65,23.32,29594.1,30676.9,18.99,19236.16
1612,06/29/2026 06:28:45,23.33,3.98,3.57,23.32,29233.1,30304.7,18.74,19001.54
1613,06/29/2026 06:43:45,23.33,4.02,3.62,23.32,28869.8,29926.0,18.48,18765.34
1614,06/29/2026 06:58:45,23.36,4.02,3.62,23.34,28624.0,29657.7,18.30,18605.60
1615,06/29/2026 07:13:45,23.38,4.08,3.68,23.36,28134.3,29135.1,17.95,18287.30
1616,06/29/2026 07:28:45,23.41,4.00,3.61,23.41,27855.3,28817.9,17.73,18105.94
1617,06/29/2026 07:43:45,23.47,3.90,3.52,23.45,27793.9,28726.3,17.67,18066.03
1618,06/29/2026 07:58:45,23.48,4.27,3.85,23.47,28445.3,29390.0,18.12,18489.46
1619,06/29/2026 08:13:45,23.51,4.39,3.95,23.49,28471.5,29405.5,18.13,18506.47
1620,06/29/2026 08:28:45,23.47,4.34,3.89,23.46,29387.5,30367.4,18.78,19101.87
1621,06/29/2026 08:43:45,23.47,4.04,3.62,23.45,29945.2,30951.8,19.18,19464.37
1622,06/29/2026 08:58:45,23.49,4.19,3.74,23.47,30681.5,31698.4,19.69,19942.99
1623,06/29/2026 09:13:45,23.50,4.23,3.77,23.48,31287.6,32316.1,20.12,20336.93
1624,06/29/2026 09:28:45,23.53,4.50,4.00,23.51,32095.1,33135.0,20.68,20861.80
1625,06/29/2026 09:43:45,23.54,4.92,4.36,23.52,32863.9,33919.9,21.22,21361.51
1626,06/29/2026 09:58:45,23.51,5.33,4.69,23.48,34127.3,35253.8,22.14,22182.74
1627,06/29/2026 10:13:45,23.43,5.74,5.03,23.40,35086.9,36309.0,22.87,22806.50
1628,06/29/2026 10:28:45,23.39,6.06,5.30,23.38,35601.8,36858.6,23.26,23141.16
1629,06/29/2026 10:43:45,23.40,6.20,5.42,23.37,36091.9,37368.4,23.61,23459.72
1630,06/29/2026 10:58:45,23.34,6.45,5.61,23.32,36688.4,38033.3,24.08,23847.48
1631,06/29/2026 11:13:45,23.28,6.65,5.78,23.24,37270.8,38697.6,24.54,24225.99
1632,06/29/2026 11:28:45,23.21,6.87,5.95,23.17,37838.5,39348.9,24.99,24594.99
1633,06/29/2026 11:43:45,23.14,7.06,6.10,23.10,38263.9,39854.0,25.35,24871.56
1634,06/29/2026 11:58:45,23.07,7.22,6.23,23.04,38550.6,40205.3,25.59,25057.87
1635,06/29/2026 12:13:45,23.02,7.22,6.22,23.00,38789.2,40491.5,25.79,25212.99
1636,06/29/2026 12:28:45,23.01,7.27,6.26,22.99,38917.4,40630.7,25.89,25296.33
1637,06/29/2026 12:43:45,23.03,6.85,5.90,23.02,38977.9,40667.0,25.92,25335.63
1638,06/29/2026 12:58:45,23.06,6.95,5.99,23.06,38843.6,40492.4,25.80,25248.36
1639,06/29/2026 13:13:45,23.11,7.28,6.27,23.11,38916.8,40523.4,25.82,25295.91
1640,06/29/2026 13:28:45,23.34,7.21,6.23,23.33,38544.4,39941.6,25.42,25053.88
1641,06/29/2026 13:43:45,23.53,7.10,6.14,23.48,38335.1,39600.5,25.18,24917.82
1642,06/29/2026 13:58:45,23.47,7.01,6.07,23.50,38075.1,39316.5,24.98,24748.79
1643,06/29/2026 14:13:45,23.63,6.77,5.88,23.61,37745.8,38877.6,24.68,24534.78
1644,06/29/2026 14:28:45,23.73,6.72,5.84,23.75,37464.6,38477.8,24.40,24351.98
1645,06/29/2026 14:43:45,23.90,6.69,5.82,23.92,37237.8,38103.9,24.15,24204.55
1646,06/29/2026 14:58:45,24.12,6.65,5.81,24.16,36888.3,37554.3,23.77,23977.42
1647,06/29/2026 15:13:45,24.18,6.49,5.67,24.16,36608.9,37269.7,23.57,23795.76
1648,06/29/2026 15:28:45,24.22,6.30,5.52,24.22,35957.5,36559.5,23.08,23372.40
1649,06/29/2026 15:43:45,24.20,6.11,5.36,24.17,35716.3,36349.4,22.93,23215.61
1650,06/29/2026 15:58:45,24.26,5.97,5.25,24.26,35126.0,35684.2,22.47,22831.87
1651,06/29/2026 16:13:45,24.37,5.85,5.16,24.38,34433.3,34890.6,21.92,22381.63
1652,06/29/2026 16:28:45,24.45,5.61,4.97,24.43,33840.6,34248.3,21.48,21996.36
1653,06/29/2026 16:43:45,24.46,5.49,4.86,24.46,33326.4,33710.6,21.10,21662.13
1654,06/29/2026 16:58:45,24.54,5.38,4.78,24.53,32770.8,33099.8,20.68,21301.05
1655,06/29/2026 17:13:45,24.60,5.27,4.69,24.58,32316.1,32600.8,20.34,21005.46
1656,06/29/2026 17:28:45,24.62,5.20,4.64,24.61,31749.1,32014.5,19.94,20636.93
1657,06/29/2026 17:43:45,24.61,5.16,4.62,24.60,31290.5,31558.1,19.63,20338.82
1658,06/29/2026 17:58:45,24.60,5.14,4.61,24.59,30760.0,31027.1,19.26,19994.03
1659,06/29/2026 18:13:45,24.60,5.03,4.51,24.57,30408.0,30683.7,19.03,19765.17
1660,06/29/2026 18:28:45,24.56,5.08,4.56,24.54,29900.8,30191.3,18.69,19435.52
1661,06/29/2026 18:43:45,24.54,5.05,4.55,24.52,29383.1,29681.9,18.35,19099.04
1662,06/29/2026 18:58:45,24.51,4.98,4.49,24.49,29117.3,29434.1,18.18,18926.24
1663,06/29/2026 19:13:45,24.49,4.54,4.10,24.47,28749.7,29071.8,17.93,18687.28
1664,06/29/2026 19:28:45,24.42,4.84,4.35,24.43,29489.6,29848.7,18.46,19168.24
1665,06/29/2026 19:43:45,24.56,5.47,4.93,24.60,29555.1,29804.1,18.43,19210.84
1666,06/29/2026 19:58:45,24.51,5.21,4.67,24.47,30849.8,31199.5,19.38,20052.38
1667,06/29/2026 20:13:45,24.54,4.83,4.32,24.51,31430.5,31756.2,19.76,20429.81
1668,06/29/2026 20:28:45,24.49,4.87,4.34,24.48,32014.2,32368.8,20.18,20809.23
1669,06/29/2026 20:43:45,24.47,5.02,4.46,24.45,32535.0,32918.5,20.56,21147.73
1670,06/29/2026 20:58:45,24.42,5.17,4.59,24.39,33089.9,33518.7,20.97,21508.46
1671,06/29/2026 21:13:45,24.34,5.58,4.93,24.31,33891.8,34390.5,21.57,22029.65
1672,06/29/2026 21:28:45,24.28,5.90,5.20,24.25,34714.4,35268.3,22.18,22564.33
1673,06/29/2026 21:43:45,24.23,6.25,5.48,24.20,35769.6,36380.1,22.95,23250.24
1674,06/29/2026 21:58:45,24.17,6.70,5.85,24.13,36725.6,37405.4,23.66,23871.63
1675,06/29/2026 22:13:45,24.12,7.03,6.12,24.10,37459.2,38179.7,24.21,24348.46
1676,06/29/2026 22:28:45,24.10,7.29,6.37,24.07,36437.0,37164.2,23.49,23684.06
1677,06/29/2026 22:43:45,24.03,7.57,6.61,23.99,36514.6,37306.0,23.59,23734.52
1678,06/29/2026 22:58:45,23.92,7.78,6.78,23.88,37169.2,38065.7,24.12,24159.95
1679,06/29/2026 23:13:45,23.79,7.92,6.83,23.74,39459.4,40529.3,25.85,25648.64
1680,06/29/2026 23:28:45,23.67,8.00,6.92,23.63,38801.2,39951.7,25.44,25220.78
1681,06/29/2026 23:43:45,23.57,8.11,6.97,23.54,40070.8,41342.2,26.42,26046.00
1682,06/29/2026 23:58:45,23.48,8.19,7.03,23.44,40203.2,41565.4,26.57,26132.07
1683,06/30/2026 00:13:45,23.38,8.22,7.05,23.35,40294.7,41741.6,26.69,26191.53
1684,06/30/2026 00:28:45,23.31,8.09,6.93,23.28,40369.6,41879.4,26.79,26240.22
1685,06/30/2026 00:43:45,23.26,7.95,6.81,23.23,40382.1,41939.1,26.83,26248.37
1686,06/30/2026 00:58:45,23.21,7.78,6.67,23.18,40409.0,42019.3,26.88,26265.83
1687,06/30/2026 01:13:45,23.17,7.75,6.64,23.15,40374.4,42005.3,26.87,26243.36
1688,06/30/2026 01:28:45,23.22,7.62,6.53,23.21,40306.2,41879.4,26.79,26199.00
1689,06/30/2026 01:43:45,23.19,8.08,6.93,23.18,40240.8,41838.9,26.76,26156.53
1690,06/30/2026 01:58:45,23.35,8.03,6.91,23.38,39787.5,41192.0,26.31,25861.85
1691,06/30/2026 02:13:45,23.41,7.83,6.73,23.39,39656.9,41043.5,26.20,25777.01
1692,06/30/2026 02:28:45,23.51,7.62,6.57,23.51,39291.3,40559.1,25.86,25539.35
1693,06/30/2026 02:43:45,23.58,7.36,6.36,23.57,38830.6,40036.6,25.50,25239.87
1694,06/30/2026 02:58:45,23.68,7.17,6.21,23.68,38302.0,39394.1,25.05,24896.30
1695,06/30/2026 03:13:45,23.75,6.92,6.00,23.74,37861.9,38890.9,24.69,24610.26
1696,06/30/2026 03:28:45,23.78,6.64,5.77,23.77,37419.2,38411.2,24.36,24322.46
1697,06/30/2026 03:43:45,23.80,6.34,5.53,23.79,36852.7,37817.5,23.94,23954.25
1698,06/30/2026 03:58:45,23.80,5.98,5.22,23.78,36263.1,37214.8,23.52,23570.98
1699,06/30/2026 04:13:45,23.79,5.71,5.01,23.78,35518.9,36451.1,22.99,23087.30
1700,06/30/2026 04:28:45,23.81,5.42,4.77,23.79,34916.7,35826.1,22.55,22695.85
1701,06/30/2026 04:43:45,23.80,5.18,4.57,23.79,34306.1,35202.0,22.12,22298.99
1702,06/30/2026 04:58:45,23.81,4.96,4.38,23.78,33738.6,34626.4,21.72,21930.11
1703,06/30/2026 05:13:45,23.79,4.74,4.20,23.76,33057.1,33940.1,21.24,21487.09
1704,06/30/2026 05:28:45,23.76,4.55,4.04,23.74,32552.4,33437.2,20.89,21159.09
1705,06/30/2026 05:43:45,23.75,4.38,3.89,23.72,32096.3,32979.3,20.58,20862.60
1706,06/30/2026 05:58:45,23.71,4.32,3.84,23.69,31620.3,32511.4,20.26,20553.22
1707,06/30/2026 06:13:45,23.70,4.23,3.77,23.68,31123.7,32011.1,19.91,20230.38
1708,06/30/2026 06:28:45,23.68,4.18,3.73,23.66,30675.3,31564.3,19.61,19938.93
1709,06/30/2026 06:43:45,23.67,4.07,3.64,23.66,30302.9,31179.1,19.34,19696.88
1710,06/30/2026 06:58:45,23.69,4.03,3.61,23.67,29987.1,30848.1,19.12,19491.58
1711,06/30/2026 07:13:45,23.70,4.08,3.67,23.68,29549.7,30390.2,18.81,19207.29
1712,06/30/2026 07:28:45,23.72,3.74,3.36,23.71,29173.8,29984.3,18.53,18963.00
1713,06/30/2026 07:43:45,23.76,4.14,3.72,23.76,28927.4,29702.0,18.34,18802.78
1714,06/30/2026 07:58:45,23.82,4.22,3.80,23.82,28607.2,29333.3,18.09,18594.66
1715,06/30/2026 08:13:45,23.90,4.10,3.70,23.90,28332.5,29002.7,17.87,18416.13
1716,06/30/2026 08:28:45,24.01,3.85,3.47,24.02,28735.2,29340.9,18.10,18677.91
1717,06/30/2026 08:43:45,24.02,4.49,4.04,24.00,28961.7,29585.5,18.27,18825.11
1718,06/30/2026 08:58:45,24.00,4.55,4.10,23.97,28982.6,29622.2,18.29,18838.68
1719,06/30/2026 09:13:45,23.92,4.38,3.94,23.91,29567.9,30259.6,18.72,19219.15
1720,06/30/2026 09:28:45,23.92,4.20,3.76,23.89,30295.3,31016.0,19.24,19691.93
1721,06/30/2026 09:43:45,23.95,4.35,3.89,23.96,31078.4,31772.5,19.76,20200.95
1722,06/30/2026 09:58:45,23.99,4.45,3.97,23.99,31760.8,32451.2,20.22,20644.54
1723,06/30/2026 10:13:45,24.08,4.80,4.27,24.08,32664.9,33310.4,20.82,21232.21
1724,06/30/2026 10:28:45,24.17,5.16,4.56,24.15,33616.1,34225.1,21.45,21850.44
1725,06/30/2026 10:43:45,24.16,5.52,4.86,24.12,34915.2,35573.0,22.39,22694.85
1726,06/30/2026 10:58:45,24.07,5.89,5.16,24.04,35725.3,36461.9,23.00,23221.47
1727,06/30/2026 11:13:45,24.08,6.20,5.43,24.07,36396.3,37117.9,23.46,23657.61
1728,06/30/2026 11:28:45,24.05,6.32,5.51,24.02,36883.3,37655.9,23.84,23974.15
1729,06/30/2026 11:43:45,23.98,6.53,5.68,23.95,37516.5,38361.8,24.33,24385.69
1730,06/30/2026 11:58:45,23.92,6.77,5.88,23.89,38180.8,39091.6,24.84,24817.52
1731,06/30/2026 12:13:45,23.87,6.96,6.03,23.85,38537.5,39495.1,25.12,25049.36
1732,06/30/2026 12:28:45,23.82,7.12,6.15,23.80,39001.0,40011.7,25.49,25350.68
1733,06/30/2026 12:43:45,23.78,7.21,6.22,23.76,39399.2,40449.0,25.79,25609.48
1734,06/30/2026 12:58:45,23.77,7.20,6.20,23.76,39474.0,40533.7,25.85,25658.08
1735,06/30/2026 13:13:45,23.77,7.00,6.03,23.75,39599.6,40665.3,25.95,25739.73
1736,06/30/2026 13:28:45,23.80,6.74,5.81,23.78,39684.3,40731.1,26.00,25794.78
1737,06/30/2026 13:43:45,23.82,7.06,6.08,23.82,39710.3,40718.2,25.99,25811.72
1738,06/30/2026 13:58:45,23.97,7.36,6.35,24.10,39677.9,40441.1,25.80,25790.65
1739,06/30/2026 14:13:45,24.17,7.22,6.24,24.15,39333.9,40051.7,25.53,25567.04
1740,06/30/2026 14:28:45,24.15,6.87,5.94,24.18,39132.6,39821.1,25.37,25436.21
1741,06/30/2026 14:43:45,24.17,6.89,5.96,24.15,39012.9,39724.9,25.30,25358.40
1742,06/30/2026 14:58:45,24.37,6.76,5.87,24.41,38570.1,39052.3,24.83,25070.58
1743,06/30/2026 15:13:45,24.62,6.66,5.79,24.62,38154.2,38460.8,24.42,24800.24
1744,06/30/2026 15:28:45,24.70,6.65,5.80,24.70,37862.0,38105.3,24.17,24610.30
1745,06/30/2026 15:43:45,24.78,6.49,5.67,24.75,37331.9,37526.3,23.77,24265.76
1746,06/30/2026 15:58:45,24.78,6.30,5.51,24.77,36789.9,36972.0,23.38,23913.44
1747,06/30/2026 16:13:45,24.79,6.14,5.38,24.77,36428.7,36604.3,23.12,23678.63
1748,06/30/2026 16:28:45,24.79,6.04,5.30,24.77,36183.3,36357.8,22.95,23519.18
1749,06/30/2026 16:43:45,24.81,5.86,5.16,24.80,35674.6,35828.3,22.58,23188.48
1750,06/30/2026 16:58:45,24.87,5.67,5.01,24.85,34762.9,34872.6,21.92,22595.87
1751,06/30/2026 17:13:45,24.89,5.48,4.85,24.87,33984.4,34074.3,21.37,22089.84
1752,06/30/2026 17:28:45,24.89,5.31,4.72,24.87,32998.7,33086.0,20.68,21449.13
1753,06/30/2026 17:43:45,24.89,5.21,4.63,24.88,32712.5,32796.9,20.49,21263.11
1754,06/30/2026 17:58:45,24.91,5.14,4.58,24.89,32704.7,32780.8,20.47,21258.06
1755,06/30/2026 18:13:45,24.89,5.04,4.50,24.87,31733.2,31819.2,19.81,20626.58
1756,06/30/2026 18:28:45,24.86,4.93,4.41,24.83,31535.0,31644.6,19.69,20497.73
1757,06/30/2026 18:43:45,24.83,4.83,4.33,24.80,31079.3,31207.2,19.39,20201.54
1758,06/30/2026 18:58:45,24.81,4.82,4.32,24.79,30564.3,30699.9,19.04,19866.80
1759,06/30/2026 19:13:45,24.80,4.79,4.30,24.77,30146.1,30293.4,18.77,19594.98
1760,06/30/2026 19:28:45,24.78,4.71,4.24,24.75,29759.3,29914.2,18.51,19343.52
1761,06/30/2026 19:43:45,24.76,4.67,4.21,24.74,29352.2,29510.7,18.23,19078.91
1762,06/30/2026 19:58:45,24.76,4.06,3.66,24.74,29159.5,29318.9,18.10,18953.70
1763,06/30/2026 20:13:45,24.72,4.47,4.02,24.71,30184.5,30368.8,18.82,19619.92
1764,06/30/2026 20:28:45,24.72,4.93,4.43,24.71,29898.7,30079.3,18.62,19434.16
1765,06/30/2026 20:43:45,24.82,4.99,4.47,24.83,30969.9,31081.6,19.31,20130.46
1766,06/30/2026 20:58:45,24.85,4.49,4.01,24.83,31683.8,31798.0,19.80,20594.45
1767,06/30/2026 21:13:45,24.85,4.66,4.17,24.82,31029.2,31145.0,19.35,20168.99
1768,06/30/2026 21:28:45,24.82,4.77,4.28,24.80,30668.0,30798.2,19.11,19934.22
1769,06/30/2026 21:43:45,24.77,5.05,4.49,24.73,33119.0,33310.6,20.84,21527.35
1770,06/30/2026 21:58:45,24.66,5.46,4.81,24.62,34799.6,35077.0,22.06,22619.72
1771,06/30/2026 22:13:45,24.57,5.74,5.05,24.54,35489.2,35836.2,22.58,23067.97
1772,06/30/2026 22:28:45,24.49,6.13,5.38,24.46,36202.1,36614.8,23.12,23531.37
1773,06/30/2026 22:43:45,24.43,6.46,5.63,24.41,37613.7,38088.8,24.15,24448.89
1774,06/30/2026 22:58:45,24.43,6.74,5.84,24.42,38815.5,39298.3,25.01,25230.09
1775,06/30/2026 23:13:45,24.45,6.92,6.07,24.43,36022.7,36456.7,23.01,23414.77
1776,06/30/2026 23:28:45,24.43,7.10,6.19,24.40,37357.5,37834.3,23.97,24282.40
1777,06/30/2026 23:43:45,24.33,7.24,6.29,24.27,38098.0,38688.5,24.57,24763.70
1778,06/30/2026 23:58:45,24.19,7.28,6.35,24.16,37005.7,37673.8,23.85,24053.73
1779,07/01/2026 00:13:45,24.06,7.39,6.42,24.01,38135.6,38942.0,24.74,24788.16
1780,07/01/2026 00:28:45,23.97,7.38,6.34,23.93,40649.6,41581.6,26.61,26422.26
1781,07/01/2026 00:43:45,23.90,7.33,6.29,23.86,40765.8,41762.6,26.73,26497.74
1782,07/01/2026 00:58:45,23.84,7.40,6.34,23.81,40862.6,41907.9,26.83,26560.67
1783,07/01/2026 01:13:45,23.81,7.25,6.22,23.79,40889.5,41957.2,26.87,26578.16
1784,07/01/2026 01:28:45,23.79,7.22,6.19,23.76,40950.2,42041.3,26.93,26617.60
1785,07/01/2026 01:43:45,23.76,6.72,5.76,23.75,41000.1,42109.0,26.97,26650.07
1786,07/01/2026 01:58:45,23.75,6.55,5.61,23.74,40959.8,42075.8,26.95,26623.88
1787,07/01/2026 02:13:45,23.76,6.83,5.85,23.75,40956.2,42061.1,26.94,26621.52
1788,07/01/2026 02:28:45,23.76,7.25,6.22,23.75,40736.1,41837.8,26.78,26478.47
1789,07/01/2026 02:43:45,23.85,7.11,6.11,23.86,40257.1,41241.4,26.36,26167.08
1790,07/01/2026 02:58:45,23.90,7.00,6.02,23.89,40212.1,41174.0,26.31,26137.84
1791,07/01/2026 03:13:45,24.03,6.82,5.90,24.04,38884.8,39686.5,25.27,25275.13
1792,07/01/2026 03:28:45,24.11,6.76,5.84,24.10,39496.0,40255.7,25.67,25672.39
1793,07/01/2026 03:43:45,24.21,6.57,5.69,24.20,38950.2,39615.0,25.22,25317.61
1794,07/01/2026 03:58:45,24.26,6.31,5.47,24.25,38479.7,39098.7,24.86,25011.80
1795,07/01/2026 04:13:45,24.29,6.07,5.29,24.28,37628.6,38209.4,24.23,24458.61
1796,07/01/2026 04:28:45,24.31,5.78,5.02,24.29,38163.8,38745.4,24.61,24806.47
1797,07/01/2026 04:43:45,24.31,5.50,4.81,24.29,36612.2,37167.7,23.50,23797.91
1798,07/01/2026 04:58:45,24.31,5.22,4.58,24.30,35918.0,36453.6,23.00,23346.71
1799,07/01/2026 05:13:45,24.33,5.03,4.42,24.31,35330.5,35848.1,22.58,22964.81
1800,07/01/2026 05:28:45,24.33,4.80,4.23,24.32,34693.6,35197.4,22.13,22550.84
1801,07/01/2026 05:43:45,24.34,4.61,4.07,24.32,34007.8,34499.4,21.65,22105.07
1802,07/01/2026 05:58:45,24.34,4.41,3.90,24.33,33406.0,33882.3,21.22,21713.90
1803,07/01/2026 06:13:45,24.36,4.23,3.76,24.33,32889.7,33358.6,20.86,21378.28
1804,07/01/2026 06:28:45,24.36,4.13,3.68,24.34,32487.0,32941.8,20.57,21116.57
1805,07/01/2026 06:43:45,24.36,3.99,3.56,24.35,31964.5,32409.9,20.20,20776.94
1806,07/01/2026 06:58:45,24.37,3.86,3.44,24.35,31603.4,32039.6,19.95,20542.22
1807,07/01/2026 07:13:45,24.37,3.82,3.42,24.35,31211.7,31644.6,19.68,20287.62
1808,07/01/2026 07:28:45,24.38,3.74,3.35,24.35,30678.8,31100.3,19.31,19941.25
1809,07/01/2026 07:43:45,24.39,3.71,3.33,24.37,30264.8,30668.8,19.01,19672.13
1810,07/01/2026 07:58:45,24.40,3.69,3.31,24.38,29914.7,30312.0,18.77,19444.53
1811,07/01/2026 08:13:45,24.40,3.67,3.31,24.38,29450.3,29835.7,18.45,19142.67
1812,07/01/2026 08:28:45,24.48,3.72,3.35,24.48,29274.4,29600.6,18.29,19028.39
1813,07/01/2026 08:43:45,24.55,3.55,3.21,24.54,28869.1,29149.6,17.98,18764.94
1814,07/01/2026 08:58:45,24.58,3.12,2.82,24.58,28716.3,28974.9,17.87,18665.62
1815,07/01/2026 09:13:45,24.63,4.06,3.66,24.59,29466.4,29722.2,18.37,19153.15
1816,07/01/2026 09:28:45,24.60,4.32,3.88,24.57,29651.4,29920.3,18.51,19273.41
1817,07/01/2026 09:43:45,24.57,4.26,3.82,24.54,30453.1,30748.9,19.07,19794.51
1818,07/01/2026 09:58:45,24.59,4.05,3.62,24.57,30771.8,31054.9,19.28,20001.68
1819,07/01/2026 10:13:45,24.62,4.10,3.66,24.61,31595.2,31857.3,19.83,20536.91
1820,07/01/2026 10:28:45,24.68,4.18,3.73,24.66,32028.0,32258.6,20.11,20818.22
1821,07/01/2026 10:43:45,24.74,4.48,3.98,24.72,33054.7,33248.0,20.79,21485.54
1822,07/01/2026 10:58:45,24.80,4.96,4.39,24.79,33997.8,34148.6,21.42,22098.54
1823,07/01/2026 11:13:45,24.82,5.28,4.65,24.81,35268.4,35409.1,22.29,22924.46
1824,07/01/2026 11:28:45,24.78,5.62,4.93,24.75,36346.0,36535.2,23.08,23624.87
1825,07/01/2026 11:43:45,24.78,5.91,5.17,24.77,37122.5,37299.1,23.61,24129.62
1826,07/01/2026 11:58:45,24.81,6.05,5.28,24.78,37723.7,37895.9,24.03,24520.38
1827,07/01/2026 12:13:45,24.75,6.25,5.43,24.72,38425.7,38650.4,24.56,24976.68
1828,07/01/2026 12:28:45,24.69,6.30,5.47,24.65,39034.9,39323.4,25.03,25372.68
1829,07/01/2026 12:43:45,24.63,6.56,5.68,24.60,39548.8,39884.5,25.43,25706.71
1830,07/01/2026 12:58:45,24.58,6.63,5.72,24.55,39982.3,40365.5,25.77,25988.47
1831,07/01/2026 13:13:45,24.54,6.69,5.77,24.52,40365.3,40775.8,26.06,26237.46
1832,07/01/2026 13:28:45,24.53,6.80,5.85,24.51,40570.5,40993.5,26.21,26370.82
1833,07/01/2026 13:43:45,24.54,6.52,5.61,24.51,40723.0,41142.3,26.32,26469.92
1834,07/01/2026 13:58:45,24.54,6.37,5.49,24.52,40743.2,41154.8,26.32,26483.09
1835,07/01/2026 14:13:45,24.56,5.90,5.08,24.54,40684.1,41079.3,26.27,26444.64
1836,07/01/2026 14:28:45,24.65,6.71,5.78,24.68,40781.5,41054.1,26.26,26507.97
1837,07/01/2026 14:43:45,24.95,6.78,5.85,25.00,40351.7,40350.5,25.77,26228.59
1838,07/01/2026 14:58:45,24.87,6.68,5.76,24.83,40562.5,40703.5,26.02,26365.62
1839,07/01/2026 15:13:45,25.02,6.45,5.59,25.03,39882.4,39860.9,25.42,25923.54
1840,07/01/2026 15:28:45,25.20,6.38,5.53,25.17,39739.6,39594.8,25.24,25830.73
1841,07/01/2026 15:43:45,25.14,6.32,5.49,25.13,39243.1,39132.4,24.91,25508.01
1842,07/01/2026 15:58:45,25.28,6.26,5.45,25.30,39037.0,38796.4,24.68,25374.08
1843,07/01/2026 16:13:45,25.60,6.26,5.45,25.58,38770.6,38305.9,24.34,25200.88
1844,07/01/2026 16:28:45,25.65,6.18,5.40,25.64,38351.4,37841.6,24.02,24928.38
1845,07/01/2026 16:43:45,25.69,6.00,5.25,25.67,37810.2,37286.5,23.63,24576.63
1846,07/01/2026 16:58:45,25.67,5.88,5.15,25.67,37285.6,36769.2,23.27,24235.63
1847,07/01/2026 17:13:45,25.79,5.70,5.01,25.78,36840.6,36250.5,22.91,23946.41
1848,07/01/2026 17:28:45,25.80,5.56,4.89,25.78,36353.8,35767.0,22.57,23629.95
1849,07/01/2026 17:43:45,25.85,5.42,4.79,25.83,35139.8,34535.7,21.71,22840.88
1850,07/01/2026 17:58:45,25.82,5.22,4.62,25.77,34688.6,34135.1,21.43,22547.56
1851,07/01/2026 18:13:45,25.84,5.11,4.54,25.82,34065.7,33486.4,20.98,22142.73
1852,07/01/2026 18:28:45,25.90,4.95,4.41,25.88,33240.1,32637.9,20.40,21606.08
1853,07/01/2026 18:43:45,25.89,4.82,4.31,25.87,32695.4,32111.1,20.04,21252.01
1854,07/01/2026 18:58:45,25.86,4.67,4.17,25.84,32289.6,31730.5,19.77,20988.26
1855,07/01/2026 19:13:45,25.84,4.54,4.07,25.81,31693.7,31160.5,19.38,20600.89
1856,07/01/2026 19:28:45,25.81,4.56,4.10,25.80,31250.1,30736.0,19.09,20312.53
1857,07/01/2026 19:43:45,25.81,4.48,4.03,25.78,30790.9,30291.9,18.79,20014.05
1858,07/01/2026 19:58:45,25.80,4.39,3.95,25.78,30412.7,29925.6,18.54,19768.28
1859,07/01/2026 20:13:45,25.79,4.29,3.87,25.77,30242.8,29760.3,18.43,19657.85
1860,07/01/2026 20:28:45,25.78,3.86,3.48,25.76,30024.1,29550.6,18.28,19515.64
1861,07/01/2026 20:43:45,25.76,3.78,3.41,25.74,30174.2,29715.1,18.39,19613.21
1862,07/01/2026 20:58:45,25.76,4.64,4.18,25.77,30633.3,30146.4,18.69,19911.67
1863,07/01/2026 21:13:45,25.88,4.71,4.23,25.86,31722.2,31157.3,19.38,20619.45
1864,07/01/2026 21:28:45,25.88,4.41,3.95,25.86,32166.6,31597.8,19.68,20908.31
1865,07/01/2026 21:43:45,25.84,4.35,3.88,25.82,33045.4,32483.4,20.29,21479.48
1866,07/01/2026 21:58:45,25.85,4.50,4.00,25.82,33655.3,33082.9,20.71,21875.92
1867,07/01/2026 22:13:45,25.82,4.66,4.13,25.80,34399.5,33831.5,21.22,22359.68
1868,07/01/2026 22:28:45,25.78,4.98,4.40,25.75,35195.3,34648.9,21.79,22876.91
1869,07/01/2026 22:43:45,25.74,5.26,4.63,25.71,36008.2,35476.0,22.36,23405.35
1870,07/01/2026 22:58:45,25.71,5.55,4.87,25.69,36913.5,36388.5,23.00,23993.75
1871,07/01/2026 23:13:45,25.67,5.81,5.08,25.65,37911.5,37398.2,23.71,24642.49
1872,07/01/2026 23:28:45,25.66,6.26,5.45,25.64,38931.3,38411.5,24.42,25305.36
1873,07/01/2026 23:43:45,25.66,6.38,5.54,25.64,39474.6,38952.4,24.80,25658.51
1874,07/01/2026 23:58:45,25.62,6.76,5.88,25.60,39383.9,38897.2,24.76,25599.57
1875,07/02/2026 00:13:45,25.54,6.91,5.99,25.51,40009.2,39587.1,25.25,26005.98
1876,07/02/2026 00:28:45,25.41,6.97,6.01,25.38,41171.6,40845.3,26.14,26761.51
1877,07/02/2026 00:43:45,25.30,7.12,6.13,25.25,41219.5,41001.8,26.24,26792.68
1878,07/02/2026 00:58:45,25.17,7.12,6.13,25.13,41403.2,41286.4,26.44,26912.07
1879,07/02/2026 01:13:45,25.06,7.16,6.16,25.02,41475.8,41456.1,26.56,26959.29
1880,07/02/2026 01:28:45,24.97,7.22,6.20,24.93,41500.3,41559.8,26.63,26975.16
1881,07/02/2026 01:43:45,24.87,7.20,6.19,24.84,41530.3,41669.4,26.70,26994.72
1882,07/02/2026 01:58:45,24.81,7.13,6.13,24.79,41393.7,41580.0,26.64,26905.89
1883,07/02/2026 02:13:45,24.78,6.71,5.77,24.75,41295.5,41513.2,26.59,26842.09
1884,07/02/2026 02:28:45,24.75,6.14,5.27,24.74,41808.7,42037.1,26.96,27175.67
1885,07/02/2026 02:43:45,24.78,6.81,5.84,24.75,41671.4,41888.4,26.86,27086.43
1886,07/02/2026 02:58:45,24.82,7.01,6.02,24.87,41584.7,41697.4,26.72,27030.05
1887,07/02/2026 03:13:45,25.05,7.00,6.03,25.05,41312.2,41269.0,26.43,26852.95
1888,07/02/2026 03:28:45,25.10,6.83,5.88,25.09,41124.5,41047.5,26.27,26730.90
1889,07/02/2026 03:43:45,25.21,6.64,5.73,25.22,40875.9,40685.7,26.02,26569.30
1890,07/02/2026 03:58:45,25.33,6.34,5.49,25.34,40174.0,39891.0,25.46,26113.08
1891,07/02/2026 04:13:45,25.42,6.20,5.37,25.42,39971.4,39624.6,25.27,25981.40
1892,07/02/2026 04:28:45,25.49,6.01,5.22,25.47,39492.5,39107.9,24.91,25670.15
1893,07/02/2026 04:43:45,25.51,5.78,5.03,25.50,38972.3,38570.9,24.53,25332.02
1894,07/02/2026 04:58:45,25.53,5.45,4.75,25.50,38529.3,38125.2,24.21,25044.07
1895,07/02/2026 05:13:45,25.51,5.12,4.48,25.50,37726.9,37331.2,23.66,24522.49
1896,07/02/2026 05:28:45,25.53,4.87,4.27,25.51,37029.1,36638.4,23.17,24068.90
1897,07/02/2026 05:43:45,25.52,4.62,4.06,25.51,36447.4,36060.6,22.77,23690.83
1898,07/02/2026 05:58:45,25.53,4.47,3.94,25.50,35801.9,35426.4,22.32,23271.25
1899,07/02/2026 06:13:45,25.51,4.26,3.76,25.50,35325.9,34962.0,22.00,22961.82
1900,07/02/2026 06:28:45,25.51,4.12,3.65,25.49,34571.8,34217.9,21.48,22471.68
1901,07/02/2026 06:43:45,25.51,3.94,3.49,25.49,34134.0,33786.6,21.18,22187.10
1902,07/02/2026 06:58:45,25.51,3.80,3.38,25.49,33466.9,33126.3,20.73,21753.47
1903,07/02/2026 07:13:45,25.52,3.69,3.28,25.50,33138.0,32794.6,20.50,21539.68
1904,07/02/2026 07:28:45,25.53,3.60,3.21,25.52,32687.6,32334.5,20.18,21246.92
1905,07/02/2026 07:43:45,25.56,3.58,3.20,25.55,32233.4,31867.2,19.86,20951.72
1906,07/02/2026 07:58:45,25.60,3.55,3.18,25.59,31742.5,31356.2,19.51,20632.65
1907,07/02/2026 08:13:45,25.64,3.59,3.22,25.63,31225.5,30816.3,19.14,20296.60
1908,07/02/2026 08:28:45,25.68,3.56,3.20,25.68,30912.1,30476.3,18.91,20092.85
1909,07/02/2026 08:43:45,25.74,3.57,3.22,25.74,30621.7,30155.8,18.69,19904.11
1910,07/02/2026 08:58:45,25.81,3.60,3.24,25.81,30352.9,29848.0,18.49,19729.40
1911,07/02/2026 09:13:45,25.90,3.48,3.14,25.91,30317.4,29751.4,18.42,19706.33
1912,07/02/2026 09:28:45,26.01,3.25,2.93,26.02,29740.8,29116.1,17.99,19331.52
1913,07/02/2026 09:43:45,26.19,3.84,3.47,26.24,29964.4,29203.2,18.06,19476.84
1914,07/02/2026 09:58:45,26.23,4.25,3.83,26.21,30570.6,29810.8,18.47,19870.92
1915,07/02/2026 10:13:45,26.17,4.11,3.70,26.04,30961.5,30297.9,18.80,20125.00
1916,07/02/2026 10:28:45,25.98,3.99,3.58,25.94,31399.6,30790.1,19.13,20409.72
1917,07/02/2026 10:43:45,25.98,3.92,3.51,25.98,32158.5,31512.6,19.63,20903.03
1918,07/02/2026 10:58:45,26.08,4.09,3.65,26.06,32898.2,32183.0,20.09,21383.81
1919,07/02/2026 11:13:45,26.14,4.27,3.80,26.15,33646.7,32853.5,20.55,21870.38
1920,07/02/2026 11:28:45,26.35,4.82,4.28,26.37,34711.7,33741.4,21.17,22562.60
1921,07/02/2026 11:43:45,26.48,5.07,4.48,26.47,35837.9,34762.4,21.88,23294.60
1922,07/02/2026 11:58:45,26.47,5.51,4.85,26.44,37123.3,36036.2,22.77,24130.13
1923,07/02/2026 12:13:45,26.42,5.89,5.16,26.41,38016.3,36923.8,23.39,24710.60
1924,07/02/2026 12:28:45,26.46,6.09,5.33,26.44,38604.1,37473.6,23.78,25092.64
1925,07/02/2026 12:43:45,26.39,6.24,5.44,26.36,39356.8,38266.2,24.34,25581.92
1926,07/02/2026 12:58:45,26.28,6.49,5.65,26.25,39971.9,38949.2,24.82,25981.71
1927,07/02/2026 13:13:45,26.20,6.72,5.83,26.17,40492.1,39522.7,25.22,26319.85
1928,07/02/2026 13:28:45,26.15,6.89,5.96,26.12,41049.7,40109.6,25.64,26682.33
1929,07/02/2026 13:43:45,26.11,6.95,6.00,26.09,41527.9,40599.7,25.98,26993.13
1930,07/02/2026 13:58:45,26.08,7.06,6.09,26.06,41799.5,40890.7,26.19,27169.64
1931,07/02/2026 14:13:45,26.06,7.02,6.06,26.03,41860.0,40975.6,26.25,27208.98
1932,07/02/2026 14:28:45,26.04,6.57,5.65,26.02,42161.2,41280.7,26.47,27404.76
1933,07/02/2026 14:43:45,26.06,5.64,4.86,26.03,42012.1,41119.4,26.35,27307.87
1934,07/02/2026 14:58:45,26.10,6.62,5.71,26.08,41942.1,41009.7,26.27,27262.33
1935,07/02/2026 15:13:45,26.40,7.11,6.14,26.43,41848.5,40630.6,26.01,27201.52
1936,07/02/2026 15:28:45,26.52,7.02,6.08,26.48,41289.4,40047.9,25.60,26838.10
1937,07/02/2026 15:43:45,26.56,6.75,5.84,26.60,41523.6,40177.5,25.70,26990.31
1938,07/02/2026 15:58:45,26.53,6.72,5.83,26.53,40939.2,39661.3,25.33,26610.49
1939,07/02/2026 16:13:45,26.65,6.58,5.72,26.65,40560.7,39202.0,25.01,26364.43
1940,07/02/2026 16:28:45,26.78,6.56,5.71,26.81,40187.0,38718.1,24.67,26121.52
1941,07/02/2026 16:43:45,27.09,6.52,5.69,27.07,39795.5,38137.6,24.26,25867.05
1942,07/02/2026 16:58:45,27.11,6.37,5.56,27.09,39410.2,37754.4,23.99,25616.63
1943,07/02/2026 17:13:45,27.15,6.23,5.46,27.13,38644.8,36989.1,23.46,25119.10
1944,07/02/2026 17:28:45,27.15,6.03,5.30,27.13,38215.0,36575.5,23.17,24839.75
1945,07/02/2026 17:43:45,27.16,5.85,5.15,27.14,37590.4,35971.0,22.74,24433.75
1946,07/02/2026 17:58:45,27.17,5.77,5.09,27.15,36928.9,35331.5,22.30,24003.78
1947,07/02/2026 18:13:45,27.18,5.40,4.78,27.16,36219.7,34650.8,21.82,23542.79
1948,07/02/2026 18:28:45,27.17,5.22,4.62,27.14,36126.4,34574.4,21.77,23482.16
1949,07/02/2026 18:43:45,27.13,4.94,4.39,27.12,35119.5,33625.3,21.11,22827.67
1950,07/02/2026 18:58:45,27.13,4.83,4.30,27.10,34743.5,33275.5,20.87,22583.26
1951,07/02/2026 19:13:45,27.11,4.71,4.19,27.09,34371.6,32927.4,20.62,22341.52
1952,07/02/2026 19:28:45,27.08,4.53,4.05,27.05,33464.1,32081.9,20.04,21751.70
1953,07/02/2026 19:43:45,27.04,4.36,3.90,27.01,33087.6,31748.3,19.81,21506.91
1954,07/02/2026 19:58:45,27.01,4.18,3.75,26.98,32133.2,30851.6,19.19,20886.58
1955,07/02/2026 20:13:45,26.98,4.07,3.66,26.95,31839.0,30584.3,19.01,20695.38
1956,07/02/2026 20:28:45,26.95,3.96,3.56,26.93,31378.6,30158.8,18.72,20396.08
1957,07/02/2026 20:43:45,26.94,3.87,3.50,26.91,30882.3,29691.0,18.40,20073.52
1958,07/02/2026 20:58:45,26.92,3.68,3.32,26.90,30553.7,29384.2,18.19,19859.90
1959,07/02/2026 21:13:45,26.90,2.89,2.62,26.89,30233.8,29080.1,17.98,19651.97
1960,07/02/2026 21:28:45,26.88,3.66,3.29,26.88,31650.2,30450.0,18.92,20572.62
1961,07/02/2026 21:43:45,26.99,4.26,3.83,27.11,31735.5,30387.2,18.88,20628.11
1962,07/02/2026 21:58:45,27.13,4.27,3.83,27.10,32797.6,31409.9,19.58,21318.44
1963,07/02/2026 22:13:45,27.11,4.06,3.63,27.08,33522.8,32120.2,20.07,21789.79
1964,07/02/2026 22:28:45,27.11,4.23,3.78,27.09,34048.0,32617.4,20.41,22131.18
1965,07/02/2026 22:43:45,27.11,4.37,3.89,27.08,34612.3,33164.2,20.79,22498.02
1966,07/02/2026 22:58:45,27.07,4.59,4.07,27.03,35440.9,33991.7,21.36,23036.57
1967,07/02/2026 23:13:45,27.00,4.98,4.40,26.97,36301.9,34860.6,21.96,23596.27
1968,07/02/2026 23:28:45,26.96,5.22,4.61,26.93,37118.4,35675.5,22.53,24126.94
1969,07/02/2026 23:43:45,26.92,5.59,4.91,26.90,38156.6,36696.0,23.25,24801.77
1970,07/02/2026 23:58:45,26.86,5.98,5.23,26.82,39176.5,37730.6,23.97,25464.72
1971,07/03/2026 00:13:45,26.83,6.31,5.50,26.80,39855.6,38406.0,24.45,25906.17
1972,07/03/2026 00:28:45,26.77,6.62,5.75,26.73,40368.2,38950.6,24.83,26239.33
1973,07/03/2026 00:43:45,26.67,6.89,5.97,26.61,40933.9,39592.2,25.28,26607.06
1974,07/03/2026 00:58:45,26.51,6.97,6.03,26.45,41299.6,40082.8,25.63,26844.76
1975,07/03/2026 01:13:45,26.28,7.08,6.12,26.22,41617.7,40580.8,25.97,27051.52
1976,07/03/2026 01:28:45,26.12,7.06,6.09,26.06,41749.6,40841.9,26.15,27137.21
1977,07/03/2026 01:43:45,25.94,7.01,6.04,25.90,41887.4,41113.1,26.34,27226.82
1978,07/03/2026 01:58:45,25.80,6.88,5.92,25.76,41978.1,41316.1,26.48,27285.78
1979,07/03/2026 02:13:45,25.69,6.93,5.96,25.65,42006.4,41442.9,26.57,27304.15
1980,07/03/2026 02:28:45,25.62,6.86,5.90,25.59,42060.2,41543.0,26.64,27339.11
1981,07/03/2026 02:43:45,25.55,6.35,5.46,25.53,42161.2,41700.6,26.75,27404.76
1982,07/03/2026 02:58:45,25.50,6.27,5.38,25.47,42702.9,42289.7,27.17,27756.87
1983,07/03/2026 03:13:45,25.50,4.95,4.25,25.49,42056.8,41631.4,26.70,27336.89
1984,07/03/2026 03:28:45,25.56,6.18,5.31,25.53,42171.8,41711.1,26.76,27411.70
1985,07/03/2026 03:43:45,25.71,6.62,5.69,25.75,42242.8,41589.7,26.68,27457.82
1986,07/03/2026 03:58:45,25.90,6.51,5.60,25.87,42011.8,41261.0,26.45,27307.65
1987,07/03/2026 04:13:45,25.97,6.37,5.49,25.99,42023.1,41166.1,26.38,27314.98
1988,07/03/2026 04:28:45,26.15,6.10,5.28,26.16,41045.4,40065.2,25.61,26679.48
1989,07/03/2026 04:43:45,26.31,5.97,5.18,26.32,40605.3,39507.2,25.21,26393.42
1990,07/03/2026 04:58:45,26.46,5.83,5.07,26.46,40148.7,38956.1,24.83,26096.68
1991,07/03/2026 05:13:45,26.54,5.57,4.85,26.53,39716.7,38484.2,24.50,25815.86
1992,07/03/2026 05:28:45,26.59,5.29,4.62,26.57,39255.3,38001.6,24.16,25515.94
1993,07/03/2026 05:43:45,26.61,5.02,4.39,26.60,38795.5,37535.6,23.83,25217.09
1994,07/03/2026 05:58:45,26.64,4.80,4.21,26.63,38045.4,36789.2,23.30,24729.50
1995,07/03/2026 06:13:45,26.66,4.49,3.95,26.65,37324.1,36076.0,22.81,24260.65
1996,07/03/2026 06:28:45,26.68,4.26,3.76,26.66,36946.1,35699.6,22.54,24014.98
1997,07/03/2026 06:43:45,26.70,4.06,3.59,26.67,36433.4,35197.7,22.19,23681.71
1998,07/03/2026 06:58:45,26.71,3.87,3.43,26.69,35351.3,34141.7,21.46,22978.35
1999,07/03/2026 07:13:45,26.72,3.72,3.30,26.70,35077.7,33869.0,21.27,22800.48
2000,07/03/2026 07:28:45,26.73,3.72,3.31,26.71,34699.7,33495.7,21.01,22554.78
2001,07/03/2026 07:43:45,26.74,3.75,3.34,26.72,34107.8,32916.2,20.61,22170.08
2002,07/03/2026 07:58:45,26.77,3.68,3.29,26.75,33902.6,32699.9,20.46,22036.71
2003,07/03/2026 08:13:45,26.79,3.70,3.31,26.78,32903.5,31718.6,19.78,21387.30
2004,07/03/2026 08:28:45,26.83,3.68,3.30,26.81,32481.1,31290.0,19.49,21112.69
2005,07/03/2026 08:43:45,26.87,3.66,3.29,26.86,31957.4,30758.9,19.13,20772.32
2006,07/03/2026 08:58:45,26.91,3.70,3.33,26.90,31729.9,30511.6,18.96,20624.45
2007,07/03/2026 09:13:45,26.97,3.65,3.29,26.95,31619.8,30373.7,18.87,20552.85
2008,07/03/2026 09:28:45,27.04,3.64,3.28,27.03,31030.9,29760.2,18.45,20170.07
2009,07/03/2026 09:43:45,27.11,3.61,3.26,27.10,30607.6,29316.2,18.15,19894.94
2010,07/03/2026 09:58:45,27.20,3.45,3.12,27.19,30381.1,29043.7,17.96,19747.73
2011,07/03/2026 10:13:45,27.39,3.18,2.88,27.37,30178.7,28745.5,17.76,19616.12
2012,07/03/2026 10:28:45,27.53,4.17,3.77,27.44,31230.6,29707.3,18.42,20299.90
2013,07/03/2026 10:43:45,27.52,4.17,3.76,27.45,31611.9,30064.5,18.66,20547.72
2014,07/03/2026 10:58:45,27.29,4.16,3.74,27.29,32308.2,30827.0,19.18,21000.32
2015,07/03/2026 11:13:45,27.27,3.74,3.35,27.25,32850.0,31369.1,19.55,21352.53
2016,07/03/2026 11:28:45,27.36,3.96,3.54,27.36,33697.0,32104.7,20.06,21903.06
2017,07/03/2026 11:43:45,27.43,4.12,3.67,27.42,34545.8,32874.9,20.59,22454.75
2018,07/03/2026 11:58:45,27.57,4.70,4.18,27.60,35375.9,33545.3,21.06,22994.34
2019,07/03/2026 12:13:45,27.76,5.22,4.62,27.76,36457.9,34459.2,21.70,23697.63
2020,07/03/2026 12:28:45,27.82,5.78,5.10,27.80,37851.3,35752.1,22.60,24603.35
2021,07/03/2026 12:43:45,27.72,6.20,5.44,27.68,38873.1,36800.5,23.34,25267.50
2022,07/03/2026 12:58:45,27.73,6.62,5.80,27.70,39632.5,37503.3,23.83,25761.11
2023,07/03/2026 13:13:45,27.67,6.67,5.82,27.60,40207.5,38122.1,24.27,26134.85
2024,07/03/2026 13:28:45,27.48,6.90,6.00,27.43,40870.5,38889.0,24.80,26565.83
2025,07/03/2026 13:43:45,27.32,7.15,6.21,27.26,41368.1,39491.0,25.23,26889.29
2026,07/03/2026 13:58:45,27.20,7.32,6.34,27.15,41823.9,40014.8,25.60,27185.54
2027,07/03/2026 14:13:45,27.11,7.47,6.46,27.08,42179.8,40417.5,25.88,27416.84
2028,07/03/2026 14:28:45,27.06,7.56,6.54,27.03,42449.3,40711.0,26.09,27592.04
2029,07/03/2026 14:43:45,27.00,7.45,6.43,26.97,42590.6,40899.5,26.22,27683.86
2030,07/03/2026 14:58:45,26.95,7.14,6.16,26.92,42668.3,41012.2,26.30,27734.42
2031,07/03/2026 15:13:45,26.94,6.82,5.88,26.91,42738.2,41089.6,26.36,27779.86
2032,07/03/2026 15:28:45,26.95,6.02,5.20,26.94,42583.0,40917.6,26.23,27678.97
2033,07/03/2026 15:43:45,26.99,7.07,6.10,26.96,42574.1,40888.8,26.21,27673.19
2034,07/03/2026 15:58:45,27.23,7.63,6.60,27.25,42454.0,40537.6,25.97,27595.13
2035,07/03/2026 16:13:45,27.46,7.61,6.59,27.40,42322.2,40295.1,25.80,27509.44
2036,07/03/2026 16:28:45,27.47,7.32,6.35,27.46,42023.4,39961.5,25.57,27315.24
2037,07/03/2026 16:43:45,27.47,7.26,6.30,27.45,41997.1,39943.8,25.55,27298.13
2038,07/03/2026 16:58:45,27.59,7.24,6.28,27.58,41718.1,39573.8,25.29,27116.75
2039,07/03/2026 17:13:45,27.85,7.13,6.22,27.88,41079.9,38737.7,24.71,26701.94
2040,07/03/2026 17:28:45,27.96,7.04,6.15,27.96,40743.4,38361.8,24.44,26483.24
2041,07/03/2026 17:43:45,28.02,6.83,5.98,28.02,40083.4,37696.6,23.97,26054.18
2042,07/03/2026 17:58:45,28.08,6.62,5.81,28.07,39514.3,37120.6,23.57,25684.31
2043,07/03/2026 18:13:45,28.13,6.43,5.65,28.11,39352.0,36936.6,23.44,25578.77
2044,07/03/2026 18:28:45,28.13,6.11,5.37,28.11,38636.7,36267.4,22.97,25113.84
2045,07/03/2026 18:43:45,28.15,5.84,5.15,28.14,38144.4,35785.7,22.63,24793.86
2046,07/03/2026 18:58:45,28.16,5.65,4.99,28.14,37570.7,35243.2,22.25,24420.95
2047,07/03/2026 19:13:45,28.15,5.38,4.77,28.14,36700.4,34433.1,21.69,23855.26
2048,07/03/2026 19:28:45,28.13,5.19,4.61,28.11,36168.2,33952.3,21.35,23509.32
2049,07/03/2026 19:43:45,28.09,4.88,4.34,28.08,35721.5,33553.4,21.08,23218.95
2050,07/03/2026 19:58:45,28.06,4.69,4.18,28.03,35096.3,32998.4,20.69,22812.62
2051,07/03/2026 20:13:45,28.02,4.38,3.92,28.00,34364.5,32330.1,20.23,22336.95
2052,07/03/2026 20:28:45,27.98,4.20,3.76,27.95,33666.5,31700.4,19.79,21883.21
2053,07/03/2026 20:43:45,27.95,4.09,3.66,27.93,33620.8,31674.9,19.77,21853.55
2054,07/03/2026 20:58:45,27.92,3.90,3.50,27.89,33039.7,31146.4,19.41,21475.78
2055,07/03/2026 21:13:45,27.90,3.80,3.42,27.87,32134.4,30309.7,18.84,20887.39
2056,07/03/2026 21:28:45,27.87,3.75,3.38,27.84,31863.9,30071.0,18.67,20711.53
2057,07/03/2026 21:43:45,27.85,3.25,2.93,27.82,31561.1,29796.2,18.48,20514.74
2058,07/03/2026 21:58:45,27.80,2.84,2.55,27.77,32361.4,30585.4,19.02,21034.90
2059,07/03/2026 22:13:45,27.80,4.12,3.70,27.74,32401.6,30636.5,19.06,21061.03
2060,07/03/2026 22:28:45,27.93,4.09,3.67,27.90,33136.8,31232.2,19.47,21538.93
2061,07/03/2026 22:43:45,28.03,4.07,3.64,28.01,33882.6,31867.0,19.91,22023.69
2062,07/03/2026 22:58:45,28.03,3.85,3.43,28.01,34748.6,32681.4,20.47,22586.58
2063,07/03/2026 23:13:45,28.03,4.21,3.74,28.02,35418.9,33305.8,20.90,23022.27
2064,07/03/2026 23:28:45,28.01,4.35,3.86,27.99,36453.6,34299.7,21.59,23694.82
2065,07/03/2026 23:43:45,27.94,4.77,4.21,27.90,37836.9,35664.3,22.54,24593.95
2066,07/03/2026 23:58:45,27.86,5.05,4.45,27.81,38094.7,35968.8,22.76,24761.54
2067,07/04/2026 00:13:45,27.77,5.47,4.80,27.72,39005.3,36894.0,23.40,25353.42
2068,07/04/2026 00:28:45,27.67,5.79,5.07,27.61,39790.6,37719.9,23.98,25863.88
2069,07/04/2026 00:43:45,27.53,6.21,5.41,27.49,40675.4,38651.0,24.64,26438.99
2070,07/04/2026 00:58:45,27.46,6.48,5.62,27.41,41512.1,39511.6,25.25,26982.89
2071,07/04/2026 01:13:45,27.34,6.76,5.86,27.28,41708.0,39798.3,25.45,27110.23
2072,07/04/2026 01:28:45,27.18,6.91,5.98,27.13,42301.4,40494.1,25.94,27495.90
2073,07/04/2026 01:43:45,26.99,6.99,6.04,26.93,42344.9,40698.9,26.08,27524.21
2074,07/04/2026 01:58:45,26.78,7.00,6.04,26.72,42580.8,41098.3,26.36,27677.53
2075,07/04/2026 02:13:45,26.58,7.03,6.06,26.52,42816.5,41490.3,26.63,27830.72
2076,07/04/2026 02:28:45,26.42,6.95,5.98,26.38,42764.5,41564.0,26.68,27796.95
2077,07/04/2026 02:43:45,26.29,6.91,5.94,26.25,42994.1,41894.2,26.91,27946.20
2078,07/04/2026 02:58:45,26.16,6.94,5.96,26.11,42756.9,41780.2,26.83,27791.96
2079,07/04/2026 03:13:45,26.06,6.93,5.95,26.02,42841.3,41944.1,26.94,27846.87
2080,07/04/2026 03:28:45,26.00,6.56,5.61,25.97,43825.3,42947.7,27.66,28486.42
2081,07/04/2026 03:43:45,25.97,6.36,5.46,25.94,42750.0,41922.9,26.92,27787.49
2082,07/04/2026 03:58:45,25.98,5.59,4.77,25.96,44315.8,43439.4,28.01,28805.30
2083,07/04/2026 04:13:45,25.98,6.49,5.58,25.95,42710.8,41873.9,26.89,27762.00
2084,07/04/2026 04:28:45,26.16,6.74,5.81,26.20,42184.5,41151.4,26.38,27419.92
2085,07/04/2026 04:43:45,26.40,6.61,5.70,26.41,42394.1,41175.8,26.40,27556.19
2086,07/04/2026 04:58:45,26.50,6.45,5.56,26.52,42435.3,41121.0,26.37,27582.96
2087,07/04/2026 05:13:45,26.71,6.33,5.47,26.70,42296.0,40836.1,26.17,27492.41
2088,07/04/2026 05:28:45,26.83,6.31,5.45,26.84,42401.6,40824.0,26.16,27561.04
2089,07/04/2026 05:43:45,27.00,6.07,5.26,26.98,41887.5,40211.9,25.73,27226.88
2090,07/04/2026 05:58:45,27.10,5.82,5.06,27.09,40906.8,39183.3,25.00,26589.45
2091,07/04/2026 06:13:45,27.19,5.54,4.83,27.19,40502.6,38724.4,24.68,26326.68
2092,07/04/2026 06:28:45,27.28,5.20,4.54,27.26,40043.4,38231.1,24.33,26028.19
2093,07/04/2026 06:43:45,27.34,4.88,4.27,27.32,39447.4,37611.1,23.90,25640.81
2094,07/04/2026 06:58:45,27.41,4.63,4.07,27.39,38857.6,36998.7,23.47,25257.47
2095,07/04/2026 07:13:45,27.45,4.38,3.85,27.43,38234.4,36380.7,23.04,24852.35
2096,07/04/2026 07:28:45,27.49,4.12,3.63,27.47,37731.2,35868.8,22.68,24525.25
2097,07/04/2026 07:43:45,27.53,3.92,3.46,27.51,36866.9,35021.4,22.09,23963.50
2098,07/04/2026 07:58:45,27.57,3.82,3.38,27.55,36526.2,34672.2,21.84,23742.04
2099,07/04/2026 08:13:45,27.61,3.66,3.25,27.59,36163.7,34300.7,21.59,23506.41
2100,07/04/2026 08:28:45,27.64,3.56,3.16,27.62,35580.2,33724.5,21.19,23127.10
2101,07/04/2026 08:43:45,27.66,3.50,3.12,27.65,34990.3,33143.0,20.78,22743.68
2102,07/04/2026 08:58:45,27.71,3.47,3.09,27.69,34640.1,32785.2,20.54,22516.06
2103,07/04/2026 09:13:45,27.75,3.46,3.10,27.73,33961.3,32119.1,20.08,22074.86
2104,07/04/2026 09:28:45,27.79,3.37,3.02,27.78,33646.6,31788.4,19.85,21870.31
2105,07/04/2026 09:43:45,27.87,3.37,3.02,27.85,33187.2,31312.2,19.52,21571.66
2106,07/04/2026 09:58:45,27.94,3.34,3.00,27.94,32787.5,30882.2,19.23,21311.85
2107,07/04/2026 10:13:45,27.99,3.25,2.93,27.98,32165.6,30270.5,18.81,20907.62
2108,07/04/2026 10:28:45,28.07,3.17,2.86,28.06,32064.2,30127.3,18.71,20841.71
2109,07/04/2026 10:43:45,28.09,2.67,2.41,28.09,31560.0,29639.1,18.38,20513.98
2110,07/04/2026 10:58:45,28.33,3.69,3.31,28.28,33184.1,31045.0,19.35,21569.64
2111,07/04/2026 11:13:45,28.31,4.06,3.65,28.30,33226.0,31074.8,19.37,21596.90
2112,07/04/2026 11:28:45,28.06,3.81,3.41,27.97,34169.8,32160.6,20.11,22210.39
2113,07/04/2026 11:43:45,28.03,3.53,3.15,28.02,34649.5,32586.3,20.40,22522.19
2114,07/04/2026 11:58:45,28.07,3.68,3.29,28.08,34927.6,32803.7,20.56,22702.92
2115,07/04/2026 12:13:45,28.13,3.90,3.47,28.12,35757.4,33556.5,21.08,23242.32
2116,07/04/2026 12:28:45,28.20,4.34,3.85,28.20,36640.3,34330.6,21.62,23816.18
2117,07/04/2026 12:43:45,28.37,5.03,4.45,28.39,37734.1,35226.7,22.25,24527.16
2118,07/04/2026 12:58:45,28.43,5.53,4.87,28.40,39005.7,36402.8,23.07,25353.71
2119,07/04/2026 13:13:45,28.33,6.03,5.29,28.30,39950.0,37363.5,23.74,25967.51
2120,07/04/2026 13:28:45,28.24,6.44,5.62,28.22,40822.6,38237.7,24.36,26534.68
2121,07/04/2026 13:43:45,28.15,6.60,5.75,28.09,41302.1,38783.5,24.74,26846.33
2122,07/04/2026 13:58:45,27.96,6.80,5.91,27.91,41889.5,39479.4,25.23,27228.16
2123,07/04/2026 14:13:45,27.78,7.00,6.07,27.72,42455.0,40161.9,25.72,27595.76
2124,07/04/2026 14:28:45,27.66,7.09,6.13,27.61,42677.5,40461.6,25.93,27740.38
2125,07/04/2026 14:43:45,27.54,7.26,6.26,27.50,43340.5,41178.4,26.43,28171.30
2126,07/04/2026 14:58:45,27.46,7.23,6.23,27.41,43638.9,41535.9,26.69,28365.26
2127,07/04/2026 15:13:45,27.36,6.99,6.01,27.31,43790.8,41762.6,26.85,28464.04
2128,07/04/2026 15:28:45,27.27,6.83,5.87,27.23,43846.7,41888.1,26.94,28500.35
2129,07/04/2026 15:43:45,27.20,6.59,5.66,27.16,43893.8,41992.5,27.01,28530.94
2130,07/04/2026 15:58:45,27.18,5.89,5.07,27.16,43472.3,41589.3,26.72,28256.96
2131,07/04/2026 16:13:45,27.26,6.14,5.28,27.26,43708.6,41730.5,26.82,28410.61
2132,07/04/2026 16:28:45,27.31,6.86,5.90,27.34,43739.1,41690.2,26.80,28430.44
2133,07/04/2026 16:43:45,27.55,7.09,6.12,27.57,43311.6,41090.5,26.37,28152.56
2134,07/04/2026 16:58:45,27.62,6.83,5.88,27.57,43856.6,41607.5,26.74,28506.79
2135,07/04/2026 17:13:45,27.62,6.72,5.79,27.60,43739.8,41473.8,26.65,28430.89
2136,07/04/2026 17:28:45,27.71,6.64,5.74,27.72,42907.8,40592.8,26.02,27890.09
2137,07/04/2026 17:43:45,27.84,6.66,5.76,27.84,42651.0,40253.6,25.78,27723.13
2138,07/04/2026 17:58:45,28.02,6.74,5.85,28.04,42195.5,39661.1,25.37,27427.07
2139,07/04/2026 18:13:45,28.17,6.49,5.65,28.16,41862.1,39254.4,25.08,27210.37
2140,07/04/2026 18:28:45,28.24,6.23,5.44,28.22,41277.8,38666.5,24.66,26830.60
2141,07/04/2026 18:43:45,28.29,5.96,5.22,28.28,40268.9,37670.9,23.96,26174.79
2142,07/04/2026 18:58:45,28.35,5.60,4.91,28.33,39756.2,37155.0,23.60,25841.51
2143,07/04/2026 19:13:45,28.37,5.32,4.68,28.36,39120.4,36543.1,23.17,25428.23
2144,07/04/2026 19:28:45,28.38,5.05,4.45,28.37,38529.8,35984.8,22.78,25044.36
2145,07/04/2026 19:43:45,28.38,4.86,4.30,28.36,37860.3,35368.2,22.34,24609.20
2146,07/04/2026 19:58:45,28.36,4.55,4.03,28.34,37477.9,35019.5,22.10,24360.65
2147,07/04/2026 20:13:45,28.34,4.36,3.87,28.32,36878.9,34474.4,21.72,23971.25
2148,07/04/2026 20:28:45,28.31,4.14,3.68,28.29,36381.9,34030.5,21.41,23648.26
2149,07/04/2026 20:43:45,28.29,3.95,3.51,28.27,35827.8,33528.6,21.06,23288.08
2150,07/04/2026 20:58:45,28.24,3.68,3.28,28.22,35188.0,32959.8,20.67,22872.17
2151,07/04/2026 21:13:45,28.21,3.50,3.13,28.19,34454.6,32290.6,20.20,22395.47
2152,07/04/2026 21:28:45,28.18,3.42,3.06,28.16,33831.4,31725.8,19.81,21990.41
2153,07/04/2026 21:43:45,28.15,3.23,2.89,28.13,33865.7,31779.3,19.85,22012.70
2154,07/04/2026 21:58:45,28.12,3.08,2.77,28.09,32737.3,30741.0,19.14,21279.23
2155,07/04/2026 22:13:45,28.09,2.99,2.70,28.07,31692.7,29774.6,18.47,20600.23
2156,07/04/2026 22:28:45,28.06,2.67,2.40,28.05,32433.5,30483.6,18.96,21081.79
2157,07/04/2026 22:43:45,28.01,2.53,2.27,27.98,32586.2,30668.3,19.08,21181.03
2158,07/04/2026 22:58:45,28.02,3.46,3.11,28.01,32895.8,30938.8,19.27,21382.26
2159,07/04/2026 23:13:45,28.17,3.63,3.25,28.17,34524.0,32371.4,20.26,22440.58
2160,07/04/2026 23:28:45,28.20,3.36,3.00,28.17,34715.6,32547.1,20.38,22565.15
2161,07/04/2026 23:43:45,28.20,3.30,2.94,28.17,35372.5,33163.0,20.81,22992.15
2162,07/04/2026 23:58:45,28.15,3.60,3.19,28.13,37051.7,34766.9,21.92,24083.63
2163,07/05/2026 00:13:45,28.14,3.74,3.31,28.11,36958.4,34692.1,21.87,24022.98
2164,07/05/2026 00:28:45,28.04,4.11,3.63,28.01,37805.9,35561.2,22.47,24573.85
2165,07/05/2026 00:43:45,27.94,4.41,3.86,27.90,39606.2,37334.3,23.72,25744.02
2166,07/05/2026 00:58:45,27.82,4.80,4.20,27.77,39534.7,37358.2,23.73,25697.57
2167,07/05/2026 01:13:45,27.69,5.08,4.44,27.63,40152.7,38049.2,24.22,26099.26
2168,07/05/2026 01:28:45,27.53,5.51,4.80,27.47,40964.2,38942.3,24.84,26626.74
2169,07/05/2026 01:43:45,27.42,5.58,4.84,27.37,41429.4,39462.0,25.21,26929.10
2170,07/05/2026 01:58:45,27.29,5.89,5.10,27.23,42023.7,40141.6,25.69,27315.40
2171,07/05/2026 02:13:45,27.13,6.01,5.20,27.07,42271.0,40507.5,25.95,27476.16
2172,07/05/2026 02:28:45,26.95,6.09,5.23,26.87,43629.9,41983.1,26.99,28359.41
2173,07/05/2026 02:43:45,26.74,6.18,5.32,26.66,42964.7,41515.2,26.65,27927.07
2174,07/05/2026 02:58:45,26.51,6.23,5.38,26.45,42006.8,40764.0,26.11,27304.41
2175,07/05/2026 03:13:45,26.34,6.06,5.21,26.29,42888.0,41759.4,26.82,27877.20
2176,07/05/2026 03:28:45,26.17,6.12,5.26,26.13,42915.2,41919.2,26.93,27894.85
2177,07/05/2026 03:43:45,26.12,5.75,4.93,26.08,43134.4,42175.5,27.11,28037.37
2178,07/05/2026 03:58:45,26.06,5.22,4.49,26.02,42498.6,41611.1,26.70,27624.09
2179,07/05/2026 04:13:45,26.03,4.90,4.22,26.01,42595.2,41708.3,26.77,27686.86
2180,07/05/2026 04:28:45,26.11,5.29,4.54,26.10,43202.8,42229.2,27.15,28081.82
2181,07/05/2026 04:43:45,26.10,5.71,4.90,26.09,42925.4,41963.3,26.96,27901.51
2182,07/05/2026 04:58:45,26.31,5.91,5.09,26.33,42719.7,41556.7,26.67,27767.81
2183,07/05/2026 05:13:45,26.44,5.68,4.89,26.41,42842.6,41613.9,26.72,27847.69
2184,07/05/2026 05:28:45,26.50,5.41,4.66,26.51,42561.0,41250.4,26.46,27664.62
2185,07/05/2026 05:43:45,26.67,5.45,4.70,26.68,42429.9,40983.1,26.27,27579.45
2186,07/05/2026 05:58:45,26.80,5.27,4.56,26.81,41810.2,40282.0,25.78,27176.62
2187,07/05/2026 06:13:45,26.99,5.04,4.37,26.99,41357.6,39698.4,25.37,26882.46
2188,07/05/2026 06:28:45,27.09,4.97,4.31,27.07,41053.5,39343.2,25.12,26684.77
2189,07/05/2026 06:43:45,27.16,4.75,4.14,27.14,40669.0,38917.1,24.82,26434.86
2190,07/05/2026 06:58:45,27.23,4.57,3.98,27.22,40140.7,38352.4,24.42,26091.47
2191,07/05/2026 07:13:45,27.30,4.41,3.86,27.29,39487.6,37672.6,23.94,25666.94
2192,07/05/2026 07:28:45,27.39,4.23,3.71,27.37,38839.5,36997.4,23.47,25245.71
2193,07/05/2026 07:43:45,27.46,4.08,3.59,27.45,38346.0,36471.1,23.10,24924.88
2194,07/05/2026 07:58:45,27.54,3.98,3.50,27.52,37935.2,36027.4,22.79,24657.91
2195,07/05/2026 08:13:45,27.59,3.83,3.38,27.57,37388.5,35475.5,22.41,24302.51
2196,07/05/2026 08:28:45,27.65,3.69,3.27,27.64,36892.9,34958.0,22.05,23980.37
2197,07/05/2026 08:43:45,27.71,3.58,3.17,27.68,36346.8,34406.8,21.66,23625.40
2198,07/05/2026 08:58:45,27.76,3.47,3.09,27.74,35764.7,33816.4,21.25,23247.04
2199,07/05/2026 09:13:45,27.80,3.42,3.04,27.79,35375.3,33417.6,20.98,22993.97
2200,07/05/2026 09:28:45,27.86,3.36,3.00,27.84,34879.6,32917.0,20.63,22671.71
2201,07/05/2026 09:43:45,27.90,3.32,2.97,27.87,34295.1,32343.7,20.23,22291.80
2202,07/05/2026 09:58:45,27.89,3.31,2.97,27.87,33915.6,31987.8,19.99,22045.17
2203,07/05/2026 10:13:45,27.91,3.23,2.89,27.90,33503.6,31581.8,19.71,21777.34
2204,07/05/2026 10:28:45,27.94,3.21,2.88,27.95,33034.0,31108.7,19.39,21472.09
2205,07/05/2026 10:43:45,28.02,3.29,2.95,28.03,32640.0,30687.1,19.10,21216.03
2206,07/05/2026 10:58:45,28.09,3.24,2.91,28.10,32457.3,30472.6,18.95,21097.27
2207,07/05/2026 11:13:45,28.12,3.28,2.96,28.12,32144.3,30167.6,18.74,20893.76
2208,07/05/2026 11:28:45,28.32,3.81,3.42,28.36,32936.9,30765.2,19.16,21409.02
2209,07/05/2026 11:43:45,28.25,3.96,3.56,28.21,32756.1,30685.7,19.10,21291.45
2210,07/05/2026 11:58:45,28.20,3.94,3.53,28.15,33138.0,31081.3,19.37,21539.72
2211,07/05/2026 12:13:45,28.13,3.86,3.45,28.11,34080.0,31992.1,20.00,22152.02
2212,07/05/2026 12:28:45,28.09,3.61,3.22,28.09,34863.0,32741.1,20.51,22660.93
2213,07/05/2026 12:43:45,28.20,3.97,3.53,28.17,35631.3,33405.6,20.97,23160.38
2214,07/05/2026 12:58:45,28.22,4.28,3.80,28.21,36453.3,34151.3,21.49,23694.65
2215,07/05/2026 13:13:45,28.34,4.94,4.37,28.34,37561.2,35097.3,22.16,24414.80
2216,07/05/2026 13:28:45,28.43,5.54,4.88,28.41,38433.5,35862.2,22.69,24981.76
2217,07/05/2026 13:43:45,28.36,6.05,5.30,28.31,39680.2,37102.1,23.56,25792.10
2218,07/05/2026 13:58:45,28.22,6.57,5.75,28.19,40404.2,37871.2,24.10,26262.75
2219,07/05/2026 14:13:45,28.14,6.77,5.90,28.10,41039.3,38529.7,24.56,26675.54
2220,07/05/2026 14:28:45,27.97,6.96,6.07,27.90,40815.6,38472.0,24.52,26530.12
2221,07/05/2026 14:43:45,27.77,7.14,6.20,27.70,42028.4,39772.9,25.44,27318.43
2222,07/05/2026 14:58:45,27.59,7.39,6.40,27.52,42341.7,40212.2,25.75,27522.11
2223,07/05/2026 15:13:45,27.43,7.54,6.52,27.37,42678.2,40654.0,26.06,27740.84
2224,07/05/2026 15:28:45,27.35,7.57,6.53,27.31,42909.2,40924.4,26.25,27890.98
2225,07/05/2026 15:43:45,27.28,7.55,6.51,27.24,43186.0,41249.3,26.48,28070.93
2226,07/05/2026 15:58:45,27.18,7.37,6.35,27.14,43325.2,41463.9,26.63,28161.35
2227,07/05/2026 16:13:45,27.12,7.20,6.20,27.08,43409.6,41596.0,26.72,28216.21
2228,07/05/2026 16:28:45,27.05,6.64,5.71,27.02,43464.8,41697.8,26.79,28252.09
2229,07/05/2026 16:43:45,27.05,5.73,4.93,27.02,43391.8,41622.6,26.74,28204.69
2230,07/05/2026 16:58:45,27.08,6.90,5.94,27.04,43411.0,41625.6,26.74,28217.13
2231,07/05/2026 17:13:45,27.16,7.47,6.44,27.18,43114.6,41224.2,26.46,28024.47
2232,07/05/2026 17:28:45,27.40,7.55,6.52,27.41,42923.2,40852.2,26.20,27900.07
2233,07/05/2026 17:43:45,27.41,7.15,6.18,27.37,42928.7,40890.1,26.23,27903.65
2234,07/05/2026 17:58:45,27.45,7.11,6.15,27.42,42864.3,40788.6,26.15,27861.82
2235,07/05/2026 18:13:45,27.56,7.14,6.18,27.57,42416.0,40245.8,25.77,27570.42
2236,07/05/2026 18:28:45,27.67,7.02,6.09,27.66,42190.2,39955.5,25.57,27423.63
2237,07/05/2026 18:43:45,27.80,6.91,6.01,27.78,41683.1,39383.5,25.16,27094.02
2238,07/05/2026 18:58:45,27.90,6.68,5.81,27.89,41295.1,38931.1,24.84,26841.83
2239,07/05/2026 19:13:45,27.99,6.42,5.60,27.98,40878.8,38468.1,24.52,26571.20
2240,07/05/2026 19:28:45,28.07,6.22,5.44,28.06,40333.0,37894.3,24.11,26216.42
2241,07/05/2026 19:43:45,28.13,5.92,5.19,28.12,39760.9,37313.5,23.71,25844.56
2242,07/05/2026 19:58:45,28.18,5.58,4.90,28.16,39076.1,36641.9,23.23,25399.46
2243,07/05/2026 20:13:45,28.22,5.27,4.64,28.21,38442.0,36016.6,22.80,24987.29
2244,07/05/2026 20:28:45,28.24,4.97,4.36,28.22,39260.2,36772.0,23.33,25519.11
2245,07/05/2026 20:43:45,28.24,4.73,4.16,28.22,38858.3,36400.0,23.07,25257.91
2246,07/05/2026 20:58:45,28.23,4.39,3.87,28.21,37975.6,35577.4,22.49,24684.13
2247,07/05/2026 21:13:45,28.22,4.18,3.69,28.19,37465.2,35110.0,22.16,24352.40
2248,07/05/2026 21:28:45,28.19,4.03,3.57,28.16,36975.6,34676.4,21.86,24034.12
2249,07/05/2026 21:43:45,28.15,3.81,3.40,28.14,35439.6,33250.1,20.87,23035.74
2250,07/05/2026 21:58:45,28.13,3.72,3.32,28.10,34989.7,32850.0,20.59,22743.28
2251,07/05/2026 22:13:45,28.08,3.60,3.21,28.06,34401.3,32325.2,20.23,22360.81
2252,07/05/2026 22:28:45,28.04,3.49,3.13,28.02,33918.3,31894.7,19.93,22046.88
2253,07/05/2026 22:43:45,28.01,3.39,3.03,27.99,34047.3,32035.5,20.02,22130.71
2254,07/05/2026 22:58:45,27.99,3.24,2.91,27.96,33002.8,31073.7,19.36,21451.83
2255,07/05/2026 23:13:45,27.95,3.22,2.90,27.93,32498.3,30613.5,19.05,21123.89
2256,07/05/2026 23:28:45,27.92,2.15,1.94,27.89,32283.8,30435.7,18.92,20984.49
2257,07/05/2026 23:43:45,27.85,3.28,2.94,27.79,32870.9,31053.6,19.35,21366.06
2258,07/05/2026 23:58:45,27.85,3.65,3.27,27.83,33208.0,31343.4,19.55,21585.22
2259,07/06/2026 00:13:45,28.00,3.67,3.28,27.97,34415.3,32391.7,20.27,22369.97
2260,07/06/2026 00:28:45,27.99,3.39,3.03,27.98,34533.2,32500.7,20.35,22446.58
2261,07/06/2026 00:43:45,27.96,3.50,3.11,27.93,36179.4,34079.1,21.44,23516.61
2262,07/06/2026 00:58:45,27.94,3.76,3.33,27.92,36429.9,34327.6,21.61,23679.41
2263,07/06/2026 01:13:45,27.86,4.09,3.62,27.80,37110.3,35052.2,22.11,24121.68
2264,07/06/2026 01:28:45,27.72,4.49,3.95,27.66,38164.1,36142.6,22.87,24806.67
2265,07/06/2026 01:43:45,27.54,4.86,4.27,27.48,38400.8,36503.1,23.12,24960.54
2266,07/06/2026 01:58:45,27.34,5.19,4.54,27.27,39500.9,37706.2,23.96,25675.60
2267,07/06/2026 02:13:45,27.07,5.55,4.84,26.99,40076.8,38468.9,24.50,26049.92
2268,07/06/2026 02:28:45,26.90,5.78,5.04,26.86,40128.7,38616.5,24.60,26083.64
2269,07/06/2026 02:43:45,26.79,5.98,5.20,26.75,40820.8,39375.2,25.13,26533.54
2270,07/06/2026 02:58:45,26.67,6.19,5.34,26.61,42194.0,40811.0,26.15,27426.13
2271,07/06/2026 03:13:45,26.48,6.31,5.46,26.42,41299.1,40104.7,25.64,26844.39
2272,07/06/2026 03:28:45,26.26,6.32,5.44,26.19,42512.8,41479.5,26.61,27633.31
2273,07/06/2026 03:43:45,26.06,6.32,5.43,25.99,42493.7,41624.6,26.71,27620.93
2274,07/06/2026 03:58:45,25.89,6.28,5.40,25.84,42301.9,41566.8,26.66,27496.25
2275,07/06/2026 04:13:45,25.76,6.25,5.37,25.73,42392.6,41750.3,26.79,27555.21
2276,07/06/2026 04:28:45,25.69,6.13,5.26,25.66,42752.8,42171.3,27.09,27789.32
2277,07/06/2026 04:43:45,25.66,5.70,4.90,25.64,42189.1,41631.0,26.70,27422.93
2278,07/06/2026 04:58:45,25.66,5.37,4.61,25.64,42886.1,42313.4,27.19,27875.94
2279,07/06/2026 05:13:45,25.70,5.88,5.08,25.67,41066.9,40495.6,25.90,26693.51
2280,07/06/2026 05:28:45,25.70,6.13,5.27,25.70,42296.6,41687.2,26.75,27492.80
2281,07/06/2026 05:43:45,25.93,6.17,5.31,25.97,42150.5,41309.1,26.48,27397.82
2282,07/06/2026 05:58:45,25.99,5.84,5.03,25.96,42050.5,41218.8,26.42,27332.80
2283,07/06/2026 06:13:45,26.10,5.82,4.99,26.11,43301.2,42317.4,27.21,28145.76
2284,07/06/2026 06:28:45,26.25,5.69,4.89,26.25,42924.3,41826.1,26.86,27900.82
2285,07/06/2026 06:43:45,26.39,5.50,4.73,26.40,42751.2,41527.7,26.65,27788.28
2286,07/06/2026 06:58:45,26.58,5.30,4.61,26.58,40065.8,38776.6,24.70,26042.75
2287,07/06/2026 07:13:45,26.69,5.09,4.43,26.68,40308.7,38936.7,24.82,26200.65
2288,07/06/2026 07:28:45,26.77,4.86,4.24,26.77,39649.4,38231.0,24.32,25772.08
2289,07/06/2026 07:43:45,26.88,4.68,4.13,26.87,36862.2,35468.7,22.39,23960.41
2290,07/06/2026 07:58:45,26.97,4.44,3.90,26.97,38146.6,36632.0,23.20,24795.27
2291,07/06/2026 08:13:45,27.06,4.19,3.67,27.06,38528.5,36927.9,23.41,25043.50
2292,07/06/2026 08:28:45,27.16,4.03,3.54,27.15,37912.2,36274.5,22.96,24642.94
2293,07/06/2026 08:43:45,27.23,3.82,3.36,27.23,37470.1,35796.3,22.62,24355.58
2294,07/06/2026 08:58:45,27.32,3.73,3.30,27.30,37051.4,35341.9,22.31,24083.43
2295,07/06/2026 09:13:45,27.38,3.60,3.19,27.36,36540.3,34815.8,21.94,23751.19
2296,07/06/2026 09:28:45,27.43,3.48,3.08,27.41,36039.7,34305.0,21.59,23425.81
2297,07/06/2026 09:43:45,27.47,3.39,3.01,27.44,35482.9,33750.2,21.20,23063.90
2298,07/06/2026 09:58:45,27.51,3.30,2.94,27.49,35113.3,33367.8,20.94,22823.65
2299,07/06/2026 10:13:45,27.55,3.28,2.93,27.52,34415.2,32684.4,20.46,22369.91
2300,07/06/2026 10:28:45,27.54,3.21,2.86,27.52,34050.6,32342.1,20.23,22132.89
2301,07/06/2026 10:43:45,27.55,3.30,2.95,27.52,33572.7,31886.1,19.91,21822.22
2302,07/06/2026 10:58:45,27.55,3.23,2.90,27.52,33044.2,31382.3,19.57,21478.75
2303,07/06/2026 11:13:45,27.54,3.34,3.00,27.52,32696.0,31055.4,19.34,21252.40
2304,07/06/2026 11:28:45,27.55,3.31,2.98,27.53,32324.7,30691.5,19.09,21011.06
2305,07/06/2026 11:43:45,27.62,3.35,3.02,27.61,31966.6,30304.9,18.83,20778.26
2306,07/06/2026 11:58:45,27.69,3.56,3.20,27.67,31811.9,30123.2,18.71,20677.76
2307,07/06/2026 12:13:45,27.75,4.12,3.70,27.72,32445.1,30692.6,19.10,21089.29
2308,07/06/2026 12:28:45,27.72,4.13,3.72,27.68,32415.3,30688.9,19.09,21069.94
2309,07/06/2026 12:43:45,27.74,4.03,3.60,27.71,33598.8,31791.8,19.85,21839.20
2310,07/06/2026 12:58:45,27.73,3.79,3.38,27.69,34138.1,32312.0,20.21,22189.74
2311,07/06/2026 13:13:45,27.69,3.93,3.50,27.67,34855.8,33003.5,20.69,22656.30
2312,07/06/2026 13:28:45,27.68,4.06,3.61,27.64,35536.2,33668.3,21.15,23098.50
2313,07/06/2026 13:43:45,27.66,4.34,3.85,27.64,36460.8,34546.4,21.76,23699.50
2314,07/06/2026 13:58:45,27.69,4.97,4.39,27.67,37352.9,35367.9,22.33,24279.39
2315,07/06/2026 14:13:45,27.69,5.48,4.82,27.64,38448.4,36432.0,23.08,24991.46
2316,07/06/2026 14:28:45,27.48,5.98,5.23,27.39,39517.4,37626.9,23.91,25686.33
2317,07/06/2026 14:43:45,27.23,6.47,5.64,27.18,40085.9,38333.1,24.41,26055.84
2318,07/06/2026 14:58:45,27.08,6.60,5.74,27.02,40546.1,38892.9,24.80,26354.95
2319,07/06/2026 15:13:45,26.84,6.82,5.92,26.77,40868.1,39406.1,25.15,26564.25
2320,07/06/2026 15:28:45,26.60,6.93,6.00,26.54,41200.0,39906.5,25.50,26780.00
2321,07/06/2026 15:43:45,26.39,7.20,6.23,26.34,41652.9,40516.4,25.93,27074.41
2322,07/06/2026 15:58:45,26.23,7.35,6.35,26.19,41878.5,40860.6,26.17,27221.04
2323,07/06/2026 16:13:45,26.13,7.35,6.33,26.08,42071.7,41136.4,26.36,27346.59
2324,07/06/2026 16:28:45,26.03,7.39,6.36,25.99,42316.5,41453.6,26.59,27505.73
2325,07/06/2026 16:43:45,25.95,7.21,6.20,25.91,42433.5,41641.3,26.72,27581.80
2326,07/06/2026 16:58:45,25.89,7.15,6.14,25.86,42522.2,41770.2,26.81,27639.43
2327,07/06/2026 17:13:45,25.85,6.78,5.81,25.82,42911.6,42181.8,27.10,27892.54
2328,07/06/2026 17:28:45,25.85,6.36,5.46,25.82,42675.0,41949.3,26.94,27738.78
2329,07/06/2026 17:43:45,25.87,6.66,5.73,25.84,42263.2,41528.8,26.64,27471.05
2330,07/06/2026 17:58:45,25.90,7.25,6.24,25.90,42256.8,41475.6,26.60,27466.91
2331,07/06/2026 18:13:45,26.03,7.32,6.30,26.04,42398.6,41495.1,26.62,27559.11
2332,07/06/2026 18:28:45,26.11,7.11,6.11,26.09,42496.5,41544.0,26.66,27622.71
2333,07/06/2026 18:43:45,26.15,6.95,5.99,26.14,42140.7,41152.4,26.38,27391.45
2334,07/06/2026 18:58:45,26.25,6.81,5.88,26.26,41737.3,40664.4,26.03,27129.25
2335,07/06/2026 19:13:45,26.38,6.79,5.87,26.37,41440.2,40281.9,25.77,26936.15
2336,07/06/2026 19:28:45,26.51,6.68,5.79,26.52,41213.2,39939.2,25.53,26788.59
2337,07/06/2026 19:43:45,26.65,6.39,5.54,26.66,40884.3,39509.8,25.22,26574.79
2338,07/06/2026 19:58:45,26.77,6.21,5.40,26.77,40605.9,39150.9,24.97,26393.85
2339,07/06/2026 20:13:45,26.90,5.98,5.20,26.89,40290.4,38752.9,24.69,26188.76
2340,07/06/2026 20:28:45,27.00,5.71,4.98,27.00,39665.3,38069.2,24.21,25782.43
2341,07/06/2026 20:43:45,27.11,5.38,4.71,27.10,39001.1,37353.2,23.71,25350.71
2342,07/06/2026 20:58:45,27.18,5.15,4.52,27.17,38327.6,36658.4,23.23,24912.96
2343,07/06/2026 21:13:45,27.23,4.96,4.36,27.21,37791.9,36117.1,22.85,24564.71
2344,07/06/2026 21:28:45,27.27,4.75,4.18,27.24,37423.7,35743.2,22.59,24325.42
2345,07/06/2026 21:43:45,27.29,4.53,4.00,27.27,36901.8,35225.2,22.22,23986.15
2346,07/06/2026 21:58:45,27.31,4.34,3.84,27.29,36274.2,34611.2,21.80,23578.23
2347,07/06/2026 22:13:45,27.31,4.21,3.75,27.28,34467.5,32889.3,20.60,22403.88
2348,07/06/2026 22:28:45,27.31,4.02,3.59,27.28,34127.2,32570.6,20.38,22182.69
2349,07/06/2026 22:43:45,27.30,3.85,3.44,27.27,33850.5,32308.5,20.20,22002.83
2350,07/06/2026 22:58:45,27.29,3.71,3.32,27.26,33571.7,32052.3,20.02,21821.62
2351,07/06/2026 23:13:45,27.27,3.66,3.28,27.24,33080.7,31595.2,19.71,21502.43
2352,07/06/2026 23:28:45,27.24,3.57,3.19,27.21,33210.1,31738.3,19.81,21586.54
2353,07/06/2026 23:43:45,27.22,3.47,3.11,27.18,33250.5,31796.5,19.85,21612.80
2354,07/06/2026 23:58:45,27.19,3.35,3.00,27.16,33131.2,31696.1,19.78,21535.25
2355,07/07/2026 00:13:45,27.17,3.23,2.92,27.14,30619.7,29300.7,18.14,19902.82
2356,07/07/2026 00:28:45,26.99,2.98,2.68,26.93,31236.1,30018.2,18.62,20303.47
2357,07/07/2026 00:43:45,27.00,3.86,3.46,26.98,32593.4,31293.5,19.50,21185.71
2358,07/07/2026 00:58:45,27.00,3.96,3.54,27.05,33809.6,32417.1,20.27,21976.26
2359,07/07/2026 01:13:45,27.09,3.74,3.33,27.06,34131.9,32716.0,20.48,22185.71
2360,07/07/2026 01:28:45,27.07,3.62,3.22,27.03,34898.4,33471.4,21.00,22683.98
2361,07/07/2026 01:43:45,26.98,3.91,3.47,26.95,35504.2,34109.3,21.44,23077.75
2362,07/07/2026 01:58:45,26.92,3.99,3.52,26.88,37369.5,35952.4,22.72,24290.15
2363,07/07/2026 02:13:45,26.72,4.35,3.85,26.67,35805.8,34591.3,21.77,23273.75
2364,07/07/2026 02:28:45,26.54,4.71,4.16,26.49,36648.5,35539.9,22.43,23821.55
2365,07/07/2026 02:43:45,26.32,5.04,4.42,26.25,37629.7,36664.7,23.21,24459.30
2366,07/07/2026 02:58:45,26.08,5.32,4.69,26.00,36383.4,35632.6,22.48,23649.23
2367,07/07/2026 03:13:45,25.84,5.66,4.97,25.78,36804.5,36212.7,22.88,23922.92
2368,07/07/2026 03:28:45,25.71,5.84,5.05,25.67,40773.0,40208.4,25.69,26502.48
2369,07/07/2026 03:43:45,25.57,6.08,5.25,25.53,40708.9,40264.2,25.73,26460.79
2370,07/07/2026 03:58:45,25.45,6.22,5.42,25.39,38452.7,38138.4,24.22,24994.27
2371,07/07/2026 04:13:45,25.26,6.29,5.42,25.22,41531.6,41343.6,26.48,26995.55
2372,07/07/2026 04:28:45,25.07,6.38,5.48,25.03,41546.8,41524.4,26.61,27005.39
2373,07/07/2026 04:43:45,24.88,6.41,5.50,24.83,41765.6,41916.2,26.88,27147.66
2374,07/07/2026 04:58:45,24.74,6.21,5.33,24.70,41691.0,41956.3,26.90,27099.17
2375,07/07/2026 05:13:45,24.65,6.07,5.21,24.61,41434.0,41780.3,26.77,26932.08
2376,07/07/2026 05:28:45,24.60,5.86,5.03,24.58,41759.0,42129.6,27.02,27143.35
2377,07/07/2026 05:43:45,24.61,5.42,4.64,24.59,41817.1,42180.1,27.06,27181.12
2378,07/07/2026 05:58:45,24.64,5.95,5.11,24.62,41675.9,42013.5,26.94,27089.33
2379,07/07/2026 06:13:45,24.68,6.20,5.33,24.67,41412.9,41703.0,26.72,26918.38
2380,07/07/2026 06:28:45,24.89,6.23,5.36,24.92,41386.8,41459.4,26.56,26901.44
2381,07/07/2026 06:43:45,24.98,5.99,5.16,24.96,41209.1,41244.6,26.40,26785.90
2382,07/07/2026 06:58:45,25.06,5.87,5.05,25.06,41319.8,41271.4,26.43,26857.90
2383,07/07/2026 07:13:45,25.14,5.76,5.04,25.14,37615.6,37504.7,23.77,24450.14
2384,07/07/2026 07:28:45,25.24,5.55,4.80,25.23,40056.5,39860.1,25.43,26036.75
2385,07/07/2026 07:43:45,25.35,5.45,4.76,25.35,37964.3,37689.8,23.90,24676.81
2386,07/07/2026 07:58:45,25.48,5.32,4.69,25.48,35451.2,35094.8,22.09,23043.26
2387,07/07/2026 08:13:45,25.61,5.09,4.49,25.61,36082.6,35623.2,22.46,23453.71
2388,07/07/2026 08:28:45,25.72,4.92,4.29,25.72,38585.1,38012.4,24.14,25080.31
2389,07/07/2026 08:43:45,25.87,4.69,4.16,25.88,34811.2,34176.2,21.46,22627.27
2390,07/07/2026 08:58:45,26.01,4.45,3.95,26.00,34756.1,34038.8,21.37,22591.46
2391,07/07/2026 09:13:45,26.08,4.29,3.83,26.08,33063.3,32330.3,20.19,21491.14
2392,07/07/2026 09:28:45,26.17,4.23,3.77,26.16,33175.5,32387.3,20.23,21564.07
2393,07/07/2026 09:43:45,26.26,4.00,3.58,26.25,32262.4,31439.0,19.58,20970.59
2394,07/07/2026 09:58:45,26.33,3.96,3.51,26.32,34975.0,34029.2,21.37,22733.76
2395,07/07/2026 10:13:45,26.37,3.86,3.47,26.36,31207.4,30340.8,18.83,20284.82
2396,07/07/2026 10:28:45,26.42,3.70,3.33,26.41,31191.1,30294.7,18.80,20274.19
2397,07/07/2026 10:43:45,26.47,3.78,3.36,26.45,34751.2,33723.1,21.16,22588.30
2398,07/07/2026 10:58:45,26.51,3.72,3.31,26.49,34438.8,33395.0,20.94,22385.24
2399,07/07/2026 11:13:45,26.53,3.70,3.30,26.51,33784.2,32743.9,20.49,21959.71
2400,07/07/2026 11:28:45,26.53,3.67,3.28,26.51,33026.2,32013.2,19.98,21467.00
2401,07/07/2026 11:43:45,26.55,3.71,3.33,26.52,32452.3,31447.1,19.59,21094.00
2402,07/07/2026 11:58:45,26.55,3.71,3.33,26.53,32300.5,31296.1,19.49,20995.31
2403,07/07/2026 12:13:45,26.53,3.62,3.25,26.50,31942.4,30966.5,19.26,20762.56
2404,07/07/2026 12:28:45,26.51,3.67,3.30,26.48,31651.2,30699.5,19.08,20573.26
2405,07/07/2026 12:43:45,26.38,3.55,3.19,26.27,31749.2,30923.3,19.23,20636.95
2406,07/07/2026 12:58:45,26.33,4.06,3.65,26.31,31803.7,30955.2,19.25,20672.41
2407,07/07/2026 13:13:45,26.22,4.09,3.67,26.24,32222.7,31404.1,19.56,20944.74
2408,07/07/2026 13:28:45,26.34,3.92,3.50,26.31,32972.8,32087.1,20.03,21432.29
2409,07/07/2026 13:43:45,26.27,3.64,3.25,26.24,33672.9,32815.5,20.53,21887.36
2410,07/07/2026 13:58:45,26.17,3.92,3.48,26.14,34287.4,33485.4,20.99,22286.82
2411,07/07/2026 14:13:45,26.07,4.04,3.58,26.01,34783.4,34061.3,21.39,22609.21
2412,07/07/2026 14:28:45,25.81,4.78,4.22,25.73,35288.0,34755.5,21.86,22937.23
2413,07/07/2026 14:43:45,25.52,5.30,4.68,25.44,35335.6,35013.6,22.03,22968.13
2414,07/07/2026 14:58:45,25.23,5.83,5.10,25.15,36991.8,36875.7,23.33,24044.64
2415,07/07/2026 15:13:45,24.92,6.26,5.47,24.84,37602.8,37728.7,23.91,24441.82
2416,07/07/2026 15:28:45,24.67,6.66,5.80,24.61,38118.1,38436.7,24.40,24776.78
2417,07/07/2026 15:43:45,24.52,6.73,5.85,24.48,38305.3,38732.0,24.61,24898.43
2418,07/07/2026 15:58:45,24.37,6.89,5.96,24.32,39369.8,39938.9,25.46,25590.38
2419,07/07/2026 16:13:45,24.24,7.04,6.09,24.18,39408.9,40097.1,25.56,25615.82
2420,07/07/2026 16:28:45,24.06,7.18,6.19,24.00,39691.1,40538.2,25.87,25799.23
2421,07/07/2026 16:43:45,23.90,7.21,6.20,23.85,40193.9,41187.4,26.32,26126.04
2422,07/07/2026 16:58:45,23.75,7.21,6.20,23.70,40101.2,41225.9,26.34,26065.81
2423,07/07/2026 17:13:45,23.60,7.12,6.11,23.54,40582.7,41864.9,26.79,26378.78
2424,07/07/2026 17:28:45,23.50,7.20,6.17,23.46,40406.4,41753.8,26.71,26264.18
2425,07/07/2026 17:43:45,23.42,7.25,6.21,23.39,40539.6,41956.9,26.85,26350.71
2426,07/07/2026 17:58:45,23.38,7.05,6.05,23.36,40426.2,41869.7,26.79,26277.00
2427,07/07/2026 18:13:45,23.35,6.73,5.77,23.33,40423.1,41896.6,26.80,26275.01
2428,07/07/2026 18:28:45,23.34,6.49,5.56,23.32,40435.2,41917.4,26.82,26282.90
2429,07/07/2026 18:43:45,23.39,6.64,5.69,23.36,40314.2,41748.2,26.70,26204.21
2430,07/07/2026 18:58:45,23.38,7.24,6.20,23.38,40594.1,42027.1,26.90,26386.16
2431,07/07/2026 19:13:45,23.48,7.24,6.21,23.47,40297.0,41635.2,26.62,26193.02
2432,07/07/2026 19:28:45,23.57,7.28,6.28,23.59,38908.2,40095.7,25.54,25290.31
2433,07/07/2026 19:43:45,23.70,6.94,5.98,23.70,39607.3,40715.4,25.98,25744.73
2434,07/07/2026 19:58:45,23.77,6.83,5.90,23.76,38999.9,40039.0,25.50,25349.91
2435,07/07/2026 20:13:45,23.87,6.68,5.78,23.87,38773.9,39716.9,25.28,25203.05
2436,07/07/2026 20:28:45,24.04,6.51,5.66,24.04,37674.9,38449.1,24.39,24488.68
2437,07/07/2026 20:43:45,24.14,6.33,5.55,24.14,35822.9,36483.7,23.02,23284.91
2438,07/07/2026 20:58:45,24.24,6.12,5.35,24.24,36456.6,37047.8,23.42,23696.76
2439,07/07/2026 21:13:45,24.34,5.93,5.17,24.33,37189.3,37717.2,23.89,24173.07
2440,07/07/2026 21:28:45,24.46,5.62,4.91,24.45,36876.5,37304.0,23.60,23969.69
2441,07/07/2026 21:43:45,24.59,5.41,4.75,24.59,35907.6,36217.0,22.85,23339.94
2442,07/07/2026 21:58:45,24.71,5.14,4.52,24.71,35854.0,36070.6,22.75,23305.08
2443,07/07/2026 22:13:45,24.82,4.89,4.29,24.82,35980.6,36119.5,22.79,23387.41
2444,07/07/2026 22:28:45,24.92,4.79,4.24,24.90,34203.6,34272.3,21.51,22232.33
2445,07/07/2026 22:43:45,24.99,4.63,4.10,24.99,34121.1,34131.0,21.41,22178.75
2446,07/07/2026 22:58:45,25.05,4.43,3.93,25.03,33405.3,33385.2,20.89,21713.45
2447,07/07/2026 23:13:45,25.12,4.18,3.73,25.12,32358.9,32275.8,20.13,21033.31
2448,07/07/2026 23:28:45,25.17,4.06,3.62,25.17,32533.5,32421.2,20.23,21146.79
2449,07/07/2026 23:43:45,25.22,3.85,3.45,25.21,31217.9,31082.5,19.32,20291.64
2450,07/07/2026 23:58:45,25.25,3.81,3.42,25.23,31220.4,31071.2,19.31,20293.28
2451,07/08/2026 00:13:45,25.26,3.74,3.35,25.24,30934.5,30780.9,19.11,20107.44
2452,07/08/2026 00:28:45,25.26,3.62,3.25,25.24,30388.8,30237.9,18.74,19752.75
2453,07/08/2026 00:43:45,25.24,3.57,3.21,25.21,29975.0,29841.2,18.47,19483.78
2454,07/08/2026 00:58:45,25.21,3.47,3.13,25.19,29424.8,29308.3,18.11,19126.13
2455,07/08/2026 01:13:45,25.18,3.29,2.98,25.17,28963.2,28861.4,17.80,18826.11
2456,07/08/2026 01:28:45,25.07,3.29,2.96,25.07,29931.3,29884.7,18.50,19455.31
2457,07/08/2026 01:43:45,24.92,3.80,3.42,24.85,29600.2,29691.8,18.36,19240.16
2458,07/08/2026 01:58:45,25.09,3.97,3.57,25.11,30393.1,30324.7,18.80,19755.54
2459,07/08/2026 02:13:45,25.02,3.69,3.31,24.96,30545.2,30571.5,18.96,19854.41
2460,07/08/2026 02:28:45,24.92,3.66,3.27,24.87,32205.8,32291.0,20.14,20933.75
2461,07/08/2026 02:43:45,24.78,3.72,3.31,24.75,32322.0,32494.5,20.27,21009.31
2462,07/08/2026 02:58:45,24.64,3.90,3.44,24.57,34266.7,34581.9,21.71,22273.35
2463,07/08/2026 03:13:45,24.36,4.39,3.87,24.27,34471.7,35006.0,22.00,22406.63
2464,07/08/2026 03:28:45,24.03,4.91,4.31,23.94,35594.1,36405.5,22.96,23136.18
2465,07/08/2026 03:43:45,23.69,5.34,4.66,23.60,36444.8,37547.4,23.75,23689.12
2466,07/08/2026 03:58:45,23.35,5.75,5.03,23.26,35590.1,36943.0,23.31,23133.57
2467,07/08/2026 04:13:45,23.09,6.05,5.26,23.03,36923.4,38518.4,24.40,24000.20
2468,07/08/2026 04:28:45,22.94,6.17,5.37,22.89,36328.0,38014.8,24.05,23613.23
2469,07/08/2026 04:43:45,22.80,6.27,5.42,22.76,37785.0,39654.2,25.19,24560.23
2470,07/08/2026 04:58:45,22.67,6.42,5.53,22.61,38311.2,40337.0,25.67,24902.27
2471,07/08/2026 05:13:45,22.50,6.51,5.60,22.45,38456.2,40634.9,25.87,24996.54
2472,07/08/2026 05:28:45,22.35,6.55,5.63,22.29,38649.6,40980.7,26.11,25122.21
2473,07/08/2026 05:43:45,22.19,6.52,5.60,22.15,38779.3,41250.1,26.29,25206.51
2474,07/08/2026 05:58:45,22.11,6.48,5.57,22.07,38536.0,41060.0,26.15,25048.42
2475,07/08/2026 06:13:45,22.07,6.28,5.39,22.03,38721.3,41298.8,26.32,25168.83
2476,07/08/2026 06:28:45,22.05,5.93,5.09,22.03,38821.2,41408.1,26.40,25233.79
2477,07/08/2026 06:43:45,22.11,5.95,5.10,22.10,39059.0,41594.9,26.53,25388.34
2478,07/08/2026 06:58:45,22.11,6.28,5.40,22.09,38485.8,40989.9,26.10,25015.76
2479,07/08/2026 07:13:45,22.29,6.34,5.47,22.32,37842.9,40098.7,25.49,24597.88
2480,07/08/2026 07:28:45,22.42,6.32,5.45,22.40,37949.6,40142.2,25.52,24667.22
2481,07/08/2026 07:43:45,22.54,6.05,5.23,22.55,37500.1,39535.3,25.10,24375.04
2482,07/08/2026 07:58:45,22.56,5.90,5.10,22.56,37545.3,39575.2,25.13,24404.47
2483,07/08/2026 08:13:45,22.70,5.91,5.12,22.71,37185.2,39066.1,24.78,24170.40
2484,07/08/2026 08:28:45,22.84,5.69,4.95,22.89,36789.9,38498.1,24.38,23913.46
2485,07/08/2026 08:43:45,23.14,5.51,4.79,23.16,36727.7,38201.3,24.19,23872.98
2486,07/08/2026 08:58:45,23.26,5.42,4.72,23.27,36633.8,38016.3,24.06,23811.94
2487,07/08/2026 09:13:45,23.40,5.33,4.65,23.41,36403.4,37661.4,23.82,23662.20
2488,07/08/2026 09:28:45,23.58,5.12,4.49,23.60,35453.0,36530.3,23.03,23044.44
2489,07/08/2026 09:43:45,23.84,4.88,4.28,23.86,35237.8,36101.7,22.74,22904.56
2490,07/08/2026 09:58:45,23.98,4.75,4.18,23.97,34418.5,35175.8,22.10,22372.03
2491,07/08/2026 10:13:45,24.13,4.56,4.03,24.13,33979.9,34611.2,21.72,22086.95
2492,07/08/2026 10:28:45,24.31,4.47,3.96,24.32,33529.5,34012.0,21.31,21794.17
2493,07/08/2026 10:43:45,24.52,4.44,3.94,24.51,33246.9,33589.3,21.02,21610.50
2494,07/08/2026 10:58:45,24.73,4.40,3.91,24.79,32640.1,32782.9,20.47,21216.09
2495,07/08/2026 11:13:45,24.99,4.42,3.93,24.99,32897.2,32906.7,20.56,21383.20
2496,07/08/2026 11:28:45,25.10,4.32,3.86,25.12,31780.6,31703.0,19.74,20657.38
2497,07/08/2026 11:43:45,25.25,4.27,3.82,25.26,31384.4,31216.6,19.41,20399.86
2498,07/08/2026 11:58:45,25.39,4.33,3.89,25.40,31048.8,30791.1,19.12,20181.69
2499,07/08/2026 12:13:45,25.51,4.34,3.90,25.52,30749.0,30415.0,18.87,19986.88
2500,07/08/2026 12:28:45,25.65,4.39,3.95,25.67,30549.4,30124.4,18.67,19857.12
2501,07/08/2026 12:43:45,25.80,4.38,3.96,25.80,29724.5,29233.6,18.07,19320.90
2502,07/08/2026 12:58:45,25.95,4.32,3.90,25.95,29389.2,28811.5,17.78,19102.95
2503,07/08/2026 13:13:45,26.05,4.36,3.95,26.07,29146.4,28505.6,17.58,18945.15
2504,07/08/2026 13:28:45,26.43,5.04,4.55,26.49,29992.9,29085.6,17.98,19495.38
2505,07/08/2026 13:43:45,25.96,5.21,4.71,25.79,29220.2,28744.9,17.74,18993.14
2506,07/08/2026 13:58:45,25.79,5.17,4.67,25.82,29610.5,29110.5,17.98,19246.80
2507,07/08/2026 14:13:45,25.54,4.76,4.27,25.44,30890.0,30604.6,18.99,20078.48
2508,07/08/2026 14:28:45,25.38,4.69,4.19,25.38,31958.3,31703.1,19.75,20772.90
2509,07/08/2026 14:43:45,25.49,4.79,4.27,25.46,32582.6,32273.4,20.14,21178.66
2510,07/08/2026 14:58:45,25.49,5.07,4.51,25.48,33235.1,32903.1,20.57,21602.79
2511,07/08/2026 15:13:45,25.66,5.66,5.02,25.67,34311.2,33831.8,21.22,22302.28
2512,07/08/2026 15:28:45,25.78,6.28,5.54,25.76,35476.9,34919.6,21.98,23060.02
2513,07/08/2026 15:43:45,25.68,6.77,5.96,25.63,36374.7,35900.3,22.66,23643.56
2514,07/08/2026 15:58:45,25.44,7.34,6.43,25.37,37484.2,37196.6,23.56,24364.74
2515,07/08/2026 16:13:45,25.12,7.65,6.67,25.05,38059.6,38022.2,24.13,24738.75
2516,07/08/2026 16:28:45,24.83,7.92,6.88,24.74,38499.4,38707.3,24.60,25024.61
2517,07/08/2026 16:43:45,24.49,8.25,7.15,24.41,38926.4,39415.6,25.09,25302.15
2518,07/08/2026 16:58:45,24.31,8.54,7.38,24.28,39384.8,39992.7,25.49,25600.13
2519,07/08/2026 17:13:45,24.31,8.80,7.59,24.29,39916.3,40521.9,25.87,25945.59
2520,07/08/2026 17:28:45,24.26,8.93,7.69,24.21,40268.8,40948.2,26.17,26174.72
2521,07/08/2026 17:43:45,24.13,8.81,7.58,24.09,40583.0,41371.6,26.46,26378.92
2522,07/08/2026 17:58:45,23.99,8.90,7.65,23.94,40495.5,41421.3,26.49,26322.07
2523,07/08/2026 18:13:45,23.85,8.78,7.54,23.80,40463.9,41509.7,26.55,26301.52
2524,07/08/2026 18:28:45,23.72,8.82,7.57,23.66,40457.8,41627.6,26.63,26297.54
2525,07/08/2026 18:43:45,23.60,8.61,7.39,23.56,40141.3,41390.7,26.45,26091.85
2526,07/08/2026 18:58:45,23.54,8.46,7.26,23.51,40273.9,41578.8,26.59,26178.01
2527,07/08/2026 19:13:45,23.50,8.22,7.06,23.47,40066.7,41399.9,26.46,26043.33
2528,07/08/2026 19:28:45,23.47,8.03,6.89,23.45,40140.4,41492.4,26.52,26091.25
2529,07/08/2026 19:43:45,23.54,8.10,6.95,23.51,40194.1,41488.4,26.52,26126.19
2530,07/08/2026 19:58:45,23.54,8.74,7.51,23.55,40099.4,41358.3,26.43,26064.60
2531,07/08/2026 20:13:45,23.76,8.62,7.39,23.78,40803.8,41877.4,26.81,26522.45
2532,07/08/2026 20:28:45,23.88,8.62,7.42,23.88,40103.1,41065.1,26.24,26067.01
2533,07/08/2026 20:43:45,24.13,8.52,7.36,24.15,39502.1,40220.4,25.65,25676.37
2534,07/08/2026 20:58:45,24.22,8.43,7.33,24.22,38079.6,38712.1,24.59,24751.76
2535,07/08/2026 21:13:45,24.36,8.10,7.05,24.35,38033.5,38556.0,24.48,24721.74
2536,07/08/2026 21:28:45,24.47,7.82,6.79,24.47,38484.1,38915.3,24.74,25014.68
2537,07/08/2026 21:43:45,24.63,7.37,6.43,24.63,37785.9,38079.8,24.15,24560.82
2538,07/08/2026 21:58:45,24.80,6.90,5.99,24.80,38614.9,38778.9,24.65,25099.71
2539,07/08/2026 22:13:45,24.97,6.51,5.73,24.97,35682.9,35702.3,22.50,23193.90
2540,07/08/2026 22:28:45,25.12,6.08,5.34,25.12,35894.9,35807.3,22.58,23331.67
2541,07/08/2026 22:43:45,25.21,5.74,5.06,25.22,35216.7,35055.1,22.06,22890.86
2542,07/08/2026 22:58:45,25.29,5.38,4.76,25.28,34966.1,34761.6,21.85,22727.99
2543,07/08/2026 23:13:45,25.33,4.95,4.38,25.33,34424.6,34190.8,21.46,22375.98
2544,07/08/2026 23:28:45,25.35,4.76,4.22,25.34,33927.7,33688.7,21.11,22053.00
2545,07/08/2026 23:43:45,25.36,4.39,3.90,25.33,34028.0,33790.4,21.18,22118.18
2546,07/08/2026 23:58:45,25.34,4.15,3.70,25.33,32733.8,32511.4,20.30,21276.95
2547,07/09/2026 00:13:45,25.33,3.92,3.50,25.30,32400.7,32196.8,20.08,21060.42
2548,07/09/2026 00:28:45,25.31,3.71,3.32,25.28,31767.2,31583.3,19.66,20648.65
2549,07/09/2026 00:43:45,25.28,3.54,3.16,25.26,31759.3,31587.6,19.66,20643.57
2550,07/09/2026 00:58:45,25.26,3.36,3.02,25.23,30582.6,30434.6,18.87,19878.71
2551,07/09/2026 01:13:45,25.23,3.29,2.97,25.21,29173.3,29044.9,17.93,18962.61
2552,07/09/2026 01:28:45,25.21,3.09,2.77,25.19,30987.9,30867.2,19.17,20142.17
2553,07/09/2026 01:43:45,25.19,3.01,2.72,25.17,28574.5,28475.9,17.54,18573.45
2554,07/09/2026 01:58:45,25.17,2.84,2.58,25.14,28127.0,28042.4,17.25,18282.58
2555,07/09/2026 02:13:45,25.14,2.45,2.21,25.11,29203.4,29137.7,17.99,18982.24
2556,07/09/2026 02:28:45,25.05,3.51,3.15,25.02,30633.6,30622.9,19.00,19911.84
2557,07/09/2026 02:43:45,25.09,3.99,3.60,25.10,29229.2,29167.1,18.01,18999.01
2558,07/09/2026 02:58:45,25.16,3.93,3.54,25.13,29933.4,29852.7,18.47,19456.68
2559,07/09/2026 03:13:45,25.10,3.76,3.36,25.07,31998.1,31948.3,19.91,20798.74
2560,07/09/2026 03:28:45,25.04,3.98,3.54,24.99,32743.2,32748.4,20.45,21283.05
2561,07/09/2026 03:43:45,24.98,4.13,3.67,24.94,33299.3,33338.6,20.86,21644.54
2562,07/09/2026 03:58:45,24.86,4.46,3.96,24.81,33297.2,33432.1,20.92,21643.15
2563,07/09/2026 04:13:45,24.72,4.86,4.28,24.66,35084.3,35336.9,22.24,22804.79
2564,07/09/2026 04:28:45,24.53,5.21,4.59,24.45,34909.0,35316.0,22.22,22690.84
2565,07/09/2026 04:43:45,24.31,5.56,4.83,24.23,37911.5,38533.7,24.46,24642.44
2566,07/09/2026 04:58:45,24.04,5.99,5.20,23.99,37885.9,38709.5,24.58,24625.83
2567,07/09/2026 05:13:45,23.91,6.20,5.38,23.88,38106.5,39028.1,24.80,24769.20
2568,07/09/2026 05:28:45,23.81,6.48,5.65,23.76,36661.7,37643.5,23.82,23830.13
2569,07/09/2026 05:43:45,23.69,6.73,5.87,23.64,36858.1,37943.5,24.02,23957.77
2570,07/09/2026 05:58:45,23.54,6.87,5.92,23.48,39398.4,40693.6,25.96,25608.96
2571,07/09/2026 06:13:45,23.37,6.89,5.92,23.32,39779.2,41234.6,26.33,25856.47
2572,07/09/2026 06:28:45,23.18,6.91,5.93,23.12,40227.0,41879.5,26.78,26147.58
2573,07/09/2026 06:43:45,23.03,6.72,5.76,23.00,40170.8,41933.7,26.82,26111.03
2574,07/09/2026 06:58:45,22.96,6.45,5.53,22.92,39865.4,41683.4,26.63,25912.53
2575,07/09/2026 07:13:45,22.91,6.37,5.45,22.88,40299.3,42178.7,26.98,26194.54
2576,07/09/2026 07:28:45,22.90,5.78,4.95,22.89,40065.0,41919.7,26.80,26042.26
2577,07/09/2026 07:43:45,22.97,6.39,5.48,22.94,39712.9,41510.3,26.51,25813.37
2578,07/09/2026 07:58:45,23.08,6.89,5.91,23.12,40072.3,41715.7,26.67,26047.01
2579,07/09/2026 08:13:45,23.35,6.86,5.91,23.36,39442.1,40853.1,26.06,25637.35
2580,07/09/2026 08:28:45,23.37,6.63,5.74,23.38,38331.3,39679.3,25.24,24915.37
2581,07/09/2026 08:43:45,23.41,6.35,5.47,23.38,39093.2,40470.6,25.79,25410.56
2582,07/09/2026 08:58:45,23.54,6.26,5.39,23.56,39244.1,40470.9,25.80,25508.70
2583,07/09/2026 09:13:45,23.70,6.14,5.30,23.72,39129.3,40213.7,25.63,25434.07
2584,07/09/2026 09:28:45,24.02,5.91,5.13,24.03,38430.1,39227.4,24.94,24979.56
2585,07/09/2026 09:43:45,24.19,5.72,4.97,24.19,37969.8,38627.8,24.53,24680.37
2586,07/09/2026 09:58:45,24.31,5.51,4.81,24.32,37419.9,37963.3,24.06,24322.97
2587,07/09/2026 10:13:45,24.44,5.39,4.71,24.43,36844.7,37288.7,23.59,23949.08
2588,07/09/2026 10:28:45,24.54,5.19,4.54,24.59,36473.5,36790.1,23.25,23707.75
2589,07/09/2026 10:43:45,24.74,4.90,4.31,24.75,35755.6,35944.1,22.66,23241.16
2590,07/09/2026 10:58:45,24.87,4.76,4.20,24.83,35010.9,35134.8,22.10,22757.05
2591,07/09/2026 11:13:45,24.94,4.63,4.10,24.98,33986.4,34002.7,21.32,22091.19
2592,07/09/2026 11:28:45,25.21,4.68,4.14,25.29,34278.9,34071.9,21.38,22281.27
2593,07/09/2026 11:43:45,25.38,4.43,3.93,25.43,33455.0,33158.5,20.75,21745.76
2594,07/09/2026 11:58:45,25.53,4.50,4.00,25.54,33786.8,33405.1,20.92,21961.44
2595,07/09/2026 12:13:45,25.67,4.39,3.92,25.69,32832.9,32366.0,20.21,21341.39
2596,07/09/2026 12:28:45,25.77,4.32,3.86,25.78,32608.0,32079.7,20.01,21195.21
2597,07/09/2026 12:43:45,25.83,4.17,3.73,25.83,31830.2,31283.0,19.47,20689.66
2598,07/09/2026 12:58:45,25.99,4.15,3.73,26.01,31037.6,30395.1,18.86,20174.41
2599,07/09/2026 13:13:45,26.13,4.32,3.89,26.14,31134.0,30407.7,18.87,20237.13
2600,07/09/2026 13:28:45,26.23,4.33,3.90,26.23,31120.6,30335.8,18.83,20228.41
2601,07/09/2026 13:43:45,26.26,4.26,3.84,26.24,30433.8,29664.4,18.37,19781.97
2602,07/09/2026 13:58:45,26.29,4.27,3.85,26.30,30362.9,29558.4,18.30,19735.92
2603,07/09/2026 14:13:45,26.43,4.01,3.63,26.42,30087.9,29214.1,18.07,19557.13
2604,07/09/2026 14:28:45,26.64,5.00,4.50,26.56,31292.1,30302.2,18.81,20339.86
2605,07/09/2026 14:43:45,26.44,5.31,4.78,26.25,31071.4,30278.3,18.79,20196.38
2606,07/09/2026 14:58:45,26.19,5.28,4.76,26.13,30685.4,29971.4,18.58,19945.50
2607,07/09/2026 15:13:45,25.97,4.68,4.19,25.88,32431.1,31839.6,19.85,21080.24
2608,07/09/2026 15:28:45,26.10,5.11,4.58,26.13,32074.3,31331.8,19.51,20848.27
2609,07/09/2026 15:43:45,26.15,5.15,4.60,26.12,32821.4,32067.7,20.01,21333.92
2610,07/09/2026 15:58:45,26.26,5.70,5.07,26.28,34001.1,33110.5,20.73,22100.68
2611,07/09/2026 16:13:45,26.45,6.40,5.67,26.46,35214.1,34165.9,21.47,22889.14
2612,07/09/2026 16:28:45,26.52,6.94,6.12,26.52,36409.8,35286.5,22.25,23666.37
2613,07/09/2026 16:43:45,26.50,7.69,6.75,26.47,37618.4,36494.1,23.09,24451.97
2614,07/09/2026 16:58:45,26.38,8.23,7.20,26.31,38574.7,37540.8,23.83,25073.53
2615,07/09/2026 17:13:45,26.12,8.45,7.36,26.03,39093.8,38267.9,24.33,25411.00
2616,07/09/2026 17:28:45,25.77,8.79,7.63,25.69,39634.6,39066.0,24.88,25762.51
2617,07/09/2026 17:43:45,25.56,8.98,7.78,25.52,40095.9,39662.8,25.30,26062.31
2618,07/09/2026 17:58:45,25.46,9.02,7.79,25.43,40869.0,40499.1,25.89,26564.86
2619,07/09/2026 18:13:45,25.36,9.00,7.77,25.32,40782.3,40513.0,25.90,26508.49
2620,07/09/2026 18:28:45,25.25,8.92,7.69,25.21,40992.9,40812.6,26.11,26645.40
2621,07/09/2026 18:43:45,25.12,8.86,7.64,25.08,41089.6,41023.1,26.25,26708.24
2622,07/09/2026 18:58:45,25.00,8.92,7.67,24.95,41140.1,41183.3,26.36,26741.04
2623,07/09/2026 19:13:45,24.87,8.76,7.54,24.83,41216.9,41368.1,26.49,26790.99
2624,07/09/2026 19:28:45,24.76,8.68,7.47,24.72,41127.1,41370.3,26.49,26732.62
2625,07/09/2026 19:43:45,24.68,8.69,7.47,24.64,41138.0,41447.4,26.54,26739.68
2626,07/09/2026 19:58:45,24.60,8.59,7.38,24.56,41101.5,41482.2,26.56,26715.95
2627,07/09/2026 20:13:45,24.53,8.11,6.97,24.51,40895.5,41324.5,26.44,26582.04
2628,07/09/2026 20:28:45,24.50,7.28,6.25,24.48,41303.7,41761.1,26.75,26847.40
2629,07/09/2026 20:43:45,24.55,7.91,6.80,24.53,40977.1,41385.8,26.49,26635.12
2630,07/09/2026 20:58:45,24.54,8.51,7.30,24.52,41362.9,41786.2,26.77,26885.91
2631,07/09/2026 21:13:45,24.74,8.48,7.31,24.74,40607.4,40831.9,26.10,26394.82
2632,07/09/2026 21:28:45,24.96,8.46,7.29,24.97,40766.2,40793.5,26.08,26498.02
2633,07/09/2026 21:43:45,25.08,8.42,7.27,25.06,40567.5,40519.9,25.89,26368.90
2634,07/09/2026 21:58:45,25.15,8.39,7.24,25.16,40743.8,40608.2,25.96,26483.44
2635,07/09/2026 22:13:45,25.28,8.26,7.14,25.29,40421.0,40179.4,25.66,26273.64
2636,07/09/2026 22:28:45,25.42,8.05,6.99,25.43,39590.7,39232.4,24.99,25733.93
2637,07/09/2026 22:43:45,25.57,7.68,6.71,25.58,37898.3,37439.4,23.73,24633.92
2638,07/09/2026 22:58:45,25.75,7.17,6.25,25.76,38592.5,37988.6,24.13,25085.10
2639,07/09/2026 23:13:45,25.90,6.69,5.85,25.90,38079.7,37371.1,23.69,24751.83
2640,07/09/2026 23:28:45,26.01,6.27,5.51,26.01,37224.8,36454.3,23.05,24196.12
2641,07/09/2026 23:43:45,26.07,5.84,5.15,26.06,36371.6,35576.4,22.44,23641.53
2642,07/09/2026 23:58:45,26.11,5.49,4.85,26.09,35758.1,34956.6,22.01,23242.74
2643,07/10/2026 00:13:45,26.12,5.13,4.54,26.09,35139.2,34349.5,21.59,22840.48
2644,07/10/2026 00:28:45,26.10,4.79,4.25,26.08,34518.2,33755.1,21.18,22436.85
2645,07/10/2026 00:43:45,26.08,4.44,3.95,26.06,33878.7,33142.2,20.75,22021.18
2646,07/10/2026 00:58:45,26.05,4.31,3.84,26.02,33115.7,32418.0,20.25,21525.18
2647,07/10/2026 01:13:45,26.01,4.00,3.58,25.98,32093.8,31445.2,19.58,20860.94
2648,07/10/2026 01:28:45,25.97,3.80,3.40,25.94,32048.2,31430.1,19.57,20831.34
2649,07/10/2026 01:43:45,25.94,3.56,3.20,25.90,31419.3,30834.6,19.16,20422.51
2650,07/10/2026 01:58:45,25.91,3.32,2.98,25.88,31185.1,30620.1,19.01,20270.33
2651,07/10/2026 02:13:45,25.87,3.17,2.85,25.84,30800.0,30264.8,18.77,20020.02
2652,07/10/2026 02:28:45,25.83,3.12,2.81,25.81,30082.2,29578.0,18.30,19553.41
2653,07/10/2026 02:43:45,25.80,2.88,2.60,25.78,29696.9,29219.3,18.06,19302.96
2654,07/10/2026 02:58:45,25.77,2.60,2.36,25.75,29215.7,28763.9,17.75,18990.18
2655,07/10/2026 03:13:45,25.75,2.40,2.17,25.73,28862.3,28426.7,17.52,18760.48
2656,07/10/2026 03:28:45,25.71,2.12,1.92,25.65,29483.2,29084.0,17.96,19164.07
2657,07/10/2026 03:43:45,25.69,3.54,3.20,25.66,29714.5,29306.6,18.11,19314.39
2658,07/10/2026 03:58:45,25.78,3.78,3.41,25.78,30401.2,29910.5,18.53,19760.79
2659,07/10/2026 04:13:45,25.78,3.66,3.30,25.77,30578.6,30092.5,18.65,19876.07
2660,07/10/2026 04:28:45,25.80,3.64,3.27,25.78,31412.8,30907.7,19.21,20418.32
2661,07/10/2026 04:43:45,25.80,3.83,3.42,25.78,32383.1,31862.4,19.86,21049.04
2662,07/10/2026 04:58:45,25.79,3.99,3.54,25.75,34284.9,33750.6,21.17,22285.21
2663,07/10/2026 05:13:45,25.71,4.40,3.90,25.67,34503.3,34021.2,21.35,22427.17
2664,07/10/2026 05:28:45,25.62,4.80,4.24,25.58,35350.2,34926.5,21.98,22977.62
2665,07/10/2026 05:43:45,25.51,5.12,4.50,25.46,36616.0,36268.6,22.91,23800.42
2666,07/10/2026 05:58:45,25.37,5.48,4.79,25.33,37458.0,37203.6,23.56,24347.71
2667,07/10/2026 06:13:45,25.28,5.58,4.87,25.26,38195.8,37986.8,24.11,24827.30
2668,07/10/2026 06:28:45,25.21,5.79,5.04,25.18,38888.7,38742.1,24.64,25277.66
2669,07/10/2026 06:43:45,25.11,6.10,5.29,25.07,39262.1,39206.1,24.96,25520.39
2670,07/10/2026 06:58:45,24.97,6.24,5.40,24.92,39792.9,39857.6,25.42,25865.39
2671,07/10/2026 07:13:45,24.78,6.40,5.52,24.74,40350.1,40570.6,25.92,26227.56
2672,07/10/2026 07:28:45,24.63,6.43,5.54,24.59,40496.2,40850.3,26.11,26322.51
2673,07/10/2026 07:43:45,24.53,6.07,5.23,24.48,40538.3,40981.9,26.20,26349.88
2674,07/10/2026 07:58:45,24.46,6.08,5.24,24.43,40494.8,40982.7,26.20,26321.62
2675,07/10/2026 08:13:45,24.43,5.48,4.71,24.41,40635.1,41148.4,26.32,26412.81
2676,07/10/2026 08:28:45,24.44,4.29,3.70,24.41,40368.6,40875.9,26.12,26239.56
2677,07/10/2026 08:43:45,24.46,5.63,4.85,24.44,40583.5,41067.2,26.26,26379.27
2678,07/10/2026 08:58:45,24.55,6.13,5.28,24.61,40638.9,40978.6,26.20,26415.28
2679,07/10/2026 09:13:45,24.86,6.41,5.54,24.87,40298.4,40412.8,25.81,26193.97
2680,07/10/2026 09:28:45,24.82,6.09,5.26,24.78,40228.5,40414.7,25.81,26148.50
2681,07/10/2026 09:43:45,24.83,5.97,5.15,24.82,40228.8,40379.0,25.78,26148.73
2682,07/10/2026 09:58:45,25.00,5.85,5.07,25.02,39850.5,39834.1,25.41,25902.80
2683,07/10/2026 10:13:45,25.21,5.67,4.92,25.29,39442.6,39201.9,24.97,25637.69
2684,07/10/2026 10:28:45,25.46,5.64,4.91,25.47,39084.1,38705.9,24.62,25404.67
2685,07/10/2026 10:43:45,25.56,5.49,4.78,25.57,38761.3,38304.0,24.34,25194.82
2686,07/10/2026 10:58:45,25.65,5.35,4.68,25.65,38050.7,37537.9,23.80,24732.94
2687,07/10/2026 11:13:45,25.80,5.12,4.49,25.79,37274.7,36663.8,23.20,24228.56
2688,07/10/2026 11:28:45,25.91,5.05,4.44,25.90,36872.6,36186.5,22.86,23967.22
2689,07/10/2026 11:43:45,25.90,4.88,4.29,25.87,36609.9,35951.2,22.70,23796.43
2690,07/10/2026 11:58:45,26.06,4.77,4.22,26.09,35752.3,34955.3,22.01,23238.99
2691,07/10/2026 12:13:45,26.19,4.20,3.72,26.22,35332.4,34452.1,21.66,22966.06
2692,07/10/2026 12:28:45,26.28,4.52,4.01,26.31,34645.0,33716.5,21.15,22519.23
2693,07/10/2026 12:43:45,26.29,4.48,3.98,26.29,34266.6,33362.8,20.91,22273.29
2694,07/10/2026 12:58:45,26.56,4.30,3.84,26.55,33751.6,32687.9,20.45,21938.53
2695,07/10/2026 13:13:45,26.63,4.28,3.81,26.63,33576.8,32464.1,20.30,21824.89
2696,07/10/2026 13:28:45,26.75,4.33,3.88,26.74,32904.8,31745.3,19.80,21388.09
2697,07/10/2026 13:43:45,26.81,4.41,3.95,26.79,32584.7,31403.4,19.57,21180.03
2698,07/10/2026 13:58:45,26.91,4.45,4.00,26.90,31771.2,30551.3,18.99,20651.30
2699,07/10/2026 14:13:45,27.00,4.28,3.85,26.99,31311.2,30055.0,18.65,20352.30
2700,07/10/2026 14:28:45,27.00,4.45,4.02,26.98,30891.1,29660.9,18.38,20079.21
2701,07/10/2026 14:43:45,27.00,4.19,3.78,26.96,30775.2,29558.8,18.31,20003.89
2702,07/10/2026 14:58:45,26.96,3.98,3.60,26.91,30038.9,28880.1,17.85,19525.27
2703,07/10/2026 15:13:45,26.99,3.41,3.09,26.95,29824.9,28653.1,17.69,19386.18
2704,07/10/2026 15:28:45,27.23,5.52,4.98,27.16,30707.0,29375.2,18.19,19959.57
2705,07/10/2026 15:43:45,27.09,5.28,4.78,27.07,30284.8,29024.9,17.95,19685.10
2706,07/10/2026 15:58:45,26.84,4.98,4.48,26.76,31696.6,30566.5,18.99,20602.77
2707,07/10/2026 16:13:45,26.72,4.40,3.94,26.68,32613.4,31501.3,19.63,21198.70
2708,07/10/2026 16:28:45,26.87,4.82,4.31,26.86,33412.5,32157.4,20.09,21718.10
2709,07/10/2026 16:43:45,26.90,5.04,4.49,26.90,34320.0,33004.2,20.67,22307.99
2710,07/10/2026 16:58:45,27.00,5.60,4.97,27.02,35327.9,33891.7,21.29,22963.11
2711,07/10/2026 17:13:45,27.17,6.33,5.59,27.16,36466.2,34882.3,21.98,23703.00
2712,07/10/2026 17:28:45,27.19,6.86,6.04,27.17,37605.7,35970.2,22.74,24443.72
2713,07/10/2026 17:43:45,27.21,7.42,6.50,27.18,38881.0,37176.2,23.59,25272.65
2714,07/10/2026 17:58:45,27.11,7.60,6.64,27.05,39544.3,37913.3,24.11,25703.80
2715,07/10/2026 18:13:45,26.93,7.78,6.78,26.87,40059.2,38542.5,24.55,26038.51
2716,07/10/2026 18:28:45,26.72,7.93,6.90,26.66,40511.1,39146.8,24.97,26332.24
2717,07/10/2026 18:43:45,26.53,8.00,6.93,26.48,41248.4,40005.6,25.57,26811.43
2718,07/10/2026 18:58:45,26.38,7.90,6.83,26.33,41463.5,40337.2,25.80,26951.28
2719,07/10/2026 19:13:45,26.24,7.81,6.74,26.18,41660.9,40653.4,26.02,27079.59
2720,07/10/2026 19:28:45,26.08,7.77,6.71,26.03,41729.7,40843.0,26.15,27124.31
2721,07/10/2026 19:43:45,25.91,7.78,6.71,25.85,41751.3,41023.2,26.28,27138.37
2722,07/10/2026 19:58:45,25.70,7.76,6.69,25.64,41762.0,41212.1,26.40,27145.30
2723,07/10/2026 20:13:45,25.52,7.66,6.60,25.46,41672.7,41274.7,26.44,27087.28
2724,07/10/2026 20:28:45,25.34,7.74,6.66,25.29,41788.1,41533.1,26.62,27162.24
2725,07/10/2026 20:43:45,25.17,7.77,6.68,25.12,41703.3,41596.2,26.66,27107.15
2726,07/10/2026 20:58:45,25.05,7.70,6.64,25.01,40838.6,40827.0,26.11,26545.10
2727,07/10/2026 21:13:45,24.94,7.50,6.41,24.90,42528.3,42621.8,27.39,27643.40
2728,07/10/2026 21:28:45,24.85,6.80,5.87,24.83,40246.5,40389.1,25.79,26160.25
2729,07/10/2026 21:43:45,24.92,6.70,5.75,24.93,41692.9,41752.7,26.77,27100.38
2730,07/10/2026 21:58:45,24.91,7.64,6.57,24.88,41331.7,41438.4,26.54,26865.58
2731,07/10/2026 22:13:45,25.08,7.74,6.65,25.10,41507.0,41424.1,26.54,26979.57
2732,07/10/2026 22:28:45,25.31,7.67,6.61,25.36,41390.6,41083.5,26.30,26903.90
2733,07/10/2026 22:43:45,25.49,7.65,6.61,25.47,40520.1,40120.4,25.62,26338.06
2734,07/10/2026 22:58:45,25.60,7.47,6.46,25.60,40769.4,40263.0,25.73,26500.09
2735,07/10/2026 23:13:45,25.76,7.31,6.29,25.77,42171.9,41501.6,26.62,27411.73
2736,07/10/2026 23:28:45,25.95,7.08,6.12,25.97,40945.1,40130.3,25.65,26614.31
2737,07/10/2026 23:43:45,26.10,6.84,5.93,26.12,40560.1,39628.7,25.29,26364.04
2738,07/10/2026 23:58:45,26.26,6.51,5.67,26.27,39808.6,38778.0,24.70,25875.62
2739,07/11/2026 00:13:45,26.38,6.19,5.40,26.38,39211.3,38108.1,24.23,25487.32
2740,07/11/2026 00:28:45,26.45,5.79,5.08,26.44,38076.4,36961.4,23.42,24749.68
2741,07/11/2026 00:43:45,26.49,5.30,4.66,26.46,37378.7,36263.8,22.93,24296.13
2742,07/11/2026 00:58:45,26.49,5.04,4.45,26.46,36028.7,34956.2,22.02,23418.63
2743,07/11/2026 01:13:45,26.46,4.64,4.10,26.44,35892.1,34841.1,21.94,23329.87
2744,07/11/2026 01:28:45,26.42,4.35,3.86,26.39,34889.4,33899.4,21.28,22678.11
2745,07/11/2026 01:43:45,26.37,3.98,3.55,26.34,34037.6,33104.7,20.73,22124.43
2746,07/11/2026 01:58:45,26.31,3.72,3.31,26.28,33973.2,33085.4,20.72,22082.56
2747,07/11/2026 02:13:45,26.25,3.46,3.09,26.23,33360.5,32523.2,20.33,21684.33
2748,07/11/2026 02:28:45,26.19,3.26,2.91,26.17,32779.4,31994.7,19.96,21306.64
2749,07/11/2026 02:43:45,26.16,3.05,2.73,26.13,32468.4,31718.9,19.77,21104.48
2750,07/11/2026 02:58:45,26.10,2.84,2.55,26.08,31753.4,31049.4,19.31,20639.68
2751,07/11/2026 03:13:45,26.07,2.72,2.45,26.04,30664.1,30010.6,18.60,19931.69
2752,07/11/2026 03:28:45,26.03,2.59,2.33,26.00,30953.7,30316.8,18.81,20119.91
2753,07/11/2026 03:43:45,26.00,2.64,2.37,25.97,30802.0,30185.3,18.72,20021.31
2754,07/11/2026 03:58:45,25.97,2.56,2.31,25.94,30829.7,30231.3,18.75,20039.31
2755,07/11/2026 04:13:45,25.94,2.38,2.14,25.91,30221.9,29657.7,18.36,19644.26
2756,07/11/2026 04:28:45,25.91,2.11,1.90,25.88,30112.7,29567.1,18.30,19573.23
2757,07/11/2026 04:43:45,25.77,1.99,1.79,25.73,30528.3,30069.5,18.64,19843.38
2758,07/11/2026 04:58:45,25.78,2.85,2.57,25.75,30163.5,29693.4,18.38,19606.26
2759,07/11/2026 05:13:45,25.85,3.24,2.90,25.88,31518.1,30947.0,19.24,20486.74
2760,07/11/2026 05:28:45,25.84,3.12,2.80,25.80,31822.6,31295.2,19.47,20684.71
2761,07/11/2026 05:43:45,25.82,3.11,2.77,25.78,32574.2,32052.4,19.99,21173.24
2762,07/11/2026 05:58:45,25.77,3.17,2.82,25.74,33372.9,32858.9,20.55,21692.37
2763,07/11/2026 06:13:45,25.70,3.41,3.02,25.67,34427.5,33952.8,21.30,22377.85
2764,07/11/2026 06:28:45,25.62,3.76,3.32,25.57,35434.2,35011.8,22.04,23032.25
2765,07/11/2026 06:43:45,25.53,4.00,3.51,25.50,36931.3,36550.9,23.11,24005.37
2766,07/11/2026 06:58:45,25.44,4.23,3.70,25.41,37702.3,37382.3,23.69,24506.52
2767,07/11/2026 07:13:45,25.35,4.37,3.81,25.31,38316.9,38071.1,24.17,24906.00
2768,07/11/2026 07:28:45,25.31,4.64,4.03,25.29,39156.8,38920.4,24.77,25451.94
2769,07/11/2026 07:43:45,25.25,4.76,4.12,25.22,39834.0,39653.7,25.28,25892.11
2770,07/11/2026 07:58:45,25.14,4.99,4.31,25.09,40457.6,40379.4,25.79,26297.46
2771,07/11/2026 08:13:45,24.97,5.10,4.39,24.91,40846.4,40920.6,26.17,26550.14
2772,07/11/2026 08:28:45,24.78,5.24,4.51,24.74,40907.4,41136.1,26.32,26589.80
2773,07/11/2026 08:43:45,24.68,5.25,4.51,24.64,41267.3,41583.0,26.63,26823.77
2774,07/11/2026 08:58:45,24.60,5.06,4.35,24.58,41300.1,41672.0,26.69,26845.08
2775,07/11/2026 09:13:45,24.57,4.87,4.18,24.54,41217.5,41620.6,26.66,26791.38
2776,07/11/2026 09:28:45,24.55,4.51,3.87,24.53,41390.3,41805.8,26.79,26903.67
2777,07/11/2026 09:43:45,24.56,4.22,3.62,24.55,41099.0,41493.0,26.57,26714.36
2778,07/11/2026 09:58:45,24.58,4.98,4.28,24.56,41123.5,41507.0,26.58,26730.25
2779,07/11/2026 10:13:45,24.75,5.68,4.89,24.78,41027.8,41220.3,26.38,26668.05
2780,07/11/2026 10:28:45,24.95,5.56,4.79,24.97,40722.0,40746.7,26.05,26469.29
2781,07/11/2026 10:43:45,24.88,5.26,4.53,24.88,40677.6,40782.7,26.07,26440.47
2782,07/11/2026 10:58:45,24.98,5.13,4.43,24.97,40450.1,40479.8,25.86,26292.60
2783,07/11/2026 11:13:45,25.16,5.08,4.40,25.17,40302.1,40155.3,25.64,26196.40
2784,07/11/2026 11:28:45,25.38,5.01,4.34,25.42,39877.7,39526.8,25.20,25920.52
2785,07/11/2026 11:43:45,25.55,4.81,4.19,25.55,39282.5,38833.7,24.71,25533.61
2786,07/11/2026 11:58:45,25.65,4.55,3.96,25.64,38966.2,38448.3,24.45,25328.00
2787,07/11/2026 12:13:45,25.75,4.47,3.90,25.74,38707.1,38111.0,24.21,25159.62
2788,07/11/2026 12:28:45,25.85,4.51,3.95,25.84,38151.2,37490.6,23.78,24798.26
2789,07/11/2026 12:43:45,26.00,4.33,3.80,26.01,37286.4,36514.6,23.10,24236.16
2790,07/11/2026 12:58:45,26.09,4.23,3.72,26.08,36696.4,35880.6,22.66,23852.65
2791,07/11/2026 13:13:45,26.18,4.14,3.65,26.18,36336.2,35457.4,22.36,23618.53
2792,07/11/2026 13:28:45,26.28,3.95,3.49,26.27,35693.8,34763.2,21.88,23200.97
2793,07/11/2026 13:43:45,26.35,3.89,3.45,26.34,35021.0,34061.2,21.39,22763.64
2794,07/11/2026 13:58:45,26.43,3.81,3.38,26.42,34534.9,33538.3,21.03,22447.72
2795,07/11/2026 14:13:45,26.49,3.98,3.54,26.49,34165.2,33129.6,20.75,22207.36
2796,07/11/2026 14:28:45,26.56,3.99,3.56,26.54,33796.8,32737.8,20.48,21967.89
2797,07/11/2026 14:43:45,26.60,3.76,3.36,26.59,33329.4,32250.9,20.15,21664.09
2798,07/11/2026 14:58:45,26.65,4.06,3.64,26.63,32656.6,31574.4,19.68,21226.78
2799,07/11/2026 15:13:45,26.71,3.80,3.41,26.69,32199.6,31095.8,19.36,20929.71
2800,07/11/2026 15:28:45,26.77,3.82,3.44,26.75,31824.8,30693.9,19.08,20686.14
2801,07/11/2026 15:43:45,26.80,4.04,3.63,26.77,31406.2,30278.9,18.80,20414.02
2802,07/11/2026 15:58:45,26.84,4.09,3.69,26.83,30941.0,29797.2,18.47,20111.64
2803,07/11/2026 16:13:45,26.90,3.81,3.44,26.88,30787.1,29615.9,18.35,20011.60
2804,07/11/2026 16:28:45,27.05,4.91,4.41,27.01,31731.5,30445.2,18.92,20625.47
2805,07/11/2026 16:43:45,26.96,5.09,4.59,26.93,31237.4,30019.4,18.62,20304.32
2806,07/11/2026 16:58:45,26.78,4.87,4.36,26.74,32510.0,31364.5,19.54,21131.53
2807,07/11/2026 17:13:45,26.70,4.22,3.77,26.67,33172.6,32045.5,20.01,21562.22
2808,07/11/2026 17:28:45,26.73,4.41,3.93,26.70,34187.1,33007.0,20.67,22221.61
2809,07/11/2026 17:43:45,26.72,4.66,4.15,26.69,34052.8,32883.5,20.59,22134.30
2810,07/11/2026 17:58:45,26.77,5.27,4.68,26.76,35119.4,33869.3,21.27,22827.60
2811,07/11/2026 18:13:45,26.83,5.88,5.18,26.80,37214.6,35856.7,22.66,24189.52
2812,07/11/2026 18:28:45,26.81,6.29,5.51,26.79,38455.8,37066.3,23.50,24996.28
2813,07/11/2026 18:43:45,26.80,6.68,5.83,26.78,39620.9,38194.0,24.30,25753.56
2814,07/11/2026 18:58:45,26.72,6.91,6.01,26.67,40237.3,38872.5,24.77,26154.25
2815,07/11/2026 19:13:45,26.57,7.10,6.17,26.51,40347.2,39107.2,24.94,26225.67
2816,07/11/2026 19:28:45,26.38,7.28,6.30,26.32,41374.2,40257.8,25.75,26893.21
2817,07/11/2026 19:43:45,26.23,7.48,6.45,26.16,41967.9,40965.8,26.25,27279.16
2818,07/11/2026 19:58:45,26.11,7.55,6.52,26.08,41712.9,40790.7,26.12,27113.38
2819,07/11/2026 20:13:45,25.94,7.62,6.55,25.90,42627.2,41836.5,26.86,27707.68
2820,07/11/2026 20:28:45,25.81,7.69,6.66,25.76,40495.9,39862.3,25.45,26322.35
2821,07/11/2026 20:43:45,25.66,7.71,6.62,25.60,42591.7,42057.4,27.01,27684.59
2822,07/11/2026 20:58:45,25.51,7.80,6.69,25.46,42447.3,42044.5,26.99,27590.72
2823,07/11/2026 21:13:45,25.36,7.75,6.65,25.32,42121.5,41840.7,26.84,27378.97
2824,07/11/2026 21:28:45,25.19,7.78,6.66,25.15,42698.1,42564.1,27.35,27753.73
2825,07/11/2026 21:43:45,25.05,7.85,6.72,25.00,42510.4,42511.8,27.31,27631.78
2826,07/11/2026 21:58:45,24.87,7.80,6.75,24.82,39706.5,39857.3,25.42,25809.24
2827,07/11/2026 22:13:45,24.67,7.77,6.72,24.62,39836.3,40159.0,25.62,25893.57
2828,07/11/2026 22:28:45,24.54,7.36,6.31,24.51,41480.1,41912.6,26.86,26962.04
2829,07/11/2026 22:43:45,24.55,6.58,5.63,24.55,42276.2,42676.0,27.41,27479.52
2830,07/11/2026 22:58:45,24.50,7.58,6.47,24.48,42584.4,43058.8,27.68,27679.89
2831,07/11/2026 23:13:45,24.71,7.50,6.41,24.71,42452.9,42709.4,27.44,27594.38
2832,07/11/2026 23:28:45,24.89,7.42,6.36,24.91,42225.5,42304.9,27.16,27446.58
2833,07/11/2026 23:43:45,25.06,7.31,6.28,25.05,41958.8,41912.2,26.88,27273.19
2834,07/11/2026 23:58:45,25.16,7.24,6.21,25.16,42024.7,41884.9,26.87,27316.05
2835,07/12/2026 00:13:45,25.27,7.06,6.17,25.27,37699.1,37483.4,23.76,24504.44
2836,07/12/2026 00:28:45,25.36,6.73,5.81,25.37,40982.0,40667.6,26.01,26638.28
2837,07/12/2026 00:43:45,25.51,6.48,5.56,25.53,42331.6,41869.1,26.87,27515.54
2838,07/12/2026 00:58:45,25.64,6.23,5.37,25.64,41751.1,41201.4,26.40,27138.21
2839,07/12/2026 01:13:45,25.73,5.85,5.07,25.72,40012.7,39413.8,25.13,26008.25
2840,07/12/2026 01:28:45,25.78,5.49,4.78,25.76,39038.9,38425.7,24.43,25375.31
2841,07/12/2026 01:43:45,25.80,5.12,4.47,25.78,38342.4,37723.5,23.94,24922.55
2842,07/12/2026 01:58:45,25.79,4.73,4.13,25.77,38067.7,37465.0,23.76,24744.02
2843,07/12/2026 02:13:45,25.76,4.43,3.88,25.74,37102.6,36538.2,23.11,24116.72
2844,07/12/2026 02:28:45,25.72,4.12,3.62,25.70,36504.0,35975.8,22.71,23727.62
2845,07/12/2026 02:43:45,25.69,3.88,3.42,25.66,35372.8,34891.7,21.96,22992.34
2846,07/12/2026 02:58:45,25.64,3.61,3.19,25.61,34940.8,34500.3,21.68,22711.54
2847,07/12/2026 03:13:45,25.59,3.45,3.05,25.56,34434.5,34036.9,21.36,22382.45
2848,07/12/2026 03:28:45,25.54,3.27,2.91,25.51,33689.0,33331.5,20.87,21897.87
2849,07/12/2026 03:43:45,25.50,3.06,2.72,25.47,33439.7,33109.8,20.72,21735.79
2850,07/12/2026 03:58:45,25.46,3.01,2.69,25.43,32569.9,32277.2,20.14,21170.45
2851,07/12/2026 04:13:45,25.43,2.94,2.62,25.41,32053.4,31777.4,19.80,20834.73
2852,07/12/2026 04:28:45,25.41,2.77,2.49,25.39,31037.8,30788.0,19.12,20174.55
2853,07/12/2026 04:43:45,25.39,2.79,2.50,25.36,31689.2,31450.1,19.57,20598.01
2854,07/12/2026 04:58:45,25.37,2.67,2.40,25.35,30701.1,30477.2,18.91,19955.74
2855,07/12/2026 05:13:45,25.35,2.55,2.29,25.33,30807.5,30596.3,18.99,20024.85
2856,07/12/2026 05:28:45,25.31,2.53,2.28,25.30,30204.5,30018.3,18.59,19632.90
2857,07/12/2026 05:43:45,25.27,2.30,2.07,25.27,29912.6,29747.0,18.41,19443.16
2858,07/12/2026 05:58:45,25.18,1.86,1.67,25.17,30948.4,30841.6,19.15,20116.49
2859,07/12/2026 06:13:45,25.19,2.50,2.24,25.17,30488.7,30377.7,18.83,19817.68
2860,07/12/2026 06:28:45,25.21,3.02,2.70,25.20,31490.4,31357.8,19.50,20468.76
2861,07/12/2026 06:43:45,25.07,2.86,2.55,25.05,31767.8,31732.5,19.76,20649.06
2862,07/12/2026 06:58:45,25.03,2.85,2.54,24.98,32615.3,32626.8,20.37,21199.95
2863,07/12/2026 07:13:45,25.01,2.94,2.61,24.99,33216.1,33221.5,20.78,21590.49
2864,07/12/2026 07:28:45,24.95,3.28,2.89,24.92,34548.1,34606.5,21.74,22456.27
2865,07/12/2026 07:43:45,24.89,3.59,3.15,24.85,36017.2,36128.6,22.79,23411.19
2866,07/12/2026 07:58:45,24.78,3.81,3.33,24.75,37222.7,37416.5,23.69,24194.78
2867,07/12/2026 08:13:45,24.72,4.03,3.52,24.68,37596.2,37847.5,23.99,24437.53
2868,07/12/2026 08:28:45,24.67,4.17,3.62,24.64,38348.1,38643.9,24.55,24926.28
2869,07/12/2026 08:43:45,24.64,4.38,3.80,24.61,39132.0,39459.1,25.13,25435.77
2870,07/12/2026 08:58:45,24.58,4.67,4.03,24.54,40103.6,40498.4,25.86,26067.33
2871,07/12/2026 09:13:45,24.46,4.85,4.18,24.42,40229.0,40726.7,26.02,26148.83
2872,07/12/2026 09:28:45,24.34,5.09,4.38,24.30,40552.8,41157.5,26.32,26359.30
2873,07/12/2026 09:43:45,24.26,5.24,4.51,24.23,40729.4,41397.9,26.49,26474.09
2874,07/12/2026 09:58:45,24.22,5.29,4.55,24.18,40920.4,41634.9,26.65,26598.25
2875,07/12/2026 10:13:45,24.19,4.98,4.28,24.16,41058.2,41791.3,26.76,26687.82
2876,07/12/2026 10:28:45,24.18,4.59,3.94,24.17,41189.6,41919.6,26.86,26773.24
2877,07/12/2026 10:43:45,24.20,4.29,3.68,24.18,41020.3,41739.3,26.73,26663.17
2878,07/12/2026 10:58:45,24.21,5.07,4.35,24.19,41256.5,41968.8,26.89,26816.72
2879,07/12/2026 11:13:45,24.31,5.35,4.59,24.31,41266.9,41871.4,26.83,26823.46
2880,07/12/2026 11:28:45,24.50,5.42,4.66,24.51,40915.2,41339.2,26.46,26594.88
2881,07/12/2026 11:43:45,24.57,5.12,4.40,24.51,41165.4,41597.3,26.64,26757.51
2882,07/12/2026 11:58:45,24.54,4.93,4.26,24.52,40225.3,40631.6,25.95,26146.41
2883,07/12/2026 12:13:45,24.70,4.80,4.14,24.70,40664.8,40923.5,26.17,26432.10
2884,07/12/2026 12:28:45,24.97,4.81,4.16,25.00,40470.8,40474.8,25.86,26306.04
2885,07/12/2026 12:43:45,25.07,4.57,3.96,25.06,39580.9,39529.4,25.19,25727.58
2886,07/12/2026 12:58:45,25.15,4.44,3.84,25.15,39689.4,39562.3,25.22,25798.08
2887,07/12/2026 13:13:45,25.23,4.17,3.62,25.23,39316.6,39123.8,24.91,25555.79
2888,07/12/2026 13:28:45,25.33,4.12,3.59,25.33,38575.9,38313.9,24.34,25074.34
2889,07/12/2026 13:43:45,25.44,4.23,3.70,25.45,37910.1,37557.5,23.81,24641.55
2890,07/12/2026 13:58:45,25.56,4.24,3.72,25.57,37302.7,36865.0,23.33,24246.77
2891,07/12/2026 14:13:45,25.66,4.07,3.57,25.65,36630.5,36136.8,22.82,23809.80
2892,07/12/2026 14:28:45,25.76,3.87,3.42,25.75,35797.0,35239.1,22.20,23268.05
2893,07/12/2026 14:43:45,25.84,3.86,3.41,25.83,35398.7,34790.1,21.89,23009.15
2894,07/12/2026 14:58:45,25.91,3.77,3.34,25.90,34683.3,34040.0,21.37,22544.17
2895,07/12/2026 15:13:45,25.96,3.77,3.35,25.95,34206.4,33538.3,21.02,22234.15
2896,07/12/2026 15:28:45,26.02,3.69,3.28,26.00,33962.4,33261.5,20.83,22075.53
2897,07/12/2026 15:43:45,26.07,3.66,3.26,26.07,33210.4,32478.2,20.29,21586.73
2898,07/12/2026 15:58:45,26.15,3.71,3.32,26.13,32812.7,32051.2,20.00,21328.25
2899,07/12/2026 16:13:45,26.21,3.88,3.47,26.19,32307.7,31520.4,19.64,20999.99
2900,07/12/2026 16:28:45,26.24,3.98,3.57,26.23,31478.1,30688.0,19.07,20460.75
2901,07/12/2026 16:43:45,26.26,3.91,3.51,26.24,31319.2,30523.6,18.96,20357.50
2902,07/12/2026 16:58:45,26.29,4.02,3.62,26.27,30945.9,30139.1,18.69,20114.82
2903,07/12/2026 17:13:45,26.31,3.89,3.50,26.29,30593.0,29784.3,18.45,19885.47
2904,07/12/2026 17:28:45,26.35,3.89,3.51,26.36,30934.4,30075.3,18.65,20107.33
2905,07/12/2026 17:43:45,26.35,4.30,3.86,26.31,31251.9,30412.4,18.88,20313.71
2906,07/12/2026 17:58:45,26.26,4.58,4.12,26.22,31184.0,30403.2,18.87,20269.57
2907,07/12/2026 18:13:45,26.15,4.03,3.60,26.11,32604.2,31861.5,19.87,21192.76
2908,07/12/2026 18:28:45,26.09,3.64,3.24,26.07,33535.8,32798.5,20.51,21798.26
2909,07/12/2026 18:43:45,26.07,3.95,3.51,26.03,34418.4,33689.1,21.13,22371.95
2910,07/12/2026 18:58:45,26.02,4.37,3.87,25.99,35306.1,34588.3,21.75,22948.98
2911,07/12/2026 19:13:45,25.99,5.01,4.41,25.97,36535.9,35806.5,22.60,23748.30
2912,07/12/2026 19:28:45,25.97,5.40,4.74,25.94,37485.2,36759.9,23.27,24365.37
2913,07/12/2026 19:43:45,25.94,5.80,5.06,25.91,38779.3,38052.8,24.17,25206.52
2914,07/12/2026 19:58:45,25.89,6.08,5.29,25.85,39673.6,38976.9,24.82,25787.84
2915,07/12/2026 20:13:45,25.79,6.25,5.42,25.74,39984.5,39371.2,25.10,25989.91
2916,07/12/2026 20:28:45,25.65,6.50,5.62,25.59,40603.2,40104.0,25.62,26392.11
2917,07/12/2026 20:43:45,25.53,6.71,5.78,25.48,41253.1,40843.6,26.14,26814.53
2918,07/12/2026 20:58:45,25.42,6.91,5.96,25.38,41073.5,40748.0,26.07,26697.76
2919,07/12/2026 21:13:45,25.32,7.03,6.04,25.28,41685.2,41444.0,26.56,27095.38
2920,07/12/2026 21:28:45,25.20,7.05,6.06,25.17,41839.1,41689.3,26.73,27195.41
2921,07/12/2026 21:43:45,25.11,7.16,6.17,25.07,41370.7,41309.1,26.45,26890.96
2922,07/12/2026 21:58:45,25.01,7.11,6.11,24.95,41617.0,41663.4,26.70,27051.07
2923,07/12/2026 22:13:45,24.88,7.24,6.22,24.83,41637.3,41787.4,26.79,27064.22
2924,07/12/2026 22:28:45,24.75,7.26,6.23,24.70,41483.2,41741.8,26.75,26964.08
2925,07/12/2026 22:43:45,24.58,7.30,6.26,24.52,41721.9,42146.1,27.03,27119.23
2926,07/12/2026 22:58:45,24.40,7.45,6.39,24.35,41191.8,41765.8,26.75,26774.69
2927,07/12/2026 23:13:45,24.35,7.30,6.27,24.32,40970.2,41565.1,26.61,26630.63
2928,07/12/2026 23:28:45,24.27,6.95,5.95,24.22,41826.3,42521.1,27.29,27187.10
2929,07/12/2026 23:43:45,24.22,5.99,5.12,24.22,42181.0,42887.2,27.55,27417.64
2930,07/12/2026 23:58:45,24.09,7.15,6.11,24.05,41820.6,42674.6,27.39,27183.41
2931,07/13/2026 00:13:45,24.18,7.34,6.28,24.20,41852.3,42569.5,27.32,27204.03
2932,07/13/2026 00:28:45,24.26,7.18,6.15,24.26,41640.9,42297.2,27.13,27066.61
2933,07/13/2026 00:43:45,24.44,7.02,6.03,24.44,41031.0,41517.3,26.58,26670.13
2934,07/13/2026 00:58:45,24.54,6.87,5.90,24.54,41374.0,41781.3,26.77,26893.12
2935,07/13/2026 01:13:45,24.63,6.68,5.75,24.62,40916.4,41245.2,26.39,26595.64
2936,07/13/2026 01:28:45,24.70,6.41,5.52,24.68,40789.4,41067.3,26.27,26513.12
2937,07/13/2026 01:43:45,24.74,6.13,5.29,24.74,40294.2,40511.7,25.88,26191.21
2938,07/13/2026 01:58:45,24.84,5.85,5.05,24.84,40370.8,40506.0,25.88,26241.02
2939,07/13/2026 02:13:45,24.92,5.53,4.76,24.90,41057.1,41139.6,26.33,26687.14
2940,07/13/2026 02:28:45,24.95,5.19,4.50,24.93,39244.2,39300.4,25.02,25508.70
2941,07/13/2026 02:43:45,24.97,4.80,4.17,24.94,39196.9,39243.1,24.98,25477.96
2942,07/13/2026 02:58:45,24.96,4.48,3.92,24.93,37066.0,37121.5,23.49,24092.90
2943,07/13/2026 03:13:45,24.93,4.12,3.60,24.91,37047.1,37119.1,23.49,24080.60
2944,07/13/2026 03:28:45,24.90,3.88,3.41,24.88,36466.0,36560.1,23.10,23702.89
2945,07/13/2026 03:43:45,24.89,3.65,3.19,24.85,37022.9,37137.4,23.50,24064.89
2946,07/13/2026 03:58:45,24.85,3.43,3.03,24.83,35314.5,35444.0,22.32,22954.40
2947,07/13/2026 04:13:45,24.82,3.24,2.86,24.80,34895.5,35043.7,22.04,22682.10
2948,07/13/2026 04:28:45,24.80,3.12,2.76,24.76,34197.8,34369.3,21.57,22228.56
2949,07/13/2026 04:43:45,24.77,2.99,2.65,24.74,33818.7,34001.3,21.31,21982.18
2950,07/13/2026 04:58:45,24.75,2.92,2.60,24.72,32644.1,32837.1,20.51,21218.67
2951,07/13/2026 05:13:45,24.73,2.71,2.41,24.70,32726.5,32934.7,20.58,21272.22
2952,07/13/2026 05:28:45,24.72,2.57,2.29,24.70,31698.3,31900.0,19.86,20603.90
2953,07/13/2026 05:43:45,24.72,2.60,2.33,24.69,31505.4,31712.0,19.73,20478.54
2954,07/13/2026 05:58:45,24.72,2.57,2.30,24.69,31194.7,31397.2,19.52,20276.56
2955,07/13/2026 06:13:45,24.71,2.47,2.21,24.68,31107.2,31315.2,19.46,20219.70
2956,07/13/2026 06:28:45,24.69,2.33,2.09,24.68,30577.3,30785.6,19.10,19875.24
2957,07/13/2026 06:43:45,24.69,2.37,2.13,24.67,30214.8,30428.4,18.86,19639.61
2958,07/13/2026 06:58:45,24.69,2.18,1.96,24.67,29912.2,30119.8,18.65,19442.91
2959,07/13/2026 07:13:45,24.63,2.13,1.91,24.61,30589.1,30844.8,19.14,19882.93
2960,07/13/2026 07:28:45,24.66,2.68,2.40,24.63,30450.6,30687.5,19.03,19792.91
2961,07/13/2026 07:43:45,24.61,3.00,2.68,24.56,31366.8,31661.4,19.70,20388.40
2962,07/13/2026 07:58:45,24.54,2.77,2.47,24.52,32419.0,32746.6,20.44,21072.36
2963,07/13/2026 08:13:45,24.49,2.89,2.56,24.45,33120.0,33504.0,20.96,21528.03
2964,07/13/2026 08:28:45,24.45,3.11,2.75,24.41,34130.5,34559.4,21.69,22184.83
2965,07/13/2026 08:43:45,24.41,3.52,3.09,24.38,35379.2,35846.9,22.58,22996.50
2966,07/13/2026 08:58:45,24.29,3.74,3.27,24.23,36695.8,37298.1,23.59,23852.26
2967,07/13/2026 09:13:45,24.22,3.99,3.48,24.19,37293.1,37937.0,24.04,24240.53
2968,07/13/2026 09:28:45,24.19,4.11,3.58,24.16,37433.6,38102.0,24.15,24331.85
2969,07/13/2026 09:43:45,24.16,4.30,3.73,24.13,38646.2,39366.6,25.04,25120.01
2970,07/13/2026 09:58:45,24.11,4.55,3.93,24.08,39613.0,40395.8,25.77,25748.47
2971,07/13/2026 10:13:45,24.05,4.77,4.11,24.02,40008.7,40849.4,26.09,26005.68
2972,07/13/2026 10:28:45,23.99,5.03,4.33,23.95,40245.6,41152.4,26.30,26159.66
2973,07/13/2026 10:43:45,23.94,5.12,4.39,23.90,40685.1,41644.8,26.65,26445.31
2974,07/13/2026 10:58:45,23.91,5.15,4.42,23.89,40608.8,41580.2,26.60,26395.72
2975,07/13/2026 11:13:45,23.91,5.10,4.38,23.89,40692.7,41660.8,26.66,26450.28
2976,07/13/2026 11:28:45,23.92,4.72,4.04,23.91,41030.9,41993.3,26.90,26670.05
2977,07/13/2026 11:43:45,23.94,4.29,3.68,23.92,40771.2,41719.5,26.70,26501.30
2978,07/13/2026 11:58:45,23.96,4.35,3.73,23.94,41024.3,41962.2,26.88,26665.80
2979,07/13/2026 12:13:45,23.99,5.24,4.47,23.98,42122.4,43046.4,27.65,27379.58
2980,07/13/2026 12:28:45,24.29,5.37,4.60,24.38,41929.4,42486.3,27.27,27254.08
2981,07/13/2026 12:43:45,24.38,5.24,4.51,24.29,40226.5,40839.5,26.09,26147.22
2982,07/13/2026 12:58:45,24.27,5.04,4.35,24.25,39895.8,40535.0,25.87,25932.29
2983,07/13/2026 13:13:45,24.40,4.84,4.18,24.43,39576.6,40053.4,25.54,25724.77
2984,07/13/2026 13:28:45,24.54,4.80,4.14,24.53,39979.3,40375.4,25.77,25986.51
2985,07/13/2026 13:43:45,24.63,4.61,3.99,24.61,39502.3,39827.4,25.39,25676.48
2986,07/13/2026 13:58:45,24.69,4.39,3.80,24.67,39448.4,39722.2,25.31,25641.43
2987,07/13/2026 14:13:45,24.74,4.26,3.69,24.71,39445.6,39689.0,25.29,25639.64
2988,07/13/2026 14:28:45,24.79,4.15,3.61,24.79,38047.6,38214.0,24.25,24730.95
2989,07/13/2026 14:43:45,24.92,4.02,3.51,24.92,37572.7,37638.6,23.85,24422.27
2990,07/13/2026 14:58:45,25.04,3.99,3.49,25.05,37063.4,37024.6,23.43,24091.20
2991,07/13/2026 15:13:45,25.15,3.94,3.46,25.15,36448.7,36336.7,22.95,23691.67
2992,07/13/2026 15:28:45,25.23,3.93,3.46,25.23,35758.9,35585.7,22.43,23243.27
2993,07/13/2026 15:43:45,25.31,3.82,3.36,25.31,36130.8,35896.7,22.65,23484.99
2994,07/13/2026 15:58:45,25.41,3.78,3.33,25.40,35506.6,35211.9,22.17,23079.27
2995,07/13/2026 16:13:45,25.48,3.67,3.25,25.47,34342.9,34004.2,21.33,22322.90
2996,07/13/2026 16:28:45,25.54,3.62,3.21,25.53,34519.8,34138.4,21.43,22437.87
2997,07/13/2026 16:43:45,25.61,3.61,3.21,25.60,33441.8,33022.3,20.66,21737.18
2998,07/13/2026 16:58:45,25.64,3.55,3.17,25.62,32685.2,32265.0,20.14,21245.39
2999,07/13/2026 17:13:45,25.67,3.51,3.14,25.66,32269.8,31828.9,19.84,20975.39
3000,07/13/2026 17:28:45,25.68,3.39,3.04,25.67,31842.1,31403.1,19.55,20697.38
3001,07/13/2026 17:43:45,25.71,3.56,3.19,25.70,31260.5,30806.2,19.14,20319.32
3002,07/13/2026 17:58:45,25.75,3.52,3.16,25.74,31035.2,30563.1,18.97,20172.90
3003,07/13/2026 18:13:45,25.80,3.55,3.19,25.78,30640.6,30147.9,18.69,19916.37
3004,07/13/2026 18:28:45,25.80,3.48,3.13,25.77,30321.7,29839.8,18.48,19709.13
3005,07/13/2026 18:43:45,25.77,3.20,2.88,25.74,30557.9,30089.2,18.65,19862.63
3006,07/13/2026 18:58:45,25.73,3.74,3.36,25.69,31272.1,30825.4,19.15,20326.84
3007,07/13/2026 19:13:45,25.67,3.94,3.52,25.63,32248.7,31830.1,19.84,20961.66
3008,07/13/2026 19:28:45,25.65,3.49,3.11,25.62,33022.3,32597.8,20.37,21464.51
3009,07/13/2026 19:43:45,25.61,3.57,3.17,25.58,33768.0,33363.3,20.89,21949.21
3010,07/13/2026 19:58:45,25.57,3.77,3.34,25.54,34724.0,34338.2,21.57,22570.61
3011,07/13/2026 20:13:45,25.47,4.47,3.94,25.43,36075.5,35749.0,22.55,23449.05
3012,07/13/2026 20:28:45,25.40,4.93,4.32,25.37,36841.4,36554.2,23.11,23946.93
3013,07/13/2026 20:43:45,25.40,5.35,4.68,25.37,37836.5,37543.9,23.80,24593.74
3014,07/13/2026 20:58:45,25.35,5.66,4.93,25.33,38283.4,38023.4,24.14,24884.23
3015,07/13/2026 21:13:45,25.30,5.80,5.05,25.27,38927.8,38709.9,24.62,25303.07
3016,07/13/2026 21:28:45,25.23,6.08,5.27,25.20,39739.3,39569.5,25.22,25830.55
3017,07/13/2026 21:43:45,25.16,6.30,5.44,25.13,40265.1,40156.6,25.64,26172.30
3018,07/13/2026 21:58:45,25.08,6.51,5.58,25.06,42578.3,42528.4,27.32,27675.91
3019,07/13/2026 22:13:45,25.02,6.67,5.74,25.00,41114.8,41118.8,26.32,26724.64
3020,07/13/2026 22:28:45,24.92,6.67,5.70,24.87,42915.9,43029.5,27.68,27895.34
3021,07/13/2026 22:43:45,24.83,6.72,5.74,24.78,42983.2,43182.2,27.78,27939.08
3022,07/13/2026 22:58:45,24.73,6.87,5.91,24.69,41110.4,41380.0,26.49,26721.79
3023,07/13/2026 23:13:45,24.62,6.97,5.98,24.57,41328.9,41709.1,26.72,26863.79
3024,07/13/2026 23:28:45,24.45,7.11,6.09,24.40,41649.2,42180.7,27.05,27071.95
3025,07/13/2026 23:43:45,24.25,7.28,6.24,24.22,41432.7,42120.9,27.00,26931.23
3026,07/13/2026 23:58:45,24.14,7.35,6.30,24.07,41267.2,42090.8,26.97,26823.66
3027,07/14/2026 00:13:45,23.99,7.23,6.19,23.95,41231.5,42160.5,27.02,26800.49
3028,07/14/2026 00:28:45,23.84,7.05,6.04,23.74,41046.5,42162.0,27.01,26680.21
3029,07/14/2026 00:43:45,23.76,6.41,5.48,23.77,41227.5,42323.3,27.13,26797.88
3030,07/14/2026 00:58:45,23.58,7.18,6.10,23.50,42869.3,44267.0,28.50,27865.05
3031,07/14/2026 01:13:45,23.65,7.38,6.32,23.68,41013.2,42182.7,27.02,26658.61
3032,07/14/2026 01:28:45,23.74,7.19,6.15,23.76,41421.9,42533.9,27.28,26924.25
3033,07/14/2026 01:43:45,23.94,6.96,5.93,23.94,42609.9,43584.0,28.03,27696.40
3034,07/14/2026 01:58:45,24.03,6.81,5.80,24.03,42693.3,43579.1,28.04,27750.66
3035,07/14/2026 02:13:45,24.15,6.63,5.66,24.14,42509.0,43293.1,27.84,27630.82
3036,07/14/2026 02:28:45,24.25,6.26,5.35,24.24,42110.8,42791.0,27.48,27372.02
3037,07/14/2026 02:43:45,24.33,5.95,5.10,24.33,41795.9,42394.6,27.20,27167.35
3038,07/14/2026 02:58:45,24.42,5.71,4.94,24.42,39573.5,40060.5,25.54,25722.76
3039,07/14/2026 03:13:45,24.50,5.39,4.63,24.49,41229.3,41672.5,26.69,26799.04
3040,07/14/2026 03:28:45,24.54,5.03,4.36,24.52,39026.8,39421.1,25.10,25367.40
3041,07/14/2026 03:43:45,24.55,4.66,4.05,24.54,38610.9,38991.0,24.79,25097.09
3042,07/14/2026 03:58:45,24.56,4.29,3.74,24.54,38033.0,38405.0,24.38,24721.46
3043,07/14/2026 04:13:45,24.55,3.90,3.40,24.53,37402.1,37777.6,23.94,24311.39
3044,07/14/2026 04:28:45,24.54,3.73,3.26,24.52,37031.3,37410.2,23.68,24070.31
3045,07/14/2026 04:43:45,24.53,3.43,3.01,24.50,35775.0,36152.6,22.80,23253.73
3046,07/14/2026 04:58:45,24.53,3.20,2.81,24.50,35748.7,36130.7,22.79,23236.64
3047,07/14/2026 05:13:45,24.52,3.13,2.78,24.49,33244.4,33604.0,21.03,21608.87
3048,07/14/2026 05:28:45,24.50,2.94,2.59,24.48,34675.1,35056.8,22.04,22538.78
3049,07/14/2026 05:43:45,24.50,2.74,2.42,24.48,34155.3,34535.8,21.68,22200.94
3050,07/14/2026 05:58:45,24.50,2.63,2.33,24.47,33563.8,33939.8,21.26,21816.44
3051,07/14/2026 06:13:45,24.49,2.53,2.24,24.47,33250.1,33627.0,21.05,21612.58
3052,07/14/2026 06:28:45,24.49,2.46,2.18,24.48,32834.2,33200.0,20.75,21342.24
3053,07/14/2026 06:43:45,24.53,2.37,2.11,24.51,32559.6,32897.0,20.54,21163.72
3054,07/14/2026 06:58:45,24.54,2.24,2.00,24.52,32102.9,32429.4,20.22,20866.91
3055,07/14/2026 07:13:45,24.56,2.17,1.94,24.53,31835.6,32151.1,20.03,20693.16
3056,07/14/2026 07:28:45,24.58,2.16,1.93,24.57,31196.0,31478.9,19.57,20277.38
3057,07/14/2026 07:43:45,24.62,2.22,1.98,24.61,30906.9,31161.2,19.36,20089.46
3058,07/14/2026 07:58:45,24.66,2.23,2.00,24.65,30663.2,30891.9,19.17,19931.10
3059,07/14/2026 08:13:45,24.68,2.17,1.94,24.66,31283.6,31506.8,19.59,20334.34
3060,07/14/2026 08:28:45,24.70,2.24,2.00,24.68,31233.1,31445.9,19.55,20301.53
3061,07/14/2026 08:43:45,24.63,2.94,2.62,24.56,32140.7,32440.5,20.23,20891.46
3062,07/14/2026 08:58:45,24.53,2.82,2.50,24.51,32913.1,33258.4,20.79,21393.49
3063,07/14/2026 09:13:45,24.50,2.91,2.58,24.48,33871.6,34248.9,21.48,22016.51
3064,07/14/2026 09:28:45,24.49,3.24,2.86,24.46,34783.4,35184.4,22.13,22609.20
3065,07/14/2026 09:43:45,24.46,3.77,3.31,24.42,35833.3,36272.0,22.88,23291.63
3066,07/14/2026 09:58:45,24.31,4.04,3.53,24.26,36830.5,37411.0,23.67,23939.84
3067,07/14/2026 10:13:45,24.27,4.26,3.71,24.23,37355.3,37966.0,24.06,24280.92
3068,07/14/2026 10:28:45,24.22,4.33,3.76,24.19,38237.9,38900.6,24.72,24854.64
3069,07/14/2026 10:43:45,24.13,4.45,3.85,24.09,38927.1,39683.5,25.27,25302.62
3070,07/14/2026 10:58:45,24.04,4.69,4.05,24.01,39842.4,40687.5,25.97,25897.57
3071,07/14/2026 11:13:45,23.98,4.97,4.28,23.95,40296.1,41206.7,26.34,26192.46
3072,07/14/2026 11:28:45,23.93,5.14,4.41,23.90,40508.9,41467.2,26.52,26330.79
3073,07/14/2026 11:43:45,23.88,5.13,4.40,23.86,40636.1,41635.1,26.64,26413.44
3074,07/14/2026 11:58:45,23.86,5.03,4.32,23.83,40554.7,41575.9,26.60,26360.53
3075,07/14/2026 12:13:45,23.81,4.91,4.21,23.76,40702.1,41786.6,26.74,26456.37
3076,07/14/2026 12:28:45,23.74,4.33,3.71,23.72,40561.7,41683.1,26.67,26365.13
3077,07/14/2026 12:43:45,23.72,3.86,3.31,23.71,40527.8,41659.0,26.65,26343.07
3078,07/14/2026 12:58:45,23.73,4.17,3.58,23.72,40544.7,41665.6,26.66,26354.05
3079,07/14/2026 13:13:45,23.76,5.06,4.34,23.76,40639.3,41722.2,26.70,26415.56
3080,07/14/2026 13:28:45,23.93,5.24,4.50,23.93,40365.7,41291.2,26.40,26237.70
3081,07/14/2026 13:43:45,24.02,5.12,4.41,24.01,39788.3,40634.8,25.94,25862.38
3082,07/14/2026 13:58:45,24.08,4.91,4.25,24.07,39101.5,39884.5,25.41,25415.97
3083,07/14/2026 14:13:45,24.13,4.97,4.29,24.12,39566.9,40309.7,25.71,25718.49
3084,07/14/2026 14:28:45,24.22,4.75,4.12,24.22,38984.9,39635.0,25.24,25340.19
3085,07/14/2026 14:43:45,24.30,4.58,3.98,24.28,38159.7,38743.7,24.61,24803.81
3086,07/14/2026 14:58:45,24.37,4.33,3.77,24.36,37839.2,38356.6,24.34,24595.46
3087,07/14/2026 15:13:45,24.42,4.14,3.60,24.41,37799.5,38272.1,24.28,24569.70
3088,07/14/2026 15:28:45,24.48,3.95,3.45,24.47,37040.2,37455.3,23.71,24076.15
3089,07/14/2026 15:43:45,24.57,3.83,3.35,24.56,36797.2,37140.4,23.49,23918.18
3090,07/14/2026 15:58:45,24.65,3.70,3.25,24.64,35882.1,36152.0,22.80,23323.37
3091,07/14/2026 16:13:45,24.74,3.58,3.13,24.73,36963.1,37176.9,23.52,24026.03
3092,07/14/2026 16:28:45,24.80,3.43,3.03,24.80,35149.8,35301.3,22.22,22847.38
3093,07/14/2026 16:43:45,24.87,3.35,2.96,24.87,34174.4,34267.0,21.50,22213.37
3094,07/14/2026 16:58:45,24.94,3.14,2.77,24.93,34409.9,34461.4,21.64,22366.41
3095,07/14/2026 17:13:45,24.99,3.13,2.77,24.97,34310.8,34329.4,21.55,22302.01
3096,07/14/2026 17:28:45,25.02,3.07,2.73,25.01,33399.3,33391.9,20.90,21709.52
3097,07/14/2026 17:43:45,25.05,2.97,2.64,25.03,33624.7,33602.3,21.04,21856.04
3098,07/14/2026 17:58:45,25.07,2.87,2.56,25.05,32972.0,32935.4,20.59,21431.78
3099,07/14/2026 18:13:45,25.09,2.93,2.60,25.08,33338.9,33285.0,20.83,21670.29
3100,07/14/2026 18:28:45,25.12,2.79,2.49,25.11,32313.2,32236.4,20.11,21003.59
3101,07/14/2026 18:43:45,25.15,2.79,2.49,25.14,32298.3,32205.2,20.08,20993.93
3102,07/14/2026 18:58:45,25.16,2.68,2.39,25.14,31859.5,31763.6,19.78,20708.68
3103,07/14/2026 19:13:45,25.17,2.62,2.35,25.16,30894.9,30794.0,19.12,20081.66
3104,07/14/2026 19:28:45,25.17,2.54,2.28,25.16,30625.4,30523.5,18.93,19906.53
3105,07/14/2026 19:43:45,25.17,2.37,2.13,25.15,30646.5,30550.4,18.95,19920.23
3106,07/14/2026 19:58:45,25.12,2.11,1.89,25.10,31012.8,30948.9,19.22,20158.33
3107,07/14/2026 20:13:45,25.11,3.24,2.91,25.09,31035.9,30979.8,19.24,20173.31
3108,07/14/2026 20:28:45,25.09,3.19,2.82,25.07,34172.1,34123.3,21.41,22211.85
3109,07/14/2026 20:43:45,25.06,3.01,2.66,25.04,35105.3,35075.3,22.07,22818.47
3110,07/14/2026 20:58:45,25.03,3.19,2.81,25.00,34731.6,34730.5,21.83,22575.52
3111,07/14/2026 21:13:45,24.94,3.74,3.29,24.90,35245.9,35318.9,22.23,22909.83
3112,07/14/2026 21:28:45,24.85,4.16,3.64,24.81,36539.1,36684.8,23.18,23750.38
3113,07/14/2026 21:43:45,24.80,4.53,3.96,24.76,36948.4,37133.6,23.49,24016.45
3114,07/14/2026 21:58:45,24.74,4.79,4.18,24.70,37429.9,37665.6,23.87,24329.40
3115,07/14/2026 22:13:45,24.68,5.03,4.34,24.64,40554.8,40859.8,26.12,26360.64
3116,07/14/2026 22:28:45,24.58,5.46,4.73,24.54,39169.1,39549.6,25.19,25459.91
3117,07/14/2026 22:43:45,24.45,5.73,4.95,24.41,39655.7,40151.5,25.61,25776.23
3118,07/14/2026 22:58:45,24.31,6.03,5.19,24.27,40196.8,40822.4,26.08,26127.90
3119,07/14/2026 23:13:45,24.19,6.14,5.28,24.14,40510.4,41255.0,26.38,26331.73
3120,07/14/2026 23:28:45,24.03,6.18,5.30,23.97,40917.6,41817.8,26.78,26596.41
3121,07/14/2026 23:43:45,23.83,6.27,5.38,23.77,40651.5,41726.5,26.70,26423.46
3122,07/14/2026 23:58:45,23.64,6.54,5.62,23.58,40149.6,41380.4,26.45,26097.26
3123,07/15/2026 00:13:45,23.40,6.68,5.74,23.30,40074.9,41560.2,26.56,26048.70
3124,07/15/2026 00:28:45,23.05,7.01,6.00,22.98,40330.6,42117.2,26.94,26214.91
3125,07/15/2026 00:43:45,22.81,7.08,6.05,22.73,40412.3,42434.0,27.16,26268.01
3126,07/15/2026 00:58:45,22.52,7.28,6.22,22.47,40082.6,42333.7,27.07,26053.66
3127,07/15/2026 01:13:45,22.25,7.31,6.23,22.19,40565.0,43112.2,27.61,26367.24
3128,07/15/2026 01:28:45,21.95,7.35,6.21,21.84,42080.3,45074.4,29.00,27352.16
3129,07/15/2026 01:43:45,21.72,6.89,5.87,21.68,39888.3,42879.2,27.42,25927.42
3130,07/15/2026 01:58:45,21.84,7.15,6.10,21.75,39965.2,42895.3,27.44,25977.36
3131,07/15/2026 02:13:45,21.64,7.62,6.49,21.66,39909.0,42921.7,27.45,25940.86
3132,07/15/2026 02:28:45,21.95,7.44,6.35,21.97,39784.3,42489.4,27.16,25859.76
3133,07/15/2026 02:43:45,22.44,7.00,6.00,22.46,39681.3,41915.5,26.78,25792.87
3134,07/15/2026 02:58:45,22.53,6.94,5.96,22.53,39306.9,41456.7,26.45,25549.48
3135,07/15/2026 03:13:45,22.78,6.68,5.73,22.81,39817.0,41737.2,26.67,25881.07
3136,07/15/2026 03:28:45,23.07,6.26,5.39,23.10,38973.9,40596.1,25.87,25333.01
3137,07/15/2026 03:43:45,23.34,5.87,5.09,23.39,37564.2,38882.7,24.67,24416.76
3138,07/15/2026 03:58:45,23.62,5.50,4.73,23.64,39975.1,41152.4,26.29,25983.84
3139,07/15/2026 04:13:45,23.85,5.13,4.43,23.85,39423.7,40395.5,25.76,25625.41
3140,07/15/2026 04:28:45,24.01,4.80,4.14,24.01,39615.9,40456.2,25.81,25750.36
3141,07/15/2026 04:43:45,24.14,4.38,3.78,24.13,39398.8,40130.7,25.58,25609.19
3142,07/15/2026 04:58:45,24.24,4.05,3.51,24.23,39137.9,39777.8,25.34,25439.65
3143,07/15/2026 05:13:45,24.32,3.69,3.20,24.31,38356.8,38921.2,24.74,24931.92
3144,07/15/2026 05:28:45,24.38,3.41,2.97,24.37,37742.4,38251.1,24.27,24532.56
3145,07/15/2026 05:43:45,24.42,3.08,2.69,24.41,37172.7,37639.9,23.84,24162.28
3146,07/15/2026 05:58:45,24.46,2.92,2.56,24.45,36073.3,36498.5,23.04,23447.64
3147,07/15/2026 06:13:45,24.50,2.78,2.44,24.48,35997.8,36398.8,22.97,23398.57
3148,07/15/2026 06:28:45,24.52,2.58,2.27,24.50,35236.9,35613.5,22.43,22904.00
3149,07/15/2026 06:43:45,24.54,2.30,2.03,24.53,35477.4,35833.5,22.58,23060.29
3150,07/15/2026 06:58:45,24.58,2.38,2.10,24.55,34883.5,35213.4,22.15,22674.30
3151,07/15/2026 07:13:45,24.60,2.27,2.00,24.58,34457.9,34763.7,21.84,22397.60
3152,07/15/2026 07:28:45,24.63,2.16,1.91,24.61,34140.4,34423.5,21.60,22191.23
3153,07/15/2026 07:43:45,24.65,2.03,1.79,24.63,33795.8,34060.9,21.35,21967.27
3154,07/15/2026 07:58:45,24.65,1.92,1.70,24.63,33495.6,33756.2,21.14,21772.14
3155,07/15/2026 08:13:45,24.67,1.85,1.64,24.64,33033.9,33282.3,20.81,21472.02
3156,07/15/2026 08:28:45,24.68,1.60,1.42,24.66,32678.3,32913.5,20.56,21240.86
3157,07/15/2026 08:43:45,24.71,1.62,1.44,24.69,32242.0,32451.3,20.24,20957.27
3158,07/15/2026 08:58:45,24.74,1.29,1.15,24.72,31611.7,31798.6,19.80,20547.60
3159,07/15/2026 09:13:45,24.73,1.30,1.16,24.70,32457.3,32665.9,20.39,21097.24
3160,07/15/2026 09:28:45,24.73,1.78,1.59,24.70,32384.7,32590.7,20.34,21050.02
3161,07/15/2026 09:43:45,24.67,2.36,2.09,24.63,33690.1,33954.3,21.28,21898.57
3162,07/15/2026 09:58:45,24.63,2.21,1.95,24.60,33690.2,33978.3,21.29,21898.62
3163,07/15/2026 10:13:45,24.58,2.41,2.12,24.55,35089.9,35426.2,22.30,22808.40
3164,07/15/2026 10:28:45,24.54,2.61,2.29,24.50,35814.2,36192.3,22.83,23279.23
3165,07/15/2026 10:43:45,24.47,3.01,2.63,24.44,36814.1,37255.3,23.57,23929.17
3166,07/15/2026 10:58:45,24.33,3.26,2.84,24.30,37586.1,38149.0,24.19,24430.96
3167,07/15/2026 11:13:45,24.26,3.53,3.06,24.23,38608.1,39241.9,24.96,25095.29
3168,07/15/2026 11:28:45,24.14,3.68,3.18,24.09,39742.4,40517.3,25.86,25832.57
3169,07/15/2026 11:43:45,23.94,3.98,3.44,23.88,38964.8,39904.6,25.41,25327.12
3170,07/15/2026 11:58:45,23.72,4.33,3.74,23.66,39326.2,40460.6,25.80,25562.00
3171,07/15/2026 12:13:45,23.54,4.63,3.98,23.48,39667.0,40976.3,26.16,25783.52
3172,07/15/2026 12:28:45,23.37,4.83,4.15,23.31,39772.6,41235.9,26.33,25852.19
3173,07/15/2026 12:43:45,23.22,4.80,4.12,23.15,39853.2,41465.7,26.49,25904.56
3174,07/15/2026 12:58:45,23.04,4.95,4.25,22.99,39973.3,41738.5,26.68,25982.64
3175,07/15/2026 13:13:45,22.87,4.91,4.21,22.84,39906.0,41802.9,26.71,25938.89
3176,07/15/2026 13:28:45,22.71,4.80,4.11,22.68,39826.3,41865.7,26.75,25887.12
3177,07/15/2026 13:43:45,22.63,4.85,4.15,22.58,39958.5,42096.5,26.91,25973.02
3178,07/15/2026 13:58:45,22.59,4.11,3.52,22.58,39995.6,42141.2,26.94,25997.17
3179,07/15/2026 14:13:45,22.65,4.45,3.81,22.64,40106.9,42194.1,26.98,26069.50
3180,07/15/2026 14:28:45,22.71,5.30,4.54,22.75,39966.8,41949.6,26.81,25978.45
3181,07/15/2026 14:43:45,23.06,5.33,4.57,23.08,39855.9,41528.5,26.53,25906.31
3182,07/15/2026 14:58:45,23.36,5.00,4.31,23.40,39479.9,40855.0,26.07,25661.96
3183,07/15/2026 15:13:45,23.47,4.89,4.20,23.45,39777.7,41120.2,26.26,25855.51
3184,07/15/2026 15:28:45,23.56,4.72,4.07,23.57,39435.7,40655.2,25.93,25633.19
3185,07/15/2026 15:43:45,23.71,4.48,3.83,23.72,41656.1,42807.7,27.47,27076.47
3186,07/15/2026 15:58:45,23.85,4.18,3.61,23.85,39585.6,40561.4,25.88,25730.63
3187,07/15/2026 16:13:45,23.99,3.86,3.34,23.99,39225.8,40073.3,25.54,25496.78
3188,07/15/2026 16:28:45,24.12,3.57,3.10,24.12,38684.2,39413.0,25.08,25144.71
3189,07/15/2026 16:43:45,24.22,3.35,2.91,24.22,37987.3,38623.3,24.52,24691.74
3190,07/15/2026 16:58:45,24.30,3.13,2.73,24.29,37253.5,37818.7,23.96,24214.76
3191,07/15/2026 17:13:45,24.36,2.96,2.59,24.35,36597.7,37100.5,23.46,23788.50
3192,07/15/2026 17:28:45,24.43,2.94,2.57,24.42,36395.1,36847.7,23.28,23656.80
3193,07/15/2026 17:43:45,24.47,2.75,2.40,24.46,36723.4,37144.4,23.49,23870.21
3194,07/15/2026 17:58:45,24.53,2.70,2.37,24.52,36253.5,36624.5,23.13,23564.79
3195,07/15/2026 18:13:45,24.58,2.57,2.27,24.55,34869.7,35199.4,22.14,22665.27
3196,07/15/2026 18:28:45,24.60,2.31,2.04,24.58,34530.6,34839.3,21.89,22444.92
3197,07/15/2026 18:43:45,24.62,2.36,2.09,24.60,34253.7,34544.4,21.69,22264.89
3198,07/15/2026 18:58:45,24.62,2.19,1.94,24.60,33517.7,33800.1,21.17,21786.52
3199,07/15/2026 19:13:45,24.62,2.06,1.83,24.60,33351.0,33631.9,21.05,21678.14
3200,07/15/2026 19:28:45,24.62,2.04,1.82,24.59,32882.6,33166.0,20.73,21373.71
3201,07/15/2026 19:43:45,24.60,2.03,1.80,24.58,32973.7,33268.5,20.80,21432.90
3202,07/15/2026 19:58:45,24.59,1.96,1.74,24.57,32476.1,32774.8,20.46,21109.44
3203,07/15/2026 20:13:45,24.58,1.92,1.72,24.54,31962.7,32273.2,20.12,20775.73
3204,07/15/2026 20:28:45,24.54,1.69,1.51,24.52,31619.7,31943.2,19.89,20552.80
3205,07/15/2026 20:43:45,24.40,1.13,1.00,24.33,32302.5,32765.2,20.45,20996.59
3206,07/15/2026 20:58:45,24.39,2.03,1.80,24.37,32439.8,32872.8,20.52,21085.88
3207,07/15/2026 21:13:45,24.45,2.53,2.22,24.43,35792.2,36223.4,22.85,23264.93
3208,07/15/2026 21:28:45,24.41,2.34,2.05,24.39,35840.6,36307.4,22.91,23296.42
3209,07/15/2026 21:43:45,24.36,2.49,2.17,24.32,37392.6,37935.5,24.04,24305.17
3210,07/15/2026 21:58:45,24.26,2.73,2.38,24.21,36909.2,37529.5,23.75,23990.95
3211,07/15/2026 22:13:45,24.01,3.34,2.88,23.94,39577.1,40479.3,25.82,25725.11
3212,07/15/2026 22:28:45,23.81,3.78,3.26,23.75,39698.9,40770.0,26.02,25804.31
3213,07/15/2026 22:43:45,23.60,4.12,3.56,23.54,38718.9,39944.8,25.43,25167.27
3214,07/15/2026 22:58:45,23.44,4.36,3.73,23.39,41136.1,42571.6,27.29,26738.46
3215,07/15/2026 23:13:45,23.28,4.59,3.91,23.22,41787.7,43410.2,27.88,27162.01
3216,07/15/2026 23:28:45,23.01,5.11,4.37,22.93,40238.1,42070.3,26.91,26154.74
3217,07/15/2026 23:43:45,22.70,5.46,4.68,22.63,39452.1,41516.3,26.50,25643.88
3218,07/15/2026 23:58:45,22.44,5.69,4.88,22.39,39374.0,41660.1,26.59,25593.10
3219,07/16/2026 00:13:45,22.24,5.76,4.89,22.17,41260.1,43868.5,28.15,26819.08
3220,07/16/2026 00:28:45,22.07,5.97,5.10,22.00,39653.2,42318.2,27.04,25774.58
3221,07/16/2026 00:43:45,21.84,6.22,5.23,21.76,43033.4,46179.1,29.79,27971.70
3222,07/16/2026 00:58:45,21.58,6.46,5.42,21.53,43136.4,46530.8,30.02,28038.69
3223,07/16/2026 01:13:45,21.26,6.76,5.76,21.14,39504.4,42987.8,27.47,25677.89
3224,07/16/2026 01:28:45,20.88,7.07,5.91,20.78,42926.2,47102.7,30.39,27902.03
3225,07/16/2026 01:43:45,20.60,7.23,6.14,20.53,39406.0,43487.8,27.79,25613.90
3226,07/16/2026 01:58:45,20.32,7.38,6.14,20.24,43517.0,48348.2,31.25,28286.03
3227,07/16/2026 02:13:45,19.95,7.55,6.34,19.88,41376.2,46359.2,29.79,26894.50
3228,07/16/2026 02:28:45,19.67,7.45,6.18,19.58,43540.0,49127.5,31.76,28301.01
3229,07/16/2026 02:43:45,19.45,6.66,5.63,19.42,39346.9,44572.1,28.48,25575.45
3230,07/16/2026 02:58:45,19.53,7.28,6.09,19.43,41399.2,46880.4,30.13,26909.46
3231,07/16/2026 03:13:45,19.57,7.57,6.32,19.66,42001.1,47304.5,30.45,27300.74
3232,07/16/2026 03:28:45,19.89,7.33,6.13,19.94,41900.0,46883.8,30.17,27235.03
3233,07/16/2026 03:43:45,20.32,6.93,5.80,20.32,42201.1,46801.7,30.14,27430.72
3234,07/16/2026 03:58:45,20.43,6.80,5.71,20.44,41587.2,45990.1,29.56,27031.69
3235,07/16/2026 04:13:45,20.70,6.52,5.47,20.72,42039.6,46193.3,29.73,27325.77
3236,07/16/2026 04:28:45,20.97,6.12,5.21,20.95,39350.7,43005.0,27.47,25577.94
3237,07/16/2026 04:43:45,21.24,5.76,4.94,21.27,38235.4,41488.0,26.41,24852.99
3238,07/16/2026 04:58:45,21.51,5.40,4.63,21.52,38342.2,41364.9,26.34,24922.44
3239,07/16/2026 05:13:45,21.74,5.03,4.33,21.75,37736.9,40500.9,25.74,24528.99
3240,07/16/2026 05:28:45,21.93,4.66,4.01,21.94,37759.2,40353.7,25.65,24543.50
3241,07/16/2026 05:43:45,22.11,4.34,3.71,22.10,39909.7,42498.0,27.17,25941.32
3242,07/16/2026 05:58:45,22.23,3.97,3.43,22.25,37347.7,39640.0,25.16,24276.01
3243,07/16/2026 06:13:45,22.36,3.64,3.16,22.36,36566.6,38712.8,24.51,23768.28
3244,07/16/2026 06:28:45,22.46,3.31,2.88,22.46,36418.8,38471.9,24.35,23672.22
3245,07/16/2026 06:43:45,22.55,3.06,2.66,22.55,35932.6,37880.3,23.94,23356.19
3246,07/16/2026 06:58:45,22.63,2.85,2.48,22.62,35570.5,37438.9,23.63,23120.80
3247,07/16/2026 07:13:45,22.70,2.68,2.34,22.69,35236.9,37031.5,23.35,22903.99
3248,07/16/2026 07:28:45,22.76,2.51,2.20,22.76,34596.8,36308.4,22.85,22487.94
3249,07/16/2026 07:43:45,22.83,2.34,2.06,22.82,34135.7,35774.8,22.48,22188.22
3250,07/16/2026 07:58:45,22.88,2.26,1.96,22.88,37802.0,39565.0,25.13,24571.32
3251,07/16/2026 08:13:45,22.96,2.18,1.92,22.95,34004.8,35536.8,22.32,22103.14
3252,07/16/2026 08:28:45,23.03,2.03,1.79,23.03,33655.4,35107.0,22.03,21876.01
3253,07/16/2026 08:43:45,23.12,1.92,1.70,23.12,33339.5,34713.6,21.76,21670.70
3254,07/16/2026 08:58:45,23.21,1.87,1.65,23.20,33018.3,34313.8,21.48,21461.89
3255,07/16/2026 09:13:45,23.30,1.77,1.57,23.30,32549.6,33758.2,21.10,21157.26
3256,07/16/2026 09:28:45,23.39,1.74,1.54,23.39,32673.8,33818.4,21.15,21237.97
3257,07/16/2026 09:43:45,23.48,1.87,1.65,23.47,32513.8,33591.3,20.99,21133.94
3258,07/16/2026 09:58:45,23.65,1.96,1.74,23.71,33191.5,34117.9,21.36,21574.46
3259,07/16/2026 10:13:45,23.63,2.26,2.01,23.59,32445.9,33438.4,20.89,21089.86
3260,07/16/2026 10:28:45,23.46,2.69,2.38,23.36,33361.9,34553.2,21.65,21685.24
3261,07/16/2026 10:43:45,23.33,2.60,2.29,23.30,33895.9,35154.4,22.07,22032.32
3262,07/16/2026 10:58:45,23.31,2.77,2.43,23.28,34638.1,35933.6,22.61,22514.79
3263,07/16/2026 11:13:45,23.34,3.09,2.71,23.33,35102.4,36374.8,22.92,22816.55
3264,07/16/2026 11:28:45,23.41,3.66,3.19,23.40,36140.5,37396.7,23.63,23491.30
3265,07/16/2026 11:43:45,23.28,3.98,3.46,23.23,37057.1,38490.9,24.39,24087.09
3266,07/16/2026 11:58:45,23.19,4.29,3.72,23.16,37600.2,39111.4,24.83,24440.14
3267,07/16/2026 12:13:45,22.98,4.34,3.76,22.91,37653.9,39381.4,25.01,24475.01
3268,07/16/2026 12:28:45,22.64,4.72,4.06,22.54,38519.6,40620.9,25.86,25037.72
3269,07/16/2026 12:43:45,22.41,5.00,4.30,22.37,38985.1,41262.3,26.31,25340.30
3270,07/16/2026 12:58:45,22.28,5.46,4.67,22.22,39641.4,42096.9,26.89,25766.92
3271,07/16/2026 13:13:45,22.14,5.62,4.80,22.09,39846.5,42442.0,27.13,25900.21
3272,07/16/2026 13:28:45,22.00,5.73,4.92,21.93,38525.7,41181.1,26.23,25041.70
3273,07/16/2026 13:43:45,21.81,5.80,4.94,21.73,40182.9,43143.5,27.61,26118.88
3274,07/16/2026 13:58:45,21.66,5.78,4.92,21.59,39819.2,42885.9,27.42,25882.50
3275,07/16/2026 14:13:45,21.50,5.81,4.94,21.45,39851.1,43059.8,27.54,25903.24
3276,07/16/2026 14:28:45,21.42,5.84,4.98,21.37,39720.8,43003.4,27.49,25818.51
3277,07/16/2026 14:43:45,21.37,5.78,4.93,21.34,39596.2,42897.6,27.41,25737.52
3278,07/16/2026 14:58:45,21.32,5.33,4.53,21.28,40043.8,43432.6,27.79,26028.46
3279,07/16/2026 15:13:45,21.39,5.37,4.57,21.36,39713.9,42998.8,27.49,25814.04
3280,07/16/2026 15:28:45,21.29,6.01,5.12,21.26,39742.8,43126.6,27.57,25832.82
3281,07/16/2026 15:43:45,21.72,6.16,5.25,21.73,39885.1,42823.8,27.38,25925.29
3282,07/16/2026 15:58:45,22.10,6.07,5.19,22.14,39701.9,42237.2,26.99,25806.24
3283,07/16/2026 16:13:45,22.18,5.95,5.09,22.18,39445.3,41925.0,26.77,25639.46
3284,07/16/2026 16:28:45,22.39,5.90,5.06,22.43,39394.4,41645.6,26.58,25606.34
3285,07/16/2026 16:43:45,22.58,5.67,4.86,22.60,39879.9,41999.7,26.84,25921.90
3286,07/16/2026 16:58:45,22.77,5.28,4.53,22.78,39550.7,41488.1,26.49,25707.95
3287,07/16/2026 17:13:45,22.94,4.90,4.21,22.94,39093.6,40860.2,26.05,25410.83
3288,07/16/2026 17:28:45,23.12,4.56,3.93,23.13,38442.4,40013.6,25.46,24987.54
3289,07/16/2026 17:43:45,23.29,4.20,3.64,23.31,37916.2,39313.8,24.97,24645.54
3290,07/16/2026 17:58:45,23.45,3.98,3.45,23.46,37670.5,38926.6,24.71,24485.83
3291,07/16/2026 18:13:45,23.56,3.74,3.26,23.56,37154.1,38310.5,24.28,24150.17
3292,07/16/2026 18:28:45,23.67,3.62,3.14,23.66,37801.5,38899.6,24.70,24570.96
3293,07/16/2026 18:43:45,23.72,3.47,3.02,23.71,36716.7,37736.6,23.88,23865.84
3294,07/16/2026 18:58:45,23.81,3.17,2.77,23.80,36236.7,37170.9,23.49,23553.84
3295,07/16/2026 19:13:45,23.88,3.00,2.62,23.87,36319.9,37205.6,23.52,23607.93
3296,07/16/2026 19:28:45,23.92,2.76,2.41,23.91,36735.8,37597.5,23.79,23878.24
3297,07/16/2026 19:43:45,23.96,2.65,2.33,23.94,35143.6,35940.0,22.63,22843.31
3298,07/16/2026 19:58:45,23.98,2.46,2.17,23.96,34811.0,35590.8,22.39,22627.17
3299,07/16/2026 20:13:45,23.98,2.23,1.97,23.96,33926.4,34686.3,21.76,22052.15
3300,07/16/2026 20:28:45,23.97,2.17,1.91,23.95,34138.1,34909.5,21.92,22189.77
3301,07/16/2026 20:43:45,23.97,1.87,1.66,23.94,33280.5,34034.8,21.31,21632.36
3302,07/16/2026 20:58:45,23.96,1.92,1.70,23.94,33177.1,33933.4,21.24,21565.10
3303,07/16/2026 21:13:45,23.95,1.81,1.61,23.93,32885.6,33639.6,21.04,21375.66
3304,07/16/2026 21:28:45,23.94,1.49,1.32,23.92,32106.8,32851.5,20.50,20869.44
3305,07/16/2026 21:43:45,23.85,1.47,1.30,23.83,33208.8,34042.9,21.32,21585.72
3306,07/16/2026 21:58:45,23.87,2.25,1.98,23.85,35397.4,36274.7,22.86,23008.34
3307,07/16/2026 22:13:45,23.89,2.78,2.44,23.87,35500.7,36361.7,22.93,23075.46
3308,07/16/2026 22:28:45,23.89,2.62,2.28,23.86,37230.0,38145.3,24.17,24199.51
3309,07/16/2026 22:43:45,23.84,2.83,2.48,23.81,35657.9,36574.8,23.07,23177.63
3310,07/16/2026 22:58:45,23.75,3.04,2.66,23.69,35348.9,36349.7,22.91,22976.77
3311,07/16/2026 23:13:45,23.50,3.49,3.03,23.42,37852.3,39147.6,24.86,24603.97
3312,07/16/2026 23:28:45,23.28,3.94,3.42,23.22,37104.9,38548.2,24.43,24118.21
3313,07/16/2026 23:43:45,23.03,4.25,3.68,22.96,37391.5,39065.9,24.79,24304.50
3314,07/16/2026 23:58:45,22.84,4.56,3.94,22.79,38142.3,39997.5,25.43,24792.48
3315,07/17/2026 00:13:45,22.67,4.85,4.17,22.61,38771.7,40821.9,26.01,25201.61
3316,07/17/2026 00:28:45,22.40,5.29,4.54,22.32,38841.5,41159.5,26.23,25246.94
3317,07/17/2026 00:43:45,22.08,5.68,4.86,21.98,39297.9,41955.9,26.78,25543.66
3318,07/17/2026 00:58:45,21.82,5.86,5.01,21.76,39295.6,42162.5,26.92,25542.14
3319,07/17/2026 01:13:45,21.64,5.99,5.11,21.57,39813.2,42899.6,27.43,25878.56
3320,07/17/2026 01:28:45,21.47,6.13,5.23,21.42,39446.9,42657.6,27.25,25640.49
3321,07/17/2026 01:43:45,21.35,6.41,5.37,21.29,42974.6,46608.3,30.06,27933.49
3322,07/17/2026 01:58:45,21.25,6.62,5.56,21.20,42718.1,46424.7,29.93,27766.78
3323,07/17/2026 02:13:45,21.13,6.85,5.83,21.07,39418.9,42962.0,27.45,25622.26
3324,07/17/2026 02:28:45,20.96,6.98,5.84,20.88,42923.5,46993.3,30.31,27900.30
3325,07/17/2026 02:43:45,20.75,7.18,5.98,20.67,43770.2,48144.5,31.13,28450.62
3326,07/17/2026 02:58:45,20.61,7.26,6.06,20.55,43411.4,47881.6,30.93,28217.39
3327,07/17/2026 03:13:45,20.55,7.07,5.91,20.50,42651.6,47102.0,30.37,27723.52
3328,07/17/2026 03:28:45,20.48,6.49,5.49,20.45,40165.9,44409.1,28.44,26107.81
3329,07/17/2026 03:43:45,20.52,6.71,5.64,20.46,41479.2,45851.6,29.47,26961.45
3330,07/17/2026 03:58:45,20.35,7.25,6.11,20.32,40851.2,45301.5,29.06,26553.30
3331,07/17/2026 04:13:45,20.47,7.15,5.98,20.44,42452.2,46943.4,30.25,27593.93
3332,07/17/2026 04:28:45,20.65,6.85,5.72,20.66,43425.0,47777.9,30.87,28226.24
3333,07/17/2026 04:43:45,20.78,6.69,5.69,20.75,39384.6,43240.2,27.62,25599.99
3334,07/17/2026 04:58:45,20.90,6.41,5.46,20.87,39289.5,43020.6,27.48,25538.20
3335,07/17/2026 05:13:45,21.00,6.15,5.25,21.00,38783.9,42345.1,27.00,25209.56
3336,07/17/2026 05:28:45,21.10,5.77,4.93,21.09,38618.2,42075.0,26.82,25101.84
3337,07/17/2026 05:43:45,21.24,5.46,4.68,21.23,38300.2,41595.2,26.49,24895.16
3338,07/17/2026 05:58:45,21.43,5.11,4.34,21.42,40261.1,43535.2,27.87,26169.71
3339,07/17/2026 06:13:45,21.62,4.75,4.02,21.62,41580.7,44758.8,28.76,27027.48
3340,07/17/2026 06:28:45,21.78,4.36,3.75,21.79,37796.2,40531.9,25.76,24567.55
3341,07/17/2026 06:43:45,21.93,4.04,3.49,21.93,37178.1,39738.0,25.21,24165.78
3342,07/17/2026 06:58:45,22.07,3.68,3.19,22.05,36644.0,39059.7,24.74,23818.60
3343,07/17/2026 07:13:45,22.15,3.36,2.92,22.14,35778.2,38060.3,24.05,23255.80
3344,07/17/2026 07:28:45,22.24,3.12,2.71,22.23,36109.9,38341.5,24.25,23471.45
3345,07/17/2026 07:43:45,22.30,2.98,2.60,22.29,35373.9,37505.1,23.66,22993.07
3346,07/17/2026 07:58:45,22.36,2.80,2.45,22.35,34673.3,36715.7,23.12,22537.64
3347,07/17/2026 08:13:45,22.43,2.60,2.28,22.42,34331.9,36301.1,22.83,22315.75
3348,07/17/2026 08:28:45,22.49,2.47,2.17,22.48,33914.7,35810.0,22.49,22044.58
3349,07/17/2026 08:43:45,22.56,2.39,2.11,22.56,32925.0,34705.0,21.73,21401.24
3350,07/17/2026 08:58:45,22.63,2.28,2.01,22.63,33130.7,34866.4,21.84,21534.95
3351,07/17/2026 09:13:45,22.71,2.26,1.99,22.71,33226.3,34906.9,21.87,21597.07
3352,07/17/2026 09:28:45,22.80,2.23,1.97,22.80,32589.5,34170.1,21.37,21183.17
3353,07/17/2026 09:43:45,22.89,2.05,1.81,22.90,32747.2,34260.9,21.44,21285.70
3354,07/17/2026 09:58:45,23.00,2.08,1.84,23.00,32397.6,33817.2,21.13,21058.46
3355,07/17/2026 10:13:45,23.06,1.88,1.66,23.06,32027.4,33391.2,20.84,20817.83
3356,07/17/2026 10:28:45,23.14,1.99,1.74,23.13,34526.2,35935.0,22.60,22442.04
3357,07/17/2026 10:43:45,23.31,2.28,2.02,23.29,31976.5,33166.0,20.69,20784.75
3358,07/17/2026 10:58:45,23.49,2.62,2.33,23.36,32251.7,33398.9,20.86,20963.59
3359,07/17/2026 11:13:45,23.31,2.84,2.51,23.17,32807.8,34119.6,21.35,21325.07
3360,07/17/2026 11:28:45,23.00,3.03,2.67,22.96,33391.3,34884.2,21.87,21704.35
3361,07/17/2026 11:43:45,22.98,3.02,2.65,22.95,34019.1,35549.4,22.33,22112.42
3362,07/17/2026 11:58:45,22.96,3.23,2.84,22.95,34620.1,36179.8,22.77,22503.03
3363,07/17/2026 12:13:45,23.04,3.97,3.47,23.03,35708.9,37246.6,23.51,23210.76
3364,07/17/2026 12:28:45,22.92,4.47,3.88,22.85,36736.4,38475.0,24.37,23878.63
3365,07/17/2026 12:43:45,22.79,4.83,4.18,22.77,37199.4,39029.4,24.75,24179.63
3366,07/17/2026 12:58:45,22.74,5.11,4.43,22.69,37286.6,39185.5,24.86,24236.27
3367,07/17/2026 13:13:45,22.46,5.31,4.57,22.35,38251.6,40502.2,25.77,24863.57
3368,07/17/2026 13:28:45,22.17,5.71,4.90,22.11,38867.5,41382.7,26.38,25263.87
3369,07/17/2026 13:43:45,22.03,6.11,5.21,21.98,40193.1,42914.6,27.46,26125.53
3370,07/17/2026 13:58:45,21.96,6.35,5.43,21.92,39139.3,41848.3,26.70,25440.57
3371,07/17/2026 14:13:45,21.87,6.52,5.57,21.82,39548.1,42382.0,27.08,25706.23
3372,07/17/2026 14:28:45,21.74,6.47,5.51,21.68,39834.6,42815.7,27.38,25892.50
3373,07/17/2026 14:43:45,21.62,6.42,5.45,21.58,40378.0,43505.3,27.86,26245.71
3374,07/17/2026 14:58:45,21.53,6.35,5.39,21.49,40630.7,43863.5,28.11,26409.97
3375,07/17/2026 15:13:45,21.45,6.15,5.16,21.41,43259.5,46790.1,30.20,28118.67
3376,07/17/2026 15:28:45,21.39,5.93,5.04,21.35,40272.5,43615.4,27.93,26177.11
3377,07/17/2026 15:43:45,21.37,5.92,5.04,21.34,39731.5,43038.3,27.52,25825.46
3378,07/17/2026 15:58:45,21.42,5.39,4.59,21.42,39948.0,43196.7,27.63,25966.22
3379,07/17/2026 16:13:45,21.43,6.66,5.67,21.41,40050.8,43313.6,27.72,26032.99
3380,07/17/2026 16:28:45,21.74,6.83,5.82,21.78,40058.0,42966.0,27.49,26037.71
3381,07/17/2026 16:43:45,22.07,6.82,5.83,22.07,40015.6,42636.4,27.27,26010.14
3382,07/17/2026 16:58:45,22.22,6.71,5.74,22.19,39627.5,42113.0,26.90,25757.86
3383,07/17/2026 17:13:45,22.25,6.53,5.51,22.25,43080.4,45721.5,29.49,28002.25
3384,07/17/2026 17:28:45,22.34,6.30,5.41,22.35,38897.6,41194.4,26.26,25283.45
3385,07/17/2026 17:43:45,22.46,6.06,5.21,22.46,38805.0,40992.6,26.12,25223.27
3386,07/17/2026 17:58:45,22.59,5.68,4.89,22.60,38401.3,40439.9,25.74,24960.84
3387,07/17/2026 18:13:45,22.73,5.32,4.59,22.74,37958.8,39852.4,25.33,24673.22
3388,07/17/2026 18:28:45,22.87,5.04,4.36,22.88,37967.4,39740.7,25.26,24678.81
3389,07/17/2026 18:43:45,23.00,4.72,4.09,23.00,37378.6,39013.8,24.75,24296.08
3390,07/17/2026 18:58:45,23.10,4.45,3.87,23.11,36922.3,38451.5,24.36,23999.47
3391,07/17/2026 19:13:45,23.19,4.27,3.72,23.19,36752.4,38206.9,24.19,23889.06
3392,07/17/2026 19:28:45,23.26,4.04,3.52,23.25,36477.1,37866.2,23.96,23710.13
3393,07/17/2026 19:43:45,23.32,3.89,3.40,23.31,36262.5,37596.7,23.77,23570.65
3394,07/17/2026 19:58:45,23.38,3.66,3.21,23.37,35451.3,36710.0,23.15,23043.37
3395,07/17/2026 20:13:45,23.42,3.44,3.01,23.40,35358.2,36589.7,23.07,22982.86
3396,07/17/2026 20:28:45,23.45,3.21,2.79,23.44,37571.2,38846.7,24.65,24421.26
3397,07/17/2026 20:43:45,23.47,3.09,2.72,23.45,34130.3,35282.1,22.16,22184.69
3398,07/17/2026 20:58:45,23.48,2.99,2.64,23.46,33913.9,35047.0,22.00,22044.05
3399,07/17/2026 21:13:45,23.49,2.85,2.48,23.46,36786.3,38012.9,24.07,23911.07
3400,07/17/2026 21:28:45,23.50,2.77,2.44,23.48,33723.6,34836.8,21.85,21920.35
3401,07/17/2026 21:43:45,23.50,2.69,2.38,23.47,33364.8,34472.8,21.60,21687.09
3402,07/17/2026 21:58:45,23.48,2.54,2.24,23.46,33174.9,34283.3,21.47,21563.68
3403,07/17/2026 22:13:45,23.48,2.21,1.96,23.45,32751.8,33850.5,21.17,21288.65
3404,07/17/2026 22:28:45,23.45,2.02,1.79,23.41,32576.3,33699.9,21.07,21174.61
3405,07/17/2026 22:43:45,23.36,2.00,1.77,23.35,33124.2,34313.7,21.49,21530.73
3406,07/17/2026 22:58:45,23.36,2.85,2.52,23.33,33233.0,34444.4,21.58,21601.46
3407,07/17/2026 23:13:45,23.40,3.15,2.77,23.37,34242.7,35456.2,22.28,22257.77
3408,07/17/2026 23:28:45,23.35,3.03,2.66,23.32,34733.1,36006.3,22.66,22576.52
3409,07/17/2026 23:43:45,23.28,3.29,2.88,23.24,35291.6,36649.9,23.10,22939.52
3410,07/17/2026 23:58:45,23.11,3.63,3.16,23.05,36135.7,37681.9,23.82,23488.19
3411,07/18/2026 00:13:45,22.85,4.11,3.57,22.78,36817.2,38615.6,24.46,23931.15
3412,07/18/2026 00:28:45,22.65,4.53,3.92,22.59,37272.1,39256.0,24.90,24226.88
3413,07/18/2026 00:43:45,22.45,4.80,4.14,22.39,37904.7,40105.5,25.49,24638.06
3414,07/18/2026 00:58:45,22.30,5.17,4.45,22.27,38536.6,40880.0,26.03,25048.76
3415,07/18/2026 01:13:45,22.19,5.53,4.74,22.14,38813.2,41294.5,26.32,25228.58
3416,07/18/2026 01:28:45,22.01,5.94,5.06,21.93,40400.2,43181.9,27.65,26260.12
3417,07/18/2026 01:43:45,21.79,6.23,5.32,21.73,39275.2,42174.7,26.92,25528.90
3418,07/18/2026 01:58:45,21.62,6.38,5.45,21.54,39233.6,42309.4,27.01,25501.83
3419,07/18/2026 02:13:45,21.46,6.49,5.53,21.41,39685.4,42924.3,27.44,25795.53
3420,07/18/2026 02:28:45,21.34,6.63,5.64,21.28,39837.5,43211.8,27.64,25894.40
3421,07/18/2026 02:43:45,21.21,6.81,5.79,21.17,39897.5,43391.8,27.76,25933.34
3422,07/18/2026 02:58:45,21.16,6.92,5.88,21.12,39951.0,43491.4,27.82,25968.13
3423,07/18/2026 03:13:45,21.10,7.05,5.99,21.06,39959.8,43563.4,27.87,25973.85
3424,07/18/2026 03:28:45,21.03,7.14,6.06,20.98,40065.3,43762.1,28.01,26042.45
3425,07/18/2026 03:43:45,20.95,7.12,6.06,20.89,39164.2,42859.8,27.36,25456.71
3426,07/18/2026 03:58:45,20.86,7.05,5.98,20.81,40107.1,43979.1,28.15,26069.60
3427,07/18/2026 04:13:45,20.79,6.61,5.60,20.76,40125.0,44050.2,28.20,26081.27
3428,07/18/2026 04:28:45,20.85,6.74,5.71,20.80,40080.6,43953.1,28.13,26052.42
3429,07/18/2026 04:43:45,20.74,7.28,6.18,20.72,39884.2,43818.8,28.03,25924.70
3430,07/18/2026 04:58:45,20.91,7.03,5.98,20.89,39615.2,43362.4,27.72,25749.90
3431,07/18/2026 05:13:45,21.00,6.92,5.88,20.99,39698.7,43352.7,27.72,25804.13
3432,07/18/2026 05:28:45,21.04,6.81,5.79,21.03,39548.1,43147.0,27.57,25706.27
3433,07/18/2026 05:43:45,21.10,6.64,5.65,21.08,39337.3,42867.2,27.38,25569.23
3434,07/18/2026 05:58:45,21.18,6.34,5.40,21.15,39157.7,42598.8,27.19,25452.48
3435,07/18/2026 06:13:45,21.28,6.10,5.21,21.27,39268.5,42606.1,27.20,25524.50
3436,07/18/2026 06:28:45,21.41,5.80,4.96,21.41,38851.5,42019.4,26.80,25253.45
3437,07/18/2026 06:43:45,21.57,5.42,4.65,21.57,38677.1,41678.2,26.56,25140.08
3438,07/18/2026 06:58:45,21.71,5.06,4.35,21.70,38101.7,40942.0,26.05,24766.09
3439,07/18/2026 07:13:45,21.83,4.70,4.04,21.82,37794.3,40497.1,25.74,24566.30
3440,07/18/2026 07:28:45,21.93,4.29,3.70,21.91,37405.3,40004.9,25.40,24313.41
3441,07/18/2026 07:43:45,22.00,4.03,3.49,21.97,36768.1,39262.9,24.88,23899.29
3442,07/18/2026 07:58:45,22.06,3.68,3.19,22.04,36334.8,38743.0,24.52,23617.61
3443,07/18/2026 08:13:45,22.11,3.44,2.99,22.11,35865.8,38186.8,24.13,23312.80
3444,07/18/2026 08:28:45,22.17,3.35,2.91,22.17,35445.0,37688.4,23.79,23039.28
3445,07/18/2026 08:43:45,22.24,3.09,2.69,22.24,35319.3,37494.5,23.65,22957.53
3446,07/18/2026 08:58:45,22.30,2.89,2.53,22.30,34830.2,36926.0,23.26,22639.61
3447,07/18/2026 09:13:45,22.37,2.77,2.43,22.36,34516.4,36539.9,22.99,22435.66
3448,07/18/2026 09:28:45,22.44,2.77,2.43,22.43,34079.1,36024.2,22.64,22151.39
3449,07/18/2026 09:43:45,22.50,2.70,2.37,22.49,33854.8,35737.3,22.44,22005.64
3450,07/18/2026 09:58:45,22.58,2.56,2.26,22.58,33358.7,35143.6,22.03,21683.18
3451,07/18/2026 10:13:45,22.67,2.50,2.21,22.67,32704.9,34386.4,21.51,21258.18
3452,07/18/2026 10:28:45,22.77,2.43,2.14,22.77,33159.7,34790.9,21.80,21553.79
3453,07/18/2026 10:43:45,22.87,2.56,2.27,22.87,31984.6,33485.0,20.90,20789.97
3454,07/18/2026 10:58:45,22.97,2.55,2.26,22.97,32609.1,34064.8,21.30,21195.94
3455,07/18/2026 11:13:45,23.06,2.77,2.46,23.06,32531.2,33909.7,21.20,21145.26
3456,07/18/2026 11:28:45,23.27,2.67,2.35,23.29,33448.3,34694.8,21.75,21741.41
3457,07/18/2026 11:43:45,23.25,2.74,2.42,23.19,33119.8,34426.1,21.56,21527.87
3458,07/18/2026 11:58:45,22.94,3.15,2.77,22.85,34034.5,35647.5,22.39,22122.40
3459,07/18/2026 12:13:45,22.79,3.07,2.69,22.75,34345.1,36046.6,22.67,22324.34
3460,07/18/2026 12:28:45,22.76,3.30,2.88,22.73,35185.3,36943.0,23.29,22870.42
3461,07/18/2026 12:43:45,22.77,3.66,3.19,22.76,35661.3,37418.1,23.62,23179.81
3462,07/18/2026 12:58:45,22.87,4.39,3.82,22.85,36742.5,38478.9,24.37,23882.63
3463,07/18/2026 13:13:45,22.71,4.81,4.16,22.64,37507.3,39459.2,25.05,24379.76
3464,07/18/2026 13:28:45,22.59,5.17,4.47,22.57,37993.0,40033.8,25.45,24695.46
3465,07/18/2026 13:43:45,22.50,5.34,4.60,22.43,38306.6,40493.0,25.77,24899.32
3466,07/18/2026 13:58:45,22.18,5.55,4.76,22.10,38772.5,41287.0,26.31,25202.11
3467,07/18/2026 14:13:45,21.96,5.87,5.03,21.89,39288.4,42030.2,26.83,25537.46
3468,07/18/2026 14:28:45,21.87,6.18,5.28,21.83,39479.8,42294.6,27.01,25661.84
3469,07/18/2026 14:43:45,21.79,6.48,5.54,21.74,39087.7,41964.8,26.77,25406.99
3470,07/18/2026 14:58:45,21.66,6.62,5.65,21.61,39523.9,42553.4,27.19,25690.52
3471,07/18/2026 15:13:45,21.55,6.69,5.73,21.50,38657.0,41724.2,26.59,25127.03
3472,07/18/2026 15:28:45,21.43,6.79,5.77,21.37,40220.8,43535.9,27.87,26143.54
3473,07/18/2026 15:43:45,21.31,6.83,5.82,21.25,39645.3,43029.6,27.50,25769.43
3474,07/18/2026 15:58:45,21.17,6.79,5.77,21.11,39660.5,43192.9,27.61,25779.31
3475,07/18/2026 16:13:45,21.10,6.63,5.62,21.06,40535.9,44194.5,28.32,26348.33
3476,07/18/2026 16:28:45,21.03,6.55,5.56,21.00,40365.3,44065.7,28.23,26237.46
3477,07/18/2026 16:43:45,21.01,6.03,5.08,20.98,41406.4,45223.8,29.05,26914.14
3478,07/18/2026 16:58:45,21.03,6.62,5.59,20.97,41209.0,45014.3,28.90,26785.82
3479,07/18/2026 17:13:45,21.02,6.94,5.88,21.02,40710.8,44424.6,28.48,26462.04
3480,07/18/2026 17:28:45,21.27,6.99,5.92,21.26,40727.9,44195.6,28.33,26473.13
3481,07/18/2026 17:43:45,21.50,6.78,5.78,21.51,39568.1,42701.9,27.29,25719.24
3482,07/18/2026 17:58:45,21.56,6.74,5.71,21.53,41370.2,44622.6,28.66,26890.61
3483,07/18/2026 18:13:45,21.66,6.61,5.60,21.65,41277.9,44402.9,28.51,26830.61
3484,07/18/2026 18:28:45,21.77,6.36,5.39,21.76,41117.8,44120.5,28.31,26726.54
3485,07/18/2026 18:43:45,21.87,6.14,5.21,21.85,40916.2,43812.8,28.10,26595.50
3486,07/18/2026 18:58:45,21.96,5.78,4.92,21.94,40428.2,43203.2,27.67,26278.36
3487,07/18/2026 19:13:45,22.07,5.48,4.68,22.06,39686.9,42300.4,27.03,25796.49
3488,07/18/2026 19:28:45,22.18,5.13,4.42,22.18,38271.6,40682.9,25.89,24876.51
3489,07/18/2026 19:43:45,22.29,4.84,4.18,22.29,37845.2,40133.2,25.51,24599.37
3490,07/18/2026 19:58:45,22.37,4.59,3.97,22.37,37421.6,39610.1,25.14,24324.05
3491,07/18/2026 20:13:45,22.45,4.37,3.79,22.44,37085.5,39194.4,24.85,24105.60
3492,07/18/2026 20:28:45,22.51,4.20,3.64,22.50,36582.7,38611.6,24.45,23778.73
3493,07/18/2026 20:43:45,22.56,4.01,3.49,22.55,36066.3,38026.3,24.04,23443.13
3494,07/18/2026 20:58:45,22.59,3.86,3.36,22.58,36028.5,37956.2,23.99,23418.51
3495,07/18/2026 21:13:45,22.63,3.66,3.19,22.62,35586.7,37461.0,23.65,23131.38
3496,07/18/2026 21:28:45,22.66,3.39,2.96,22.65,35121.2,36946.5,23.29,22828.80
3497,07/18/2026 21:43:45,22.68,3.33,2.92,22.66,34627.5,36415.1,22.92,22507.85
3498,07/18/2026 21:58:45,22.69,3.23,2.84,22.67,34295.3,36058.6,22.67,22291.96
3499,07/18/2026 22:13:45,22.69,3.09,2.71,22.68,33932.9,35670.4,22.40,22056.36
3500,07/18/2026 22:28:45,22.71,2.92,2.57,22.69,33588.6,35301.6,22.15,21832.61
3501,07/18/2026 22:43:45,22.71,2.79,2.46,22.69,33323.8,35023.3,21.95,21660.49
3502,07/18/2026 22:58:45,22.73,2.70,2.38,22.70,32789.1,34454.4,21.56,21312.93
3503,07/18/2026 23:13:45,22.72,2.47,2.18,22.70,32835.7,34501.2,21.59,21343.23
3504,07/18/2026 23:28:45,22.66,2.45,2.16,22.61,33003.6,34744.1,21.76,21452.31
3505,07/18/2026 23:43:45,22.67,3.13,2.75,22.64,33546.0,35291.8,22.14,21804.89
3506,07/18/2026 23:58:45,22.65,3.28,2.87,22.61,34387.1,36203.0,22.77,22351.62
3507,07/19/2026 00:13:45,22.60,3.06,2.67,22.58,34767.1,36627.3,23.06,22598.63
3508,07/19/2026 00:28:45,22.56,3.34,2.91,22.53,35422.4,37359.8,23.57,23024.55
3509,07/19/2026 00:43:45,22.52,3.53,3.07,22.48,35584.3,37575.4,23.72,23129.80
3510,07/19/2026 00:58:45,22.39,4.05,3.51,22.34,36571.7,38733.7,24.53,23771.63
3511,07/19/2026 01:13:45,22.25,4.47,3.87,22.20,37191.4,39516.2,25.07,24174.39
3512,07/19/2026 01:28:45,22.09,4.89,4.21,22.03,37987.3,40515.9,25.77,24691.73
3513,07/19/2026 01:43:45,21.93,5.24,4.51,21.87,38053.1,40730.6,25.91,24734.53
3514,07/19/2026 01:58:45,21.82,5.53,4.75,21.77,38061.6,40835.7,25.98,24740.07
3515,07/19/2026 02:13:45,21.71,5.77,4.93,21.65,39253.1,42224.8,26.95,25514.50
3516,07/19/2026 02:28:45,21.55,6.09,5.19,21.48,39545.9,42701.1,27.28,25704.86
3517,07/19/2026 02:43:45,21.39,6.35,5.41,21.33,39884.2,43212.5,27.64,25924.70
3518,07/19/2026 02:58:45,21.26,6.49,5.52,21.21,39970.9,43430.3,27.79,25981.10
3519,07/19/2026 03:13:45,21.15,6.50,5.54,21.10,39277.4,42784.4,27.32,25530.30
3520,07/19/2026 03:28:45,21.06,6.65,5.63,21.01,40766.0,44490.9,28.53,26497.90
3521,07/19/2026 03:43:45,20.96,6.73,5.70,20.91,40559.3,44371.5,28.44,26363.55
3522,07/19/2026 03:58:45,20.89,6.75,5.72,20.84,40117.1,43959.9,28.14,26076.10
3523,07/19/2026 04:13:45,20.81,6.88,5.84,20.77,39847.2,43727.1,27.97,25900.68
3524,07/19/2026 04:28:45,20.72,6.80,5.77,20.67,39917.8,43913.1,28.10,25946.55
3525,07/19/2026 04:43:45,20.66,6.65,5.63,20.62,40311.4,44398.1,28.44,26202.44
3526,07/19/2026 04:58:45,20.61,6.25,5.29,20.56,40219.9,44352.3,28.40,26142.96
3527,07/19/2026 05:13:45,20.61,6.10,5.17,20.59,40186.0,44284.4,28.36,26120.91
3528,07/19/2026 05:28:45,20.59,6.83,5.79,20.56,40034.6,44151.0,28.26,26022.46
3529,07/19/2026 05:43:45,20.67,6.85,5.81,20.66,40073.4,44087.4,28.22,26047.73
3530,07/19/2026 05:58:45,20.74,6.85,5.81,20.72,40007.3,43960.2,28.13,26004.75
3531,07/19/2026 06:13:45,20.85,6.74,5.73,20.83,39753.6,43567.6,27.86,25839.86
3532,07/19/2026 06:28:45,20.91,6.63,5.64,20.90,39632.1,43369.0,27.72,25760.87
3533,07/19/2026 06:43:45,21.02,6.49,5.52,21.00,39565.2,43198.1,27.61,25717.38
3534,07/19/2026 06:58:45,21.13,6.18,5.27,21.11,39161.1,42640.3,27.22,25454.71
3535,07/19/2026 07:13:45,21.25,5.91,5.04,21.23,38971.1,42320.9,27.00,25331.22
3536,07/19/2026 07:28:45,21.41,5.60,4.80,21.41,38552.7,41699.1,26.57,25059.24
3537,07/19/2026 07:43:45,21.54,5.28,4.53,21.54,38174.0,41166.7,26.20,24813.09
3538,07/19/2026 07:58:45,21.66,4.98,4.29,21.65,37779.5,40642.4,25.84,24556.65
3539,07/19/2026 08:13:45,21.76,4.65,4.01,21.75,37325.3,40061.8,25.43,24261.42
3540,07/19/2026 08:28:45,21.85,4.39,3.79,21.83,36996.0,39631.0,25.13,24047.38
3541,07/19/2026 08:43:45,21.93,4.20,3.64,21.91,36669.2,39209.9,24.84,23835.00
3542,07/19/2026 08:58:45,22.00,3.96,3.43,21.99,36291.8,38741.3,24.52,23589.70
3543,07/19/2026 09:13:45,22.08,3.75,3.25,22.06,35956.9,38322.2,24.23,23372.02
3544,07/19/2026 09:28:45,22.15,3.67,3.19,22.14,35534.1,37805.7,23.87,23097.14
3545,07/19/2026 09:43:45,22.23,3.48,3.03,22.23,35104.4,37273.9,23.50,22817.89
3546,07/19/2026 09:58:45,22.30,3.44,3.00,22.29,34721.3,36813.1,23.18,22568.86
3547,07/19/2026 10:13:45,22.37,3.41,2.98,22.36,34424.9,36445.5,22.93,22376.21
3548,07/19/2026 10:28:45,22.46,3.47,3.04,22.46,34240.3,36168.1,22.74,22256.18
3549,07/19/2026 10:43:45,22.54,3.38,2.97,22.54,33824.2,35669.4,22.40,21985.71
3550,07/19/2026 10:58:45,22.60,3.35,2.95,22.59,33644.0,35437.0,22.24,21868.57
3551,07/19/2026 11:13:45,22.66,3.32,2.92,22.64,33233.9,34963.4,21.91,21602.05
3552,07/19/2026 11:28:45,22.75,3.42,3.02,22.75,33077.7,34718.7,21.75,21500.53
3553,07/19/2026 11:43:45,22.85,3.35,2.95,22.85,32921.1,34481.4,21.59,21398.71
3554,07/19/2026 11:58:45,23.00,3.52,3.12,22.99,32717.7,34158.0,21.37,21266.53
3555,07/19/2026 12:13:45,23.23,4.11,3.63,23.27,33091.5,34336.0,21.50,21509.50
3556,07/19/2026 12:28:45,23.33,3.83,3.38,23.24,33559.1,34850.8,21.85,21813.45
3557,07/19/2026 12:43:45,22.93,3.73,3.28,22.83,33931.4,35551.3,22.33,22055.40
3558,07/19/2026 12:58:45,22.84,3.64,3.19,22.82,34419.1,36067.0,22.68,22372.39
3559,07/19/2026 13:13:45,22.87,3.83,3.35,22.85,35059.4,36721.0,23.14,22788.59
3560,07/19/2026 13:28:45,22.90,4.20,3.67,22.89,35899.4,37561.3,23.73,23334.64
3561,07/19/2026 13:43:45,23.03,5.23,4.54,23.03,36910.5,38502.5,24.39,23991.82
3562,07/19/2026 13:58:45,22.95,5.93,5.12,22.89,38104.5,39871.1,25.35,24767.96
3563,07/19/2026 14:13:45,22.81,6.42,5.54,22.80,38583.5,40454.8,25.76,25079.27
3564,07/19/2026 14:28:45,22.78,6.69,5.75,22.72,39125.5,41096.4,26.21,25431.56
3565,07/19/2026 14:43:45,22.54,6.89,5.91,22.47,39434.3,41649.0,26.59,25632.29
3566,07/19/2026 14:58:45,22.29,7.18,6.14,22.24,39911.0,42363.4,27.08,25942.18
3567,07/19/2026 15:13:45,22.16,7.52,6.41,22.11,40390.6,42998.6,27.53,26253.92
3568,07/19/2026 15:28:45,22.06,7.71,6.54,22.00,41257.9,44027.8,28.26,26817.65
3569,07/19/2026 15:43:45,21.96,7.87,6.69,21.92,40640.2,43447.2,27.84,26416.11
3570,07/19/2026 15:58:45,21.88,7.96,6.76,21.83,40923.9,43841.7,28.11,26600.56
3571,07/19/2026 16:13:45,21.75,7.96,6.76,21.69,40851.7,43903.0,28.15,26553.63
3572,07/19/2026 16:28:45,21.61,8.00,6.79,21.56,40866.8,44052.8,28.25,26563.41
3573,07/19/2026 16:43:45,21.50,7.89,6.69,21.45,40798.0,44082.9,28.27,26518.70
3574,07/19/2026 16:58:45,21.42,8.01,6.79,21.37,40799.6,44162.3,28.32,26519.73
3575,07/19/2026 17:13:45,21.36,7.90,6.70,21.32,40707.1,44119.1,28.28,26459.63
3576,07/19/2026 17:28:45,21.32,7.41,6.28,21.28,40732.9,44186.1,28.33,26476.41
3577,07/19/2026 17:43:45,21.33,7.26,6.15,21.32,40688.3,44092.7,28.26,26447.42
3578,07/19/2026 17:58:45,21.35,8.08,6.85,21.34,40650.0,44036.2,28.23,26422.48
3579,07/19/2026 18:13:45,21.61,8.09,6.86,21.61,41107.6,44261.5,28.40,26719.95
3580,07/19/2026 18:28:45,21.76,8.27,7.01,21.76,41067.9,44070.0,28.27,26694.14
3581,07/19/2026 18:43:45,21.97,8.11,6.90,21.94,40719.6,43520.4,27.89,26467.71
3582,07/19/2026 18:58:45,22.02,7.96,6.77,22.00,40598.6,43327.2,27.76,26389.11
3583,07/19/2026 19:13:45,22.11,7.81,6.66,22.10,40382.1,43001.1,27.53,26248.37
3584,07/19/2026 19:28:45,22.21,7.55,6.45,22.20,39667.7,42144.5,26.93,25784.03
3585,07/19/2026 19:43:45,22.31,7.23,6.19,22.32,39467.9,41826.2,26.71,25654.16
3586,07/19/2026 19:58:45,22.43,6.85,5.87,22.43,39791.3,42056.8,26.88,25864.33
3587,07/19/2026 20:13:45,22.55,6.51,5.60,22.55,38498.7,40588.2,25.84,25024.18
3588,07/19/2026 20:28:45,22.65,6.23,5.40,22.65,37084.7,39012.0,24.73,24105.05
3589,07/19/2026 20:43:45,22.74,5.94,5.11,22.73,38771.2,40708.1,25.93,25201.31
3590,07/19/2026 20:58:45,22.80,5.65,4.88,22.79,38443.8,40313.7,25.66,24988.47
3591,07/19/2026 21:13:45,22.85,5.41,4.68,22.84,38024.5,39831.9,25.32,24715.91
3592,07/19/2026 21:28:45,22.89,5.12,4.43,22.88,37672.4,39424.1,25.03,24487.07
3593,07/19/2026 21:43:45,22.93,4.81,4.17,22.91,37336.7,39052.3,24.77,24268.88
3594,07/19/2026 21:58:45,22.94,4.52,3.93,22.92,36825.0,38509.4,24.39,23936.25
3595,07/19/2026 22:13:45,22.95,4.35,3.79,22.92,36462.6,38125.4,24.12,23700.66
3596,07/19/2026 22:28:45,22.94,4.10,3.57,22.92,36069.3,37719.1,23.84,23445.03
3597,07/19/2026 22:43:45,22.93,3.86,3.37,22.90,35652.2,37295.2,23.54,23173.92
3598,07/19/2026 22:58:45,22.93,3.71,3.25,22.90,35305.4,36934.9,23.29,22948.51
3599,07/19/2026 23:13:45,22.91,3.57,3.13,22.89,34916.9,36538.1,23.01,22695.97
3600,07/19/2026 23:28:45,22.89,3.34,2.93,22.87,34529.7,36144.8,22.74,22444.31
3601,07/19/2026 23:43:45,22.87,3.28,2.88,22.85,34273.6,35898.0,22.57,22277.81
3602,07/19/2026 23:58:45,22.84,3.22,2.83,22.82,33839.2,35466.4,22.27,21995.45
3603,07/20/2026 00:13:45,22.83,2.83,2.49,22.80,33701.4,35333.6,22.17,21905.89
3604,07/20/2026 00:28:45,22.70,2.91,2.55,22.69,34207.4,35949.6,22.60,22234.83
3605,07/20/2026 00:43:45,22.73,3.48,3.06,22.71,34212.1,35937.9,22.59,22237.88
3606,07/20/2026 00:58:45,22.80,3.72,3.25,22.78,35222.2,36942.7,23.29,22894.40
3607,07/20/2026 01:13:45,22.78,3.53,3.08,22.75,35627.2,37392.2,23.60,23157.67
3608,07/20/2026 01:28:45,22.72,3.79,3.31,22.68,35537.6,37354.9,23.58,23099.46
3609,07/20/2026 01:43:45,22.67,4.01,3.48,22.62,36716.2,38647.4,24.48,23865.52
3610,07/20/2026 01:58:45,22.47,4.49,3.89,22.40,37289.4,39438.7,25.02,24238.12
3611,07/20/2026 02:13:45,22.24,4.93,4.24,22.18,38176.7,40582.0,25.82,24814.83
3612,07/20/2026 02:28:45,22.08,5.27,4.52,22.01,38728.1,41322.7,26.33,25173.28
3613,07/20/2026 02:43:45,21.86,5.62,4.81,21.79,39023.5,41845.2,26.69,25365.27
3614,07/20/2026 02:58:45,21.69,5.84,4.99,21.64,39657.7,42671.6,27.27,25777.50
3615,07/20/2026 03:13:45,21.62,6.00,5.12,21.57,39761.4,42852.5,27.40,25844.90
3616,07/20/2026 03:28:45,21.52,6.25,5.32,21.46,40096.3,43312.9,27.72,26062.56
3617,07/20/2026 03:43:45,21.36,6.44,5.47,21.28,40175.0,43575.0,27.89,26113.78
3618,07/20/2026 03:58:45,21.14,6.61,5.61,21.04,40201.7,43851.1,28.08,26131.11
3619,07/20/2026 04:13:45,20.97,6.71,5.70,20.90,40011.6,43781.2,28.02,26007.52
3620,07/20/2026 04:28:45,20.82,6.74,5.71,20.77,40052.1,43961.1,28.14,26033.88
3621,07/20/2026 04:43:45,20.71,6.47,5.48,20.65,40230.0,44274.9,28.35,26149.52
3622,07/20/2026 04:58:45,20.58,6.37,5.39,20.54,40236.6,44395.2,28.43,26153.79
3623,07/20/2026 05:13:45,20.54,6.25,5.29,20.50,40224.5,44424.8,28.45,26145.96
3624,07/20/2026 05:28:45,20.51,6.08,5.14,20.47,40284.8,44519.1,28.52,26185.15
3625,07/20/2026 05:43:45,20.55,6.41,5.42,20.52,40238.0,44418.2,28.45,26154.71
3626,07/20/2026 05:58:45,20.54,7.06,5.98,20.51,39961.9,44125.7,28.24,25975.26
3627,07/20/2026 06:13:45,20.64,7.00,5.94,20.63,39724.7,43739.8,27.97,25821.06
3628,07/20/2026 06:28:45,20.81,6.87,5.83,20.82,39819.3,43654.5,27.92,25882.52
3629,07/20/2026 06:43:45,20.95,6.56,5.57,20.95,39790.4,43485.6,27.81,25863.77
3630,07/20/2026 06:58:45,21.09,6.26,5.32,21.07,39858.0,43443.6,27.79,25907.71
3631,07/20/2026 07:13:45,21.16,6.13,5.22,21.16,39658.9,43138.2,27.58,25778.26
3632,07/20/2026 07:28:45,21.31,5.88,5.01,21.30,39579.5,42914.5,27.42,25726.70
3633,07/20/2026 07:43:45,21.40,5.62,4.79,21.39,39480.5,42720.0,27.29,25662.33
3634,07/20/2026 07:58:45,21.49,5.47,4.67,21.48,39373.8,42512.3,27.15,25592.96
3635,07/20/2026 08:13:45,21.59,5.16,4.41,21.57,39091.6,42127.9,26.88,25409.56
3636,07/20/2026 08:28:45,21.67,5.30,4.54,21.65,38765.7,41694.9,26.58,25197.71
3637,07/20/2026 08:43:45,21.78,5.00,4.29,21.78,38609.3,41409.4,26.38,25096.06
3638,07/20/2026 08:58:45,21.91,4.84,4.16,21.91,38082.0,40723.2,25.91,24753.29
3639,07/20/2026 09:13:45,22.04,4.63,3.99,22.03,37708.5,40218.6,25.56,24510.54
3640,07/20/2026 09:28:45,22.14,4.46,3.86,22.14,37339.0,39723.4,25.21,24270.36
3641,07/20/2026 09:43:45,22.26,4.27,3.70,22.26,37010.9,39269.3,24.90,24057.05
3642,07/20/2026 09:58:45,22.36,3.77,3.27,22.36,36679.9,38835.4,24.60,23841.94
3643,07/20/2026 10:13:45,22.48,3.53,3.07,22.49,36621.1,38660.0,24.48,23803.75
3644,07/20/2026 10:28:45,22.60,3.32,2.88,22.60,36340.9,38267.5,24.21,23621.56
3645,07/20/2026 10:43:45,22.71,3.47,3.02,22.70,35985.7,37808.4,23.89,23390.72
3646,07/20/2026 10:58:45,22.82,3.31,2.89,22.82,35581.9,37290.5,23.54,23128.24
3647,07/20/2026 11:13:45,22.90,3.36,2.93,22.89,35325.2,36962.9,23.31,22961.36
3648,07/20/2026 11:28:45,22.97,3.28,2.87,22.97,34895.9,36451.3,22.96,22682.34
3649,07/20/2026 11:43:45,23.05,3.26,2.86,23.05,34634.7,36114.3,22.73,22512.56
3650,07/20/2026 11:58:45,23.17,3.16,2.77,23.15,34411.9,35801.9,22.51,22367.73
3651,07/20/2026 12:13:45,23.23,3.51,3.09,23.22,34127.7,35450.5,22.27,22183.02
3652,07/20/2026 12:28:45,23.35,3.09,2.72,23.33,33901.4,35130.3,22.05,22035.93
3653,07/20/2026 12:43:45,23.67,3.46,3.04,23.59,34855.6,35919.4,22.61,22656.13
3654,07/20/2026 12:58:45,23.57,3.78,3.32,23.46,35112.1,36282.9,22.86,22822.84
3655,07/20/2026 13:13:45,23.19,3.79,3.31,23.16,35715.4,37150.8,23.45,23215.00
3656,07/20/2026 13:28:45,23.13,3.50,3.05,23.11,36008.7,37497.7,23.69,23405.65
3657,07/20/2026 13:43:45,23.19,3.91,3.40,23.18,36679.4,38141.1,24.15,23841.64
3658,07/20/2026 13:58:45,23.21,4.01,3.49,23.19,37079.0,38546.5,24.43,24101.36
3659,07/20/2026 14:13:45,23.32,4.63,4.01,23.34,37993.0,39365.1,25.01,24695.46
3660,07/20/2026 14:28:45,23.49,5.30,4.58,23.48,38837.4,40121.9,25.55,25244.29
3661,07/20/2026 14:43:45,23.42,5.87,5.05,23.37,39675.6,41081.6,26.23,25789.13
3662,07/20/2026 14:58:45,23.33,6.47,5.55,23.31,40217.3,41699.6,26.66,26141.24
3663,07/20/2026 15:13:45,23.26,6.98,5.98,23.20,40577.5,42175.1,27.00,26375.35
3664,07/20/2026 15:28:45,23.06,6.89,5.89,23.00,40689.5,42475.1,27.20,26448.16
3665,07/20/2026 15:43:45,22.81,7.33,6.25,22.74,40903.7,42944.2,27.52,26587.37
3666,07/20/2026 15:58:45,22.65,7.68,6.58,22.61,39914.5,42022.2,26.86,25944.40
3667,07/20/2026 16:13:45,22.50,7.89,6.74,22.47,40005.1,42246.3,27.01,26003.30
3668,07/20/2026 16:28:45,22.38,8.16,6.98,22.33,39769.7,42134.7,26.93,25850.29
3669,07/20/2026 16:43:45,22.25,8.31,7.11,22.20,39814.1,42300.0,27.04,25879.18
3670,07/20/2026 16:58:45,22.13,8.23,7.03,22.08,39758.6,42354.1,27.07,25843.10
3671,07/20/2026 17:13:45,21.97,8.48,7.24,21.92,39733.2,42483.3,27.15,25826.58
3672,07/20/2026 17:28:45,21.83,8.28,7.07,21.79,39758.9,42630.9,27.25,25843.28
3673,07/20/2026 17:43:45,21.77,8.02,6.85,21.71,39485.7,42414.9,27.09,25665.72
3674,07/20/2026 17:58:45,21.71,7.97,6.81,21.66,39422.4,42395.5,27.08,25624.58
3675,07/20/2026 18:13:45,21.70,7.58,6.46,21.66,39819.5,42819.7,27.38,25882.67
3676,07/20/2026 18:28:45,21.66,8.37,7.09,21.61,41262.5,44422.3,28.52,26820.64
3677,07/20/2026 18:43:45,21.90,8.65,7.33,21.94,41473.4,44320.1,28.46,26957.68
3678,07/20/2026 18:58:45,22.18,8.69,7.34,22.21,42516.0,45161.6,29.08,27635.41
3679,07/20/2026 19:13:45,22.34,8.33,7.08,22.37,41273.5,43690.2,28.04,26827.78
3680,07/20/2026 19:28:45,22.46,8.24,7.01,22.43,41114.0,43454.9,27.87,26724.13
3681,07/20/2026 19:43:45,22.50,8.01,6.82,22.50,41113.5,43388.1,27.83,26723.79
3682,07/20/2026 19:58:45,22.61,7.73,6.59,22.60,40875.6,43045.6,27.59,26569.14
3683,07/20/2026 20:13:45,22.71,7.04,6.01,22.70,40888.8,42965.5,27.54,26577.72
3684,07/20/2026 20:28:45,22.82,6.74,5.76,22.82,40698.6,42655.7,27.32,26454.10
3685,07/20/2026 20:43:45,22.93,6.29,5.38,22.93,40398.2,42237.7,27.03,26258.82
3686,07/20/2026 20:58:45,23.04,5.96,5.10,23.04,40132.1,41852.0,26.76,26085.88
3687,07/20/2026 21:13:45,23.13,5.73,4.92,23.12,39625.2,41252.9,26.34,25756.35
3688,07/20/2026 21:28:45,23.20,5.39,4.64,23.18,38994.1,40540.1,25.84,25346.20
3689,07/20/2026 21:43:45,23.24,5.38,4.64,23.23,38964.3,40469.2,25.79,25326.78
3690,07/20/2026 21:58:45,23.26,4.87,4.21,23.25,38402.8,39870.4,25.36,24961.79
3691,07/20/2026 22:13:45,23.28,4.45,3.85,23.26,38024.5,39467.3,25.08,24715.92
3692,07/20/2026 22:28:45,23.27,4.18,3.63,23.25,37720.3,39159.3,24.86,24518.19
3693,07/20/2026 22:43:45,23.26,3.93,3.41,23.24,37245.7,38676.7,24.52,24209.68
3694,07/20/2026 22:58:45,23.23,3.72,3.23,23.21,36838.0,38278.4,24.24,23944.69
3695,07/20/2026 23:13:45,23.22,3.86,3.36,23.20,36334.2,37764.7,23.88,23617.21
3696,07/20/2026 23:28:45,23.20,3.68,3.21,23.17,36253.8,37705.9,23.84,23564.96
3697,07/20/2026 23:43:45,23.17,3.18,2.78,23.13,35799.9,37263.2,23.53,23269.94
3698,07/20/2026 23:58:45,23.13,3.40,2.97,23.11,35075.3,36523.3,23.01,22798.96
3699,07/21/2026 00:13:45,23.12,3.18,2.78,23.10,34985.0,36441.2,22.95,22740.23
3700,07/21/2026 00:28:45,23.10,3.15,2.76,23.07,34675.6,36140.3,22.74,22539.17
3701,07/21/2026 00:43:45,23.09,3.09,2.71,23.05,34483.7,35954.5,22.61,22414.42
3702,07/21/2026 00:58:45,23.05,2.54,2.23,23.03,34229.4,35705.7,22.44,22249.10
3703,07/21/2026 01:13:45,22.93,2.38,2.08,22.89,34723.8,36336.1,22.87,22570.49
3704,07/21/2026 01:28:45,22.96,3.09,2.71,22.94,34520.8,36083.2,22.70,22438.53
3705,07/21/2026 01:43:45,23.01,3.31,2.90,23.05,35302.7,36810.8,23.21,22946.75
3706,07/21/2026 01:58:45,23.10,3.24,2.83,23.07,35887.2,37400.7,23.62,23326.70
3707,07/21/2026 02:13:45,23.07,3.28,2.85,23.05,36376.1,37932.6,23.99,23644.49
3708,07/21/2026 02:28:45,23.05,3.53,3.07,23.03,37163.9,38771.9,24.58,24156.52
3709,07/21/2026 02:43:45,23.01,3.66,3.17,22.97,37503.6,39177.8,24.86,24377.33
3710,07/21/2026 02:58:45,22.87,4.07,3.52,22.82,37924.3,39745.4,25.26,24650.81
3711,07/21/2026 03:13:45,22.70,4.45,3.84,22.65,38414.6,40405.7,25.72,24969.50
3712,07/21/2026 03:28:45,22.54,4.96,4.24,22.48,40424.9,42681.1,27.32,26276.16
3713,07/21/2026 03:43:45,22.34,5.30,4.51,22.29,41244.4,43735.0,28.06,26808.89
3714,07/21/2026 03:58:45,22.18,5.49,4.66,22.14,41104.4,43735.1,28.06,26717.84
3715,07/21/2026 04:13:45,22.11,5.84,4.93,22.07,42362.8,45143.4,29.06,27535.84
3716,07/21/2026 04:28:45,22.02,6.03,5.13,21.97,40369.3,43117.1,27.61,26240.04
3717,07/21/2026 04:43:45,21.88,6.46,5.55,21.81,38124.6,40859.3,26.00,24780.99
3718,07/21/2026 04:58:45,21.68,6.68,5.73,21.62,38364.2,41296.5,26.30,24936.75
3719,07/21/2026 05:13:45,21.46,6.83,5.85,21.37,38677.3,41867.9,26.69,25140.22
3720,07/21/2026 05:28:45,21.27,6.77,5.74,21.23,40805.4,44315.8,28.42,26523.50
3721,07/21/2026 05:43:45,21.12,6.59,5.57,21.09,40825.6,44480.0,28.53,26536.66
3722,07/21/2026 05:58:45,21.03,6.56,5.54,20.99,41100.5,44883.6,28.81,26715.35
3723,07/21/2026 06:13:45,20.99,6.35,5.37,20.95,40815.7,44612.2,28.61,26530.22
3724,07/21/2026 06:28:45,21.05,6.59,5.58,21.02,40802.5,44527.7,28.56,26521.65
3725,07/21/2026 06:43:45,21.04,6.93,5.86,21.04,40814.7,44519.7,28.55,26529.57
3726,07/21/2026 06:58:45,21.28,6.86,5.81,21.28,40784.9,44236.5,28.37,26510.20
3727,07/21/2026 07:13:45,21.48,6.64,5.64,21.48,40547.2,43785.2,28.05,26355.66
3728,07/21/2026 07:28:45,21.48,6.48,5.51,21.46,40291.3,43529.5,27.87,26189.37
3729,07/21/2026 07:43:45,21.60,6.34,5.39,21.58,40330.7,43454.4,27.82,26214.98
3730,07/21/2026 07:58:45,21.75,6.00,5.11,21.75,40273.9,43220.9,27.67,26178.06
3731,07/21/2026 08:13:45,21.87,5.94,5.05,21.86,40391.8,43239.6,27.69,26254.66
3732,07/21/2026 08:28:45,22.00,5.75,4.90,22.00,40212.3,42917.8,27.47,26138.01
3733,07/21/2026 08:43:45,22.11,5.31,4.53,22.10,40117.0,42718.7,27.33,26076.02
3734,07/21/2026 08:58:45,22.20,5.26,4.49,22.21,39738.3,42213.8,26.98,25829.87
3735,07/21/2026 09:13:45,22.31,5.18,4.44,22.32,39513.5,41874.4,26.74,25683.75
3736,07/21/2026 09:28:45,22.45,4.74,4.07,22.45,39252.2,41476.0,26.46,25513.92
3737,07/21/2026 09:43:45,22.58,4.66,4.00,22.58,38941.9,41030.9,26.16,25312.23
3738,07/21/2026 09:58:45,22.67,4.42,3.81,22.67,38552.6,40534.8,25.81,25059.18
3739,07/21/2026 10:13:45,22.73,4.15,3.58,22.73,38217.5,40134.7,25.53,24841.40
3740,07/21/2026 10:28:45,22.82,3.73,3.22,22.82,37858.8,39676.7,25.21,24608.22
3741,07/21/2026 10:43:45,22.93,3.66,3.17,22.92,37522.5,39238.8,24.91,24389.64
3742,07/21/2026 10:58:45,22.98,3.64,3.16,22.97,37200.1,38855.6,24.64,24180.08
3743,07/21/2026 11:13:45,23.03,3.70,3.21,23.03,36880.4,38476.1,24.37,23972.25
3744,07/21/2026 11:28:45,23.07,3.40,2.96,23.06,36341.5,37886.5,23.96,23621.95
3745,07/21/2026 11:43:45,23.11,3.35,2.92,23.10,36115.5,37616.3,23.77,23475.05
3746,07/21/2026 11:58:45,23.15,3.33,2.91,23.14,35888.7,37348.3,23.59,23327.68
3747,07/21/2026 12:13:45,23.19,3.45,3.01,23.18,35461.9,36875.0,23.26,23050.22
3748,07/21/2026 12:28:45,23.23,3.25,2.86,23.22,34649.0,35996.7,22.65,22521.84
3749,07/21/2026 12:43:45,23.25,3.23,2.83,23.24,34861.6,36203.4,22.79,22660.04
3750,07/21/2026 12:58:45,23.27,3.04,2.68,23.25,34289.1,35597.2,22.37,22287.91
3751,07/21/2026 13:13:45,23.36,3.11,2.73,23.37,35116.5,36360.9,22.91,22825.70
3752,07/21/2026 13:28:45,23.33,3.66,3.21,23.29,35174.2,36485.0,22.99,22863.22
3753,07/21/2026 13:43:45,23.28,3.90,3.41,23.23,35590.4,36962.6,23.32,23133.73
3754,07/21/2026 13:58:45,23.18,3.57,3.12,23.15,36325.4,37792.8,23.90,23611.53
3755,07/21/2026 14:13:45,23.14,3.42,2.97,23.11,36740.5,38257.2,24.22,23881.31
3756,07/21/2026 14:28:45,23.14,3.83,3.32,23.11,37578.3,39129.6,24.84,24425.89
3757,07/21/2026 14:43:45,23.14,4.14,3.59,23.11,37907.3,39474.8,25.08,24639.74
3758,07/21/2026 14:58:45,23.10,4.99,4.31,23.08,38514.1,40133.1,25.54,25034.17
3759,07/21/2026 15:13:45,23.08,5.83,5.02,23.05,39078.2,40747.6,25.98,25400.83
3760,07/21/2026 15:28:45,23.03,6.38,5.47,23.00,39894.0,41647.5,26.61,25931.12
3761,07/21/2026 15:43:45,22.91,6.91,5.91,22.87,40394.4,42289.4,27.06,26256.36
3762,07/21/2026 15:58:45,22.80,7.33,6.26,22.75,40705.2,42721.7,27.36,26458.36
3763,07/21/2026 16:13:45,22.64,7.48,6.38,22.59,40933.4,43115.0,27.64,26606.69
3764,07/21/2026 16:28:45,22.47,7.84,6.67,22.40,40994.0,43359.7,27.80,26646.12
3765,07/21/2026 16:43:45,22.25,8.00,6.80,22.19,41096.3,43671.0,28.01,26712.60
3766,07/21/2026 16:58:45,22.08,8.30,7.04,22.02,41330.7,44090.8,28.30,26864.96
3767,07/21/2026 17:13:45,21.95,8.52,7.22,21.89,41480.8,44378.6,28.50,26962.49
3768,07/21/2026 17:28:45,21.82,8.61,7.29,21.77,41574.6,44595.7,28.65,27023.51
3769,07/21/2026 17:43:45,21.70,8.72,7.37,21.64,41651.0,44816.4,28.80,27073.17
3770,07/21/2026 17:58:45,21.55,8.58,7.26,21.51,41298.2,44569.1,28.62,26843.85
3771,07/21/2026 18:13:45,21.45,8.50,7.19,21.39,41338.3,44730.3,28.72,26869.92
3772,07/21/2026 18:28:45,21.35,8.40,7.11,21.30,41109.8,44573.7,28.61,26721.40
3773,07/21/2026 18:43:45,21.29,8.21,6.94,21.23,41388.3,44942.8,28.87,26902.38
3774,07/21/2026 18:58:45,21.27,7.82,6.61,21.24,41335.6,44879.5,28.82,26868.15
3775,07/21/2026 19:13:45,21.33,7.37,6.23,21.30,41326.8,44805.9,28.77,26862.45
3776,07/21/2026 19:28:45,21.29,8.17,6.92,21.24,41030.0,44547.7,28.58,26669.49
3777,07/21/2026 19:43:45,21.38,8.50,7.19,21.37,41182.1,44582.5,28.62,26768.39
3778,07/21/2026 19:58:45,21.55,8.62,7.33,21.53,40097.9,43253.2,27.68,26063.65
3779,07/21/2026 20:13:45,21.67,8.02,6.81,21.66,40741.3,43816.8,28.09,26481.83
3780,07/21/2026 20:28:45,21.80,7.61,6.47,21.79,40605.7,43535.8,27.89,26393.68
3781,07/21/2026 20:43:45,21.89,7.53,6.40,21.88,40531.3,43371.5,27.78,26345.32
3782,07/21/2026 20:58:45,22.03,7.24,6.15,22.02,40946.2,43677.6,28.01,26615.01
3783,07/21/2026 21:13:45,22.15,6.94,5.91,22.16,40574.1,43150.6,27.64,26373.14
3784,07/21/2026 21:28:45,22.29,6.54,5.58,22.30,40433.5,42866.5,27.44,26281.74
3785,07/21/2026 21:43:45,22.41,6.19,5.33,22.41,38087.3,40277.2,25.62,24756.72
3786,07/21/2026 21:58:45,22.52,5.83,4.99,22.52,39836.8,42024.0,26.86,25893.92
3787,07/21/2026 22:13:45,22.62,5.47,4.69,22.61,39418.2,41499.7,26.49,25621.81
3788,07/21/2026 22:28:45,22.68,5.05,4.34,22.68,39045.2,41044.6,26.17,25379.38
3789,07/21/2026 22:43:45,22.74,4.81,4.14,22.73,38496.5,40425.0,25.73,25022.73
3790,07/21/2026 22:58:45,22.78,4.39,3.79,22.77,38050.2,39922.1,25.38,24732.66
3791,07/21/2026 23:13:45,22.81,4.49,3.88,22.80,37728.6,39555.9,25.12,24523.61
3792,07/21/2026 23:28:45,22.84,4.16,3.61,22.82,37305.9,39092.1,24.80,24248.84
3793,07/21/2026 23:43:45,22.86,3.97,3.45,22.84,36870.5,38625.6,24.47,23965.81
3794,07/21/2026 23:58:45,22.87,3.77,3.28,22.85,36493.8,38220.9,24.19,23720.97
3795,07/22/2026 00:13:45,22.88,3.59,3.13,22.85,36079.0,37781.5,23.88,23451.34
3796,07/22/2026 00:28:45,22.88,3.21,2.80,22.86,35702.7,37385.0,23.60,23206.73
3797,07/22/2026 00:43:45,22.88,2.92,2.55,22.87,35386.5,37046.5,23.37,23001.20
3798,07/22/2026 00:58:45,22.89,3.24,2.83,22.87,35184.8,36833.0,23.22,22870.12
3799,07/22/2026 01:13:45,22.89,3.17,2.78,22.87,34727.5,36351.8,22.88,22572.86
3800,07/22/2026 01:28:45,22.89,2.99,2.63,22.87,34383.4,35996.4,22.64,22349.21
3801,07/22/2026 01:43:45,22.89,2.31,2.03,22.86,34198.6,35805.3,22.50,22229.07
3802,07/22/2026 01:58:45,22.85,2.13,1.87,22.81,34899.4,36580.1,23.04,22684.63
3803,07/22/2026 02:13:45,22.85,3.34,2.92,22.83,34916.4,36585.7,23.04,22695.64
3804,07/22/2026 02:28:45,22.85,3.47,3.03,22.83,35334.8,37024.1,23.35,22967.61
3805,07/22/2026 02:43:45,22.82,3.35,2.92,22.80,35892.2,37633.0,23.77,23329.94
3806,07/22/2026 02:58:45,22.82,3.21,2.79,22.79,35981.0,37733.6,23.84,23387.66
3807,07/22/2026 03:13:45,22.76,3.63,3.15,22.74,36898.7,38734.4,24.54,23984.17
3808,07/22/2026 03:28:45,22.74,3.67,3.18,22.70,37251.7,39143.7,24.83,24213.59
3809,07/22/2026 03:43:45,22.66,4.06,3.50,22.63,37993.0,39986.1,25.42,24695.46
3810,07/22/2026 03:58:45,22.58,4.49,3.87,22.54,38377.1,40468.0,25.76,24945.13
3811,07/22/2026 04:13:45,22.48,4.78,4.10,22.44,38909.1,41119.0,26.21,25290.92
3812,07/22/2026 04:28:45,22.36,5.18,4.44,22.31,39305.8,41659.9,26.59,25548.75
3813,07/22/2026 04:43:45,22.20,5.49,4.70,22.15,39591.5,42114.1,26.90,25734.48
3814,07/22/2026 04:58:45,22.06,5.76,4.92,22.01,39855.4,42522.6,27.19,25905.99
3815,07/22/2026 05:13:45,21.96,6.09,5.20,21.91,39933.3,42700.1,27.31,25956.67
3816,07/22/2026 05:28:45,21.86,6.24,5.32,21.81,40067.1,42944.0,27.47,26043.63
3817,07/22/2026 05:43:45,21.74,6.41,5.46,21.69,39984.8,42971.3,27.49,25990.10
3818,07/22/2026 05:58:45,21.62,6.54,5.56,21.56,40555.2,43714.0,28.01,26360.90
3819,07/22/2026 06:13:45,21.47,6.56,5.56,21.41,40818.9,44147.3,28.31,26532.27
3820,07/22/2026 06:28:45,21.37,6.11,5.17,21.31,40952.3,44393.9,28.48,26619.00
3821,07/22/2026 06:43:45,21.29,5.96,5.05,21.25,40789.3,44280.3,28.39,26513.04
3822,07/22/2026 06:58:45,21.25,5.53,4.69,21.21,40894.7,44434.0,28.50,26581.54
3823,07/22/2026 07:13:45,21.29,5.64,4.78,21.26,40870.4,44353.2,28.45,26565.73
3824,07/22/2026 07:28:45,21.28,6.06,5.13,21.28,40790.6,44245.5,28.37,26513.86
3825,07/22/2026 07:43:45,21.52,6.04,5.13,21.52,40643.3,43850.4,28.10,26418.14
3826,07/22/2026 07:58:45,21.66,6.07,5.16,21.64,40501.7,43573.8,27.91,26326.08
3827,07/22/2026 08:13:45,21.60,5.74,4.88,21.57,40408.5,43544.1,27.89,26265.55
3828,07/22/2026 08:28:45,21.71,5.63,4.79,21.69,40275.6,43286.7,27.71,26179.11
3829,07/22/2026 08:43:45,21.80,5.55,4.72,21.79,40246.0,43156.0,27.62,26159.88
3830,07/22/2026 08:58:45,21.98,5.29,4.51,21.97,40209.5,42937.8,27.48,26136.17
3831,07/22/2026 09:13:45,22.11,5.33,4.55,22.12,40024.6,42597.5,27.24,26015.96
3832,07/22/2026 09:28:45,22.26,4.99,4.27,22.26,39823.7,42251.0,27.01,25885.40
3833,07/22/2026 09:43:45,22.37,4.74,4.06,22.38,39438.3,41733.6,26.64,25634.87
3834,07/22/2026 09:58:45,22.50,4.73,4.06,22.52,39251.3,41409.1,26.42,25513.34
3835,07/22/2026 10:13:45,22.63,4.53,3.90,22.63,38921.8,40963.6,26.11,25299.18
3836,07/22/2026 10:28:45,22.71,4.21,3.62,22.72,38596.5,40540.7,25.82,25087.72
3837,07/22/2026 10:43:45,22.83,4.11,3.54,22.83,38249.5,40078.2,25.49,24862.20
3838,07/22/2026 10:58:45,22.91,4.22,3.65,22.91,38084.9,39837.4,25.33,24755.17
3839,07/22/2026 11:13:45,23.04,4.13,3.58,23.04,37714.1,39330.4,24.98,24514.15
3840,07/22/2026 11:28:45,23.10,3.99,3.46,23.09,37225.0,38782.1,24.59,24196.27
3841,07/22/2026 11:43:45,23.21,4.00,3.48,23.20,37046.5,38500.1,24.40,24080.24
3842,07/22/2026 11:58:45,23.33,4.01,3.50,23.33,36506.9,37837.7,23.94,23729.49
3843,07/22/2026 12:13:45,23.41,3.88,3.38,23.40,36151.4,37405.6,23.64,23498.40
3844,07/22/2026 12:28:45,23.51,3.84,3.36,23.48,35984.5,37167.4,23.48,23389.90
3845,07/22/2026 12:43:45,23.50,3.69,3.23,23.48,35751.3,36928.9,23.31,23238.31
3846,07/22/2026 12:58:45,23.57,3.74,3.27,23.57,35668.1,36773.4,23.20,23184.25
3847,07/22/2026 13:13:45,23.72,3.78,3.31,23.71,35307.7,36290.9,22.87,22950.01
3848,07/22/2026 13:28:45,23.83,3.77,3.31,23.81,35117.2,36015.5,22.68,22826.18
3849,07/22/2026 13:43:45,23.81,3.54,3.11,23.78,34988.6,35909.2,22.61,22742.59
3850,07/22/2026 13:58:45,23.83,3.63,3.19,23.82,35141.9,36036.2,22.70,22842.26
3851,07/22/2026 14:13:45,23.91,4.15,3.64,23.90,35759.5,36603.1,23.10,23243.68
3852,07/22/2026 14:28:45,23.92,4.14,3.63,23.88,35678.1,36536.3,23.05,23190.76
3853,07/22/2026 14:43:45,23.80,3.98,3.47,23.77,36368.6,37335.2,23.60,23639.59
3854,07/22/2026 14:58:45,23.80,3.64,3.17,23.74,36746.6,37747.8,23.89,23885.29
3855,07/22/2026 15:13:45,23.76,3.94,3.43,23.76,37404.8,38409.0,24.36,24313.13
3856,07/22/2026 15:28:45,23.81,4.22,3.67,23.79,37802.7,38792.3,24.63,24571.74
3857,07/22/2026 15:43:45,23.80,4.63,4.00,23.79,38585.1,39590.1,25.19,25080.32
3858,07/22/2026 15:58:45,23.97,5.47,4.72,23.98,39494.9,40356.0,25.74,25671.66
3859,07/22/2026 16:13:45,24.09,6.04,5.21,24.08,40032.4,40820.9,26.07,26021.08
3860,07/22/2026 16:28:45,24.07,6.58,5.66,24.03,40473.1,41312.9,26.42,26307.53
3861,07/22/2026 16:43:45,23.99,7.02,6.02,23.94,41030.0,41962.6,26.88,26669.49
3862,07/22/2026 16:58:45,23.80,7.26,6.21,23.73,41254.5,42386.8,27.17,26815.44
3863,07/22/2026 17:13:45,23.57,7.52,6.43,23.50,41514.8,42862.7,27.50,26984.59
3864,07/22/2026 17:28:45,23.33,7.50,6.39,23.27,41804.4,43384.9,27.86,27172.84
3865,07/22/2026 17:43:45,23.11,7.83,6.66,23.06,41913.2,43695.1,28.07,27243.59
3866,07/22/2026 17:58:45,22.98,7.97,6.77,22.94,42098.4,44003.8,28.29,27363.96
3867,07/22/2026 18:13:45,22.89,8.12,6.90,22.85,42034.6,44018.1,28.30,27322.48
3868,07/22/2026 18:28:45,22.82,8.07,6.85,22.79,42346.7,44409.3,28.57,27525.33
3869,07/22/2026 18:43:45,22.75,8.03,6.82,22.70,42129.5,44269.2,28.47,27384.18
3870,07/22/2026 18:58:45,22.67,7.99,6.83,22.62,40410.3,42538.7,27.23,26266.72
3871,07/22/2026 19:13:45,22.57,8.16,6.93,22.53,41842.5,44131.0,28.36,27197.62
3872,07/22/2026 19:28:45,22.55,7.76,6.59,22.53,41850.1,44141.9,28.37,27202.54
3873,07/22/2026 19:43:45,22.52,7.41,6.29,22.51,41801.5,44111.2,28.34,27170.99
3874,07/22/2026 19:58:45,22.56,8.08,6.85,22.53,42020.2,44318.4,28.49,27313.14
3875,07/22/2026 20:13:45,22.62,8.48,7.20,22.62,41789.3,43987.4,28.26,27163.07
3876,07/22/2026 20:28:45,22.80,8.33,7.07,22.79,42032.5,44076.9,28.33,27321.13
3877,07/22/2026 20:43:45,22.88,8.17,6.95,22.86,41667.5,43630.8,28.02,27083.87
3878,07/22/2026 20:58:45,22.99,7.80,6.64,23.00,41628.6,43452.6,27.90,27058.61
3879,07/22/2026 21:13:45,23.10,7.36,6.27,23.09,41434.1,43161.6,27.69,26932.16
3880,07/22/2026 21:28:45,23.18,7.27,6.20,23.18,41314.9,42958.5,27.55,26854.69
3881,07/22/2026 21:43:45,23.35,7.00,5.98,23.36,41213.0,42687.4,27.37,26788.44
3882,07/22/2026 21:58:45,23.46,6.69,5.75,23.46,40143.9,41487.9,26.52,26093.54
3883,07/22/2026 22:13:45,23.56,6.44,5.52,23.55,40639.4,41915.2,26.83,26415.61
3884,07/22/2026 22:28:45,23.63,6.18,5.30,23.62,40444.0,41654.0,26.64,26288.60
3885,07/22/2026 22:43:45,23.68,5.78,4.97,23.67,40019.6,41168.7,26.30,26012.77
3886,07/22/2026 22:58:45,23.72,5.43,4.68,23.70,39432.6,40541.1,25.86,25631.17
3887,07/22/2026 23:13:45,23.73,5.18,4.47,23.71,39162.4,40255.5,25.66,25455.56
3888,07/22/2026 23:28:45,23.72,4.86,4.20,23.69,38778.9,39871.7,25.38,25206.28
3889,07/22/2026 23:43:45,23.70,4.46,3.87,23.67,38377.1,39479.1,25.11,24945.13
3890,07/22/2026 23:58:45,23.66,4.20,3.65,23.63,37734.7,38848.4,24.66,24527.53
3891,07/23/2026 00:13:45,23.63,3.97,3.45,23.59,37336.7,38473.7,24.39,24268.84
3892,07/23/2026 00:28:45,23.59,3.78,3.29,23.57,36951.7,38096.8,24.13,24018.59
3893,07/23/2026 00:43:45,23.56,3.53,3.08,23.53,36677.9,37844.1,23.95,23840.64
3894,07/23/2026 00:58:45,23.53,3.49,3.04,23.50,36275.1,37455.4,23.68,23578.83
3895,07/23/2026 01:13:45,23.51,3.32,2.90,23.47,35969.0,37161.1,23.47,23379.88
3896,07/23/2026 01:28:45,23.48,3.32,2.91,23.45,35558.6,36758.6,23.19,23113.07
3897,07/23/2026 01:43:45,23.46,3.19,2.79,23.44,35432.7,36635.7,23.10,23031.25
3898,07/23/2026 01:58:45,23.43,3.22,2.82,23.41,35540.9,36771.6,23.20,23101.60
3899,07/23/2026 02:13:45,23.39,3.15,2.76,23.36,34722.3,35959.8,22.63,22569.50
3900,07/23/2026 02:28:45,23.36,3.01,2.64,23.33,34519.5,35775.4,22.50,22437.66
3901,07/23/2026 02:43:45,23.33,2.90,2.55,23.31,34462.7,35732.9,22.47,22400.73
3902,07/23/2026 02:58:45,23.31,2.46,2.16,23.22,34512.5,35852.6,22.55,22433.14
3903,07/23/2026 03:13:45,23.24,2.75,2.41,23.24,34548.8,35876.2,22.57,22456.74
3904,07/23/2026 03:28:45,23.27,3.42,3.00,23.28,34800.9,36107.3,22.73,22620.60
3905,07/23/2026 03:43:45,23.38,3.43,3.00,23.36,35415.8,36680.4,23.13,23020.28
3906,07/23/2026 03:58:45,23.36,3.13,2.73,23.34,35751.3,37042.4,23.38,23238.32
3907,07/23/2026 04:13:45,23.34,3.26,2.84,23.31,36514.2,37857.6,23.95,23734.21
3908,07/23/2026 04:28:45,23.33,3.40,2.96,23.30,36998.5,38372.3,24.31,24049.05
3909,07/23/2026 04:43:45,23.25,3.63,3.15,23.21,37310.8,38767.2,24.59,24252.05
3910,07/23/2026 04:58:45,23.15,4.01,3.47,23.11,37808.4,39374.3,25.01,24575.44
3911,07/23/2026 05:13:45,23.04,4.40,3.80,23.00,38382.0,40063.7,25.49,24948.27
3912,07/23/2026 05:28:45,22.93,4.79,4.12,22.89,39109.7,40922.9,26.09,25421.30
3913,07/23/2026 05:43:45,22.80,5.14,4.41,22.75,39640.5,41607.1,26.57,25766.33
3914,07/23/2026 05:58:45,22.65,5.39,4.61,22.61,40224.4,42348.5,27.09,26145.84
3915,07/23/2026 06:13:45,22.59,5.51,4.71,22.56,40311.2,42490.5,27.19,26202.27
3916,07/23/2026 06:28:45,22.52,5.71,4.87,22.48,40517.7,42781.9,27.39,26336.48
3917,07/23/2026 06:43:45,22.41,6.01,5.13,22.38,40549.9,42909.9,27.48,26357.43
3918,07/23/2026 06:58:45,22.32,6.08,5.17,22.28,40951.6,43433.2,27.85,26618.53
3919,07/23/2026 07:13:45,22.20,6.16,5.23,22.17,41091.7,43692.4,28.03,26709.62
3920,07/23/2026 07:28:45,22.08,5.91,5.02,22.02,40938.1,43671.9,28.00,26609.76
3921,07/23/2026 07:43:45,21.98,5.85,4.97,21.93,40983.5,43811.3,28.10,26639.29
3922,07/23/2026 07:58:45,21.96,5.56,4.72,21.92,40926.1,43752.8,28.06,26601.95
3923,07/23/2026 08:13:45,21.98,5.70,4.84,21.98,40976.7,43751.1,28.06,26634.82
3924,07/23/2026 08:28:45,22.02,6.33,5.38,22.01,40894.7,43631.5,27.97,26581.55
3925,07/23/2026 08:43:45,22.23,6.25,5.32,22.23,40883.6,43407.3,27.83,26574.34
3926,07/23/2026 08:58:45,22.36,6.13,5.23,22.35,40494.6,42880.0,27.46,26321.51
3927,07/23/2026 09:13:45,22.38,5.85,4.99,22.35,40586.9,42980.5,27.53,26381.46
3928,07/23/2026 09:28:45,22.40,5.69,4.85,22.39,40665.3,43023.4,27.56,26432.44
3929,07/23/2026 09:43:45,22.49,5.55,4.74,22.49,40398.4,42644.6,27.30,26258.94
3930,07/23/2026 09:58:45,22.63,5.51,4.71,22.64,40126.9,42215.2,27.00,26082.50
3931,07/23/2026 10:13:45,22.82,5.15,4.42,22.81,39513.8,41419.4,26.44,25683.97
3932,07/23/2026 10:28:45,22.93,5.18,4.45,22.92,39380.4,41179.0,26.28,25597.27
3933,07/23/2026 10:43:45,23.04,4.92,4.24,23.03,39041.3,40722.5,25.96,25376.84
3934,07/23/2026 10:58:45,23.09,4.87,4.20,23.12,38646.0,40233.5,25.62,25119.88
3935,07/23/2026 11:13:45,23.25,4.67,4.04,23.23,38461.5,39947.0,25.42,24999.97
3936,07/23/2026 11:28:45,23.34,4.51,3.90,23.31,38246.6,39653.7,25.21,24860.29
3937,07/23/2026 11:43:45,23.42,4.47,3.87,23.41,37921.5,39232.0,24.92,24648.98
3938,07/23/2026 11:58:45,23.52,4.25,3.69,23.55,37305.3,38476.4,24.40,24248.43
3939,07/23/2026 12:13:45,23.59,4.26,3.70,23.57,37163.9,38318.1,24.28,24156.53
3940,07/23/2026 12:28:45,23.68,4.19,3.65,23.69,36866.8,37908.1,24.00,23963.40
3941,07/23/2026 12:43:45,23.76,4.17,3.64,23.75,36519.4,37502.2,23.72,23737.61
3942,07/23/2026 12:58:45,23.84,4.20,3.67,23.84,36250.9,37158.9,23.48,23563.06
3943,07/23/2026 13:13:45,23.94,4.21,3.68,23.93,36019.6,36847.8,23.27,23412.71
3944,07/23/2026 13:28:45,23.98,4.17,3.66,23.97,35684.0,36476.2,23.01,23194.59
3945,07/23/2026 13:43:45,24.08,4.24,3.73,24.06,35188.2,35897.5,22.61,22872.36
3946,07/23/2026 13:58:45,24.12,4.22,3.71,24.10,35074.3,35753.5,22.51,22798.29
3947,07/23/2026 14:13:45,24.19,4.25,3.74,24.18,34780.9,35392.8,22.26,22607.55
3948,07/23/2026 14:28:45,24.26,4.31,3.80,24.25,34480.2,35032.6,22.01,22412.13
3949,07/23/2026 14:43:45,24.35,4.08,3.60,24.33,34354.9,34847.0,21.89,22330.70
3950,07/23/2026 14:58:45,24.47,4.66,4.10,24.38,35398.6,35866.5,22.60,23009.11
3951,07/23/2026 15:13:45,24.54,4.63,4.07,24.48,35186.3,35578.2,22.40,22871.07
3952,07/23/2026 15:28:45,24.19,4.52,3.96,24.11,35744.7,36425.2,22.98,23234.07
3953,07/23/2026 15:43:45,24.15,4.21,3.69,24.10,36201.0,36897.3,23.31,23530.64
3954,07/23/2026 15:58:45,24.10,4.15,3.62,24.10,36729.0,37440.2,23.69,23873.82
3955,07/23/2026 16:13:45,24.17,4.42,3.85,24.15,37162.0,37837.8,23.97,24155.31
3956,07/23/2026 16:28:45,24.20,4.77,4.15,24.17,37494.1,38156.2,24.19,24371.17
3957,07/23/2026 16:43:45,24.23,5.39,4.68,24.23,38176.3,38805.5,24.65,24814.61
3958,07/23/2026 16:58:45,24.34,6.06,5.24,24.32,39048.5,39612.9,25.22,25381.50
3959,07/23/2026 17:13:45,24.34,6.55,5.66,24.30,39492.9,40079.2,25.55,25670.38
3960,07/23/2026 17:28:45,24.28,7.12,6.14,24.24,39985.0,40630.8,25.94,25990.22
3961,07/23/2026 17:43:45,24.18,7.60,6.54,24.13,40561.4,41314.9,26.42,26364.91
3962,07/23/2026 17:58:45,24.02,7.97,6.84,23.96,40583.9,41490.3,26.54,26379.53
3963,07/23/2026 18:13:45,23.86,8.29,7.10,23.80,40979.3,42035.8,26.92,26636.57
3964,07/23/2026 18:28:45,23.65,8.70,7.44,23.58,41094.7,42354.4,27.14,26711.53
3965,07/23/2026 18:43:45,23.49,9.00,7.70,23.44,41108.8,42504.5,27.24,26720.70
3966,07/23/2026 18:58:45,23.35,9.33,7.97,23.30,41215.7,42746.0,27.41,26790.21
3967,07/23/2026 19:13:45,23.23,9.51,8.12,23.20,41161.3,42779.1,27.43,26754.83
3968,07/23/2026 19:28:45,23.10,9.67,8.24,23.06,41342.0,43096.8,27.65,26872.31
3969,07/23/2026 19:43:45,23.01,9.54,8.13,22.97,41321.0,43162.8,27.69,26858.68
3970,07/23/2026 19:58:45,22.92,9.63,8.20,22.88,41445.4,43378.2,27.84,26939.49
3971,07/23/2026 20:13:45,22.87,9.20,7.88,22.84,40123.7,42028.1,26.88,26080.38
3972,07/23/2026 20:28:45,22.84,8.66,7.43,22.82,39699.3,41600.1,26.57,25804.52
3973,07/23/2026 20:43:45,22.88,9.24,7.86,22.85,41576.8,43547.4,27.96,27024.93
3974,07/23/2026 20:58:45,22.91,9.57,8.15,22.89,41265.5,43175.7,27.69,26822.56
3975,07/23/2026 21:13:45,23.05,9.21,7.86,23.03,41121.8,42892.6,27.50,26729.19
3976,07/23/2026 21:28:45,23.15,8.93,7.63,23.14,41060.4,42727.4,27.39,26689.23
3977,07/23/2026 21:43:45,23.19,8.82,7.54,23.20,41095.0,42713.0,27.38,26711.73
3978,07/23/2026 21:58:45,23.28,8.55,7.32,23.27,40534.9,42064.7,26.92,26347.67
3979,07/23/2026 22:13:45,23.36,8.04,6.91,23.35,39826.3,41253.7,26.35,25887.07
3980,07/23/2026 22:28:45,23.45,7.71,6.61,23.46,40384.2,41733.5,26.69,26249.71
3981,07/23/2026 22:43:45,23.58,7.31,6.28,23.58,40109.4,41339.0,26.42,26071.11
3982,07/23/2026 22:58:45,23.68,7.01,6.03,23.68,40091.9,41237.7,26.35,26059.76
3983,07/23/2026 23:13:45,23.76,6.65,5.73,23.75,39567.4,40634.9,25.93,25718.83
3984,07/23/2026 23:28:45,23.82,6.31,5.44,23.80,39379.2,40399.6,25.76,25596.48
3985,07/23/2026 23:43:45,23.83,5.99,5.18,23.82,38771.4,39760.6,25.31,25201.41
3986,07/23/2026 23:58:45,23.84,5.63,4.87,23.82,38557.0,39535.6,25.15,25062.03
3987,07/24/2026 00:13:45,23.84,5.38,4.67,23.82,38015.9,38980.7,24.76,24710.30
3988,07/24/2026 00:28:45,23.83,4.96,4.31,23.81,37749.0,38717.2,24.57,24536.87
3989,07/24/2026 00:43:45,23.81,4.71,4.10,23.79,37388.3,38362.1,24.32,24302.41
3990,07/24/2026 00:58:45,23.79,4.50,3.92,23.77,37024.8,38008.9,24.07,24066.13
3991,07/24/2026 01:13:45,23.76,4.26,3.72,23.73,36678.5,37680.3,23.84,23841.02
3992,07/24/2026 01:28:45,23.73,4.12,3.60,23.70,36236.2,37252.4,23.54,23553.51
3993,07/24/2026 01:43:45,23.70,3.89,3.41,23.66,35971.3,37008.9,23.37,23381.33
3994,07/24/2026 01:58:45,23.67,3.78,3.31,23.63,35650.6,36702.9,23.16,23172.90
3995,07/24/2026 02:13:45,23.62,3.65,3.20,23.60,35212.1,36279.7,22.86,22887.85
3996,07/24/2026 02:28:45,23.59,3.63,3.19,23.57,35033.8,36119.5,22.75,22771.99
3997,07/24/2026 02:43:45,23.57,3.51,3.08,23.54,34817.2,35917.2,22.61,22631.15
3998,07/24/2026 02:58:45,23.54,3.39,2.98,23.51,34603.8,35722.7,22.47,22492.47
3999,07/24/2026 03:13:45,23.51,3.30,2.90,23.48,34423.8,35560.1,22.36,22375.47
4000,07/24/2026 03:28:45,23.47,3.13,2.76,23.45,33724.1,34859.9,21.87,21920.64
4001,07/24/2026 03:43:45,23.45,3.27,2.89,23.42,32985.5,34116.5,21.35,21440.59
4002,07/24/2026 03:58:45,23.33,2.93,2.59,23.25,33232.4,34502.4,21.61,21601.04
4003,07/24/2026 04:13:45,23.33,3.13,2.75,23.31,33896.0,35145.4,22.06,22032.42
4004,07/24/2026 04:28:45,23.31,3.49,3.08,23.32,34130.5,35376.9,22.22,22184.79
4005,07/24/2026 04:43:45,23.45,3.66,3.26,23.43,31315.8,32383.3,20.16,20355.28
4006,07/24/2026 04:58:45,23.43,3.34,2.94,23.41,34111.1,35287.6,22.16,22172.20
4007,07/24/2026 05:13:45,23.41,3.35,2.93,23.38,35362.8,36611.1,23.08,22985.80
4008,07/24/2026 05:28:45,23.38,3.51,3.06,23.36,35965.9,37247.7,23.53,23377.82
4009,07/24/2026 05:43:45,23.33,3.69,3.23,23.29,35849.9,37188.3,23.48,23302.46
4010,07/24/2026 05:58:45,23.21,4.06,3.55,23.16,35600.6,37031.4,23.37,23140.40
4011,07/24/2026 06:13:45,23.09,4.41,3.85,23.04,35938.6,37478.8,23.68,23360.12
4012,07/24/2026 06:28:45,22.97,4.85,4.21,22.92,37317.2,39024.1,24.75,24256.18
4013,07/24/2026 06:43:45,22.82,5.32,4.60,22.77,38027.2,39897.9,25.36,24717.71
4014,07/24/2026 06:58:45,22.68,5.72,4.94,22.64,38332.4,40329.9,25.66,24916.04
4015,07/24/2026 07:13:45,22.58,5.88,5.08,22.55,38052.9,40120.9,25.51,24734.40
4016,07/24/2026 07:28:45,22.53,6.17,5.33,22.49,37792.0,39890.7,25.35,24564.81
4017,07/24/2026 07:43:45,22.45,6.45,5.52,22.41,39656.5,41933.8,26.79,25776.72
4018,07/24/2026 07:58:45,22.37,6.67,5.72,22.33,38998.8,41315.3,26.34,25349.23
4019,07/24/2026 08:13:45,22.26,6.78,5.81,22.23,39450.3,41891.2,26.75,25642.71
4020,07/24/2026 08:28:45,22.15,7.06,6.03,22.11,40052.8,42639.0,27.27,26034.35
4021,07/24/2026 08:43:45,22.10,6.78,5.80,22.05,39279.2,41877.0,26.73,25531.49
4022,07/24/2026 08:58:45,22.08,6.69,5.69,22.04,40966.6,43681.8,28.01,26628.28
4023,07/24/2026 09:13:45,22.13,6.68,5.70,22.12,39949.4,42517.6,27.19,25967.12
4024,07/24/2026 09:28:45,22.15,7.07,6.04,22.15,39957.6,42497.9,27.18,25972.45
4025,07/24/2026 09:43:45,22.43,7.06,6.05,22.40,39667.0,41958.9,26.80,25783.52
4026,07/24/2026 09:58:45,22.61,6.78,5.82,22.62,39522.6,41604.1,26.56,25689.66
4027,07/24/2026 10:13:45,22.57,6.65,5.67,22.57,40935.8,43137.5,27.65,26608.28
4028,07/24/2026 10:28:45,22.80,6.32,5.43,22.85,39353.8,41216.3,26.30,25579.97
4029,07/24/2026 10:43:45,22.79,6.11,5.26,22.75,38943.9,40878.6,26.06,25313.56
4030,07/24/2026 10:58:45,22.78,6.17,5.31,22.78,38905.7,40811.6,26.01,25288.73
4031,07/24/2026 11:13:45,23.07,6.09,5.25,23.08,38659.8,40287.5,25.65,25128.88
4032,07/24/2026 11:28:45,23.25,5.97,5.19,23.24,37302.3,38735.5,24.56,24246.48
4033,07/24/2026 11:43:45,23.28,5.67,4.89,23.27,38642.2,40098.0,25.53,25117.45
4034,07/24/2026 11:58:45,23.36,5.46,4.72,23.36,38274.3,39638.4,25.21,24878.30
4035,07/24/2026 12:13:45,23.47,5.20,4.51,23.46,37896.2,39159.9,24.87,24632.55
4036,07/24/2026 12:28:45,23.57,5.15,4.47,23.56,37619.7,38790.6,24.62,24452.78
4037,07/24/2026 12:43:45,23.81,4.98,4.33,23.77,37449.6,38440.0,24.38,24342.24
4038,07/24/2026 12:58:45,23.90,4.85,4.23,23.91,37239.0,38110.1,24.15,24205.37
4039,07/24/2026 13:13:45,23.97,4.65,4.06,23.95,36900.4,37731.8,23.89,23985.27
4040,07/24/2026 13:28:45,24.04,4.55,3.97,24.01,36532.9,37305.3,23.59,23746.37
4041,07/24/2026 13:43:45,24.26,4.61,4.04,24.25,36192.1,36772.0,23.23,23524.88
4042,07/24/2026 13:58:45,24.28,4.64,4.07,24.27,36089.0,36648.3,23.14,23457.83
4043,07/24/2026 14:13:45,24.43,4.75,4.19,24.39,34828.2,35277.2,22.19,22638.32
4044,07/24/2026 14:28:45,24.48,4.73,4.16,24.45,35410.0,35827.4,22.57,23016.47
4045,07/24/2026 14:43:45,24.54,4.82,4.24,24.54,35506.7,35856.2,22.60,23079.35
4046,07/24/2026 14:58:45,24.67,4.88,4.32,24.66,33954.4,34198.8,21.45,22070.37
4047,07/24/2026 15:13:45,24.72,4.93,4.36,24.69,34206.3,34428.4,21.61,22234.13
4048,07/24/2026 15:28:45,24.82,4.55,3.99,24.77,36062.7,36241.2,22.87,23440.72
4049,07/24/2026 15:43:45,25.07,5.34,4.71,24.99,35207.1,35215.0,22.16,22884.63
4050,07/24/2026 15:58:45,24.86,5.23,4.61,24.81,34993.6,35131.0,22.10,22745.87
4051,07/24/2026 16:13:45,24.73,5.18,4.56,24.75,35771.3,35962.1,22.68,23251.33
4052,07/24/2026 16:28:45,24.54,4.63,4.06,24.46,35884.5,36295.9,22.90,23324.93
4053,07/24/2026 16:43:45,24.43,4.55,3.98,24.42,36409.1,36859.6,23.29,23665.94
4054,07/24/2026 16:58:45,24.51,4.87,4.26,24.48,36869.5,37277.9,23.59,23965.19
4055,07/24/2026 17:13:45,24.49,5.08,4.45,24.46,36418.6,36833.8,23.28,23672.10
4056,07/24/2026 17:28:45,24.54,5.62,4.90,24.54,37634.3,38004.8,24.10,24462.30
4057,07/24/2026 17:43:45,24.64,6.40,5.58,24.62,37631.9,37934.4,24.05,24460.76
4058,07/24/2026 17:58:45,24.68,7.03,6.11,24.65,38473.3,38760.2,24.63,25007.63
4059,07/24/2026 18:13:45,24.64,7.71,6.69,24.61,38830.9,39148.0,24.91,25240.10
4060,07/24/2026 18:28:45,24.61,8.28,7.16,24.59,39916.5,40265.6,25.70,25945.72
4061,07/24/2026 18:43:45,24.49,8.73,7.53,24.44,40289.9,40772.7,26.05,26188.43
4062,07/24/2026 18:58:45,24.32,9.15,7.87,24.27,40536.3,41164.6,26.32,26348.57
4063,07/24/2026 19:13:45,24.21,9.36,8.04,24.16,40811.8,41545.9,26.59,26527.68
4064,07/24/2026 19:28:45,23.99,9.67,8.30,23.92,40815.0,41758.9,26.73,26529.74
4065,07/24/2026 19:43:45,23.80,9.92,8.50,23.75,40845.5,41944.7,26.86,26549.57
4066,07/24/2026 19:58:45,23.67,9.92,8.54,23.61,39897.7,41094.1,26.25,25933.52
4067,07/24/2026 20:13:45,23.55,9.90,8.49,23.51,40438.2,41748.4,26.71,26284.80
4068,07/24/2026 20:28:45,23.43,9.92,8.59,23.37,37973.2,39318.8,24.98,24682.57
4069,07/24/2026 20:43:45,23.33,9.83,8.44,23.29,39984.0,41476.8,26.50,25989.62
4070,07/24/2026 20:58:45,23.27,9.32,7.97,23.24,40993.0,42570.7,27.28,26645.44
4071,07/24/2026 21:13:45,23.23,8.55,7.30,23.20,41368.1,42991.2,27.58,26889.27
4072,07/24/2026 21:28:45,23.24,8.99,7.69,23.24,40828.9,42392.0,27.15,26538.77
4073,07/24/2026 21:43:45,23.23,9.73,8.33,23.23,40802.3,42378.3,27.14,26521.52
4074,07/24/2026 21:58:45,23.34,9.85,8.44,23.37,40545.6,41982.4,26.87,26354.63
4075,07/24/2026 22:13:45,23.45,9.68,8.28,23.46,40996.8,42366.5,27.14,26647.90
4076,07/24/2026 22:28:45,23.51,9.23,7.89,23.48,41278.7,42635.6,27.34,26831.13
4077,07/24/2026 22:43:45,23.58,9.14,7.84,23.57,40503.0,41752.7,26.71,26326.92
4078,07/24/2026 22:58:45,23.65,8.93,7.66,23.64,40687.3,41882.8,26.81,26446.76
4079,07/24/2026 23:13:45,23.72,8.59,7.40,23.71,39814.5,40923.2,26.13,25879.43
4080,07/24/2026 23:28:45,23.83,8.27,7.10,23.83,40497.9,41520.4,26.56,26323.63
4081,07/24/2026 23:43:45,23.93,7.94,6.83,23.92,40312.5,41247.4,26.37,26203.12
4082,07/24/2026 23:58:45,24.01,7.52,6.52,24.00,38386.0,39210.3,24.93,24950.88
4083,07/25/2026 00:13:45,24.06,7.19,6.24,24.04,38141.3,38922.6,24.73,24791.82
4084,07/25/2026 00:28:45,24.08,6.88,5.96,24.07,38453.0,39220.5,24.94,24994.48
4085,07/25/2026 00:43:45,24.09,6.38,5.61,24.07,35131.6,35830.4,22.56,22835.54
4086,07/25/2026 00:58:45,24.09,5.98,5.18,24.07,38626.8,39397.7,25.06,25107.43
4087,07/25/2026 01:13:45,24.09,5.54,4.81,24.05,38210.9,38986.1,24.77,24837.09
4088,07/25/2026 01:28:45,24.06,5.31,4.62,24.03,37664.1,38445.6,24.39,24481.67
4089,07/25/2026 01:43:45,24.03,4.99,4.34,24.00,37519.6,38325.3,24.31,24387.74
4090,07/25/2026 01:58:45,23.99,4.67,4.07,23.97,36874.2,37692.9,23.86,23968.26
4091,07/25/2026 02:13:45,23.96,4.49,3.94,23.93,35655.5,36475.4,23.01,23176.09
4092,07/25/2026 02:28:45,23.92,4.20,3.69,23.88,35526.0,36378.2,22.94,23091.90
4093,07/25/2026 02:43:45,23.87,3.99,3.54,23.84,32845.4,33663.8,21.05,21349.50
4094,07/25/2026 02:58:45,23.83,3.91,3.43,23.80,35042.9,35946.3,22.63,22777.86
4095,07/25/2026 03:13:45,23.80,3.78,3.37,23.77,31487.2,32322.0,20.13,20466.71
4096,07/25/2026 03:28:45,23.76,3.69,3.25,23.74,34383.4,35315.6,22.19,22349.19
4097,07/25/2026 03:43:45,23.74,3.70,3.25,23.72,34849.8,35813.2,22.54,22652.35
4098,07/25/2026 03:58:45,23.72,3.62,3.18,23.69,34747.8,35727.0,22.48,22586.05
4099,07/25/2026 04:13:45,23.68,3.41,3.01,23.66,33700.4,34679.3,21.75,21905.25
4100,07/25/2026 04:28:45,23.65,3.44,3.08,23.63,30558.8,31466.9,19.54,19863.21
4101,07/25/2026 04:43:45,23.64,3.20,2.83,23.61,33279.2,34279.3,21.47,21631.47
4102,07/25/2026 04:58:45,23.51,2.95,2.61,23.51,33325.1,34404.8,21.56,21661.29
4103,07/25/2026 05:13:45,23.53,3.60,3.19,23.47,32912.3,34007.5,21.28,21393.01
4104,07/25/2026 05:28:45,23.66,3.81,3.35,23.65,34693.0,35703.1,22.46,22550.44
4105,07/25/2026 05:43:45,23.64,3.63,3.19,23.62,34320.5,35345.0,22.21,22308.31
4106,07/25/2026 05:58:45,23.65,3.51,3.07,23.62,35372.8,36426.3,22.96,22992.29
4107,07/25/2026 06:13:45,23.62,3.71,3.25,23.60,35485.1,36561.0,23.06,23065.32
4108,07/25/2026 06:28:45,23.61,3.80,3.37,23.58,32658.0,33659.1,21.04,21227.69
4109,07/25/2026 06:43:45,23.53,4.08,3.62,23.49,32788.3,33861.7,21.18,21312.36
4110,07/25/2026 06:58:45,23.44,4.50,3.98,23.40,33175.5,34326.4,21.50,21564.05
4111,07/25/2026 07:13:45,23.37,4.89,4.25,23.33,36990.2,38333.5,24.29,24043.62
4112,07/25/2026 07:28:45,23.27,5.41,4.69,23.22,37803.1,39273.5,24.94,24571.99
4113,07/25/2026 07:43:45,23.14,5.93,5.14,23.09,37332.4,38894.0,24.67,24266.06
4114,07/25/2026 07:58:45,23.03,6.27,5.45,23.00,37063.4,38692.4,24.52,24091.19
4115,07/25/2026 08:13:45,22.98,6.55,5.62,22.95,39510.8,41288.2,26.35,25682.05
4116,07/25/2026 08:28:45,22.93,6.91,5.94,22.89,39191.3,41005.5,26.15,25474.33
4117,07/25/2026 08:43:45,22.86,7.12,6.10,22.82,39791.3,41696.5,26.64,25864.35
4118,07/25/2026 08:58:45,22.78,7.20,6.18,22.73,39565.1,41547.1,26.53,25717.32
4119,07/25/2026 09:13:45,22.69,7.47,6.51,22.64,35509.6,37357.6,23.58,23081.27
4120,07/25/2026 09:28:45,22.59,7.42,6.37,22.56,39300.8,41425.5,26.43,25545.51
4121,07/25/2026 09:43:45,22.54,7.33,6.27,22.52,39941.3,42139.8,26.94,25961.85
4122,07/25/2026 09:58:45,22.53,6.81,5.82,22.52,40292.5,42510.3,27.20,26190.14
4123,07/25/2026 10:13:45,22.60,7.42,6.34,22.58,40136.9,42284.4,27.04,26088.98
4124,07/25/2026 10:28:45,22.70,7.86,6.70,22.80,41155.6,43148.9,27.67,26751.15
4125,07/25/2026 10:43:45,23.05,7.80,6.66,23.13,41074.8,42756.5,27.41,26698.63
4126,07/25/2026 10:58:45,23.06,7.41,6.36,23.02,39987.1,41725.5,26.67,25991.64
4127,07/25/2026 11:13:45,23.07,7.10,6.10,23.06,39882.1,41580.4,26.57,25923.35
4128,07/25/2026 11:28:45,23.09,7.01,6.02,23.09,39694.2,41349.2,26.40,25801.23
4129,07/25/2026 11:43:45,23.21,6.88,5.92,23.22,39394.9,40927.3,26.11,25606.70
4130,07/25/2026 11:58:45,23.31,6.76,5.80,23.31,39931.3,41403.2,26.45,25955.38
4131,07/25/2026 12:13:45,23.68,7.02,6.05,23.70,39539.2,40650.8,25.94,25700.50
4132,07/25/2026 12:28:45,23.81,6.69,5.78,23.80,39106.5,40114.7,25.56,25419.22
4133,07/25/2026 12:43:45,23.85,6.56,5.67,23.84,38939.3,39914.7,25.42,25310.52
4134,07/25/2026 12:58:45,23.85,6.29,5.45,23.82,38662.9,39646.8,25.23,25130.89
4135,07/25/2026 13:13:45,24.03,6.04,5.24,24.01,38315.1,39125.3,24.87,24904.82
4136,07/25/2026 13:28:45,24.17,5.73,4.98,24.14,38030.1,38726.6,24.59,24719.56
4137,07/25/2026 13:43:45,24.32,5.60,4.87,24.32,37591.9,38140.2,24.19,24434.76
4138,07/25/2026 13:58:45,24.41,5.36,4.68,24.39,37088.5,37569.0,23.79,24107.50
4139,07/25/2026 14:13:45,24.42,5.15,4.50,24.35,37001.2,37509.5,23.75,24050.76
4140,07/25/2026 14:28:45,24.49,5.18,4.53,24.48,36863.1,37273.7,23.58,23960.98
4141,07/25/2026 14:43:45,24.44,5.09,4.45,24.42,36832.7,37288.4,23.59,23941.25
4142,07/25/2026 14:58:45,24.59,5.13,4.51,24.59,35566.3,35872.8,22.61,23118.09
4143,07/25/2026 15:13:45,24.67,5.12,4.50,24.66,36068.3,36327.9,22.93,23444.39
4144,07/25/2026 15:28:45,24.71,5.02,4.41,24.69,35881.8,36119.3,22.78,23323.17
4145,07/25/2026 15:43:45,24.75,5.03,4.42,24.73,35601.1,35807.0,22.57,23140.71
4146,07/25/2026 15:58:45,24.80,4.95,4.36,24.78,35307.4,35470.9,22.33,22949.81
4147,07/25/2026 16:13:45,24.84,4.99,4.39,24.82,35195.2,35331.1,22.24,22876.90
4148,07/25/2026 16:28:45,25.01,4.87,4.28,25.05,36242.3,36202.0,22.85,23557.48
4149,07/25/2026 16:43:45,24.94,5.56,4.89,24.88,35901.7,35992.1,22.70,23336.10
4150,07/25/2026 16:58:45,24.82,5.41,4.75,24.77,35705.8,35878.0,22.62,23208.77
4151,07/25/2026 17:13:45,24.82,5.44,4.77,24.79,36532.2,36694.3,23.19,23745.96
4152,07/25/2026 17:28:45,24.65,4.83,4.22,24.60,37034.7,37346.7,23.64,24072.58
4153,07/25/2026 17:43:45,24.57,4.89,4.27,24.57,37411.5,37755.6,23.92,24317.46
4154,07/25/2026 17:58:45,24.59,5.27,4.59,24.56,37794.7,38147.2,24.20,24566.54
4155,07/25/2026 18:13:45,24.58,5.68,4.94,24.54,38015.8,38387.6,24.37,24710.28
4156,07/25/2026 18:28:45,24.56,6.29,5.46,24.54,38684.7,39063.1,24.84,25145.08
4157,07/25/2026 18:43:45,24.54,6.94,6.01,24.53,39245.6,39639.5,25.25,25509.62
4158,07/25/2026 18:58:45,24.54,7.50,6.49,24.51,39454.3,39865.7,25.41,25645.28
4159,07/25/2026 19:13:45,24.48,8.08,6.97,24.44,40070.6,40548.2,25.89,26045.92
4160,07/25/2026 19:28:45,24.42,8.54,7.39,24.39,39395.1,39905.5,25.43,25606.79
4161,07/25/2026 19:43:45,24.35,8.93,7.71,24.30,39894.3,40491.8,25.85,25931.29
4162,07/25/2026 19:58:45,24.25,9.22,7.91,24.19,41235.6,41944.8,26.87,26803.15
4163,07/25/2026 20:13:45,24.07,9.40,8.09,24.00,40132.6,40991.8,26.19,26086.18
4164,07/25/2026 20:28:45,23.90,9.36,8.01,23.83,41356.4,42395.1,27.18,26881.64
4165,07/25/2026 20:43:45,23.72,9.41,8.09,23.66,40256.4,41417.7,26.48,26166.68
4166,07/25/2026 20:58:45,23.58,9.41,8.08,23.56,40304.9,41564.8,26.58,26198.17
4167,07/25/2026 21:13:45,23.50,9.41,8.09,23.47,40044.0,41376.6,26.44,26028.62
4168,07/25/2026 21:28:45,23.43,9.36,8.10,23.38,38046.8,39384.7,25.03,24730.39
4169,07/25/2026 21:43:45,23.32,9.44,8.18,23.27,37796.3,39220.2,24.91,24567.62
4170,07/25/2026 21:58:45,23.28,8.96,7.66,23.25,40971.8,42537.6,27.26,26631.69
4171,07/25/2026 22:13:45,23.22,8.89,7.70,23.21,38046.8,39534.4,25.13,24730.40
4172,07/25/2026 22:28:45,23.25,8.29,7.10,23.24,40410.4,41957.4,26.84,26266.73
4173,07/25/2026 22:43:45,23.27,9.21,7.98,23.25,37925.3,39374.7,25.02,24651.44
4174,07/25/2026 22:58:45,23.31,9.47,8.21,23.31,37662.5,39045.6,24.79,24480.65
4175,07/25/2026 23:13:45,23.42,9.35,8.02,23.42,40406.8,41792.3,26.73,26264.45
4176,07/25/2026 23:28:45,23.51,9.07,7.76,23.49,41019.3,42359.5,27.14,26662.57
4177,07/25/2026 23:43:45,23.63,8.87,7.61,23.63,40649.2,41854.4,26.79,26421.95
4178,07/25/2026 23:58:45,23.70,8.57,7.36,23.68,40438.4,41591.4,26.60,26284.93
4179,07/26/2026 00:13:45,23.74,8.43,7.34,23.72,37048.2,38074.9,24.12,24081.34
4180,07/26/2026 00:28:45,23.86,8.15,7.04,23.85,39124.4,40091.5,25.55,25430.88
4181,07/26/2026 00:43:45,23.93,7.93,6.92,23.91,36929.6,37791.0,23.93,24004.24
4182,07/26/2026 00:58:45,23.97,7.59,6.56,23.94,38994.3,39878.0,25.40,25346.29
4183,07/26/2026 01:13:45,23.99,7.34,6.35,23.97,38640.4,39495.7,25.13,25116.29
4184,07/26/2026 01:28:45,24.00,6.93,6.08,23.98,35711.9,36490.5,23.02,23212.71
4185,07/26/2026 01:43:45,24.00,6.51,5.65,23.97,37820.1,38652.2,24.53,24583.07
4186,07/26/2026 01:58:45,23.99,6.12,5.31,23.96,38021.5,38868.2,24.69,24714.00
4187,07/26/2026 02:13:45,23.98,5.79,5.10,23.96,34460.1,35232.0,22.14,22399.09
4188,07/26/2026 02:28:45,23.98,5.50,4.85,23.96,34158.3,34923.4,21.93,22202.88
4189,07/26/2026 02:43:45,23.96,5.25,4.64,23.92,33949.3,34734.4,21.80,22067.01
4190,07/26/2026 02:58:45,23.93,4.96,4.37,23.90,34175.9,34986.7,21.97,22214.36
4191,07/26/2026 03:13:45,23.90,4.72,4.17,23.86,33478.7,34297.3,21.49,21761.14
4192,07/26/2026 03:28:45,23.86,4.49,3.98,23.83,33085.2,33918.4,21.23,21505.39
4193,07/26/2026 03:43:45,23.82,4.32,3.83,23.79,32725.9,33576.1,20.99,21271.86
4194,07/26/2026 03:58:45,23.79,4.21,3.70,23.76,34879.6,35809.0,22.54,22671.76
4195,07/26/2026 04:13:45,23.77,4.17,3.66,23.74,35104.8,36058.8,22.71,22818.09
4196,07/26/2026 04:28:45,23.74,4.15,3.66,23.72,34121.7,35065.1,22.02,22179.13
4197,07/26/2026 04:43:45,23.71,4.13,3.68,23.69,31709.7,32609.6,20.32,20611.27
4198,07/26/2026 04:58:45,23.69,3.91,3.44,23.66,34410.0,35404.9,22.25,22366.48
4199,07/26/2026 05:13:45,23.66,3.91,3.45,23.63,33497.3,34490.5,21.62,21773.24
4200,07/26/2026 05:28:45,23.63,3.65,3.23,23.60,32832.6,33825.8,21.16,21341.16
4201,07/26/2026 05:43:45,23.50,2.71,2.42,23.42,31251.3,32325.0,20.12,20313.37
4202,07/26/2026 05:58:45,23.49,3.30,2.90,23.48,34818.7,35968.0,22.64,22632.18
4203,07/26/2026 06:13:45,23.49,3.85,3.38,23.49,35009.0,36152.8,22.77,22755.85
4204,07/26/2026 06:28:45,23.59,3.80,3.33,23.54,35578.6,36702.7,23.15,23126.07
4205,07/26/2026 06:43:45,23.54,3.69,3.23,23.53,35646.9,36785.1,23.21,23170.46
4206,07/26/2026 06:58:45,23.50,3.98,3.47,23.46,36360.1,37577.4,23.76,23634.04
4207,07/26/2026 07:13:45,23.45,3.96,3.45,23.43,36588.5,37835.7,23.94,23782.52
4208,07/26/2026 07:28:45,23.39,4.16,3.62,23.34,36924.4,38255.3,24.23,24000.84
4209,07/26/2026 07:43:45,23.30,4.71,4.09,23.26,37356.0,38773.5,24.59,24281.43
4210,07/26/2026 07:58:45,23.21,5.15,4.45,23.17,37981.6,39497.8,25.10,24688.06
4211,07/26/2026 08:13:45,23.12,5.58,4.80,23.08,39398.3,41057.1,26.20,25608.90
4212,07/26/2026 08:28:45,22.99,6.01,5.18,22.95,39019.9,40775.1,25.99,25362.90
4213,07/26/2026 08:43:45,22.90,6.47,5.56,22.85,39327.0,41188.3,26.28,25562.57
4214,07/26/2026 08:58:45,22.85,6.62,5.68,22.82,39550.4,41446.8,26.46,25707.79
4215,07/26/2026 09:13:45,22.82,6.91,5.92,22.79,40030.8,41977.9,26.84,26020.03
4216,07/26/2026 09:28:45,22.78,7.17,6.13,22.75,40281.9,42280.3,27.05,26183.23
4217,07/26/2026 09:43:45,22.71,7.30,6.24,22.68,40386.7,42454.8,27.17,26251.38
4218,07/26/2026 09:58:45,22.62,7.46,6.37,22.58,40556.9,42724.0,27.36,26361.97
4219,07/26/2026 10:13:45,22.54,7.56,6.44,22.49,40773.0,43037.2,27.58,26502.46
4220,07/26/2026 10:28:45,22.46,7.35,6.27,22.42,40719.7,43052.4,27.58,26467.81
4221,07/26/2026 10:43:45,22.41,7.26,6.18,22.40,40799.9,43157.2,27.66,26519.90
4222,07/26/2026 10:58:45,22.49,6.88,5.86,22.49,40838.2,43109.0,27.63,26544.86
4223,07/26/2026 11:13:45,22.50,7.47,6.37,22.51,40741.5,42992.5,27.55,26481.95
4224,07/26/2026 11:28:45,22.72,7.80,6.66,22.76,40612.3,42618.6,27.29,26397.98
4225,07/26/2026 11:43:45,22.88,7.55,6.45,22.91,40501.6,42365.3,27.12,26326.03
4226,07/26/2026 11:58:45,23.09,7.57,6.48,23.11,40547.6,42227.0,27.03,26355.92
4227,07/26/2026 12:13:45,22.98,7.14,6.09,22.93,41052.3,42918.8,27.51,26684.02
4228,07/26/2026 12:28:45,23.06,7.01,5.99,23.06,40848.5,42587.9,27.28,26551.51
4229,07/26/2026 12:43:45,23.17,6.92,5.93,23.18,40142.8,41742.5,26.69,26092.80
4230,07/26/2026 12:58:45,23.34,7.11,6.10,23.36,40255.8,41687.7,26.66,26166.24
4231,07/26/2026 13:13:45,23.57,7.26,6.24,23.55,40269.5,41536.4,26.56,26175.20
4232,07/26/2026 13:28:45,23.69,6.82,5.95,23.68,36684.3,37732.7,23.88,23844.80
4233,07/26/2026 13:43:45,23.71,6.74,5.83,23.69,38313.4,39393.0,25.05,24903.68
4234,07/26/2026 13:58:45,23.73,6.48,5.62,23.72,37879.8,38929.5,24.72,24621.87
4235,07/26/2026 14:13:45,23.83,6.34,5.51,23.87,37557.6,38473.4,24.40,24412.42
4236,07/26/2026 14:28:45,23.99,6.00,5.23,24.03,37136.4,37909.4,24.01,24138.67
4237,07/26/2026 14:43:45,24.12,5.81,5.05,24.12,37800.2,38514.8,24.44,24570.11
4238,07/26/2026 14:58:45,24.21,5.67,4.95,24.19,36854.8,37488.7,23.73,23955.65
4239,07/26/2026 15:13:45,24.26,5.51,4.80,24.24,37341.5,37944.7,24.05,24271.99
4240,07/26/2026 15:28:45,24.32,5.40,4.69,24.31,38197.1,38759.2,24.62,24828.13
4241,07/26/2026 15:43:45,24.35,5.38,4.72,24.34,35940.8,36448.7,23.00,23361.54
4242,07/26/2026 15:58:45,24.39,5.27,4.60,24.37,37169.1,37670.0,23.86,24159.90
4243,07/26/2026 16:13:45,24.41,5.21,4.57,24.39,36352.2,36823.2,23.27,23628.93
4244,07/26/2026 16:28:45,24.44,5.11,4.48,24.42,36040.9,36486.8,23.03,23426.60
4245,07/26/2026 16:43:45,24.48,5.15,4.52,24.45,35625.5,36040.8,22.72,23156.56
4246,07/26/2026 16:58:45,24.50,5.01,4.40,24.48,35732.2,36125.6,22.78,23225.94
4247,07/26/2026 17:13:45,24.56,4.66,4.10,24.52,35586.3,35948.1,22.66,23131.10
4248,07/26/2026 17:28:45,24.59,5.01,4.37,24.55,37439.0,37795.5,23.95,24335.36
4249,07/26/2026 17:43:45,24.51,5.36,4.70,24.48,36248.2,36647.2,23.15,23561.31
4250,07/26/2026 17:58:45,24.40,5.32,4.65,24.36,36857.6,37361.6,23.64,23957.46
4251,07/26/2026 18:13:45,24.36,4.86,4.24,24.32,37169.4,37706.7,23.88,24160.13
4252,07/26/2026 18:28:45,24.29,4.78,4.17,24.27,37419.8,37999.8,24.09,24322.88
4253,07/26/2026 18:43:45,24.30,5.29,4.59,24.26,38477.3,39088.8,24.85,25010.24
4254,07/26/2026 18:58:45,24.22,5.49,4.75,24.20,39074.1,39743.6,25.31,25398.17
4255,07/26/2026 19:13:45,24.17,6.08,5.25,24.15,39399.6,40116.1,25.57,25609.76
4256,07/26/2026 19:28:45,24.13,6.70,5.77,24.10,40041.8,40809.4,26.06,26027.20
4257,07/26/2026 19:43:45,24.10,7.18,6.17,24.07,40504.4,41312.8,26.42,26327.85
4258,07/26/2026 19:58:45,24.03,7.69,6.59,24.00,40900.2,41775.8,26.75,26585.10
4259,07/26/2026 20:13:45,23.97,8.04,6.88,23.92,41434.4,42395.4,27.18,26932.38
4260,07/26/2026 20:28:45,23.86,8.46,7.22,23.82,41901.1,42967.4,27.59,27235.71
4261,07/26/2026 20:43:45,23.76,8.55,7.29,23.72,41998.0,43159.1,27.72,27298.73
4262,07/26/2026 20:58:45,23.67,8.84,7.53,23.62,42189.8,43446.4,27.92,27423.39
4263,07/26/2026 21:13:45,23.57,8.90,7.66,23.51,39812.5,41102.4,26.25,25878.10
4264,07/26/2026 21:28:45,23.45,8.94,7.65,23.41,40824.1,42234.9,27.05,26535.64
4265,07/26/2026 21:43:45,23.33,9.05,7.76,23.28,40512.3,42030.3,26.90,26332.99
4266,07/26/2026 21:58:45,23.25,9.11,7.79,23.21,40733.5,42326.2,27.10,26476.79
4267,07/26/2026 22:13:45,23.15,9.11,7.78,23.11,41273.6,42983.2,27.57,26827.87
4268,07/26/2026 22:28:45,23.08,9.07,7.74,23.03,41001.3,42775.3,27.42,26650.86
4269,07/26/2026 22:43:45,22.98,9.09,7.73,22.93,41916.6,43819.5,28.16,27245.79
4270,07/26/2026 22:58:45,22.90,8.78,7.46,22.87,41740.9,43693.3,28.06,27131.57
4271,07/26/2026 23:13:45,22.87,8.60,7.34,22.85,41113.8,43059.6,27.61,26723.96
4272,07/26/2026 23:28:45,22.90,8.05,6.87,22.90,41032.4,42929.1,27.52,26671.09
4273,07/26/2026 23:43:45,22.91,8.95,7.64,22.90,41047.6,42942.1,27.53,26680.94
4274,07/26/2026 23:58:45,22.98,9.02,7.83,23.00,37219.3,38850.1,24.64,24192.53
4275,07/27/2026 00:13:45,23.07,8.84,7.56,23.07,40728.8,42451.9,27.19,26473.72
4276,07/27/2026 00:28:45,23.20,8.53,7.28,23.20,41408.6,43039.0,27.61,26915.61
4277,07/27/2026 00:43:45,23.27,8.44,7.20,23.25,41414.0,42993.8,27.58,26919.08
4278,07/27/2026 00:58:45,23.30,8.36,7.15,23.28,41063.1,42598.9,27.30,26690.98
4279,07/27/2026 01:13:45,23.38,8.10,6.94,23.37,40602.0,42038.1,26.91,26391.32
4280,07/27/2026 01:28:45,23.45,7.86,6.73,23.43,40825.0,42213.8,27.03,26536.25
4281,07/27/2026 01:43:45,23.49,7.56,6.48,23.47,40362.3,41705.4,26.67,26235.51
4282,07/27/2026 01:58:45,23.53,7.23,6.20,23.51,40430.0,41740.0,26.70,26279.51
4283,07/27/2026 02:13:45,23.54,6.86,5.89,23.53,40124.8,41406.1,26.46,26081.14
4284,07/27/2026 02:28:45,23.56,6.47,5.57,23.54,39654.5,40910.1,26.11,25775.44
4285,07/27/2026 02:43:45,23.57,6.09,5.26,23.55,39105.9,40336.2,25.71,25418.84
4286,07/27/2026 02:58:45,23.57,5.77,4.99,23.55,38534.8,39747.1,25.29,25047.61
4287,07/27/2026 03:13:45,23.57,5.45,4.72,23.55,38346.5,39552.9,25.15,24925.21
4288,07/27/2026 03:28:45,23.56,5.21,4.54,23.54,37008.3,38180.1,24.19,24055.39
4289,07/27/2026 03:43:45,23.54,4.96,4.31,23.52,37545.1,38746.5,24.58,24404.32
4290,07/27/2026 03:58:45,23.53,4.76,4.13,23.51,37305.5,38511.8,24.42,24248.59
4291,07/27/2026 04:13:45,23.50,4.60,4.01,23.48,36855.2,38066.8,24.11,23955.90
4292,07/27/2026 04:28:45,23.49,4.43,3.87,23.46,36562.8,37784.4,23.91,23765.80
4293,07/27/2026 04:43:45,23.46,4.31,3.76,23.44,36367.8,37602.5,23.78,23639.08
4294,07/27/2026 04:58:45,23.44,4.19,3.66,23.42,35942.3,37179.6,23.48,23362.50
4295,07/27/2026 05:13:45,23.41,4.13,3.61,23.39,35608.1,36858.0,23.26,23145.29
4296,07/27/2026 05:28:45,23.39,3.92,3.44,23.36,34673.1,35908.9,22.59,22537.53
4297,07/27/2026 05:43:45,23.38,3.83,3.36,23.34,35042.4,36305.6,22.87,22777.58
4298,07/27/2026 05:58:45,23.34,3.62,3.17,23.32,35224.3,36513.1,23.01,22895.81
4299,07/27/2026 06:13:45,23.32,3.50,3.08,23.30,33799.1,35047.2,21.99,21969.43
4300,07/27/2026 06:28:45,23.28,2.88,2.52,23.11,34825.8,36263.5,22.83,22636.74
4301,07/27/2026 06:43:45,23.22,3.24,2.84,23.22,34873.0,36229.4,22.81,22667.42
4302,07/27/2026 06:58:45,23.24,3.82,3.34,23.23,35493.9,36864.8,23.25,23071.03
4303,07/27/2026 07:13:45,23.33,4.04,3.52,23.29,36058.3,37399.6,23.63,23437.88
4304,07/27/2026 07:28:45,23.24,3.75,3.27,23.21,36033.3,37437.3,23.65,23421.65
4305,07/27/2026 07:43:45,23.19,3.76,3.27,23.15,36634.6,38112.0,24.12,23812.50
4306,07/27/2026 07:58:45,23.17,3.94,3.42,23.15,36900.4,38396.0,24.32,23985.27
4307,07/27/2026 08:13:45,23.12,4.11,3.57,23.07,37208.6,38780.3,24.59,24185.59
4308,07/27/2026 08:28:45,23.02,4.51,3.96,22.99,34277.4,35791.1,22.50,22280.33
4309,07/27/2026 08:43:45,22.94,5.23,4.57,22.89,35238.0,36869.3,23.24,22904.73
4310,07/27/2026 08:58:45,22.84,5.69,4.95,22.80,36135.6,37888.2,23.95,23488.12
4311,07/27/2026 09:13:45,22.72,6.11,5.31,22.68,36668.7,38543.9,24.41,23834.68
4312,07/27/2026 09:28:45,22.66,6.39,5.60,22.64,34422.9,36221.6,22.78,22374.91
4313,07/27/2026 09:43:45,22.66,6.63,5.78,22.64,35456.2,37306.3,23.54,23046.54
4314,07/27/2026 09:58:45,22.66,6.90,6.04,22.63,34813.4,36637.2,23.07,22628.70
4315,07/27/2026 10:13:45,22.65,7.16,6.24,22.63,36043.6,37934.4,23.98,23428.34
4316,07/27/2026 10:28:45,22.60,7.33,6.33,22.57,37580.0,39603.8,25.15,24426.98
4317,07/27/2026 10:43:45,22.54,7.43,6.39,22.49,38751.9,40903.9,26.06,25188.76
4318,07/27/2026 10:58:45,22.46,7.29,6.21,22.41,40903.2,43252.1,27.73,26587.06
4319,07/27/2026 11:13:45,22.37,7.48,6.39,22.34,40242.4,42627.1,27.28,26157.55
4320,07/27/2026 11:28:45,22.35,7.42,6.34,22.32,40153.2,42546.7,27.22,26099.56
4321,07/27/2026 11:43:45,22.36,7.43,6.34,22.34,40496.8,42890.8,27.46,26322.94
4322,07/27/2026 11:58:45,22.41,7.61,6.49,22.40,40388.9,42725.3,27.35,26252.76
4323,07/27/2026 12:13:45,22.50,7.89,6.74,22.52,40208.0,42421.1,27.14,26135.17
4324,07/27/2026 12:28:45,22.71,7.69,6.58,22.72,40113.2,42133.9,26.94,26073.59
4325,07/27/2026 12:43:45,23.04,7.66,6.57,22.98,40052.9,41829.9,26.74,26034.40
4326,07/27/2026 12:58:45,22.82,7.38,6.32,22.80,39918.3,41848.9,26.75,25946.90
4327,07/27/2026 13:13:45,22.89,7.22,6.19,22.87,39729.1,41592.9,26.57,25823.95
4328,07/27/2026 13:28:45,22.99,7.19,6.17,23.01,39605.4,41329.9,26.39,25743.51
4329,07/27/2026 13:43:45,23.21,7.15,6.15,23.26,39608.4,41108.6,26.24,25745.43
4330,07/27/2026 13:58:45,23.47,7.14,6.15,23.47,39315.2,40620.8,25.90,25554.86
4331,07/27/2026 14:13:45,23.54,6.87,5.93,23.53,38934.4,40172.4,25.59,25307.36
4332,07/27/2026 14:28:45,23.60,6.73,5.82,23.56,38489.2,39687.2,25.25,25017.98
4333,07/27/2026 14:43:45,23.57,6.44,5.57,23.56,38454.2,39656.3,25.23,24995.23
4334,07/27/2026 14:58:45,23.64,6.18,5.37,23.63,37639.8,38750.8,24.59,24465.85
4335,07/27/2026 15:13:45,23.85,6.14,5.33,23.86,37794.6,38723.7,24.58,24566.47
4336,07/27/2026 15:28:45,23.92,5.99,5.21,23.90,37661.8,38550.3,24.46,24480.18
4337,07/27/2026 15:43:45,23.99,5.73,4.98,23.97,37496.5,38326.5,24.31,24372.75
4338,07/27/2026 15:58:45,24.04,5.42,4.71,24.03,38174.4,38971.5,24.76,24813.39
4339,07/27/2026 16:13:45,24.12,5.47,4.78,24.11,36784.9,37485.2,23.72,23910.20
4340,07/27/2026 16:28:45,24.17,5.32,4.62,24.16,37921.4,38601.0,24.51,24648.92
4341,07/27/2026 16:43:45,24.19,5.09,4.47,24.18,35656.8,36281.8,22.88,23176.90
4342,07/27/2026 16:58:45,24.23,5.01,4.42,24.22,34751.8,35331.3,22.22,22588.67
4343,07/27/2026 17:13:45,24.26,4.95,4.31,24.23,37345.1,37955.6,24.05,24274.29
4344,07/27/2026 17:28:45,24.29,4.83,4.22,24.27,36588.3,37160.2,23.50,23782.39
4345,07/27/2026 17:43:45,24.30,4.70,4.11,24.28,36892.5,37457.1,23.71,23980.13
4346,07/27/2026 17:58:45,24.31,4.56,4.01,24.30,35394.9,35925.0,22.64,23006.65
4347,07/27/2026 18:13:45,24.33,4.58,3.99,24.30,37565.2,38127.9,24.18,24417.41
4348,07/27/2026 18:28:45,24.26,5.19,4.53,24.24,36786.2,37385.2,23.65,23911.03
4349,07/27/2026 18:43:45,24.22,5.04,4.40,24.15,36988.9,37663.9,23.85,24042.75
4350,07/27/2026 18:58:45,24.16,4.70,4.11,24.12,36661.9,37355.1,23.63,23830.26
4351,07/27/2026 19:13:45,24.10,4.53,3.95,24.09,37078.4,37803.8,23.94,24100.94
4352,07/27/2026 19:28:45,24.05,4.93,4.29,24.01,37800.0,38601.8,24.50,24570.02
4353,07/27/2026 19:43:45,23.99,5.23,4.53,23.95,38219.2,39077.8,24.83,24842.49
4354,07/27/2026 19:58:45,23.92,5.69,4.92,23.88,38985.8,39926.2,25.43,25340.80
4355,07/27/2026 20:13:45,23.83,6.21,5.37,23.80,38927.6,39933.7,25.43,25302.91
4356,07/27/2026 20:28:45,23.78,6.68,5.77,23.74,39365.8,40433.0,25.78,25587.75
4357,07/27/2026 20:43:45,23.69,7.18,6.19,23.65,39498.5,40648.5,25.93,25674.01
4358,07/27/2026 20:58:45,23.63,7.48,6.43,23.59,40111.7,41333.3,26.41,26072.61
4359,07/27/2026 21:13:45,23.58,7.84,6.72,23.55,40489.3,41763.1,26.72,26318.04
4360,07/27/2026 21:28:45,23.54,8.00,6.85,23.50,40670.4,41991.0,26.88,26435.78
4361,07/27/2026 21:43:45,23.45,8.23,7.11,23.42,38844.4,40178.9,25.59,25248.85
4362,07/27/2026 21:58:45,23.34,8.44,7.21,23.30,41107.0,42630.5,27.32,26719.52
4363,07/27/2026 22:13:45,23.22,8.43,7.21,23.16,40897.8,42544.3,27.26,26583.56
4364,07/27/2026 22:28:45,23.12,8.50,7.27,23.08,40902.5,42624.6,27.31,26586.62
4365,07/27/2026 22:43:45,23.03,8.53,7.29,23.00,40870.0,42666.4,27.34,26565.53
4366,07/27/2026 22:58:45,22.97,8.54,7.30,22.94,40898.0,42749.0,27.39,26583.70
4367,07/27/2026 23:13:45,22.91,8.64,7.37,22.87,40956.9,42875.4,27.48,26621.97
4368,07/27/2026 23:28:45,22.86,8.51,7.26,22.83,40920.4,42874.0,27.48,26598.25
4369,07/27/2026 23:43:45,22.80,8.30,7.12,22.78,39686.1,41624.6,26.59,25795.94
4370,07/27/2026 23:58:45,22.77,7.89,6.75,22.73,40476.1,42501.0,27.21,26309.50
4371,07/28/2026 00:13:45,22.76,7.79,6.65,22.74,40467.3,42483.3,27.19,26303.73
4372,07/28/2026 00:28:45,22.75,8.26,7.09,22.72,39497.2,41481.3,26.48,25673.16
4373,07/28/2026 00:43:45,22.80,8.73,7.56,22.79,37261.0,39073.3,24.78,24219.63
4374,07/28/2026 00:58:45,22.87,8.63,7.48,22.87,37274.2,39022.8,24.75,24228.24
4375,07/28/2026 01:13:45,22.99,8.40,7.30,22.99,36784.0,38408.4,24.33,23909.62
4376,07/28/2026 01:28:45,23.05,8.20,7.07,23.03,38877.9,40554.7,25.84,25270.61
4377,07/28/2026 01:43:45,23.10,8.10,7.05,23.08,36689.3,38231.6,24.20,23848.06
4378,07/28/2026 01:58:45,23.18,7.97,6.91,23.17,37518.2,39020.9,24.76,24386.81
4379,07/28/2026 02:13:45,23.23,7.64,6.57,23.23,39385.3,40909.2,26.10,25600.45
4380,07/28/2026 02:28:45,23.29,7.30,6.29,23.27,39114.0,40590.2,25.87,25424.09
4381,07/28/2026 02:43:45,23.32,6.93,5.98,23.30,38961.1,40402.5,25.74,25324.74
4382,07/28/2026 02:58:45,23.34,6.55,5.65,23.32,38621.2,40031.6,25.48,25103.76
4383,07/28/2026 03:13:45,23.36,6.16,5.33,23.35,38263.0,39639.6,25.21,24870.96
4384,07/28/2026 03:28:45,23.38,5.85,5.07,23.37,37811.1,39153.5,24.86,24577.20
4385,07/28/2026 03:43:45,23.40,5.51,4.81,23.39,36170.8,37440.4,23.66,23511.03
4386,07/28/2026 03:58:45,23.42,5.24,4.56,23.39,36987.5,38278.2,24.25,24041.85
4387,07/28/2026 04:13:45,23.42,4.95,4.31,23.40,36682.1,37954.8,24.02,23843.38
4388,07/28/2026 04:28:45,23.43,4.68,4.08,23.41,36365.8,37625.0,23.79,23637.78
4389,07/28/2026 04:43:45,23.43,4.53,3.96,23.41,35840.5,37079.1,23.41,23296.35
4390,07/28/2026 04:58:45,23.42,4.39,3.85,23.41,35362.1,36586.6,23.07,22985.39
4391,07/28/2026 05:13:45,23.43,4.11,3.62,23.41,34172.1,35355.4,22.21,22211.88
4392,07/28/2026 05:28:45,23.42,4.08,3.61,23.39,33228.0,34387.6,21.54,21598.22
4393,07/28/2026 05:43:45,23.41,3.95,3.49,23.40,33117.4,34270.9,21.46,21526.33
4394,07/28/2026 05:58:45,23.42,3.84,3.39,23.40,33864.4,35041.5,21.99,22011.84
4395,07/28/2026 06:13:45,23.42,3.75,3.32,23.40,32518.3,33650.9,21.03,21136.92
4396,07/28/2026 06:28:45,23.41,3.67,3.25,23.39,32454.5,33587.0,20.99,21095.43
4397,07/28/2026 06:43:45,23.43,3.39,3.00,23.40,32614.3,33748.0,21.10,21199.29
4398,07/28/2026 06:58:45,23.43,3.51,3.11,23.41,32680.2,33811.8,21.14,21242.12
4399,07/28/2026 07:13:45,23.43,2.45,2.17,23.34,32353.9,33522.3,20.94,21030.03
4400,07/28/2026 07:28:45,23.41,3.02,2.66,23.39,33950.7,35137.7,22.06,22067.93
4401,07/28/2026 07:43:45,23.40,3.67,3.23,23.38,34329.7,35539.2,22.34,22314.28
4402,07/28/2026 07:58:45,23.36,3.55,3.12,23.29,34692.2,35982.6,22.64,22549.92
4403,07/28/2026 08:13:45,23.33,3.36,2.95,23.31,35010.7,36296.4,22.86,22756.96
4404,07/28/2026 08:28:45,23.28,3.58,3.13,23.25,35361.8,36710.9,23.15,22985.20
4405,07/28/2026 08:43:45,23.27,3.54,3.09,23.24,35757.1,37128.5,23.44,23242.13
4406,07/28/2026 08:58:45,23.24,4.05,3.53,23.21,36289.6,37708.5,23.84,23588.23
4407,07/28/2026 09:13:45,23.19,4.57,3.97,23.15,36796.1,38279.9,24.24,23917.45
4408,07/28/2026 09:28:45,23.13,4.85,4.21,23.09,37246.6,38804.5,24.61,24210.26
4409,07/28/2026 09:43:45,23.02,5.21,4.51,22.98,37586.0,39253.5,24.92,24430.90
4410,07/28/2026 09:58:45,22.93,5.72,4.94,22.90,38214.0,39975.1,25.42,24839.07
4411,07/28/2026 10:13:45,22.88,5.89,5.07,22.86,38760.7,40584.4,25.85,25194.43
4412,07/28/2026 10:28:45,22.86,6.02,5.18,22.83,38798.5,40650.8,25.90,25219.01
4413,07/28/2026 10:43:45,22.83,6.44,5.54,22.81,39054.5,40937.9,26.10,25385.41
4414,07/28/2026 10:58:45,22.80,6.71,5.77,22.76,38997.2,40923.7,26.09,25348.19
4415,07/28/2026 11:13:45,22.73,6.56,5.63,22.70,39575.3,41582.6,26.55,25723.96
4416,07/28/2026 11:28:45,22.68,6.82,5.85,22.65,39276.7,41315.2,26.36,25529.84
4417,07/28/2026 11:43:45,22.64,6.88,5.90,22.62,39364.3,41437.6,26.45,25586.80
4418,07/28/2026 11:58:45,22.63,6.85,5.88,22.60,39237.0,41322.7,26.36,25504.02
4419,07/28/2026 12:13:45,22.63,5.97,5.13,22.62,39137.7,41199.0,26.28,25439.48
4420,07/28/2026 12:28:45,22.66,6.40,5.48,22.64,39809.4,41889.5,26.77,25876.14
4421,07/28/2026 12:43:45,22.64,7.23,6.16,22.62,40899.8,43051.1,27.59,26584.87
4422,07/28/2026 12:58:45,22.74,7.54,6.44,22.73,40353.0,42371.7,27.11,26229.47
4423,07/28/2026 13:13:45,22.80,7.15,6.11,22.80,40336.6,42287.4,27.06,26218.76
4424,07/28/2026 13:28:45,23.07,7.37,6.33,23.11,39785.2,41430.4,26.46,25860.38
4425,07/28/2026 13:43:45,23.07,7.20,6.22,23.03,38152.9,39803.7,25.31,24799.41
4426,07/28/2026 13:58:45,23.03,6.99,6.04,23.03,38361.0,40020.7,25.46,24934.62
4427,07/28/2026 14:13:45,23.19,6.89,5.99,23.21,36793.3,38231.9,24.21,23915.65
4428,07/28/2026 14:28:45,23.33,6.85,5.89,23.37,39478.2,40879.8,26.08,25660.82
4429,07/28/2026 14:43:45,23.61,6.94,5.99,23.59,39285.8,40484.8,25.81,25535.74
4430,07/28/2026 14:58:45,23.62,6.63,5.73,23.60,38893.2,40072.5,25.52,25280.61
4431,07/28/2026 15:13:45,23.66,6.31,5.47,23.66,38245.6,39354.0,25.02,24859.62
4432,07/28/2026 15:28:45,23.77,5.93,5.15,23.77,37684.7,38683.8,24.55,24495.05
4433,07/28/2026 15:43:45,23.85,5.77,5.01,23.83,37623.0,38567.9,24.47,24454.94
4434,07/28/2026 15:58:45,23.89,5.57,4.85,23.88,37515.9,38420.8,24.37,24385.34
4435,07/28/2026 16:13:45,23.90,5.42,4.72,23.88,37393.3,38295.2,24.28,24305.64
4436,07/28/2026 16:28:45,23.90,5.22,4.56,23.88,36416.8,37297.6,23.58,23670.92
4437,07/28/2026 16:43:45,23.90,4.96,4.33,23.88,36301.9,37177.5,23.50,23596.20
4438,07/28/2026 16:58:45,23.90,4.74,4.22,23.88,31714.6,32475.4,20.24,20614.52
4439,07/28/2026 17:13:45,23.92,4.53,4.01,23.90,33605.4,34398.2,21.56,21843.52
4440,07/28/2026 17:28:45,23.94,4.19,3.74,23.92,31317.8,32042.1,19.94,20356.59
4441,07/28/2026 17:43:45,23.98,4.34,3.82,23.95,34557.4,35336.0,22.22,22462.28
4442,07/28/2026 17:58:45,24.00,4.19,3.68,23.98,35188.1,35955.4,22.65,22872.29
4443,07/28/2026 18:13:45,24.03,4.14,3.64,24.02,35167.5,35908.8,22.62,22858.87
4444,07/28/2026 18:28:45,24.06,4.01,3.54,24.04,34639.7,35349.3,22.23,22515.80
4445,07/28/2026 18:43:45,24.08,3.81,3.36,24.06,34431.7,35127.9,22.07,22380.58
4446,07/28/2026 18:58:45,24.06,3.54,3.11,24.03,35119.0,35852.3,22.58,22827.36
4447,07/28/2026 19:13:45,24.02,4.22,3.70,23.99,35491.6,36260.8,22.86,23069.55
4448,07/28/2026 19:28:45,23.99,4.44,3.88,23.95,36232.8,37051.6,23.41,23551.32
4449,07/28/2026 19:43:45,23.98,4.08,3.56,23.95,36745.4,37575.8,23.78,23884.52
4450,07/28/2026 19:58:45,23.96,4.12,3.58,23.92,37285.6,38150.4,24.18,24235.66
4451,07/28/2026 20:13:45,23.89,4.46,3.88,23.85,37625.1,38552.6,24.46,24456.33
4452,07/28/2026 20:28:45,23.85,4.74,4.12,23.82,37687.3,38648.8,24.53,24496.71
4453,07/28/2026 20:43:45,23.76,5.17,4.50,23.72,37614.4,38654.2,24.53,24449.34
4454,07/28/2026 20:58:45,23.65,5.58,4.81,23.61,39085.7,40257.6,25.65,25405.67
4455,07/28/2026 21:13:45,23.56,5.91,5.09,23.51,39399.2,40673.1,25.94,25609.47
4456,07/28/2026 21:28:45,23.45,6.24,5.36,23.41,39701.3,41073.4,26.22,25805.87
4457,07/28/2026 21:43:45,23.36,6.68,5.74,23.34,40143.2,41592.9,26.59,26093.10
4458,07/28/2026 21:58:45,23.34,6.98,5.98,23.31,40394.9,41883.8,26.79,26256.70
4459,07/28/2026 22:13:45,23.34,7.26,6.23,23.31,40140.5,41614.6,26.60,26091.33
4460,07/28/2026 22:28:45,23.30,7.36,6.31,23.27,40207.1,41727.3,26.68,26134.60
4461,07/28/2026 22:43:45,23.24,7.48,6.41,23.20,40369.3,41953.2,26.84,26240.03
4462,07/28/2026 22:58:45,23.18,7.55,6.46,23.14,40522.5,42173.3,26.99,26339.65
4463,07/28/2026 23:13:45,23.10,7.64,6.54,23.06,40363.8,42077.1,26.92,26236.48
4464,07/28/2026 23:28:45,23.03,7.69,6.58,23.00,40618.8,42404.1,27.15,26402.20
4465,07/28/2026 23:43:45,22.98,7.77,6.65,22.94,40294.2,42115.1,26.94,26191.21
4466,07/28/2026 23:58:45,22.92,7.81,6.67,22.88,40636.9,42532.1,27.24,26414.00
4467,07/29/2026 00:13:45,22.88,7.82,6.69,22.85,40321.9,42233.0,27.02,26209.22
4468,07/29/2026 00:28:45,22.82,7.69,6.57,22.79,40637.9,42617.3,27.29,26414.61
4469,07/29/2026 00:43:45,22.78,7.47,6.38,22.74,40610.7,42631.0,27.30,26396.95
4470,07/29/2026 00:58:45,22.74,7.23,6.18,22.71,40497.3,42540.1,27.23,26323.23
4471,07/29/2026 01:13:45,22.77,7.36,6.29,22.73,40471.7,42499.2,27.20,26306.63
4472,07/29/2026 01:28:45,22.71,7.85,6.68,22.71,41247.7,43334.1,27.80,26811.03
4473,07/29/2026 01:43:45,22.79,7.74,6.60,22.77,40964.5,42974.1,27.55,26626.95
4474,07/29/2026 01:58:45,22.84,7.67,6.55,22.85,40940.0,42874.7,27.48,26610.98
4475,07/29/2026 02:13:45,22.93,7.55,6.45,22.92,40755.1,42613.7,27.30,26490.84
4476,07/29/2026 02:28:45,22.97,7.40,6.32,22.96,40640.3,42460.1,27.19,26416.21
4477,07/29/2026 02:43:45,23.04,7.25,6.20,23.02,40607.1,42369.7,27.13,26394.63
4478,07/29/2026 02:58:45,23.09,7.00,6.00,23.08,40275.9,41966.1,26.84,26179.35
4479,07/29/2026 03:13:45,23.14,6.67,5.72,23.12,40063.3,41706.3,26.66,26041.14
4480,07/29/2026 03:28:45,23.18,6.28,5.39,23.16,39671.0,41268.1,26.35,25786.13
4481,07/29/2026 03:43:45,23.21,5.84,5.02,23.19,39252.6,40803.4,26.02,25514.18
4482,07/29/2026 03:58:45,23.25,5.49,4.73,23.23,38834.8,40334.8,25.69,25242.65
4483,07/29/2026 04:13:45,23.28,5.14,4.44,23.27,38628.0,40085.9,25.52,25108.21
4484,07/29/2026 04:28:45,23.32,4.77,4.13,23.30,38145.0,39553.5,25.14,24794.24
4485,07/29/2026 04:43:45,23.35,4.55,3.95,23.33,37585.3,38950.3,24.72,24430.46
4486,07/29/2026 04:58:45,23.37,4.35,3.79,23.36,36289.6,37587.9,23.76,23588.27
4487,07/29/2026 05:13:45,23.39,4.15,3.61,23.37,36508.4,37799.7,23.91,23730.47
4488,07/29/2026 05:28:45,23.41,4.02,3.50,23.39,36613.1,37893.2,23.98,23798.50
4489,07/29/2026 05:43:45,23.42,3.77,3.29,23.40,36265.9,37526.5,23.72,23572.84
4490,07/29/2026 05:58:45,23.43,3.62,3.19,23.41,33378.4,34531.9,21.64,21695.98
4491,07/29/2026 06:13:45,23.43,3.57,3.12,23.41,36063.9,37307.8,23.57,23441.57
4492,07/29/2026 06:28:45,23.45,3.40,2.97,23.42,35649.1,36869.1,23.26,23171.95
4493,07/29/2026 06:43:45,23.45,3.33,2.92,23.43,35341.7,36548.7,23.04,22972.07
4494,07/29/2026 06:58:45,23.45,3.20,2.81,23.43,35146.6,36342.3,22.90,22845.30
4495,07/29/2026 07:13:45,23.45,3.26,2.86,23.43,35015.2,36208.7,22.80,22759.87
4496,07/29/2026 07:28:45,23.45,3.03,2.66,23.43,34865.0,36055.8,22.70,22662.28
4497,07/29/2026 07:43:45,23.45,2.97,2.61,23.43,34647.6,35826.3,22.54,22520.93
4498,07/29/2026 07:58:45,23.38,2.78,2.44,23.36,34868.8,36109.1,22.73,22664.71
4499,07/29/2026 08:13:45,23.41,3.33,2.93,23.39,34766.1,35984.0,22.65,22597.98
4500,07/29/2026 08:28:45,23.38,3.62,3.17,23.36,35213.1,36465.7,22.98,22888.52
4501,07/29/2026 08:43:45,23.31,3.34,2.92,23.27,35488.8,36823.4,23.23,23067.73
4502,07/29/2026 08:58:45,23.30,3.27,2.85,23.26,35911.6,37276.7,23.54,23342.52
4503,07/29/2026 09:13:45,23.25,3.48,3.03,23.22,36434.2,37848.8,23.94,23682.20
4504,07/29/2026 09:28:45,23.21,3.69,3.21,23.17,36685.0,38151.9,24.15,23845.24
4505,07/29/2026 09:43:45,23.12,4.33,3.76,23.08,37251.6,38820.0,24.62,24213.55
4506,07/29/2026 09:58:45,23.02,4.76,4.12,22.98,37765.2,39435.5,25.05,24547.37
4507,07/29/2026 10:13:45,22.94,5.02,4.34,22.90,38278.0,40044.7,25.47,24880.70
4508,07/29/2026 10:28:45,22.82,5.46,4.70,22.78,38711.3,40602.2,25.86,25162.34
4509,07/29/2026 10:43:45,22.76,5.70,4.90,22.72,38994.3,40953.1,26.11,25346.29
4510,07/29/2026 10:58:45,22.72,5.82,5.00,22.69,39280.6,41283.8,26.34,25532.37
4511,07/29/2026 11:13:45,22.68,5.89,5.06,22.66,39568.5,41611.2,26.57,25719.54
4512,07/29/2026 11:28:45,22.67,6.16,5.28,22.64,39615.9,41680.3,26.62,25750.31
4513,07/29/2026 11:43:45,22.61,6.39,5.47,22.58,39637.4,41758.2,26.67,25764.31
4514,07/29/2026 11:58:45,22.55,6.36,5.44,22.52,39868.2,42062.6,26.88,25914.32
4515,07/29/2026 12:13:45,22.47,6.41,5.48,22.44,39830.9,42095.9,26.90,25890.09
4516,07/29/2026 12:28:45,22.40,6.41,5.49,22.35,39757.0,42101.6,26.90,25842.02
4517,07/29/2026 12:43:45,22.35,6.40,5.47,22.32,39968.9,42354.2,27.08,25979.76
4518,07/29/2026 12:58:45,22.33,5.71,4.89,22.31,39730.7,42107.4,26.91,25824.94
4519,07/29/2026 13:13:45,22.34,6.16,5.26,22.31,39958.8,42352.0,27.08,25973.22
4520,07/29/2026 13:28:45,22.32,6.63,5.67,22.30,39886.3,42280.8,27.03,25926.06
4521,07/29/2026 13:43:45,22.35,6.70,5.73,22.34,39984.0,42353.4,27.08,25989.59
4522,07/29/2026 13:58:45,22.43,6.54,5.60,22.41,39836.7,42127.3,26.92,25893.88
4523,07/29/2026 14:13:45,22.49,6.37,5.46,22.47,39527.8,41742.3,26.65,25693.06
4524,07/29/2026 14:28:45,22.53,6.11,5.24,22.52,39386.3,41548.7,26.52,25601.08
4525,07/29/2026 14:43:45,22.57,5.92,5.07,22.55,39549.0,41695.5,26.62,25706.86
4526,07/29/2026 14:58:45,22.60,5.95,5.11,22.58,39317.2,41420.8,26.43,25556.15
4527,07/29/2026 15:13:45,22.62,5.85,5.02,22.61,39346.1,41429.4,26.44,25574.98
4528,07/29/2026 15:28:45,22.67,5.67,4.87,22.64,39206.3,41246.6,26.31,25484.08
4529,07/29/2026 15:43:45,22.68,5.47,4.71,22.67,38737.1,40731.4,25.95,25179.09
4530,07/29/2026 15:58:45,22.71,5.33,4.59,22.69,38487.2,40447.3,25.75,25016.67
4531,07/29/2026 16:13:45,22.75,5.23,4.51,22.73,38225.8,40140.7,25.53,24846.75
4532,07/29/2026 16:28:45,22.78,5.02,4.33,22.76,37850.5,39720.4,25.24,24602.82
4533,07/29/2026 16:43:45,22.82,4.84,4.19,22.80,37535.0,39350.3,24.98,24397.72
4534,07/29/2026 16:58:45,22.86,4.67,4.05,22.85,37152.6,38913.4,24.67,24149.17
4535,07/29/2026 17:13:45,22.90,4.47,3.88,22.89,36969.3,38685.8,24.52,24030.06
4536,07/29/2026 17:28:45,22.95,4.29,3.72,22.93,36872.7,38551.7,24.42,23967.24
4537,07/29/2026 17:43:45,22.98,4.07,3.54,22.97,36716.8,38355.9,24.29,23865.95
4538,07/29/2026 17:58:45,23.01,3.93,3.42,22.99,36410.7,38016.1,24.05,23666.98
4539,07/29/2026 18:13:45,23.04,3.65,3.19,23.02,36048.0,37612.6,23.77,23431.18
4540,07/29/2026 18:28:45,23.06,3.67,3.20,23.05,35775.8,37304.1,23.55,23254.27
4541,07/29/2026 18:43:45,23.09,3.53,3.09,23.07,35488.3,36984.9,23.33,23067.38
4542,07/29/2026 18:58:45,23.10,3.51,3.08,23.08,34193.6,35628.6,22.39,22225.86
4543,07/29/2026 19:13:45,23.10,3.45,3.04,23.08,34015.6,35445.4,22.26,22110.13
4544,07/29/2026 19:28:45,23.10,3.18,2.80,23.08,33483.2,34888.3,21.88,21764.05
4545,07/29/2026 19:43:45,23.00,3.07,2.70,23.00,33821.7,35306.0,22.16,21984.13
4546,07/29/2026 19:58:45,23.01,3.52,3.09,22.94,34510.6,36070.1,22.69,22431.88
4547,07/29/2026 20:13:45,23.01,3.59,3.15,23.02,34791.6,36299.3,22.85,22614.53
4548,07/29/2026 20:28:45,22.99,3.36,2.94,22.96,35155.5,36732.1,23.15,22851.07
4549,07/29/2026 20:43:45,22.92,3.29,2.88,22.88,35611.6,37272.4,23.53,23147.55
4550,07/29/2026 20:58:45,22.83,3.65,3.17,22.80,36872.2,38660.6,24.49,23966.96
4551,07/29/2026 21:13:45,22.76,3.92,3.42,22.72,35941.1,37751.5,23.85,23361.69
4552,07/29/2026 21:28:45,22.64,4.43,3.85,22.58,36769.1,38736.4,24.54,23899.93
4553,07/29/2026 21:43:45,22.46,4.93,4.27,22.41,37170.2,39310.0,24.93,24160.65
4554,07/29/2026 21:58:45,22.35,5.24,4.52,22.31,37638.2,39895.1,25.34,24464.86
4555,07/29/2026 22:13:45,22.21,5.57,4.80,22.17,38047.4,40455.4,25.73,24730.79
4556,07/29/2026 22:28:45,22.11,5.93,5.11,22.06,37850.7,40337.9,25.64,24602.98
4557,07/29/2026 22:43:45,22.05,6.09,5.22,22.00,38738.2,41339.0,26.35,25179.84
4558,07/29/2026 22:58:45,21.97,6.25,5.38,21.92,38179.6,40816.6,25.97,24816.72
4559,07/29/2026 23:13:45,21.91,6.42,5.53,21.87,37859.3,40525.8,25.76,24608.51
4560,07/29/2026 23:28:45,21.83,6.66,5.70,21.79,39141.1,41971.3,26.78,25441.72
4561,07/29/2026 23:43:45,21.75,6.75,5.79,21.70,38324.1,41181.1,26.22,24910.69
4562,07/29/2026 23:58:45,21.65,6.87,5.92,21.60,37437.0,40317.4,25.60,24334.03
4563,07/30/2026 00:13:45,21.55,6.99,5.97,21.50,39294.8,42412.7,27.08,25541.62
4564,07/30/2026 00:28:45,21.49,7.03,6.02,21.44,38770.7,41900.8,26.71,25200.96
4565,07/30/2026 00:43:45,21.43,7.12,6.07,21.37,39350.3,42596.5,27.20,25577.72
4566,07/30/2026 00:58:45,21.37,7.16,6.11,21.32,39368.9,42668.7,27.25,25589.79
4567,07/30/2026 01:13:45,21.28,7.06,6.02,21.22,39392.8,42787.6,27.33,25605.35
4568,07/30/2026 01:28:45,21.21,6.97,5.94,21.17,39180.2,42611.7,27.20,25467.14
4569,07/30/2026 01:43:45,21.15,6.73,5.86,21.11,34416.6,37481.9,23.59,22370.78
4570,07/30/2026 01:58:45,21.21,6.71,5.86,21.19,34130.6,37099.6,23.33,22184.90
4571,07/30/2026 02:13:45,21.11,7.19,6.16,21.08,37927.6,41331.0,26.29,24652.93
4572,07/30/2026 02:28:45,21.25,7.14,6.23,21.23,34091.5,37021.9,23.28,22159.49
4573,07/30/2026 02:43:45,21.30,7.18,6.14,21.28,38733.6,42014.4,26.79,25176.84
4574,07/30/2026 02:58:45,21.38,7.01,5.99,21.36,38850.7,42064.2,26.83,25252.93
4575,07/30/2026 03:13:45,21.44,6.91,5.91,21.42,38788.2,41942.5,26.74,25212.31
4576,07/30/2026 03:28:45,21.50,6.72,5.78,21.48,37785.6,40803.1,25.94,24560.67
4577,07/30/2026 03:43:45,21.57,6.48,5.59,21.53,36941.0,39842.5,25.27,24011.67
4578,07/30/2026 03:58:45,21.62,6.20,5.35,21.60,36891.3,39729.8,25.19,23979.35
4579,07/30/2026 04:13:45,21.69,5.86,5.05,21.67,37252.6,40053.9,25.42,24214.19
4580,07/30/2026 04:28:45,21.77,5.50,4.75,21.75,37055.4,39766.9,25.22,24086.04
4581,07/30/2026 04:43:45,21.85,5.16,4.46,21.82,37108.9,39760.0,25.22,24120.79
4582,07/30/2026 04:58:45,21.91,4.84,4.20,21.88,36236.7,38773.4,24.53,23553.84
4583,07/30/2026 05:13:45,21.95,4.47,3.94,21.93,32418.1,34652.6,21.67,21071.78
4584,07/30/2026 05:28:45,21.99,4.23,3.70,21.96,34244.1,36577.4,23.00,22258.64
4585,07/30/2026 05:43:45,22.02,4.04,3.52,22.00,35080.7,37440.9,23.61,22802.43
4586,07/30/2026 05:58:45,22.04,3.87,3.42,22.02,32237.6,34392.8,21.49,20954.46
4587,07/30/2026 06:13:45,22.07,3.69,3.23,22.03,34360.1,36642.4,23.05,22334.06
4588,07/30/2026 06:28:45,22.08,3.57,3.16,22.05,31742.7,33839.8,21.11,20632.74
4589,07/30/2026 06:43:45,22.09,3.42,3.01,22.05,33217.1,35406.9,22.20,21591.14
4590,07/30/2026 06:58:45,22.09,3.30,2.91,22.06,32164.6,34282.7,21.42,20907.01
4591,07/30/2026 07:13:45,22.10,3.23,2.84,22.06,32947.0,35114.3,21.99,21415.54
4592,07/30/2026 07:28:45,22.09,3.19,2.82,22.06,32035.4,34144.9,21.32,20822.98
4593,07/30/2026 07:43:45,22.09,2.97,2.62,22.06,31872.5,33969.1,21.20,20717.13
4594,07/30/2026 07:58:45,22.10,2.65,2.35,22.07,31528.6,33595.8,20.95,20493.61
4595,07/30/2026 08:13:45,22.10,2.78,2.46,22.07,31747.3,33828.8,21.11,20635.72
4596,07/30/2026 08:28:45,22.11,2.74,2.42,22.07,31869.7,33957.0,21.20,20715.31
4597,07/30/2026 08:43:45,22.06,2.71,2.40,22.04,31592.7,33686.6,21.01,20535.24
4598,07/30/2026 08:58:45,21.99,3.21,2.86,21.91,29686.3,31745.2,19.67,19296.09
4599,07/30/2026 09:13:45,22.04,3.07,2.72,22.02,31208.6,33290.5,20.74,20285.59
4600,07/30/2026 09:28:45,21.96,2.87,2.55,21.91,30595.8,32720.0,20.34,19887.27
4601,07/30/2026 09:43:45,21.90,2.89,2.56,21.85,31060.2,33263.5,20.71,20189.12
4602,07/30/2026 09:58:45,21.85,3.07,2.70,21.80,32674.2,35025.0,21.92,21238.22
4603,07/30/2026 10:13:45,21.78,3.48,3.05,21.74,33869.9,36360.5,22.84,22015.45
4604,07/30/2026 10:28:45,21.68,3.95,3.45,21.61,34780.4,37443.8,23.59,22607.23
4605,07/30/2026 10:43:45,21.55,4.59,4.00,21.49,34400.5,37135.1,23.37,22360.33
4606,07/30/2026 10:58:45,21.43,5.03,4.37,21.37,35152.8,38055.3,24.01,22849.35
4607,07/30/2026 11:13:45,21.29,5.40,4.70,21.24,34795.5,37781.2,23.81,22617.07
4608,07/30/2026 11:28:45,21.24,5.54,4.82,21.21,34834.4,37846.6,23.85,22642.34
4609,07/30/2026 11:43:45,21.22,5.77,5.06,21.18,32761.8,35621.4,22.31,21295.15
4610,07/30/2026 11:58:45,21.21,5.87,5.13,21.19,33858.7,36806.5,23.13,22008.13
4611,07/30/2026 12:13:45,21.20,6.03,5.29,21.16,32889.4,35774.8,22.41,21378.09
4612,07/30/2026 12:28:45,21.17,6.29,5.50,21.14,33662.1,36632.8,23.01,21880.37
4613,07/30/2026 12:43:45,21.14,6.36,5.55,21.09,34198.8,37254.9,23.44,22229.23
4614,07/30/2026 12:58:45,21.10,6.33,5.48,21.05,35953.1,39200.8,24.79,23369.54
4615,07/30/2026 13:13:45,21.07,6.59,5.69,21.04,36258.8,39550.2,25.04,23568.21
4616,07/30/2026 13:28:45,21.07,6.35,5.50,21.04,35497.0,38719.3,24.45,23073.07
4617,07/30/2026 13:43:45,21.08,6.01,5.25,21.04,33607.1,36652.8,23.02,21844.58
4618,07/30/2026 13:58:45,21.08,5.60,4.89,21.05,34099.5,37182.3,23.38,22164.70
4619,07/30/2026 14:13:45,21.10,6.59,5.70,21.08,36007.7,39236.2,24.82,23405.01
4620,07/30/2026 14:28:45,21.20,6.93,6.03,21.20,34669.8,37678.0,23.74,22535.35
4621,07/30/2026 14:43:45,21.30,6.82,5.87,21.30,37182.0,40314.9,25.59,24168.30
4622,07/30/2026 14:58:45,21.49,6.62,5.75,21.48,35338.7,38158.1,24.08,22970.14
4623,07/30/2026 15:13:45,21.57,6.27,5.41,21.54,37302.5,40224.2,25.54,24246.61
4624,07/30/2026 15:28:45,21.66,6.28,5.45,21.65,35468.9,38154.1,24.09,23054.78
4625,07/30/2026 15:43:45,21.73,6.16,5.34,21.71,36364.5,39067.5,24.73,23636.93
4626,07/30/2026 15:58:45,21.77,5.93,5.17,21.76,34883.0,37433.0,23.59,22673.96
4627,07/30/2026 16:13:45,21.84,5.24,4.56,21.82,35173.3,37686.1,23.77,22862.64
4628,07/30/2026 16:28:45,21.94,5.34,4.66,21.92,34972.1,37387.6,23.57,22731.88
4629,07/30/2026 16:43:45,21.99,5.23,4.56,21.97,35156.6,37549.6,23.68,22851.82
4630,07/30/2026 16:58:45,22.05,4.59,4.06,22.03,31654.7,33759.5,21.06,20575.52
4631,07/30/2026 17:13:45,22.13,4.74,4.20,22.12,31246.0,33259.1,20.72,20309.89
4632,07/30/2026 17:28:45,22.20,4.44,3.87,22.19,35392.1,37611.9,23.73,23004.86
4633,07/30/2026 17:43:45,22.25,4.14,3.61,22.23,34867.5,37017.4,23.32,22663.85
4634,07/30/2026 17:58:45,22.30,3.87,3.38,22.29,34611.9,36704.4,23.11,22497.72
4635,07/30/2026 18:13:45,22.33,3.74,3.28,22.32,34113.1,36149.0,22.72,22173.53
4636,07/30/2026 18:28:45,22.37,3.65,3.21,22.34,33164.3,35124.9,22.01,21556.81
4637,07/30/2026 18:43:45,22.39,3.50,3.07,22.37,33505.6,35460.3,22.25,21778.61
4638,07/30/2026 18:58:45,22.42,3.25,2.87,22.40,32549.6,34425.6,21.53,21157.21
4639,07/30/2026 19:13:45,22.44,3.30,2.93,22.43,31306.7,33093.6,20.62,20349.38
4640,07/30/2026 19:28:45,22.46,3.16,2.80,22.45,31815.0,33617.4,20.98,20679.73
4641,07/30/2026 19:43:45,22.49,3.02,2.67,22.47,32035.8,33835.1,21.13,20823.30
4642,07/30/2026 19:58:45,22.49,2.76,2.46,22.47,30890.4,32621.0,20.29,20078.75
4643,07/30/2026 20:13:45,22.49,2.52,2.23,22.48,31664.3,33436.0,20.85,20581.79
4644,07/30/2026 20:28:45,22.44,2.52,2.23,22.41,32130.5,33980.2,21.22,20884.83
4645,07/30/2026 20:43:45,22.42,3.33,2.95,22.39,31622.0,33455.7,20.86,20554.29
4646,07/30/2026 20:58:45,22.43,3.38,2.97,22.40,33357.5,35282.6,22.12,21682.40
4647,07/30/2026 21:13:45,22.37,3.24,2.85,22.35,33506.0,35484.4,22.26,21778.90
4648,07/30/2026 21:28:45,22.33,3.36,2.95,22.28,33262.6,35278.2,22.12,21620.66
4649,07/30/2026 21:43:45,22.25,3.60,3.16,22.22,34205.1,36323.9,22.84,22233.33
4650,07/30/2026 21:58:45,22.16,3.84,3.37,22.12,33584.5,35743.5,22.43,21829.91
4651,07/30/2026 22:13:45,22.04,4.34,3.78,21.98,34976.9,37342.7,23.54,22735.00
4652,07/30/2026 22:28:45,21.90,4.69,4.11,21.85,34110.1,36524.9,22.96,22171.59
4653,07/30/2026 22:43:45,21.78,5.10,4.41,21.71,36337.7,39030.8,24.71,23619.53
4654,07/30/2026 22:58:45,21.66,5.67,4.90,21.61,36538.1,39338.8,24.92,23749.78
4655,07/30/2026 23:13:45,21.61,5.91,5.08,21.57,37579.4,40500.8,25.73,24426.58
4656,07/30/2026 23:28:45,21.55,6.18,5.32,21.51,37670.5,40648.5,25.83,24485.82
4657,07/30/2026 23:43:45,21.49,6.45,5.54,21.44,37809.7,40862.2,25.98,24576.28
4658,07/30/2026 23:58:45,21.41,6.68,5.73,21.36,38010.3,41154.3,26.18,24706.68
4659,07/31/2026 00:13:45,21.33,6.87,5.89,21.28,38076.6,41304.5,26.28,24749.79
4660,07/31/2026 00:28:45,21.24,6.99,6.00,21.18,37574.0,40848.1,25.96,24423.09
4661,07/31/2026 00:43:45,21.16,7.16,6.13,21.10,38353.0,41771.9,26.60,24929.47
4662,07/31/2026 00:58:45,21.11,7.27,6.22,21.07,38233.4,41672.8,26.53,24851.71
4663,07/31/2026 01:13:45,21.07,7.26,6.24,21.03,37484.7,40893.0,25.98,24365.04
4664,07/31/2026 01:28:45,21.03,7.31,6.27,20.99,37898.3,41380.9,26.32,24633.87
4665,07/31/2026 01:43:45,20.99,7.40,6.37,20.94,36876.2,40311.8,25.57,23969.53
4666,07/31/2026 01:58:45,20.95,7.25,6.24,20.90,37129.3,40624.6,25.78,24134.06
4667,07/31/2026 02:13:45,20.93,6.89,5.93,20.90,37008.1,40497.5,25.69,24055.26
4668,07/31/2026 02:28:45,20.96,6.68,5.74,20.93,37184.3,40659.7,25.81,24169.78
4669,07/31/2026 02:43:45,20.89,7.13,6.11,20.86,37849.6,41452.5,26.36,24602.26
4670,07/31/2026 02:58:45,20.97,7.26,6.23,20.94,37710.2,41226.3,26.21,24511.61
4671,07/31/2026 03:13:45,21.00,7.28,6.25,20.99,37585.7,41042.5,26.08,24430.70
4672,07/31/2026 03:28:45,21.08,7.00,6.02,21.05,37197.4,40557.4,25.74,24178.28
4673,07/31/2026 03:43:45,21.13,6.89,5.92,21.11,37520.2,40856.4,25.96,24388.14
4674,07/31/2026 03:58:45,21.19,6.64,5.71,21.18,37343.7,40603.3,25.78,24273.38
4675,07/31/2026 04:13:45,21.27,6.33,5.51,21.25,34671.2,37633.5,23.71,22536.29
4676,07/31/2026 04:28:45,21.34,5.95,5.14,21.33,36544.7,39599.8,25.09,23754.07
4677,07/31/2026 04:43:45,21.42,5.63,4.87,21.39,36117.3,39078.3,24.72,23476.28
4678,07/31/2026 04:58:45,21.48,5.18,4.56,21.46,32492.9,35101.9,21.96,21120.38
4679,07/31/2026 05:13:45,21.55,4.77,4.15,21.53,35055.2,37808.5,23.84,22785.88
4680,07/31/2026 05:28:45,21.61,4.43,3.86,21.59,35000.6,37698.7,23.77,22750.38
4681,07/31/2026 05:43:45,21.67,4.16,3.63,21.65,34254.6,36850.4,23.18,22265.51
4682,07/31/2026 05:58:45,21.72,3.88,3.40,21.69,33098.8,35571.0,22.29,21514.20
4683,07/31/2026 06:13:45,21.76,3.69,3.25,21.74,32778.9,35191.6,22.03,21306.28
4684,07/31/2026 06:28:45,21.80,3.46,3.05,21.78,32336.2,34683.6,21.68,21018.51
4685,07/31/2026 06:43:45,21.84,3.26,2.88,21.81,31936.5,34227.3,21.37,20758.70
4686,07/31/2026 06:58:45,21.88,3.15,2.79,21.85,31179.5,33386.9,20.80,20266.71
4687,07/31/2026 07:13:45,21.90,3.00,2.65,21.88,32649.8,34942.4,21.87,21222.35
4688,07/31/2026 07:28:45,21.93,2.83,2.49,21.91,32345.7,34593.8,21.63,21024.72
4689,07/31/2026 07:43:45,21.96,2.70,2.39,21.93,32006.9,34210.8,21.37,20804.50
4690,07/31/2026 07:58:45,21.99,2.68,2.37,21.97,31912.8,34082.8,21.28,20743.34
4691,07/31/2026 08:13:45,22.04,2.52,2.23,22.01,31905.2,34040.3,21.25,20738.36
4692,07/31/2026 08:28:45,22.09,2.57,2.28,22.06,31101.4,33145.1,20.64,20215.94
4693,07/31/2026 08:43:45,22.13,2.70,2.39,22.12,30875.0,32864.2,20.45,20068.78
4694,07/31/2026 08:58:45,22.20,2.69,2.39,22.19,30691.9,32614.8,20.28,19949.73
4695,07/31/2026 09:13:45,22.28,2.36,2.10,22.26,30292.5,32141.1,19.96,19690.15
4696,07/31/2026 09:28:45,22.32,2.82,2.50,22.29,31151.8,33030.7,20.57,20248.64
4697,07/31/2026 09:43:45,22.32,2.77,2.46,22.27,31098.5,32991.8,20.54,20214.01
4698,07/31/2026 09:58:45,22.16,2.86,2.53,22.13,32199.5,34262.6,21.41,20929.67
4699,07/31/2026 10:13:45,22.12,2.63,2.32,22.09,32493.3,34605.3,21.64,21120.65
4700,07/31/2026 10:28:45,22.11,2.91,2.56,22.08,33052.0,35214.4,22.06,21483.81
4701,07/31/2026 10:43:45,22.09,3.04,2.67,22.06,33394.3,35591.0,22.32,21706.29
4702,07/31/2026 10:58:45,22.11,3.51,3.08,22.09,34044.8,36260.0,22.79,22129.14
4703,07/31/2026 11:13:45,22.11,4.02,3.50,22.07,35347.0,37664.6,23.77,22975.57
4704,07/31/2026 11:28:45,22.01,4.23,3.69,21.96,35459.9,37881.2,23.91,23048.94
4705,07/31/2026 11:43:45,21.96,4.82,4.18,21.94,36132.2,38609.8,24.42,23485.95
4706,07/31/2026 11:58:45,21.90,5.03,4.36,21.85,36229.8,38799.8,24.55,23549.34
4707,07/31/2026 12:13:45,21.79,5.19,4.50,21.74,36496.0,39182.4,24.81,23722.41
4708,07/31/2026 12:28:45,21.67,5.53,4.78,21.62,36639.2,39442.3,24.99,23815.46
4709,07/31/2026 12:43:45,21.58,5.89,5.09,21.54,36747.5,39631.1,25.12,23885.87
4710,07/31/2026 12:58:45,21.53,6.18,5.33,21.49,36961.1,39901.9,25.31,24024.71
4711,07/31/2026 13:13:45,21.53,6.43,5.54,21.49,37360.6,40336.0,25.61,24284.41
4712,07/31/2026 13:28:45,21.51,6.54,5.64,21.48,37010.0,39968.3,25.35,24056.51
4713,07/31/2026 13:43:45,21.49,6.66,5.74,21.45,37068.0,40049.8,25.41,24094.18
4714,07/31/2026 13:58:45,21.48,6.67,5.75,21.44,37034.7,40030.1,25.39,24072.53
4715,07/31/2026 14:13:45,21.48,6.45,5.56,21.44,36826.7,39805.3,25.24,23937.34
4716,07/31/2026 14:28:45,21.49,6.30,5.44,21.47,36705.0,39646.9,25.13,23858.24
4717,07/31/2026 14:43:45,21.50,6.69,5.79,21.47,36101.3,38994.8,24.67,23465.84
4718,07/31/2026 14:58:45,21.63,7.11,6.15,21.64,36508.6,39280.5,24.88,23730.60
4719,07/31/2026 15:13:45,21.81,7.00,6.06,21.82,36400.7,39003.8,24.69,23660.44
4720,07/31/2026 15:28:45,21.78,6.78,5.87,21.72,36093.3,38760.4,24.52,23460.65
4721,07/31/2026 15:43:45,21.77,6.44,5.61,21.73,34719.9,37278.0,23.48,22567.91
4722,07/31/2026 15:58:45,21.91,6.15,5.35,21.92,35362.8,37810.4,23.86,22985.84
4723,07/31/2026 16:13:45,22.09,6.05,5.27,22.07,35505.5,37833.5,23.88,23078.58
4724,07/31/2026 16:28:45,22.13,5.66,4.95,22.12,34458.1,36673.2,23.08,22397.74
4725,07/31/2026 16:43:45,22.21,5.40,4.73,22.20,34148.4,36278.1,22.81,22196.43
4726,07/31/2026 16:58:45,22.29,5.13,4.50,22.28,34178.9,36247.7,22.79,22216.30
4727,07/31/2026 17:13:45,22.37,4.88,4.29,22.36,33433.8,35396.1,22.20,21731.95
4728,07/31/2026 17:28:45,22.47,4.69,4.14,22.47,33019.9,34874.4,21.84,21462.94
4729,07/31/2026 17:43:45,22.56,4.41,3.89,22.55,32972.5,34757.4,21.77,21432.11
4730,07/31/2026 17:58:45,22.61,4.22,3.75,22.60,31510.8,33183.6,20.68,20482.03
4731,07/31/2026 18:13:45,22.66,3.95,3.51,22.64,31472.6,33110.4,20.63,20457.16
4732,07/31/2026 18:28:45,22.70,3.71,3.30,22.68,31039.2,32630.8,20.31,20175.51
4733,07/31/2026 18:43:45,22.72,3.54,3.12,22.70,33221.0,34905.9,21.87,21593.62
4734,07/31/2026 18:58:45,22.74,3.39,2.99,22.72,33261.1,34934.3,21.89,21619.72
4735,07/31/2026 19:13:45,22.76,3.25,2.85,22.73,34759.2,36495.6,22.98,22593.48
4736,07/31/2026 19:28:45,22.76,3.11,2.74,22.74,33883.5,35569.1,22.34,22024.25
4737,07/31/2026 19:43:45,22.78,3.08,2.70,22.76,34320.4,36018.2,22.65,22308.23
4738,07/31/2026 19:58:45,22.79,2.94,2.59,22.77,33906.1,35574.0,22.34,22038.95
4739,07/31/2026 20:13:45,22.80,2.92,2.57,22.78,33614.1,35258.4,22.12,21849.18
4740,07/31/2026 20:28:45,22.80,2.86,2.52,22.78,33342.9,34971.6,21.92,21672.87
4741,07/31/2026 20:43:45,22.80,2.68,2.37,22.79,33099.7,34714.3,21.74,21514.81
4742,07/31/2026 20:58:45,22.80,2.36,2.08,22.79,32980.9,34589.7,21.66,21437.59
4743,07/31/2026 21:13:45,22.72,2.66,2.35,22.70,33325.0,35017.5,21.95,21661.25
4744,07/31/2026 21:28:45,22.76,3.11,2.74,22.76,33248.8,34893.7,21.87,21611.75
4745,07/31/2026 21:43:45,22.76,3.14,2.76,22.74,33959.2,35651.0,22.39,22073.50
4746,07/31/2026 21:58:45,22.74,3.07,2.72,22.72,31990.1,33601.6,20.97,20793.58
4747,07/31/2026 22:13:45,22.69,3.25,2.86,22.66,34187.4,35952.3,22.60,22221.79
4748,07/31/2026 22:28:45,22.65,3.38,2.99,22.62,32370.9,34075.8,21.30,21041.06
4749,07/31/2026 22:43:45,22.54,3.74,3.30,22.50,32992.7,34822.5,21.81,21445.23
4750,07/31/2026 22:58:45,22.42,4.16,3.62,22.37,36033.4,38135.6,24.11,23421.69
4751,07/31/2026 23:13:45,22.30,4.55,3.94,22.27,37290.7,39561.0,25.10,24238.94
4752,07/31/2026 23:28:45,22.21,4.96,4.28,22.17,37830.2,40221.7,25.56,24589.60
4753,07/31/2026 23:43:45,22.17,5.50,4.79,22.16,35157.8,37390.4,23.58,22852.58
4754,07/31/2026 23:58:45,22.18,5.83,5.07,22.16,36126.0,38417.6,24.30,23481.92
4755,08/01/2026 00:13:45,22.16,6.21,5.39,22.14,36330.3,38655.4,24.46,23614.68
4756,08/01/2026 00:28:45,22.12,6.51,5.59,22.08,38886.0,41430.1,26.41,25275.93
4757,08/01/2026 00:43:45,22.03,6.77,5.80,21.97,38894.9,41536.8,26.48,25281.68
4758,08/01/2026 00:58:45,21.92,7.01,6.00,21.88,39014.5,41754.1,26.63,25359.46
4759,08/01/2026 01:13:45,21.84,7.03,6.02,21.79,39045.1,41868.3,26.71,25379.33
4760,08/01/2026 01:28:45,21.78,7.10,6.08,21.72,38990.8,41874.8,26.71,25343.99
4761,08/01/2026 01:43:45,21.74,7.19,6.15,21.70,39012.2,41920.4,26.74,25357.91
4762,08/01/2026 01:58:45,21.70,7.33,6.27,21.66,38945.8,41885.8,26.71,25314.76
4763,08/01/2026 02:13:45,21.66,7.30,6.25,21.62,38885.9,41855.2,26.69,25275.84
4764,08/01/2026 02:28:45,21.63,7.17,6.13,21.59,39080.7,42090.5,26.86,25402.47
4765,08/01/2026 02:43:45,21.62,6.84,5.84,21.59,39122.4,42138.2,26.89,25429.56
4766,08/01/2026 02:58:45,21.64,6.66,5.70,21.61,39005.0,41997.6,26.79,25353.27
4767,08/01/2026 03:13:45,21.60,7.36,6.30,21.56,39020.3,42059.4,26.83,25363.17
4768,08/01/2026 03:28:45,21.64,7.31,6.26,21.61,38879.4,41859.5,26.69,25271.59
4769,08/01/2026 03:43:45,21.68,7.36,6.35,21.66,37165.1,39967.9,25.36,24157.29
4770,08/01/2026 03:58:45,21.76,6.98,5.99,21.74,38617.6,41460.1,26.42,25101.41
4771,08/01/2026 04:13:45,21.79,6.89,5.93,21.77,37853.6,40604.4,25.82,24604.87
4772,08/01/2026 04:28:45,21.87,6.62,5.68,21.85,38655.3,41394.6,26.38,25125.93
4773,08/01/2026 04:43:45,21.95,6.30,5.41,21.92,38532.0,41193.4,26.24,25045.78
4774,08/01/2026 04:58:45,22.00,5.85,5.03,21.98,38499.5,41109.0,26.18,25024.66
4775,08/01/2026 05:13:45,22.05,5.56,4.81,22.02,36951.7,39416.7,24.99,24018.61
4776,08/01/2026 05:28:45,22.08,5.12,4.43,22.05,37234.9,39697.5,25.19,24202.71
4777,08/01/2026 05:43:45,22.10,4.68,4.07,22.08,35746.0,38084.7,24.06,23234.91
4778,08/01/2026 05:58:45,22.12,4.33,3.75,22.10,36856.3,39246.6,24.88,23956.59
4779,08/01/2026 06:13:45,22.15,3.96,3.46,22.13,35044.3,37294.6,23.51,22778.79
4780,08/01/2026 06:28:45,22.18,3.71,3.25,22.15,34405.5,36592.8,23.02,22363.57
4781,08/01/2026 06:43:45,22.20,3.48,3.03,22.19,36016.9,38275.9,24.20,23410.96
4782,08/01/2026 06:58:45,22.24,3.24,2.82,22.23,35626.8,37828.6,23.89,23157.45
4783,08/01/2026 07:13:45,22.29,3.13,2.74,22.27,35101.6,37233.7,23.47,22816.04
4784,08/01/2026 07:28:45,22.33,2.99,2.61,22.32,34680.8,36753.0,23.14,22542.53
4785,08/01/2026 07:43:45,22.37,2.87,2.51,22.36,34390.2,36406.3,22.90,22353.63
4786,08/01/2026 07:58:45,22.43,2.77,2.45,22.41,32771.6,34653.6,21.69,21301.55
4787,08/01/2026 08:13:45,22.48,2.77,2.46,22.47,31101.0,32843.4,20.45,20215.67
4788,08/01/2026 08:28:45,22.54,2.76,2.46,22.54,30730.3,32406.7,20.15,19974.68
4789,08/01/2026 08:43:45,22.63,2.68,2.38,22.62,30567.4,32177.3,19.99,19868.81
4790,08/01/2026 08:58:45,22.73,2.72,2.40,22.72,33060.0,34725.4,21.75,21489.01
4791,08/01/2026 09:13:45,22.84,2.76,2.44,22.84,33278.2,34862.4,21.85,21630.85
4792,08/01/2026 09:28:45,22.95,2.71,2.39,22.93,32895.0,34390.6,21.53,21381.77
4793,08/01/2026 09:43:45,23.09,2.55,2.26,23.11,32426.8,33765.5,21.10,21077.42
4794,08/01/2026 09:58:45,23.23,2.90,2.56,23.23,33128.6,34410.4,21.55,21533.56
4795,08/01/2026 10:13:45,23.24,3.07,2.72,23.21,33094.4,34383.9,21.53,21511.38
4796,08/01/2026 10:28:45,22.92,3.10,2.73,22.92,33212.9,34727.5,21.76,21588.36
4797,08/01/2026 10:43:45,22.84,2.92,2.56,22.84,34439.9,36074.6,22.69,22385.93
4798,08/01/2026 10:58:45,22.92,3.13,2.74,22.90,34759.0,36363.3,22.89,22593.33
4799,08/01/2026 11:13:45,22.93,3.29,2.88,22.93,35163.1,36764.2,23.17,22856.00
4800,08/01/2026 11:28:45,23.10,3.82,3.39,23.13,32122.7,33435.7,20.87,20879.77
4801,08/01/2026 11:43:45,23.29,4.44,3.93,23.27,32954.3,34193.5,21.40,21420.29
4802,08/01/2026 11:58:45,23.21,4.88,4.29,23.16,34059.4,35428.3,22.25,22138.64
4803,08/01/2026 12:13:45,23.21,5.42,4.72,23.21,36621.7,38053.7,24.09,23804.13
4804,08/01/2026 12:28:45,23.24,5.69,4.96,23.18,36464.6,37910.2,23.98,23702.00
4805,08/01/2026 12:43:45,23.15,5.91,5.13,23.11,37414.2,38963.9,24.72,24319.26
4806,08/01/2026 12:58:45,23.04,6.35,5.51,22.99,37464.4,39113.7,24.82,24351.87
4807,08/01/2026 13:13:45,22.97,6.72,5.86,22.95,35911.2,37529.1,23.71,23342.27
4808,08/01/2026 13:28:45,22.97,7.10,6.13,22.96,38156.0,39861.9,25.35,24801.43
4809,08/01/2026 13:43:45,22.99,7.40,6.40,22.97,37654.0,39334.9,24.98,24475.12
4810,08/01/2026 13:58:45,22.97,7.50,6.42,22.95,40406.0,42220.8,27.02,26263.90
4811,08/01/2026 14:13:45,22.95,7.52,6.46,22.93,39677.8,41484.5,26.49,25790.55
4812,08/01/2026 14:28:45,22.92,7.58,6.53,22.88,38878.5,40688.9,25.93,25271.00
4813,08/01/2026 14:43:45,22.88,7.43,6.40,22.84,38941.7,40790.0,26.00,25312.09
4814,08/01/2026 14:58:45,22.87,7.17,6.16,22.85,39355.8,41221.1,26.30,25581.28
4815,08/01/2026 15:13:45,22.88,7.28,6.27,22.85,38819.5,40659.3,25.90,25232.65
4816,08/01/2026 15:28:45,22.91,7.66,6.60,22.90,38762.7,40551.8,25.83,25195.75
4817,08/01/2026 15:43:45,23.12,7.62,6.57,23.14,38688.8,40262.1,25.64,25147.69
4818,08/01/2026 15:58:45,23.39,7.67,6.62,23.38,38926.8,40298.3,25.67,25302.42
4819,08/01/2026 16:13:45,23.32,7.37,6.37,23.28,38251.3,39684.6,25.23,24863.37
4820,08/01/2026 16:28:45,23.38,7.04,6.06,23.39,39415.2,40798.6,26.03,25619.86
4821,08/01/2026 16:43:45,23.48,6.97,6.01,23.46,39292.5,40602.6,25.89,25540.10
4822,08/01/2026 16:58:45,23.49,6.60,5.70,23.47,38973.1,40270.0,25.66,25332.53
4823,08/01/2026 17:13:45,23.53,6.23,5.38,23.51,38688.0,39933.8,25.42,25147.22
4824,08/01/2026 17:28:45,23.58,5.89,5.09,23.56,38511.2,39709.8,25.26,25032.26
4825,08/01/2026 17:43:45,23.63,5.55,4.81,23.61,38217.3,39365.8,25.02,24841.26
4826,08/01/2026 17:58:45,23.66,5.23,4.54,23.64,37933.0,39047.5,24.80,24656.44
4827,08/01/2026 18:13:45,23.71,4.90,4.25,23.69,37618.7,38681.2,24.54,24452.13
4828,08/01/2026 18:28:45,23.72,4.61,4.01,23.71,37137.8,38174.4,24.19,24139.57
4829,08/01/2026 18:43:45,23.74,4.25,3.70,23.72,36783.5,37798.0,23.93,23909.30
4830,08/01/2026 18:58:45,23.74,4.01,3.50,23.72,36398.7,37402.5,23.65,23659.15
4831,08/01/2026 19:13:45,23.74,3.70,3.24,23.72,35946.7,36938.1,23.32,23365.37
4832,08/01/2026 19:28:45,23.74,3.54,3.10,23.72,35475.7,36456.4,22.99,23059.21
4833,08/01/2026 19:43:45,23.73,3.39,2.98,23.71,35115.4,36093.2,22.73,22824.99
4834,08/01/2026 19:58:45,23.72,3.12,2.75,23.69,34733.0,35714.1,22.47,22576.47
4835,08/01/2026 20:13:45,23.70,2.95,2.60,23.68,34433.4,35417.5,22.26,22381.70
4836,08/01/2026 20:28:45,23.68,2.86,2.52,23.66,34068.1,35053.2,22.01,22144.27
4837,08/01/2026 20:43:45,23.67,2.82,2.49,23.65,33670.0,34652.6,21.73,21885.51
4838,08/01/2026 20:58:45,23.67,2.77,2.45,23.64,33335.9,34313.1,21.50,21668.31
4839,08/01/2026 21:13:45,23.67,2.60,2.33,23.64,30205.5,31093.0,19.28,19633.55
4840,08/01/2026 21:28:45,23.66,2.37,2.10,23.63,32726.4,33692.4,21.07,21272.19
4841,08/01/2026 21:43:45,23.66,1.97,1.75,23.63,32643.4,33611.3,21.01,21218.21
4842,08/01/2026 21:58:45,23.61,2.34,2.08,23.58,32243.6,33232.0,20.75,20958.34
4843,08/01/2026 22:13:45,23.71,3.05,2.70,23.69,33024.3,33955.0,21.25,21465.82
4844,08/01/2026 22:28:45,23.71,2.93,2.60,23.69,32416.2,33331.9,20.82,21070.55
4845,08/01/2026 22:43:45,23.72,2.84,2.51,23.71,33327.4,34257.7,21.46,21662.84
4846,08/01/2026 22:58:45,23.74,3.00,2.64,23.72,34678.4,35637.1,22.42,22540.99
4847,08/01/2026 23:13:45,23.74,3.31,2.93,23.71,32714.6,33623.3,21.02,21264.46
4848,08/01/2026 23:28:45,23.67,3.74,3.28,23.64,35663.1,36711.0,23.16,23181.02
4849,08/01/2026 23:43:45,23.61,4.19,3.66,23.57,35850.1,36958.7,23.33,23302.54
4850,08/01/2026 23:58:45,23.56,4.63,4.02,23.53,37337.4,38524.6,24.43,24269.28
4851,08/02/2026 00:13:45,23.52,5.03,4.36,23.50,37790.2,39022.3,24.78,24563.61
4852,08/02/2026 00:28:45,23.50,5.44,4.71,23.48,38154.4,39411.2,25.05,24800.35
4853,08/02/2026 00:43:45,23.53,5.75,4.98,23.51,38197.7,39427.6,25.06,24828.47
4854,08/02/2026 00:58:45,23.53,6.18,5.34,23.50,38489.0,39741.3,25.28,25017.87
4855,08/02/2026 01:13:45,23.47,6.60,5.70,23.42,38686.4,40015.6,25.47,25146.19
4856,08/02/2026 01:28:45,23.36,6.78,5.85,23.32,38766.7,40185.0,25.59,25198.33
4857,08/02/2026 01:43:45,23.26,7.01,6.05,23.22,38814.1,40323.9,25.68,25229.18
4858,08/02/2026 01:58:45,23.18,6.98,6.02,23.15,38900.1,40476.8,25.79,25285.08
4859,08/02/2026 02:13:45,23.09,7.09,6.11,23.06,38959.8,40618.8,25.89,25323.84
4860,08/02/2026 02:28:45,23.04,6.93,5.97,23.01,38977.6,40674.7,25.92,25335.42
4861,08/02/2026 02:43:45,22.98,7.03,6.05,22.95,38996.1,40750.3,25.97,25347.45
4862,08/02/2026 02:58:45,22.96,6.74,5.82,22.93,38240.3,39981.6,25.43,24856.21
4863,08/02/2026 03:13:45,22.94,6.22,5.35,22.91,38992.5,40781.4,25.99,25345.09
4864,08/02/2026 03:28:45,22.92,6.23,5.36,22.91,39013.2,40800.4,26.01,25358.58
4865,08/02/2026 03:43:45,22.89,6.92,5.96,22.87,38980.5,40803.8,26.01,25337.32
4866,08/02/2026 03:58:45,22.97,7.12,6.13,22.96,38971.5,40719.2,25.95,25331.46
4867,08/02/2026 04:13:45,23.04,7.07,6.09,23.04,38756.7,40422.9,25.75,25191.84
4868,08/02/2026 04:28:45,23.16,6.67,5.76,23.15,38461.8,40015.5,25.46,25000.20
4869,08/02/2026 04:43:45,23.19,6.63,5.73,23.18,38476.4,40009.7,25.46,25009.66
4870,08/02/2026 04:58:45,23.25,6.41,5.58,23.25,36699.4,38101.9,24.12,23854.60
4871,08/02/2026 05:13:45,23.32,6.16,5.36,23.31,37003.7,38367.6,24.31,24052.39
4872,08/02/2026 05:28:45,23.36,5.79,5.02,23.36,37930.1,39287.1,24.96,24654.57
4873,08/02/2026 05:43:45,23.40,5.47,4.74,23.38,37596.1,38918.2,24.70,24437.47
4874,08/02/2026 05:58:45,23.41,5.10,4.43,23.39,37372.4,38679.1,24.53,24292.08
4875,08/02/2026 06:13:45,23.41,4.71,4.10,23.40,36962.6,38250.0,24.23,24025.69
4876,08/02/2026 06:28:45,23.42,4.36,3.80,23.40,36619.9,37892.8,23.98,23802.92
4877,08/02/2026 06:43:45,23.42,3.96,3.46,23.41,36165.9,37418.2,23.65,23507.85
4878,08/02/2026 06:58:45,23.44,3.71,3.24,23.42,35742.0,36972.3,23.34,23232.29
4879,08/02/2026 07:13:45,23.44,3.42,3.00,23.42,35262.3,36469.1,22.99,22920.52
4880,08/02/2026 07:28:45,23.45,3.14,2.76,23.43,34884.3,36071.0,22.71,22674.78
4881,08/02/2026 07:43:45,23.46,3.02,2.65,23.45,34566.4,35733.0,22.47,22468.15
4882,08/02/2026 07:58:45,23.48,2.90,2.55,23.46,34158.8,35302.4,22.18,22203.19
4883,08/02/2026 08:13:45,23.50,2.78,2.45,23.48,33792.2,34907.6,21.90,21964.94
4884,08/02/2026 08:28:45,23.53,2.69,2.38,23.51,33440.1,34521.3,21.64,21736.04
4885,08/02/2026 08:43:45,23.53,2.68,2.37,23.51,33088.8,34154.2,21.38,21507.69
4886,08/02/2026 08:58:45,23.55,2.66,2.36,23.53,32742.0,33785.3,21.13,21282.33
4887,08/02/2026 09:13:45,23.59,2.65,2.35,23.57,32428.5,33431.3,20.89,21078.55
4888,08/02/2026 09:28:45,23.62,2.54,2.25,23.59,32167.8,33149.6,20.69,20909.06
4889,08/02/2026 09:43:45,23.63,2.56,2.28,23.62,31872.1,32825.6,20.47,20716.85
4890,08/02/2026 09:58:45,23.70,3.41,3.02,23.72,32947.3,33858.2,21.18,21415.77
4891,08/02/2026 10:13:45,23.50,8.65,7.63,23.68,33908.6,34873.2,21.89,22040.58
4892,08/02/2026 10:28:45,24.90,8.78,8.76,24.54,579.1,584.9,0.28,376.45
4893,08/02/2026 10:43:45,24.24,3.60,3.16,23.93,35335.0,36149.8,22.78,22967.74
4894,08/02/2026 10:58:45,23.90,3.58,3.13,23.85,35919.6,36805.1,23.24,23347.74
4895,08/02/2026 11:13:45,23.90,3.30,2.89,23.87,36203.5,37086.3,23.43,23532.28
4896,08/02/2026 11:28:45,23.94,3.42,2.97,23.94,37428.7,38284.4,24.27,24328.63
4897,08/02/2026 11:43:45,23.99,3.55,3.08,23.97,37629.7,38462.6,24.40,24459.28
4898,08/02/2026 11:58:45,24.10,4.22,3.66,24.11,38510.6,39241.2,24.95,25031.88
4899,08/02/2026 12:13:45,24.28,4.84,4.18,24.28,39409.9,40015.6,25.51,25616.46
4900,08/02/2026 12:28:45,24.34,5.38,4.63,24.31,40253.0,40842.7,26.10,26164.47
4901,08/02/2026 12:43:45,24.36,5.99,5.15,24.35,40902.5,41464.5,26.54,26586.65
4902,08/02/2026 12:58:45,24.42,6.41,5.50,24.39,41341.1,41879.5,26.84,26871.73
4903,08/02/2026 13:13:45,24.37,6.67,5.71,24.33,41685.7,42277.4,27.12,27095.70
4904,08/02/2026 13:28:45,24.31,7.10,6.07,24.26,42031.7,42699.6,27.42,27320.59
4905,08/02/2026 13:43:45,24.17,7.49,6.39,24.14,42404.5,43183.9,27.76,27562.92
4906,08/02/2026 13:58:45,24.10,7.90,6.73,24.06,42627.8,43484.1,27.97,27708.04
4907,08/02/2026 14:13:45,24.06,8.08,6.88,24.03,42623.5,43510.7,27.99,27705.29
4908,08/02/2026 14:28:45,24.00,8.24,7.01,23.97,42734.8,43675.1,28.10,27777.64
4909,08/02/2026 14:43:45,23.93,8.31,7.08,23.90,42711.9,43725.1,28.13,27762.72
4910,08/02/2026 14:58:45,23.88,8.37,7.12,23.83,42791.9,43866.7,28.23,27814.75
4911,08/02/2026 15:13:45,23.83,8.29,7.05,23.80,42839.6,43944.0,28.29,27845.72
4912,08/02/2026 15:28:45,23.79,8.12,6.90,23.76,42911.3,44060.4,28.37,27892.33
4913,08/02/2026 15:43:45,23.79,7.46,6.34,23.76,42947.2,44094.4,28.39,27915.68
4914,08/02/2026 15:58:45,23.81,8.17,6.95,23.78,42848.4,43978.6,28.31,27851.43
4915,08/02/2026 16:13:45,23.85,8.54,7.27,23.87,42890.6,43933.6,28.28,27878.86
4916,08/02/2026 16:28:45,24.16,8.60,7.32,24.14,42840.4,43625.0,28.07,27846.25
4917,08/02/2026 16:43:45,24.21,8.37,7.13,24.18,42741.6,43490.7,27.98,27782.03
4918,08/02/2026 16:58:45,24.29,8.18,6.98,24.29,42510.6,43158.4,27.74,27631.92
4919,08/02/2026 17:13:45,24.31,8.02,6.84,24.28,42391.8,43046.1,27.66,27554.65
4920,08/02/2026 17:28:45,24.36,7.75,6.63,24.34,42119.1,42711.5,27.43,27377.43
4921,08/02/2026 17:43:45,24.40,7.34,6.28,24.38,41810.2,42362.8,27.18,27176.61
4922,08/02/2026 17:58:45,24.45,7.04,6.03,24.43,41605.8,42109.8,27.00,27043.77
4923,08/02/2026 18:13:45,24.51,6.66,5.72,24.49,41289.9,41739.2,26.74,26838.46
4924,08/02/2026 18:28:45,24.56,6.32,5.44,24.54,40957.1,41357.7,26.47,26622.13
4925,08/02/2026 18:43:45,24.59,5.98,5.15,24.58,40589.4,40954.9,26.18,26383.13
4926,08/02/2026 18:58:45,24.61,5.70,4.92,24.58,40202.3,40556.5,25.90,26131.46
4927,08/02/2026 19:13:45,24.60,5.32,4.60,24.58,39717.4,40072.5,25.56,25816.32
4928,08/02/2026 19:28:45,24.59,5.03,4.36,24.56,39232.2,39598.1,25.22,25500.91
4929,08/02/2026 19:43:45,24.57,4.74,4.11,24.54,38770.7,39149.9,24.91,25200.98
4930,08/02/2026 19:58:45,24.54,4.52,3.93,24.51,38287.5,38684.2,24.58,24886.88
4931,08/02/2026 20:13:45,24.52,4.31,3.75,24.49,37772.7,38183.7,24.22,24552.24
4932,08/02/2026 20:28:45,24.49,4.11,3.59,24.46,37358.1,37783.9,23.94,24282.74
4933,08/02/2026 20:43:45,24.47,3.98,3.48,24.44,37005.7,37446.8,23.70,24053.73
4934,08/02/2026 20:58:45,24.45,3.89,3.41,24.42,36536.4,36990.8,23.38,23748.64
4935,08/02/2026 21:13:45,24.43,3.79,3.32,24.40,36149.5,36608.5,23.12,23497.16
4936,08/02/2026 21:28:45,24.41,3.73,3.27,24.39,35815.5,36279.6,22.89,23280.06
4937,08/02/2026 21:43:45,24.40,3.68,3.23,24.38,35435.2,35905.9,22.62,23032.87
4938,08/02/2026 21:58:45,24.39,3.66,3.22,24.36,35119.1,35594.7,22.41,22827.43
4939,08/02/2026 22:13:45,24.38,3.59,3.16,24.35,34899.6,35381.3,22.26,22684.71
4940,08/02/2026 22:28:45,24.35,3.04,2.68,24.32,35128.0,35640.3,22.44,22833.18
4941,08/02/2026 22:43:45,24.33,3.29,2.89,24.31,35370.8,35893.6,22.61,22991.04
4942,08/02/2026 22:58:45,24.40,3.56,3.12,24.38,35776.6,36249.5,22.86,23254.81
4943,08/02/2026 23:13:45,24.45,3.36,2.94,24.43,36401.2,36844.4,23.28,23660.76
4944,08/02/2026 23:28:45,24.47,3.36,2.94,24.45,36672.6,37100.1,23.46,23837.16
4945,08/02/2026 23:43:45,24.48,3.65,3.17,24.46,38435.9,38879.0,24.71,24983.36
4946,08/02/2026 23:58:45,24.47,3.97,3.45,24.43,38701.1,39167.4,24.91,25155.70
4947,08/03/2026 00:13:45,24.40,4.51,3.89,24.35,39626.5,40170.9,25.62,25757.23
4948,08/03/2026 00:28:45,24.32,5.01,4.33,24.28,39548.6,40156.4,25.61,25706.59
4949,08/03/2026 00:43:45,24.26,5.40,4.65,24.23,40104.1,40762.3,26.04,26067.64
4950,08/03/2026 00:58:45,24.19,5.87,5.05,24.15,40597.7,41338.5,26.44,26388.49
4951,08/03/2026 01:13:45,24.16,6.19,5.31,24.14,40983.4,41739.4,26.73,26639.22
4952,08/03/2026 01:28:45,24.16,6.58,5.64,24.12,41295.8,42071.1,26.96,26842.28
4953,08/03/2026 01:43:45,24.12,6.95,5.95,24.08,41514.1,42334.4,27.15,26984.14
4954,08/03/2026 01:58:45,24.03,7.18,6.14,23.98,41756.5,42669.7,27.38,27141.73
4955,08/03/2026 02:13:45,23.91,7.32,6.25,23.86,41928.5,42953.8,27.58,27253.55
4956,08/03/2026 02:28:45,23.80,7.45,6.35,23.76,42149.7,43275.6,27.81,27397.28
4957,08/03/2026 02:43:45,23.71,7.48,6.38,23.67,42096.2,43302.2,27.82,27362.55
4958,08/03/2026 02:58:45,23.65,7.54,6.43,23.62,41871.4,43121.3,27.69,27216.41
4959,08/03/2026 03:13:45,23.60,7.46,6.36,23.58,41964.4,43256.5,27.78,27276.87
4960,08/03/2026 03:28:45,23.52,7.59,6.45,23.48,42498.6,43901.4,28.24,27624.10
4961,08/03/2026 03:43:45,23.50,7.26,6.17,23.48,42480.6,43882.8,28.23,27612.39
4962,08/03/2026 03:58:45,23.50,6.94,5.91,23.48,42445.7,43849.6,28.20,27589.73
4963,08/03/2026 04:13:45,23.49,7.40,6.29,23.45,42376.5,43798.1,28.17,27544.75
4964,08/03/2026 04:28:45,23.50,7.60,6.47,23.50,42272.6,43645.1,28.06,27477.16
4965,08/03/2026 04:43:45,23.59,7.46,6.35,23.59,42129.5,43412.5,27.90,27384.15
4966,08/03/2026 04:58:45,23.70,7.30,6.22,23.69,42120.8,43316.1,27.83,27378.49
4967,08/03/2026 05:13:45,23.81,7.05,6.02,23.82,41932.7,43002.6,27.61,27256.27
4968,08/03/2026 05:28:45,23.85,6.98,5.96,23.85,41874.0,42914.6,27.55,27218.11
4969,08/03/2026 05:43:45,23.93,6.82,5.83,23.92,41684.3,42653.8,27.37,27094.80
4970,08/03/2026 05:58:45,23.99,6.59,5.64,23.99,41438.4,42336.4,27.15,26934.94
4971,08/03/2026 06:13:45,24.06,6.30,5.40,24.05,41102.8,41942.1,26.87,26716.81
4972,08/03/2026 06:28:45,24.11,5.97,5.13,24.09,40860.3,41659.7,26.67,26559.22
4973,08/03/2026 06:43:45,24.14,5.63,4.84,24.12,40537.9,41304.3,26.42,26349.62
4974,08/03/2026 06:58:45,24.16,5.29,4.56,24.14,40158.4,40893.9,26.13,26102.96
4975,08/03/2026 07:13:45,24.19,4.99,4.31,24.17,39663.5,40366.5,25.75,25781.29
4976,08/03/2026 07:28:45,24.22,4.69,4.06,24.20,39265.5,39938.3,25.45,25522.58
4977,08/03/2026 07:43:45,24.24,4.44,3.85,24.22,38881.8,39530.2,25.16,25273.15
4978,08/03/2026 07:58:45,24.26,4.25,3.68,24.23,38511.7,39143.8,24.89,25032.60
4979,08/03/2026 08:13:45,24.28,4.03,3.50,24.26,38067.1,38669.6,24.56,24743.62
4980,08/03/2026 08:28:45,24.31,3.85,3.35,24.29,37701.7,38271.3,24.28,24506.11
4981,08/03/2026 08:43:45,24.33,3.71,3.23,24.30,37312.0,37870.8,24.00,24252.80
4982,08/03/2026 08:58:45,24.32,3.61,3.15,24.29,36880.5,37440.0,23.69,23972.29
4983,08/03/2026 09:13:45,24.31,3.57,3.12,24.28,36453.2,37013.4,23.40,23694.57
4984,08/03/2026 09:28:45,24.30,3.66,3.20,24.26,35945.4,36509.6,23.04,23364.50
4985,08/03/2026 09:43:45,24.28,3.66,3.22,24.26,35568.7,36133.9,22.78,23119.64
4986,08/03/2026 09:58:45,24.27,3.72,3.27,24.24,35270.0,35844.3,22.58,22925.52
4987,08/03/2026 10:13:45,24.26,3.70,3.26,24.23,35030.8,35608.1,22.41,22770.05
4988,08/03/2026 10:28:45,24.25,3.71,3.27,24.22,34785.8,35361.3,22.24,22610.74
4989,08/03/2026 10:43:45,24.26,3.87,3.42,24.26,34488.3,35036.4,22.02,22417.41
4990,08/03/2026 10:58:45,24.31,3.60,3.17,24.27,34687.2,35227.1,22.15,22546.69
4991,08/03/2026 11:13:45,24.31,3.74,3.30,24.29,34833.9,35357.9,22.24,22642.03
4992,08/03/2026 11:28:45,24.32,3.51,3.08,24.29,35711.3,36255.5,22.87,23212.33
4993,08/03/2026 11:43:45,24.31,3.30,2.89,24.29,35983.2,36531.5,23.06,23389.08
4994,08/03/2026 11:58:45,24.31,3.40,2.98,24.28,36677.9,37241.6,23.55,23840.65
4995,08/03/2026 12:13:45,24.31,3.64,3.18,24.28,37141.0,37709.4,23.88,24141.66
4996,08/03/2026 12:28:45,24.28,4.13,3.60,24.26,37701.7,38300.9,24.30,24506.12
4997,08/03/2026 12:43:45,24.25,5.01,4.34,24.21,38655.9,39305.5,25.00,25126.30
4998,08/03/2026 12:58:45,24.22,5.52,4.78,24.18,38911.0,39590.4,25.20,25292.12
4999,08/03/2026 13:13:45,24.17,5.94,5.13,24.13,39487.4,40218.4,25.65,25666.83
5000,08/03/2026 13:28:45,24.10,6.30,5.43,24.07,40055.1,40849.2,26.09,26035.79
5001,08/03/2026 13:43:45,24.06,6.50,5.59,24.03,40441.9,41286.4,26.40,26287.26
5002,08/03/2026 13:58:45,24.02,6.67,5.72,23.99,40783.1,41669.6,26.67,26509.01
5003,08/03/2026 14:13:45,23.96,6.90,5.91,23.91,41057.5,42023.4,26.92,26687.39
5004,08/03/2026 14:28:45,23.88,7.20,6.16,23.85,41136.0,42155.5,27.01,26738.39
5005,08/03/2026 14:43:45,23.82,7.22,6.18,23.79,41376.8,42451.8,27.22,26894.92
5006,08/03/2026 14:58:45,23.76,7.49,6.40,23.70,41526.0,42687.9,27.38,26991.91
5007,08/03/2026 15:13:45,23.68,7.65,6.54,23.64,41585.7,42810.4,27.47,27030.73
5008,08/03/2026 15:28:45,23.61,7.63,6.52,23.58,41628.2,42904.3,27.53,27058.34
5009,08/03/2026 15:43:45,23.58,7.62,6.50,23.54,41719.8,43035.1,27.62,27117.87
5010,08/03/2026 15:58:45,23.56,7.61,6.49,23.54,41768.8,43094.1,27.67,27149.74
5011,08/03/2026 16:13:45,23.56,7.19,6.13,23.52,41831.4,43169.9,27.72,27190.42
5012,08/03/2026 16:28:45,23.56,7.04,6.01,23.53,41865.4,43199.4,27.74,27212.53
5013,08/03/2026 16:43:45,23.56,7.55,6.44,23.53,41836.1,43169.1,27.72,27193.45
5014,08/03/2026 16:58:45,23.63,8.05,6.88,23.65,41677.6,42893.8,27.53,27090.45
5015,08/03/2026 17:13:45,23.83,7.90,6.76,23.81,41456.3,42522.3,27.27,26946.61
5016,08/03/2026 17:28:45,23.90,7.81,6.69,23.90,41209.1,42181.3,27.03,26785.94
5017,08/03/2026 17:43:45,23.96,7.68,6.58,23.92,40943.1,41892.7,26.83,26613.02
5018,08/03/2026 17:58:45,23.96,7.61,6.53,23.95,41003.3,41927.2,26.85,26652.18
5019,08/03/2026 18:13:45,24.04,7.41,6.36,24.02,40843.0,41698.6,26.69,26547.98
5020,08/03/2026 18:28:45,24.10,7.06,6.07,24.08,40571.6,41367.9,26.46,26371.52
5021,08/03/2026 18:43:45,24.16,6.77,5.83,24.14,40187.6,40926.3,26.15,26121.95
5022,08/03/2026 18:58:45,24.22,6.42,5.54,24.21,39748.9,40419.6,25.79,25836.79
5023,08/03/2026 19:13:45,24.27,6.10,5.28,24.26,39367.2,39992.8,25.49,25588.68
5024,08/03/2026 19:28:45,24.31,5.73,4.96,24.29,38917.5,39502.9,25.15,25296.36
5025,08/03/2026 19:43:45,24.35,5.41,4.69,24.32,38528.9,39085.8,24.85,25043.76
5026,08/03/2026 19:58:45,24.36,5.11,4.45,24.34,38072.8,38605.8,24.51,24747.34
5027,08/03/2026 20:13:45,24.38,4.83,4.21,24.36,37612.1,38126.4,24.18,24447.88
5028,08/03/2026 20:28:45,24.39,4.62,4.03,24.36,37295.9,37801.0,23.95,24242.34
5029,08/03/2026 20:43:45,24.40,4.39,3.84,24.37,36873.0,37370.0,23.65,23967.47
5030,08/03/2026 20:58:45,24.40,4.19,3.66,24.38,36466.9,36948.9,23.35,23703.49
5031,08/03/2026 21:13:45,24.40,4.02,3.53,24.38,36039.3,36517.9,23.05,23425.52
5032,08/03/2026 21:28:45,24.39,3.90,3.42,24.36,35743.2,36229.6,22.85,23233.06
5033,08/03/2026 21:43:45,24.38,3.80,3.34,24.35,35351.6,35844.1,22.58,22978.51
5034,08/03/2026 21:58:45,24.35,3.74,3.29,24.32,35005.0,35511.0,22.35,22753.26
5035,08/03/2026 22:13:45,24.33,3.69,3.25,24.30,34660.5,35177.4,22.12,22529.36
5036,08/03/2026 22:28:45,24.32,3.64,3.21,24.29,34309.5,34830.1,21.87,22301.19
5037,08/03/2026 22:43:45,24.29,3.61,3.19,24.26,34039.2,34577.9,21.70,22125.48
5038,08/03/2026 22:58:45,24.27,3.59,3.17,24.25,33749.4,34292.3,21.50,21937.09
5039,08/03/2026 23:13:45,24.26,3.43,3.04,24.22,33760.0,34320.8,21.52,21944.03
5040,08/03/2026 23:28:45,24.13,3.22,2.84,24.10,34115.2,34773.7,21.83,22174.91
5041,08/03/2026 23:43:45,24.14,3.38,2.98,24.12,34164.5,34805.9,21.85,22206.94
5042,08/03/2026 23:58:45,24.24,3.48,3.07,24.21,34595.3,35176.7,22.11,22486.92
5043,08/04/2026 00:13:45,24.20,3.28,2.89,24.17,34874.5,35494.9,22.33,22668.41
5044,08/04/2026 00:28:45,24.16,3.46,3.03,24.12,35561.0,36228.7,22.84,23114.67
5045,08/04/2026 00:43:45,24.12,3.62,3.17,24.09,35946.1,36644.6,23.13,23364.98
5046,08/04/2026 00:58:45,24.00,4.05,3.54,23.95,36536.1,37359.3,23.63,23748.45
5047,08/04/2026 01:13:45,23.85,4.54,3.94,23.80,37950.1,38928.5,24.72,24667.59
5048,08/04/2026 01:28:45,23.73,4.91,4.25,23.69,38602.9,39695.8,25.26,25091.88
5049,08/04/2026 01:43:45,23.62,5.34,4.60,23.57,39155.2,40368.6,25.73,25450.89
5050,08/04/2026 01:58:45,23.50,5.61,4.83,23.47,39418.1,40729.8,25.98,25621.78
5051,08/04/2026 02:13:45,23.49,5.83,5.01,23.46,39831.1,41161.9,26.29,25890.19
5052,08/04/2026 02:28:45,23.46,6.13,5.26,23.43,40191.8,41561.8,26.57,26124.68
5053,08/04/2026 02:43:45,23.41,6.42,5.50,23.37,40708.7,42148.5,26.98,26460.63
5054,08/04/2026 02:58:45,23.31,6.65,5.69,23.27,41016.7,42567.5,27.28,26660.86
5055,08/04/2026 03:13:45,23.20,6.71,5.75,23.16,40498.3,42128.7,26.96,26323.90
5056,08/04/2026 03:28:45,23.10,6.80,5.82,23.06,40610.4,42334.1,27.10,26396.75
5057,08/04/2026 03:43:45,23.04,6.87,5.87,22.99,40690.8,42484.9,27.21,26449.03
5058,08/04/2026 03:58:45,22.98,6.80,5.81,22.95,40753.0,42589.0,27.28,26489.47
5059,08/04/2026 04:13:45,22.97,6.54,5.59,22.94,40811.9,42661.9,27.33,26527.76
5060,08/04/2026 04:28:45,22.96,6.38,5.44,22.93,40858.8,42713.6,27.37,26558.21
5061,08/04/2026 04:43:45,22.96,6.65,5.68,22.93,40865.4,42723.3,27.37,26562.48
5062,08/04/2026 04:58:45,22.94,6.94,5.93,22.92,40709.7,42571.8,27.27,26461.32
5063,08/04/2026 05:13:45,23.00,6.75,5.78,22.98,40387.7,42174.0,26.99,26252.00
5064,08/04/2026 05:28:45,23.07,6.54,5.61,23.05,40084.8,41794.5,26.72,26055.13
5065,08/04/2026 05:43:45,23.14,6.40,5.49,23.14,39962.1,41587.3,26.58,25975.35
5066,08/04/2026 05:58:45,23.19,6.16,5.29,23.18,39686.9,41263.0,26.35,25796.46
5067,08/04/2026 06:13:45,23.23,6.06,5.23,23.21,38911.2,40427.4,25.76,25292.30
5068,08/04/2026 06:28:45,23.29,5.87,5.07,23.28,38645.6,40096.2,25.53,25119.63
5069,08/04/2026 06:43:45,23.33,5.65,4.87,23.31,39032.1,40470.8,25.79,25370.86
5070,08/04/2026 06:58:45,23.36,5.47,4.72,23.34,38779.5,40182.5,25.59,25206.65
5071,08/04/2026 07:13:45,23.38,5.28,4.56,23.37,38517.8,39885.4,25.38,25036.58
5072,08/04/2026 07:28:45,23.43,5.06,4.38,23.41,38176.1,39492.8,25.11,24814.47
5073,08/04/2026 07:43:45,23.48,4.80,4.16,23.46,37825.7,39086.9,24.82,24586.67
5074,08/04/2026 07:58:45,23.54,4.55,3.95,23.53,37351.0,38541.1,24.44,24278.16
5075,08/04/2026 08:13:45,23.61,4.36,3.80,23.60,36973.1,38094.1,24.13,24032.49
5076,08/04/2026 08:28:45,23.67,4.19,3.66,23.66,36657.4,37719.8,23.87,23827.30
5077,08/04/2026 08:43:45,23.74,4.05,3.54,23.73,36320.9,37312.9,23.59,23608.58
5078,08/04/2026 08:58:45,23.81,3.94,3.45,23.79,35986.6,36921.6,23.31,23391.31
5079,08/04/2026 09:13:45,23.88,3.88,3.40,23.88,35620.1,36481.6,23.01,23153.05
5080,08/04/2026 09:28:45,23.96,3.83,3.37,23.94,35322.1,36122.6,22.76,22959.37
5081,08/04/2026 09:43:45,24.03,3.82,3.36,24.02,34988.8,35721.7,22.49,22742.71
5082,08/04/2026 09:58:45,24.11,3.80,3.35,24.10,34710.8,35378.4,22.25,22561.99
5083,08/04/2026 10:13:45,24.18,3.80,3.35,24.17,34370.3,34979.5,21.97,22340.72
5084,08/04/2026 10:28:45,24.27,3.83,3.39,24.27,34115.0,34646.0,21.75,22174.72
5085,08/04/2026 10:43:45,24.36,3.84,3.40,24.32,33775.0,34263.3,21.48,21953.78
5086,08/04/2026 10:58:45,24.44,3.91,3.46,24.43,33514.5,33922.6,21.25,21784.44
5087,08/04/2026 11:13:45,24.52,3.90,3.46,24.51,33352.3,33700.1,21.10,21679.00
5088,08/04/2026 11:28:45,24.63,3.93,3.49,24.63,33214.4,33477.0,20.95,21589.36
5089,08/04/2026 11:43:45,24.90,4.03,3.57,24.94,33568.7,33608.2,21.05,21819.63
5090,08/04/2026 11:58:45,25.07,4.25,3.76,25.03,34072.4,34051.9,21.36,22147.04
5091,08/04/2026 12:13:45,24.82,4.00,3.54,24.62,34024.4,34295.6,21.51,22115.86
5092,08/04/2026 12:28:45,24.60,3.77,3.33,24.55,34314.7,34643.6,21.75,22304.54
5093,08/04/2026 12:43:45,24.58,3.87,3.41,24.57,35009.9,35327.4,22.23,22756.43
5094,08/04/2026 12:58:45,24.64,4.09,3.58,24.61,36654.7,36956.4,23.37,23825.55
5095,08/04/2026 13:13:45,24.72,4.66,4.07,24.73,37518.2,37732.8,23.91,24386.81
5096,08/04/2026 13:28:45,24.97,5.66,4.92,24.97,38615.7,38636.6,24.56,25100.20
5097,08/04/2026 13:43:45,25.02,6.33,5.49,24.97,39539.2,39560.7,25.21,25700.50
5098,08/04/2026 13:58:45,24.89,7.16,6.19,24.86,40116.2,40232.6,25.68,26075.50
5099,08/04/2026 14:13:45,24.94,7.63,6.58,24.92,40527.8,40593.6,25.94,26343.06
5100,08/04/2026 14:28:45,24.77,7.87,6.78,24.70,40786.1,41040.4,26.25,26510.99
5101,08/04/2026 14:43:45,24.56,8.34,7.16,24.50,41167.6,41604.9,26.64,26758.97
5102,08/04/2026 14:58:45,24.45,8.78,7.53,24.41,41552.7,42072.2,26.97,27009.24
5103,08/04/2026 15:13:45,24.37,9.05,7.74,24.34,41831.0,42419.4,27.22,27190.17
5104,08/04/2026 15:28:45,24.36,9.37,8.01,24.33,42094.8,42692.3,27.41,27361.62
5105,08/04/2026 15:43:45,24.33,9.52,8.14,24.30,42247.1,42874.3,27.54,27460.59
5106,08/04/2026 15:58:45,24.30,9.65,8.24,24.26,42375.8,43040.9,27.66,27544.28
5107,08/04/2026 16:13:45,24.25,9.70,8.28,24.20,42391.9,43112.7,27.71,27554.74
5108,08/04/2026 16:28:45,24.17,9.52,8.12,24.12,42405.6,43201.7,27.77,27563.63
5109,08/04/2026 16:43:45,24.10,9.35,7.97,24.07,42428.9,43278.5,27.82,27578.77
5110,08/04/2026 16:58:45,24.08,8.85,7.54,24.06,42378.6,43235.6,27.79,27546.08
5111,08/04/2026 17:13:45,24.12,9.35,7.98,24.10,42452.0,43271.4,27.82,27593.83
5112,08/04/2026 17:28:45,24.18,9.70,8.27,24.19,42445.0,43183.4,27.76,27589.25
5113,08/04/2026 17:43:45,24.45,9.85,8.42,24.45,42443.3,42935.4,27.59,27588.16
5114,08/04/2026 17:58:45,24.56,9.71,8.31,24.56,42231.4,42628.0,27.38,27450.39
5115,08/04/2026 18:13:45,24.60,9.34,8.00,24.58,42016.3,42386.5,27.20,27310.57
5116,08/04/2026 18:28:45,24.64,9.32,7.99,24.61,41920.8,42263.1,27.12,27248.52
5117,08/04/2026 18:43:45,24.66,9.08,7.79,24.64,41604.3,41922.6,26.88,27042.81
5118,08/04/2026 18:58:45,24.70,8.76,7.52,24.68,41294.7,41573.4,26.63,26841.58
5119,08/04/2026 19:13:45,24.74,8.44,7.26,24.72,41026.3,41268.9,26.41,26667.12
5120,08/04/2026 19:28:45,24.79,8.15,7.02,24.78,40740.5,40929.1,26.17,26481.33
5121,08/04/2026 19:43:45,24.87,7.74,6.68,24.86,40479.2,40601.8,25.94,26311.46
5122,08/04/2026 19:58:45,24.92,7.37,6.36,24.91,40141.7,40214.6,25.67,26092.11
5123,08/04/2026 20:13:45,24.99,6.93,6.00,24.98,39771.3,39790.4,25.37,25851.37
5124,08/04/2026 20:28:45,25.04,6.51,5.64,25.02,39337.8,39319.1,25.04,25569.55
5125,08/04/2026 20:43:45,25.06,6.11,5.31,25.04,38883.2,38850.0,24.71,25274.11
5126,08/04/2026 20:58:45,25.06,5.70,4.96,25.04,38487.3,38451.9,24.43,25016.76
5127,08/04/2026 21:13:45,25.06,5.32,4.64,25.04,38047.0,38016.9,24.12,24730.58
5128,08/04/2026 21:28:45,25.05,5.01,4.37,25.02,37677.3,37661.8,23.87,24490.22
5129,08/04/2026 21:43:45,25.02,4.73,4.13,24.99,37179.2,37187.5,23.54,24166.47
5130,08/04/2026 21:58:45,24.98,4.47,3.92,24.95,36743.6,36779.9,23.25,23883.32
5131,08/04/2026 22:13:45,24.95,4.24,3.72,24.92,36345.5,36404.6,22.99,23624.59
5132,08/04/2026 22:28:45,24.92,4.05,3.56,24.89,35963.3,36049.3,22.74,23376.14
5133,08/04/2026 22:43:45,24.88,3.94,3.47,24.86,35582.4,35690.2,22.49,23128.55
5134,08/04/2026 22:58:45,24.87,3.84,3.39,24.83,35228.1,35350.6,22.25,22898.27
5135,08/04/2026 23:13:45,24.82,3.76,3.31,24.79,34865.3,35022.2,22.02,22662.45
5136,08/04/2026 23:28:45,24.79,3.72,3.29,24.76,34550.8,34724.0,21.81,22458.02
5137,08/04/2026 23:43:45,24.76,3.69,3.27,24.73,34295.1,34489.1,21.65,22291.84
5138,08/04/2026 23:58:45,24.73,3.63,3.22,24.70,33974.9,34188.9,21.44,22083.67
5139,08/05/2026 00:13:45,24.64,2.82,2.50,24.60,34163.9,34451.6,21.62,22206.51
5140,08/05/2026 00:28:45,24.63,3.26,2.88,24.61,34433.1,34714.3,21.80,22381.54
5141,08/05/2026 00:43:45,24.66,3.40,3.00,24.69,34517.1,34745.6,21.83,22436.10
5142,08/05/2026 00:58:45,24.76,3.49,3.07,24.74,35161.9,35351.8,22.25,22855.26
5143,08/05/2026 01:13:45,24.78,3.44,3.02,24.75,35817.8,36004.3,22.71,23281.56
5144,08/05/2026 01:28:45,24.78,3.77,3.30,24.75,36513.2,36703.3,23.19,23733.60
5145,08/05/2026 01:43:45,24.74,4.04,3.53,24.70,37143.1,37374.6,23.66,24143.00
5146,08/05/2026 01:58:45,24.62,4.65,4.05,24.57,37950.4,38299.5,24.31,24667.76
5147,08/05/2026 02:13:45,24.49,5.22,4.53,24.44,38622.2,39082.6,24.85,25104.46
5148,08/05/2026 02:28:45,24.39,5.83,5.04,24.35,39333.5,39879.0,25.41,25566.75
5149,08/05/2026 02:43:45,24.27,6.19,5.34,24.22,39656.2,40317.5,25.72,25776.52
5150,08/05/2026 02:58:45,24.17,6.51,5.61,24.13,39937.7,40682.3,25.97,25959.51
5151,08/05/2026 03:13:45,24.15,6.90,5.94,24.11,40210.3,40973.1,26.18,26136.69
5152,08/05/2026 03:28:45,24.08,7.32,6.29,24.05,40553.2,41378.6,26.47,26359.58
5153,08/05/2026 03:43:45,23.97,7.62,6.54,23.93,40854.2,41790.9,26.75,26555.26
5154,08/05/2026 03:58:45,23.83,7.77,6.66,23.78,41050.3,42130.5,26.99,26682.71
5155,08/05/2026 04:13:45,23.67,7.89,6.75,23.63,41129.8,42349.4,27.14,26734.39
5156,08/05/2026 04:28:45,23.55,7.94,6.79,23.51,41167.7,42498.8,27.24,26758.97
5157,08/05/2026 04:43:45,23.48,7.93,6.78,23.43,41184.8,42588.6,27.30,26770.12
5158,08/05/2026 04:58:45,23.43,7.58,6.48,23.39,41159.0,42598.0,27.31,26753.32
5159,08/05/2026 05:13:45,23.40,7.44,6.36,23.38,41155.1,42605.2,27.31,26750.84
5160,08/05/2026 05:28:45,23.41,7.74,6.61,23.39,41115.8,42558.9,27.28,26725.27
5161,08/05/2026 05:43:45,23.41,7.96,6.81,23.40,41065.3,42495.5,27.23,26692.43
5162,08/05/2026 05:58:45,23.54,7.68,6.58,23.53,40874.4,42179.5,27.01,26568.35
5163,08/05/2026 06:13:45,23.65,7.48,6.42,23.65,40634.5,41823.0,26.77,26412.45
5164,08/05/2026 06:28:45,23.69,7.36,6.32,23.69,40529.4,41671.5,26.66,26344.11
5165,08/05/2026 06:43:45,23.80,7.21,6.19,23.79,40368.5,41419.9,26.48,26239.54
5166,08/05/2026 06:58:45,23.85,6.99,6.01,23.84,40126.3,41131.4,26.28,26082.10
5167,08/05/2026 07:13:45,23.93,6.80,5.86,23.93,39901.4,40821.6,26.07,25935.93
5168,08/05/2026 07:28:45,24.01,6.57,5.66,24.00,39722.1,40577.7,25.90,25819.38
5169,08/05/2026 07:43:45,24.06,6.37,5.50,24.04,39446.6,40254.6,25.67,25640.29
5170,08/05/2026 07:58:45,24.10,6.15,5.31,24.09,39219.2,39986.4,25.48,25492.45
5171,08/05/2026 08:13:45,24.16,5.89,5.10,24.14,38899.6,39617.2,25.22,25284.75
5172,08/05/2026 08:28:45,24.21,5.67,4.91,24.19,38543.5,39206.4,24.93,25053.28
5173,08/05/2026 08:43:45,24.29,5.34,4.64,24.27,38161.6,38758.0,24.62,24805.03
5174,08/05/2026 08:58:45,24.34,5.10,4.44,24.32,37418.0,37958.9,24.06,24321.69
5175,08/05/2026 09:13:45,24.40,4.85,4.23,24.38,37075.4,37563.1,23.78,24099.03
5176,08/05/2026 09:28:45,24.46,4.65,4.07,24.45,36708.4,37136.3,23.49,23860.44
5177,08/05/2026 09:43:45,24.54,4.51,3.95,24.53,36356.0,36716.2,23.20,23631.38
5178,08/05/2026 09:58:45,24.63,4.37,3.84,24.63,36063.9,36349.1,22.94,23441.53
5179,08/05/2026 10:13:45,24.75,4.23,3.71,24.73,36410.5,36616.5,23.13,23666.83
5180,08/05/2026 10:28:45,24.82,4.13,3.63,24.81,36000.6,36141.9,22.80,23400.41
5181,08/05/2026 10:43:45,24.89,4.03,3.55,24.86,35643.8,35749.5,22.53,23168.47
5182,08/05/2026 10:58:45,24.90,3.97,3.49,24.87,35308.2,35403.8,22.29,22950.30
5183,08/05/2026 11:13:45,24.92,3.95,3.48,24.89,35058.9,35138.2,22.11,22788.28
5184,08/05/2026 11:28:45,24.97,3.92,3.46,24.94,34708.6,34753.9,21.84,22560.58
5185,08/05/2026 11:43:45,25.09,3.98,3.52,25.08,34492.7,34434.7,21.62,22420.25
5186,08/05/2026 11:58:45,25.12,3.92,3.47,25.12,34213.4,34125.5,21.41,22238.69
5187,08/05/2026 12:13:45,25.33,3.78,3.36,25.33,33796.1,33566.6,21.03,21967.48
5188,08/05/2026 12:28:45,25.66,4.20,3.73,25.64,34384.3,33929.4,21.29,22349.79
5189,08/05/2026 12:43:45,25.60,4.19,3.72,25.54,34451.1,34061.9,21.38,22393.24
5190,08/05/2026 12:58:45,25.30,4.15,3.67,25.24,34957.6,34784.0,21.87,22722.47
5191,08/05/2026 13:13:45,25.19,3.91,3.44,25.15,35486.4,35372.8,22.28,23066.13
5192,08/05/2026 13:28:45,25.28,4.39,3.86,25.27,36291.4,36090.5,22.78,23589.38
5193,08/05/2026 13:43:45,25.32,4.84,4.24,25.30,36949.5,36714.8,23.22,24017.18
5194,08/05/2026 13:58:45,25.43,5.88,5.14,25.44,37944.7,37594.2,23.84,24664.06
5195,08/05/2026 14:13:45,25.61,7.03,6.12,25.61,39003.1,38508.9,24.49,25352.01
5196,08/05/2026 14:28:45,25.63,7.74,6.72,25.58,39774.1,39292.5,25.04,25853.18
5197,08/05/2026 14:43:45,25.56,8.49,7.35,25.54,40367.6,39911.5,25.48,26238.92
5198,08/05/2026 14:58:45,25.57,8.99,7.77,25.50,40800.3,40372.4,25.80,26520.20
5199,08/05/2026 15:13:45,25.38,9.28,8.01,25.31,41038.2,40774.9,26.08,26674.82
5200,08/05/2026 15:28:45,25.18,9.60,8.26,25.13,41258.5,41147.4,26.34,26818.05
5201,08/05/2026 15:43:45,25.02,10.02,8.61,24.98,41632.6,41649.9,26.69,27061.21
5202,08/05/2026 15:58:45,24.92,10.20,8.75,24.88,41841.9,41947.3,26.90,27197.27
5203,08/05/2026 16:13:45,24.86,10.36,8.88,24.82,42078.1,42240.5,27.11,27350.74
5204,08/05/2026 16:28:45,24.78,10.40,8.90,24.74,42240.8,42474.3,27.27,27456.53
5205,08/05/2026 16:43:45,24.70,10.36,8.87,24.68,42231.7,42519.5,27.30,27450.63
5206,08/05/2026 16:58:45,24.60,10.34,8.84,24.57,42357.0,42746.6,27.46,27532.07
5207,08/05/2026 17:13:45,24.51,10.22,8.74,24.46,42304.1,42789.1,27.49,27497.66
5208,08/05/2026 17:28:45,24.45,9.99,8.54,24.41,42251.0,42782.0,27.48,27463.12
5209,08/05/2026 17:43:45,24.42,9.68,8.28,24.39,42271.6,42816.6,27.50,27476.52
5210,08/05/2026 17:58:45,24.43,9.24,7.90,24.41,42270.2,42798.6,27.49,27475.61
5211,08/05/2026 18:13:45,24.49,10.29,8.80,24.50,42303.1,42755.1,27.46,27497.00
5212,08/05/2026 18:28:45,24.69,10.38,8.88,24.70,42203.5,42474.7,27.27,27432.27
5213,08/05/2026 18:43:45,24.84,10.54,9.03,24.86,41979.8,42101.6,27.01,27286.87
5214,08/05/2026 18:58:45,24.95,10.28,8.83,24.94,41778.8,41830.7,26.82,27156.22
5215,08/05/2026 19:13:45,25.03,10.11,8.69,25.00,41617.3,41613.4,26.67,27051.24
5216,08/05/2026 19:28:45,25.06,9.86,8.48,25.04,41511.7,41476.1,26.57,26982.57
5217,08/05/2026 19:43:45,25.12,9.69,8.35,25.11,41178.4,41085.7,26.30,26765.95
5218,08/05/2026 19:58:45,25.17,9.41,8.12,25.17,41012.8,40871.1,26.15,26658.29
5219,08/05/2026 20:13:45,25.25,9.10,7.86,25.24,40705.6,40500.8,25.89,26458.63
5220,08/05/2026 20:28:45,25.32,8.78,7.59,25.32,40500.8,40233.3,25.70,26325.51
5221,08/05/2026 20:43:45,25.41,8.36,7.24,25.40,40225.8,39894.5,25.46,26146.76
5222,08/05/2026 20:58:45,25.46,7.95,6.90,25.45,39810.1,39434.9,25.14,25876.57
5223,08/05/2026 21:13:45,25.51,7.44,6.46,25.50,39426.9,39020.8,24.85,25627.51
5224,08/05/2026 21:28:45,25.54,7.00,6.09,25.52,39071.4,38651.8,24.59,25396.39
5225,08/05/2026 21:43:45,25.54,6.53,5.69,25.52,38601.8,38187.3,24.26,25091.17
5226,08/05/2026 21:58:45,25.53,6.07,5.30,25.50,38127.0,37727.1,23.93,24782.57
5227,08/05/2026 22:13:45,25.51,5.64,4.93,25.48,37649.1,37270.7,23.61,24471.92
5228,08/05/2026 22:28:45,25.48,5.26,4.61,25.46,37178.8,36826.0,23.30,24166.24
5229,08/05/2026 22:43:45,25.45,4.94,4.33,25.42,36740.2,36421.4,23.02,23881.12
5230,08/05/2026 22:58:45,25.41,4.65,4.09,25.38,36307.9,36022.5,22.74,23600.12
5231,08/05/2026 23:13:45,25.37,4.44,3.91,25.34,35928.3,35670.7,22.49,23353.37
5232,08/05/2026 23:28:45,25.33,4.29,3.78,25.30,35585.2,35363.6,22.27,23130.38
5233,08/05/2026 23:43:45,25.29,4.12,3.64,25.26,35199.2,35006.6,22.02,22879.48
5234,08/05/2026 23:58:45,25.25,3.99,3.52,25.23,34872.0,34703.1,21.81,22666.77
5235,08/06/2026 00:13:45,25.23,3.91,3.46,25.20,34499.2,34351.8,21.57,22424.50
5236,08/06/2026 00:28:45,25.20,3.83,3.39,25.17,34247.9,34123.2,21.41,22261.15
5237,08/06/2026 00:43:45,25.17,3.73,3.31,25.14,33381.8,33283.4,20.83,21698.16
5238,08/06/2026 00:58:45,25.14,3.16,2.81,25.11,33117.5,33040.8,20.66,21526.36
5239,08/06/2026 01:13:45,25.08,3.34,2.97,25.06,33304.9,33261.5,20.81,21648.15
5240,08/06/2026 01:28:45,25.09,3.35,2.98,25.09,33443.9,33383.4,20.90,21738.51
5241,08/06/2026 01:43:45,25.21,3.65,3.24,25.20,34258.3,34111.9,21.40,22267.91
5242,08/06/2026 01:58:45,25.25,3.56,3.15,25.23,34399.7,34231.0,21.49,22359.79
5243,08/06/2026 02:13:45,25.26,3.88,3.43,25.23,34497.7,34328.5,21.55,22423.49
5244,08/06/2026 02:28:45,25.26,4.17,3.67,25.24,35589.6,35412.8,22.31,23133.25
5245,08/06/2026 02:43:45,25.20,4.71,4.14,25.16,36335.2,36212.0,22.86,23617.87
5246,08/06/2026 02:58:45,25.11,5.35,4.68,25.07,37105.4,37054.8,23.45,24118.49
5247,08/06/2026 03:13:45,25.02,5.95,5.19,24.99,38012.9,38023.9,24.13,24708.40
5248,08/06/2026 03:28:45,24.93,6.44,5.60,24.89,38560.8,38653.0,24.57,25064.55
5249,08/06/2026 03:43:45,24.81,6.68,5.80,24.77,38607.3,38798.4,24.67,25094.71
5250,08/06/2026 03:58:45,24.75,7.05,6.11,24.71,39264.3,39501.5,25.16,25521.81
5251,08/06/2026 04:13:45,24.70,7.42,6.44,24.66,38853.6,39133.3,24.90,25254.83
5252,08/06/2026 04:28:45,24.62,7.79,6.74,24.56,39499.9,39865.8,25.41,25674.94
5253,08/06/2026 04:43:45,24.50,7.97,6.89,24.45,39431.0,39893.3,25.43,25630.17
5254,08/06/2026 04:58:45,24.34,8.12,7.01,24.26,39683.9,40306.7,25.71,25794.53
5255,08/06/2026 05:13:45,24.17,8.10,6.97,24.10,40420.3,41197.8,26.34,26273.22
5256,08/06/2026 05:28:45,24.04,8.14,7.05,23.98,38724.0,39570.9,25.18,25170.59
5257,08/06/2026 05:43:45,23.95,7.96,6.82,23.91,41014.0,41973.3,26.88,26659.08
5258,08/06/2026 05:58:45,23.90,7.44,6.37,23.88,41012.3,42004.2,26.90,26657.98
5259,08/06/2026 06:13:45,23.93,7.78,6.67,23.91,41013.2,41969.9,26.88,26658.61
5260,08/06/2026 06:28:45,23.93,8.18,7.02,23.92,40990.2,41938.1,26.86,26643.60
5261,08/06/2026 06:43:45,24.12,8.01,6.88,24.13,40853.8,41615.4,26.64,26554.96
5262,08/06/2026 06:58:45,24.26,7.89,6.79,24.26,40636.3,41279.4,26.40,26413.60
5263,08/06/2026 07:13:45,24.27,7.73,6.65,24.25,40672.2,41326.5,26.44,26436.94
5264,08/06/2026 07:28:45,24.36,7.55,6.50,24.35,40546.1,41105.8,26.28,26354.99
5265,08/06/2026 07:43:45,24.47,7.36,6.34,24.45,40383.3,40851.5,26.11,26249.17
5266,08/06/2026 07:58:45,24.56,7.32,6.31,24.55,40213.1,40593.4,25.93,26138.52
5267,08/06/2026 08:13:45,24.67,7.14,6.17,24.65,40042.8,40336.2,25.75,26027.83
5268,08/06/2026 08:28:45,24.73,6.95,6.01,24.72,39806.0,40038.8,25.54,25873.91
5269,08/06/2026 08:43:45,24.80,6.73,5.83,24.80,39609.0,39779.7,25.36,25745.84
5270,08/06/2026 08:58:45,24.88,6.53,5.66,24.87,39432.1,39539.0,25.19,25630.89
5271,08/06/2026 09:13:45,24.97,6.34,5.50,24.96,39125.2,39161.4,24.93,25431.39
5272,08/06/2026 09:28:45,25.04,6.09,5.29,25.03,38774.2,38750.8,24.64,25203.21
5273,08/06/2026 09:43:45,25.11,5.79,5.05,25.10,38293.4,38209.6,24.26,24890.68
5274,08/06/2026 09:58:45,25.16,5.56,4.85,25.15,37964.6,37843.1,24.00,24677.00
5275,08/06/2026 10:13:45,25.23,5.35,4.68,25.22,37663.1,37490.2,23.76,24480.99
5276,08/06/2026 10:28:45,25.28,5.16,4.52,25.27,37272.1,37061.2,23.46,24226.89
5277,08/06/2026 10:43:45,25.35,5.02,4.40,25.35,36942.3,36670.5,23.19,24012.52
5278,08/06/2026 10:58:45,25.49,4.91,4.31,25.48,36615.2,36247.1,22.90,23799.87
5279,08/06/2026 11:13:45,25.61,4.77,4.20,25.63,36328.4,35856.9,22.63,23613.48
5280,08/06/2026 11:28:45,25.74,4.66,4.10,25.73,36023.3,35481.9,22.37,23415.14
5281,08/06/2026 11:43:45,25.90,4.68,4.13,25.91,35810.7,35142.1,22.14,23276.96
5282,08/06/2026 11:58:45,26.06,4.63,4.09,26.05,35578.7,34811.8,21.91,23126.17
5283,08/06/2026 12:13:45,26.15,4.55,4.03,26.13,35254.7,34440.8,21.65,22915.55
5284,08/06/2026 12:28:45,26.20,4.48,3.97,26.15,35010.9,34185.5,21.48,22757.08
5285,08/06/2026 12:43:45,26.23,4.47,3.97,26.21,34767.8,33903.6,21.28,22599.06
5286,08/06/2026 12:58:45,26.35,3.88,3.44,26.34,34730.7,33780.9,21.20,22574.94
5287,08/06/2026 13:13:45,26.68,4.46,3.95,26.64,35389.9,34212.9,21.51,23003.45
5288,08/06/2026 13:28:45,26.51,4.53,4.02,26.47,35303.9,34248.8,21.53,22947.53
5289,08/06/2026 13:43:45,26.04,4.45,3.93,25.97,35725.2,35012.0,22.05,23221.37
5290,08/06/2026 13:58:45,25.96,4.43,3.90,25.93,36137.0,35446.7,22.35,23489.02
5291,08/06/2026 14:13:45,26.06,5.18,4.55,26.06,36977.9,36169.5,22.86,24035.66
5292,08/06/2026 14:28:45,26.11,5.64,4.95,26.10,37510.0,36664.7,23.20,24381.51
5293,08/06/2026 14:43:45,26.22,6.70,5.86,26.23,38365.4,37402.5,23.73,24937.52
5294,08/06/2026 14:58:45,26.46,7.84,6.84,26.45,39265.0,38108.1,24.23,25522.25
5295,08/06/2026 15:13:45,26.51,8.56,7.45,26.49,40013.0,38800.2,24.72,26008.45
5296,08/06/2026 15:28:45,26.52,9.20,7.99,26.51,40618.1,39372.3,25.12,26401.77
5297,08/06/2026 15:43:45,26.53,9.77,8.47,26.47,40983.7,39756.3,25.39,26639.38
5298,08/06/2026 15:58:45,26.33,9.99,8.65,26.27,41202.1,40130.4,25.65,26781.38
5299,08/06/2026 16:13:45,26.10,10.13,8.76,26.03,41408.4,40528.5,25.93,26915.47
5300,08/06/2026 16:28:45,25.92,10.37,8.94,25.86,41719.9,40979.5,26.25,27117.94
5301,08/06/2026 16:43:45,25.78,10.45,9.00,25.74,41949.5,41311.3,26.48,27267.17
5302,08/06/2026 16:58:45,25.69,10.44,8.98,25.65,42090.7,41520.8,26.63,27358.93
5303,08/06/2026 17:13:45,25.60,10.37,8.91,25.54,42227.9,41750.7,26.79,27448.12
5304,08/06/2026 17:28:45,25.47,10.36,8.90,25.42,42213.9,41845.1,26.85,27439.07
5305,08/06/2026 17:43:45,25.33,10.34,8.88,25.29,42213.2,41955.7,26.92,27438.61
5306,08/06/2026 17:58:45,25.22,10.27,8.81,25.15,42216.4,42084.0,27.01,27440.65
5307,08/06/2026 18:13:45,25.06,10.18,8.73,25.01,42219.5,42212.9,27.10,27442.69
5308,08/06/2026 18:28:45,25.01,10.08,8.64,24.96,42176.3,42209.9,27.09,27414.63
5309,08/06/2026 18:43:45,24.98,9.62,8.25,24.94,42153.1,42202.8,27.09,27399.50
5310,08/06/2026 18:58:45,24.98,9.20,7.89,24.96,42242.9,42279.2,27.14,27457.87
5311,08/06/2026 19:13:45,24.98,9.91,8.49,24.94,42185.8,42235.5,27.11,27420.74
5312,08/06/2026 19:28:45,25.10,10.28,8.82,25.16,42287.9,42149.9,27.06,27487.13
5313,08/06/2026 19:43:45,25.36,10.36,8.90,25.41,42182.6,41819.3,26.83,27418.70
5314,08/06/2026 19:58:45,25.60,10.17,8.74,25.62,42049.8,41511.8,26.62,27332.38
5315,08/06/2026 20:13:45,25.68,10.08,8.67,25.66,42047.0,41469.9,26.59,27330.57
5316,08/06/2026 20:28:45,25.74,10.03,8.64,25.74,41896.8,41254.2,26.44,27232.89
5317,08/06/2026 20:43:45,25.84,9.83,8.48,25.83,41595.8,40880.7,26.17,27037.26
5318,08/06/2026 20:58:45,25.94,9.57,8.27,25.95,41360.4,40555.1,25.95,26884.26
5319,08/06/2026 21:13:45,26.07,9.29,8.04,26.07,41066.5,40166.2,25.67,26693.25
5320,08/06/2026 21:28:45,26.17,8.96,7.77,26.17,40770.0,39791.4,25.41,26500.48
5321,08/06/2026 21:43:45,26.27,8.54,7.41,26.26,40394.2,39350.8,25.10,26256.21
5322,08/06/2026 21:58:45,26.33,8.13,7.07,26.31,40133.0,39057.5,24.90,26086.48
5323,08/06/2026 22:13:45,26.36,7.67,6.68,26.34,39754.4,38667.2,24.62,25840.33
5324,08/06/2026 22:28:45,26.37,7.25,6.32,26.34,39282.9,38206.3,24.29,25533.91
5325,08/06/2026 22:43:45,26.36,6.82,5.96,26.33,38953.7,37893.2,24.07,25319.92
5326,08/06/2026 22:58:45,26.34,6.36,5.57,26.31,38495.8,37466.4,23.77,25022.24
5327,08/06/2026 23:13:45,26.31,5.92,5.19,26.28,38161.2,37161.7,23.56,24804.78
5328,08/06/2026 23:28:45,26.28,5.55,4.87,26.24,37696.9,36737.0,23.26,24502.99
5329,08/06/2026 23:43:45,26.24,5.19,4.56,26.20,37236.9,36320.5,22.97,24203.97
5330,08/06/2026 23:58:45,26.19,4.84,4.26,26.16,36765.4,35891.9,22.66,23897.49
5331,08/07/2026 00:13:45,26.15,4.61,4.07,26.12,36344.1,35507.3,22.40,23623.66
5332,08/07/2026 00:28:45,26.12,4.39,3.88,26.09,35993.4,35188.8,22.17,23395.68
5333,08/07/2026 00:43:45,26.08,4.23,3.74,26.05,35702.8,34930.9,21.99,23206.79
5334,08/07/2026 00:58:45,26.05,4.07,3.60,26.02,35371.5,34630.7,21.78,22991.49
5335,08/07/2026 01:13:45,26.02,3.93,3.48,25.99,35057.7,34340.7,21.58,22787.51
5336,08/07/2026 01:28:45,25.99,3.83,3.40,25.96,34744.2,34054.9,21.38,22583.72
5337,08/07/2026 01:43:45,25.97,3.72,3.30,25.94,34457.2,33792.6,21.20,22397.16
5338,08/07/2026 01:58:45,25.95,2.94,2.61,25.92,34274.4,33623.9,21.08,22278.34
5339,08/07/2026 02:13:45,25.91,3.32,2.95,25.89,34517.8,33881.8,21.26,22436.56
5340,08/07/2026 02:28:45,25.92,3.19,2.83,25.92,34623.3,33966.2,21.32,22505.14
5341,08/07/2026 02:43:45,26.02,3.69,3.27,26.01,35209.1,34478.2,21.68,22885.94
5342,08/07/2026 02:58:45,26.07,3.54,3.13,26.05,35695.4,34923.8,21.99,23202.03
5343,08/07/2026 03:13:45,26.11,3.89,3.43,26.09,36280.0,35464.7,22.37,23582.03
5344,08/07/2026 03:28:45,26.13,4.14,3.64,26.11,36757.3,35919.9,22.68,23892.23
5345,08/07/2026 03:43:45,26.11,4.65,4.08,26.08,37537.5,36703.0,23.23,24399.37
5346,08/07/2026 03:58:45,26.07,5.19,4.54,26.03,38267.8,37454.6,23.76,24874.05
5347,08/07/2026 04:13:45,26.03,5.70,4.97,25.99,39057.4,38258.5,24.32,25387.29
5348,08/07/2026 04:28:45,25.98,6.15,5.35,25.93,39628.8,38867.0,24.75,25758.74
5349,08/07/2026 04:43:45,25.88,6.41,5.57,25.83,39871.7,39186.3,24.97,25916.63
5350,08/07/2026 04:58:45,25.81,6.65,5.77,25.78,40163.2,39514.9,25.20,26106.07
5351,08/07/2026 05:13:45,25.76,6.91,5.99,25.72,40412.1,39809.8,25.41,26267.86
5352,08/07/2026 05:28:45,25.67,7.26,6.28,25.61,40515.7,39999.9,25.54,26335.20
5353,08/07/2026 05:43:45,25.51,7.43,6.42,25.47,40712.1,40315.6,25.76,26462.86
5354,08/07/2026 05:58:45,25.33,7.56,6.52,25.27,40899.7,40670.8,26.01,26584.82
5355,08/07/2026 06:13:45,25.17,7.57,6.53,25.11,41045.0,40947.4,26.20,26679.28
5356,08/07/2026 06:28:45,25.04,7.55,6.50,24.99,41036.6,41048.4,26.27,26673.79
5357,08/07/2026 06:43:45,24.94,7.31,6.29,24.90,41035.9,41118.3,26.31,26673.31
5358,08/07/2026 06:58:45,24.92,7.50,6.46,24.88,41059.5,41160.3,26.34,26688.67
5359,08/07/2026 07:13:45,24.97,7.47,6.43,24.94,41051.2,41104.8,26.30,26683.25
5360,08/07/2026 07:28:45,25.00,7.86,6.77,25.01,41038.2,41029.1,26.25,26674.82
5361,08/07/2026 07:43:45,25.21,7.64,6.59,25.22,40928.1,40742.8,26.06,26603.27
5362,08/07/2026 07:58:45,25.39,7.51,6.48,25.39,40778.6,40450.4,25.85,26506.07
5363,08/07/2026 08:13:45,25.39,7.29,6.30,25.37,40794.0,40483.6,25.88,26516.10
5364,08/07/2026 08:28:45,25.47,7.13,6.16,25.46,40655.8,40264.9,25.73,26426.25
5365,08/07/2026 08:43:45,25.60,6.95,6.02,25.60,40529.8,40026.4,25.56,26344.37
5366,08/07/2026 08:58:45,25.72,6.88,5.96,25.72,40409.1,39804.3,25.41,26265.90
5367,08/07/2026 09:13:45,25.82,6.86,5.95,25.82,40282.4,39597.3,25.26,26183.54
5368,08/07/2026 09:28:45,25.92,6.72,5.83,25.91,40059.0,39311.1,25.06,26038.36
5369,08/07/2026 09:43:45,26.00,6.65,5.78,26.00,39859.4,39041.7,24.88,25908.63
5370,08/07/2026 09:58:45,26.08,6.38,5.56,26.09,39530.9,38647.3,24.60,25695.07
5371,08/07/2026 10:13:45,26.17,6.31,5.50,26.18,39358.0,38403.7,24.43,25582.69
5372,08/07/2026 10:28:45,26.30,6.21,5.43,26.28,38907.5,37888.4,24.07,25289.87
5373,08/07/2026 10:43:45,26.38,6.04,5.28,26.39,38539.9,37446.3,23.76,25050.95
5374,08/07/2026 10:58:45,26.48,5.84,5.12,26.46,38218.8,37081.1,23.51,24842.20
5375,08/07/2026 11:13:45,26.55,5.81,5.10,26.54,37899.4,36714.1,23.25,24634.62
5376,08/07/2026 11:28:45,26.64,5.63,4.95,26.62,37534.9,36297.8,22.96,24397.67
5377,08/07/2026 11:43:45,26.74,5.53,4.87,26.72,37211.9,35914.1,22.69,24187.76
5378,08/07/2026 11:58:45,26.82,5.40,4.76,26.79,36851.1,35513.0,22.42,23953.20
5379,08/07/2026 12:13:45,26.86,5.37,4.74,26.84,36637.5,35276.5,22.25,23814.36
5380,08/07/2026 12:28:45,26.98,5.28,4.67,26.97,36251.4,34809.9,21.93,23563.44
5381,08/07/2026 12:43:45,27.08,5.25,4.65,27.06,35942.2,34449.0,21.68,23362.40
5382,08/07/2026 12:58:45,27.15,5.20,4.61,27.15,35748.0,34203.8,21.51,23236.19
5383,08/07/2026 13:13:45,27.27,5.12,4.55,27.25,35342.7,33747.3,21.20,22972.73
5384,08/07/2026 13:28:45,27.36,5.06,4.50,27.34,35010.5,33368.5,20.93,22756.85
5385,08/07/2026 13:43:45,27.44,4.85,4.31,27.41,34881.9,33203.0,20.82,22673.24
5386,08/07/2026 13:58:45,27.61,4.32,3.85,27.64,34820.5,32994.4,20.68,22633.35
5387,08/07/2026 14:13:45,27.89,5.31,4.72,27.76,35546.0,33597.3,21.10,23104.93
5388,08/07/2026 14:28:45,27.66,5.34,4.75,27.51,35250.0,33485.4,21.02,22912.50
5389,08/07/2026 14:43:45,27.34,5.17,4.59,27.25,35742.5,34126.9,21.46,23232.60
5390,08/07/2026 14:58:45,27.27,5.39,4.78,27.27,36157.2,34512.3,21.73,23502.18
5391,08/07/2026 15:13:45,27.36,6.04,5.34,27.32,36739.4,35031.3,22.09,23880.61
5392,08/07/2026 15:28:45,27.46,6.70,5.91,27.44,37209.1,35392.1,22.34,24185.93
5393,08/07/2026 15:43:45,27.72,7.98,7.03,27.74,38106.6,36030.7,22.80,24769.27
5394,08/07/2026 15:58:45,27.93,8.97,7.88,27.95,38883.7,36617.5,23.21,25274.40
5395,08/07/2026 16:13:45,27.98,9.58,8.40,27.95,39526.7,37218.4,23.64,25692.35
5396,08/07/2026 16:28:45,28.05,10.06,8.81,28.03,40017.6,37625.5,23.92,26011.44
5397,08/07/2026 16:43:45,27.95,10.37,9.07,27.91,40149.0,37834.4,24.07,26096.85
5398,08/07/2026 16:58:45,27.79,10.61,9.26,27.71,40368.3,38197.3,24.32,26239.40
5399,08/07/2026 17:13:45,27.56,10.85,9.46,27.49,40501.5,38488.2,24.52,26325.97
5400,08/07/2026 17:28:45,27.45,10.96,9.55,27.39,40783.2,38832.1,24.76,26509.07
5401,08/07/2026 17:43:45,27.33,10.85,9.44,27.27,40968.7,39107.3,24.96,26629.67
5402,08/07/2026 17:58:45,27.20,10.85,9.42,27.15,41086.8,39309.6,25.10,26706.43
5403,08/07/2026 18:13:45,27.08,10.77,9.35,27.01,41102.3,39438.6,25.18,26716.50
5404,08/07/2026 18:28:45,26.93,10.69,9.28,26.86,41106.1,39562.0,25.27,26718.96
5405,08/07/2026 18:43:45,26.75,10.59,9.18,26.66,41076.2,39690.3,25.35,26699.53
5406,08/07/2026 18:58:45,26.58,10.49,9.10,26.53,41011.6,39738.9,25.38,26657.55
5407,08/07/2026 19:13:45,26.50,10.43,9.04,26.45,40978.1,39765.7,25.40,26635.75
5408,08/07/2026 19:28:45,26.39,10.29,8.91,26.34,40963.8,39843.6,25.45,26626.49
5409,08/07/2026 19:43:45,26.33,10.01,8.67,26.29,40848.0,39773.1,25.40,26551.22
5410,08/07/2026 19:58:45,26.31,9.72,8.42,26.28,40838.0,39768.4,25.40,26544.73
5411,08/07/2026 20:13:45,26.38,10.13,8.78,26.35,40823.7,39697.4,25.35,26535.38
5412,08/07/2026 20:28:45,26.43,10.50,9.10,26.44,40954.4,39752.7,25.39,26620.38
5413,08/07/2026 20:43:45,26.62,10.42,9.02,26.63,41491.3,40121.3,25.66,26969.31
5414,08/07/2026 20:58:45,26.92,10.46,9.03,26.94,42401.1,40737.7,26.11,27560.70
5415,08/07/2026 21:13:45,27.06,10.34,8.94,27.05,42296.1,40554.1,25.98,27492.49
5416,08/07/2026 21:28:45,27.15,10.30,8.90,27.13,42521.2,40696.9,26.08,27638.75
5417,08/07/2026 21:43:45,27.25,10.18,8.79,27.23,42632.2,40722.8,26.10,27710.95
5418,08/07/2026 21:58:45,27.34,9.95,8.62,27.34,42116.1,40145.7,25.69,27375.45
5419,08/07/2026 22:13:45,27.44,9.66,8.37,27.42,42169.8,40130.2,25.69,27410.37
5420,08/07/2026 22:28:45,27.53,9.31,8.08,27.51,41757.7,39664.9,25.36,27142.53
5421,08/07/2026 22:43:45,27.60,8.91,7.75,27.58,41326.1,39202.0,25.03,26861.98
5422,08/07/2026 22:58:45,27.64,8.50,7.40,27.61,40971.0,38841.3,24.77,26631.14
5423,08/07/2026 23:13:45,27.65,8.10,7.06,27.61,40487.8,38380.9,24.45,26317.07
5424,08/07/2026 23:28:45,27.64,7.68,6.71,27.59,40185.0,38110.2,24.26,26120.27
5425,08/07/2026 23:43:45,27.59,7.27,6.36,27.56,39784.3,37757.9,24.01,25859.79
5426,08/07/2026 23:58:45,27.55,6.89,6.04,27.51,39204.7,37244.4,23.64,25483.03
5427,08/08/2026 00:13:45,27.49,6.45,5.66,27.44,38735.8,36848.7,23.37,25178.24
5428,08/08/2026 00:28:45,27.42,6.04,5.31,27.37,38230.0,36416.7,23.06,24849.48
5429,08/08/2026 00:43:45,27.35,5.69,5.02,27.31,37655.2,35913.4,22.71,24475.86
5430,08/08/2026 00:58:45,27.29,5.35,4.72,27.24,37207.4,35536.6,22.44,24184.81
5431,08/08/2026 01:13:45,27.23,5.05,4.46,27.18,36809.8,35198.0,22.20,23926.35
5432,08/08/2026 01:28:45,27.17,4.80,4.24,27.13,36288.2,34735.7,21.88,23587.33
5433,08/08/2026 01:43:45,27.11,4.61,4.08,27.08,36015.7,34511.0,21.72,23410.21
5434,08/08/2026 01:58:45,27.08,4.44,3.94,27.04,35795.4,34327.4,21.59,23267.00
5435,08/08/2026 02:13:45,27.03,4.26,3.78,26.99,35478.2,34054.8,21.40,23060.82
5436,08/08/2026 02:28:45,26.96,4.19,3.72,26.92,35090.9,33733.0,21.18,22809.07
5437,08/08/2026 02:43:45,26.90,4.09,3.64,26.86,34688.5,33381.3,20.93,22547.51
5438,08/08/2026 02:58:45,26.87,3.93,3.50,26.83,34355.2,33081.0,20.73,22330.85
5439,08/08/2026 03:13:45,26.80,2.87,2.55,26.75,34422.6,33199.4,20.81,22374.67
5440,08/08/2026 03:28:45,26.81,3.46,3.07,26.78,34672.0,33423.4,20.96,22536.82
5441,08/08/2026 03:43:45,26.88,3.59,3.19,26.89,34826.0,33495.0,21.01,22636.90
5442,08/08/2026 03:58:45,27.02,3.76,3.33,27.00,35623.1,34185.5,21.49,23155.02
5443,08/08/2026 04:13:45,27.05,3.69,3.27,27.03,36092.3,34616.4,21.80,23459.97
5444,08/08/2026 04:28:45,27.11,4.03,3.56,27.09,36752.7,35204.2,22.21,23889.28
5445,08/08/2026 04:43:45,27.14,4.38,3.87,27.10,37085.6,35516.5,22.42,24105.66
5446,08/08/2026 04:58:45,27.07,4.93,4.34,27.03,37594.3,36059.3,22.80,24436.29
5447,08/08/2026 05:13:45,27.00,5.44,4.77,26.97,38275.7,36755.9,23.29,24879.19
5448,08/08/2026 05:28:45,27.04,5.80,5.08,27.00,39144.1,37564.3,23.86,25443.63
5449,08/08/2026 05:43:45,26.97,6.05,5.29,26.92,39407.9,37878.3,24.08,25615.11
5450,08/08/2026 05:58:45,26.90,6.19,5.40,26.87,39685.1,38187.3,24.29,25795.33
5451,08/08/2026 06:13:45,26.90,6.35,5.53,26.87,40116.5,38602.4,24.59,26075.71
5452,08/08/2026 06:28:45,26.85,6.72,5.84,26.81,40562.6,39077.6,24.92,26365.69
5453,08/08/2026 06:43:45,26.75,6.86,5.96,26.70,40865.3,39459.6,25.19,26562.47
5454,08/08/2026 06:58:45,26.60,7.02,6.09,26.53,41002.3,39724.9,25.37,26651.48
5455,08/08/2026 07:13:45,26.42,7.01,6.09,26.36,40362.9,39244.4,25.03,26235.88
5456,08/08/2026 07:28:45,26.28,7.02,6.08,26.23,41199.3,40160.2,25.67,26779.53
5457,08/08/2026 07:43:45,26.17,6.91,5.96,26.13,41863.0,40891.5,26.19,27210.97
5458,08/08/2026 07:58:45,26.13,6.33,5.44,26.09,42676.0,41716.8,26.78,27739.37
5459,08/08/2026 08:13:45,26.12,6.50,5.66,26.12,39462.7,38558.9,24.54,25650.76
5460,08/08/2026 08:28:45,26.13,7.26,6.27,26.12,41691.1,40731.2,26.08,27099.22
5461,08/08/2026 08:43:45,26.30,7.54,6.56,26.34,39647.4,38563.2,24.55,25770.83
5462,08/08/2026 08:58:45,26.51,7.61,6.64,26.52,39388.2,38168.2,24.27,25602.30
5463,08/08/2026 09:13:45,26.55,7.18,6.24,26.52,40514.9,39264.9,25.05,26334.69
5464,08/08/2026 09:28:45,26.58,7.01,6.11,26.58,40032.3,38746.6,24.68,26020.97
5465,08/08/2026 09:43:45,26.72,6.79,5.92,26.71,39883.1,38504.0,24.51,25923.98
5466,08/08/2026 09:58:45,26.84,6.84,5.92,26.84,42053.6,40486.4,25.92,27334.84
5467,08/08/2026 10:13:45,27.00,6.98,6.04,27.00,41900.7,40214.7,25.73,27235.48
5468,08/08/2026 10:28:45,27.06,6.81,5.90,27.05,41643.4,39925.7,25.53,27068.18
5469,08/08/2026 10:43:45,27.16,6.67,5.79,27.13,41352.9,39583.7,25.29,26879.37
5470,08/08/2026 10:58:45,27.21,6.66,5.78,27.19,41210.5,39398.8,25.16,26786.85
5471,08/08/2026 11:13:45,27.29,6.45,5.61,27.28,40828.2,38961.2,24.85,26538.35
5472,08/08/2026 11:28:45,27.39,6.29,5.49,27.36,40445.8,38532.2,24.55,26289.78
5473,08/08/2026 11:43:45,27.46,6.29,5.49,27.45,40092.8,38132.6,24.27,26060.33
5474,08/08/2026 11:58:45,27.53,6.29,5.50,27.51,39804.3,37814.0,24.05,25872.81
5475,08/08/2026 12:13:45,27.62,6.10,5.36,27.60,38889.1,36876.7,23.39,25277.94
5476,08/08/2026 12:28:45,27.73,6.17,5.40,27.72,39543.4,37407.6,23.76,25703.24
5477,08/08/2026 12:43:45,27.84,6.24,5.47,27.83,39264.0,37061.6,23.52,25521.62
5478,08/08/2026 12:58:45,27.89,6.06,5.32,27.85,38859.0,36665.8,23.25,25258.34
5479,08/08/2026 13:13:45,27.86,5.74,5.05,27.83,38556.5,36396.0,23.06,25061.73
5480,08/08/2026 13:28:45,27.82,5.76,5.07,27.79,38273.0,36157.1,22.89,24877.42
5481,08/08/2026 13:43:45,27.80,5.63,4.97,27.78,37772.8,35691.1,22.56,24552.30
5482,08/08/2026 13:58:45,27.86,5.56,4.91,27.84,37490.7,35379.1,22.34,24368.95
5483,08/08/2026 14:13:45,27.92,5.50,4.86,27.89,37212.3,35084.2,22.14,24188.02
5484,08/08/2026 14:28:45,27.99,5.51,4.87,27.98,36902.6,34730.6,21.89,23986.68
5485,08/08/2026 14:43:45,28.07,5.21,4.62,28.06,36748.9,34529.1,21.75,23886.79
5486,08/08/2026 14:58:45,28.42,5.25,4.64,28.46,37435.2,34901.0,22.02,24332.87
5487,08/08/2026 15:13:45,28.34,5.50,4.87,28.33,37426.9,34980.3,22.07,24327.46
5488,08/08/2026 15:28:45,28.25,5.48,4.84,28.02,37507.1,35267.2,22.27,24379.62
5489,08/08/2026 15:43:45,28.03,5.31,4.68,27.95,37925.0,35710.3,22.58,24651.24
5490,08/08/2026 15:58:45,27.98,5.32,4.68,28.00,38405.6,36131.9,22.87,24963.64
5491,08/08/2026 16:13:45,28.13,6.03,5.30,28.11,39087.5,36692.8,23.27,25406.88
5492,08/08/2026 16:28:45,28.20,6.72,5.90,28.20,39705.3,37207.0,23.63,25808.47
5493,08/08/2026 16:43:45,28.37,7.93,6.94,28.41,40517.3,37808.9,24.06,26336.25
5494,08/08/2026 16:58:45,28.55,8.75,7.64,28.54,41244.8,38389.8,24.47,26809.10
5495,08/08/2026 17:13:45,28.59,9.22,8.04,28.55,41716.0,38823.7,24.78,27115.38
5496,08/08/2026 17:28:45,28.59,9.44,8.21,28.58,42128.0,39180.9,25.04,27383.18
5497,08/08/2026 17:43:45,28.55,9.78,8.49,28.49,42588.7,39679.2,25.39,27682.65
5498,08/08/2026 17:58:45,28.41,9.81,8.51,28.36,42966.7,40133.6,25.71,27928.35
5499,08/08/2026 18:13:45,28.20,10.01,8.68,28.14,42691.6,40054.1,25.65,27749.52
5500,08/08/2026 18:28:45,28.05,10.21,8.84,28.01,42854.7,40310.2,25.83,27855.54
5501,08/08/2026 18:43:45,27.94,10.27,8.85,27.88,43902.9,41397.2,26.60,28536.92
5502,08/08/2026 18:58:45,27.79,10.23,8.80,27.73,44444.1,42035.8,27.05,28888.64
5503,08/08/2026 19:13:45,27.62,10.20,8.78,27.55,44235.3,41984.8,27.01,28752.93
5504,08/08/2026 19:28:45,27.47,10.18,8.75,27.40,44218.0,42100.1,27.09,28741.71
5505,08/08/2026 19:43:45,27.25,10.10,8.69,27.19,43955.4,42025.6,27.03,28571.01
5506,08/08/2026 19:58:45,27.07,10.15,8.71,27.01,44326.1,42532.0,27.39,28811.97
5507,08/08/2026 20:13:45,26.89,10.03,8.60,26.83,44217.3,42577.4,27.42,28741.24
5508,08/08/2026 20:28:45,26.74,9.92,8.54,26.67,43086.6,41627.7,26.73,28006.27
5509,08/08/2026 20:43:45,26.58,9.86,8.46,26.53,43684.4,42323.4,27.23,28394.85
5510,08/08/2026 20:58:45,26.47,9.54,8.19,26.42,43427.3,42168.7,27.11,28227.74
5511,08/08/2026 21:13:45,26.42,9.18,7.87,26.40,43818.3,42569.6,27.40,28481.88
5512,08/08/2026 21:28:45,26.54,9.88,8.48,26.52,43665.5,42313.0,27.22,28382.58
5513,08/08/2026 21:43:45,26.58,10.13,8.69,26.59,43867.1,42447.7,27.32,28513.61
5514,08/08/2026 21:58:45,26.77,10.00,8.60,26.79,43461.7,41883.5,26.92,28250.10
5515,08/08/2026 22:13:45,27.09,9.91,8.52,27.11,43815.8,41959.3,26.98,28480.25
5516,08/08/2026 22:28:45,27.21,9.80,8.44,27.19,43620.8,41700.5,26.80,28353.55
5517,08/08/2026 22:43:45,27.37,9.67,8.33,27.39,43590.2,41507.4,26.67,28333.62
5518,08/08/2026 22:58:45,27.55,9.44,8.16,27.54,42873.1,40701.9,26.10,27867.52
5519,08/08/2026 23:13:45,27.69,9.15,7.94,27.67,42053.3,39818.5,25.47,27334.66
5520,08/08/2026 23:28:45,27.79,8.75,7.59,27.77,41944.1,39635.0,25.34,27263.69
5521,08/08/2026 23:43:45,27.87,8.37,7.26,27.85,42139.4,39756.2,25.43,27390.62
5522,08/08/2026 23:58:45,27.92,7.97,6.93,27.90,41888.7,39483.5,25.24,27227.66
5523,08/09/2026 00:13:45,27.94,7.55,6.57,27.92,41307.7,38923.9,24.84,26849.99
5524,08/09/2026 00:28:45,27.93,7.12,6.20,27.90,41231.5,38866.4,24.80,26800.46
5525,08/09/2026 00:43:45,27.90,6.70,5.85,27.86,40479.3,38187.7,24.32,26311.54
5526,08/09/2026 00:58:45,27.84,6.26,5.47,27.80,40327.7,38088.9,24.25,26213.02
5527,08/09/2026 01:13:45,27.79,5.94,5.19,27.74,39865.4,37693.7,23.97,25912.51
5528,08/09/2026 01:28:45,27.73,5.57,4.88,27.68,39331.3,37238.9,23.64,25565.33
5529,08/09/2026 01:43:45,27.66,5.25,4.60,27.61,38927.7,36906.4,23.41,25302.99
5530,08/09/2026 01:58:45,27.59,4.96,4.36,27.54,38467.3,36521.4,23.14,25003.73
5531,08/09/2026 02:13:45,27.52,4.69,4.14,27.47,37414.3,35569.7,22.47,24319.30
5532,08/09/2026 02:28:45,27.46,4.47,3.94,27.41,37235.0,35442.8,22.38,24202.78
5533,08/09/2026 02:43:45,27.40,4.23,3.73,27.35,37229.0,35480.7,22.40,24198.86
5534,08/09/2026 02:58:45,27.34,4.07,3.60,27.29,36878.1,35183.0,22.20,23970.75
5535,08/09/2026 03:13:45,27.28,3.95,3.49,27.24,36700.1,35052.1,22.10,23855.06
5536,08/09/2026 03:28:45,27.23,3.80,3.36,27.19,36112.5,34524.9,21.73,23473.11
5537,08/09/2026 03:43:45,27.18,3.68,3.25,27.15,36582.3,35002.1,22.07,23778.50
5538,08/09/2026 03:58:45,27.16,3.44,3.05,27.13,35584.7,34064.4,21.41,23130.07
5539,08/09/2026 04:13:45,27.13,2.91,2.58,27.09,35415.3,33923.1,21.31,23019.93
5540,08/09/2026 04:28:45,27.05,2.65,2.35,27.00,35996.3,34545.8,21.75,23397.63
5541,08/09/2026 04:43:45,27.06,3.02,2.67,27.04,35888.1,34416.3,21.66,23327.27
5542,08/09/2026 04:58:45,27.11,3.07,2.71,27.11,36750.9,35193.8,22.20,23888.07
5543,08/09/2026 05:13:45,27.16,2.93,2.58,27.13,37389.3,35791.9,22.62,24303.06
5544,08/09/2026 05:28:45,27.17,3.16,2.78,27.13,37380.2,35781.0,22.61,24297.14
5545,08/09/2026 05:43:45,27.17,3.43,3.02,27.13,37879.8,36256.9,22.94,24621.84
5546,08/09/2026 05:58:45,27.11,3.86,3.40,27.05,37820.8,36260.8,22.94,24583.49
5547,08/09/2026 06:13:45,27.01,4.36,3.82,26.96,39065.0,37518.5,23.83,25392.22
5548,08/09/2026 06:28:45,26.94,4.65,4.06,26.91,39700.5,38171.4,24.28,25805.34
5549,08/09/2026 06:43:45,26.86,4.81,4.18,26.80,40260.9,38794.2,24.72,26169.61
5550,08/09/2026 06:58:45,26.72,5.03,4.40,26.66,38725.7,37421.5,23.75,25171.70
5551,08/09/2026 07:13:45,26.69,5.16,4.48,26.66,40600.0,39230.2,25.03,26389.99
5552,08/09/2026 07:28:45,26.66,5.44,4.72,26.63,40810.0,39462.5,25.19,26526.49
5553,08/09/2026 07:43:45,26.59,5.75,4.98,26.54,41229.6,39940.2,25.53,26799.22
5554,08/09/2026 07:58:45,26.49,6.00,5.20,26.44,40866.4,39669.8,25.33,26563.19
5555,08/09/2026 08:13:45,26.28,6.25,5.40,26.24,41915.0,40850.3,26.17,27244.76
5556,08/09/2026 08:28:45,26.17,6.39,5.51,26.12,42023.5,41058.4,26.31,27315.25
5557,08/09/2026 08:43:45,26.07,6.49,5.60,26.02,41839.7,40960.9,26.24,27195.81
5558,08/09/2026 08:58:45,26.00,6.22,5.36,25.96,42008.5,41177.7,26.39,27305.55
5559,08/09/2026 09:13:45,25.99,5.93,5.12,25.95,41775.4,40956.9,26.23,27154.01
5560,08/09/2026 09:28:45,26.00,5.84,5.04,25.99,41922.7,41070.4,26.31,27249.78
5561,08/09/2026 09:43:45,26.00,6.78,5.84,26.00,42095.9,41229.7,26.43,27362.33
5562,08/09/2026 09:58:45,26.26,7.06,6.10,26.28,41651.9,40563.5,25.96,27073.76
5563,08/09/2026 10:13:45,26.46,7.08,6.12,26.45,41807.7,40570.8,25.97,27175.00
5564,08/09/2026 10:28:45,26.38,6.71,5.80,26.36,41609.5,40454.0,25.89,27046.16
5565,08/09/2026 10:43:45,26.52,6.45,5.57,26.52,41753.1,40464.9,25.90,27139.49
5566,08/09/2026 10:58:45,26.67,6.32,5.47,26.67,41482.4,40077.9,25.63,26963.54
5567,08/09/2026 11:13:45,26.88,6.51,5.64,26.88,41634.1,40055.3,25.62,27062.15
5568,08/09/2026 11:28:45,27.00,6.23,5.40,26.98,41422.1,39767.6,25.42,26924.38
5569,08/09/2026 11:43:45,27.06,6.08,5.28,27.05,41113.6,39415.4,25.17,26723.83
5570,08/09/2026 11:58:45,27.15,6.05,5.26,27.13,40956.2,39204.0,25.02,26621.55
5571,08/09/2026 12:13:45,27.23,6.03,5.25,27.22,40677.2,38867.4,24.78,26440.21
5572,08/09/2026 12:28:45,27.34,6.01,5.24,27.34,40412.8,38519.7,24.54,26268.31
5573,08/09/2026 12:43:45,27.46,5.93,5.18,27.44,40070.4,38118.3,24.26,26045.79
5574,08/09/2026 12:58:45,27.55,5.98,5.23,27.54,39732.5,37718.0,23.98,25826.11
5575,08/09/2026 13:13:45,27.62,5.86,5.14,27.61,39381.7,37332.3,23.71,25598.09
5576,08/09/2026 13:28:45,27.69,5.89,5.17,27.66,39071.7,37002.1,23.48,25396.60
5577,08/09/2026 13:43:45,27.74,5.76,5.06,27.72,38813.5,36714.8,23.28,25228.75
5578,08/09/2026 13:58:45,27.83,5.64,4.96,27.81,38438.3,36293.2,22.98,24984.87
5579,08/09/2026 14:13:45,27.89,5.52,4.86,27.87,38052.8,35892.0,22.70,24734.32
5580,08/09/2026 14:28:45,27.92,5.43,4.79,27.91,37693.9,35523.0,22.45,24501.01
5581,08/09/2026 14:43:45,27.97,5.39,4.76,27.96,37379.7,35194.7,22.22,24296.82
5582,08/09/2026 14:58:45,27.99,5.23,4.63,27.97,37067.2,34894.0,22.01,24093.65
5583,08/09/2026 15:13:45,28.03,5.17,4.58,28.01,36587.7,34415.4,21.67,23782.02
5584,08/09/2026 15:28:45,28.01,4.98,4.42,27.98,36310.7,34169.4,21.50,23601.97
5585,08/09/2026 15:43:45,27.98,4.78,4.24,27.96,36043.4,33932.3,21.34,23428.21
5586,08/09/2026 15:58:45,28.02,4.38,3.90,28.01,35772.6,33644.5,21.14,23252.18
5587,08/09/2026 16:13:45,28.13,4.18,3.72,28.17,36255.1,33994.6,21.38,23565.84
5588,08/09/2026 16:28:45,28.13,4.55,4.03,28.11,36550.1,34310.8,21.60,23757.56
5589,08/09/2026 16:43:45,27.98,4.87,4.31,27.94,36872.7,34727.9,21.89,23967.26
5590,08/09/2026 16:58:45,28.01,4.53,4.00,27.99,37131.0,34937.0,22.04,24135.14
5591,08/09/2026 17:13:45,28.02,4.94,4.36,28.00,37719.5,35484.3,22.42,24517.70
5592,08/09/2026 17:28:45,28.01,5.49,4.84,27.99,38141.2,35885.3,22.70,24791.76
5593,08/09/2026 17:43:45,28.03,6.17,5.42,28.02,38809.1,36491.5,23.13,25225.94
5594,08/09/2026 17:58:45,28.09,6.91,6.06,28.07,39446.7,37057.1,23.52,25640.36
5595,08/09/2026 18:13:45,28.09,7.52,6.59,28.07,39965.4,37542.1,23.87,25977.53
5596,08/09/2026 18:28:45,28.07,7.94,6.94,28.04,40439.8,38010.9,24.20,26285.87
5597,08/09/2026 18:43:45,28.02,8.16,7.09,27.97,41892.6,39429.3,25.20,27230.20
5598,08/09/2026 18:58:45,27.89,8.32,7.27,27.83,40477.7,38207.1,24.33,26310.48
5599,08/09/2026 19:13:45,27.71,8.52,7.45,27.64,40128.7,38019.5,24.19,26083.64
5600,08/09/2026 19:28:45,27.55,8.81,7.67,27.48,41028.5,39001.0,24.88,26668.55
5601,08/09/2026 19:43:45,27.39,8.88,7.72,27.33,41091.0,39173.4,25.00,26709.18
5602,08/09/2026 19:58:45,27.27,8.95,7.79,27.23,40926.9,39096.3,24.95,26602.47
5603,08/09/2026 20:13:45,27.15,9.05,7.79,27.09,43594.9,41760.6,26.84,28336.66
5604,08/09/2026 20:28:45,27.01,9.07,7.84,26.95,42248.4,40583.5,26.00,27461.46
5605,08/09/2026 20:43:45,26.85,9.09,7.77,26.77,44658.5,43055.5,27.76,29028.00
5606,08/09/2026 20:58:45,26.62,9.09,7.81,26.55,43151.8,41789.2,26.85,28048.64
5607,08/09/2026 21:13:45,26.39,9.19,7.91,26.30,42673.9,41543.2,26.66,27738.05
5608,08/09/2026 21:28:45,26.15,9.20,7.92,26.09,42651.9,41698.5,26.77,27723.72
5609,08/09/2026 21:43:45,25.91,9.11,7.82,25.85,43053.0,42302.3,27.19,27984.48
5610,08/09/2026 21:58:45,25.78,8.89,7.63,25.72,42935.0,42295.1,27.18,27907.76
5611,08/09/2026 22:13:45,25.64,8.46,7.30,25.59,41445.1,40938.1,26.21,26939.31
5612,08/09/2026 22:28:45,25.66,8.26,7.12,25.64,41434.2,40888.6,26.17,26932.23
5613,08/09/2026 22:43:45,25.74,9.29,7.97,25.71,43056.2,42419.8,27.27,27986.55
5614,08/09/2026 22:58:45,25.92,9.22,7.91,25.93,43246.4,42420.3,27.28,28110.16
5615,08/09/2026 23:13:45,26.13,9.22,7.93,26.15,42655.0,41646.8,26.73,27725.74
5616,08/09/2026 23:28:45,26.38,9.10,7.84,26.38,42584.0,41386.0,26.55,27679.62
5617,08/09/2026 23:43:45,26.52,8.94,7.69,26.53,43083.4,41746.4,26.81,28004.24
5618,08/09/2026 23:58:45,26.67,8.68,7.47,26.69,43093.0,41615.9,26.73,28010.48
5619,08/10/2026 00:13:45,26.79,8.38,7.22,26.80,42990.3,41424.1,26.59,27943.66
5620,08/10/2026 00:28:45,26.94,8.06,6.99,26.93,41309.2,39703.4,25.37,26851.00
5621,08/10/2026 00:43:45,27.05,7.64,6.63,27.04,41217.2,39524.4,25.25,26791.16
5622,08/10/2026 00:58:45,27.15,7.22,6.24,27.13,42238.0,40428.4,25.89,27454.67
5623,08/10/2026 01:13:45,27.20,6.78,5.88,27.18,41664.4,39840.1,25.47,27081.87
5624,08/10/2026 01:28:45,27.23,6.37,5.54,27.21,40987.4,39173.4,25.00,26641.83
5625,08/10/2026 01:43:45,27.23,5.96,5.19,27.20,40607.3,38812.5,24.74,26394.72
5626,08/10/2026 01:58:45,27.22,5.55,4.84,27.19,40321.5,38551.2,24.56,26208.97
5627,08/10/2026 02:13:45,27.20,5.18,4.52,27.16,39894.9,38164.5,24.29,25931.68
5628,08/10/2026 02:28:45,27.17,4.83,4.23,27.13,39315.8,37633.7,23.91,25555.24
5629,08/10/2026 02:43:45,27.13,4.60,4.03,27.09,38778.0,37146.4,23.57,25205.67
5630,08/10/2026 02:58:45,27.09,4.36,3.82,27.05,38531.8,36942.5,23.42,25045.66
5631,08/10/2026 03:13:45,27.06,4.13,3.63,27.02,38210.2,36656.8,23.22,24836.63
5632,08/10/2026 03:28:45,27.02,3.94,3.47,26.98,37638.1,36134.7,22.85,24464.74
5633,08/10/2026 03:43:45,27.00,3.79,3.34,26.95,37484.7,36007.5,22.76,24365.06
5634,08/10/2026 03:58:45,26.95,3.64,3.21,26.92,37181.9,35738.7,22.58,24168.24
5635,08/10/2026 04:13:45,26.93,3.52,3.11,26.89,36693.2,35290.8,22.26,23850.55
5636,08/10/2026 04:28:45,26.90,3.38,2.99,26.86,35827.9,34477.8,21.70,23288.15
5637,08/10/2026 04:43:45,26.88,3.31,2.93,26.85,35917.1,34576.5,21.76,23346.13
5638,08/10/2026 04:58:45,26.86,3.21,2.85,26.82,35734.5,34417.7,21.65,23227.42
5639,08/10/2026 05:13:45,26.83,3.03,2.69,26.80,34991.0,33714.2,21.16,22744.17
5640,08/10/2026 05:28:45,26.80,2.47,2.20,26.76,34812.2,33568.9,21.06,22627.94
5641,08/10/2026 05:43:45,26.72,1.73,1.54,26.69,34825.6,33631.8,21.10,22636.62
5642,08/10/2026 05:58:45,26.72,2.40,2.13,26.70,35873.6,34637.4,21.80,23317.81
5643,08/10/2026 06:13:45,26.71,2.15,1.90,26.67,36058.0,34832.8,21.94,23437.70
5644,08/10/2026 06:28:45,26.61,2.39,2.12,26.59,35112.6,33978.6,21.34,22823.21
5645,08/10/2026 06:43:45,26.59,2.69,2.36,26.55,37799.8,36608.6,23.18,24569.89
5646,08/10/2026 06:58:45,26.56,2.92,2.58,26.53,36070.0,34944.1,22.01,23445.49
5647,08/10/2026 07:13:45,26.45,3.33,2.91,26.40,38729.3,37623.2,23.89,25174.02
5648,08/10/2026 07:28:45,26.35,3.68,3.21,26.30,39409.7,38363.1,24.40,25616.32
5649,08/10/2026 07:43:45,26.26,3.88,3.38,26.20,40086.0,39097.0,24.92,26055.92
5650,08/10/2026 07:58:45,26.13,4.07,3.54,26.08,40289.9,39399.2,25.13,26188.44
5651,08/10/2026 08:13:45,26.04,4.30,3.73,26.00,40577.8,39742.9,25.37,26375.59
5652,08/10/2026 08:28:45,26.01,4.63,4.01,25.98,40984.2,40161.1,25.67,26639.74
5653,08/10/2026 08:43:45,25.93,4.95,4.28,25.88,41294.2,40541.0,25.93,26841.23
5654,08/10/2026 08:58:45,25.83,5.23,4.51,25.78,41605.2,40933.6,26.21,27043.38
5655,08/10/2026 09:13:45,25.66,5.52,4.76,25.60,41678.3,41158.0,26.37,27090.90
5656,08/10/2026 09:28:45,25.52,5.73,4.94,25.48,41660.0,41246.5,26.42,27078.99
5657,08/10/2026 09:43:45,25.43,5.70,4.90,25.39,41745.9,41404.7,26.53,27134.82
5658,08/10/2026 09:58:45,25.36,5.71,4.91,25.32,41758.6,41477.6,26.58,27143.10
5659,08/10/2026 10:13:45,25.32,5.19,4.47,25.29,41513.4,41265.3,26.43,26983.69
5660,08/10/2026 10:28:45,25.28,5.26,4.52,25.25,41661.6,41441.5,26.56,27080.04
5661,08/10/2026 10:43:45,25.31,6.08,5.23,25.27,41612.7,41377.2,26.51,27048.27
5662,08/10/2026 10:58:45,25.39,6.48,5.58,25.39,41483.3,41149.4,26.35,26964.16
5663,08/10/2026 11:13:45,25.61,6.53,5.63,25.59,41377.8,40869.1,26.16,26895.59
5664,08/10/2026 11:28:45,25.76,6.32,5.45,25.74,41463.9,40825.4,26.13,26951.54
5665,08/10/2026 11:43:45,25.78,5.86,5.06,25.75,41431.6,40788.5,26.11,26930.55
5666,08/10/2026 11:58:45,25.91,5.75,4.96,25.90,41574.7,40803.5,26.12,27023.52
5667,08/10/2026 12:13:45,26.08,5.85,5.06,26.10,41239.8,40310.5,25.78,26805.90
5668,08/10/2026 12:28:45,26.22,5.62,4.85,26.21,41579.7,40548.8,25.95,27026.79
5669,08/10/2026 12:43:45,26.30,5.53,4.79,26.29,41206.6,40117.3,25.65,26784.28
5670,08/10/2026 12:58:45,26.37,5.36,4.63,26.35,41315.8,40173.4,25.69,26855.24
5671,08/10/2026 13:13:45,26.43,5.23,4.53,26.42,41172.5,39981.8,25.55,26762.13
5672,08/10/2026 13:28:45,26.52,5.17,4.48,26.51,41012.4,39749.5,25.39,26658.04
5673,08/10/2026 13:43:45,26.64,5.20,4.51,26.64,40741.9,39389.3,25.14,26482.21
5674,08/10/2026 13:58:45,26.77,5.24,4.55,26.77,40364.8,38920.8,24.81,26237.10
5675,08/10/2026 14:13:45,26.88,5.15,4.49,26.89,40187.3,38656.1,24.63,26121.73
5676,08/10/2026 14:28:45,27.00,5.05,4.40,26.98,40136.5,38530.9,24.54,26088.70
5677,08/10/2026 14:43:45,27.11,4.98,4.36,27.09,38828.2,37196.8,23.60,25238.32
5678,08/10/2026 14:58:45,27.17,4.89,4.29,27.16,38661.3,36986.7,23.46,25129.86
5679,08/10/2026 15:13:45,27.23,4.82,4.23,27.21,38347.9,36650.7,23.22,24926.15
5680,08/10/2026 15:28:45,27.29,4.75,4.17,27.27,38126.7,36392.2,23.04,24782.38
5681,08/10/2026 15:43:45,27.36,4.65,4.10,27.34,37683.4,35920.4,22.71,24494.21
5682,08/10/2026 15:58:45,27.43,4.62,4.08,27.41,37364.2,35565.8,22.47,24286.73
5683,08/10/2026 16:13:45,27.45,4.49,3.97,27.41,37068.7,35280.2,22.27,24094.66
5684,08/10/2026 16:28:45,27.49,4.53,4.00,27.46,36600.5,34800.3,21.93,23790.32
5685,08/10/2026 16:43:45,27.52,4.39,3.89,27.48,36358.4,34555.3,21.76,23632.99
5686,08/10/2026 16:58:45,27.53,4.34,3.85,27.49,36074.1,34282.9,21.57,23448.14
5687,08/10/2026 17:13:45,27.54,2.96,2.62,27.52,35989.4,34179.3,21.50,23393.08
5688,08/10/2026 17:28:45,27.65,3.44,3.05,27.61,36572.8,34673.8,21.85,23772.29
5689,08/10/2026 17:43:45,27.55,4.17,3.69,27.49,36653.0,34828.9,21.95,23824.45
5690,08/10/2026 17:58:45,27.40,3.84,3.38,27.35,37261.8,35509.8,22.42,24220.19
5691,08/10/2026 18:13:45,27.35,3.71,3.27,27.32,37671.7,35924.7,22.71,24486.62
5692,08/10/2026 18:28:45,27.32,4.25,3.73,27.28,38250.1,36501.0,23.12,24862.57
5693,08/10/2026 18:43:45,27.26,4.74,4.16,27.22,38703.6,36979.3,23.45,25157.34
5694,08/10/2026 18:58:45,27.20,5.55,4.86,27.16,39410.3,37700.9,23.96,25616.67
5695,08/10/2026 19:13:45,27.12,5.94,5.18,27.08,40093.1,38415.7,24.46,26060.54
5696,08/10/2026 19:28:45,27.06,6.27,5.45,27.01,40610.5,38964.3,24.85,26396.82
5697,08/10/2026 19:43:45,27.00,6.70,5.82,26.95,41028.7,39416.7,25.17,26668.63
5698,08/10/2026 19:58:45,26.88,6.78,5.88,26.80,41329.4,39821.2,25.45,26864.09
5699,08/10/2026 20:13:45,26.69,7.04,6.09,26.63,41582.7,40207.2,25.72,27028.76
5700,08/10/2026 20:28:45,26.50,7.28,6.28,26.43,42077.3,40847.6,26.17,27350.21
5701,08/10/2026 20:43:45,26.34,7.55,6.51,26.28,42244.9,41138.4,26.37,27459.20
5702,08/10/2026 20:58:45,26.17,7.76,6.67,26.11,42675.4,41700.7,26.77,27739.04
5703,08/10/2026 21:13:45,26.01,7.89,6.78,25.95,42718.6,41884.2,26.89,27767.06
5704,08/10/2026 21:28:45,25.86,8.06,6.94,25.80,42004.9,41308.7,26.48,27303.21
5705,08/10/2026 21:43:45,25.66,8.05,6.92,25.60,42316.0,41793.0,26.82,27505.37
5706,08/10/2026 21:58:45,25.48,8.24,7.07,25.42,42306.9,41937.2,26.91,27499.47
5707,08/10/2026 22:13:45,25.30,8.23,7.08,25.25,41583.0,41368.5,26.50,27028.92
5708,08/10/2026 22:28:45,25.08,8.37,7.23,25.00,40518.3,40522.2,25.89,26336.91
5709,08/10/2026 22:43:45,24.77,8.50,7.30,24.67,41556.7,41850.6,26.83,27011.88
5710,08/10/2026 22:58:45,24.53,8.54,7.32,24.47,41481.9,41946.7,26.89,26963.23
5711,08/10/2026 23:13:45,24.39,8.29,7.12,24.33,41064.0,41649.6,26.67,26691.63
5712,08/10/2026 23:28:45,24.30,7.61,6.53,24.25,41196.1,41858.8,26.82,26777.44
5713,08/10/2026 23:43:45,24.38,8.39,7.20,24.32,41317.5,41917.4,26.86,26856.37
5714,08/10/2026 23:58:45,24.12,8.91,7.65,24.10,40991.1,41779.6,26.75,26644.23
5715,08/11/2026 00:13:45,24.36,8.66,7.45,24.38,40855.7,41390.4,26.49,26556.19
5716,08/11/2026 00:28:45,24.74,8.50,7.34,24.76,40193.3,40397.4,25.80,26125.67
5717,08/11/2026 00:43:45,24.91,8.33,7.20,24.91,40129.7,40202.6,25.66,26084.32
5718,08/11/2026 00:58:45,25.09,8.12,7.01,25.13,40440.5,40334.1,25.76,26286.32
5719,08/11/2026 01:13:45,25.28,7.76,6.80,25.29,36911.3,36686.1,23.20,23992.37
5720,08/11/2026 01:28:45,25.48,7.42,6.44,25.48,39504.3,39109.7,24.91,25677.79
5721,08/11/2026 01:43:45,25.65,7.07,6.15,25.66,39222.3,38688.9,24.62,25494.53
5722,08/11/2026 01:58:45,25.85,6.70,5.84,25.85,39089.3,38402.8,24.42,25408.04
5723,08/11/2026 02:13:45,25.99,6.24,5.51,25.99,35649.0,34922.0,21.98,23171.83
5724,08/11/2026 02:28:45,26.11,5.80,5.14,26.09,35082.9,34294.4,21.55,22803.90
5725,08/11/2026 02:43:45,26.17,5.37,4.77,26.17,34394.0,33570.6,21.05,22356.09
5726,08/11/2026 02:58:45,26.24,4.94,4.39,26.22,34564.4,33701.1,21.14,22466.83
5727,08/11/2026 03:13:45,26.28,4.53,3.96,26.25,38834.2,37840.6,24.03,25242.20
5728,08/11/2026 03:28:45,26.29,4.19,3.68,26.27,37473.1,36498.4,23.09,24357.53
5729,08/11/2026 03:43:45,26.30,3.93,3.46,26.28,36765.6,35804.8,22.61,23897.62
5730,08/11/2026 03:58:45,26.31,3.69,3.23,26.28,38403.7,37395.5,23.72,24962.41
5731,08/11/2026 04:13:45,26.32,3.49,3.08,26.29,36269.0,35314.6,22.27,23574.85
5732,08/11/2026 04:28:45,26.31,3.34,2.94,26.28,36479.3,35523.8,22.41,23711.54
5733,08/11/2026 04:43:45,26.31,3.22,2.84,26.28,35971.2,35029.0,22.07,23381.28
5734,08/11/2026 04:58:45,26.31,3.11,2.75,26.28,35854.7,34917.8,21.99,23305.58
5735,08/11/2026 05:13:45,26.31,3.02,2.67,26.27,36031.8,35094.6,22.11,23420.67
5736,08/11/2026 05:28:45,26.30,2.93,2.59,26.27,35792.4,34861.4,21.95,23265.04
5737,08/11/2026 05:43:45,26.28,2.83,2.51,26.26,35042.5,34139.6,21.45,22777.64
5738,08/11/2026 05:58:45,26.28,2.70,2.41,26.26,33352.3,32492.9,20.31,21679.01