#,Date-Time (EDT),Temperature   (°F),Absolute Pressure   (psi),Host Connected,End of File,Started,Button Up,Button Down
1,6/12/2026 11:44,86.64,14.5431,,,Logged,,
2,6/12/2026 11:59,83.28,17.629,,,,,
3,6/12/2026 12:14,75.73,17.4564,,,,,
4,6/12/2026 12:29,75.72,17.2769,,,,,
5,6/12/2026 12:44,76.03,17.0907,,,,,
6,6/12/2026 12:59,76.35,16.9166,,,,,
7,6/12/2026 13:14,76.66,16.7413,,,,,
8,6/12/2026 13:29,76.81,16.577,,,,,
9,6/12/2026 13:44,77.04,16.423,,,,,
10,6/12/2026 13:59,77.23,16.2703,,,,,
11,6/12/2026 14:14,77.41,16.132,,,,,
12,6/12/2026 14:29,77.54,15.9986,,,,,
13,6/12/2026 14:44,77.65,15.8715,,,,,
14,6/12/2026 14:59,77.68,15.7475,,,,,
15,6/12/2026 15:14,77.77,15.6354,,,,,
16,6/12/2026 15:29,77.89,15.5322,,,,,
17,6/12/2026 15:44,78.06,15.4291,,,,,
18,6/12/2026 15:59,78.3,15.3312,,,,,
19,6/12/2026 16:14,78.44,15.2512,,,,,
20,6/12/2026 16:29,78.56,15.2209,,,,,
21,6/12/2026 16:44,78.78,15.3029,,,,,
22,6/12/2026 16:59,79.21,15.4022,,,,,
23,6/12/2026 17:14,79.2,15.5312,,,,,
24,6/12/2026 17:29,78.4,15.7041,,,,,
25,6/12/2026 17:44,78.08,15.9143,,,,,
26,6/12/2026 17:59,78.11,16.1472,,,,,
27,6/12/2026 18:14,78.09,16.4053,,,,,
28,6/12/2026 18:29,78.27,16.6797,,,,,
29,6/12/2026 18:44,78.39,16.9888,,,,,
30,6/12/2026 18:59,78.28,17.314,,,,,
31,6/12/2026 19:14,78.05,17.6513,,,,,
32,6/12/2026 19:29,77.67,17.9817,,,,,
33,6/12/2026 19:44,77.06,18.3101,,,,,
34,6/12/2026 19:59,76.57,18.5976,,,,,
35,6/12/2026 20:14,76.05,18.8392,,,,,
36,6/12/2026 20:29,75.52,19.019,,,,,
37,6/12/2026 20:44,74.89,19.1508,,,,,
38,6/12/2026 20:59,74.3,19.2454,,,,,
39,6/12/2026 21:14,73.78,19.332,,,,,
40,6/12/2026 21:29,73.26,19.3997,,,,,
41,6/12/2026 21:44,72.75,19.4579,,,,,
42,6/12/2026 21:59,72.18,19.4944,,,,,
43,6/12/2026 22:14,71.51,19.5188,,,,,
44,6/12/2026 22:29,70.98,19.5232,,,,,
45,6/12/2026 22:44,70.58,19.4957,,,,,
46,6/12/2026 22:59,70.33,19.4218,,,,,
47,6/12/2026 23:14,70.47,19.304,,,,,
48,6/12/2026 23:29,70.44,19.1542,,,,,
49,6/12/2026 23:44,70.89,19,,,,,
50,6/12/2026 23:59,72.04,18.8373,,,,,
51,6/13/2026 0:14,72.28,18.6695,,,,,
52,6/13/2026 0:29,72.55,18.471,,,,,
53,6/13/2026 0:44,73.13,18.2576,,,,,
54,6/13/2026 0:59,73.64,18.0454,,,,,
55,6/13/2026 1:14,74.25,17.8268,,,,,
56,6/13/2026 1:29,74.94,17.6204,,,,,
57,6/13/2026 1:44,75.45,17.4143,,,,,
58,6/13/2026 1:59,75.88,17.2164,,,,,
59,6/13/2026 2:14,76.19,17.0165,,,,,
60,6/13/2026 2:29,76.37,16.8352,,,,,
61,6/13/2026 2:44,76.48,16.6527,,,,,
62,6/13/2026 2:59,76.53,16.477,,,,,
63,6/13/2026 3:14,76.54,16.3201,,,,,
64,6/13/2026 3:29,76.52,16.1645,,,,,
65,6/13/2026 3:44,76.49,16.0226,,,,,
66,6/13/2026 3:59,76.45,15.8871,,,,,
67,6/13/2026 4:14,76.4,15.7604,,,,,
68,6/13/2026 4:29,76.33,15.6368,,,,,
69,6/13/2026 4:44,76.26,15.5195,,,,,
70,6/13/2026 4:59,76.18,15.4128,,,,,
71,6/13/2026 5:14,76.14,15.31,,,,,
72,6/13/2026 5:29,76.08,15.2197,,,,,
73,6/13/2026 5:44,76.02,15.1536,,,,,
74,6/13/2026 5:59,75.97,15.1473,,,,,
75,6/13/2026 6:14,75.86,15.2665,,,,,
76,6/13/2026 6:29,75.8,15.3841,,,,,
77,6/13/2026 6:44,75.8,15.546,,,,,
78,6/13/2026 6:59,75.89,15.7706,,,,,
79,6/13/2026 7:14,75.9,16.0302,,,,,
80,6/13/2026 7:29,75.85,16.3136,,,,,
81,6/13/2026 7:44,75.63,16.6158,,,,,
82,6/13/2026 7:59,75.33,16.9357,,,,,
83,6/13/2026 8:14,74.96,17.2564,,,,,
84,6/13/2026 8:29,74.63,17.5964,,,,,
85,6/13/2026 8:44,74.4,17.9239,,,,,
86,6/13/2026 8:59,74.05,18.2326,,,,,
87,6/13/2026 9:14,73.55,18.4953,,,,,
88,6/13/2026 9:29,73.06,18.7262,,,,,
89,6/13/2026 9:44,72.69,18.8943,,,,,
90,6/13/2026 9:59,72.43,19.0136,,,,,
91,6/13/2026 10:14,72.23,19.075,,,,,
92,6/13/2026 10:29,72.06,19.1157,,,,,
93,6/13/2026 10:44,71.93,19.1211,,,,,
94,6/13/2026 10:59,71.85,19.0931,,,,,
95,6/13/2026 11:14,71.89,19.0338,,,,,
96,6/13/2026 11:29,72.02,18.9287,,,,,
97,6/13/2026 11:44,72.53,18.7792,,,,,
98,6/13/2026 11:59,73.31,18.6076,,,,,
99,6/13/2026 12:14,73.51,18.4159,,,,,
100,6/13/2026 12:29,73.9,18.2272,,,,,
101,6/13/2026 12:44,74.17,18.0416,,,,,
102,6/13/2026 12:59,74.56,17.84,,,,,
103,6/13/2026 13:14,74.93,17.6423,,,,,
104,6/13/2026 13:29,75.23,17.4421,,,,,
105,6/13/2026 13:44,75.67,17.2442,,,,,
106,6/13/2026 13:59,76.02,17.0525,,,,,
107,6/13/2026 14:14,76.33,16.8708,,,,,
108,6/13/2026 14:29,76.6,16.6992,,,,,
109,6/13/2026 14:44,76.9,16.5328,,,,,
110,6/13/2026 14:59,77.15,16.3714,,,,,
111,6/13/2026 15:14,77.35,16.2218,,,,,
112,6/13/2026 15:29,77.51,16.0785,,,,,
113,6/13/2026 15:44,77.66,15.9446,,,,,
114,6/13/2026 15:59,77.83,15.8145,,,,,
115,6/13/2026 16:14,78.07,15.694,,,,,
116,6/13/2026 16:29,78.23,15.5827,,,,,
117,6/13/2026 16:44,78.36,15.4733,,,,,
118,6/13/2026 16:59,78.5,15.3721,,,,,
119,6/13/2026 17:14,78.56,15.2869,,,,,
120,6/13/2026 17:29,78.58,15.2209,,,,,
121,6/13/2026 17:44,78.67,15.2454,,,,,
122,6/13/2026 17:59,78.94,15.368,,,,,
123,6/13/2026 18:14,78.91,15.4876,,,,,
124,6/13/2026 18:29,78.42,15.6523,,,,,
125,6/13/2026 18:44,78.17,15.8826,,,,,
126,6/13/2026 18:59,78.07,16.1465,,,,,
127,6/13/2026 19:14,77.94,16.4281,,,,,
128,6/13/2026 19:29,77.8,16.75,,,,,
129,6/13/2026 19:44,77.63,17.0817,,,,,
130,6/13/2026 19:59,77.39,17.44,,,,,
131,6/13/2026 20:14,77.09,17.8068,,,,,
132,6/13/2026 20:29,76.59,18.173,,,,,
133,6/13/2026 20:44,76.05,18.5144,,,,,
134,6/13/2026 20:59,75.6,18.811,,,,,
135,6/13/2026 21:14,75.21,19.053,,,,,
136,6/13/2026 21:29,74.81,19.2201,,,,,
137,6/13/2026 21:44,74.34,19.3397,,,,,
138,6/13/2026 21:59,73.91,19.4328,,,,,
139,6/13/2026 22:14,73.51,19.521,,,,,
140,6/13/2026 22:29,73.09,19.5852,,,,,
141,6/13/2026 22:44,72.59,19.6416,,,,,
142,6/13/2026 22:59,72.07,19.6833,,,,,
143,6/13/2026 23:14,71.73,19.7141,,,,,
144,6/13/2026 23:29,71.37,19.7228,,,,,
145,6/13/2026 23:44,71.01,19.6903,,,,,
146,6/13/2026 23:59,70.72,19.6105,,,,,
147,6/14/2026 0:14,70.68,19.4776,,,,,
148,6/14/2026 0:29,70.36,19.3246,,,,,
149,6/14/2026 0:44,70.84,19.169,,,,,
150,6/14/2026 0:59,71.54,19.0179,,,,,
151,6/14/2026 1:14,71.67,18.8402,,,,,
152,6/14/2026 1:29,71.87,18.6421,,,,,
153,6/14/2026 1:44,72.35,18.4132,,,,,
154,6/14/2026 1:59,72.82,18.1826,,,,,
155,6/14/2026 2:14,73.26,17.9773,,,,,
156,6/14/2026 2:29,73.73,17.7565,,,,,
157,6/14/2026 2:44,74.11,17.5595,,,,,
158,6/14/2026 2:59,74.42,17.348,,,,,
159,6/14/2026 3:14,74.71,17.1587,,,,,
160,6/14/2026 3:29,74.91,16.9724,,,,,
161,6/14/2026 3:44,75.06,16.7886,,,,,
162,6/14/2026 3:59,75.19,16.6174,,,,,
163,6/14/2026 4:14,75.27,16.4568,,,,,
164,6/14/2026 4:29,75.33,16.3013,,,,,
165,6/14/2026 4:44,75.37,16.1508,,,,,
166,6/14/2026 4:59,75.4,16.0085,,,,,
167,6/14/2026 5:14,75.4,15.8769,,,,,
168,6/14/2026 5:29,75.41,15.7515,,,,,
169,6/14/2026 5:44,75.43,15.6306,,,,,
170,6/14/2026 5:59,75.45,15.5154,,,,,
171,6/14/2026 6:14,75.47,15.4108,,,,,
172,6/14/2026 6:29,75.49,15.3125,,,,,
173,6/14/2026 6:44,75.5,15.2216,,,,,
174,6/14/2026 6:59,75.55,15.1589,,,,,
175,6/14/2026 7:14,75.62,15.1982,,,,,
176,6/14/2026 7:29,75.73,15.3248,,,,,
177,6/14/2026 7:44,75.84,15.4595,,,,,
178,6/14/2026 7:59,75.77,15.6519,,,,,
179,6/14/2026 8:14,75.48,15.9107,,,,,
180,6/14/2026 8:29,75.4,16.1977,,,,,
181,6/14/2026 8:44,75.29,16.5156,,,,,
182,6/14/2026 8:59,75.12,16.8538,,,,,
183,6/14/2026 9:14,74.78,17.1977,,,,,
184,6/14/2026 9:29,74.56,17.5592,,,,,
185,6/14/2026 9:44,74.34,17.9024,,,,,
186,6/14/2026 9:59,73.98,18.2306,,,,,
187,6/14/2026 10:14,73.63,18.5176,,,,,
188,6/14/2026 10:29,73.29,18.7563,,,,,
189,6/14/2026 10:44,73.03,18.9431,,,,,
190,6/14/2026 10:59,72.82,19.0657,,,,,
191,6/14/2026 11:14,72.69,19.1342,,,,,
192,6/14/2026 11:29,72.57,19.1668,,,,,
193,6/14/2026 11:44,72.47,19.176,,,,,
194,6/14/2026 11:59,72.41,19.1588,,,,,
195,6/14/2026 12:14,72.54,19.1054,,,,,
196,6/14/2026 12:29,72.55,19.0057,,,,,
197,6/14/2026 12:44,72.57,18.8657,,,,,
198,6/14/2026 12:59,73.35,18.6934,,,,,
199,6/14/2026 13:14,74.39,18.4884,,,,,
200,6/14/2026 13:29,73.88,18.299,,,,,
201,6/14/2026 13:44,74.43,18.09,,,,,
202,6/14/2026 13:59,74.54,17.8796,,,,,
203,6/14/2026 14:14,74.69,17.677,,,,,
204,6/14/2026 14:29,74.93,17.4722,,,,,
205,6/14/2026 14:44,75.25,17.262,,,,,
206,6/14/2026 14:59,75.53,17.0639,,,,,
207,6/14/2026 15:14,75.82,16.8791,,,,,
208,6/14/2026 15:29,76.03,16.6974,,,,,
209,6/14/2026 15:44,76.23,16.5239,,,,,
210,6/14/2026 15:59,76.42,16.363,,,,,
211,6/14/2026 16:14,76.61,16.2121,,,,,
212,6/14/2026 16:29,76.77,16.0644,,,,,
213,6/14/2026 16:44,76.92,15.9305,,,,,
214,6/14/2026 16:59,76.99,15.8022,,,,,
215,6/14/2026 17:14,77.06,15.6851,,,,,
216,6/14/2026 17:29,77.1,15.5711,,,,,
217,6/14/2026 17:44,77.14,15.4602,,,,,
218,6/14/2026 17:59,77.2,15.3551,,,,,
219,6/14/2026 18:14,77.25,15.2643,,,,,
220,6/14/2026 18:29,77.25,15.1915,,,,,
221,6/14/2026 18:44,77.23,15.2108,,,,,
222,6/14/2026 18:59,77.07,15.3262,,,,,
223,6/14/2026 19:14,76.99,15.4518,,,,,
224,6/14/2026 19:29,77.01,15.6239,,,,,
225,6/14/2026 19:44,77.01,15.864,,,,,
226,6/14/2026 19:59,76.95,16.1354,,,,,
227,6/14/2026 20:14,76.77,16.4406,,,,,
228,6/14/2026 20:29,76.37,16.7851,,,,,
229,6/14/2026 20:44,76,17.149,,,,,
230,6/14/2026 20:59,75.64,17.5277,,,,,
231,6/14/2026 21:14,75.37,17.9085,,,,,
232,6/14/2026 21:29,75.01,18.2783,,,,,
233,6/14/2026 21:44,74.54,18.6186,,,,,
234,6/14/2026 21:59,74.04,18.9108,,,,,
235,6/14/2026 22:14,73.71,19.1214,,,,,
236,6/14/2026 22:29,73.44,19.2566,,,,,
237,6/14/2026 22:44,73.2,19.366,,,,,
238,6/14/2026 22:59,72.99,19.466,,,,,
239,6/14/2026 23:14,72.73,19.5375,,,,,
240,6/14/2026 23:29,72.31,19.601,,,,,
241,6/14/2026 23:44,71.83,19.6612,,,,,
242,6/14/2026 23:59,71.56,19.7036,,,,,
243,6/15/2026 0:14,71.1,19.731,,,,,
244,6/15/2026 0:29,70.47,19.7485,,,,,
245,6/15/2026 0:44,69.95,19.7067,,,,,
246,6/15/2026 0:59,69.57,19.6217,,,,,
247,6/15/2026 1:14,69.67,19.4898,,,,,
248,6/15/2026 1:29,69.3,19.3328,,,,,
249,6/15/2026 1:44,70.04,19.1684,,,,,
250,6/15/2026 1:59,70.47,19.0078,,,,,
251,6/15/2026 2:14,70.56,18.8276,,,,,
252,6/15/2026 2:29,70.78,18.6188,,,,,
253,6/15/2026 2:44,71.16,18.3872,,,,,
254,6/15/2026 2:59,71.53,18.1565,,,,,
255,6/15/2026 3:14,71.92,17.9322,,,,,
256,6/15/2026 3:29,72.34,17.7088,,,,,
257,6/15/2026 3:44,72.65,17.4942,,,,,
258,6/15/2026 3:59,72.9,17.299,,,,,
259,6/15/2026 4:14,73.15,17.1102,,,,,
260,6/15/2026 4:29,73.39,16.924,,,,,
261,6/15/2026 4:44,73.58,16.7529,,,,,
262,6/15/2026 4:59,73.77,16.5831,,,,,
263,6/15/2026 5:14,73.92,16.4171,,,,,
264,6/15/2026 5:29,74.07,16.2643,,,,,
265,6/15/2026 5:44,74.19,16.1115,,,,,
266,6/15/2026 5:59,74.29,15.9626,,,,,
267,6/15/2026 6:14,74.35,15.8286,,,,,
268,6/15/2026 6:29,74.44,15.7016,,,,,
269,6/15/2026 6:44,74.53,15.5784,,,,,
270,6/15/2026 6:59,74.62,15.4652,,,,,
271,6/15/2026 7:14,74.73,15.3558,,,,,
272,6/15/2026 7:29,74.78,15.2563,,,,,
273,6/15/2026 7:44,74.84,15.1656,,,,,
274,6/15/2026 7:59,74.98,15.095,,,,,
275,6/15/2026 8:14,75.13,15.1332,,,,,
276,6/15/2026 8:29,75.13,15.247,,,,,
277,6/15/2026 8:44,75.24,15.3848,,,,,
278,6/15/2026 8:59,75.13,15.5802,,,,,
279,6/15/2026 9:14,74.77,15.8363,,,,,
280,6/15/2026 9:29,74.67,16.1319,,,,,
281,6/15/2026 9:44,74.57,16.481,,,,,
282,6/15/2026 9:59,74.38,16.8347,,,,,
283,6/15/2026 10:14,73.98,17.1903,,,,,
284,6/15/2026 10:29,73.71,17.5561,,,,,
285,6/15/2026 10:44,73.37,17.9166,,,,,
286,6/15/2026 10:59,72.94,18.2458,,,,,
287,6/15/2026 11:14,72.6,18.5247,,,,,
288,6/15/2026 11:29,72.36,18.758,,,,,
289,6/15/2026 11:44,72.17,18.9291,,,,,
290,6/15/2026 11:59,71.96,19.0321,,,,,
291,6/15/2026 12:14,71.79,19.0936,,,,,
292,6/15/2026 12:29,71.59,19.124,,,,,
293,6/15/2026 12:44,71.37,19.1406,,,,,
294,6/15/2026 12:59,71.23,19.1175,,,,,
295,6/15/2026 13:14,71.19,19.072,,,,,
296,6/15/2026 13:29,71.26,18.9806,,,,,
297,6/15/2026 13:44,71.3,18.8432,,,,,
298,6/15/2026 13:59,72.06,18.6759,,,,,
299,6/15/2026 14:14,72.84,18.4811,,,,,
300,6/15/2026 14:29,72.87,18.2866,,,,,
301,6/15/2026 14:44,73.1,18.087,,,,,
302,6/15/2026 14:59,73.45,17.8734,,,,,
303,6/15/2026 15:14,73.8,17.6568,,,,,
304,6/15/2026 15:29,74.17,17.4423,,,,,
305,6/15/2026 15:44,74.5,17.2297,,,,,
306,6/15/2026 15:59,74.87,17.0343,,,,,
307,6/15/2026 16:14,75.15,16.8338,,,,,
308,6/15/2026 16:29,75.45,16.6473,,,,,
309,6/15/2026 16:44,75.71,16.4752,,,,,
310,6/15/2026 16:59,75.93,16.3075,,,,,
311,6/15/2026 17:14,76.12,16.1493,,,,,
312,6/15/2026 17:29,76.32,16.0048,,,,,
313,6/15/2026 17:44,76.47,15.8678,,,,,
314,6/15/2026 17:59,76.61,15.7396,,,,,
315,6/15/2026 18:14,76.69,15.6145,,,,,
316,6/15/2026 18:29,76.67,15.5029,,,,,
317,6/15/2026 18:44,76.66,15.3908,,,,,
318,6/15/2026 18:59,76.64,15.2967,,,,,
319,6/15/2026 19:14,76.62,15.2039,,,,,
320,6/15/2026 19:29,76.6,15.1423,,,,,
321,6/15/2026 19:44,76.53,15.167,,,,,
322,6/15/2026 19:59,76.28,15.2966,,,,,
323,6/15/2026 20:14,76.14,15.4339,,,,,
324,6/15/2026 20:29,76.24,15.6285,,,,,
325,6/15/2026 20:44,76.4,15.8814,,,,,
326,6/15/2026 20:59,76.29,16.1746,,,,,
327,6/15/2026 21:14,76.01,16.5021,,,,,
328,6/15/2026 21:29,75.5,16.8577,,,,,
329,6/15/2026 21:44,75.08,17.2197,,,,,
330,6/15/2026 21:59,74.62,17.6159,,,,,
331,6/15/2026 22:14,74.3,18.0048,,,,,
332,6/15/2026 22:29,73.84,18.3914,,,,,
333,6/15/2026 22:44,73.2,18.7277,,,,,
334,6/15/2026 22:59,72.57,19.0007,,,,,
335,6/15/2026 23:14,72.12,19.1878,,,,,
336,6/15/2026 23:29,71.65,19.3175,,,,,
337,6/15/2026 23:44,71.25,19.417,,,,,
338,6/15/2026 23:59,70.79,19.512,,,,,
339,6/16/2026 0:14,70.29,19.5886,,,,,
340,6/16/2026 0:29,69.55,19.6527,,,,,
341,6/16/2026 0:44,68.85,19.7136,,,,,
342,6/16/2026 0:59,68.24,19.7597,,,,,
343,6/16/2026 1:14,67.48,19.7876,,,,,
344,6/16/2026 1:29,66.62,19.7926,,,,,
345,6/16/2026 1:44,65.91,19.7391,,,,,
346,6/16/2026 1:59,65.56,19.6264,,,,,
347,6/16/2026 2:14,65.76,19.4922,,,,,
348,6/16/2026 2:29,65.9,19.3371,,,,,
349,6/16/2026 2:44,66.81,19.1838,,,,,
350,6/16/2026 2:59,67.59,19.0177,,,,,
351,6/16/2026 3:14,67.66,18.8324,,,,,
352,6/16/2026 3:29,68.11,18.6236,,,,,
353,6/16/2026 3:44,68.61,18.3999,,,,,
354,6/16/2026 3:59,69.06,18.1693,,,,,
355,6/16/2026 4:14,69.59,17.9498,,,,,
356,6/16/2026 4:29,70.09,17.7479,,,,,
357,6/16/2026 4:44,70.45,17.539,,,,,
358,6/16/2026 4:59,70.77,17.3427,,,,,
359,6/16/2026 5:14,71.05,17.1534,,,,,
360,6/16/2026 5:29,71.33,16.9767,,,,,
361,6/16/2026 5:44,71.56,16.81,,,,,
362,6/16/2026 5:59,71.74,16.6402,,,,,
363,6/16/2026 6:14,71.89,16.4867,,,,,
364,6/16/2026 6:29,72.05,16.3314,,,,,
365,6/16/2026 6:44,72.17,16.1861,,,,,
366,6/16/2026 6:59,72.28,16.0496,,,,,
367,6/16/2026 7:14,72.39,15.9151,,,,,
368,6/16/2026 7:29,72.52,15.7875,,,,,
369,6/16/2026 7:44,72.64,15.6662,,,,,
370,6/16/2026 7:59,72.79,15.5488,,,,,
371,6/16/2026 8:14,72.95,15.4389,,,,,
372,6/16/2026 8:29,73.12,15.3421,,,,,
373,6/16/2026 8:44,73.28,15.2478,,,,,
374,6/16/2026 8:59,73.49,15.1711,,,,,
375,6/16/2026 9:14,73.76,15.1678,,,,,
376,6/16/2026 9:29,74.08,15.3053,,,,,
377,6/16/2026 9:44,74.29,15.4327,,,,,
378,6/16/2026 9:59,73.99,15.6222,,,,,
379,6/16/2026 10:14,73.04,15.8915,,,,,
380,6/16/2026 10:29,72.91,16.2132,,,,,
381,6/16/2026 10:44,72.8,16.5598,,,,,
382,6/16/2026 10:59,72.58,16.9167,,,,,
383,6/16/2026 11:14,72.07,17.2897,,,,,
384,6/16/2026 11:29,71.8,17.6712,,,,,
385,6/16/2026 11:44,71.32,18.022,,,,,
386,6/16/2026 11:59,70.68,18.3459,,,,,
387,6/16/2026 12:14,70.24,18.6296,,,,,
388,6/16/2026 12:29,69.9,18.8658,,,,,
389,6/16/2026 12:44,69.61,19.0286,,,,,
390,6/16/2026 12:59,69.37,19.129,,,,,
391,6/16/2026 13:14,69.17,19.1847,,,,,
392,6/16/2026 13:29,68.92,19.2057,,,,,
393,6/16/2026 13:44,68.71,19.2121,,,,,
394,6/16/2026 13:59,68.71,19.1843,,,,,
395,6/16/2026 14:14,68.74,19.1187,,,,,
396,6/16/2026 14:29,68.81,19.0085,,,,,
397,6/16/2026 14:44,68.69,18.8581,,,,,
398,6/16/2026 14:59,70.14,18.6754,,,,,
399,6/16/2026 15:14,70.5,18.4821,,,,,
400,6/16/2026 15:29,70.59,18.2846,,,,,
401,6/16/2026 15:44,70.8,18.0731,,,,,
402,6/16/2026 15:59,71.1,17.8581,,,,,
403,6/16/2026 16:14,71.4,17.6446,,,,,
404,6/16/2026 16:29,71.83,17.4309,,,,,
405,6/16/2026 16:44,72.3,17.2149,,,,,
406,6/16/2026 16:59,72.66,17.0151,,,,,
407,6/16/2026 17:14,73,16.8249,,,,,
408,6/16/2026 17:29,73.27,16.6408,,,,,
409,6/16/2026 17:44,73.53,16.47,,,,,
410,6/16/2026 17:59,73.75,16.3086,,,,,
411,6/16/2026 18:14,73.94,16.1579,,,,,
412,6/16/2026 18:29,74.07,16.0195,,,,,
413,6/16/2026 18:44,74.15,15.8868,,,,,
414,6/16/2026 18:59,74.22,15.7622,,,,,
415,6/16/2026 19:14,74.29,15.6477,,,,,
416,6/16/2026 19:29,74.33,15.5331,,,,,
417,6/16/2026 19:44,74.35,15.4273,,,,,
418,6/16/2026 19:59,74.35,15.3351,,,,,
419,6/16/2026 20:14,74.33,15.2442,,,,,
420,6/16/2026 20:29,74.31,15.1789,,,,,
421,6/16/2026 20:44,74.25,15.1993,,,,,
422,6/16/2026 20:59,73.98,15.3195,,,,,
423,6/16/2026 21:14,73.89,15.4395,,,,,
424,6/16/2026 21:29,74,15.6203,,,,,
425,6/16/2026 21:44,74.09,15.8686,,,,,
426,6/16/2026 21:59,74.02,16.1555,,,,,
427,6/16/2026 22:14,73.75,16.4824,,,,,
428,6/16/2026 22:29,73.17,16.8315,,,,,
429,6/16/2026 22:44,72.7,17.2133,,,,,
430,6/16/2026 22:59,72.22,17.6018,,,,,
431,6/16/2026 23:14,71.92,18.0032,,,,,
432,6/16/2026 23:29,71.48,18.393,,,,,
433,6/16/2026 23:44,70.82,18.7399,,,,,
434,6/16/2026 23:59,70.24,19.0306,,,,,
435,6/17/2026 0:14,69.8,19.2216,,,,,
436,6/17/2026 0:29,69.43,19.3546,,,,,
437,6/17/2026 0:44,69.16,19.4621,,,,,
438,6/17/2026 0:59,68.96,19.5533,,,,,
439,6/17/2026 1:14,68.66,19.6291,,,,,
440,6/17/2026 1:29,68.2,19.6818,,,,,
441,6/17/2026 1:44,67.82,19.7264,,,,,
442,6/17/2026 1:59,67.57,19.76,,,,,
443,6/17/2026 2:14,67.2,19.7826,,,,,
444,6/17/2026 2:29,66.75,19.7644,,,,,
445,6/17/2026 2:44,66.38,19.6928,,,,,
446,6/17/2026 2:59,66.15,19.5759,,,,,
447,6/17/2026 3:14,65.93,19.4269,,,,,
448,6/17/2026 3:29,66.27,19.2697,,,,,
449,6/17/2026 3:44,66.54,19.1176,,,,,
450,6/17/2026 3:59,66.9,18.9399,,,,,
451,6/17/2026 4:14,67.05,18.7466,,,,,
452,6/17/2026 4:29,67.29,18.5292,,,,,
453,6/17/2026 4:44,67.61,18.3033,,,,,
454,6/17/2026 4:59,67.95,18.0826,,,,,
455,6/17/2026 5:14,68.31,17.8622,,,,,
456,6/17/2026 5:29,68.63,17.6569,,,,,
457,6/17/2026 5:44,68.91,17.4567,,,,,
458,6/17/2026 5:59,69.16,17.261,,,,,
459,6/17/2026 6:14,69.42,17.0792,,,,,
460,6/17/2026 6:29,69.68,16.9,,,,,
461,6/17/2026 6:44,69.91,16.7228,,,,,
462,6/17/2026 6:59,70.1,16.5662,,,,,
463,6/17/2026 7:14,70.28,16.4084,,,,,
464,6/17/2026 7:29,70.43,16.2588,,,,,
465,6/17/2026 7:44,70.6,16.1175,,,,,
466,6/17/2026 7:59,70.79,15.9768,,,,,
467,6/17/2026 8:14,70.98,15.85,,,,,
468,6/17/2026 8:29,71.2,15.7245,,,,,
469,6/17/2026 8:44,71.44,15.6047,,,,,
470,6/17/2026 8:59,71.75,15.4932,,,,,
471,6/17/2026 9:14,71.66,15.3617,,,,,
472,6/17/2026 9:29,72.38,15.2666,,,,,
473,6/17/2026 9:44,72.66,15.1825,,,,,
474,6/17/2026 9:59,72.92,15.1277,,,,,
475,6/17/2026 10:14,73.3,15.2236,,,,,
476,6/17/2026 10:29,73.77,15.3421,,,,,
477,6/17/2026 10:44,73.93,15.5043,,,,,
478,6/17/2026 10:59,72.68,15.7299,,,,,
479,6/17/2026 11:14,72.13,16.0319,,,,,
480,6/17/2026 11:29,72.09,16.364,,,,,
481,6/17/2026 11:44,72.22,16.7125,,,,,
482,6/17/2026 11:59,72.06,17.0859,,,,,
483,6/17/2026 12:14,71.86,17.4743,,,,,
484,6/17/2026 12:29,71.56,17.8522,,,,,
485,6/17/2026 12:44,70.93,18.2099,,,,,
486,6/17/2026 12:59,70.47,18.5261,,,,,
487,6/17/2026 13:14,70.28,18.7835,,,,,
488,6/17/2026 13:29,70.01,18.9872,,,,,
489,6/17/2026 13:44,69.72,19.114,,,,,
490,6/17/2026 13:59,69.39,19.1947,,,,,
491,6/17/2026 14:14,68.99,19.2443,,,,,
492,6/17/2026 14:29,68.73,19.2753,,,,,
493,6/17/2026 14:44,68.52,19.278,,,,,
494,6/17/2026 14:59,68.41,19.25,,,,,
495,6/17/2026 15:14,68.38,19.1792,,,,,
496,6/17/2026 15:29,68.47,19.0613,,,,,
497,6/17/2026 15:44,68.48,18.9055,,,,,
498,6/17/2026 15:59,69.58,18.7251,,,,,
499,6/17/2026 16:14,70.13,18.5329,,,,,
500,6/17/2026 16:29,70.45,18.334,,,,,
501,6/17/2026 16:44,70.63,18.1274,,,,,
502,6/17/2026 16:59,70.84,17.9141,,,,,
503,6/17/2026 17:14,71.11,17.6986,,,,,
504,6/17/2026 17:29,71.38,17.4801,,,,,
505,6/17/2026 17:44,71.68,17.2725,,,,,
506,6/17/2026 17:59,71.98,17.0689,,,,,
507,6/17/2026 18:14,72.26,16.8834,,,,,
508,6/17/2026 18:29,72.46,16.7017,,,,,
509,6/17/2026 18:44,72.62,16.5338,,,,,
510,6/17/2026 18:59,72.73,16.3659,,,,,
511,6/17/2026 19:14,72.84,16.2206,,,,,
512,6/17/2026 19:29,72.97,16.0716,,,,,
513,6/17/2026 19:44,73.03,15.9314,,,,,
514,6/17/2026 19:59,73.1,15.8061,,,,,
515,6/17/2026 20:14,73.13,15.6859,,,,,
516,6/17/2026 20:29,73.15,15.5694,,,,,
517,6/17/2026 20:44,73.15,15.4629,,,,,
518,6/17/2026 20:59,73.14,15.3627,,,,,
519,6/17/2026 21:14,73.12,15.2742,,,,,
520,6/17/2026 21:29,73.1,15.2058,,,,,
521,6/17/2026 21:44,73.08,15.2163,,,,,
522,6/17/2026 21:59,72.88,15.3472,,,,,
523,6/17/2026 22:14,72.8,15.4778,,,,,
524,6/17/2026 22:29,72.85,15.6635,,,,,
525,6/17/2026 22:44,73.03,15.9289,,,,,
526,6/17/2026 22:59,73,16.2165,,,,,
527,6/17/2026 23:14,72.76,16.5529,,,,,
528,6/17/2026 23:29,72.32,16.8798,,,,,
529,6/17/2026 23:44,71.99,17.2613,,,,,
530,6/17/2026 23:59,71.6,17.6432,,,,,
531,6/18/2026 0:14,71.4,18.0285,,,,,
532,6/18/2026 0:29,71.07,18.4248,,,,,
533,6/18/2026 0:44,70.53,18.738,,,,,
534,6/18/2026 0:59,70,19.0112,,,,,
535,6/18/2026 1:14,69.61,19.2015,,,,,
536,6/18/2026 1:29,69.3,19.3183,,,,,
537,6/18/2026 1:44,69.04,19.4194,,,,,
538,6/18/2026 1:59,68.9,19.4962,,,,,
539,6/18/2026 2:14,68.72,19.566,,,,,
540,6/18/2026 2:29,68.36,19.6189,,,,,
541,6/18/2026 2:44,67.96,19.6528,,,,,
542,6/18/2026 2:59,67.76,19.6883,,,,,
543,6/18/2026 3:14,67.49,19.6846,,,,,
544,6/18/2026 3:29,67.17,19.6471,,,,,
545,6/18/2026 3:44,66.97,19.5556,,,,,
546,6/18/2026 3:59,66.87,19.4157,,,,,
547,6/18/2026 4:14,66.66,19.2694,,,,,
548,6/18/2026 4:29,67.08,19.1018,,,,,
549,6/18/2026 4:44,67.53,18.9431,,,,,
550,6/18/2026 4:59,67.58,18.7642,,,,,
551,6/18/2026 5:14,67.73,18.5509,,,,,
552,6/18/2026 5:29,68,18.3331,,,,,
553,6/18/2026 5:44,68.25,18.1147,,,,,
554,6/18/2026 5:59,68.5,17.8921,,,,,
555,6/18/2026 6:14,68.78,17.6723,,,,,
556,6/18/2026 6:29,69.06,17.4696,,,,,
557,6/18/2026 6:44,69.33,17.2689,,,,,
558,6/18/2026 6:59,69.59,17.0683,,,,,
559,6/18/2026 7:14,69.84,16.8835,,,,,
560,6/18/2026 7:29,70.05,16.7012,,,,,
561,6/18/2026 7:44,70.2,16.5345,,,,,
562,6/18/2026 7:59,70.31,16.3767,,,,,
563,6/18/2026 8:14,70.41,16.2238,,,,,
564,6/18/2026 8:29,70.5,16.0773,,,,,
565,6/18/2026 8:44,70.58,15.9315,,,,,
566,6/18/2026 8:59,70.68,15.7958,,,,,
567,6/18/2026 9:14,70.74,15.6694,,,,,
568,6/18/2026 9:29,70.78,15.553,,,,,
569,6/18/2026 9:44,70.85,15.4398,,,,,
570,6/18/2026 9:59,70.9,15.3297,,,,,
571,6/18/2026 10:14,70.95,15.2291,,,,,
572,6/18/2026 10:29,71.13,15.1355,,,,,
573,6/18/2026 10:44,71.25,15.0667,,,,,
574,6/18/2026 10:59,71.42,15.1043,,,,,
575,6/18/2026 11:14,71.65,15.2385,,,,,
576,6/18/2026 11:29,71.73,15.3699,,,,,
577,6/18/2026 11:44,71.44,15.5873,,,,,
578,6/18/2026 11:59,70.99,15.8581,,,,,
579,6/18/2026 12:14,70.85,16.1735,,,,,
580,6/18/2026 12:29,70.65,16.5004,,,,,
581,6/18/2026 12:44,70.39,16.8595,,,,,
582,6/18/2026 12:59,70.09,17.2328,,,,,
583,6/18/2026 13:14,69.74,17.6191,,,,,
584,6/18/2026 13:29,69.34,17.9806,,,,,
585,6/18/2026 13:44,68.91,18.3149,,,,,
586,6/18/2026 13:59,68.58,18.5862,,,,,
587,6/18/2026 14:14,68.38,18.8044,,,,,
588,6/18/2026 14:29,68.14,18.959,,,,,
589,6/18/2026 14:44,67.92,19.0431,,,,,
590,6/18/2026 14:59,67.72,19.1057,,,,,
591,6/18/2026 15:14,67.51,19.1538,,,,,
592,6/18/2026 15:29,67.39,19.1794,,,,,
593,6/18/2026 15:44,67.27,19.1931,,,,,
594,6/18/2026 15:59,67.13,19.1637,,,,,
595,6/18/2026 16:14,66.91,19.0944,,,,,
596,6/18/2026 16:29,66.94,18.9974,,,,,
597,6/18/2026 16:44,66.86,18.8521,,,,,
598,6/18/2026 16:59,67.6,18.6962,,,,,
599,6/18/2026 17:14,68,18.5188,,,,,
600,6/18/2026 17:29,68.28,18.3381,,,,,
601,6/18/2026 17:44,68.26,18.1078,,,,,
602,6/18/2026 17:59,68.31,17.9049,,,,,
603,6/18/2026 18:14,68.58,17.7026,,,,,
604,6/18/2026 18:29,68.87,17.5012,,,,,
605,6/18/2026 18:44,69.18,17.2974,,,,,
606,6/18/2026 18:59,69.48,17.0837,,,,,
607,6/18/2026 19:14,69.77,16.8889,,,,,
608,6/18/2026 19:29,70.02,16.6986,,,,,
609,6/18/2026 19:44,70.24,16.5171,,,,,
610,6/18/2026 19:59,70.39,16.3456,,,,,
611,6/18/2026 20:14,70.53,16.1891,,,,,
612,6/18/2026 20:29,70.63,16.0389,,,,,
613,6/18/2026 20:44,70.71,15.8993,,,,,
614,6/18/2026 20:59,70.81,15.7711,,,,,
615,6/18/2026 21:14,70.86,15.6491,,,,,
616,6/18/2026 21:29,70.89,15.5314,,,,,
617,6/18/2026 21:44,70.92,15.42,,,,,
618,6/18/2026 21:59,70.92,15.3167,,,,,
619,6/18/2026 22:14,70.92,15.2346,,,,,
620,6/18/2026 22:29,70.91,15.196,,,,,
621,6/18/2026 22:44,70.82,15.2842,,,,,
622,6/18/2026 22:59,70.64,15.4046,,,,,
623,6/18/2026 23:14,70.63,15.5315,,,,,
624,6/18/2026 23:29,70.68,15.7397,,,,,
625,6/18/2026 23:44,70.63,15.9865,,,,,
626,6/18/2026 23:59,70.51,16.2565,,,,,
627,6/19/2026 0:14,70.28,16.5572,,,,,
628,6/19/2026 0:29,69.94,16.8893,,,,,
629,6/19/2026 0:44,69.61,17.2462,,,,,
630,6/19/2026 0:59,69.19,17.6179,,,,,
631,6/19/2026 1:14,68.94,17.9924,,,,,
632,6/19/2026 1:29,68.65,18.3339,,,,,
633,6/19/2026 1:44,68.26,18.6252,,,,,
634,6/19/2026 1:59,67.8,18.8731,,,,,
635,6/19/2026 2:14,67.5,19.0333,,,,,
636,6/19/2026 2:29,67.23,19.1545,,,,,
637,6/19/2026 2:44,67,19.2323,,,,,
638,6/19/2026 2:59,66.84,19.3203,,,,,
639,6/19/2026 3:14,66.6,19.3848,,,,,
640,6/19/2026 3:29,66.31,19.429,,,,,
641,6/19/2026 3:44,65.97,19.456,,,,,
642,6/19/2026 3:59,65.56,19.4627,,,,,
643,6/19/2026 4:14,65.26,19.4456,,,,,
644,6/19/2026 4:29,65.02,19.3882,,,,,
645,6/19/2026 4:44,64.9,19.2907,,,,,
646,6/19/2026 4:59,64.87,19.148,,,,,
647,6/19/2026 5:14,65.02,18.9944,,,,,
648,6/19/2026 5:29,65.38,18.8262,,,,,
649,6/19/2026 5:44,65.78,18.6607,,,,,
650,6/19/2026 5:59,65.86,18.4537,,,,,
651,6/19/2026 6:14,66.14,18.2423,,,,,
652,6/19/2026 6:29,66.34,18.0277,,,,,
653,6/19/2026 6:44,66.57,17.8089,,,,,
654,6/19/2026 6:59,66.86,17.593,,,,,
655,6/19/2026 7:14,67.18,17.3955,,,,,
656,6/19/2026 7:29,67.48,17.1974,,,,,
657,6/19/2026 7:44,67.74,16.9963,,,,,
658,6/19/2026 7:59,67.99,16.8053,,,,,
659,6/19/2026 8:14,68.22,16.6262,,,,,
660,6/19/2026 8:29,68.44,16.4548,,,,,
661,6/19/2026 8:44,68.64,16.2866,,,,,
662,6/19/2026 8:59,68.82,16.1296,,,,,
663,6/19/2026 9:14,69,15.9877,,,,,
664,6/19/2026 9:29,69.2,15.8391,,,,,
665,6/19/2026 9:44,69.42,15.7142,,,,,
666,6/19/2026 9:59,69.61,15.5751,,,,,
667,6/19/2026 10:14,69.81,15.4652,,,,,
668,6/19/2026 10:29,70.08,15.3519,,,,,
669,6/19/2026 10:44,70.34,15.241,,,,,
670,6/19/2026 10:59,70.59,15.155,,,,,
671,6/19/2026 11:14,70.84,15.066,,,,,
672,6/19/2026 11:29,71.07,14.998,,,,,
673,6/19/2026 11:44,71.38,14.9768,,,,,
674,6/19/2026 11:59,71.43,15.0932,,,,,
675,6/19/2026 12:14,72.21,15.2184,,,,,
676,6/19/2026 12:29,71.67,15.3928,,,,,
677,6/19/2026 12:44,71.18,15.6154,,,,,
678,6/19/2026 12:59,70.72,15.9031,,,,,
679,6/19/2026 13:14,70.6,16.2255,,,,,
680,6/19/2026 13:29,70.79,16.5657,,,,,
681,6/19/2026 13:44,70.79,16.9073,,,,,
682,6/19/2026 13:59,70.71,17.2887,,,,,
683,6/19/2026 14:14,70.51,17.6389,,,,,
684,6/19/2026 14:29,69.93,17.9643,,,,,
685,6/19/2026 14:44,69.48,18.274,,,,,
686,6/19/2026 14:59,69.28,18.5248,,,,,
687,6/19/2026 15:14,69.14,18.7412,,,,,
688,6/19/2026 15:29,68.93,18.8876,,,,,
689,6/19/2026 15:44,68.65,18.9873,,,,,
690,6/19/2026 15:59,68.36,19.0352,,,,,
691,6/19/2026 16:14,68.1,19.0592,,,,,
692,6/19/2026 16:29,67.94,19.0519,,,,,
693,6/19/2026 16:44,67.9,19.0279,,,,,
694,6/19/2026 16:59,67.87,18.9426,,,,,
695,6/19/2026 17:14,67.92,18.8393,,,,,
696,6/19/2026 17:29,67.94,18.6799,,,,,
697,6/19/2026 17:44,68.76,18.4946,,,,,
698,6/19/2026 17:59,69.13,18.3154,,,,,
699,6/19/2026 18:14,69.32,18.122,,,,,
700,6/19/2026 18:29,69.49,17.9181,,,,,
701,6/19/2026 18:44,69.69,17.7201,,,,,
702,6/19/2026 18:59,69.84,17.5157,,,,,
703,6/19/2026 19:14,70,17.3223,,,,,
704,6/19/2026 19:29,70.19,17.1196,,,,,
705,6/19/2026 19:44,70.38,16.929,,,,,
706,6/19/2026 19:59,70.54,16.7409,,,,,
707,6/19/2026 20:14,70.67,16.5711,,,,,
708,6/19/2026 20:29,70.77,16.4025,,,,,
709,6/19/2026 20:44,70.83,16.2496,,,,,
710,6/19/2026 20:59,70.89,16.1006,,,,,
711,6/19/2026 21:14,70.94,15.9603,,,,,
712,6/19/2026 21:29,70.94,15.8318,,,,,
713,6/19/2026 21:44,70.93,15.7034,,,,,
714,6/19/2026 21:59,70.92,15.5813,,,,,
715,6/19/2026 22:14,70.9,15.4679,,,,,
716,6/19/2026 22:29,70.87,15.359,,,,,
717,6/19/2026 22:44,70.84,15.2587,,,,,
718,6/19/2026 22:59,70.82,15.1722,,,,,
719,6/19/2026 23:14,70.78,15.1013,,,,,
720,6/19/2026 23:29,70.71,15.0825,,,,,
721,6/19/2026 23:44,70.42,15.1908,,,,,
722,6/19/2026 23:59,70.23,15.3018,,,,,
723,6/20/2026 0:14,70.09,15.4421,,,,,
724,6/20/2026 0:29,70.42,15.632,,,,,
725,6/20/2026 0:44,70.52,15.8641,,,,,
726,6/20/2026 0:59,70.47,16.1222,,,,,
727,6/20/2026 1:14,70.2,16.4233,,,,,
728,6/20/2026 1:29,69.79,16.7194,,,,,
729,6/20/2026 1:44,69.45,17.0586,,,,,
730,6/20/2026 1:59,69.07,17.3912,,,,,
731,6/20/2026 2:14,68.83,17.7484,,,,,
732,6/20/2026 2:29,68.67,18.0697,,,,,
733,6/20/2026 2:44,68.34,18.3861,,,,,
734,6/20/2026 2:59,67.85,18.6425,,,,,
735,6/20/2026 3:14,67.37,18.8482,,,,,
736,6/20/2026 3:29,66.99,18.9911,,,,,
737,6/20/2026 3:44,66.61,19.0894,,,,,
738,6/20/2026 3:59,66.28,19.1517,,,,,
739,6/20/2026 4:14,66,19.1972,,,,,
740,6/20/2026 4:29,65.72,19.2256,,,,,
741,6/20/2026 4:44,65.48,19.2383,,,,,
742,6/20/2026 4:59,65.27,19.2284,,,,,
743,6/20/2026 5:14,65.06,19.185,,,,,
744,6/20/2026 5:29,64.99,19.1047,,,,,
745,6/20/2026 5:44,65.08,18.9844,,,,,
746,6/20/2026 5:59,65.06,18.8337,,,,,
747,6/20/2026 6:14,65.3,18.666,,,,,
748,6/20/2026 6:29,65.75,18.4869,,,,,
749,6/20/2026 6:44,65.93,18.2947,,,,,
750,6/20/2026 6:59,66.2,18.0934,,,,,
751,6/20/2026 7:14,66.55,17.8811,,,,,
752,6/20/2026 7:29,66.94,17.666,,,,,
753,6/20/2026 7:44,67.36,17.4566,,,,,
754,6/20/2026 7:59,67.74,17.2424,,,,,
755,6/20/2026 8:14,68.05,17.0288,,,,,
756,6/20/2026 8:29,68.28,16.8402,,,,,
757,6/20/2026 8:44,68.48,16.648,,,,,
758,6/20/2026 8:59,68.67,16.4621,,,,,
759,6/20/2026 9:14,68.85,16.2826,,,,,
760,6/20/2026 9:29,69.03,16.1294,,,,,
761,6/20/2026 9:44,69.22,15.9825,,,,,
762,6/20/2026 9:59,69.41,15.8351,,,,,
763,6/20/2026 10:14,69.6,15.7152,,,,,
764,6/20/2026 10:29,69.81,15.5891,,,,,
765,6/20/2026 10:44,69.92,15.4754,,,,,
766,6/20/2026 10:59,69.88,15.3484,,,,,
767,6/20/2026 11:14,70.07,15.2467,,,,,
768,6/20/2026 11:29,70.16,15.1555,,,,,
769,6/20/2026 11:44,70.2,15.0573,,,,,
770,6/20/2026 11:59,70.34,14.9961,,,,,
771,6/20/2026 12:14,70.55,14.9499,,,,,
772,6/20/2026 12:29,70.93,15.0158,,,,,
773,6/20/2026 12:44,71.19,15.107,,,,,
774,6/20/2026 12:59,71.13,15.2176,,,,,
775,6/20/2026 13:14,70.76,15.3979,,,,,
776,6/20/2026 13:29,70.73,15.5865,,,,,
777,6/20/2026 13:44,70.4,15.8283,,,,,
778,6/20/2026 13:59,70.38,16.0902,,,,,
779,6/20/2026 14:14,70.43,16.4,,,,,
780,6/20/2026 14:29,70.36,16.7149,,,,,
781,6/20/2026 14:44,70.2,17.0683,,,,,
782,6/20/2026 14:59,70.2,17.3967,,,,,
783,6/20/2026 15:14,69.83,17.7266,,,,,
784,6/20/2026 15:29,69.31,18.0485,,,,,
785,6/20/2026 15:44,68.9,18.3231,,,,,
786,6/20/2026 15:59,68.63,18.5706,,,,,
787,6/20/2026 16:14,68.36,18.7659,,,,,
788,6/20/2026 16:29,68.13,18.8934,,,,,
789,6/20/2026 16:44,67.81,18.9879,,,,,
790,6/20/2026 16:59,67.48,19.0402,,,,,
791,6/20/2026 17:14,67.22,19.0522,,,,,
792,6/20/2026 17:29,67.04,19.0386,,,,,
793,6/20/2026 17:44,66.97,18.9835,,,,,
794,6/20/2026 17:59,67.06,18.8948,,,,,
795,6/20/2026 18:14,67.07,18.7656,,,,,
796,6/20/2026 18:29,67.76,18.5995,,,,,
797,6/20/2026 18:44,68.28,18.4187,,,,,
798,6/20/2026 18:59,68.35,18.2363,,,,,
799,6/20/2026 19:14,68.58,18.0431,,,,,
800,6/20/2026 19:29,68.81,17.8545,,,,,
801,6/20/2026 19:44,69.04,17.6666,,,,,
802,6/20/2026 19:59,69.24,17.4775,,,,,
803,6/20/2026 20:14,69.44,17.286,,,,,
804,6/20/2026 20:29,69.63,17.099,,,,,
805,6/20/2026 20:44,69.82,16.9191,,,,,
806,6/20/2026 20:59,69.98,16.7454,,,,,
807,6/20/2026 21:14,70.1,16.5812,,,,,
808,6/20/2026 21:29,70.2,16.4277,,,,,
809,6/20/2026 21:44,70.27,16.2741,,,,,
810,6/20/2026 21:59,70.32,16.1331,,,,,
811,6/20/2026 22:14,70.35,15.9972,,,,,
812,6/20/2026 22:29,70.37,15.87,,,,,
813,6/20/2026 22:44,70.38,15.7491,,,,,
814,6/20/2026 22:59,70.38,15.632,,,,,
815,6/20/2026 23:14,70.38,15.5267,,,,,
816,6/20/2026 23:29,70.38,15.4246,,,,,
817,6/20/2026 23:44,70.37,15.3306,,,,,
818,6/20/2026 23:59,70.36,15.246,,,,,
819,6/21/2026 0:14,70.32,15.185,,,,,
820,6/21/2026 0:29,70.28,15.2004,,,,,
821,6/21/2026 0:44,70.11,15.3084,,,,,
822,6/21/2026 0:59,70,15.4152,,,,,
823,6/21/2026 1:14,69.99,15.5646,,,,,
824,6/21/2026 1:29,70.23,15.7544,,,,,
825,6/21/2026 1:44,70.25,15.9677,,,,,
826,6/21/2026 1:59,70.17,16.2071,,,,,
827,6/21/2026 2:14,69.96,16.474,,,,,
828,6/21/2026 2:29,69.65,16.7566,,,,,
829,6/21/2026 2:44,69.34,17.0577,,,,,
830,6/21/2026 2:59,69.02,17.366,,,,,
831,6/21/2026 3:14,68.74,17.6797,,,,,
832,6/21/2026 3:29,68.53,17.9777,,,,,
833,6/21/2026 3:44,68.23,18.2574,,,,,
834,6/21/2026 3:59,67.82,18.5159,,,,,
835,6/21/2026 4:14,67.33,18.7302,,,,,
836,6/21/2026 4:29,66.91,18.9052,,,,,
837,6/21/2026 4:44,66.6,19.03,,,,,
838,6/21/2026 4:59,66.32,19.1076,,,,,
839,6/21/2026 5:14,66.01,19.1492,,,,,
840,6/21/2026 5:29,65.79,19.1671,,,,,
841,6/21/2026 5:44,65.64,19.156,,,,,
842,6/21/2026 5:59,65.58,19.1174,,,,,
843,6/21/2026 6:14,65.57,19.0404,,,,,
844,6/21/2026 6:29,65.63,18.9283,,,,,
845,6/21/2026 6:44,65.76,18.7785,,,,,
846,6/21/2026 6:59,66.2,18.5986,,,,,
847,6/21/2026 7:14,66.51,18.4129,,,,,
848,6/21/2026 7:29,66.78,18.2204,,,,,
849,6/21/2026 7:44,67.1,18.0318,,,,,
850,6/21/2026 7:59,67.49,17.8347,,,,,
851,6/21/2026 8:14,67.83,17.6364,,,,,
852,6/21/2026 8:29,68.12,17.4394,,,,,
853,6/21/2026 8:44,68.4,17.2444,,,,,
854,6/21/2026 8:59,68.66,17.052,,,,,
855,6/21/2026 9:14,68.93,16.8666,,,,,
856,6/21/2026 9:29,69.19,16.6957,,,,,
857,6/21/2026 9:44,69.43,16.5311,,,,,
858,6/21/2026 9:59,69.67,16.3735,,,,,
859,6/21/2026 10:14,69.92,16.2235,,,,,
860,6/21/2026 10:29,70.11,16.0822,,,,,
861,6/21/2026 10:44,70.34,15.951,,,,,
862,6/21/2026 10:59,70.59,15.823,,,,,
863,6/21/2026 11:14,70.79,15.7075,,,,,
864,6/21/2026 11:29,70.74,15.594,,,,,
865,6/21/2026 11:44,70.94,15.4823,,,,,
866,6/21/2026 11:59,71.21,15.3789,,,,,
867,6/21/2026 12:14,71.24,15.2875,,,,,
868,6/21/2026 12:29,71.29,15.2042,,,,,
869,6/21/2026 12:44,71.76,15.1361,,,,,
870,6/21/2026 12:59,72.3,15.1358,,,,,
871,6/21/2026 13:14,72.56,15.2333,,,,,
872,6/21/2026 13:29,72.51,15.3253,,,,,
873,6/21/2026 13:44,72.59,15.4512,,,,,
874,6/21/2026 13:59,71.96,15.6257,,,,,
875,6/21/2026 14:14,71.65,15.8295,,,,,
876,6/21/2026 14:29,71.34,16.0765,,,,,
877,6/21/2026 14:44,71.27,16.3336,,,,,
878,6/21/2026 14:59,71.46,16.6221,,,,,
879,6/21/2026 15:14,71.57,16.9252,,,,,
880,6/21/2026 15:29,71.39,17.2406,,,,,
881,6/21/2026 15:44,71.32,17.5641,,,,,
882,6/21/2026 15:59,70.93,17.8892,,,,,
883,6/21/2026 16:14,70.33,18.1727,,,,,
884,6/21/2026 16:29,69.87,18.448,,,,,
885,6/21/2026 16:44,69.63,18.6748,,,,,
886,6/21/2026 16:59,69.46,18.8459,,,,,
887,6/21/2026 17:14,69.17,18.9809,,,,,
888,6/21/2026 17:29,68.8,19.0791,,,,,
889,6/21/2026 17:44,68.4,19.1331,,,,,
890,6/21/2026 17:59,68.15,19.1578,,,,,
891,6/21/2026 18:14,67.87,19.1597,,,,,
892,6/21/2026 18:29,67.76,19.1336,,,,,
893,6/21/2026 18:44,67.76,19.0698,,,,,
894,6/21/2026 18:59,67.88,18.966,,,,,
895,6/21/2026 19:14,67.98,18.8262,,,,,
896,6/21/2026 19:29,68.67,18.6639,,,,,
897,6/21/2026 19:44,68.99,18.4939,,,,,
898,6/21/2026 19:59,69.21,18.3244,,,,,
899,6/21/2026 20:14,69.45,18.1443,,,,,
900,6/21/2026 20:29,69.67,17.9512,,,,,
901,6/21/2026 20:44,69.84,17.7631,,,,,
902,6/21/2026 20:59,70.02,17.5776,,,,,
903,6/21/2026 21:14,70.24,17.3861,,,,,
904,6/21/2026 21:29,70.44,17.2091,,,,,
905,6/21/2026 21:44,70.61,17.0309,,,,,
906,6/21/2026 21:59,70.74,16.8603,,,,,
907,6/21/2026 22:14,70.84,16.6965,,,,,
908,6/21/2026 22:29,70.9,16.5403,,,,,
909,6/21/2026 22:44,70.94,16.3923,,,,,
910,6/21/2026 22:59,70.94,16.2517,,,,,
911,6/21/2026 23:14,70.94,16.1181,,,,,
912,6/21/2026 23:29,70.93,15.9921,,,,,
913,6/21/2026 23:44,70.9,15.8735,,,,,
914,6/21/2026 23:59,70.88,15.7613,,,,,
915,6/22/2026 0:14,70.86,15.6578,,,,,
916,6/22/2026 0:29,70.82,15.5562,,,,,
917,6/22/2026 0:44,70.78,15.4683,,,,,
918,6/22/2026 0:59,70.73,15.3966,,,,,
919,6/22/2026 1:14,70.7,15.3642,,,,,
920,6/22/2026 1:29,70.6,15.4275,,,,,
921,6/22/2026 1:44,70.45,15.5175,,,,,
922,6/22/2026 1:59,70.4,15.627,,,,,
923,6/22/2026 2:14,70.58,15.7763,,,,,
924,6/22/2026 2:29,70.64,15.9541,,,,,
925,6/22/2026 2:44,70.62,16.155,,,,,
926,6/22/2026 2:59,70.54,16.384,,,,,
927,6/22/2026 3:14,70.38,16.6243,,,,,
928,6/22/2026 3:29,70.12,16.8828,,,,,
929,6/22/2026 3:44,69.86,17.1584,,,,,
930,6/22/2026 3:59,69.59,17.4381,,,,,
931,6/22/2026 4:14,69.28,17.716,,,,,
932,6/22/2026 4:29,69.12,17.9921,,,,,
933,6/22/2026 4:44,68.89,18.252,,,,,
934,6/22/2026 4:59,68.58,18.4886,,,,,
935,6/22/2026 5:14,68.13,18.7018,,,,,
936,6/22/2026 5:29,67.67,18.864,,,,,
937,6/22/2026 5:44,67.29,18.988,,,,,
938,6/22/2026 5:59,67.03,19.0556,,,,,
939,6/22/2026 6:14,66.85,19.0899,,,,,
940,6/22/2026 6:29,66.72,19.082,,,,,
941,6/22/2026 6:44,66.66,19.0396,,,,,
942,6/22/2026 6:59,66.75,18.9692,,,,,
943,6/22/2026 7:14,66.8,18.8495,,,,,
944,6/22/2026 7:29,67.31,18.7025,,,,,
945,6/22/2026 7:44,67.75,18.5359,,,,,
946,6/22/2026 7:59,68.05,18.3703,,,,,
947,6/22/2026 8:14,68.08,18.1917,,,,,
948,6/22/2026 8:29,68.46,18.0322,,,,,
949,6/22/2026 8:44,68.78,17.855,,,,,
950,6/22/2026 8:59,69.06,17.6873,,,,,
951,6/22/2026 9:14,69.29,17.5127,,,,,
952,6/22/2026 9:29,69.48,17.3362,,,,,
953,6/22/2026 9:44,69.71,17.1713,,,,,
954,6/22/2026 9:59,69.96,17.002,,,,,
955,6/22/2026 10:14,70.25,16.843,,,,,
956,6/22/2026 10:29,70.5,16.6965,,,,,
957,6/22/2026 10:44,70.79,16.5463,,,,,
958,6/22/2026 10:59,71.04,16.4012,,,,,
959,6/22/2026 11:14,71.32,16.2656,,,,,
960,6/22/2026 11:29,71.59,16.135,,,,,
961,6/22/2026 11:44,71.65,16.0122,,,,,
962,6/22/2026 11:59,71.59,15.8948,,,,,
963,6/22/2026 12:14,71.58,15.7851,,,,,
964,6/22/2026 12:29,71.62,15.678,,,,,
965,6/22/2026 12:44,71.71,15.5797,,,,,
966,6/22/2026 12:59,71.7,15.4869,,,,,
967,6/22/2026 13:14,71.65,15.4071,,,,,
968,6/22/2026 13:29,71.64,15.3399,,,,,
969,6/22/2026 13:44,71.71,15.3356,,,,,
970,6/22/2026 13:59,71.78,15.4223,,,,,
971,6/22/2026 14:14,71.85,15.5208,,,,,
972,6/22/2026 14:29,71.84,15.6385,,,,,
973,6/22/2026 14:44,71.57,15.8081,,,,,
974,6/22/2026 14:59,71.43,15.9862,,,,,
975,6/22/2026 15:14,71.39,16.1958,,,,,
976,6/22/2026 15:29,71.33,16.4224,,,,,
977,6/22/2026 15:44,71.24,16.6679,,,,,
978,6/22/2026 15:59,71.18,16.9319,,,,,
979,6/22/2026 16:14,71.11,17.208,,,,,
980,6/22/2026 16:29,71.01,17.4931,,,,,
981,6/22/2026 16:44,70.9,17.7779,,,,,
982,6/22/2026 16:59,70.69,18.0578,,,,,
983,6/22/2026 17:14,70.33,18.3212,,,,,
984,6/22/2026 17:29,69.93,18.569,,,,,
985,6/22/2026 17:44,69.56,18.7604,,,,,
986,6/22/2026 17:59,69.28,18.9193,,,,,
987,6/22/2026 18:14,69.05,19.0437,,,,,
988,6/22/2026 18:29,68.8,19.1328,,,,,
989,6/22/2026 18:44,68.52,19.1643,,,,,
990,6/22/2026 18:59,68.36,19.1684,,,,,
991,6/22/2026 19:14,68.25,19.1404,,,,,
992,6/22/2026 19:29,68.24,19.081,,,,,
993,6/22/2026 19:44,68.34,18.9771,,,,,
994,6/22/2026 19:59,68.4,18.8518,,,,,
995,6/22/2026 20:14,68.78,18.6969,,,,,
996,6/22/2026 20:29,69.01,18.5286,,,,,
997,6/22/2026 20:44,69.14,18.3595,,,,,
998,6/22/2026 20:59,69.35,18.1819,,,,,
999,6/22/2026 21:14,69.56,18.0094,,,,,
1000,6/22/2026 21:29,69.84,17.829,,,,,
1001,6/22/2026 21:44,70.04,17.658,,,,,
1002,6/22/2026 21:59,70.16,17.48,,,,,
1003,6/22/2026 22:14,70.25,17.314,,,,,
1004,6/22/2026 22:29,70.35,17.1437,,,,,
1005,6/22/2026 22:44,70.43,16.9704,,,,,
1006,6/22/2026 22:59,70.51,16.8135,,,,,
1007,6/22/2026 23:14,70.54,16.6553,,,,,
1008,6/22/2026 23:29,70.54,16.5021,,,,,
1009,6/22/2026 23:44,70.52,16.3583,,,,,
1010,6/22/2026 23:59,70.51,16.2228,,,,,
1011,6/23/2026 0:14,70.49,16.0991,,,,,
1012,6/23/2026 0:29,70.51,15.9738,,,,,
1013,6/23/2026 0:44,70.51,15.8622,,,,,
1014,6/23/2026 0:59,70.53,15.755,,,,,
1015,6/23/2026 1:14,70.54,15.6503,,,,,
1016,6/23/2026 1:29,70.54,15.5569,,,,,
1017,6/23/2026 1:44,70.53,15.4685,,,,,
1018,6/23/2026 1:59,70.52,15.3994,,,,,
1019,6/23/2026 2:14,70.51,15.3626,,,,,
1020,6/23/2026 2:29,70.45,15.4266,,,,,
1021,6/23/2026 2:44,70.35,15.5223,,,,,
1022,6/23/2026 2:59,70.3,15.6281,,,,,
1023,6/23/2026 3:14,70.37,15.7784,,,,,
1024,6/23/2026 3:29,70.35,15.9492,,,,,
1025,6/23/2026 3:44,70.32,16.1431,,,,,
1026,6/23/2026 3:59,70.24,16.349,,,,,
1027,6/23/2026 4:14,70.12,16.5681,,,,,
1028,6/23/2026 4:29,69.93,16.8079,,,,,
1029,6/23/2026 4:44,69.68,17.0603,,,,,
1030,6/23/2026 4:59,69.48,17.3193,,,,,
1031,6/23/2026 5:14,69.18,17.5802,,,,,
1032,6/23/2026 5:29,68.95,17.8315,,,,,
1033,6/23/2026 5:44,68.78,18.0731,,,,,
1034,6/23/2026 5:59,68.55,18.2871,,,,,
1035,6/23/2026 6:14,68.25,18.4809,,,,,
1036,6/23/2026 6:29,67.96,18.6415,,,,,
1037,6/23/2026 6:44,67.68,18.7594,,,,,
1038,6/23/2026 6:59,67.45,18.8484,,,,,
1039,6/23/2026 7:14,67.3,18.8764,,,,,
1040,6/23/2026 7:29,67.22,18.8725,,,,,
1041,6/23/2026 7:44,67.2,18.8207,,,,,
1042,6/23/2026 7:59,67.28,18.7314,,,,,
1043,6/23/2026 8:14,67.46,18.6058,,,,,
1044,6/23/2026 8:29,67.78,18.4579,,,,,
1045,6/23/2026 8:44,68.07,18.3037,,,,,
1046,6/23/2026 8:59,68.01,18.1645,,,,,
1047,6/23/2026 9:14,68.15,18.0309,,,,,
1048,6/23/2026 9:29,68.37,17.8724,,,,,
1049,6/23/2026 9:44,68.56,17.7321,,,,,
1050,6/23/2026 9:59,68.75,17.58,,,,,
1051,6/23/2026 10:14,68.94,17.4154,,,,,
1052,6/23/2026 10:29,69.16,17.2522,,,,,
1053,6/23/2026 10:44,69.34,17.0872,,,,,
1054,6/23/2026 10:59,69.51,16.9247,,,,,
1055,6/23/2026 11:14,69.65,16.7673,,,,,
1056,6/23/2026 11:29,69.75,16.6111,,,,,
1057,6/23/2026 11:44,69.92,16.464,,,,,
1058,6/23/2026 11:59,70.06,16.3249,,,,,
1059,6/23/2026 12:14,70.15,16.1884,,,,,
1060,6/23/2026 12:29,70.17,16.0661,,,,,
1061,6/23/2026 12:44,70.19,15.9457,,,,,
1062,6/23/2026 12:59,70.22,15.8304,,,,,
1063,6/23/2026 13:14,70.26,15.7239,,,,,
1064,6/23/2026 13:29,70.33,15.6231,,,,,
1065,6/23/2026 13:44,70.38,15.5311,,,,,
1066,6/23/2026 13:59,70.45,15.449,,,,,
1067,6/23/2026 14:14,70.6,15.3846,,,,,
1068,6/23/2026 14:29,70.7,15.3667,,,,,
1069,6/23/2026 14:44,70.78,15.4254,,,,,
1070,6/23/2026 14:59,70.76,15.5243,,,,,
1071,6/23/2026 15:14,70.83,15.6322,,,,,
1072,6/23/2026 15:29,70.72,15.779,,,,,
1073,6/23/2026 15:44,70.43,15.9543,,,,,
1074,6/23/2026 15:59,70.34,16.1363,,,,,
1075,6/23/2026 16:14,70.33,16.3398,,,,,
1076,6/23/2026 16:29,70.3,16.5622,,,,,
1077,6/23/2026 16:44,70.28,16.8011,,,,,
1078,6/23/2026 16:59,70.19,17.0563,,,,,
1079,6/23/2026 17:14,69.98,17.3285,,,,,
1080,6/23/2026 17:29,69.74,17.604,,,,,
1081,6/23/2026 17:44,69.49,17.8685,,,,,
1082,6/23/2026 17:59,69.16,18.1274,,,,,
1083,6/23/2026 18:14,68.81,18.3688,,,,,
1084,6/23/2026 18:29,68.5,18.5797,,,,,
1085,6/23/2026 18:44,68.21,18.7467,,,,,
1086,6/23/2026 18:59,67.95,18.8936,,,,,
1087,6/23/2026 19:14,67.73,18.9871,,,,,
1088,6/23/2026 19:29,67.56,19.0498,,,,,
1089,6/23/2026 19:44,67.41,19.0684,,,,,
1090,6/23/2026 19:59,67.31,19.0726,,,,,
1091,6/23/2026 20:14,67.26,19.0511,,,,,
1092,6/23/2026 20:29,67.25,18.9848,,,,,
1093,6/23/2026 20:44,67.31,18.8991,,,,,
1094,6/23/2026 20:59,67.54,18.7635,,,,,
1095,6/23/2026 21:14,67.85,18.5978,,,,,
1096,6/23/2026 21:29,68.1,18.4252,,,,,
1097,6/23/2026 21:44,68.19,18.2498,,,,,
1098,6/23/2026 21:59,68.39,18.0779,,,,,
1099,6/23/2026 22:14,68.6,17.8986,,,,,
1100,6/23/2026 22:29,68.85,17.7277,,,,,
1101,6/23/2026 22:44,69.04,17.5442,,,,,
1102,6/23/2026 22:59,69.2,17.3752,,,,,
1103,6/23/2026 23:14,69.37,17.2013,,,,,
1104,6/23/2026 23:29,69.55,17.0325,,,,,
1105,6/23/2026 23:44,69.69,16.8612,,,,,
1106,6/23/2026 23:59,69.79,16.6975,,,,,
1107,6/24/2026 0:14,69.87,16.5376,,,,,
1108,6/24/2026 0:29,69.92,16.3965,,,,,
1109,6/24/2026 0:44,69.96,16.2523,,,,,
1110,6/24/2026 0:59,70,16.1231,,,,,
1111,6/24/2026 1:14,70.01,15.9965,,,,,
1112,6/24/2026 1:29,70.03,15.8768,,,,,
1113,6/24/2026 1:44,70.03,15.7609,,,,,
1114,6/24/2026 1:59,70.04,15.655,,,,,
1115,6/24/2026 2:14,70.03,15.5528,,,,,
1116,6/24/2026 2:29,70.03,15.4563,,,,,
1117,6/24/2026 2:44,70,15.3729,,,,,
1118,6/24/2026 2:59,69.98,15.3075,,,,,
1119,6/24/2026 3:14,69.94,15.2776,,,,,
1120,6/24/2026 3:29,69.86,15.3334,,,,,
1121,6/24/2026 3:44,69.76,15.4253,,,,,
1122,6/24/2026 3:59,69.71,15.5335,,,,,
1123,6/24/2026 4:14,69.61,15.6716,,,,,
1124,6/24/2026 4:29,69.74,15.8451,,,,,
1125,6/24/2026 4:44,69.73,16.0365,,,,,
1126,6/24/2026 4:59,69.64,16.2411,,,,,
1127,6/24/2026 5:14,69.52,16.4594,,,,,
1128,6/24/2026 5:29,69.32,16.6828,,,,,
1129,6/24/2026 5:44,69.08,16.9263,,,,,
1130,6/24/2026 5:59,68.83,17.1613,,,,,
1131,6/24/2026 6:14,68.55,17.4127,,,,,
1132,6/24/2026 6:29,68.29,17.6669,,,,,
1133,6/24/2026 6:44,68.1,17.9064,,,,,
1134,6/24/2026 6:59,67.86,18.1258,,,,,
1135,6/24/2026 7:14,67.61,18.3146,,,,,
1136,6/24/2026 7:29,67.4,18.4703,,,,,
1137,6/24/2026 7:44,67.16,18.5906,,,,,
1138,6/24/2026 7:59,66.96,18.6696,,,,,
1139,6/24/2026 8:14,66.81,18.7102,,,,,
1140,6/24/2026 8:29,66.73,18.7151,,,,,
1141,6/24/2026 8:44,66.75,18.6729,,,,,
1142,6/24/2026 8:59,66.83,18.5975,,,,,
1143,6/24/2026 9:14,67.46,18.4817,,,,,
1144,6/24/2026 9:29,67.93,18.3279,,,,,
1145,6/24/2026 9:44,68.12,18.171,,,,,
1146,6/24/2026 9:59,68.36,18.0087,,,,,
1147,6/24/2026 10:14,68.43,17.8656,,,,,
1148,6/24/2026 10:29,68.4,17.7299,,,,,
1149,6/24/2026 10:44,68.96,17.5829,,,,,
1150,6/24/2026 10:59,69.25,17.4555,,,,,
1151,6/24/2026 11:14,69.52,17.2962,,,,,
1152,6/24/2026 11:29,69.8,17.1426,,,,,
1153,6/24/2026 11:44,70.11,16.9848,,,,,
1154,6/24/2026 11:59,70.46,16.8309,,,,,
1155,6/24/2026 12:14,70.72,16.675,,,,,
1156,6/24/2026 12:29,70.98,16.5311,,,,,
1157,6/24/2026 12:44,71.24,16.391,,,,,
1158,6/24/2026 12:59,71.37,16.2576,,,,,
1159,6/24/2026 13:14,71.53,16.1305,,,,,
1160,6/24/2026 13:29,71.75,16.0055,,,,,
1161,6/24/2026 13:44,71.86,15.896,,,,,
1162,6/24/2026 13:59,71.89,15.785,,,,,
1163,6/24/2026 14:14,72.06,15.6875,,,,,
1164,6/24/2026 14:29,72.3,15.5933,,,,,
1165,6/24/2026 14:44,72.52,15.5109,,,,,
1166,6/24/2026 14:59,72.64,15.4383,,,,,
1167,6/24/2026 15:14,72.68,15.4246,,,,,
1168,6/24/2026 15:29,72.94,15.4787,,,,,
1169,6/24/2026 15:44,73.21,15.5552,,,,,
1170,6/24/2026 15:59,73.15,15.6722,,,,,
1171,6/24/2026 16:14,73.29,15.804,,,,,
1172,6/24/2026 16:29,72.19,15.979,,,,,
1173,6/24/2026 16:44,72,16.1589,,,,,
1174,6/24/2026 16:59,72.1,16.3471,,,,,
1175,6/24/2026 17:14,72.11,16.5509,,,,,
1176,6/24/2026 17:29,72.26,16.7858,,,,,
1177,6/24/2026 17:44,72.4,17.0221,,,,,
1178,6/24/2026 17:59,72.37,17.2865,,,,,
1179,6/24/2026 18:14,72.11,17.5444,,,,,
1180,6/24/2026 18:29,71.78,17.805,,,,,
1181,6/24/2026 18:44,71.47,18.0532,,,,,
1182,6/24/2026 18:59,71.05,18.3121,,,,,
1183,6/24/2026 19:14,70.79,18.5168,,,,,
1184,6/24/2026 19:29,70.63,18.7275,,,,,
1185,6/24/2026 19:44,70.48,18.8653,,,,,
1186,6/24/2026 19:59,70.37,18.9975,,,,,
1187,6/24/2026 20:14,70.16,19.0715,,,,,
1188,6/24/2026 20:29,69.94,19.1158,,,,,
1189,6/24/2026 20:44,69.73,19.1273,,,,,
1190,6/24/2026 20:59,69.61,19.122,,,,,
1191,6/24/2026 21:14,69.53,19.0789,,,,,
1192,6/24/2026 21:29,69.61,19.0084,,,,,
1193,6/24/2026 21:44,69.62,18.893,,,,,
1194,6/24/2026 21:59,69.92,18.7429,,,,,
1195,6/24/2026 22:14,70.2,18.5734,,,,,
1196,6/24/2026 22:29,70.35,18.4018,,,,,
1197,6/24/2026 22:44,70.45,18.2359,,,,,
1198,6/24/2026 22:59,70.55,18.06,,,,,
1199,6/24/2026 23:14,70.78,17.8864,,,,,
1200,6/24/2026 23:29,70.95,17.7158,,,,,
1201,6/24/2026 23:44,71.1,17.5366,,,,,
1202,6/24/2026 23:59,71.23,17.3675,,,,,
1203,6/25/2026 0:14,71.37,17.1948,,,,,
1204,6/25/2026 0:29,71.46,17.0202,,,,,
1205,6/25/2026 0:44,71.51,16.8656,,,,,
1206,6/25/2026 0:59,71.54,16.7036,,,,,
1207,6/25/2026 1:14,71.53,16.551,,,,,
1208,6/25/2026 1:29,71.5,16.4109,,,,,
1209,6/25/2026 1:44,71.46,16.2678,,,,,
1210,6/25/2026 1:59,71.39,16.139,,,,,
1211,6/25/2026 2:14,71.33,16.0134,,,,,
1212,6/25/2026 2:29,71.28,15.8905,,,,,
1213,6/25/2026 2:44,71.21,15.7787,,,,,
1214,6/25/2026 2:59,71.15,15.6746,,,,,
1215,6/25/2026 3:14,71.1,15.5779,,,,,
1216,6/25/2026 3:29,71.06,15.4906,,,,,
1217,6/25/2026 3:44,71.01,15.4071,,,,,
1218,6/25/2026 3:59,70.96,15.3404,,,,,
1219,6/25/2026 4:14,70.87,15.3173,,,,,
1220,6/25/2026 4:29,70.74,15.3879,,,,,
1221,6/25/2026 4:44,70.63,15.4736,,,,,
1222,6/25/2026 4:59,70.58,15.5844,,,,,
1223,6/25/2026 5:14,70.47,15.725,,,,,
1224,6/25/2026 5:29,70.77,15.8907,,,,,
1225,6/25/2026 5:44,70.86,16.0774,,,,,
1226,6/25/2026 5:59,70.81,16.2765,,,,,
1227,6/25/2026 6:14,70.71,16.4968,,,,,
1228,6/25/2026 6:29,70.49,16.7315,,,,,
1229,6/25/2026 6:44,70.25,16.9807,,,,,
1230,6/25/2026 6:59,70.02,17.2283,,,,,
1231,6/25/2026 7:14,69.82,17.4831,,,,,
1232,6/25/2026 7:29,69.64,17.7275,,,,,
1233,6/25/2026 7:44,69.61,17.963,,,,,
1234,6/25/2026 7:59,69.52,18.169,,,,,
1235,6/25/2026 8:14,69.41,18.3582,,,,,
1236,6/25/2026 8:29,69.24,18.5007,,,,,
1237,6/25/2026 8:44,69.02,18.6193,,,,,
1238,6/25/2026 8:59,68.84,18.685,,,,,
1239,6/25/2026 9:14,68.75,18.7056,,,,,
1240,6/25/2026 9:29,68.77,18.6906,,,,,
1241,6/25/2026 9:44,68.82,18.6289,,,,,
1242,6/25/2026 9:59,69.18,18.5327,,,,,
1243,6/25/2026 10:14,69.91,18.4065,,,,,
1244,6/25/2026 10:29,69.66,18.2725,,,,,
1245,6/25/2026 10:44,69.93,18.1303,,,,,
1246,6/25/2026 10:59,69.91,18.0001,,,,,
1247,6/25/2026 11:14,70.12,17.8711,,,,,
1248,6/25/2026 11:29,70.69,17.7392,,,,,
1249,6/25/2026 11:44,70.94,17.5959,,,,,
1250,6/25/2026 11:59,71.04,17.4493,,,,,
1251,6/25/2026 12:14,71.24,17.3042,,,,,
1252,6/25/2026 12:29,71.46,17.1549,,,,,
1253,6/25/2026 12:44,71.85,17.0028,,,,,
1254,6/25/2026 12:59,71.72,16.8767,,,,,
1255,6/25/2026 13:14,71.54,16.7374,,,,,
1256,6/25/2026 13:29,71.7,16.592,,,,,
1257,6/25/2026 13:44,71.83,16.4603,,,,,
1258,6/25/2026 13:59,72.05,16.3352,,,,,
1259,6/25/2026 14:14,72.42,16.211,,,,,
1260,6/25/2026 14:29,72.64,16.0978,,,,,
1261,6/25/2026 14:44,72.75,15.9851,,,,,
1262,6/25/2026 14:59,72.71,15.8821,,,,,
1263,6/25/2026 15:14,72.86,15.7876,,,,,
1264,6/25/2026 15:29,73.1,15.7033,,,,,
1265,6/25/2026 15:44,73.31,15.6283,,,,,
1266,6/25/2026 15:59,73.34,15.5854,,,,,
1267,6/25/2026 16:14,73.51,15.6168,,,,,
1268,6/25/2026 16:29,73.85,15.7035,,,,,
1269,6/25/2026 16:44,73.44,15.8025,,,,,
1270,6/25/2026 16:59,73.33,15.9251,,,,,
1271,6/25/2026 17:14,72.9,16.0784,,,,,
1272,6/25/2026 17:29,72.82,16.248,,,,,
1273,6/25/2026 17:44,72.97,16.4233,,,,,
1274,6/25/2026 17:59,72.96,16.6189,,,,,
1275,6/25/2026 18:14,73.05,16.8344,,,,,
1276,6/25/2026 18:29,73.13,17.0656,,,,,
1277,6/25/2026 18:44,73.11,17.3145,,,,,
1278,6/25/2026 18:59,73.08,17.5717,,,,,
1279,6/25/2026 19:14,72.96,17.8308,,,,,
1280,6/25/2026 19:29,72.73,18.0849,,,,,
1281,6/25/2026 19:44,72.46,18.3253,,,,,
1282,6/25/2026 19:59,72.13,18.5463,,,,,
1283,6/25/2026 20:14,71.86,18.7467,,,,,
1284,6/25/2026 20:29,71.63,18.9184,,,,,
1285,6/25/2026 20:44,71.43,19.041,,,,,
1286,6/25/2026 20:59,71.23,19.1302,,,,,
1287,6/25/2026 21:14,71.04,19.1878,,,,,
1288,6/25/2026 21:29,70.9,19.209,,,,,
1289,6/25/2026 21:44,70.78,19.196,,,,,
1290,6/25/2026 21:59,70.74,19.1574,,,,,
1291,6/25/2026 22:14,70.76,19.095,,,,,
1292,6/25/2026 22:29,70.79,18.9858,,,,,
1293,6/25/2026 22:44,70.99,18.8494,,,,,
1294,6/25/2026 22:59,71.29,18.6899,,,,,
1295,6/25/2026 23:14,71.37,18.5326,,,,,
1296,6/25/2026 23:29,71.45,18.3633,,,,,
1297,6/25/2026 23:44,71.66,18.1945,,,,,
1298,6/25/2026 23:59,71.87,18.0195,,,,,
1299,6/26/2026 0:14,72.09,17.8452,,,,,
1300,6/26/2026 0:29,72.25,17.6684,,,,,
1301,6/26/2026 0:44,72.34,17.4891,,,,,
1302,6/26/2026 0:59,72.41,17.3186,,,,,
1303,6/26/2026 1:14,72.47,17.1476,,,,,
1304,6/26/2026 1:29,72.48,16.9791,,,,,
1305,6/26/2026 1:44,72.49,16.8226,,,,,
1306,6/26/2026 1:59,72.47,16.6661,,,,,
1307,6/26/2026 2:14,72.45,16.5222,,,,,
1308,6/26/2026 2:29,72.41,16.3803,,,,,
1309,6/26/2026 2:44,72.37,16.2459,,,,,
1310,6/26/2026 2:59,72.32,16.1196,,,,,
1311,6/26/2026 3:14,72.28,15.9997,,,,,
1312,6/26/2026 3:29,72.25,15.8843,,,,,
1313,6/26/2026 3:44,72.22,15.7782,,,,,
1314,6/26/2026 3:59,72.19,15.6759,,,,,
1315,6/26/2026 4:14,72.15,15.5799,,,,,
1316,6/26/2026 4:29,72.13,15.4933,,,,,
1317,6/26/2026 4:44,72.11,15.4186,,,,,
1318,6/26/2026 4:59,72.08,15.3637,,,,,
1319,6/26/2026 5:14,72.05,15.3693,,,,,
1320,6/26/2026 5:29,71.93,15.4711,,,,,
1321,6/26/2026 5:44,71.95,15.5608,,,,,
1322,6/26/2026 5:59,71.99,15.6762,,,,,
1323,6/26/2026 6:14,72.08,15.8309,,,,,
1324,6/26/2026 6:29,72.08,15.9987,,,,,
1325,6/26/2026 6:44,72.07,16.1778,,,,,
1326,6/26/2026 6:59,72.06,16.382,,,,,
1327,6/26/2026 7:14,71.97,16.6044,,,,,
1328,6/26/2026 7:29,71.87,16.8357,,,,,
1329,6/26/2026 7:44,71.75,17.0746,,,,,
1330,6/26/2026 7:59,71.63,17.3125,,,,,
1331,6/26/2026 8:14,71.47,17.5437,,,,,
1332,6/26/2026 8:29,71.35,17.7933,,,,,
1333,6/26/2026 8:44,71.23,18.0124,,,,,
1334,6/26/2026 8:59,71.06,18.2209,,,,,
1335,6/26/2026 9:14,70.88,18.3898,,,,,
1336,6/26/2026 9:29,70.68,18.5505,,,,,
1337,6/26/2026 9:44,70.46,18.6414,,,,,
1338,6/26/2026 9:59,70.29,18.711,,,,,
1339,6/26/2026 10:14,70.18,18.7378,,,,,
1340,6/26/2026 10:29,70.21,18.6824,,,,,
1341,6/26/2026 10:44,70.28,18.6215,,,,,
1342,6/26/2026 10:59,70.32,18.517,,,,,
1343,6/26/2026 11:14,70.82,18.3991,,,,,
1344,6/26/2026 11:29,70.88,18.2626,,,,,
1345,6/26/2026 11:44,71,18.1314,,,,,
1346,6/26/2026 11:59,71.15,18.0016,,,,,
1347,6/26/2026 12:14,71.22,17.859,,,,,
1348,6/26/2026 12:29,71.37,17.7193,,,,,
1349,6/26/2026 12:44,71.54,17.5614,,,,,
1350,6/26/2026 12:59,71.67,17.4167,,,,,
1351,6/26/2026 13:14,71.77,17.264,,,,,
1352,6/26/2026 13:29,71.8,17.118,,,,,
1353,6/26/2026 13:44,71.93,16.971,,,,,
1354,6/26/2026 13:59,72.13,16.8312,,,,,
1355,6/26/2026 14:14,72.46,16.6848,,,,,
1356,6/26/2026 14:29,72.62,16.5557,,,,,
1357,6/26/2026 14:44,72.6,16.42,,,,,
1358,6/26/2026 14:59,72.78,16.2917,,,,,
1359,6/26/2026 15:14,72.92,16.1702,,,,,
1360,6/26/2026 15:29,73.13,16.0651,,,,,
1361,6/26/2026 15:44,73.29,15.9568,,,,,
1362,6/26/2026 15:59,73.31,15.8633,,,,,
1363,6/26/2026 16:14,73.34,15.7804,,,,,
1364,6/26/2026 16:29,73.45,15.7139,,,,,
1365,6/26/2026 16:44,73.54,15.6667,,,,,
1366,6/26/2026 16:59,73.67,15.6938,,,,,
1367,6/26/2026 17:14,73.87,15.7609,,,,,
1368,6/26/2026 17:29,73.71,15.8616,,,,,
1369,6/26/2026 17:44,73.53,15.9848,,,,,
1370,6/26/2026 17:59,73.32,16.1404,,,,,
1371,6/26/2026 18:14,73.21,16.3288,,,,,
1372,6/26/2026 18:29,73.28,16.5108,,,,,
1373,6/26/2026 18:44,73.29,16.6959,,,,,
1374,6/26/2026 18:59,73.4,16.9033,,,,,
1375,6/26/2026 19:14,73.35,17.1407,,,,,
1376,6/26/2026 19:29,73.34,17.3582,,,,,
1377,6/26/2026 19:44,73.29,17.6217,,,,,
1378,6/26/2026 19:59,73.14,17.8802,,,,,
1379,6/26/2026 20:14,72.95,18.1439,,,,,
1380,6/26/2026 20:29,72.7,18.3832,,,,,
1381,6/26/2026 20:44,72.32,18.6009,,,,,
1382,6/26/2026 20:59,72.1,18.7857,,,,,
1383,6/26/2026 21:14,71.97,18.9476,,,,,
1384,6/26/2026 21:29,71.85,19.0716,,,,,
1385,6/26/2026 21:44,71.72,19.1471,,,,,
1386,6/26/2026 21:59,71.6,19.1942,,,,,
1387,6/26/2026 22:14,71.48,19.2141,,,,,
1388,6/26/2026 22:29,71.39,19.2164,,,,,
1389,6/26/2026 22:44,71.34,19.1917,,,,,
1390,6/26/2026 22:59,71.32,19.1297,,,,,
1391,6/26/2026 23:14,71.39,19.0484,,,,,
1392,6/26/2026 23:29,71.37,18.9108,,,,,
1393,6/26/2026 23:44,71.68,18.7532,,,,,
1394,6/26/2026 23:59,71.72,18.5831,,,,,
1395,6/27/2026 0:14,71.84,18.4127,,,,,
1396,6/27/2026 0:29,71.97,18.2336,,,,,
1397,6/27/2026 0:44,72.16,18.0547,,,,,
1398,6/27/2026 0:59,72.35,17.8772,,,,,
1399,6/27/2026 1:14,72.48,17.7022,,,,,
1400,6/27/2026 1:29,72.58,17.5172,,,,,
1401,6/27/2026 1:44,72.65,17.3354,,,,,
1402,6/27/2026 1:59,72.7,17.1556,,,,,
1403,6/27/2026 2:14,72.74,16.9871,,,,,
1404,6/27/2026 2:29,72.75,16.8262,,,,,
1405,6/27/2026 2:44,72.73,16.6716,,,,,
1406,6/27/2026 2:59,72.7,16.5209,,,,,
1407,6/27/2026 3:14,72.66,16.3789,,,,,
1408,6/27/2026 3:29,72.61,16.2407,,,,,
1409,6/27/2026 3:44,72.56,16.1158,,,,,
1410,6/27/2026 3:59,72.51,15.9958,,,,,
1411,6/27/2026 4:14,72.46,15.8766,,,,,
1412,6/27/2026 4:29,72.42,15.768,,,,,
1413,6/27/2026 4:44,72.38,15.6663,,,,,
1414,6/27/2026 4:59,72.36,15.5666,,,,,
1415,6/27/2026 5:14,72.34,15.4738,,,,,
1416,6/27/2026 5:29,72.29,15.3903,,,,,
1417,6/27/2026 5:44,72.26,15.3255,,,,,
1418,6/27/2026 5:59,72.23,15.3005,,,,,
1419,6/27/2026 6:14,72.22,15.3677,,,,,
1420,6/27/2026 6:29,72.16,15.456,,,,,
1421,6/27/2026 6:44,72.17,15.555,,,,,
1422,6/27/2026 6:59,72.28,15.6917,,,,,
1423,6/27/2026 7:14,72.31,15.8594,,,,,
1424,6/27/2026 7:29,72.29,16.0422,,,,,
1425,6/27/2026 7:44,72.3,16.2426,,,,,
1426,6/27/2026 7:59,72.26,16.4662,,,,,
1427,6/27/2026 8:14,72.16,16.6898,,,,,
1428,6/27/2026 8:29,72.07,16.9337,,,,,
1429,6/27/2026 8:44,71.95,17.1809,,,,,
1430,6/27/2026 8:59,71.81,17.429,,,,,
1431,6/27/2026 9:14,71.69,17.671,,,,,
1432,6/27/2026 9:29,71.64,17.909,,,,,
1433,6/27/2026 9:44,71.53,18.1219,,,,,
1434,6/27/2026 9:59,71.39,18.3128,,,,,
1435,6/27/2026 10:14,71.23,18.468,,,,,
1436,6/27/2026 10:29,71.04,18.5917,,,,,
1437,6/27/2026 10:44,70.86,18.6776,,,,,
1438,6/27/2026 10:59,70.75,18.7196,,,,,
1439,6/27/2026 11:14,70.71,18.7031,,,,,
1440,6/27/2026 11:29,70.76,18.6452,,,,,
1441,6/27/2026 11:44,70.82,18.5433,,,,,
1442,6/27/2026 11:59,71.25,18.4227,,,,,
1443,6/27/2026 12:14,71.54,18.2849,,,,,
1444,6/27/2026 12:29,71.55,18.1326,,,,,
1445,6/27/2026 12:44,71.87,17.9956,,,,,
1446,6/27/2026 12:59,71.88,17.8473,,,,,
1447,6/27/2026 13:14,72.14,17.7147,,,,,
1448,6/27/2026 13:29,72.7,17.5627,,,,,
1449,6/27/2026 13:44,72.92,17.4163,,,,,
1450,6/27/2026 13:59,72.98,17.2722,,,,,
1451,6/27/2026 14:14,73,17.1255,,,,,
1452,6/27/2026 14:29,73.14,16.9798,,,,,
1453,6/27/2026 14:44,73.36,16.8319,,,,,
1454,6/27/2026 14:59,73.6,16.6941,,,,,
1455,6/27/2026 15:14,73.59,16.5577,,,,,
1456,6/27/2026 15:29,73.82,16.43,,,,,
1457,6/27/2026 15:44,74.06,16.3055,,,,,
1458,6/27/2026 15:59,74.15,16.1895,,,,,
1459,6/27/2026 16:14,74.3,16.0799,,,,,
1460,6/27/2026 16:29,74.31,15.9739,,,,,
1461,6/27/2026 16:44,74.34,15.8785,,,,,
1462,6/27/2026 16:59,74.38,15.785,,,,,
1463,6/27/2026 17:14,74.42,15.7022,,,,,
1464,6/27/2026 17:29,74.45,15.6467,,,,,
1465,6/27/2026 17:44,74.51,15.6537,,,,,
1466,6/27/2026 17:59,74.71,15.7133,,,,,
1467,6/27/2026 18:14,74.69,15.8205,,,,,
1468,6/27/2026 18:29,74.54,15.9375,,,,,
1469,6/27/2026 18:44,74.12,16.0964,,,,,
1470,6/27/2026 18:59,73.99,16.2679,,,,,
1471,6/27/2026 19:14,74.11,16.4594,,,,,
1472,6/27/2026 19:29,74.1,16.6551,,,,,
1473,6/27/2026 19:44,74.14,16.878,,,,,
1474,6/27/2026 19:59,74.12,17.1085,,,,,
1475,6/27/2026 20:14,74.07,17.3579,,,,,
1476,6/27/2026 20:29,73.99,17.6126,,,,,
1477,6/27/2026 20:44,73.84,17.8711,,,,,
1478,6/27/2026 20:59,73.68,18.1342,,,,,
1479,6/27/2026 21:14,73.52,18.3806,,,,,
1480,6/27/2026 21:29,73.27,18.5961,,,,,
1481,6/27/2026 21:44,73.05,18.7911,,,,,
1482,6/27/2026 21:59,72.84,18.9515,,,,,
1483,6/27/2026 22:14,72.6,19.0872,,,,,
1484,6/27/2026 22:29,72.41,19.1695,,,,,
1485,6/27/2026 22:44,72.19,19.2259,,,,,
1486,6/27/2026 22:59,72,19.2614,,,,,
1487,6/27/2026 23:14,71.85,19.268,,,,,
1488,6/27/2026 23:29,71.74,19.2583,,,,,
1489,6/27/2026 23:44,71.65,19.2259,,,,,
1490,6/27/2026 23:59,71.63,19.1506,,,,,
1491,6/28/2026 0:14,71.67,19.0434,,,,,
1492,6/28/2026 0:29,71.8,18.8916,,,,,
1493,6/28/2026 0:44,72.21,18.7179,,,,,
1494,6/28/2026 0:59,72.25,18.5358,,,,,
1495,6/28/2026 1:14,72.49,18.3518,,,,,
1496,6/28/2026 1:29,72.7,18.1629,,,,,
1497,6/28/2026 1:44,72.93,17.9759,,,,,
1498,6/28/2026 1:59,73.06,17.7877,,,,,
1499,6/28/2026 2:14,73.16,17.6064,,,,,
1500,6/28/2026 2:29,73.23,17.4251,,,,,
1501,6/28/2026 2:44,73.27,17.2427,,,,,
1502,6/28/2026 2:59,73.32,17.0648,,,,,
1503,6/28/2026 3:14,73.34,16.8957,,,,,
1504,6/28/2026 3:29,73.33,16.7355,,,,,
1505,6/28/2026 3:44,73.31,16.5828,,,,,
1506,6/28/2026 3:59,73.27,16.432,,,,,
1507,6/28/2026 4:14,73.23,16.2932,,,,,
1508,6/28/2026 4:29,73.2,16.1607,,,,,
1509,6/28/2026 4:44,73.14,16.0339,,,,,
1510,6/28/2026 4:59,73.09,15.9146,,,,,
1511,6/28/2026 5:14,73.06,15.8067,,,,,
1512,6/28/2026 5:29,73.03,15.7013,,,,,
1513,6/28/2026 5:44,73,15.6028,,,,,
1514,6/28/2026 5:59,72.97,15.5099,,,,,
1515,6/28/2026 6:14,72.96,15.4308,,,,,
1516,6/28/2026 6:29,72.95,15.3673,,,,,
1517,6/28/2026 6:44,72.94,15.338,,,,,
1518,6/28/2026 6:59,72.94,15.399,,,,,
1519,6/28/2026 7:14,72.91,15.4917,,,,,
1520,6/28/2026 7:29,72.94,15.6026,,,,,
1521,6/28/2026 7:44,73,15.7448,,,,,
1522,6/28/2026 7:59,72.99,15.9094,,,,,
1523,6/28/2026 8:14,72.98,16.1016,,,,,
1524,6/28/2026 8:29,72.99,16.3021,,,,,
1525,6/28/2026 8:44,72.97,16.5202,,,,,
1526,6/28/2026 8:59,72.95,16.7603,,,,,
1527,6/28/2026 9:14,72.92,16.9938,,,,,
1528,6/28/2026 9:29,72.82,17.2436,,,,,
1529,6/28/2026 9:44,72.69,17.5011,,,,,
1530,6/28/2026 9:59,72.62,17.7383,,,,,
1531,6/28/2026 10:14,72.53,17.9832,,,,,
1532,6/28/2026 10:29,72.42,18.1968,,,,,
1533,6/28/2026 10:44,72.29,18.3942,,,,,
1534,6/28/2026 10:59,72.16,18.5501,,,,,
1535,6/28/2026 11:14,72,18.6657,,,,,
1536,6/28/2026 11:29,71.87,18.7411,,,,,
1537,6/28/2026 11:44,71.82,18.7687,,,,,
1538,6/28/2026 11:59,71.83,18.741,,,,,
1539,6/28/2026 12:14,71.9,18.6636,,,,,
1540,6/28/2026 12:29,71.97,18.5636,,,,,
1541,6/28/2026 12:44,72.43,18.4197,,,,,
1542,6/28/2026 12:59,72.74,18.2825,,,,,
1543,6/28/2026 13:14,72.76,18.1435,,,,,
1544,6/28/2026 13:29,73.18,17.9991,,,,,
1545,6/28/2026 13:44,73.14,17.8645,,,,,
1546,6/28/2026 13:59,73.54,17.7272,,,,,
1547,6/28/2026 14:14,73.99,17.5774,,,,,
1548,6/28/2026 14:29,74.27,17.4299,,,,,
1549,6/28/2026 14:44,74.26,17.2781,,,,,
1550,6/28/2026 14:59,74.28,17.1327,,,,,
1551,6/28/2026 15:14,74.41,16.9763,,,,,
1552,6/28/2026 15:29,74.66,16.8334,,,,,
1553,6/28/2026 15:44,74.7,16.6895,,,,,
1554,6/28/2026 15:59,74.81,16.5559,,,,,
1555,6/28/2026 16:14,74.96,16.4261,,,,,
1556,6/28/2026 16:29,75.18,16.3035,,,,,
1557,6/28/2026 16:44,75.29,16.1894,,,,,
1558,6/28/2026 16:59,75.32,16.077,,,,,
1559,6/28/2026 17:14,75.35,15.971,,,,,
1560,6/28/2026 17:29,75.38,15.8712,,,,,
1561,6/28/2026 17:44,75.44,15.7772,,,,,
1562,6/28/2026 17:59,75.5,15.7043,,,,,
1563,6/28/2026 18:14,75.5,15.6526,,,,,
1564,6/28/2026 18:29,75.52,15.6738,,,,,
1565,6/28/2026 18:44,75.57,15.7656,,,,,
1566,6/28/2026 18:59,75.56,15.8597,,,,,
1567,6/28/2026 19:14,75.48,15.9837,,,,,
1568,6/28/2026 19:29,75.26,16.1456,,,,,
1569,6/28/2026 19:44,75.14,16.3246,,,,,
1570,6/28/2026 19:59,75.2,16.5161,,,,,
1571,6/28/2026 20:14,75.09,16.7248,,,,,
1572,6/28/2026 20:29,75,16.9544,,,,,
1573,6/28/2026 20:44,74.93,17.1961,,,,,
1574,6/28/2026 20:59,74.85,17.4488,,,,,
1575,6/28/2026 21:14,74.77,17.7198,,,,,
1576,6/28/2026 21:29,74.62,17.9772,,,,,
1577,6/28/2026 21:44,74.54,18.2293,,,,,
1578,6/28/2026 21:59,74.37,18.4638,,,,,
1579,6/28/2026 22:14,74.16,18.6833,,,,,
1580,6/28/2026 22:29,73.94,18.8752,,,,,
1581,6/28/2026 22:44,73.73,19.0344,,,,,
1582,6/28/2026 22:59,73.54,19.1413,,,,,
1583,6/28/2026 23:14,73.34,19.2141,,,,,
1584,6/28/2026 23:29,73.18,19.2547,,,,,
1585,6/28/2026 23:44,73.03,19.2721,,,,,
1586,6/28/2026 23:59,72.91,19.2718,,,,,
1587,6/29/2026 0:14,72.82,19.2501,,,,,
1588,6/29/2026 0:29,72.77,19.1957,,,,,
1589,6/29/2026 0:44,72.79,19.1256,,,,,
1590,6/29/2026 0:59,72.78,18.9987,,,,,
1591,6/29/2026 1:14,73.03,18.8459,,,,,
1592,6/29/2026 1:29,73.21,18.6653,,,,,
1593,6/29/2026 1:44,73.34,18.4797,,,,,
1594,6/29/2026 1:59,73.55,18.29,,,,,
1595,6/29/2026 2:14,73.72,18.0997,,,,,
1596,6/29/2026 2:29,73.9,17.9228,,,,,
1597,6/29/2026 2:44,74,17.7477,,,,,
1598,6/29/2026 2:59,74.07,17.56,,,,,
1599,6/29/2026 3:14,74.11,17.3794,,,,,
1600,6/29/2026 3:29,74.14,17.2019,,,,,
1601,6/29/2026 3:44,74.17,17.0259,,,,,
1602,6/29/2026 3:59,74.19,16.8606,,,,,
1603,6/29/2026 4:14,74.18,16.7016,,,,,
1604,6/29/2026 4:29,74.17,16.5433,,,,,
1605,6/29/2026 4:44,74.13,16.3969,,,,,
1606,6/29/2026 4:59,74.11,16.2594,,,,,
1607,6/29/2026 5:14,74.07,16.1344,,,,,
1608,6/29/2026 5:29,74.03,16.0139,,,,,
1609,6/29/2026 5:44,73.99,15.8977,,,,,
1610,6/29/2026 5:59,73.97,15.7873,,,,,
1611,6/29/2026 6:14,73.95,15.6825,,,,,
1612,6/29/2026 6:29,73.95,15.5816,,,,,
1613,6/29/2026 6:44,73.97,15.4907,,,,,
1614,6/29/2026 6:59,74.01,15.4086,,,,,
1615,6/29/2026 7:14,74.07,15.3414,,,,,
1616,6/29/2026 7:29,74.17,15.3205,,,,,
1617,6/29/2026 7:44,74.29,15.3979,,,,,
1618,6/29/2026 7:59,74.27,15.485,,,,,
1619,6/29/2026 8:14,74.3,15.5916,,,,,
1620,6/29/2026 8:29,74.22,15.7348,,,,,
1621,6/29/2026 8:44,74.21,15.9194,,,,,
1622,6/29/2026 8:59,74.23,16.111,,,,,
1623,6/29/2026 9:14,74.26,16.3253,,,,,
1624,6/29/2026 9:29,74.29,16.556,,,,,
1625,6/29/2026 9:44,74.31,16.7989,,,,,
1626,6/29/2026 9:59,74.26,17.058,,,,,
1627,6/29/2026 10:14,74.12,17.3123,,,,,
1628,6/29/2026 10:29,74.06,17.5782,,,,,
1629,6/29/2026 10:44,74.05,17.8282,,,,,
1630,6/29/2026 10:59,73.96,18.0688,,,,,
1631,6/29/2026 11:14,73.84,18.2812,,,,,
1632,6/29/2026 11:29,73.72,18.4686,,,,,
1633,6/29/2026 11:44,73.58,18.6164,,,,,
1634,6/29/2026 11:59,73.48,18.7284,,,,,
1635,6/29/2026 12:14,73.4,18.7925,,,,,
1636,6/29/2026 12:29,73.38,18.8089,,,,,
1637,6/29/2026 12:44,73.45,18.7655,,,,,
1638,6/29/2026 12:59,73.5,18.6868,,,,,
1639,6/29/2026 13:14,73.57,18.5754,,,,,
1640,6/29/2026 13:29,73.97,18.4522,,,,,
1641,6/29/2026 13:44,74.28,18.303,,,,,
1642,6/29/2026 13:59,74.21,18.1631,,,,,
1643,6/29/2026 14:14,74.5,18.0184,,,,,
1644,6/29/2026 14:29,74.67,17.8698,,,,,
1645,6/29/2026 14:44,74.98,17.7272,,,,,
1646,6/29/2026 14:59,75.36,17.5817,,,,,
1647,6/29/2026 15:14,75.48,17.4263,,,,,
1648,6/29/2026 15:29,75.55,17.284,,,,,
1649,6/29/2026 15:44,75.52,17.1322,,,,,
1650,6/29/2026 15:59,75.64,16.9777,,,,,
1651,6/29/2026 16:14,75.82,16.8315,,,,,
1652,6/29/2026 16:29,75.97,16.6885,,,,,
1653,6/29/2026 16:44,75.99,16.5534,,,,,
1654,6/29/2026 16:59,76.12,16.4205,,,,,
1655,6/29/2026 17:14,76.23,16.2963,,,,,
1656,6/29/2026 17:29,76.27,16.1827,,,,,
1657,6/29/2026 17:44,76.26,16.0702,,,,,
1658,6/29/2026 17:59,76.25,15.9604,,,,,
1659,6/29/2026 18:14,76.22,15.8661,,,,,
1660,6/29/2026 18:29,76.17,15.7787,,,,,
1661,6/29/2026 18:44,76.13,15.7081,,,,,
1662,6/29/2026 18:59,76.07,15.6631,,,,,
1663,6/29/2026 19:14,76.04,15.6929,,,,,
1664,6/29/2026 19:29,75.93,15.7838,,,,,
1665,6/29/2026 19:44,76.16,15.8822,,,,,
1666,6/29/2026 19:59,76.06,16.0143,,,,,
1667,6/29/2026 20:14,76.1,16.1836,,,,,
1668,6/29/2026 20:29,76.03,16.374,,,,,
1669,6/29/2026 20:44,75.99,16.569,,,,,
1670,6/29/2026 20:59,75.9,16.7816,,,,,
1671,6/29/2026 21:14,75.76,17.0118,,,,,
1672,6/29/2026 21:29,75.65,17.2579,,,,,
1673,6/29/2026 21:44,75.55,17.5137,,,,,
1674,6/29/2026 21:59,75.44,17.7867,,,,,
1675,6/29/2026 22:14,75.36,18.0575,,,,,
1676,6/29/2026 22:29,75.31,18.3123,,,,,
1677,6/29/2026 22:44,75.19,18.554,,,,,
1678,6/29/2026 22:59,75,18.7641,,,,,
1679,6/29/2026 23:14,74.76,18.9409,,,,,
1680,6/29/2026 23:29,74.55,19.083,,,,,
1681,6/29/2026 23:44,74.37,19.1995,,,,,
1682,6/29/2026 23:59,74.2,19.2686,,,,,
1683,6/30/2026 0:14,74.03,19.3067,,,,,
1684,6/30/2026 0:29,73.91,19.3285,,,,,
1685,6/30/2026 0:44,73.81,19.3112,,,,,
1686,6/30/2026 0:59,73.71,19.2863,,,,,
1687,6/30/2026 1:14,73.66,19.235,,,,,
1688,6/30/2026 1:29,73.72,19.1347,,,,,
1689,6/30/2026 1:44,73.69,19.0033,,,,,
1690,6/30/2026 1:59,73.98,18.838,,,,,
1691,6/30/2026 2:14,74.07,18.661,,,,,
1692,6/30/2026 2:29,74.26,18.4762,,,,,
1693,6/30/2026 2:44,74.37,18.2881,,,,,
1694,6/30/2026 2:59,74.55,18.1022,,,,,
1695,6/30/2026 3:14,74.69,17.9095,,,,,
1696,6/30/2026 3:29,74.75,17.7217,,,,,
1697,6/30/2026 3:44,74.78,17.5327,,,,,
1698,6/30/2026 3:59,74.78,17.3457,,,,,
1699,6/30/2026 4:14,74.78,17.1657,,,,,
1700,6/30/2026 4:29,74.8,16.9884,,,,,
1701,6/30/2026 4:44,74.79,16.8268,,,,,
1702,6/30/2026 4:59,74.78,16.6678,,,,,
1703,6/30/2026 5:14,74.75,16.5195,,,,,
1704,6/30/2026 5:29,74.72,16.3787,,,,,
1705,6/30/2026 5:44,74.68,16.2468,,,,,
1706,6/30/2026 5:59,74.64,16.12,,,,,
1707,6/30/2026 6:14,74.61,15.9944,,,,,
1708,6/30/2026 6:29,74.57,15.8814,,,,,
1709,6/30/2026 6:44,74.57,15.7686,,,,,
1710,6/30/2026 6:59,74.6,15.662,,,,,
1711,6/30/2026 7:14,74.64,15.5611,,,,,
1712,6/30/2026 7:29,74.7,15.4691,,,,,
1713,6/30/2026 7:44,74.8,15.3883,,,,,
1714,6/30/2026 7:59,74.93,15.3244,,,,,
1715,6/30/2026 8:14,75.12,15.3018,,,,,
1716,6/30/2026 8:29,75.34,15.3782,,,,,
1717,6/30/2026 8:44,75.27,15.4689,,,,,
1718,6/30/2026 8:59,75.2,15.5785,,,,,
1719,6/30/2026 9:14,75.04,15.7277,,,,,
1720,6/30/2026 9:29,75.02,15.9054,,,,,
1721,6/30/2026 9:44,75.09,16.1115,,,,,
1722,6/30/2026 9:59,75.15,16.3221,,,,,
1723,6/30/2026 10:14,75.29,16.5575,,,,,
1724,6/30/2026 10:29,75.44,16.8082,,,,,
1725,6/30/2026 10:44,75.42,17.0631,,,,,
1726,6/30/2026 10:59,75.27,17.3305,,,,,
1727,6/30/2026 11:14,75.3,17.5885,,,,,
1728,6/30/2026 11:29,75.24,17.8453,,,,,
1729,6/30/2026 11:44,75.12,18.0771,,,,,
1730,6/30/2026 11:59,75,18.3059,,,,,
1731,6/30/2026 12:14,74.91,18.4853,,,,,
1732,6/30/2026 12:29,74.83,18.6363,,,,,
1733,6/30/2026 12:44,74.77,18.7453,,,,,
1734,6/30/2026 12:59,74.75,18.8077,,,,,
1735,6/30/2026 13:14,74.75,18.8071,,,,,
1736,6/30/2026 13:29,74.8,18.7605,,,,,
1737,6/30/2026 13:44,74.86,18.6547,,,,,
1738,6/30/2026 13:59,75.13,18.5406,,,,,
1739,6/30/2026 14:14,75.44,18.3769,,,,,
1740,6/30/2026 14:29,75.42,18.2572,,,,,
1741,6/30/2026 14:44,75.45,18.1018,,,,,
1742,6/30/2026 14:59,75.8,17.9705,,,,,
1743,6/30/2026 15:14,76.26,17.82,,,,,
1744,6/30/2026 15:29,76.4,17.6664,,,,,
1745,6/30/2026 15:44,76.54,17.5222,,,,,
1746,6/30/2026 15:59,76.56,17.3672,,,,,
1747,6/30/2026 16:14,76.57,17.2154,,,,,
1748,6/30/2026 16:29,76.57,17.0737,,,,,
1749,6/30/2026 16:44,76.61,16.9234,,,,,
1750,6/30/2026 16:59,76.7,16.7746,,,,,
1751,6/30/2026 17:14,76.76,16.6313,,,,,
1752,6/30/2026 17:29,76.76,16.4894,,,,,
1753,6/30/2026 17:44,76.77,16.3624,,,,,
1754,6/30/2026 17:59,76.79,16.2287,,,,,
1755,6/30/2026 18:14,76.76,16.1175,,,,,
1756,6/30/2026 18:29,76.7,16.0162,,,,,
1757,6/30/2026 18:44,76.64,15.9088,,,,,
1758,6/30/2026 18:59,76.61,15.812,,,,,
1759,6/30/2026 19:14,76.57,15.7308,,,,,
1760,6/30/2026 19:29,76.54,15.6547,,,,,
1761,6/30/2026 19:44,76.52,15.6166,,,,,
1762,6/30/2026 19:59,76.51,15.6509,,,,,
1763,6/30/2026 20:14,76.45,15.7574,,,,,
1764,6/30/2026 20:29,76.45,15.8684,,,,,
1765,6/30/2026 20:44,76.63,16.0086,,,,,
1766,6/30/2026 20:59,76.67,16.1841,,,,,
1767,6/30/2026 21:14,76.66,16.3672,,,,,
1768,6/30/2026 21:29,76.63,16.5829,,,,,
1769,6/30/2026 21:44,76.52,16.7961,,,,,
1770,6/30/2026 21:59,76.33,17.0381,,,,,
1771,6/30/2026 22:14,76.18,17.2798,,,,,
1772,6/30/2026 22:29,76.03,17.5493,,,,,
1773,6/30/2026 22:44,75.92,17.8142,,,,,
1774,6/30/2026 22:59,75.92,18.0827,,,,,
1775,6/30/2026 23:14,75.95,18.3396,,,,,
1776,6/30/2026 23:29,75.92,18.5613,,,,,
1777,6/30/2026 23:44,75.72,18.7702,,,,,
1778,6/30/2026 23:59,75.49,18.9319,,,,,
1779,7/1/2026 0:14,75.24,19.0689,,,,,
1780,7/1/2026 0:29,75.08,19.1588,,,,,
1781,7/1/2026 0:44,74.96,19.2141,,,,,
1782,7/1/2026 0:59,74.86,19.2493,,,,,
1783,7/1/2026 1:14,74.81,19.2567,,,,,
1784,7/1/2026 1:29,74.76,19.2585,,,,,
1785,7/1/2026 1:44,74.73,19.2218,,,,,
1786,7/1/2026 1:59,74.71,19.1472,,,,,
1787,7/1/2026 2:14,74.72,19.0361,,,,,
1788,7/1/2026 2:29,74.71,18.8915,,,,,
1789,7/1/2026 2:44,74.89,18.7178,,,,,
1790,7/1/2026 2:59,74.96,18.5477,,,,,
1791,7/1/2026 3:14,75.19,18.3555,,,,,
1792,7/1/2026 3:29,75.34,18.1651,,,,,
1793,7/1/2026 3:44,75.51,17.9597,,,,,
1794,7/1/2026 3:59,75.61,17.7619,,,,,
1795,7/1/2026 4:14,75.66,17.5717,,,,,
1796,7/1/2026 4:29,75.68,17.3778,,,,,
1797,7/1/2026 4:44,75.7,17.1928,,,,,
1798,7/1/2026 4:59,75.71,17.0142,,,,,
1799,7/1/2026 5:14,75.74,16.8482,,,,,
1800,7/1/2026 5:29,75.75,16.6868,,,,,
1801,7/1/2026 5:44,75.76,16.5279,,,,,
1802,7/1/2026 5:59,75.77,16.3866,,,,,
1803,7/1/2026 6:14,75.77,16.2503,,,,,
1804,7/1/2026 6:29,75.79,16.118,,,,,
1805,7/1/2026 6:44,75.8,15.9906,,,,,
1806,7/1/2026 6:59,75.81,15.8746,,,,,
1807,7/1/2026 7:14,75.81,15.7611,,,,,
1808,7/1/2026 7:29,75.82,15.6526,,,,,
1809,7/1/2026 7:44,75.86,15.5524,,,,,
1810,7/1/2026 7:59,75.87,15.454,,,,,
1811,7/1/2026 8:14,75.89,15.3693,,,,,
1812,7/1/2026 8:29,76.12,15.2975,,,,,
1813,7/1/2026 8:44,76.19,15.2566,,,,,
1814,7/1/2026 8:59,76.28,15.3091,,,,,
1815,7/1/2026 9:14,76.29,15.4012,,,,,
1816,7/1/2026 9:29,76.25,15.5033,,,,,
1817,7/1/2026 9:44,76.18,15.6409,,,,,
1818,7/1/2026 9:59,76.23,15.8143,,,,,
1819,7/1/2026 10:14,76.28,16.0047,,,,,
1820,7/1/2026 10:29,76.38,16.216,,,,,
1821,7/1/2026 10:44,76.48,16.4387,,,,,
1822,7/1/2026 10:59,76.59,16.6804,,,,,
1823,7/1/2026 11:14,76.64,16.9316,,,,,
1824,7/1/2026 11:29,76.57,17.1834,,,,,
1825,7/1/2026 11:44,76.56,17.457,,,,,
1826,7/1/2026 11:59,76.6,17.7127,,,,,
1827,7/1/2026 12:14,76.5,17.9551,,,,,
1828,7/1/2026 12:29,76.38,18.1763,,,,,
1829,7/1/2026 12:44,76.28,18.3801,,,,,
1830,7/1/2026 12:59,76.18,18.5431,,,,,
1831,7/1/2026 13:14,76.13,18.6539,,,,,
1832,7/1/2026 13:29,76.11,18.7302,,,,,
1833,7/1/2026 13:44,76.12,18.7466,,,,,
1834,7/1/2026 13:59,76.14,18.7183,,,,,
1835,7/1/2026 14:14,76.18,18.6458,,,,,
1836,7/1/2026 14:29,76.33,18.5441,,,,,
1837,7/1/2026 14:44,76.85,18.4255,,,,,
1838,7/1/2026 14:59,76.75,18.2747,,,,,
1839,7/1/2026 15:14,76.98,18.1387,,,,,
1840,7/1/2026 15:29,77.32,18.0048,,,,,
1841,7/1/2026 15:44,77.2,17.8561,,,,,
1842,7/1/2026 15:59,77.46,17.6996,,,,,
1843,7/1/2026 16:14,77.98,17.5531,,,,,
1844,7/1/2026 16:29,78.1,17.3914,,,,,
1845,7/1/2026 16:44,78.17,17.2497,,,,,
1846,7/1/2026 16:59,78.15,17.0917,,,,,
1847,7/1/2026 17:14,78.34,16.9429,,,,,
1848,7/1/2026 17:29,78.38,16.7864,,,,,
1849,7/1/2026 17:44,78.46,16.6426,,,,,
1850,7/1/2026 17:59,78.41,16.496,,,,,
1851,7/1/2026 18:14,78.47,16.3605,,,,,
1852,7/1/2026 18:29,78.56,16.2325,,,,,
1853,7/1/2026 18:44,78.55,16.1163,,,,,
1854,7/1/2026 18:59,78.49,16.0006,,,,,
1855,7/1/2026 19:14,78.45,15.8876,,,,,
1856,7/1/2026 19:29,78.41,15.7889,,,,,
1857,7/1/2026 19:44,78.39,15.6934,,,,,
1858,7/1/2026 19:59,78.37,15.6117,,,,,
1859,7/1/2026 20:14,78.36,15.5469,,,,,
1860,7/1/2026 20:29,78.35,15.5512,,,,,
1861,7/1/2026 20:44,78.3,15.6427,,,,,
1862,7/1/2026 20:59,78.31,15.75,,,,,
1863,7/1/2026 21:14,78.52,15.8827,,,,,
1864,7/1/2026 21:29,78.52,16.0531,,,,,
1865,7/1/2026 21:44,78.45,16.2317,,,,,
1866,7/1/2026 21:59,78.46,16.4217,,,,,
1867,7/1/2026 22:14,78.42,16.6425,,,,,
1868,7/1/2026 22:29,78.34,16.8665,,,,,
1869,7/1/2026 22:44,78.26,17.1051,,,,,
1870,7/1/2026 22:59,78.21,17.3584,,,,,
1871,7/1/2026 23:14,78.16,17.6245,,,,,
1872,7/1/2026 23:29,78.13,17.9004,,,,,
1873,7/1/2026 23:44,78.12,18.1514,,,,,
1874,7/1/2026 23:59,78.06,18.4051,,,,,
1875,7/2/2026 0:14,77.91,18.6178,,,,,
1876,7/2/2026 0:29,77.69,18.8002,,,,,
1877,7/2/2026 0:44,77.46,18.9581,,,,,
1878,7/2/2026 0:59,77.25,19.0713,,,,,
1879,7/2/2026 1:14,77.04,19.1554,,,,,
1880,7/2/2026 1:29,76.88,19.1986,,,,,
1881,7/2/2026 1:44,76.72,19.226,,,,,
1882,7/2/2026 1:59,76.62,19.191,,,,,
1883,7/2/2026 2:14,76.55,19.1434,,,,,
1884,7/2/2026 2:29,76.51,19.0732,,,,,
1885,7/2/2026 2:44,76.55,18.9641,,,,,
1886,7/2/2026 2:59,76.65,18.8192,,,,,
1887,7/2/2026 3:14,77.02,18.6636,,,,,
1888,7/2/2026 3:29,77.12,18.4823,,,,,
1889,7/2/2026 3:44,77.32,18.3271,,,,,
1890,7/2/2026 3:59,77.53,18.1488,,,,,
1891,7/2/2026 4:14,77.69,17.978,,,,,
1892,7/2/2026 4:29,77.8,17.7971,,,,,
1893,7/2/2026 4:44,77.85,17.6075,,,,,
1894,7/2/2026 4:59,77.87,17.4166,,,,,
1895,7/2/2026 5:14,77.87,17.2328,,,,,
1896,7/2/2026 5:29,77.88,17.0597,,,,,
1897,7/2/2026 5:44,77.89,16.8874,,,,,
1898,7/2/2026 5:59,77.88,16.7183,,,,,
1899,7/2/2026 6:14,77.87,16.5687,,,,,
1900,7/2/2026 6:29,77.86,16.4142,,,,,
1901,7/2/2026 6:44,77.85,16.2747,,,,,
1902,7/2/2026 6:59,77.85,16.1417,,,,,
1903,7/2/2026 7:14,77.88,16.0149,,,,,
1904,7/2/2026 7:29,77.92,15.8889,,,,,
1905,7/2/2026 7:44,77.97,15.7743,,,,,
1906,7/2/2026 7:59,78.05,15.6628,,,,,
1907,7/2/2026 8:14,78.14,15.557,,,,,
1908,7/2/2026 8:29,78.25,15.455,,,,,
1909,7/2/2026 8:44,78.36,15.365,,,,,
1910,7/2/2026 8:59,78.52,15.2781,,,,,
1911,7/2/2026 9:14,78.71,15.2137,,,,,
1912,7/2/2026 9:29,78.97,15.2068,,,,,
1913,7/2/2026 9:44,79.25,15.307,,,,,
1914,7/2/2026 9:59,79.23,15.3991,,,,,
1915,7/2/2026 10:14,79.01,15.5189,,,,,
1916,7/2/2026 10:29,78.71,15.6804,,,,,
1917,7/2/2026 10:44,78.72,15.8707,,,,,
1918,7/2/2026 10:59,78.87,16.0758,,,,,
1919,7/2/2026 11:14,79.02,16.3085,,,,,
1920,7/2/2026 11:29,79.37,16.5469,,,,,
1921,7/2/2026 11:44,79.6,16.796,,,,,
1922,7/2/2026 11:59,79.58,17.061,,,,,
1923,7/2/2026 12:14,79.51,17.3218,,,,,
1924,7/2/2026 12:29,79.55,17.5938,,,,,
1925,7/2/2026 12:44,79.44,17.8475,,,,,
1926,7/2/2026 12:59,79.25,18.0786,,,,,
1927,7/2/2026 13:14,79.1,18.274,,,,,
1928,7/2/2026 13:29,79,18.4483,,,,,
1929,7/2/2026 13:44,78.94,18.5837,,,,,
1930,7/2/2026 13:59,78.89,18.687,,,,,
1931,7/2/2026 14:14,78.84,18.733,,,,,
1932,7/2/2026 14:29,78.82,18.7247,,,,,
1933,7/2/2026 14:44,78.86,18.6687,,,,,
1934,7/2/2026 14:59,78.92,18.5395,,,,,
1935,7/2/2026 15:14,79.42,18.4229,,,,,
1936,7/2/2026 15:29,79.66,18.2703,,,,,
1937,7/2/2026 15:44,79.74,18.137,,,,,
1938,7/2/2026 15:59,79.71,17.9953,,,,,
1939,7/2/2026 16:14,79.89,17.8662,,,,,
1940,7/2/2026 16:29,80.15,17.7171,,,,,
1941,7/2/2026 16:44,80.68,17.5669,,,,,
1942,7/2/2026 16:59,80.75,17.417,,,,,
1943,7/2/2026 17:14,80.81,17.2627,,,,,
1944,7/2/2026 17:29,80.8,17.1039,,,,,
1945,7/2/2026 17:44,80.84,16.9523,,,,,
1946,7/2/2026 17:59,80.85,16.7944,,,,,
1947,7/2/2026 18:14,80.87,16.6486,,,,,
1948,7/2/2026 18:29,80.84,16.5051,,,,,
1949,7/2/2026 18:44,80.78,16.3693,,,,,
1950,7/2/2026 18:59,80.77,16.2386,,,,,
1951,7/2/2026 19:14,80.74,16.1166,,,,,
1952,7/2/2026 19:29,80.68,15.9966,,,,,
1953,7/2/2026 19:44,80.61,15.8859,,,,,
1954,7/2/2026 19:59,80.55,15.7816,,,,,
1955,7/2/2026 20:14,80.5,15.6854,,,,,
1956,7/2/2026 20:29,80.45,15.598,,,,,
1957,7/2/2026 20:44,80.42,15.5206,,,,,
1958,7/2/2026 20:59,80.39,15.4863,,,,,
1959,7/2/2026 21:14,80.37,15.5205,,,,,
1960,7/2/2026 21:29,80.34,15.6277,,,,,
1961,7/2/2026 21:44,80.59,15.7405,,,,,
1962,7/2/2026 21:59,80.74,15.8787,,,,,
1963,7/2/2026 22:14,80.72,16.0516,,,,,
1964,7/2/2026 22:29,80.72,16.2503,,,,,
1965,7/2/2026 22:44,80.72,16.4436,,,,,
1966,7/2/2026 22:59,80.65,16.6687,,,,,
1967,7/2/2026 23:14,80.53,16.9071,,,,,
1968,7/2/2026 23:29,80.45,17.1659,,,,,
1969,7/2/2026 23:44,80.39,17.4237,,,,,
1970,7/2/2026 23:59,80.27,17.6885,,,,,
1971,7/3/2026 0:14,80.21,17.9563,,,,,
1972,7/3/2026 0:29,80.12,18.2059,,,,,
1973,7/3/2026 0:44,79.92,18.4461,,,,,
1974,7/3/2026 0:59,79.64,18.6485,,,,,
1975,7/3/2026 1:14,79.24,18.8419,,,,,
1976,7/3/2026 1:29,78.93,18.9901,,,,,
1977,7/3/2026 1:44,78.63,19.0885,,,,,
1978,7/3/2026 1:59,78.37,19.1429,,,,,
1979,7/3/2026 2:14,78.17,19.1702,,,,,
1980,7/3/2026 2:29,78.05,19.1693,,,,,
1981,7/3/2026 2:44,77.93,19.1519,,,,,
1982,7/3/2026 2:59,77.83,19.1093,,,,,
1983,7/3/2026 3:14,77.83,19.0304,,,,,
1984,7/3/2026 3:29,77.93,18.9182,,,,,
1985,7/3/2026 3:44,78.2,18.756,,,,,
1986,7/3/2026 3:59,78.54,18.5708,,,,,
1987,7/3/2026 4:14,78.68,18.3914,,,,,
1988,7/3/2026 4:29,79,18.2108,,,,,
1989,7/3/2026 4:44,79.3,18.0384,,,,,
1990,7/3/2026 4:59,79.55,17.8647,,,,,
1991,7/3/2026 5:14,79.69,17.6796,,,,,
1992,7/3/2026 5:29,79.78,17.4951,,,,,
1993,7/3/2026 5:44,79.84,17.31,,,,,
1994,7/3/2026 5:59,79.88,17.1269,,,,,
1995,7/3/2026 6:14,79.93,16.9546,,,,,
1996,7/3/2026 6:29,79.96,16.7849,,,,,
1997,7/3/2026 6:44,79.98,16.6246,,,,,
1998,7/3/2026 6:59,80.01,16.4695,,,,,
1999,7/3/2026 7:14,80.03,16.3276,,,,,
2000,7/3/2026 7:29,80.06,16.1908,,,,,
2001,7/3/2026 7:44,80.09,16.0584,,,,,
2002,7/3/2026 7:59,80.14,15.938,,,,,
2003,7/3/2026 8:14,80.2,15.8145,,,,,
2004,7/3/2026 8:29,80.26,15.7042,,,,,
2005,7/3/2026 8:44,80.36,15.5953,,,,,
2006,7/3/2026 8:59,80.45,15.4945,,,,,
2007,7/3/2026 9:14,80.58,15.4044,,,,,
2008,7/3/2026 9:29,80.74,15.3138,,,,,
2009,7/3/2026 9:44,80.9,15.2438,,,,,
2010,7/3/2026 9:59,81.09,15.2211,,,,,
2011,7/3/2026 10:14,81.49,15.2874,,,,,
2012,7/3/2026 10:29,81.55,15.3803,,,,,
2013,7/3/2026 10:44,81.5,15.4868,,,,,
2014,7/3/2026 10:59,81.12,15.6462,,,,,
2015,7/3/2026 11:14,81.05,15.8226,,,,,
2016,7/3/2026 11:29,81.21,16.0246,,,,,
2017,7/3/2026 11:44,81.34,16.2367,,,,,
2018,7/3/2026 11:59,81.59,16.4687,,,,,
2019,7/3/2026 12:14,81.9,16.716,,,,,
2020,7/3/2026 12:29,82,16.9819,,,,,
2021,7/3/2026 12:44,81.83,17.2575,,,,,
2022,7/3/2026 12:59,81.84,17.5276,,,,,
2023,7/3/2026 13:14,81.72,17.7881,,,,,
2024,7/3/2026 13:29,81.4,18.0264,,,,,
2025,7/3/2026 13:44,81.1,18.2524,,,,,
2026,7/3/2026 13:59,80.89,18.4434,,,,,
2027,7/3/2026 14:14,80.73,18.6045,,,,,
2028,7/3/2026 14:29,80.66,18.7185,,,,,
2029,7/3/2026 14:44,80.55,18.8028,,,,,
2030,7/3/2026 14:59,80.46,18.8158,,,,,
2031,7/3/2026 15:14,80.43,18.7994,,,,,
2032,7/3/2026 15:29,80.47,18.7136,,,,,
2033,7/3/2026 15:44,80.52,18.6052,,,,,
2034,7/3/2026 15:59,80.95,18.4713,,,,,
2035,7/3/2026 16:14,81.32,18.3128,,,,,
2036,7/3/2026 16:29,81.37,18.1567,,,,,
2037,7/3/2026 16:44,81.38,18.0069,,,,,
2038,7/3/2026 16:59,81.59,17.8564,,,,,
2039,7/3/2026 17:14,82.04,17.7115,,,,,
2040,7/3/2026 17:29,82.27,17.5581,,,,,
2041,7/3/2026 17:44,82.37,17.4045,,,,,
2042,7/3/2026 17:59,82.48,17.2427,,,,,
2043,7/3/2026 18:14,82.57,17.0873,,,,,
2044,7/3/2026 18:29,82.59,16.935,,,,,
2045,7/3/2026 18:44,82.62,16.7891,,,,,
2046,7/3/2026 18:59,82.63,16.6375,,,,,
2047,7/3/2026 19:14,82.62,16.4985,,,,,
2048,7/3/2026 19:29,82.58,16.367,,,,,
2049,7/3/2026 19:44,82.52,16.2393,,,,,
2050,7/3/2026 19:59,82.44,16.1123,,,,,
2051,7/3/2026 20:14,82.38,15.9966,,,,,
2052,7/3/2026 20:29,82.31,15.8877,,,,,
2053,7/3/2026 20:44,82.25,15.7859,,,,,
2054,7/3/2026 20:59,82.19,15.6959,,,,,
2055,7/3/2026 21:14,82.14,15.6185,,,,,
2056,7/3/2026 21:29,82.09,15.5653,,,,,
2057,7/3/2026 21:44,82.06,15.5703,,,,,
2058,7/3/2026 21:59,81.98,15.6493,,,,,
2059,7/3/2026 22:14,81.96,15.7503,,,,,
2060,7/3/2026 22:29,82.21,15.8763,,,,,
2061,7/3/2026 22:44,82.4,16.0359,,,,,
2062,7/3/2026 22:59,82.4,16.2147,,,,,
2063,7/3/2026 23:14,82.41,16.4067,,,,,
2064,7/3/2026 23:29,82.37,16.6213,,,,,
2065,7/3/2026 23:44,82.23,16.837,,,,,
2066,7/3/2026 23:59,82.07,17.0787,,,,,
2067,7/4/2026 0:14,81.91,17.3368,,,,,
2068,7/4/2026 0:29,81.72,17.6008,,,,,
2069,7/4/2026 0:44,81.49,17.8725,,,,,
2070,7/4/2026 0:59,81.34,18.1371,,,,,
2071,7/4/2026 1:14,81.13,18.3905,,,,,
2072,7/4/2026 1:29,80.84,18.6041,,,,,
2073,7/4/2026 1:44,80.5,18.8027,,,,,
2074,7/4/2026 1:59,80.13,18.952,,,,,
2075,7/4/2026 2:14,79.77,19.0674,,,,,
2076,7/4/2026 2:29,79.49,19.1406,,,,,
2077,7/4/2026 2:44,79.25,19.1874,,,,,
2078,7/4/2026 2:59,79.02,19.2127,,,,,
2079,7/4/2026 3:14,78.83,19.2199,,,,,
2080,7/4/2026 3:29,78.73,19.2051,,,,,
2081,7/4/2026 3:44,78.67,19.148,,,,,
2082,7/4/2026 3:59,78.69,19.0622,,,,,
2083,7/4/2026 4:14,78.71,18.9384,,,,,
2084,7/4/2026 4:29,79.01,18.7782,,,,,
2085,7/4/2026 4:44,79.42,18.6089,,,,,
2086,7/4/2026 4:59,79.63,18.4316,,,,,
2087,7/4/2026 5:14,79.99,18.2579,,,,,
2088,7/4/2026 5:29,80.22,18.0626,,,,,
2089,7/4/2026 5:44,80.5,17.8726,,,,,
2090,7/4/2026 5:59,80.71,17.682,,,,,
2091,7/4/2026 6:14,80.88,17.497,,,,,
2092,7/4/2026 6:29,81.01,17.3077,,,,,
2093,7/4/2026 6:44,81.14,17.126,,,,,
2094,7/4/2026 6:59,81.26,16.9539,,,,,
2095,7/4/2026 7:14,81.34,16.783,,,,,
2096,7/4/2026 7:29,81.42,16.6166,,,,,
2097,7/4/2026 7:44,81.49,16.4647,,,,,
2098,7/4/2026 7:59,81.56,16.3166,,,,,
2099,7/4/2026 8:14,81.63,16.1748,,,,,
2100,7/4/2026 8:29,81.7,16.0438,,,,,
2101,7/4/2026 8:44,81.77,15.919,,,,,
2102,7/4/2026 8:59,81.85,15.8019,,,,,
2103,7/4/2026 9:14,81.93,15.6903,,,,,
2104,7/4/2026 9:29,82.04,15.5908,,,,,
2105,7/4/2026 9:44,82.18,15.4882,,,,,
2106,7/4/2026 9:59,82.35,15.3982,,,,,
2107,7/4/2026 10:14,82.43,15.3205,,,,,
2108,7/4/2026 10:29,82.62,15.2742,,,,,
2109,7/4/2026 10:44,82.62,15.3097,,,,,
2110,7/4/2026 10:59,82.97,15.4076,,,,,
2111,7/4/2026 11:14,82.95,15.5105,,,,,
2112,7/4/2026 11:29,82.47,15.6485,,,,,
2113,7/4/2026 11:44,82.42,15.8293,,,,,
2114,7/4/2026 11:59,82.5,16.0199,,,,,
2115,7/4/2026 12:14,82.6,16.2445,,,,,
2116,7/4/2026 12:29,82.72,16.4725,,,,,
2117,7/4/2026 12:44,83.02,16.723,,,,,
2118,7/4/2026 12:59,83.11,16.982,,,,,
2119,7/4/2026 13:14,82.94,17.2564,,,,,
2120,7/4/2026 13:29,82.79,17.5248,,,,,
2121,7/4/2026 13:44,82.6,17.7927,,,,,
2122,7/4/2026 13:59,82.27,18.0468,,,,,
2123,7/4/2026 14:14,81.93,18.2828,,,,,
2124,7/4/2026 14:29,81.71,18.4871,,,,,
2125,7/4/2026 14:44,81.51,18.6657,,,,,
2126,7/4/2026 14:59,81.35,18.7833,,,,,
2127,7/4/2026 15:14,81.17,18.8498,,,,,
2128,7/4/2026 15:29,81.01,18.8848,,,,,
2129,7/4/2026 15:44,80.89,18.9274,,,,,
2130,7/4/2026 15:59,80.87,18.8099,,,,,
2131,7/4/2026 16:14,80.99,18.7446,,,,,
2132,7/4/2026 16:29,81.11,18.6426,,,,,
2133,7/4/2026 16:44,81.53,18.5049,,,,,
2134,7/4/2026 16:59,81.64,18.347,,,,,
2135,7/4/2026 17:14,81.64,18.2084,,,,,
2136,7/4/2026 17:29,81.81,18.0444,,,,,
2137,7/4/2026 17:44,82.04,17.8939,,,,,
2138,7/4/2026 17:59,82.38,17.7287,,,,,
2139,7/4/2026 18:14,82.64,17.5716,,,,,
2140,7/4/2026 18:29,82.75,17.4135,,,,,
2141,7/4/2026 18:44,82.87,17.2487,,,,,
2142,7/4/2026 18:59,82.96,17.0876,,,,,
2143,7/4/2026 19:14,83.01,16.9335,,,,,
2144,7/4/2026 19:29,83.03,16.78,,,,,
2145,7/4/2026 19:44,83.02,16.6321,,,,,
2146,7/4/2026 19:59,83,16.4869,,,,,
2147,7/4/2026 20:14,82.95,16.3529,,,,,
2148,7/4/2026 20:29,82.9,16.2246,,,,,
2149,7/4/2026 20:44,82.85,16.1069,,,,,
2150,7/4/2026 20:59,82.78,15.9931,,,,,
2151,7/4/2026 21:14,82.72,15.8849,,,,,
2152,7/4/2026 21:29,82.67,15.7856,,,,,
2153,7/4/2026 21:44,82.61,15.6962,,,,,
2154,7/4/2026 21:59,82.56,15.615,,,,,
2155,7/4/2026 22:14,82.5,15.5562,,,,,
2156,7/4/2026 22:29,82.46,15.558,,,,,
2157,7/4/2026 22:44,82.36,15.6626,,,,,
2158,7/4/2026 22:59,82.4,15.7531,,,,,
2159,7/4/2026 23:14,82.65,15.8835,,,,,
2160,7/4/2026 23:29,82.69,16.0416,,,,,
2161,7/4/2026 23:44,82.69,16.2253,,,,,
2162,7/4/2026 23:59,82.61,16.4097,,,,,
2163,7/5/2026 0:14,82.59,16.6218,,,,,
2164,7/5/2026 0:29,82.42,16.8456,,,,,
2165,7/5/2026 0:44,82.23,17.0822,,,,,
2166,7/5/2026 0:59,82.01,17.3264,,,,,
2167,7/5/2026 1:14,81.76,17.5795,,,,,
2168,7/5/2026 1:29,81.47,17.8429,,,,,
2169,7/5/2026 1:44,81.28,18.1011,,,,,
2170,7/5/2026 1:59,81.04,18.3512,,,,,
2171,7/5/2026 2:14,80.76,18.568,,,,,
2172,7/5/2026 2:29,80.42,18.7589,,,,,
2173,7/5/2026 2:44,80.05,18.9177,,,,,
2174,7/5/2026 2:59,79.64,19.0361,,,,,
2175,7/5/2026 3:14,79.33,19.1099,,,,,
2176,7/5/2026 3:29,79.05,19.1559,,,,,
2177,7/5/2026 3:44,78.94,19.1493,,,,,
2178,7/5/2026 3:59,78.82,19.1149,,,,,
2179,7/5/2026 4:14,78.8,19.0707,,,,,
2180,7/5/2026 4:29,78.91,18.9749,,,,,
2181,7/5/2026 4:44,78.91,18.8644,,,,,
2182,7/5/2026 4:59,79.28,18.7069,,,,,
2183,7/5/2026 5:14,79.51,18.5618,,,,,
2184,7/5/2026 5:29,79.63,18.3937,,,,,
2185,7/5/2026 5:44,79.94,18.225,,,,,
2186,7/5/2026 5:59,80.17,18.0524,,,,,
2187,7/5/2026 6:14,80.5,17.8928,,,,,
2188,7/5/2026 6:29,80.68,17.7259,,,,,
2189,7/5/2026 6:44,80.81,17.5383,,,,,
2190,7/5/2026 6:59,80.94,17.3546,,,,,
2191,7/5/2026 7:14,81.07,17.1767,,,,,
2192,7/5/2026 7:29,81.22,16.9996,,,,,
2193,7/5/2026 7:44,81.36,16.8325,,,,,
2194,7/5/2026 7:59,81.5,16.6813,,,,,
2195,7/5/2026 8:14,81.59,16.5356,,,,,
2196,7/5/2026 8:29,81.71,16.3976,,,,,
2197,7/5/2026 8:44,81.81,16.2628,,,,,
2198,7/5/2026 8:59,81.92,16.1374,,,,,
2199,7/5/2026 9:14,82.02,16.0201,,,,,
2200,7/5/2026 9:29,82.13,15.9023,,,,,
2201,7/5/2026 9:44,82.2,15.7933,,,,,
2202,7/5/2026 9:59,82.2,15.6909,,,,,
2203,7/5/2026 10:14,82.27,15.5956,,,,,
2204,7/5/2026 10:29,82.38,15.5061,,,,,
2205,7/5/2026 10:44,82.56,15.4336,,,,,
2206,7/5/2026 10:59,82.71,15.3809,,,,,
2207,7/5/2026 11:14,82.74,15.3554,,,,,
2208,7/5/2026 11:29,83.07,15.4559,,,,,
2209,7/5/2026 11:44,82.87,15.5327,,,,,
2210,7/5/2026 11:59,82.73,15.6497,,,,,
2211,7/5/2026 12:14,82.6,15.806,,,,,
2212,7/5/2026 12:29,82.54,16.0013,,,,,
2213,7/5/2026 12:44,82.7,16.2072,,,,,
2214,7/5/2026 12:59,82.75,16.4412,,,,,
2215,7/5/2026 13:14,82.96,16.679,,,,,
2216,7/5/2026 13:29,83.12,16.9306,,,,,
2217,7/5/2026 13:44,82.98,17.2,,,,,
2218,7/5/2026 13:59,82.75,17.482,,,,,
2219,7/5/2026 14:14,82.59,17.7619,,,,,
2220,7/5/2026 14:29,82.27,18.0153,,,,,
2221,7/5/2026 14:44,81.9,18.26,,,,,
2222,7/5/2026 14:59,81.57,18.4584,,,,,
2223,7/5/2026 15:14,81.3,18.6551,,,,,
2224,7/5/2026 15:29,81.16,18.8005,,,,,
2225,7/5/2026 15:44,81.03,18.9372,,,,,
2226,7/5/2026 15:59,80.86,19.0132,,,,,
2227,7/5/2026 16:14,80.74,19.0565,,,,,
2228,7/5/2026 16:29,80.63,19.0411,,,,,
2229,7/5/2026 16:44,80.63,18.9672,,,,,
2230,7/5/2026 16:59,80.67,18.8644,,,,,
2231,7/5/2026 17:14,80.83,18.7372,,,,,
2232,7/5/2026 17:29,81.24,18.5742,,,,,
2233,7/5/2026 17:44,81.27,18.4204,,,,,
2234,7/5/2026 17:59,81.32,18.2643,,,,,
2235,7/5/2026 18:14,81.53,18.1174,,,,,
2236,7/5/2026 18:29,81.73,17.958,,,,,
2237,7/5/2026 18:44,81.95,17.7943,,,,,
2238,7/5/2026 18:59,82.14,17.6244,,,,,
2239,7/5/2026 19:14,82.31,17.4577,,,,,
2240,7/5/2026 19:29,82.46,17.2923,,,,,
2241,7/5/2026 19:44,82.58,17.1369,,,,,
2242,7/5/2026 19:59,82.66,16.9809,,,,,
2243,7/5/2026 20:14,82.73,16.825,,,,,
2244,7/5/2026 20:29,82.76,16.6848,,,,,
2245,7/5/2026 20:44,82.77,16.5427,,,,,
2246,7/5/2026 20:59,82.75,16.4112,,,,,
2247,7/5/2026 21:14,82.72,16.2804,,,,,
2248,7/5/2026 21:29,82.67,16.1572,,,,,
2249,7/5/2026 21:44,82.63,16.0402,,,,,
2250,7/5/2026 21:59,82.57,15.932,,,,,
2251,7/5/2026 22:14,82.49,15.8295,,,,,
2252,7/5/2026 22:29,82.43,15.7332,,,,,
2253,7/5/2026 22:44,82.36,15.647,,,,,
2254,7/5/2026 22:59,82.3,15.5783,,,,,
2255,7/5/2026 23:14,82.25,15.5395,,,,,
2256,7/5/2026 23:29,82.19,15.6111,,,,,
2257,7/5/2026 23:44,82.03,15.6987,,,,,
2258,7/5/2026 23:59,82.07,15.8111,,,,,
2259,7/6/2026 0:14,82.33,15.954,,,,,
2260,7/6/2026 0:29,82.33,16.1283,,,,,
2261,7/6/2026 0:44,82.28,16.3126,,,,,
2262,7/6/2026 0:59,82.23,16.5233,,,,,
2263,7/6/2026 1:14,82.06,16.7439,,,,,
2264,7/6/2026 1:29,81.81,16.9834,,,,,
2265,7/6/2026 1:44,81.49,17.2348,,,,,
2266,7/6/2026 1:59,81.12,17.4957,,,,,
2267,7/6/2026 2:14,80.64,17.7635,,,,,
2268,7/6/2026 2:29,80.36,18.0233,,,,,
2269,7/6/2026 2:44,80.16,18.274,,,,,
2270,7/6/2026 2:59,79.93,18.5004,,,,,
2271,7/6/2026 3:14,79.58,18.707,,,,,
2272,7/6/2026 3:29,79.19,18.8777,,,,,
2273,7/6/2026 3:44,78.82,19,,,,,
2274,7/6/2026 3:59,78.53,19.0921,,,,,
2275,7/6/2026 4:14,78.31,19.1484,,,,,
2276,7/6/2026 4:29,78.17,19.1569,,,,,
2277,7/6/2026 4:44,78.12,19.1277,,,,,
2278,7/6/2026 4:59,78.13,19.0646,,,,,
2279,7/6/2026 5:14,78.18,18.9674,,,,,
2280,7/6/2026 5:29,78.21,18.8501,,,,,
2281,7/6/2026 5:44,78.6,18.7034,,,,,
2282,7/6/2026 5:59,78.71,18.5384,,,,,
2283,7/6/2026 6:14,78.9,18.3687,,,,,
2284,7/6/2026 6:29,79.16,18.1992,,,,,
2285,7/6/2026 6:44,79.43,18.0299,,,,,
2286,7/6/2026 6:59,79.76,17.8621,,,,,
2287,7/6/2026 7:14,79.96,17.6865,,,,,
2288,7/6/2026 7:29,80.12,17.516,,,,,
2289,7/6/2026 7:44,80.3,17.3444,,,,,
2290,7/6/2026 7:59,80.48,17.1741,,,,,
2291,7/6/2026 8:14,80.65,17.0158,,,,,
2292,7/6/2026 8:29,80.82,16.8539,,,,,
2293,7/6/2026 8:44,80.96,16.702,,,,,
2294,7/6/2026 8:59,81.1,16.5527,,,,,
2295,7/6/2026 9:14,81.21,16.4146,,,,,
2296,7/6/2026 9:29,81.31,16.2848,,,,,
2297,7/6/2026 9:44,81.38,16.1618,,,,,
2298,7/6/2026 9:59,81.47,16.0389,,,,,
2299,7/6/2026 10:14,81.53,15.9279,,,,,
2300,7/6/2026 10:29,81.53,15.8187,,,,,
2301,7/6/2026 10:44,81.55,15.7145,,,,,
2302,7/6/2026 10:59,81.55,15.6259,,,,,
2303,7/6/2026 11:14,81.56,15.5467,,,,,
2304,7/6/2026 11:29,81.6,15.4695,,,,,
2305,7/6/2026 11:44,81.78,15.4157,,,,,
2306,7/6/2026 11:59,81.89,15.429,,,,,
2307,7/6/2026 12:14,81.94,15.537,,,,,
2308,7/6/2026 12:29,81.9,15.6316,,,,,
2309,7/6/2026 12:44,81.89,15.7676,,,,,
2310,7/6/2026 12:59,81.86,15.9286,,,,,
2311,7/6/2026 13:14,81.8,16.1202,,,,,
2312,7/6/2026 13:29,81.75,16.317,,,,,
2313,7/6/2026 13:44,81.72,16.5397,,,,,
2314,7/6/2026 13:59,81.78,16.7752,,,,,
2315,7/6/2026 14:14,81.75,17.0315,,,,,
2316,7/6/2026 14:29,81.38,17.2991,,,,,
2317,7/6/2026 14:44,80.95,17.5745,,,,,
2318,7/6/2026 14:59,80.68,17.8466,,,,,
2319,7/6/2026 15:14,80.24,18.1036,,,,,
2320,7/6/2026 15:29,79.82,18.3438,,,,,
2321,7/6/2026 15:44,79.44,18.561,,,,,
2322,7/6/2026 15:59,79.15,18.747,,,,,
2323,7/6/2026 16:14,78.96,18.8967,,,,,
2324,7/6/2026 16:29,78.79,19.0163,,,,,
2325,7/6/2026 16:44,78.64,19.0898,,,,,
2326,7/6/2026 16:59,78.54,19.1269,,,,,
2327,7/6/2026 17:14,78.47,19.0894,,,,,
2328,7/6/2026 17:29,78.47,19.0502,,,,,
2329,7/6/2026 17:44,78.5,18.9341,,,,,
2330,7/6/2026 17:59,78.56,18.8137,,,,,
2331,7/6/2026 18:14,78.79,18.6533,,,,,
2332,7/6/2026 18:29,78.93,18.5105,,,,,
2333,7/6/2026 18:44,79.01,18.35,,,,,
2334,7/6/2026 18:59,79.18,18.1986,,,,,
2335,7/6/2026 19:14,79.39,18.0298,,,,,
2336,7/6/2026 19:29,79.64,17.8731,,,,,
2337,7/6/2026 19:44,79.9,17.6964,,,,,
2338,7/6/2026 19:59,80.11,17.5379,,,,,
2339,7/6/2026 20:14,80.33,17.3689,,,,,
2340,7/6/2026 20:29,80.52,17.2005,,,,,
2341,7/6/2026 20:44,80.71,17.0398,,,,,
2342,7/6/2026 20:59,80.85,16.8878,,,,,
2343,7/6/2026 21:14,80.93,16.737,,,,,
2344,7/6/2026 21:29,80.99,16.5975,,,,,
2345,7/6/2026 21:44,81.04,16.4618,,,,,
2346,7/6/2026 21:59,81.08,16.3318,,,,,
2347,7/6/2026 22:14,81.08,16.2111,,,,,
2348,7/6/2026 22:29,81.07,16.0943,,,,,
2349,7/6/2026 22:44,81.07,15.9843,,,,,
2350,7/6/2026 22:59,81.04,15.8788,,,,,
2351,7/6/2026 23:14,81.01,15.7776,,,,,
2352,7/6/2026 23:29,80.96,15.6864,,,,,
2353,7/6/2026 23:44,80.91,15.6121,,,,,
2354,7/6/2026 23:59,80.86,15.559,,,,,
2355,7/7/2026 0:14,80.83,15.5789,,,,,
2356,7/7/2026 0:29,80.51,15.653,,,,,
2357,7/7/2026 0:44,80.52,15.7485,,,,,
2358,7/7/2026 0:59,80.58,15.8678,,,,,
2359,7/7/2026 1:14,80.69,16.0241,,,,,
2360,7/7/2026 1:29,80.65,16.1971,,,,,
2361,7/7/2026 1:44,80.49,16.3899,,,,,
2362,7/7/2026 1:59,80.38,16.598,,,,,
2363,7/7/2026 2:14,80.04,16.8151,,,,,
2364,7/7/2026 2:29,79.71,17.0419,,,,,
2365,7/7/2026 2:44,79.3,17.2881,,,,,
2366,7/7/2026 2:59,78.86,17.5332,,,,,
2367,7/7/2026 3:14,78.43,17.7948,,,,,
2368,7/7/2026 3:29,78.21,18.0409,,,,,
2369,7/7/2026 3:44,77.96,18.2763,,,,,
2370,7/7/2026 3:59,77.73,18.4837,,,,,
2371,7/7/2026 4:14,77.42,18.674,,,,,
2372,7/7/2026 4:29,77.06,18.8284,,,,,
2373,7/7/2026 4:44,76.72,18.9424,,,,,
2374,7/7/2026 4:59,76.47,19.0087,,,,,
2375,7/7/2026 5:14,76.3,19.0355,,,,,
2376,7/7/2026 5:29,76.23,19.0252,,,,,
2377,7/7/2026 5:44,76.24,18.969,,,,,
2378,7/7/2026 5:59,76.3,18.8663,,,,,
2379,7/7/2026 6:14,76.35,18.744,,,,,
2380,7/7/2026 6:29,76.73,18.5872,,,,,
2381,7/7/2026 6:44,76.9,18.4301,,,,,
2382,7/7/2026 6:59,77.04,18.2748,,,,,
2383,7/7/2026 7:14,77.18,18.1089,,,,,
2384,7/7/2026 7:29,77.36,17.9577,,,,,
2385,7/7/2026 7:44,77.55,17.7878,,,,,
2386,7/7/2026 7:59,77.8,17.6312,,,,,
2387,7/7/2026 8:14,78.02,17.4678,,,,,
2388,7/7/2026 8:29,78.23,17.3013,,,,,
2389,7/7/2026 8:44,78.5,17.1395,,,,,
2390,7/7/2026 8:59,78.74,16.987,,,,,
2391,7/7/2026 9:14,78.89,16.832,,,,,
2392,7/7/2026 9:29,79.03,16.6833,,,,,
2393,7/7/2026 9:44,79.19,16.5453,,,,,
2394,7/7/2026 9:59,79.33,16.4017,,,,,
2395,7/7/2026 10:14,79.41,16.2694,,,,,
2396,7/7/2026 10:29,79.5,16.1477,,,,,
2397,7/7/2026 10:44,79.58,16.0279,,,,,
2398,7/7/2026 10:59,79.65,15.9232,,,,,
2399,7/7/2026 11:14,79.69,15.8109,,,,,
2400,7/7/2026 11:29,79.69,15.7167,,,,,
2401,7/7/2026 11:44,79.72,15.6177,,,,,
2402,7/7/2026 11:59,79.74,15.541,,,,,
2403,7/7/2026 12:14,79.7,15.473,,,,,
2404,7/7/2026 12:29,79.66,15.4592,,,,,
2405,7/7/2026 12:44,79.39,15.5478,,,,,
2406,7/7/2026 12:59,79.34,15.6343,,,,,
2407,7/7/2026 13:14,79.18,15.7338,,,,,
2408,7/7/2026 13:29,79.35,15.8882,,,,,
2409,7/7/2026 13:44,79.22,16.0671,,,,,
2410,7/7/2026 13:59,79.05,16.2617,,,,,
2411,7/7/2026 14:14,78.85,16.4701,,,,,
2412,7/7/2026 14:29,78.38,16.7,,,,,
2413,7/7/2026 14:44,77.85,16.9305,,,,,
2414,7/7/2026 14:59,77.34,17.1808,,,,,
2415,7/7/2026 15:14,76.78,17.4437,,,,,
2416,7/7/2026 15:29,76.34,17.7177,,,,,
2417,7/7/2026 15:44,76.07,17.9994,,,,,
2418,7/7/2026 15:59,75.8,18.2574,,,,,
2419,7/7/2026 16:14,75.55,18.5031,,,,,
2420,7/7/2026 16:29,75.24,18.7117,,,,,
2421,7/7/2026 16:44,74.96,18.8801,,,,,
2422,7/7/2026 16:59,74.69,19.0177,,,,,
2423,7/7/2026 17:14,74.41,19.1086,,,,,
2424,7/7/2026 17:29,74.23,19.1663,,,,,
2425,7/7/2026 17:44,74.1,19.2045,,,,,
2426,7/7/2026 17:59,74.03,19.1961,,,,,
2427,7/7/2026 18:14,73.97,19.1821,,,,,
2428,7/7/2026 18:29,73.94,19.1233,,,,,
2429,7/7/2026 18:44,74.02,19.0464,,,,,
2430,7/7/2026 18:59,74.04,18.9227,,,,,
2431,7/7/2026 19:14,74.19,18.7773,,,,,
2432,7/7/2026 19:29,74.37,18.6088,,,,,
2433,7/7/2026 19:44,74.61,18.4493,,,,,
2434,7/7/2026 19:59,74.73,18.2757,,,,,
2435,7/7/2026 20:14,74.9,18.1018,,,,,
2436,7/7/2026 20:29,75.2,17.9163,,,,,
2437,7/7/2026 20:44,75.39,17.7388,,,,,
2438,7/7/2026 20:59,75.57,17.5489,,,,,
2439,7/7/2026 21:14,75.74,17.3742,,,,,
2440,7/7/2026 21:29,75.95,17.2178,,,,,
2441,7/7/2026 21:44,76.2,17.0466,,,,,
2442,7/7/2026 21:59,76.43,16.8942,,,,,
2443,7/7/2026 22:14,76.62,16.7437,,,,,
2444,7/7/2026 22:29,76.78,16.5989,,,,,
2445,7/7/2026 22:44,76.92,16.4609,,,,,
2446,7/7/2026 22:59,77.01,16.3261,,,,,
2447,7/7/2026 23:14,77.15,16.2026,,,,,
2448,7/7/2026 23:29,77.24,16.0835,,,,,
2449,7/7/2026 23:44,77.33,15.9701,,,,,
2450,7/7/2026 23:59,77.37,15.8685,,,,,
2451,7/8/2026 0:14,77.39,15.7668,,,,,
2452,7/8/2026 0:29,77.39,15.6733,,,,,
2453,7/8/2026 0:44,77.36,15.6046,,,,,
2454,7/8/2026 0:59,77.32,15.5559,,,,,
2455,7/8/2026 1:14,77.27,15.5957,,,,,
2456,7/8/2026 1:29,77.1,15.6845,,,,,
2457,7/8/2026 1:44,76.81,15.7881,,,,,
2458,7/8/2026 1:59,77.1,15.9172,,,,,
2459,7/8/2026 2:14,76.96,16.0842,,,,,
2460,7/8/2026 2:29,76.79,16.2625,,,,,
2461,7/8/2026 2:44,76.55,16.4645,,,,,
2462,7/8/2026 2:59,76.26,16.6766,,,,,
2463,7/8/2026 3:14,75.76,16.9053,,,,,
2464,7/8/2026 3:29,75.18,17.1522,,,,,
2465,7/8/2026 3:44,74.57,17.4023,,,,,
2466,7/8/2026 3:59,73.95,17.6552,,,,,
2467,7/8/2026 4:14,73.5,17.9011,,,,,
2468,7/8/2026 4:29,73.23,18.1408,,,,,
2469,7/8/2026 4:44,72.97,18.3605,,,,,
2470,7/8/2026 4:59,72.72,18.5476,,,,,
2471,7/8/2026 5:14,72.44,18.7089,,,,,
2472,7/8/2026 5:29,72.16,18.8231,,,,,
2473,7/8/2026 5:44,71.88,18.9044,,,,,
2474,7/8/2026 5:59,71.73,18.9457,,,,,
2475,7/8/2026 6:14,71.64,18.9525,,,,,
2476,7/8/2026 6:29,71.62,18.8994,,,,,
2477,7/8/2026 6:44,71.72,18.8265,,,,,
2478,7/8/2026 6:59,71.72,18.718,,,,,
2479,7/8/2026 7:14,72.07,18.5808,,,,,
2480,7/8/2026 7:29,72.29,18.4282,,,,,
2481,7/8/2026 7:44,72.51,18.282,,,,,
2482,7/8/2026 7:59,72.56,18.1235,,,,,
2483,7/8/2026 8:14,72.8,17.9725,,,,,
2484,7/8/2026 8:29,73.08,17.826,,,,,
2485,7/8/2026 8:44,73.59,17.6739,,,,,
2486,7/8/2026 8:59,73.81,17.518,,,,,
2487,7/8/2026 9:14,74.06,17.3579,,,,,
2488,7/8/2026 9:29,74.39,17.1937,,,,,
2489,7/8/2026 9:44,74.85,17.0418,,,,,
2490,7/8/2026 9:59,75.12,16.8851,,,,,
2491,7/8/2026 10:14,75.39,16.7329,,,,,
2492,7/8/2026 10:29,75.73,16.5891,,,,,
2493,7/8/2026 10:44,76.1,16.4523,,,,,
2494,7/8/2026 10:59,76.5,16.3269,,,,,
2495,7/8/2026 11:14,76.93,16.1991,,,,,
2496,7/8/2026 11:29,77.17,16.0815,,,,,
2497,7/8/2026 11:44,77.42,15.9653,,,,,
2498,7/8/2026 11:59,77.68,15.8547,,,,,
2499,7/8/2026 12:14,77.93,15.7548,,,,,
2500,7/8/2026 12:29,78.19,15.66,,,,,
2501,7/8/2026 12:44,78.46,15.572,,,,,
2502,7/8/2026 12:59,78.73,15.5071,,,,,
2503,7/8/2026 13:14,78.97,15.512,,,,,
2504,7/8/2026 13:29,79.58,15.5893,,,,,
2505,7/8/2026 13:44,78.68,15.6797,,,,,
2506,7/8/2026 13:59,78.43,15.8045,,,,,
2507,7/8/2026 14:14,77.9,15.9607,,,,,
2508,7/8/2026 14:29,77.66,16.1487,,,,,
2509,7/8/2026 14:44,77.81,16.3415,,,,,
2510,7/8/2026 14:59,77.83,16.5667,,,,,
2511,7/8/2026 15:14,78.14,16.804,,,,,
2512,7/8/2026 15:29,78.33,17.0519,,,,,
2513,7/8/2026 15:44,78.15,17.3131,,,,,
2514,7/8/2026 15:59,77.72,17.5902,,,,,
2515,7/8/2026 16:14,77.15,17.8686,,,,,
2516,7/8/2026 16:29,76.63,18.1347,,,,,
2517,7/8/2026 16:44,76.01,18.3801,,,,,
2518,7/8/2026 16:59,75.71,18.6088,,,,,
2519,7/8/2026 17:14,75.7,18.808,,,,,
2520,7/8/2026 17:29,75.59,18.9649,,,,,
2521,7/8/2026 17:44,75.37,19.0951,,,,,
2522,7/8/2026 17:59,75.11,19.1722,,,,,
2523,7/8/2026 18:14,74.87,19.2316,,,,,
2524,7/8/2026 18:29,74.63,19.2671,,,,,
2525,7/8/2026 18:44,74.43,19.2786,,,,,
2526,7/8/2026 18:59,74.31,19.2676,,,,,
2527,7/8/2026 19:14,74.24,19.2288,,,,,
2528,7/8/2026 19:29,74.2,19.1618,,,,,
2529,7/8/2026 19:44,74.3,19.0553,,,,,
2530,7/8/2026 19:59,74.32,18.9108,,,,,
2531,7/8/2026 20:14,74.72,18.7508,,,,,
2532,7/8/2026 20:29,74.93,18.5691,,,,,
2533,7/8/2026 20:44,75.36,18.3968,,,,,
2534,7/8/2026 20:59,75.54,18.2046,,,,,
2535,7/8/2026 21:14,75.77,18.0119,,,,,
2536,7/8/2026 21:29,75.98,17.8162,,,,,
2537,7/8/2026 21:44,76.27,17.6246,,,,,
2538,7/8/2026 21:59,76.56,17.44,,,,,
2539,7/8/2026 22:14,76.87,17.2544,,,,,
2540,7/8/2026 22:29,77.13,17.075,,,,,
2541,7/8/2026 22:44,77.33,16.9031,,,,,
2542,7/8/2026 22:59,77.45,16.7418,,,,,
2543,7/8/2026 23:14,77.53,16.5848,,,,,
2544,7/8/2026 23:29,77.57,16.4354,,,,,
2545,7/8/2026 23:44,77.57,16.2954,,,,,
2546,7/8/2026 23:59,77.55,16.1616,,,,,
2547,7/9/2026 0:14,77.52,16.0367,,,,,
2548,7/9/2026 0:29,77.48,15.9136,,,,,
2549,7/9/2026 0:44,77.44,15.8006,,,,,
2550,7/9/2026 0:59,77.39,15.6945,,,,,
2551,7/9/2026 1:14,77.36,15.599,,,,,
2552,7/9/2026 1:29,77.31,15.5129,,,,,
2553,7/9/2026 1:44,77.27,15.4425,,,,,
2554,7/9/2026 1:59,77.24,15.4237,,,,,
2555,7/9/2026 2:14,77.18,15.4996,,,,,
2556,7/9/2026 2:29,77.02,15.594,,,,,
2557,7/9/2026 2:44,77.12,15.7083,,,,,
2558,7/9/2026 2:59,77.21,15.85,,,,,
2559,7/9/2026 3:14,77.12,16.0221,,,,,
2560,7/9/2026 3:29,76.99,16.2098,,,,,
2561,7/9/2026 3:44,76.91,16.4215,,,,,
2562,7/9/2026 3:59,76.69,16.6431,,,,,
2563,7/9/2026 4:14,76.42,16.8742,,,,,
2564,7/9/2026 4:29,76.07,17.1334,,,,,
2565,7/9/2026 4:44,75.67,17.3784,,,,,
2566,7/9/2026 4:59,75.22,17.6392,,,,,
2567,7/9/2026 5:14,74.99,17.8913,,,,,
2568,7/9/2026 5:29,74.79,18.1242,,,,,
2569,7/9/2026 5:44,74.57,18.3383,,,,,
2570,7/9/2026 5:59,74.3,18.521,,,,,
2571,7/9/2026 6:14,74,18.6766,,,,,
2572,7/9/2026 6:29,73.65,18.7818,,,,,
2573,7/9/2026 6:44,73.4,18.8613,,,,,
2574,7/9/2026 6:59,73.26,18.8919,,,,,
2575,7/9/2026 7:14,73.18,18.8892,,,,,
2576,7/9/2026 7:29,73.18,18.8229,,,,,
2577,7/9/2026 7:44,73.27,18.7361,,,,,
2578,7/9/2026 7:59,73.49,18.6048,,,,,
2579,7/9/2026 8:14,73.94,18.4496,,,,,
2580,7/9/2026 8:29,74.03,18.3031,,,,,
2581,7/9/2026 8:44,74.07,18.1477,,,,,
2582,7/9/2026 8:59,74.32,17.9916,,,,,
2583,7/9/2026 9:14,74.61,17.8357,,,,,
2584,7/9/2026 9:29,75.18,17.678,,,,,
2585,7/9/2026 9:44,75.48,17.5161,,,,,
2586,7/9/2026 9:59,75.73,17.349,,,,,
2587,7/9/2026 10:14,75.95,17.1839,,,,,
2588,7/9/2026 10:29,76.15,17.0189,,,,,
2589,7/9/2026 10:44,76.48,16.8624,,,,,
2590,7/9/2026 10:59,76.73,16.7101,,,,,
2591,7/9/2026 11:14,76.88,16.5584,,,,,
2592,7/9/2026 11:29,77.34,16.4174,,,,,
2593,7/9/2026 11:44,77.66,16.2806,,,,,
2594,7/9/2026 11:59,77.93,16.1468,,,,,
2595,7/9/2026 12:14,78.19,16.0281,,,,,
2596,7/9/2026 12:29,78.36,15.9074,,,,,
2597,7/9/2026 12:44,78.48,15.799,,,,,
2598,7/9/2026 12:59,78.75,15.6948,,,,,
2599,7/9/2026 13:14,79.01,15.5925,,,,,
2600,7/9/2026 13:29,79.19,15.5012,,,,,
2601,7/9/2026 13:44,79.24,15.4266,,,,,
2602,7/9/2026 13:59,79.32,15.3912,,,,,
2603,7/9/2026 14:14,79.57,15.4353,,,,,
2604,7/9/2026 14:29,79.86,15.5294,,,,,
2605,7/9/2026 14:44,79.44,15.6339,,,,,
2606,7/9/2026 14:59,79.07,15.7741,,,,,
2607,7/9/2026 15:14,78.66,15.9461,,,,,
2608,7/9/2026 15:29,78.92,16.1483,,,,,
2609,7/9/2026 15:44,78.99,16.3566,,,,,
2610,7/9/2026 15:59,79.21,16.5829,,,,,
2611,7/9/2026 16:14,79.55,16.8341,,,,,
2612,7/9/2026 16:29,79.68,17.102,,,,,
2613,7/9/2026 16:44,79.63,17.3817,,,,,
2614,7/9/2026 16:59,79.39,17.667,,,,,
2615,7/9/2026 17:14,78.92,17.9526,,,,,
2616,7/9/2026 17:29,78.32,18.2319,,,,,
2617,7/9/2026 17:44,77.95,18.4861,,,,,
2618,7/9/2026 17:59,77.78,18.7089,,,,,
2619,7/9/2026 18:14,77.57,18.9015,,,,,
2620,7/9/2026 18:29,77.39,19.0432,,,,,
2621,7/9/2026 18:44,77.15,19.1354,,,,,
2622,7/9/2026 18:59,76.93,19.2,,,,,
2623,7/9/2026 19:14,76.71,19.2462,,,,,
2624,7/9/2026 19:29,76.51,19.2716,,,,,
2625,7/9/2026 19:44,76.37,19.2884,,,,,
2626,7/9/2026 19:59,76.21,19.2785,,,,,
2627,7/9/2026 20:14,76.09,19.2422,,,,,
2628,7/9/2026 20:29,76.04,19.1694,,,,,
2629,7/9/2026 20:44,76.12,19.0616,,,,,
2630,7/9/2026 20:59,76.11,18.9195,,,,,
2631,7/9/2026 21:14,76.46,18.755,,,,,
2632,7/9/2026 21:29,76.87,18.5844,,,,,
2633,7/9/2026 21:44,77.07,18.3908,,,,,
2634,7/9/2026 21:59,77.21,18.1996,,,,,
2635,7/9/2026 22:14,77.44,18.0032,,,,,
2636,7/9/2026 22:29,77.7,17.7969,,,,,
2637,7/9/2026 22:44,77.96,17.5989,,,,,
2638,7/9/2026 22:59,78.27,17.4018,,,,,
2639,7/9/2026 23:14,78.55,17.2098,,,,,
2640,7/9/2026 23:29,78.74,17.0215,,,,,
2641,7/9/2026 23:44,78.87,16.8395,,,,,
2642,7/9/2026 23:59,78.93,16.6699,,,,,
2643,7/10/2026 0:14,78.94,16.5085,,,,,
2644,7/10/2026 0:29,78.92,16.3508,,,,,
2645,7/10/2026 0:44,78.88,16.2045,,,,,
2646,7/10/2026 0:59,78.83,16.065,,,,,
2647,7/10/2026 1:14,78.75,15.9344,,,,,
2648,7/10/2026 1:29,78.67,15.8125,,,,,
2649,7/10/2026 1:44,78.61,15.6945,,,,,
2650,7/10/2026 1:59,78.57,15.5909,,,,,
2651,7/10/2026 2:14,78.5,15.4848,,,,,
2652,7/10/2026 2:29,78.44,15.3882,,,,,
2653,7/10/2026 2:44,78.39,15.3071,,,,,
2654,7/10/2026 2:59,78.33,15.241,,,,,
2655,7/10/2026 3:14,78.28,15.2328,,,,,
2656,7/10/2026 3:29,78.19,15.3223,,,,,
2657,7/10/2026 3:44,78.16,15.4243,,,,,
2658,7/10/2026 3:59,78.33,15.5605,,,,,
2659,7/10/2026 4:14,78.35,15.732,,,,,
2660,7/10/2026 4:29,78.37,15.9323,,,,,
2661,7/10/2026 4:44,78.37,16.164,,,,,
2662,7/10/2026 4:59,78.34,16.4033,,,,,
2663,7/10/2026 5:14,78.21,16.6614,,,,,
2664,7/10/2026 5:29,78.05,16.9266,,,,,
2665,7/10/2026 5:44,77.83,17.1969,,,,,
2666,7/10/2026 5:59,77.6,17.4788,,,,,
2667,7/10/2026 6:14,77.46,17.7417,,,,,
2668,7/10/2026 6:29,77.32,18.0023,,,,,
2669,7/10/2026 6:44,77.13,18.2353,,,,,
2670,7/10/2026 6:59,76.89,18.4527,,,,,
2671,7/10/2026 7:14,76.57,18.6266,,,,,
2672,7/10/2026 7:29,76.27,18.747,,,,,
2673,7/10/2026 7:44,76.08,18.8336,,,,,
2674,7/10/2026 7:59,75.97,18.8579,,,,,
2675,7/10/2026 8:14,75.92,18.8578,,,,,
2676,7/10/2026 8:29,75.93,18.8017,,,,,
2677,7/10/2026 8:44,75.98,18.7046,,,,,
2678,7/10/2026 8:59,76.15,18.5821,,,,,
2679,7/10/2026 9:14,76.67,18.4314,,,,,
2680,7/10/2026 9:29,76.63,18.2707,,,,,
2681,7/10/2026 9:44,76.66,18.1146,,,,,
2682,7/10/2026 9:59,76.93,17.9586,,,,,
2683,7/10/2026 10:14,77.34,17.8181,,,,,
2684,7/10/2026 10:29,77.77,17.6475,,,,,
2685,7/10/2026 10:44,77.93,17.4902,,,,,
2686,7/10/2026 10:59,78.12,17.3155,,,,,
2687,7/10/2026 11:14,78.37,17.1542,,,,,
2688,7/10/2026 11:29,78.58,16.9923,,,,,
2689,7/10/2026 11:44,78.59,16.8332,,,,,
2690,7/10/2026 11:59,78.87,16.6773,,,,,
2691,7/10/2026 12:14,79.1,16.5313,,,,,
2692,7/10/2026 12:29,79.26,16.3878,,,,,
2693,7/10/2026 12:44,79.32,16.2504,,,,,
2694,7/10/2026 12:59,79.76,16.1233,,,,,
2695,7/10/2026 13:14,79.91,16.0031,,,,,
2696,7/10/2026 13:29,80.11,15.8817,,,,,
2697,7/10/2026 13:44,80.21,15.7709,,,,,
2698,7/10/2026 13:59,80.39,15.6683,,,,,
2699,7/10/2026 14:14,80.55,15.5702,,,,,
2700,7/10/2026 14:29,80.58,15.4848,,,,,
2701,7/10/2026 14:44,80.55,15.4143,,,,,
2702,7/10/2026 14:59,80.47,15.3855,,,,,
2703,7/10/2026 15:14,80.59,15.44,,,,,
2704,7/10/2026 15:29,80.94,15.5423,,,,,
2705,7/10/2026 15:44,80.71,15.6628,,,,,
2706,7/10/2026 15:59,80.24,15.8184,,,,,
2707,7/10/2026 16:14,80.04,16.0052,,,,,
2708,7/10/2026 16:29,80.29,16.2175,,,,,
2709,7/10/2026 16:44,80.37,16.4515,,,,,
2710,7/10/2026 16:59,80.56,16.7067,,,,,
2711,7/10/2026 17:14,80.84,16.968,,,,,
2712,7/10/2026 17:29,80.87,17.2553,,,,,
2713,7/10/2026 17:44,80.91,17.5461,,,,,
2714,7/10/2026 17:59,80.71,17.8536,,,,,
2715,7/10/2026 18:14,80.4,18.1543,,,,,
2716,7/10/2026 18:29,80.02,18.4369,,,,,
2717,7/10/2026 18:44,79.68,18.6997,,,,,
2718,7/10/2026 18:59,79.41,18.9193,,,,,
2719,7/10/2026 19:14,79.16,19.093,,,,,
2720,7/10/2026 19:29,78.88,19.2092,,,,,
2721,7/10/2026 19:44,78.56,19.3007,,,,,
2722,7/10/2026 19:59,78.18,19.3617,,,,,
2723,7/10/2026 20:14,77.86,19.4135,,,,,
2724,7/10/2026 20:29,77.55,19.4494,,,,,
2725,7/10/2026 20:44,77.24,19.4676,,,,,
2726,7/10/2026 20:59,77.03,19.4677,,,,,
2727,7/10/2026 21:14,76.83,19.4394,,,,,
2728,7/10/2026 21:29,76.69,19.3644,,,,,
2729,7/10/2026 21:44,76.78,19.2634,,,,,
2730,7/10/2026 21:59,76.79,19.1162,,,,,
2731,7/10/2026 22:14,77.07,18.9597,,,,,
2732,7/10/2026 22:29,77.49,18.7972,,,,,
2733,7/10/2026 22:44,77.81,18.6119,,,,,
2734,7/10/2026 22:59,78.01,18.4251,,,,,
2735,7/10/2026 23:14,78.32,18.2117,,,,,
2736,7/10/2026 23:29,78.64,18.0054,,,,,
2737,7/10/2026 23:44,78.92,17.8035,,,,,
2738,7/10/2026 23:59,79.2,17.593,,,,,
2739,7/11/2026 0:14,79.41,17.3925,,,,,
2740,7/11/2026 0:29,79.54,17.1983,,,,,
2741,7/11/2026 0:44,79.6,17.0115,,,,,
2742,7/11/2026 0:59,79.6,16.8286,,,,,
2743,7/11/2026 1:14,79.57,16.6563,,,,,
2744,7/11/2026 1:29,79.49,16.4934,,,,,
2745,7/11/2026 1:44,79.4,16.3456,,,,,
2746,7/11/2026 1:59,79.29,16.2054,,,,,
2747,7/11/2026 2:14,79.19,16.0727,,,,,
2748,7/11/2026 2:29,79.1,15.9426,,,,,
2749,7/11/2026 2:44,79.01,15.822,,,,,
2750,7/11/2026 2:59,78.93,15.7102,,,,,
2751,7/11/2026 3:14,78.85,15.6015,,,,,
2752,7/11/2026 3:29,78.79,15.4973,,,,,
2753,7/11/2026 3:44,78.74,15.4075,,,,,
2754,7/11/2026 3:59,78.68,15.3239,,,,,
2755,7/11/2026 4:14,78.62,15.2609,,,,,
2756,7/11/2026 4:29,78.57,15.2502,,,,,
2757,7/11/2026 4:44,78.33,15.3568,,,,,
2758,7/11/2026 4:59,78.34,15.4627,,,,,
2759,7/11/2026 5:14,78.48,15.6045,,,,,
2760,7/11/2026 5:29,78.44,15.7933,,,,,
2761,7/11/2026 5:44,78.4,16.0148,,,,,
2762,7/11/2026 5:59,78.32,16.2583,,,,,
2763,7/11/2026 6:14,78.19,16.5181,,,,,
2764,7/11/2026 6:29,78.04,16.8076,,,,,
2765,7/11/2026 6:44,77.9,17.0867,,,,,
2766,7/11/2026 6:59,77.73,17.3862,,,,,
2767,7/11/2026 7:14,77.55,17.6778,,,,,
2768,7/11/2026 7:29,77.5,17.9618,,,,,
2769,7/11/2026 7:44,77.38,18.2271,,,,,
2770,7/11/2026 7:59,77.18,18.4641,,,,,
2771,7/11/2026 8:14,76.88,18.6544,,,,,
2772,7/11/2026 8:29,76.55,18.8164,,,,,
2773,7/11/2026 8:44,76.36,18.9283,,,,,
2774,7/11/2026 8:59,76.23,18.9955,,,,,
2775,7/11/2026 9:14,76.16,19.013,,,,,
2776,7/11/2026 9:29,76.14,18.9789,,,,,
2777,7/11/2026 9:44,76.17,18.9057,,,,,
2778,7/11/2026 9:59,76.19,18.7997,,,,,
2779,7/11/2026 10:14,76.5,18.6598,,,,,
2780,7/11/2026 10:29,76.85,18.5056,,,,,
2781,7/11/2026 10:44,76.76,18.3245,,,,,
2782,7/11/2026 10:59,76.91,18.1649,,,,,
2783,7/11/2026 11:14,77.22,17.9945,,,,,
2784,7/11/2026 11:29,77.63,17.8219,,,,,
2785,7/11/2026 11:44,77.93,17.6491,,,,,
2786,7/11/2026 11:59,78.1,17.4812,,,,,
2787,7/11/2026 12:14,78.28,17.3121,,,,,
2788,7/11/2026 12:29,78.46,17.1431,,,,,
2789,7/11/2026 12:44,78.72,16.9789,,,,,
2790,7/11/2026 12:59,78.91,16.8233,,,,,
2791,7/11/2026 13:14,79.08,16.6665,,,,,
2792,7/11/2026 13:29,79.25,16.5191,,,,,
2793,7/11/2026 13:44,79.39,16.3762,,,,,
2794,7/11/2026 13:59,79.52,16.2465,,,,,
2795,7/11/2026 14:14,79.64,16.118,,,,,
2796,7/11/2026 14:29,79.75,15.9977,,,,,
2797,7/11/2026 14:44,79.84,15.8874,,,,,
2798,7/11/2026 14:59,79.91,15.7765,,,,,
2799,7/11/2026 15:14,80.02,15.68,,,,,
2800,7/11/2026 15:29,80.12,15.5811,,,,,
2801,7/11/2026 15:44,80.18,15.507,,,,,
2802,7/11/2026 15:59,80.28,15.4487,,,,,
2803,7/11/2026 16:14,80.39,15.4825,,,,,
2804,7/11/2026 16:29,80.61,15.5865,,,,,
2805,7/11/2026 16:44,80.47,15.7003,,,,,
2806,7/11/2026 16:59,80.15,15.8587,,,,,
2807,7/11/2026 17:14,80.01,16.052,,,,,
2808,7/11/2026 17:29,80.04,16.2682,,,,,
2809,7/11/2026 17:44,80.02,16.5027,,,,,
2810,7/11/2026 17:59,80.11,16.7696,,,,,
2811,7/11/2026 18:14,80.21,17.0474,,,,,
2812,7/11/2026 18:29,80.2,17.3617,,,,,
2813,7/11/2026 18:44,80.18,17.6851,,,,,
2814,7/11/2026 18:59,80.02,18.0036,,,,,
2815,7/11/2026 19:14,79.75,18.3279,,,,,
2816,7/11/2026 19:29,79.41,18.6277,,,,,
2817,7/11/2026 19:44,79.13,18.9022,,,,,
2818,7/11/2026 19:59,78.93,19.1272,,,,,
2819,7/11/2026 20:14,78.63,19.2876,,,,,
2820,7/11/2026 20:29,78.38,19.4015,,,,,
2821,7/11/2026 20:44,78.12,19.4887,,,,,
2822,7/11/2026 20:59,77.84,19.5577,,,,,
2823,7/11/2026 21:14,77.59,19.6134,,,,,
2824,7/11/2026 21:29,77.28,19.655,,,,,
2825,7/11/2026 21:44,77.02,19.6765,,,,,
2826,7/11/2026 21:59,76.7,19.6776,,,,,
2827,7/11/2026 22:14,76.34,19.6413,,,,,
2828,7/11/2026 22:29,76.13,19.5641,,,,,
2829,7/11/2026 22:44,76.14,19.4516,,,,,
2830,7/11/2026 22:59,76.07,19.3072,,,,,
2831,7/11/2026 23:14,76.41,19.1526,,,,,
2832,7/11/2026 23:29,76.74,18.9885,,,,,
2833,7/11/2026 23:44,77.04,18.8075,,,,,
2834,7/11/2026 23:59,77.22,18.6035,,,,,
2835,7/12/2026 0:14,77.42,18.3941,,,,,
2836,7/12/2026 0:29,77.59,18.1886,,,,,
2837,7/12/2026 0:44,77.85,17.979,,,,,
2838,7/12/2026 0:59,78.08,17.767,,,,,
2839,7/12/2026 1:14,78.25,17.5625,,,,,
2840,7/12/2026 1:29,78.33,17.3599,,,,,
2841,7/12/2026 1:44,78.37,17.1699,,,,,
2842,7/12/2026 1:59,78.36,16.983,,,,,
2843,7/12/2026 2:14,78.3,16.8113,,,,,
2844,7/12/2026 2:29,78.24,16.6421,,,,,
2845,7/12/2026 2:44,78.16,16.4861,,,,,
2846,7/12/2026 2:59,78.08,16.3377,,,,,
2847,7/12/2026 3:14,77.99,16.1994,,,,,
2848,7/12/2026 3:29,77.91,16.0687,,,,,
2849,7/12/2026 3:44,77.84,15.9431,,,,,
2850,7/12/2026 3:59,77.77,15.8244,,,,,
2851,7/12/2026 4:14,77.72,15.7101,,,,,
2852,7/12/2026 4:29,77.68,15.6047,,,,,
2853,7/12/2026 4:44,77.64,15.5005,,,,,
2854,7/12/2026 4:59,77.6,15.412,,,,,
2855,7/12/2026 5:14,77.57,15.3291,,,,,
2856,7/12/2026 5:29,77.51,15.2729,,,,,
2857,7/12/2026 5:44,77.46,15.2952,,,,,
2858,7/12/2026 5:59,77.29,15.4032,,,,,
2859,7/12/2026 6:14,77.3,15.5067,,,,,
2860,7/12/2026 6:29,77.33,15.6563,,,,,
2861,7/12/2026 6:44,77.09,15.8666,,,,,
2862,7/12/2026 6:59,77,16.1036,,,,,
2863,7/12/2026 7:14,76.96,16.3735,,,,,
2864,7/12/2026 7:29,76.85,16.666,,,,,
2865,7/12/2026 7:44,76.74,16.9801,,,,,
2866,7/12/2026 7:59,76.56,17.2844,,,,,
2867,7/12/2026 8:14,76.44,17.6036,,,,,
2868,7/12/2026 8:29,76.33,17.9126,,,,,
2869,7/12/2026 8:44,76.29,18.2107,,,,,
2870,7/12/2026 8:59,76.17,18.4724,,,,,
2871,7/12/2026 9:14,75.97,18.7097,,,,,
2872,7/12/2026 9:29,75.76,18.8934,,,,,
2873,7/12/2026 9:44,75.62,19.0351,,,,,
2874,7/12/2026 9:59,75.52,19.1138,,,,,
2875,7/12/2026 10:14,75.48,19.1459,,,,,
2876,7/12/2026 10:29,75.49,19.1251,,,,,
2877,7/12/2026 10:44,75.52,19.0494,,,,,
2878,7/12/2026 10:59,75.53,18.9364,,,,,
2879,7/12/2026 11:14,75.71,18.791,,,,,
2880,7/12/2026 11:29,76.04,18.6297,,,,,
2881,7/12/2026 11:44,76.16,18.4579,,,,,
2882,7/12/2026 11:59,76.12,18.2897,,,,,
2883,7/12/2026 12:14,76.39,18.1159,,,,,
2884,7/12/2026 12:29,76.85,17.9402,,,,,
2885,7/12/2026 12:44,77.06,17.764,,,,,
2886,7/12/2026 12:59,77.22,17.5822,,,,,
2887,7/12/2026 13:14,77.37,17.4073,,,,,
2888,7/12/2026 13:29,77.53,17.2301,,,,,
2889,7/12/2026 13:44,77.74,17.0638,,,,,
2890,7/12/2026 13:59,77.94,16.9013,,,,,
2891,7/12/2026 14:14,78.13,16.7445,,,,,
2892,7/12/2026 14:29,78.31,16.5966,,,,,
2893,7/12/2026 14:44,78.45,16.4517,,,,,
2894,7/12/2026 14:59,78.58,16.3163,,,,,
2895,7/12/2026 15:14,78.67,16.1853,,,,,
2896,7/12/2026 15:29,78.77,16.0599,,,,,
2897,7/12/2026 15:44,78.88,15.9478,,,,,
2898,7/12/2026 15:59,79,15.8301,,,,,
2899,7/12/2026 16:14,79.11,15.7261,,,,,
2900,7/12/2026 16:29,79.18,15.6246,,,,,
2901,7/12/2026 16:44,79.22,15.5381,,,,,
2902,7/12/2026 16:59,79.27,15.459,,,,,
2903,7/12/2026 17:14,79.31,15.4223,,,,,
2904,7/12/2026 17:29,79.4,15.5048,,,,,
2905,7/12/2026 17:44,79.38,15.5995,,,,,
2906,7/12/2026 17:59,79.2,15.7251,,,,,
2907,7/12/2026 18:14,79,15.8962,,,,,
2908,7/12/2026 18:29,78.91,16.1177,,,,,
2909,7/12/2026 18:44,78.85,16.3632,,,,,
2910,7/12/2026 18:59,78.76,16.6476,,,,,
2911,7/12/2026 19:14,78.73,16.9369,,,,,
2912,7/12/2026 19:29,78.67,17.2572,,,,,
2913,7/12/2026 19:44,78.62,17.5967,,,,,
2914,7/12/2026 19:59,78.53,17.9529,,,,,
2915,7/12/2026 20:14,78.34,18.31,,,,,
2916,7/12/2026 20:29,78.09,18.6479,,,,,
2917,7/12/2026 20:44,77.87,18.9458,,,,,
2918,7/12/2026 20:59,77.69,19.1911,,,,,
2919,7/12/2026 21:14,77.51,19.3803,,,,,
2920,7/12/2026 21:29,77.31,19.4994,,,,,
2921,7/12/2026 21:44,77.13,19.5964,,,,,
2922,7/12/2026 21:59,76.93,19.6756,,,,,
2923,7/12/2026 22:14,76.72,19.7371,,,,,
2924,7/12/2026 22:29,76.49,19.7822,,,,,
2925,7/12/2026 22:44,76.18,19.8061,,,,,
2926,7/12/2026 22:59,75.85,19.8034,,,,,
2927,7/12/2026 23:14,75.76,19.7784,,,,,
2928,7/12/2026 23:29,75.61,19.7141,,,,,
2929,7/12/2026 23:44,75.55,19.6045,,,,,
2930,7/12/2026 23:59,75.34,19.4667,,,,,
2931,7/13/2026 0:14,75.47,19.307,,,,,
2932,7/13/2026 0:29,75.61,19.1437,,,,,
2933,7/13/2026 0:44,75.92,18.9657,,,,,
2934,7/13/2026 0:59,76.09,18.7617,,,,,
2935,7/13/2026 1:14,76.26,18.5477,,,,,
2936,7/13/2026 1:29,76.38,18.3299,,,,,
2937,7/13/2026 1:44,76.48,18.1104,,,,,
2938,7/13/2026 1:59,76.66,17.8989,,,,,
2939,7/13/2026 2:14,76.79,17.6842,,,,,
2940,7/13/2026 2:29,76.85,17.4796,,,,,
2941,7/13/2026 2:44,76.88,17.2851,,,,,
2942,7/13/2026 2:59,76.86,17.09,,,,,
2943,7/13/2026 3:14,76.82,16.9151,,,,,
2944,7/13/2026 3:29,76.77,16.7478,,,,,
2945,7/13/2026 3:44,76.73,16.5881,,,,,
2946,7/13/2026 3:59,76.68,16.4335,,,,,
2947,7/13/2026 4:14,76.63,16.2871,,,,,
2948,7/13/2026 4:29,76.57,16.1483,,,,,
2949,7/13/2026 4:44,76.53,16.0227,,,,,
2950,7/13/2026 4:59,76.48,15.8978,,,,,
2951,7/13/2026 5:14,76.45,15.7817,,,,,
2952,7/13/2026 5:29,76.44,15.6701,,,,,
2953,7/13/2026 5:44,76.43,15.5654,,,,,
2954,7/13/2026 5:59,76.43,15.47,,,,,
2955,7/13/2026 6:14,76.42,15.3803,,,,,
2956,7/13/2026 6:29,76.42,15.3019,,,,,
2957,7/13/2026 6:44,76.42,15.2421,,,,,
2958,7/13/2026 6:59,76.44,15.2832,,,,,
2959,7/13/2026 7:14,76.33,15.3895,,,,,
2960,7/13/2026 7:29,76.36,15.5035,,,,,
2961,7/13/2026 7:44,76.23,15.6715,,,,,
2962,7/13/2026 7:59,76.12,15.9033,,,,,
2963,7/13/2026 8:14,76.01,16.1759,,,,,
2964,7/13/2026 8:29,75.94,16.4876,,,,,
2965,7/13/2026 8:44,75.88,16.8116,,,,,
2966,7/13/2026 8:59,75.64,17.1551,,,,,
2967,7/13/2026 9:14,75.53,17.4967,,,,,
2968,7/13/2026 9:29,75.48,17.8434,,,,,
2969,7/13/2026 9:44,75.43,18.1684,,,,,
2970,7/13/2026 9:59,75.33,18.4698,,,,,
2971,7/13/2026 10:14,75.23,18.7256,,,,,
2972,7/13/2026 10:29,75.11,18.9272,,,,,
2973,7/13/2026 10:44,75.02,19.081,,,,,
2974,7/13/2026 10:59,74.99,19.1687,,,,,
2975,7/13/2026 11:14,74.98,19.2136,,,,,
2976,7/13/2026 11:29,75.02,19.2092,,,,,
2977,7/13/2026 11:44,75.04,19.1613,,,,,
2978,7/13/2026 11:59,75.08,19.0729,,,,,
2979,7/13/2026 12:14,75.12,18.9247,,,,,
2980,7/13/2026 12:29,75.67,18.7537,,,,,
2981,7/13/2026 12:44,75.8,18.5541,,,,,
2982,7/13/2026 12:59,75.64,18.3685,,,,,
2983,7/13/2026 13:14,75.86,18.1763,,,,,
2984,7/13/2026 13:29,76.11,17.9844,,,,,
2985,7/13/2026 13:44,76.26,17.7992,,,,,
2986,7/13/2026 13:59,76.38,17.6035,,,,,
2987,7/13/2026 14:14,76.45,17.4178,,,,,
2988,7/13/2026 14:29,76.57,17.2361,,,,,
2989,7/13/2026 14:44,76.79,17.0585,,,,,
2990,7/13/2026 14:59,77.01,16.8761,,,,,
2991,7/13/2026 15:14,77.2,16.7087,,,,,
2992,7/13/2026 15:29,77.36,16.5519,,,,,
2993,7/13/2026 15:44,77.49,16.4115,,,,,
2994,7/13/2026 15:59,77.66,16.2631,,,,,
2995,7/13/2026 16:14,77.8,16.1203,,,,,
2996,7/13/2026 16:29,77.92,15.9919,,,,,
2997,7/13/2026 16:44,78.03,15.8692,,,,,
2998,7/13/2026 16:59,78.09,15.7552,,,,,
2999,7/13/2026 17:14,78.15,15.648,,,,,
3000,7/13/2026 17:29,78.17,15.539,,,,,
3001,7/13/2026 17:44,78.23,15.4457,,,,,
3002,7/13/2026 17:59,78.29,15.3623,,,,,
3003,7/13/2026 18:14,78.38,15.2828,,,,,
3004,7/13/2026 18:29,78.37,15.2871,,,,,
3005,7/13/2026 18:44,78.33,15.406,,,,,
3006,7/13/2026 18:59,78.24,15.5024,,,,,
3007,7/13/2026 19:14,78.13,15.663,,,,,
3008,7/13/2026 19:29,78.1,15.8725,,,,,
3009,7/13/2026 19:44,78.03,16.1439,,,,,
3010,7/13/2026 19:59,77.95,16.4369,,,,,
3011,7/13/2026 20:14,77.79,16.76,,,,,
3012,7/13/2026 20:29,77.66,17.1106,,,,,
3013,7/13/2026 20:44,77.65,17.4801,,,,,
3014,7/13/2026 20:59,77.57,17.85,,,,,
3015,7/13/2026 21:14,77.48,18.2362,,,,,
3016,7/13/2026 21:29,77.36,18.5982,,,,,
3017,7/13/2026 21:44,77.22,18.9146,,,,,
3018,7/13/2026 21:59,77.09,19.1745,,,,,
3019,7/13/2026 22:14,76.98,19.348,,,,,
3020,7/13/2026 22:29,76.8,19.469,,,,,
3021,7/13/2026 22:44,76.62,19.5666,,,,,
3022,7/13/2026 22:59,76.46,19.6441,,,,,
3023,7/13/2026 23:14,76.24,19.7163,,,,,
3024,7/13/2026 23:29,75.95,19.7656,,,,,
3025,7/13/2026 23:44,75.6,19.7964,,,,,
3026,7/13/2026 23:59,75.37,19.8028,,,,,
3027,7/14/2026 0:14,75.13,19.7845,,,,,
3028,7/14/2026 0:29,74.82,19.7153,,,,,
3029,7/14/2026 0:44,74.72,19.6145,,,,,
3030,7/14/2026 0:59,74.44,19.4727,,,,,
3031,7/14/2026 1:14,74.5,19.3097,,,,,
3032,7/14/2026 1:29,74.68,19.1497,,,,,
3033,7/14/2026 1:44,75.02,18.9781,,,,,
3034,7/14/2026 1:59,75.2,18.774,,,,,
3035,7/14/2026 2:14,75.4,18.5658,,,,,
3036,7/14/2026 2:29,75.58,18.3362,,,,,
3037,7/14/2026 2:44,75.74,18.1037,,,,,
3038,7/14/2026 2:59,75.91,17.8921,,,,,
3039,7/14/2026 3:14,76.04,17.675,,,,,
3040,7/14/2026 3:29,76.11,17.4654,,,,,
3041,7/14/2026 3:44,76.14,17.2697,,,,,
3042,7/14/2026 3:59,76.15,17.0797,,,,,
3043,7/14/2026 4:14,76.13,16.9005,,,,,
3044,7/14/2026 4:29,76.11,16.7245,,,,,
3045,7/14/2026 4:44,76.09,16.5667,,,,,
3046,7/14/2026 4:59,76.08,16.4091,,,,,
3047,7/14/2026 5:14,76.07,16.2572,,,,,
3048,7/14/2026 5:29,76.05,16.1166,,,,,
3049,7/14/2026 5:44,76.04,15.9824,,,,,
3050,7/14/2026 5:59,76.03,15.8526,,,,,
3051,7/14/2026 6:14,76.02,15.7278,,,,,
3052,7/14/2026 6:29,76.04,15.6144,,,,,
3053,7/14/2026 6:44,76.1,15.508,,,,,
3054,7/14/2026 6:59,76.12,15.4084,,,,,
3055,7/14/2026 7:14,76.15,15.3076,,,,,
3056,7/14/2026 7:29,76.23,15.2181,,,,,
3057,7/14/2026 7:44,76.32,15.1554,,,,,
3058,7/14/2026 7:59,76.41,15.1394,,,,,
3059,7/14/2026 8:14,76.44,15.2646,,,,,
3060,7/14/2026 8:29,76.45,15.3686,,,,,
3061,7/14/2026 8:44,76.27,15.5339,,,,,
3062,7/14/2026 8:59,76.09,15.7872,,,,,
3063,7/14/2026 9:14,76.05,16.086,,,,,
3064,7/14/2026 9:29,76.01,16.4065,,,,,
3065,7/14/2026 9:44,75.96,16.7567,,,,,
3066,7/14/2026 9:59,75.69,17.1075,,,,,
3067,7/14/2026 10:14,75.62,17.4718,,,,,
3068,7/14/2026 10:29,75.54,17.824,,,,,
3069,7/14/2026 10:44,75.38,18.1696,,,,,
3070,7/14/2026 10:59,75.22,18.4702,,,,,
3071,7/14/2026 11:14,75.11,18.7322,,,,,
3072,7/14/2026 11:29,75.02,18.9389,,,,,
3073,7/14/2026 11:44,74.94,19.0751,,,,,
3074,7/14/2026 11:59,74.88,19.1704,,,,,
3075,7/14/2026 12:14,74.78,19.1739,,,,,
3076,7/14/2026 12:29,74.69,19.1686,,,,,
3077,7/14/2026 12:44,74.65,19.1041,,,,,
3078,7/14/2026 12:59,74.66,18.9791,,,,,
3079,7/14/2026 13:14,74.71,18.8328,,,,,
3080,7/14/2026 13:29,75,18.6544,,,,,
3081,7/14/2026 13:44,75.17,18.4997,,,,,
3082,7/14/2026 13:59,75.29,18.2965,,,,,
3083,7/14/2026 14:14,75.37,18.1154,,,,,
3084,7/14/2026 14:29,75.54,17.9045,,,,,
3085,7/14/2026 14:44,75.67,17.6999,,,,,
3086,7/14/2026 14:59,75.8,17.5067,,,,,
3087,7/14/2026 15:14,75.9,17.308,,,,,
3088,7/14/2026 15:29,76.01,17.1145,,,,,
3089,7/14/2026 15:44,76.15,16.9318,,,,,
3090,7/14/2026 15:59,76.31,16.7468,,,,,
3091,7/14/2026 16:14,76.46,16.5769,,,,,
3092,7/14/2026 16:29,76.59,16.4177,,,,,
3093,7/14/2026 16:44,76.72,16.2648,,,,,
3094,7/14/2026 16:59,76.83,16.1214,,,,,
3095,7/14/2026 17:14,76.92,15.9873,,,,,
3096,7/14/2026 17:29,76.98,15.8533,,,,,
3097,7/14/2026 17:44,77.02,15.7299,,,,,
3098,7/14/2026 17:59,77.06,15.6103,,,,,
3099,7/14/2026 18:14,77.1,15.5025,,,,,
3100,7/14/2026 18:29,77.16,15.3905,,,,,
3101,7/14/2026 18:44,77.21,15.2966,,,,,
3102,7/14/2026 18:59,77.23,15.207,,,,,
3103,7/14/2026 19:14,77.25,15.1243,,,,,
3104,7/14/2026 19:29,77.25,15.0739,,,,,
3105,7/14/2026 19:44,77.24,15.1703,,,,,
3106,7/14/2026 19:59,77.15,15.2691,,,,,
3107,7/14/2026 20:14,77.13,15.4048,,,,,
3108,7/14/2026 20:29,77.1,15.6085,,,,,
3109,7/14/2026 20:44,77.05,15.8609,,,,,
3110,7/14/2026 20:59,76.99,16.1661,,,,,
3111,7/14/2026 21:14,76.84,16.4933,,,,,
3112,7/14/2026 21:29,76.67,16.8465,,,,,
3113,7/14/2026 21:44,76.57,17.243,,,,,
3114,7/14/2026 21:59,76.47,17.6514,,,,,
3115,7/14/2026 22:14,76.36,18.0472,,,,,
3116,7/14/2026 22:29,76.18,18.4416,,,,,
3117,7/14/2026 22:44,75.96,18.7721,,,,,
3118,7/14/2026 22:59,75.71,19.0403,,,,,
3119,7/14/2026 23:14,75.47,19.2287,,,,,
3120,7/14/2026 23:29,75.19,19.3607,,,,,
3121,7/14/2026 23:44,74.84,19.4585,,,,,
3122,7/14/2026 23:59,74.48,19.543,,,,,
3123,7/15/2026 0:14,74.02,19.6146,,,,,
3124,7/15/2026 0:29,73.43,19.6664,,,,,
3125,7/15/2026 0:44,72.98,19.7051,,,,,
3126,7/15/2026 0:59,72.47,19.7337,,,,,
3127,7/15/2026 1:14,71.99,19.7217,,,,,
3128,7/15/2026 1:29,71.39,19.6722,,,,,
3129,7/15/2026 1:44,71.03,19.5613,,,,,
3130,7/15/2026 1:59,71.19,19.4245,,,,,
3131,7/15/2026 2:14,70.9,19.2525,,,,,
3132,7/15/2026 2:29,71.42,19.0864,,,,,
3133,7/15/2026 2:44,72.29,18.9161,,,,,
3134,7/15/2026 2:59,72.49,18.7166,,,,,
3135,7/15/2026 3:14,72.94,18.5128,,,,,
3136,7/15/2026 3:29,73.46,18.2778,,,,,
3137,7/15/2026 3:44,73.96,18.0562,,,,,
3138,7/15/2026 3:59,74.44,17.8366,,,,,
3139,7/15/2026 4:14,74.86,17.6227,,,,,
3140,7/15/2026 4:29,75.15,17.4199,,,,,
3141,7/15/2026 4:44,75.38,17.2322,,,,,
3142,7/15/2026 4:59,75.56,17.0389,,,,,
3143,7/15/2026 5:14,75.71,16.8582,,,,,
3144,7/15/2026 5:29,75.82,16.6838,,,,,
3145,7/15/2026 5:44,75.9,16.5125,,,,,
3146,7/15/2026 5:59,75.97,16.3614,,,,,
3147,7/15/2026 6:14,76.03,16.2103,,,,,
3148,7/15/2026 6:29,76.07,16.073,,,,,
3149,7/15/2026 6:44,76.12,15.9357,,,,,
3150,7/15/2026 6:59,76.17,15.8111,,,,,
3151,7/15/2026 7:14,76.22,15.6834,,,,,
3152,7/15/2026 7:29,76.27,15.5632,,,,,
3153,7/15/2026 7:44,76.31,15.4511,,,,,
3154,7/15/2026 7:59,76.32,15.3478,,,,,
3155,7/15/2026 8:14,76.34,15.2513,,,,,
3156,7/15/2026 8:29,76.37,15.1593,,,,,
3157,7/15/2026 8:44,76.43,15.0891,,,,,
3158,7/15/2026 8:59,76.48,15.0811,,,,,
3159,7/15/2026 9:14,76.45,15.208,,,,,
3160,7/15/2026 9:29,76.45,15.3424,,,,,
3161,7/15/2026 9:44,76.35,15.5347,,,,,
3162,7/15/2026 9:59,76.26,15.7975,,,,,
3163,7/15/2026 10:14,76.18,16.1069,,,,,
3164,7/15/2026 10:29,76.1,16.4329,,,,,
3165,7/15/2026 10:44,75.99,16.7912,,,,,
3166,7/15/2026 10:59,75.75,17.1616,,,,,
3167,7/15/2026 11:14,75.63,17.5365,,,,,
3168,7/15/2026 11:29,75.39,17.9085,,,,,
3169,7/15/2026 11:44,75.03,18.2588,,,,,
3170,7/15/2026 11:59,74.64,18.5583,,,,,
3171,7/15/2026 12:14,74.3,18.8091,,,,,
3172,7/15/2026 12:29,74,18.9952,,,,,
3173,7/15/2026 12:44,73.71,19.1189,,,,,
3174,7/15/2026 12:59,73.41,19.1864,,,,,
3175,7/15/2026 13:14,73.11,19.2154,,,,,
3176,7/15/2026 13:29,72.83,19.2008,,,,,
3177,7/15/2026 13:44,72.66,19.1821,,,,,
3178,7/15/2026 13:59,72.61,19.0879,,,,,
3179,7/15/2026 14:14,72.7,18.9619,,,,,
3180,7/15/2026 14:29,72.82,18.8057,,,,,
3181,7/15/2026 14:44,73.44,18.6142,,,,,
3182,7/15/2026 14:59,73.99,18.4403,,,,,
3183,7/15/2026 15:14,74.18,18.2354,,,,,
3184,7/15/2026 15:29,74.36,18.0326,,,,,
3185,7/15/2026 15:44,74.61,17.8207,,,,,
3186,7/15/2026 15:59,74.86,17.6032,,,,,
3187,7/15/2026 16:14,75.11,17.4016,,,,,
3188,7/15/2026 16:29,75.35,17.192,,,,,
3189,7/15/2026 16:44,75.53,16.9987,,,,,
3190,7/15/2026 16:59,75.67,16.8099,,,,,
3191,7/15/2026 17:14,75.8,16.6318,,,,,
3192,7/15/2026 17:29,75.91,16.4638,,,,,
3193,7/15/2026 17:44,75.99,16.3033,,,,,
3194,7/15/2026 17:59,76.09,16.1467,,,,,
3195,7/15/2026 18:14,76.17,16.0039,,,,,
3196,7/15/2026 18:29,76.21,15.8854,,,,,
3197,7/15/2026 18:44,76.26,15.7614,,,,,
3198,7/15/2026 18:59,76.26,15.6367,,,,,
3199,7/15/2026 19:14,76.26,15.5276,,,,,
3200,7/15/2026 19:29,76.25,15.4242,,,,,
3201,7/15/2026 19:44,76.22,15.3239,,,,,
3202,7/15/2026 19:59,76.2,15.2342,,,,,
3203,7/15/2026 20:14,76.17,15.1601,,,,,
3204,7/15/2026 20:29,76.12,15.1482,,,,,
3205,7/15/2026 20:44,75.87,15.2603,,,,,
3206,7/15/2026 20:59,75.83,15.3729,,,,,
3207,7/15/2026 21:14,75.95,15.5463,,,,,
3208,7/15/2026 21:29,75.88,15.7862,,,,,
3209,7/15/2026 21:44,75.78,16.0661,,,,,
3210,7/15/2026 21:59,75.61,16.3875,,,,,
3211,7/15/2026 22:14,75.15,16.7337,,,,,
3212,7/15/2026 22:29,74.78,17.1181,,,,,
3213,7/15/2026 22:44,74.42,17.5081,,,,,
3214,7/15/2026 22:59,74.13,17.8994,,,,,
3215,7/15/2026 23:14,73.84,18.29,,,,,
3216,7/15/2026 23:29,73.34,18.6442,,,,,
3217,7/15/2026 23:44,72.79,18.9627,,,,,
3218,7/15/2026 23:59,72.34,19.1858,,,,,
3219,7/16/2026 0:14,71.96,19.3498,,,,,
3220,7/16/2026 0:29,71.64,19.4698,,,,,
3221,7/16/2026 0:44,71.22,19.563,,,,,
3222,7/16/2026 0:59,70.78,19.6423,,,,,
3223,7/16/2026 1:14,70.17,19.7092,,,,,
3224,7/16/2026 1:29,69.49,19.7645,,,,,
3225,7/16/2026 1:44,69,19.7963,,,,,
3226,7/16/2026 1:59,68.48,19.814,,,,,
3227,7/16/2026 2:14,67.84,19.7929,,,,,
3228,7/16/2026 2:29,67.31,19.7196,,,,,
3229,7/16/2026 2:44,66.92,19.6029,,,,,
3230,7/16/2026 2:59,67.08,19.456,,,,,
3231,7/16/2026 3:14,67.18,19.2952,,,,,
3232,7/16/2026 3:29,67.71,19.1398,,,,,
3233,7/16/2026 3:44,68.48,18.9673,,,,,
3234,7/16/2026 3:59,68.7,18.7692,,,,,
3235,7/16/2026 4:14,69.17,18.5497,,,,,
3236,7/16/2026 4:29,69.64,18.3272,,,,,
3237,7/16/2026 4:44,70.15,18.1025,,,,,
3238,7/16/2026 4:59,70.61,17.8885,,,,,
3239,7/16/2026 5:14,71.05,17.6822,,,,,
3240,7/16/2026 5:29,71.4,17.4745,,,,,
3241,7/16/2026 5:44,71.7,17.2763,,,,,
3242,7/16/2026 5:59,71.96,17.0945,,,,,
3243,7/16/2026 6:14,72.18,16.9152,,,,,
3244,7/16/2026 6:29,72.37,16.7472,,,,,
3245,7/16/2026 6:44,72.53,16.5824,,,,,
3246,7/16/2026 6:59,72.67,16.4283,,,,,
3247,7/16/2026 7:14,72.8,16.2817,,,,,
3248,7/16/2026 7:29,72.92,16.1358,,,,,
3249,7/16/2026 7:44,73.03,15.9981,,,,,
3250,7/16/2026 7:59,73.15,15.8736,,,,,
3251,7/16/2026 8:14,73.28,15.7504,,,,,
3252,7/16/2026 8:29,73.43,15.6323,,,,,
3253,7/16/2026 8:44,73.6,15.5186,,,,,
3254,7/16/2026 8:59,73.77,15.418,,,,,
3255,7/16/2026 9:14,73.95,15.3151,,,,,
3256,7/16/2026 9:29,74.14,15.2339,,,,,
3257,7/16/2026 9:44,74.32,15.2025,,,,,
3258,7/16/2026 9:59,74.65,15.3245,,,,,
3259,7/16/2026 10:14,74.52,15.4401,,,,,
3260,7/16/2026 10:29,74.17,15.62,,,,,
3261,7/16/2026 10:44,73.95,15.8696,,,,,
3262,7/16/2026 10:59,73.9,16.1653,,,,,
3263,7/16/2026 11:14,73.95,16.4959,,,,,
3264,7/16/2026 11:29,74.09,16.8616,,,,,
3265,7/16/2026 11:44,73.84,17.2289,,,,,
3266,7/16/2026 11:59,73.69,17.6012,,,,,
3267,7/16/2026 12:14,73.3,17.9667,,,,,
3268,7/16/2026 12:29,72.68,18.2899,,,,,
3269,7/16/2026 12:44,72.29,18.597,,,,,
3270,7/16/2026 12:59,72.03,18.8367,,,,,
3271,7/16/2026 13:14,71.78,19.0159,,,,,
3272,7/16/2026 13:29,71.52,19.1397,,,,,
3273,7/16/2026 13:44,71.17,19.207,,,,,
3274,7/16/2026 13:59,70.9,19.2582,,,,,
3275,7/16/2026 14:14,70.63,19.2696,,,,,
3276,7/16/2026 14:29,70.47,19.2667,,,,,
3277,7/16/2026 14:44,70.39,19.2318,,,,,
3278,7/16/2026 14:59,70.31,19.1501,,,,,
3279,7/16/2026 15:14,70.41,19.0348,,,,,
3280,7/16/2026 15:29,70.27,18.8705,,,,,
3281,7/16/2026 15:44,70.98,18.6842,,,,,
3282,7/16/2026 15:59,71.71,18.4892,,,,,
3283,7/16/2026 16:14,71.88,18.3051,,,,,
3284,7/16/2026 16:29,72.25,18.092,,,,,
3285,7/16/2026 16:44,72.58,17.8834,,,,,
3286,7/16/2026 16:59,72.92,17.6686,,,,,
3287,7/16/2026 17:14,73.21,17.4841,,,,,
3288,7/16/2026 17:29,73.55,17.2615,,,,,
3289,7/16/2026 17:44,73.87,17.0716,,,,,
3290,7/16/2026 17:59,74.15,16.8931,,,,,
3291,7/16/2026 18:14,74.36,16.7163,,,,,
3292,7/16/2026 18:29,74.52,16.5509,,,,,
3293,7/16/2026 18:44,74.64,16.3892,,,,,
3294,7/16/2026 18:59,74.79,16.2314,,,,,
3295,7/16/2026 19:14,74.92,16.0981,,,,,
3296,7/16/2026 19:29,75,15.9678,,,,,
3297,7/16/2026 19:44,75.07,15.8444,,,,,
3298,7/16/2026 19:59,75.1,15.7228,,,,,
3299,7/16/2026 20:14,75.11,15.6107,,,,,
3300,7/16/2026 20:29,75.09,15.5097,,,,,
3301,7/16/2026 20:44,75.08,15.4107,,,,,
3302,7/16/2026 20:59,75.08,15.3254,,,,,
3303,7/16/2026 21:14,75.06,15.2525,,,,,
3304,7/16/2026 21:29,75.04,15.2487,,,,,
3305,7/16/2026 21:44,74.89,15.3679,,,,,
3306,7/16/2026 21:59,74.91,15.4813,,,,,
3307,7/16/2026 22:14,74.94,15.6483,,,,,
3308,7/16/2026 22:29,74.93,15.8716,,,,,
3309,7/16/2026 22:44,74.85,16.1523,,,,,
3310,7/16/2026 22:59,74.67,16.4543,,,,,
3311,7/16/2026 23:14,74.22,16.7912,,,,,
3312,7/16/2026 23:29,73.83,17.1712,,,,,
3313,7/16/2026 23:44,73.38,17.5403,,,,,
3314,7/16/2026 23:59,73.05,17.9221,,,,,
3315,7/17/2026 0:14,72.73,18.3071,,,,,
3316,7/17/2026 0:29,72.25,18.6556,,,,,
3317,7/17/2026 0:44,71.65,18.9519,,,,,
3318,7/17/2026 0:59,71.21,19.168,,,,,
3319,7/17/2026 1:14,70.87,19.3264,,,,,
3320,7/17/2026 1:29,70.58,19.4255,,,,,
3321,7/17/2026 1:44,70.34,19.5179,,,,,
3322,7/17/2026 1:59,70.17,19.5864,,,,,
3323,7/17/2026 2:14,69.95,19.6372,,,,,
3324,7/17/2026 2:29,69.63,19.6832,,,,,
3325,7/17/2026 2:44,69.26,19.7057,,,,,
3326,7/17/2026 2:59,69.01,19.6969,,,,,
3327,7/17/2026 3:14,68.9,19.6568,,,,,
3328,7/17/2026 3:29,68.79,19.5693,,,,,
3329,7/17/2026 3:44,68.86,19.4386,,,,,
3330,7/17/2026 3:59,68.56,19.2768,,,,,
3331,7/17/2026 4:14,68.76,19.1156,,,,,
3332,7/17/2026 4:29,69.08,18.9542,,,,,
3333,7/17/2026 4:44,69.3,18.7649,,,,,
3334,7/17/2026 4:59,69.53,18.5574,,,,,
3335,7/17/2026 5:14,69.72,18.34,,,,,
3336,7/17/2026 5:29,69.89,18.1145,,,,,
3337,7/17/2026 5:44,70.15,17.9032,,,,,
3338,7/17/2026 5:59,70.47,17.6922,,,,,
3339,7/17/2026 6:14,70.82,17.4827,,,,,
3340,7/17/2026 6:29,71.13,17.287,,,,,
3341,7/17/2026 6:44,71.41,17.0952,,,,,
3342,7/17/2026 6:59,71.64,16.9141,,,,,
3343,7/17/2026 7:14,71.81,16.7398,,,,,
3344,7/17/2026 7:29,71.96,16.5768,,,,,
3345,7/17/2026 7:44,72.08,16.4208,,,,,
3346,7/17/2026 7:59,72.19,16.2724,,,,,
3347,7/17/2026 8:14,72.31,16.1352,,,,,
3348,7/17/2026 8:29,72.44,15.9982,,,,,
3349,7/17/2026 8:44,72.57,15.8693,,,,,
3350,7/17/2026 8:59,72.72,15.748,,,,,
3351,7/17/2026 9:14,72.86,15.6262,,,,,
3352,7/17/2026 9:29,73.04,15.5268,,,,,
3353,7/17/2026 9:44,73.23,15.4214,,,,,
3354,7/17/2026 9:59,73.42,15.3283,,,,,
3355,7/17/2026 10:14,73.55,15.2402,,,,,
3356,7/17/2026 10:29,73.72,15.1902,,,,,
3357,7/17/2026 10:44,74,15.2809,,,,,
3358,7/17/2026 10:59,74.21,15.384,,,,,
3359,7/17/2026 11:14,73.86,15.5341,,,,,
3360,7/17/2026 11:29,73.37,15.7531,,,,,
3361,7/17/2026 11:44,73.31,16.0361,,,,,
3362,7/17/2026 11:59,73.29,16.3527,,,,,
3363,7/17/2026 12:14,73.41,16.6906,,,,,
3364,7/17/2026 12:29,73.18,17.0488,,,,,
3365,7/17/2026 12:44,72.98,17.4189,,,,,
3366,7/17/2026 12:59,72.86,17.7803,,,,,
3367,7/17/2026 13:14,72.34,18.1344,,,,,
3368,7/17/2026 13:29,71.85,18.4581,,,,,
3369,7/17/2026 13:44,71.58,18.7423,,,,,
3370,7/17/2026 13:59,71.44,18.9672,,,,,
3371,7/17/2026 14:14,71.28,19.1359,,,,,
3372,7/17/2026 14:29,71.05,19.2453,,,,,
3373,7/17/2026 14:44,70.85,19.3061,,,,,
3374,7/17/2026 14:59,70.68,19.3398,,,,,
3375,7/17/2026 15:14,70.53,19.3395,,,,,
3376,7/17/2026 15:29,70.43,19.3013,,,,,
3377,7/17/2026 15:44,70.4,19.2318,,,,,
3378,7/17/2026 15:59,70.48,19.1234,,,,,
3379,7/17/2026 16:14,70.5,18.9681,,,,,
3380,7/17/2026 16:29,71.05,18.7928,,,,,
3381,7/17/2026 16:44,71.62,18.6018,,,,,
3382,7/17/2026 16:59,71.92,18.4003,,,,,
3383,7/17/2026 17:14,71.99,18.1933,,,,,
3384,7/17/2026 17:29,72.16,17.9811,,,,,
3385,7/17/2026 17:44,72.36,17.7685,,,,,
3386,7/17/2026 17:59,72.6,17.5599,,,,,
3387,7/17/2026 18:14,72.85,17.3591,,,,,
3388,7/17/2026 18:29,73.1,17.1659,,,,,
3389,7/17/2026 18:44,73.33,16.9734,,,,,
3390,7/17/2026 18:59,73.53,16.7966,,,,,
3391,7/17/2026 19:14,73.68,16.633,,,,,
3392,7/17/2026 19:29,73.8,16.4794,,,,,
3393,7/17/2026 19:44,73.91,16.3277,,,,,
3394,7/17/2026 19:59,74.02,16.1855,,,,,
3395,7/17/2026 20:14,74.08,16.0533,,,,,
3396,7/17/2026 20:29,74.15,15.9261,,,,,
3397,7/17/2026 20:44,74.18,15.8089,,,,,
3398,7/17/2026 20:59,74.2,15.6949,,,,,
3399,7/17/2026 21:14,74.22,15.5877,,,,,
3400,7/17/2026 21:29,74.23,15.4893,,,,,
3401,7/17/2026 21:44,74.23,15.3953,,,,,
3402,7/17/2026 21:59,74.21,15.3162,,,,,
3403,7/17/2026 22:14,74.2,15.257,,,,,
3404,7/17/2026 22:29,74.15,15.3229,,,,,
3405,7/17/2026 22:44,73.99,15.4247,,,,,
3406,7/17/2026 22:59,73.98,15.5499,,,,,
3407,7/17/2026 23:14,74.05,15.732,,,,,
3408,7/17/2026 23:29,73.97,15.9713,,,,,
3409,7/17/2026 23:44,73.83,16.2451,,,,,
3410,7/17/2026 23:59,73.54,16.5545,,,,,
3411,7/18/2026 0:14,73.07,16.8876,,,,,
3412,7/18/2026 0:29,72.71,17.2402,,,,,
3413,7/18/2026 0:44,72.33,17.6052,,,,,
3414,7/18/2026 0:59,72.09,17.9722,,,,,
3415,7/18/2026 1:14,71.88,18.324,,,,,
3416,7/18/2026 1:29,71.53,18.647,,,,,
3417,7/18/2026 1:44,71.15,18.9204,,,,,
3418,7/18/2026 1:59,70.82,19.1374,,,,,
3419,7/18/2026 2:14,70.55,19.2978,,,,,
3420,7/18/2026 2:29,70.33,19.4003,,,,,
3421,7/18/2026 2:44,70.11,19.4744,,,,,
3422,7/18/2026 2:59,70.01,19.5336,,,,,
3423,7/18/2026 3:14,69.91,19.5643,,,,,
3424,7/18/2026 3:29,69.77,19.5874,,,,,
3425,7/18/2026 3:44,69.62,19.5738,,,,,
3426,7/18/2026 3:59,69.46,19.5355,,,,,
3427,7/18/2026 4:14,69.35,19.4435,,,,,
3428,7/18/2026 4:29,69.46,19.3244,,,,,
3429,7/18/2026 4:44,69.27,19.1635,,,,,
3430,7/18/2026 4:59,69.54,18.9893,,,,,
3431,7/18/2026 5:14,69.71,18.8055,,,,,
3432,7/18/2026 5:29,69.81,18.599,,,,,
3433,7/18/2026 5:44,69.89,18.3914,,,,,
3434,7/18/2026 5:59,70.03,18.1852,,,,,
3435,7/18/2026 6:14,70.22,17.9656,,,,,
3436,7/18/2026 6:29,70.46,17.7519,,,,,
3437,7/18/2026 6:44,70.75,17.5403,,,,,
3438,7/18/2026 6:59,70.99,17.3313,,,,,
3439,7/18/2026 7:14,71.21,17.1324,,,,,
3440,7/18/2026 7:29,71.37,16.9442,,,,,
3441,7/18/2026 7:44,71.51,16.7617,,,,,
3442,7/18/2026 7:59,71.63,16.5881,,,,,
3443,7/18/2026 8:14,71.75,16.4251,,,,,
3444,7/18/2026 8:29,71.86,16.2711,,,,,
3445,7/18/2026 8:44,71.98,16.1277,,,,,
3446,7/18/2026 8:59,72.1,15.9894,,,,,
3447,7/18/2026 9:14,72.22,15.8599,,,,,
3448,7/18/2026 9:29,72.33,15.7304,,,,,
3449,7/18/2026 9:44,72.45,15.6141,,,,,
3450,7/18/2026 9:59,72.6,15.5017,,,,,
3451,7/18/2026 10:14,72.79,15.4024,,,,,
3452,7/18/2026 10:29,72.95,15.3088,,,,,
3453,7/18/2026 10:44,73.16,15.2227,,,,,
3454,7/18/2026 10:59,73.35,15.1496,,,,,
3455,7/18/2026 11:14,73.53,15.1929,,,,,
3456,7/18/2026 11:29,73.9,15.2869,,,,,
3457,7/18/2026 11:44,73.8,15.3944,,,,,
3458,7/18/2026 11:59,73.23,15.5559,,,,,
3459,7/18/2026 12:14,72.97,15.7971,,,,,
3460,7/18/2026 12:29,72.91,16.0665,,,,,
3461,7/18/2026 12:44,72.93,16.3838,,,,,
3462,7/18/2026 12:59,73.1,16.7074,,,,,
3463,7/18/2026 13:14,72.8,17.0468,,,,,
3464,7/18/2026 13:29,72.62,17.4044,,,,,
3465,7/18/2026 13:44,72.42,17.7599,,,,,
3466,7/18/2026 13:59,71.86,18.1044,,,,,
3467,7/18/2026 14:14,71.44,18.4225,,,,,
3468,7/18/2026 14:29,71.28,18.712,,,,,
3469,7/18/2026 14:44,71.14,18.9393,,,,,
3470,7/18/2026 14:59,70.92,19.1105,,,,,
3471,7/18/2026 15:14,70.71,19.218,,,,,
3472,7/18/2026 15:29,70.49,19.2806,,,,,
3473,7/18/2026 15:44,70.28,19.313,,,,,
3474,7/18/2026 15:59,70.02,19.3219,,,,,
3475,7/18/2026 16:14,69.9,19.3191,,,,,
3476,7/18/2026 16:29,69.79,19.2695,,,,,
3477,7/18/2026 16:44,69.74,19.176,,,,,
3478,7/18/2026 16:59,69.78,19.058,,,,,
3479,7/18/2026 17:14,69.76,18.9053,,,,,
3480,7/18/2026 17:29,70.2,18.7259,,,,,
3481,7/18/2026 17:44,70.61,18.5365,,,,,
3482,7/18/2026 17:59,70.72,18.3372,,,,,
3483,7/18/2026 18:14,70.9,18.1356,,,,,
3484,7/18/2026 18:29,71.1,17.9153,,,,,
3485,7/18/2026 18:44,71.28,17.6933,,,,,
3486,7/18/2026 18:59,71.44,17.4853,,,,,
3487,7/18/2026 19:14,71.64,17.2724,,,,,
3488,7/18/2026 19:29,71.86,17.0836,,,,,
3489,7/18/2026 19:44,72.05,16.8987,,,,,
3490,7/18/2026 19:59,72.21,16.7143,,,,,
3491,7/18/2026 20:14,72.34,16.5395,,,,,
3492,7/18/2026 20:29,72.45,16.3735,,,,,
3493,7/18/2026 20:44,72.54,16.2137,,,,,
3494,7/18/2026 20:59,72.61,16.0709,,,,,
3495,7/18/2026 21:14,72.68,15.9269,,,,,
3496,7/18/2026 21:29,72.73,15.8029,,,,,
3497,7/18/2026 21:44,72.76,15.687,,,,,
3498,7/18/2026 21:59,72.78,15.5712,,,,,
3499,7/18/2026 22:14,72.8,15.4572,,,,,
3500,7/18/2026 22:29,72.81,15.3508,,,,,
3501,7/18/2026 22:44,72.82,15.2625,,,,,
3502,7/18/2026 22:59,72.83,15.2053,,,,,
3503,7/18/2026 23:14,72.84,15.1978,,,,,
3504,7/18/2026 23:29,72.72,15.3189,,,,,
3505,7/18/2026 23:44,72.74,15.4266,,,,,
3506,7/18/2026 23:59,72.69,15.5947,,,,,
3507,7/19/2026 0:14,72.63,15.8096,,,,,
3508,7/19/2026 0:29,72.55,16.0583,,,,,
3509,7/19/2026 0:44,72.46,16.3285,,,,,
3510,7/19/2026 0:59,72.24,16.6187,,,,,
3511,7/19/2026 1:14,71.99,16.9317,,,,,
3512,7/19/2026 1:29,71.68,17.2669,,,,,
3513,7/19/2026 1:44,71.38,17.595,,,,,
3514,7/19/2026 1:59,71.19,17.9231,,,,,
3515,7/19/2026 2:14,70.99,18.2496,,,,,
3516,7/19/2026 2:29,70.7,18.5317,,,,,
3517,7/19/2026 2:44,70.42,18.7579,,,,,
3518,7/19/2026 2:59,70.19,18.9466,,,,,
3519,7/19/2026 3:14,69.98,19.0616,,,,,
3520,7/19/2026 3:29,69.83,19.1604,,,,,
3521,7/19/2026 3:44,69.65,19.2086,,,,,
3522,7/19/2026 3:59,69.51,19.2525,,,,,
3523,7/19/2026 4:14,69.39,19.2787,,,,,
3524,7/19/2026 4:29,69.21,19.2783,,,,,
3525,7/19/2026 4:44,69.11,19.2433,,,,,
3526,7/19/2026 4:59,69.02,19.1869,,,,,
3527,7/19/2026 5:14,69.02,19.0966,,,,,
3528,7/19/2026 5:29,69.01,18.9742,,,,,
3529,7/19/2026 5:44,69.13,18.8111,,,,,
3530,7/19/2026 5:59,69.25,18.6349,,,,,
3531,7/19/2026 6:14,69.45,18.4351,,,,,
3532,7/19/2026 6:29,69.55,18.2459,,,,,
3533,7/19/2026 6:44,69.73,18.0318,,,,,
3534,7/19/2026 6:59,69.94,17.8161,,,,,
3535,7/19/2026 7:14,70.16,17.6137,,,,,
3536,7/19/2026 7:29,70.44,17.411,,,,,
3537,7/19/2026 7:44,70.69,17.2122,,,,,
3538,7/19/2026 7:59,70.9,17.0171,,,,,
3539,7/19/2026 8:14,71.09,16.824,,,,,
3540,7/19/2026 8:29,71.25,16.6492,,,,,
3541,7/19/2026 8:44,71.4,16.4738,,,,,
3542,7/19/2026 8:59,71.54,16.2979,,,,,
3543,7/19/2026 9:14,71.67,16.1427,,,,,
3544,7/19/2026 9:29,71.82,16.0044,,,,,
3545,7/19/2026 9:44,71.98,15.8688,,,,,
3546,7/19/2026 9:59,72.11,15.7493,,,,,
3547,7/19/2026 10:14,72.24,15.6268,,,,,
3548,7/19/2026 10:29,72.41,15.5051,,,,,
3549,7/19/2026 10:44,72.56,15.4095,,,,,
3550,7/19/2026 10:59,72.66,15.2989,,,,,
3551,7/19/2026 11:14,72.78,15.2064,,,,,
3552,7/19/2026 11:29,72.96,15.1414,,,,,
3553,7/19/2026 11:44,73.16,15.0697,,,,,
3554,7/19/2026 11:59,73.42,15.0851,,,,,
3555,7/19/2026 12:14,73.82,15.1848,,,,,
3556,7/19/2026 12:29,73.95,15.2858,,,,,
3557,7/19/2026 12:44,73.26,15.4413,,,,,
3558,7/19/2026 12:59,73.08,15.659,,,,,
3559,7/19/2026 13:14,73.11,15.9346,,,,,
3560,7/19/2026 13:29,73.18,16.2369,,,,,
3561,7/19/2026 13:44,73.39,16.5623,,,,,
3562,7/19/2026 13:59,73.24,16.8911,,,,,
3563,7/19/2026 14:14,73.01,17.2541,,,,,
3564,7/19/2026 14:29,72.93,17.5971,,,,,
3565,7/19/2026 14:44,72.5,17.9429,,,,,
3566,7/19/2026 14:59,72.07,18.2533,,,,,
3567,7/19/2026 15:14,71.82,18.5462,,,,,
3568,7/19/2026 15:29,71.62,18.7745,,,,,
3569,7/19/2026 15:44,71.46,18.954,,,,,
3570,7/19/2026 15:59,71.31,19.0779,,,,,
3571,7/19/2026 16:14,71.06,19.1582,,,,,
3572,7/19/2026 16:29,70.83,19.2113,,,,,
3573,7/19/2026 16:44,70.63,19.2342,,,,,
3574,7/19/2026 16:59,70.48,19.244,,,,,
3575,7/19/2026 17:14,70.37,19.2203,,,,,
3576,7/19/2026 17:29,70.3,19.157,,,,,
3577,7/19/2026 17:44,70.33,19.0479,,,,,
3578,7/19/2026 17:59,70.37,18.8991,,,,,
3579,7/19/2026 18:14,70.8,18.7285,,,,,
3580,7/19/2026 18:29,71.07,18.5388,,,,,
3581,7/19/2026 18:44,71.45,18.3482,,,,,
3582,7/19/2026 18:59,71.55,18.1471,,,,,
3583,7/19/2026 19:14,71.73,17.9481,,,,,
3584,7/19/2026 19:29,71.91,17.7512,,,,,
3585,7/19/2026 19:44,72.1,17.5576,,,,,
3586,7/19/2026 19:59,72.31,17.3648,,,,,
3587,7/19/2026 20:14,72.52,17.1728,,,,,
3588,7/19/2026 20:29,72.7,16.9921,,,,,
3589,7/19/2026 20:44,72.86,16.8196,,,,,
3590,7/19/2026 20:59,72.98,16.6509,,,,,
3591,7/19/2026 21:14,73.07,16.5004,,,,,
3592,7/19/2026 21:29,73.15,16.353,,,,,
3593,7/19/2026 21:44,73.2,16.2151,,,,,
3594,7/19/2026 21:59,73.23,16.0821,,,,,
3595,7/19/2026 22:14,73.24,15.958,,,,,
3596,7/19/2026 22:29,73.23,15.8401,,,,,
3597,7/19/2026 22:44,73.21,15.7209,,,,,
3598,7/19/2026 22:59,73.2,15.6212,,,,,
3599,7/19/2026 23:14,73.18,15.5153,,,,,
3600,7/19/2026 23:29,73.16,15.4268,,,,,
3601,7/19/2026 23:44,73.11,15.352,,,,,
3602,7/19/2026 23:59,73.06,15.3021,,,,,
3603,7/20/2026 0:14,73.03,15.3506,,,,,
3604,7/20/2026 0:29,72.81,15.4486,,,,,
3605,7/20/2026 0:44,72.86,15.5595,,,,,
3606,7/20/2026 0:59,72.98,15.7155,,,,,
3607,7/20/2026 1:14,72.94,15.9118,,,,,
3608,7/20/2026 1:29,72.83,16.1281,,,,,
3609,7/20/2026 1:44,72.73,16.364,,,,,
3610,7/20/2026 1:59,72.38,16.6177,,,,,
3611,7/20/2026 2:14,71.97,16.8972,,,,,
3612,7/20/2026 2:29,71.65,17.1741,,,,,
3613,7/20/2026 2:44,71.26,17.478,,,,,
3614,7/20/2026 2:59,70.96,17.7774,,,,,
3615,7/20/2026 3:14,70.83,18.0618,,,,,
3616,7/20/2026 3:29,70.65,18.3244,,,,,
3617,7/20/2026 3:44,70.36,18.5599,,,,,
3618,7/20/2026 3:59,69.95,18.7588,,,,,
3619,7/20/2026 4:14,69.66,18.912,,,,,
3620,7/20/2026 4:29,69.4,19.0205,,,,,
3621,7/20/2026 4:44,69.19,19.0787,,,,,
3622,7/20/2026 4:59,68.98,19.1073,,,,,
3623,7/20/2026 5:14,68.89,19.0938,,,,,
3624,7/20/2026 5:29,68.83,19.0533,,,,,
3625,7/20/2026 5:44,68.9,18.955,,,,,
3626,7/20/2026 5:59,68.89,18.827,,,,,
3627,7/20/2026 6:14,69.06,18.6654,,,,,
3628,7/20/2026 6:29,69.37,18.4985,,,,,
3629,7/20/2026 6:44,69.63,18.3247,,,,,
3630,7/20/2026 6:59,69.87,18.1453,,,,,
3631,7/20/2026 7:14,70.01,17.9702,,,,,
3632,7/20/2026 7:29,70.27,17.7891,,,,,
3633,7/20/2026 7:44,70.44,17.6124,,,,,
3634,7/20/2026 7:59,70.62,17.4358,,,,,
3635,7/20/2026 8:14,70.78,17.2543,,,,,
3636,7/20/2026 8:29,70.93,17.0811,,,,,
3637,7/20/2026 8:44,71.14,16.9149,,,,,
3638,7/20/2026 8:59,71.38,16.7564,,,,,
3639,7/20/2026 9:14,71.6,16.603,,,,,
3640,7/20/2026 9:29,71.81,16.4578,,,,,
3641,7/20/2026 9:44,72.02,16.3176,,,,,
3642,7/20/2026 9:59,72.21,16.1843,,,,,
3643,7/20/2026 10:14,72.44,16.0574,,,,,
3644,7/20/2026 10:29,72.65,15.9331,,,,,
3645,7/20/2026 10:44,72.86,15.8162,,,,,
3646,7/20/2026 10:59,73.06,15.7125,,,,,
3647,7/20/2026 11:14,73.21,15.605,,,,,
3648,7/20/2026 11:29,73.34,15.5087,,,,,
3649,7/20/2026 11:44,73.5,15.4169,,,,,
3650,7/20/2026 11:59,73.7,15.3382,,,,,
3651,7/20/2026 12:14,73.84,15.2899,,,,,
3652,7/20/2026 12:29,74.07,15.3495,,,,,
3653,7/20/2026 12:44,74.52,15.4388,,,,,
3654,7/20/2026 12:59,74.34,15.5518,,,,,
3655,7/20/2026 13:14,73.73,15.6989,,,,,
3656,7/20/2026 13:29,73.6,15.8895,,,,,
3657,7/20/2026 13:44,73.69,16.1012,,,,,
3658,7/20/2026 13:59,73.72,16.3379,,,,,
3659,7/20/2026 14:14,73.94,16.5891,,,,,
3660,7/20/2026 14:29,74.21,16.8706,,,,,
3661,7/20/2026 14:44,74.09,17.1636,,,,,
3662,7/20/2026 14:59,73.94,17.4612,,,,,
3663,7/20/2026 15:14,73.8,17.7654,,,,,
3664,7/20/2026 15:29,73.44,18.0601,,,,,
3665,7/20/2026 15:44,72.99,18.3335,,,,,
3666,7/20/2026 15:59,72.72,18.593,,,,,
3667,7/20/2026 16:14,72.46,18.8112,,,,,
3668,7/20/2026 16:29,72.22,18.9828,,,,,
3669,7/20/2026 16:44,71.99,19.1085,,,,,
3670,7/20/2026 16:59,71.77,19.1895,,,,,
3671,7/20/2026 17:14,71.49,19.2324,,,,,
3672,7/20/2026 17:29,71.23,19.252,,,,,
3673,7/20/2026 17:44,71.1,19.2378,,,,,
3674,7/20/2026 17:59,70.99,19.1972,,,,,
3675,7/20/2026 18:14,70.98,19.1119,,,,,
3676,7/20/2026 18:29,70.92,18.9937,,,,,
3677,7/20/2026 18:44,71.33,18.8458,,,,,
3678,7/20/2026 18:59,71.86,18.6723,,,,,
3679,7/20/2026 19:14,72.16,18.4915,,,,,
3680,7/20/2026 19:29,72.36,18.3163,,,,,
3681,7/20/2026 19:44,72.46,18.1214,,,,,
3682,7/20/2026 19:59,72.62,17.9306,,,,,
3683,7/20/2026 20:14,72.8,17.7481,,,,,
3684,7/20/2026 20:29,73,17.5602,,,,,
3685,7/20/2026 20:44,73.21,17.3755,,,,,
3686,7/20/2026 20:59,73.41,17.2035,,,,,
3687,7/20/2026 21:14,73.57,17.0309,,,,,
3688,7/20/2026 21:29,73.69,16.8652,,,,,
3689,7/20/2026 21:44,73.77,16.7057,,,,,
3690,7/20/2026 21:59,73.81,16.5525,,,,,
3691,7/20/2026 22:14,73.84,16.4076,,,,,
3692,7/20/2026 22:29,73.84,16.2688,,,,,
3693,7/20/2026 22:44,73.81,16.1389,,,,,
3694,7/20/2026 22:59,73.77,16.0133,,,,,
3695,7/20/2026 23:14,73.74,15.8966,,,,,
3696,7/20/2026 23:29,73.69,15.7805,,,,,
3697,7/20/2026 23:44,73.64,15.6713,,,,,
3698,7/20/2026 23:59,73.59,15.5721,,,,,
3699,7/21/2026 0:14,73.57,15.478,,,,,
3700,7/21/2026 0:29,73.52,15.3976,,,,,
3701,7/21/2026 0:44,73.48,15.3378,,,,,
3702,7/21/2026 0:59,73.44,15.3334,,,,,
3703,7/21/2026 1:14,73.23,15.4288,,,,,
3704,7/21/2026 1:29,73.27,15.5229,,,,,
3705,7/21/2026 1:44,73.4,15.6584,,,,,
3706,7/21/2026 1:59,73.51,15.8138,,,,,
3707,7/21/2026 2:14,73.47,16.0065,,,,,
3708,7/21/2026 2:29,73.43,16.2174,,,,,
3709,7/21/2026 2:44,73.34,16.4471,,,,,
3710,7/21/2026 2:59,73.1,16.6824,,,,,
3711,7/21/2026 3:14,72.8,16.9415,,,,,
3712,7/21/2026 3:29,72.51,17.2091,,,,,
3713,7/21/2026 3:44,72.16,17.473,,,,,
3714,7/21/2026 3:59,71.87,17.7361,,,,,
3715,7/21/2026 4:14,71.73,17.9852,,,,,
3716,7/21/2026 4:29,71.55,18.2238,,,,,
3717,7/21/2026 4:44,71.29,18.4222,,,,,
3718,7/21/2026 4:59,70.95,18.5946,,,,,
3719,7/21/2026 5:14,70.54,18.7235,,,,,
3720,7/21/2026 5:29,70.22,18.8218,,,,,
3721,7/21/2026 5:44,69.96,18.8641,,,,,
3722,7/21/2026 5:59,69.78,18.8713,,,,,
3723,7/21/2026 6:14,69.71,18.8301,,,,,
3724,7/21/2026 6:29,69.8,18.7471,,,,,
3725,7/21/2026 6:44,69.81,18.6255,,,,,
3726,7/21/2026 6:59,70.2,18.472,,,,,
3727,7/21/2026 7:14,70.56,18.3223,,,,,
3728,7/21/2026 7:29,70.6,18.1745,,,,,
3729,7/21/2026 7:44,70.78,18.024,,,,,
3730,7/21/2026 7:59,71.07,17.8694,,,,,
3731,7/21/2026 8:14,71.29,17.7147,,,,,
3732,7/21/2026 8:29,71.53,17.5595,,,,,
3733,7/21/2026 8:44,71.73,17.4043,,,,,
3734,7/21/2026 8:59,71.91,17.2486,,,,,
3735,7/21/2026 9:14,72.11,17.0904,,,,,
3736,7/21/2026 9:29,72.33,16.9299,,,,,
3737,7/21/2026 9:44,72.58,16.7833,,,,,
3738,7/21/2026 9:59,72.76,16.6373,,,,,
3739,7/21/2026 10:14,72.87,16.5012,,,,,
3740,7/21/2026 10:29,73.02,16.3715,,,,,
3741,7/21/2026 10:44,73.21,16.2407,,,,,
3742,7/21/2026 10:59,73.32,16.1141,,,,,
3743,7/21/2026 11:14,73.41,16.0076,,,,,
3744,7/21/2026 11:29,73.48,15.893,,,,,
3745,7/21/2026 11:44,73.56,15.7921,,,,,
3746,7/21/2026 11:59,73.64,15.6919,,,,,
3747,7/21/2026 12:14,73.71,15.5973,,,,,
3748,7/21/2026 12:29,73.78,15.5221,,,,,
3749,7/21/2026 12:44,73.82,15.4611,,,,,
3750,7/21/2026 12:59,73.87,15.4699,,,,,
3751,7/21/2026 13:14,74,15.5549,,,,,
3752,7/21/2026 13:29,73.93,15.6495,,,,,
3753,7/21/2026 13:44,73.84,15.7565,,,,,
3754,7/21/2026 13:59,73.67,15.9096,,,,,
3755,7/21/2026 14:14,73.6,16.0829,,,,,
3756,7/21/2026 14:29,73.6,16.2815,,,,,
3757,7/21/2026 14:44,73.6,16.4946,,,,,
3758,7/21/2026 14:59,73.53,16.7371,,,,,
3759,7/21/2026 15:14,73.48,16.9774,,,,,
3760,7/21/2026 15:29,73.39,17.2448,,,,,
3761,7/21/2026 15:44,73.18,17.511,,,,,
3762,7/21/2026 15:59,72.98,17.7944,,,,,
3763,7/21/2026 16:14,72.69,18.0653,,,,,
3764,7/21/2026 16:29,72.38,18.3258,,,,,
3765,7/21/2026 16:44,71.99,18.546,,,,,
3766,7/21/2026 16:59,71.67,18.7437,,,,,
3767,7/21/2026 17:14,71.43,18.9021,,,,,
3768,7/21/2026 17:29,71.2,19.0272,,,,,
3769,7/21/2026 17:44,70.97,19.103,,,,,
3770,7/21/2026 17:59,70.73,19.1372,,,,,
3771,7/21/2026 18:14,70.53,19.167,,,,,
3772,7/21/2026 18:29,70.35,19.1666,,,,,
3773,7/21/2026 18:44,70.22,19.1474,,,,,
3774,7/21/2026 18:59,70.21,19.1373,,,,,
3775,7/21/2026 19:14,70.3,19.0504,,,,,
3776,7/21/2026 19:29,70.27,18.9348,,,,,
3777,7/21/2026 19:44,70.4,18.7869,,,,,
3778,7/21/2026 19:59,70.69,18.6249,,,,,
3779,7/21/2026 20:14,70.92,18.4453,,,,,
3780,7/21/2026 20:29,71.15,18.2689,,,,,
3781,7/21/2026 20:44,71.32,18.0963,,,,,
3782,7/21/2026 20:59,71.56,17.9113,,,,,
3783,7/21/2026 21:14,71.81,17.7202,,,,,
3784,7/21/2026 21:29,72.06,17.5318,,,,,
3785,7/21/2026 21:44,72.27,17.3378,,,,,
3786,7/21/2026 21:59,72.48,17.1557,,,,,
3787,7/21/2026 22:14,72.64,16.9876,,,,,
3788,7/21/2026 22:29,72.77,16.8169,,,,,
3789,7/21/2026 22:44,72.87,16.6575,,,,,
3790,7/21/2026 22:59,72.94,16.5063,,,,,
3791,7/21/2026 23:14,73.01,16.3521,,,,,
3792,7/21/2026 23:29,73.06,16.2154,,,,,
3793,7/21/2026 23:44,73.08,16.0837,,,,,
3794,7/21/2026 23:59,73.1,15.9583,,,,,
3795,7/22/2026 0:14,73.11,15.8473,,,,,
3796,7/22/2026 0:29,73.12,15.7451,,,,,
3797,7/22/2026 0:44,73.14,15.6416,,,,,
3798,7/22/2026 0:59,73.14,15.5544,,,,,
3799,7/22/2026 1:14,73.15,15.476,,,,,
3800,7/22/2026 1:29,73.14,15.4386,,,,,
3801,7/22/2026 1:44,73.14,15.4728,,,,,
3802,7/22/2026 1:59,73.07,15.5157,,,,,
3803,7/22/2026 2:14,73.07,15.6303,,,,,
3804,7/22/2026 2:29,73.07,15.7468,,,,,
3805,7/22/2026 2:44,73.02,15.9026,,,,,
3806,7/22/2026 2:59,73.01,16.0761,,,,,
3807,7/22/2026 3:14,72.93,16.2695,,,,,
3808,7/22/2026 3:29,72.85,16.4737,,,,,
3809,7/22/2026 3:44,72.73,16.6766,,,,,
3810,7/22/2026 3:59,72.58,16.8966,,,,,
3811,7/22/2026 4:14,72.4,17.133,,,,,
3812,7/22/2026 4:29,72.18,17.3645,,,,,
3813,7/22/2026 4:44,71.9,17.6005,,,,,
3814,7/22/2026 4:59,71.64,17.8424,,,,,
3815,7/22/2026 5:14,71.46,18.0519,,,,,
3816,7/22/2026 5:29,71.28,18.2371,,,,,
3817,7/22/2026 5:44,71.06,18.4235,,,,,
3818,7/22/2026 5:59,70.83,18.5521,,,,,
3819,7/22/2026 6:14,70.57,18.653,,,,,
3820,7/22/2026 6:29,70.38,18.7213,,,,,
3821,7/22/2026 6:44,70.24,18.721,,,,,
3822,7/22/2026 6:59,70.18,18.695,,,,,
3823,7/22/2026 7:14,70.22,18.6251,,,,,
3824,7/22/2026 7:29,70.24,18.5105,,,,,
3825,7/22/2026 7:44,70.63,18.4031,,,,,
3826,7/22/2026 7:59,70.91,18.2331,,,,,
3827,7/22/2026 8:14,70.82,18.1127,,,,,
3828,7/22/2026 8:29,70.98,17.9572,,,,,
3829,7/22/2026 8:44,71.15,17.835,,,,,
3830,7/22/2026 8:59,71.47,17.6843,,,,,
3831,7/22/2026 9:14,71.74,17.5462,,,,,
3832,7/22/2026 9:29,72,17.3886,,,,,
3833,7/22/2026 9:44,72.23,17.2687,,,,,
3834,7/22/2026 9:59,72.46,17.12,,,,,
3835,7/22/2026 10:14,72.66,16.9726,,,,,
3836,7/22/2026 10:29,72.83,16.8245,,,,,
3837,7/22/2026 10:44,73.04,16.6773,,,,,
3838,7/22/2026 10:59,73.18,16.53,,,,,
3839,7/22/2026 11:14,73.41,16.3898,,,,,
3840,7/22/2026 11:29,73.54,16.2601,,,,,
3841,7/22/2026 11:44,73.72,16.1331,,,,,
3842,7/22/2026 11:59,73.94,16.0149,,,,,
3843,7/22/2026 12:14,74.1,15.9092,,,,,
3844,7/22/2026 12:29,74.25,15.7978,,,,,
3845,7/22/2026 12:44,74.27,15.6981,,,,,
3846,7/22/2026 12:59,74.38,15.6142,,,,,
3847,7/22/2026 13:14,74.64,15.5343,,,,,
3848,7/22/2026 13:29,74.84,15.488,,,,,
3849,7/22/2026 13:44,74.8,15.4898,,,,,
3850,7/22/2026 13:59,74.85,15.5422,,,,,
3851,7/22/2026 14:14,74.99,15.6484,,,,,
3852,7/22/2026 14:29,74.99,15.7582,,,,,
3853,7/22/2026 14:44,74.78,15.9143,,,,,
3854,7/22/2026 14:59,74.76,16.064,,,,,
3855,7/22/2026 15:14,74.73,16.2294,,,,,
3856,7/22/2026 15:29,74.79,16.4358,,,,,
3857,7/22/2026 15:44,74.79,16.6465,,,,,
3858,7/22/2026 15:59,75.09,16.8813,,,,,
3859,7/22/2026 16:14,75.3,17.1223,,,,,
3860,7/22/2026 16:29,75.25,17.3875,,,,,
3861,7/22/2026 16:44,75.13,17.6647,,,,,
3862,7/22/2026 16:59,74.77,17.9097,,,,,
3863,7/22/2026 17:14,74.37,18.149,,,,,
3864,7/22/2026 17:29,73.93,18.3545,,,,,
3865,7/22/2026 17:44,73.54,18.5482,,,,,
3866,7/22/2026 17:59,73.3,18.7065,,,,,
3867,7/22/2026 18:14,73.14,18.8588,,,,,
3868,7/22/2026 18:29,73.03,18.95,,,,,
3869,7/22/2026 18:44,72.87,19.0267,,,,,
3870,7/22/2026 18:59,72.72,19.0547,,,,,
3871,7/22/2026 19:14,72.56,19.067,,,,,
3872,7/22/2026 19:29,72.53,19.036,,,,,
3873,7/22/2026 19:44,72.5,18.9898,,,,,
3874,7/22/2026 19:59,72.55,18.8959,,,,,
3875,7/22/2026 20:14,72.64,18.7763,,,,,
3876,7/22/2026 20:29,72.95,18.6156,,,,,
3877,7/22/2026 20:44,73.13,18.4534,,,,,
3878,7/22/2026 20:59,73.32,18.2901,,,,,
3879,7/22/2026 21:14,73.51,18.125,,,,,
3880,7/22/2026 21:29,73.65,17.9637,,,,,
3881,7/22/2026 21:44,73.96,17.7959,,,,,
3882,7/22/2026 21:59,74.16,17.6412,,,,,
3883,7/22/2026 22:14,74.34,17.4677,,,,,
3884,7/22/2026 22:29,74.46,17.3067,,,,,
3885,7/22/2026 22:44,74.56,17.1427,,,,,
3886,7/22/2026 22:59,74.63,16.9705,,,,,
3887,7/22/2026 23:14,74.65,16.8115,,,,,
3888,7/22/2026 23:29,74.63,16.665,,,,,
3889,7/22/2026 23:44,74.6,16.5229,,,,,
3890,7/22/2026 23:59,74.54,16.3865,,,,,
3891,7/23/2026 0:14,74.47,16.2539,,,,,
3892,7/23/2026 0:29,74.42,16.1326,,,,,
3893,7/23/2026 0:44,74.35,16.0133,,,,,
3894,7/23/2026 0:59,74.3,15.9002,,,,,
3895,7/23/2026 1:14,74.25,15.7903,,,,,
3896,7/23/2026 1:29,74.2,15.6886,,,,,
3897,7/23/2026 1:44,74.17,15.5963,,,,,
3898,7/23/2026 1:59,74.12,15.5053,,,,,
3899,7/23/2026 2:14,74.05,15.4279,,,,,
3900,7/23/2026 2:29,73.99,15.373,,,,,
3901,7/23/2026 2:44,73.95,15.3549,,,,,
3902,7/23/2026 2:59,73.85,15.4362,,,,,
3903,7/23/2026 3:14,73.79,15.5214,,,,,
3904,7/23/2026 3:29,73.85,15.6256,,,,,
3905,7/23/2026 3:44,74.02,15.7718,,,,,
3906,7/23/2026 3:59,73.99,15.9364,,,,,
3907,7/23/2026 4:14,73.95,16.1154,,,,,
3908,7/23/2026 4:29,73.92,16.3127,,,,,
3909,7/23/2026 4:44,73.8,16.5169,,,,,
3910,7/23/2026 4:59,73.61,16.7335,,,,,
3911,7/23/2026 5:14,73.41,16.9623,,,,,
3912,7/23/2026 5:29,73.23,17.1887,,,,,
3913,7/23/2026 5:44,72.98,17.4089,,,,,
3914,7/23/2026 5:59,72.72,17.6337,,,,,
3915,7/23/2026 6:14,72.6,17.8281,,,,,
3916,7/23/2026 6:29,72.47,18.0227,,,,,
3917,7/23/2026 6:44,72.3,18.1959,,,,,
3918,7/23/2026 6:59,72.12,18.3397,,,,,
3919,7/23/2026 7:14,71.91,18.4412,,,,,
3920,7/23/2026 7:29,71.66,18.5099,,,,,
3921,7/23/2026 7:44,71.49,18.5196,,,,,
3922,7/23/2026 7:59,71.46,18.5158,,,,,
3923,7/23/2026 8:14,71.51,18.4208,,,,,
3924,7/23/2026 8:29,71.58,18.3214,,,,,
3925,7/23/2026 8:44,71.95,18.2008,,,,,
3926,7/23/2026 8:59,72.2,18.0699,,,,,
3927,7/23/2026 9:14,72.23,17.9694,,,,,
3928,7/23/2026 9:29,72.28,17.8375,,,,,
3929,7/23/2026 9:44,72.45,17.7405,,,,,
3930,7/23/2026 9:59,72.69,17.611,,,,,
3931,7/23/2026 10:14,73.01,17.4761,,,,,
3932,7/23/2026 10:29,73.22,17.3492,,,,,
3933,7/23/2026 10:44,73.44,17.2036,,,,,
3934,7/23/2026 10:59,73.54,17.0653,,,,,
3935,7/23/2026 11:14,73.8,16.9243,,,,,
3936,7/23/2026 11:29,73.98,16.7831,,,,,
3937,7/23/2026 11:44,74.12,16.6495,,,,,
3938,7/23/2026 11:59,74.32,16.5161,,,,,
3939,7/23/2026 12:14,74.44,16.39,,,,,
3940,7/23/2026 12:29,74.61,16.2673,,,,,
3941,7/23/2026 12:44,74.73,16.1483,,,,,
3942,7/23/2026 12:59,74.89,16.0456,,,,,
3943,7/23/2026 13:14,75.04,15.9317,,,,,
3944,7/23/2026 13:29,75.12,15.8383,,,,,
3945,7/23/2026 13:44,75.28,15.7513,,,,,
3946,7/23/2026 13:59,75.37,15.6704,,,,,
3947,7/23/2026 14:14,75.49,15.6064,,,,,
3948,7/23/2026 14:29,75.6,15.5568,,,,,
3949,7/23/2026 14:44,75.74,15.6101,,,,,
3950,7/23/2026 14:59,75.95,15.6897,,,,,
3951,7/23/2026 15:14,76.08,15.7922,,,,,
3952,7/23/2026 15:29,75.49,15.9132,,,,,
3953,7/23/2026 15:44,75.41,16.066,,,,,
3954,7/23/2026 15:59,75.33,16.2332,,,,,
3955,7/23/2026 16:14,75.45,16.4159,,,,,
3956,7/23/2026 16:29,75.49,16.608,,,,,
3957,7/23/2026 16:44,75.57,16.8166,,,,,
3958,7/23/2026 16:59,75.74,17.0362,,,,,
3959,7/23/2026 17:14,75.74,17.2656,,,,,
3960,7/23/2026 17:29,75.64,17.5026,,,,,
3961,7/23/2026 17:44,75.46,17.7377,,,,,
3962,7/23/2026 17:59,75.16,17.9753,,,,,
3963,7/23/2026 18:14,74.88,18.1936,,,,,
3964,7/23/2026 18:29,74.5,18.4018,,,,,
3965,7/23/2026 18:44,74.22,18.5927,,,,,
3966,7/23/2026 18:59,73.95,18.7591,,,,,
3967,7/23/2026 19:14,73.76,18.8823,,,,,
3968,7/23/2026 19:29,73.53,18.991,,,,,
3969,7/23/2026 19:44,73.35,19.0417,,,,,
3970,7/23/2026 19:59,73.19,19.0729,,,,,
3971,7/23/2026 20:14,73.1,19.0575,,,,,
3972,7/23/2026 20:29,73.08,19.0069,,,,,
3973,7/23/2026 20:44,73.13,18.9263,,,,,
3974,7/23/2026 20:59,73.16,18.8103,,,,,
3975,7/23/2026 21:14,73.41,18.6677,,,,,
3976,7/23/2026 21:29,73.61,18.5213,,,,,
3977,7/23/2026 21:44,73.68,18.3722,,,,,
3978,7/23/2026 21:59,73.82,18.2164,,,,,
3979,7/23/2026 22:14,73.98,18.0594,,,,,
3980,7/23/2026 22:29,74.15,17.8944,,,,,
3981,7/23/2026 22:44,74.38,17.746,,,,,
3982,7/23/2026 22:59,74.57,17.5862,,,,,
3983,7/23/2026 23:14,74.71,17.424,,,,,
3984,7/23/2026 23:29,74.8,17.268,,,,,
3985,7/23/2026 23:44,74.84,17.1088,,,,,
3986,7/23/2026 23:59,74.85,16.9547,,,,,
3987,7/24/2026 0:14,74.85,16.8069,,,,,
3988,7/24/2026 0:29,74.84,16.6617,,,,,
3989,7/24/2026 0:44,74.81,16.5271,,,,,
3990,7/24/2026 0:59,74.77,16.3995,,,,,
3991,7/24/2026 1:14,74.71,16.2744,,,,,
3992,7/24/2026 1:29,74.66,16.1531,,,,,
3993,7/24/2026 1:44,74.6,16.0337,,,,,
3994,7/24/2026 1:59,74.54,15.9213,,,,,
3995,7/24/2026 2:14,74.47,15.8201,,,,,
3996,7/24/2026 2:29,74.41,15.7227,,,,,
3997,7/24/2026 2:44,74.37,15.6279,,,,,
3998,7/24/2026 2:59,74.32,15.5437,,,,,
3999,7/24/2026 3:14,74.26,15.4744,,,,,
4000,7/24/2026 3:29,74.2,15.4239,,,,,
4001,7/24/2026 3:44,74.15,15.4132,,,,,
4002,7/24/2026 3:59,73.9,15.4887,,,,,
4003,7/24/2026 4:14,73.93,15.5722,,,,,
4004,7/24/2026 4:29,73.93,15.6738,,,,,
4005,7/24/2026 4:44,74.15,15.8101,,,,,
4006,7/24/2026 4:59,74.12,15.9672,,,,,
4007,7/24/2026 5:14,74.07,16.1307,,,,,
4008,7/24/2026 5:29,74.03,16.318,,,,,
4009,7/24/2026 5:44,73.93,16.514,,,,,
4010,7/24/2026 5:59,73.71,16.7168,,,,,
4011,7/24/2026 6:14,73.49,16.933,,,,,
4012,7/24/2026 6:29,73.28,17.1575,,,,,
4013,7/24/2026 6:44,73.01,17.3801,,,,,
4014,7/24/2026 6:59,72.77,17.593,,,,,
4015,7/24/2026 7:14,72.59,17.803,,,,,
4016,7/24/2026 7:29,72.49,17.9875,,,,,
4017,7/24/2026 7:44,72.35,18.1558,,,,,
4018,7/24/2026 7:59,72.21,18.2927,,,,,
4019,7/24/2026 8:14,72.02,18.3993,,,,,
4020,7/24/2026 8:29,71.82,18.4668,,,,,
4021,7/24/2026 8:44,71.71,18.4886,,,,,
4022,7/24/2026 8:59,71.69,18.4457,,,,,
4023,7/24/2026 9:14,71.8,18.3881,,,,,
4024,7/24/2026 9:29,71.83,18.295,,,,,
4025,7/24/2026 9:44,72.32,18.1771,,,,,
4026,7/24/2026 9:59,72.65,18.0608,,,,,
4027,7/24/2026 10:14,72.61,17.9513,,,,,
4028,7/24/2026 10:29,72.99,17.8321,,,,,
4029,7/24/2026 10:44,73,17.7279,,,,,
4030,7/24/2026 10:59,72.99,17.5978,,,,,
4031,7/24/2026 11:14,73.45,17.4695,,,,,
4032,7/24/2026 11:29,73.78,17.3385,,,,,
4033,7/24/2026 11:44,73.87,17.2014,,,,,
4034,7/24/2026 11:59,74.01,17.0638,,,,,
4035,7/24/2026 12:14,74.21,16.9364,,,,,
4036,7/24/2026 12:29,74.39,16.8028,,,,,
4037,7/24/2026 12:44,74.78,16.6753,,,,,
4038,7/24/2026 12:59,74.96,16.5512,,,,,
4039,7/24/2026 13:14,75.1,16.4302,,,,,
4040,7/24/2026 13:29,75.24,16.3142,,,,,
4041,7/24/2026 13:44,75.6,16.2044,,,,,
4042,7/24/2026 13:59,75.66,16.1002,,,,,
4043,7/24/2026 14:14,75.91,15.999,,,,,
4044,7/24/2026 14:29,76.01,15.9074,,,,,
4045,7/24/2026 14:44,76.11,15.8278,,,,,
4046,7/24/2026 14:59,76.33,15.7584,,,,,
4047,7/24/2026 15:14,76.43,15.7125,,,,,
4048,7/24/2026 15:29,76.56,15.7476,,,,,
4049,7/24/2026 15:44,77.02,15.8185,,,,,
4050,7/24/2026 15:59,76.69,15.9095,,,,,
4051,7/24/2026 16:14,76.49,16.0239,,,,,
4052,7/24/2026 16:29,76.1,16.1636,,,,,
4053,7/24/2026 16:44,75.93,16.3175,,,,,
4054,7/24/2026 16:59,76.05,16.4766,,,,,
4055,7/24/2026 17:14,76.02,16.6523,,,,,
4056,7/24/2026 17:29,76.11,16.8428,,,,,
4057,7/24/2026 17:44,76.29,17.0405,,,,,
4058,7/24/2026 17:59,76.35,17.2557,,,,,
4059,7/24/2026 18:14,76.3,17.4784,,,,,
4060,7/24/2026 18:29,76.25,17.7043,,,,,
4061,7/24/2026 18:44,76.02,17.9358,,,,,
4062,7/24/2026 18:59,75.72,18.1603,,,,,
4063,7/24/2026 19:14,75.5,18.372,,,,,
4064,7/24/2026 19:29,75.12,18.5708,,,,,
4065,7/24/2026 19:44,74.79,18.7384,,,,,
4066,7/24/2026 19:59,74.53,18.8753,,,,,
4067,7/24/2026 20:14,74.33,18.9834,,,,,
4068,7/24/2026 20:29,74.1,19.0517,,,,,
4069,7/24/2026 20:44,73.93,19.0891,,,,,
4070,7/24/2026 20:59,73.82,19.0863,,,,,
4071,7/24/2026 21:14,73.75,19.0584,,,,,
4072,7/24/2026 21:29,73.78,18.984,,,,,
4073,7/24/2026 21:44,73.78,18.8943,,,,,
4074,7/24/2026 21:59,73.96,18.7623,,,,,
4075,7/24/2026 22:14,74.16,18.6259,,,,,
4076,7/24/2026 22:29,74.25,18.485,,,,,
4077,7/24/2026 22:44,74.36,18.3441,,,,,
4078,7/24/2026 22:59,74.5,18.1984,,,,,
4079,7/24/2026 23:14,74.64,18.0452,,,,,
4080,7/24/2026 23:29,74.83,17.889,,,,,
4081,7/24/2026 23:44,75,17.7323,,,,,
4082,7/24/2026 23:59,75.15,17.5631,,,,,
4083,7/25/2026 0:14,75.25,17.4101,,,,,
4084,7/25/2026 0:29,75.29,17.2477,,,,,
4085,7/25/2026 0:44,75.31,17.0917,,,,,
4086,7/25/2026 0:59,75.31,16.935,,,,,
4087,7/25/2026 1:14,75.29,16.789,,,,,
4088,7/25/2026 1:29,75.25,16.6406,,,,,
4089,7/25/2026 1:44,75.19,16.5042,,,,,
4090,7/25/2026 1:59,75.14,16.3715,,,,,
4091,7/25/2026 2:14,75.07,16.2445,,,,,
4092,7/25/2026 2:29,74.99,16.1257,,,,,
4093,7/25/2026 2:44,74.91,16.0125,,,,,
4094,7/25/2026 2:59,74.85,15.9038,,,,,
4095,7/25/2026 3:14,74.78,15.8008,,,,,
4096,7/25/2026 3:29,74.73,15.7053,,,,,
4097,7/25/2026 3:44,74.68,15.6154,,,,,
4098,7/25/2026 3:59,74.65,15.5325,,,,,
4099,7/25/2026 4:14,74.58,15.4657,,,,,
4100,7/25/2026 4:29,74.52,15.4239,,,,,
4101,7/25/2026 4:44,74.48,15.4655,,,,,
4102,7/25/2026 4:59,74.28,15.5523,,,,,
4103,7/25/2026 5:14,74.27,15.6439,,,,,
4104,7/25/2026 5:29,74.52,15.7691,,,,,
4105,7/25/2026 5:44,74.51,15.9106,,,,,
4106,7/25/2026 5:59,74.51,16.0735,,,,,
4107,7/25/2026 6:14,74.47,16.2395,,,,,
4108,7/25/2026 6:29,74.44,16.4201,,,,,
4109,7/25/2026 6:44,74.3,16.623,,,,,
4110,7/25/2026 6:59,74.14,16.8204,,,,,
4111,7/25/2026 7:14,74,17.0293,,,,,
4112,7/25/2026 7:29,73.81,17.242,,,,,
4113,7/25/2026 7:44,73.58,17.4604,,,,,
4114,7/25/2026 7:59,73.41,17.671,,,,,
4115,7/25/2026 8:14,73.31,17.8724,,,,,
4116,7/25/2026 8:29,73.22,18.0602,,,,,
4117,7/25/2026 8:44,73.1,18.2141,,,,,
4118,7/25/2026 8:59,72.94,18.3466,,,,,
4119,7/25/2026 9:14,72.77,18.4368,,,,,
4120,7/25/2026 9:29,72.62,18.485,,,,,
4121,7/25/2026 9:44,72.53,18.5062,,,,,
4122,7/25/2026 9:59,72.58,18.4673,,,,,
4123,7/25/2026 10:14,72.66,18.3824,,,,,
4124,7/25/2026 10:29,72.86,18.2847,,,,,
4125,7/25/2026 10:44,73.46,18.1576,,,,,
4126,7/25/2026 10:59,73.48,18.0463,,,,,
4127,7/25/2026 11:14,73.49,17.9338,,,,,
4128,7/25/2026 11:29,73.52,17.8151,,,,,
4129,7/25/2026 11:44,73.73,17.6993,,,,,
4130,7/25/2026 11:59,73.92,17.5792,,,,,
4131,7/25/2026 12:14,74.54,17.4456,,,,,
4132,7/25/2026 12:29,74.81,17.3132,,,,,
4133,7/25/2026 12:44,74.9,17.1785,,,,,
4134,7/25/2026 12:59,74.88,17.0374,,,,,
4135,7/25/2026 13:14,75.18,16.9065,,,,,
4136,7/25/2026 13:29,75.46,16.7738,,,,,
4137,7/25/2026 13:44,75.73,16.641,,,,,
4138,7/25/2026 13:59,75.89,16.5163,,,,,
4139,7/25/2026 14:14,75.9,16.3975,,,,,
4140,7/25/2026 14:29,76.04,16.2896,,,,,
4141,7/25/2026 14:44,75.97,16.1852,,,,,
4142,7/25/2026 14:59,76.21,16.0845,,,,,
4143,7/25/2026 15:14,76.35,15.9874,,,,,
4144,7/25/2026 15:29,76.41,15.8989,,,,,
4145,7/25/2026 15:44,76.48,15.8317,,,,,
4146,7/25/2026 15:59,76.58,15.7776,,,,,
4147,7/25/2026 16:14,76.65,15.764,,,,,
4148,7/25/2026 16:29,76.97,15.8202,,,,,
4149,7/25/2026 16:44,76.83,15.8917,,,,,
4150,7/25/2026 16:59,76.61,15.9911,,,,,
4151,7/25/2026 17:14,76.62,16.111,,,,,
4152,7/25/2026 17:29,76.31,16.2571,,,,,
4153,7/25/2026 17:44,76.19,16.415,,,,,
4154,7/25/2026 17:59,76.21,16.582,,,,,
4155,7/25/2026 18:14,76.17,16.764,,,,,
4156,7/25/2026 18:29,76.15,16.9538,,,,,
4157,7/25/2026 18:44,76.13,17.1637,,,,,
4158,7/25/2026 18:59,76.11,17.385,,,,,
4159,7/25/2026 19:14,76,17.6146,,,,,
4160,7/25/2026 19:29,75.91,17.85,,,,,
4161,7/25/2026 19:44,75.75,18.0804,,,,,
4162,7/25/2026 19:59,75.57,18.3028,,,,,
4163,7/25/2026 20:14,75.25,18.5012,,,,,
4164,7/25/2026 20:29,74.94,18.6826,,,,,
4165,7/25/2026 20:44,74.64,18.8352,,,,,
4166,7/25/2026 20:59,74.41,18.9608,,,,,
4167,7/25/2026 21:14,74.24,19.0419,,,,,
4168,7/25/2026 21:29,74.1,19.0927,,,,,
4169,7/25/2026 21:44,73.9,19.1188,,,,,
4170,7/25/2026 21:59,73.84,19.111,,,,,
4171,7/25/2026 22:14,73.75,19.0723,,,,,
4172,7/25/2026 22:29,73.78,19.0029,,,,,
4173,7/25/2026 22:44,73.83,18.9021,,,,,
4174,7/25/2026 22:59,73.91,18.7603,,,,,
4175,7/25/2026 23:14,74.09,18.5924,,,,,
4176,7/25/2026 23:29,74.26,18.4403,,,,,
4177,7/25/2026 23:44,74.46,18.2852,,,,,
4178,7/25/2026 23:59,74.58,18.1281,,,,,
4179,7/26/2026 0:14,74.65,17.966,,,,,
4180,7/26/2026 0:29,74.87,17.8043,,,,,
4181,7/26/2026 0:44,75.01,17.645,,,,,
4182,7/26/2026 0:59,75.07,17.475,,,,,
4183,7/26/2026 1:14,75.12,17.3113,,,,,
4184,7/26/2026 1:29,75.15,17.1527,,,,,
4185,7/26/2026 1:44,75.14,16.9935,,,,,
4186,7/26/2026 1:59,75.13,16.84,,,,,
4187,7/26/2026 2:14,75.11,16.6854,,,,,
4188,7/26/2026 2:29,75.1,16.5402,,,,,
4189,7/26/2026 2:44,75.06,16.3982,,,,,
4190,7/26/2026 2:59,75.01,16.2669,,,,,
4191,7/26/2026 3:14,74.95,16.1412,,,,,
4192,7/26/2026 3:29,74.89,16.0212,,,,,
4193,7/26/2026 3:44,74.83,15.9044,,,,,
4194,7/26/2026 3:59,74.77,15.8001,,,,,
4195,7/26/2026 4:14,74.72,15.699,,,,,
4196,7/26/2026 4:29,74.68,15.603,,,,,
4197,7/26/2026 4:44,74.63,15.5181,,,,,
4198,7/26/2026 4:59,74.58,15.442,,,,,
4199,7/26/2026 5:14,74.53,15.3884,,,,,
4200,7/26/2026 5:29,74.47,15.3821,,,,,
4201,7/26/2026 5:44,74.19,15.4612,,,,,
4202,7/26/2026 5:59,74.23,15.5485,,,,,
4203,7/26/2026 6:14,74.25,15.6576,,,,,
4204,7/26/2026 6:29,74.39,15.8006,,,,,
4205,7/26/2026 6:44,74.33,15.9577,,,,,
4206,7/26/2026 6:59,74.23,16.1248,,,,,
4207,7/26/2026 7:14,74.17,16.3114,,,,,
4208,7/26/2026 7:29,74.04,16.508,,,,,
4209,7/26/2026 7:44,73.88,16.7172,,,,,
4210,7/26/2026 7:59,73.72,16.9285,,,,,
4211,7/26/2026 8:14,73.55,17.1499,,,,,
4212,7/26/2026 8:29,73.33,17.3733,,,,,
4213,7/26/2026 8:44,73.15,17.5863,,,,,
4214,7/26/2026 8:59,73.07,17.8097,,,,,
4215,7/26/2026 9:14,73.02,18.0057,,,,,
4216,7/26/2026 9:29,72.95,18.1873,,,,,
4217,7/26/2026 9:44,72.83,18.3344,,,,,
4218,7/26/2026 9:59,72.67,18.4373,,,,,
4219,7/26/2026 10:14,72.51,18.4974,,,,,
4220,7/26/2026 10:29,72.38,18.5323,,,,,
4221,7/26/2026 10:44,72.34,18.5058,,,,,
4222,7/26/2026 10:59,72.46,18.4488,,,,,
4223,7/26/2026 11:14,72.5,18.36,,,,,
4224,7/26/2026 11:29,72.86,18.2406,,,,,
4225,7/26/2026 11:44,73.15,18.1205,,,,,
4226,7/26/2026 11:59,73.52,18.0037,,,,,
4227,7/26/2026 12:14,73.35,17.8933,,,,,
4228,7/26/2026 12:29,73.47,17.776,,,,,
4229,7/26/2026 12:44,73.66,17.6546,,,,,
4230,7/26/2026 12:59,73.97,17.5278,,,,,
4231,7/26/2026 13:14,74.37,17.3893,,,,,
4232,7/26/2026 13:29,74.59,17.2456,,,,,
4233,7/26/2026 13:44,74.64,17.0971,,,,,
4234,7/26/2026 13:59,74.69,16.9644,,,,,
4235,7/26/2026 14:14,74.86,16.8226,,,,,
4236,7/26/2026 14:29,75.14,16.6955,,,,,
4237,7/26/2026 14:44,75.37,16.5683,,,,,
4238,7/26/2026 14:59,75.52,16.4429,,,,,
4239,7/26/2026 15:14,75.61,16.3256,,,,,
4240,7/26/2026 15:29,75.72,16.2128,,,,,
4241,7/26/2026 15:44,75.79,16.0992,,,,,
4242,7/26/2026 15:59,75.84,16.0057,,,,,
4243,7/26/2026 16:14,75.88,15.9084,,,,,
4244,7/26/2026 16:29,75.93,15.8287,,,,,
4245,7/26/2026 16:44,76,15.7721,,,,,
4246,7/26/2026 16:59,76.04,15.7466,,,,,
4247,7/26/2026 17:14,76.11,15.7748,,,,,
4248,7/26/2026 17:29,76.19,15.8436,,,,,
4249,7/26/2026 17:44,76.06,15.9487,,,,,
4250,7/26/2026 17:59,75.88,16.0663,,,,,
4251,7/26/2026 18:14,75.8,16.2129,,,,,
4252,7/26/2026 18:29,75.68,16.3833,,,,,
4253,7/26/2026 18:44,75.67,16.5539,,,,,
4254,7/26/2026 18:59,75.55,16.7583,,,,,
4255,7/26/2026 19:14,75.46,16.9485,,,,,
4256,7/26/2026 19:29,75.38,17.157,,,,,
4257,7/26/2026 19:44,75.32,17.3839,,,,,
4258,7/26/2026 19:59,75.21,17.6153,,,,,
4259,7/26/2026 20:14,75.07,17.8512,,,,,
4260,7/26/2026 20:29,74.89,18.0822,,,,,
4261,7/26/2026 20:44,74.71,18.3059,,,,,
4262,7/26/2026 20:59,74.54,18.5045,,,,,
4263,7/26/2026 21:14,74.34,18.6863,,,,,
4264,7/26/2026 21:29,74.15,18.8366,,,,,
4265,7/26/2026 21:44,73.94,18.9622,,,,,
4266,7/26/2026 21:59,73.78,19.0534,,,,,
4267,7/26/2026 22:14,73.61,19.1162,,,,,
4268,7/26/2026 22:29,73.46,19.1524,,,,,
4269,7/26/2026 22:44,73.29,19.1552,,,,,
4270,7/26/2026 22:59,73.17,19.1429,,,,,
4271,7/26/2026 23:14,73.1,19.0897,,,,,
4272,7/26/2026 23:29,73.15,19.0077,,,,,
4273,7/26/2026 23:44,73.19,18.8942,,,,,
4274,7/26/2026 23:59,73.32,18.7431,,,,,
4275,7/27/2026 0:14,73.48,18.5897,,,,,
4276,7/27/2026 0:29,73.69,18.4232,,,,,
4277,7/27/2026 0:44,73.81,18.2566,,,,,
4278,7/27/2026 0:59,73.87,18.0787,,,,,
4279,7/27/2026 1:14,74.02,17.9036,,,,,
4280,7/27/2026 1:29,74.14,17.7279,,,,,
4281,7/27/2026 1:44,74.21,17.5472,,,,,
4282,7/27/2026 1:59,74.28,17.3691,,,,,
4283,7/27/2026 2:14,74.32,17.1929,,,,,
4284,7/27/2026 2:29,74.35,17.0307,,,,,
4285,7/27/2026 2:44,74.36,16.8653,,,,,
4286,7/27/2026 2:59,74.37,16.7082,,,,,
4287,7/27/2026 3:14,74.37,16.5606,,,,,
4288,7/27/2026 3:29,74.35,16.4161,,,,,
4289,7/27/2026 3:44,74.33,16.278,,,,,
4290,7/27/2026 3:59,74.3,16.1499,,,,,
4291,7/27/2026 4:14,74.26,16.0237,,,,,
4292,7/27/2026 4:29,74.21,15.9044,,,,,
4293,7/27/2026 4:44,74.18,15.7958,,,,,
4294,7/27/2026 4:59,74.14,15.6935,,,,,
4295,7/27/2026 5:14,74.09,15.5956,,,,,
4296,7/27/2026 5:29,74.04,15.5101,,,,,
4297,7/27/2026 5:44,74.01,15.4297,,,,,
4298,7/27/2026 5:59,73.97,15.3811,,,,,
4299,7/27/2026 6:14,73.94,15.3599,,,,,
4300,7/27/2026 6:29,73.74,15.4323,,,,,
4301,7/27/2026 6:44,73.76,15.517,,,,,
4302,7/27/2026 6:59,73.8,15.6255,,,,,
4303,7/27/2026 7:14,73.93,15.7698,,,,,
4304,7/27/2026 7:29,73.79,15.9379,,,,,
4305,7/27/2026 7:44,73.69,16.1187,,,,,
4306,7/27/2026 7:59,73.65,16.3141,,,,,
4307,7/27/2026 8:14,73.55,16.5207,,,,,
4308,7/27/2026 8:29,73.39,16.7343,,,,,
4309,7/27/2026 8:44,73.22,16.9556,,,,,
4310,7/27/2026 8:59,73.05,17.1871,,,,,
4311,7/27/2026 9:14,72.84,17.4143,,,,,
4312,7/27/2026 9:29,72.74,17.6375,,,,,
4313,7/27/2026 9:44,72.73,17.8586,,,,,
4314,7/27/2026 9:59,72.72,18.0553,,,,,
4315,7/27/2026 10:14,72.72,18.2296,,,,,
4316,7/27/2026 10:29,72.63,18.3799,,,,,
4317,7/27/2026 10:44,72.51,18.486,,,,,
4318,7/27/2026 10:59,72.37,18.5613,,,,,
4319,7/27/2026 11:14,72.23,18.6083,,,,,
4320,7/27/2026 11:29,72.2,18.5994,,,,,
4321,7/27/2026 11:44,72.3,18.5662,,,,,
4322,7/27/2026 11:59,72.34,18.4718,,,,,
4323,7/27/2026 12:14,72.48,18.3499,,,,,
4324,7/27/2026 12:29,72.85,18.2047,,,,,
4325,7/27/2026 12:44,73.38,18.0618,,,,,
4326,7/27/2026 12:59,73.07,17.9316,,,,,
4327,7/27/2026 13:14,73.15,17.8029,,,,,
4328,7/27/2026 13:29,73.33,17.6771,,,,,
4329,7/27/2026 13:44,73.73,17.553,,,,,
4330,7/27/2026 13:59,74.19,17.4065,,,,,
4331,7/27/2026 14:14,74.33,17.2613,,,,,
4332,7/27/2026 14:29,74.42,17.1123,,,,,
4333,7/27/2026 14:44,74.4,16.9637,,,,,
4334,7/27/2026 14:59,74.5,16.8256,,,,,
4335,7/27/2026 15:14,74.84,16.6836,,,,,
4336,7/27/2026 15:29,75.01,16.5525,,,,,
4337,7/27/2026 15:44,75.12,16.4265,,,,,
4338,7/27/2026 15:59,75.23,16.3017,,,,,
4339,7/27/2026 16:14,75.36,16.1895,,,,,
4340,7/27/2026 16:29,75.46,16.0773,,,,,
4341,7/27/2026 16:44,75.5,15.9744,,,,,
4342,7/27/2026 16:59,75.56,15.8747,,,,,
4343,7/27/2026 17:14,75.61,15.7925,,,,,
4344,7/27/2026 17:29,75.67,15.7165,,,,,
4345,7/27/2026 17:44,75.7,15.6792,,,,,
4346,7/27/2026 17:59,75.71,15.6967,,,,,
4347,7/27/2026 18:14,75.74,15.7634,,,,,
4348,7/27/2026 18:29,75.62,15.8611,,,,,
4349,7/27/2026 18:44,75.52,15.9919,,,,,
4350,7/27/2026 18:59,75.41,16.1365,,,,,
4351,7/27/2026 19:14,75.34,16.3119,,,,,
4352,7/27/2026 19:29,75.23,16.498,,,,,
4353,7/27/2026 19:44,75.12,16.7017,,,,,
4354,7/27/2026 19:59,74.99,16.9024,,,,,
4355,7/27/2026 20:14,74.84,17.1395,,,,,
4356,7/27/2026 20:29,74.74,17.3651,,,,,
4357,7/27/2026 20:44,74.58,17.6183,,,,,
4358,7/27/2026 20:59,74.47,17.8763,,,,,
4359,7/27/2026 21:14,74.38,18.117,,,,,
4360,7/27/2026 21:29,74.3,18.3434,,,,,
4361,7/27/2026 21:44,74.16,18.5661,,,,,
4362,7/27/2026 21:59,73.95,18.7509,,,,,
4363,7/27/2026 22:14,73.72,18.9081,,,,,
4364,7/27/2026 22:29,73.55,19.02,,,,,
4365,7/27/2026 22:44,73.4,19.115,,,,,
4366,7/27/2026 22:59,73.28,19.1628,,,,,
4367,7/27/2026 23:14,73.17,19.1909,,,,,
4368,7/27/2026 23:29,73.08,19.1939,,,,,
4369,7/27/2026 23:44,73,19.1791,,,,,
4370,7/27/2026 23:59,72.9,19.1341,,,,,
4371,7/28/2026 0:14,72.91,19.0678,,,,,
4372,7/28/2026 0:29,72.9,18.9485,,,,,
4373,7/28/2026 0:44,72.97,18.7966,,,,,
4374,7/28/2026 0:59,73.11,18.6367,,,,,
4375,7/28/2026 1:14,73.32,18.4614,,,,,
4376,7/28/2026 1:29,73.42,18.2771,,,,,
4377,7/28/2026 1:44,73.51,18.093,,,,,
4378,7/28/2026 1:59,73.65,17.9071,,,,,
4379,7/28/2026 2:14,73.77,17.7226,,,,,
4380,7/28/2026 2:29,73.85,17.5382,,,,,
4381,7/28/2026 2:44,73.91,17.3589,,,,,
4382,7/28/2026 2:59,73.95,17.1815,,,,,
4383,7/28/2026 3:14,74,17.0105,,,,,
4384,7/28/2026 3:29,74.03,16.8446,,,,,
4385,7/28/2026 3:44,74.06,16.6832,,,,,
4386,7/28/2026 3:59,74.09,16.5306,,,,,
4387,7/28/2026 4:14,74.1,16.3843,,,,,
4388,7/28/2026 4:29,74.11,16.2425,,,,,
4389,7/28/2026 4:44,74.11,16.1164,,,,,
4390,7/28/2026 4:59,74.11,15.9884,,,,,
4391,7/28/2026 5:14,74.11,15.873,,,,,
4392,7/28/2026 5:29,74.09,15.7576,,,,,
4393,7/28/2026 5:44,74.09,15.651,,,,,
4394,7/28/2026 5:59,74.09,15.5582,,,,,
4395,7/28/2026 6:14,74.09,15.466,,,,,
4396,7/28/2026 6:29,74.09,15.3832,,,,,
4397,7/28/2026 6:44,74.1,15.3203,,,,,
4398,7/28/2026 6:59,74.12,15.3048,,,,,
4399,7/28/2026 7:14,74.04,15.3681,,,,,
4400,7/28/2026 7:29,74.08,15.4709,,,,,
4401,7/28/2026 7:44,74.07,15.5862,,,,,
4402,7/28/2026 7:59,73.97,15.743,,,,,
4403,7/28/2026 8:14,73.94,15.9163,,,,,
4404,7/28/2026 8:29,73.84,16.1146,,,,,
4405,7/28/2026 8:44,73.82,16.3188,,,,,
4406,7/28/2026 8:59,73.77,16.5387,,,,,
4407,7/28/2026 9:14,73.68,16.7668,,,,,
4408,7/28/2026 9:29,73.57,17.0083,,,,,
4409,7/28/2026 9:44,73.37,17.2586,,,,,
4410,7/28/2026 9:59,73.23,17.5149,,,,,
4411,7/28/2026 10:14,73.14,17.7514,,,,,
4412,7/28/2026 10:29,73.09,17.9807,,,,,
4413,7/28/2026 10:44,73.04,18.1831,,,,,
4414,7/28/2026 10:59,72.97,18.3586,,,,,
4415,7/28/2026 11:14,72.86,18.5076,,,,,
4416,7/28/2026 11:29,72.77,18.6189,,,,,
4417,7/28/2026 11:44,72.71,18.6888,,,,,
4418,7/28/2026 11:59,72.68,18.7234,,,,,
4419,7/28/2026 12:14,72.73,18.7039,,,,,
4420,7/28/2026 12:29,72.78,18.6454,,,,,
4421,7/28/2026 12:44,72.74,18.5483,,,,,
4422,7/28/2026 12:59,72.88,18.4308,,,,,
4423,7/28/2026 13:14,73.01,18.2901,,,,,
4424,7/28/2026 13:29,73.47,18.1583,,,,,
4425,7/28/2026 13:44,73.5,18.013,,,,,
4426,7/28/2026 13:59,73.42,17.8859,,,,,
4427,7/28/2026 14:14,73.67,17.7469,,,,,
4428,7/28/2026 14:29,73.95,17.5918,,,,,
4429,7/28/2026 14:44,74.41,17.4396,,,,,
4430,7/28/2026 14:59,74.46,17.2791,,,,,
4431,7/28/2026 15:14,74.55,17.1282,,,,,
4432,7/28/2026 15:29,74.73,16.9726,,,,,
4433,7/28/2026 15:44,74.87,16.8295,,,,,
4434,7/28/2026 15:59,74.95,16.6788,,,,,
4435,7/28/2026 16:14,74.97,16.5406,,,,,
4436,7/28/2026 16:29,74.97,16.4249,,,,,
4437,7/28/2026 16:44,74.97,16.2987,,,,,
4438,7/28/2026 16:59,74.98,16.17,,,,,
4439,7/28/2026 17:14,75,16.0595,,,,,
4440,7/28/2026 17:29,75.04,15.9498,,,,,
4441,7/28/2026 17:44,75.09,15.8469,,,,,
4442,7/28/2026 17:59,75.15,15.7535,,,,,
4443,7/28/2026 18:14,75.21,15.6813,,,,,
4444,7/28/2026 18:29,75.26,15.629,,,,,
4445,7/28/2026 18:44,75.29,15.6335,,,,,
4446,7/28/2026 18:59,75.25,15.7319,,,,,
4447,7/28/2026 19:14,75.18,15.8378,,,,,
4448,7/28/2026 19:29,75.12,15.973,,,,,
4449,7/28/2026 19:44,75.09,16.1309,,,,,
4450,7/28/2026 19:59,75.06,16.3113,,,,,
4451,7/28/2026 20:14,74.94,16.4993,,,,,
4452,7/28/2026 20:29,74.87,16.6993,,,,,
4453,7/28/2026 20:44,74.71,16.93,,,,,
4454,7/28/2026 20:59,74.52,17.1664,,,,,
4455,7/28/2026 21:14,74.33,17.425,,,,,
4456,7/28/2026 21:29,74.15,17.6833,,,,,
4457,7/28/2026 21:44,74.01,17.9494,,,,,
4458,7/28/2026 21:59,73.94,18.2003,,,,,
4459,7/28/2026 22:14,73.94,18.4477,,,,,
4460,7/28/2026 22:29,73.88,18.6587,,,,,
4461,7/28/2026 22:44,73.77,18.8413,,,,,
4462,7/28/2026 22:59,73.65,18.9793,,,,,
4463,7/28/2026 23:14,73.51,19.09,,,,,
4464,7/28/2026 23:29,73.4,19.1599,,,,,
4465,7/28/2026 23:44,73.3,19.2146,,,,,
4466,7/28/2026 23:59,73.19,19.244,,,,,
4467,7/29/2026 0:14,73.12,19.2603,,,,,
4468,7/29/2026 0:29,73.02,19.2506,,,,,
4469,7/29/2026 0:44,72.93,19.2264,,,,,
4470,7/29/2026 0:59,72.86,19.1491,,,,,
4471,7/29/2026 1:14,72.93,19.0451,,,,,
4472,7/29/2026 1:29,72.84,18.906,,,,,
4473,7/29/2026 1:44,72.96,18.736,,,,,
4474,7/29/2026 1:59,73.07,18.5635,,,,,
4475,7/29/2026 2:14,73.22,18.3749,,,,,
4476,7/29/2026 2:29,73.28,18.195,,,,,
4477,7/29/2026 2:44,73.4,17.9971,,,,,
4478,7/29/2026 2:59,73.5,17.8006,,,,,
4479,7/29/2026 3:14,73.59,17.6067,,,,,
4480,7/29/2026 3:29,73.65,17.4135,,,,,
4481,7/29/2026 3:44,73.71,17.2211,,,,,
4482,7/29/2026 3:59,73.78,17.0395,,,,,
4483,7/29/2026 4:14,73.85,16.8624,,,,,
4484,7/29/2026 4:29,73.92,16.6935,,,,,
4485,7/29/2026 4:44,73.97,16.5335,,,,,
4486,7/29/2026 4:59,74.01,16.3898,,,,,
4487,7/29/2026 5:14,74.05,16.2443,,,,,
4488,7/29/2026 5:29,74.08,16.1126,,,,,
4489,7/29/2026 5:44,74.1,15.9878,,,,,
4490,7/29/2026 5:59,74.11,15.8649,,,,,
4491,7/29/2026 6:14,74.12,15.7527,,,,,
4492,7/29/2026 6:29,74.14,15.6443,,,,,
4493,7/29/2026 6:44,74.15,15.5446,,,,,
4494,7/29/2026 6:59,74.16,15.4493,,,,,
4495,7/29/2026 7:14,74.16,15.3659,,,,,
4496,7/29/2026 7:29,74.16,15.2955,,,,,
4497,7/29/2026 7:44,74.17,15.2987,,,,,
4498,7/29/2026 7:59,74.04,15.38,,,,,
4499,7/29/2026 8:14,74.08,15.4872,,,,,
4500,7/29/2026 8:29,74.04,15.6148,,,,,
4501,7/29/2026 8:44,73.9,15.7778,,,,,
4502,7/29/2026 8:59,73.87,15.9711,,,,,
4503,7/29/2026 9:14,73.79,16.1775,,,,,
4504,7/29/2026 9:29,73.71,16.4017,,,,,
4505,7/29/2026 9:44,73.54,16.6414,,,,,
4506,7/29/2026 9:59,73.38,16.8933,,,,,
4507,7/29/2026 10:14,73.23,17.1567,,,,,
4508,7/29/2026 10:29,73.02,17.4121,,,,,
4509,7/29/2026 10:44,72.9,17.6899,,,,,
4510,7/29/2026 10:59,72.83,17.9261,,,,,
4511,7/29/2026 11:14,72.78,18.1574,,,,,
4512,7/29/2026 11:29,72.74,18.3618,,,,,
4513,7/29/2026 11:44,72.64,18.5411,,,,,
4514,7/29/2026 11:59,72.53,18.677,,,,,
4515,7/29/2026 12:14,72.39,18.7795,,,,,
4516,7/29/2026 12:29,72.24,18.8321,,,,,
4517,7/29/2026 12:44,72.16,18.8445,,,,,
4518,7/29/2026 12:59,72.14,18.8066,,,,,
4519,7/29/2026 13:14,72.16,18.7405,,,,,
4520,7/29/2026 13:29,72.12,18.6288,,,,,
4521,7/29/2026 13:44,72.18,18.5086,,,,,
4522,7/29/2026 13:59,72.31,18.3734,,,,,
4523,7/29/2026 14:14,72.41,18.2427,,,,,
4524,7/29/2026 14:29,72.5,18.0913,,,,,
4525,7/29/2026 14:44,72.56,17.9487,,,,,
4526,7/29/2026 14:59,72.61,17.7905,,,,,
4527,7/29/2026 15:14,72.66,17.6273,,,,,
4528,7/29/2026 15:29,72.73,17.4736,,,,,
4529,7/29/2026 15:44,72.77,17.3106,,,,,
4530,7/29/2026 15:59,72.82,17.1527,,,,,
4531,7/29/2026 16:14,72.88,17,,,,,
4532,7/29/2026 16:29,72.94,16.8448,,,,,
4533,7/29/2026 16:44,73.01,16.706,,,,,
4534,7/29/2026 16:59,73.08,16.5579,,,,,
4535,7/29/2026 17:14,73.16,16.4174,,,,,
4536,7/29/2026 17:29,73.24,16.2851,,,,,
4537,7/29/2026 17:44,73.3,16.1659,,,,,
4538,7/29/2026 17:59,73.35,16.0456,,,,,
4539,7/29/2026 18:14,73.41,15.9358,,,,,
4540,7/29/2026 18:29,73.46,15.8362,,,,,
4541,7/29/2026 18:44,73.5,15.7433,,,,,
4542,7/29/2026 18:59,73.53,15.6611,,,,,
4543,7/29/2026 19:14,73.52,15.6044,,,,,
4544,7/29/2026 19:29,73.53,15.6069,,,,,
4545,7/29/2026 19:44,73.37,15.7019,,,,,
4546,7/29/2026 19:59,73.33,15.8091,,,,,
4547,7/29/2026 20:14,73.37,15.9426,,,,,
4548,7/29/2026 20:29,73.31,16.1085,,,,,
4549,7/29/2026 20:44,73.19,16.2894,,,,,
4550,7/29/2026 20:59,73.03,16.4965,,,,,
4551,7/29/2026 21:14,72.9,16.7102,,,,,
4552,7/29/2026 21:29,72.67,16.9519,,,,,
4553,7/29/2026 21:44,72.37,17.2057,,,,,
4554,7/29/2026 21:59,72.16,17.4799,,,,,
4555,7/29/2026 22:14,71.92,17.7569,,,,,
4556,7/29/2026 22:29,71.73,18.0292,,,,,
4557,7/29/2026 22:44,71.61,18.302,,,,,
4558,7/29/2026 22:59,71.46,18.5448,,,,,
4559,7/29/2026 23:14,71.36,18.7576,,,,,
4560,7/29/2026 23:29,71.23,18.9357,,,,,
4561,7/29/2026 23:44,71.07,19.0742,,,,,
4562,7/29/2026 23:59,70.88,19.1679,,,,,
4563,7/30/2026 0:14,70.71,19.2376,,,,,
4564,7/30/2026 0:29,70.59,19.2878,,,,,
4565,7/30/2026 0:44,70.47,19.3172,,,,,
4566,7/30/2026 0:59,70.37,19.334,,,,,
4567,7/30/2026 1:14,70.22,19.3312,,,,,
4568,7/30/2026 1:29,70.1,19.3025,,,,,
4569,7/30/2026 1:44,69.98,19.2491,,,,,
4570,7/30/2026 1:59,70.08,19.1483,,,,,
4571,7/30/2026 2:14,69.93,19.0268,,,,,
4572,7/30/2026 2:29,70.17,18.8728,,,,,
4573,7/30/2026 2:44,70.27,18.7084,,,,,
4574,7/30/2026 2:59,70.41,18.5222,,,,,
4575,7/30/2026 3:14,70.51,18.3424,,,,,
4576,7/30/2026 3:29,70.61,18.14,,,,,
4577,7/30/2026 3:44,70.73,17.9378,,,,,
4578,7/30/2026 3:59,70.83,17.7401,,,,,
4579,7/30/2026 4:14,70.96,17.5388,,,,,
4580,7/30/2026 4:29,71.11,17.3478,,,,,
4581,7/30/2026 4:44,71.25,17.1669,,,,,
4582,7/30/2026 4:59,71.36,16.9842,,,,,
4583,7/30/2026 5:14,71.44,16.8116,,,,,
4584,7/30/2026 5:29,71.51,16.6435,,,,,
4585,7/30/2026 5:44,71.57,16.4873,,,,,
4586,7/30/2026 5:59,71.61,16.3418,,,,,
4587,7/30/2026 6:14,71.64,16.2019,,,,,
4588,7/30/2026 6:29,71.66,16.0709,,,,,
4589,7/30/2026 6:44,71.68,15.9418,,,,,
4590,7/30/2026 6:59,71.68,15.8364,,,,,
4591,7/30/2026 7:14,71.69,15.718,,,,,
4592,7/30/2026 7:29,71.69,15.6226,,,,,
4593,7/30/2026 7:44,71.69,15.5379,,,,,
4594,7/30/2026 7:59,71.71,15.4713,,,,,
4595,7/30/2026 8:14,71.71,15.419,,,,,
4596,7/30/2026 8:29,71.7,15.4651,,,,,
4597,7/30/2026 8:44,71.65,15.5615,,,,,
4598,7/30/2026 8:59,71.49,15.6777,,,,,
4599,7/30/2026 9:14,71.61,15.8244,,,,,
4600,7/30/2026 9:29,71.45,16.0174,,,,,
4601,7/30/2026 9:44,71.32,16.2219,,,,,
4602,7/30/2026 9:59,71.25,16.4441,,,,,
4603,7/30/2026 10:14,71.13,16.6802,,,,,
4604,7/30/2026 10:29,70.92,16.9264,,,,,
4605,7/30/2026 10:44,70.71,17.1971,,,,,
4606,7/30/2026 10:59,70.49,17.4613,,,,,
4607,7/30/2026 11:14,70.24,17.7244,,,,,
4608,7/30/2026 11:29,70.17,17.9925,,,,,
4609,7/30/2026 11:44,70.11,18.2244,,,,,
4610,7/30/2026 11:59,70.12,18.4391,,,,,
4611,7/30/2026 12:14,70.08,18.6198,,,,,
4612,7/30/2026 12:29,70.04,18.764,,,,,
4613,7/30/2026 12:44,69.96,18.8673,,,,,
4614,7/30/2026 12:59,69.89,18.9358,,,,,
4615,7/30/2026 13:14,69.86,18.978,,,,,
4616,7/30/2026 13:29,69.85,18.9881,,,,,
4617,7/30/2026 13:44,69.87,18.9642,,,,,
4618,7/30/2026 13:59,69.88,18.9011,,,,,
4619,7/30/2026 14:14,69.92,18.7959,,,,,
4620,7/30/2026 14:29,70.1,18.6507,,,,,
4621,7/30/2026 14:44,70.28,18.481,,,,,
4622,7/30/2026 14:59,70.61,18.318,,,,,
4623,7/30/2026 15:14,70.74,18.1497,,,,,
4624,7/30/2026 15:29,70.92,17.9885,,,,,
4625,7/30/2026 15:44,71.04,17.8159,,,,,
4626,7/30/2026 15:59,71.12,17.644,,,,,
4627,7/30/2026 16:14,71.25,17.4729,,,,,
4628,7/30/2026 16:29,71.41,17.3008,,,,,
4629,7/30/2026 16:44,71.51,17.1343,,,,,
4630,7/30/2026 16:59,71.62,16.9697,,,,,
4631,7/30/2026 17:14,71.77,16.8161,,,,,
4632,7/30/2026 17:29,71.9,16.6637,,,,,
4633,7/30/2026 17:44,71.99,16.5256,,,,,
4634,7/30/2026 17:59,72.07,16.3871,,,,,
4635,7/30/2026 18:14,72.14,16.261,,,,,
4636,7/30/2026 18:29,72.19,16.1375,,,,,
4637,7/30/2026 18:44,72.24,16.0227,,,,,
4638,7/30/2026 18:59,72.3,15.9143,,,,,
4639,7/30/2026 19:14,72.34,15.8127,,,,,
4640,7/30/2026 19:29,72.38,15.7206,,,,,
4641,7/30/2026 19:44,72.42,15.6384,,,,,
4642,7/30/2026 19:59,72.43,15.5998,,,,,
4643,7/30/2026 20:14,72.43,15.6309,,,,,
4644,7/30/2026 20:29,72.33,15.7267,,,,,
4645,7/30/2026 20:44,72.3,15.8482,,,,,
4646,7/30/2026 20:59,72.31,15.9923,,,,,
4647,7/30/2026 21:14,72.22,16.1787,,,,,
4648,7/30/2026 21:29,72.11,16.3871,,,,,
4649,7/30/2026 21:44,72,16.5994,,,,,
4650,7/30/2026 21:59,71.84,16.8375,,,,,
4651,7/30/2026 22:14,71.6,17.0868,,,,,
4652,7/30/2026 22:29,71.35,17.3477,,,,,
4653,7/30/2026 22:44,71.11,17.6214,,,,,
4654,7/30/2026 22:59,70.91,17.8979,,,,,
4655,7/30/2026 23:14,70.81,18.1775,,,,,
4656,7/30/2026 23:29,70.72,18.4379,,,,,
4657,7/30/2026 23:44,70.6,18.6783,,,,,
4658,7/30/2026 23:59,70.45,18.8772,,,,,
4659,7/31/2026 0:14,70.3,19.0428,,,,,
4660,7/31/2026 0:29,70.14,19.168,,,,,
4661,7/31/2026 0:44,69.99,19.2504,,,,,
4662,7/31/2026 0:59,69.91,19.2995,,,,,
4663,7/31/2026 1:14,69.84,19.3347,,,,,
4664,7/31/2026 1:29,69.78,19.3491,,,,,
4665,7/31/2026 1:44,69.69,19.3476,,,,,
4666,7/31/2026 1:59,69.62,19.3241,,,,,
4667,7/31/2026 2:14,69.59,19.2602,,,,,
4668,7/31/2026 2:29,69.64,19.1688,,,,,
4669,7/31/2026 2:44,69.54,19.0328,,,,,
4670,7/31/2026 2:59,69.66,18.8767,,,,,
4671,7/31/2026 3:14,69.73,18.6959,,,,,
4672,7/31/2026 3:29,69.86,18.5153,,,,,
4673,7/31/2026 3:44,69.95,18.3178,,,,,
4674,7/31/2026 3:59,70.07,18.1237,,,,,
4675,7/31/2026 4:14,70.21,17.9134,,,,,
4676,7/31/2026 4:29,70.34,17.7145,,,,,
4677,7/31/2026 4:44,70.47,17.5102,,,,,
4678,7/31/2026 4:59,70.59,17.3147,,,,,
4679,7/31/2026 5:14,70.71,17.1245,,,,,
4680,7/31/2026 5:29,70.83,16.9449,,,,,
4681,7/31/2026 5:44,70.93,16.7743,,,,,
4682,7/31/2026 5:59,71.01,16.6112,,,,,
4683,7/31/2026 6:14,71.09,16.4588,,,,,
4684,7/31/2026 6:29,71.17,16.3171,,,,,
4685,7/31/2026 6:44,71.24,16.178,,,,,
4686,7/31/2026 6:59,71.3,16.049,,,,,
4687,7/31/2026 7:14,71.35,15.9262,,,,,
4688,7/31/2026 7:29,71.4,15.8097,,,,,
4689,7/31/2026 7:44,71.46,15.6982,,,,,
4690,7/31/2026 7:59,71.53,15.5974,,,,,
4691,7/31/2026 8:14,71.61,15.4967,,,,,
4692,7/31/2026 8:29,71.71,15.4072,,,,,
4693,7/31/2026 8:44,71.81,15.3346,,,,,
4694,7/31/2026 8:59,72,15.2982,,,,,
4695,7/31/2026 9:14,72.1,15.3681,,,,,
4696,7/31/2026 9:29,72.16,15.4641,,,,,
4697,7/31/2026 9:44,72.14,15.5824,,,,,
4698,7/31/2026 9:59,71.85,15.7488,,,,,
4699,7/31/2026 10:14,71.76,15.95,,,,,
4700,7/31/2026 10:29,71.73,16.1684,,,,,
4701,7/31/2026 10:44,71.69,16.4119,,,,,
4702,7/31/2026 10:59,71.74,16.6665,,,,,
4703,7/31/2026 11:14,71.72,16.9393,,,,,
4704,7/31/2026 11:29,71.54,17.2246,,,,,
4705,7/31/2026 11:44,71.48,17.5249,,,,,
4706,7/31/2026 11:59,71.34,17.8059,,,,,
4707,7/31/2026 12:14,71.14,18.0852,,,,,
4708,7/31/2026 12:29,70.92,18.3401,,,,,
4709,7/31/2026 12:44,70.76,18.5539,,,,,
4710,7/31/2026 12:59,70.68,18.7346,,,,,
4711,7/31/2026 13:14,70.66,18.8783,,,,,
4712,7/31/2026 13:29,70.64,18.9779,,,,,
4713,7/31/2026 13:44,70.61,19.0151,,,,,
4714,7/31/2026 13:59,70.58,19.0327,,,,,
4715,7/31/2026 14:14,70.58,18.991,,,,,
4716,7/31/2026 14:29,70.63,18.9217,,,,,
4717,7/31/2026 14:44,70.63,18.8095,,,,,
4718,7/31/2026 14:59,70.87,18.6644,,,,,
4719,7/31/2026 15:14,71.18,18.4962,,,,,
4720,7/31/2026 15:29,71.14,18.3255,,,,,
4721,7/31/2026 15:44,71.11,18.165,,,,,
4722,7/31/2026 15:59,71.37,17.9983,,,,,
4723,7/31/2026 16:14,71.68,17.8236,,,,,
4724,7/31/2026 16:29,71.78,17.6505,,,,,
4725,7/31/2026 16:44,71.93,17.4782,,,,,
4726,7/31/2026 16:59,72.06,17.3028,,,,,
4727,7/31/2026 17:14,72.21,17.132,,,,,
4728,7/31/2026 17:29,72.39,16.9701,,,,,
4729,7/31/2026 17:44,72.55,16.8108,,,,,
4730,7/31/2026 17:59,72.65,16.6614,,,,,
4731,7/31/2026 18:14,72.73,16.5178,,,,,
4732,7/31/2026 18:29,72.79,16.3729,,,,,
4733,7/31/2026 18:44,72.84,16.248,,,,,
4734,7/31/2026 18:59,72.87,16.1276,,,,,
4735,7/31/2026 19:14,72.9,16.0122,,,,,
4736,7/31/2026 19:29,72.92,15.9087,,,,,
4737,7/31/2026 19:44,72.94,15.7971,,,,,
4738,7/31/2026 19:59,72.96,15.7017,,,,,
4739,7/31/2026 20:14,72.98,15.6139,,,,,
4740,7/31/2026 20:29,72.99,15.5392,,,,,
4741,7/31/2026 20:44,73,15.5143,,,,,
4742,7/31/2026 20:59,72.99,15.5722,,,,,
4743,7/31/2026 21:14,72.85,15.6772,,,,,
4744,7/31/2026 21:29,72.92,15.7933,,,,,
4745,7/31/2026 21:44,72.92,15.9567,,,,,
4746,7/31/2026 21:59,72.88,16.1407,,,,,
4747,7/31/2026 22:14,72.79,16.3554,,,,,
4748,7/31/2026 22:29,72.7,16.5878,,,,,
4749,7/31/2026 22:44,72.52,16.8308,,,,,
4750,7/31/2026 22:59,72.29,17.0983,,,,,
4751,7/31/2026 23:14,72.09,17.3825,,,,,
4752,7/31/2026 23:29,71.91,17.679,,,,,
4753,7/31/2026 23:44,71.86,17.9755,,,,,
4754,7/31/2026 23:59,71.87,18.2585,,,,,
4755,8/1/2026 0:14,71.83,18.5254,,,,,
4756,8/1/2026 0:29,71.74,18.7534,,,,,
4757,8/1/2026 0:44,71.56,18.9516,,,,,
4758,8/1/2026 0:59,71.38,19.1033,,,,,
4759,8/1/2026 1:14,71.22,19.2179,,,,,
4760,8/1/2026 1:29,71.1,19.2859,,,,,
4761,8/1/2026 1:44,71.04,19.3337,,,,,
4762,8/1/2026 1:59,70.97,19.3468,,,,,
4763,8/1/2026 2:14,70.91,19.3454,,,,,
4764,8/1/2026 2:29,70.86,19.3251,,,,,
4765,8/1/2026 2:44,70.83,19.2606,,,,,
4766,8/1/2026 2:59,70.86,19.1697,,,,,
4767,8/1/2026 3:14,70.8,19.0376,,,,,
4768,8/1/2026 3:29,70.87,18.8756,,,,,
4769,8/1/2026 3:44,70.94,18.6992,,,,,
4770,8/1/2026 3:59,71.08,18.5124,,,,,
4771,8/1/2026 4:14,71.15,18.3211,,,,,
4772,8/1/2026 4:29,71.28,18.1213,,,,,
4773,8/1/2026 4:44,71.42,17.9236,,,,,
4774,8/1/2026 4:59,71.53,17.7259,,,,,
4775,8/1/2026 5:14,71.61,17.5252,,,,,
4776,8/1/2026 5:29,71.66,17.3415,,,,,
4777,8/1/2026 5:44,71.71,17.1547,,,,,
4778,8/1/2026 5:59,71.75,16.9782,,,,,
4779,8/1/2026 6:14,71.8,16.8099,,,,,
4780,8/1/2026 6:29,71.85,16.6473,,,,,
4781,8/1/2026 6:44,71.91,16.4955,,,,,
4782,8/1/2026 6:59,71.99,16.3525,,,,,
4783,8/1/2026 7:14,72.06,16.2228,,,,,
4784,8/1/2026 7:29,72.15,16.0893,,,,,
4785,8/1/2026 7:44,72.24,15.9653,,,,,
4786,8/1/2026 7:59,72.34,15.8508,,,,,
4787,8/1/2026 8:14,72.45,15.7413,,,,,
4788,8/1/2026 8:29,72.58,15.6393,,,,,
4789,8/1/2026 8:44,72.73,15.5362,,,,,
4790,8/1/2026 8:59,72.93,15.4482,,,,,
4791,8/1/2026 9:14,73.17,15.3727,,,,,
4792,8/1/2026 9:29,73.39,15.3295,,,,,
4793,8/1/2026 9:44,73.7,15.398,,,,,
4794,8/1/2026 9:59,73.86,15.488,,,,,
4795,8/1/2026 10:14,73.82,15.605,,,,,
4796,8/1/2026 10:29,73.25,15.7578,,,,,
4797,8/1/2026 10:44,73.11,15.9608,,,,,
4798,8/1/2026 10:59,73.2,16.1682,,,,,
4799,8/1/2026 11:14,73.25,16.4151,,,,,
4800,8/1/2026 11:29,73.56,16.679,,,,,
4801,8/1/2026 11:44,73.86,16.9582,,,,,
4802,8/1/2026 11:59,73.72,17.2481,,,,,
4803,8/1/2026 12:14,73.74,17.5348,,,,,
4804,8/1/2026 12:29,73.75,17.8219,,,,,
4805,8/1/2026 12:44,73.6,18.0957,,,,,
4806,8/1/2026 12:59,73.4,18.3552,,,,,
4807,8/1/2026 13:14,73.3,18.5836,,,,,
4808,8/1/2026 13:29,73.31,18.7759,,,,,
4809,8/1/2026 13:44,73.32,18.9337,,,,,
4810,8/1/2026 13:59,73.3,19.0403,,,,,
4811,8/1/2026 14:14,73.26,19.1002,,,,,
4812,8/1/2026 14:29,73.18,19.1196,,,,,
4813,8/1/2026 14:44,73.11,19.0986,,,,,
4814,8/1/2026 14:59,73.14,19.038,,,,,
4815,8/1/2026 15:14,73.14,18.9446,,,,,
4816,8/1/2026 15:29,73.17,18.8097,,,,,
4817,8/1/2026 15:44,73.55,18.6523,,,,,
4818,8/1/2026 15:59,74.02,18.4813,,,,,
4819,8/1/2026 16:14,73.91,18.3072,,,,,
4820,8/1/2026 16:29,74.03,18.1319,,,,,
4821,8/1/2026 16:44,74.2,17.9606,,,,,
4822,8/1/2026 16:59,74.22,17.7714,,,,,
4823,8/1/2026 17:14,74.3,17.5976,,,,,
4824,8/1/2026 17:29,74.38,17.4214,,,,,
4825,8/1/2026 17:44,74.47,17.2491,,,,,
4826,8/1/2026 17:59,74.53,17.0768,,,,,
4827,8/1/2026 18:14,74.61,16.9066,,,,,
4828,8/1/2026 18:29,74.65,16.7508,,,,,
4829,8/1/2026 18:44,74.68,16.5969,,,,,
4830,8/1/2026 18:59,74.68,16.4531,,,,,
4831,8/1/2026 19:14,74.68,16.3168,,,,,
4832,8/1/2026 19:29,74.68,16.1869,,,,,
4833,8/1/2026 19:44,74.67,16.0632,,,,,
4834,8/1/2026 19:59,74.63,15.9452,,,,,
4835,8/1/2026 20:14,74.61,15.8328,,,,,
4836,8/1/2026 20:29,74.58,15.7274,,,,,
4837,8/1/2026 20:44,74.56,15.6339,,,,,
4838,8/1/2026 20:59,74.54,15.5497,,,,,
4839,8/1/2026 21:14,74.54,15.4818,,,,,
4840,8/1/2026 21:29,74.53,15.4494,,,,,
4841,8/1/2026 21:44,74.51,15.5204,,,,,
4842,8/1/2026 21:59,74.45,15.6231,,,,,
4843,8/1/2026 22:14,74.61,15.74,,,,,
4844,8/1/2026 22:29,74.61,15.8965,,,,,
4845,8/1/2026 22:44,74.65,16.0919,,,,,
4846,8/1/2026 22:59,74.68,16.3043,,,,,
4847,8/1/2026 23:14,74.67,16.535,,,,,
4848,8/1/2026 23:29,74.56,16.7862,,,,,
4849,8/1/2026 23:44,74.43,17.0572,,,,,
4850,8/1/2026 23:59,74.35,17.3341,,,,,
4851,8/2/2026 0:14,74.29,17.6365,,,,,
4852,8/2/2026 0:29,74.25,17.9292,,,,,
4853,8/2/2026 0:44,74.31,18.2212,,,,,
4854,8/2/2026 0:59,74.29,18.4775,,,,,
4855,8/2/2026 1:14,74.17,18.7161,,,,,
4856,8/2/2026 1:29,73.99,18.91,,,,,
4857,8/2/2026 1:44,73.8,19.0617,,,,,
4858,8/2/2026 1:59,73.66,19.1674,,,,,
4859,8/2/2026 2:14,73.5,19.2359,,,,,
4860,8/2/2026 2:29,73.42,19.2724,,,,,
4861,8/2/2026 2:44,73.31,19.2822,,,,,
4862,8/2/2026 2:59,73.26,19.2644,,,,,
4863,8/2/2026 3:14,73.21,19.2087,,,,,
4864,8/2/2026 3:29,73.21,19.1285,,,,,
4865,8/2/2026 3:44,73.16,18.9951,,,,,
4866,8/2/2026 3:59,73.27,18.8383,,,,,
4867,8/2/2026 4:14,73.41,18.6639,,,,,
4868,8/2/2026 4:29,73.62,18.476,,,,,
4869,8/2/2026 4:44,73.69,18.2878,,,,,
4870,8/2/2026 4:59,73.8,18.0942,,,,,
4871,8/2/2026 5:14,73.92,17.9021,,,,,
4872,8/2/2026 5:29,74.01,17.7144,,,,,
4873,8/2/2026 5:44,74.06,17.5267,,,,,
4874,8/2/2026 5:59,74.08,17.3454,,,,,
4875,8/2/2026 6:14,74.09,17.1667,,,,,
4876,8/2/2026 6:29,74.1,16.9888,,,,,
4877,8/2/2026 6:44,74.11,16.8241,,,,,
4878,8/2/2026 6:59,74.13,16.6633,,,,,
4879,8/2/2026 7:14,74.15,16.5113,,,,,
4880,8/2/2026 7:29,74.16,16.3688,,,,,
4881,8/2/2026 7:44,74.18,16.2364,,,,,
4882,8/2/2026 7:59,74.21,16.1072,,,,,
4883,8/2/2026 8:14,74.25,15.9831,,,,,
4884,8/2/2026 8:29,74.3,15.869,,,,,
4885,8/2/2026 8:44,74.32,15.7587,,,,,
4886,8/2/2026 8:59,74.35,15.6528,,,,,
4887,8/2/2026 9:14,74.43,15.5539,,,,,
4888,8/2/2026 9:29,74.47,15.468,,,,,
4889,8/2/2026 9:44,74.52,15.3834,,,,,
4890,8/2/2026 9:59,74.64,14.9258,,,,,
4891,8/2/2026 10:04,,,,,,Logged,Logged
4892,8/2/2026 10:04,,,,,,Logged,
4893,8/2/2026 10:04,,,Logged,,,,
4894,8/2/2026 10:14,77.24,14.7233,,,,,
4895,8/2/2026 10:29,80.42,14.7253,,,,,
4896,8/2/2026 10:44,77.19,15.5775,,,,,
4897,8/2/2026 10:59,75.16,15.7267,,,,,
4898,8/2/2026 11:14,75.02,15.9273,,,,,
4899,8/2/2026 11:29,75.06,16.1327,,,,,
4900,8/2/2026 11:44,75.14,16.3746,,,,,
4901,8/2/2026 11:59,75.34,16.639,,,,,
4902,8/2/2026 12:14,75.66,16.9013,,,,,
4903,8/2/2026 12:29,75.75,17.1923,,,,,
4904,8/2/2026 12:44,75.8,17.4816,,,,,
4905,8/2/2026 12:59,75.9,17.7739,,,,,
4906,8/2/2026 13:14,75.81,18.0592,,,,,
4907,8/2/2026 13:29,75.69,18.3271,,,,,
4908,8/2/2026 13:44,75.47,18.5679,,,,,
4909,8/2/2026 13:59,75.32,18.7775,,,,,
4910,8/2/2026 14:14,75.25,18.9433,,,,,
4911,8/2/2026 14:29,75.16,19.07,,,,,
4912,8/2/2026 14:44,75.03,19.1511,,,,,
4913,8/2/2026 14:59,74.93,19.1957,,,,,
4914,8/2/2026 15:14,74.85,19.1981,,,,,
4915,8/2/2026 15:29,74.78,19.1707,,,,,
4916,8/2/2026 15:44,74.77,19.1038,,,,,
4917,8/2/2026 15:59,74.81,18.9896,,,,,
4918,8/2/2026 16:14,74.88,18.8471,,,,,
4919,8/2/2026 16:29,75.41,18.6711,,,,,
4920,8/2/2026 16:44,75.51,18.5018,,,,,
4921,8/2/2026 16:59,75.66,18.3144,,,,,
4922,8/2/2026 17:14,75.68,18.1306,,,,,
4923,8/2/2026 17:29,75.78,17.9402,,,,,
4924,8/2/2026 17:44,75.86,17.7569,,,,,
4925,8/2/2026 17:59,75.94,17.5755,,,,,
4926,8/2/2026 18:14,76.05,17.3862,,,,,
4927,8/2/2026 18:29,76.14,17.2145,,,,,
4928,8/2/2026 18:44,76.21,17.0548,,,,,
4929,8/2/2026 18:59,76.23,16.8925,,,,,
4930,8/2/2026 19:14,76.23,16.736,,,,,
4931,8/2/2026 19:29,76.2,16.5789,,,,,
4932,8/2/2026 19:44,76.16,16.4393,,,,,
4933,8/2/2026 19:59,76.12,16.3061,,,,,
4934,8/2/2026 20:14,76.07,16.1704,,,,,
4935,8/2/2026 20:29,76.03,16.0535,,,,,
4936,8/2/2026 20:44,75.99,15.9324,,,,,
4937,8/2/2026 20:59,75.94,15.8262,,,,,
4938,8/2/2026 21:14,75.92,15.7226,,,,,
4939,8/2/2026 21:29,75.89,15.6278,,,,,
4940,8/2/2026 21:44,75.87,15.5399,,,,,
4941,8/2/2026 21:59,75.85,15.4707,,,,,
4942,8/2/2026 22:14,75.83,15.4632,,,,,
4943,8/2/2026 22:29,75.78,15.5516,,,,,
4944,8/2/2026 22:44,75.74,15.6487,,,,,
4945,8/2/2026 22:59,75.85,15.7749,,,,,
4946,8/2/2026 23:14,75.94,15.9422,,,,,
4947,8/2/2026 23:29,75.99,16.1434,,,,,
4948,8/2/2026 23:44,76.01,16.3583,,,,,
4949,8/2/2026 23:59,75.98,16.5865,,,,,
4950,8/3/2026 0:14,75.85,16.8447,,,,,
4951,8/3/2026 0:29,75.71,17.122,,,,,
4952,8/3/2026 0:44,75.61,17.4078,,,,,
4953,8/3/2026 0:59,75.48,17.6988,,,,,
4954,8/3/2026 1:14,75.43,17.9835,,,,,
4955,8/3/2026 1:29,75.42,18.2578,,,,,
4956,8/3/2026 1:44,75.34,18.5014,,,,,
4957,8/3/2026 1:59,75.19,18.7179,,,,,
4958,8/3/2026 2:14,74.97,18.8991,,,,,
4959,8/3/2026 2:29,74.78,19.0457,,,,,
4960,8/3/2026 2:44,74.62,19.1407,,,,,
4961,8/3/2026 2:59,74.51,19.1992,,,,,
4962,8/3/2026 3:14,74.42,19.223,,,,,
4963,8/3/2026 3:29,74.28,19.2093,,,,,
4964,8/3/2026 3:44,74.25,19.1809,,,,,
4965,8/3/2026 3:59,74.25,19.1126,,,,,
4966,8/3/2026 4:14,74.23,19.0305,,,,,
4967,8/3/2026 4:29,74.25,18.8873,,,,,
4968,8/3/2026 4:44,74.42,18.7293,,,,,
4969,8/3/2026 4:59,74.59,18.5576,,,,,
4970,8/3/2026 5:14,74.81,18.3754,,,,,
4971,8/3/2026 5:29,74.89,18.1791,,,,,
4972,8/3/2026 5:44,75.01,17.9812,,,,,
4973,8/3/2026 5:59,75.14,17.7955,,,,,
4974,8/3/2026 6:14,75.25,17.5991,,,,,
4975,8/3/2026 6:29,75.33,17.4159,,,,,
4976,8/3/2026 6:44,75.39,17.2366,,,,,
4977,8/3/2026 6:59,75.43,17.0681,,,,,
4978,8/3/2026 7:14,75.48,16.9009,,,,,
4979,8/3/2026 7:29,75.53,16.737,,,,,
4980,8/3/2026 7:44,75.57,16.5775,,,,,
4981,8/3/2026 7:59,75.6,16.4294,,,,,
4982,8/3/2026 8:14,75.65,16.2894,,,,,
4983,8/3/2026 8:29,75.71,16.1546,,,,,
4984,8/3/2026 8:44,75.73,16.0267,,,,,
4985,8/3/2026 8:59,75.71,15.9043,,,,,
4986,8/3/2026 9:14,75.7,15.7902,,,,,
4987,8/3/2026 9:29,75.68,15.681,,,,,
4988,8/3/2026 9:44,75.65,15.5962,,,,,
4989,8/3/2026 9:59,75.63,15.517,,,,,
4990,8/3/2026 10:14,75.6,15.4547,,,,,
4991,8/3/2026 10:29,75.6,15.3967,,,,,
4992,8/3/2026 10:44,75.68,15.4025,,,,,
4993,8/3/2026 10:59,75.73,15.5191,,,,,
4994,8/3/2026 11:14,75.72,15.6306,,,,,
4995,8/3/2026 11:29,75.73,15.7653,,,,,
4996,8/3/2026 11:44,75.71,15.9424,,,,,
4997,8/3/2026 11:59,75.69,16.1596,,,,,
4998,8/3/2026 12:14,75.7,16.3939,,,,,
4999,8/3/2026 12:29,75.66,16.6377,,,,,
5000,8/3/2026 12:44,75.58,16.9036,,,,,
5001,8/3/2026 12:59,75.52,17.1818,,,,,
5002,8/3/2026 13:14,75.44,17.479,,,,,
5003,8/3/2026 13:29,75.33,17.7582,,,,,
5004,8/3/2026 13:44,75.25,18.0541,,,,,
5005,8/3/2026 13:59,75.18,18.3202,,,,,
5006,8/3/2026 14:14,75.06,18.5663,,,,,
5007,8/3/2026 14:29,74.93,18.7696,,,,,
5008,8/3/2026 14:44,74.83,18.9372,,,,,
5009,8/3/2026 14:59,74.69,19.0714,,,,,
5010,8/3/2026 15:14,74.57,19.1349,,,,,
5011,8/3/2026 15:29,74.45,19.1611,,,,,
5012,8/3/2026 15:44,74.39,19.2027,,,,,
5013,8/3/2026 15:59,74.36,19.1937,,,,,
5014,8/3/2026 16:14,74.34,19.1533,,,,,
5015,8/3/2026 16:29,74.35,19.1066,,,,,
5016,8/3/2026 16:44,74.35,19.0074,,,,,
5017,8/3/2026 16:59,74.48,18.8556,,,,,
5018,8/3/2026 17:14,74.81,18.6905,,,,,
5019,8/3/2026 17:29,74.96,18.5175,,,,,
5020,8/3/2026 17:44,75.06,18.3256,,,,,
5021,8/3/2026 17:59,75.07,18.1399,,,,,
5022,8/3/2026 18:14,75.21,17.9427,,,,,
5023,8/3/2026 18:29,75.31,17.7588,,,,,
5024,8/3/2026 18:44,75.42,17.5662,,,,,
5025,8/3/2026 18:59,75.54,17.3838,,,,,
5026,8/3/2026 19:14,75.63,17.1977,,,,,
5027,8/3/2026 19:29,75.7,17.0242,,,,,
5028,8/3/2026 19:44,75.76,16.8502,,,,,
5029,8/3/2026 19:59,75.79,16.6887,,,,,
5030,8/3/2026 20:14,75.82,16.5386,,,,,
5031,8/3/2026 20:29,75.84,16.3917,,,,,
5032,8/3/2026 20:44,75.85,16.2611,,,,,
5033,8/3/2026 20:59,75.86,16.1325,,,,,
5034,8/3/2026 21:14,75.86,16.012,,,,,
5035,8/3/2026 21:29,75.84,15.8984,,,,,
5036,8/3/2026 21:44,75.81,15.7879,,,,,
5037,8/3/2026 21:59,75.77,15.6905,,,,,
5038,8/3/2026 22:14,75.74,15.5914,,,,,
5039,8/3/2026 22:29,75.72,15.5004,,,,,
5040,8/3/2026 22:44,75.67,15.4218,,,,,
5041,8/3/2026 22:59,75.64,15.3738,,,,,
5042,8/3/2026 23:14,75.6,15.4335,,,,,
5043,8/3/2026 23:29,75.4,15.529,,,,,
5044,8/3/2026 23:44,75.4,15.6449,,,,,
5045,8/3/2026 23:59,75.56,15.7974,,,,,
5046,8/4/2026 0:14,75.49,15.9856,,,,,
5047,8/4/2026 0:29,75.42,16.2065,,,,,
5048,8/4/2026 0:44,75.36,16.4389,,,,,
5049,8/4/2026 0:59,75.15,16.6949,,,,,
5050,8/4/2026 1:14,74.88,16.9623,,,,,
5051,8/4/2026 1:29,74.66,17.2407,,,,,
5052,8/4/2026 1:44,74.45,17.5207,,,,,
5053,8/4/2026 1:59,74.25,17.8022,,,,,
5054,8/4/2026 2:14,74.22,18.0713,,,,,
5055,8/4/2026 2:29,74.17,18.3223,,,,,
5056,8/4/2026 2:44,74.08,18.5444,,,,,
5057,8/4/2026 2:59,73.9,18.7451,,,,,
5058,8/4/2026 3:14,73.7,18.8935,,,,,
5059,8/4/2026 3:29,73.53,19.0042,,,,,
5060,8/4/2026 3:44,73.41,19.0709,,,,,
5061,8/4/2026 3:59,73.31,19.0959,,,,,
5062,8/4/2026 4:14,73.27,19.0857,,,,,
5063,8/4/2026 4:29,73.26,19.02,,,,,
5064,8/4/2026 4:44,73.27,18.9241,,,,,
5065,8/4/2026 4:59,73.24,18.7884,,,,,
5066,8/4/2026 5:14,73.34,18.6265,,,,,
5067,8/4/2026 5:29,73.46,18.4605,,,,,
5068,8/4/2026 5:44,73.59,18.2983,,,,,
5069,8/4/2026 5:59,73.69,18.1261,,,,,
5070,8/4/2026 6:14,73.75,17.9595,,,,,
5071,8/4/2026 6:29,73.86,17.7857,,,,,
5072,8/4/2026 6:44,73.93,17.6169,,,,,
5073,8/4/2026 6:59,73.98,17.4412,,,,,
5074,8/4/2026 7:14,74.04,17.2676,,,,,
5075,8/4/2026 7:29,74.11,17.1009,,,,,
5076,8/4/2026 7:44,74.2,16.9408,,,,,
5077,8/4/2026 7:59,74.32,16.7801,,,,,
5078,8/4/2026 8:14,74.44,16.6289,,,,,
5079,8/4/2026 8:29,74.56,16.4884,,,,,
5080,8/4/2026 8:44,74.69,16.3518,,,,,
5081,8/4/2026 8:59,74.8,16.2227,,,,,
5082,8/4/2026 9:14,74.95,16.0987,,,,,
5083,8/4/2026 9:29,75.09,15.9748,,,,,
5084,8/4/2026 9:44,75.23,15.8665,,,,,
5085,8/4/2026 9:59,75.38,15.7583,,,,,
5086,8/4/2026 10:14,75.53,15.6558,,,,,
5087,8/4/2026 10:29,75.71,15.5658,,,,,
5088,8/4/2026 10:44,75.87,15.477,,,,,
5089,8/4/2026 10:59,76.05,15.402,,,,,
5090,8/4/2026 11:14,76.23,15.3407,,,,,
5091,8/4/2026 11:29,76.52,15.3488,,,,,
5092,8/4/2026 11:44,76.99,15.4419,,,,,
5093,8/4/2026 11:59,77.3,15.5422,,,,,
5094,8/4/2026 12:14,76.78,15.6695,,,,,
5095,8/4/2026 12:29,76.31,15.8457,,,,,
5096,8/4/2026 12:44,76.23,16.0464,,,,,
5097,8/4/2026 12:59,76.3,16.2814,,,,,
5098,8/4/2026 13:14,76.46,16.5363,,,,,
5099,8/4/2026 13:29,76.89,16.805,,,,,
5100,8/4/2026 13:44,76.97,17.0896,,,,,
5101,8/4/2026 13:59,76.76,17.3972,,,,,
5102,8/4/2026 14:14,76.84,17.7076,,,,,
5103,8/4/2026 14:29,76.53,18.0093,,,,,
5104,8/4/2026 14:44,76.15,18.2866,,,,,
5105,8/4/2026 14:59,75.96,18.5444,,,,,
5106,8/4/2026 15:14,75.82,18.7686,,,,,
5107,8/4/2026 15:29,75.79,18.9566,,,,,
5108,8/4/2026 15:44,75.74,19.0979,,,,,
5109,8/4/2026 15:59,75.68,19.1913,,,,,
5110,8/4/2026 16:14,75.6,19.2359,,,,,
5111,8/4/2026 16:29,75.45,19.2438,,,,,
5112,8/4/2026 16:44,75.34,19.2113,,,,,
5113,8/4/2026 16:59,75.31,19.1543,,,,,
5114,8/4/2026 17:14,75.36,19.0477,,,,,
5115,8/4/2026 17:29,75.47,18.9186,,,,,
5116,8/4/2026 17:44,75.93,18.7531,,,,,
5117,8/4/2026 17:59,76.15,18.5802,,,,,
5118,8/4/2026 18:14,76.22,18.407,,,,,
5119,8/4/2026 18:29,76.29,18.2258,,,,,
5120,8/4/2026 18:44,76.33,18.0484,,,,,
5121,8/4/2026 18:59,76.4,17.8712,,,,,
5122,8/4/2026 19:14,76.47,17.6929,,,,,
5123,8/4/2026 19:29,76.57,17.5122,,,,,
5124,8/4/2026 19:44,76.7,17.3374,,,,,
5125,8/4/2026 19:59,76.81,17.1626,,,,,
5126,8/4/2026 20:14,76.92,16.9987,,,,,
5127,8/4/2026 20:29,77,16.8391,,,,,
5128,8/4/2026 20:44,77.04,16.6845,,,,,
5129,8/4/2026 20:59,77.06,16.5375,,,,,
5130,8/4/2026 21:14,77.05,16.398,,,,,
5131,8/4/2026 21:29,77.01,16.2667,,,,,
5132,8/4/2026 21:44,76.97,16.1448,,,,,
5133,8/4/2026 21:59,76.92,16.0192,,,,,
5134,8/4/2026 22:14,76.86,15.9042,,,,,
5135,8/4/2026 22:29,76.79,15.7937,,,,,
5136,8/4/2026 22:44,76.74,15.6869,,,,,
5137,8/4/2026 22:59,76.7,15.5921,,,,,
5138,8/4/2026 23:14,76.62,15.5041,,,,,
5139,8/4/2026 23:29,76.57,15.4242,,,,,
5140,8/4/2026 23:44,76.52,15.3662,,,,,
5141,8/4/2026 23:59,76.47,15.3561,,,,,
5142,8/5/2026 0:14,76.32,15.4436,,,,,
5143,8/5/2026 0:29,76.29,15.5383,,,,,
5144,8/5/2026 0:44,76.34,15.6555,,,,,
5145,8/5/2026 0:59,76.51,15.8155,,,,,
5146,8/5/2026 1:14,76.54,16.0072,,,,,
5147,8/5/2026 1:29,76.54,16.2232,,,,,
5148,8/5/2026 1:44,76.48,16.4581,,,,,
5149,8/5/2026 1:59,76.25,16.7135,,,,,
5150,8/5/2026 2:14,76.01,16.981,,,,,
5151,8/5/2026 2:29,75.85,17.2565,,,,,
5152,8/5/2026 2:44,75.62,17.5396,,,,,
5153,8/5/2026 2:59,75.43,17.8181,,,,,
5154,8/5/2026 3:14,75.4,18.0765,,,,,
5155,8/5/2026 3:29,75.3,18.3186,,,,,
5156,8/5/2026 3:44,75.1,18.5317,,,,,
5157,8/5/2026 3:59,74.85,18.6994,,,,,
5158,8/5/2026 4:14,74.55,18.8381,,,,,
5159,8/5/2026 4:29,74.33,18.9297,,,,,
5160,8/5/2026 4:44,74.19,18.9824,,,,,
5161,8/5/2026 4:59,74.1,18.9765,,,,,
5162,8/5/2026 5:14,74.07,18.9203,,,,,
5163,8/5/2026 5:29,74.09,18.8225,,,,,
5164,8/5/2026 5:44,74.09,18.6926,,,,,
5165,8/5/2026 5:59,74.31,18.5374,,,,,
5166,8/5/2026 6:14,74.52,18.3791,,,,,
5167,8/5/2026 6:29,74.6,18.2225,,,,,
5168,8/5/2026 6:44,74.76,18.0656,,,,,
5169,8/5/2026 6:59,74.87,17.9074,,,,,
5170,8/5/2026 7:14,75.01,17.7499,,,,,
5171,8/5/2026 7:29,75.16,17.5869,,,,,
5172,8/5/2026 7:44,75.25,17.422,,,,,
5173,8/5/2026 7:59,75.32,17.2578,,,,,
5174,8/5/2026 8:14,75.42,17.0963,,,,,
5175,8/5/2026 8:29,75.52,16.9386,,,,,
5176,8/5/2026 8:44,75.65,16.8005,,,,,
5177,8/5/2026 8:59,75.75,16.6373,,,,,
5178,8/5/2026 9:14,75.86,16.5018,,,,,
5179,8/5/2026 9:29,75.98,16.3651,,,,,
5180,8/5/2026 9:44,76.13,16.2392,,,,,
5181,8/5/2026 9:59,76.31,16.1197,,,,,
5182,8/5/2026 10:14,76.52,16.0046,,,,,
5183,8/5/2026 10:29,76.67,15.8945,,,,,
5184,8/5/2026 10:44,76.76,15.7886,,,,,
5185,8/5/2026 10:59,76.8,15.6883,,,,,
5186,8/5/2026 11:14,76.84,15.5967,,,,,
5187,8/5/2026 11:29,76.94,15.5134,,,,,
5188,8/5/2026 11:44,77.23,15.4418,,,,,
5189,8/5/2026 11:59,77.31,15.4039,,,,,
5190,8/5/2026 12:14,77.8,15.4709,,,,,
5191,8/5/2026 12:29,78.36,15.5562,,,,,
5192,8/5/2026 12:44,78.19,15.66,,,,,
5193,8/5/2026 12:59,77.61,15.8078,,,,,
5194,8/5/2026 13:14,77.33,15.9907,,,,,
5195,8/5/2026 13:29,77.45,16.1914,,,,,
5196,8/5/2026 13:44,77.52,16.4241,,,,,
5197,8/5/2026 13:59,77.73,16.6735,,,,,
5198,8/5/2026 14:14,78.05,16.9354,,,,,
5199,8/5/2026 14:29,78.06,17.21,,,,,
5200,8/5/2026 14:44,77.95,17.4959,,,,,
5201,8/5/2026 14:59,77.94,17.7861,,,,,
5202,8/5/2026 15:14,77.61,18.0703,,,,,
5203,8/5/2026 15:29,77.26,18.3358,,,,,
5204,8/5/2026 15:44,76.98,18.5853,,,,,
5205,8/5/2026 15:59,76.8,18.8012,,,,,
5206,8/5/2026 16:14,76.68,18.977,,,,,
5207,8/5/2026 16:29,76.55,19.1176,,,,,
5208,8/5/2026 16:44,76.42,19.2095,,,,,
5209,8/5/2026 16:59,76.24,19.2583,,,,,
5210,8/5/2026 17:14,76.07,19.2687,,,,,
5211,8/5/2026 17:29,75.95,19.2532,,,,,
5212,8/5/2026 17:44,75.92,19.2089,,,,,
5213,8/5/2026 17:59,75.92,19.1261,,,,,
5214,8/5/2026 18:14,76.03,19.0001,,,,,
5215,8/5/2026 18:29,76.37,18.8481,,,,,
5216,8/5/2026 18:44,76.66,18.6741,,,,,
5217,8/5/2026 18:59,76.84,18.4961,,,,,
5218,8/5/2026 19:14,76.98,18.3225,,,,,
5219,8/5/2026 19:29,77.03,18.1426,,,,,
5220,8/5/2026 19:44,77.15,17.9578,,,,,
5221,8/5/2026 19:59,77.24,17.7795,,,,,
5222,8/5/2026 20:14,77.38,17.6001,,,,,
5223,8/5/2026 20:29,77.51,17.4196,,,,,
5224,8/5/2026 20:44,77.66,17.2429,,,,,
5225,8/5/2026 20:59,77.77,17.0714,,,,,
5226,8/5/2026 21:14,77.86,16.9086,,,,,
5227,8/5/2026 21:29,77.9,16.754,,,,,
5228,8/5/2026 21:44,77.91,16.6044,,,,,
5229,8/5/2026 21:59,77.89,16.4611,,,,,
5230,8/5/2026 22:14,77.86,16.3241,,,,,
5231,8/5/2026 22:29,77.81,16.1972,,,,,
5232,8/5/2026 22:44,77.75,16.0759,,,,,
5233,8/5/2026 22:59,77.68,15.9583,,,,,
5234,8/5/2026 23:14,77.61,15.8502,,,,,
5235,8/5/2026 23:29,77.53,15.744,,,,,
5236,8/5/2026 23:44,77.46,15.6435,,,,,
5237,8/5/2026 23:59,77.4,15.5505,,,,,
5238,8/6/2026 0:14,77.35,15.4675,,,,,
5239,8/6/2026 0:29,77.3,15.3983,,,,,
5240,8/6/2026 0:44,77.25,15.3596,,,,,
5241,8/6/2026 0:59,77.19,15.4261,,,,,
5242,8/6/2026 1:14,77.09,15.5087,,,,,
5243,8/6/2026 1:29,77.1,15.6141,,,,,
5244,8/6/2026 1:44,77.31,15.7573,,,,,
5245,8/6/2026 1:59,77.38,15.9303,,,,,
5246,8/6/2026 2:14,77.39,16.1245,,,,,
5247,8/6/2026 2:29,77.4,16.3419,,,,,
5248,8/6/2026 2:44,77.3,16.5806,,,,,
5249,8/6/2026 2:59,77.13,16.8281,,,,,
5250,8/6/2026 3:14,76.98,17.0872,,,,,
5251,8/6/2026 3:29,76.82,17.3546,,,,,
5252,8/6/2026 3:44,76.6,17.631,,,,,
5253,8/6/2026 3:59,76.48,17.8922,,,,,
5254,8/6/2026 4:14,76.4,18.1411,,,,,
5255,8/6/2026 4:29,76.24,18.3655,,,,,
5256,8/6/2026 4:44,76.04,18.5654,,,,,
5257,8/6/2026 4:59,75.73,18.7204,,,,,
5258,8/6/2026 5:14,75.43,18.8415,,,,,
5259,8/6/2026 5:29,75.2,18.916,,,,,
5260,8/6/2026 5:44,75.05,18.9359,,,,,
5261,8/6/2026 5:59,74.98,18.8947,,,,,
5262,8/6/2026 6:14,75.01,18.8014,,,,,
5263,8/6/2026 6:29,75.02,18.6784,,,,,
5264,8/6/2026 6:44,75.33,18.5316,,,,,
5265,8/6/2026 6:59,75.6,18.3879,,,,,
5266,8/6/2026 7:14,75.64,18.2438,,,,,
5267,8/6/2026 7:29,75.79,18.0981,,,,,
5268,8/6/2026 7:44,75.98,17.9501,,,,,
5269,8/6/2026 7:59,76.15,17.8009,,,,,
5270,8/6/2026 8:14,76.33,17.6392,,,,,
5271,8/6/2026 8:29,76.47,17.4838,,,,,
5272,8/6/2026 8:44,76.6,17.324,,,,,
5273,8/6/2026 8:59,76.73,17.1694,,,,,
5274,8/6/2026 9:14,76.89,17.0161,,,,,
5275,8/6/2026 9:29,77.01,16.866,,,,,
5276,8/6/2026 9:44,77.14,16.7242,,,,,
5277,8/6/2026 9:59,77.25,16.5874,,,,,
5278,8/6/2026 10:14,77.36,16.4456,,,,,
5279,8/6/2026 10:29,77.46,16.3195,,,,,
5280,8/6/2026 10:44,77.6,16.1949,,,,,
5281,8/6/2026 10:59,77.84,16.0767,,,,,
5282,8/6/2026 11:14,78.1,15.9649,,,,,
5283,8/6/2026 11:29,78.33,15.8586,,,,,
5284,8/6/2026 11:44,78.63,15.7563,,,,,
5285,8/6/2026 11:59,78.93,15.6659,,,,,
5286,8/6/2026 12:14,79.05,15.5795,,,,,
5287,8/6/2026 12:29,79.18,15.5093,,,,,
5288,8/6/2026 12:44,79.28,15.4846,,,,,
5289,8/6/2026 12:59,79.6,15.5526,,,,,
5290,8/6/2026 13:14,80.02,15.6439,,,,,
5291,8/6/2026 13:29,79.74,15.753,,,,,
5292,8/6/2026 13:44,78.88,15.8997,,,,,
5293,8/6/2026 13:59,78.7,16.0816,,,,,
5294,8/6/2026 14:14,78.86,16.2863,,,,,
5295,8/6/2026 14:29,78.94,16.4972,,,,,
5296,8/6/2026 14:44,79.14,16.7442,,,,,
5297,8/6/2026 14:59,79.55,16.997,,,,,
5298,8/6/2026 15:14,79.65,17.2732,,,,,
5299,8/6/2026 15:29,79.68,17.5614,,,,,
5300,8/6/2026 15:44,79.67,17.8493,,,,,
5301,8/6/2026 15:59,79.34,18.1449,,,,,
5302,8/6/2026 16:14,78.91,18.4103,,,,,
5303,8/6/2026 16:29,78.58,18.6554,,,,,
5304,8/6/2026 16:44,78.35,18.87,,,,,
5305,8/6/2026 16:59,78.18,19.0394,,,,,
5306,8/6/2026 17:14,77.99,19.178,,,,,
5307,8/6/2026 17:29,77.77,19.2684,,,,,
5308,8/6/2026 17:44,77.54,19.3304,,,,,
5309,8/6/2026 17:59,77.31,19.3684,,,,,
5310,8/6/2026 18:14,77.05,19.3748,,,,,
5311,8/6/2026 18:29,76.94,19.3726,,,,,
5312,8/6/2026 18:44,76.9,19.3276,,,,,
5313,8/6/2026 18:59,76.91,19.2467,,,,,
5314,8/6/2026 19:14,76.91,19.1146,,,,,
5315,8/6/2026 19:29,77.12,18.9617,,,,,
5316,8/6/2026 19:44,77.58,18.7785,,,,,
5317,8/6/2026 19:59,78,18.5972,,,,,
5318,8/6/2026 20:14,78.16,18.411,,,,,
5319,8/6/2026 20:29,78.28,18.2236,,,,,
5320,8/6/2026 20:44,78.44,18.0383,,,,,
5321,8/6/2026 20:59,78.64,17.8475,,,,,
5322,8/6/2026 21:14,78.85,17.6619,,,,,
5323,8/6/2026 21:29,79.05,17.4746,,,,,
5324,8/6/2026 21:44,79.22,17.296,,,,,
5325,8/6/2026 21:59,79.32,17.1169,,,,,
5326,8/6/2026 22:14,79.38,16.9546,,,,,
5327,8/6/2026 22:29,79.39,16.788,,,,,
5328,8/6/2026 22:44,79.38,16.6296,,,,,
5329,8/6/2026 22:59,79.35,16.4868,,,,,
5330,8/6/2026 23:14,79.3,16.351,,,,,
5331,8/6/2026 23:29,79.24,16.2171,,,,,
5332,8/6/2026 23:44,79.16,16.0951,,,,,
5333,8/6/2026 23:59,79.08,15.9732,,,,,
5334,8/7/2026 0:14,79.02,15.8638,,,,,
5335,8/7/2026 0:29,78.95,15.7595,,,,,
5336,8/7/2026 0:44,78.88,15.6602,,,,,
5337,8/7/2026 0:59,78.83,15.5672,,,,,
5338,8/7/2026 1:14,78.78,15.4823,,,,,
5339,8/7/2026 1:29,78.73,15.4105,,,,,
5340,8/7/2026 1:44,78.68,15.3681,,,,,
5341,8/7/2026 1:59,78.65,15.4303,,,,,
5342,8/7/2026 2:14,78.59,15.5193,,,,,
5343,8/7/2026 2:29,78.6,15.6259,,,,,
5344,8/7/2026 2:44,78.76,15.7703,,,,,
5345,8/7/2026 2:59,78.87,15.9502,,,,,
5346,8/7/2026 3:14,78.93,16.1452,,,,,
5347,8/7/2026 3:29,78.97,16.359,,,,,
5348,8/7/2026 3:44,78.94,16.5911,,,,,
5349,8/7/2026 3:59,78.86,16.8369,,,,,
5350,8/7/2026 4:14,78.78,17.0924,,,,,
5351,8/7/2026 4:29,78.69,17.3482,,,,,
5352,8/7/2026 4:44,78.51,17.6153,,,,,
5353,8/7/2026 4:59,78.4,17.8721,,,,,
5354,8/7/2026 5:14,78.3,18.1172,,,,,
5355,8/7/2026 5:29,78.11,18.3397,,,,,
5356,8/7/2026 5:44,77.86,18.5319,,,,,
5357,8/7/2026 5:59,77.53,18.6818,,,,,
5358,8/7/2026 6:14,77.24,18.7808,,,,,
5359,8/7/2026 6:29,77,18.8459,,,,,
5360,8/7/2026 6:44,76.83,18.8619,,,,,
5361,8/7/2026 6:59,76.79,18.817,,,,,
5362,8/7/2026 7:14,76.87,18.7263,,,,,
5363,8/7/2026 7:29,76.94,18.6073,,,,,
5364,8/7/2026 7:44,77.3,18.4631,,,,,
5365,8/7/2026 7:59,77.63,18.3108,,,,,
5366,8/7/2026 8:14,77.63,18.1742,,,,,
5367,8/7/2026 8:29,77.78,18.0342,,,,,
5368,8/7/2026 8:44,78.01,17.8944,,,,,
5369,8/7/2026 8:59,78.23,17.7535,,,,,
5370,8/7/2026 9:14,78.42,17.6,,,,,
5371,8/7/2026 9:29,78.59,17.4465,,,,,
5372,8/7/2026 9:44,78.74,17.2931,,,,,
5373,8/7/2026 9:59,78.9,17.1354,,,,,
5374,8/7/2026 10:14,79.08,16.9828,,,,,
5375,8/7/2026 10:29,79.28,16.8329,,,,,
5376,8/7/2026 10:44,79.45,16.6911,,,,,
5377,8/7/2026 10:59,79.63,16.5513,,,,,
5378,8/7/2026 11:14,79.77,16.4171,,,,,
5379,8/7/2026 11:29,79.93,16.2911,,,,,
5380,8/7/2026 11:44,80.12,16.1684,,,,,
5381,8/7/2026 11:59,80.27,16.0525,,,,,
5382,8/7/2026 12:14,80.35,15.9409,,,,,
5383,8/7/2026 12:29,80.57,15.8397,,,,,
5384,8/7/2026 12:44,80.78,15.7409,,,,,
5385,8/7/2026 12:59,80.93,15.6489,,,,,
5386,8/7/2026 13:14,81.16,15.5727,,,,,
5387,8/7/2026 13:29,81.34,15.5132,,,,,
5388,8/7/2026 13:44,81.55,15.5168,,,,,
5389,8/7/2026 13:59,81.91,15.6049,,,,,
5390,8/7/2026 14:14,82.23,15.7035,,,,,
5391,8/7/2026 14:29,81.75,15.8241,,,,,
5392,8/7/2026 14:44,81.16,15.9976,,,,,
5393,8/7/2026 14:59,81.05,16.1848,,,,,
5394,8/7/2026 15:14,81.19,16.3946,,,,,
5395,8/7/2026 15:29,81.37,16.6196,,,,,
5396,8/7/2026 15:44,81.84,16.8675,,,,,
5397,8/7/2026 15:59,82.22,17.1355,,,,,
5398,8/7/2026 16:14,82.31,17.4024,,,,,
5399,8/7/2026 16:29,82.42,17.688,,,,,
5400,8/7/2026 16:44,82.25,17.9656,,,,,
5401,8/7/2026 16:59,81.93,18.2406,,,,,
5402,8/7/2026 17:14,81.53,18.5106,,,,,
5403,8/7/2026 17:29,81.33,18.7416,,,,,
5404,8/7/2026 17:44,81.11,18.9488,,,,,
5405,8/7/2026 17:59,80.9,19.1157,,,,,
5406,8/7/2026 18:14,80.66,19.2346,,,,,
5407,8/7/2026 18:29,80.39,19.3104,,,,,
5408,8/7/2026 18:44,80.06,19.357,,,,,
5409,8/7/2026 18:59,79.78,19.3885,,,,,
5410,8/7/2026 19:14,79.62,19.4084,,,,,
5411,8/7/2026 19:29,79.42,19.3889,,,,,
5412,8/7/2026 19:44,79.32,19.3513,,,,,
5413,8/7/2026 19:59,79.28,19.2741,,,,,
5414,8/7/2026 20:14,79.39,19.1612,,,,,
5415,8/7/2026 20:29,79.51,19.0061,,,,,
5416,8/7/2026 20:44,79.84,18.8339,,,,,
5417,8/7/2026 20:59,80.38,18.6547,,,,,
5418,8/7/2026 21:14,80.63,18.475,,,,,
5419,8/7/2026 21:29,80.78,18.2831,,,,,
5420,8/7/2026 21:44,80.96,18.0902,,,,,
5421,8/7/2026 21:59,81.15,17.8918,,,,,
5422,8/7/2026 22:14,81.31,17.7029,,,,,
5423,8/7/2026 22:29,81.47,17.5066,,,,,
5424,8/7/2026 22:44,81.6,17.3229,,,,,
5425,8/7/2026 22:59,81.67,17.143,,,,,
5426,8/7/2026 23:14,81.69,16.9637,,,,,
5427,8/7/2026 23:29,81.66,16.7963,,,,,
5428,8/7/2026 23:44,81.6,16.6414,,,,,
5429,8/7/2026 23:59,81.52,16.4866,,,,,
5430,8/8/2026 0:14,81.4,16.3438,,,,,
5431,8/8/2026 0:29,81.29,16.2135,,,,,
5432,8/8/2026 0:44,81.17,16.0901,,,,,
5433,8/8/2026 0:59,81.04,15.9668,,,,,
5434,8/8/2026 1:14,80.93,15.8486,,,,,
5435,8/8/2026 1:29,80.83,15.7385,,,,,
5436,8/8/2026 1:44,80.74,15.6342,,,,,
5437,8/8/2026 1:59,80.67,15.5392,,,,,
5438,8/8/2026 2:14,80.59,15.4605,,,,,
5439,8/8/2026 2:29,80.47,15.3755,,,,,
5440,8/8/2026 2:44,80.36,15.3218,,,,,
5441,8/8/2026 2:59,80.31,15.2961,,,,,
5442,8/8/2026 3:14,80.17,15.3961,,,,,
5443,8/8/2026 3:29,80.19,15.4834,,,,,
5444,8/8/2026 3:44,80.3,15.6083,,,,,
5445,8/8/2026 3:59,80.55,15.7797,,,,,
5446,8/8/2026 4:14,80.63,15.964,,,,,
5447,8/8/2026 4:29,80.73,16.1735,,,,,
5448,8/8/2026 4:44,80.77,16.4018,,,,,
5449,8/8/2026 4:59,80.66,16.6537,,,,,
5450,8/8/2026 5:14,80.54,16.9109,,,,,
5451,8/8/2026 5:29,80.58,17.1875,,,,,
5452,8/8/2026 5:44,80.47,17.4615,,,,,
5453,8/8/2026 5:59,80.35,17.7258,,,,,
5454,8/8/2026 6:14,80.34,17.9773,,,,,
5455,8/8/2026 6:29,80.26,18.2107,,,,,
5456,8/8/2026 6:44,80.07,18.415,,,,,
5457,8/8/2026 6:59,79.8,18.5858,,,,,
5458,8/8/2026 7:14,79.48,18.7181,,,,,
5459,8/8/2026 7:29,79.23,18.7939,,,,,
5460,8/8/2026 7:44,79.04,18.8199,,,,,
5461,8/8/2026 7:59,78.96,18.8071,,,,,
5462,8/8/2026 8:14,78.96,18.7314,,,,,
5463,8/8/2026 8:29,78.99,18.6337,,,,,
5464,8/8/2026 8:44,79.27,18.4994,,,,,
5465,8/8/2026 8:59,79.64,18.3597,,,,,
5466,8/8/2026 9:14,79.73,18.2037,,,,,
5467,8/8/2026 9:29,79.79,18.0572,,,,,
5468,8/8/2026 9:44,80.01,17.9187,,,,,
5469,8/8/2026 9:59,80.23,17.7638,,,,,
5470,8/8/2026 10:14,80.52,17.6237,,,,,
5471,8/8/2026 10:29,80.65,17.4689,,,,,
5472,8/8/2026 10:44,80.8,17.3179,,,,,
5473,8/8/2026 10:59,80.92,17.1563,,,,,
5474,8/8/2026 11:14,81.08,17.0011,,,,,
5475,8/8/2026 11:29,81.23,16.8517,,,,,
5476,8/8/2026 11:44,81.38,16.7067,,,,,
5477,8/8/2026 11:59,81.52,16.5692,,,,,
5478,8/8/2026 12:14,81.69,16.4345,,,,,
5479,8/8/2026 12:29,81.88,16.3073,,,,,
5480,8/8/2026 12:44,82.1,16.1865,,,,,
5481,8/8/2026 12:59,82.18,16.0679,,,,,
5482,8/8/2026 13:14,82.13,15.9517,,,,,
5483,8/8/2026 13:29,82.1,15.848,,,,,
5484,8/8/2026 13:44,82.07,15.7487,,,,,
5485,8/8/2026 13:59,82.2,15.6566,,,,,
5486,8/8/2026 14:14,82.3,15.5764,,,,,
5487,8/8/2026 14:29,82.47,15.5131,,,,,
5488,8/8/2026 14:44,82.7,15.5055,,,,,
5489,8/8/2026 14:59,83.27,15.5816,,,,,
5490,8/8/2026 15:14,83.07,15.6791,,,,,
5491,8/8/2026 15:29,82.77,15.8039,,,,,
5492,8/8/2026 15:44,82.4,15.9654,,,,,
5493,8/8/2026 15:59,82.34,16.1564,,,,,
5494,8/8/2026 16:14,82.58,16.3576,,,,,
5495,8/8/2026 16:29,82.7,16.5826,,,,,
5496,8/8/2026 16:44,83.03,16.8182,,,,,
5497,8/8/2026 16:59,83.32,17.0766,,,,,
5498,8/8/2026 17:14,83.38,17.3541,,,,,
5499,8/8/2026 17:29,83.41,17.6482,,,,,
5500,8/8/2026 17:44,83.32,17.948,,,,,
5501,8/8/2026 17:59,83.07,18.244,,,,,
5502,8/8/2026 18:14,82.69,18.5154,,,,,
5503,8/8/2026 18:29,82.43,18.7646,,,,,
5504,8/8/2026 18:44,82.21,18.9649,,,,,
5505,8/8/2026 18:59,81.95,19.1228,,,,,
5506,8/8/2026 19:14,81.64,19.2428,,,,,
5507,8/8/2026 19:29,81.35,19.3394,,,,,
5508,8/8/2026 19:44,80.98,19.3897,,,,,
5509,8/8/2026 19:59,80.66,19.4262,,,,,
5510,8/8/2026 20:14,80.33,19.4539,,,,,
5511,8/8/2026 20:29,80.04,19.4607,,,,,
5512,8/8/2026 20:44,79.78,19.4575,,,,,
5513,8/8/2026 20:59,79.57,19.4095,,,,,
5514,8/8/2026 21:14,79.49,19.3239,,,,,
5515,8/8/2026 21:29,79.67,19.203,,,,,
5516,8/8/2026 21:44,79.79,19.0459,,,,,
5517,8/8/2026 21:59,80.13,18.8914,,,,,
5518,8/8/2026 22:14,80.68,18.711,,,,,
5519,8/8/2026 22:29,80.89,18.521,,,,,
5520,8/8/2026 22:44,81.19,18.3188,,,,,
5521,8/8/2026 22:59,81.5,18.1224,,,,,
5522,8/8/2026 23:14,81.75,17.914,,,,,
5523,8/8/2026 23:29,81.93,17.7113,,,,,
5524,8/8/2026 23:44,82.09,17.5055,,,,,
5525,8/8/2026 23:59,82.19,17.3117,,,,,
5526,8/9/2026 0:14,82.23,17.1204,,,,,
5527,8/9/2026 0:29,82.21,16.9398,,,,,
5528,8/9/2026 0:44,82.15,16.7711,,,,,
5529,8/9/2026 0:59,82.05,16.6068,,,,,
5530,8/9/2026 1:14,81.95,16.4519,,,,,
5531,8/9/2026 1:29,81.83,16.3078,,,,,
5532,8/9/2026 1:44,81.71,16.1706,,,,,
5533,8/9/2026 1:59,81.58,16.0417,,,,,
5534,8/9/2026 2:14,81.46,15.919,,,,,
5535,8/9/2026 2:29,81.35,15.8014,,,,,
5536,8/9/2026 2:44,81.23,15.6913,,,,,
5537,8/9/2026 2:59,81.14,15.582,,,,,
5538,8/9/2026 3:14,81.04,15.4808,,,,,
5539,8/9/2026 3:29,80.95,15.3921,,,,,
5540,8/9/2026 3:44,80.87,15.3147,,,,,
5541,8/9/2026 3:59,80.82,15.2548,,,,,
5542,8/9/2026 4:14,80.78,15.2765,,,,,
5543,8/9/2026 4:29,80.63,15.3721,,,,,
5544,8/9/2026 4:44,80.64,15.4687,,,,,
5545,8/9/2026 4:59,80.71,15.6042,,,,,
5546,8/9/2026 5:14,80.81,15.7878,,,,,
5547,8/9/2026 5:29,80.82,15.9975,,,,,
5548,8/9/2026 5:44,80.82,16.2293,,,,,
5549,8/9/2026 5:59,80.71,16.4748,,,,,
5550,8/9/2026 6:14,80.55,16.7417,,,,,
5551,8/9/2026 6:29,80.43,17.0122,,,,,
5552,8/9/2026 6:44,80.26,17.2997,,,,,
5553,8/9/2026 6:59,80.01,17.5867,,,,,
5554,8/9/2026 7:14,79.96,17.8651,,,,,
5555,8/9/2026 7:29,79.93,18.1173,,,,,
5556,8/9/2026 7:44,79.78,18.3525,,,,,
5557,8/9/2026 7:59,79.6,18.5418,,,,,
5558,8/9/2026 8:14,79.25,18.7037,,,,,
5559,8/9/2026 8:29,79.04,18.8104,,,,,
5560,8/9/2026 8:44,78.85,18.8788,,,,,
5561,8/9/2026 8:59,78.74,18.8949,,,,,
5562,8/9/2026 9:14,78.7,18.8576,,,,,
5563,8/9/2026 9:29,78.73,18.7807,,,,,
5564,8/9/2026 9:44,78.74,18.6583,,,,,
5565,8/9/2026 9:59,79.18,18.5175,,,,,
5566,8/9/2026 10:14,79.54,18.3576,,,,,
5567,8/9/2026 10:29,79.42,18.1992,,,,,
5568,8/9/2026 10:44,79.66,18.0468,,,,,
5569,8/9/2026 10:59,79.92,17.8901,,,,,
5570,8/9/2026 11:14,80.29,17.7376,,,,,
5571,8/9/2026 11:29,80.53,17.5766,,,,,
5572,8/9/2026 11:44,80.66,17.4142,,,,,
5573,8/9/2026 11:59,80.79,17.2469,,,,,
5574,8/9/2026 12:14,80.95,17.0905,,,,,
5575,8/9/2026 12:29,81.16,16.9292,,,,,
5576,8/9/2026 12:44,81.36,16.7718,,,,,
5577,8/9/2026 12:59,81.53,16.6325,,,,,
5578,8/9/2026 13:14,81.68,16.4883,,,,,
5579,8/9/2026 13:29,81.79,16.3503,,,,,
5580,8/9/2026 13:44,81.91,16.2236,,,,,
5581,8/9/2026 13:59,82.07,16.094,,,,,
5582,8/9/2026 14:14,82.18,15.9799,,,,,
5583,8/9/2026 14:29,82.26,15.8627,,,,,
5584,8/9/2026 14:44,82.36,15.7531,,,,,
5585,8/9/2026 14:59,82.41,15.6627,,,,,
5586,8/9/2026 15:14,82.45,15.5667,,,,,
5587,8/9/2026 15:29,82.41,15.4831,,,,,
5588,8/9/2026 15:44,82.4,15.4282,,,,,
5589,8/9/2026 15:59,82.53,15.4634,,,,,
5590,8/9/2026 16:14,82.69,15.5498,,,,,
5591,8/9/2026 16:29,82.63,15.6569,,,,,
5592,8/9/2026 16:44,82.35,15.7923,,,,,
5593,8/9/2026 16:59,82.38,15.9791,,,,,
5594,8/9/2026 17:14,82.37,16.1821,,,,,
5595,8/9/2026 17:29,82.38,16.4122,,,,,
5596,8/9/2026 17:44,82.41,16.6658,,,,,
5597,8/9/2026 17:59,82.5,16.9379,,,,,
5598,8/9/2026 18:14,82.51,17.2334,,,,,
5599,8/9/2026 18:29,82.46,17.5447,,,,,
5600,8/9/2026 18:44,82.38,17.8526,,,,,
5601,8/9/2026 18:59,82.12,18.1655,,,,,
5602,8/9/2026 19:14,81.8,18.4665,,,,,
5603,8/9/2026 19:29,81.5,18.7358,,,,,
5604,8/9/2026 19:44,81.22,18.9712,,,,,
5605,8/9/2026 19:59,81.02,19.1621,,,,,
5606,8/9/2026 20:14,80.79,19.3,,,,,
5607,8/9/2026 20:29,80.54,19.3949,,,,,
5608,8/9/2026 20:44,80.24,19.4663,,,,,
5609,8/9/2026 20:59,79.84,19.5216,,,,,
5610,8/9/2026 21:14,79.41,19.5629,,,,,
5611,8/9/2026 21:29,79,19.5821,,,,,
5612,8/9/2026 21:44,78.57,19.5836,,,,,
5613,8/9/2026 21:59,78.31,19.5487,,,,,
5614,8/9/2026 22:14,78.08,19.4728,,,,,
5615,8/9/2026 22:29,78.11,19.3685,,,,,
5616,8/9/2026 22:44,78.25,19.2216,,,,,
5617,8/9/2026 22:59,78.56,19.0574,,,,,
5618,8/9/2026 23:14,78.96,18.8948,,,,,
5619,8/9/2026 23:29,79.39,18.7078,,,,,
5620,8/9/2026 23:44,79.66,18.5186,,,,,
5621,8/9/2026 23:59,79.93,18.3082,,,,,
5622,8/10/2026 0:14,80.16,18.1021,,,,,
5623,8/10/2026 0:29,80.4,17.8957,,,,,
5624,8/10/2026 0:44,80.61,17.6906,,,,,
5625,8/10/2026 0:59,80.78,17.4911,,,,,
5626,8/10/2026 1:14,80.89,17.2873,,,,,
5627,8/10/2026 1:29,80.94,17.1018,,,,,
5628,8/10/2026 1:44,80.95,16.9143,,,,,
5629,8/10/2026 1:59,80.92,16.7407,,,,,
5630,8/10/2026 2:14,80.88,16.5772,,,,,
5631,8/10/2026 2:29,80.82,16.4275,,,,,
5632,8/10/2026 2:44,80.76,16.2836,,,,,
5633,8/10/2026 2:59,80.69,16.1472,,,,,
5634,8/10/2026 3:14,80.63,16.0165,,,,,
5635,8/10/2026 3:29,80.56,15.8939,,,,,
5636,8/10/2026 3:44,80.52,15.7809,,,,,
5637,8/10/2026 3:59,80.46,15.6685,,,,,
5638,8/10/2026 4:14,80.4,15.5599,,,,,
5639,8/10/2026 4:29,80.36,15.4669,,,,,
5640,8/10/2026 4:44,80.31,15.3777,,,,,
5641,8/10/2026 4:59,80.28,15.2967,,,,,
5642,8/10/2026 5:14,80.23,15.2412,,,,,
5643,8/10/2026 5:29,80.19,15.2778,,,,,
5644,8/10/2026 5:44,80.04,15.3765,,,,,
5645,8/10/2026 5:59,80.04,15.4856,,,,,
5646,8/10/2026 6:14,80.01,15.6357,,,,,
5647,8/10/2026 6:29,79.85,15.8356,,,,,
5648,8/10/2026 6:44,79.79,16.0621,,,,,
5649,8/10/2026 6:59,79.75,16.3207,,,,,
5650,8/10/2026 7:14,79.53,16.5917,,,,,
5651,8/10/2026 7:29,79.36,16.8781,,,,,
5652,8/10/2026 7:44,79.18,17.183,,,,,
5653,8/10/2026 7:59,78.96,17.4957,,,,,
5654,8/10/2026 8:14,78.8,17.802,,,,,
5655,8/10/2026 8:29,78.75,18.0925,,,,,
5656,8/10/2026 8:44,78.6,18.3591,,,,,
5657,8/10/2026 8:59,78.42,18.59,,,,,
5658,8/10/2026 9:14,78.11,18.7861,,,,,
5659,8/10/2026 9:29,77.87,18.9395,,,,,
5660,8/10/2026 9:44,77.72,19.0364,,,,,
5661,8/10/2026 9:59,77.58,19.0853,,,,,
5662,8/10/2026 10:14,77.5,19.0611,,,,,
5663,8/10/2026 10:29,77.44,18.9972,,,,,
5664,8/10/2026 10:44,77.49,18.883,,,,,
5665,8/10/2026 10:59,77.63,18.737,,,,,
5666,8/10/2026 11:14,78,18.5859,,,,,
5667,8/10/2026 11:29,78.3,18.4189,,,,,
5668,8/10/2026 11:44,78.33,18.2546,,,,,
5669,8/10/2026 11:59,78.55,18.0977,,,,,
5670,8/10/2026 12:14,78.87,17.931,,,,,
5671,8/10/2026 12:29,79.11,17.7606,,,,,
5672,8/10/2026 12:44,79.27,17.5812,,,,,
5673,8/10/2026 12:59,79.4,17.4182,,,,,
5674,8/10/2026 13:14,79.51,17.244,,,,,
5675,8/10/2026 13:29,79.68,17.07,,,,,
5676,8/10/2026 13:44,79.88,16.9063,,,,,
5677,8/10/2026 13:59,80.12,16.7489,,,,,
5678,8/10/2026 14:14,80.34,16.5954,,,,,
5679,8/10/2026 14:29,80.55,16.4519,,,,,
5680,8/10/2026 14:44,80.73,16.3104,,,,,
5681,8/10/2026 14:59,80.86,16.1788,,,,,
5682,8/10/2026 15:14,80.95,16.0534,,,,,
5683,8/10/2026 15:29,81.08,15.9357,,,,,
5684,8/10/2026 15:44,81.21,15.8223,,,,,
5685,8/10/2026 15:59,81.33,15.7152,,,,,
5686,8/10/2026 16:14,81.38,15.6174,,,,,
5687,8/10/2026 16:29,81.45,15.5253,,,,,
5688,8/10/2026 16:44,81.51,15.4457,,,,,
5689,8/10/2026 16:59,81.53,15.399,,,,,
5690,8/10/2026 17:14,81.61,15.4702,,,,,
5691,8/10/2026 17:29,81.75,15.5702,,,,,
5692,8/10/2026 17:44,81.55,15.6895,,,,,
5693,8/10/2026 17:59,81.25,15.8542,,,,,
5694,8/10/2026 18:14,81.16,16.0588,,,,,
5695,8/10/2026 18:29,81.11,16.2962,,,,,
5696,8/10/2026 18:44,81,16.5612,,,,,
5697,8/10/2026 18:59,80.89,16.844,,,,,
5698,8/10/2026 19:14,80.75,17.1509,,,,,
5699,8/10/2026 19:29,80.63,17.4776,,,,,
5700,8/10/2026 19:44,80.52,17.8098,,,,,
5701,8/10/2026 19:59,80.28,18.1433,,,,,
5702,8/10/2026 20:14,79.97,18.474,,,,,
5703,8/10/2026 20:29,79.63,18.7784,,,,,
5704,8/10/2026 20:44,79.33,19.0309,,,,,
5705,8/10/2026 20:59,79.04,19.2223,,,,,
5706,8/10/2026 21:14,78.73,19.36,,,,,
5707,8/10/2026 21:29,78.48,19.4517,,,,,
5708,8/10/2026 21:44,78.1,19.5305,,,,,
5709,8/10/2026 21:59,77.8,19.5968,,,,,
5710,8/10/2026 22:14,77.47,19.6485,,,,,
5711,8/10/2026 22:29,77.07,19.6867,,,,,
5712,8/10/2026 22:44,76.51,19.7056,,,,,
5713,8/10/2026 22:59,76.09,19.7001,,,,,
5714,8/10/2026 23:14,75.83,19.6482,,,,,
5715,8/10/2026 23:29,75.66,19.5636,,,,,
5716,8/10/2026 23:44,75.78,19.4368,,,,,
5717,8/10/2026 23:59,75.39,19.2942,,,,,
5718,8/11/2026 0:14,75.78,19.122,,,,,
5719,8/11/2026 0:29,76.43,18.9714,,,,,
5720,8/11/2026 0:44,76.76,18.7816,,,,,
5721,8/11/2026 0:59,77.11,18.5793,,,,,
5722,8/11/2026 1:14,77.43,18.3538,,,,,
5723,8/11/2026 1:29,77.78,18.1406,,,,,
5724,8/11/2026 1:44,78.08,17.9248,,,,,
5725,8/11/2026 1:59,78.45,17.7043,,,,,
5726,8/11/2026 2:14,78.72,17.497,,,,,
5727,8/11/2026 2:29,78.91,17.2953,,,,,
5728,8/11/2026 2:44,79.05,17.1018,,,,,
5729,8/11/2026 2:59,79.16,16.9128,,,,,
5730,8/11/2026 3:14,79.22,16.7369,,,,,
5731,8/11/2026 3:29,79.26,16.5661,,,,,
5732,8/11/2026 3:44,79.28,16.411,,,,,
5733,8/11/2026 3:59,79.29,16.2578,,,,,
5734,8/11/2026 4:14,79.3,16.116,,,,,
5735,8/11/2026 4:29,79.29,15.983,,,,,
5736,8/11/2026 4:44,79.28,15.8625,,,,,
5737,8/11/2026 4:59,79.28,15.7402,,,,,
5738,8/11/2026 5:14,79.28,15.6267,,,,,
5739,8/11/2026 5:29,79.27,15.5176,,,,,
5740,8/11/2026 5:44,79.25,15.4216,,,,,
5741,8/11/2026 5:59,79.25,15.3338,,,,,
5742,8/11/2026 6:13,,,,,,,Logged
5743,8/11/2026 6:13,,,,,,Logged,
5744,8/11/2026 6:13,,,Logged,,,,
5745,8/11/2026 6:14,78.62,14.6124,,,,,
5746,8/11/2026 6:29,79.07,15.1491,,,,,
5747,8/11/2026 6:44,79.18,15.2303,,,,,
5748,8/11/2026 6:59,79.15,15.3336,,,,,
5749,8/11/2026 7:14,79.15,15.4638,,,,,
5750,8/11/2026 7:29,79.01,15.6611,,,,,
5751,8/11/2026 7:44,78.92,15.8998,,,,,
5752,8/11/2026 7:59,78.8,16.1774,,,,,
5753,8/11/2026 8:14,78.62,16.469,,,,,
5754,8/11/2026 8:29,78.44,16.7778,,,,,
5755,8/11/2026 8:44,78.28,17.1026,,,,,
5756,8/11/2026 8:59,78.09,17.4441,,,,,
5757,8/11/2026 9:14,77.96,17.7761,,,,,
5758,8/11/2026 9:29,77.85,18.096,,,,,
5759,8/11/2026 9:44,77.61,18.3725,,,,,
5760,8/11/2026 9:59,77.32,18.6303,,,,,
5761,8/11/2026 10:14,77.05,18.8189,,,,,
5762,8/11/2026 10:29,76.87,18.9737,,,,,
5763,8/11/2026 10:44,76.69,19.0711,,,,,
5764,8/11/2026 10:59,76.56,19.1207,,,,,
5765,8/11/2026 11:14,76.45,19.1362,,,,,
5766,8/11/2026 11:29,76.38,19.1146,,,,,
5767,8/11/2026 11:44,76.39,19.0578,,,,,
5768,8/11/2026 11:59,76.41,18.9417,,,,,
5769,8/11/2026 12:14,76.49,18.7929,,,,,
5770,8/11/2026 12:29,77,18.608,,,,,
5771,8/11/2026 12:44,77.42,18.4212,,,,,
5772,8/11/2026 12:59,77.8,18.2312,,,,,
5773,8/11/2026 13:14,77.85,18.0312,,,,,
5774,8/11/2026 13:29,78.1,17.8393,,,,,
5775,8/11/2026 13:44,78.31,17.6374,,,,,
5776,8/11/2026 13:59,78.54,17.4514,,,,,
5777,8/11/2026 14:14,78.76,17.2536,,,,,
5778,8/11/2026 14:29,78.92,17.0627,,,,,
5779,8/11/2026 14:44,79.09,16.8838,,,,,
5780,8/11/2026 14:59,79.29,16.7064,,,,,
5781,8/11/2026 15:14,79.47,16.534,,,,,
5782,8/11/2026 15:29,79.63,16.3867,,,,,
5783,8/11/2026 15:44,79.76,16.2332,,,,,
5784,8/11/2026 15:59,79.92,16.098,,,,,
5785,8/11/2026 16:14,80.05,15.959,,,,,
5786,8/11/2026 16:29,80.18,15.8238,,,,,
5787,8/11/2026 16:44,80.27,15.7111,,,,,
5788,8/11/2026 16:59,80.34,15.6027,,,,,
5789,8/11/2026 17:14,80.35,15.4956,,,,,
5790,8/11/2026 17:29,80.38,15.3959,,,,,
5791,8/11/2026 17:44,80.42,15.3094,,,,,
5792,8/11/2026 17:59,80.44,15.2341,,,,,
5793,8/11/2026 18:14,80.45,15.1843,,,,,
5794,8/11/2026 18:29,80.44,15.2833,,,,,
5795,8/11/2026 18:44,80.34,15.3852,,,,,
5796,8/11/2026 18:59,80.23,15.5283,,,,,
5797,8/11/2026 19:14,80.19,15.7272,,,,,
5798,8/11/2026 19:29,80.1,15.9641,,,,,
5799,8/11/2026 19:44,79.98,16.2431,,,,,
5800,8/11/2026 19:59,79.72,16.5508,,,,,
5801,8/11/2026 20:14,79.41,16.8883,,,,,
5802,8/11/2026 20:29,79.22,17.2427,,,,,
5803,8/11/2026 20:44,78.97,17.6188,,,,,
5804,8/11/2026 20:59,78.83,17.9895,,,,,
5805,8/11/2026 21:14,78.59,18.3509,,,,,
5806,8/11/2026 21:29,78.26,18.6817,,,,,
5807,8/11/2026 21:44,77.91,18.9636,,,,,
5808,8/11/2026 21:59,77.62,19.1707,,,,,
5809,8/11/2026 22:14,77.36,19.3085,,,,,
5810,8/11/2026 22:29,77.08,19.4147,,,,,
5811,8/11/2026 22:44,76.75,19.5018,,,,,
5812,8/11/2026 22:59,76.49,19.5764,,,,,
5813,8/11/2026 23:14,76.08,19.6393,,,,,
5814,8/11/2026 23:29,75.53,19.6797,,,,,
5815,8/11/2026 23:44,75.07,19.7084,,,,,
5816,8/11/2026 23:59,74.75,19.7076,,,,,
5817,8/12/2026 0:14,74.34,19.6717,,,,,
5818,8/12/2026 0:29,73.88,19.5947,,,,,
5819,8/12/2026 0:44,73.9,19.4714,,,,,
5820,8/12/2026 0:59,73.57,19.3264,,,,,
5821,8/12/2026 1:14,73.96,19.1681,,,,,
5822,8/12/2026 1:29,74.38,19.0126,,,,,
5823,8/12/2026 1:44,74.83,18.8268,,,,,
5824,8/12/2026 1:59,75.16,18.6302,,,,,
5825,8/12/2026 2:14,75.53,18.4098,,,,,
5826,8/12/2026 2:29,75.83,18.1775,,,,,
5827,8/12/2026 2:44,76.14,17.9486,,,,,
5828,8/12/2026 2:59,76.46,17.74,,,,,
5829,8/12/2026 3:14,76.69,17.5244,,,,,
5830,8/12/2026 3:29,76.88,17.3246,,,,,
5831,8/12/2026 3:44,77.02,17.1412,,,,,
5832,8/12/2026 3:59,77.12,16.9421,,,,,
5833,8/12/2026 4:14,77.19,16.7644,,,,,
5834,8/12/2026 4:29,77.24,16.6061,,,,,
5835,8/12/2026 4:44,77.27,16.4423,,,,,
5836,8/12/2026 4:59,77.29,16.2911,,,,,
5837,8/12/2026 5:14,77.31,16.1443,,,,,
5838,8/12/2026 5:29,77.31,16.0081,,,,,
5839,8/12/2026 5:44,77.32,15.879,,,,,
5840,8/12/2026 5:59,77.33,15.7536,,,,,
5841,8/12/2026 6:14,77.32,15.637,,,,,
5842,8/12/2026 6:29,77.34,15.5279,,,,,
5843,8/12/2026 6:44,77.34,15.4214,,,,,
5844,8/12/2026 6:59,77.36,15.3249,,,,,
5845,8/12/2026 7:14,77.4,15.2372,,,,,
5846,8/12/2026 7:29,77.45,15.1714,,,,,
5847,8/12/2026 7:44,77.51,15.1964,,,,,
5848,8/12/2026 7:59,77.51,15.3221,,,,,
5849,8/12/2026 8:14,77.53,15.4505,,,,,
5850,8/12/2026 8:29,77.36,15.6402,,,,,
5851,8/12/2026 8:44,77.13,15.8973,,,,,
5852,8/12/2026 8:59,77,16.1848,,,,,
5853,8/12/2026 9:14,76.85,16.5064,,,,,
5854,8/12/2026 9:29,76.69,16.8472,,,,,
5855,8/12/2026 9:44,76.52,17.2103,,,,,
5856,8/12/2026 9:59,76.41,17.5728,,,,,
5857,8/12/2026 10:14,76.28,17.9332,,,,,
5858,8/12/2026 10:29,76.08,18.2682,,,,,
5859,8/12/2026 10:44,75.85,18.5637,,,,,
5860,8/12/2026 10:59,75.61,18.8047,,,,,
5861,8/12/2026 11:14,75.38,19.0004,,,,,
5862,8/12/2026 11:29,75.22,19.127,,,,,
5863,8/12/2026 11:44,75.14,19.2038,,,,,
5864,8/12/2026 11:59,75.01,19.2421,,,,,
5865,8/12/2026 12:14,74.88,19.2525,,,,,
5866,8/12/2026 12:29,74.77,19.2301,,,,,
5867,8/12/2026 12:44,74.75,19.1751,,,,,
5868,8/12/2026 12:59,74.78,19.0735,,,,,
5869,8/12/2026 13:14,74.81,18.9353,,,,,
5870,8/12/2026 13:29,75.19,18.7564,,,,,
5871,8/12/2026 13:44,75.78,18.568,,,,,
5872,8/12/2026 13:59,76.1,18.374,,,,,
5873,8/12/2026 14:14,76.11,18.1694,,,,,
5874,8/12/2026 14:29,76.36,17.9642,,,,,
5875,8/12/2026 14:44,76.57,17.7516,,,,,
5876,8/12/2026 14:59,76.8,17.5435,,,,,
5877,8/12/2026 15:14,77.1,17.3283,,,,,
5878,8/12/2026 15:29,77.33,17.1268,,,,,
5879,8/12/2026 15:44,77.55,16.9336,,,,,
5880,8/12/2026 15:59,77.74,16.7499,,,,,
5881,8/12/2026 16:14,77.9,16.58,,,,,
5882,8/12/2026 16:29,78.06,16.4184,,,,,
5883,8/12/2026 16:44,78.21,16.2668,,,,,
5884,8/12/2026 16:59,78.35,16.1252,,,,,
5885,8/12/2026 17:14,78.46,15.9887,,,,,
5886,8/12/2026 17:29,78.59,15.8617,,,,,
5887,8/12/2026 17:44,78.68,15.7396,,,,,
5888,8/12/2026 17:59,78.75,15.6287,,,,,
5889,8/12/2026 18:14,78.82,15.5216,,,,,
5890,8/12/2026 18:29,78.83,15.4214,,,,,
5891,8/12/2026 18:44,78.8,15.3266,,,,,
5892,8/12/2026 18:59,78.79,15.2413,,,,,
5893,8/12/2026 19:14,78.8,15.1847,,,,,
5894,8/12/2026 19:29,78.77,15.255,,,,,
5895,8/12/2026 19:44,78.6,15.3617,,,,,
5896,8/12/2026 19:59,78.6,15.4956,,,,,
5897,8/12/2026 20:14,78.62,15.6977,,,,,
5898,8/12/2026 20:29,78.56,15.9477,,,,,
5899,8/12/2026 20:44,78.47,16.2367,,,,,
5900,8/12/2026 20:59,78.14,16.5593,,,,,
5901,8/12/2026 21:14,77.79,16.8991,,,,,
5902,8/12/2026 21:29,77.63,17.2692,,,,,
5903,8/12/2026 21:44,77.37,17.6541,,,,,
5904,8/12/2026 21:59,77.32,18.0319,,,,,
5905,8/12/2026 22:14,77.11,18.406,,,,,
5906,8/12/2026 22:29,76.78,18.7457,,,,,
5907,8/12/2026 22:44,76.43,19.0238,,,,,
5908,8/12/2026 22:59,76.09,19.2118,,,,,
5909,8/12/2026 23:14,75.82,19.3439,,,,,
5910,8/12/2026 23:29,75.6,19.4351,,,,,
5911,8/12/2026 23:44,75.5,19.5183,,,,,
5912,8/12/2026 23:59,75.34,19.5932,,,,,
5913,8/13/2026 0:14,74.9,19.656,,,,,
5914,8/13/2026 0:29,74.54,19.6969,,,,,
5915,8/13/2026 0:44,74.32,19.7185,,,,,
5916,8/13/2026 0:59,74.09,19.7104,,,,,
5917,8/13/2026 1:14,73.83,19.6623,,,,,
5918,8/13/2026 1:29,73.53,19.5711,,,,,
5919,8/13/2026 1:44,73.46,19.4356,,,,,
5920,8/13/2026 1:59,73.05,19.2797,,,,,
5921,8/13/2026 2:14,73.45,19.1227,,,,,
5922,8/13/2026 2:29,73.86,18.964,,,,,
5923,8/13/2026 2:44,74.11,18.7778,,,,,
5924,8/13/2026 2:59,74.38,18.5735,,,,,
5925,8/13/2026 3:14,74.66,18.3543,,,,,
5926,8/13/2026 3:29,74.93,18.1283,,,,,
5927,8/13/2026 3:44,75.14,17.9055,,,,,
5928,8/13/2026 3:59,75.38,17.6917,,,,,
5929,8/13/2026 4:14,75.59,17.4906,,,,,
5930,8/13/2026 4:29,75.76,17.2782,,,,,
5931,8/13/2026 4:44,75.92,17.0842,,,,,
5932,8/13/2026 4:59,76.03,16.9102,,,,,
5933,8/13/2026 5:14,76.12,16.7326,,,,,
5934,8/13/2026 5:29,76.19,16.5663,,,,,
5935,8/13/2026 5:44,76.24,16.4145,,,,,
5936,8/13/2026 5:59,76.28,16.2595,,,,,
5937,8/13/2026 6:14,76.31,16.124,,,,,
5938,8/13/2026 6:29,76.34,15.9905,,,,,
5939,8/13/2026 6:44,76.37,15.8701,,,,,
5940,8/13/2026 6:59,76.39,15.7498,,,,,
5941,8/13/2026 7:14,76.4,15.6326,,,,,
5942,8/13/2026 7:29,76.42,15.5205,,,,,
5943,8/13/2026 7:44,76.45,15.4165,,,,,
5944,8/13/2026 7:59,76.49,15.3194,,,,,
5945,8/13/2026 8:14,76.52,15.2342,,,,,
5946,8/13/2026 8:29,76.58,15.1964,,,,,
5947,8/13/2026 8:44,76.58,15.3234,,,,,
5948,8/13/2026 8:59,76.49,15.4378,,,,,
5949,8/13/2026 9:14,76.45,15.6003,,,,,
5950,8/13/2026 9:29,76.26,15.8375,,,,,
5951,8/13/2026 9:44,76.17,16.135,,,,,
5952,8/13/2026 9:59,76.04,16.4641,,,,,
5953,8/13/2026 10:14,75.87,16.8009,,,,,
5954,8/13/2026 10:29,75.72,17.1659,,,,,
5955,8/13/2026 10:44,75.59,17.5339,,,,,
5956,8/13/2026 10:59,75.45,17.9055,,,,,
5957,8/13/2026 11:14,75.31,18.2657,,,,,
5958,8/13/2026 11:29,75.13,18.5879,,,,,
5959,8/13/2026 11:44,74.93,18.8611,,,,,
5960,8/13/2026 11:59,74.7,19.0594,,,,,
5961,8/13/2026 12:14,74.54,19.1935,,,,,
5962,8/13/2026 12:29,74.42,19.2754,,,,,
5963,8/13/2026 12:44,74.32,19.3238,,,,,
5964,8/13/2026 12:59,74.21,19.3558,,,,,
5965,8/13/2026 13:14,74.11,19.3669,,,,,
5966,8/13/2026 13:29,73.99,19.3527,,,,,
5967,8/13/2026 13:44,73.95,19.304,,,,,
5968,8/13/2026 13:59,73.98,19.2036,,,,,
5969,8/13/2026 14:14,74.03,19.071,,,,,
5970,8/13/2026 14:29,74.12,18.9021,,,,,
5971,8/13/2026 14:44,74.45,18.725,,,,,
5972,8/13/2026 14:59,74.97,18.515,,,,,
5973,8/13/2026 15:14,75.04,18.2985,,,,,
5974,8/13/2026 15:29,75.32,18.0933,,,,,
5975,8/13/2026 15:44,75.69,17.857,,,,,
5976,8/13/2026 15:59,76.03,17.6391,,,,,
5977,8/13/2026 16:14,76.37,17.4258,,,,,
5978,8/13/2026 16:29,76.67,17.2181,,,,,
5979,8/13/2026 16:44,76.92,17.0162,,,,,
5980,8/13/2026 16:59,77.15,16.8231,,,,,
5981,8/13/2026 17:14,77.34,16.637,,,,,
5982,8/13/2026 17:29,77.52,16.4772,,,,,
5983,8/13/2026 17:44,77.68,16.3231,,,,,
5984,8/13/2026 17:59,77.79,16.1759,,,,,
5985,8/13/2026 18:14,77.87,16.0399,,,,,
5986,8/13/2026 18:29,77.95,15.9115,,,,,
5987,8/13/2026 18:44,78.03,15.7794,,,,,
5988,8/13/2026 18:59,78.09,15.6697,,,,,
5989,8/13/2026 19:14,78.12,15.557,,,,,
5990,8/13/2026 19:29,78.11,15.4573,,,,,
5991,8/13/2026 19:44,78.11,15.3601,,,,,
5992,8/13/2026 19:59,78.1,15.2748,,,,,
5993,8/13/2026 20:14,78.08,15.2168,,,,,
5994,8/13/2026 20:29,78.04,15.284,,,,,
5995,8/13/2026 20:44,77.95,15.3996,,,,,
5996,8/13/2026 20:59,77.94,15.5416,,,,,
5997,8/13/2026 21:14,77.98,15.7531,,,,,
5998,8/13/2026 21:29,77.91,16.0113,,,,,
5999,8/13/2026 21:44,77.79,16.3109,,,,,
6000,8/13/2026 21:59,77.43,16.6266,,,,,
6001,8/13/2026 22:14,77.06,16.977,,,,,
6002,8/13/2026 22:29,76.82,17.3515,,,,,
6003,8/13/2026 22:44,76.49,17.7307,,,,,
6004,8/13/2026 22:59,76.4,18.1203,,,,,
6005,8/13/2026 23:14,76.17,18.4945,,,,,
6006,8/13/2026 23:29,75.8,18.8114,,,,,
6007,8/13/2026 23:44,75.42,19.082,,,,,
6008,8/13/2026 23:59,75.13,19.2613,,,,,
6009,8/14/2026 0:14,74.93,19.3872,,,,,
6010,8/14/2026 0:29,74.76,19.4842,,,,,
6011,8/14/2026 0:44,74.69,19.5713,,,,,
6012,8/14/2026 0:59,74.57,19.6362,,,,,
6013,8/14/2026 1:14,74.28,19.6824,,,,,
6014,8/14/2026 1:29,73.93,19.7087,,,,,
6015,8/14/2026 1:44,73.75,19.7133,,,,,
6016,8/14/2026 1:59,73.55,19.6774,,,,,
6017,8/14/2026 2:14,73.39,19.5986,,,,,
6018,8/14/2026 2:29,73.41,19.4829,,,,,
6019,8/14/2026 2:44,73.01,19.3397,,,,,
6020,8/14/2026 2:59,73.27,19.1722,,,,,
6021,8/14/2026 3:14,73.51,19.0168,,,,,
6022,8/14/2026 3:29,73.73,18.8299,,,,,
6023,8/14/2026 3:44,73.91,18.6247,,,,,
6024,8/14/2026 3:59,74.04,18.4007,,,,,
6025,8/14/2026 4:14,74.11,18.1893,,,,,
6026,8/14/2026 4:29,74.23,17.9606,,,,,
6027,8/14/2026 4:44,74.4,17.7498,,,,,
6028,8/14/2026 4:59,74.61,17.5474,,,,,
6029,8/14/2026 5:14,74.77,17.3463,,,,,
6030,8/14/2026 5:29,74.89,17.1515,,,,,
6031,8/14/2026 5:44,75,16.9613,,,,,
6032,8/14/2026 5:59,75.07,16.7867,,,,,
6033,8/14/2026 6:14,75.12,16.6285,,,,,
6034,8/14/2026 6:29,75.15,16.4615,,,,,
6035,8/14/2026 6:44,75.18,16.321,,,,,
6036,8/14/2026 6:59,75.2,16.1792,,,,,
6037,8/14/2026 7:14,75.25,16.0475,,,,,
6038,8/14/2026 7:29,75.29,15.9234,,,,,
6039,8/14/2026 7:44,75.33,15.805,,,,,
6040,8/14/2026 7:59,75.4,15.6929,,,,,
6041,8/14/2026 8:14,75.48,15.5846,,,,,
6042,8/14/2026 8:29,75.57,15.4808,,,,,
6043,8/14/2026 8:44,75.68,15.3882,,,,,
6044,8/14/2026 8:59,75.82,15.305,,,,,
6045,8/14/2026 9:14,75.96,15.2506,,,,,
6046,8/14/2026 9:29,76.18,15.3207,,,,,
6047,8/14/2026 9:44,76.23,15.4229,,,,,
6048,8/14/2026 9:59,76.17,15.558,,,,,
6049,8/14/2026 10:14,75.74,15.7697,,,,,
6050,8/14/2026 10:29,75.63,16.0471,,,,,
6051,8/14/2026 10:44,75.56,16.3536,,,,,
6052,8/14/2026 10:59,75.53,16.69,,,,,
6053,8/14/2026 11:14,75.41,17.0499,,,,,
6054,8/14/2026 11:29,75.24,17.4327,,,,,
6055,8/14/2026 11:44,75.16,17.8037,,,,,
6056,8/14/2026 11:59,74.8,18.1752,,,,,
6057,8/14/2026 12:14,74.47,18.5031,,,,,
6058,8/14/2026 12:29,74.28,18.7933,,,,,
6059,8/14/2026 12:44,74.12,19.0182,,,,,
6060,8/14/2026 12:59,74.01,19.1935,,,,,
6061,8/14/2026 13:14,73.92,19.3045,,,,,
6062,8/14/2026 13:29,73.8,19.3618,,,,,
6063,8/14/2026 13:44,73.63,19.3993,,,,,
6064,8/14/2026 13:59,73.52,19.3965,,,,,
6065,8/14/2026 14:14,73.46,19.3768,,,,,
6066,8/14/2026 14:29,73.43,19.3065,,,,,
6067,8/14/2026 14:44,73.49,19.2049,,,,,
6068,8/14/2026 14:59,73.44,19.0539,,,,,
6069,8/14/2026 15:14,73.79,18.8887,,,,,
6070,8/14/2026 15:29,74.15,18.711,,,,,
6071,8/14/2026 15:44,74.49,18.5,,,,,
6072,8/14/2026 15:59,74.61,18.2994,,,,,
6073,8/14/2026 16:14,74.84,18.0802,,,,,
6074,8/14/2026 16:29,75.02,17.8668,,,,,
6075,8/14/2026 16:44,75.2,17.6523,,,,,
6076,8/14/2026 16:59,75.43,17.435,,,,,
6077,8/14/2026 17:14,75.65,17.2291,,,,,
6078,8/14/2026 17:29,75.87,17.0383,,,,,
6079,8/14/2026 17:44,76.05,16.8583,,,,,
6080,8/14/2026 17:59,76.2,16.6777,,,,,
6081,8/14/2026 18:14,76.31,16.5228,,,,,
6082,8/14/2026 18:29,76.41,16.3704,,,,,
6083,8/14/2026 18:44,76.48,16.2269,,,,,
6084,8/14/2026 18:59,76.55,16.0902,,,,,
6085,8/14/2026 19:14,76.62,15.9667,,,,,
6086,8/14/2026 19:29,76.68,15.8458,,,,,
6087,8/14/2026 19:44,76.71,15.7336,,,,,
6088,8/14/2026 19:59,76.71,15.6208,,,,,
6089,8/14/2026 20:14,76.71,15.5192,,,,,
6090,8/14/2026 20:29,76.7,15.4245,,,,,
6091,8/14/2026 20:44,76.68,15.3416,,,,,
6092,8/14/2026 20:59,76.65,15.2693,,,,,
6093,8/14/2026 21:14,76.63,15.2313,,,,,
6094,8/14/2026 21:29,76.53,15.3332,,,,,
6095,8/14/2026 21:44,76.49,15.4315,,,,,
6096,8/14/2026 21:59,76.47,15.5767,,,,,
6097,8/14/2026 22:14,76.45,15.7861,,,,,
6098,8/14/2026 22:29,76.38,16.0424,,,,,
6099,8/14/2026 22:44,76.27,16.3364,,,,,
6100,8/14/2026 22:59,75.9,16.662,,,,,
6101,8/14/2026 23:14,75.53,17.0113,,,,,
6102,8/14/2026 23:29,75.26,17.3712,,,,,
6103,8/14/2026 23:44,74.91,17.7428,,,,,
6104,8/14/2026 23:59,74.77,18.1241,,,,,
6105,8/15/2026 0:14,74.54,18.4617,,,,,
6106,8/15/2026 0:29,74.27,18.7731,,,,,
6107,8/15/2026 0:44,74,19.0274,,,,,
6108,8/15/2026 0:59,73.72,19.2295,,,,,
6109,8/15/2026 1:14,73.49,19.3673,,,,,
6110,8/15/2026 1:29,73.33,19.4523,,,,,
6111,8/15/2026 1:44,73.2,19.5165,,,,,
6112,8/15/2026 1:59,73.13,19.5499,,,,,
6113,8/15/2026 2:14,73.06,19.5725,,,,,
6114,8/15/2026 2:29,72.97,19.5615,,,,,
6115,8/15/2026 2:44,72.88,19.5094,,,,,
6116,8/15/2026 2:59,72.85,19.4246,,,,,
6117,8/15/2026 3:14,72.8,19.305,,,,,
6118,8/15/2026 3:29,72.74,19.1539,,,,,
6119,8/15/2026 3:44,72.85,18.9843,,,,,
6120,8/15/2026 3:59,72.87,18.8007,,,,,
6121,8/15/2026 4:14,72.94,18.5985,,,,,
6122,8/15/2026 4:29,73.01,18.3801,,,,,
6123,8/15/2026 4:44,73.07,18.1637,,,,,
6124,8/15/2026 4:59,73.22,17.947,,,,,
6125,8/15/2026 5:14,73.4,17.73,,,,,
6126,8/15/2026 5:29,73.58,17.5169,,,,,
6127,8/15/2026 5:44,73.74,17.3165,,,,,
6128,8/15/2026 5:59,73.86,17.1148,,,,,
6129,8/15/2026 6:14,73.93,16.9302,,,,,
6130,8/15/2026 6:29,73.98,16.7568,,,,,
6131,8/15/2026 6:44,74.02,16.5943,,,,,
6132,8/15/2026 6:59,74.07,16.4411,,,,,
6133,8/15/2026 7:14,74.11,16.2938,,,,,
6134,8/15/2026 7:29,74.15,16.1608,,,,,
6135,8/15/2026 7:44,74.19,16.0292,,,,,
6136,8/15/2026 7:59,74.27,15.9026,,,,,
6137,8/15/2026 8:14,74.34,15.7843,,,,,
6138,8/15/2026 8:29,74.43,15.671,,,,,
6139,8/15/2026 8:44,74.55,15.5647,,,,,
6140,8/15/2026 8:59,74.67,15.4628,,,,,
6141,8/15/2026 9:14,74.81,15.3734,,,,,
6142,8/15/2026 9:29,74.97,15.2891,,,,,
6143,8/15/2026 9:44,75.13,15.2246,,,,,
6144,8/15/2026 9:59,75.37,15.2432,,,,,
6145,8/15/2026 10:14,75.47,15.351,,,,,
6146,8/15/2026 10:29,75.58,15.4527,,,,,
6147,8/15/2026 10:44,75.35,15.618,,,,,
6148,8/15/2026 10:59,74.9,15.8553,,,,,
6149,8/15/2026 11:14,74.8,16.1278,,,,,
6150,8/15/2026 11:29,74.78,16.4426,,,,,
6151,8/15/2026 11:44,74.94,16.7727,,,,,
6152,8/15/2026 11:59,74.57,17.1289,,,,,
6153,8/15/2026 12:14,74.55,17.5021,,,,,
6154,8/15/2026 12:29,74.41,17.8667,,,,,
6155,8/15/2026 12:44,73.97,18.218,,,,,
6156,8/15/2026 12:59,73.72,18.5417,,,,,
6157,8/15/2026 13:14,73.65,18.8234,,,,,
6158,8/15/2026 13:29,73.58,19.0529,,,,,
6159,8/15/2026 13:44,73.48,19.2277,,,,,
6160,8/15/2026 13:59,73.41,19.34,,,,,
6161,8/15/2026 14:14,73.31,19.4093,,,,,
6162,8/15/2026 14:29,73.11,19.4524,,,,,
6163,8/15/2026 14:44,72.97,19.4628,,,,,
6164,8/15/2026 14:59,72.88,19.4512,,,,,
6165,8/15/2026 15:14,72.84,19.3892,,,,,
6166,8/15/2026 15:29,72.86,19.2989,,,,,
6167,8/15/2026 15:44,72.8,19.1515,,,,,
6168,8/15/2026 15:59,73.03,18.9809,,,,,
6169,8/15/2026 16:14,73.34,18.8025,,,,,
6170,8/15/2026 16:29,73.69,18.6009,,,,,
6171,8/15/2026 16:44,73.82,18.3933,,,,,
6172,8/15/2026 16:59,73.92,18.1788,,,,,
6173,8/15/2026 17:14,74.03,17.9558,,,,,
6174,8/15/2026 17:29,74.12,17.7372,,,,,
6175,8/15/2026 17:44,74.25,17.5359,,,,,
6176,8/15/2026 17:59,74.42,17.3311,,,,,
6177,8/15/2026 18:14,74.61,17.1384,,,,,
6178,8/15/2026 18:29,74.78,16.9552,,,,,
6179,8/15/2026 18:44,74.93,16.7814,,,,,
6180,8/15/2026 18:59,75.03,16.6177,,,,,
6181,8/15/2026 19:14,75.15,16.4609,,,,,
6182,8/15/2026 19:29,75.24,16.3161,,,,,
6183,8/15/2026 19:44,75.3,16.1813,,,,,
6184,8/15/2026 19:59,75.36,16.0515,,,,,
6185,8/15/2026 20:14,75.38,15.9305,,,,,
6186,8/15/2026 20:29,75.43,15.8146,,,,,
6187,8/15/2026 20:44,75.44,15.7048,,,,,
6188,8/15/2026 20:59,75.43,15.6014,,,,,
6189,8/15/2026 21:14,75.41,15.5035,,,,,
6190,8/15/2026 21:29,75.4,15.4113,,,,,
6191,8/15/2026 21:44,75.38,15.334,,,,,
6192,8/15/2026 21:59,75.36,15.2786,,,,,
6193,8/15/2026 22:14,75.32,15.3264,,,,,
6194,8/15/2026 22:29,75.2,15.4252,,,,,
6195,8/15/2026 22:44,75.2,15.5411,,,,,
6196,8/15/2026 22:59,75.19,15.7074,,,,,
6197,8/15/2026 23:14,75.12,15.9293,,,,,
6198,8/15/2026 23:29,75.01,16.1938,,,,,
6199,8/15/2026 23:44,74.81,16.4927,,,,,
6200,8/15/2026 23:59,74.35,16.8146,,,,,
6201,8/16/2026 0:14,74.03,17.1459,,,,,
6202,8/16/2026 0:29,73.71,17.5034,,,,,
6203,8/16/2026 0:44,73.44,17.8608,,,,,
6204,8/16/2026 0:59,73.43,18.1985,,,,,
6205,8/16/2026 1:14,73.3,18.5149,,,,,
6206,8/16/2026 1:29,73.11,18.8032,,,,,
6207,8/16/2026 1:44,72.87,19.0368,,,,,
6208,8/16/2026 1:59,72.66,19.22,,,,,
6209,8/16/2026 2:14,72.48,19.3396,,,,,
6210,8/16/2026 2:29,72.35,19.4057,,,,,
6211,8/16/2026 2:44,72.24,19.4415,,,,,
6212,8/16/2026 2:59,72.18,19.4584,,,,,
6213,8/16/2026 3:14,72.15,19.4457,,,,,
6214,8/16/2026 3:29,72.13,19.3951,,,,,
6215,8/16/2026 3:44,72.14,19.311,,,,,
6216,8/16/2026 3:59,72.09,19.1865,,,,,
6217,8/16/2026 4:14,72.05,19.0197,,,,,
6218,8/16/2026 4:29,72.06,18.8411,,,,,
6219,8/16/2026 4:44,72.13,18.642,,,,,
6220,8/16/2026 4:59,72.2,18.445,,,,,
6221,8/16/2026 5:14,72.29,18.2274,,,,,
6222,8/16/2026 5:29,72.39,18.0225,,,,,
6223,8/16/2026 5:44,72.51,17.8097,,,,,
6224,8/16/2026 5:59,72.63,17.6052,,,,,
6225,8/16/2026 6:14,72.76,17.4072,,,,,
6226,8/16/2026 6:29,72.85,17.2092,,,,,
6227,8/16/2026 6:44,72.93,17.0276,,,,,
6228,8/16/2026 6:59,73.01,16.8506,,,,,
6229,8/16/2026 7:14,73.08,16.6855,,,,,
6230,8/16/2026 7:29,73.15,16.5286,,,,,
6231,8/16/2026 7:44,73.22,16.3819,,,,,
6232,8/16/2026 7:59,73.29,16.2409,,,,,
6233,8/16/2026 8:14,73.38,16.108,,,,,
6234,8/16/2026 8:29,73.49,15.9816,,,,,
6235,8/16/2026 8:44,73.61,15.8645,,,,,
6236,8/16/2026 8:59,73.73,15.7482,,,,,
6237,8/16/2026 9:14,73.86,15.6437,,,,,
6238,8/16/2026 9:29,74,15.5443,,,,,
6239,8/16/2026 9:44,74.18,15.4512,,,,,
6240,8/16/2026 9:59,74.31,15.3649,,,,,
6241,8/16/2026 10:14,74.47,15.2987,,,,,
6242,8/16/2026 10:29,74.69,15.2829,,,,,
6243,8/16/2026 10:44,75.08,15.3808,,,,,
6244,8/16/2026 10:59,75.19,15.47,,,,,
6245,8/16/2026 11:14,75.07,15.6012,,,,,
6246,8/16/2026 11:29,74.59,15.796,,,,,
6247,8/16/2026 11:44,74.45,16.0297,,,,,
6248,8/16/2026 11:59,74.42,16.2969,,,,,
6249,8/16/2026 12:14,74.64,16.5949,,,,,
6250,8/16/2026 12:29,74.9,16.9053,,,,,
6251,8/16/2026 12:44,74.63,17.2381,,,,,
6252,8/16/2026 12:59,74.76,17.5816,,,,,
6253,8/16/2026 13:14,74.62,17.9263,,,,,
6254,8/16/2026 13:29,74.22,18.2563,,,,,
6255,8/16/2026 13:44,73.93,18.5636,,,,,
6256,8/16/2026 13:59,73.88,18.8271,,,,,
6257,8/16/2026 14:14,73.84,19.0479,,,,,
6258,8/16/2026 14:29,73.78,19.205,,,,,
6259,8/16/2026 14:44,73.67,19.3096,,,,,
6260,8/16/2026 14:59,73.5,19.3718,,,,,
6261,8/16/2026 15:14,73.35,19.4005,,,,,
6262,8/16/2026 15:29,73.22,19.4046,,,,,
6263,8/16/2026 15:44,73.14,19.3855,,,,,
6264,8/16/2026 15:59,73.13,19.3343,,,,,
6265,8/16/2026 16:14,73.21,19.239,,,,,
6266,8/16/2026 16:29,73.03,19.1079,,,,,
6267,8/16/2026 16:44,73.31,18.9381,,,,,
6268,8/16/2026 16:59,73.78,18.7486,,,,,
6269,8/16/2026 17:14,74.12,18.5502,,,,,
6270,8/16/2026 17:29,74.16,18.3443,,,,,
6271,8/16/2026 17:44,74.25,18.1399,,,,,
6272,8/16/2026 17:59,74.35,17.9326,,,,,
6273,8/16/2026 18:14,74.42,17.7209,,,,,
6274,8/16/2026 18:29,74.5,17.5151,,,,,
6275,8/16/2026 18:44,74.6,17.3158,,,,,
6276,8/16/2026 18:59,74.73,17.123,,,,,
6277,8/16/2026 19:14,74.85,16.9371,,,,,
6278,8/16/2026 19:29,74.95,16.7601,,,,,
6279,8/16/2026 19:44,75.02,16.6014,,,,,
6280,8/16/2026 19:59,75.07,16.4457,,,,,
6281,8/16/2026 20:14,75.1,16.2996,,,,,
6282,8/16/2026 20:29,75.12,16.1609,,,,,
6283,8/16/2026 20:44,75.14,16.0323,,,,,
6284,8/16/2026 20:59,75.14,15.9088,,,,,
6285,8/16/2026 21:14,75.12,15.7971,,,,,
6286,8/16/2026 21:29,75.11,15.6861,,,,,
6287,8/16/2026 21:44,75.09,15.5807,,,,,
6288,8/16/2026 21:59,75.06,15.4847,,,,,
6289,8/16/2026 22:14,75.02,15.39,,,,,
6290,8/16/2026 22:29,74.99,15.3133,,,,,
6291,8/16/2026 22:44,74.96,15.266,,,,,
6292,8/16/2026 22:59,74.88,15.3418,,,,,
6293,8/16/2026 23:14,74.84,15.4295,,,,,
6294,8/16/2026 23:29,74.84,15.5497,,,,,
6295,8/16/2026 23:44,74.89,15.7193,,,,,
6296,8/16/2026 23:59,74.9,15.9339,,,,,
6297,8/17/2026 0:14,74.91,16.1655,,,,,
6298,8/17/2026 0:29,74.81,16.4314,,,,,
6299,8/17/2026 0:44,74.54,16.7086,,,,,
6300,8/17/2026 0:59,74.28,17.0142,,,,,
6301,8/17/2026 1:14,74.08,17.3279,,,,,
6302,8/17/2026 1:29,73.75,17.6491,,,,,
6303,8/17/2026 1:44,73.73,17.9651,,,,,
6304,8/17/2026 1:59,73.72,18.2633,,,,,
6305,8/17/2026 2:14,73.59,18.5282,,,,,
6306,8/17/2026 2:29,73.38,18.749,,,,,
6307,8/17/2026 2:44,73.14,18.9295,,,,,
6308,8/17/2026 2:59,72.94,19.0577,,,,,
6309,8/17/2026 3:14,72.8,19.1477,,,,,
6310,8/17/2026 3:29,72.7,19.193,,,,,
6311,8/17/2026 3:44,72.61,19.1978,,,,,
6312,8/17/2026 3:59,72.55,19.1699,,,,,
6313,8/17/2026 4:14,72.49,19.1078,,,,,
6314,8/17/2026 4:29,72.5,19.0037,,,,,
6315,8/17/2026 4:44,72.48,18.8585,,,,,
6316,8/17/2026 4:59,72.57,18.6922,,,,,
6317,8/17/2026 5:14,72.67,18.5154,,,,,
6318,8/17/2026 5:29,72.87,18.3275,,,,,
6319,8/17/2026 5:44,72.97,18.1446,,,,,
6320,8/17/2026 5:59,73.12,17.9481,,,,,
6321,8/17/2026 6:14,73.27,17.7643,,,,,
6322,8/17/2026 6:29,73.4,17.5705,,,,,
6323,8/17/2026 6:44,73.51,17.3962,,,,,
6324,8/17/2026 6:59,73.59,17.2039,,,,,
6325,8/17/2026 7:14,73.66,17.0317,,,,,
6326,8/17/2026 7:29,73.73,16.8596,,,,,
6327,8/17/2026 7:44,73.81,16.7064,,,,,
6328,8/17/2026 7:59,73.88,16.5464,,,,,
6329,8/17/2026 8:14,73.93,16.4021,,,,,
6330,8/17/2026 8:29,73.99,16.2629,,,,,
6331,8/17/2026 8:44,74.05,16.1269,,,,,
6332,8/17/2026 8:59,74.11,15.999,,,,,
6333,8/17/2026 9:14,74.17,15.8737,,,,,
6334,8/17/2026 9:29,74.22,15.761,,,,,
6335,8/17/2026 9:44,74.26,15.6576,,,,,
6336,8/17/2026 9:59,74.28,15.5523,,,,,
6337,8/17/2026 10:14,74.3,15.4558,,,,,
6338,8/17/2026 10:29,74.34,15.3712,,,,,
6339,8/17/2026 10:44,74.37,15.3041,,,,,
6340,8/17/2026 10:59,74.44,15.2905,,,,,
6341,8/17/2026 11:14,74.62,15.3911,,,,,
6342,8/17/2026 11:29,74.67,15.4858,,,,,
6343,8/17/2026 11:44,74.74,15.6168,,,,,
6344,8/17/2026 11:59,74.6,15.801,,,,,
6345,8/17/2026 12:14,74.55,16.0037,,,,,
6346,8/17/2026 12:29,74.5,16.2327,,,,,
6347,8/17/2026 12:44,74.43,16.4882,,,,,
6348,8/17/2026 12:59,74.37,16.7645,,,,,
6349,8/17/2026 13:14,74.28,17.0625,,,,,
6350,8/17/2026 13:29,74.15,17.365,,,,,
6351,8/17/2026 13:44,74.1,17.6813,,,,,
6352,8/17/2026 13:59,73.84,17.9849,,,,,
6353,8/17/2026 14:14,73.59,18.2813,,,,,
6354,8/17/2026 14:29,73.34,18.5421,,,,,
6355,8/17/2026 14:44,73.17,18.7687,,,,,
6356,8/17/2026 14:59,73.05,18.9576,,,,,
6357,8/17/2026 15:14,72.91,19.0911,,,,,
6358,8/17/2026 15:29,72.78,19.1698,,,,,
6359,8/17/2026 15:44,72.72,19.2233,,,,,
6360,8/17/2026 15:59,72.67,19.2434,,,,,
6361,8/17/2026 16:14,72.62,19.2433,,,,,
6362,8/17/2026 16:29,72.57,19.2148,,,,,
6363,8/17/2026 16:44,72.55,19.1503,,,,,
6364,8/17/2026 16:59,72.55,19.0575,,,,,
6365,8/17/2026 17:14,72.56,18.9079,,,,,
6366,8/17/2026 17:29,72.8,18.7501,,,,,
6367,8/17/2026 17:44,72.96,18.562,,,,,
6368,8/17/2026 17:59,73.06,18.3739,,,,,
6369,8/17/2026 18:14,73.11,18.1833,,,,,
6370,8/17/2026 18:29,73.18,17.9815,,,,,
6371,8/17/2026 18:44,73.3,17.7775,,,,,
6372,8/17/2026 18:59,73.46,17.5794,,,,,
6373,8/17/2026 19:14,73.63,17.3884,,,,,
6374,8/17/2026 19:29,73.79,17.2062,,,,,
6375,8/17/2026 19:44,73.94,17.0279,,,,,
6376,8/17/2026 19:59,74.09,16.8472,,,,,
6377,8/17/2026 20:14,74.2,16.6835,,,,,
6378,8/17/2026 20:29,74.3,16.5279,,,,,
6379,8/17/2026 20:44,74.37,16.3811,,,,,
6380,8/17/2026 20:59,74.42,16.2463,,,,,
6381,8/17/2026 21:14,74.47,16.1103,,,,,
6382,8/17/2026 21:29,74.52,15.9849,,,,,
6383,8/17/2026 21:44,74.55,15.8627,,,,,
6384,8/17/2026 21:59,74.57,15.7505,,,,,
6385,8/17/2026 22:14,74.58,15.6439,,,,,
6386,8/17/2026 22:29,74.6,15.5455,,,,,
6387,8/17/2026 22:44,74.59,15.4489,,,,,
6388,8/17/2026 22:59,74.59,15.3642,,,,,
6389,8/17/2026 23:14,74.59,15.297,,,,,
6390,8/17/2026 23:29,74.58,15.2827,,,,,
6391,8/17/2026 23:44,74.52,15.3703,,,,,
6392,8/17/2026 23:59,74.52,15.4606,,,,,
6393,8/18/2026 0:14,74.51,15.5864,,,,,
6394,8/18/2026 0:29,74.48,15.7528,,,,,
6395,8/18/2026 0:44,74.45,15.9473,,,,,
6396,8/18/2026 0:59,74.39,16.1657,,,,,
6397,8/18/2026 1:14,74.3,16.4004,,,,,
6398,8/18/2026 1:29,74.11,16.6645,,,,,
6399,8/18/2026 1:44,73.9,16.9332,,,,,
6400,8/18/2026 1:59,73.72,17.2104,,,,,
6401,8/18/2026 2:14,73.5,17.4941,,,,,
6402,8/18/2026 2:29,73.35,17.7707,,,,,
6403,8/18/2026 2:44,73.24,18.032,,,,,
6404,8/18/2026 2:59,73.1,18.2802,,,,,
6405,8/18/2026 3:14,72.94,18.4927,,,,,
6406,8/18/2026 3:29,72.75,18.6788,,,,,
6407,8/18/2026 3:44,72.58,18.8121,,,,,
6408,8/18/2026 3:59,72.46,18.9115,,,,,
6409,8/18/2026 4:14,72.32,18.9648,,,,,
6410,8/18/2026 4:29,72.21,18.9702,,,,,
6411,8/18/2026 4:44,72.18,18.9411,,,,,
6412,8/18/2026 4:59,72.2,18.8654,,,,,
6413,8/18/2026 5:14,72.14,18.7366,,,,,
6414,8/18/2026 5:29,72.27,18.6121,,,,,
6415,8/18/2026 5:44,72.38,18.4391,,,,,
6416,8/18/2026 5:59,72.57,18.2853,,,,,
6417,8/18/2026 6:14,72.73,18.1283,,,,,
6418,8/18/2026 6:29,72.79,17.9587,,,,,
6419,8/18/2026 6:44,72.9,17.798,,,,,
6420,8/18/2026 6:59,73.01,17.6261,,,,,
6421,8/18/2026 7:14,73.11,17.4531,,,,,
6422,8/18/2026 7:29,73.21,17.2846,,,,,
6423,8/18/2026 7:44,73.31,17.1155,,,,,
6424,8/18/2026 7:59,73.41,16.9579,,,,,
6425,8/18/2026 8:14,73.5,16.7978,,,,,
6426,8/18/2026 8:29,73.62,16.6472,,,,,
6427,8/18/2026 8:44,73.73,16.5036,,,,,
6428,8/18/2026 8:59,73.82,16.3656,,,,,
6429,8/18/2026 9:14,73.91,16.2359,,,,,
6430,8/18/2026 9:29,73.99,16.1086,,,,,
6431,8/18/2026 9:44,74.05,15.9889,,,,,
6432,8/18/2026 9:59,74.11,15.8718,,,,,
6433,8/18/2026 10:14,74.17,15.7634,,,,,
6434,8/18/2026 10:29,74.25,15.6607,,,,,
6435,8/18/2026 10:44,74.33,15.5705,,,,,
6436,8/18/2026 10:59,74.4,15.4828,,,,,
6437,8/18/2026 11:14,74.46,15.4107,,,,,
6438,8/18/2026 11:29,74.49,15.3734,,,,,
6439,8/18/2026 11:44,74.61,15.4415,,,,,
6440,8/18/2026 11:59,74.75,15.5327,,,,,
6441,8/18/2026 12:14,74.77,15.6461,,,,,
6442,8/18/2026 12:29,74.51,15.7984,,,,,
6443,8/18/2026 12:44,74.43,15.9735,,,,,
6444,8/18/2026 12:59,74.38,16.1844,,,,,
6445,8/18/2026 13:14,74.32,16.4048,,,,,
6446,8/18/2026 13:29,74.28,16.6455,,,,,
6447,8/18/2026 13:44,74.28,16.904,,,,,
6448,8/18/2026 13:59,74.26,17.1771,,,,,
6449,8/18/2026 14:14,74.19,17.4573,,,,,
6450,8/18/2026 14:29,74.19,17.7424,,,,,
6451,8/18/2026 14:44,74.09,18.0194,,,,,
6452,8/18/2026 14:59,73.97,18.2853,,,,,
6453,8/18/2026 15:14,73.82,18.5218,,,,,
6454,8/18/2026 15:29,73.68,18.727,,,,,
6455,8/18/2026 15:44,73.57,18.8995,,,,,
6456,8/18/2026 15:59,73.46,19.0249,,,,,
6457,8/18/2026 16:14,73.34,19.1105,,,,,
6458,8/18/2026 16:29,73.24,19.1563,,,,,
6459,8/18/2026 16:44,73.11,19.1737,,,,,
6460,8/18/2026 16:59,73.05,19.1698,,,,,
6461,8/18/2026 17:14,73.02,19.1186,,,,,
6462,8/18/2026 17:29,73.05,19.0549,,,,,
6463,8/18/2026 17:44,72.98,18.9329,,,,,
6464,8/18/2026 17:59,73.18,18.787,,,,,
6465,8/18/2026 18:14,73.43,18.6154,,,,,
6466,8/18/2026 18:29,73.71,18.4378,,,,,
6467,8/18/2026 18:44,73.81,18.261,,,,,
6468,8/18/2026 18:59,73.87,18.078,,,,,
6469,8/18/2026 19:14,73.95,17.9003,,,,,
6470,8/18/2026 19:29,74.05,17.7201,,,,,
6471,8/18/2026 19:44,74.17,17.5414,,,,,
6472,8/18/2026 19:59,74.27,17.3672,,,,,
6473,8/18/2026 20:14,74.38,17.1924,,,,,
6474,8/18/2026 20:29,74.48,17.0172,,,,,
6475,8/18/2026 20:44,74.55,16.862,,,,,
6476,8/18/2026 20:59,74.62,16.6994,,,,,
6477,8/18/2026 21:14,74.66,16.5531,,,,,
6478,8/18/2026 21:29,74.7,16.4112,,,,,
6479,8/18/2026 21:44,74.73,16.2757,,,,,
6480,8/18/2026 21:59,74.76,16.1446,,,,,
6481,8/18/2026 22:14,74.8,16.0223,,,,,
6482,8/18/2026 22:29,74.82,15.9038,,,,,
6483,8/18/2026 22:44,74.84,15.7897,,,,,
6484,8/18/2026 22:59,74.84,15.6862,,,,,
6485,8/18/2026 23:14,74.85,15.5883,,,,,
6486,8/18/2026 23:29,74.86,15.4993,,,,,
6487,8/18/2026 23:44,74.86,15.4171,,,,,
6488,8/18/2026 23:59,74.87,15.3604,,,,,
6489,8/19/2026 0:14,74.88,15.3467,,,,,
6490,8/19/2026 0:29,74.78,15.4337,,,,,
6491,8/19/2026 0:44,74.78,15.5253,,,,,
6492,8/19/2026 0:59,74.79,15.6493,,,,,
6493,8/19/2026 1:14,74.77,15.8051,,,,,
6494,8/19/2026 1:29,74.73,15.9853,,,,,
6495,8/19/2026 1:44,74.65,16.1781,,,,,
6496,8/19/2026 1:59,74.57,16.3834,,,,,
6497,8/19/2026 2:14,74.41,16.6051,,,,,
6498,8/19/2026 2:29,74.22,16.8456,,,,,
6499,8/19/2026 2:44,74.05,17.1015,,,,,
6500,8/19/2026 2:59,73.88,17.3538,,,,,
6501,8/19/2026 3:14,73.67,17.6094,,,,,
6502,8/19/2026 3:29,73.59,17.8542,,,,,
6503,8/19/2026 3:44,73.51,18.0797,,,,,
6504,8/19/2026 3:59,73.39,18.2853,,,,,
6505,8/19/2026 4:14,73.23,18.4555,,,,,
6506,8/19/2026 4:29,73.06,18.5956,,,,,
6507,8/19/2026 4:44,72.87,18.7087,,,,,
6508,8/19/2026 4:59,72.71,18.7707,,,,,
6509,8/19/2026 5:14,72.57,18.7837,,,,,
6510,8/19/2026 5:29,72.47,18.7469,,,,,
6511,8/19/2026 5:44,72.51,18.6662,,,,,
6512,8/19/2026 5:59,72.49,18.5553,,,,,
6513,8/19/2026 6:14,72.71,18.414,,,,,
6514,8/19/2026 6:29,72.9,18.2778,,,,,
6515,8/19/2026 6:44,73.07,18.1285,,,,,
6516,8/19/2026 6:59,73.18,17.9903,,,,,
6517,8/19/2026 7:14,73.3,17.8341,,,,,
6518,8/19/2026 7:29,73.36,17.7004,,,,,
6519,8/19/2026 7:44,73.46,17.5411,,,,,
6520,8/19/2026 7:59,73.55,17.3938,,,,,
6521,8/19/2026 8:14,73.65,17.2347,,,,,
6522,8/19/2026 8:29,73.74,17.0857,,,,,
6523,8/19/2026 8:44,73.84,16.9331,,,,,
6524,8/19/2026 8:59,73.95,16.7893,,,,,
6525,8/19/2026 9:14,74.05,16.65,,,,,
6526,8/19/2026 9:29,74.17,16.5114,,,,,
6527,8/19/2026 9:44,74.31,16.3779,,,,,
6528,8/19/2026 9:59,74.47,16.2495,,,,,
6529,8/19/2026 10:14,74.6,16.1305,,,,,
6530,8/19/2026 10:29,74.77,16.0135,,,,,
6531,8/19/2026 10:44,74.99,15.8997,,,,,
6532,8/19/2026 10:59,75.26,15.7992,,,,,
6533,8/19/2026 11:14,75.48,15.7049,,,,,
6534,8/19/2026 11:29,75.72,15.6175,,,,,
6535,8/19/2026 11:44,75.91,15.5456,,,,,
6536,8/19/2026 11:59,76.13,15.5068,,,,,
6537,8/19/2026 12:14,76.49,15.5462,,,,,
6538,8/19/2026 12:29,76.86,15.6161,,,,,
6539,8/19/2026 12:44,76.38,15.7167,,,,,
6540,8/19/2026 12:59,75.97,15.8362,,,,,
6541,8/19/2026 13:14,75.82,15.9932,,,,,
6542,8/19/2026 13:29,75.74,16.1603,,,,,
6543,8/19/2026 13:44,75.92,16.3538,,,,,
6544,8/19/2026 13:59,75.89,16.5588,,,,,
6545,8/19/2026 14:14,76.21,16.7748,,,,,
6546,8/19/2026 14:29,76.46,17.0114,,,,,
6547,8/19/2026 14:44,76.58,17.2575,,,,,
6548,8/19/2026 14:59,76.64,17.5067,,,,,
6549,8/19/2026 15:14,76.43,17.7569,,,,,
6550,8/19/2026 15:29,76.13,18.0002,,,,,
6551,8/19/2026 15:44,75.86,18.2355,,,,,
6552,8/19/2026 15:59,75.5,18.4431,,,,,
6553,8/19/2026 16:14,75.38,18.6389,,,,,
6554,8/19/2026 16:29,75.32,18.7882,,,,,
6555,8/19/2026 16:44,75.22,18.9009,,,,,
6556,8/19/2026 16:59,75.14,18.9828,,,,,
6557,8/19/2026 17:14,75.05,19.0388,,,,,
6558,8/19/2026 17:29,74.94,19.0581,,,,,
6559,8/19/2026 17:44,74.86,19.0351,,,,,
6560,8/19/2026 17:59,74.83,18.9972,,,,,
6561,8/19/2026 18:14,74.88,18.9096,,,,,
6562,8/19/2026 18:29,74.89,18.7992,,,,,
6563,8/19/2026 18:44,75.1,18.6471,,,,,
6564,8/19/2026 18:59,75.27,18.5025,,,,,
6565,8/19/2026 19:14,75.44,18.3479,,,,,
6566,8/19/2026 19:29,75.5,18.1868,,,,,
6567,8/19/2026 19:44,75.52,18.034,,,,,
6568,8/19/2026 19:59,75.63,17.8707,,,,,
6569,8/19/2026 20:14,75.74,17.7063,,,,,
6570,8/19/2026 20:29,75.87,17.5427,,,,,
6571,8/19/2026 20:44,76.01,17.3767,,,,,
6572,8/19/2026 20:59,76.13,17.2182,,,,,
6573,8/19/2026 21:14,76.21,17.0535,,,,,
6574,8/19/2026 21:29,76.26,16.8976,,,,,
6575,8/19/2026 21:44,76.27,16.7436,,,,,
6576,8/19/2026 21:59,76.25,16.5965,,,,,
6577,8/19/2026 22:14,76.21,16.4494,,,,,
6578,8/19/2026 22:29,76.16,16.3149,,,,,
6579,8/19/2026 22:44,76.11,16.1848,,,,,
6580,8/19/2026 22:59,76.05,16.0617,,,,,
6581,8/19/2026 23:14,76.01,15.9468,,,,,
6582,8/19/2026 23:29,75.96,15.8356,,,,,
6583,8/19/2026 23:44,75.91,15.7326,,,,,
6584,8/19/2026 23:59,75.87,15.6359,,,,,
6585,8/20/2026 0:14,75.85,15.5467,,,,,
6586,8/20/2026 0:29,75.82,15.4663,,,,,
6587,8/20/2026 0:44,75.79,15.409,,,,,
6588,8/20/2026 0:59,75.75,15.3914,,,,,
6589,8/20/2026 1:14,75.69,15.4511,,,,,
6590,8/20/2026 1:29,75.62,15.5425,,,,,
6591,8/20/2026 1:44,75.61,15.6466,,,,,
6592,8/20/2026 1:59,75.74,15.7909,,,,,
6593,8/20/2026 2:14,75.74,15.94,,,,,
6594,8/20/2026 2:29,75.73,16.1122,,,,,
6595,8/20/2026 2:44,75.7,16.2933,,,,,
6596,8/20/2026 2:59,75.65,16.4939,,,,,
6597,8/20/2026 3:14,75.52,16.6956,,,,,
6598,8/20/2026 3:29,75.38,16.9195,,,,,
6599,8/20/2026 3:44,75.25,17.1404,,,,,
6600,8/20/2026 3:59,75.12,17.3709,,,,,
6601,8/20/2026 4:14,74.89,17.5876,,,,,
6602,8/20/2026 4:29,74.77,17.8103,,,,,
6603,8/20/2026 4:44,74.7,18.0082,,,,,
6604,8/20/2026 4:59,74.59,18.1923,,,,,
6605,8/20/2026 5:14,74.45,18.3488,,,,,
6606,8/20/2026 5:29,74.3,18.4574,,,,,
6607,8/20/2026 5:44,74.13,18.5402,,,,,
6608,8/20/2026 5:59,73.99,18.5631,,,,,
6609,8/20/2026 6:14,73.93,18.5561,,,,,
6610,8/20/2026 6:29,73.94,18.5051,,,,,
6611,8/20/2026 6:44,73.88,18.4129,,,,,
6612,8/20/2026 6:59,73.96,18.2991,,,,,
6613,8/20/2026 7:14,74.2,18.1675,,,,,
6614,8/20/2026 7:29,74.32,18.0438,,,,,
6615,8/20/2026 7:44,74.4,17.9145,,,,,
6616,8/20/2026 7:59,74.46,17.7914,,,,,
6617,8/20/2026 8:14,74.52,17.6741,,,,,
6618,8/20/2026 8:29,74.63,17.5493,,,,,
6619,8/20/2026 8:44,74.75,17.4172,,,,,
6620,8/20/2026 8:59,74.91,17.2713,,,,,
6621,8/20/2026 9:14,75.05,17.13,,,,,
6622,8/20/2026 9:29,75.2,16.988,,,,,
6623,8/20/2026 9:44,75.34,16.8493,,,,,
6624,8/20/2026 9:59,75.47,16.7106,,,,,
6625,8/20/2026 10:14,75.59,16.5857,,,,,
6626,8/20/2026 10:29,75.76,16.4591,,,,,
6627,8/20/2026 10:44,75.9,16.3419,,,,,
6628,8/20/2026 10:59,76.03,16.2278,,,,,
6629,8/20/2026 11:14,76.17,16.1213,,,,,
6630,8/20/2026 11:29,76.35,16.0217,,,,,
6631,8/20/2026 11:44,76.54,15.926,,,,,
6632,8/20/2026 11:59,76.78,15.8342,,,,,
6633,8/20/2026 12:14,76.92,15.7577,,,,,
6634,8/20/2026 12:29,77.12,15.6908,,,,,
6635,8/20/2026 12:44,77.26,15.6755,,,,,
6636,8/20/2026 12:59,77.99,15.7132,,,,,
6637,8/20/2026 13:14,78.01,15.7918,,,,,
6638,8/20/2026 13:29,77.76,15.888,,,,,
6639,8/20/2026 13:44,77.47,16.0103,,,,,
6640,8/20/2026 13:59,77.21,16.1497,,,,,
6641,8/20/2026 14:14,77.13,16.3107,,,,,
6642,8/20/2026 14:29,77.31,16.4705,,,,,
6643,8/20/2026 14:44,77.34,16.6451,,,,,
6644,8/20/2026 14:59,77.56,16.8416,,,,,
6645,8/20/2026 15:14,77.88,17.0415,,,,,
6646,8/20/2026 15:29,78.08,17.264,,,,,
6647,8/20/2026 15:44,78.11,17.4938,,,,,
6648,8/20/2026 15:59,78.14,17.7168,,,,,
6649,8/20/2026 16:14,77.88,17.9482,,,,,
6650,8/20/2026 16:29,77.66,18.1573,,,,,
6651,8/20/2026 16:44,77.43,18.3677,,,,,
6652,8/20/2026 16:59,77.12,18.5396,,,,,
6653,8/20/2026 17:14,76.81,18.6978,,,,,
6654,8/20/2026 17:29,76.63,18.8267,,,,,
6655,8/20/2026 17:44,76.44,18.9215,,,,,
6656,8/20/2026 17:59,76.28,18.9799,,,,,
6657,8/20/2026 18:14,76.15,19.0149,,,,,
6658,8/20/2026 18:29,76.05,19.0146,,,,,
6659,8/20/2026 18:44,76.01,18.9937,,,,,
6660,8/20/2026 18:59,76.04,18.9237,,,,,
6661,8/20/2026 19:14,76.02,18.8258,,,,,
6662,8/20/2026 19:29,76.17,18.6988,,,,,
6663,8/20/2026 19:44,76.32,18.5472,,,,,
6664,8/20/2026 19:59,76.51,18.4008,,,,,
6665,8/20/2026 20:14,76.7,18.2463,,,,,
6666,8/20/2026 20:29,76.84,18.1012,,,,,
6667,8/20/2026 20:44,76.92,17.9504,,,,,
6668,8/20/2026 20:59,77.09,17.7961,,,,,
6669,8/20/2026 21:14,77.21,17.6286,,,,,
6670,8/20/2026 21:29,77.3,17.4856,,,,,
6671,8/20/2026 21:44,77.36,17.3288,,,,,
6672,8/20/2026 21:59,77.38,17.1765,,,,,
6673,8/20/2026 22:14,77.37,17.0222,,,,,
6674,8/20/2026 22:29,77.32,16.8736,,,,,
6675,8/20/2026 22:44,77.24,16.7257,,,,,
6676,8/20/2026 22:59,77.14,16.5827,,,,,
6677,8/20/2026 23:14,77.03,16.4505,,,,,
6678,8/20/2026 23:29,76.92,16.3328,,,,,
6679,8/20/2026 23:44,76.85,16.2126,,,,,
6680,8/20/2026 23:59,76.77,16.0982,,,,,
6681,8/21/2026 0:14,76.68,15.9881,,,,,
6682,8/21/2026 0:29,76.61,15.8862,,,,,
6683,8/21/2026 0:44,76.54,15.7807,,,,,
6684,8/21/2026 0:59,76.48,15.6895,,,,,
6685,8/21/2026 1:14,76.42,15.6083,,,,,
6686,8/21/2026 1:29,76.38,15.5335,,,,,
6687,8/21/2026 1:44,76.34,15.4935,,,,,
6688,8/21/2026 1:59,76.3,15.5034,,,,,
6689,8/21/2026 2:14,76.22,15.5736,,,,,
6690,8/21/2026 2:29,76.22,15.6622,,,,,
6691,8/21/2026 2:44,76.26,15.7688,,,,,
6692,8/21/2026 2:59,76.41,15.9089,,,,,
6693,8/21/2026 3:14,76.42,16.0525,,,,,
6694,8/21/2026 3:29,76.45,16.2005,,,,,
6695,8/21/2026 3:44,76.47,16.3706,,,,,
6696,8/21/2026 3:59,76.46,16.5469,,,,,
6697,8/21/2026 4:14,76.38,16.7344,,,,,
6698,8/21/2026 4:29,76.32,16.9309,,,,,
6699,8/21/2026 4:44,76.26,17.142,,,,,
6700,8/21/2026 4:59,76.18,17.3576,,,,,
6701,8/21/2026 5:14,76,17.5675,,,,,
6702,8/21/2026 5:29,75.81,17.7649,,,,,
6703,8/21/2026 5:44,75.72,17.9546,,,,,
6704,8/21/2026 5:59,75.61,18.1129,,,,,
6705,8/21/2026 6:14,75.48,18.239,,,,,
6706,8/21/2026 6:29,75.32,18.3369,,,,,
6707,8/21/2026 6:44,75.16,18.3983,,,,,
6708,8/21/2026 6:59,75.03,18.4314,,,,,
6709,8/21/2026 7:14,74.96,18.4293,,,,,
6710,8/21/2026 7:29,74.96,18.3575,,,,,
6711,8/21/2026 7:44,75.03,18.2689,,,,,
6712,8/21/2026 7:59,75.13,18.1652,,,,,
6713,8/21/2026 8:14,75.31,18.0624,,,,,
6714,8/21/2026 8:29,75.38,17.9488,,,,,
6715,8/21/2026 8:44,75.46,17.8572,,,,,
6716,8/21/2026 8:59,75.5,17.7548,,,,,
6717,8/21/2026 9:14,75.56,17.6506,,,,,
6718,8/21/2026 9:29,75.62,17.5283,,,,,
6719,8/21/2026 9:44,75.66,17.3821,,,,,
6720,8/21/2026 9:59,75.76,17.2588,,,,,
6721,8/21/2026 10:14,75.86,17.1204,,,,,
6722,8/21/2026 10:29,75.96,16.9978,,,,,
6723,8/21/2026 10:44,76.05,16.8627,,,,,
6724,8/21/2026 10:59,76.11,16.747,,,,,
6725,8/21/2026 11:14,76.16,16.6332,,,,,
6726,8/21/2026 11:29,76.23,16.5164,,,,,
6727,8/21/2026 11:44,76.27,16.4002,,,,,
6728,8/21/2026 11:59,76.3,16.2858,,,,,
6729,8/21/2026 12:14,76.34,16.1922,,,,,
6730,8/21/2026 12:29,76.35,16.0923,,,,,
6731,8/21/2026 12:44,76.36,16.0061,,,,,
6732,8/21/2026 12:59,76.39,15.9288,,,,,
6733,8/21/2026 13:14,76.41,15.864,,,,,
6734,8/21/2026 13:29,76.47,15.8273,,,,,
6735,8/21/2026 13:44,76.52,15.8243,,,,,
6736,8/21/2026 13:59,76.65,15.8701,,,,,
6737,8/21/2026 14:14,76.59,15.9598,,,,,
6738,8/21/2026 14:29,76.53,16.0502,,,,,
6739,8/21/2026 14:44,76.48,16.1737,,,,,
6740,8/21/2026 14:59,76.49,16.3118,,,,,
6741,8/21/2026 15:14,76.55,16.4658,,,,,
6742,8/21/2026 15:29,76.6,16.6166,,,,,
6743,8/21/2026 15:44,76.59,16.7793,,,,,
6744,8/21/2026 15:59,76.6,16.9604,,,,,
6745,8/21/2026 16:14,76.59,17.1465,,,,,
6746,8/21/2026 16:29,76.59,17.3428,,,,,
6747,8/21/2026 16:44,76.53,17.5448,,,,,
6748,8/21/2026 16:59,76.45,17.7538,,,,,
6749,8/21/2026 17:14,76.21,17.9538,,,,,
6750,8/21/2026 17:29,75.9,18.1569,,,,,
6751,8/21/2026 17:44,75.72,18.3347,,,,,
6752,8/21/2026 17:59,75.48,18.5093,,,,,
6753,8/21/2026 18:14,75.19,18.6485,,,,,
6754,8/21/2026 18:29,74.97,18.7672,,,,,
6755,8/21/2026 18:44,74.86,18.8433,,,,,
6756,8/21/2026 18:59,74.71,18.9086,,,,,
6757,8/21/2026 19:14,74.62,18.9367,,,,,
6758,8/21/2026 19:29,74.54,18.9302,,,,,
6759,8/21/2026 19:44,74.51,18.8967,,,,,
6760,8/21/2026 19:59,74.54,18.8286,,,,,
6761,8/21/2026 20:14,74.55,18.7284,,,,,
6762,8/21/2026 20:29,74.69,18.6032,,,,,
6763,8/21/2026 20:44,74.82,18.4699,,,,,
6764,8/21/2026 20:59,75.02,18.3261,,,,,
6765,8/21/2026 21:14,75.13,18.191,,,,,
6766,8/21/2026 21:29,75.26,18.0485,,,,,
6767,8/21/2026 21:44,75.4,17.9079,,,,,
6768,8/21/2026 21:59,75.54,17.7599,,,,,
6769,8/21/2026 22:14,75.74,17.6083,,,,,
6770,8/21/2026 22:29,75.87,17.456,,,,,
6771,8/21/2026 22:44,75.96,17.3044,,,,,
6772,8/21/2026 22:59,76.04,17.1635,,,,,
6773,8/21/2026 23:14,76.09,17.0169,,,,,
6774,8/21/2026 23:29,76.12,16.8729,,,,,
6775,8/21/2026 23:44,76.11,16.732,,,,,
6776,8/21/2026 23:59,76.1,16.5974,,,,,
6777,8/22/2026 0:14,76.09,16.4692,,,,,
6778,8/22/2026 0:29,76.06,16.3459,,,,,
6779,8/22/2026 0:44,76.03,16.224,,,,,
6780,8/22/2026 0:59,75.99,16.1103,,,,,
6781,8/22/2026 1:14,75.94,16.0022,,,,,
6782,8/22/2026 1:29,75.89,15.8978,,,,,
6783,8/22/2026 1:44,75.84,15.8079,,,,,
6784,8/22/2026 1:59,75.78,15.7217,,,,,
6785,8/22/2026 2:14,75.73,15.6493,,,,,
6786,8/22/2026 2:29,75.7,15.5913,,,,,
6787,8/22/2026 2:44,75.65,15.59,,,,,
6788,8/22/2026 2:59,75.56,15.6371,,,,,
6789,8/22/2026 3:14,75.48,15.7055,,,,,
6790,8/22/2026 3:29,75.5,15.7947,,,,,
6791,8/22/2026 3:44,75.58,15.9234,,,,,
6792,8/22/2026 3:59,75.57,16.0507,,,,,
6793,8/22/2026 4:14,75.57,16.195,,,,,
6794,8/22/2026 4:29,75.54,16.3417,,,,,
6795,8/22/2026 4:44,75.53,16.5074,,,,,
6796,8/22/2026 4:59,75.43,16.683,,,,,
6797,8/22/2026 5:14,75.23,16.8609,,,,,
6798,8/22/2026 5:29,75,17.0515,,,,,
6799,8/22/2026 5:44,74.77,17.2416,,,,,
6800,8/22/2026 5:59,74.56,17.4349,,,,,
6801,8/22/2026 6:14,74.25,17.6138,,,,,
6802,8/22/2026 6:29,73.99,17.7998,,,,,
6803,8/22/2026 6:44,73.87,17.9787,,,,,
6804,8/22/2026 6:59,73.76,18.1306,,,,,
6805,8/22/2026 7:14,73.62,18.2606,,,,,
6806,8/22/2026 7:29,73.52,18.3554,,,,,
6807,8/22/2026 7:44,73.43,18.4144,,,,,
6808,8/22/2026 7:59,73.36,18.4338,,,,,
6809,8/22/2026 8:14,73.31,18.4192,,,,,
6810,8/22/2026 8:29,73.34,18.3701,,,,,
6811,8/22/2026 8:44,73.33,18.2908,,,,,
6812,8/22/2026 8:59,73.4,18.1821,,,,,
6813,8/22/2026 9:14,73.55,18.0855,,,,,
6814,8/22/2026 9:29,73.62,17.9775,,,,,
6815,8/22/2026 9:44,73.74,17.8778,,,,,
6816,8/22/2026 9:59,73.74,17.7685,,,,,
6817,8/22/2026 10:14,73.84,17.6587,,,,,
6818,8/22/2026 10:29,73.98,17.5379,,,,,
6819,8/22/2026 10:44,74.08,17.4144,,,,,
6820,8/22/2026 10:59,74.22,17.2912,,,,,
6821,8/22/2026 11:14,74.37,17.1529,,,,,
6822,8/22/2026 11:29,74.52,17.0335,,,,,
6823,8/22/2026 11:44,74.63,16.9091,,,,,
6824,8/22/2026 11:59,74.73,16.7785,,,,,
6825,8/22/2026 12:14,74.88,16.6655,,,,,
6826,8/22/2026 12:29,74.97,16.5437,,,,,
6827,8/22/2026 12:44,75.01,16.4381,,,,,
6828,8/22/2026 12:59,75.03,16.3319,,,,,
6829,8/22/2026 13:14,75.03,16.2351,,,,,
6830,8/22/2026 13:29,75.04,16.1383,,,,,
6831,8/22/2026 13:44,75.06,16.0546,,,,,
6832,8/22/2026 13:59,75.06,15.9823,,,,,
6833,8/22/2026 14:14,75.1,15.933,,,,,
6834,8/22/2026 14:29,75.12,15.915,,,,,
6835,8/22/2026 14:44,75.15,15.9643,,,,,
6836,8/22/2026 14:59,75.1,16.0241,,,,,
6837,8/22/2026 15:14,75.03,16.1083,,,,,
6838,8/22/2026 15:29,74.98,16.2181,,,,,
6839,8/22/2026 15:44,74.95,16.343,,,,,
6840,8/22/2026 15:59,74.91,16.4717,,,,,
6841,8/22/2026 16:14,74.84,16.6129,,,,,
6842,8/22/2026 16:29,74.76,16.7629,,,,,
6843,8/22/2026 16:44,74.63,16.9298,,,,,
6844,8/22/2026 16:59,74.39,17.1072,,,,,
6845,8/22/2026 17:14,74.11,17.2997,,,,,
6846,8/22/2026 17:29,73.86,17.4924,,,,,
6847,8/22/2026 17:44,73.64,17.6796,,,,,
6848,8/22/2026 17:59,73.37,17.8914,,,,,
6849,8/22/2026 18:14,73.03,18.0843,,,,,
6850,8/22/2026 18:29,72.79,18.2801,,,,,
6851,8/22/2026 18:44,72.63,18.4573,,,,,
6852,8/22/2026 18:59,72.47,18.6157,,,,,
6853,8/22/2026 19:14,72.31,18.7465,,,,,
6854,8/22/2026 19:29,72.2,18.849,,,,,
6855,8/22/2026 19:44,72.09,18.9238,,,,,
6856,8/22/2026 19:59,71.94,18.9645,,,,,
6857,8/22/2026 20:14,71.85,18.9971,,,,,
6858,8/22/2026 20:29,71.81,18.9888,,,,,
6859,8/22/2026 20:44,71.79,18.949,,,,,
6860,8/22/2026 20:59,71.82,18.8772,,,,,
6861,8/22/2026 21:14,71.84,18.7801,,,,,
6862,8/22/2026 21:29,71.96,18.653,,,,,
6863,8/22/2026 21:44,72.06,18.5247,,,,,
6864,8/22/2026 21:59,72.23,18.3802,,,,,
6865,8/22/2026 22:14,72.39,18.2288,,,,,
6866,8/22/2026 22:29,72.48,18.0925,,,,,
6867,8/22/2026 22:44,72.58,17.9519,,,,,
6868,8/22/2026 22:59,72.7,17.7982,,,,,
6869,8/22/2026 23:14,72.92,17.6473,,,,,
6870,8/22/2026 23:29,73.09,17.4982,,,,,
6871,8/22/2026 23:44,73.25,17.3461,,,,,
6872,8/22/2026 23:59,73.4,17.1978,,,,,
6873,8/23/2026 0:14,73.55,17.0459,,,,,
6874,8/23/2026 0:29,73.71,16.8965,,,,,
6875,8/23/2026 0:44,73.84,16.7559,,,,,
6876,8/23/2026 0:59,73.96,16.6173,,,,,
6877,8/23/2026 1:14,74.06,16.4837,,,,,
6878,8/23/2026 1:29,74.14,16.3519,,,,,
6879,8/23/2026 1:44,74.19,16.2321,,,,,
6880,8/23/2026 1:59,74.22,16.1154,,,,,
6881,8/23/2026 2:14,74.23,16.0061,,,,,
6882,8/23/2026 2:29,74.24,15.9076,,,,,
6883,8/23/2026 2:44,74.24,15.8134,,,,,
6884,8/23/2026 2:59,74.23,15.7261,,,,,
6885,8/23/2026 3:14,74.22,15.6556,,,,,
6886,8/23/2026 3:29,74.2,15.6033,,,,,
6887,8/23/2026 3:44,74.18,15.5752,,,,,
6888,8/23/2026 3:59,74.15,15.6219,,,,,
6889,8/23/2026 4:14,74.01,15.6795,,,,,
6890,8/23/2026 4:29,74.05,15.7731,,,,,
6891,8/23/2026 4:44,74,15.8971,,,,,
6892,8/23/2026 4:59,73.93,16.0342,,,,,
6893,8/23/2026 5:14,73.89,16.1809,,,,,
6894,8/23/2026 5:29,73.77,16.3405,,,,,
6895,8/23/2026 5:44,73.69,16.5054,,,,,
6896,8/23/2026 5:59,73.51,16.6758,,,,,
6897,8/23/2026 6:14,73.24,16.8605,,,,,
6898,8/23/2026 6:29,72.93,17.0608,,,,,
6899,8/23/2026 6:44,72.65,17.2683,,,,,
6900,8/23/2026 6:59,72.37,17.471,,,,,
6901,8/23/2026 7:14,71.98,17.6609,,,,,
6902,8/23/2026 7:29,71.69,17.8393,,,,,
6903,8/23/2026 7:44,71.55,18.015,,,,,
6904,8/23/2026 7:59,71.42,18.1663,,,,,
6905,8/23/2026 8:14,71.27,18.2905,,,,,
6906,8/23/2026 8:29,71.18,18.3867,,,,,
6907,8/23/2026 8:44,71.11,18.4438,,,,,
6908,8/23/2026 8:59,71.05,18.4796,,,,,
6909,8/23/2026 9:14,71.02,18.4379,,,,,
6910,8/23/2026 9:29,71.05,18.4034,,,,,
6911,8/23/2026 9:44,71.01,18.3139,,,,,
6912,8/23/2026 9:59,71.1,18.2304,,,,,
6913,8/23/2026 10:14,71.21,18.1344,,,,,
6914,8/23/2026 10:29,71.3,18.0352,,,,,
6915,8/23/2026 10:44,71.42,17.9374,,,,,
6916,8/23/2026 10:59,71.42,17.8318,,,,,
6917,8/23/2026 11:14,71.55,17.6996,,,,,
6918,8/23/2026 11:29,71.74,17.5581,,,,,
6919,8/23/2026 11:44,71.92,17.4192,,,,,
6920,8/23/2026 11:59,72.2,17.2812,,,,,
6921,8/23/2026 12:14,72.42,17.1512,,,,,
6922,8/23/2026 12:29,72.66,17.0283,,,,,
6923,8/23/2026 12:44,72.77,16.8952,,,,,
6924,8/23/2026 12:59,72.92,16.7709,,,,,
6925,8/23/2026 13:14,73.03,16.651,,,,,
6926,8/23/2026 13:29,73.17,16.5318,,,,,
6927,8/23/2026 13:44,73.3,16.4158,,,,,
6928,8/23/2026 13:59,73.41,16.3029,,,,,
6929,8/23/2026 14:14,73.47,16.2069,,,,,
6930,8/23/2026 14:29,73.52,16.1127,,,,,
6931,8/23/2026 14:44,73.54,16.0278,,,,,
6932,8/23/2026 14:59,73.66,15.9613,,,,,
6933,8/23/2026 15:14,73.77,15.9247,,,,,
6934,8/23/2026 15:29,73.88,15.8975,,,,,
6935,8/23/2026 15:44,74.07,15.9303,,,,,
6936,8/23/2026 15:59,73.93,15.9931,,,,,
6937,8/23/2026 16:14,73.97,16.083,,,,,
6938,8/23/2026 16:29,74.04,16.1856,,,,,
6939,8/23/2026 16:44,73.77,16.3212,,,,,
6940,8/23/2026 16:59,73.68,16.4654,,,,,
6941,8/23/2026 17:14,73.6,16.6134,,,,,
6942,8/23/2026 17:29,73.47,16.7814,,,,,
6943,8/23/2026 17:44,73.27,16.9557,,,,,
6944,8/23/2026 17:59,73.22,17.1385,,,,,
6945,8/23/2026 18:14,73.09,17.3351,,,,,
6946,8/23/2026 18:29,72.9,17.5549,,,,,
6947,8/23/2026 18:44,72.72,17.7605,,,,,
6948,8/23/2026 18:59,72.44,17.9723,,,,,
6949,8/23/2026 19:14,72.11,18.1766,,,,,
6950,8/23/2026 19:29,71.79,18.3572,,,,,
6951,8/23/2026 19:44,71.6,18.5255,,,,,
6952,8/23/2026 19:59,71.47,18.6802,,,,,
6953,8/23/2026 20:14,71.35,18.7985,,,,,
6954,8/23/2026 20:29,71.29,18.9005,,,,,
6955,8/23/2026 20:44,71.23,18.9761,,,,,
6956,8/23/2026 20:59,71.18,19.017,,,,,
6957,8/23/2026 21:14,71.11,19.0421,,,,,
6958,8/23/2026 21:29,71.06,19.0376,,,,,
6959,8/23/2026 21:44,71.05,18.9921,,,,,
6960,8/23/2026 21:59,71.05,18.917,,,,,
6961,8/23/2026 22:14,71.04,18.7984,,,,,
6962,8/23/2026 22:29,71.14,18.6669,,,,,
6963,8/23/2026 22:44,71.22,18.5234,,,,,
6964,8/23/2026 22:59,71.35,18.3688,,,,,
6965,8/23/2026 23:14,71.51,18.2225,,,,,
6966,8/23/2026 23:29,71.59,18.0692,,,,,
6967,8/23/2026 23:44,71.71,17.9079,,,,,
6968,8/23/2026 23:59,71.97,17.7589,,,,,
6969,8/24/2026 0:14,72.16,17.591,,,,,
6970,8/24/2026 0:29,72.32,17.4357,,,,,
6971,8/24/2026 0:44,72.48,17.2717,,,,,
6972,8/24/2026 0:59,72.62,17.1185,,,,,
6973,8/24/2026 1:14,72.77,16.9659,,,,,
6974,8/24/2026 1:29,72.9,16.8134,,,,,
6975,8/24/2026 1:44,73.01,16.6678,,,,,
6976,8/24/2026 1:59,73.13,16.5274,,,,,
6977,8/24/2026 2:14,73.21,16.3894,,,,,
6978,8/24/2026 2:29,73.28,16.2596,,,,,
6979,8/24/2026 2:44,73.34,16.1392,,,,,
6980,8/24/2026 2:59,73.39,16.02,,,,,
6981,8/24/2026 3:14,73.42,15.9134,,,,,
6982,8/24/2026 3:29,73.46,15.8125,,,,,
6983,8/24/2026 3:44,73.48,15.7165,,,,,
6984,8/24/2026 3:59,73.48,15.6324,,,,,
6985,8/24/2026 4:14,73.5,15.5527,,,,,
6986,8/24/2026 4:29,73.51,15.5004,,,,,
6987,8/24/2026 4:44,73.51,15.496,,,,,
6988,8/24/2026 4:59,73.47,15.5632,,,,,
6989,8/24/2026 5:14,73.38,15.6477,,,,,
6990,8/24/2026 5:29,73.35,15.7617,,,,,
6991,8/24/2026 5:44,73.27,15.8957,,,,,
6992,8/24/2026 5:59,73.17,16.0521,,,,,
6993,8/24/2026 6:14,73.1,16.2161,,,,,
6994,8/24/2026 6:29,72.99,16.3839,,,,,
6995,8/24/2026 6:44,72.89,16.5581,,,,,
6996,8/24/2026 6:59,72.7,16.7498,,,,,
6997,8/24/2026 7:14,72.52,16.9491,,,,,
6998,8/24/2026 7:29,72.28,17.1466,,,,,
6999,8/24/2026 7:44,72.09,17.3524,,,,,
7000,8/24/2026 7:59,71.8,17.5507,,,,,
7001,8/24/2026 8:14,71.56,17.7448,,,,,
7002,8/24/2026 8:29,71.42,17.9368,,,,,
7003,8/24/2026 8:44,71.31,18.1075,,,,,
7004,8/24/2026 8:59,71.23,18.2628,,,,,
7005,8/24/2026 9:14,71.18,18.386,,,,,
7006,8/24/2026 9:29,71.13,18.4697,,,,,
7007,8/24/2026 9:44,71.08,18.5124,,,,,
7008,8/24/2026 9:59,71.07,18.5036,,,,,
7009,8/24/2026 10:14,71.08,18.4614,,,,,
7010,8/24/2026 10:29,71.07,18.394,,,,,
7011,8/24/2026 10:44,71.28,18.2975,,,,,
7012,8/24/2026 10:59,71.7,18.2059,,,,,
7013,8/24/2026 11:14,71.96,18.0952,,,,,
7014,8/24/2026 11:29,71.82,17.993,,,,,
7015,8/24/2026 11:44,71.79,17.864,,,,,
7016,8/24/2026 11:59,72.01,17.7496,,,,,
7017,8/24/2026 12:14,72.5,17.6125,,,,,
7018,8/24/2026 12:29,72.76,17.49,,,,,
7019,8/24/2026 12:44,72.97,17.3556,,,,,
7020,8/24/2026 12:59,73.1,17.2179,,,,,
7021,8/24/2026 13:14,73.31,17.0711,,,,,
7022,8/24/2026 13:29,73.46,16.9423,,,,,
7023,8/24/2026 13:44,73.49,16.8084,,,,,
7024,8/24/2026 13:59,73.76,16.6794,,,,,
7025,8/24/2026 14:14,73.91,16.5609,,,,,
7026,8/24/2026 14:29,74.08,16.4324,,,,,
7027,8/24/2026 14:44,74.21,16.3189,,,,,
7028,8/24/2026 14:59,74.33,16.2193,,,,,
7029,8/24/2026 15:14,74.42,16.1027,,,,,
7030,8/24/2026 15:29,74.46,16.0097,,,,,
7031,8/24/2026 15:44,74.46,15.9236,,,,,
7032,8/24/2026 15:59,74.49,15.8532,,,,,
7033,8/24/2026 16:14,74.61,15.8079,,,,,
7034,8/24/2026 16:29,74.75,15.777,,,,,
7035,8/24/2026 16:44,74.9,15.8172,,,,,
7036,8/24/2026 16:59,74.91,15.8933,,,,,
7037,8/24/2026 17:14,74.81,15.9855,,,,,
7038,8/24/2026 17:29,74.65,16.1094,,,,,
7039,8/24/2026 17:44,74.57,16.2628,,,,,
7040,8/24/2026 17:59,74.47,16.4201,,,,,
7041,8/24/2026 18:14,74.35,16.5868,,,,,
7042,8/24/2026 18:29,74.22,16.7655,,,,,
7043,8/24/2026 18:44,74.12,16.9525,,,,,
7044,8/24/2026 18:59,73.96,17.1614,,,,,
7045,8/24/2026 19:14,73.88,17.3789,,,,,
7046,8/24/2026 19:29,73.83,17.6141,,,,,
7047,8/24/2026 19:44,73.67,17.8475,,,,,
7048,8/24/2026 19:59,73.52,18.0672,,,,,
7049,8/24/2026 20:14,73.4,18.2871,,,,,
7050,8/24/2026 20:29,73.26,18.472,,,,,
7051,8/24/2026 20:44,73.11,18.6449,,,,,
7052,8/24/2026 20:59,72.94,18.7946,,,,,
7053,8/24/2026 21:14,72.81,18.9236,,,,,
7054,8/24/2026 21:29,72.72,19.0238,,,,,
7055,8/24/2026 21:44,72.64,19.0918,,,,,
7056,8/24/2026 21:59,72.55,19.1149,,,,,
7057,8/24/2026 22:14,72.49,19.1205,,,,,
7058,8/24/2026 22:29,72.46,19.0768,,,,,
7059,8/24/2026 22:44,72.48,18.9942,,,,,
7060,8/24/2026 22:59,72.45,18.8976,,,,,
7061,8/24/2026 23:14,72.51,18.7778,,,,,
7062,8/24/2026 23:29,72.59,18.6374,,,,,
7063,8/24/2026 23:44,72.69,18.4959,,,,,
7064,8/24/2026 23:59,72.8,18.3418,,,,,
7065,8/25/2026 0:14,72.87,18.1727,,,,,
7066,8/25/2026 0:29,72.93,18.0011,,,,,
7067,8/25/2026 0:44,73.05,17.8404,,,,,
7068,8/25/2026 0:59,73.13,17.6754,,,,,
7069,8/25/2026 1:14,73.2,17.5117,,,,,
7070,8/25/2026 1:29,73.27,17.3455,,,,,
7071,8/25/2026 1:44,73.32,17.1826,,,,,
7072,8/25/2026 1:59,73.37,17.0267,,,,,
7073,8/25/2026 2:14,73.41,16.8702,,,,,
7074,8/25/2026 2:29,73.46,16.7219,,,,,
7075,8/25/2026 2:44,73.51,16.5713,,,,,
7076,8/25/2026 2:59,73.55,16.4295,,,,,
7077,8/25/2026 3:14,73.59,16.2964,,,,,
7078,8/25/2026 3:29,73.62,16.1716,,,,,
7079,8/25/2026 3:44,73.64,16.0486,,,,,
7080,8/25/2026 3:59,73.66,15.9339,,,,,
7081,8/25/2026 4:14,73.67,15.8235,,,,,
7082,8/25/2026 4:29,73.66,15.7225,,,,,
7083,8/25/2026 4:44,73.66,15.6283,,,,,
7084,8/25/2026 4:59,73.64,15.5417,,,,,
7085,8/25/2026 5:14,73.64,15.467,,,,,
7086,8/25/2026 5:29,73.61,15.4227,,,,,
7087,8/25/2026 5:44,73.58,15.442,,,,,
7088,8/25/2026 5:59,73.42,15.5257,,,,,
7089,8/25/2026 6:14,73.44,15.6167,,,,,
7090,8/25/2026 6:29,73.44,15.7332,,,,,
7091,8/25/2026 6:44,73.38,15.8859,,,,,
7092,8/25/2026 6:59,73.31,16.0442,,,,,
7093,8/25/2026 7:14,73.17,16.2138,,,,,
7094,8/25/2026 7:29,73.03,16.4078,,,,,
7095,8/25/2026 7:44,72.77,16.6098,,,,,
7096,8/25/2026 7:59,72.48,16.8251,,,,,
7097,8/25/2026 8:14,72.27,17.0419,,,,,
7098,8/25/2026 8:29,72.1,17.2672,,,,,
7099,8/25/2026 8:44,71.95,17.5014,,,,,
7100,8/25/2026 8:59,71.83,17.7221,,,,,
7101,8/25/2026 9:14,71.87,17.9277,,,,,
7102,8/25/2026 9:29,71.9,18.112,,,,,
7103,8/25/2026 9:44,71.93,18.2845,,,,,
7104,8/25/2026 9:59,71.94,18.423,,,,,
7105,8/25/2026 10:14,71.91,18.5275,,,,,
7106,8/25/2026 10:29,71.87,18.5847,,,,,
7107,8/25/2026 10:44,71.83,18.6187,,,,,
7108,8/25/2026 10:59,71.85,18.5954,,,,,
7109,8/25/2026 11:14,71.87,18.5438,,,,,
7110,8/25/2026 11:29,71.86,18.4298,,,,,
7111,8/25/2026 11:44,72.14,18.3183,,,,,
7112,8/25/2026 11:59,72.55,18.1782,,,,,
7113,8/25/2026 12:14,72.61,18.0494,,,,,
7114,8/25/2026 12:29,72.46,17.9202,,,,,
7115,8/25/2026 12:44,72.44,17.7775,,,,,
7116,8/25/2026 12:59,72.56,17.649,,,,,
7117,8/25/2026 13:14,72.82,17.5146,,,,,
7118,8/25/2026 13:29,73.02,17.3688,,,,,
7119,8/25/2026 13:44,73.07,17.2241,,,,,
7120,8/25/2026 13:59,73.26,17.0791,,,,,
7121,8/25/2026 14:14,73.41,16.9435,,,,,
7122,8/25/2026 14:29,73.52,16.806,,,,,
7123,8/25/2026 14:44,73.66,16.6692,,,,,
7124,8/25/2026 14:59,73.75,16.5386,,,,,
7125,8/25/2026 15:14,73.82,16.4106,,,,,
7126,8/25/2026 15:29,73.9,16.2821,,,,,
7127,8/25/2026 15:44,74.07,16.1712,,,,,
7128,8/25/2026 15:59,74.22,16.0573,,,,,
7129,8/25/2026 16:14,74.33,15.9558,,,,,
7130,8/25/2026 16:29,74.43,15.8599,,,,,
7131,8/25/2026 16:44,74.53,15.7685,,,,,
7132,8/25/2026 16:59,74.63,15.6901,,,,,
7133,8/25/2026 17:14,74.69,15.6335,,,,,
7134,8/25/2026 17:29,74.76,15.6212,,,,,
7135,8/25/2026 17:44,74.84,15.6993,,,,,
7136,8/25/2026 17:59,74.79,15.7939,,,,,
7137,8/25/2026 18:14,74.58,15.9095,,,,,
7138,8/25/2026 18:29,74.44,16.0559,,,,,
7139,8/25/2026 18:44,74.38,16.2237,,,,,
7140,8/25/2026 18:59,74.27,16.4009,,,,,
7141,8/25/2026 19:14,74.15,16.5952,,,,,
7142,8/25/2026 19:29,74.04,16.8083,,,,,
7143,8/25/2026 19:44,73.91,17.031,,,,,
7144,8/25/2026 19:59,73.81,17.2608,,,,,
7145,8/25/2026 20:14,73.7,17.5096,,,,,
7146,8/25/2026 20:29,73.62,17.7556,,,,,
7147,8/25/2026 20:44,73.49,18.0023,,,,,
7148,8/25/2026 20:59,73.38,18.2368,,,,,
7149,8/25/2026 21:14,73.28,18.4594,,,,,
7150,8/25/2026 21:29,73.18,18.6621,,,,,
7151,8/25/2026 21:44,73.09,18.8297,,,,,
7152,8/25/2026 21:59,73.04,18.9639,,,,,
7153,8/25/2026 22:14,73.01,19.063,,,,,
7154,8/25/2026 22:29,72.96,19.1285,,,,,
7155,8/25/2026 22:44,72.9,19.1707,,,,,
7156,8/25/2026 22:59,72.85,19.1737,,,,,
7157,8/25/2026 23:14,72.83,19.1579,,,,,
7158,8/25/2026 23:29,72.81,19.0972,,,,,
7159,8/25/2026 23:44,72.82,19.0158,,,,,
7160,8/25/2026 23:59,72.79,18.8826,,,,,
7161,8/26/2026 0:14,72.84,18.7357,,,,,
7162,8/26/2026 0:29,72.87,18.5757,,,,,
7163,8/26/2026 0:44,72.88,18.4088,,,,,
7164,8/26/2026 0:59,72.91,18.242,,,,,
7165,8/26/2026 1:14,72.93,18.0615,,,,,
7166,8/26/2026 1:29,72.97,17.8868,,,,,
7167,8/26/2026 1:44,73.02,17.7028,,,,,
7168,8/26/2026 1:59,73.08,17.5265,,,,,
7169,8/26/2026 2:14,73.13,17.3553,,,,,
7170,8/26/2026 2:29,73.17,17.1823,,,,,
7171,8/26/2026 2:44,73.2,17.0207,,,,,
7172,8/26/2026 2:59,73.24,16.8579,,,,,
7173,8/26/2026 3:14,73.28,16.7078,,,,,
7174,8/26/2026 3:29,73.32,16.5603,,,,,
7175,8/26/2026 3:44,73.36,16.4191,,,,,
7176,8/26/2026 3:59,73.39,16.2885,,,,,
7177,8/26/2026 4:14,73.41,16.1593,,,,,
7178,8/26/2026 4:29,73.44,16.0407,,,,,
7179,8/26/2026 4:44,73.45,15.9216,,,,,
7180,8/26/2026 4:59,73.45,15.8093,,,,,
7181,8/26/2026 5:14,73.45,15.7089,,,,,
7182,8/26/2026 5:29,73.45,15.613,,,,,
7183,8/26/2026 5:44,73.44,15.5201,,,,,
7184,8/26/2026 5:59,73.42,15.4423,,,,,
7185,8/26/2026 6:14,73.41,15.3825,,,,,
7186,8/26/2026 6:29,73.39,15.36,,,,,
7187,8/26/2026 6:44,73.29,15.4414,,,,,
7188,8/26/2026 6:59,73.3,15.5273,,,,,
7189,8/26/2026 7:14,73.29,15.6438,,,,,
7190,8/26/2026 7:29,73.21,15.7883,,,,,
7191,8/26/2026 7:44,73.13,15.9596,,,,,
7192,8/26/2026 7:59,73.03,16.1398,,,,,
7193,8/26/2026 8:14,72.92,16.3475,,,,,
7194,8/26/2026 8:29,72.73,16.5634,,,,,
7195,8/26/2026 8:44,72.54,16.7926,,,,,
7196,8/26/2026 8:59,72.39,17.0384,,,,,
7197,8/26/2026 9:14,72.29,17.2889,,,,,
7198,8/26/2026 9:29,72.16,17.5389,,,,,
7199,8/26/2026 9:44,72.15,17.7869,,,,,
7200,8/26/2026 9:59,72.23,18.0134,,,,,
7201,8/26/2026 10:14,72.3,18.2224,,,,,
7202,8/26/2026 10:29,72.34,18.4044,,,,,
7203,8/26/2026 10:44,72.35,18.5587,,,,,
7204,8/26/2026 10:59,72.34,18.6753,,,,,
7205,8/26/2026 11:14,72.31,18.7503,,,,,
7206,8/26/2026 11:29,72.28,18.7735,,,,,
7207,8/26/2026 11:44,72.31,18.7396,,,,,
7208,8/26/2026 11:59,72.28,18.6752,,,,,
7209,8/26/2026 12:14,72.23,18.5641,,,,,
7210,8/26/2026 12:29,72.47,18.4318,,,,,
7211,8/26/2026 12:44,72.86,18.2916,,,,,
7212,8/26/2026 12:59,72.97,18.1521,,,,,
7213,8/26/2026 13:14,72.89,18.0186,,,,,
7214,8/26/2026 13:29,72.85,17.8827,,,,,
7215,8/26/2026 13:44,73.01,17.748,,,,,
7216,8/26/2026 13:59,73.14,17.595,,,,,
7217,8/26/2026 14:14,73.45,17.4476,,,,,
7218,8/26/2026 14:29,73.53,17.2865,,,,,
7219,8/26/2026 14:44,73.6,17.1456,,,,,
7220,8/26/2026 14:59,73.69,16.9935,,,,,
7221,8/26/2026 15:14,73.82,16.8479,,,,,
7222,8/26/2026 15:29,73.96,16.7092,,,,,
7223,8/26/2026 15:44,74.11,16.5669,,,,,
7224,8/26/2026 15:59,74.23,16.4396,,,,,
7225,8/26/2026 16:14,74.37,16.3168,,,,,
7226,8/26/2026 16:29,74.43,16.2001,,,,,
7227,8/26/2026 16:44,74.51,16.0866,,,,,
7228,8/26/2026 16:59,74.58,15.9769,,,,,
7229,8/26/2026 17:14,74.65,15.876,,,,,
7230,8/26/2026 17:29,74.7,15.78,,,,,
7231,8/26/2026 17:44,74.75,15.6941,,,,,
7232,8/26/2026 17:59,74.8,15.62,,,,,
7233,8/26/2026 18:14,74.82,15.5752,,,,,
7234,8/26/2026 18:29,74.84,15.6101,,,,,
7235,8/26/2026 18:44,74.73,15.7028,,,,,
7236,8/26/2026 18:59,74.64,15.8049,,,,,
7237,8/26/2026 19:14,74.59,15.9451,,,,,
7238,8/26/2026 19:29,74.55,16.116,,,,,
7239,8/26/2026 19:44,74.47,16.3095,,,,,
7240,8/26/2026 19:59,74.34,16.5111,,,,,
7241,8/26/2026 20:14,74.18,16.736,,,,,
7242,8/26/2026 20:29,74,16.9779,,,,,
7243,8/26/2026 20:44,73.9,17.2265,,,,,
7244,8/26/2026 20:59,73.81,17.4816,,,,,
7245,8/26/2026 21:14,73.74,17.7464,,,,,
7246,8/26/2026 21:29,73.77,18.0067,,,,,
7247,8/26/2026 21:44,73.86,18.2655,,,,,
7248,8/26/2026 21:59,73.91,18.5044,,,,,
7249,8/26/2026 22:14,73.88,18.7129,,,,,
7250,8/26/2026 22:29,73.79,18.8868,,,,,
7251,8/26/2026 22:44,73.72,19.0324,,,,,
7252,8/26/2026 22:59,73.66,19.1302,,,,,
7253,8/26/2026 23:14,73.61,19.1888,,,,,
7254,8/26/2026 23:29,73.57,19.2165,,,,,
7255,8/26/2026 23:44,73.54,19.2246,,,,,
7256,8/26/2026 23:59,73.5,19.2005,,,,,
7257,8/27/2026 0:14,73.49,19.1361,,,,,
7258,8/27/2026 0:29,73.48,19.0413,,,,,
7259,8/27/2026 0:44,73.47,18.898,,,,,
7260,8/27/2026 0:59,73.5,18.7366,,,,,
7261,8/27/2026 1:14,73.53,18.5677,,,,,
7262,8/27/2026 1:29,73.57,18.3883,,,,,
7263,8/27/2026 1:44,73.59,18.2058,,,,,
7264,8/27/2026 1:59,73.62,18.0246,,,,,
7265,8/27/2026 2:14,73.64,17.8411,,,,,
7266,8/27/2026 2:29,73.64,17.6614,,,,,
7267,8/27/2026 2:44,73.62,17.4787,,,,,
7268,8/27/2026 2:59,73.59,17.2979,,,,,
7269,8/27/2026 3:14,73.56,17.1292,,,,,
7270,8/27/2026 3:29,73.54,16.96,,,,,
7271,8/27/2026 3:44,73.54,16.801,,,,,
7272,8/27/2026 3:59,73.55,16.6471,,,,,
7273,8/27/2026 4:14,73.58,16.5033,,,,,
7274,8/27/2026 4:29,73.61,16.3639,,,,,
7275,8/27/2026 4:44,73.64,16.2303,,,,,
7276,8/27/2026 4:59,73.67,16.1024,,,,,
7277,8/27/2026 5:14,73.7,15.9851,,,,,
7278,8/27/2026 5:29,73.73,15.8698,,,,,
7279,8/27/2026 5:44,73.75,15.7607,,,,,
7280,8/27/2026 5:59,73.76,15.6547,,,,,
7281,8/27/2026 6:14,73.77,15.5619,,,,,
7282,8/27/2026 6:29,73.78,15.4685,,,,,
7283,8/27/2026 6:44,73.79,15.395,,,,,
7284,8/27/2026 6:59,73.8,15.3272,,,,,
7285,8/27/2026 7:14,73.82,15.3204,,,,,
7286,8/27/2026 7:29,73.77,15.4006,,,,,
7287,8/27/2026 7:44,73.79,15.4903,,,,,
7288,8/27/2026 7:59,73.81,15.6068,,,,,
7289,8/27/2026 8:14,73.73,15.7719,,,,,
7290,8/27/2026 8:29,73.66,15.9544,,,,,
7291,8/27/2026 8:44,73.57,16.1596,,,,,
7292,8/27/2026 8:59,73.48,16.3918,,,,,
7293,8/27/2026 9:14,73.35,16.6354,,,,,
7294,8/27/2026 9:29,73.25,16.8937,,,,,
7295,8/27/2026 9:44,73.24,17.1636,,,,,
7296,8/27/2026 9:59,73.17,17.4363,,,,,
7297,8/27/2026 10:14,73.18,17.7138,,,,,
7298,8/27/2026 10:29,73.26,17.9748,,,,,
7299,8/27/2026 10:44,73.33,18.2203,,,,,
7300,8/27/2026 10:59,73.34,18.4375,,,,,
7301,8/27/2026 11:14,73.33,18.6183,,,,,
7302,8/27/2026 11:29,73.28,18.7594,,,,,
7303,8/27/2026 11:44,73.23,18.8647,,,,,
7304,8/27/2026 11:59,73.23,18.9177,,,,,
7305,8/27/2026 12:14,73.21,18.9119,,,,,
7306,8/27/2026 12:29,73.17,18.8677,,,,,
7307,8/27/2026 12:44,73.17,18.7605,,,,,
7308,8/27/2026 12:59,73.18,18.6388,,,,,
7309,8/27/2026 13:14,73.57,18.4891,,,,,
7310,8/27/2026 13:29,73.78,18.3409,,,,,
7311,8/27/2026 13:44,73.81,18.188,,,,,
7312,8/27/2026 13:59,73.78,18.0395,,,,,
7313,8/27/2026 14:14,73.95,17.8896,,,,,
7314,8/27/2026 14:29,73.99,17.7332,,,,,
7315,8/27/2026 14:44,74.03,17.5712,,,,,
7316,8/27/2026 14:59,74.04,17.4118,,,,,
7317,8/27/2026 15:14,74.04,17.2525,,,,,
7318,8/27/2026 15:29,74.07,17.0877,,,,,
7319,8/27/2026 15:44,74.15,16.9363,,,,,
7320,8/27/2026 15:59,74.23,16.7874,,,,,
7321,8/27/2026 16:14,74.33,16.6362,,,,,
7322,8/27/2026 16:29,74.39,16.4943,,,,,
7323,8/27/2026 16:44,74.44,16.3663,,,,,
7324,8/27/2026 16:59,74.5,16.2327,,,,,
7325,8/27/2026 17:14,74.59,16.1167,,,,,
7326,8/27/2026 17:29,74.67,16.0027,,,,,
7327,8/27/2026 17:44,74.71,15.8948,,,,,
7328,8/27/2026 17:59,74.73,15.7876,,,,,
7329,8/27/2026 18:14,74.76,15.6885,,,,,
7330,8/27/2026 18:29,74.78,15.5988,,,,,
7331,8/27/2026 18:44,74.77,15.5228,,,,,
7332,8/27/2026 18:59,74.78,15.468,,,,,
7333,8/27/2026 19:14,74.76,15.5053,,,,,
7334,8/27/2026 19:29,74.62,15.5972,,,,,
7335,8/27/2026 19:44,74.59,15.7087,,,,,
7336,8/27/2026 19:59,74.61,15.8547,,,,,
7337,8/27/2026 20:14,74.6,16.0393,,,,,
7338,8/27/2026 20:29,74.52,16.2409,,,,,
7339,8/27/2026 20:44,74.41,16.4662,,,,,
7340,8/27/2026 20:59,74.16,16.7097,,,,,
7341,8/27/2026 21:14,73.91,16.9809,,,,,
7342,8/27/2026 21:29,73.75,17.2538,,,,,
7343,8/27/2026 21:44,73.65,17.5403,,,,,
7344,8/27/2026 21:59,73.56,17.8284,,,,,
7345,8/27/2026 22:14,73.72,18.1154,,,,,
7346,8/27/2026 22:29,73.85,18.3801,,,,,
7347,8/27/2026 22:44,73.86,18.6252,,,,,
7348,8/27/2026 22:59,73.76,18.8331,,,,,
7349,8/27/2026 23:14,73.64,18.9994,,,,,
7350,8/27/2026 23:29,73.55,19.1286,,,,,
7351,8/27/2026 23:44,73.51,19.2138,,,,,
7352,8/27/2026 23:59,73.46,19.2674,,,,,
7353,8/28/2026 0:14,73.44,19.2895,,,,,
7354,8/28/2026 0:29,73.41,19.2913,,,,,
7355,8/28/2026 0:44,73.39,19.2622,,,,,
7356,8/28/2026 0:59,73.38,19.1946,,,,,
7357,8/28/2026 1:14,73.38,19.1017,,,,,
7358,8/28/2026 1:29,73.33,18.9514,,,,,
7359,8/28/2026 1:44,73.33,18.7791,,,,,
7360,8/28/2026 1:59,73.34,18.6057,,,,,
7361,8/28/2026 2:14,73.39,18.4011,,,,,
7362,8/28/2026 2:29,73.44,18.2123,,,,,
7363,8/28/2026 2:44,73.49,18.0074,,,,,
7364,8/28/2026 2:59,73.56,17.8076,,,,,
7365,8/28/2026 3:14,73.6,17.613,,,,,
7366,8/28/2026 3:29,73.61,17.4222,,,,,
7367,8/28/2026 3:44,73.6,17.2396,,,,,
7368,8/28/2026 3:59,73.58,17.0578,,,,,
7369,8/28/2026 4:14,73.59,16.8887,,,,,
7370,8/28/2026 4:29,73.6,16.7204,,,,,
7371,8/28/2026 4:44,73.63,16.5672,,,,,
7372,8/28/2026 4:59,73.66,16.4228,,,,,
7373,8/28/2026 5:14,73.7,16.281,,,,,
7374,8/28/2026 5:29,73.74,16.15,,,,,
7375,8/28/2026 5:44,73.79,16.0209,,,,,
7376,8/28/2026 5:59,73.83,15.898,,,,,
7377,8/28/2026 6:14,73.87,15.7871,,,,,
7378,8/28/2026 6:29,73.91,15.6824,,,,,
7379,8/28/2026 6:44,73.93,15.5765,,,,,
7380,8/28/2026 6:59,73.97,15.4813,,,,,
7381,8/28/2026 7:14,74.03,15.3943,,,,,
7382,8/28/2026 7:29,74.08,15.3184,,,,,
7383,8/28/2026 7:44,74.12,15.2737,,,,,
7384,8/28/2026 7:59,74.18,15.3242,,,,,
7385,8/28/2026 8:14,74.15,15.4213,,,,,
7386,8/28/2026 8:29,74.17,15.5191,,,,,
7387,8/28/2026 8:44,74.1,15.6641,,,,,
7388,8/28/2026 8:59,73.99,15.8466,,,,,
7389,8/28/2026 9:14,73.92,16.0554,,,,,
7390,8/28/2026 9:29,73.86,16.2895,,,,,
7391,8/28/2026 9:44,73.81,16.5438,,,,,
7392,8/28/2026 9:59,73.78,16.8128,,,,,
7393,8/28/2026 10:14,73.75,17.0889,,,,,
7394,8/28/2026 10:29,73.71,17.3848,,,,,
7395,8/28/2026 10:44,73.77,17.6724,,,,,
7396,8/28/2026 10:59,73.79,17.9647,,,,,
7397,8/28/2026 11:14,73.84,18.2296,,,,,
7398,8/28/2026 11:29,73.85,18.4759,,,,,
7399,8/28/2026 11:44,73.84,18.6662,,,,,
7400,8/28/2026 11:59,73.84,18.8257,,,,,
7401,8/28/2026 12:14,73.84,18.9431,,,,,
7402,8/28/2026 12:29,73.82,19.0024,,,,,
7403,8/28/2026 12:44,73.84,19.0384,,,,,
7404,8/28/2026 12:59,73.83,19.0112,,,,,
7405,8/28/2026 13:14,73.85,18.9501,,,,,
7406,8/28/2026 13:29,73.82,18.8503,,,,,
7407,8/28/2026 13:44,73.84,18.6996,,,,,
7408,8/28/2026 13:59,73.99,18.5417,,,,,
7409,8/28/2026 14:14,74.14,18.3688,,,,,
7410,8/28/2026 14:29,74.27,18.1973,,,,,
7411,8/28/2026 14:44,74.24,18.0298,,,,,
7412,8/28/2026 14:59,74.35,17.8553,,,,,
7413,8/28/2026 15:14,74.45,17.6777,,,,,
7414,8/28/2026 15:29,74.51,17.5114,,,,,
7415,8/28/2026 15:44,74.57,17.3339,,,,,
7416,8/28/2026 15:59,76.14,14.6901,,,,,
7417,8/28/2026 16:09,,,,,,,Logged
7418,8/28/2026 16:09,,,,,,Logged,
7419,8/28/2026 16:09,,,Logged,Logged,,,