#,Date-Time (EDT),"pH , pH","Temperature , °C","Millivolts , mv"
1,6/12/2026 11:46,0.01,32.2,394.47
2,6/12/2026 12:01,15.85,25.4,-512.02
3,6/12/2026 12:16,15.88,24.36,-512.02
4,6/12/2026 12:31,15.88,24.39,-512.02
5,6/12/2026 12:46,15.87,24.53,-512.02
6,6/12/2026 13:01,15.87,24.7,-512.02
7,6/12/2026 13:16,15.87,24.82,-512.02
8,6/12/2026 13:31,15.86,24.94,-512.02
9,6/12/2026 13:46,15.86,25.06,-512.02
10,6/12/2026 14:01,15.86,25.14,-512.02
11,6/12/2026 14:16,15.85,25.26,-512.02
12,6/12/2026 14:31,15.85,25.33,-512.02
13,6/12/2026 14:46,15.85,25.36,-512.02
14,6/12/2026 15:01,15.85,25.38,-512.02
15,6/12/2026 15:16,15.85,25.45,-512.02
16,6/12/2026 15:31,15.85,25.5,-512.02
17,6/12/2026 15:46,15.84,25.62,-512.02
18,6/12/2026 16:01,15.84,25.74,-512.02
19,6/12/2026 16:16,15.84,25.79,-512.02
20,6/12/2026 16:31,15.84,25.87,-512.02
21,6/12/2026 16:46,15.83,26.16,-512.02
22,6/12/2026 17:01,15.83,26.18,-512.02
23,6/12/2026 17:16,15.83,26.18,-512.02
24,6/12/2026 17:31,15.84,25.72,-512.02
25,6/12/2026 17:46,15.84,25.62,-512.02
26,6/12/2026 18:01,15.84,25.6,-512.02
27,6/12/2026 18:16,15.84,25.62,-512.02
28,6/12/2026 18:31,15.84,25.74,-512.02
29,6/12/2026 18:46,15.84,25.77,-512.02
30,6/12/2026 19:01,15.84,25.67,-512.02
31,6/12/2026 19:16,15.84,25.55,-512.02
32,6/12/2026 19:31,15.85,25.26,-512.02
33,6/12/2026 19:46,15.86,24.94,-512.02
34,6/12/2026 20:01,15.87,24.7,-512.02
35,6/12/2026 20:16,15.88,24.41,-512.02
36,6/12/2026 20:31,15.89,24.07,-512.02
37,6/12/2026 20:46,15.9,23.74,-512.02
38,6/12/2026 21:01,15.91,23.42,-512.02
39,6/12/2026 21:16,15.92,23.14,-512.02
40,6/12/2026 21:31,15.93,22.85,-512.02
41,6/12/2026 21:46,15.93,22.56,-512.02
42,6/12/2026 22:01,15.94,22.23,-512.02
43,6/12/2026 22:16,15.96,21.87,-512.02
44,6/12/2026 22:31,15.96,21.58,-512.02
45,6/12/2026 22:46,15.97,21.39,-512.02
46,6/12/2026 23:01,15.97,21.27,-512.02
47,6/12/2026 23:16,15.97,21.41,-512.02
48,6/12/2026 23:31,15.97,21.37,-512.02
49,6/12/2026 23:46,15.96,21.65,-512.02
50,6/13/2026 0:01,15.94,22.3,-512.02
51,6/13/2026 0:16,15.94,22.37,-512.02
52,6/13/2026 0:31,15.93,22.63,-512.02
53,6/13/2026 0:46,15.92,22.92,-512.02
54,6/13/2026 1:01,15.91,23.21,-512.02
55,6/13/2026 1:16,15.9,23.57,-512.02
56,6/13/2026 1:31,15.89,23.93,-512.02
57,6/13/2026 1:46,15.89,24.19,-512.02
58,6/13/2026 2:01,15.88,24.41,-512.02
59,6/13/2026 2:16,15.87,24.58,-512.02
60,6/13/2026 2:31,15.87,24.68,-512.02
61,6/13/2026 2:46,15.87,24.73,-512.02
62,6/13/2026 3:01,15.87,24.75,-512.02
63,6/13/2026 3:16,15.87,24.75,-512.02
64,6/13/2026 3:31,15.87,24.73,-512.02
65,6/13/2026 3:46,15.87,24.73,-512.02
66,6/13/2026 4:01,15.87,24.7,-512.02
67,6/13/2026 4:16,15.87,24.65,-512.02
68,6/13/2026 4:31,15.87,24.63,-512.02
69,6/13/2026 4:46,15.87,24.58,-512.02
70,6/13/2026 5:01,15.87,24.53,-512.02
71,6/13/2026 5:16,15.88,24.51,-512.02
72,6/13/2026 5:31,15.88,24.48,-512.02
73,6/13/2026 5:46,15.88,24.44,-512.02
74,6/13/2026 6:01,15.88,24.41,-512.02
75,6/13/2026 6:16,15.88,24.34,-512.02
76,6/13/2026 6:31,15.88,24.34,-512.02
77,6/13/2026 6:46,15.88,24.39,-512.02
78,6/13/2026 7:01,15.88,24.39,-512.02
79,6/13/2026 7:16,15.88,24.39,-512.02
80,6/13/2026 7:31,15.88,24.34,-512.02
81,6/13/2026 7:46,15.89,24.19,-512.02
82,6/13/2026 8:01,15.89,24,-512.02
83,6/13/2026 8:16,15.9,23.81,-512.02
84,6/13/2026 8:31,15.9,23.64,-512.02
85,6/13/2026 8:46,15.91,23.52,-512.02
86,6/13/2026 9:01,15.91,23.3,-512.02
87,6/13/2026 9:16,15.92,23.02,-512.02
88,6/13/2026 9:31,15.93,22.75,-512.02
89,6/13/2026 9:46,15.93,22.56,-512.02
90,6/13/2026 10:01,15.94,22.44,-512.02
91,6/13/2026 10:16,15.94,22.32,-512.02
92,6/13/2026 10:31,15.94,22.23,-512.02
93,6/13/2026 10:46,15.95,22.18,-512.02
94,6/13/2026 11:01,15.95,22.13,-512.02
95,6/13/2026 11:16,15.95,22.18,-512.02
96,6/13/2026 11:31,15.94,22.23,-512.02
97,6/13/2026 11:46,15.93,22.7,-512.02
98,6/13/2026 12:01,15.92,23.06,-512.02
99,6/13/2026 12:16,15.92,23.11,-512.02
100,6/13/2026 12:31,15.91,23.23,-512.02
101,6/13/2026 12:46,15.91,23.47,-512.02
102,6/13/2026 13:01,15.9,23.71,-512.02
103,6/13/2026 13:16,15.89,23.88,-512.02
104,6/13/2026 13:31,15.89,24.07,-512.02
105,6/13/2026 13:46,15.88,24.32,-512.02
106,6/13/2026 14:01,15.88,24.48,-512.02
107,6/13/2026 14:16,15.87,24.68,-512.02
108,6/13/2026 14:31,15.87,24.82,-512.02
109,6/13/2026 14:46,15.86,24.97,-512.02
110,6/13/2026 15:01,15.86,25.11,-512.02
111,6/13/2026 15:16,15.85,25.23,-512.02
112,6/13/2026 15:31,15.85,25.31,-512.02
113,6/13/2026 15:46,15.85,25.4,-512.02
114,6/13/2026 16:01,15.85,25.5,-512.02
115,6/13/2026 16:16,15.84,25.62,-512.02
116,6/13/2026 16:31,15.84,25.7,-512.02
117,6/13/2026 16:46,15.84,25.77,-512.02
118,6/13/2026 17:01,15.84,25.84,-512.02
119,6/13/2026 17:16,15.84,25.87,-512.02
120,6/13/2026 17:31,15.83,25.89,-512.02
121,6/13/2026 17:46,15.83,25.94,-512.02
122,6/13/2026 18:01,15.83,26.04,-512.02
123,6/13/2026 18:16,15.83,26.04,-512.02
124,6/13/2026 18:31,15.84,25.72,-512.02
125,6/13/2026 18:46,15.84,25.62,-512.02
126,6/13/2026 19:01,15.84,25.57,-512.02
127,6/13/2026 19:16,15.85,25.5,-512.02
128,6/13/2026 19:31,15.85,25.43,-512.02
129,6/13/2026 19:46,15.85,25.33,-512.02
130,6/13/2026 20:01,15.86,25.16,-512.02
131,6/13/2026 20:16,15.86,24.99,-512.02
132,6/13/2026 20:31,15.87,24.7,-512.02
133,6/13/2026 20:46,15.88,24.39,-512.02
134,6/13/2026 21:01,15.89,24.17,-512.02
135,6/13/2026 21:16,15.89,23.93,-512.02
136,6/13/2026 21:31,15.9,23.71,-512.02
137,6/13/2026 21:46,15.91,23.45,-512.02
138,6/13/2026 22:01,15.91,23.21,-512.02
139,6/13/2026 22:16,15.92,23.02,-512.02
140,6/13/2026 22:31,15.93,22.78,-512.02
141,6/13/2026 22:46,15.94,22.47,-512.02
142,6/13/2026 23:01,15.94,22.2,-512.02
143,6/13/2026 23:16,15.95,22.01,-512.02
144,6/13/2026 23:31,15.96,21.8,-512.02
145,6/13/2026 23:46,15.96,21.6,-512.02
146,6/14/2026 0:01,15.97,21.49,-512.02
147,6/14/2026 0:16,15.97,21.41,-512.02
148,6/14/2026 0:31,15.97,21.41,-512.02
149,6/14/2026 0:46,15.96,21.58,-512.02
150,6/14/2026 1:01,15.95,22.03,-512.02
151,6/14/2026 1:16,15.95,22.03,-512.02
152,6/14/2026 1:31,15.94,22.2,-512.02
153,6/14/2026 1:46,15.94,22.49,-512.02
154,6/14/2026 2:01,15.93,22.73,-512.02
155,6/14/2026 2:16,15.92,22.99,-512.02
156,6/14/2026 2:31,15.91,23.23,-512.02
157,6/14/2026 2:46,15.91,23.45,-512.02
158,6/14/2026 3:01,15.9,23.62,-512.02
159,6/14/2026 3:16,15.9,23.76,-512.02
160,6/14/2026 3:31,15.9,23.86,-512.02
161,6/14/2026 3:46,15.89,23.95,-512.02
162,6/14/2026 4:01,15.89,24,-512.02
163,6/14/2026 4:16,15.89,24.05,-512.02
164,6/14/2026 4:31,15.89,24.07,-512.02
165,6/14/2026 4:46,15.89,24.1,-512.02
166,6/14/2026 5:01,15.89,24.12,-512.02
167,6/14/2026 5:16,15.89,24.12,-512.02
168,6/14/2026 5:31,15.89,24.12,-512.02
169,6/14/2026 5:46,15.89,24.15,-512.02
170,6/14/2026 6:01,15.89,24.15,-512.02
171,6/14/2026 6:16,15.89,24.15,-512.02
172,6/14/2026 6:31,15.89,24.17,-512.02
173,6/14/2026 6:46,10.06,24.17,-183.27
174,6/14/2026 7:01,14.39,24.22,-427.93
175,6/14/2026 7:16,15.88,24.22,-512.02
176,6/14/2026 7:31,12.57,24.32,-325.32
177,6/14/2026 7:46,10.77,24.39,-223.44
178,6/14/2026 8:01,15.88,24.27,-512.02
179,6/14/2026 8:16,15.89,24.15,-512.02
180,6/14/2026 8:31,15.89,24.1,-512.02
181,6/14/2026 8:46,15.89,24.03,-512.02
182,6/14/2026 9:01,15.89,23.91,-512.02
183,6/14/2026 9:16,15.9,23.71,-512.02
184,6/14/2026 9:31,15.9,23.62,-512.02
185,6/14/2026 9:46,15.91,23.47,-512.02
186,6/14/2026 10:01,15.91,23.28,-512.02
187,6/14/2026 10:16,15.92,23.06,-512.02
188,6/14/2026 10:31,14.36,22.9,-424.28
189,6/14/2026 10:46,15.93,22.78,-512.02
190,6/14/2026 11:01,15.93,22.66,-512.02
191,6/14/2026 11:16,15.93,22.58,-512.02
192,6/14/2026 11:31,15.94,22.51,-512.02
193,6/14/2026 11:46,15.94,22.47,-512.02
194,6/14/2026 12:01,15.94,22.47,-512.02
195,6/14/2026 12:16,15.94,22.51,-512.02
196,6/14/2026 12:31,15.94,22.51,-512.02
197,6/14/2026 12:46,15.93,22.7,-512.02
198,6/14/2026 13:01,15.92,23.04,-512.02
199,6/14/2026 13:16,15.91,23.45,-512.02
200,6/14/2026 13:31,15.91,23.4,-512.02
201,6/14/2026 13:46,15.82,23.59,-507.25
202,6/14/2026 14:01,15.9,23.64,-512.02
203,6/14/2026 14:16,15.9,23.76,-512.02
204,6/14/2026 14:31,15.89,23.91,-512.02
205,6/14/2026 14:46,14.76,24.07,-448.36
206,6/14/2026 15:01,15.88,24.22,-512.02
207,6/14/2026 15:16,15.88,24.39,-512.02
208,6/14/2026 15:31,13.96,24.48,-403.76
209,6/14/2026 15:46,14.23,24.6,-419.42
210,6/14/2026 16:01,15.76,24.7,-505.83
211,6/14/2026 16:16,15.87,24.8,-512.02
212,6/14/2026 16:31,15.86,24.9,-512.02
213,6/14/2026 16:46,15.86,24.97,-512.02
214,6/14/2026 17:01,15.86,25.02,-512.02
215,6/14/2026 17:16,15.86,25.04,-512.02
216,6/14/2026 17:31,15.86,25.06,-512.02
217,6/14/2026 17:46,15.86,25.09,-512.02
218,6/14/2026 18:01,15.86,25.11,-512.02
219,6/14/2026 18:16,15.86,25.14,-512.02
220,6/14/2026 18:31,15.86,25.14,-512.02
221,6/14/2026 18:46,15.86,25.11,-512.02
222,6/14/2026 19:01,15.86,25.02,-512.02
223,6/14/2026 19:16,15.86,24.97,-512.02
224,6/14/2026 19:31,15.86,24.99,-512.02
225,6/14/2026 19:46,15.86,24.99,-512.02
226,6/14/2026 20:01,15.86,24.97,-512.02
227,6/14/2026 20:16,15.87,24.82,-512.02
228,6/14/2026 20:31,15.87,24.58,-512.02
229,6/14/2026 20:46,15.88,24.39,-512.02
230,6/14/2026 21:01,15.89,24.19,-512.02
231,6/14/2026 21:16,15.89,24.05,-512.02
232,6/14/2026 21:31,15.9,23.83,-512.02
233,6/14/2026 21:46,15.9,23.57,-512.02
234,6/14/2026 22:01,15.91,23.3,-512.02
235,6/14/2026 22:16,15.92,23.14,-512.02
236,6/14/2026 22:31,15.92,22.97,-512.02
237,6/14/2026 22:46,15.92,22.87,-512.02
238,6/14/2026 23:01,15.93,22.73,-512.02
239,6/14/2026 23:16,15.93,22.58,-512.02
240,6/14/2026 23:31,15.94,22.3,-512.02
241,6/14/2026 23:46,15.95,22.11,-512.02
242,6/15/2026 0:01,15.95,21.91,-512.02
243,6/15/2026 0:16,15.96,21.63,-512.02
244,6/15/2026 0:31,7.85,21.27,-58.28
245,6/15/2026 0:46,7.79,21.01,-54.58
246,6/15/2026 1:01,7.79,20.84,-54.63
247,6/15/2026 1:16,7.76,20.86,-52.99
248,6/15/2026 1:31,7.86,20.86,-58.38
249,6/15/2026 1:46,7.74,21.2,-52.05
250,6/15/2026 2:01,7.63,21.39,-45.94
251,6/15/2026 2:16,7.64,21.44,-46.38
252,6/15/2026 2:31,8.1,21.6,-72.08
253,6/15/2026 2:46,7.78,21.8,-54.45
254,6/15/2026 3:01,7.55,21.99,-41.31
255,6/15/2026 3:16,7.52,22.25,-39.7
256,6/15/2026 3:31,7.72,22.47,-50.78
257,6/15/2026 3:46,7.45,22.61,-35.89
258,6/15/2026 4:01,7.52,22.75,-39.66
259,6/15/2026 4:16,7.28,22.9,-26.63
260,6/15/2026 4:31,7.28,23.02,-26.28
261,6/15/2026 4:46,7.27,23.14,-25.59
262,6/15/2026 5:01,7.33,23.23,-29.38
263,6/15/2026 5:16,7.26,23.3,-25.02
264,6/15/2026 5:31,7.26,23.38,-25.11
265,6/15/2026 5:46,7.14,23.45,-18.42
266,6/15/2026 6:01,7.16,23.5,-19.53
267,6/15/2026 6:16,7.23,23.54,-23.42
268,6/15/2026 6:31,7.57,23.59,-42.77
269,6/15/2026 6:46,7.64,23.64,-46.41
270,6/15/2026 7:01,7.34,23.69,-29.89
271,6/15/2026 7:16,7.13,23.74,-18.22
272,6/15/2026 7:31,6.83,23.79,-1.17
273,6/15/2026 7:46,6.89,23.81,-4.56
274,6/15/2026 8:01,7.01,23.91,-11.44
275,6/15/2026 8:16,6.88,23.95,-4.08
276,6/15/2026 8:31,6.97,23.95,-8.7
277,6/15/2026 8:46,6.88,24.05,-3.92
278,6/15/2026 9:01,6.89,23.86,-4.69
279,6/15/2026 9:16,6.86,23.74,-2.47
280,6/15/2026 9:31,6.97,23.69,-8.88
281,6/15/2026 9:46,6.9,23.62,-4.89
282,6/15/2026 10:01,6.93,23.5,-6.72
283,6/15/2026 10:16,6.98,23.26,-9.36
284,6/15/2026 10:31,7.02,23.11,-11.56
285,6/15/2026 10:46,7.18,22.92,-20.99
286,6/15/2026 11:01,7.27,22.68,-25.67
287,6/15/2026 11:16,7.36,22.51,-30.86
288,6/15/2026 11:31,7.41,22.39,-33.69
289,6/15/2026 11:46,7.39,22.27,-32.77
290,6/15/2026 12:01,7.41,22.18,-33.61
291,6/15/2026 12:16,7.48,22.08,-37.44
292,6/15/2026 12:31,7.42,21.96,-34.28
293,6/15/2026 12:46,7.48,21.84,-37.31
294,6/15/2026 13:01,7.42,21.8,-34.17
295,6/15/2026 13:16,7.41,21.77,-33.36
296,6/15/2026 13:31,7.34,21.82,-29.49
297,6/15/2026 13:46,7.39,21.84,-32.38
298,6/15/2026 14:01,7.4,22.37,-33.11
299,6/15/2026 14:16,7.37,22.75,-31.3
300,6/15/2026 14:31,7.33,22.73,-29.28
301,6/15/2026 14:46,7.31,22.87,-28.08
302,6/15/2026 15:01,7.34,23.09,-29.5
303,6/15/2026 15:16,7.29,23.26,-27.09
304,6/15/2026 15:31,7.2,23.5,-21.77
305,6/15/2026 15:46,7.14,23.66,-18.52
306,6/15/2026 16:01,7.09,23.86,-15.5
307,6/15/2026 16:16,7.04,24,-12.88
308,6/15/2026 16:31,7,24.17,-10.38
309,6/15/2026 16:46,6.98,24.32,-9.39
310,6/15/2026 17:01,6.95,24.44,-7.55
311,6/15/2026 17:16,6.94,24.53,-7.09
312,6/15/2026 17:31,6.96,24.65,-8.34
313,6/15/2026 17:46,7.9,24.73,-61.31
314,6/15/2026 18:01,8.98,24.8,-122.41
315,6/15/2026 18:16,7.06,24.82,-14.3
316,6/15/2026 18:31,8.33,24.82,-85.8
317,6/15/2026 18:46,9.89,24.82,-174.07
318,6/15/2026 19:01,9.35,24.8,-143.43
319,6/15/2026 19:16,7.03,24.8,-12.09
320,6/15/2026 19:31,7.06,24.77,-14.13
321,6/15/2026 19:46,7.3,24.7,-27.83
322,6/15/2026 20:01,6.85,24.58,-2.14
323,6/15/2026 20:16,6.88,24.53,-3.78
324,6/15/2026 20:31,6.88,24.63,-4.13
325,6/15/2026 20:46,7.39,24.65,-32.72
326,6/15/2026 21:01,7.37,24.58,-31.59
327,6/15/2026 21:16,7.53,24.36,-40.36
328,6/15/2026 21:31,7.25,24.1,-24.64
329,6/15/2026 21:46,7.22,23.86,-22.86
330,6/15/2026 22:01,7.57,23.62,-42.63
331,6/15/2026 22:16,7.91,23.42,-61.67
332,6/15/2026 22:31,8.45,23.16,-92.16
333,6/15/2026 22:46,9.08,22.78,-127.61
334,6/15/2026 23:01,8.06,22.47,-70.11
335,6/15/2026 23:16,8.06,22.2,-69.85
336,6/15/2026 23:31,8.12,21.96,-73.33
337,6/15/2026 23:46,7.62,21.72,-45.49
338,6/16/2026 0:01,7.51,21.49,-39.41
339,6/16/2026 0:16,8.05,21.17,-69.33
340,6/16/2026 0:31,7.63,20.75,-45.99
341,6/16/2026 0:46,7.69,20.36,-48.94
342,6/16/2026 1:01,7.73,20.03,-51.1
343,6/16/2026 1:16,7.77,19.58,-53.27
344,6/16/2026 1:31,7.8,19.15,-55.13
345,6/16/2026 1:46,7.83,18.77,-56.5
346,6/16/2026 2:01,7.81,18.63,-55.28
347,6/16/2026 2:16,7.8,18.77,-55.16
348,6/16/2026 2:31,7.77,18.98,-53.52
349,6/16/2026 2:46,7.69,19.48,-49.17
350,6/16/2026 3:01,7.66,19.77,-47.33
351,6/16/2026 3:16,7.64,19.84,-46.31
352,6/16/2026 3:31,7.59,20.1,-43.2
353,6/16/2026 3:46,7.52,20.39,-39.49
354,6/16/2026 4:01,7.44,20.67,-35.28
355,6/16/2026 4:16,7.36,20.96,-30.88
356,6/16/2026 4:31,7.29,21.22,-26.78
357,6/16/2026 4:46,7.23,21.41,-23.41
358,6/16/2026 5:01,7.17,21.58,-20.13
359,6/16/2026 5:16,7.12,21.72,-17.36
360,6/16/2026 5:31,7.06,21.87,-14.02
361,6/16/2026 5:46,7.01,22.01,-11.44
362,6/16/2026 6:01,6.98,22.11,-9.59
363,6/16/2026 6:16,6.95,22.18,-8.09
364,6/16/2026 6:31,6.93,22.27,-6.89
365,6/16/2026 6:46,6.92,22.32,-5.97
366,6/16/2026 7:01,6.9,22.39,-5.28
367,6/16/2026 7:16,6.89,22.47,-4.69
368,6/16/2026 7:31,6.88,22.54,-4.16
369,6/16/2026 7:46,6.88,22.61,-3.86
370,6/16/2026 8:01,6.87,22.68,-3.52
371,6/16/2026 8:16,6.87,22.78,-3.11
372,6/16/2026 8:31,6.86,22.87,-2.94
373,6/16/2026 8:46,6.86,22.97,-2.72
374,6/16/2026 9:01,6.86,23.11,-2.83
375,6/16/2026 9:16,6.86,23.23,-2.86
376,6/16/2026 9:31,6.89,23.4,-4.36
377,6/16/2026 9:46,6.89,23.5,-4.63
378,6/16/2026 10:01,6.87,23.09,-3.42
379,6/16/2026 10:16,6.87,22.75,-3.38
380,6/16/2026 10:31,6.89,22.7,-4.23
381,6/16/2026 10:46,6.92,22.66,-6.33
382,6/16/2026 11:01,6.97,22.47,-8.95
383,6/16/2026 11:16,7.01,22.23,-11.11
384,6/16/2026 11:31,7.05,22.06,-13.3
385,6/16/2026 11:46,7.09,21.75,-15.59
386,6/16/2026 12:01,7.15,21.41,-19.03
387,6/16/2026 12:16,7.22,21.2,-22.7
388,6/16/2026 12:31,7.27,21.01,-25.94
389,6/16/2026 12:46,7.31,20.86,-28.16
390,6/16/2026 13:01,7.35,20.72,-30.16
391,6/16/2026 13:16,7.37,20.63,-31.31
392,6/16/2026 13:31,7.4,20.48,-33.17
393,6/16/2026 13:46,7.41,20.39,-33.56
394,6/16/2026 14:01,7.42,20.39,-33.99
395,6/16/2026 14:16,7.39,20.41,-32.56
396,6/16/2026 14:31,7.38,20.44,-32.08
397,6/16/2026 14:46,7.41,20.46,-33.75
398,6/16/2026 15:01,7.37,21.2,-31.58
399,6/16/2026 15:16,7.33,21.46,-29.36
400,6/16/2026 15:31,7.32,21.44,-28.41
401,6/16/2026 15:46,7.28,21.6,-26.34
402,6/16/2026 16:01,7.24,21.75,-23.99
403,6/16/2026 16:16,7.19,21.94,-21.49
404,6/16/2026 16:31,7.15,22.2,-18.83
405,6/16/2026 16:46,7.11,22.44,-16.7
406,6/16/2026 17:01,7.08,22.63,-14.91
407,6/16/2026 17:16,7.05,22.8,-13.41
408,6/16/2026 17:31,7.03,22.94,-12.3
409,6/16/2026 17:46,7,23.09,-10.89
410,6/16/2026 18:01,6.99,23.21,-9.88
411,6/16/2026 18:16,6.97,23.3,-8.92
412,6/16/2026 18:31,6.95,23.38,-8.06
413,6/16/2026 18:46,6.94,23.42,-7.3
414,6/16/2026 19:01,6.93,23.47,-6.61
415,6/16/2026 19:16,6.92,23.5,-6.03
416,6/16/2026 19:31,6.91,23.52,-5.56
417,6/16/2026 19:46,6.9,23.54,-5.25
418,6/16/2026 20:01,6.9,23.52,-4.91
419,6/16/2026 20:16,6.89,23.52,-4.72
420,6/16/2026 20:31,6.89,23.5,-4.33
421,6/16/2026 20:46,6.88,23.42,-3.94
422,6/16/2026 21:01,6.88,23.3,-3.69
423,6/16/2026 21:16,6.87,23.28,-3.23
424,6/16/2026 21:31,6.89,23.38,-4.3
425,6/16/2026 21:46,6.9,23.4,-5.23
426,6/16/2026 22:01,6.93,23.33,-6.47
427,6/16/2026 22:16,6.96,23.11,-8.41
428,6/16/2026 22:31,7.01,22.78,-11.28
429,6/16/2026 22:46,7.06,22.54,-13.98
430,6/16/2026 23:01,7.1,22.3,-16.47
431,6/16/2026 23:16,7.15,22.13,-19.02
432,6/16/2026 23:31,7.22,21.84,-22.92
433,6/16/2026 23:46,7.29,21.46,-26.72
434,6/17/2026 0:01,7.34,21.17,-29.53
435,6/17/2026 0:16,7.38,20.96,-31.91
436,6/17/2026 0:31,7.43,20.75,-34.66
437,6/17/2026 0:46,7.47,20.63,-36.75
438,6/17/2026 1:01,7.51,20.51,-39.28
439,6/17/2026 1:16,7.56,20.32,-41.97
440,6/17/2026 1:31,7.61,20.06,-44.7
441,6/17/2026 1:46,7.65,19.86,-46.77
442,6/17/2026 2:01,7.68,19.72,-48.3
443,6/17/2026 2:16,7.72,19.48,-50.5
444,6/17/2026 2:31,7.76,19.25,-52.53
445,6/17/2026 2:46,7.77,19.03,-53.55
446,6/17/2026 3:01,7.7,19.03,-49.24
447,6/17/2026 3:16,7.78,18.82,-54
448,6/17/2026 3:31,7.74,19.06,-51.5
449,6/17/2026 3:46,7.68,19.27,-48.49
450,6/17/2026 4:01,7.64,19.41,-46.3
451,6/17/2026 4:16,7.61,19.51,-44.52
452,6/17/2026 4:31,7.55,19.65,-41.17
453,6/17/2026 4:46,7.48,19.84,-37.11
454,6/17/2026 5:01,7.41,20.01,-33.25
455,6/17/2026 5:16,7.33,20.2,-29
456,6/17/2026 5:31,7.26,20.39,-25.24
457,6/17/2026 5:46,7.21,20.53,-22.08
458,6/17/2026 6:01,7.15,20.67,-19.02
459,6/17/2026 6:16,7.09,20.82,-15.91
460,6/17/2026 6:31,7.05,20.96,-13.25
461,6/17/2026 6:46,7.01,21.08,-11.11
462,6/17/2026 7:01,6.98,21.2,-9.45
463,6/17/2026 7:16,6.96,21.29,-8.22
464,6/17/2026 7:31,6.94,21.37,-7.17
465,6/17/2026 7:46,6.92,21.46,-6.41
466,6/17/2026 8:01,6.92,21.58,-5.89
467,6/17/2026 8:16,6.91,21.68,-5.48
468,6/17/2026 8:31,6.9,21.82,-4.98
469,6/17/2026 8:46,6.89,21.96,-4.67
470,6/17/2026 9:01,7.15,22.11,-18.86
471,6/17/2026 9:16,15.94,22.47,-512.02
472,6/17/2026 9:31,15.94,22.49,-512.02
473,6/17/2026 9:46,15.93,22.63,-512.02
474,6/17/2026 10:01,15.93,22.8,-512.02
475,6/17/2026 10:16,15.92,22.99,-512.02
476,6/17/2026 10:31,15.91,23.21,-512.02
477,6/17/2026 10:46,15.92,23.11,-512.02
478,6/17/2026 11:01,15.94,22.42,-512.02
479,6/17/2026 11:16,15.94,22.3,-512.02
480,6/17/2026 11:31,15.94,22.27,-512.02
481,6/17/2026 11:46,15.94,22.37,-512.02
482,6/17/2026 12:01,9.74,22.2,-164.43
483,6/17/2026 12:16,7.42,22.13,-34.2
484,6/17/2026 12:31,10.62,21.89,-213.48
485,6/17/2026 12:46,10.43,21.53,-202.65
486,6/17/2026 13:01,8.36,21.34,-86.58
487,6/17/2026 13:16,7.46,21.22,-36.16
488,6/17/2026 13:31,7.27,21.08,-25.61
489,6/17/2026 13:46,7.31,20.89,-27.72
490,6/17/2026 14:01,7.35,20.72,-29.94
491,6/17/2026 14:16,7.39,20.48,-32.5
492,6/17/2026 14:31,7.41,20.39,-33.55
493,6/17/2026 14:46,7.43,20.27,-34.38
494,6/17/2026 15:01,7.44,20.22,-35.27
495,6/17/2026 15:16,7.38,20.22,-32.05
496,6/17/2026 15:31,7.41,20.25,-33.56
497,6/17/2026 15:46,7.43,20.39,-34.74
498,6/17/2026 16:01,7.39,21.01,-32.67
499,6/17/2026 16:16,7.35,21.2,-30.34
500,6/17/2026 16:31,7.34,21.39,-29.41
501,6/17/2026 16:46,7.31,21.49,-27.77
502,6/17/2026 17:01,7.26,21.63,-25.38
503,6/17/2026 17:16,7.21,21.77,-22.55
504,6/17/2026 17:31,7.16,21.91,-19.83
505,6/17/2026 17:46,7.12,22.08,-17.34
506,6/17/2026 18:01,7.08,22.25,-15.27
507,6/17/2026 18:16,7.06,22.39,-13.72
508,6/17/2026 18:31,7.03,22.51,-12.48
509,6/17/2026 18:46,7.01,22.58,-11.41
510,6/17/2026 19:01,7,22.66,-10.45
511,6/17/2026 19:16,6.98,22.7,-9.48
512,6/17/2026 19:31,6.96,22.78,-8.64
513,6/17/2026 19:46,6.95,22.82,-7.84
514,6/17/2026 20:01,6.94,22.85,-7.27
515,6/17/2026 20:16,6.93,22.85,-6.73
516,6/17/2026 20:31,6.92,22.85,-6.22
517,6/17/2026 20:46,6.91,22.87,-5.83
518,6/17/2026 21:01,6.91,22.85,-5.45
519,6/17/2026 21:16,6.9,22.85,-5.14
520,6/17/2026 21:31,6.9,22.82,-4.81
521,6/17/2026 21:46,6.89,22.8,-4.59
522,6/17/2026 22:01,6.89,22.7,-4.28
523,6/17/2026 22:16,6.88,22.68,-3.92
524,6/17/2026 22:31,6.9,22.73,-5.23
525,6/17/2026 22:46,6.91,22.8,-5.77
526,6/17/2026 23:01,6.94,22.75,-6.98
527,6/17/2026 23:16,6.97,22.58,-8.83
528,6/17/2026 23:31,7.01,22.35,-11.23
529,6/17/2026 23:46,7.05,22.15,-13.69
530,6/18/2026 0:01,7.09,21.96,-15.94
531,6/18/2026 0:16,7.15,21.84,-18.89
532,6/18/2026 0:31,7.21,21.63,-22.66
533,6/18/2026 0:46,7.28,21.32,-26.49
534,6/18/2026 1:01,7.33,21.06,-29.31
535,6/18/2026 1:16,7.36,20.84,-30.99
536,6/18/2026 1:31,7.51,20.67,-39.08
537,6/18/2026 1:46,7.88,20.56,-59.83
538,6/18/2026 2:01,7.5,20.48,-38.31
539,6/18/2026 2:16,7.54,20.36,-40.75
540,6/18/2026 2:31,7.59,20.13,-43.55
541,6/18/2026 2:46,7.63,19.94,-45.42
542,6/18/2026 3:01,7.66,19.82,-47.41
543,6/18/2026 3:16,7.68,19.67,-48.52
544,6/18/2026 3:31,7.71,19.48,-50.28
545,6/18/2026 3:46,7.7,19.39,-49.33
546,6/18/2026 4:01,7.71,19.29,-49.99
547,6/18/2026 4:16,7.69,19.34,-48.99
548,6/18/2026 4:31,7.63,19.56,-45.78
549,6/18/2026 4:46,7.57,19.75,-42.28
550,6/18/2026 5:01,7.56,19.77,-41.78
551,6/18/2026 5:16,7.53,19.86,-40.17
552,6/18/2026 5:31,7.47,20.03,-36.67
553,6/18/2026 5:46,7.4,20.17,-33.02
554,6/18/2026 6:01,7.34,20.32,-29.49
555,6/18/2026 6:16,7.27,20.48,-25.63
556,6/18/2026 6:31,7.21,20.63,-22.08
557,6/18/2026 6:46,7.15,20.77,-19.03
558,6/18/2026 7:01,7.1,20.94,-16.06
559,6/18/2026 7:16,7.05,21.06,-13.42
560,6/18/2026 7:31,7.01,21.17,-11.27
561,6/18/2026 7:46,6.98,21.25,-9.66
562,6/18/2026 8:01,6.96,21.29,-8.33
563,6/18/2026 8:16,6.94,21.34,-7.39
564,6/18/2026 8:31,6.93,21.41,-6.58
565,6/18/2026 8:46,6.92,21.44,-6.05
566,6/18/2026 9:01,6.91,21.51,-5.63
567,6/18/2026 9:16,6.9,21.53,-5.19
568,6/18/2026 9:31,6.9,21.56,-4.86
569,6/18/2026 9:46,6.89,21.58,-4.56
570,6/18/2026 10:01,6.89,21.6,-4.2
571,6/18/2026 10:16,6.88,21.65,-4.08
572,6/18/2026 10:31,7.08,21.75,-15
573,6/18/2026 10:46,6.91,21.82,-5.45
574,6/18/2026 11:01,6.91,21.89,-5.84
575,6/18/2026 11:16,6.91,22.03,-5.34
576,6/18/2026 11:31,6.97,22.06,-8.77
577,6/18/2026 11:46,6.99,21.82,-9.81
578,6/18/2026 12:01,6.88,21.63,-4.13
579,6/18/2026 12:16,6.9,21.56,-5.25
580,6/18/2026 12:31,6.96,21.46,-8.55
581,6/18/2026 12:46,7.02,21.27,-11.78
582,6/18/2026 13:01,7.16,21.08,-19.31
583,6/18/2026 13:16,7.2,20.91,-21.7
584,6/18/2026 13:31,7.35,20.67,-29.94
585,6/18/2026 13:46,7.43,20.44,-34.41
586,6/18/2026 14:01,7.74,20.29,-51.74
587,6/18/2026 14:16,8.75,20.17,-107.93
588,6/18/2026 14:31,7.8,20.06,-55.02
589,6/18/2026 14:46,7.38,19.94,-31.74
590,6/18/2026 15:01,7.85,19.82,-57.66
591,6/18/2026 15:16,7.78,19.72,-53.91
592,6/18/2026 15:31,7.48,19.65,-37.27
593,6/18/2026 15:46,7.97,19.58,-64.58
594,6/18/2026 16:01,7.64,19.46,-45.99
595,6/18/2026 16:16,7.5,19.41,-38.33
596,6/18/2026 16:31,7.47,19.44,-36.86
597,6/18/2026 16:46,7.48,19.41,-37.17
598,6/18/2026 17:01,7.45,19.94,-35.8
599,6/18/2026 17:16,7.43,20.06,-34.72
600,6/18/2026 17:31,7.41,20.15,-33.56
601,6/18/2026 17:46,7.41,20.15,-33.63
602,6/18/2026 18:01,7.38,20.2,-31.72
603,6/18/2026 18:16,7.33,20.36,-28.78
604,6/18/2026 18:31,7.26,20.53,-25.39
605,6/18/2026 18:46,7.21,20.7,-22.31
606,6/18/2026 19:01,7.16,20.86,-19.69
607,6/18/2026 19:16,7.12,21.01,-17.33
608,6/18/2026 19:31,7.12,21.15,-17.08
609,6/18/2026 19:46,7.05,21.27,-13.67
610,6/18/2026 20:01,7.21,21.34,-22.25
611,6/18/2026 20:16,7.84,21.41,-57.56
612,6/18/2026 20:31,7.16,21.46,-19.45
613,6/18/2026 20:46,7.82,21.51,-56.52
614,6/18/2026 21:01,7.47,21.58,-36.64
615,6/18/2026 21:16,7.36,21.58,-30.86
616,6/18/2026 21:31,8.2,21.6,-77.75
617,6/18/2026 21:46,7.6,21.63,-44.25
618,6/18/2026 22:01,7.35,21.63,-30.28
619,6/18/2026 22:16,8.15,21.63,-74.69
620,6/18/2026 22:31,7.62,21.63,-45.5
621,6/18/2026 22:46,7.03,21.51,-12.28
622,6/18/2026 23:01,7.14,21.46,-18.55
623,6/18/2026 23:16,7.15,21.49,-19.27
624,6/18/2026 23:31,7.25,21.49,-24.36
625,6/18/2026 23:46,7.11,21.44,-16.63
626,6/19/2026 0:01,7.08,21.37,-15.08
627,6/19/2026 0:16,7.06,21.22,-14.25
628,6/19/2026 0:31,7.16,21.03,-19.75
629,6/19/2026 0:46,7.27,20.84,-25.58
630,6/19/2026 1:01,7.35,20.63,-30.06
631,6/19/2026 1:16,7.16,20.48,-19.72
632,6/19/2026 1:31,7.67,20.32,-48.17
633,6/19/2026 1:46,7.28,20.08,-26.16
634,6/19/2026 2:01,8.58,19.84,-98.72
635,6/19/2026 2:16,9.71,19.7,-161.33
636,6/19/2026 2:31,8.19,19.53,-76.78
637,6/19/2026 2:46,9.26,19.41,-136.02
638,6/19/2026 3:01,7.84,19.32,-57.22
639,6/19/2026 3:16,7.54,19.17,-40.42
640,6/19/2026 3:31,7.56,19.01,-41.41
641,6/19/2026 3:46,7.6,18.82,-43.7
642,6/19/2026 4:01,8.02,18.6,-66.89
643,6/19/2026 4:16,7.64,18.44,-46.11
644,6/19/2026 4:31,7.74,18.32,-51.38
645,6/19/2026 4:46,7.6,18.3,-43.66
646,6/19/2026 5:01,7.65,18.22,-46.64
647,6/19/2026 5:16,7.61,18.39,-44.31
648,6/19/2026 5:31,7.55,18.63,-40.95
649,6/19/2026 5:46,7.5,18.77,-38.53
650,6/19/2026 6:01,7.5,18.84,-38.47
651,6/19/2026 6:16,7.45,18.98,-35.81
652,6/19/2026 6:31,7.4,19.1,-32.7
653,6/19/2026 6:46,7.34,19.25,-29.74
654,6/19/2026 7:01,7.29,19.41,-26.49
655,6/19/2026 7:16,7.22,19.58,-23.08
656,6/19/2026 7:31,7.17,19.75,-19.94
657,6/19/2026 7:46,7.12,19.89,-17.11
658,6/19/2026 8:01,7.2,20.03,-21.58
659,6/19/2026 8:16,9.04,20.15,-124.11
660,6/19/2026 8:31,7.51,20.27,-39.24
661,6/19/2026 8:46,7.55,20.39,-41.49
662,6/19/2026 9:01,7.93,20.48,-62.58
663,6/19/2026 9:16,7.86,20.58,-58.6
664,6/19/2026 9:31,7.26,20.7,-24.86
665,6/19/2026 9:46,7.78,20.82,-54.03
666,6/19/2026 10:01,6.92,20.91,-6.02
667,6/19/2026 10:16,7.18,21.03,-20.72
668,6/19/2026 10:31,7.16,21.17,-19.52
669,6/19/2026 10:46,7.1,21.32,-16.39
670,6/19/2026 11:01,7.13,21.46,-17.88
671,6/19/2026 11:16,7.03,21.6,-12.03
672,6/19/2026 11:31,7.33,21.72,-29.02
673,6/19/2026 11:46,7.02,21.89,-11.8
674,6/19/2026 12:01,7.26,22.01,-25.05
675,6/19/2026 12:16,6.98,22.3,-9.52
676,6/19/2026 12:31,7.12,21.91,-17.13
677,6/19/2026 12:46,6.96,21.63,-8.66
678,6/19/2026 13:01,6.96,21.49,-8.41
679,6/19/2026 13:16,6.98,21.46,-9.64
680,6/19/2026 13:31,7.04,21.58,-12.98
681,6/19/2026 13:46,7.1,21.51,-16.05
682,6/19/2026 14:01,7.15,21.49,-18.98
683,6/19/2026 14:16,7.18,21.29,-20.84
684,6/19/2026 14:31,7.81,20.98,-55.91
685,6/19/2026 14:46,7.53,20.79,-40.11
686,6/19/2026 15:01,8.33,20.7,-85.08
687,6/19/2026 15:16,7.44,20.6,-35.42
688,6/19/2026 15:31,7.42,20.48,-33.88
689,6/19/2026 15:46,7.44,20.32,-35.24
690,6/19/2026 16:01,7.46,20.15,-36.49
691,6/19/2026 16:16,7.48,20.03,-37.11
692,6/19/2026 16:31,7.49,19.96,-37.86
693,6/19/2026 16:46,7.5,19.91,-38.33
694,6/19/2026 17:01,7.38,19.94,-31.81
695,6/19/2026 17:16,7.45,19.91,-35.66
696,6/19/2026 17:31,7.46,20.17,-36.47
697,6/19/2026 17:46,7.46,20.46,-36.19
698,6/19/2026 18:01,7.43,20.67,-34.53
699,6/19/2026 18:16,7.41,20.75,-33.34
700,6/19/2026 18:31,7.36,20.86,-30.5
701,6/19/2026 18:46,7.32,20.96,-28.49
702,6/19/2026 19:01,7.28,21.06,-26.14
703,6/19/2026 19:16,7.24,21.13,-23.94
704,6/19/2026 19:31,7.2,21.25,-21.74
705,6/19/2026 19:46,7.17,21.34,-20
706,6/19/2026 20:01,7.17,21.44,-20.09
707,6/19/2026 20:16,7.12,21.49,-17.16
708,6/19/2026 20:31,7.15,21.56,-19.28
709,6/19/2026 20:46,7.09,21.58,-15.66
710,6/19/2026 21:01,7.74,21.6,-52.27
711,6/19/2026 21:16,8.79,21.63,-111
712,6/19/2026 21:31,8.52,21.63,-95.61
713,6/19/2026 21:46,8.12,21.63,-73.41
714,6/19/2026 22:01,8.99,21.63,-121.78
715,6/19/2026 22:16,9.16,21.6,-131.32
716,6/19/2026 22:31,8.39,21.58,-88.3
717,6/19/2026 22:46,9.37,21.58,-143.19
718,6/19/2026 23:01,7.92,21.56,-62.21
719,6/19/2026 23:16,8.75,21.53,-108.71
720,6/19/2026 23:31,8.78,21.49,-110.43
721,6/19/2026 23:46,7.9,21.29,-60.99
722,6/20/2026 0:01,7.24,21.22,-24.2
723,6/20/2026 0:16,7.6,21.22,-44.16
724,6/20/2026 0:31,7.15,21.39,-19.16
725,6/20/2026 0:46,7.08,21.39,-15.14
726,6/20/2026 1:01,7.25,21.34,-24.56
727,6/20/2026 1:16,7.05,21.17,-13.53
728,6/20/2026 1:31,7.75,20.94,-52.22
729,6/20/2026 1:46,7.99,20.75,-65.71
730,6/20/2026 2:01,7.99,20.53,-65.89
731,6/20/2026 2:16,8.69,20.46,-104.91
732,6/20/2026 2:31,7.6,20.34,-44.27
733,6/20/2026 2:46,7.34,20.13,-29.36
734,6/20/2026 3:01,7.39,19.84,-32.38
735,6/20/2026 3:16,7.43,19.58,-34.45
736,6/20/2026 3:31,7.89,19.39,-59.97
737,6/20/2026 3:46,9.05,19.2,-124.27
738,6/20/2026 4:01,7.52,19.01,-39.28
739,6/20/2026 4:16,7.54,18.84,-40.59
740,6/20/2026 4:31,7.56,18.7,-41.63
741,6/20/2026 4:46,7.58,18.56,-43
742,6/20/2026 5:01,7.59,18.46,-43.06
743,6/20/2026 5:16,7.59,18.34,-43.38
744,6/20/2026 5:31,7.51,18.34,-38.67
745,6/20/2026 5:46,7.56,18.39,-41.83
746,6/20/2026 6:01,7.56,18.41,-41.47
747,6/20/2026 6:16,7.53,18.53,-40.02
748,6/20/2026 6:31,7.5,18.79,-38.19
749,6/20/2026 6:46,7.48,18.89,-37.39
750,6/20/2026 7:01,7.45,19.06,-35.45
751,6/20/2026 7:16,7.4,19.25,-32.83
752,6/20/2026 7:31,7.35,19.46,-30.19
753,6/20/2026 7:46,7.3,19.7,-27.16
754,6/20/2026 8:01,7.25,19.91,-24.5
755,6/20/2026 8:16,7.2,20.06,-22.02
756,6/20/2026 8:31,7.17,20.17,-20.08
757,6/20/2026 8:46,7.14,20.29,-18.27
758,6/20/2026 9:01,7.1,20.39,-16.09
759,6/20/2026 9:16,7.34,20.48,-29.83
760,6/20/2026 9:31,9.53,20.6,-151.6
761,6/20/2026 9:46,9.93,20.7,-174.26
762,6/20/2026 10:01,8.16,20.79,-75.13
763,6/20/2026 10:16,10.44,20.91,-202.46
764,6/20/2026 10:31,10.47,21.03,-204.27
765,6/20/2026 10:46,8.44,21.06,-91.14
766,6/20/2026 11:01,8.74,21.06,-107.53
767,6/20/2026 11:16,9.03,21.13,-123.88
768,6/20/2026 11:31,9.45,21.2,-147.54
769,6/20/2026 11:46,8.13,21.22,-73.77
770,6/20/2026 12:01,7.57,21.32,-42.36
771,6/20/2026 12:16,8.87,21.41,-115.33
772,6/20/2026 12:31,8.22,21.58,-78.96
773,6/20/2026 12:46,7.78,21.8,-54.24
774,6/20/2026 13:01,7.01,21.72,-11.03
775,6/20/2026 13:16,7.01,21.51,-10.92
776,6/20/2026 13:31,7.16,21.49,-19.77
777,6/20/2026 13:46,7.21,21.32,-22.33
778,6/20/2026 14:01,7.22,21.34,-22.88
779,6/20/2026 14:16,7.27,21.37,-25.92
780,6/20/2026 14:31,8.17,21.27,-75.94
781,6/20/2026 14:46,9.08,21.22,-126.85
782,6/20/2026 15:01,8.91,21.17,-117.05
783,6/20/2026 15:16,8.31,20.94,-83.85
784,6/20/2026 15:31,9.35,20.67,-141.91
785,6/20/2026 15:46,7.67,20.46,-47.95
786,6/20/2026 16:01,8.09,20.32,-71.6
787,6/20/2026 16:16,7.69,20.17,-49.3
788,6/20/2026 16:31,7.54,20.03,-40.69
789,6/20/2026 16:46,7.55,19.84,-41.3
790,6/20/2026 17:01,7.64,19.65,-46.06
791,6/20/2026 17:16,7.58,19.53,-42.61
792,6/20/2026 17:31,7.56,19.46,-41.95
793,6/20/2026 17:46,7.56,19.44,-41.69
794,6/20/2026 18:01,7.55,19.51,-41.16
795,6/20/2026 18:16,7.56,19.56,-41.49
796,6/20/2026 18:31,7.53,19.94,-40.17
797,6/20/2026 18:46,7.51,20.17,-38.95
798,6/20/2026 19:01,7.48,20.22,-37.61
799,6/20/2026 19:16,7.47,20.34,-36.53
800,6/20/2026 19:31,7.42,20.48,-34.3
801,6/20/2026 19:46,7.38,20.6,-31.92
802,6/20/2026 20:01,7.35,20.72,-30.05
803,6/20/2026 20:16,7.31,20.82,-28.13
804,6/20/2026 20:31,7.28,20.94,-26.13
805,6/20/2026 20:46,7.26,21.03,-25.39
806,6/20/2026 21:01,7.26,21.13,-25.17
807,6/20/2026 21:16,7.27,21.17,-25.77
808,6/20/2026 21:31,7.27,21.25,-25.61
809,6/20/2026 21:46,7.19,21.27,-21.33
810,6/20/2026 22:01,9.2,21.29,-133.64
811,6/20/2026 22:16,8.24,21.32,-80.14
812,6/20/2026 22:31,7.08,21.32,-15.27
813,6/20/2026 22:46,9.32,21.34,-140.35
814,6/20/2026 23:01,7.36,21.32,-30.69
815,6/20/2026 23:16,11.61,21.32,-268.48
816,6/20/2026 23:31,13.4,21.32,-368.31
817,6/20/2026 23:46,10.32,21.32,-196.24
818,6/21/2026 0:01,12.67,21.32,-327.68
819,6/21/2026 0:16,9.28,21.29,-137.88
820,6/21/2026 0:31,10.11,21.25,-184.41
821,6/21/2026 0:46,12.4,21.17,-312.04
822,6/21/2026 1:01,9.08,21.1,-126.89
823,6/21/2026 1:16,10.91,21.2,-229.23
824,6/21/2026 1:31,10.12,21.25,-185.12
825,6/21/2026 1:46,10.1,21.25,-183.68
826,6/21/2026 2:01,9.24,21.2,-136
827,6/21/2026 2:16,9.56,21.06,-153.43
828,6/21/2026 2:31,8.03,20.86,-68.3
829,6/21/2026 2:46,10.88,20.7,-227.13
830,6/21/2026 3:01,9.28,20.51,-137.63
831,6/21/2026 3:16,10.42,20.39,-200.9
832,6/21/2026 3:31,7.77,20.27,-53.63
833,6/21/2026 3:46,7.35,20.08,-30.34
834,6/21/2026 4:01,7.52,19.82,-39.49
835,6/21/2026 4:16,7.43,19.56,-34.66
836,6/21/2026 4:31,7.53,19.34,-40.24
837,6/21/2026 4:46,7.49,19.17,-37.58
838,6/21/2026 5:01,7.52,19.01,-39.31
839,6/21/2026 5:16,7.54,18.87,-40.75
840,6/21/2026 5:31,7.76,18.75,-52.86
841,6/21/2026 5:46,7.64,18.68,-45.97
842,6/21/2026 6:01,7.54,18.65,-40.61
843,6/21/2026 6:16,7.48,18.65,-37.33
844,6/21/2026 6:31,7.54,18.65,-40.58
845,6/21/2026 6:46,7.52,18.82,-39.45
846,6/21/2026 7:01,7.48,19.1,-37.09
847,6/21/2026 7:16,7.46,19.17,-36.41
848,6/21/2026 7:31,7.44,19.34,-35.31
849,6/21/2026 7:46,7.41,19.56,-33.64
850,6/21/2026 8:01,7.38,19.77,-31.74
851,6/21/2026 8:16,7.34,19.94,-29.61
852,6/21/2026 8:31,7.31,20.1,-27.64
853,6/21/2026 8:46,7.27,20.25,-25.58
854,6/21/2026 9:01,7.24,20.39,-23.91
855,6/21/2026 9:16,7.21,20.56,-22.24
856,6/21/2026 9:31,7.18,20.7,-20.8
857,6/21/2026 9:46,7.16,20.82,-19.63
858,6/21/2026 10:01,7.14,20.96,-18.41
859,6/21/2026 10:16,7.11,21.1,-16.5
860,6/21/2026 10:31,9.14,21.2,-130.13
861,6/21/2026 10:46,9.01,21.34,-123.08
862,6/21/2026 11:01,9.52,21.46,-151.74
863,6/21/2026 11:16,8.18,21.53,-76.38
864,6/21/2026 11:31,7.83,21.56,-57.14
865,6/21/2026 11:46,10.79,21.68,-222.69
866,6/21/2026 12:01,10.25,21.84,-192.55
867,6/21/2026 12:16,11.55,21.77,-265.35
868,6/21/2026 12:31,7.53,21.87,-40.3
869,6/21/2026 12:46,8.55,22.18,-97.33
870,6/21/2026 13:01,8.98,22.44,-121.58
871,6/21/2026 13:16,7.84,22.66,-57.75
872,6/21/2026 13:31,7.03,22.51,-12.3
873,6/21/2026 13:46,7.4,22.27,-33.09
874,6/21/2026 14:01,7.36,22.11,-30.7
875,6/21/2026 14:16,7.37,21.94,-31.27
876,6/21/2026 14:31,7.33,21.84,-28.94
877,6/21/2026 14:46,7.33,21.84,-29.05
878,6/21/2026 15:01,7.31,21.96,-27.78
879,6/21/2026 15:16,7.62,21.96,-45.27
880,6/21/2026 15:31,7.99,21.87,-66.25
881,6/21/2026 15:46,7.5,21.82,-38.55
882,6/21/2026 16:01,7.72,21.53,-50.86
883,6/21/2026 16:16,7.46,21.22,-36.25
884,6/21/2026 16:31,9.34,21.01,-141.04
885,6/21/2026 16:46,9.25,20.89,-136.3
886,6/21/2026 17:01,10.03,20.77,-179.72
887,6/21/2026 17:16,8.97,20.6,-120.55
888,6/21/2026 17:31,7.55,20.39,-41.41
889,6/21/2026 17:46,12.47,20.17,-315.31
890,6/21/2026 18:01,8.41,20.03,-88.86
891,6/21/2026 18:16,7.93,19.91,-62.11
892,6/21/2026 18:31,7.61,19.86,-44.45
893,6/21/2026 18:46,7.63,19.89,-45.5
894,6/21/2026 19:01,7.56,19.91,-41.86
895,6/21/2026 19:16,7.57,20.15,-42.31
896,6/21/2026 19:31,7.54,20.46,-40.61
897,6/21/2026 19:46,7.57,20.53,-42.19
898,6/21/2026 20:01,7.52,20.72,-39.69
899,6/21/2026 20:16,7.49,20.82,-37.94
900,6/21/2026 20:31,7.44,20.96,-35.44
901,6/21/2026 20:46,7.41,21.06,-33.44
902,6/21/2026 21:01,7.36,21.15,-30.55
903,6/21/2026 21:16,7.32,21.27,-28.66
904,6/21/2026 21:31,7.26,21.39,-25.44
905,6/21/2026 21:46,7.24,21.46,-23.91
906,6/21/2026 22:01,7.22,21.53,-22.97
907,6/21/2026 22:16,7.31,21.58,-27.88
908,6/21/2026 22:31,7.27,21.63,-25.91
909,6/21/2026 22:46,7.52,21.63,-39.66
910,6/21/2026 23:01,7.15,21.63,-18.95
911,6/21/2026 23:16,7.07,21.63,-14.38
912,6/21/2026 23:31,12.1,21.63,-296.09
913,6/21/2026 23:46,7.95,21.6,-63.78
914,6/22/2026 0:01,14.21,21.6,-414.14
915,6/22/2026 0:16,14.78,21.58,-446.01
916,6/22/2026 0:31,13.7,21.56,-385.2
917,6/22/2026 0:46,15.83,21.53,-504.42
918,6/22/2026 1:01,15.97,21.51,-512.02
919,6/22/2026 1:16,15.97,21.49,-512.02
920,6/22/2026 1:31,11.43,21.44,-258.51
921,6/22/2026 1:46,14.25,21.34,-415.95
922,6/22/2026 2:01,13.31,21.34,-363.09
923,6/22/2026 2:16,13.83,21.46,-392.47
924,6/22/2026 2:31,13.96,21.49,-399.97
925,6/22/2026 2:46,13.04,21.44,-348.31
926,6/22/2026 3:01,12.37,21.39,-310.57
927,6/22/2026 3:16,9.09,21.29,-127.36
928,6/22/2026 3:31,10.2,21.13,-189.55
929,6/22/2026 3:46,7.56,21.01,-41.99
930,6/22/2026 4:01,9.9,20.84,-172.47
931,6/22/2026 4:16,9.02,20.67,-123.32
932,6/22/2026 4:31,9.42,20.6,-145.58
933,6/22/2026 4:46,11.21,20.46,-245.12
934,6/22/2026 5:01,7.65,20.27,-46.66
935,6/22/2026 5:16,8.98,20.01,-120.78
936,6/22/2026 5:31,7.53,19.75,-39.84
937,6/22/2026 5:46,7.56,19.56,-41.7
938,6/22/2026 6:01,7.49,19.44,-37.97
939,6/22/2026 6:16,8.07,19.34,-69.86
940,6/22/2026 6:31,8.4,19.27,-88.35
941,6/22/2026 6:46,10.54,19.25,-207.02
942,6/22/2026 7:01,8.75,19.32,-107.55
943,6/22/2026 7:16,10.04,19.41,-179.57
944,6/22/2026 7:31,10.4,19.67,-199.74
945,6/22/2026 7:46,10.49,19.94,-204.69
946,6/22/2026 8:01,10.51,19.96,-205.66
947,6/22/2026 8:16,10.15,20.13,-186.1
948,6/22/2026 8:31,10.03,20.29,-179.61
949,6/22/2026 8:46,10.03,20.48,-179.54
950,6/22/2026 9:01,9.8,20.63,-166.79
951,6/22/2026 9:16,9.98,20.75,-176.6
952,6/22/2026 9:31,9.92,20.84,-173.27
953,6/22/2026 9:46,9.68,20.98,-160.5
954,6/22/2026 10:01,9.97,21.13,-176.6
955,6/22/2026 10:16,8.86,21.27,-114.46
956,6/22/2026 10:31,8.5,21.41,-94.32
957,6/22/2026 10:46,8.55,21.58,-97.53
958,6/22/2026 11:01,10.18,21.72,-188.87
959,6/22/2026 11:16,10.26,21.89,-193.16
960,6/22/2026 11:31,8.96,22.01,-120.63
961,6/22/2026 11:46,12.85,22.01,-338.42
962,6/22/2026 12:01,12.58,21.99,-322.99
963,6/22/2026 12:16,10.48,21.99,-205.32
964,6/22/2026 12:31,7.35,22.03,-30.16
965,6/22/2026 12:46,15.95,22.06,-512.02
966,6/22/2026 13:01,15.95,22.06,-512.02
967,6/22/2026 13:16,15.95,22.01,-512.02
968,6/22/2026 13:31,15.95,22.03,-512.02
969,6/22/2026 13:46,7.39,22.08,-32.45
970,6/22/2026 14:01,7.08,22.11,-15.28
971,6/22/2026 14:16,8.36,22.15,-86.69
972,6/22/2026 14:31,11.04,22.13,-236.98
973,6/22/2026 14:46,8.23,21.96,-79.35
974,6/22/2026 15:01,8.51,21.89,-95.33
975,6/22/2026 15:16,8.43,21.87,-90.57
976,6/22/2026 15:31,7.42,21.84,-34.22
977,6/22/2026 15:46,8.34,21.8,-85.53
978,6/22/2026 16:01,9.32,21.77,-140.24
979,6/22/2026 16:16,9.71,21.72,-162.47
980,6/22/2026 16:31,10.64,21.68,-214.35
981,6/22/2026 16:46,10.65,21.58,-214.65
982,6/22/2026 17:01,7.52,21.46,-39.53
983,6/22/2026 17:16,8.21,21.25,-78.35
984,6/22/2026 17:31,10.52,21.01,-207.41
985,6/22/2026 17:46,8.29,20.82,-82.83
986,6/22/2026 18:01,7.51,20.67,-39.11
987,6/22/2026 18:16,7.54,20.56,-40.52
988,6/22/2026 18:31,7.56,20.41,-41.63
989,6/22/2026 18:46,10.04,20.27,-180.05
990,6/22/2026 19:01,13.8,20.17,-389.09
991,6/22/2026 19:16,8.1,20.13,-72.02
992,6/22/2026 19:31,7.79,20.15,-54.66
993,6/22/2026 19:46,10.3,20.17,-194.43
994,6/22/2026 20:01,12.25,20.29,-303.24
995,6/22/2026 20:16,10.7,20.48,-216.55
996,6/22/2026 20:31,12.61,20.58,-323.56
997,6/22/2026 20:46,12.53,20.65,-319.23
998,6/22/2026 21:01,12.97,20.77,-343.51
999,6/22/2026 21:16,12.75,20.91,-331.26
####,6/22/2026 21:31,13.31,21.06,-363.17
####,6/22/2026 21:46,13.15,21.15,-354.21
####,6/22/2026 22:01,12.48,21.22,-316.71
####,6/22/2026 22:16,13.1,21.27,-351.64
####,6/22/2026 22:31,11.88,21.32,-283.46
####,6/22/2026 22:46,11.89,21.37,-284.2
####,6/22/2026 23:01,11.25,21.39,-248.02
####,6/22/2026 23:16,9.1,21.41,-128.07
####,6/22/2026 23:31,11.5,21.41,-262.26
####,6/22/2026 23:46,9.28,21.39,-138.13
####,6/23/2026 0:01,10.59,21.39,-211.16
####,6/23/2026 0:16,10.47,21.39,-204.83
####,6/23/2026 0:31,9.87,21.39,-171.32
####,6/23/2026 0:46,13.02,21.39,-346.93
####,6/23/2026 1:01,12.56,21.41,-321.68
####,6/23/2026 1:16,15.97,21.41,-512.02
####,6/23/2026 1:31,15.97,21.41,-512.02
####,6/23/2026 1:46,15.97,21.41,-512.02
####,6/23/2026 2:01,15.97,21.41,-512.02
####,6/23/2026 2:16,15.97,21.39,-512.02
####,6/23/2026 2:31,15.97,21.32,-512.02
####,6/23/2026 2:46,15.97,21.27,-512.02
####,6/23/2026 3:01,15.97,21.27,-512.02
####,6/23/2026 3:16,15.97,21.32,-512.02
####,6/23/2026 3:31,15.97,21.32,-512.02
####,6/23/2026 3:46,15.97,21.27,-512.02
####,6/23/2026 4:01,15.97,21.25,-512.02
####,6/23/2026 4:16,15.98,21.15,-512.02
####,6/23/2026 4:31,15.81,21.03,-502.28
####,6/23/2026 4:46,12.53,20.91,-319.48
####,6/23/2026 5:01,10.89,20.77,-227.87
####,6/23/2026 5:16,14.28,20.63,-416.58
####,6/23/2026 5:31,10.93,20.51,-229.77
####,6/23/2026 5:46,8.01,20.41,-66.91
####,6/23/2026 6:01,7.44,20.27,-35.13
####,6/23/2026 6:16,8.72,20.08,-106.13
####,6/23/2026 6:31,8.86,19.94,-114.33
####,6/23/2026 6:46,11.91,19.79,-283.87
####,6/23/2026 7:01,8.42,19.67,-89.3
####,6/23/2026 7:16,7.65,19.6,-46.6
####,6/23/2026 7:31,9.15,19.56,-130.05
####,6/23/2026 7:46,10.71,19.56,-216.76
####,6/23/2026 8:01,13.91,19.58,-394.56
####,6/23/2026 8:16,15.5,19.75,-483.03
####,6/23/2026 8:31,15.29,19.91,-471.8
####,6/23/2026 8:46,14.74,20.01,-441.48
####,6/23/2026 9:01,14.42,20.01,-423.62
####,6/23/2026 9:16,14.27,20.1,-415.12
####,6/23/2026 9:31,14.23,20.22,-412.97
####,6/23/2026 9:46,14.25,20.34,-414.29
####,6/23/2026 10:01,13.44,20.44,-369.64
####,6/23/2026 10:16,13.76,20.56,-387.53
####,6/23/2026 10:31,13.33,20.67,-363.75
####,6/23/2026 10:46,11.33,20.77,-251.99
####,6/23/2026 11:01,8.28,20.86,-81.99
####,6/23/2026 11:16,12.97,20.94,-344.09
####,6/23/2026 11:31,13.75,20.98,-387.2
####,6/23/2026 11:46,12.59,21.08,-322.65
####,6/23/2026 12:01,10.09,21.15,-183.08
####,6/23/2026 12:16,8.54,21.2,-96.71
####,6/23/2026 12:31,11.65,21.2,-270.2
####,6/23/2026 12:46,7.39,21.22,-32.2
####,6/23/2026 13:01,14.71,21.25,-441.51
####,6/23/2026 13:16,10.43,21.27,-202.49
####,6/23/2026 13:31,15.97,21.29,-512.02
####,6/23/2026 13:46,15.97,21.32,-512.02
####,6/23/2026 14:01,15.97,21.37,-512.02
####,6/23/2026 14:16,15.97,21.46,-512.02
####,6/23/2026 14:31,15.97,21.51,-512.02
####,6/23/2026 14:46,15.96,21.56,-512.02
####,6/23/2026 15:01,15.97,21.53,-512.02
####,6/23/2026 15:16,15.96,21.6,-512.02
####,6/23/2026 15:31,15.97,21.41,-512.02
####,6/23/2026 15:46,15.97,21.34,-512.02
####,6/23/2026 16:01,15.97,21.29,-512.02
####,6/23/2026 16:16,15.97,21.29,-512.02
####,6/23/2026 16:31,10.87,21.27,-226.69
####,6/23/2026 16:46,14.08,21.27,-406.37
####,6/23/2026 17:01,14.9,21.17,-451.65
####,6/23/2026 17:16,12.29,21.06,-305.76
####,6/23/2026 17:31,13.33,20.94,-363.7
####,6/23/2026 17:46,12.39,20.79,-311.4
####,6/23/2026 18:01,8.28,20.58,-82
####,6/23/2026 18:16,8.38,20.39,-87.27
####,6/23/2026 18:31,10.09,20.25,-182.74
####,6/23/2026 18:46,9.63,20.08,-157.08
####,6/23/2026 19:01,7.48,19.94,-37.41
####,6/23/2026 19:16,10.83,19.82,-223.57
####,6/23/2026 19:31,15.59,19.72,-488.12
####,6/23/2026 19:46,15.89,19.65,-504.77
####,6/23/2026 20:01,13.33,19.6,-362.06
####,6/23/2026 20:16,11.69,19.58,-271.32
####,6/23/2026 20:31,14.8,19.58,-444.17
####,6/23/2026 20:46,14.04,19.6,-401.89
####,6/23/2026 21:01,12.34,19.82,-307.68
####,6/23/2026 21:16,13.33,19.94,-362.96
####,6/23/2026 21:31,13.9,20.1,-394.56
####,6/23/2026 21:46,14.91,20.15,-450.87
####,6/23/2026 22:01,14.26,20.25,-415.08
####,6/23/2026 22:16,15.91,20.36,-507.19
####,6/23/2026 22:31,16,20.51,-512.02
####,6/23/2026 22:46,14.16,20.6,-409.54
####,6/23/2026 23:01,12.33,20.7,-308.13
####,6/23/2026 23:16,13.04,20.79,-347.51
####,6/23/2026 23:31,12.04,20.89,-291.88
####,6/23/2026 23:46,11.32,20.96,-251.87
####,6/24/2026 0:01,7.71,21.01,-50.41
####,6/24/2026 0:16,13.21,21.06,-357.17
####,6/24/2026 0:31,10.98,21.08,-232.94
####,6/24/2026 0:46,12.72,21.1,-330.28
####,6/24/2026 1:01,12.14,21.1,-297.59
####,6/24/2026 1:16,10.24,21.13,-191.47
####,6/24/2026 1:31,14.89,21.13,-451.2
####,6/24/2026 1:46,7.41,21.13,-33.28
####,6/24/2026 2:01,15.98,21.13,-512.02
####,6/24/2026 2:16,15.98,21.13,-512.02
####,6/24/2026 2:31,15.98,21.13,-512.02
####,6/24/2026 2:46,15.98,21.1,-512.02
####,6/24/2026 3:01,15.98,21.1,-512.02
####,6/24/2026 3:16,15.98,21.08,-512.02
####,6/24/2026 3:31,15.34,21.03,-476.11
####,6/24/2026 3:46,15.78,20.96,-500.94
####,6/24/2026 4:01,15.98,20.94,-512.02
####,6/24/2026 4:16,15.98,20.96,-512.02
####,6/24/2026 4:31,15.98,20.96,-512.02
####,6/24/2026 4:46,15.98,20.94,-512.02
####,6/24/2026 5:01,15.98,20.91,-512.02
####,6/24/2026 5:16,15.99,20.82,-512.02
####,6/24/2026 5:31,14.41,20.7,-423.7
####,6/24/2026 5:46,11.62,20.56,-268.29
####,6/24/2026 6:01,12.91,20.44,-339.85
####,6/24/2026 6:16,7.23,20.27,-23.53
####,6/24/2026 6:31,7.17,20.13,-20.36
####,6/24/2026 6:46,7.21,20.03,-22.34
####,6/24/2026 7:01,12.55,19.89,-319.38
####,6/24/2026 7:16,10.89,19.75,-226.73
####,6/24/2026 7:31,12.42,19.63,-312.04
####,6/24/2026 7:46,13.41,19.51,-366.4
####,6/24/2026 8:01,15.41,19.39,-477.78
####,6/24/2026 8:16,15.25,19.34,-468.64
####,6/24/2026 8:31,11.36,19.29,-252.52
####,6/24/2026 8:46,10.77,19.32,-220.16
####,6/24/2026 9:01,11.04,19.37,-234.65
####,6/24/2026 9:16,12.75,19.67,-330.24
####,6/24/2026 9:31,12.6,19.96,-322.26
####,6/24/2026 9:46,13.83,20.08,-390.64
####,6/24/2026 10:01,11.88,20.22,-282.54
####,6/24/2026 10:16,10.59,20.2,-210.77
####,6/24/2026 10:31,11.89,20.32,-282.9
####,6/24/2026 10:46,10.72,20.58,-217.73
####,6/24/2026 11:01,11.26,20.72,-248.32
####,6/24/2026 11:16,12.41,20.86,-312.56
####,6/24/2026 11:31,12.66,21.06,-326.81
####,6/24/2026 11:46,12.55,21.22,-320.88
####,6/24/2026 12:01,11.23,21.41,-247.37
####,6/24/2026 12:16,12.08,21.56,-294.54
####,6/24/2026 12:31,11.9,21.7,-284.68
####,6/24/2026 12:46,12.88,21.82,-339.65
####,6/24/2026 13:01,9.92,21.89,-174.15
####,6/24/2026 13:16,11.38,21.99,-256.18
####,6/24/2026 13:31,15.74,22.08,-500.33
####,6/24/2026 13:46,15.35,22.15,-478.44
####,6/24/2026 14:01,7.57,22.15,-42.7
####,6/24/2026 14:16,15.94,22.25,-512.02
####,6/24/2026 14:31,15.94,22.39,-512.02
####,6/24/2026 14:46,15.94,22.51,-512.02
####,6/24/2026 15:01,14.8,22.54,-448.25
####,6/24/2026 15:16,13.91,22.61,-398.26
####,6/24/2026 15:31,8.5,22.78,-95.08
####,6/24/2026 15:46,11.22,22.78,-247.62
####,6/24/2026 16:01,10.79,22.94,-223.6
####,6/24/2026 16:16,9.32,22.63,-141.05
####,6/24/2026 16:31,10.96,22.25,-232.57
####,6/24/2026 16:46,9.17,22.25,-132.33
####,6/24/2026 17:01,7.84,22.25,-57.72
####,6/24/2026 17:16,8.45,22.3,-91.71
####,6/24/2026 17:31,9.08,22.39,-127.22
####,6/24/2026 17:46,10.96,22.44,-232.68
####,6/24/2026 18:01,7.21,22.39,-22.31
####,6/24/2026 18:16,10.85,22.23,-226.65
####,6/24/2026 18:31,7.87,22.06,-59.1
####,6/24/2026 18:46,8.35,21.87,-86.17
####,6/24/2026 19:01,9.36,21.65,-142.49
####,6/24/2026 19:16,8.09,21.53,-71.58
####,6/24/2026 19:31,8.99,21.44,-121.86
####,6/24/2026 19:46,12.44,21.37,-314.46
####,6/24/2026 20:01,9.69,21.29,-160.75
####,6/24/2026 20:16,8.47,21.17,-92.71
####,6/24/2026 20:31,13.11,21.06,-351.85
####,6/24/2026 20:46,13.34,20.94,-364.6
####,6/24/2026 21:01,12.36,20.89,-309.7
####,6/24/2026 21:16,14.79,20.84,-445.48
####,6/24/2026 21:31,13.16,20.94,-354.4
####,6/24/2026 21:46,12.87,20.91,-338.12
####,6/24/2026 22:01,12.83,21.1,-336.34
####,6/24/2026 22:16,11.83,21.25,-280.52
####,6/24/2026 22:31,11.78,21.32,-277.59
####,6/24/2026 22:46,12.09,21.37,-295.02
####,6/24/2026 23:01,11.86,21.46,-282.23
####,6/24/2026 23:16,10.53,21.58,-207.91
####,6/24/2026 23:31,9.63,21.65,-157.57
####,6/24/2026 23:46,10.81,21.75,-223.62
####,6/25/2026 0:01,10.01,21.82,-179.02
####,6/25/2026 0:16,10.12,21.89,-185.12
####,6/25/2026 0:31,10.1,21.94,-184.41
####,6/25/2026 0:46,9.7,21.96,-161.69
####,6/25/2026 1:01,9.68,21.96,-160.5
####,6/25/2026 1:16,11.13,21.96,-241.82
####,6/25/2026 1:31,9.48,21.94,-149.77
####,6/25/2026 1:46,12.21,21.91,-302.21
####,6/25/2026 2:01,7.05,21.89,-13.55
####,6/25/2026 2:16,12.08,21.84,-295.31
####,6/25/2026 2:31,9.35,21.82,-141.99
####,6/25/2026 2:46,14.74,21.77,-443.64
####,6/25/2026 3:01,15.96,21.75,-512.02
####,6/25/2026 3:16,13.6,21.72,-379.93
####,6/25/2026 3:31,15.96,21.7,-512.02
####,6/25/2026 3:46,15.96,21.68,-512.02
####,6/25/2026 4:01,15.96,21.63,-512.02
####,6/25/2026 4:16,15.96,21.58,-512.02
####,6/25/2026 4:31,15.97,21.49,-512.02
####,6/25/2026 4:46,15.97,21.46,-512.02
####,6/25/2026 5:01,15.97,21.44,-512.02
####,6/25/2026 5:16,11.74,21.44,-275.48
####,6/25/2026 5:31,14.71,21.58,-441.89
####,6/25/2026 5:46,15.28,21.58,-473.67
####,6/25/2026 6:01,15.96,21.56,-512.02
####,6/25/2026 6:16,15.97,21.46,-512.02
####,6/25/2026 6:31,15.97,21.34,-512.02
####,6/25/2026 6:46,15.97,21.22,-511.81
####,6/25/2026 7:01,8.33,21.1,-85.11
####,6/25/2026 7:16,7.22,20.98,-23.09
####,6/25/2026 7:31,7.27,20.91,-25.53
####,6/25/2026 7:46,7.41,20.89,-33.7
####,6/25/2026 8:01,12.1,20.84,-295.09
####,6/25/2026 8:16,12.08,20.77,-294.01
####,6/25/2026 8:31,11.66,20.65,-270.38
####,6/25/2026 8:46,13.62,20.53,-379.48
####,6/25/2026 9:01,15.7,20.46,-495.31
####,6/25/2026 9:16,16,20.41,-512.02
####,6/25/2026 9:31,16,20.44,-512.02
####,6/25/2026 9:46,15.52,20.46,-485.36
####,6/25/2026 10:01,14.7,20.89,-440.09
####,6/25/2026 10:16,13.46,21.1,-371.56
####,6/25/2026 10:31,15.02,20.94,-457.98
####,6/25/2026 10:46,14.26,21.06,-415.75
####,6/25/2026 11:01,14.53,21.08,-431.14
####,6/25/2026 11:16,14.35,21.2,-421.43
####,6/25/2026 11:31,13.89,21.56,-395.72
####,6/25/2026 11:46,14.48,21.63,-429.36
####,6/25/2026 12:01,14.2,21.72,-413.54
####,6/25/2026 12:16,14.49,21.82,-430.08
####,6/25/2026 12:31,13.65,21.99,-383.11
####,6/25/2026 12:46,9.35,22.15,-142.39
####,6/25/2026 13:01,13.89,22.01,-396.81
####,6/25/2026 13:16,11.78,21.99,-278.29
####,6/25/2026 13:31,12.22,22.11,-303.29
####,6/25/2026 13:46,10.73,22.18,-219.76
####,6/25/2026 14:01,11.82,22.3,-280.81
####,6/25/2026 14:16,11.77,22.54,-278.59
####,6/25/2026 14:31,11.81,22.54,-280.34
####,6/25/2026 14:46,11.74,22.61,-276.73
####,6/25/2026 15:01,11.38,22.63,-256.74
####,6/25/2026 15:16,7.68,22.73,-48.99
####,6/25/2026 15:31,10.81,22.87,-224.66
####,6/25/2026 15:46,8.84,22.97,-113.93
####,6/25/2026 16:01,8.49,22.99,-94.19
####,6/25/2026 16:16,10.09,23.16,-184.55
####,6/25/2026 16:31,9.01,23.21,-123.43
####,6/25/2026 16:46,9.41,22.94,-145.96
####,6/25/2026 17:01,9.07,22.94,-127.05
####,6/25/2026 17:16,8.69,22.7,-105.3
####,6/25/2026 17:31,8.53,22.73,-96.5
####,6/25/2026 17:46,8.51,22.75,-95.61
####,6/25/2026 18:01,9.54,22.75,-153.07
####,6/25/2026 18:16,8.81,22.82,-112.39
####,6/25/2026 18:31,9.16,22.87,-131.85
####,6/25/2026 18:46,9.66,22.85,-159.93
####,6/25/2026 19:01,8.11,22.82,-73.24
####,6/25/2026 19:16,9.39,22.73,-144.9
####,6/25/2026 19:31,7.46,22.61,-36.44
####,6/25/2026 19:46,12.59,22.42,-324.37
####,6/25/2026 20:01,13.2,22.25,-358.01
####,6/25/2026 20:16,11.71,22.13,-274.84
####,6/25/2026 20:31,14.15,21.99,-410.95
####,6/25/2026 20:46,10.58,21.89,-210.91
####,6/25/2026 21:01,10.05,21.77,-181.51
####,6/25/2026 21:16,7.81,21.68,-56
####,6/25/2026 21:31,8.01,21.6,-67.22
####,6/25/2026 21:46,7.74,21.53,-51.95
####,6/25/2026 22:01,8.68,21.53,-104.41
####,6/25/2026 22:16,8.6,21.53,-99.91
####,6/25/2026 22:31,8.29,21.53,-82.64
####,6/25/2026 22:46,7.83,21.72,-57.13
####,6/25/2026 23:01,8.16,21.82,-75.69
####,6/25/2026 23:16,7.58,21.91,-43.28
####,6/25/2026 23:31,7.58,21.96,-43.14
####,6/25/2026 23:46,7.52,22.06,-39.89
####,6/26/2026 0:01,7.43,22.18,-34.64
####,6/26/2026 0:16,7.42,22.3,-34.44
####,6/26/2026 0:31,7.37,22.37,-31.41
####,6/26/2026 0:46,7.33,22.44,-29.39
####,6/26/2026 1:01,7.32,22.47,-28.61
####,6/26/2026 1:16,7.27,22.49,-25.5
####,6/26/2026 1:31,7.22,22.49,-23
####,6/26/2026 1:46,7.22,22.49,-22.94
####,6/26/2026 2:01,7.21,22.49,-22.61
####,6/26/2026 2:16,7.19,22.47,-21.55
####,6/26/2026 2:31,7.21,22.44,-22.19
####,6/26/2026 2:46,7.3,22.42,-27.38
####,6/26/2026 3:01,8.68,22.39,-104.78
####,6/26/2026 3:16,12.06,22.37,-294.45
####,6/26/2026 3:31,12.48,22.35,-317.7
####,6/26/2026 3:46,14.72,22.35,-443.59
####,6/26/2026 4:01,9.38,22.32,-144.07
####,6/26/2026 4:16,7.29,22.3,-27.09
####,6/26/2026 4:31,7.11,22.3,-16.95
####,6/26/2026 4:46,7.18,22.27,-20.47
####,6/26/2026 5:01,7.36,22.25,-30.89
####,6/26/2026 5:16,7.92,22.25,-62.33
####,6/26/2026 5:31,7.96,22.2,-64.33
####,6/26/2026 5:46,8.43,22.2,-90.67
####,6/26/2026 6:01,8.22,22.2,-79.25
####,6/26/2026 6:16,7.94,22.27,-63.47
####,6/26/2026 6:31,7.87,22.27,-59.58
####,6/26/2026 6:46,8.09,22.27,-71.53
####,6/26/2026 7:01,8.08,22.25,-71.41
####,6/26/2026 7:16,8.4,22.2,-89.27
####,6/26/2026 7:31,7.15,22.13,-19.23
####,6/26/2026 7:46,7.1,22.06,-16.16
####,6/26/2026 8:01,8.57,21.99,-98.69
####,6/26/2026 8:16,9.51,21.91,-151.4
####,6/26/2026 8:31,8.09,21.84,-71.53
####,6/26/2026 8:46,7.82,21.77,-56.5
####,6/26/2026 9:01,7.6,21.68,-44.41
####,6/26/2026 9:16,7.97,21.58,-64.94
####,6/26/2026 9:31,8.49,21.44,-93.94
####,6/26/2026 9:46,7.53,21.34,-40.49
####,6/26/2026 10:01,7.66,21.27,-47.39
####,6/26/2026 10:16,9.6,21.2,-155.99
####,6/26/2026 10:31,8.36,21.22,-86.35
####,6/26/2026 10:46,8.56,21.25,-97.85
####,6/26/2026 11:01,8.17,21.46,-75.83
####,6/26/2026 11:16,7.78,21.63,-54.24
####,6/26/2026 11:31,7.78,21.63,-54.22
####,6/26/2026 11:46,7.62,21.68,-45.14
####,6/26/2026 12:01,7.48,21.75,-37.34
####,6/26/2026 12:16,7.44,21.82,-35.33
####,6/26/2026 12:31,7.49,21.91,-37.95
####,6/26/2026 12:46,7.34,21.99,-29.69
####,6/26/2026 13:01,7.3,22.06,-27.33
####,6/26/2026 13:16,7.31,22.08,-27.77
####,6/26/2026 13:31,7.32,22.13,-28.53
####,6/26/2026 13:46,7.29,22.23,-26.66
####,6/26/2026 14:01,7.3,22.32,-27.2
####,6/26/2026 14:16,7.26,22.47,-25.2
####,6/26/2026 14:31,7.45,22.56,-35.66
####,6/26/2026 14:46,7.54,22.56,-40.77
####,6/26/2026 15:01,8.96,22.66,-120.55
####,6/26/2026 15:16,10.62,22.75,-213.8
####,6/26/2026 15:31,12.09,22.87,-296.71
####,6/26/2026 15:46,13.39,22.92,-369.81
####,6/26/2026 16:01,15.92,22.97,-512.02
####,6/26/2026 16:16,14.43,22.99,-428.36
####,6/26/2026 16:31,14.07,23.04,-408.28
####,6/26/2026 16:46,12.38,23.09,-312.92
####,6/26/2026 17:01,9.48,23.21,-150.13
####,6/26/2026 17:16,7.44,23.23,-35.11
####,6/26/2026 17:31,7.24,23.11,-24.19
####,6/26/2026 17:46,7.26,23.14,-25.25
####,6/26/2026 18:01,7.25,22.94,-24.44
####,6/26/2026 18:16,7.27,22.92,-25.72
####,6/26/2026 18:31,7.3,22.94,-27.3
####,6/26/2026 18:46,7.42,22.94,-34.3
####,6/26/2026 19:01,9,23.02,-123.13
####,6/26/2026 19:16,13.15,22.97,-356.35
####,6/26/2026 19:31,13.2,22.97,-359
####,6/26/2026 19:46,11.35,22.92,-255.1
####,6/26/2026 20:01,13.29,22.82,-364.07
####,6/26/2026 20:16,11.65,22.73,-271.73
####,6/26/2026 20:31,12.79,22.56,-335.4
####,6/26/2026 20:46,15.94,22.37,-512.02
####,6/26/2026 21:01,7.59,22.25,-43.49
####,6/26/2026 21:16,9.05,22.2,-125.43
####,6/26/2026 21:31,9.42,22.13,-146.38
####,6/26/2026 21:46,7.79,22.06,-54.85
####,6/26/2026 22:01,7.77,21.99,-53.74
####,6/26/2026 22:16,7.69,21.91,-49.14
####,6/26/2026 22:31,7.66,21.87,-47.75
####,6/26/2026 22:46,7.65,21.84,-46.91
####,6/26/2026 23:01,7.57,21.87,-42.8
####,6/26/2026 23:16,7.61,21.87,-44.83
####,6/26/2026 23:31,7.64,21.94,-46.56
####,6/26/2026 23:46,7.64,22.06,-46.36
####,6/27/2026 0:01,7.64,22.08,-46.52
####,6/27/2026 0:16,7.55,22.15,-41.42
####,6/27/2026 0:31,7.55,22.23,-41.38
####,6/27/2026 0:46,7.49,22.35,-38.2
####,6/27/2026 1:01,7.6,22.44,-44.35
####,6/27/2026 1:16,7.51,22.51,-39.22
####,6/27/2026 1:31,7.46,22.56,-36.69
####,6/27/2026 1:46,7.42,22.58,-34.17
####,6/27/2026 2:01,7.4,22.63,-33.11
####,6/27/2026 2:16,7.37,22.63,-31.47
####,6/27/2026 2:31,7.33,22.63,-29.28
####,6/27/2026 2:46,7.3,22.63,-27.34
####,6/27/2026 3:01,7.26,22.61,-25.39
####,6/27/2026 3:16,7.25,22.58,-24.52
####,6/27/2026 3:31,7.27,22.56,-25.7
####,6/27/2026 3:46,7.15,22.54,-18.95
####,6/27/2026 4:01,7.19,22.51,-21.27
####,6/27/2026 4:16,7.12,22.47,-17.17
####,6/27/2026 4:31,7.01,22.47,-11.47
####,6/27/2026 4:46,7.02,22.44,-11.61
####,6/27/2026 5:01,7.01,22.42,-11.34
####,6/27/2026 5:16,7.01,22.42,-11.19
####,6/27/2026 5:31,7.01,22.37,-11.02
####,6/27/2026 5:46,7,22.37,-10.7
####,6/27/2026 6:01,7.04,22.35,-12.72
####,6/27/2026 6:16,7.17,22.3,-20.14
####,6/27/2026 6:31,7.25,22.32,-24.55
####,6/27/2026 6:46,7.29,22.35,-26.81
####,6/27/2026 7:01,7.26,22.39,-25
####,6/27/2026 7:16,7.24,22.39,-24.02
####,6/27/2026 7:31,7.21,22.39,-22.22
####,6/27/2026 7:46,7.2,22.39,-21.74
####,6/27/2026 8:01,7.14,22.37,-18.52
####,6/27/2026 8:16,7.14,22.3,-18.64
####,6/27/2026 8:31,7.11,22.25,-16.63
####,6/27/2026 8:46,7.11,22.18,-16.8
####,6/27/2026 9:01,7.15,22.11,-19.28
####,6/27/2026 9:16,7.19,22.06,-21.28
####,6/27/2026 9:31,7.23,22.01,-23.72
####,6/27/2026 9:46,7.29,21.94,-26.7
####,6/27/2026 10:01,7.33,21.87,-28.88
####,6/27/2026 10:16,7.37,21.77,-31.39
####,6/27/2026 10:31,7.41,21.65,-33.53
####,6/27/2026 10:46,7.43,21.58,-34.61
####,6/27/2026 11:01,7.43,21.53,-34.55
####,6/27/2026 11:16,7.41,21.51,-33.8
####,6/27/2026 11:31,7.35,21.53,-30.25
####,6/27/2026 11:46,7.46,21.58,-36.3
####,6/27/2026 12:01,7.41,21.82,-33.75
####,6/27/2026 12:16,7.38,21.94,-31.66
####,6/27/2026 12:31,7.34,21.96,-29.67
####,6/27/2026 12:46,7.31,22.13,-27.95
####,6/27/2026 13:01,7.3,22.18,-27.24
####,6/27/2026 13:16,7.28,22.39,-26.19
####,6/27/2026 13:31,7.24,22.66,-24.08
####,6/27/2026 13:46,7.22,22.75,-23.02
####,6/27/2026 14:01,7.19,22.78,-21.11
####,6/27/2026 14:16,7.17,22.78,-19.94
####,6/27/2026 14:31,7.15,22.97,-19.03
####,6/27/2026 14:46,7.13,23.02,-18.11
####,6/27/2026 15:01,7.11,23.14,-17.09
####,6/27/2026 15:16,7.1,23.14,-16.23
####,6/27/2026 15:31,7.1,23.23,-16.11
####,6/27/2026 15:46,7.09,23.33,-15.5
####,6/27/2026 16:01,7.09,23.47,-15.92
####,6/27/2026 16:16,7.09,23.5,-15.77
####,6/27/2026 16:31,7.09,23.5,-15.73
####,6/27/2026 16:46,7.09,23.52,-15.63
####,6/27/2026 17:01,7.09,23.54,-15.45
####,6/27/2026 17:16,8.81,23.57,-112.78
####,6/27/2026 17:31,12.7,23.59,-331.65
####,6/27/2026 17:46,11.81,23.64,-281.52
####,6/27/2026 18:01,10.24,23.71,-192.96
####,6/27/2026 18:16,11.46,23.71,-262.18
####,6/27/2026 18:31,10.69,23.52,-218.35
####,6/27/2026 18:46,10.04,23.4,-181.82
####,6/27/2026 19:01,10.32,23.35,-197.38
####,6/27/2026 19:16,10.38,23.4,-200.88
####,6/27/2026 19:31,10.45,23.4,-204.72
####,6/27/2026 19:46,10.47,23.42,-206.02
####,6/27/2026 20:01,10.86,23.4,-228.13
####,6/27/2026 20:16,13.02,23.35,-349.37
####,6/27/2026 20:31,11.72,23.33,-276.29
####,6/27/2026 20:46,11.47,23.23,-262.21
####,6/27/2026 21:01,8.22,23.14,-79.38
####,6/27/2026 21:16,7.59,23.04,-43.94
####,6/27/2026 21:31,7.75,22.9,-53
####,6/27/2026 21:46,7.6,22.78,-44.25
####,6/27/2026 22:01,7.65,22.66,-46.85
####,6/27/2026 22:16,7.76,22.54,-53.42
####,6/27/2026 22:31,7.71,22.42,-50.5
####,6/27/2026 22:46,7.71,22.3,-50.67
####,6/27/2026 23:01,7.65,22.2,-47.02
####,6/27/2026 23:16,7.66,22.13,-47.83
####,6/27/2026 23:31,7.65,22.08,-47.13
####,6/27/2026 23:46,7.6,22.03,-44.27
####,6/28/2026 0:01,7.64,22.01,-46.35
####,6/28/2026 0:16,7.91,22.01,-61.74
####,6/28/2026 0:31,8.16,22.23,-75.71
####,6/28/2026 0:46,8.16,22.32,-75.6
####,6/28/2026 1:01,7.86,22.39,-58.99
####,6/28/2026 1:16,7.65,22.54,-47.02
####,6/28/2026 1:31,7.65,22.66,-47.03
####,6/28/2026 1:46,8.7,22.75,-106.14
####,6/28/2026 2:01,8.33,22.82,-85.07
####,6/28/2026 2:16,8.53,22.9,-96.69
####,6/28/2026 2:31,8.65,22.92,-103.6
####,6/28/2026 2:46,8.63,22.94,-102.11
####,6/28/2026 3:01,8.82,22.97,-113.16
####,6/28/2026 3:16,8.31,22.97,-84.19
####,6/28/2026 3:31,8.46,22.97,-92.89
####,6/28/2026 3:46,8.51,22.94,-95.58
####,6/28/2026 4:01,9.56,22.92,-154.72
####,6/28/2026 4:16,9.97,22.9,-177.33
####,6/28/2026 4:31,9.24,22.87,-136.61
####,6/28/2026 4:46,7.43,22.85,-34.67
####,6/28/2026 5:01,7.03,22.82,-12.48
####,6/28/2026 5:16,7.02,22.8,-11.64
####,6/28/2026 5:31,7.02,22.78,-11.48
####,6/28/2026 5:46,7.01,22.78,-11.25
####,6/28/2026 6:01,7,22.78,-10.83
####,6/28/2026 6:16,6.99,22.75,-10.17
####,6/28/2026 6:31,8.66,22.75,-104.1
####,6/28/2026 6:46,9.41,22.75,-146.08
####,6/28/2026 7:01,7.02,22.73,-11.64
####,6/28/2026 7:16,7.03,22.75,-12.52
####,6/28/2026 7:31,7.05,22.75,-13.53
####,6/28/2026 7:46,7.07,22.78,-14.66
####,6/28/2026 8:01,7.07,22.78,-14.34
####,6/28/2026 8:16,7.11,22.78,-17
####,6/28/2026 8:31,7.31,22.78,-28.03
####,6/28/2026 8:46,7.98,22.78,-65.77
####,6/28/2026 9:01,8.75,22.75,-109.05
####,6/28/2026 9:16,7.72,22.73,-51.05
####,6/28/2026 9:31,7.46,22.66,-36.55
####,6/28/2026 9:46,7.37,22.61,-31.53
####,6/28/2026 10:01,7.24,22.56,-23.99
####,6/28/2026 10:16,7.24,22.51,-23.89
####,6/28/2026 10:31,7.29,22.44,-26.66
####,6/28/2026 10:46,7.33,22.37,-29.36
####,6/28/2026 11:01,7.39,22.3,-32.22
####,6/28/2026 11:16,7.43,22.2,-34.84
####,6/28/2026 11:31,7.45,22.15,-35.67
####,6/28/2026 11:46,7.45,22.13,-35.91
####,6/28/2026 12:01,7.43,22.15,-34.89
####,6/28/2026 12:16,7.43,22.18,-34.78
####,6/28/2026 12:31,7.46,22.25,-36.44
####,6/28/2026 12:46,7.42,22.51,-34
####,6/28/2026 13:01,7.39,22.58,-32.45
####,6/28/2026 13:16,7.37,22.66,-31.33
####,6/28/2026 13:31,7.33,22.8,-29.34
####,6/28/2026 13:46,7.31,22.9,-28.19
####,6/28/2026 14:01,7.29,23.16,-27.11
####,6/28/2026 14:16,7.28,23.38,-26.27
####,6/28/2026 14:31,7.25,23.45,-24.53
####,6/28/2026 14:46,7.21,23.45,-22.64
####,6/28/2026 15:01,7.2,23.5,-21.91
####,6/28/2026 15:16,7.18,23.59,-20.74
####,6/28/2026 15:31,7.16,23.74,-19.52
####,6/28/2026 15:46,7.14,23.74,-18.47
####,6/28/2026 16:01,7.13,23.81,-17.83
####,6/28/2026 16:16,7.12,23.91,-17.38
####,6/28/2026 16:31,7.12,24.03,-17.16
####,6/28/2026 16:46,7.11,24.05,-16.91
####,6/28/2026 17:01,7.11,24.07,-16.61
####,6/28/2026 17:16,7.14,24.1,-18.53
####,6/28/2026 17:31,11.45,24.12,-261.7
####,6/28/2026 17:46,9.73,24.15,-164.74
####,6/28/2026 18:01,11.64,24.17,-272.45
####,6/28/2026 18:16,11.8,24.17,-281.27
####,6/28/2026 18:31,11.26,24.19,-251.04
####,6/28/2026 18:46,8.82,24.19,-113.57
####,6/28/2026 19:01,7.5,24.22,-39.13
####,6/28/2026 19:16,8.11,24.1,-73.36
####,6/28/2026 19:31,7.98,24.03,-65.91
####,6/28/2026 19:46,7.65,24,-47.2
####,6/28/2026 20:01,7.8,24,-55.55
####,6/28/2026 20:16,7.93,23.93,-63.3
####,6/28/2026 20:31,8.32,23.88,-84.78
####,6/28/2026 20:46,9.66,23.86,-160.85
####,6/28/2026 21:01,8.25,23.81,-80.89
####,6/28/2026 21:16,8.99,23.74,-122.78
####,6/28/2026 21:31,9.63,23.66,-158.93
####,6/28/2026 21:46,9.44,23.62,-147.97
####,6/28/2026 22:01,9.76,23.52,-165.85
####,6/28/2026 22:16,8.39,23.4,-88.92
####,6/28/2026 22:31,7.66,23.28,-47.85
####,6/28/2026 22:46,7.57,23.16,-42.47
####,6/28/2026 23:01,7.58,23.06,-43.25
####,6/28/2026 23:16,7.66,22.94,-47.74
####,6/28/2026 23:31,7.66,22.87,-47.61
####,6/28/2026 23:46,7.96,22.78,-64.72
####,6/29/2026 0:01,8.31,22.73,-84.32
####,6/29/2026 0:16,9.14,22.68,-130.88
####,6/29/2026 0:31,10.31,22.66,-196.29
####,6/29/2026 0:46,11.16,22.68,-244.34
####,6/29/2026 1:01,11.26,22.66,-249.59
####,6/29/2026 1:16,12.2,22.85,-302.76
####,6/29/2026 1:31,11.81,22.9,-280.73
####,6/29/2026 1:46,11.36,22.99,-255.85
####,6/29/2026 2:01,11.94,23.11,-288.45
####,6/29/2026 2:16,10.98,23.21,-234.48
####,6/29/2026 2:31,11,23.3,-235.66
####,6/29/2026 2:46,11.12,23.35,-242.54
####,6/29/2026 3:01,11.47,23.38,-262.27
####,6/29/2026 3:16,11.13,23.4,-242.79
####,6/29/2026 3:31,11.17,23.42,-245.12
####,6/29/2026 3:46,11.25,23.45,-249.95
####,6/29/2026 4:01,10.75,23.45,-221.8
####,6/29/2026 4:16,10.6,23.42,-213.12
####,6/29/2026 4:31,10.69,23.42,-218.38
####,6/29/2026 4:46,10.87,23.4,-228.54
####,6/29/2026 5:01,11.46,23.4,-261.46
####,6/29/2026 5:16,12.3,23.38,-308.96
####,6/29/2026 5:31,12.07,23.35,-296.15
####,6/29/2026 5:46,11.67,23.33,-273.13
####,6/29/2026 6:01,7.56,23.3,-42
####,6/29/2026 6:16,7.59,23.3,-43.61
####,6/29/2026 6:31,11.62,23.3,-270.32
####,6/29/2026 6:46,12.01,23.3,-292.29
####,6/29/2026 7:01,12.85,23.33,-339.92
####,6/29/2026 7:16,12.57,23.35,-323.81
####,6/29/2026 7:31,13.8,23.4,-393.43
####,6/29/2026 7:46,12.26,23.45,-306.67
####,6/29/2026 8:01,13.23,23.47,-361.5
####,6/29/2026 8:16,12.96,23.5,-346.24
####,6/29/2026 8:31,13.15,23.45,-356.87
####,6/29/2026 8:46,13.28,23.45,-364.03
####,6/29/2026 9:01,13.16,23.47,-357.21
####,6/29/2026 9:16,12.2,23.5,-303.56
####,6/29/2026 9:31,12.63,23.5,-327.54
####,6/29/2026 9:46,12.01,23.5,-292.84
####,6/29/2026 10:01,9.18,23.47,-133.16
####,6/29/2026 10:16,11.92,23.38,-287.67
####,6/29/2026 10:31,9.74,23.38,-165.07
####,6/29/2026 10:46,8.09,23.35,-71.74
####,6/29/2026 11:01,8.87,23.3,-115.64
####,6/29/2026 11:16,8.99,23.23,-122.36
####,6/29/2026 11:31,7.83,23.16,-57.28
####,6/29/2026 11:46,7.84,23.09,-58.02
####,6/29/2026 12:01,7.77,23.04,-53.7
####,6/29/2026 12:16,7.47,22.99,-36.92
####,6/29/2026 12:31,7.47,23.02,-37.33
####,6/29/2026 12:46,7.5,23.02,-38.72
####,6/29/2026 13:01,7.56,23.06,-41.92
####,6/29/2026 13:16,7.58,23.21,-43.1
####,6/29/2026 13:31,7.56,23.33,-41.94
####,6/29/2026 13:46,7.56,23.42,-42.05
####,6/29/2026 14:01,7.51,23.57,-39.19
####,6/29/2026 14:16,7.46,23.62,-36.8
####,6/29/2026 14:31,7.47,23.76,-37.34
####,6/29/2026 14:46,7.48,23.95,-37.88
####,6/29/2026 15:01,7.46,24.15,-36.59
####,6/29/2026 15:16,7.43,24.17,-35.05
####,6/29/2026 15:31,7.42,24.22,-34.27
####,6/29/2026 15:46,7.41,24.17,-33.56
####,6/29/2026 16:01,7.37,24.27,-31.64
####,6/29/2026 16:16,7.39,24.39,-32.52
####,6/29/2026 16:31,7.27,24.41,-25.94
####,6/29/2026 16:46,7.24,24.46,-24.27
####,6/29/2026 17:01,7.26,24.53,-25.34
####,6/29/2026 17:16,8.61,24.58,-101.47
####,6/29/2026 17:31,11.89,24.6,-286.81
####,6/29/2026 17:46,11.4,24.58,-259.45
####,6/29/2026 18:01,11.18,24.58,-246.95
####,6/29/2026 18:16,10.89,24.56,-230.49
####,6/29/2026 18:31,12.51,24.53,-321.93
####,6/29/2026 18:46,13.29,24.51,-365.82
####,6/29/2026 19:01,13.28,24.48,-365.32
####,6/29/2026 19:16,12.94,24.46,-346.29
####,6/29/2026 19:31,13.31,24.41,-366.7
####,6/29/2026 19:46,13.57,24.56,-381.9
####,6/29/2026 20:01,14.23,24.51,-419.06
####,6/29/2026 20:16,13.26,24.48,-364.39
####,6/29/2026 20:31,13.42,24.46,-373.04
####,6/29/2026 20:46,13.81,24.44,-395.06
####,6/29/2026 21:01,13.93,24.39,-401.84
####,6/29/2026 21:16,13.95,24.29,-403.11
####,6/29/2026 21:31,12.94,24.24,-345.81
####,6/29/2026 21:46,12.56,24.19,-324.24
####,6/29/2026 22:01,10.37,24.12,-201.01
####,6/29/2026 22:16,10.83,24.1,-226.55
####,6/29/2026 22:31,10.63,24.05,-215.21
####,6/29/2026 22:46,10.39,23.98,-201.93
####,6/29/2026 23:01,10.53,23.86,-209.63
####,6/29/2026 23:16,10.53,23.74,-209.65
####,6/29/2026 23:31,8.85,23.62,-114.68
####,6/29/2026 23:46,11.15,23.52,-244.09
####,6/30/2026 0:01,9.41,23.42,-146.33
####,6/30/2026 0:16,8.9,23.33,-117.39
####,6/30/2026 0:31,8.82,23.26,-113.25
####,6/30/2026 0:46,10.17,23.23,-188.77
####,6/30/2026 1:01,9.69,23.16,-162.13
####,6/30/2026 1:16,9.72,23.14,-163.65
####,6/30/2026 1:31,8.77,23.18,-110.36
####,6/30/2026 1:46,9.79,23.18,-167.29
####,6/30/2026 2:01,8.67,23.38,-104.66
####,6/30/2026 2:16,9.12,23.4,-129.83
####,6/30/2026 2:31,8.72,23.5,-107.24
####,6/30/2026 2:46,9.34,23.57,-142.64
####,6/30/2026 3:01,9.21,23.66,-134.93
####,6/30/2026 3:16,9.22,23.74,-135.88
####,6/30/2026 3:31,9.17,23.76,-132.75
####,6/30/2026 3:46,8.38,23.76,-88.21
####,6/30/2026 4:01,8.47,23.76,-93.72
####,6/30/2026 4:16,8.81,23.79,-112.77
####,6/30/2026 4:31,8.86,23.79,-115.71
####,6/30/2026 4:46,9.33,23.79,-142.11
####,6/30/2026 5:01,8.38,23.76,-88.41
####,6/30/2026 5:16,8.8,23.76,-111.8
####,6/30/2026 5:31,8.56,23.74,-98.74
####,6/30/2026 5:46,9.16,23.71,-132.44
####,6/30/2026 6:01,10.96,23.69,-233.76
####,6/30/2026 6:16,11.45,23.66,-261.34
####,6/30/2026 6:31,7.99,23.66,-66.63
####,6/30/2026 6:46,7.91,23.66,-61.83
####,6/30/2026 7:01,12.34,23.66,-311.48
####,6/30/2026 7:16,11.33,23.69,-254.76
####,6/30/2026 7:31,12.65,23.71,-328.67
####,6/30/2026 7:46,12.58,23.76,-325.28
####,6/30/2026 8:01,13.15,23.83,-357.21
####,6/30/2026 8:16,14.12,23.93,-411.9
####,6/30/2026 8:31,15.89,24.05,-512.02
####,6/30/2026 8:46,15.89,24.03,-512.02
####,6/30/2026 9:01,15.89,23.95,-512.02
####,6/30/2026 9:16,15.89,23.93,-512.02
####,6/30/2026 9:31,15.89,23.91,-512.02
####,6/30/2026 9:46,15.21,23.95,-473.64
####,6/30/2026 10:01,14.95,23.98,-459.17
####,6/30/2026 10:16,11.1,24.07,-242.04
####,6/30/2026 10:31,10.14,24.15,-187.66
####,6/30/2026 10:46,9.89,24.1,-173.54
####,6/30/2026 11:01,10.11,24.05,-186.05
####,6/30/2026 11:16,9.17,24.07,-132.99
####,6/30/2026 11:31,9.85,24,-171.22
####,6/30/2026 11:46,10.68,23.95,-218.19
####,6/30/2026 12:01,10.09,23.88,-184.58
####,6/30/2026 12:16,9.03,23.83,-124.99
####,6/30/2026 12:31,11.34,23.79,-255.12
####,6/30/2026 12:46,10.97,23.76,-234.19
####,6/30/2026 13:01,11.48,23.76,-263.23
####,6/30/2026 13:16,10.88,23.76,-229.27
####,6/30/2026 13:31,11.11,23.79,-242.01
####,6/30/2026 13:46,11.01,23.81,-236.65
####,6/30/2026 14:01,10.36,24.07,-200.41
####,6/30/2026 14:16,11.52,24.1,-265.41
####,6/30/2026 14:31,11.43,24.15,-260.37
####,6/30/2026 14:46,11.86,24.15,-284.96
####,6/30/2026 15:01,9.63,24.46,-159.15
####,6/30/2026 15:16,9.11,24.56,-129.8
####,6/30/2026 15:31,11.29,24.7,-253.2
####,6/30/2026 15:46,11.26,24.75,-251.55
####,6/30/2026 16:01,11.47,24.75,-263.15
####,6/30/2026 16:16,11.81,24.73,-282.73
####,6/30/2026 16:31,11.45,24.75,-261.95
####,6/30/2026 16:46,11.21,24.8,-248.49
####,6/30/2026 17:01,10.87,24.85,-229.48
####,6/30/2026 17:16,7.73,24.87,-51.91
####,6/30/2026 17:31,8.36,24.87,-87.57
####,6/30/2026 17:46,12.11,24.87,-299.77
####,6/30/2026 18:01,12.31,24.87,-311.01
####,6/30/2026 18:16,12.26,24.87,-307.93
####,6/30/2026 18:31,11.86,24.82,-285.63
####,6/30/2026 18:46,12.73,24.8,-334.81
####,6/30/2026 19:01,12.37,24.77,-314.28
####,6/30/2026 19:16,12.33,24.77,-311.78
####,6/30/2026 19:31,12.11,24.75,-299.79
####,6/30/2026 19:46,13.13,24.75,-356.92
####,6/30/2026 20:01,15.87,24.73,-512.02
####,6/30/2026 20:16,15.87,24.7,-512.02
####,6/30/2026 20:31,15.87,24.75,-512.02
####,6/30/2026 20:46,15.87,24.8,-512.02
####,6/30/2026 21:01,15.87,24.8,-512.02
####,6/30/2026 21:16,15.87,24.82,-512.02
####,6/30/2026 21:31,15.87,24.8,-512.02
####,6/30/2026 21:46,15.87,24.7,-512.02
####,6/30/2026 22:01,15.87,24.6,-512.02
####,6/30/2026 22:16,15.87,24.53,-512.02
####,6/30/2026 22:31,13.25,24.46,-363.71
####,6/30/2026 22:46,15.71,24.41,-502.39
####,6/30/2026 23:01,14.25,24.41,-420
####,6/30/2026 23:16,9.11,24.44,-129.6
####,6/30/2026 23:31,8.58,24.39,-99.64
####,6/30/2026 23:46,7.81,24.24,-56.56
####,7/1/2026 0:01,9.04,24.12,-125.82
####,7/1/2026 0:16,10.64,24,-215.68
####,7/1/2026 0:31,11.45,23.93,-261.32
####,7/1/2026 0:46,11.83,23.86,-283.07
####,7/1/2026 1:01,11.01,23.81,-236.35
####,7/1/2026 1:16,10.98,23.79,-234.77
####,7/1/2026 1:31,12.21,23.76,-304.18
####,7/1/2026 1:46,12.63,23.74,-327.67
####,7/1/2026 2:01,11.59,23.74,-269.52
####,7/1/2026 2:16,12.18,23.74,-302.74
####,7/1/2026 2:31,11.89,23.76,-285.91
####,7/1/2026 2:46,12.16,23.86,-301.54
####,7/1/2026 3:01,12.44,23.91,-317.26
####,7/1/2026 3:16,12.45,24.03,-318.17
####,7/1/2026 3:31,12.21,24.1,-304.76
####,7/1/2026 3:46,12.1,24.19,-298.23
####,7/1/2026 4:01,11.34,24.24,-255.37
####,7/1/2026 4:16,11.4,24.27,-259.01
####,7/1/2026 4:31,11.37,24.27,-257.54
####,7/1/2026 4:46,9.37,24.29,-144.55
####,7/1/2026 5:01,9.21,24.29,-135.43
####,7/1/2026 5:16,11.82,24.32,-282.7
####,7/1/2026 5:31,12.04,24.32,-295.35
####,7/1/2026 5:46,14,24.32,-406
####,7/1/2026 6:01,9.84,24.32,-170.88
####,7/1/2026 6:16,10.68,24.32,-218.29
####,7/1/2026 6:31,12.59,24.34,-326.06
####,7/1/2026 6:46,13.41,24.34,-372.48
####,7/1/2026 7:01,11.74,24.34,-278.41
####,7/1/2026 7:16,11.94,24.34,-289.32
####,7/1/2026 7:31,12.21,24.36,-304.9
####,7/1/2026 7:46,12.21,24.36,-304.87
####,7/1/2026 8:01,14.56,24.36,-437.22
####,7/1/2026 8:16,15.55,24.39,-493.36
####,7/1/2026 8:31,13.63,24.48,-384.92
####,7/1/2026 8:46,15.72,24.56,-503.23
####,7/1/2026 9:01,14.61,24.6,-440.45
####,7/1/2026 9:16,13.73,24.6,-390.79
####,7/1/2026 9:31,13.19,24.6,-360.15
####,7/1/2026 9:46,12.91,24.58,-344.73
####,7/1/2026 10:01,12.35,24.58,-312.92
####,7/1/2026 10:16,11.88,24.63,-286.57
####,7/1/2026 10:31,11.47,24.68,-263.05
####,7/1/2026 10:46,11.38,24.75,-258.15
####,7/1/2026 11:01,11.24,24.8,-250.51
####,7/1/2026 11:16,11.39,24.82,-258.96
####,7/1/2026 11:31,10.62,24.75,-215.52
####,7/1/2026 11:46,10.85,24.77,-228.38
####,7/1/2026 12:01,9.52,24.77,-152.99
####,7/1/2026 12:16,12.53,24.73,-322.98
####,7/1/2026 12:31,11.93,24.65,-289.18
####,7/1/2026 12:46,9.16,24.6,-132.55
####,7/1/2026 13:01,9.13,24.56,-131.25
####,7/1/2026 13:16,8.73,24.51,-108.16
####,7/1/2026 13:31,7.48,24.51,-37.97
####,7/1/2026 13:46,9.31,24.53,-141.3
####,7/1/2026 14:01,10.23,24.53,-193.01
####,7/1/2026 14:16,10.7,24.56,-219.77
####,7/1/2026 14:31,9.76,24.75,-166.69
####,7/1/2026 14:46,9.85,24.92,-171.65
####,7/1/2026 15:01,9.08,24.87,-128.35
####,7/1/2026 15:16,8.44,25.19,-91.89
####,7/1/2026 15:31,8.65,25.09,-104.24
####,7/1/2026 15:46,8.26,25.16,-82.16
####,7/1/2026 16:01,8.23,25.33,-80.52
####,7/1/2026 16:16,8.89,25.55,-117.91
####,7/1/2026 16:31,8.42,25.62,-91.03
####,7/1/2026 16:46,9.1,25.62,-129.72
####,7/1/2026 17:01,10.2,25.7,-192.12
####,7/1/2026 17:16,11.26,25.77,-252.07
####,7/1/2026 17:31,12.14,25.82,-302.04
####,7/1/2026 17:46,13.31,25.82,-368.71
####,7/1/2026 18:01,13.28,25.82,-366.9
####,7/1/2026 18:16,8.29,25.87,-83.91
####,7/1/2026 18:31,12.38,25.87,-315.74
####,7/1/2026 18:46,15.84,25.84,-512.02
####,7/1/2026 19:01,14.77,25.82,-451.47
####,7/1/2026 19:16,15.84,25.79,-512.02
####,7/1/2026 19:31,15.84,25.79,-512.02
####,7/1/2026 19:46,10.79,25.77,-225.84
####,7/1/2026 20:01,12.16,25.77,-303.31
####,7/1/2026 20:16,12.58,25.77,-327.32
####,7/1/2026 20:31,15.84,25.74,-512.02
####,7/1/2026 20:46,15.81,25.72,-510.58
####,7/1/2026 21:01,13.14,25.79,-359
####,7/1/2026 21:16,7.79,25.87,-55.72
####,7/1/2026 21:31,11.54,25.84,-268.41
####,7/1/2026 21:46,10.95,25.82,-234.94
####,7/1/2026 22:01,11.97,25.82,-292.9
####,7/1/2026 22:16,12.73,25.79,-335.78
####,7/1/2026 22:31,11.56,25.74,-269.34
####,7/1/2026 22:46,14.92,25.7,-459.8
####,7/1/2026 23:01,11.98,25.67,-292.84
####,7/1/2026 23:16,12.23,25.65,-306.95
####,7/1/2026 23:31,9.91,25.65,-175.93
####,7/1/2026 23:46,13.37,25.62,-371.82
####,7/2/2026 0:01,12.91,25.57,-345.54
####,7/2/2026 0:16,11.34,25.48,-256.59
####,7/2/2026 0:31,12.45,25.36,-319.65
####,7/2/2026 0:46,13.11,25.23,-356.82
####,7/2/2026 1:01,12.42,25.11,-317.28
####,7/2/2026 1:16,11.85,25.02,-285.21
####,7/2/2026 1:31,11.84,24.92,-284.37
####,7/2/2026 1:46,9.42,24.85,-147.46
####,7/2/2026 2:01,13.17,24.8,-359.67
####,7/2/2026 2:16,10,24.75,-180.47
####,7/2/2026 2:31,7.69,24.75,-49.78
####,7/2/2026 2:46,7.81,24.75,-56.31
####,7/2/2026 3:01,7.96,24.9,-64.67
####,7/2/2026 3:16,7.85,25.06,-58.7
####,7/2/2026 3:31,7.79,25.11,-55.16
####,7/2/2026 3:46,7.74,25.21,-52.64
####,7/2/2026 4:01,7.74,25.33,-52.5
####,7/2/2026 4:16,7.64,25.4,-46.74
####,7/2/2026 4:31,7.7,25.45,-50.11
####,7/2/2026 4:46,7.61,25.48,-45.49
####,7/2/2026 5:01,7.62,25.5,-45.81
####,7/2/2026 5:16,13.22,25.5,-363.35
####,7/2/2026 5:31,14.04,25.5,-409.72
####,7/2/2026 5:46,15.85,25.5,-512.02
####,7/2/2026 6:01,15.73,25.5,-505.67
####,7/2/2026 6:16,13.51,25.48,-379.43
####,7/2/2026 6:31,15.75,25.48,-506.53
####,7/2/2026 6:46,15.85,25.48,-512.02
####,7/2/2026 7:01,15.85,25.48,-512.02
####,7/2/2026 7:16,15.85,25.5,-512.02
####,7/2/2026 7:31,15.85,25.5,-512.02
####,7/2/2026 7:46,15.84,25.55,-512.02
####,7/2/2026 8:01,15.84,25.57,-512.02
####,7/2/2026 8:16,15.22,25.62,-476.53
####,7/2/2026 8:31,13.78,25.67,-395.29
####,7/2/2026 8:46,7.3,25.74,-27.53
####,7/2/2026 9:01,9.02,25.82,-124.97
####,7/2/2026 9:16,9.53,25.94,-153.97
####,7/2/2026 9:31,7.98,26.08,-66.5
####,7/2/2026 9:46,11.09,26.35,-243.37
####,7/2/2026 10:01,12.48,26.33,-322.15
####,7/2/2026 10:16,11.11,26.04,-243.76
####,7/2/2026 10:31,7.69,25.96,-49.52
####,7/2/2026 10:46,8.97,25.99,-122.66
####,7/2/2026 11:01,7.29,26.06,-26.92
####,7/2/2026 11:16,7.36,26.16,-31.19
####,7/2/2026 11:31,8.46,26.38,-93.78
####,7/2/2026 11:46,7.19,26.48,-21.49
####,7/2/2026 12:01,7.3,26.43,-27.63
####,7/2/2026 12:16,13.38,26.4,-373.09
####,7/2/2026 12:31,10.34,26.43,-200.43
####,7/2/2026 12:46,7.4,26.35,-33.63
####,7/2/2026 13:01,8.95,26.23,-121.39
####,7/2/2026 13:16,7.35,26.16,-30.63
####,7/2/2026 13:31,10.88,26.11,-230.94
####,7/2/2026 13:46,11.4,26.08,-260.49
####,7/2/2026 14:01,9.38,26.06,-145.55
####,7/2/2026 14:16,10.17,26.04,-190.76
####,7/2/2026 14:31,9.18,26.04,-134.33
####,7/2/2026 14:46,11.73,26.04,-279.21
####,7/2/2026 15:01,12.75,26.08,-336.99
####,7/2/2026 15:16,12.95,26.43,-348.85
####,7/2/2026 15:31,13.03,26.43,-353.62
####,7/2/2026 15:46,13.26,26.55,-366.76
####,7/2/2026 16:01,13.09,26.5,-356.85
####,7/2/2026 16:16,13.7,26.67,-391.93
####,7/2/2026 16:31,13.75,26.87,-395.11
####,7/2/2026 16:46,14.43,27.04,-433.84
####,7/2/2026 17:01,14.73,27.11,-451.3
####,7/2/2026 17:16,13.83,27.14,-399.84
####,7/2/2026 17:31,11.11,27.09,-244.76
####,7/2/2026 17:46,14.72,27.14,-450.33
####,7/2/2026 18:01,11.22,27.16,-251.32
####,7/2/2026 18:16,15.8,27.16,-512.02
####,7/2/2026 18:31,15.8,27.11,-512.02
####,7/2/2026 18:46,15.62,27.11,-501.81
####,7/2/2026 19:01,14.1,27.09,-415.2
####,7/2/2026 19:16,15.8,27.09,-512.02
####,7/2/2026 19:31,15.27,27.04,-481.56
####,7/2/2026 19:46,10.27,27.01,-196.63
####,7/2/2026 20:01,7.23,26.96,-23.49
####,7/2/2026 20:16,12.75,26.94,-337.96
####,7/2/2026 20:31,12.39,26.92,-317.46
####,7/2/2026 20:46,9.93,26.89,-177.6
####,7/2/2026 21:01,11.84,26.89,-285.98
####,7/2/2026 21:16,7.59,26.89,-44.22
####,7/2/2026 21:31,11.63,26.87,-274.54
####,7/2/2026 21:46,7.66,27.09,-48.35
####,7/2/2026 22:01,11.44,27.06,-263.41
####,7/2/2026 22:16,10.79,27.06,-226.48
####,7/2/2026 22:31,10.1,27.06,-187.35
####,7/2/2026 22:46,9.13,27.06,-132.08
####,7/2/2026 23:01,7.62,27.01,-45.94
####,7/2/2026 23:16,7.54,26.96,-41.56
####,7/2/2026 23:31,7.52,26.92,-40.16
####,7/2/2026 23:46,8.78,26.89,-112.24
####,7/3/2026 0:01,13.09,26.82,-357.39
####,7/3/2026 0:16,11.78,26.79,-282.63
####,7/3/2026 0:31,14.54,26.72,-439.65
####,7/3/2026 0:46,13.94,26.6,-405.17
####,7/3/2026 1:01,7.93,26.43,-63.75
####,7/3/2026 1:16,11.87,26.21,-287.09
####,7/3/2026 1:31,12.3,26.04,-311.45
####,7/3/2026 1:46,10.44,25.89,-205.79
####,7/3/2026 2:01,10.87,25.77,-229.99
####,7/3/2026 2:16,14.75,25.65,-450
####,7/3/2026 2:31,13.69,25.57,-389.87
####,7/3/2026 2:46,11.42,25.53,-261.21
####,7/3/2026 3:01,11.59,25.48,-270.63
####,7/3/2026 3:16,9.98,25.48,-179.52
####,7/3/2026 3:31,8.22,25.5,-80
####,7/3/2026 3:46,9.64,25.74,-160.47
####,7/3/2026 4:01,8.67,25.84,-105.63
####,7/3/2026 4:16,8.86,26.01,-116.07
####,7/3/2026 4:31,8.9,26.18,-118.71
####,7/3/2026 4:46,8.77,26.33,-111.21
####,7/3/2026 5:01,9.01,26.45,-125.14
####,7/3/2026 5:16,8.81,26.52,-113.75
####,7/3/2026 5:31,11.73,26.57,-279.6
####,7/3/2026 5:46,12.59,26.6,-328.46
####,7/3/2026 6:01,12.47,26.62,-321.88
####,7/3/2026 6:16,15.15,26.65,-474.53
####,7/3/2026 6:31,15.45,26.65,-491.53
####,7/3/2026 6:46,15.81,26.67,-512.02
####,7/3/2026 7:01,15.81,26.67,-512.02
####,7/3/2026 7:16,15.81,26.7,-512.02
####,7/3/2026 7:31,15.81,26.7,-512.02
####,7/3/2026 7:46,15.81,26.72,-512.02
####,7/3/2026 8:01,15.81,26.74,-512.02
####,7/3/2026 8:16,14.52,26.77,-438.75
####,7/3/2026 8:31,15.52,26.82,-495.8
####,7/3/2026 8:46,14.44,26.84,-434.14
####,7/3/2026 9:01,12.38,26.89,-317.09
####,7/3/2026 9:16,7.67,26.96,-48.7
####,7/3/2026 9:31,7.09,27.06,-15.97
####,7/3/2026 9:46,12.12,27.14,-302.42
####,7/3/2026 10:01,12.17,27.28,-305.52
####,7/3/2026 10:16,12.03,27.55,-297.48
####,7/3/2026 10:31,10.18,27.53,-192.26
####,7/3/2026 10:46,11.92,27.48,-291.34
####,7/3/2026 11:01,11.2,27.28,-250.32
####,7/3/2026 11:16,11.96,27.28,-293.38
####,7/3/2026 11:31,11.05,27.38,-241.38
####,7/3/2026 11:46,8.53,27.46,-97.66
####,7/3/2026 12:01,10.88,27.6,-232.07
####,7/3/2026 12:16,8.95,27.75,-122.18
####,7/3/2026 12:31,8.3,27.75,-84.94
####,7/3/2026 12:46,9.52,27.68,-154.69
####,7/3/2026 13:01,10.28,27.7,-197.88
####,7/3/2026 13:16,13.01,27.58,-353.92
####,7/3/2026 13:31,11.7,27.41,-278.51
####,7/3/2026 13:46,11.81,27.26,-284.99
####,7/3/2026 14:01,12.41,27.14,-318.68
####,7/3/2026 14:16,9.79,27.09,-169.77
####,7/3/2026 14:31,11.93,27.04,-291.74
####,7/3/2026 14:46,10.59,26.96,-214.91
####,7/3/2026 15:01,7.52,26.94,-40.16
####,7/3/2026 15:16,10.76,26.94,-224.93
####,7/3/2026 15:31,12.69,26.96,-334.74
####,7/3/2026 15:46,12.65,26.99,-332.49
####,7/3/2026 16:01,12.63,27.38,-331.89
####,7/3/2026 16:16,12.82,27.33,-342.73
####,7/3/2026 16:31,13.3,27.41,-370.2
####,7/3/2026 16:46,13.19,27.48,-363.64
####,7/3/2026 17:01,13.36,27.6,-373.43
####,7/3/2026 17:16,13.9,27.87,-404.7
####,7/3/2026 17:31,14.52,27.95,-440.45
####,7/3/2026 17:46,14.64,28.02,-447.15
####,7/3/2026 18:01,15.2,28.07,-479.22
####,7/3/2026 18:16,15.77,28.1,-512.02
####,7/3/2026 18:31,15.77,28.12,-512.02
####,7/3/2026 18:46,8.7,28.15,-107.77
####,7/3/2026 19:01,13.68,28.15,-392.62
####,7/3/2026 19:16,13.09,28.12,-358.62
####,7/3/2026 19:31,12.76,28.1,-339.92
####,7/3/2026 19:46,15.77,28.07,-512.02
####,7/3/2026 20:01,15.77,28.02,-512.02
####,7/3/2026 20:16,13.98,27.97,-409.36
####,7/3/2026 20:31,15.77,27.95,-512.02
####,7/3/2026 20:46,14.89,27.92,-461.23
####,7/3/2026 21:01,15.08,27.87,-472.48
####,7/3/2026 21:16,15.78,27.85,-512.02
####,7/3/2026 21:31,15.78,27.83,-512.02
####,7/3/2026 21:46,7.58,27.8,-43.58
####,7/3/2026 22:01,8.5,27.78,-96.11
####,7/3/2026 22:16,8.69,27.78,-106.93
####,7/3/2026 22:31,12.6,27.95,-330.56
####,7/3/2026 22:46,10.8,28,-228.02
####,7/3/2026 23:01,9.12,28.02,-131.72
####,7/3/2026 23:16,8.71,28.02,-108.18
####,7/3/2026 23:31,8.34,27.97,-87.1
####,7/3/2026 23:46,9.04,27.9,-127.24
####,7/4/2026 0:01,8.61,27.8,-102.8
####,7/4/2026 0:16,8.16,27.73,-77.1
####,7/4/2026 0:31,14.4,27.6,-433.08
####,7/4/2026 0:46,14.84,27.48,-457.87
####,7/4/2026 1:01,14.21,27.41,-421.62
####,7/4/2026 1:16,15.79,27.26,-512.02
####,7/4/2026 1:31,14.74,27.09,-451.9
####,7/4/2026 1:46,14.81,26.92,-455.17
####,7/4/2026 2:01,15.16,26.7,-475
####,7/4/2026 2:16,14.52,26.52,-438.51
####,7/4/2026 2:31,12.89,26.38,-345.43
####,7/4/2026 2:46,15.82,26.23,-512.02
####,7/4/2026 3:01,10.84,26.11,-228.62
####,7/4/2026 3:16,14.08,26.01,-412.39
####,7/4/2026 3:31,14.35,25.96,-428.12
####,7/4/2026 3:46,8.45,25.94,-92.77
####,7/4/2026 4:01,13.94,25.96,-404.32
####,7/4/2026 4:16,7.67,25.94,-48.69
####,7/4/2026 4:31,13.45,26.18,-376.79
####,7/4/2026 4:46,13.03,26.38,-353.39
####,7/4/2026 5:01,12.39,26.55,-317.21
####,7/4/2026 5:16,13.02,26.7,-353.42
####,7/4/2026 5:31,12.11,26.84,-301.32
####,7/4/2026 5:46,9.33,26.99,-143.49
####,7/4/2026 6:01,11.58,27.09,-271.38
####,7/4/2026 6:16,15.25,27.19,-480.8
####,7/4/2026 6:31,15.79,27.26,-512.02
####,7/4/2026 6:46,15.79,27.33,-512.02
####,7/4/2026 7:01,15.79,27.38,-512.02
####,7/4/2026 7:16,15.79,27.43,-512.02
####,7/4/2026 7:31,15.79,27.48,-512.02
####,7/4/2026 7:46,15.79,27.51,-512.02
####,7/4/2026 8:01,15.79,27.55,-512.02
####,7/4/2026 8:16,15.78,27.58,-512.02
####,7/4/2026 8:31,15.78,27.63,-512.02
####,7/4/2026 8:46,15.78,27.65,-512.02
####,7/4/2026 9:01,15.78,27.7,-512.02
####,7/4/2026 9:16,15.78,27.73,-512.02
####,7/4/2026 9:31,15.78,27.8,-512.02
####,7/4/2026 9:46,15.78,27.87,-512.02
####,7/4/2026 10:01,15.77,27.97,-512.02
####,7/4/2026 10:16,11.86,28.05,-288.63
####,7/4/2026 10:31,7.55,28.1,-42.33
####,7/4/2026 10:46,11.88,28.15,-289.63
####,7/4/2026 11:01,11.7,28.32,-279.29
####,7/4/2026 11:16,10.1,28.3,-188.24
####,7/4/2026 11:31,10.94,28.05,-235.9
####,7/4/2026 11:46,11.43,28.02,-263.95
####,7/4/2026 12:01,9.23,28.1,-138.02
####,7/4/2026 12:16,8.84,28.12,-115.72
####,7/4/2026 12:31,10.38,28.22,-204.05
####,7/4/2026 12:46,8.96,28.39,-123
####,7/4/2026 13:01,9.7,28.39,-165.22
####,7/4/2026 13:16,10.3,28.3,-199.47
####,7/4/2026 13:31,10.66,28.22,-220.05
####,7/4/2026 13:46,13.44,28.07,-378.92
####,7/4/2026 14:01,10.39,27.9,-204.37
####,7/4/2026 14:16,13.62,27.73,-388.84
####,7/4/2026 14:31,13.05,27.6,-355.96
####,7/4/2026 14:46,14.79,27.51,-455.09
####,7/4/2026 15:01,11.22,27.41,-251.07
####,7/4/2026 15:16,15.79,27.31,-512.02
####,7/4/2026 15:31,15.7,27.23,-506.75
####,7/4/2026 15:46,15.8,27.16,-512.02
####,7/4/2026 16:01,15.8,27.16,-512.02
####,7/4/2026 16:16,15.73,27.23,-508.45
####,7/4/2026 16:31,12.07,27.41,-299.71
####,7/4/2026 16:46,15.7,27.58,-507.05
####,7/4/2026 17:01,15.69,27.58,-506.5
####,7/4/2026 17:16,15.02,27.6,-468.15
####,7/4/2026 17:31,15.09,27.73,-472.53
####,7/4/2026 17:46,15.36,27.85,-488.12
####,7/4/2026 18:01,14.77,28.05,-454.58
####,7/4/2026 18:16,15.42,28.17,-492.09
####,7/4/2026 18:31,15.41,28.22,-491.72
####,7/4/2026 18:46,15.76,28.3,-512.02
####,7/4/2026 19:01,15.76,28.32,-512.02
####,7/4/2026 19:16,14.58,28.34,-444.56
####,7/4/2026 19:31,15.76,28.37,-512.02
####,7/4/2026 19:46,11.67,28.34,-277.65
####,7/4/2026 20:01,13.13,28.32,-361.46
####,7/4/2026 20:16,15.52,28.32,-498.34
####,7/4/2026 20:31,15.76,28.27,-512.02
####,7/4/2026 20:46,15.77,28.25,-512.02
####,7/4/2026 21:01,15.77,28.22,-512.02
####,7/4/2026 21:16,12.85,28.17,-345.14
####,7/4/2026 21:31,15.77,28.15,-512.02
####,7/4/2026 21:46,12.52,28.12,-326.21
####,7/4/2026 22:01,15.77,28.1,-512.02
####,7/4/2026 22:16,15.77,28.05,-512.02
####,7/4/2026 22:31,15.77,28.05,-512.02
####,7/4/2026 22:46,15.77,28,-512.02
####,7/4/2026 23:01,13.33,28.1,-372.53
####,7/4/2026 23:16,15.76,28.17,-511.62
####,7/4/2026 23:31,12.87,28.17,-346.2
####,7/4/2026 23:46,15.53,28.17,-498.31
####,7/5/2026 0:01,13.21,28.12,-365.64
####,7/5/2026 0:16,13.12,28.1,-360.43
####,7/5/2026 0:31,13.85,28,-402.04
####,7/5/2026 0:46,13.33,27.87,-372.29
####,7/5/2026 1:01,13.38,27.78,-374.71
####,7/5/2026 1:16,14.59,27.6,-443.94
####,7/5/2026 1:31,15.79,27.46,-512.02
####,7/5/2026 1:46,11.16,27.36,-247.62
####,7/5/2026 2:01,15.8,27.21,-512.02
####,7/5/2026 2:16,15.41,27.06,-489.62
####,7/5/2026 2:31,12.29,26.84,-311.74
####,7/5/2026 2:46,14.89,26.65,-459.3
####,7/5/2026 3:01,12.55,26.43,-326.01
####,7/5/2026 3:16,15.82,26.26,-512.02
####,7/5/2026 3:31,15.83,26.13,-512.02
####,7/5/2026 3:46,14.62,26.08,-443.45
####,7/5/2026 4:01,12.92,26.01,-346.9
####,7/5/2026 4:16,8.89,26.01,-117.97
####,7/5/2026 4:31,14.37,26.08,-429.03
####,7/5/2026 4:46,15.49,26.08,-492.61
####,7/5/2026 5:01,15.3,26.35,-482.31
####,7/5/2026 5:16,15.56,26.4,-497.39
####,7/5/2026 5:31,15.32,26.52,-484.03
####,7/5/2026 5:46,15.81,26.67,-512.02
####,7/5/2026 6:01,15.81,26.82,-512.02
####,7/5/2026 6:16,15.8,26.99,-512.02
####,7/5/2026 6:31,15.8,27.06,-512.02
####,7/5/2026 6:46,15.75,27.14,-509.25
####,7/5/2026 7:01,13.23,27.21,-366
####,7/5/2026 7:16,11.22,27.28,-251.34
####,7/5/2026 7:31,14.67,27.38,-448.23
####,7/5/2026 7:46,13.35,27.46,-372.87
####,7/5/2026 8:01,15.53,27.53,-497.17
####,7/5/2026 8:16,14.55,27.58,-441.28
####,7/5/2026 8:31,15.78,27.63,-512.02
####,7/5/2026 8:46,15.78,27.68,-512.02
####,7/5/2026 9:01,15.78,27.73,-512.02
####,7/5/2026 9:16,14.86,27.78,-459.58
####,7/5/2026 9:31,15.78,27.85,-512.02
####,7/5/2026 9:46,15.78,27.87,-512.02
####,7/5/2026 10:01,15.78,27.87,-512.02
####,7/5/2026 10:16,15.78,27.92,-512.02
####,7/5/2026 10:31,15.77,28,-512.02
####,7/5/2026 10:46,15.77,28.05,-512.02
####,7/5/2026 11:01,7.02,28.12,-11.5
####,7/5/2026 11:16,14.36,28.15,-431.64
####,7/5/2026 11:31,14.16,28.37,-420.31
####,7/5/2026 11:46,13.27,28.27,-369.29
####,7/5/2026 12:01,14.57,28.15,-443.47
####,7/5/2026 12:16,14.66,28.12,-448.36
####,7/5/2026 12:31,9.05,28.12,-127.75
####,7/5/2026 12:46,11.4,28.2,-262.37
####,7/5/2026 13:01,10.55,28.22,-213.43
####,7/5/2026 13:16,12.66,28.37,-334.46
####,7/5/2026 13:31,11.57,28.39,-271.96
####,7/5/2026 13:46,12.9,28.3,-348.26
####,7/5/2026 14:01,15.71,28.17,-508.75
####,7/5/2026 14:16,14.59,28.07,-444.67
####,7/5/2026 14:31,15.78,27.9,-512.02
####,7/5/2026 14:46,15.78,27.68,-512.02
####,7/5/2026 15:01,15.79,27.51,-512.02
####,7/5/2026 15:16,15.79,27.38,-512.02
####,7/5/2026 15:31,15.79,27.31,-512.02
####,7/5/2026 15:46,12.41,27.23,-318.85
####,7/5/2026 16:01,15.8,27.14,-512.02
####,7/5/2026 16:16,15.8,27.06,-512.02
####,7/5/2026 16:31,13.33,27.04,-371.03
####,7/5/2026 16:46,15.8,27.01,-512.02
####,7/5/2026 17:01,14.53,27.04,-439.48
####,7/5/2026 17:16,13.43,27.21,-377.28
####,7/5/2026 17:31,11.88,27.41,-288.98
####,7/5/2026 17:46,10.01,27.36,-182.08
####,7/5/2026 18:01,9.71,27.43,-165.26
####,7/5/2026 18:16,9.64,27.58,-161.57
####,7/5/2026 18:31,10.8,27.68,-227.6
####,7/5/2026 18:46,11.98,27.78,-294.99
####,7/5/2026 19:01,15.78,27.9,-512.02
####,7/5/2026 19:16,15.77,28,-512.02
####,7/5/2026 19:31,15.77,28.07,-512.02
####,7/5/2026 19:46,15.77,28.12,-512.02
####,7/5/2026 20:01,15.77,28.17,-512.02
####,7/5/2026 20:16,15.77,28.2,-512.02
####,7/5/2026 20:31,15.04,28.22,-470.42
####,7/5/2026 20:46,15.77,28.2,-512.02
####,7/5/2026 21:01,15.77,28.2,-512.02
####,7/5/2026 21:16,15.77,28.2,-512.02
####,7/5/2026 21:31,15.77,28.15,-512.02
####,7/5/2026 21:46,15.77,28.12,-512.02
####,7/5/2026 22:01,15.77,28.1,-512.02
####,7/5/2026 22:16,15.77,28.05,-512.02
####,7/5/2026 22:31,15.77,28,-512.02
####,7/5/2026 22:46,15.77,27.97,-512.02
####,7/5/2026 23:01,15.13,27.95,-475.3
####,7/5/2026 23:16,15.78,27.92,-512.02
####,7/5/2026 23:31,15.78,27.85,-512.02
####,7/5/2026 23:46,15.78,27.83,-512.02
####,7/6/2026 0:01,15.78,27.85,-512.02
####,7/6/2026 0:16,15.77,27.97,-512.02
####,7/6/2026 0:31,15.77,27.97,-512.02
####,7/6/2026 0:46,15.78,27.92,-512.02
####,7/6/2026 1:01,15.78,27.9,-512.02
####,7/6/2026 1:16,15.78,27.8,-512.02
####,7/6/2026 1:31,15.78,27.65,-512.02
####,7/6/2026 1:46,15.79,27.46,-512.02
####,7/6/2026 2:01,15.8,27.23,-512.02
####,7/6/2026 2:16,10.66,26.99,-219.08
####,7/6/2026 2:31,10.41,26.87,-204.87
####,7/6/2026 2:46,15.81,26.74,-512.02
####,7/6/2026 3:01,14.74,26.6,-450.72
####,7/6/2026 3:16,15.65,26.4,-502.2
####,7/6/2026 3:31,11.12,26.18,-244.74
####,7/6/2026 3:46,15.83,25.99,-512.02
####,7/6/2026 4:01,14.96,25.82,-462.09
####,7/6/2026 4:16,15.14,25.72,-472.23
####,7/6/2026 4:31,11.04,25.65,-239.65
####,7/6/2026 4:46,8.61,25.62,-102.13
####,7/6/2026 5:01,9.88,25.65,-174.21
####,7/6/2026 5:16,9.46,25.65,-150.24
####,7/6/2026 5:31,8.64,25.74,-103.38
####,7/6/2026 5:46,8.73,25.96,-108.91
####,7/6/2026 6:01,8.79,25.96,-112.27
####,7/6/2026 6:16,8.8,26.08,-112.8
####,7/6/2026 6:31,8.74,26.26,-109.22
####,7/6/2026 6:46,8.75,26.43,-110.11
####,7/6/2026 7:01,8.8,26.57,-112.74
####,7/6/2026 7:16,9.01,26.67,-124.72
####,7/6/2026 7:31,8.46,26.77,-93.47
####,7/6/2026 7:46,9.16,26.87,-133.85
####,7/6/2026 8:01,9.1,26.96,-130.11
####,7/6/2026 8:16,8.62,27.06,-103.05
####,7/6/2026 8:31,9.02,27.16,-125.54
####,7/6/2026 8:46,8.86,27.23,-116.93
####,7/6/2026 9:01,9.73,27.31,-166.1
####,7/6/2026 9:16,11.24,27.36,-252.2
####,7/6/2026 9:31,15.49,27.41,-495.08
####,7/6/2026 9:46,13.56,27.46,-385.01
####,7/6/2026 10:01,15.56,27.51,-498.92
####,7/6/2026 10:16,15.79,27.53,-512.02
####,7/6/2026 10:31,12.59,27.53,-329.73
####,7/6/2026 10:46,15.79,27.53,-512.02
####,7/6/2026 11:01,15.79,27.53,-512.02
####,7/6/2026 11:16,15.79,27.53,-512.02
####,7/6/2026 11:31,15.78,27.6,-512.02
####,7/6/2026 11:46,15.78,27.68,-512.02
####,7/6/2026 12:01,15.78,27.75,-512.02
####,7/6/2026 12:16,15.78,27.78,-512.02
####,7/6/2026 12:31,15.78,27.75,-512.02
####,7/6/2026 12:46,15.78,27.75,-512.02
####,7/6/2026 13:01,15.78,27.7,-512.02
####,7/6/2026 13:16,15.78,27.68,-512.02
####,7/6/2026 13:31,15.78,27.63,-512.02
####,7/6/2026 13:46,15.78,27.65,-512.02
####,7/6/2026 14:01,15.78,27.68,-512.02
####,7/6/2026 14:16,15.78,27.6,-512.02
####,7/6/2026 14:31,10.91,27.36,-233.57
####,7/6/2026 14:46,15.8,27.19,-512.02
####,7/6/2026 15:01,15.8,27.01,-512.02
####,7/6/2026 15:16,15.81,26.74,-512.02
####,7/6/2026 15:31,15.82,26.52,-512.02
####,7/6/2026 15:46,15.82,26.33,-512.02
####,7/6/2026 16:01,15.04,26.18,-467.61
####,7/6/2026 16:16,15.83,26.06,-512.02
####,7/6/2026 16:31,15.83,25.99,-512.02
####,7/6/2026 16:46,15.83,25.91,-512.02
####,7/6/2026 17:01,15.84,25.87,-512.02
####,7/6/2026 17:16,11.47,25.84,-264.55
####,7/6/2026 17:31,15.83,25.82,-511.87
####,7/6/2026 17:46,15.64,25.82,-500.8
####,7/6/2026 18:01,12.02,25.89,-295.38
####,7/6/2026 18:16,13.45,26.06,-376.92
####,7/6/2026 18:31,15.83,26.06,-512.02
####,7/6/2026 18:46,15.83,26.13,-512.02
####,7/6/2026 19:01,15.82,26.26,-512.02
####,7/6/2026 19:16,15.82,26.38,-512.02
####,7/6/2026 19:31,15.75,26.5,-508.25
####,7/6/2026 19:46,15.65,26.65,-502.83
####,7/6/2026 20:01,15.81,26.77,-512.02
####,7/6/2026 20:16,15.78,26.89,-510.69
####,7/6/2026 20:31,15.8,26.99,-512.02
####,7/6/2026 20:46,15.8,27.09,-512.02
####,7/6/2026 21:01,14.73,27.16,-451.2
####,7/6/2026 21:16,15.8,27.21,-512.02
####,7/6/2026 21:31,15.8,27.23,-512.02
####,7/6/2026 21:46,15.78,27.26,-511.41
####,7/6/2026 22:01,15.79,27.28,-512.02
####,7/6/2026 22:16,15.79,27.28,-512.02
####,7/6/2026 22:31,15.79,27.28,-512.02
####,7/6/2026 22:46,15.79,27.26,-512.02
####,7/6/2026 23:01,15.79,27.26,-512.02
####,7/6/2026 23:16,15.8,27.23,-512.02
####,7/6/2026 23:31,15.8,27.19,-512.02
####,7/6/2026 23:46,15.8,27.19,-512.02
####,7/7/2026 0:01,15.8,27.14,-512.02
####,7/7/2026 0:16,15.8,27.14,-512.02
####,7/7/2026 0:31,15.8,26.96,-512.02
####,7/7/2026 0:46,15.8,26.96,-512.02
####,7/7/2026 1:01,15.8,27.06,-512.02
####,7/7/2026 1:16,15.8,27.06,-512.02
####,7/7/2026 1:31,15.8,27.01,-512.02
####,7/7/2026 1:46,15.8,26.94,-512.02
####,7/7/2026 2:01,15.81,26.84,-512.02
####,7/7/2026 2:16,15.81,26.65,-512.02
####,7/7/2026 2:31,15.82,26.45,-512.02
####,7/7/2026 2:46,15.82,26.23,-512.02
####,7/7/2026 3:01,15.83,25.99,-512.02
####,7/7/2026 3:16,15.4,25.77,-487.05
####,7/7/2026 3:31,15.84,25.65,-512.02
####,7/7/2026 3:46,15.85,25.5,-512.02
####,7/7/2026 4:01,14.1,25.38,-413.06
####,7/7/2026 4:16,13.15,25.21,-358.62
####,7/7/2026 4:31,15.86,25.02,-512.02
####,7/7/2026 4:46,15.52,24.82,-492.69
####,7/7/2026 5:01,11.34,24.7,-255.74
####,7/7/2026 5:16,14.6,24.6,-440.34
####,7/7/2026 5:31,13.06,24.58,-353.01
####,7/7/2026 5:46,12.94,24.58,-346.24
####,7/7/2026 6:01,12.11,24.6,-299.38
####,7/7/2026 6:16,13.78,24.7,-393.93
####,7/7/2026 6:31,14.57,24.92,-438.83
####,7/7/2026 6:46,13.82,24.94,-396.7
####,7/7/2026 7:01,14.36,25.06,-427.14
####,7/7/2026 7:16,14.16,25.14,-415.81
####,7/7/2026 7:31,13.5,25.23,-378.46
####,7/7/2026 7:46,13.44,25.36,-375.34
####,7/7/2026 8:01,13.63,25.45,-386.09
####,7/7/2026 8:16,13.82,25.6,-397.12
####,7/7/2026 8:31,13.89,25.72,-401.22
####,7/7/2026 8:46,13.44,25.89,-376.07
####,7/7/2026 9:01,14.12,25.99,-414.73
####,7/7/2026 9:16,14.79,26.08,-453.06
####,7/7/2026 9:31,10.41,26.16,-204.55
####,7/7/2026 9:46,13.72,26.26,-392.23
####,7/7/2026 10:01,10.4,26.33,-203.82
####,7/7/2026 10:16,15.79,26.35,-510.37
####,7/7/2026 10:31,14.69,26.4,-447.53
####,7/7/2026 10:46,15.82,26.45,-512.02
####,7/7/2026 11:01,15.82,26.5,-512.02
####,7/7/2026 11:16,15.82,26.5,-512.02
####,7/7/2026 11:31,15.82,26.5,-512.02
####,7/7/2026 11:46,15.82,26.52,-512.02
####,7/7/2026 12:01,15.82,26.52,-512.02
####,7/7/2026 12:16,15.82,26.5,-512.02
####,7/7/2026 12:31,15.82,26.48,-512.02
####,7/7/2026 12:46,15.82,26.33,-512.02
####,7/7/2026 13:01,15.82,26.28,-512.02
####,7/7/2026 13:16,15.82,26.3,-512.02
####,7/7/2026 13:31,15.82,26.3,-512.02
####,7/7/2026 13:46,15.82,26.23,-512.02
####,7/7/2026 14:01,15.83,26.13,-512.02
####,7/7/2026 14:16,15.83,25.99,-512.02
####,7/7/2026 14:31,15.84,25.7,-512.02
####,7/7/2026 14:46,15.85,25.43,-512.02
####,7/7/2026 15:01,15.86,25.11,-512.02
####,7/7/2026 15:16,15.87,24.82,-512.02
####,7/7/2026 15:31,15.87,24.6,-512.02
####,7/7/2026 15:46,15.88,24.46,-512.02
####,7/7/2026 16:01,15.88,24.32,-512.02
####,7/7/2026 16:16,13.95,24.17,-402.76
####,7/7/2026 16:31,15.12,23.98,-468.28
####,7/7/2026 16:46,15.9,23.83,-512.02
####,7/7/2026 17:01,11.32,23.69,-253.91
####,7/7/2026 17:16,15.9,23.54,-512.02
####,7/7/2026 17:31,15.4,23.45,-483.31
####,7/7/2026 17:46,15.91,23.38,-512.02
####,7/7/2026 18:01,15.91,23.35,-512.02
####,7/7/2026 18:16,15.91,23.3,-512.02
####,7/7/2026 18:31,15.74,23.3,-502.56
####,7/7/2026 18:46,12.88,23.35,-341.71
####,7/7/2026 19:01,15.91,23.35,-512.02
####,7/7/2026 19:16,15.91,23.45,-512.02
####,7/7/2026 19:31,15.9,23.62,-512.02
####,7/7/2026 19:46,15.9,23.71,-512.02
####,7/7/2026 20:01,15.9,23.76,-512.02
####,7/7/2026 20:16,15.89,23.88,-512.02
####,7/7/2026 20:31,15.89,24.03,-512.02
####,7/7/2026 20:46,15.89,24.15,-512.02
####,7/7/2026 21:01,15.88,24.24,-512.02
####,7/7/2026 21:16,15.88,24.34,-512.02
####,7/7/2026 21:31,15.88,24.46,-512.02
####,7/7/2026 21:46,15.87,24.6,-512.02
####,7/7/2026 22:01,15.87,24.73,-512.02
####,7/7/2026 22:16,15.87,24.82,-512.02
####,7/7/2026 22:31,15.86,24.92,-512.02
####,7/7/2026 22:46,12.33,24.99,-312.17
####,7/7/2026 23:01,15.86,25.04,-512.02
####,7/7/2026 23:16,15.81,25.11,-509.55
####,7/7/2026 23:31,13.68,25.16,-388.86
####,7/7/2026 23:46,11.59,25.19,-270.73
####,7/8/2026 0:01,14.37,25.21,-427.83
####,7/8/2026 0:16,15.75,25.23,-506.16
####,7/8/2026 0:31,15.85,25.23,-512.02
####,7/8/2026 0:46,15.85,25.21,-512.02
####,7/8/2026 1:01,15.86,25.19,-512.02
####,7/8/2026 1:16,15.86,25.16,-512.02
####,7/8/2026 1:31,15.86,25.06,-512.02
####,7/8/2026 1:46,15.86,24.92,-512.02
####,7/8/2026 2:01,15.86,25.06,-512.02
####,7/8/2026 2:16,15.86,24.94,-512.02
####,7/8/2026 2:31,15.87,24.85,-512.02
####,7/8/2026 2:46,15.87,24.73,-512.02
####,7/8/2026 3:01,15.87,24.53,-512.02
####,7/8/2026 3:16,15.88,24.24,-512.02
####,7/8/2026 3:31,15.89,23.93,-512.02
####,7/8/2026 3:46,15.17,23.59,-470.61
####,7/8/2026 4:01,14.92,23.23,-455.98
####,7/8/2026 4:16,15.92,23.02,-512.02
####,7/8/2026 4:31,15.92,22.87,-512.02
####,7/8/2026 4:46,11.56,22.73,-266.46
####,7/8/2026 5:01,11.93,22.58,-287.46
####,7/8/2026 5:16,15.19,22.42,-470.09
####,7/8/2026 5:31,15.94,22.27,-512.02
####,7/8/2026 5:46,15.95,22.13,-512.02
####,7/8/2026 6:01,15.84,22.06,-505.81
####,7/8/2026 6:16,15.95,22.01,-512.02
####,7/8/2026 6:31,15.95,22.03,-512.02
####,7/8/2026 6:46,15.95,22.08,-512.02
####,7/8/2026 7:01,15.95,22.11,-512.02
####,7/8/2026 7:16,15.94,22.32,-512.02
####,7/8/2026 7:31,15.94,22.42,-512.02
####,7/8/2026 7:46,15.93,22.54,-512.02
####,7/8/2026 8:01,15.93,22.56,-512.02
####,7/8/2026 8:16,13.87,22.7,-396.39
####,7/8/2026 8:31,15.92,22.92,-512.02
####,7/8/2026 8:46,15.48,23.14,-487.45
####,7/8/2026 9:01,13.97,23.26,-402.56
####,7/8/2026 9:16,13.23,23.4,-361.31
####,7/8/2026 9:31,15.9,23.64,-512.02
####,7/8/2026 9:46,15.9,23.83,-512.02
####,7/8/2026 10:01,15.89,24,-512.02
####,7/8/2026 10:16,15.89,24.17,-512.02
####,7/8/2026 10:31,15.88,24.34,-512.02
####,7/8/2026 10:46,15.88,24.51,-512.02
####,7/8/2026 11:01,14.98,24.82,-461.72
####,7/8/2026 11:16,15.86,24.99,-512.02
####,7/8/2026 11:31,15.86,25.14,-512.02
####,7/8/2026 11:46,14.53,25.28,-437.04
####,7/8/2026 12:01,11.16,25.43,-246.35
####,7/8/2026 12:16,15.84,25.57,-512.02
####,7/8/2026 12:31,15.84,25.72,-512.02
####,7/8/2026 12:46,15.84,25.87,-512.02
####,7/8/2026 13:01,15.83,25.99,-512.02
####,7/8/2026 13:16,15.82,26.23,-512.02
####,7/8/2026 13:31,15.82,26.5,-512.02
####,7/8/2026 13:46,15.84,25.87,-512.02
####,7/8/2026 14:01,15.84,25.87,-512.02
####,7/8/2026 14:16,15.85,25.45,-512.02
####,7/8/2026 14:31,15.85,25.45,-512.02
####,7/8/2026 14:46,15.85,25.45,-512.02
####,7/8/2026 15:01,15.85,25.5,-512.02
####,7/8/2026 15:16,15.84,25.67,-512.02
####,7/8/2026 15:31,15.84,25.74,-512.02
####,7/8/2026 15:46,15.84,25.6,-512.02
####,7/8/2026 16:01,15.85,25.33,-512.02
####,7/8/2026 16:16,15.86,25.04,-512.02
####,7/8/2026 16:31,15.73,24.73,-504
####,7/8/2026 16:46,12.79,24.41,-337.39
####,7/8/2026 17:01,13.7,24.29,-388.73
####,7/8/2026 17:16,12.23,24.29,-305.68
####,7/8/2026 17:31,12.75,24.19,-335.15
####,7/8/2026 17:46,14,24.07,-405.4
####,7/8/2026 18:01,15.89,23.93,-512.02
####,7/8/2026 18:16,15.9,23.79,-512.02
####,7/8/2026 18:31,15.9,23.66,-512.02
####,7/8/2026 18:46,15.9,23.57,-512.02
####,7/8/2026 19:01,13.44,23.5,-373.14
####,7/8/2026 19:16,15.91,23.47,-512.02
####,7/8/2026 19:31,15.91,23.45,-512.02
####,7/8/2026 19:46,15.91,23.5,-512.02
####,7/8/2026 20:01,15.9,23.59,-512.02
####,7/8/2026 20:16,15.48,23.81,-488.37
####,7/8/2026 20:31,15.54,23.91,-491.84
####,7/8/2026 20:46,15.89,24.15,-512.02
####,7/8/2026 21:01,15.82,24.22,-508.41
####,7/8/2026 21:16,15.88,24.36,-512.02
####,7/8/2026 21:31,15.04,24.48,-464.67
####,7/8/2026 21:46,15.87,24.65,-512.02
####,7/8/2026 22:01,15.87,24.82,-512.02
####,7/8/2026 22:16,15.71,24.99,-503.62
####,7/8/2026 22:31,13.42,25.11,-374.15
####,7/8/2026 22:46,15.85,25.21,-512.02
####,7/8/2026 23:01,15.85,25.28,-512.02
####,7/8/2026 23:16,15.85,25.31,-512.02
####,7/8/2026 23:31,15.85,25.33,-512.02
####,7/8/2026 23:46,15.85,25.33,-512.02
####,7/9/2026 0:01,15.47,25.31,-490.14
####,7/9/2026 0:16,15.59,25.28,-497.39
####,7/9/2026 0:31,14.64,25.26,-443.33
####,7/9/2026 0:46,13.73,25.23,-392.01
####,7/9/2026 1:01,15.85,25.21,-512.02
####,7/9/2026 1:16,15.85,25.21,-512.02
####,7/9/2026 1:31,12.82,25.16,-340.31
####,7/9/2026 1:46,14.81,25.16,-452.64
####,7/9/2026 2:01,14.1,25.14,-412.7
####,7/9/2026 2:16,14.93,25.06,-459.53
####,7/9/2026 2:31,15.86,25.02,-512.02
####,7/9/2026 2:46,15.86,25.11,-512.02
####,7/9/2026 3:01,15.86,25.11,-512.02
####,7/9/2026 3:16,15.86,25.06,-512.02
####,7/9/2026 3:31,15.31,24.99,-480.87
####,7/9/2026 3:46,15.51,24.94,-491.92
####,7/9/2026 4:01,15.52,24.8,-492.62
####,7/9/2026 4:16,14.72,24.65,-447.01
####,7/9/2026 4:31,14.99,24.44,-461.8
####,7/9/2026 4:46,14.33,24.19,-424.48
####,7/9/2026 5:01,13.95,23.98,-402.73
####,7/9/2026 5:16,13.86,23.86,-397.28
####,7/9/2026 5:31,15.66,23.74,-498.8
####,7/9/2026 5:46,11.76,23.62,-278.49
####,7/9/2026 6:01,8.83,23.47,-113.5
####,7/9/2026 6:16,13.39,23.28,-370.18
####,7/9/2026 6:31,15.92,23.11,-512.02
####,7/9/2026 6:46,15.92,22.99,-512.02
####,7/9/2026 7:01,15.92,22.92,-512.02
####,7/9/2026 7:16,15.92,22.87,-512.02
####,7/9/2026 7:31,15.92,22.9,-512.02
####,7/9/2026 7:46,15.92,22.92,-512.02
####,7/9/2026 8:01,15.92,23.11,-512.02
####,7/9/2026 8:16,15.91,23.3,-512.02
####,7/9/2026 8:31,15.91,23.38,-512.02
####,7/9/2026 8:46,15.91,23.38,-512.02
####,7/9/2026 9:01,14.78,23.57,-448.59
####,7/9/2026 9:16,14.67,23.79,-442.98
####,7/9/2026 9:31,14.28,24.03,-421.45
####,7/9/2026 9:46,14.59,24.19,-438.9
####,7/9/2026 10:01,14.44,24.34,-430.86
####,7/9/2026 10:16,14.8,24.44,-451
####,7/9/2026 10:31,14.81,24.56,-452.06
####,7/9/2026 10:46,15.23,24.7,-475.59
####,7/9/2026 11:01,15.72,24.87,-503.95
####,7/9/2026 11:16,15.44,24.97,-488.03
####,7/9/2026 11:31,15.85,25.23,-512.02
####,7/9/2026 11:46,15.85,25.43,-512.02
####,7/9/2026 12:01,14.98,25.53,-462.86
####,7/9/2026 12:16,11.01,25.7,-238.18
####,7/9/2026 12:31,13.94,25.79,-404.31
####,7/9/2026 12:46,14.31,25.87,-425.54
####,7/9/2026 13:01,13.89,26.06,-401.87
####,7/9/2026 13:16,15.83,26.16,-512.02
####,7/9/2026 13:31,15.82,26.26,-512.02
####,7/9/2026 13:46,15.82,26.28,-512.02
####,7/9/2026 14:01,15.82,26.38,-512.02
####,7/9/2026 14:16,15.82,26.52,-512.02
####,7/9/2026 14:31,15.81,26.57,-512.02
####,7/9/2026 14:46,9.55,26.23,-155.52
####,7/9/2026 15:01,15.83,26.08,-512.02
####,7/9/2026 15:16,15.83,25.91,-512.02
####,7/9/2026 15:31,15.83,26.13,-512.02
####,7/9/2026 15:46,15.83,26.11,-512.02
####,7/9/2026 16:01,15.82,26.3,-512.02
####,7/9/2026 16:16,15.82,26.48,-512.02
####,7/9/2026 16:31,15.82,26.5,-512.02
####,7/9/2026 16:46,15.82,26.45,-512.02
####,7/9/2026 17:01,15.82,26.28,-512.02
####,7/9/2026 17:16,15.83,26.01,-512.02
####,7/9/2026 17:31,15.04,25.67,-466.76
####,7/9/2026 17:46,15.1,25.53,-469.81
####,7/9/2026 18:01,13.89,25.43,-401.29
####,7/9/2026 18:16,15.73,25.31,-505.17
####,7/9/2026 18:31,15.85,25.21,-512.02
####,7/9/2026 18:46,14.74,25.06,-448.42
####,7/9/2026 19:01,13.56,24.94,-381.89
####,7/9/2026 19:16,12.12,24.82,-299.99
####,7/9/2026 19:31,12.96,24.73,-347.43
####,7/9/2026 19:46,13.91,24.63,-401.12
####,7/9/2026 20:01,14.94,24.56,-459.25
####,7/9/2026 20:16,15.7,24.48,-501.83
####,7/9/2026 20:31,15.72,24.48,-503.11
####,7/9/2026 20:46,15.87,24.53,-512.02
####,7/9/2026 21:01,15.87,24.56,-512.02
####,7/9/2026 21:16,15.87,24.8,-512.02
####,7/9/2026 21:31,15.8,24.97,-508.23
####,7/9/2026 21:46,15.53,25.04,-493.09
####,7/9/2026 22:01,15.11,25.16,-469.95
####,7/9/2026 22:16,15.37,25.28,-484.64
####,7/9/2026 22:31,15.85,25.43,-512.02
####,7/9/2026 22:46,15.84,25.6,-512.02
####,7/9/2026 23:01,15.84,25.77,-512.02
####,7/9/2026 23:16,15.83,25.89,-512.02
####,7/9/2026 23:31,15.83,25.99,-512.02
####,7/9/2026 23:46,15.67,26.06,-502.94
####,7/10/2026 0:01,15.31,26.08,-482.45
####,7/10/2026 0:16,14.39,26.08,-430.44
####,7/10/2026 0:31,12.21,26.06,-306.31
####,7/10/2026 0:46,11.62,26.04,-273.21
####,7/10/2026 1:01,15.83,26.01,-512.02
####,7/10/2026 1:16,15.83,25.96,-512.02
####,7/10/2026 1:31,15.83,25.91,-512.02
####,7/10/2026 1:46,15.83,25.89,-512.02
####,7/10/2026 2:01,15.52,25.87,-494.23
####,7/10/2026 2:16,15.84,25.84,-512.02
####,7/10/2026 2:31,15.84,25.79,-512.02
####,7/10/2026 2:46,15.84,25.77,-512.02
####,7/10/2026 3:01,15.84,25.74,-512.02
####,7/10/2026 3:16,15.84,25.72,-512.02
####,7/10/2026 3:31,15.84,25.67,-512.02
####,7/10/2026 3:46,15.84,25.65,-512.02
####,7/10/2026 4:01,15.84,25.77,-512.02
####,7/10/2026 4:16,15.84,25.74,-512.02
####,7/10/2026 4:31,15.74,25.77,-506.62
####,7/10/2026 4:46,14.58,25.77,-440.42
####,7/10/2026 5:01,15.05,25.74,-467.2
####,7/10/2026 5:16,14.55,25.65,-438.65
####,7/10/2026 5:31,14.94,25.55,-460.5
####,7/10/2026 5:46,15.85,25.43,-512.02
####,7/10/2026 6:01,15.85,25.31,-512.02
####,7/10/2026 6:16,14.81,25.26,-452.8
####,7/10/2026 6:31,14.8,25.16,-452.22
####,7/10/2026 6:46,13.42,25.04,-373.71
####,7/10/2026 7:01,12.17,24.92,-303.1
####,7/10/2026 7:16,15.87,24.73,-512.02
####,7/10/2026 7:31,15.56,24.58,-494.58
####,7/10/2026 7:46,15.88,24.48,-512.02
####,7/10/2026 8:01,15.88,24.44,-512.02
####,7/10/2026 8:16,15.88,24.41,-512.02
####,7/10/2026 8:31,15.88,24.41,-512.02
####,7/10/2026 8:46,15.88,24.44,-512.02
####,7/10/2026 9:01,15.87,24.63,-512.02
####,7/10/2026 9:16,15.87,24.85,-512.02
####,7/10/2026 9:31,15.87,24.82,-512.02
####,7/10/2026 9:46,15.87,24.85,-512.02
####,7/10/2026 10:01,15.86,25.02,-512.02
####,7/10/2026 10:16,15.7,25.31,-503.69
####,7/10/2026 10:31,15.85,25.45,-512.02
####,7/10/2026 10:46,13.64,25.57,-387.25
####,7/10/2026 11:01,15.84,25.67,-512.02
####,7/10/2026 11:16,15.84,25.79,-512.02
####,7/10/2026 11:31,15.83,25.91,-512.02
####,7/10/2026 11:46,15.83,25.96,-512.02
####,7/10/2026 12:01,15.83,26.08,-512.02
####,7/10/2026 12:16,15.83,26.21,-512.02
####,7/10/2026 12:31,15.82,26.26,-512.02
####,7/10/2026 12:46,15.82,26.43,-512.02
####,7/10/2026 13:01,15.82,26.55,-512.02
####,7/10/2026 13:16,15.81,26.65,-512.02
####,7/10/2026 13:31,15.81,26.74,-512.02
####,7/10/2026 13:46,15.81,26.84,-512.02
####,7/10/2026 14:01,15.8,26.92,-512.02
####,7/10/2026 14:16,15.8,26.99,-512.02
####,7/10/2026 14:31,15.8,27.01,-512.02
####,7/10/2026 14:46,15.8,26.99,-512.02
####,7/10/2026 15:01,15.8,26.94,-512.02
####,7/10/2026 15:16,15.8,27.21,-512.02
####,7/10/2026 15:31,15.8,27.19,-512.02
####,7/10/2026 15:46,15.8,27.06,-512.02
####,7/10/2026 16:01,15.81,26.77,-512.02
####,7/10/2026 16:16,15.08,26.72,-470.39
####,7/10/2026 16:31,13.83,26.84,-399.2
####,7/10/2026 16:46,14.22,26.89,-421.93
####,7/10/2026 17:01,13.23,27.04,-365.28
####,7/10/2026 17:16,12.81,27.14,-341.93
####,7/10/2026 17:31,13.19,27.16,-363.51
####,7/10/2026 17:46,14.47,27.16,-436.4
####,7/10/2026 18:01,15.6,27.04,-500.37
####,7/10/2026 18:16,15.81,26.84,-512.02
####,7/10/2026 18:31,15.81,26.65,-512.02
####,7/10/2026 18:46,15.82,26.45,-512.02
####,7/10/2026 19:01,15.82,26.33,-512.02
####,7/10/2026 19:16,15.83,26.18,-512.02
####,7/10/2026 19:31,15.83,26.04,-512.02
####,7/10/2026 19:46,14.62,25.82,-443.17
####,7/10/2026 20:01,15.84,25.62,-512.02
####,7/10/2026 20:16,15.85,25.45,-512.02
####,7/10/2026 20:31,15.85,25.26,-512.02
####,7/10/2026 20:46,14.09,25.11,-411.7
####,7/10/2026 21:01,15.86,24.99,-512.02
####,7/10/2026 21:16,15.86,24.9,-512.02
####,7/10/2026 21:31,12.87,24.85,-342.89
####,7/10/2026 21:46,15.86,24.92,-512.02
####,7/10/2026 22:01,15.86,24.9,-512.02
####,7/10/2026 22:16,15.86,25.09,-512.02
####,7/10/2026 22:31,14.69,25.36,-446.31
####,7/10/2026 22:46,14.64,25.48,-443.34
####,7/10/2026 23:01,13.73,25.6,-392.37
####,7/10/2026 23:16,14.19,25.79,-418.79
####,7/10/2026 23:31,12.93,25.96,-347.43
####,7/10/2026 23:46,15.83,26.11,-512.02
####,7/11/2026 0:01,15.82,26.28,-512.02
####,7/11/2026 0:16,15.82,26.38,-512.02
####,7/11/2026 0:31,15.43,26.43,-490.12
####,7/11/2026 0:46,15.82,26.45,-512.02
####,7/11/2026 1:01,15.82,26.45,-512.02
####,7/11/2026 1:16,15.82,26.43,-512.02
####,7/11/2026 1:31,15.82,26.38,-512.02
####,7/11/2026 1:46,15.82,26.33,-512.02
####,7/11/2026 2:01,15.82,26.26,-512.02
####,7/11/2026 2:16,14.47,26.21,-434.81
####,7/11/2026 2:31,15.83,26.16,-512.02
####,7/11/2026 2:46,15.83,26.11,-512.02
####,7/11/2026 3:01,15.83,26.06,-512.02
####,7/11/2026 3:16,15.83,26.01,-512.02
####,7/11/2026 3:31,15.83,25.99,-512.02
####,7/11/2026 3:46,15.83,25.96,-512.02
####,7/11/2026 4:01,15.83,25.94,-512.02
####,7/11/2026 4:16,15.83,25.89,-512.02
####,7/11/2026 4:31,15.84,25.87,-512.02
####,7/11/2026 4:46,15.84,25.74,-512.02
####,7/11/2026 5:01,15.84,25.72,-512.02
####,7/11/2026 5:16,15.84,25.87,-512.02
####,7/11/2026 5:31,15.84,25.79,-512.02
####,7/11/2026 5:46,15.84,25.77,-512.02
####,7/11/2026 6:01,15.84,25.72,-512.02
####,7/11/2026 6:16,15.84,25.65,-512.02
####,7/11/2026 6:31,15.84,25.57,-512.02
####,7/11/2026 6:46,15.85,25.48,-512.02
####,7/11/2026 7:01,15.85,25.4,-512.02
####,7/11/2026 7:16,15.85,25.31,-512.02
####,7/11/2026 7:31,15.85,25.28,-512.02
####,7/11/2026 7:46,15.86,25.19,-512.02
####,7/11/2026 8:01,15.86,25.06,-512.02
####,7/11/2026 8:16,15.86,24.9,-512.02
####,7/11/2026 8:31,13.91,24.73,-401.29
####,7/11/2026 8:46,14.14,24.63,-414.25
####,7/11/2026 9:01,15.11,24.58,-468.72
####,7/11/2026 9:16,14.87,24.53,-455.06
####,7/11/2026 9:31,14.61,24.53,-440.58
####,7/11/2026 9:46,15.87,24.56,-512.02
####,7/11/2026 10:01,15.35,24.58,-482.67
####,7/11/2026 10:16,14.82,24.75,-452.98
####,7/11/2026 10:31,15.14,24.92,-470.98
####,7/11/2026 10:46,15.62,24.9,-498.08
####,7/11/2026 11:01,15.15,24.99,-471.75
####,7/11/2026 11:16,15.24,25.19,-477.05
####,7/11/2026 11:31,14.97,25.43,-462.53
####,7/11/2026 11:46,15.29,25.55,-480.56
####,7/11/2026 12:01,15.68,25.65,-502.56
####,7/11/2026 12:16,15.84,25.74,-512.02
####,7/11/2026 12:31,15.71,25.84,-504.92
####,7/11/2026 12:46,15.83,25.99,-512.02
####,7/11/2026 13:01,15.83,26.08,-512.02
####,7/11/2026 13:16,15.83,26.18,-512.02
####,7/11/2026 13:31,14.26,26.28,-423.14
####,7/11/2026 13:46,15.82,26.35,-512.02
####,7/11/2026 14:01,12.54,26.43,-325.56
####,7/11/2026 14:16,13.83,26.5,-399.23
####,7/11/2026 14:31,15.81,26.57,-512.02
####,7/11/2026 14:46,15.81,26.62,-512.02
####,7/11/2026 15:01,15.81,26.67,-512.02
####,7/11/2026 15:16,15.81,26.72,-512.02
####,7/11/2026 15:31,15.81,26.79,-512.02
####,7/11/2026 15:46,15.81,26.82,-512.02
####,7/11/2026 16:01,15.81,26.87,-512.02
####,7/11/2026 16:16,15.8,26.94,-512.02
####,7/11/2026 16:31,15.8,27.01,-512.02
####,7/11/2026 16:46,15.8,26.94,-512.02
####,7/11/2026 17:01,15.81,26.74,-512.02
####,7/11/2026 17:16,15.81,26.7,-512.02
####,7/11/2026 17:31,15.81,26.7,-512.02
####,7/11/2026 17:46,15.81,26.7,-512.02
####,7/11/2026 18:01,15.81,26.74,-512.02
####,7/11/2026 18:16,15.81,26.79,-512.02
####,7/11/2026 18:31,15.81,26.77,-512.02
####,7/11/2026 18:46,15.81,26.77,-512.02
####,7/11/2026 19:01,15.81,26.67,-512.02
####,7/11/2026 19:16,15.69,26.5,-505.09
####,7/11/2026 19:31,14.54,26.3,-438.94
####,7/11/2026 19:46,15.83,26.16,-512.02
####,7/11/2026 20:01,15.83,26.04,-512.02
####,7/11/2026 20:16,15.51,25.87,-493.47
####,7/11/2026 20:31,15.16,25.74,-473.75
####,7/11/2026 20:46,14.07,25.6,-411.39
####,7/11/2026 21:01,15.85,25.45,-512.02
####,7/11/2026 21:16,15.85,25.31,-512.02
####,7/11/2026 21:31,15.86,25.14,-512.02
####,7/11/2026 21:46,15.86,24.97,-512.02
####,7/11/2026 22:01,15.87,24.82,-512.02
####,7/11/2026 22:16,13.66,24.63,-386.95
####,7/11/2026 22:31,13.55,24.53,-380.43
####,7/11/2026 22:46,12.81,24.58,-339.17
####,7/11/2026 23:01,12.5,24.51,-321.49
####,7/11/2026 23:16,12.7,24.7,-332.85
####,7/11/2026 23:31,13.32,24.92,-368.18
####,7/11/2026 23:46,12.68,25.06,-332.09
####,7/12/2026 0:01,12.75,25.16,-336.29
####,7/12/2026 0:16,12.92,25.28,-345.71
####,7/12/2026 0:31,12.71,25.38,-334.12
####,7/12/2026 0:46,13.28,25.53,-366.79
####,7/12/2026 1:01,13.15,25.65,-359.46
####,7/12/2026 1:16,12.54,25.72,-324.74
####,7/12/2026 1:31,12.77,25.74,-338.01
####,7/12/2026 1:46,12.51,25.77,-323.34
####,7/12/2026 2:01,12.28,25.74,-310.18
####,7/12/2026 2:16,11.68,25.72,-275.85
####,7/12/2026 2:31,11.95,25.7,-291.51
####,7/12/2026 2:46,13.31,25.65,-368.32
####,7/12/2026 3:01,15.46,25.6,-490.51
####,7/12/2026 3:16,15.84,25.55,-512.02
####,7/12/2026 3:31,15.85,25.5,-512.02
####,7/12/2026 3:46,15.77,25.48,-507.39
####,7/12/2026 4:01,15.38,25.43,-485.44
####,7/12/2026 4:16,15.04,25.4,-466.3
####,7/12/2026 4:31,15.85,25.38,-512.02
####,7/12/2026 4:46,15.85,25.36,-512.02
####,7/12/2026 5:01,14.49,25.33,-435.08
####,7/12/2026 5:16,15.85,25.31,-512.02
####,7/12/2026 5:31,15.85,25.28,-512.02
####,7/12/2026 5:46,15.85,25.26,-512.02
####,7/12/2026 6:01,15.86,25.16,-512.02
####,7/12/2026 6:16,15.86,25.16,-512.02
####,7/12/2026 6:31,15.86,25.16,-512.02
####,7/12/2026 6:46,15.86,25.09,-512.02
####,7/12/2026 7:01,15.86,24.99,-512.02
####,7/12/2026 7:16,15.86,24.97,-512.02
####,7/12/2026 7:31,15.86,24.92,-512.02
####,7/12/2026 7:46,15.87,24.85,-512.02
####,7/12/2026 8:01,15.87,24.75,-512.02
####,7/12/2026 8:16,15.87,24.68,-512.02
####,7/12/2026 8:31,15.87,24.63,-512.02
####,7/12/2026 8:46,15.31,24.6,-480.01
####,7/12/2026 9:01,15.87,24.53,-512.02
####,7/12/2026 9:16,14.43,24.41,-430.03
####,7/12/2026 9:31,15.88,24.29,-512.02
####,7/12/2026 9:46,15.88,24.22,-512.02
####,7/12/2026 10:01,15.89,24.19,-512.02
####,7/12/2026 10:16,15.89,24.17,-512.02
####,7/12/2026 10:31,15.89,24.17,-512.02
####,7/12/2026 10:46,15.89,24.19,-512.02
####,7/12/2026 11:01,15.89,24.19,-512.02
####,7/12/2026 11:16,15.88,24.34,-512.02
####,7/12/2026 11:31,15.87,24.56,-512.02
####,7/12/2026 11:46,15.88,24.48,-512.02
####,7/12/2026 12:01,15.87,24.53,-512.02
####,7/12/2026 12:16,15.87,24.68,-512.02
####,7/12/2026 12:31,15.86,24.97,-512.02
####,7/12/2026 12:46,15.86,25.06,-512.02
####,7/12/2026 13:01,15.86,25.14,-512.02
####,7/12/2026 13:16,15.85,25.23,-512.02
####,7/12/2026 13:31,15.85,25.33,-512.02
####,7/12/2026 13:46,15.85,25.45,-512.02
####,7/12/2026 14:01,15.84,25.57,-512.02
####,7/12/2026 14:16,15.84,25.67,-512.02
####,7/12/2026 14:31,15.84,25.77,-512.02
####,7/12/2026 14:46,15.84,25.84,-512.02
####,7/12/2026 15:01,15.83,25.91,-512.02
####,7/12/2026 15:16,15.83,25.96,-512.02
####,7/12/2026 15:31,15.83,26.01,-512.02
####,7/12/2026 15:46,15.83,26.08,-512.02
####,7/12/2026 16:01,15.83,26.16,-512.02
####,7/12/2026 16:16,15.83,26.21,-512.02
####,7/12/2026 16:31,15.82,26.23,-512.02
####,7/12/2026 16:46,15.82,26.26,-512.02
####,7/12/2026 17:01,15.82,26.28,-512.02
####,7/12/2026 17:16,15.82,26.3,-512.02
####,7/12/2026 17:31,15.82,26.38,-512.02
####,7/12/2026 17:46,15.82,26.3,-512.02
####,7/12/2026 18:01,15.83,26.21,-512.02
####,7/12/2026 18:16,15.83,26.11,-512.02
####,7/12/2026 18:31,15.83,26.06,-512.02
####,7/12/2026 18:46,15.83,26.01,-512.02
####,7/12/2026 19:01,15.83,25.99,-512.02
####,7/12/2026 19:16,15.83,25.96,-512.02
####,7/12/2026 19:31,15.83,25.94,-512.02
####,7/12/2026 19:46,15.83,25.89,-512.02
####,7/12/2026 20:01,15.84,25.84,-512.02
####,7/12/2026 20:16,15.84,25.72,-512.02
####,7/12/2026 20:31,15.84,25.57,-512.02
####,7/12/2026 20:46,15.85,25.48,-512.02
####,7/12/2026 21:01,15.85,25.38,-512.02
####,7/12/2026 21:16,15.66,25.26,-501.08
####,7/12/2026 21:31,15.86,25.16,-512.02
####,7/12/2026 21:46,15.86,25.06,-512.02
####,7/12/2026 22:01,15.86,24.94,-512.02
####,7/12/2026 22:16,15.87,24.82,-512.02
####,7/12/2026 22:31,15.87,24.68,-512.02
####,7/12/2026 22:46,15.88,24.51,-512.02
####,7/12/2026 23:01,11.82,24.36,-282.65
####,7/12/2026 23:16,15.88,24.32,-512.02
####,7/12/2026 23:31,15.88,24.22,-512.02
####,7/12/2026 23:46,15.88,24.24,-512.02
####,7/13/2026 0:01,15.89,24.05,-512.02
####,7/13/2026 0:16,15.56,24.17,-493.47
####,7/13/2026 0:31,15.88,24.29,-512.02
####,7/13/2026 0:46,15.55,24.44,-493.78
####,7/13/2026 1:01,13.44,24.53,-374.64
####,7/13/2026 1:16,15.05,24.6,-465.5
####,7/13/2026 1:31,14.24,24.65,-419.84
####,7/13/2026 1:46,15.87,24.75,-512.02
####,7/13/2026 2:01,15.87,24.85,-512.02
####,7/13/2026 2:16,15.86,24.9,-512.02
####,7/13/2026 2:31,15.86,24.92,-512.02
####,7/13/2026 2:46,15.86,24.94,-512.02
####,7/13/2026 3:01,15.86,24.92,-512.02
####,7/13/2026 3:16,15.86,24.9,-512.02
####,7/13/2026 3:31,15.86,24.87,-512.02
####,7/13/2026 3:46,15.87,24.85,-512.02
####,7/13/2026 4:01,15.87,24.82,-512.02
####,7/13/2026 4:16,15.71,24.8,-503.02
####,7/13/2026 4:31,15.83,24.75,-509.62
####,7/13/2026 4:46,11.69,24.75,-276.04
####,7/13/2026 5:01,15.27,24.73,-478.16
####,7/13/2026 5:16,15.87,24.7,-512.02
####,7/13/2026 5:31,14.35,24.7,-426.08
####,7/13/2026 5:46,15.87,24.68,-512.02
####,7/13/2026 6:01,15.87,24.68,-512.02
####,7/13/2026 6:16,15.87,24.68,-512.02
####,7/13/2026 6:31,15.87,24.68,-512.02
####,7/13/2026 6:46,15.87,24.65,-512.02
####,7/13/2026 7:01,15.87,24.68,-512.02
####,7/13/2026 7:16,15.87,24.63,-512.02
####,7/13/2026 7:31,15.87,24.65,-512.02
####,7/13/2026 7:46,15.87,24.53,-512.02
####,7/13/2026 8:01,15.88,24.51,-512.02
####,7/13/2026 8:16,15.88,24.46,-512.02
####,7/13/2026 8:31,15.88,24.41,-512.02
####,7/13/2026 8:46,15.88,24.36,-512.02
####,7/13/2026 9:01,15.88,24.22,-512.02
####,7/13/2026 9:16,15.89,24.19,-512.02
####,7/13/2026 9:31,15.89,24.17,-512.02
####,7/13/2026 9:46,15.89,24.12,-512.02
####,7/13/2026 10:01,15.89,24.07,-512.02
####,7/13/2026 10:16,15.89,24,-512.02
####,7/13/2026 10:31,15.89,23.95,-512.02
####,7/13/2026 10:46,14.5,23.91,-433.36
####,7/13/2026 11:01,12.55,23.88,-323.73
####,7/13/2026 11:16,15.89,23.91,-512.02
####,7/13/2026 11:31,15.89,23.91,-512.02
####,7/13/2026 11:46,15.89,23.93,-512.02
####,7/13/2026 12:01,15.89,23.95,-512.02
####,7/13/2026 12:16,15.89,24,-512.02
####,7/13/2026 12:31,15.88,24.32,-512.02
####,7/13/2026 12:46,15.88,24.22,-512.02
####,7/13/2026 13:01,15.88,24.27,-512.02
####,7/13/2026 13:16,15.88,24.46,-512.02
####,7/13/2026 13:31,15.87,24.53,-512.02
####,7/13/2026 13:46,15.87,24.63,-512.02
####,7/13/2026 14:01,15.87,24.68,-512.02
####,7/13/2026 14:16,15.87,24.7,-512.02
####,7/13/2026 14:31,15.87,24.8,-512.02
####,7/13/2026 14:46,15.86,24.92,-512.02
####,7/13/2026 15:01,15.86,25.04,-512.02
####,7/13/2026 15:16,15.86,25.14,-512.02
####,7/13/2026 15:31,15.85,25.23,-512.02
####,7/13/2026 15:46,15.85,25.31,-512.02
####,7/13/2026 16:01,15.85,25.4,-512.02
####,7/13/2026 16:16,15.85,25.48,-512.02
####,7/13/2026 16:31,15.85,25.53,-512.02
####,7/13/2026 16:46,15.84,25.6,-512.02
####,7/13/2026 17:01,15.84,25.62,-512.02
####,7/13/2026 17:16,15.84,25.65,-512.02
####,7/13/2026 17:31,15.84,25.67,-512.02
####,7/13/2026 17:46,15.84,25.7,-512.02
####,7/13/2026 18:01,15.84,25.74,-512.02
####,7/13/2026 18:16,15.84,25.77,-512.02
####,7/13/2026 18:31,15.84,25.77,-512.02
####,7/13/2026 18:46,15.84,25.74,-512.02
####,7/13/2026 19:01,15.84,25.7,-512.02
####,7/13/2026 19:16,15.84,25.62,-512.02
####,7/13/2026 19:31,15.84,25.6,-512.02
####,7/13/2026 19:46,15.84,25.57,-512.02
####,7/13/2026 20:01,15.85,25.53,-512.02
####,7/13/2026 20:16,15.85,25.43,-512.02
####,7/13/2026 20:31,15.85,25.38,-512.02
####,7/13/2026 20:46,15.85,25.36,-512.02
####,7/13/2026 21:01,15.85,25.31,-512.02
####,7/13/2026 21:16,15.85,25.26,-512.02
####,7/13/2026 21:31,15.86,25.19,-512.02
####,7/13/2026 21:46,15.86,25.11,-512.02
####,7/13/2026 22:01,15.86,25.04,-512.02
####,7/13/2026 22:16,15.86,24.97,-512.02
####,7/13/2026 22:31,15.86,24.87,-512.02
####,7/13/2026 22:46,15.87,24.77,-512.02
####,7/13/2026 23:01,15.87,24.68,-512.02
####,7/13/2026 23:16,13.84,24.56,-397.04
####,7/13/2026 23:31,15.88,24.36,-512.02
####,7/13/2026 23:46,13.69,24.22,-388.42
####,7/14/2026 0:01,15.89,24.05,-512.02
####,7/14/2026 0:16,15.89,23.95,-512.02
####,7/14/2026 0:31,15.9,23.74,-512.02
####,7/14/2026 0:46,15.9,23.83,-512.02
####,7/14/2026 1:01,15.91,23.5,-512.02
####,7/14/2026 1:16,15.9,23.66,-512.02
####,7/14/2026 1:31,15.9,23.79,-512.02
####,7/14/2026 1:46,15.89,23.93,-512.02
####,7/14/2026 2:01,15.89,24.03,-512.02
####,7/14/2026 2:16,15.89,24.17,-512.02
####,7/14/2026 2:31,15.88,24.24,-512.02
####,7/14/2026 2:46,15.88,24.34,-512.02
####,7/14/2026 3:01,15.88,24.41,-512.02
####,7/14/2026 3:16,15.88,24.48,-512.02
####,7/14/2026 3:31,15.88,24.51,-512.02
####,7/14/2026 3:46,15.87,24.53,-512.02
####,7/14/2026 4:01,15.87,24.53,-512.02
####,7/14/2026 4:16,15.87,24.53,-512.02
####,7/14/2026 4:31,14.2,24.51,-417.2
####,7/14/2026 4:46,15.88,24.51,-512.02
####,7/14/2026 5:01,15.88,24.48,-512.02
####,7/14/2026 5:16,15.88,24.48,-512.02
####,7/14/2026 5:31,15.88,24.48,-512.02
####,7/14/2026 5:46,15.88,24.46,-512.02
####,7/14/2026 6:01,15.88,24.46,-512.02
####,7/14/2026 6:16,15.88,24.46,-512.02
####,7/14/2026 6:31,15.88,24.48,-512.02
####,7/14/2026 6:46,15.88,24.51,-512.02
####,7/14/2026 7:01,15.88,24.51,-512.02
####,7/14/2026 7:16,15.87,24.53,-512.02
####,7/14/2026 7:31,15.87,24.58,-512.02
####,7/14/2026 7:46,15.87,24.63,-512.02
####,7/14/2026 8:01,15.87,24.65,-512.02
####,7/14/2026 8:16,15.87,24.68,-512.02
####,7/14/2026 8:31,15.87,24.7,-512.02
####,7/14/2026 8:46,15.87,24.56,-512.02
####,7/14/2026 9:01,15.88,24.51,-512.02
####,7/14/2026 9:16,15.88,24.46,-512.02
####,7/14/2026 9:31,15.88,24.46,-512.02
####,7/14/2026 9:46,15.88,24.41,-512.02
####,7/14/2026 10:01,15.88,24.27,-512.02
####,7/14/2026 10:16,15.88,24.22,-512.02
####,7/14/2026 10:31,15.89,24.17,-512.02
####,7/14/2026 10:46,15.89,24.07,-512.02
####,7/14/2026 11:01,15.83,24,-508.8
####,7/14/2026 11:16,15.89,23.95,-512.02
####,7/14/2026 11:31,15.89,23.88,-512.02
####,7/14/2026 11:46,15.9,23.86,-512.02
####,7/14/2026 12:01,9.82,23.81,-169.29
####,7/14/2026 12:16,8.74,23.76,-108.46
####,7/14/2026 12:31,8.12,23.71,-73.64
####,7/14/2026 12:46,8.7,23.71,-106.47
####,7/14/2026 13:01,8.32,23.71,-85.13
####,7/14/2026 13:16,8.33,23.79,-85.83
####,7/14/2026 13:31,8.25,23.93,-80.85
####,7/14/2026 13:46,8.16,24,-75.88
####,7/14/2026 14:01,8.3,24.07,-83.82
####,7/14/2026 14:16,7.92,24.12,-62.47
####,7/14/2026 14:31,8.28,24.22,-82.91
####,7/14/2026 14:46,8.31,24.29,-84.8
####,7/14/2026 15:01,8.41,24.36,-90.17
####,7/14/2026 15:16,8.04,24.41,-69.35
####,7/14/2026 15:31,8.96,24.48,-121.24
####,7/14/2026 15:46,8.73,24.56,-108.39
####,7/14/2026 16:01,9.1,24.65,-129.36
####,7/14/2026 16:16,9.69,24.73,-162.82
####,7/14/2026 16:31,9.35,24.8,-143.74
####,7/14/2026 16:46,13.39,24.87,-371.84
####,7/14/2026 17:01,11.61,24.92,-271.41
####,7/14/2026 17:16,10.83,24.97,-227.57
####,7/14/2026 17:31,15.86,24.99,-512.02
####,7/14/2026 17:46,14.76,25.02,-449.51
####,7/14/2026 18:01,14.67,25.04,-444.94
####,7/14/2026 18:16,15.86,25.06,-512.02
####,7/14/2026 18:31,15.86,25.11,-512.02
####,7/14/2026 18:46,15.86,25.14,-512.02
####,7/14/2026 19:01,15.86,25.14,-512.02
####,7/14/2026 19:16,15.86,25.14,-512.02
####,7/14/2026 19:31,15.86,25.14,-512.02
####,7/14/2026 19:46,15.86,25.14,-512.02
####,7/14/2026 20:01,15.86,25.09,-512.02
####,7/14/2026 20:16,15.86,25.09,-512.02
####,7/14/2026 20:31,15.86,25.06,-512.02
####,7/14/2026 20:46,15.86,25.02,-512.02
####,7/14/2026 21:01,15.86,24.99,-512.02
####,7/14/2026 21:16,15.86,24.9,-512.02
####,7/14/2026 21:31,15.87,24.8,-512.02
####,7/14/2026 21:46,15.87,24.75,-512.02
####,7/14/2026 22:01,15.87,24.7,-512.02
####,7/14/2026 22:16,15.87,24.63,-512.02
####,7/14/2026 22:31,15.87,24.53,-512.02
####,7/14/2026 22:46,15.88,24.39,-512.02
####,7/14/2026 23:01,10.78,24.27,-223.8
####,7/14/2026 23:16,15.89,24.12,-512.02
####,7/14/2026 23:31,13.37,23.98,-369.84
####,7/14/2026 23:46,9.88,23.79,-172.8
####,7/15/2026 0:01,15.9,23.57,-512.02
####,7/15/2026 0:16,15.91,23.26,-512.02
####,7/15/2026 0:31,15.92,22.97,-512.02
####,7/15/2026 0:46,15.93,22.73,-512.02
####,7/15/2026 1:01,7.87,22.42,-59.58
####,7/15/2026 1:16,10.64,22.2,-214.87
####,7/15/2026 1:31,9.04,21.84,-124.82
####,7/15/2026 1:46,10.06,21.7,-181.79
####,7/15/2026 2:01,8.41,21.68,-89.49
####,7/15/2026 2:16,12.98,21.7,-345.14
####,7/15/2026 2:31,14.07,21.99,-406.89
####,7/15/2026 2:46,12.04,22.42,-293.09
####,7/15/2026 3:01,13.61,22.56,-381.39
####,7/15/2026 3:16,12.31,22.8,-308.92
####,7/15/2026 3:31,11.95,23.09,-289.13
####,7/15/2026 3:46,11.95,23.38,-289.27
####,7/15/2026 4:01,11.04,23.66,-238.24
####,7/15/2026 4:16,11.86,23.88,-284.41
####,7/15/2026 4:31,11.61,24.03,-270.7
####,7/15/2026 4:46,11.11,24.15,-242.35
####,7/15/2026 5:01,12.57,24.24,-325.03
####,7/15/2026 5:16,9.76,24.32,-166.26
####,7/15/2026 5:31,8.66,24.36,-104.28
####,7/15/2026 5:46,13.81,24.41,-394.98
####,7/15/2026 6:01,14.4,24.44,-428.65
####,7/15/2026 6:16,10.68,24.48,-218.23
####,7/15/2026 6:31,10.78,24.48,-224.41
####,7/15/2026 6:46,7.01,24.53,-11.06
####,7/15/2026 7:01,6.97,24.56,-8.66
####,7/15/2026 7:16,6.89,24.58,-4.67
####,7/15/2026 7:31,6.88,24.6,-4
####,7/15/2026 7:46,15.87,24.63,-512.02
####,7/15/2026 8:01,15.87,24.63,-512.02
####,7/15/2026 8:16,15.87,24.65,-512.02
####,7/15/2026 8:31,15.87,24.65,-512.02
####,7/15/2026 8:46,15.87,24.7,-512.02
####,7/15/2026 9:01,15.87,24.73,-512.02
####,7/15/2026 9:16,15.87,24.73,-512.02
####,7/15/2026 9:31,15.87,24.7,-512.02
####,7/15/2026 9:46,15.87,24.63,-512.02
####,7/15/2026 10:01,15.87,24.58,-512.02
####,7/15/2026 10:16,15.87,24.53,-512.02
####,7/15/2026 10:31,15.88,24.48,-512.02
####,7/15/2026 10:46,15.88,24.41,-512.02
####,7/15/2026 11:01,15.88,24.29,-512.02
####,7/15/2026 11:16,15.88,24.22,-512.02
####,7/15/2026 11:31,15.89,24.07,-512.02
####,7/15/2026 11:46,15.24,23.86,-474.89
####,7/15/2026 12:01,10.6,23.66,-213.23
####,7/15/2026 12:16,12.78,23.47,-335.93
####,7/15/2026 12:31,15.91,23.3,-512.02
####,7/15/2026 12:46,15.26,23.14,-475.06
####,7/15/2026 13:01,15.92,22.97,-512.02
####,7/15/2026 13:16,15.93,22.82,-512.02
####,7/15/2026 13:31,15.93,22.68,-512.02
####,7/15/2026 13:46,15.93,22.58,-512.02
####,7/15/2026 14:01,15.86,22.56,-507.8
####,7/15/2026 14:16,15.45,22.61,-484.98
####,7/15/2026 14:31,14.65,22.8,-440.2
####,7/15/2026 14:46,14.69,23.11,-443.15
####,7/15/2026 15:01,14.8,23.4,-449.7
####,7/15/2026 15:16,14.17,23.45,-414.26
####,7/15/2026 15:31,13.6,23.57,-382.12
####,7/15/2026 15:46,12.73,23.71,-333.68
####,7/15/2026 16:01,13.34,23.86,-367.98
####,7/15/2026 16:16,13.34,24,-368.21
####,7/15/2026 16:31,13.99,24.12,-404.75
####,7/15/2026 16:46,14.51,24.22,-434.58
####,7/15/2026 17:01,14.12,24.29,-412.53
####,7/15/2026 17:16,15.88,24.36,-512.02
####,7/15/2026 17:31,15.88,24.41,-512.02
####,7/15/2026 17:46,15.88,24.46,-512.02
####,7/15/2026 18:01,15.88,24.51,-512.02
####,7/15/2026 18:16,15.87,24.56,-512.02
####,7/15/2026 18:31,15.87,24.58,-512.02
####,7/15/2026 18:46,15.87,24.58,-512.02
####,7/15/2026 19:01,15.87,24.6,-512.02
####,7/15/2026 19:16,15.87,24.6,-512.02
####,7/15/2026 19:31,15.87,24.58,-512.02
####,7/15/2026 19:46,15.87,24.58,-512.02
####,7/15/2026 20:01,15.87,24.56,-512.02
####,7/15/2026 20:16,15.87,24.53,-512.02
####,7/15/2026 20:31,15.88,24.51,-512.02
####,7/15/2026 20:46,15.88,24.34,-512.02
####,7/15/2026 21:01,15.88,24.36,-512.02
####,7/15/2026 21:16,15.88,24.41,-512.02
####,7/15/2026 21:31,15.88,24.39,-512.02
####,7/15/2026 21:46,15.88,24.32,-512.02
####,7/15/2026 22:01,15.89,24.17,-512.02
####,7/15/2026 22:16,15.89,23.93,-512.02
####,7/15/2026 22:31,15.9,23.74,-512.02
####,7/15/2026 22:46,15.91,23.52,-512.02
####,7/15/2026 23:01,15.91,23.38,-512.02
####,7/15/2026 23:16,15.92,23.18,-512.02
####,7/15/2026 23:31,11.76,22.9,-278.04
####,7/15/2026 23:46,15.93,22.61,-512.02
####,7/16/2026 0:01,15.94,22.37,-512.02
####,7/16/2026 0:16,10.02,22.15,-179.72
####,7/16/2026 0:31,15.95,21.99,-512.02
####,7/16/2026 0:46,15.96,21.75,-512.02
####,7/16/2026 1:01,14.63,21.49,-437.47
####,7/16/2026 1:16,8,21.1,-66.36
####,7/16/2026 1:31,7.51,20.79,-39.34
####,7/16/2026 1:46,7.53,20.53,-40.22
####,7/16/2026 2:01,7.58,20.15,-42.7
####,7/16/2026 2:16,7.6,19.79,-44.13
####,7/16/2026 2:31,7.61,19.53,-44.25
####,7/16/2026 2:46,7.56,19.51,-41.56
####,7/16/2026 3:01,7.62,19.41,-45.14
####,7/16/2026 3:16,7.62,19.65,-44.94
####,7/16/2026 3:31,7.57,20.03,-42.52
####,7/16/2026 3:46,7.55,20.29,-41.05
####,7/16/2026 4:01,7.52,20.46,-39.74
####,7/16/2026 4:16,7.47,20.72,-37.09
####,7/16/2026 4:31,7.42,21.01,-34.02
####,7/16/2026 4:46,7.36,21.29,-30.67
####,7/16/2026 5:01,7.3,21.53,-27.49
####,7/16/2026 5:16,7.25,21.75,-24.39
####,7/16/2026 5:31,7.2,21.94,-21.58
####,7/16/2026 5:46,7.14,22.11,-18.67
####,7/16/2026 6:01,7.1,22.25,-16.03
####,7/16/2026 6:16,7.05,22.37,-13.56
####,7/16/2026 6:31,7.02,22.47,-11.63
####,7/16/2026 6:46,6.99,22.54,-10
####,7/16/2026 7:01,6.96,22.63,-8.61
####,7/16/2026 7:16,6.95,22.68,-7.73
####,7/16/2026 7:31,6.93,22.75,-6.94
####,7/16/2026 7:46,6.92,22.82,-6.28
####,7/16/2026 8:01,6.92,22.87,-5.97
####,7/16/2026 8:16,6.91,22.94,-5.67
####,7/16/2026 8:31,6.91,23.04,-5.42
####,7/16/2026 8:46,6.91,23.14,-5.38
####,7/16/2026 9:01,6.89,23.21,-4.72
####,7/16/2026 9:16,7.9,23.33,-61.14
####,7/16/2026 9:31,8.98,23.42,-121.89
####,7/16/2026 9:46,11.21,23.54,-247.85
####,7/16/2026 10:01,10.32,23.79,-197.65
####,7/16/2026 10:16,9.23,23.64,-136.11
####,7/16/2026 10:31,6.92,23.35,-6.19
####,7/16/2026 10:46,6.91,23.3,-5.7
####,7/16/2026 11:01,6.92,23.28,-6.23
####,7/16/2026 11:16,6.94,23.35,-7.17
####,7/16/2026 11:31,6.97,23.38,-9.11
####,7/16/2026 11:46,7,23.21,-10.89
####,7/16/2026 12:01,7.03,23.16,-12.47
####,7/16/2026 12:16,7.69,22.9,-49.33
####,7/16/2026 12:31,9.05,22.54,-125.47
####,7/16/2026 12:46,8.63,22.35,-102.17
####,7/16/2026 13:01,9,22.23,-122.47
####,7/16/2026 13:16,7.7,22.08,-49.95
####,7/16/2026 13:31,7.55,21.91,-41.6
####,7/16/2026 13:46,8.17,21.75,-76.17
####,7/16/2026 14:01,7.78,21.58,-54.17
####,7/16/2026 14:16,7.56,21.44,-41.86
####,7/16/2026 14:31,7.34,21.37,-29.42
####,7/16/2026 14:46,7.34,21.32,-29.7
####,7/16/2026 15:01,7.33,21.29,-28.81
####,7/16/2026 15:16,7.35,21.32,-30.34
####,7/16/2026 15:31,7.4,21.29,-32.8
####,7/16/2026 15:46,7.38,21.77,-31.74
####,7/16/2026 16:01,7.36,22.13,-30.67
####,7/16/2026 16:16,7.33,22.18,-28.97
####,7/16/2026 16:31,7.3,22.42,-27.5
####,7/16/2026 16:46,7.26,22.61,-25.3
####,7/16/2026 17:01,7.22,22.78,-22.99
####,7/16/2026 17:16,7.17,22.94,-20.09
####,7/16/2026 17:31,7.12,23.14,-17.52
####,7/16/2026 17:46,7.09,23.3,-15.89
####,7/16/2026 18:01,7.65,23.45,-47.38
####,7/16/2026 18:16,7.83,23.57,-57.35
####,7/16/2026 18:31,8.36,23.64,-87.11
####,7/16/2026 18:46,9.04,23.71,-125.5
####,7/16/2026 19:01,8.58,23.81,-99.64
####,7/16/2026 19:16,8.87,23.86,-116.22
####,7/16/2026 19:31,10.64,23.91,-215.8
####,7/16/2026 19:46,15.89,23.93,-512.02
####,7/16/2026 20:01,10.53,23.95,-209.77
####,7/16/2026 20:16,15.89,23.95,-512.02
####,7/16/2026 20:31,15.05,23.95,-464.47
####,7/16/2026 20:46,15.89,23.95,-512.02
####,7/16/2026 21:01,12.24,23.93,-306.2
####,7/16/2026 21:16,12.68,23.93,-330.81
####,7/16/2026 21:31,11.79,23.91,-280.56
####,7/16/2026 21:46,12.16,23.83,-301.48
####,7/16/2026 22:01,12.23,23.83,-305.56
####,7/16/2026 22:16,11.81,23.88,-281.99
####,7/16/2026 22:31,10.64,23.86,-215.66
####,7/16/2026 22:46,9.5,23.81,-151.38
####,7/16/2026 23:01,9,23.66,-123.47
####,7/16/2026 23:16,8.65,23.4,-103.33
####,7/16/2026 23:31,8.57,23.18,-98.78
####,7/16/2026 23:46,12.75,22.94,-334.01
####,7/17/2026 0:01,8.71,22.78,-106.78
####,7/17/2026 0:16,8.91,22.58,-117.63
####,7/17/2026 0:31,8.79,22.3,-111.18
####,7/17/2026 0:46,11.03,21.99,-236.3
####,7/17/2026 1:01,13.99,21.75,-402.07
####,7/17/2026 1:16,12.49,21.56,-317.73
####,7/17/2026 1:31,10.19,21.41,-189.04
####,7/17/2026 1:46,10.89,21.27,-227.96
####,7/17/2026 2:01,13.39,21.2,-367.34
####,7/17/2026 2:16,8.97,21.06,-120.77
####,7/17/2026 2:31,8.66,20.86,-103.38
####,7/17/2026 2:46,7.7,20.67,-49.67
####,7/17/2026 3:01,8.21,20.56,-78.13
####,7/17/2026 3:16,7.78,20.48,-54.19
####,7/17/2026 3:31,8.94,20.44,-118.91
####,7/17/2026 3:46,8.58,20.41,-98.77
####,7/17/2026 4:01,8.5,20.36,-94.38
####,7/17/2026 4:16,8.23,20.46,-78.94
####,7/17/2026 4:31,7.94,20.67,-63.05
####,7/17/2026 4:46,8.09,20.77,-71.58
####,7/17/2026 5:01,8.42,20.89,-89.64
####,7/17/2026 5:16,8.44,20.98,-91.22
####,7/17/2026 5:31,8.16,21.08,-75.38
####,7/17/2026 5:46,8.38,21.25,-87.77
####,7/17/2026 6:01,8.28,21.44,-82.32
####,7/17/2026 6:16,8.35,21.6,-86.13
####,7/17/2026 6:31,7.93,21.8,-62.53
####,7/17/2026 6:46,8.33,21.94,-84.94
####,7/17/2026 7:01,8.55,22.06,-97.58
####,7/17/2026 7:16,8.77,22.15,-109.6
####,7/17/2026 7:31,8.87,22.23,-115.5
####,7/17/2026 7:46,8.99,22.3,-122
####,7/17/2026 8:01,8.94,22.35,-119.58
####,7/17/2026 8:16,7.93,22.42,-62.6
####,7/17/2026 8:31,8.67,22.49,-104.24
####,7/17/2026 8:46,9.19,22.56,-133.5
####,7/17/2026 9:01,8.62,22.63,-101.66
####,7/17/2026 9:16,8.65,22.73,-103.53
####,7/17/2026 9:31,12.56,22.82,-322.85
####,7/17/2026 9:46,11.22,22.92,-248.02
####,7/17/2026 10:01,15.92,22.99,-512.02
####,7/17/2026 10:16,15.92,23.09,-512.02
####,7/17/2026 10:31,15.91,23.26,-512.02
####,7/17/2026 10:46,15.91,23.5,-512.02
####,7/17/2026 11:01,15.9,23.54,-512.02
####,7/17/2026 11:16,15.91,23.23,-512.02
####,7/17/2026 11:31,13.97,22.99,-402.57
####,7/17/2026 11:46,15.86,22.97,-508.42
####,7/17/2026 12:01,15.49,22.94,-487.95
####,7/17/2026 12:16,15.88,23.02,-509.91
####,7/17/2026 12:31,10.4,22.82,-201.6
####,7/17/2026 12:46,9.71,22.75,-162.61
####,7/17/2026 13:01,10.13,22.66,-186.6
####,7/17/2026 13:16,11.8,22.35,-280.07
####,7/17/2026 13:31,10.8,22.11,-223.79
####,7/17/2026 13:46,10.3,21.99,-195.46
####,7/17/2026 14:01,9.26,21.89,-136.96
####,7/17/2026 14:16,9.47,21.8,-148.66
####,7/17/2026 14:31,10.93,21.68,-230.27
####,7/17/2026 14:46,11.51,21.58,-263.07
####,7/17/2026 15:01,10.02,21.49,-179.29
####,7/17/2026 15:16,9.31,21.41,-139.64
####,7/17/2026 15:31,9.9,21.34,-172.88
####,7/17/2026 15:46,9.19,21.34,-133.18
####,7/17/2026 16:01,9.78,21.39,-165.76
####,7/17/2026 16:16,9.94,21.44,-174.94
####,7/17/2026 16:31,10.07,21.8,-182.46
####,7/17/2026 16:46,10.4,22.08,-201.3
####,7/17/2026 17:01,10.04,22.15,-180.74
####,7/17/2026 17:16,10.27,22.25,-193.88
####,7/17/2026 17:31,9.86,22.35,-170.79
####,7/17/2026 17:46,9.27,22.47,-138.16
####,7/17/2026 18:01,9.44,22.58,-147.66
####,7/17/2026 18:16,9.59,22.73,-155.85
####,7/17/2026 18:31,9.3,22.87,-139.68
####,7/17/2026 18:46,9.51,22.99,-151.94
####,7/17/2026 19:01,10.02,23.11,-180.71
####,7/17/2026 19:16,9.42,23.18,-146.96
####,7/17/2026 19:31,7.44,23.26,-35.52
####,7/17/2026 19:46,10.6,23.3,-213.01
####,7/17/2026 20:01,11.87,23.35,-284.48
####,7/17/2026 20:16,12.62,23.4,-326.96
####,7/17/2026 20:31,11.87,23.42,-284.82
####,7/17/2026 20:46,13.29,23.45,-364.64
####,7/17/2026 21:01,15.91,23.45,-512.02
####,7/17/2026 21:16,15.91,23.45,-512.02
####,7/17/2026 21:31,15.91,23.47,-512.02
####,7/17/2026 21:46,15.91,23.47,-512.02
####,7/17/2026 22:01,15.91,23.45,-512.02
####,7/17/2026 22:16,15.91,23.45,-512.02
####,7/17/2026 22:31,15.91,23.35,-512.02
####,7/17/2026 22:46,15.91,23.35,-512.02
####,7/17/2026 23:01,15.91,23.33,-512.02
####,7/17/2026 23:16,15.91,23.35,-512.02
####,7/17/2026 23:31,15.91,23.3,-512.02
####,7/17/2026 23:46,15.91,23.21,-512.02
####,7/18/2026 0:01,15.92,23.02,-512.02
####,7/18/2026 0:16,15.93,22.78,-512.02
####,7/18/2026 0:31,14.58,22.56,-435.76
####,7/18/2026 0:46,15.1,22.37,-464.98
####,7/18/2026 1:01,13.86,22.25,-395.22
####,7/18/2026 1:16,10.13,22.13,-185.91
####,7/18/2026 1:31,12.68,21.91,-328.51
####,7/18/2026 1:46,13.6,21.7,-380.14
####,7/18/2026 2:01,12.2,21.53,-301.27
####,7/18/2026 2:16,14.09,21.39,-406.95
####,7/18/2026 2:31,12.7,21.27,-329.35
####,7/18/2026 2:46,13,21.17,-345.65
####,7/18/2026 3:01,13.21,21.1,-357.59
####,7/18/2026 3:16,14.23,21.06,-414.29
####,7/18/2026 3:31,13.49,20.96,-373.06
####,7/18/2026 3:46,14.05,20.89,-404.11
####,7/18/2026 4:01,12.4,20.79,-311.9
####,7/18/2026 4:16,13.89,20.77,-394.92
####,7/18/2026 4:31,13.77,20.75,-388.43
####,7/18/2026 4:46,14.07,20.75,-404.82
####,7/18/2026 5:01,14.47,20.89,-427.33
####,7/18/2026 5:16,12.91,20.98,-340.45
####,7/18/2026 5:31,12.5,21.01,-317.6
####,7/18/2026 5:46,12.77,21.08,-332.89
####,7/18/2026 6:01,12.39,21.15,-311.92
####,7/18/2026 6:16,11.79,21.29,-278.09
####,7/18/2026 6:31,12.19,21.41,-300.7
####,7/18/2026 6:46,8.33,21.58,-85.19
####,7/18/2026 7:01,7.15,21.7,-19.3
####,7/18/2026 7:16,11.67,21.82,-271.99
####,7/18/2026 7:31,10.19,21.89,-189.43
####,7/18/2026 7:46,11.34,21.96,-253.45
####,7/18/2026 8:01,11.84,22.03,-281.98
####,7/18/2026 8:16,13.14,22.11,-354.73
####,7/18/2026 8:31,12.05,22.15,-293.87
####,7/18/2026 8:46,7.78,22.23,-54.27
####,7/18/2026 9:01,12.7,22.3,-330.32
####,7/18/2026 9:16,12.65,22.37,-327.43
####,7/18/2026 9:31,14.89,22.44,-453.39
####,7/18/2026 9:46,15.94,22.51,-512.02
####,7/18/2026 10:01,15.93,22.58,-512.02
####,7/18/2026 10:16,15.93,22.7,-512.02
####,7/18/2026 10:31,15.93,22.78,-512.02
####,7/18/2026 10:46,15.92,22.92,-512.02
####,7/18/2026 11:01,15.92,22.99,-512.02
####,7/18/2026 11:16,15.92,23.11,-512.02
####,7/18/2026 11:31,15.91,23.4,-512.02
####,7/18/2026 11:46,15.91,23.23,-512.02
####,7/18/2026 12:01,15.92,22.87,-512.02
####,7/18/2026 12:16,15.93,22.75,-512.02
####,7/18/2026 12:31,15.93,22.73,-512.02
####,7/18/2026 12:46,15.93,22.78,-512.02
####,7/18/2026 13:01,15.93,22.82,-512.02
####,7/18/2026 13:16,15.93,22.61,-512.02
####,7/18/2026 13:31,14.93,22.56,-455.73
####,7/18/2026 13:46,13.31,22.39,-364.54
####,7/18/2026 14:01,11.04,22.08,-237.21
####,7/18/2026 14:16,15.16,21.89,-467.37
####,7/18/2026 14:31,15.3,21.82,-475.06
####,7/18/2026 14:46,9.67,21.72,-160.3
####,7/18/2026 15:01,12.99,21.6,-345.54
####,7/18/2026 15:16,8.83,21.49,-113.24
####,7/18/2026 15:31,8.19,21.34,-76.91
####,7/18/2026 15:46,9.54,21.25,-152.6
####,7/18/2026 16:01,10.76,21.13,-220.57
####,7/18/2026 16:16,11.12,21.06,-240.9
####,7/18/2026 16:31,10.85,21.01,-225.49
####,7/18/2026 16:46,10.29,20.98,-194.41
####,7/18/2026 17:01,11.32,20.96,-251.6
####,7/18/2026 17:16,11.64,21.08,-269.66
####,7/18/2026 17:31,11.79,21.29,-278.38
####,7/18/2026 17:46,11.91,21.51,-285.18
####,7/18/2026 18:01,11.49,21.53,-261.95
####,7/18/2026 18:16,11.66,21.65,-271.23
####,7/18/2026 18:31,11.86,21.75,-282.48
####,7/18/2026 18:46,11.91,21.84,-285.4
####,7/18/2026 19:01,12.04,21.94,-292.87
####,7/18/2026 19:16,11.95,22.06,-287.79
####,7/18/2026 19:31,11.49,22.18,-262.29
####,7/18/2026 19:46,11.61,22.27,-269.31
####,7/18/2026 20:01,11.34,22.37,-254.12
####,7/18/2026 20:16,8.3,22.44,-83.55
####,7/18/2026 20:31,8.23,22.49,-79.88
####,7/18/2026 20:46,8.38,22.54,-87.91
####,7/18/2026 21:01,10.13,22.58,-186.26
####,7/18/2026 21:16,12.25,22.61,-305.51
####,7/18/2026 21:31,12.16,22.63,-300.24
####,7/18/2026 21:46,15.77,22.66,-502.81
####,7/18/2026 22:01,15.93,22.66,-512.02
####,7/18/2026 22:16,15.93,22.68,-512.02
####,7/18/2026 22:31,15.93,22.68,-512.02
####,7/18/2026 22:46,15.93,22.68,-512.02
####,7/18/2026 23:01,15.93,22.68,-512.02
####,7/18/2026 23:16,15.93,22.7,-512.02
####,7/18/2026 23:31,15.93,22.63,-512.02
####,7/18/2026 23:46,15.93,22.63,-512.02
####,7/19/2026 0:01,15.93,22.58,-512.02
####,7/19/2026 0:16,15.93,22.58,-512.02
####,7/19/2026 0:31,15.94,22.51,-512.02
####,7/19/2026 0:46,15.94,22.47,-512.02
####,7/19/2026 1:01,15.94,22.32,-512.02
####,7/19/2026 1:16,15.95,22.18,-512.02
####,7/19/2026 1:31,15.95,22.01,-512.02
####,7/19/2026 1:46,15.96,21.87,-512.02
####,7/19/2026 2:01,15.33,21.75,-476.56
####,7/19/2026 2:16,14.4,21.63,-424.62
####,7/19/2026 2:31,10.03,21.49,-179.82
####,7/19/2026 2:46,15.25,21.32,-471.44
####,7/19/2026 3:01,10.69,21.17,-216.48
####,7/19/2026 3:16,9.25,21.08,-136.08
####,7/19/2026 3:31,10.21,21.01,-189.91
####,7/19/2026 3:46,8.9,20.91,-116.83
####,7/19/2026 4:01,9.75,20.82,-164.08
####,7/19/2026 4:16,10.8,20.77,-222.69
####,7/19/2026 4:31,11.19,20.67,-244.13
####,7/19/2026 4:46,11.9,20.6,-283.79
####,7/19/2026 5:01,12.38,20.56,-310.45
####,7/19/2026 5:16,11.85,20.6,-281.23
####,7/19/2026 5:31,11.66,20.56,-270.15
####,7/19/2026 5:46,11.5,20.65,-261.57
####,7/19/2026 6:01,11.61,20.75,-267.6
####,7/19/2026 6:16,11.56,20.82,-265.04
####,7/19/2026 6:31,11.27,20.89,-249.13
####,7/19/2026 6:46,11.22,21.01,-245.95
####,7/19/2026 7:01,11.45,21.1,-258.99
####,7/19/2026 7:16,11.75,21.25,-276.27
####,7/19/2026 7:31,11.65,21.39,-270.82
####,7/19/2026 7:46,11.97,21.53,-288.52
####,7/19/2026 8:01,11.46,21.65,-259.99
####,7/19/2026 8:16,11.73,21.75,-275.51
####,7/19/2026 8:31,11.88,21.82,-283.79
####,7/19/2026 8:46,7.81,21.91,-55.86
####,7/19/2026 9:01,7.44,21.99,-35.27
####,7/19/2026 9:16,8.6,22.06,-100.33
####,7/19/2026 9:31,12.06,22.15,-293.98
####,7/19/2026 9:46,15.6,22.23,-492.66
####,7/19/2026 10:01,15.94,22.3,-512.02
####,7/19/2026 10:16,15.94,22.37,-512.02
####,7/19/2026 10:31,15.94,22.49,-512.02
####,7/19/2026 10:46,15.93,22.56,-512.02
####,7/19/2026 11:01,15.93,22.63,-512.02
####,7/19/2026 11:16,15.93,22.7,-512.02
####,7/19/2026 11:31,15.93,22.82,-512.02
####,7/19/2026 11:46,15.92,22.97,-512.02
####,7/19/2026 12:01,15.92,23.11,-512.02
####,7/19/2026 12:16,15.91,23.47,-512.02
####,7/19/2026 12:31,15.91,23.28,-512.02
####,7/19/2026 12:46,15.92,22.94,-512.02
####,7/19/2026 13:01,15.93,22.85,-512.02
####,7/19/2026 13:16,15.92,22.87,-512.02
####,7/19/2026 13:31,15.92,22.9,-512.02
####,7/19/2026 13:46,15.92,23.02,-512.02
####,7/19/2026 14:01,15.92,22.87,-512.02
####,7/19/2026 14:16,15.3,22.8,-476.7
####,7/19/2026 14:31,15.93,22.68,-512.02
####,7/19/2026 14:46,15.56,22.44,-490.56
####,7/19/2026 15:01,12.44,22.23,-315.43
####,7/19/2026 15:16,15.42,22.11,-482.28
####,7/19/2026 15:31,13.49,21.99,-374.18
####,7/19/2026 15:46,14.24,21.91,-416.28
####,7/19/2026 16:01,12.88,21.82,-339.79
####,7/19/2026 16:16,11.56,21.68,-265.59
####,7/19/2026 16:31,10.56,21.56,-209.98
####,7/19/2026 16:46,9.38,21.46,-143.71
####,7/19/2026 17:01,8.81,21.37,-111.66
####,7/19/2026 17:16,8.84,21.32,-113.55
####,7/19/2026 17:31,8.57,21.29,-98.44
####,7/19/2026 17:46,8.54,21.32,-96.67
####,7/19/2026 18:01,8.57,21.37,-98.33
####,7/19/2026 18:16,8.59,21.6,-99.61
####,7/19/2026 18:31,8.36,21.8,-86.86
####,7/19/2026 18:46,8.52,21.91,-95.61
####,7/19/2026 19:01,8.63,22.01,-102.11
####,7/19/2026 19:16,8.68,22.11,-104.71
####,7/19/2026 19:31,8.67,22.2,-104.22
####,7/19/2026 19:46,8.85,22.32,-114.3
####,7/19/2026 20:01,8.65,22.44,-103.27
####,7/19/2026 20:16,8.62,22.54,-101.63
####,7/19/2026 20:31,8.29,22.66,-83
####,7/19/2026 20:46,7.91,22.73,-61.83
####,7/19/2026 21:01,7.89,22.78,-60.36
####,7/19/2026 21:16,8.69,22.85,-105.32
####,7/19/2026 21:31,12.75,22.87,-333.57
####,7/19/2026 21:46,15.92,22.9,-512.02
####,7/19/2026 22:01,14.08,22.92,-408.31
####,7/19/2026 22:16,15.92,22.92,-512.02
####,7/19/2026 22:31,15.92,22.9,-512.02
####,7/19/2026 22:46,15.92,22.9,-512.02
####,7/19/2026 23:01,15.92,22.9,-512.02
####,7/19/2026 23:16,15.92,22.87,-512.02
####,7/19/2026 23:31,15.93,22.85,-512.02
####,7/19/2026 23:46,15.93,22.82,-512.02
####,7/20/2026 0:01,15.93,22.8,-512.02
####,7/20/2026 0:16,15.93,22.75,-512.02
####,7/20/2026 0:31,15.93,22.7,-512.02
####,7/20/2026 0:46,15.93,22.68,-512.02
####,7/20/2026 1:01,15.93,22.78,-512.02
####,7/20/2026 1:16,15.93,22.73,-512.02
####,7/20/2026 1:31,15.93,22.68,-512.02
####,7/20/2026 1:46,15.93,22.58,-512.02
####,7/20/2026 2:01,15.94,22.39,-512.02
####,7/20/2026 2:16,15.95,22.18,-512.02
####,7/20/2026 2:31,15.95,21.99,-512.02
####,7/20/2026 2:46,9.39,21.77,-144.49
####,7/20/2026 3:01,15.96,21.63,-512.02
####,7/20/2026 3:16,15.96,21.56,-512.02
####,7/20/2026 3:31,15.97,21.46,-512.02
####,7/20/2026 3:46,13.45,21.29,-371
####,7/20/2026 4:01,15.98,21.06,-512.02
####,7/20/2026 4:16,14.12,20.89,-407.97
####,7/20/2026 4:31,13.02,20.75,-346.59
####,7/20/2026 4:46,12.02,20.63,-290.24
####,7/20/2026 5:01,12.44,20.53,-314.04
####,7/20/2026 5:16,15.32,20.51,-474.59
####,7/20/2026 5:31,15.5,20.46,-484.3
####,7/20/2026 5:46,16,20.48,-512.02
####,7/20/2026 6:01,16,20.51,-512.02
####,7/20/2026 6:16,15.99,20.63,-512.02
####,7/20/2026 6:31,15.99,20.82,-512.02
####,7/20/2026 6:46,15.98,20.96,-512.02
####,7/20/2026 7:01,15.98,21.03,-512.02
####,7/20/2026 7:16,15.98,21.15,-512.02
####,7/20/2026 7:31,15.97,21.29,-512.02
####,7/20/2026 7:46,15.97,21.39,-512.02
####,7/20/2026 8:01,15.97,21.49,-512.02
####,7/20/2026 8:16,15.96,21.56,-512.02
####,7/20/2026 8:31,15.96,21.65,-512.02
####,7/20/2026 8:46,15.96,21.8,-512.02
####,7/20/2026 9:01,15.95,21.91,-512.02
####,7/20/2026 9:16,15.95,22.03,-512.02
####,7/20/2026 9:31,8.51,22.15,-95.44
####,7/20/2026 9:46,7.45,22.27,-35.86
####,7/20/2026 10:01,9.91,22.37,-173.83
####,7/20/2026 10:16,15.94,22.49,-512.02
####,7/20/2026 10:31,15.93,22.61,-512.02
####,7/20/2026 10:46,14.53,22.73,-433.69
####,7/20/2026 11:01,15.93,22.85,-512.02
####,7/20/2026 11:16,15.92,22.92,-512.02
####,7/20/2026 11:31,15.92,23.02,-512.02
####,7/20/2026 11:46,15.92,23.09,-512.02
####,7/20/2026 12:01,15.91,23.21,-512.02
####,7/20/2026 12:16,15.91,23.33,-512.02
####,7/20/2026 12:31,15.9,23.57,-512.02
####,7/20/2026 12:46,15.9,23.62,-512.02
####,7/20/2026 13:01,15.9,23.54,-512.02
####,7/20/2026 13:16,15.91,23.23,-512.02
####,7/20/2026 13:31,15.92,23.16,-512.02
####,7/20/2026 13:46,15.91,23.21,-512.02
####,7/20/2026 14:01,15.91,23.21,-512.02
####,7/20/2026 14:16,15.91,23.35,-512.02
####,7/20/2026 14:31,15.91,23.45,-512.02
####,7/20/2026 14:46,15.91,23.35,-512.02
####,7/20/2026 15:01,15.91,23.3,-512.02
####,7/20/2026 15:16,15.92,23.18,-512.02
####,7/20/2026 15:31,11.47,22.97,-262.05
####,7/20/2026 15:46,15.93,22.73,-512.02
####,7/20/2026 16:01,15.93,22.58,-512.02
####,7/20/2026 16:16,15.56,22.47,-491
####,7/20/2026 16:31,15.94,22.32,-512.02
####,7/20/2026 16:46,15.94,22.2,-512.02
####,7/20/2026 17:01,13.32,22.08,-364.51
####,7/20/2026 17:16,11.64,21.91,-270.59
####,7/20/2026 17:31,11.23,21.8,-247.37
####,7/20/2026 17:46,9.71,21.72,-162.24
####,7/20/2026 18:01,11.57,21.68,-266.23
####,7/20/2026 18:16,11.5,21.68,-262.55
####,7/20/2026 18:31,12.4,21.63,-312.78
####,7/20/2026 18:46,11.35,21.96,-254.24
####,7/20/2026 19:01,11.6,22.2,-268.71
####,7/20/2026 19:16,11.84,22.39,-282.04
####,7/20/2026 19:31,12,22.42,-291.09
####,7/20/2026 19:46,11.89,22.51,-285.18
####,7/20/2026 20:01,11.28,22.61,-251.04
####,7/20/2026 20:16,11.44,22.7,-259.7
####,7/20/2026 20:31,11.05,22.82,-238.32
####,7/20/2026 20:46,11.39,22.94,-257.37
####,7/20/2026 21:01,12.29,23.04,-308.03
####,7/20/2026 21:16,11.62,23.11,-270.62
####,7/20/2026 21:31,11.28,23.18,-251.51
####,7/20/2026 21:46,12.82,23.21,-337.87
####,7/20/2026 22:01,14.27,23.23,-419.43
####,7/20/2026 22:16,15.91,23.26,-512.02
####,7/20/2026 22:31,15.91,23.23,-512.02
####,7/20/2026 22:46,15.91,23.23,-512.02
####,7/20/2026 23:01,15.91,23.21,-512.02
####,7/20/2026 23:16,15.92,23.18,-512.02
####,7/20/2026 23:31,15.92,23.16,-512.02
####,7/20/2026 23:46,15.92,23.14,-512.02
####,7/21/2026 0:01,15.92,23.11,-512.02
####,7/21/2026 0:16,15.92,23.09,-512.02
####,7/21/2026 0:31,15.92,23.06,-512.02
####,7/21/2026 0:46,15.92,23.04,-512.02
####,7/21/2026 1:01,15.92,23.02,-512.02
####,7/21/2026 1:16,15.92,22.92,-512.02
####,7/21/2026 1:31,15.92,22.92,-512.02
####,7/21/2026 1:46,15.92,23.04,-512.02
####,7/21/2026 2:01,15.92,23.06,-512.02
####,7/21/2026 2:16,15.92,23.04,-512.02
####,7/21/2026 2:31,15.92,23.02,-512.02
####,7/21/2026 2:46,15.92,22.94,-512.02
####,7/21/2026 3:01,15.93,22.8,-512.02
####,7/21/2026 3:16,15.93,22.63,-512.02
####,7/21/2026 3:31,15.94,22.47,-512.02
####,7/21/2026 3:46,15.94,22.27,-512.02
####,7/21/2026 4:01,11.44,22.13,-259.46
####,7/21/2026 4:16,15.95,22.06,-512.02
####,7/21/2026 4:31,15.8,21.94,-503.31
####,7/21/2026 4:46,15.96,21.77,-512.02
####,7/21/2026 5:01,15.96,21.58,-512.02
####,7/21/2026 5:16,15.97,21.39,-512.02
####,7/21/2026 5:31,15.97,21.22,-512.02
####,7/21/2026 5:46,15.04,21.08,-459.44
####,7/21/2026 6:01,13.98,20.98,-400.06
####,7/21/2026 6:16,13.63,20.94,-380.68
####,7/21/2026 6:31,13.69,20.98,-384.04
####,7/21/2026 6:46,12.08,21.03,-293.98
####,7/21/2026 7:01,11.51,21.27,-262.62
####,7/21/2026 7:16,12.13,21.44,-297.48
####,7/21/2026 7:31,11.83,21.46,-280.84
####,7/21/2026 7:46,12.2,21.58,-301.62
####,7/21/2026 8:01,12.67,21.75,-328.06
####,7/21/2026 8:16,12.22,21.87,-302.68
####,7/21/2026 8:31,12.6,21.99,-324.35
####,7/21/2026 8:46,11.54,22.11,-264.96
####,7/21/2026 9:01,11.71,22.2,-274.63
####,7/21/2026 9:16,11.66,22.32,-272.2
####,7/21/2026 9:31,10.96,22.44,-233.05
####,7/21/2026 9:46,11.87,22.58,-283.95
####,7/21/2026 10:01,12.05,22.66,-294.1
####,7/21/2026 10:16,14.97,22.73,-458.09
####,7/21/2026 10:31,15.93,22.82,-512.02
####,7/21/2026 10:46,15.92,22.92,-512.02
####,7/21/2026 11:01,15.92,22.97,-512.02
####,7/21/2026 11:16,15.92,23.02,-512.02
####,7/21/2026 11:31,15.92,23.06,-512.02
####,7/21/2026 11:46,15.92,23.11,-512.02
####,7/21/2026 12:01,15.92,23.16,-512.02
####,7/21/2026 12:16,15.92,23.18,-512.02
####,7/21/2026 12:31,15.91,23.23,-512.02
####,7/21/2026 12:46,15.91,23.26,-512.02
####,7/21/2026 13:01,15.91,23.28,-512.02
####,7/21/2026 13:16,15.91,23.35,-512.02
####,7/21/2026 13:31,15.91,23.3,-512.02
####,7/21/2026 13:46,15.91,23.21,-512.02
####,7/21/2026 14:01,15.92,23.16,-512.02
####,7/21/2026 14:16,15.92,23.11,-512.02
####,7/21/2026 14:31,15.92,23.14,-512.02
####,7/21/2026 14:46,15.92,23.11,-512.02
####,7/21/2026 15:01,15.92,23.09,-512.02
####,7/21/2026 15:16,15.92,23.04,-512.02
####,7/21/2026 15:31,15.92,22.99,-512.02
####,7/21/2026 15:46,15.93,22.85,-512.02
####,7/21/2026 16:01,15.93,22.75,-512.02
####,7/21/2026 16:16,15.93,22.58,-512.02
####,7/21/2026 16:31,15.94,22.37,-512.02
####,7/21/2026 16:46,15.95,22.18,-512.02
####,7/21/2026 17:01,15.95,22.01,-512.02
####,7/21/2026 17:16,15.96,21.87,-512.02
####,7/21/2026 17:31,15.96,21.75,-512.02
####,7/21/2026 17:46,13.84,21.63,-393.47
####,7/21/2026 18:01,10.05,21.51,-181.24
####,7/21/2026 18:16,9.58,21.39,-154.66
####,7/21/2026 18:31,11.35,21.29,-253.62
####,7/21/2026 18:46,11.92,21.25,-285.32
####,7/21/2026 19:01,9.75,21.25,-164.13
####,7/21/2026 19:16,11.11,21.29,-240.41
####,7/21/2026 19:31,10.55,21.25,-208.94
####,7/21/2026 19:46,10.83,21.39,-224.77
####,7/21/2026 20:01,9.48,21.53,-149.58
####,7/21/2026 20:16,9.59,21.65,-155.35
####,7/21/2026 20:31,10.38,21.8,-199.63
####,7/21/2026 20:46,10.97,21.87,-233.01
####,7/21/2026 21:01,10.3,22.01,-195.21
####,7/21/2026 21:16,10.16,22.15,-187.66
####,7/21/2026 21:31,9.85,22.3,-170.68
####,7/21/2026 21:46,10.36,22.42,-199.02
####,7/21/2026 22:01,10.01,22.51,-179.44
####,7/21/2026 22:16,9.88,22.61,-172.54
####,7/21/2026 22:31,9.21,22.68,-134.93
####,7/21/2026 22:46,8.65,22.73,-103.3
####,7/21/2026 23:01,10.17,22.75,-188.76
####,7/21/2026 23:16,15.93,22.8,-512.02
####,7/21/2026 23:31,15.93,22.82,-512.02
####,7/21/2026 23:46,15.93,22.82,-512.02
####,7/22/2026 0:01,15.93,22.85,-512.02
####,7/22/2026 0:16,15.93,22.85,-512.02
####,7/22/2026 0:31,15.93,22.85,-512.02
####,7/22/2026 0:46,15.93,22.85,-512.02
####,7/22/2026 1:01,15.92,22.87,-512.02
####,7/22/2026 1:16,15.92,22.87,-512.02
####,7/22/2026 1:31,15.92,22.87,-512.02
####,7/22/2026 1:46,15.93,22.85,-512.02
####,7/22/2026 2:01,15.93,22.82,-512.02
####,7/22/2026 2:16,15.93,22.82,-512.02
####,7/22/2026 2:31,15.93,22.8,-512.02
####,7/22/2026 2:46,15.93,22.8,-512.02
####,7/22/2026 3:01,15.93,22.78,-512.02
####,7/22/2026 3:16,15.93,22.73,-512.02
####,7/22/2026 3:31,15.93,22.68,-512.02
####,7/22/2026 3:46,15.93,22.61,-512.02
####,7/22/2026 4:01,15.94,22.51,-512.02
####,7/22/2026 4:16,15.94,22.42,-512.02
####,7/22/2026 4:31,15.94,22.3,-512.02
####,7/22/2026 4:46,15.95,22.13,-512.02
####,7/22/2026 5:01,15.95,22.01,-512.02
####,7/22/2026 5:16,15.95,21.89,-512.02
####,7/22/2026 5:31,15.96,21.8,-512.02
####,7/22/2026 5:46,15.96,21.68,-512.02
####,7/22/2026 6:01,15.96,21.56,-512.02
####,7/22/2026 6:16,15.97,21.41,-512.02
####,7/22/2026 6:31,15.97,21.32,-512.02
####,7/22/2026 6:46,15.97,21.25,-512.02
####,7/22/2026 7:01,15.98,21.2,-512.02
####,7/22/2026 7:16,15.97,21.25,-512.02
####,7/22/2026 7:31,15.97,21.29,-512.02
####,7/22/2026 7:46,15.97,21.51,-512.02
####,7/22/2026 8:01,15.96,21.6,-512.02
####,7/22/2026 8:16,15.96,21.58,-512.02
####,7/22/2026 8:31,15.96,21.7,-512.02
####,7/22/2026 8:46,15.96,21.8,-512.02
####,7/22/2026 9:01,15.95,21.96,-512.02
####,7/22/2026 9:16,15.95,22.13,-512.02
####,7/22/2026 9:31,15.94,22.27,-512.02
####,7/22/2026 9:46,15.94,22.39,-512.02
####,7/22/2026 10:01,15.94,22.51,-512.02
####,7/22/2026 10:16,15.93,22.61,-512.02
####,7/22/2026 10:31,15.93,22.7,-512.02
####,7/22/2026 10:46,15.93,22.82,-512.02
####,7/22/2026 11:01,15.92,22.92,-512.02
####,7/22/2026 11:16,15.92,23.04,-512.02
####,7/22/2026 11:31,15.92,23.11,-512.02
####,7/22/2026 11:46,15.91,23.21,-512.02
####,7/22/2026 12:01,15.91,23.33,-512.02
####,7/22/2026 12:16,15.91,23.42,-512.02
####,7/22/2026 12:31,15.91,23.5,-512.02
####,7/22/2026 12:46,15.91,23.5,-512.02
####,7/22/2026 13:01,15.9,23.62,-512.02
####,7/22/2026 13:16,15.9,23.76,-512.02
####,7/22/2026 13:31,15.9,23.81,-512.02
####,7/22/2026 13:46,15.9,23.79,-512.02
####,7/22/2026 14:01,15.89,23.93,-512.02
####,7/22/2026 14:16,15.89,23.93,-512.02
####,7/22/2026 14:31,15.89,23.91,-512.02
####,7/22/2026 14:46,15.9,23.76,-512.02
####,7/22/2026 15:01,15.9,23.71,-512.02
####,7/22/2026 15:16,15.9,23.79,-512.02
####,7/22/2026 15:31,15.9,23.76,-512.02
####,7/22/2026 15:46,15.9,23.81,-512.02
####,7/22/2026 16:01,15.89,23.98,-512.02
####,7/22/2026 16:16,15.89,24.07,-512.02
####,7/22/2026 16:31,15.89,24.03,-512.02
####,7/22/2026 16:46,15.89,23.93,-512.02
####,7/22/2026 17:01,15.9,23.71,-512.02
####,7/22/2026 17:16,15.85,23.5,-508.95
####,7/22/2026 17:31,15.91,23.26,-512.02
####,7/22/2026 17:46,15.92,23.04,-512.02
####,7/22/2026 18:01,14.39,22.94,-425.84
####,7/22/2026 18:16,15.93,22.85,-512.02
####,7/22/2026 18:31,15.93,22.78,-512.02
####,7/22/2026 18:46,15.93,22.7,-512.02
####,7/22/2026 19:01,15.93,22.61,-512.02
####,7/22/2026 19:16,15.88,22.54,-508.92
####,7/22/2026 19:31,14.76,22.51,-445.98
####,7/22/2026 19:46,15.59,22.51,-492.78
####,7/22/2026 20:01,15.94,22.51,-512.02
####,7/22/2026 20:16,15.93,22.63,-512.02
####,7/22/2026 20:31,15.93,22.82,-512.02
####,7/22/2026 20:46,15.93,22.85,-512.02
####,7/22/2026 21:01,15.92,22.99,-512.02
####,7/22/2026 21:16,15.92,23.09,-512.02
####,7/22/2026 21:31,15.92,23.18,-512.02
####,7/22/2026 21:46,15.91,23.35,-512.02
####,7/22/2026 22:01,15.91,23.45,-512.02
####,7/22/2026 22:16,14.77,23.54,-448.17
####,7/22/2026 22:31,15.9,23.62,-512.02
####,7/22/2026 22:46,15.9,23.66,-512.02
####,7/22/2026 23:01,14.36,23.69,-425.45
####,7/22/2026 23:16,15.9,23.69,-512.02
####,7/22/2026 23:31,15.9,23.69,-512.02
####,7/22/2026 23:46,15.9,23.66,-512.02
####,7/23/2026 0:01,15.9,23.62,-512.02
####,7/23/2026 0:16,15.9,23.59,-512.02
####,7/23/2026 0:31,15.9,23.57,-512.02
####,7/23/2026 0:46,15.91,23.52,-512.02
####,7/23/2026 1:01,15.91,23.5,-512.02
####,7/23/2026 1:16,15.91,23.47,-512.02
####,7/23/2026 1:31,15.91,23.45,-512.02
####,7/23/2026 1:46,15.91,23.42,-512.02
####,7/23/2026 2:01,15.91,23.4,-512.02
####,7/23/2026 2:16,15.91,23.35,-512.02
####,7/23/2026 2:31,15.91,23.33,-512.02
####,7/23/2026 2:46,15.91,23.3,-512.02
####,7/23/2026 3:01,15.91,23.21,-512.02
####,7/23/2026 3:16,15.91,23.21,-512.02
####,7/23/2026 3:31,15.91,23.3,-512.02
####,7/23/2026 3:46,15.91,23.33,-512.02
####,7/23/2026 4:01,15.91,23.33,-512.02
####,7/23/2026 4:16,15.91,23.3,-512.02
####,7/23/2026 4:31,15.91,23.28,-512.02
####,7/23/2026 4:46,15.91,23.21,-512.02
####,7/23/2026 5:01,15.92,23.09,-512.02
####,7/23/2026 5:16,15.92,22.99,-512.02
####,7/23/2026 5:31,15.92,22.87,-512.02
####,7/23/2026 5:46,15.93,22.75,-512.02
####,7/23/2026 6:01,15.93,22.61,-512.02
####,7/23/2026 6:16,15.93,22.54,-512.02
####,7/23/2026 6:31,15.94,22.47,-512.02
####,7/23/2026 6:46,15.94,22.37,-512.02
####,7/23/2026 7:01,15.11,22.27,-465.22
####,7/23/2026 7:16,15.32,22.15,-477.06
####,7/23/2026 7:31,15.85,22.01,-506.16
####,7/23/2026 7:46,15.95,21.94,-512.02
####,7/23/2026 8:01,15.95,21.91,-512.02
####,7/23/2026 8:16,15.95,21.99,-512.02
####,7/23/2026 8:31,15.65,22.03,-494.97
####,7/23/2026 8:46,15.94,22.25,-512.02
####,7/23/2026 9:01,15.94,22.37,-512.02
####,7/23/2026 9:16,15.94,22.35,-512.02
####,7/23/2026 9:31,15.94,22.39,-512.02
####,7/23/2026 9:46,15.94,22.49,-512.02
####,7/23/2026 10:01,15.93,22.66,-512.02
####,7/23/2026 10:16,15.93,22.8,-512.02
####,7/23/2026 10:31,15.92,22.94,-512.02
####,7/23/2026 10:46,14.11,23.04,-410.42
####,7/23/2026 11:01,15.92,23.16,-512.02
####,7/23/2026 11:16,14.23,23.23,-417.33
####,7/23/2026 11:31,15.91,23.33,-512.02
####,7/23/2026 11:46,15.91,23.38,-512.02
####,7/23/2026 12:01,14.33,23.54,-423.61
####,7/23/2026 12:16,15.9,23.57,-512.02
####,7/23/2026 12:31,15.9,23.69,-512.02
####,7/23/2026 12:46,15.9,23.79,-512.02
####,7/23/2026 13:01,15.89,23.88,-512.02
####,7/23/2026 13:16,15.89,23.95,-512.02
####,7/23/2026 13:31,15.89,24.03,-512.02
####,7/23/2026 13:46,15.89,24.1,-512.02
####,7/23/2026 14:01,15.89,24.15,-512.02
####,7/23/2026 14:16,15.88,24.22,-512.02
####,7/23/2026 14:31,15.88,24.32,-512.02
####,7/23/2026 14:46,15.88,24.44,-512.02
####,7/23/2026 15:01,15.88,24.46,-512.02
####,7/23/2026 15:16,15.88,24.44,-512.02
####,7/23/2026 15:31,15.89,24.19,-512.02
####,7/23/2026 15:46,15.89,24.12,-512.02
####,7/23/2026 16:01,15.89,24.12,-512.02
####,7/23/2026 16:16,15.89,24.15,-512.02
####,7/23/2026 16:31,15.89,24.17,-512.02
####,7/23/2026 16:46,15.88,24.24,-512.02
####,7/23/2026 17:01,15.88,24.32,-512.02
####,7/23/2026 17:16,15.88,24.29,-512.02
####,7/23/2026 17:31,15.88,24.24,-512.02
####,7/23/2026 17:46,15.89,24.12,-512.02
####,7/23/2026 18:01,15.89,23.95,-512.02
####,7/23/2026 18:16,15.9,23.79,-512.02
####,7/23/2026 18:31,15.9,23.59,-512.02
####,7/23/2026 18:46,9.96,23.42,-177.15
####,7/23/2026 19:01,12.79,23.28,-336.64
####,7/23/2026 19:16,15.92,23.18,-512.02
####,7/23/2026 19:31,14.65,23.06,-440.9
####,7/23/2026 19:46,15.92,22.97,-512.02
####,7/23/2026 20:01,15.81,22.87,-505.5
####,7/23/2026 20:16,14.61,22.85,-438.19
####,7/23/2026 20:31,15.93,22.82,-512.02
####,7/23/2026 20:46,15.93,22.82,-512.02
####,7/23/2026 21:01,15.92,22.9,-512.02
####,7/23/2026 21:16,15.92,23.02,-512.02
####,7/23/2026 21:31,15.92,23.14,-512.02
####,7/23/2026 21:46,15.92,23.18,-512.02
####,7/23/2026 22:01,15.91,23.28,-512.02
####,7/23/2026 22:16,15.85,23.35,-508.42
####,7/23/2026 22:31,15.91,23.47,-512.02
####,7/23/2026 22:46,15.9,23.59,-512.02
####,7/23/2026 23:01,15.9,23.66,-512.02
####,7/23/2026 23:16,15.9,23.74,-512.02
####,7/23/2026 23:31,15.9,23.79,-512.02
####,7/23/2026 23:46,15.9,23.81,-512.02
####,7/24/2026 0:01,15.9,23.81,-512.02
####,7/24/2026 0:16,15.9,23.81,-512.02
####,7/24/2026 0:31,15.9,23.81,-512.02
####,7/24/2026 0:46,15.9,23.79,-512.02
####,7/24/2026 1:01,15.9,23.76,-512.02
####,7/24/2026 1:16,15.9,23.74,-512.02
####,7/24/2026 1:31,15.9,23.69,-512.02
####,7/24/2026 1:46,15.49,23.66,-489.14
####,7/24/2026 2:01,15.23,23.62,-474.11
####,7/24/2026 2:16,15.9,23.59,-512.02
####,7/24/2026 2:31,15.71,23.57,-501.03
####,7/24/2026 2:46,15.31,23.54,-478.47
####,7/24/2026 3:01,15.91,23.5,-512.02
####,7/24/2026 3:16,15.91,23.47,-512.02
####,7/24/2026 3:31,15.91,23.45,-512.02
####,7/24/2026 3:46,15.91,23.4,-512.02
####,7/24/2026 4:01,15.91,23.28,-512.02
####,7/24/2026 4:16,15.91,23.3,-512.02
####,7/24/2026 4:31,15.91,23.35,-512.02
####,7/24/2026 4:46,15.91,23.4,-512.02
####,7/24/2026 5:01,15.91,23.4,-512.02
####,7/24/2026 5:16,15.91,23.38,-512.02
####,7/24/2026 5:31,15.91,23.35,-512.02
####,7/24/2026 5:46,15.91,23.26,-512.02
####,7/24/2026 6:01,15.92,23.16,-512.02
####,7/24/2026 6:16,15.92,23.04,-512.02
####,7/24/2026 6:31,15.92,22.9,-512.02
####,7/24/2026 6:46,15.93,22.75,-512.02
####,7/24/2026 7:01,15.93,22.63,-512.02
####,7/24/2026 7:16,15.93,22.54,-512.02
####,7/24/2026 7:31,15.94,22.49,-512.02
####,7/24/2026 7:46,13.74,22.42,-388.78
####,7/24/2026 8:01,9.29,22.32,-139.21
####,7/24/2026 8:16,9.91,22.23,-173.65
####,7/24/2026 8:31,15.19,22.11,-469.3
####,7/24/2026 8:46,15.95,22.06,-512.02
####,7/24/2026 9:01,14.17,22.06,-412.08
####,7/24/2026 9:16,15.78,22.11,-502.59
####,7/24/2026 9:31,15.94,22.2,-512.02
####,7/24/2026 9:46,15.94,22.42,-512.02
####,7/24/2026 10:01,15.74,22.56,-501
####,7/24/2026 10:16,15.93,22.58,-512.02
####,7/24/2026 10:31,15.68,22.82,-498.17
####,7/24/2026 10:46,15.93,22.75,-512.02
####,7/24/2026 11:01,15.28,22.82,-475.55
####,7/24/2026 11:16,15.92,23.09,-512.02
####,7/24/2026 11:31,15.23,23.21,-473.34
####,7/24/2026 11:46,15.14,23.28,-468.78
####,7/24/2026 12:01,15.91,23.38,-512.02
####,7/24/2026 12:16,15.61,23.5,-495.11
####,7/24/2026 12:31,14.38,23.59,-426.26
####,7/24/2026 12:46,13.86,23.74,-397.2
####,7/24/2026 13:01,13.22,23.88,-361.28
####,7/24/2026 13:16,14.4,24,-428.11
####,7/24/2026 13:31,15.89,24.07,-512.02
####,7/24/2026 13:46,15.88,24.24,-512.02
####,7/24/2026 14:01,15.88,24.32,-512.02
####,7/24/2026 14:16,15.88,24.39,-512.02
####,7/24/2026 14:31,15.88,24.48,-512.02
####,7/24/2026 14:46,15.87,24.58,-512.02
####,7/24/2026 15:01,15.87,24.68,-512.02
####,7/24/2026 15:16,15.87,24.75,-512.02
####,7/24/2026 15:31,15.86,25.02,-512.02
####,7/24/2026 15:46,15.86,24.97,-512.02
####,7/24/2026 16:01,15.87,24.85,-512.02
####,7/24/2026 16:16,15.87,24.75,-512.02
####,7/24/2026 16:31,15.88,24.48,-512.02
####,7/24/2026 16:46,15.88,24.46,-512.02
####,7/24/2026 17:01,15.88,24.48,-512.02
####,7/24/2026 17:16,15.88,24.46,-512.02
####,7/24/2026 17:31,15.87,24.56,-512.02
####,7/24/2026 17:46,15.87,24.6,-512.02
####,7/24/2026 18:01,15.87,24.63,-512.02
####,7/24/2026 18:16,15.87,24.6,-512.02
####,7/24/2026 18:31,15.87,24.58,-512.02
####,7/24/2026 18:46,15.88,24.44,-512.02
####,7/24/2026 19:01,15.88,24.27,-512.02
####,7/24/2026 19:16,15.89,24.15,-512.02
####,7/24/2026 19:31,15.89,23.93,-512.02
####,7/24/2026 19:46,15.9,23.74,-512.02
####,7/24/2026 20:01,11.79,23.62,-280.24
####,7/24/2026 20:16,10.72,23.5,-219.9
####,7/24/2026 20:31,9.97,23.38,-177.52
####,7/24/2026 20:46,10.57,23.3,-211.51
####,7/24/2026 21:01,10.58,23.23,-211.87
####,7/24/2026 21:16,10.85,23.21,-227.1
####,7/24/2026 21:31,11.72,23.21,-276.29
####,7/24/2026 21:46,10.54,23.23,-209.94
####,7/24/2026 22:01,9.82,23.38,-169.43
####,7/24/2026 22:16,9.94,23.45,-176.22
####,7/24/2026 22:31,9.8,23.47,-168.08
####,7/24/2026 22:46,9.95,23.57,-176.68
####,7/24/2026 23:01,9.87,23.64,-172.46
####,7/24/2026 23:16,10.03,23.71,-181.35
####,7/24/2026 23:31,9.62,23.83,-158.11
####,7/24/2026 23:46,9.57,23.93,-155.6
####,7/25/2026 0:01,12.15,24,-301.13
####,7/25/2026 0:16,12.38,24.05,-313.93
####,7/25/2026 0:31,11.56,24.07,-267.66
####,7/25/2026 0:46,11.63,24.07,-272.01
####,7/25/2026 1:01,10.01,24.05,-180.32
####,7/25/2026 1:16,8.4,24.05,-89.38
####,7/25/2026 1:31,8.26,24.03,-81.44
####,7/25/2026 1:46,13.27,24,-364.46
####,7/25/2026 2:01,15.89,23.95,-512.02
####,7/25/2026 2:16,15.89,23.93,-512.02
####,7/25/2026 2:31,14.47,23.88,-431.9
####,7/25/2026 2:46,15.89,23.83,-511.78
####,7/25/2026 3:01,15.9,23.79,-512.02
####,7/25/2026 3:16,15.9,23.76,-512.02
####,7/25/2026 3:31,15.9,23.74,-512.02
####,7/25/2026 3:46,15.9,23.71,-512.02
####,7/25/2026 4:01,15.9,23.69,-512.02
####,7/25/2026 4:16,15.9,23.64,-512.02
####,7/25/2026 4:31,15.9,23.62,-512.02
####,7/25/2026 4:46,15.9,23.59,-512.02
####,7/25/2026 5:01,15.91,23.52,-512.02
####,7/25/2026 5:16,15.91,23.5,-512.02
####,7/25/2026 5:31,15.9,23.64,-512.02
####,7/25/2026 5:46,15.9,23.62,-512.02
####,7/25/2026 6:01,15.9,23.62,-512.02
####,7/25/2026 6:16,15.9,23.59,-512.02
####,7/25/2026 6:31,15.9,23.57,-512.02
####,7/25/2026 6:46,15.91,23.47,-512.02
####,7/25/2026 7:01,15.91,23.4,-512.02
####,7/25/2026 7:16,15.91,23.33,-512.02
####,7/25/2026 7:31,15.91,23.21,-512.02
####,7/25/2026 7:46,15.92,23.09,-512.02
####,7/25/2026 8:01,15.92,22.99,-512.02
####,7/25/2026 8:16,15.92,22.94,-512.02
####,7/25/2026 8:31,15.92,22.9,-512.02
####,7/25/2026 8:46,15.93,22.82,-512.02
####,7/25/2026 9:01,14.17,22.73,-413.06
####,7/25/2026 9:16,15.93,22.63,-512.02
####,7/25/2026 9:31,15.93,22.56,-512.02
####,7/25/2026 9:46,15.94,22.51,-512.02
####,7/25/2026 10:01,15.08,22.54,-464
####,7/25/2026 10:16,13.3,22.56,-364.25
####,7/25/2026 10:31,13.55,22.92,-378.82
####,7/25/2026 10:46,13.07,23.06,-351.64
####,7/25/2026 11:01,13.24,23.02,-361.35
####,7/25/2026 11:16,12.65,23.02,-328.31
####,7/25/2026 11:31,12.07,23.11,-295.65
####,7/25/2026 11:46,12.09,23.23,-296.87
####,7/25/2026 12:01,12.16,23.33,-301.09
####,7/25/2026 12:16,12,23.69,-292.45
####,7/25/2026 12:31,12.46,23.79,-318.48
####,7/25/2026 12:46,12.91,23.83,-343.96
####,7/25/2026 13:01,13.11,23.83,-355.01
####,7/25/2026 13:16,14.55,24,-436.33
####,7/25/2026 13:31,15.89,24.19,-512.02
####,7/25/2026 13:46,15.88,24.32,-512.02
####,7/25/2026 14:01,15.88,24.36,-512.02
####,7/25/2026 14:16,15.88,24.41,-512.02
####,7/25/2026 14:31,15.88,24.46,-512.02
####,7/25/2026 14:46,15.88,24.48,-512.02
####,7/25/2026 15:01,15.87,24.6,-512.02
####,7/25/2026 15:16,15.87,24.65,-512.02
####,7/25/2026 15:31,15.87,24.7,-512.02
####,7/25/2026 15:46,15.87,24.75,-512.02
####,7/25/2026 16:01,15.87,24.8,-512.02
####,7/25/2026 16:16,15.87,24.85,-512.02
####,7/25/2026 16:31,15.86,25.02,-512.02
####,7/25/2026 16:46,15.86,24.9,-512.02
####,7/25/2026 17:01,15.87,24.77,-512.02
####,7/25/2026 17:16,15.87,24.77,-512.02
####,7/25/2026 17:31,15.87,24.6,-512.02
####,7/25/2026 17:46,15.87,24.58,-512.02
####,7/25/2026 18:01,15.87,24.56,-512.02
####,7/25/2026 18:16,15.87,24.53,-512.02
####,7/25/2026 18:31,15.87,24.53,-512.02
####,7/25/2026 18:46,15.87,24.53,-512.02
####,7/25/2026 19:01,15.88,24.51,-512.02
####,7/25/2026 19:16,15.88,24.44,-512.02
####,7/25/2026 19:31,15.88,24.39,-512.02
####,7/25/2026 19:46,15.88,24.29,-512.02
####,7/25/2026 20:01,15.89,24.17,-512.02
####,7/25/2026 20:16,15.89,24,-512.02
####,7/25/2026 20:31,15.9,23.83,-512.02
####,7/25/2026 20:46,15.47,23.66,-487.55
####,7/25/2026 21:01,15.9,23.57,-512.02
####,7/25/2026 21:16,13.52,23.47,-377.46
####,7/25/2026 21:31,10.1,23.38,-184.87
####,7/25/2026 21:46,9.84,23.28,-170.44
####,7/25/2026 22:01,11.13,23.26,-242.84
####,7/25/2026 22:16,11.76,23.21,-278.54
####,7/25/2026 22:31,12.56,23.26,-323.28
####,7/25/2026 22:46,13.28,23.26,-363.81
####,7/25/2026 23:01,13.83,23.35,-395.15
####,7/25/2026 23:16,14.16,23.45,-413.75
####,7/25/2026 23:31,13.46,23.5,-374.18
####,7/25/2026 23:46,13.27,23.62,-363.82
####,7/26/2026 0:01,13.2,23.66,-359.93
####,7/26/2026 0:16,13.26,23.74,-363.42
####,7/26/2026 0:31,13.45,23.86,-373.93
####,7/26/2026 0:46,13.27,23.91,-364.29
####,7/26/2026 1:01,13.24,23.95,-362.29
####,7/26/2026 1:16,11.9,23.98,-287.12
####,7/26/2026 1:31,12.06,23.98,-295.82
####,7/26/2026 1:46,9.91,23.98,-174.55
####,7/26/2026 2:01,8.81,23.95,-112.72
####,7/26/2026 2:16,9.59,23.95,-156.8
####,7/26/2026 2:31,15.04,23.95,-463.78
####,7/26/2026 2:46,12.54,23.93,-322.98
####,7/26/2026 3:01,13.93,23.88,-401.28
####,7/26/2026 3:16,14.96,23.86,-459.22
####,7/26/2026 3:31,15.9,23.81,-512.02
####,7/26/2026 3:46,15.9,23.79,-512.02
####,7/26/2026 4:01,15.9,23.76,-512.02
####,7/26/2026 4:16,15.9,23.74,-512.02
####,7/26/2026 4:31,15.9,23.71,-512.02
####,7/26/2026 4:46,15.9,23.69,-512.02
####,7/26/2026 5:01,15.9,23.64,-512.02
####,7/26/2026 5:16,15.9,23.62,-512.02
####,7/26/2026 5:31,15.9,23.59,-512.02
####,7/26/2026 5:46,15.91,23.45,-512.02
####,7/26/2026 6:01,15.91,23.47,-512.02
####,7/26/2026 6:16,15.91,23.52,-512.02
####,7/26/2026 6:31,15.9,23.54,-512.02
####,7/26/2026 6:46,15.91,23.52,-512.02
####,7/26/2026 7:01,15.91,23.45,-512.02
####,7/26/2026 7:16,15.91,23.42,-512.02
####,7/26/2026 7:31,15.91,23.33,-512.02
####,7/26/2026 7:46,15.91,23.26,-512.02
####,7/26/2026 8:01,15.92,23.16,-512.02
####,7/26/2026 8:16,15.92,23.06,-512.02
####,7/26/2026 8:31,15.92,22.94,-512.02
####,7/26/2026 8:46,15.93,22.85,-512.02
####,7/26/2026 9:01,15.52,22.82,-489.16
####,7/26/2026 9:16,15.93,22.78,-512.02
####,7/26/2026 9:31,15.93,22.75,-512.02
####,7/26/2026 9:46,15.93,22.68,-512.02
####,7/26/2026 10:01,15.93,22.58,-512.02
####,7/26/2026 10:16,15.94,22.51,-512.02
####,7/26/2026 10:31,15.94,22.47,-512.02
####,7/26/2026 10:46,15.53,22.44,-489.01
####,7/26/2026 11:01,14.95,22.47,-456.48
####,7/26/2026 11:16,15.62,22.54,-494.25
####,7/26/2026 11:31,15.61,22.75,-494.25
####,7/26/2026 11:46,14.91,22.92,-455.09
####,7/26/2026 12:01,14.23,23.09,-417.11
####,7/26/2026 12:16,14,22.94,-404.09
####,7/26/2026 12:31,13.92,23.06,-399.56
####,7/26/2026 12:46,13.88,23.18,-397.56
####,7/26/2026 13:01,13.81,23.45,-394.03
####,7/26/2026 13:16,13.85,23.57,-396.42
####,7/26/2026 13:31,13.54,23.69,-379
####,7/26/2026 13:46,13.4,23.71,-371.03
####,7/26/2026 14:01,13.43,23.74,-372.87
####,7/26/2026 14:16,13.88,23.91,-398.59
####,7/26/2026 14:31,15.89,24.05,-512.02
####,7/26/2026 14:46,15.89,24.12,-512.02
####,7/26/2026 15:01,15.89,24.19,-512.02
####,7/26/2026 15:16,15.88,24.24,-512.02
####,7/26/2026 15:31,15.88,24.32,-512.02
####,7/26/2026 15:46,15.88,24.34,-512.02
####,7/26/2026 16:01,15.88,24.39,-512.02
####,7/26/2026 16:16,15.88,24.41,-512.02
####,7/26/2026 16:31,15.88,24.44,-512.02
####,7/26/2026 16:46,15.88,24.46,-512.02
####,7/26/2026 17:01,15.88,24.51,-512.02
####,7/26/2026 17:16,15.87,24.58,-512.02
####,7/26/2026 17:31,15.87,24.53,-512.02
####,7/26/2026 17:46,15.88,24.48,-512.02
####,7/26/2026 18:01,15.88,24.39,-512.02
####,7/26/2026 18:16,15.88,24.34,-512.02
####,7/26/2026 18:31,15.88,24.29,-512.02
####,7/26/2026 18:46,15.88,24.24,-512.02
####,7/26/2026 19:01,15.89,24.19,-512.02
####,7/26/2026 19:16,15.89,24.15,-512.02
####,7/26/2026 19:31,15.89,24.1,-512.02
####,7/26/2026 19:46,15.89,24.05,-512.02
####,7/26/2026 20:01,15.89,24,-512.02
####,7/26/2026 20:16,15.89,23.91,-512.02
####,7/26/2026 20:31,15.9,23.81,-512.02
####,7/26/2026 20:46,15.9,23.71,-512.02
####,7/26/2026 21:01,15.9,23.62,-512.02
####,7/26/2026 21:16,15.91,23.5,-512.02
####,7/26/2026 21:31,15.91,23.4,-512.02
####,7/26/2026 21:46,15.91,23.28,-512.02
####,7/26/2026 22:01,10.08,23.21,-183.85
####,7/26/2026 22:16,9.2,23.11,-134.38
####,7/26/2026 22:31,10.13,23.02,-186.4
####,7/26/2026 22:46,11.16,22.94,-244.57
####,7/26/2026 23:01,13.16,22.87,-356.53
####,7/26/2026 23:16,14.94,22.85,-456.8
####,7/26/2026 23:31,15.92,22.9,-512.02
####,7/26/2026 23:46,15.92,22.9,-512.02
####,7/27/2026 0:01,15.92,22.99,-512.02
####,7/27/2026 0:16,15.92,23.09,-512.02
####,7/27/2026 0:31,15.92,23.18,-512.02
####,7/27/2026 0:46,15.91,23.23,-512.02
####,7/27/2026 1:01,15.91,23.28,-512.02
####,7/27/2026 1:16,15.91,23.38,-512.02
####,7/27/2026 1:31,15.91,23.42,-512.02
####,7/27/2026 1:46,15.91,23.47,-512.02
####,7/27/2026 2:01,15.91,23.5,-512.02
####,7/27/2026 2:16,15.91,23.52,-512.02
####,7/27/2026 2:31,15.9,23.54,-512.02
####,7/27/2026 2:46,13.97,23.54,-403.32
####,7/27/2026 3:01,10.96,23.54,-233.8
####,7/27/2026 3:16,9.39,23.54,-145
####,7/27/2026 3:31,11.52,23.54,-265.15
####,7/27/2026 3:46,13.73,23.52,-389.57
####,7/27/2026 4:01,14.82,23.5,-451.03
####,7/27/2026 4:16,15.88,23.47,-510.64
####,7/27/2026 4:31,15.91,23.45,-512.02
####,7/27/2026 4:46,15.91,23.42,-512.02
####,7/27/2026 5:01,15.91,23.4,-512.02
####,7/27/2026 5:16,15.91,23.38,-512.02
####,7/27/2026 5:31,15.91,23.35,-512.02
####,7/27/2026 5:46,15.91,23.33,-512.02
####,7/27/2026 6:01,15.91,23.3,-512.02
####,7/27/2026 6:16,15.91,23.3,-512.02
####,7/27/2026 6:31,15.92,23.18,-512.02
####,7/27/2026 6:46,15.91,23.21,-512.02
####,7/27/2026 7:01,15.91,23.26,-512.02
####,7/27/2026 7:16,15.91,23.28,-512.02
####,7/27/2026 7:31,15.91,23.23,-512.02
####,7/27/2026 7:46,15.92,23.16,-512.02
####,7/27/2026 8:01,15.92,23.14,-512.02
####,7/27/2026 8:16,15.92,23.06,-512.02
####,7/27/2026 8:31,15.92,22.97,-512.02
####,7/27/2026 8:46,15.92,22.9,-512.02
####,7/27/2026 9:01,15.93,22.78,-512.02
####,7/27/2026 9:16,15.93,22.68,-512.02
####,7/27/2026 9:31,15.93,22.63,-512.02
####,7/27/2026 9:46,15.93,22.63,-512.02
####,7/27/2026 10:01,15.93,22.63,-512.02
####,7/27/2026 10:16,15.93,22.61,-512.02
####,7/27/2026 10:31,15.93,22.56,-512.02
####,7/27/2026 10:46,15.94,22.49,-512.02
####,7/27/2026 11:01,14.83,22.44,-449.75
####,7/27/2026 11:16,14.03,22.37,-404.67
####,7/27/2026 11:31,15.21,22.37,-471.01
####,7/27/2026 11:46,14.76,22.37,-445.67
####,7/27/2026 12:01,14.14,22.39,-411.08
####,7/27/2026 12:16,14.05,22.56,-406.18
####,7/27/2026 12:31,13.74,22.8,-389.17
####,7/27/2026 12:46,13.16,22.9,-356.82
####,7/27/2026 13:01,12.52,22.82,-320.67
####,7/27/2026 13:16,12.71,22.87,-331.4
####,7/27/2026 13:31,12.59,23.04,-324.93
####,7/27/2026 13:46,11.98,23.28,-290.79
####,7/27/2026 14:01,12.9,23.47,-342.99
####,7/27/2026 14:16,12.98,23.52,-347.43
####,7/27/2026 14:31,13.16,23.57,-357.37
####,7/27/2026 14:46,13.6,23.59,-382.09
####,7/27/2026 15:01,15.07,23.64,-465.19
####,7/27/2026 15:16,13.61,23.86,-383.29
####,7/27/2026 15:31,15.51,23.93,-490.34
####,7/27/2026 15:46,15.69,23.98,-500.47
####,7/27/2026 16:01,15.89,24.05,-512.02
####,7/27/2026 16:16,15.89,24.12,-512.02
####,7/27/2026 16:31,15.89,24.15,-512.02
####,7/27/2026 16:46,15.89,24.17,-512.02
####,7/27/2026 17:01,15.88,24.22,-512.02
####,7/27/2026 17:16,15.88,24.24,-512.02
####,7/27/2026 17:31,15.88,24.27,-512.02
####,7/27/2026 17:46,15.88,24.29,-512.02
####,7/27/2026 18:01,15.88,24.32,-512.02
####,7/27/2026 18:16,15.88,24.32,-512.02
####,7/27/2026 18:31,15.88,24.24,-512.02
####,7/27/2026 18:46,15.89,24.15,-512.02
####,7/27/2026 19:01,15.89,24.1,-512.02
####,7/27/2026 19:16,15.89,24.07,-512.02
####,7/27/2026 19:31,15.89,24,-512.02
####,7/27/2026 19:46,15.89,23.95,-512.02
####,7/27/2026 20:01,15.89,23.88,-512.02
####,7/27/2026 20:16,15.9,23.79,-512.02
####,7/27/2026 20:31,15.9,23.74,-512.02
####,7/27/2026 20:46,15.9,23.64,-512.02
####,7/27/2026 21:01,15.9,23.59,-512.02
####,7/27/2026 21:16,15.9,23.54,-512.02
####,7/27/2026 21:31,15.91,23.5,-512.02
####,7/27/2026 21:46,15.91,23.4,-512.02
####,7/27/2026 22:01,15.91,23.3,-512.02
####,7/27/2026 22:16,15.92,23.16,-512.02
####,7/27/2026 22:31,13.54,23.09,-378.42
####,7/27/2026 22:46,10.18,22.99,-189.24
####,7/27/2026 23:01,15.92,22.94,-512.02
####,7/27/2026 23:16,15.92,22.87,-512.02
####,7/27/2026 23:31,15.93,22.82,-512.02
####,7/27/2026 23:46,15.93,22.78,-512.02
####,7/28/2026 0:01,15.93,22.73,-512.02
####,7/28/2026 0:16,15.93,22.75,-512.02
####,7/28/2026 0:31,15.93,22.73,-512.02
####,7/28/2026 0:46,15.81,22.8,-505.5
####,7/28/2026 1:01,15.05,22.87,-462.73
####,7/28/2026 1:16,13.71,22.99,-387.59
####,7/28/2026 1:31,13.42,23.02,-371.53
####,7/28/2026 1:46,13.59,23.09,-381.34
####,7/28/2026 2:01,13.54,23.16,-378.43
####,7/28/2026 2:16,13.19,23.23,-358.78
####,7/28/2026 2:31,12.87,23.26,-341.06
####,7/28/2026 2:46,12.79,23.3,-336.31
####,7/28/2026 3:01,12.4,23.33,-314.71
####,7/28/2026 3:16,14.03,23.35,-406.01
####,7/28/2026 3:31,14.01,23.35,-405.32
####,7/28/2026 3:46,15.69,23.38,-499.91
####,7/28/2026 4:01,15.91,23.4,-512.02
####,7/28/2026 4:16,15.91,23.4,-512.02
####,7/28/2026 4:31,15.91,23.4,-512.02
####,7/28/2026 4:46,15.91,23.4,-512.02
####,7/28/2026 5:01,15.91,23.4,-512.02
####,7/28/2026 5:16,14.86,23.4,-453.03
####,7/28/2026 5:31,15.91,23.38,-512.02
####,7/28/2026 5:46,15.91,23.4,-512.02
####,7/28/2026 6:01,15.91,23.4,-512.02
####,7/28/2026 6:16,15.91,23.4,-512.02
####,7/28/2026 6:31,15.91,23.4,-512.02
####,7/28/2026 6:46,15.91,23.4,-512.02
####,7/28/2026 7:01,15.91,23.4,-512.02
####,7/28/2026 7:16,15.91,23.38,-512.02
####,7/28/2026 7:31,15.91,23.4,-512.02
####,7/28/2026 7:46,15.91,23.38,-512.02
####,7/28/2026 8:01,15.91,23.3,-512.02
####,7/28/2026 8:16,15.91,23.3,-512.02
####,7/28/2026 8:31,15.91,23.26,-512.02
####,7/28/2026 8:46,15.91,23.23,-512.02
####,7/28/2026 9:01,15.91,23.21,-512.02
####,7/28/2026 9:16,15.92,23.14,-512.02
####,7/28/2026 9:31,15.92,23.09,-512.02
####,7/28/2026 9:46,15.92,22.97,-512.02
####,7/28/2026 10:01,15.92,22.9,-512.02
####,7/28/2026 10:16,15.93,22.85,-512.02
####,7/28/2026 10:31,15.93,22.82,-512.02
####,7/28/2026 10:46,15.93,22.8,-512.02
####,7/28/2026 11:01,15.93,22.75,-512.02
####,7/28/2026 11:16,12.21,22.7,-303.07
####,7/28/2026 11:31,8.94,22.66,-119.32
####,7/28/2026 11:46,9.13,22.63,-130.21
####,7/28/2026 12:01,10.07,22.61,-182.96
####,7/28/2026 12:16,11.88,22.63,-284.46
####,7/28/2026 12:31,14.31,22.66,-421.11
####,7/28/2026 12:46,15.93,22.63,-512.02
####,7/28/2026 13:01,15.93,22.73,-512.02
####,7/28/2026 13:16,15.92,22.87,-512.02
####,7/28/2026 13:31,15.92,23.14,-512.02
####,7/28/2026 13:46,15.92,23.02,-512.02
####,7/28/2026 14:01,15.92,23.02,-512.02
####,7/28/2026 14:16,15.91,23.21,-512.02
####,7/28/2026 14:31,15.91,23.42,-512.02
####,7/28/2026 14:46,15.9,23.54,-512.02
####,7/28/2026 15:01,15.9,23.59,-512.02
####,7/28/2026 15:16,15.9,23.66,-512.02
####,7/28/2026 15:31,15.9,23.76,-512.02
####,7/28/2026 15:46,15.8,23.83,-506.47
####,7/28/2026 16:01,13.1,23.88,-354.28
####,7/28/2026 16:16,12.34,23.88,-311.49
####,7/28/2026 16:31,15.09,23.88,-466.7
####,7/28/2026 16:46,10.67,23.88,-217.4
####,7/28/2026 17:01,15.64,23.88,-497.87
####,7/28/2026 17:16,15.89,23.91,-512.02
####,7/28/2026 17:31,15.89,23.93,-512.02
####,7/28/2026 17:46,15.89,23.95,-512.02
####,7/28/2026 18:01,15.89,23.98,-512.02
####,7/28/2026 18:16,15.89,24.03,-512.02
####,7/28/2026 18:31,15.89,24.05,-512.02
####,7/28/2026 18:46,15.89,24.07,-512.02
####,7/28/2026 19:01,15.89,24.03,-512.02
####,7/28/2026 19:16,15.89,24,-512.02
####,7/28/2026 19:31,15.89,23.95,-512.02
####,7/28/2026 19:46,15.89,23.95,-512.02
####,7/28/2026 20:01,15.89,23.91,-512.02
####,7/28/2026 20:16,15.9,23.86,-512.02
####,7/28/2026 20:31,15.9,23.81,-512.02
####,7/28/2026 20:46,15.9,23.71,-512.02
####,7/28/2026 21:01,15.9,23.62,-512.02
####,7/28/2026 21:16,15.91,23.5,-512.02
####,7/28/2026 21:31,15.91,23.4,-512.02
####,7/28/2026 21:46,15.91,23.33,-512.02
####,7/28/2026 22:01,15.52,23.3,-490.06
####,7/28/2026 22:16,15.91,23.3,-512.02
####,7/28/2026 22:31,15.05,23.26,-463.42
####,7/28/2026 22:46,9.06,23.21,-126.61
####,7/28/2026 23:01,9.57,23.14,-155.13
####,7/28/2026 23:16,15.92,23.06,-512.02
####,7/28/2026 23:31,12.94,22.99,-344.45
####,7/28/2026 23:46,15.92,22.94,-512.02
####,7/29/2026 0:01,15.92,22.87,-512.02
####,7/29/2026 0:16,15.93,22.85,-512.02
####,7/29/2026 0:31,15.93,22.78,-512.02
####,7/29/2026 0:46,15.93,22.75,-512.02
####,7/29/2026 1:01,15.93,22.73,-512.02
####,7/29/2026 1:16,15.93,22.7,-512.02
####,7/29/2026 1:31,15.93,22.73,-512.02
####,7/29/2026 1:46,15.86,22.78,-508.37
####,7/29/2026 2:01,15.63,22.85,-495.47
####,7/29/2026 2:16,15.3,22.9,-476.91
####,7/29/2026 2:31,15.33,22.97,-478.78
####,7/29/2026 2:46,15.44,23.02,-485.25
####,7/29/2026 3:01,15.5,23.06,-488.23
####,7/29/2026 3:16,15.64,23.11,-496.27
####,7/29/2026 3:31,15.34,23.16,-479.59
####,7/29/2026 3:46,15.41,23.18,-483.33
####,7/29/2026 4:01,15.88,23.23,-509.83
####,7/29/2026 4:16,15.91,23.26,-512.02
####,7/29/2026 4:31,15.91,23.3,-512.02
####,7/29/2026 4:46,15.91,23.33,-512.02
####,7/29/2026 5:01,15.91,23.35,-512.02
####,7/29/2026 5:16,15.91,23.38,-512.02
####,7/29/2026 5:31,15.91,23.38,-512.02
####,7/29/2026 5:46,15.89,23.4,-510.72
####,7/29/2026 6:01,15.91,23.4,-512.02
####,7/29/2026 6:16,15.91,23.4,-512.02
####,7/29/2026 6:31,15.91,23.42,-512.02
####,7/29/2026 6:46,15.91,23.42,-512.02
####,7/29/2026 7:01,15.91,23.42,-512.02
####,7/29/2026 7:16,15.91,23.42,-512.02
####,7/29/2026 7:31,15.91,23.42,-512.02
####,7/29/2026 7:46,15.91,23.42,-512.02
####,7/29/2026 8:01,15.91,23.38,-512.02
####,7/29/2026 8:16,14.48,23.38,-431.84
####,7/29/2026 8:31,15.91,23.38,-512.02
####,7/29/2026 8:46,15.91,23.28,-512.02
####,7/29/2026 9:01,15.91,23.26,-512.02
####,7/29/2026 9:16,15.91,23.21,-512.02
####,7/29/2026 9:31,15.92,23.16,-512.02
####,7/29/2026 9:46,15.92,23.06,-512.02
####,7/29/2026 10:01,15.92,22.97,-512.02
####,7/29/2026 10:16,15.92,22.9,-512.02
####,7/29/2026 10:31,15.93,22.78,-512.02
####,7/29/2026 10:46,15.93,22.73,-512.02
####,7/29/2026 11:01,15.93,22.68,-512.02
####,7/29/2026 11:16,15.93,22.66,-512.02
####,7/29/2026 11:31,15.93,22.63,-512.02
####,7/29/2026 11:46,12.32,22.58,-308.93
####,7/29/2026 12:01,9.07,22.51,-126.55
####,7/29/2026 12:16,13.62,22.44,-382
####,7/29/2026 12:31,15.46,22.35,-485.31
####,7/29/2026 12:46,13.68,22.32,-385.29
####,7/29/2026 13:01,15.92,22.32,-511.02
####,7/29/2026 13:16,15.94,22.3,-512.02
####,7/29/2026 13:31,15.94,22.3,-512.02
####,7/29/2026 13:46,15.94,22.35,-512.02
####,7/29/2026 14:01,15.94,22.42,-512.02
####,7/29/2026 14:16,15.94,22.47,-512.02
####,7/29/2026 14:31,15.94,22.51,-512.02
####,7/29/2026 14:46,15.93,22.54,-512.02
####,7/29/2026 15:01,15.93,22.58,-512.02
####,7/29/2026 15:16,15.93,22.61,-512.02
####,7/29/2026 15:31,15.93,22.63,-512.02
####,7/29/2026 15:46,15.93,22.66,-512.02
####,7/29/2026 16:01,15.93,22.7,-512.02
####,7/29/2026 16:16,15.93,22.73,-512.02
####,7/29/2026 16:31,15.93,22.75,-512.02
####,7/29/2026 16:46,15.93,22.8,-512.02
####,7/29/2026 17:01,15.93,22.85,-512.02
####,7/29/2026 17:16,15.92,22.9,-512.02
####,7/29/2026 17:31,15.92,22.92,-512.02
####,7/29/2026 17:46,15.92,22.97,-512.02
####,7/29/2026 18:01,15.92,22.99,-512.02
####,7/29/2026 18:16,15.92,23.02,-512.02
####,7/29/2026 18:31,15.92,23.04,-512.02
####,7/29/2026 18:46,15.92,23.06,-512.02
####,7/29/2026 19:01,15.92,23.06,-512.02
####,7/29/2026 19:16,15.92,23.06,-512.02
####,7/29/2026 19:31,15.92,23.09,-512.02
####,7/29/2026 19:46,15.92,22.99,-512.02
####,7/29/2026 20:01,15.92,22.92,-512.02
####,7/29/2026 20:16,15.92,22.99,-512.02
####,7/29/2026 20:31,15.92,22.94,-512.02
####,7/29/2026 20:46,15.93,22.85,-512.02
####,7/29/2026 21:01,15.93,22.8,-512.02
####,7/29/2026 21:16,15.93,22.7,-512.02
####,7/29/2026 21:31,15.93,22.56,-512.02
####,7/29/2026 21:46,15.94,22.39,-512.02
####,7/29/2026 22:01,15.94,22.3,-512.02
####,7/29/2026 22:16,15.95,22.15,-512.02
####,7/29/2026 22:31,15.95,22.06,-512.02
####,7/29/2026 22:46,15.95,21.99,-512.02
####,7/29/2026 23:01,14.88,21.91,-452.15
####,7/29/2026 23:16,15.96,21.87,-512.02
####,7/29/2026 23:31,15.96,21.77,-512.02
####,7/29/2026 23:46,15.48,21.7,-485.37
####,7/30/2026 0:01,13.97,21.58,-400.7
####,7/30/2026 0:16,10.7,21.51,-217.8
####,7/30/2026 0:31,9.54,21.44,-152.63
####,7/30/2026 0:46,12.94,21.37,-342.64
####,7/30/2026 1:01,12.98,21.32,-345.06
####,7/30/2026 1:16,15.97,21.22,-512.02
####,7/30/2026 1:31,11.59,21.17,-267.13
####,7/30/2026 1:46,12.59,21.1,-322.79
####,7/30/2026 2:01,12.96,21.15,-343.43
####,7/30/2026 2:16,12.31,21.1,-307.18
####,7/30/2026 2:31,10.87,21.22,-226.59
####,7/30/2026 2:46,11.3,21.27,-250.98
####,7/30/2026 3:01,12.04,21.37,-292.23
####,7/30/2026 3:16,12.99,21.41,-345.6
####,7/30/2026 3:31,12.76,21.46,-332.46
####,7/30/2026 3:46,11.94,21.56,-286.85
####,7/30/2026 4:01,12.34,21.6,-309.42
####,7/30/2026 4:16,15.96,21.68,-512.02
####,7/30/2026 4:31,15.96,21.75,-512.02
####,7/30/2026 4:46,15.96,21.82,-512.02
####,7/30/2026 5:01,15.28,21.89,-473.98
####,7/30/2026 5:16,15.81,21.94,-503.97
####,7/30/2026 5:31,15.89,21.96,-508.5
####,7/30/2026 5:46,12.26,21.99,-305.15
####,7/30/2026 6:01,9.71,22.01,-162.49
####,7/30/2026 6:16,8.46,22.03,-92.27
####,7/30/2026 6:31,8.76,22.03,-109.49
####,7/30/2026 6:46,15.3,22.06,-475.53
####,7/30/2026 7:01,15.95,22.06,-512.02
####,7/30/2026 7:16,15.95,22.06,-512.02
####,7/30/2026 7:31,15.95,22.06,-512.02
####,7/30/2026 7:46,15.95,22.06,-512.02
####,7/30/2026 8:01,15.95,22.06,-512.02
####,7/30/2026 8:16,15.95,22.06,-512.02
####,7/30/2026 8:31,15.95,22.03,-512.02
####,7/30/2026 8:46,15.95,22.03,-512.02
####,7/30/2026 9:01,15.95,21.94,-512.02
####,7/30/2026 9:16,15.95,22.01,-512.02
####,7/30/2026 9:31,15.95,21.91,-512.02
####,7/30/2026 9:46,15.96,21.84,-512.02
####,7/30/2026 10:01,15.96,21.8,-512.02
####,7/30/2026 10:16,15.96,21.72,-512.02
####,7/30/2026 10:31,15.96,21.6,-512.02
####,7/30/2026 10:46,15.97,21.49,-512.02
####,7/30/2026 11:01,15.97,21.34,-512.02
####,7/30/2026 11:16,15.97,21.25,-512.02
####,7/30/2026 11:31,15.98,21.2,-512.02
####,7/30/2026 11:46,15.98,21.17,-512.02
####,7/30/2026 12:01,15.98,21.17,-512.02
####,7/30/2026 12:16,15.98,21.15,-512.02
####,7/30/2026 12:31,10.99,21.13,-233.59
####,7/30/2026 12:46,14.93,21.08,-453.23
####,7/30/2026 13:01,15.98,21.06,-512.02
####,7/30/2026 13:16,15.98,21.03,-512.02
####,7/30/2026 13:31,15.98,21.03,-512.02
####,7/30/2026 13:46,15.98,21.06,-512.02
####,7/30/2026 14:01,15.98,21.06,-512.02
####,7/30/2026 14:16,15.98,21.08,-512.02
####,7/30/2026 14:31,15.98,21.2,-512.02
####,7/30/2026 14:46,15.97,21.32,-512.02
####,7/30/2026 15:01,15.97,21.46,-512.02
####,7/30/2026 15:16,15.97,21.53,-512.02
####,7/30/2026 15:31,15.96,21.63,-512.02
####,7/30/2026 15:46,15.96,21.7,-512.02
####,7/30/2026 16:01,15.96,21.75,-512.02
####,7/30/2026 16:16,15.96,21.82,-512.02
####,7/30/2026 16:31,15.95,21.91,-512.02
####,7/30/2026 16:46,15.95,21.96,-512.02
####,7/30/2026 17:01,15.95,22.03,-512.02
####,7/30/2026 17:16,15.95,22.11,-512.02
####,7/30/2026 17:31,15.95,22.18,-512.02
####,7/30/2026 17:46,15.61,22.23,-493.36
####,7/30/2026 18:01,15.94,22.27,-512.02
####,7/30/2026 18:16,15.94,22.32,-512.02
####,7/30/2026 18:31,15.94,22.35,-512.02
####,7/30/2026 18:46,15.94,22.37,-512.02
####,7/30/2026 19:01,15.94,22.39,-512.02
####,7/30/2026 19:16,15.94,22.42,-512.02
####,7/30/2026 19:31,15.94,22.44,-512.02
####,7/30/2026 19:46,15.94,22.47,-512.02
####,7/30/2026 20:01,15.94,22.47,-512.02
####,7/30/2026 20:16,15.94,22.47,-512.02
####,7/30/2026 20:31,15.94,22.42,-512.02
####,7/30/2026 20:46,15.94,22.39,-512.02
####,7/30/2026 21:01,15.94,22.39,-512.02
####,7/30/2026 21:16,15.94,22.35,-512.02
####,7/30/2026 21:31,15.94,22.27,-512.02
####,7/30/2026 21:46,15.94,22.2,-512.02
####,7/30/2026 22:01,15.95,22.11,-512.02
####,7/30/2026 22:16,15.95,21.96,-512.02
####,7/30/2026 22:31,15.96,21.84,-512.02
####,7/30/2026 22:46,15.96,21.7,-512.02
####,7/30/2026 23:01,15.96,21.6,-512.02
####,7/30/2026 23:16,15.96,21.56,-512.02
####,7/30/2026 23:31,15.97,21.51,-512.02
####,7/30/2026 23:46,15.97,21.44,-512.02
####,7/31/2026 0:01,15.97,21.34,-512.02
####,7/31/2026 0:16,15.03,21.27,-459.09
####,7/31/2026 0:31,13.32,21.17,-363.59
####,7/31/2026 0:46,15.91,21.1,-508.47
####,7/31/2026 1:01,15.98,21.06,-512.02
####,7/31/2026 1:16,15.98,21.03,-512.02
####,7/31/2026 1:31,15.98,20.98,-512.02
####,7/31/2026 1:46,15.11,20.94,-463.03
####,7/31/2026 2:01,15.98,20.91,-512.02
####,7/31/2026 2:16,12.99,20.89,-345.03
####,7/31/2026 2:31,15.98,20.89,-512.02
####,7/31/2026 2:46,15.99,20.86,-512.02
####,7/31/2026 3:01,15.98,20.94,-512.02
####,7/31/2026 3:16,15.98,20.98,-512.02
####,7/31/2026 3:31,15.98,21.06,-512.02
####,7/31/2026 3:46,15.98,21.1,-512.02
####,7/31/2026 4:01,15.98,21.17,-512.02
####,7/31/2026 4:16,14.46,21.25,-427.22
####,7/31/2026 4:31,15.97,21.32,-512.02
####,7/31/2026 4:46,15.97,21.39,-512.02
####,7/31/2026 5:01,15.97,21.46,-512.02
####,7/31/2026 5:16,15.97,21.53,-512.02
####,7/31/2026 5:31,15.96,21.58,-512.02
####,7/31/2026 5:46,15.96,21.65,-512.02
####,7/31/2026 6:01,15.96,21.7,-512.02
####,7/31/2026 6:16,15.96,21.72,-512.02
####,7/31/2026 6:31,15.96,21.77,-512.02
####,7/31/2026 6:46,15.96,21.82,-512.02
####,7/31/2026 7:01,15.77,21.84,-501.36
####,7/31/2026 7:16,15.96,21.87,-512.02
####,7/31/2026 7:31,15.95,21.89,-512.02
####,7/31/2026 7:46,15.95,21.94,-512.02
####,7/31/2026 8:01,15.95,21.96,-512.02
####,7/31/2026 8:16,15.95,22.01,-512.02
####,7/31/2026 8:31,15.95,22.08,-512.02
####,7/31/2026 8:46,15.95,22.13,-512.02
####,7/31/2026 9:01,15.94,22.2,-512.02
####,7/31/2026 9:16,15.94,22.3,-512.02
####,7/31/2026 9:31,15.94,22.32,-512.02
####,7/31/2026 9:46,15.94,22.25,-512.02
####,7/31/2026 10:01,15.95,22.13,-512.02
####,7/31/2026 10:16,15.95,22.08,-512.02
####,7/31/2026 10:31,15.95,22.08,-512.02
####,7/31/2026 10:46,15.95,22.06,-512.02
####,7/31/2026 11:01,15.95,22.08,-512.02
####,7/31/2026 11:16,15.95,22.06,-512.02
####,7/31/2026 11:31,15.95,21.96,-512.02
####,7/31/2026 11:46,12.08,21.94,-295.29
####,7/31/2026 12:01,13.59,21.84,-379.68
####,7/31/2026 12:16,15.96,21.72,-512.02
####,7/31/2026 12:31,15.96,21.6,-512.02
####,7/31/2026 12:46,15.97,21.53,-512.02
####,7/31/2026 13:01,15.01,21.49,-458.44
####,7/31/2026 13:16,15.97,21.49,-512.02
####,7/31/2026 13:31,15.97,21.46,-512.02
####,7/31/2026 13:46,15.97,21.46,-512.02
####,7/31/2026 14:01,15.97,21.44,-512.02
####,7/31/2026 14:16,15.97,21.44,-512.02
####,7/31/2026 14:31,15.97,21.46,-512.02
####,7/31/2026 14:46,15.97,21.49,-512.02
####,7/31/2026 15:01,15.96,21.6,-512.02
####,7/31/2026 15:16,15.96,21.82,-512.02
####,7/31/2026 15:31,15.96,21.72,-512.02
####,7/31/2026 15:46,15.96,21.75,-512.02
####,7/31/2026 16:01,10.64,21.94,-214.76
####,7/31/2026 16:16,10.34,22.06,-197.68
####,7/31/2026 16:31,9.93,22.13,-175.07
####,7/31/2026 16:46,10.08,22.2,-183.41
####,7/31/2026 17:01,10.48,22.27,-205.94
####,7/31/2026 17:16,10.1,22.37,-184.77
####,7/31/2026 17:31,10.49,22.47,-206.44
####,7/31/2026 17:46,9.94,22.54,-175.4
####,7/31/2026 18:01,9.6,22.61,-156.68
####,7/31/2026 18:16,15.04,22.63,-461.98
####,7/31/2026 18:31,15.93,22.68,-512.02
####,7/31/2026 18:46,15.93,22.7,-512.02
####,7/31/2026 19:01,15.79,22.7,-504.09
####,7/31/2026 19:16,15.93,22.73,-512.02
####,7/31/2026 19:31,15.93,22.73,-512.02
####,7/31/2026 19:46,15.93,22.75,-512.02
####,7/31/2026 20:01,15.93,22.75,-512.02
####,7/31/2026 20:16,15.93,22.78,-512.02
####,7/31/2026 20:31,15.93,22.78,-512.02
####,7/31/2026 20:46,15.93,22.78,-512.02
####,7/31/2026 21:01,15.93,22.78,-512.02
####,7/31/2026 21:16,15.93,22.7,-512.02
####,7/31/2026 21:31,15.93,22.73,-512.02
####,7/31/2026 21:46,15.93,22.73,-512.02
####,7/31/2026 22:01,15.93,22.7,-512.02
####,7/31/2026 22:16,15.93,22.66,-512.02
####,7/31/2026 22:31,15.93,22.61,-512.02
####,7/31/2026 22:46,15.94,22.49,-512.02
####,7/31/2026 23:01,15.94,22.37,-512.02
####,7/31/2026 23:16,15.94,22.25,-512.02
####,7/31/2026 23:31,12.42,22.15,-314.46
####,7/31/2026 23:46,15.95,22.15,-512.02
####,8/1/2026 0:01,15.95,22.15,-512.02
####,8/1/2026 0:16,15.49,22.13,-486.41
####,8/1/2026 0:31,15.95,22.06,-512.02
####,8/1/2026 0:46,11.04,21.96,-237.05
####,8/1/2026 1:01,15.96,21.87,-512.02
####,8/1/2026 1:16,15.96,21.8,-512.02
####,8/1/2026 1:31,15.96,21.72,-512.02
####,8/1/2026 1:46,15.96,21.7,-512.02
####,8/1/2026 2:01,15.96,21.65,-512.02
####,8/1/2026 2:16,15.96,21.63,-512.02
####,8/1/2026 2:31,15.96,21.6,-512.02
####,8/1/2026 2:46,15.96,21.58,-512.02
####,8/1/2026 3:01,15.96,21.58,-512.02
####,8/1/2026 3:16,15.96,21.56,-512.02
####,8/1/2026 3:31,15.96,21.6,-512.02
####,8/1/2026 3:46,15.96,21.68,-512.02
####,8/1/2026 4:01,15.96,21.72,-512.02
####,8/1/2026 4:16,15.96,21.77,-512.02
####,8/1/2026 4:31,15.96,21.84,-512.02
####,8/1/2026 4:46,15.95,21.91,-512.02
####,8/1/2026 5:01,15.95,21.99,-512.02
####,8/1/2026 5:16,15.95,22.01,-512.02
####,8/1/2026 5:31,15.95,22.03,-512.02
####,8/1/2026 5:46,15.95,22.08,-512.02
####,8/1/2026 6:01,15.95,22.11,-512.02
####,8/1/2026 6:16,15.95,22.13,-512.02
####,8/1/2026 6:31,15.95,22.15,-512.02
####,8/1/2026 6:46,15.95,22.18,-512.02
####,8/1/2026 7:01,15.94,22.23,-512.02
####,8/1/2026 7:16,15.47,22.27,-485.53
####,8/1/2026 7:31,15.94,22.32,-512.02
####,8/1/2026 7:46,15.5,22.37,-487.26
####,8/1/2026 8:01,15.94,22.42,-512.02
####,8/1/2026 8:16,15.94,22.49,-512.02
####,8/1/2026 8:31,15.93,22.54,-512.02
####,8/1/2026 8:46,15.93,22.63,-512.02
####,8/1/2026 9:01,15.93,22.75,-512.02
####,8/1/2026 9:16,15.93,22.85,-512.02
####,8/1/2026 9:31,15.92,22.97,-512.02
####,8/1/2026 9:46,15.92,23.16,-512.02
####,8/1/2026 10:01,15.91,23.23,-512.02
####,8/1/2026 10:16,15.92,23.09,-512.02
####,8/1/2026 10:31,15.92,22.94,-512.02
####,8/1/2026 10:46,15.93,22.85,-512.02
####,8/1/2026 11:01,15.92,22.9,-512.02
####,8/1/2026 11:16,15.92,22.94,-512.02
####,8/1/2026 11:31,15.92,23.16,-512.02
####,8/1/2026 11:46,15.91,23.26,-512.02
####,8/1/2026 12:01,15.92,23.18,-512.02
####,8/1/2026 12:16,15.91,23.23,-512.02
####,8/1/2026 12:31,15.92,23.18,-512.02
####,8/1/2026 12:46,15.92,23.09,-512.02
####,8/1/2026 13:01,15.92,22.99,-512.02
####,8/1/2026 13:16,15.92,22.94,-512.02
####,8/1/2026 13:31,15.68,22.97,-498.23
####,8/1/2026 13:46,15.92,22.97,-512.02
####,8/1/2026 14:01,15.62,22.94,-495.22
####,8/1/2026 14:16,15.92,22.92,-512.02
####,8/1/2026 14:31,15.92,22.87,-512.02
####,8/1/2026 14:46,15.93,22.85,-512.02
####,8/1/2026 15:01,15.93,22.85,-512.02
####,8/1/2026 15:16,15.93,22.85,-512.02
####,8/1/2026 15:31,15.92,22.92,-512.02
####,8/1/2026 15:46,15.92,23.18,-512.02
####,8/1/2026 16:01,15.91,23.3,-512.02
####,8/1/2026 16:16,15.91,23.28,-512.02
####,8/1/2026 16:31,15.91,23.4,-512.02
####,8/1/2026 16:46,15.91,23.45,-512.02
####,8/1/2026 17:01,15.82,23.47,-507.14
####,8/1/2026 17:16,15.91,23.52,-512.02
####,8/1/2026 17:31,15.9,23.57,-512.02
####,8/1/2026 17:46,15.9,23.62,-512.02
####,8/1/2026 18:01,15.9,23.64,-512.02
####,8/1/2026 18:16,15.9,23.69,-512.02
####,8/1/2026 18:31,15.9,23.71,-512.02
####,8/1/2026 18:46,15.9,23.71,-512.02
####,8/1/2026 19:01,15.9,23.71,-512.02
####,8/1/2026 19:16,15.9,23.71,-512.02
####,8/1/2026 19:31,15.9,23.71,-512.02
####,8/1/2026 19:46,15.9,23.71,-512.02
####,8/1/2026 20:01,15.9,23.69,-512.02
####,8/1/2026 20:16,15.9,23.66,-512.02
####,8/1/2026 20:31,15.9,23.66,-512.02
####,8/1/2026 20:46,15.9,23.64,-512.02
####,8/1/2026 21:01,15.9,23.64,-512.02
####,8/1/2026 21:16,15.9,23.64,-512.02
####,8/1/2026 21:31,15.9,23.64,-512.02
####,8/1/2026 21:46,15.9,23.62,-512.02
####,8/1/2026 22:01,15.9,23.59,-512.02
####,8/1/2026 22:16,15.9,23.66,-512.02
####,8/1/2026 22:31,15.9,23.69,-512.02
####,8/1/2026 22:46,15.9,23.71,-512.02
####,8/1/2026 23:01,15.9,23.71,-512.02
####,8/1/2026 23:16,15.9,23.71,-512.02
####,8/1/2026 23:31,15.9,23.64,-512.02
####,8/1/2026 23:46,15.9,23.57,-512.02
####,8/2/2026 0:01,15.91,23.52,-512.02
####,8/2/2026 0:16,15.91,23.5,-512.02
####,8/2/2026 0:31,15.91,23.5,-512.02
####,8/2/2026 0:46,15.91,23.52,-512.02
####,8/2/2026 1:01,15.91,23.5,-512.02
####,8/2/2026 1:16,15.91,23.42,-512.02
####,8/2/2026 1:31,15.91,23.3,-512.02
####,8/2/2026 1:46,11.1,23.21,-241.21
####,8/2/2026 2:01,15.92,23.14,-512.02
####,8/2/2026 2:16,15.92,23.06,-512.02
####,8/2/2026 2:31,15.92,23.02,-512.02
####,8/2/2026 2:46,15.92,22.94,-512.02
####,8/2/2026 3:01,15.92,22.92,-512.02
####,8/2/2026 3:16,15.92,22.9,-512.02
####,8/2/2026 3:31,15.92,22.9,-512.02
####,8/2/2026 3:46,15.92,22.87,-512.02
####,8/2/2026 4:01,14.21,22.94,-415.84
####,8/2/2026 4:16,14.11,23.04,-410.42
####,8/2/2026 4:31,15.92,23.14,-512.02
####,8/2/2026 4:46,14.85,23.18,-452.11
####,8/2/2026 5:01,13.9,23.23,-398.67
####,8/2/2026 5:16,13.96,23.3,-402.45
####,8/2/2026 5:31,13.25,23.35,-362.5
####,8/2/2026 5:46,14.28,23.38,-420.51
####,8/2/2026 6:01,14.11,23.38,-410.79
####,8/2/2026 6:16,14.08,23.4,-409.23
####,8/2/2026 6:31,13.82,23.4,-394.4
####,8/2/2026 6:46,14.45,23.4,-429.89
####,8/2/2026 7:01,15.91,23.4,-512.02
####,8/2/2026 7:16,15.91,23.42,-512.02
####,8/2/2026 7:31,15.91,23.42,-512.02
####,8/2/2026 7:46,15.91,23.45,-512.02
####,8/2/2026 8:01,15.91,23.45,-512.02
####,8/2/2026 8:16,15.91,23.47,-512.02
####,8/2/2026 8:31,15.91,23.5,-512.02
####,8/2/2026 8:46,15.91,23.52,-512.02
####,8/2/2026 9:01,15.9,23.54,-512.02
####,8/2/2026 9:16,15.9,23.57,-512.02
####,8/2/2026 9:31,15.9,23.59,-512.02
####,8/2/2026 9:46,15.9,23.62,-512.02
####,8/2/2026 10:01,7.09,23.71,-15.58
####,8/2/2026 10:16,7.29,23.93,-27.14
####,8/2/2026 10:31,15.84,25.72,-512.02
####,8/2/2026 10:46,15.89,24.15,-512.02
####,8/2/2026 11:01,15.89,23.93,-512.02
####,8/2/2026 11:16,15.89,23.91,-512.02
####,8/2/2026 11:31,15.89,23.95,-512.02
####,8/2/2026 11:46,8.88,23.98,-116.6
####,8/2/2026 12:01,7.49,24.12,-38.05
####,8/2/2026 12:16,7.4,24.29,-33.13
####,8/2/2026 12:31,7.59,24.32,-43.74
####,8/2/2026 12:46,9.51,24.36,-152.46
####,8/2/2026 13:01,7.23,24.36,-23.59
####,8/2/2026 13:16,7.27,24.34,-25.81
####,8/2/2026 13:31,7.33,24.24,-29.11
####,8/2/2026 13:46,7.39,24.12,-32.77
####,8/2/2026 14:01,7.45,24.07,-35.99
####,8/2/2026 14:16,7.49,24.03,-38.27
####,8/2/2026 14:31,7.52,23.98,-39.97
####,8/2/2026 14:46,7.54,23.91,-41.19
####,8/2/2026 15:01,7.56,23.86,-42.25
####,8/2/2026 15:16,7.56,23.81,-42.38
####,8/2/2026 15:31,7.53,23.79,-40.75
####,8/2/2026 15:46,7.51,23.76,-39.17
####,8/2/2026 16:01,7.55,23.76,-41.88
####,8/2/2026 16:16,7.6,23.95,-44.2
####,8/2/2026 16:31,7.58,24.15,-43.58
####,8/2/2026 16:46,7.55,24.17,-41.72
####,8/2/2026 17:01,7.51,24.27,-39.52
####,8/2/2026 17:16,7.49,24.29,-38.47
####,8/2/2026 17:31,7.44,24.34,-35.67
####,8/2/2026 17:46,7.39,24.39,-32.61
####,8/2/2026 18:01,7.34,24.44,-29.94
####,8/2/2026 18:16,7.29,24.48,-27.2
####,8/2/2026 18:31,7.25,24.53,-24.91
####,8/2/2026 18:46,7.25,24.58,-24.86
####,8/2/2026 19:01,7.33,24.58,-29.19
####,8/2/2026 19:16,7.17,24.58,-20.05
####,8/2/2026 19:31,8.34,24.56,-86.57
####,8/2/2026 19:46,15.76,24.53,-505.31
####,8/2/2026 20:01,7.23,24.51,-23.45
####,8/2/2026 20:16,7.04,24.48,-12.91
####,8/2/2026 20:31,15.88,24.46,-512.02
####,8/2/2026 20:46,15.88,24.44,-512.02
####,8/2/2026 21:01,15.88,24.41,-512.02
####,8/2/2026 21:16,15.88,24.39,-512.02
####,8/2/2026 21:31,10.7,24.39,-219.77
####,8/2/2026 21:46,12.47,24.39,-319.63
####,8/2/2026 22:01,12.48,24.36,-320.32
####,8/2/2026 22:16,15.88,24.34,-512.02
####,8/2/2026 22:31,15.88,24.32,-512.02
####,8/2/2026 22:46,6.97,24.32,-8.78
####,8/2/2026 23:01,6.97,24.39,-9.17
####,8/2/2026 23:16,6.98,24.44,-9.58
####,8/2/2026 23:31,6.99,24.46,-9.95
####,8/2/2026 23:46,7,24.46,-10.81
####,8/3/2026 0:01,7.03,24.41,-12.08
####,8/3/2026 0:16,7.06,24.34,-14.17
####,8/3/2026 0:31,7.1,24.29,-16.53
####,8/3/2026 0:46,7.15,24.22,-18.95
####,8/3/2026 1:01,7.2,24.15,-22.09
####,8/3/2026 1:16,7.25,24.15,-24.5
####,8/3/2026 1:31,7.3,24.12,-27.47
####,8/3/2026 1:46,7.35,24.07,-30.44
####,8/3/2026 2:01,7.4,23.98,-33.05
####,8/3/2026 2:16,7.44,23.86,-35.36
####,8/3/2026 2:31,7.47,23.76,-37.11
####,8/3/2026 2:46,7.49,23.69,-38.38
####,8/3/2026 3:01,7.51,23.62,-39.55
####,8/3/2026 3:16,7.52,23.57,-39.99
####,8/3/2026 3:31,7.54,23.5,-40.99
####,8/3/2026 3:46,7.5,23.47,-38.69
####,8/3/2026 4:01,7.48,23.47,-37.52
####,8/3/2026 4:16,7.53,23.45,-40.72
####,8/3/2026 4:31,7.57,23.52,-42.69
####,8/3/2026 4:46,7.55,23.59,-41.39
####,8/3/2026 5:01,7.5,23.71,-39.03
####,8/3/2026 5:16,7.46,23.81,-36.61
####,8/3/2026 5:31,7.45,23.83,-35.74
####,8/3/2026 5:46,7.41,23.93,-33.88
####,8/3/2026 6:01,7.37,24,-31.34
####,8/3/2026 6:16,7.34,24.05,-29.97
####,8/3/2026 6:31,7.28,24.1,-26.47
####,8/3/2026 6:46,7.23,24.12,-23.39
####,8/3/2026 7:01,13.55,24.15,-379.93
####,8/3/2026 7:16,14.51,24.17,-434.61
####,8/3/2026 7:31,12.09,24.19,-297.63
####,8/3/2026 7:46,14.59,24.22,-439.23
####,8/3/2026 8:01,15.15,24.24,-470.37
####,8/3/2026 8:16,14.84,24.27,-453.08
####,8/3/2026 8:31,9.02,24.29,-124.68
####,8/3/2026 8:46,15.82,24.29,-508.59
####,8/3/2026 9:01,15.31,24.29,-479.58
####,8/3/2026 9:16,13.47,24.29,-376.03
####,8/3/2026 9:31,12.14,24.27,-300.62
####,8/3/2026 9:46,9.87,24.24,-172.61
####,8/3/2026 10:01,8.39,24.24,-89.16
####,8/3/2026 10:16,7.92,24.22,-62.56
####,8/3/2026 10:31,7.41,24.22,-33.74
####,8/3/2026 10:46,13.83,24.29,-395.93
####,8/3/2026 11:01,10.13,24.29,-187.19
####,8/3/2026 11:16,12.62,24.32,-327.73
####,8/3/2026 11:31,11.92,24.29,-288.51
####,8/3/2026 11:46,11.22,24.29,-248.57
####,8/3/2026 12:01,10.74,24.29,-221.9
####,8/3/2026 12:16,7.5,24.27,-38.89
####,8/3/2026 12:31,7.08,24.24,-15.02
####,8/3/2026 12:46,7.12,24.22,-17.44
####,8/3/2026 13:01,7.15,24.17,-18.88
####,8/3/2026 13:16,7.2,24.12,-21.86
####,8/3/2026 13:31,7.25,24.07,-24.66
####,8/3/2026 13:46,7.29,24.03,-26.84
####,8/3/2026 14:01,7.32,23.98,-28.47
####,8/3/2026 14:16,7.35,23.91,-30.64
####,8/3/2026 14:31,7.4,23.83,-33.08
####,8/3/2026 14:46,7.44,23.79,-35.24
####,8/3/2026 15:01,7.48,23.69,-37.61
####,8/3/2026 15:16,7.51,23.64,-39.38
####,8/3/2026 15:31,7.53,23.59,-40.49
####,8/3/2026 15:46,7.53,23.57,-40.66
####,8/3/2026 16:01,7.52,23.54,-40.09
####,8/3/2026 16:16,7.49,23.54,-38.44
####,8/3/2026 16:31,7.45,23.54,-35.88
####,8/3/2026 16:46,7.53,23.52,-40.31
####,8/3/2026 17:01,7.59,23.66,-44.1
####,8/3/2026 17:16,7.58,23.81,-43.1
####,8/3/2026 17:31,7.55,23.88,-41.53
####,8/3/2026 17:46,7.53,23.91,-40.42
####,8/3/2026 18:01,7.51,23.95,-39.45
####,8/3/2026 18:16,7.46,24.03,-36.8
####,8/3/2026 18:31,7.41,24.07,-33.84
####,8/3/2026 18:46,7.37,24.15,-31.31
####,8/3/2026 19:01,7.45,24.22,-36.11
####,8/3/2026 19:16,15.41,24.27,-485.14
####,8/3/2026 19:31,15.88,24.29,-512.02
####,8/3/2026 19:46,15.88,24.32,-512.02
####,8/3/2026 20:01,15.88,24.34,-512.02
####,8/3/2026 20:16,15.88,24.36,-512.02
####,8/3/2026 20:31,15.88,24.36,-512.02
####,8/3/2026 20:46,15.88,24.36,-512.02
####,8/3/2026 21:01,15.88,24.39,-512.02
####,8/3/2026 21:16,15.88,24.36,-512.02
####,8/3/2026 21:31,15.88,24.36,-512.02
####,8/3/2026 21:46,15.88,24.34,-512.02
####,8/3/2026 22:01,15.88,24.32,-512.02
####,8/3/2026 22:16,15.88,24.32,-512.02
####,8/3/2026 22:31,7.53,24.29,-40.72
####,8/3/2026 22:46,15.34,24.27,-481.59
####,8/3/2026 23:01,12.22,24.24,-305.38
####,8/3/2026 23:16,15.89,24.19,-512.02
####,8/3/2026 23:31,15.89,24.1,-512.02
####,8/3/2026 23:46,15.89,24.15,-512.02
####,8/4/2026 0:01,15.89,24.19,-512.02
####,8/4/2026 0:16,15.39,24.17,-484.14
####,8/4/2026 0:31,14.41,24.12,-428.48
####,8/4/2026 0:46,14.96,24.07,-459.67
####,8/4/2026 1:01,7.86,23.93,-58.86
####,8/4/2026 1:16,8.57,23.81,-99.39
####,8/4/2026 1:31,7.28,23.69,-26.52
####,8/4/2026 1:46,7.12,23.57,-17.55
####,8/4/2026 2:01,7.16,23.47,-19.63
####,8/4/2026 2:16,7.2,23.45,-21.91
####,8/4/2026 2:31,7.24,23.42,-24.36
####,8/4/2026 2:46,7.28,23.38,-26.47
####,8/4/2026 3:01,7.33,23.26,-28.95
####,8/4/2026 3:16,7.37,23.14,-31.5
####,8/4/2026 3:31,7.39,23.06,-32.77
####,8/4/2026 3:46,7.41,22.99,-33.81
####,8/4/2026 4:01,7.41,22.94,-33.88
####,8/4/2026 4:16,7.42,22.94,-34.45
####,8/4/2026 4:31,7.39,22.92,-32.66
####,8/4/2026 4:46,7.57,22.92,-42.86
####,8/4/2026 5:01,7.51,22.92,-39.5
####,8/4/2026 5:16,7.56,22.99,-42.25
####,8/4/2026 5:31,7.57,23.06,-42.49
####,8/4/2026 5:46,7.42,23.14,-34.05
####,8/4/2026 6:01,7.36,23.18,-30.67
####,8/4/2026 6:16,7.32,23.21,-28.45
####,8/4/2026 6:31,7.34,23.28,-30
####,8/4/2026 6:46,7.47,23.3,-37.05
####,8/4/2026 7:01,7.48,23.33,-37.59
####,8/4/2026 7:16,7.97,23.38,-65.17
####,8/4/2026 7:31,8.16,23.4,-75.89
####,8/4/2026 7:46,11.15,23.47,-244.49
####,8/4/2026 8:01,12.78,23.54,-336.07
####,8/4/2026 8:16,15.01,23.59,-461.94
####,8/4/2026 8:31,13.68,23.66,-387.18
####,8/4/2026 8:46,12.68,23.74,-330.59
####,8/4/2026 9:01,9.09,23.81,-128.16
####,8/4/2026 9:16,13.28,23.88,-364.42
####,8/4/2026 9:31,15.36,23.95,-482.17
####,8/4/2026 9:46,15.89,24.03,-512.02
####,8/4/2026 10:01,15.89,24.12,-512.02
####,8/4/2026 10:16,15.89,24.19,-512.02
####,8/4/2026 10:31,15.88,24.29,-512.02
####,8/4/2026 10:46,15.88,24.36,-512.02
####,8/4/2026 11:01,15.88,24.44,-512.02
####,8/4/2026 11:16,15.87,24.56,-512.02
####,8/4/2026 11:31,13.14,24.7,-357.57
####,8/4/2026 11:46,9.85,25.14,-172.11
####,8/4/2026 12:01,10.7,25.11,-220.12
####,8/4/2026 12:16,10.12,24.7,-186.82
####,8/4/2026 12:31,8.27,24.58,-82.36
####,8/4/2026 12:46,7.22,24.6,-23.02
####,8/4/2026 13:01,7.35,24.63,-30.67
####,8/4/2026 13:16,7.48,24.77,-37.94
####,8/4/2026 13:31,7.37,24.99,-31.36
####,8/4/2026 13:46,7.26,24.94,-25.14
####,8/4/2026 14:01,7.24,24.87,-24.22
####,8/4/2026 14:16,7.3,24.9,-27.88
####,8/4/2026 14:31,7.35,24.7,-30.66
####,8/4/2026 14:46,7.41,24.51,-34.05
####,8/4/2026 15:01,7.47,24.41,-37.41
####,8/4/2026 15:16,7.52,24.34,-40.27
####,8/4/2026 15:31,7.57,24.34,-42.97
####,8/4/2026 15:46,7.6,24.32,-44.7
####,8/4/2026 16:01,7.63,24.27,-46.19
####,8/4/2026 16:16,7.69,24.19,-49.74
####,8/4/2026 16:31,7.63,24.15,-46.42
####,8/4/2026 16:46,7.64,24.1,-46.77
####,8/4/2026 17:01,7.57,24.07,-42.8
####,8/4/2026 17:16,7.66,24.1,-47.63
####,8/4/2026 17:31,7.72,24.22,-51.42
####,8/4/2026 17:46,7.74,24.46,-52.38
####,8/4/2026 18:01,7.71,24.56,-50.75
####,8/4/2026 18:16,7.69,24.6,-49.52
####,8/4/2026 18:31,7.72,24.6,-51.24
####,8/4/2026 18:46,7.73,24.65,-52.13
####,8/4/2026 19:01,7.66,24.68,-47.74
####,8/4/2026 19:16,7.61,24.73,-45.24
####,8/4/2026 19:31,7.49,24.8,-38.19
####,8/4/2026 19:46,7.53,24.85,-40.78
####,8/4/2026 20:01,15.11,24.92,-469.3
####,8/4/2026 20:16,15.86,24.99,-512.02
####,8/4/2026 20:31,15.86,25.02,-512.02
####,8/4/2026 20:46,15.86,25.04,-512.02
####,8/4/2026 21:01,15.86,25.04,-512.02
####,8/4/2026 21:16,15.86,25.02,-512.02
####,8/4/2026 21:31,15.86,25.02,-512.02
####,8/4/2026 21:46,15.86,24.97,-512.02
####,8/4/2026 22:01,15.86,24.94,-512.02
####,8/4/2026 22:16,15.86,24.92,-512.02
####,8/4/2026 22:31,15.86,24.9,-512.02
####,8/4/2026 22:46,15.87,24.85,-512.02
####,8/4/2026 23:01,15.87,24.82,-512.02
####,8/4/2026 23:16,15.87,24.8,-512.02
####,8/4/2026 23:31,15.87,24.75,-512.02
####,8/4/2026 23:46,15.87,24.73,-512.02
####,8/5/2026 0:01,15.87,24.7,-512.02
####,8/5/2026 0:16,15.87,24.6,-512.02
####,8/5/2026 0:31,15.87,24.6,-512.02
####,8/5/2026 0:46,15.87,24.7,-512.02
####,8/5/2026 1:01,15.87,24.75,-512.02
####,8/5/2026 1:16,15.87,24.75,-512.02
####,8/5/2026 1:31,15.87,24.75,-512.02
####,8/5/2026 1:46,15.87,24.68,-512.02
####,8/5/2026 2:01,15.87,24.56,-512.02
####,8/5/2026 2:16,15.88,24.44,-512.02
####,8/5/2026 2:31,15.88,24.34,-512.02
####,8/5/2026 2:46,11.03,24.22,-238.01
####,8/5/2026 3:01,7.8,24.15,-55.52
####,8/5/2026 3:16,7.29,24.12,-26.74
####,8/5/2026 3:31,7.34,24.05,-30
####,8/5/2026 3:46,7.4,23.93,-33.28
####,8/5/2026 4:01,7.45,23.76,-36.16
####,8/5/2026 4:16,7.49,23.62,-38.39
####,8/5/2026 4:31,7.51,23.52,-39.36
####,8/5/2026 4:46,7.59,23.42,-44.02
####,8/5/2026 5:01,7.68,23.4,-48.75
####,8/5/2026 5:16,7.53,23.38,-40.38
####,8/5/2026 5:31,7.79,23.38,-54.97
####,8/5/2026 5:46,7.87,23.4,-59.5
####,8/5/2026 6:01,7.61,23.54,-44.7
####,8/5/2026 6:16,7.72,23.64,-51.06
####,8/5/2026 6:31,7.64,23.71,-46.61
####,8/5/2026 6:46,7.6,23.79,-44.38
####,8/5/2026 7:01,7.7,23.83,-49.99
####,8/5/2026 7:16,7.66,23.93,-47.72
####,8/5/2026 7:31,8.03,24,-68.78
####,8/5/2026 7:46,7.47,24.05,-37.03
####,8/5/2026 8:01,7.32,24.1,-28.69
####,8/5/2026 8:16,7.4,24.15,-32.95
####,8/5/2026 8:31,13.26,24.19,-363.98
####,8/5/2026 8:46,15.88,24.27,-512.02
####,8/5/2026 9:01,15.88,24.34,-512.02
####,8/5/2026 9:16,15.88,24.39,-512.02
####,8/5/2026 9:31,13.75,24.46,-392.03
####,8/5/2026 9:46,15.87,24.56,-512.02
####,8/5/2026 10:01,15.87,24.65,-512.02
####,8/5/2026 10:16,15.87,24.75,-512.02
####,8/5/2026 10:31,15.87,24.82,-512.02
####,8/5/2026 10:46,15.86,24.87,-512.02
####,8/5/2026 11:01,15.86,24.9,-512.02
####,8/5/2026 11:16,15.86,24.92,-512.02
####,8/5/2026 11:31,15.86,24.99,-512.02
####,8/5/2026 11:46,15.86,25.11,-512.02
####,8/5/2026 12:01,15.86,25.19,-512.02
####,8/5/2026 12:16,15.84,25.55,-512.02
####,8/5/2026 12:31,15.84,25.74,-512.02
####,8/5/2026 12:46,15.84,25.62,-512.02
####,8/5/2026 13:01,15.85,25.31,-512.02
####,8/5/2026 13:16,15.86,25.19,-512.02
####,8/5/2026 13:31,15.85,25.28,-512.02
####,8/5/2026 13:46,15.85,25.31,-512.02
####,8/5/2026 14:01,15.85,25.45,-512.02
####,8/5/2026 14:16,8.9,25.62,-118.6
####,8/5/2026 14:31,15.84,25.57,-512.02
####,8/5/2026 14:46,7.77,25.57,-54.35
####,8/5/2026 15:01,7.69,25.48,-49.86
####,8/5/2026 15:16,7.46,25.31,-36.58
####,8/5/2026 15:31,7.53,25.11,-40.42
####,8/5/2026 15:46,7.59,24.97,-44.1
####,8/5/2026 16:01,7.65,24.9,-47.38
####,8/5/2026 16:16,7.69,24.82,-49.89
####,8/5/2026 16:31,7.87,24.75,-59.97
####,8/5/2026 16:46,7.74,24.68,-52.49
####,8/5/2026 17:01,7.86,24.56,-59.39
####,8/5/2026 17:16,8.12,24.48,-74.02
####,8/5/2026 17:31,7.74,24.44,-52.63
####,8/5/2026 17:46,7.7,24.41,-50.31
####,8/5/2026 18:01,7.74,24.44,-52.56
####,8/5/2026 18:16,7.82,24.51,-57.02
####,8/5/2026 18:31,7.86,24.7,-59.19
####,8/5/2026 18:46,7.87,24.85,-59.64
####,8/5/2026 19:01,7.78,24.94,-54.53
####,8/5/2026 19:16,7.75,24.99,-53.13
####,8/5/2026 19:31,7.72,25.04,-51.27
####,8/5/2026 19:46,7.67,25.11,-48.58
####,8/5/2026 20:01,7.62,25.16,-45.85
####,8/5/2026 20:16,7.72,25.23,-51.53
####,8/5/2026 20:31,9.12,25.31,-130.68
####,8/5/2026 20:46,15.85,25.4,-512.02
####,8/5/2026 21:01,15.85,25.45,-512.02
####,8/5/2026 21:16,15.85,25.5,-512.02
####,8/5/2026 21:31,15.85,25.5,-512.02
####,8/5/2026 21:46,15.85,25.5,-512.02
####,8/5/2026 22:01,15.85,25.5,-512.02
####,8/5/2026 22:16,15.85,25.48,-512.02
####,8/5/2026 22:31,15.85,25.45,-512.02
####,8/5/2026 22:46,15.85,25.4,-512.02
####,8/5/2026 23:01,15.85,25.38,-512.02
####,8/5/2026 23:16,15.85,25.33,-512.02
####,8/5/2026 23:31,15.85,25.28,-512.02
####,8/5/2026 23:46,15.85,25.26,-512.02
####,8/6/2026 0:01,15.85,25.21,-512.02
####,8/6/2026 0:16,15.86,25.19,-512.02
####,8/6/2026 0:31,15.86,25.16,-512.02
####,8/6/2026 0:46,15.86,25.14,-512.02
####,8/6/2026 1:01,15.86,25.09,-512.02
####,8/6/2026 1:16,15.86,25.06,-512.02
####,8/6/2026 1:31,15.86,25.09,-512.02
####,8/6/2026 1:46,15.85,25.21,-512.02
####,8/6/2026 2:01,15.85,25.23,-512.02
####,8/6/2026 2:16,15.85,25.23,-512.02
####,8/6/2026 2:31,15.85,25.23,-512.02
####,8/6/2026 2:46,15.86,25.14,-512.02
####,8/6/2026 3:01,15.86,25.06,-512.02
####,8/6/2026 3:16,15.86,24.97,-512.02
####,8/6/2026 3:31,15.86,24.87,-512.02
####,8/6/2026 3:46,8.95,24.77,-120.63
####,8/6/2026 4:01,7.83,24.73,-57.66
####,8/6/2026 4:16,7.83,24.65,-57.8
####,8/6/2026 4:31,7.41,24.56,-33.81
####,8/6/2026 4:46,7.47,24.44,-37.24
####,8/6/2026 5:01,7.51,24.24,-39.67
####,8/6/2026 5:16,7.55,24.1,-41.78
####,8/6/2026 5:31,7.56,23.98,-42.14
####,8/6/2026 5:46,7.6,23.93,-44.49
####,8/6/2026 6:01,7.5,23.88,-39.06
####,8/6/2026 6:16,7.56,23.91,-42.14
####,8/6/2026 6:31,7.63,23.93,-46.28
####,8/6/2026 6:46,7.62,24.12,-45.83
####,8/6/2026 7:01,7.57,24.24,-42.72
####,8/6/2026 7:16,7.57,24.27,-42.86
####,8/6/2026 7:31,7.6,24.39,-44.58
####,8/6/2026 7:46,7.56,24.46,-42.17
####,8/6/2026 8:01,7.55,24.56,-41.5
####,8/6/2026 8:16,8.07,24.65,-70.85
####,8/6/2026 8:31,10.17,24.73,-189.79
####,8/6/2026 8:46,7.4,24.8,-33.09
####,8/6/2026 9:01,8.53,24.87,-96.92
####,8/6/2026 9:16,11.04,24.94,-239.15
####,8/6/2026 9:31,15.86,25.04,-512.02
####,8/6/2026 9:46,13.97,25.11,-405.29
####,8/6/2026 10:01,15.86,25.16,-512.02
####,8/6/2026 10:16,15.85,25.21,-512.02
####,8/6/2026 10:31,15.85,25.28,-512.02
####,8/6/2026 10:46,15.85,25.36,-512.02
####,8/6/2026 11:01,15.85,25.5,-512.02
####,8/6/2026 11:16,15.84,25.65,-512.02
####,8/6/2026 11:31,15.84,25.74,-512.02
####,8/6/2026 11:46,15.83,25.94,-512.02
####,8/6/2026 12:01,15.83,26.08,-512.02
####,8/6/2026 12:16,15.83,26.13,-512.02
####,8/6/2026 12:31,15.83,26.16,-512.02
####,8/6/2026 12:46,15.82,26.3,-512.02
####,8/6/2026 13:01,14.28,26.45,-424.42
####,8/6/2026 13:16,15.81,26.65,-512.02
####,8/6/2026 13:31,15.82,26.52,-512.02
####,8/6/2026 13:46,15.83,26.01,-512.02
####,8/6/2026 14:01,15.83,25.96,-512.02
####,8/6/2026 14:16,15.56,26.08,-496.73
####,8/6/2026 14:31,13.47,26.11,-378.23
####,8/6/2026 14:46,15.82,26.28,-512.02
####,8/6/2026 15:01,15.82,26.43,-512.02
####,8/6/2026 15:16,11.06,26.48,-241.48
####,8/6/2026 15:31,8.89,26.52,-118.19
####,8/6/2026 15:46,7.79,26.45,-55.33
####,8/6/2026 16:01,7.59,26.26,-44.13
####,8/6/2026 16:16,7.65,26.01,-47.44
####,8/6/2026 16:31,7.7,25.87,-50.5
####,8/6/2026 16:46,7.86,25.74,-59.2
####,8/6/2026 17:01,8.05,25.65,-70.1
####,8/6/2026 17:16,7.83,25.53,-57.72
####,8/6/2026 17:31,7.8,25.43,-56.06
####,8/6/2026 17:46,7.9,25.28,-61.71
####,8/6/2026 18:01,8.63,25.14,-103.05
####,8/6/2026 18:16,8.02,25.02,-68.16
####,8/6/2026 18:31,8.02,24.97,-68.58
####,8/6/2026 18:46,8.78,24.97,-111.13
####,8/6/2026 19:01,9.34,24.97,-142.85
####,8/6/2026 19:16,10.72,24.94,-221.18
####,8/6/2026 19:31,9.84,25.19,-171.18
####,8/6/2026 19:46,9.55,25.4,-155.19
####,8/6/2026 20:01,9.66,25.62,-161.21
####,8/6/2026 20:16,9.63,25.67,-159.58
####,8/6/2026 20:31,9.9,25.74,-175.38
####,8/6/2026 20:46,8.78,25.84,-111.71
####,8/6/2026 21:01,10.23,25.96,-194.12
####,8/6/2026 21:16,12.17,26.06,-304.31
####,8/6/2026 21:31,7.57,26.18,-42.83
####,8/6/2026 21:46,11.89,26.26,-288.29
####,8/6/2026 22:01,15.82,26.3,-512.02
####,8/6/2026 22:16,15.82,26.33,-512.02
####,8/6/2026 22:31,15.82,26.33,-512.02
####,8/6/2026 22:46,15.82,26.33,-512.02
####,8/6/2026 23:01,15.82,26.3,-512.02
####,8/6/2026 23:16,15.82,26.28,-512.02
####,8/6/2026 23:31,15.82,26.23,-512.02
####,8/6/2026 23:46,15.83,26.21,-512.02
####,8/7/2026 0:01,15.83,26.16,-512.02
####,8/7/2026 0:16,15.83,26.11,-512.02
####,8/7/2026 0:31,15.83,26.08,-512.02
####,8/7/2026 0:46,15.83,26.04,-512.02
####,8/7/2026 1:01,15.83,26.01,-512.02
####,8/7/2026 1:16,15.83,25.99,-512.02
####,8/7/2026 1:31,15.83,25.96,-512.02
####,8/7/2026 1:46,15.83,25.94,-512.02
####,8/7/2026 2:01,15.83,25.91,-512.02
####,8/7/2026 2:16,15.83,25.89,-512.02
####,8/7/2026 2:31,15.83,25.94,-512.02
####,8/7/2026 2:46,15.83,26.01,-512.02
####,8/7/2026 3:01,15.83,26.06,-512.02
####,8/7/2026 3:16,15.83,26.08,-512.02
####,8/7/2026 3:31,15.83,26.11,-512.02
####,8/7/2026 3:46,15.83,26.08,-512.02
####,8/7/2026 4:01,15.83,26.04,-512.02
####,8/7/2026 4:16,15.83,25.99,-512.02
####,8/7/2026 4:31,15.83,25.91,-512.02
####,8/7/2026 4:46,15.84,25.82,-512.02
####,8/7/2026 5:01,13.31,25.77,-368.5
####,8/7/2026 5:16,7.47,25.7,-37.11
####,8/7/2026 5:31,7.45,25.6,-35.88
####,8/7/2026 5:46,7.46,25.45,-36.84
####,8/7/2026 6:01,7.52,25.26,-39.81
####,8/7/2026 6:16,7.51,25.11,-39.5
####,8/7/2026 6:31,7.52,24.99,-40.27
####,8/7/2026 6:46,7.69,24.92,-49.83
####,8/7/2026 7:01,11.38,24.9,-258.27
####,8/7/2026 7:16,10.54,24.92,-211.07
####,8/7/2026 7:31,9.75,25.04,-166.04
####,8/7/2026 7:46,9.89,25.26,-174.13
####,8/7/2026 8:01,10.63,25.38,-216.19
####,8/7/2026 8:16,8,25.38,-67.27
####,8/7/2026 8:31,7.83,25.5,-57.89
####,8/7/2026 8:46,8.2,25.6,-78.86
####,8/7/2026 9:01,10.52,25.72,-210.46
####,8/7/2026 9:16,10.33,25.84,-199.69
####,8/7/2026 9:31,13.61,25.91,-386
####,8/7/2026 9:46,14.16,26.01,-416.93
####,8/7/2026 10:01,10.31,26.08,-198.47
####,8/7/2026 10:16,13.67,26.21,-389.42
####,8/7/2026 10:31,12.19,26.3,-305.59
####,8/7/2026 10:46,13.41,26.4,-374.86
####,8/7/2026 11:01,15.82,26.48,-512.02
####,8/7/2026 11:16,15.81,26.57,-512.02
####,8/7/2026 11:31,15.81,26.65,-512.02
####,8/7/2026 11:46,15.81,26.74,-512.02
####,8/7/2026 12:01,15.81,26.79,-512.02
####,8/7/2026 12:16,15.81,26.87,-512.02
####,8/7/2026 12:31,15.8,26.99,-512.02
####,8/7/2026 12:46,15.8,27.11,-512.02
####,8/7/2026 13:01,15.8,27.21,-512.02
####,8/7/2026 13:16,15.79,27.28,-512.02
####,8/7/2026 13:31,15.79,27.41,-512.02
####,8/7/2026 13:46,15.4,27.53,-489.89
####,8/7/2026 14:01,15.77,27.97,-512.02
####,8/7/2026 14:16,9.33,27.87,-143.72
####,8/7/2026 14:31,13.82,27.43,-399.51
####,8/7/2026 14:46,13.77,27.28,-396.53
####,8/7/2026 15:01,12.85,27.33,-344.24
####,8/7/2026 15:16,12.85,27.36,-344.45
####,8/7/2026 15:31,9.49,27.48,-152.68
####,8/7/2026 15:46,7.61,27.75,-45.28
####,8/7/2026 16:01,13.03,27.95,-355.06
####,8/7/2026 16:16,14.65,27.97,-447.89
####,8/7/2026 16:31,9.23,28,-138.21
####,8/7/2026 16:46,7.61,27.9,-45.49
####,8/7/2026 17:01,9.33,27.7,-143.93
####,8/7/2026 17:16,7.93,27.51,-63.96
####,8/7/2026 17:31,7.8,27.38,-56.24
####,8/7/2026 17:46,7.82,27.28,-57.55
####,8/7/2026 18:01,7.85,27.16,-58.8
####,8/7/2026 18:16,7.86,26.99,-59.89
####,8/7/2026 18:31,7.86,26.87,-59.7
####,8/7/2026 18:46,7.88,26.67,-60.86
####,8/7/2026 19:01,7.87,26.52,-59.97
####,8/7/2026 19:16,7.86,26.45,-59.5
####,8/7/2026 19:31,7.85,26.35,-59.08
####,8/7/2026 19:46,7.81,26.3,-56.47
####,8/7/2026 20:01,7.8,26.28,-56.16
####,8/7/2026 20:16,7.86,26.33,-59.53
####,8/7/2026 20:31,7.92,26.48,-62.75
####,8/7/2026 20:46,7.93,26.67,-63.3
####,8/7/2026 21:01,7.93,26.94,-63.66
####,8/7/2026 21:16,7.93,27.04,-63.47
####,8/7/2026 21:31,8,27.14,-67.71
####,8/7/2026 21:46,8.07,27.23,-71.55
####,8/7/2026 22:01,8.44,27.33,-92.52
####,8/7/2026 22:16,10.36,27.43,-202.38
####,8/7/2026 22:31,15.79,27.53,-512.02
####,8/7/2026 22:46,15.78,27.58,-512.02
####,8/7/2026 23:01,15.78,27.6,-512.02
####,8/7/2026 23:16,15.78,27.6,-512.02
####,8/7/2026 23:31,15.78,27.58,-512.02
####,8/7/2026 23:46,15.79,27.55,-512.02
####,8/8/2026 0:01,15.79,27.51,-512.02
####,8/8/2026 0:16,15.79,27.43,-512.02
####,8/8/2026 0:31,15.79,27.36,-512.02
####,8/8/2026 0:46,15.79,27.31,-512.02
####,8/8/2026 1:01,15.8,27.23,-512.02
####,8/8/2026 1:16,15.8,27.19,-512.02
####,8/8/2026 1:31,15.8,27.11,-512.02
####,8/8/2026 1:46,15.8,27.06,-512.02
####,8/8/2026 2:01,15.8,27.04,-512.02
####,8/8/2026 2:16,15.8,26.99,-512.02
####,8/8/2026 2:31,15.8,26.92,-512.02
####,8/8/2026 2:46,15.81,26.87,-512.02
####,8/8/2026 3:01,15.81,26.84,-512.02
####,8/8/2026 3:16,15.81,26.77,-512.02
####,8/8/2026 3:31,15.81,26.77,-512.02
####,8/8/2026 3:46,15.81,26.89,-512.02
####,8/8/2026 4:01,15.8,26.99,-512.02
####,8/8/2026 4:16,15.8,27.04,-512.02
####,8/8/2026 4:31,15.8,27.09,-512.02
####,8/8/2026 4:46,15.8,27.09,-512.02
####,8/8/2026 5:01,15.8,27.01,-512.02
####,8/8/2026 5:16,15.8,26.96,-512.02
####,8/8/2026 5:31,15.8,26.99,-512.02
####,8/8/2026 5:46,15.8,26.92,-512.02
####,8/8/2026 6:01,12.42,26.87,-318.99
####,8/8/2026 6:16,15.81,26.87,-512.02
####,8/8/2026 6:31,13.23,26.79,-365.29
####,8/8/2026 6:46,7.43,26.7,-35.25
####,8/8/2026 7:01,7.51,26.5,-39.59
####,8/8/2026 7:16,7.49,26.35,-38.25
####,8/8/2026 7:31,7.51,26.23,-39.33
####,8/8/2026 7:46,7.49,26.13,-38.25
####,8/8/2026 8:01,7.4,26.11,-33.27
####,8/8/2026 8:16,7.49,26.13,-38.42
####,8/8/2026 8:31,7.56,26.13,-42.61
####,8/8/2026 8:46,7.57,26.33,-43.06
####,8/8/2026 9:01,7.55,26.52,-42.06
####,8/8/2026 9:16,7.54,26.5,-41.38
####,8/8/2026 9:31,7.52,26.57,-40.34
####,8/8/2026 9:46,7.52,26.7,-39.97
####,8/8/2026 10:01,7.64,26.87,-46.92
####,8/8/2026 10:16,7.85,26.99,-59.22
####,8/8/2026 10:31,7.85,27.06,-59.1
####,8/8/2026 10:46,15.28,27.14,-482.66
####,8/8/2026 11:01,15.8,27.21,-512.02
####,8/8/2026 11:16,15.79,27.31,-512.02
####,8/8/2026 11:31,15.79,27.41,-512.02
####,8/8/2026 11:46,15.79,27.46,-512.02
####,8/8/2026 12:01,15.79,27.55,-512.02
####,8/8/2026 12:16,15.78,27.63,-512.02
####,8/8/2026 12:31,15.78,27.73,-512.02
####,8/8/2026 12:46,15.78,27.85,-512.02
####,8/8/2026 13:01,15.78,27.85,-512.02
####,8/8/2026 13:16,15.78,27.83,-512.02
####,8/8/2026 13:31,15.72,27.83,-508.72
####,8/8/2026 13:46,15.78,27.83,-512.02
####,8/8/2026 14:01,15.78,27.9,-512.02
####,8/8/2026 14:16,15.77,27.95,-512.02
####,8/8/2026 14:31,15.77,28.05,-512.02
####,8/8/2026 14:46,15.76,28.27,-512.02
####,8/8/2026 15:01,15.76,28.52,-512.02
####,8/8/2026 15:16,14,28.44,-411.56
####,8/8/2026 15:31,7.9,28.12,-61.85
####,8/8/2026 15:46,15.77,27.97,-512.02
####,8/8/2026 16:01,13.53,28.05,-383.76
####,8/8/2026 16:16,9.7,28.12,-164.8
####,8/8/2026 16:31,10.23,28.22,-195.16
####,8/8/2026 16:46,11.35,28.42,-259.87
####,8/8/2026 17:01,11.57,28.54,-272.37
####,8/8/2026 17:16,11.84,28.54,-287.56
####,8/8/2026 17:31,7.62,28.57,-46.1
####,8/8/2026 17:46,7.73,28.49,-52.66
####,8/8/2026 18:01,8.29,28.32,-84.44
####,8/8/2026 18:16,7.73,28.15,-52.61
####,8/8/2026 18:31,7.79,28,-55.63
####,8/8/2026 18:46,7.83,27.87,-58.11
####,8/8/2026 19:01,7.85,27.73,-59.31
####,8/8/2026 19:16,7.87,27.55,-60.47
####,8/8/2026 19:31,7.89,27.38,-61.24
####,8/8/2026 19:46,7.89,27.19,-61.53
####,8/8/2026 20:01,7.89,26.99,-61.58
####,8/8/2026 20:16,7.9,26.82,-61.67
####,8/8/2026 20:31,7.92,26.67,-63.06
####,8/8/2026 20:46,7.89,26.52,-61.36
####,8/8/2026 21:01,7.87,26.43,-59.85
####,8/8/2026 21:16,7.83,26.4,-57.99
####,8/8/2026 21:31,7.9,26.5,-61.55
####,8/8/2026 21:46,7.95,26.65,-64.49
####,8/8/2026 22:01,7.94,26.87,-64.14
####,8/8/2026 22:16,7.91,27.11,-62.61
####,8/8/2026 22:31,7.9,27.21,-61.88
####,8/8/2026 22:46,7.88,27.41,-60.63
####,8/8/2026 23:01,7.85,27.55,-58.91
####,8/8/2026 23:16,8.01,27.68,-68.36
####,8/8/2026 23:31,9.2,27.78,-136.22
####,8/8/2026 23:46,15.19,27.85,-478.28
####,8/9/2026 0:01,15.78,27.9,-512.02
####,8/9/2026 0:16,12.73,27.92,-337.85
####,8/9/2026 0:31,10.62,27.9,-217.24
####,8/9/2026 0:46,15.78,27.85,-512.02
####,8/9/2026 1:01,15.78,27.8,-512.02
####,8/9/2026 1:16,15.78,27.73,-512.02
####,8/9/2026 1:31,15.78,27.68,-512.02
####,8/9/2026 1:46,15.78,27.6,-512.02
####,8/9/2026 2:01,15.79,27.53,-512.02
####,8/9/2026 2:16,9.7,27.46,-164.88
####,8/9/2026 2:31,15.79,27.41,-512.02
####,8/9/2026 2:46,15.79,27.33,-512.02
####,8/9/2026 3:01,15.79,27.28,-512.02
####,8/9/2026 3:16,15.8,27.23,-512.02
####,8/9/2026 3:31,15.8,27.19,-512.02
####,8/9/2026 3:46,15.8,27.14,-512.02
####,8/9/2026 4:01,15.8,27.11,-512.02
####,8/9/2026 4:16,15.8,27.09,-512.02
####,8/9/2026 4:31,15.8,27.01,-512.02
####,8/9/2026 4:46,15.8,27.04,-512.02
####,8/9/2026 5:01,15.8,27.11,-512.02
####,8/9/2026 5:16,15.8,27.14,-512.02
####,8/9/2026 5:31,15.8,27.14,-512.02
####,8/9/2026 5:46,15.8,27.14,-512.02
####,8/9/2026 6:01,15.8,27.04,-512.02
####,8/9/2026 6:16,15.8,26.96,-512.02
####,8/9/2026 6:31,15.81,26.89,-512.02
####,8/9/2026 6:46,15.81,26.79,-512.02
####,8/9/2026 7:01,15.81,26.67,-512.02
####,8/9/2026 7:16,8.95,26.67,-121.52
####,8/9/2026 7:31,9.25,26.62,-138.83
####,8/9/2026 7:46,7.61,26.52,-45.06
####,8/9/2026 8:01,7.66,26.43,-48.22
####,8/9/2026 8:16,7.42,26.26,-34.63
####,8/9/2026 8:31,7.53,26.13,-40.83
####,8/9/2026 8:46,7.5,26.01,-39.24
####,8/9/2026 9:01,7.45,25.96,-36.31
####,8/9/2026 9:16,7.43,25.96,-34.78
####,8/9/2026 9:31,7.48,25.99,-37.77
####,8/9/2026 9:46,7.58,26.04,-43.44
####,8/9/2026 10:01,7.58,26.3,-43.61
####,8/9/2026 10:16,7.56,26.43,-42.64
####,8/9/2026 10:31,7.74,26.4,-52.49
####,8/9/2026 10:46,7.95,26.52,-64.71
####,8/9/2026 11:01,8.13,26.72,-74.94
####,8/9/2026 11:16,9.98,26.89,-180.54
####,8/9/2026 11:31,11.77,26.99,-282.32
####,8/9/2026 11:46,10.13,27.06,-189.02
####,8/9/2026 12:01,12.66,27.14,-333.28
####,8/9/2026 12:16,14.57,27.23,-442.19
####,8/9/2026 12:31,15.41,27.36,-490.42
####,8/9/2026 12:46,15.79,27.46,-512.02
####,8/9/2026 13:01,15.79,27.55,-512.02
####,8/9/2026 13:16,15.78,27.63,-512.02
####,8/9/2026 13:31,15.78,27.68,-512.02
####,8/9/2026 13:46,15.78,27.75,-512.02
####,8/9/2026 14:01,15.78,27.85,-512.02
####,8/9/2026 14:16,15.47,27.9,-494.73
####,8/9/2026 14:31,15.77,27.95,-512.02
####,8/9/2026 14:46,15.77,27.95,-512.02
####,8/9/2026 15:01,15.77,28,-512.02
####,8/9/2026 15:16,15.77,28.02,-512.02
####,8/9/2026 15:31,15.77,27.97,-512.02
####,8/9/2026 15:46,15.77,28.02,-512.02
####,8/9/2026 16:01,15.77,28.12,-512.02
####,8/9/2026 16:16,15.77,28.2,-512.02
####,8/9/2026 16:31,15.77,28.15,-512.02
####,8/9/2026 16:46,15.77,28,-512.02
####,8/9/2026 17:01,15.77,28,-512.02
####,8/9/2026 17:16,15.77,28,-512.02
####,8/9/2026 17:31,15.77,28,-512.02
####,8/9/2026 17:46,15.77,28.02,-512.02
####,8/9/2026 18:01,15.77,28.05,-512.02
####,8/9/2026 18:16,7.57,28.07,-43.36
####,8/9/2026 18:31,7.79,28.05,-55.6
####,8/9/2026 18:46,8.58,27.97,-101.11
####,8/9/2026 19:01,7.86,27.83,-59.99
####,8/9/2026 19:16,7.65,27.63,-47.94
####,8/9/2026 19:31,7.69,27.48,-49.99
####,8/9/2026 19:46,7.76,27.33,-54.11
####,8/9/2026 20:01,7.98,27.21,-66.27
####,8/9/2026 20:16,7.84,27.09,-58.52
####,8/9/2026 20:31,7.89,26.94,-61.36
####,8/9/2026 20:46,7.89,26.74,-61.49
####,8/9/2026 21:01,7.9,26.52,-61.63
####,8/9/2026 21:16,8.09,26.28,-72.67
####,8/9/2026 21:31,7.92,26.04,-62.85
####,8/9/2026 21:46,7.9,25.84,-61.56
####,8/9/2026 22:01,7.88,25.7,-60.35
####,8/9/2026 22:16,8.05,25.62,-70.24
####,8/9/2026 22:31,7.86,25.7,-59.3
####,8/9/2026 22:46,7.9,25.72,-61.64
####,8/9/2026 23:01,7.88,25.94,-60.7
####,8/9/2026 23:16,7.9,26.18,-61.64
####,8/9/2026 23:31,7.93,26.38,-63.66
####,8/9/2026 23:46,8.01,26.52,-67.99
####,8/10/2026 0:01,7.88,26.67,-60.69
####,8/10/2026 0:16,7.94,26.82,-64.11
####,8/10/2026 0:31,8.03,26.94,-69.27
####,8/10/2026 0:46,7.74,27.04,-52.97
####,8/10/2026 1:01,7.85,27.14,-59.22
####,8/10/2026 1:16,14.25,27.19,-424
####,8/10/2026 1:31,15.44,27.21,-491.62
####,8/10/2026 1:46,15.8,27.21,-512.02
####,8/10/2026 2:01,15.8,27.19,-512.02
####,8/10/2026 2:16,15.8,27.16,-512.02
####,8/10/2026 2:31,15.8,27.11,-512.02
####,8/10/2026 2:46,15.8,27.09,-512.02
####,8/10/2026 3:01,15.8,27.04,-512.02
####,8/10/2026 3:16,15.8,27.01,-512.02
####,8/10/2026 3:31,15.8,26.99,-512.02
####,8/10/2026 3:46,15.8,26.94,-512.02
####,8/10/2026 4:01,15.8,26.92,-512.02
####,8/10/2026 4:16,15.81,26.89,-512.02
####,8/10/2026 4:31,15.81,26.87,-512.02
####,8/10/2026 4:46,15.81,26.84,-512.02
####,8/10/2026 5:01,15.81,26.82,-512.02
####,8/10/2026 5:16,15.81,26.79,-512.02
####,8/10/2026 5:31,15.81,26.77,-512.02
####,8/10/2026 5:46,15.81,26.7,-512.02
####,8/10/2026 6:01,15.81,26.7,-512.02
####,8/10/2026 6:16,15.81,26.67,-512.02
####,8/10/2026 6:31,15.81,26.6,-512.02
####,8/10/2026 6:46,15.82,26.55,-512.02
####,8/10/2026 7:01,15.82,26.52,-512.02
####,8/10/2026 7:16,15.82,26.4,-512.02
####,8/10/2026 7:31,15.82,26.3,-512.02
####,8/10/2026 7:46,15.83,26.18,-512.02
####,8/10/2026 8:01,15.83,26.06,-512.02
####,8/10/2026 8:16,8.78,26.01,-111.93
####,8/10/2026 8:31,7.3,25.96,-27.74
####,8/10/2026 8:46,7.27,25.87,-26.08
####,8/10/2026 9:01,7.29,25.74,-27.36
####,8/10/2026 9:16,7.4,25.57,-33.47
####,8/10/2026 9:31,7.44,25.48,-35.63
####,8/10/2026 9:46,7.56,25.38,-42.25
####,8/10/2026 10:01,7.68,25.33,-49.1
####,8/10/2026 10:16,7.39,25.28,-32.47
####,8/10/2026 10:31,7.42,25.26,-34.53
####,8/10/2026 10:46,7.61,25.26,-45.06
####,8/10/2026 11:01,7.62,25.43,-45.81
####,8/10/2026 11:16,7.62,25.62,-45.97
####,8/10/2026 11:31,7.55,25.74,-41.67
####,8/10/2026 11:46,7.52,25.74,-39.84
####,8/10/2026 12:01,7.48,25.89,-38.08
####,8/10/2026 12:16,7.45,26.08,-36.33
####,8/10/2026 12:31,7.75,26.21,-53.35
####,8/10/2026 12:46,8.76,26.3,-110.41
####,8/10/2026 13:01,8.34,26.35,-86.85
####,8/10/2026 13:16,7.57,26.43,-42.97
####,8/10/2026 13:31,15.14,26.52,-473.64
####,8/10/2026 13:46,15.81,26.65,-512.02
####,8/10/2026 14:01,15.81,26.77,-512.02
####,8/10/2026 14:16,15.8,26.92,-512.02
####,8/10/2026 14:31,15.8,27.01,-512.02
####,8/10/2026 14:46,15.8,27.11,-512.02
####,8/10/2026 15:01,15.8,27.16,-512.02
####,8/10/2026 15:16,15.8,27.21,-512.02
####,8/10/2026 15:31,15.79,27.31,-512.02
####,8/10/2026 15:46,15.79,27.36,-512.02
####,8/10/2026 16:01,15.79,27.43,-512.02
####,8/10/2026 16:16,15.79,27.43,-512.02
####,8/10/2026 16:31,15.79,27.48,-512.02
####,8/10/2026 16:46,15.79,27.53,-512.02
####,8/10/2026 17:01,15.79,27.53,-512.02
####,8/10/2026 17:16,15.78,27.65,-512.02
####,8/10/2026 17:31,15.78,27.63,-512.02
####,8/10/2026 17:46,15.79,27.48,-512.02
####,8/10/2026 18:01,15.79,27.36,-512.02
####,8/10/2026 18:16,15.79,27.33,-512.02
####,8/10/2026 18:31,15.79,27.28,-512.02
####,8/10/2026 18:46,15.8,27.21,-512.02
####,8/10/2026 19:01,15.44,27.16,-491.73
####,8/10/2026 19:16,15.8,27.09,-512.02
####,8/10/2026 19:31,15.8,27.01,-512.02
####,8/10/2026 19:46,13.22,26.94,-365.01
####,8/10/2026 20:01,7.48,26.79,-37.92
####,8/10/2026 20:16,7.49,26.62,-38.72
####,8/10/2026 20:31,7.54,26.43,-41.41
####,8/10/2026 20:46,8.78,26.26,-111.63
####,8/10/2026 21:01,7.64,26.11,-47.17
####,8/10/2026 21:16,7.69,25.94,-49.83
####,8/10/2026 21:31,8.56,25.77,-98.91
####,8/10/2026 21:46,8.21,25.57,-79.39
####,8/10/2026 22:01,7.88,25.4,-60.56
####,8/10/2026 22:16,7.79,25.23,-55.28
####,8/10/2026 22:31,7.81,24.99,-56.35
####,8/10/2026 22:46,7.83,24.68,-57.66
####,8/10/2026 23:01,7.84,24.46,-58.11
####,8/10/2026 23:16,7.83,24.34,-57.39
####,8/10/2026 23:31,7.76,24.27,-53.44
####,8/10/2026 23:46,7.82,24.22,-56.64
####,8/11/2026 0:01,7.86,24.17,-59.35
####,8/11/2026 0:16,7.84,24.41,-57.85
####,8/11/2026 0:31,7.81,24.75,-56.2
####,8/11/2026 0:46,7.78,24.92,-55.02
####,8/11/2026 1:01,7.75,25.11,-53.27
####,8/11/2026 1:16,7.7,25.31,-50.5
####,8/11/2026 1:31,7.65,25.48,-47.38
####,8/11/2026 1:46,7.58,25.67,-43.67
####,8/11/2026 2:01,7.51,25.84,-39.31
####,8/11/2026 2:16,7.42,25.99,-34.22
####,8/11/2026 2:31,7.33,26.08,-29.41
####,8/11/2026 2:46,7.25,26.16,-24.83
####,8/11/2026 3:01,7.18,26.21,-20.58
####,8/11/2026 3:16,7.11,26.26,-17.05
####,8/11/2026 3:31,7.06,26.26,-14.23
####,8/11/2026 3:46,7.02,26.28,-11.73
####,8/11/2026 4:01,7.03,26.28,-12.39
####,8/11/2026 4:16,7.14,26.28,-18.78
####,8/11/2026 4:31,8.69,26.28,-106.57
####,8/11/2026 4:46,9.05,26.28,-127.32
####,8/11/2026 5:01,9.77,26.28,-167.91
####,8/11/2026 5:16,12.36,26.28,-315.24
####,8/11/2026 5:31,12,26.26,-295.01
####,8/11/2026 5:46,10.73,26.26,-222.62
####,8/11/2026 6:01,15.82,26.26,-512.02