#,Date-Time (EDT),pH   (pH),Temperature   (°F),Millivolts   (mv),Started,Button Down,Button Up,Host Connected,End of File
1,6/17/2026 8:51,3.85,96.39,174.91,Logged,,,,
2,6/17/2026 9:06,6.88,80.19,-3.39,,,,,
3,6/17/2026 9:21,6.92,70.88,-5.69,,,,,
4,6/17/2026 9:36,6.93,70.47,-5.98,,,,,
5,6/17/2026 9:51,6.93,70.32,-6.28,,,,,
6,6/17/2026 10:06,6.94,69.17,-6.64,,,,,
7,6/17/2026 10:21,6.94,69.13,-6.64,,,,,
8,6/17/2026 10:36,6.94,69.39,-6.88,,,,,
9,6/17/2026 10:51,6.96,69.85,-7.59,,,,,
10,6/17/2026 11:06,6.97,70.11,-8.09,,,,,
11,6/17/2026 11:21,6.98,70.72,-8.97,,,,,
12,6/17/2026 11:36,7.03,71.31,-11.84,,,,,
13,6/17/2026 11:51,7.07,71.31,-13.66,,,,,
14,6/17/2026 12:06,7.1,71.1,-15.59,,,,,
15,6/17/2026 12:21,7.15,70.84,-18.48,,,,,
16,6/17/2026 12:36,7.22,70.63,-22.44,,,,,
17,6/17/2026 12:51,7.28,70.75,-25.5,,,,,
18,6/17/2026 13:06,7.32,70.81,-27.78,,,,,
19,6/17/2026 13:21,7.35,70.47,-29.61,,,,,
20,6/17/2026 13:36,7.38,70.11,-31.38,,,,,
21,6/17/2026 13:51,7.44,69.48,-34.75,,,,,
22,6/17/2026 14:06,7.49,69.01,-37.17,,,,,
23,6/17/2026 14:21,7.51,68.7,-38.25,,,,,
24,6/17/2026 14:36,7.54,68.4,-39.94,,,,,
25,6/17/2026 14:51,7.56,68.18,-40.95,,,,,
26,6/17/2026 15:06,7.49,68.27,-37.38,,,,,
27,6/17/2026 15:21,7.52,69.13,-38.92,,,,,
28,6/17/2026 15:36,7.45,70.32,-35.16,,,,,
29,6/17/2026 15:51,7.39,71.1,-32.09,,,,,
30,6/17/2026 16:06,7.32,71.83,-28.16,,,,,
31,6/17/2026 16:21,7.29,72.14,-26.2,,,,,
32,6/17/2026 16:36,7.26,72.45,-24.49,,,,,
33,6/17/2026 16:51,7.23,72.73,-22.89,,,,,
34,6/17/2026 17:06,7.2,73.17,-21.5,,,,,
35,6/17/2026 17:21,7.18,73.78,-20.28,,,,,
36,6/17/2026 17:36,7.17,74.08,-19.34,,,,,
37,6/17/2026 17:51,7.16,74.34,-18.98,,,,,
38,6/17/2026 18:06,7.14,76.21,-18.02,,,,,
39,6/17/2026 18:21,7.13,76.28,-17.25,,,,,
40,6/17/2026 18:36,7.12,76.33,-16.91,,,,,
41,6/17/2026 18:51,7.11,75.72,-16.06,,,,,
42,6/17/2026 19:06,7.08,75.69,-14.73,,,,,
43,6/17/2026 19:21,7.08,75.51,-14.58,,,,,
44,6/17/2026 19:36,7.06,75.42,-13.16,,,,,
45,6/17/2026 19:51,7.04,75.29,-12.33,,,,,
46,6/17/2026 20:06,7.04,75.16,-12.41,,,,,
47,6/17/2026 20:21,7.04,75.07,-12.36,,,,,
48,6/17/2026 20:36,7.04,74.89,-12.41,,,,,
49,6/17/2026 20:51,7.03,74.73,-11.59,,,,,
50,6/17/2026 21:06,7.02,74.59,-11.16,,,,,
51,6/17/2026 21:21,7.01,74.59,-10.31,,,,,
52,6/17/2026 21:36,7.03,74.73,-11.7,,,,,
53,6/17/2026 21:51,7.04,74.77,-12.34,,,,,
54,6/17/2026 22:06,7.05,74.55,-12.83,,,,,
55,6/17/2026 22:21,7.08,74.46,-14.58,,,,,
56,6/17/2026 22:36,7.09,74.3,-15.2,,,,,
57,6/17/2026 22:51,7.1,74.16,-15.78,,,,,
58,6/17/2026 23:06,7.11,73.56,-16.42,,,,,
59,6/17/2026 23:21,7.13,72.73,-17.06,,,,,
60,6/17/2026 23:36,7.17,71.96,-19.27,,,,,
61,6/17/2026 23:51,7.22,71.44,-22.13,,,,,
62,6/18/2026 0:06,7.27,70.88,-25.27,,,,,
63,6/18/2026 0:21,7.33,70.29,-28.7,,,,,
64,6/18/2026 0:36,7.38,69.76,-31.44,,,,,
65,6/18/2026 0:51,7.43,69.48,-34,,,,,
66,6/18/2026 1:06,7.48,69.17,-36.91,,,,,
67,6/18/2026 1:21,7.55,68.92,-40.45,,,,,
68,6/18/2026 1:36,7.61,68.61,-44.02,,,,,
69,6/18/2026 1:51,7.71,67.96,-49.55,,,,,
70,6/18/2026 2:06,7.81,66.99,-55.14,,,,,
71,6/18/2026 2:21,7.88,66,-59.05,,,,,
72,6/18/2026 2:36,7.91,65.28,-60.67,,,,,
73,6/18/2026 2:51,7.94,64.63,-61.78,,,,,
74,6/18/2026 3:06,7.94,64.29,-62.21,,,,,
75,6/18/2026 3:21,7.95,63.95,-62.24,,,,,
76,6/18/2026 3:36,7.91,64.42,-60.6,,,,,
77,6/18/2026 3:51,7.86,65.14,-57.42,,,,,
78,6/18/2026 4:06,7.77,65.91,-52.74,,,,,
79,6/18/2026 4:21,7.74,66.13,-51.05,,,,,
80,6/18/2026 4:36,7.54,67.03,-40.05,,,,,
81,6/18/2026 4:51,7.42,67.46,-33.49,,,,,
82,6/18/2026 5:06,7.29,67.84,-26.36,,,,,
83,6/18/2026 5:21,7.22,68.02,-22.47,,,,,
84,6/18/2026 5:36,7.16,68.36,-18.8,,,,,
85,6/18/2026 5:51,7.09,68.4,-14.94,,,,,
86,6/18/2026 6:06,7.07,68.45,-13.97,,,,,
87,6/18/2026 6:21,7.05,68.49,-12.88,,,,,
88,6/18/2026 6:36,7.03,68.4,-11.88,,,,,
89,6/18/2026 6:51,7.02,68.52,-10.84,,,,,
90,6/18/2026 7:06,7,68.52,-10.11,,,,,
91,6/18/2026 7:21,7.01,68.4,-10.41,,,,,
92,6/18/2026 7:36,7,68.45,-9.78,,,,,
93,6/18/2026 7:51,6.99,68.49,-9.22,,,,,
94,6/18/2026 8:06,6.98,68.45,-8.64,,,,,
95,6/18/2026 8:21,6.96,68.45,-8.02,,,,,
96,6/18/2026 8:36,6.97,68.31,-8.38,,,,,
97,6/18/2026 8:51,6.97,68.23,-8.45,,,,,
98,6/18/2026 9:06,6.96,68.31,-7.97,,,,,
99,6/18/2026 9:21,6.96,68.27,-7.88,,,,,
100,6/18/2026 9:36,6.96,68.23,-7.7,,,,,
101,6/18/2026 9:51,6.98,68.14,-8.67,,,,,
102,6/18/2026 10:06,6.95,68.18,-7.25,,,,,
103,6/18/2026 10:21,6.97,68.31,-8.44,,,,,
104,6/18/2026 10:36,6.96,68.58,-7.58,,,,,
105,6/18/2026 10:51,6.95,68.36,-7.23,,,,,
106,6/18/2026 11:06,6.95,68.27,-7.09,,,,,
107,6/18/2026 11:21,6.96,68.4,-7.67,,,,,
108,6/18/2026 11:36,6.99,68.7,-9.56,,,,,
109,6/18/2026 11:51,7,68.7,-9.91,,,,,
110,6/18/2026 12:06,7.03,68.86,-11.39,,,,,
111,6/18/2026 12:21,7.07,69.3,-13.88,,,,,
112,6/18/2026 12:36,7.11,69.51,-16.19,,,,,
113,6/18/2026 12:51,7.15,69.39,-18.45,,,,,
114,6/18/2026 13:06,7.21,69.13,-21.56,,,,,
115,6/18/2026 13:21,7.29,68.79,-25.95,,,,,
116,6/18/2026 13:36,7.35,68.58,-29.69,,,,,
117,6/18/2026 13:51,7.4,68.4,-32.17,,,,,
118,6/18/2026 14:06,7.43,68.27,-33.8,,,,,
119,6/18/2026 14:21,7.46,68.05,-35.47,,,,,
120,6/18/2026 14:36,7.49,67.71,-37.52,,,,,
121,6/18/2026 14:51,7.53,67.41,-39.42,,,,,
122,6/18/2026 15:06,7.55,67.12,-40.64,,,,,
123,6/18/2026 15:21,7.59,66.78,-42.92,,,,,
124,6/18/2026 15:36,7.62,66.43,-44.56,,,,,
125,6/18/2026 15:51,7.66,66.09,-46.69,,,,,
126,6/18/2026 16:06,7.64,65.97,-45.66,,,,,
127,6/18/2026 16:21,7.62,66.47,-44.2,,,,,
128,6/18/2026 16:36,7.57,67.24,-41.67,,,,,
129,6/18/2026 16:51,7.51,67.93,-38.3,,,,,
130,6/18/2026 17:06,7.44,68.61,-34.59,,,,,
131,6/18/2026 17:21,7.4,69.04,-32.05,,,,,
132,6/18/2026 17:36,7.34,69.48,-28.8,,,,,
133,6/18/2026 17:51,7.29,69.82,-26.47,,,,,
134,6/18/2026 18:06,7.24,70.03,-23.66,,,,,
135,6/18/2026 18:21,7.21,70.2,-21.94,,,,,
136,6/18/2026 18:36,7.2,70.29,-20.91,,,,,
137,6/18/2026 18:51,7.17,70.54,-19.75,,,,,
138,6/18/2026 19:06,7.16,70.72,-18.92,,,,,
139,6/18/2026 19:21,7.14,70.81,-17.94,,,,,
140,6/18/2026 19:36,7.14,70.75,-17.88,,,,,
141,6/18/2026 19:51,7.12,70.81,-16.89,,,,,
142,6/18/2026 20:06,7.11,70.84,-16.11,,,,,
143,6/18/2026 20:21,7.1,70.88,-15.66,,,,,
144,6/18/2026 20:36,7.09,70.88,-14.86,,,,,
145,6/18/2026 20:51,7.07,70.84,-14.03,,,,,
146,6/18/2026 21:06,7.06,70.75,-13.27,,,,,
147,6/18/2026 21:21,7.06,70.63,-13.13,,,,,
148,6/18/2026 21:36,7.05,70.5,-12.53,,,,,
149,6/18/2026 21:51,7.04,70.38,-11.97,,,,,
150,6/18/2026 22:06,7.03,70.25,-11.78,,,,,
151,6/18/2026 22:21,7.02,70.11,-10.86,,,,,
152,6/18/2026 22:36,7.02,70.25,-11.05,,,,,
153,6/18/2026 22:51,7.03,70.2,-11.61,,,,,
154,6/18/2026 23:06,7.06,70.11,-13.13,,,,,
155,6/18/2026 23:21,7.06,70.07,-13.52,,,,,
156,6/18/2026 23:36,7.08,69.98,-14.48,,,,,
157,6/18/2026 23:51,7.09,70.03,-15.16,,,,,
158,6/19/2026 0:06,7.12,69.82,-16.55,,,,,
159,6/19/2026 0:21,7.15,69.55,-18.39,,,,,
160,6/19/2026 0:36,7.2,69.08,-21.41,,,,,
161,6/19/2026 0:51,7.26,68.74,-24.33,,,,,
162,6/19/2026 1:06,7.31,68.36,-27.27,,,,,
163,6/19/2026 1:21,7.36,67.96,-29.94,,,,,
164,6/19/2026 1:36,7.41,67.5,-33.05,,,,,
165,6/19/2026 1:51,7.45,67.28,-34.84,,,,,
166,6/19/2026 2:06,7.48,67.06,-36.69,,,,,
167,6/19/2026 2:21,7.53,66.78,-39.7,,,,,
168,6/19/2026 2:36,7.58,66.47,-41.99,,,,,
169,6/19/2026 2:51,7.64,65.97,-45.44,,,,,
170,6/19/2026 3:06,7.73,64.89,-50.25,,,,,
171,6/19/2026 3:21,7.8,63.77,-54.14,,,,,
172,6/19/2026 3:36,7.83,63,-56.06,,,,,
173,6/19/2026 3:51,7.86,62.4,-57.24,,,,,
174,6/19/2026 4:06,7.86,62.06,-57.6,,,,,
175,6/19/2026 4:21,7.85,61.9,-56.88,,,,,
176,6/19/2026 4:36,7.81,62.8,-54.88,,,,,
177,6/19/2026 4:51,7.74,63.52,-51.03,,,,,
178,6/19/2026 5:06,7.67,64.2,-46.88,,,,,
179,6/19/2026 5:21,7.56,64.8,-40.74,,,,,
180,6/19/2026 5:36,7.41,65.41,-32.8,,,,,
181,6/19/2026 5:51,7.34,65.66,-28.81,,,,,
182,6/19/2026 6:06,7.22,66.04,-22.17,,,,,
183,6/19/2026 6:21,7.16,66.16,-18.91,,,,,
184,6/19/2026 6:36,7.11,66.31,-15.95,,,,,
185,6/19/2026 6:51,7.07,66.31,-13.8,,,,,
186,6/19/2026 7:06,7.04,66.25,-12.41,,,,,
187,6/19/2026 7:21,7.03,66.31,-11.7,,,,,
188,6/19/2026 7:36,7.02,66.25,-11.14,,,,,
189,6/19/2026 7:51,7.01,66.34,-10.78,,,,,
190,6/19/2026 8:06,7.02,66.31,-11.3,,,,,
191,6/19/2026 8:21,7.01,66.47,-10.61,,,,,
192,6/19/2026 8:36,7,66.65,-10.22,,,,,
193,6/19/2026 8:51,7,66.87,-10.05,,,,,
194,6/19/2026 9:06,7,67.12,-9.94,,,,,
195,6/19/2026 9:21,7.01,67.41,-10.41,,,,,
196,6/19/2026 9:36,7,67.62,-10.14,,,,,
197,6/19/2026 9:51,7.01,68.02,-10.73,,,,,
198,6/19/2026 10:06,7.01,68.27,-10.8,,,,,
199,6/19/2026 10:21,7.03,68.83,-11.63,,,,,
200,6/19/2026 10:36,7.05,69.64,-12.95,,,,,
201,6/19/2026 10:51,7.05,69.98,-12.67,,,,,
202,6/19/2026 11:06,7.06,70.59,-13.23,,,,,
203,6/19/2026 11:21,7.06,71.1,-13.28,,,,,
204,6/19/2026 11:36,7.05,70.88,-13.06,,,,,
205,6/19/2026 11:51,7.04,70.47,-12.41,,,,,
206,6/19/2026 12:06,7.06,70.63,-13.59,,,,,
207,6/19/2026 12:21,7.06,70.11,-13.59,,,,,
208,6/19/2026 12:36,7.09,70.47,-14.95,,,,,
209,6/19/2026 12:51,7.11,70.47,-16.22,,,,,
210,6/19/2026 13:06,7.14,70.47,-18.06,,,,,
211,6/19/2026 13:21,7.17,70.38,-19.36,,,,,
212,6/19/2026 13:36,7.2,70.38,-21.34,,,,,
213,6/19/2026 13:51,7.24,70.32,-23.66,,,,,
214,6/19/2026 14:06,7.3,69.91,-26.77,,,,,
215,6/19/2026 14:21,7.38,69.73,-30.95,,,,,
216,6/19/2026 14:36,7.45,69.98,-34.97,,,,,
217,6/19/2026 14:51,7.48,70.07,-36.88,,,,,
218,6/19/2026 15:06,7.49,69.85,-37.55,,,,,
219,6/19/2026 15:21,7.51,69.48,-38.67,,,,,
220,6/19/2026 15:36,7.54,68.86,-39.86,,,,,
221,6/19/2026 15:51,7.56,68.45,-41.27,,,,,
222,6/19/2026 16:06,7.57,68.11,-41.52,,,,,
223,6/19/2026 16:21,7.58,67.84,-42.31,,,,,
224,6/19/2026 16:36,7.58,67.68,-42.17,,,,,
225,6/19/2026 16:51,7.5,67.71,-37.97,,,,,
226,6/19/2026 17:06,7.55,69.51,-40.69,,,,,
227,6/19/2026 17:21,7.53,69.94,-39.39,,,,,
228,6/19/2026 17:36,7.49,70.38,-37.47,,,,,
229,6/19/2026 17:51,7.46,70.63,-35.49,,,,,
230,6/19/2026 18:06,7.42,70.84,-33.72,,,,,
231,6/19/2026 18:21,7.39,70.97,-32.02,,,,,
232,6/19/2026 18:36,7.37,71.06,-30.56,,,,,
233,6/19/2026 18:51,7.34,71.24,-29.02,,,,,
234,6/19/2026 19:06,7.31,71.4,-27.3,,,,,
235,6/19/2026 19:21,7.28,71.58,-25.72,,,,,
236,6/19/2026 19:36,7.25,71.8,-23.88,,,,,
237,6/19/2026 19:51,7.23,71.87,-22.7,,,,,
238,6/19/2026 20:06,7.21,71.92,-21.5,,,,,
239,6/19/2026 20:21,7.19,71.87,-20.86,,,,,
240,6/19/2026 20:36,7.18,71.74,-20.34,,,,,
241,6/19/2026 20:51,7.17,71.8,-19.27,,,,,
242,6/19/2026 21:06,7.15,71.8,-18.45,,,,,
243,6/19/2026 21:21,7.13,71.8,-17.47,,,,,
244,6/19/2026 21:36,7.12,71.8,-16.63,,,,,
245,6/19/2026 21:51,7.11,71.65,-16.42,,,,,
246,6/19/2026 22:06,7.09,71.62,-15.31,,,,,
247,6/19/2026 22:21,7.09,71.49,-14.84,,,,,
248,6/19/2026 22:36,7.08,71.4,-14.33,,,,,
249,6/19/2026 22:51,7.07,71.28,-14.03,,,,,
250,6/19/2026 23:06,7.06,71.19,-13.31,,,,,
251,6/19/2026 23:21,7.06,71.28,-13.59,,,,,
252,6/19/2026 23:36,7.08,71.49,-14.23,,,,,
253,6/19/2026 23:51,7.09,71.19,-15.3,,,,,
254,6/20/2026 0:06,7.12,70.93,-16.66,,,,,
255,6/20/2026 0:21,7.14,70.72,-17.7,,,,,
256,6/20/2026 0:36,7.16,70.5,-18.73,,,,,
257,6/20/2026 0:51,7.17,70.32,-19.36,,,,,
258,6/20/2026 1:06,7.19,69.94,-20.84,,,,,
259,6/20/2026 1:21,7.22,69.55,-22.02,,,,,
260,6/20/2026 1:36,7.26,69.04,-24.59,,,,,
261,6/20/2026 1:51,7.3,68.79,-26.8,,,,,
262,6/20/2026 2:06,7.35,68.45,-29.61,,,,,
263,6/20/2026 2:21,7.4,67.96,-32.13,,,,,
264,6/20/2026 2:36,7.45,67.41,-35.09,,,,,
265,6/20/2026 2:51,7.48,66.99,-36.42,,,,,
266,6/20/2026 3:06,7.51,66.65,-38.38,,,,,
267,6/20/2026 3:21,7.55,66.31,-40.49,,,,,
268,6/20/2026 3:36,7.58,65.97,-41.94,,,,,
269,6/20/2026 3:51,7.61,65.53,-43.88,,,,,
270,6/20/2026 4:06,7.66,65.01,-46.28,,,,,
271,6/20/2026 4:21,7.69,64.54,-47.95,,,,,
272,6/20/2026 4:36,7.72,64.04,-49.86,,,,,
273,6/20/2026 4:51,7.74,63.52,-51.11,,,,,
274,6/20/2026 5:06,7.75,63.3,-51.56,,,,,
275,6/20/2026 5:21,7.69,63.82,-48.16,,,,,
276,6/20/2026 5:36,7.66,64.45,-46.5,,,,,
277,6/20/2026 5:51,7.58,65.01,-41.88,,,,,
278,6/20/2026 6:06,7.52,65.44,-38.61,,,,,
279,6/20/2026 6:21,7.43,65.79,-33.75,,,,,
280,6/20/2026 6:36,7.36,66.09,-30.08,,,,,
281,6/20/2026 6:51,7.29,66.25,-26.16,,,,,
282,6/20/2026 7:06,7.22,66.25,-22.31,,,,,
283,6/20/2026 7:21,7.19,66.34,-20.8,,,,,
284,6/20/2026 7:36,7.17,66.51,-19.61,,,,,
285,6/20/2026 7:51,7.14,66.56,-17.72,,,,,
286,6/20/2026 8:06,7.12,66.65,-16.59,,,,,
287,6/20/2026 8:21,7.1,66.69,-15.69,,,,,
288,6/20/2026 8:36,7.09,66.81,-15.11,,,,,
289,6/20/2026 8:51,7.11,66.9,-16.38,,,,,
290,6/20/2026 9:06,7.12,67.12,-16.53,,,,,
291,6/20/2026 9:21,7.1,67.37,-15.55,,,,,
292,6/20/2026 9:36,7.08,67.55,-14.7,,,,,
293,6/20/2026 9:51,7.09,67.96,-15.27,,,,,
294,6/20/2026 10:06,7.08,68.11,-14.48,,,,,
295,6/20/2026 10:21,7.08,68.52,-14.39,,,,,
296,6/20/2026 10:36,7.08,68.79,-14.56,,,,,
297,6/20/2026 10:51,7.08,69.01,-14.67,,,,,
298,6/20/2026 11:06,7.1,69.51,-15.5,,,,,
299,6/20/2026 11:21,7.09,69.6,-15.25,,,,,
300,6/20/2026 11:36,7.09,69.82,-14.83,,,,,
301,6/20/2026 11:51,7.09,69.91,-15.09,,,,,
302,6/20/2026 12:06,7.09,69.76,-14.77,,,,,
303,6/20/2026 12:21,7.09,69.6,-14.91,,,,,
304,6/20/2026 12:36,7.09,69.76,-15.09,,,,,
305,6/20/2026 12:51,7.11,69.69,-16.03,,,,,
306,6/20/2026 13:06,7.12,69.3,-16.47,,,,,
307,6/20/2026 13:21,7.14,69.39,-17.86,,,,,
308,6/20/2026 13:36,7.17,69.64,-19.41,,,,,
309,6/20/2026 13:51,7.21,69.69,-21.55,,,,,
310,6/20/2026 14:06,7.24,69.76,-23.24,,,,,
311,6/20/2026 14:21,7.28,69.76,-25.78,,,,,
312,6/20/2026 14:36,7.33,69.85,-28.47,,,,,
313,6/20/2026 14:51,7.39,69.6,-32.05,,,,,
314,6/20/2026 15:06,7.45,69.21,-35.2,,,,,
315,6/20/2026 15:21,7.53,69.01,-39.55,,,,,
316,6/20/2026 15:36,7.57,69.01,-42,,,,,
317,6/20/2026 15:51,7.59,69.08,-43.17,,,,,
318,6/20/2026 16:06,7.6,68.92,-43.7,,,,,
319,6/20/2026 16:21,7.62,68.58,-44.44,,,,,
320,6/20/2026 16:36,7.63,68.14,-45.33,,,,,
321,6/20/2026 16:51,7.64,67.71,-45.72,,,,,
322,6/20/2026 17:06,7.65,67.41,-46.41,,,,,
323,6/20/2026 17:21,7.65,67.21,-46.1,,,,,
324,6/20/2026 17:36,7.58,67.21,-42.41,,,,,
325,6/20/2026 17:51,7.61,67.75,-44.08,,,,,
326,6/20/2026 18:06,7.61,68.95,-43.77,,,,,
327,6/20/2026 18:21,7.58,69.17,-42.58,,,,,
328,6/20/2026 18:36,7.56,69.35,-41.33,,,,,
329,6/20/2026 18:51,7.53,69.48,-39.61,,,,,
330,6/20/2026 19:06,7.5,69.64,-37.72,,,,,
331,6/20/2026 19:21,7.46,69.76,-35.56,,,,,
332,6/20/2026 19:36,7.43,69.91,-34.02,,,,,
333,6/20/2026 19:51,7.4,69.98,-32.39,,,,,
334,6/20/2026 20:06,7.37,70.11,-30.69,,,,,
335,6/20/2026 20:21,7.33,70.29,-28.31,,,,,
336,6/20/2026 20:36,7.29,70.38,-26.42,,,,,
337,6/20/2026 20:51,7.25,70.5,-23.84,,,,,
338,6/20/2026 21:06,7.22,70.5,-22.25,,,,,
339,6/20/2026 21:21,7.2,70.47,-21.45,,,,,
340,6/20/2026 21:36,7.19,70.47,-20.47,,,,,
341,6/20/2026 21:51,7.18,70.41,-19.83,,,,,
342,6/20/2026 22:06,7.17,70.47,-19.44,,,,,
343,6/20/2026 22:21,7.15,70.41,-18.16,,,,,
344,6/20/2026 22:36,7.13,70.41,-17.14,,,,,
345,6/20/2026 22:51,7.12,70.32,-16.48,,,,,
346,6/20/2026 23:06,7.09,70.25,-15.14,,,,,
347,6/20/2026 23:21,7.1,70.16,-15.47,,,,,
348,6/20/2026 23:36,7.08,70.2,-14.41,,,,,
349,6/20/2026 23:51,7.07,70.11,-13.89,,,,,
350,6/21/2026 0:06,7.04,70.03,-12.5,,,,,
351,6/21/2026 0:21,7.07,70.25,-13.97,,,,,
352,6/21/2026 0:36,7.07,70.38,-13.91,,,,,
353,6/21/2026 0:51,7.08,70.16,-14.66,,,,,
354,6/21/2026 1:06,7.1,69.98,-15.72,,,,,
355,6/21/2026 1:21,7.12,69.85,-16.56,,,,,
356,6/21/2026 1:36,7.14,69.69,-17.88,,,,,
357,6/21/2026 1:51,7.15,69.69,-18.59,,,,,
358,6/21/2026 2:06,7.18,69.51,-20.17,,,,,
359,6/21/2026 2:21,7.2,69.3,-21.33,,,,,
360,6/21/2026 2:36,7.28,68.92,-25.59,,,,,
361,6/21/2026 2:51,7.32,68.65,-28.09,,,,,
362,6/21/2026 3:06,7.38,68.36,-30.91,,,,,
363,6/21/2026 3:21,7.42,67.96,-33.61,,,,,
364,6/21/2026 3:36,7.46,67.59,-35.59,,,,,
365,6/21/2026 3:51,7.49,67.12,-37.45,,,,,
366,6/21/2026 4:06,7.52,66.72,-38.95,,,,,
367,6/21/2026 4:21,7.54,66.43,-40,,,,,
368,6/21/2026 4:36,7.56,66.22,-41.24,,,,,
369,6/21/2026 4:51,7.59,65.97,-42.53,,,,,
370,6/21/2026 5:06,7.61,65.7,-43.94,,,,,
371,6/21/2026 5:21,7.62,65.48,-44.25,,,,,
372,6/21/2026 5:36,7.62,65.32,-44.56,,,,,
373,6/21/2026 5:51,7.59,65.28,-42.56,,,,,
374,6/21/2026 6:06,7.57,65.66,-41.47,,,,,
375,6/21/2026 6:21,7.54,66,-40.22,,,,,
376,6/21/2026 6:36,7.51,66.34,-38.06,,,,,
377,6/21/2026 6:51,7.47,66.65,-35.91,,,,,
378,6/21/2026 7:06,7.43,66.94,-34,,,,,
379,6/21/2026 7:21,7.39,67.15,-31.77,,,,,
380,6/21/2026 7:36,7.35,67.41,-29.67,,,,,
381,6/21/2026 7:51,7.32,67.59,-27.89,,,,,
382,6/21/2026 8:06,7.29,67.8,-26.3,,,,,
383,6/21/2026 8:21,7.27,67.96,-24.86,,,,,
384,6/21/2026 8:36,7.25,68.18,-23.81,,,,,
385,6/21/2026 8:51,7.22,68.36,-22.24,,,,,
386,6/21/2026 9:06,7.2,68.58,-21.03,,,,,
387,6/21/2026 9:21,7.18,68.74,-20.22,,,,,
388,6/21/2026 9:36,7.2,68.83,-21.28,,,,,
389,6/21/2026 9:51,7.19,69.08,-20.69,,,,,
390,6/21/2026 10:06,7.16,69.35,-19.2,,,,,
391,6/21/2026 10:21,7.15,69.64,-18.59,,,,,
392,6/21/2026 10:36,7.14,69.94,-17.7,,,,,
393,6/21/2026 10:51,7.11,70.2,-16.09,,,,,
394,6/21/2026 11:06,7.1,70.54,-15.44,,,,,
395,6/21/2026 11:21,7.1,70.84,-15.52,,,,,
396,6/21/2026 11:36,7.08,71.15,-14.64,,,,,
397,6/21/2026 11:51,7.08,71.62,-14.52,,,,,
398,6/21/2026 12:06,7.08,72.23,-14.69,,,,,
399,6/21/2026 12:21,7.07,72.45,-14.08,,,,,
400,6/21/2026 12:36,7.08,72.48,-14.27,,,,,
401,6/21/2026 12:51,7.06,72.64,-13.59,,,,,
402,6/21/2026 13:06,7.06,72.36,-13.27,,,,,
403,6/21/2026 13:21,7.07,72.61,-13.78,,,,,
404,6/21/2026 13:36,7.11,72.57,-16.2,,,,,
405,6/21/2026 13:51,7.12,72.91,-17,,,,,
406,6/21/2026 14:06,7.16,72.36,-18.92,,,,,
407,6/21/2026 14:21,7.18,72.57,-20.03,,,,,
408,6/21/2026 14:36,7.2,72.39,-21.08,,,,,
409,6/21/2026 14:51,7.23,71.92,-22.95,,,,,
410,6/21/2026 15:06,7.28,71.71,-25.5,,,,,
411,6/21/2026 15:21,7.35,71.4,-29.38,,,,,
412,6/21/2026 15:36,7.39,70.88,-31.83,,,,,
413,6/21/2026 15:51,7.45,70.29,-35.19,,,,,
414,6/21/2026 16:06,7.52,70.03,-39.27,,,,,
415,6/21/2026 16:21,7.58,70.07,-42.28,,,,,
416,6/21/2026 16:36,7.6,70.03,-43.36,,,,,
417,6/21/2026 16:51,7.61,69.69,-44.14,,,,,
418,6/21/2026 17:06,7.63,69.26,-45.03,,,,,
419,6/21/2026 17:21,7.65,68.79,-46.27,,,,,
420,6/21/2026 17:36,7.66,68.4,-46.83,,,,,
421,6/21/2026 17:51,7.66,68.05,-46.78,,,,,
422,6/21/2026 18:06,7.66,67.8,-46.97,,,,,
423,6/21/2026 18:21,7.68,67.68,-47.78,,,,,
424,6/21/2026 18:36,7.6,67.75,-43.3,,,,,
425,6/21/2026 18:51,7.62,68.92,-44.7,,,,,
426,6/21/2026 19:06,7.6,69.6,-43.58,,,,,
427,6/21/2026 19:21,7.57,69.85,-41.8,,,,,
428,6/21/2026 19:36,7.53,70.07,-39.64,,,,,
429,6/21/2026 19:51,7.49,70.16,-37.44,,,,,
430,6/21/2026 20:06,7.45,70.29,-35.06,,,,,
431,6/21/2026 20:21,7.41,70.41,-33.13,,,,,
432,6/21/2026 20:36,7.38,70.5,-31.38,,,,,
433,6/21/2026 20:51,7.34,70.68,-29.28,,,,,
434,6/21/2026 21:06,7.3,70.81,-27.05,,,,,
435,6/21/2026 21:21,7.26,70.97,-24.59,,,,,
436,6/21/2026 21:36,7.24,71.1,-23.41,,,,,
437,6/21/2026 21:51,7.21,71.19,-21.86,,,,,
438,6/21/2026 22:06,7.19,71.1,-20.81,,,,,
439,6/21/2026 22:21,7.17,71.06,-19.42,,,,,
440,6/21/2026 22:36,7.16,71.15,-18.91,,,,,
441,6/21/2026 22:51,7.14,71.15,-17.59,,,,,
442,6/21/2026 23:06,7.12,71.15,-16.59,,,,,
443,6/21/2026 23:21,7.1,71.15,-15.61,,,,,
444,6/21/2026 23:36,7.08,71.15,-14.66,,,,,
445,6/21/2026 23:51,7.07,71.06,-13.73,,,,,
446,6/22/2026 0:06,7.06,71.02,-13.52,,,,,
447,6/22/2026 0:21,7.05,70.84,-13,,,,,
448,6/22/2026 0:36,7.03,70.84,-11.77,,,,,
449,6/22/2026 0:51,7.02,70.81,-11.33,,,,,
450,6/22/2026 1:06,7.02,70.88,-11.17,,,,,
451,6/22/2026 1:21,7.03,71.06,-11.45,,,,,
452,6/22/2026 1:36,7.03,71.02,-11.48,,,,,
453,6/22/2026 1:51,7.06,70.72,-13.22,,,,,
454,6/22/2026 2:06,7.06,70.63,-13.53,,,,,
455,6/22/2026 2:21,7.08,70.41,-14.72,,,,,
456,6/22/2026 2:36,7.11,70.32,-16.03,,,,,
457,6/22/2026 2:51,7.12,70.29,-16.53,,,,,
458,6/22/2026 3:06,7.14,70.07,-17.58,,,,,
459,6/22/2026 3:21,7.17,69.85,-19.53,,,,,
460,6/22/2026 3:36,7.23,69.51,-23.09,,,,,
461,6/22/2026 3:51,7.29,69.17,-26.19,,,,,
462,6/22/2026 4:06,7.33,68.92,-28.59,,,,,
463,6/22/2026 4:21,7.38,68.65,-31.36,,,,,
464,6/22/2026 4:36,7.43,68.23,-34,,,,,
465,6/22/2026 4:51,7.46,67.93,-35.41,,,,,
466,6/22/2026 5:06,7.49,67.5,-37.25,,,,,
467,6/22/2026 5:21,7.51,67.12,-38.63,,,,,
468,6/22/2026 5:36,7.53,66.87,-39.38,,,,,
469,6/22/2026 5:51,7.54,66.72,-39.88,,,,,
470,6/22/2026 6:06,7.54,66.65,-39.86,,,,,
471,6/22/2026 6:21,7.52,66.6,-39.13,,,,,
472,6/22/2026 6:36,7.51,66.6,-38.14,,,,,
473,6/22/2026 6:51,7.48,66.81,-36.8,,,,,
474,6/22/2026 7:06,7.49,66.87,-37.27,,,,,
475,6/22/2026 7:21,7.46,67.15,-35.63,,,,,
476,6/22/2026 7:36,7.41,67.93,-33.09,,,,,
477,6/22/2026 7:51,7.39,68.11,-31.88,,,,,
478,6/22/2026 8:06,7.36,68.49,-29.8,,,,,
479,6/22/2026 8:21,7.33,68.74,-28.45,,,,,
480,6/22/2026 8:36,7.31,68.95,-27.16,,,,,
481,6/22/2026 8:51,7.28,69.21,-25.81,,,,,
482,6/22/2026 9:06,7.27,69.39,-24.83,,,,,
483,6/22/2026 9:21,7.25,69.55,-23.86,,,,,
484,6/22/2026 9:36,7.23,69.76,-22.69,,,,,
485,6/22/2026 9:51,7.21,69.94,-21.61,,,,,
486,6/22/2026 10:06,7.19,70.2,-20.49,,,,,
487,6/22/2026 10:21,7.2,70.5,-20.95,,,,,
488,6/22/2026 10:36,7.19,70.72,-20.75,,,,,
489,6/22/2026 10:51,7.19,71.06,-20.39,,,,,
490,6/22/2026 11:06,7.17,71.37,-19.28,,,,,
491,6/22/2026 11:21,7.15,71.74,-18.25,,,,,
492,6/22/2026 11:36,7.13,71.96,-17.19,,,,,
493,6/22/2026 11:51,7.13,72.23,-17.34,,,,,
494,6/22/2026 12:06,7.12,72.39,-16.88,,,,,
495,6/22/2026 12:21,7.11,72.61,-16.14,,,,,
496,6/22/2026 12:36,7.09,72.95,-15.2,,,,,
497,6/22/2026 12:51,7.08,73.04,-14.67,,,,,
498,6/22/2026 13:06,7.08,73.08,-14.47,,,,,
499,6/22/2026 13:21,7.07,73.13,-13.81,,,,,
500,6/22/2026 13:36,7.06,73.13,-13.27,,,,,
501,6/22/2026 13:51,7.05,73.13,-12.94,,,,,
502,6/22/2026 14:06,7.05,73.08,-13.03,,,,,
503,6/22/2026 14:21,7.11,72.82,-16.08,,,,,
504,6/22/2026 14:36,7.13,72.7,-17.2,,,,,
505,6/22/2026 14:51,7.15,72.45,-18.3,,,,,
506,6/22/2026 15:06,7.17,72.23,-19.52,,,,,
507,6/22/2026 15:21,7.18,72.05,-19.97,,,,,
508,6/22/2026 15:36,7.22,71.8,-22.28,,,,,
509,6/22/2026 15:51,7.24,71.62,-23.45,,,,,
510,6/22/2026 16:06,7.3,71.24,-26.95,,,,,
511,6/22/2026 16:21,7.36,70.84,-30.22,,,,,
512,6/22/2026 16:36,7.4,70.54,-32.28,,,,,
513,6/22/2026 16:51,7.45,70.16,-35.41,,,,,
514,6/22/2026 17:06,7.5,69.82,-38.09,,,,,
515,6/22/2026 17:21,7.55,69.55,-40.59,,,,,
516,6/22/2026 17:36,7.58,69.42,-42.36,,,,,
517,6/22/2026 17:51,7.6,69.21,-43.35,,,,,
518,6/22/2026 18:06,7.61,68.95,-44.22,,,,,
519,6/22/2026 18:21,7.62,68.79,-44.66,,,,,
520,6/22/2026 18:36,7.63,68.58,-44.86,,,,,
521,6/22/2026 18:51,7.63,68.4,-45.24,,,,,
522,6/22/2026 19:06,7.61,68.31,-44.19,,,,,
523,6/22/2026 19:21,7.56,68.52,-41.06,,,,,
524,6/22/2026 19:36,7.56,68.95,-41.13,,,,,
525,6/22/2026 19:51,7.53,69.13,-39.53,,,,,
526,6/22/2026 20:06,7.49,69.35,-37.33,,,,,
527,6/22/2026 20:21,7.46,69.51,-35.86,,,,,
528,6/22/2026 20:36,7.43,69.73,-34.08,,,,,
529,6/22/2026 20:51,7.39,69.85,-31.95,,,,,
530,6/22/2026 21:06,7.37,69.98,-30.58,,,,,
531,6/22/2026 21:21,7.34,70.07,-28.95,,,,,
532,6/22/2026 21:36,7.32,70.16,-27.75,,,,,
533,6/22/2026 21:51,7.29,70.25,-26.31,,,,,
534,6/22/2026 22:06,7.26,70.29,-24.63,,,,,
535,6/22/2026 22:21,7.24,70.38,-23.22,,,,,
536,6/22/2026 22:36,7.2,70.47,-21.44,,,,,
537,6/22/2026 22:51,7.14,70.25,-18.05,,,,,
538,6/22/2026 23:06,7.13,70.07,-17.06,,,,,
539,6/22/2026 23:21,7.13,70.11,-17.08,,,,,
540,6/22/2026 23:36,7.13,70.16,-17.06,,,,,
541,6/22/2026 23:51,7.13,70.11,-17.08,,,,,
542,6/23/2026 0:06,7.11,70.07,-16.27,,,,,
543,6/23/2026 0:21,7.09,70.03,-15.16,,,,,
544,6/23/2026 0:36,7.08,69.94,-14.52,,,,,
545,6/23/2026 0:51,7.07,69.85,-13.84,,,,,
546,6/23/2026 1:06,7.06,69.73,-13.19,,,,,
547,6/23/2026 1:21,7.06,69.42,-13.25,,,,,
548,6/23/2026 1:36,7.04,69.3,-12.36,,,,,
549,6/23/2026 1:51,7.02,69.26,-11.28,,,,,
550,6/23/2026 2:06,7.01,69.17,-10.39,,,,,
551,6/23/2026 2:21,6.98,69.3,-9.13,,,,,
552,6/23/2026 2:36,6.99,69.51,-9.63,,,,,
553,6/23/2026 2:51,7.03,69.35,-11.58,,,,,
554,6/23/2026 3:06,7.06,69.3,-13.16,,,,,
555,6/23/2026 3:21,7.07,69.39,-13.89,,,,,
556,6/23/2026 3:36,7.09,69.3,-14.75,,,,,
557,6/23/2026 3:51,7.1,69.3,-15.33,,,,,
558,6/23/2026 4:06,7.12,69.26,-16.48,,,,,
559,6/23/2026 4:21,7.15,69.17,-18.23,,,,,
560,6/23/2026 4:36,7.22,69.04,-22.27,,,,,
561,6/23/2026 4:51,7.28,68.83,-25.42,,,,,
562,6/23/2026 5:06,7.32,68.65,-27.86,,,,,
563,6/23/2026 5:21,7.36,68.49,-29.86,,,,,
564,6/23/2026 5:36,7.4,68.31,-32.08,,,,,
565,6/23/2026 5:51,7.44,68.02,-34.41,,,,,
566,6/23/2026 6:06,7.47,67.68,-36.09,,,,,
567,6/23/2026 6:21,7.49,67.46,-37.14,,,,,
568,6/23/2026 6:36,7.5,67.24,-37.95,,,,,
569,6/23/2026 6:51,7.51,67.12,-38.63,,,,,
570,6/23/2026 7:06,7.52,67.03,-38.74,,,,,
571,6/23/2026 7:21,7.51,66.99,-38.24,,,,,
572,6/23/2026 7:36,7.51,66.94,-38.24,,,,,
573,6/23/2026 7:51,7.45,67.03,-35.28,,,,,
574,6/23/2026 8:06,7.47,67.21,-35.86,,,,,
575,6/23/2026 8:21,7.47,67.24,-36.08,,,,,
576,6/23/2026 8:36,7.45,67.28,-34.94,,,,,
577,6/23/2026 8:51,7.43,67.41,-33.97,,,,,
578,6/23/2026 9:06,7.41,67.59,-32.61,,,,,
579,6/23/2026 9:21,7.36,67.8,-30,,,,,
580,6/23/2026 9:36,7.3,68.11,-26.44,,,,,
581,6/23/2026 9:51,7.33,67.96,-28.22,,,,,
582,6/23/2026 10:06,7.21,68.4,-21.84,,,,,
583,6/23/2026 10:21,7.21,68.4,-21.95,,,,,
584,6/23/2026 10:36,7.2,68.4,-20.94,,,,,
585,6/23/2026 10:51,7.2,68.45,-21.3,,,,,
586,6/23/2026 11:06,7.18,68.49,-19.84,,,,,
587,6/23/2026 11:21,7.14,68.58,-18.05,,,,,
588,6/23/2026 11:36,7.13,68.61,-17.39,,,,,
589,6/23/2026 11:51,7.11,68.65,-15.88,,,,,
590,6/23/2026 12:06,7.09,68.7,-14.86,,,,,
591,6/23/2026 12:21,7.05,68.79,-13.02,,,,,
592,6/23/2026 12:36,7.02,68.86,-11.2,,,,,
593,6/23/2026 12:51,7,68.86,-9.88,,,,,
594,6/23/2026 13:06,6.97,68.79,-8.48,,,,,
595,6/23/2026 13:21,6.96,68.74,-7.78,,,,,
596,6/23/2026 13:36,6.95,68.74,-7.34,,,,,
597,6/23/2026 13:51,6.95,68.79,-7.3,,,,,
598,6/23/2026 14:06,6.96,68.86,-7.8,,,,,
599,6/23/2026 14:21,6.93,68.61,-6.16,,,,,
600,6/23/2026 14:36,6.92,68.65,-5.67,,,,,
601,6/23/2026 14:51,6.93,68.61,-6.14,,,,,
602,6/23/2026 15:06,6.96,68.86,-7.89,,,,,
603,6/23/2026 15:21,6.98,69.04,-8.8,,,,,
604,6/23/2026 15:36,7.01,69.13,-10.64,,,,,
605,6/23/2026 15:51,7.02,69.17,-11.33,,,,,
606,6/23/2026 16:06,7.04,69.08,-12.5,,,,,
607,6/23/2026 16:21,7.09,69.21,-15.03,,,,,
608,6/23/2026 16:36,7.15,69.42,-18.33,,,,,
609,6/23/2026 16:51,7.21,69.39,-21.94,,,,,
610,6/23/2026 17:06,7.27,69.3,-25.17,,,,,
611,6/23/2026 17:21,7.32,69.08,-27.8,,,,,
612,6/23/2026 17:36,7.37,68.83,-30.58,,,,,
613,6/23/2026 17:51,7.42,68.61,-33.16,,,,,
614,6/23/2026 18:06,7.47,68.4,-36.11,,,,,
615,6/23/2026 18:21,7.5,68.23,-37.94,,,,,
616,6/23/2026 18:36,7.53,68.05,-39.58,,,,,
617,6/23/2026 18:51,7.55,67.89,-40.72,,,,,
618,6/23/2026 19:06,7.57,67.68,-41.74,,,,,
619,6/23/2026 19:21,7.58,67.55,-42.38,,,,,
620,6/23/2026 19:36,7.59,67.37,-42.8,,,,,
621,6/23/2026 19:51,7.57,67.28,-41.81,,,,,
622,6/23/2026 20:06,7.56,67.21,-41.38,,,,,
623,6/23/2026 20:21,7.48,67.24,-36.94,,,,,
624,6/23/2026 20:36,7.52,67.5,-39.06,,,,,
625,6/23/2026 20:51,7.47,68.02,-35.91,,,,,
626,6/23/2026 21:06,7.43,68.23,-33.83,,,,,
627,6/23/2026 21:21,7.4,68.36,-32.24,,,,,
628,6/23/2026 21:36,7.36,68.49,-30.33,,,,,
629,6/23/2026 21:51,7.33,68.58,-28.52,,,,,
630,6/23/2026 22:06,7.29,68.65,-26.2,,,,,
631,6/23/2026 22:21,7.24,68.83,-23.49,,,,,
632,6/23/2026 22:36,7.22,68.86,-22.41,,,,,
633,6/23/2026 22:51,7.18,68.95,-20.08,,,,,
634,6/23/2026 23:06,7.15,68.95,-18.2,,,,,
635,6/23/2026 23:21,7.13,68.95,-17.13,,,,,
636,6/23/2026 23:36,7.09,68.95,-14.95,,,,,
637,6/23/2026 23:51,7.06,68.83,-13.06,,,,,
638,6/24/2026 0:06,7.01,68.79,-10.61,,,,,
639,6/24/2026 0:21,6.98,68.7,-8.94,,,,,
640,6/24/2026 0:36,6.97,68.61,-8.22,,,,,
641,6/24/2026 0:51,6.96,68.61,-7.48,,,,,
642,6/24/2026 1:06,6.94,68.58,-6.84,,,,,
643,6/24/2026 1:21,6.93,68.49,-5.97,,,,,
644,6/24/2026 1:36,6.92,68.45,-5.28,,,,,
645,6/24/2026 1:51,6.91,68.4,-4.97,,,,,
646,6/24/2026 2:06,6.91,68.31,-4.84,,,,,
647,6/24/2026 2:21,6.91,68.31,-4.92,,,,,
648,6/24/2026 2:36,6.91,68.27,-4.97,,,,,
649,6/24/2026 2:51,6.91,68.23,-4.91,,,,,
650,6/24/2026 3:06,6.9,68.23,-4.58,,,,,
651,6/24/2026 3:21,6.9,68.18,-4.27,,,,,
652,6/24/2026 3:36,6.91,68.31,-4.86,,,,,
653,6/24/2026 3:51,6.93,68.18,-6.3,,,,,
654,6/24/2026 4:06,6.95,68.14,-7.27,,,,,
655,6/24/2026 4:21,6.97,68.18,-8.55,,,,,
656,6/24/2026 4:36,6.99,68.18,-9.52,,,,,
657,6/24/2026 4:51,7,68.18,-10.08,,,,,
658,6/24/2026 5:06,7.03,68.18,-11.56,,,,,
659,6/24/2026 5:21,7.08,68.31,-14.33,,,,,
660,6/24/2026 5:36,7.13,68.23,-17.02,,,,,
661,6/24/2026 5:51,7.17,68.11,-19.34,,,,,
662,6/24/2026 6:06,7.21,67.93,-21.64,,,,,
663,6/24/2026 6:21,7.26,67.75,-24.3,,,,,
664,6/24/2026 6:36,7.3,67.55,-26.84,,,,,
665,6/24/2026 6:51,7.34,67.28,-29.16,,,,,
666,6/24/2026 7:06,7.38,67.06,-31.02,,,,,
667,6/24/2026 7:21,7.4,66.9,-32.02,,,,,
668,6/24/2026 7:36,7.42,66.72,-33.19,,,,,
669,6/24/2026 7:51,7.42,66.6,-33.56,,,,,
670,6/24/2026 8:06,7.43,66.51,-33.78,,,,,
671,6/24/2026 8:21,7.44,66.47,-34.55,,,,,
672,6/24/2026 8:36,7.44,66.43,-34.24,,,,,
673,6/24/2026 8:51,7.4,66.47,-32.09,,,,,
674,6/24/2026 9:06,7.37,66.51,-30.81,,,,,
675,6/24/2026 9:21,7.4,66.78,-32.3,,,,,
676,6/24/2026 9:36,7.37,67.24,-30.55,,,,,
677,6/24/2026 9:51,7.38,66.99,-31.03,,,,,
678,6/24/2026 10:06,7.37,67.03,-30.47,,,,,
679,6/24/2026 10:21,7.36,67.24,-29.89,,,,,
680,6/24/2026 10:36,7.36,67.15,-29.77,,,,,
681,6/24/2026 10:51,7.27,68.36,-25.24,,,,,
682,6/24/2026 11:06,7.3,68.11,-26.59,,,,,
683,6/24/2026 11:21,7.25,68.92,-23.95,,,,,
684,6/24/2026 11:36,7.24,69.17,-23.2,,,,,
685,6/24/2026 11:51,7.22,69.42,-22.44,,,,,
686,6/24/2026 12:06,7.21,69.85,-21.72,,,,,
687,6/24/2026 12:21,7.2,70.38,-21.16,,,,,
688,6/24/2026 12:36,7.19,71.02,-20.67,,,,,
689,6/24/2026 12:51,7.16,71.65,-19,,,,,
690,6/24/2026 13:06,7.17,71.74,-19.34,,,,,
691,6/24/2026 13:21,7.16,72.64,-19.05,,,,,
692,6/24/2026 13:36,7.12,72.73,-16.47,,,,,
693,6/24/2026 13:51,7.14,73.35,-17.73,,,,,
694,6/24/2026 14:06,7.13,73.94,-17.09,,,,,
695,6/24/2026 14:21,7.11,74.59,-16.28,,,,,
696,6/24/2026 14:36,7.13,75.2,-17.44,,,,,
697,6/24/2026 14:51,7.1,75.85,-15.91,,,,,
698,6/24/2026 15:06,7.08,74.43,-14.28,,,,,
699,6/24/2026 15:21,7.11,73.72,-16.03,,,,,
700,6/24/2026 15:36,7.11,73.51,-16.06,,,,,
701,6/24/2026 15:51,7.13,73.17,-17.11,,,,,
702,6/24/2026 16:06,7.16,72.82,-18.8,,,,,
703,6/24/2026 16:21,7.18,72.27,-20.16,,,,,
704,6/24/2026 16:36,7.2,72.82,-21.16,,,,,
705,6/24/2026 16:51,7.21,72.79,-21.55,,,,,
706,6/24/2026 17:06,7.24,72.82,-23.49,,,,,
707,6/24/2026 17:21,7.28,72.57,-25.52,,,,,
708,6/24/2026 17:36,7.32,72.23,-28.24,,,,,
709,6/24/2026 17:51,7.37,71.83,-30.75,,,,,
710,6/24/2026 18:06,7.4,71.53,-32.67,,,,,
711,6/24/2026 18:21,7.44,71.28,-34.63,,,,,
712,6/24/2026 18:36,7.49,70.97,-37.5,,,,,
713,6/24/2026 18:51,7.55,70.93,-40.7,,,,,
714,6/24/2026 19:06,7.59,70.93,-43.11,,,,,
715,6/24/2026 19:21,7.62,70.97,-44.69,,,,,
716,6/24/2026 19:36,7.65,70.88,-46.35,,,,,
717,6/24/2026 19:51,7.68,70.63,-47.99,,,,,
718,6/24/2026 20:06,7.69,70.32,-48.45,,,,,
719,6/24/2026 20:21,7.69,70.11,-48.42,,,,,
720,6/24/2026 20:36,7.68,69.91,-47.86,,,,,
721,6/24/2026 20:51,7.67,69.73,-47.31,,,,,
722,6/24/2026 21:06,7.66,69.64,-46.72,,,,,
723,6/24/2026 21:21,7.61,70.07,-43.94,,,,,
724,6/24/2026 21:36,7.58,70.5,-42.41,,,,,
725,6/24/2026 21:51,7.55,70.72,-41.02,,,,,
726,6/24/2026 22:06,7.51,70.75,-38.59,,,,,
727,6/24/2026 22:21,7.46,70.81,-35.92,,,,,
728,6/24/2026 22:36,7.42,70.84,-33.45,,,,,
729,6/24/2026 22:51,7.38,70.93,-31.22,,,,,
730,6/24/2026 23:06,7.35,70.97,-29.52,,,,,
731,6/24/2026 23:21,7.32,71.1,-28.06,,,,,
732,6/24/2026 23:36,7.29,71.15,-26.47,,,,,
733,6/24/2026 23:51,7.27,71.24,-24.86,,,,,
734,6/25/2026 0:06,7.23,71.28,-22.99,,,,,
735,6/25/2026 0:21,7.2,71.28,-21.08,,,,,
736,6/25/2026 0:36,7.15,71.19,-18.59,,,,,
737,6/25/2026 0:51,7.13,71.06,-17.06,,,,,
738,6/25/2026 1:06,7.12,71.15,-16.86,,,,,
739,6/25/2026 1:21,7.11,71.19,-16.09,,,,,
740,6/25/2026 1:36,7.1,71.24,-15.66,,,,,
741,6/25/2026 1:51,7.08,71.19,-14.31,,,,,
742,6/25/2026 2:06,7.05,71.15,-12.83,,,,,
743,6/25/2026 2:21,7.02,71.06,-11.23,,,,,
744,6/25/2026 2:36,7,70.97,-10.05,,,,,
745,6/25/2026 2:51,6.99,70.88,-9.34,,,,,
746,6/25/2026 3:06,6.98,70.84,-8.66,,,,,
747,6/25/2026 3:21,6.97,70.84,-8.48,,,,,
748,6/25/2026 3:36,6.97,70.75,-8.34,,,,,
749,6/25/2026 3:51,6.97,70.72,-8.17,,,,,
750,6/25/2026 4:06,6.97,70.68,-8.05,,,,,
751,6/25/2026 4:21,6.97,70.63,-8.08,,,,,
752,6/25/2026 4:36,6.97,70.75,-8.45,,,,,
753,6/25/2026 4:51,7.01,70.38,-10.59,,,,,
754,6/25/2026 5:06,7.03,70.29,-11.61,,,,,
755,6/25/2026 5:21,7.05,70.25,-13.05,,,,,
756,6/25/2026 5:36,7.07,70.03,-13.92,,,,,
757,6/25/2026 5:51,7.09,69.98,-14.75,,,,,
758,6/25/2026 6:06,7.11,69.94,-16.13,,,,,
759,6/25/2026 6:21,7.13,69.82,-17.11,,,,,
760,6/25/2026 6:36,7.18,69.82,-20.11,,,,,
761,6/25/2026 6:51,7.22,69.64,-22.5,,,,,
762,6/25/2026 7:06,7.26,69.55,-24.72,,,,,
763,6/25/2026 7:21,7.31,69.48,-27.34,,,,,
764,6/25/2026 7:36,7.36,69.35,-29.97,,,,,
765,6/25/2026 7:51,7.4,69.17,-32.24,,,,,
766,6/25/2026 8:06,7.43,69.01,-34.22,,,,,
767,6/25/2026 8:21,7.45,68.86,-35.27,,,,,
768,6/25/2026 8:36,7.48,68.7,-36.53,,,,,
769,6/25/2026 8:51,7.49,68.58,-37.33,,,,,
770,6/25/2026 9:06,7.48,68.49,-36.92,,,,,
771,6/25/2026 9:21,7.5,68.45,-37.66,,,,,
772,6/25/2026 9:36,7.48,68.45,-37.03,,,,,
773,6/25/2026 9:51,7.43,68.52,-34.05,,,,,
774,6/25/2026 10:06,7.46,68.83,-35.42,,,,,
775,6/25/2026 10:21,7.46,68.92,-35.59,,,,,
776,6/25/2026 10:36,7.45,69.01,-34.91,,,,,
777,6/25/2026 10:51,7.44,69.08,-34.63,,,,,
778,6/25/2026 11:06,7.43,69.35,-34.25,,,,,
779,6/25/2026 11:21,7.42,69.35,-33.25,,,,,
780,6/25/2026 11:36,7.39,69.42,-31.66,,,,,
781,6/25/2026 11:51,7.34,70.25,-29.28,,,,,
782,6/25/2026 12:06,7.34,70.41,-28.95,,,,,
783,6/25/2026 12:21,7.34,70.59,-29.08,,,,,
784,6/25/2026 12:36,7.33,71.1,-28.55,,,,,
785,6/25/2026 12:51,7.33,71.31,-28.22,,,,,
786,6/25/2026 13:06,7.33,71.83,-28.42,,,,,
787,6/25/2026 13:21,7.33,72.3,-28.67,,,,,
788,6/25/2026 13:36,7.31,72.73,-27.3,,,,,
789,6/25/2026 13:51,7.29,73.35,-26.11,,,,,
790,6/25/2026 14:06,7.3,73.69,-26.74,,,,,
791,6/25/2026 14:21,7.27,73.99,-25.38,,,,,
792,6/25/2026 14:36,7.21,74.3,-21.95,,,,,
793,6/25/2026 14:51,7.21,74.43,-21.56,,,,,
794,6/25/2026 15:06,7.19,74.82,-20.78,,,,,
795,6/25/2026 15:21,7.22,75.25,-22.52,,,,,
796,6/25/2026 15:36,7.2,75.69,-21.47,,,,,
797,6/25/2026 15:51,7.2,76.24,-21.31,,,,,
798,6/25/2026 16:06,7.14,74.82,-17.81,,,,,
799,6/25/2026 16:21,7.14,74.12,-17.94,,,,,
800,6/25/2026 16:36,7.14,74.21,-17.78,,,,,
801,6/25/2026 16:51,7.2,74.37,-21.25,,,,,
802,6/25/2026 17:06,7.21,74.34,-21.8,,,,,
803,6/25/2026 17:21,7.23,74.16,-23.09,,,,,
804,6/25/2026 17:36,7.24,73.99,-23.44,,,,,
805,6/25/2026 17:51,7.26,73.81,-24.42,,,,,
806,6/25/2026 18:06,7.28,73.87,-25.78,,,,,
807,6/25/2026 18:21,7.29,73.78,-26.39,,,,,
808,6/25/2026 18:36,7.35,73.17,-29.5,,,,,
809,6/25/2026 18:51,7.4,72.86,-32.24,,,,,
810,6/25/2026 19:06,7.44,72.7,-34.81,,,,,
811,6/25/2026 19:21,7.48,72.45,-37.17,,,,,
812,6/25/2026 19:36,7.55,72.05,-40.86,,,,,
813,6/25/2026 19:51,7.61,71.92,-44.22,,,,,
814,6/25/2026 20:06,7.65,71.87,-46.7,,,,,
815,6/25/2026 20:21,7.69,71.8,-48.8,,,,,
816,6/25/2026 20:36,7.72,71.65,-50.41,,,,,
817,6/25/2026 20:51,7.74,71.44,-51.44,,,,,
818,6/25/2026 21:06,7.75,71.28,-51.8,,,,,
819,6/25/2026 21:21,7.75,71.1,-51.99,,,,,
820,6/25/2026 21:36,7.71,71.02,-50.02,,,,,
821,6/25/2026 21:51,7.69,70.93,-48.42,,,,,
822,6/25/2026 22:06,7.63,71.19,-45.45,,,,,
823,6/25/2026 22:21,7.63,71.49,-45.16,,,,,
824,6/25/2026 22:36,7.58,71.65,-42.56,,,,,
825,6/25/2026 22:51,7.54,71.71,-40.09,,,,,
826,6/25/2026 23:06,7.48,71.83,-36.89,,,,,
827,6/25/2026 23:21,7.43,71.96,-34.39,,,,,
828,6/25/2026 23:36,7.4,72.09,-32.44,,,,,
829,6/25/2026 23:51,7.36,72.18,-30.16,,,,,
830,6/26/2026 0:06,7.33,72.27,-28.34,,,,,
831,6/26/2026 0:21,7.3,72.36,-26.77,,,,,
832,6/26/2026 0:36,7.27,72.39,-24.99,,,,,
833,6/26/2026 0:51,7.25,72.48,-23.92,,,,,
834,6/26/2026 1:06,7.23,72.52,-22.64,,,,,
835,6/26/2026 1:21,7.2,72.52,-21.05,,,,,
836,6/26/2026 1:36,7.18,72.45,-20.08,,,,,
837,6/26/2026 1:51,7.16,72.45,-18.92,,,,,
838,6/26/2026 2:06,7.15,72.48,-18.17,,,,,
839,6/26/2026 2:21,7.13,72.52,-17.5,,,,,
840,6/26/2026 2:36,7.11,72.52,-15.91,,,,,
841,6/26/2026 2:51,7.07,72.52,-14.14,,,,,
842,6/26/2026 3:06,7.04,72.48,-12.28,,,,,
843,6/26/2026 3:21,7.02,72.45,-10.91,,,,,
844,6/26/2026 3:36,7,72.39,-9.98,,,,,
845,6/26/2026 3:51,6.98,72.39,-9.11,,,,,
846,6/26/2026 4:06,6.97,72.39,-8.44,,,,,
847,6/26/2026 4:21,6.97,72.39,-8.16,,,,,
848,6/26/2026 4:36,6.96,72.39,-7.98,,,,,
849,6/26/2026 4:51,6.96,72.36,-7.81,,,,,
850,6/26/2026 5:06,6.96,72.36,-7.89,,,,,
851,6/26/2026 5:21,6.96,72.39,-7.8,,,,,
852,6/26/2026 5:36,6.97,72.36,-8.56,,,,,
853,6/26/2026 5:51,7.02,72.27,-10.89,,,,,
854,6/26/2026 6:06,7.03,72.09,-11.44,,,,,
855,6/26/2026 6:21,7.05,72.09,-13.03,,,,,
856,6/26/2026 6:36,7.07,72.01,-13.83,,,,,
857,6/26/2026 6:51,7.09,71.92,-14.77,,,,,
858,6/26/2026 7:06,7.1,71.8,-15.88,,,,,
859,6/26/2026 7:21,7.12,71.71,-16.58,,,,,
860,6/26/2026 7:36,7.17,71.58,-19.41,,,,,
861,6/26/2026 7:51,7.21,71.4,-21.91,,,,,
862,6/26/2026 8:06,7.25,71.28,-23.99,,,,,
863,6/26/2026 8:21,7.29,71.1,-26.41,,,,,
864,6/26/2026 8:36,7.35,70.88,-29.55,,,,,
865,6/26/2026 8:51,7.4,70.72,-32.28,,,,,
866,6/26/2026 9:06,7.43,70.54,-34.05,,,,,
867,6/26/2026 9:21,7.46,70.32,-35.94,,,,,
868,6/26/2026 9:36,7.5,70.11,-37.77,,,,,
869,6/26/2026 9:51,7.49,70.03,-37.56,,,,,
870,6/26/2026 10:06,7.5,69.94,-37.72,,,,,
871,6/26/2026 10:21,7.51,69.94,-38.36,,,,,
872,6/26/2026 10:36,7.47,70.03,-36.42,,,,,
873,6/26/2026 10:51,7.46,70.2,-35.89,,,,,
874,6/26/2026 11:06,7.41,70.16,-32.8,,,,,
875,6/26/2026 11:21,7.41,70.38,-32.94,,,,,
876,6/26/2026 11:36,7.41,70.41,-32.69,,,,,
877,6/26/2026 11:51,7.39,70.59,-32.09,,,,,
878,6/26/2026 12:06,7.36,70.72,-29.95,,,,,
879,6/26/2026 12:21,7.33,71.02,-28.36,,,,,
880,6/26/2026 12:36,7.28,71.4,-25.49,,,,,
881,6/26/2026 12:51,7.26,71.44,-24.84,,,,,
882,6/26/2026 13:06,7.23,71.71,-23.11,,,,,
883,6/26/2026 13:21,7.22,71.8,-22.5,,,,,
884,6/26/2026 13:36,7.23,71.8,-23.02,,,,,
885,6/26/2026 13:51,7.23,71.87,-22.88,,,,,
886,6/26/2026 14:06,7.26,72.09,-24.63,,,,,
887,6/26/2026 14:21,7.29,72.57,-26.08,,,,,
888,6/26/2026 14:36,7.26,72.82,-24.52,,,,,
889,6/26/2026 14:51,7.26,73.13,-24.72,,,,,
890,6/26/2026 15:06,7.26,73.47,-24.58,,,,,
891,6/26/2026 15:21,7.22,73.78,-22.59,,,,,
892,6/26/2026 15:36,7.2,74.08,-21.08,,,,,
893,6/26/2026 15:51,7.19,74.25,-20.61,,,,,
894,6/26/2026 16:06,7.2,74.59,-21.34,,,,,
895,6/26/2026 16:21,7.18,74.86,-20.25,,,,,
896,6/26/2026 16:36,7.16,74.98,-18.88,,,,,
897,6/26/2026 16:51,7.11,74.77,-16.47,,,,,
898,6/26/2026 17:06,7.1,74.46,-15.81,,,,,
899,6/26/2026 17:21,7.12,74.64,-16.91,,,,,
900,6/26/2026 17:36,7.18,74.89,-20.06,,,,,
901,6/26/2026 17:51,7.2,74.68,-21,,,,,
902,6/26/2026 18:06,7.22,74.3,-22.42,,,,,
903,6/26/2026 18:21,7.23,74.03,-23.02,,,,,
904,6/26/2026 18:36,7.25,73.87,-24.08,,,,,
905,6/26/2026 18:51,7.28,73.81,-25.78,,,,,
906,6/26/2026 19:06,7.31,73.81,-27.47,,,,,
907,6/26/2026 19:21,7.35,73.51,-29.59,,,,,
908,6/26/2026 19:36,7.4,73.17,-32.5,,,,,
909,6/26/2026 19:51,7.44,72.95,-34.56,,,,,
910,6/26/2026 20:06,7.47,72.64,-36.27,,,,,
911,6/26/2026 20:21,7.52,72.39,-39.3,,,,,
912,6/26/2026 20:36,7.57,72.23,-42.25,,,,,
913,6/26/2026 20:51,7.63,72.18,-45.38,,,,,
914,6/26/2026 21:06,7.66,72.14,-47.2,,,,,
915,6/26/2026 21:21,7.69,72.01,-48.56,,,,,
916,6/26/2026 21:36,7.71,71.87,-49.85,,,,,
917,6/26/2026 21:51,7.71,71.71,-49.61,,,,,
918,6/26/2026 22:06,7.73,71.49,-50.66,,,,,
919,6/26/2026 22:21,7.73,71.31,-50.94,,,,,
920,6/26/2026 22:36,7.69,71.24,-48.44,,,,,
921,6/26/2026 22:51,7.62,71.4,-44.69,,,,,
922,6/26/2026 23:06,7.62,71.83,-44.77,,,,,
923,6/26/2026 23:21,7.58,71.96,-42.28,,,,,
924,6/26/2026 23:36,7.53,72.05,-39.84,,,,,
925,6/26/2026 23:51,7.48,72.14,-37.03,,,,,
926,6/27/2026 0:06,7.42,72.23,-33.83,,,,,
927,6/27/2026 0:21,7.4,72.3,-32.24,,,,,
928,6/27/2026 0:36,7.36,72.39,-30.13,,,,,
929,6/27/2026 0:51,7.32,72.48,-28.17,,,,,
930,6/27/2026 1:06,7.29,72.57,-26.47,,,,,
931,6/27/2026 1:21,7.27,72.64,-25.19,,,,,
932,6/27/2026 1:36,7.23,72.64,-23.11,,,,,
933,6/27/2026 1:51,7.19,72.7,-20.7,,,,,
934,6/27/2026 2:06,7.15,72.7,-18.38,,,,,
935,6/27/2026 2:21,7.1,72.48,-15.48,,,,,
936,6/27/2026 2:36,7.08,72.45,-14.44,,,,,
937,6/27/2026 2:51,7.07,72.48,-14.2,,,,,
938,6/27/2026 3:06,7.06,72.48,-13.41,,,,,
939,6/27/2026 3:21,7.04,72.45,-12.3,,,,,
940,6/27/2026 3:36,7.01,72.36,-10.69,,,,,
941,6/27/2026 3:51,6.99,72.3,-9.25,,,,,
942,6/27/2026 4:06,6.96,72.27,-7.94,,,,,
943,6/27/2026 4:21,6.95,72.14,-6.94,,,,,
944,6/27/2026 4:36,6.93,72.01,-6.06,,,,,
945,6/27/2026 4:51,6.92,72.01,-5.56,,,,,
946,6/27/2026 5:06,6.92,71.96,-5.39,,,,,
947,6/27/2026 5:21,6.92,71.96,-5.42,,,,,
948,6/27/2026 5:36,6.92,71.87,-5.33,,,,,
949,6/27/2026 5:51,6.92,71.87,-5.28,,,,,
950,6/27/2026 6:06,6.92,71.92,-5.3,,,,,
951,6/27/2026 6:21,6.92,71.96,-5.48,,,,,
952,6/27/2026 6:36,6.96,71.96,-7.53,,,,,
953,6/27/2026 6:51,6.98,72.01,-8.66,,,,,
954,6/27/2026 7:06,7,72.01,-10.05,,,,,
955,6/27/2026 7:21,7.02,72.01,-11.06,,,,,
956,6/27/2026 7:36,7.03,71.87,-11.88,,,,,
957,6/27/2026 7:51,7.06,71.87,-13.08,,,,,
958,6/27/2026 8:06,7.09,71.87,-14.81,,,,,
959,6/27/2026 8:21,7.12,71.83,-16.45,,,,,
960,6/27/2026 8:36,7.18,71.74,-20.27,,,,,
961,6/27/2026 8:51,7.22,71.65,-22.59,,,,,
962,6/27/2026 9:06,7.27,71.58,-25.13,,,,,
963,6/27/2026 9:21,7.32,71.49,-28.03,,,,,
964,6/27/2026 9:36,7.37,71.31,-30.61,,,,,
965,6/27/2026 9:51,7.41,71.19,-32.84,,,,,
966,6/27/2026 10:06,7.44,71.06,-34.91,,,,,
967,6/27/2026 10:21,7.48,70.84,-36.67,,,,,
968,6/27/2026 10:36,7.49,70.72,-37.63,,,,,
969,6/27/2026 10:51,7.49,70.63,-37.58,,,,,
970,6/27/2026 11:06,7.47,70.63,-36.17,,,,,
971,6/27/2026 11:21,7.44,70.68,-34.86,,,,,
972,6/27/2026 11:36,7.46,70.72,-36,,,,,
973,6/27/2026 11:51,7.49,70.93,-37.59,,,,,
974,6/27/2026 12:06,7.5,71.02,-37.88,,,,,
975,6/27/2026 12:21,7.49,71.15,-37.3,,,,,
976,6/27/2026 12:36,7.46,71.19,-35.67,,,,,
977,6/27/2026 12:51,7.45,71.37,-35.14,,,,,
978,6/27/2026 13:06,7.44,71.49,-34.89,,,,,
979,6/27/2026 13:21,7.37,72.73,-30.53,,,,,
980,6/27/2026 13:36,7.36,72.95,-30.28,,,,,
981,6/27/2026 13:51,7.35,73.17,-29.94,,,,,
982,6/27/2026 14:06,7.33,73.69,-28.63,,,,,
983,6/27/2026 14:21,7.36,73.81,-30.14,,,,,
984,6/27/2026 14:36,7.35,73.94,-29.64,,,,,
985,6/27/2026 14:51,7.37,74.43,-30.69,,,,,
986,6/27/2026 15:06,7.39,75.07,-32.03,,,,,
987,6/27/2026 15:21,7.36,75.33,-30.19,,,,,
988,6/27/2026 15:36,7.31,75.51,-27.72,,,,,
989,6/27/2026 15:51,7.28,75.72,-25.69,,,,,
990,6/27/2026 16:06,7.26,75.85,-24.84,,,,,
991,6/27/2026 16:21,7.26,76.12,-24.44,,,,,
992,6/27/2026 16:36,7.23,76.33,-22.77,,,,,
993,6/27/2026 16:51,7.19,76.46,-20.77,,,,,
994,6/27/2026 17:06,7.18,76.55,-20.3,,,,,
995,6/27/2026 17:21,7.18,76.68,-20.13,,,,,
996,6/27/2026 17:36,7.11,76.46,-16.05,,,,,
997,6/27/2026 17:51,7.09,76.33,-15.16,,,,,
998,6/27/2026 18:06,7.1,76.28,-15.88,,,,,
999,6/27/2026 18:21,7.16,76.21,-19.13,,,,,
1000,6/27/2026 18:36,7.15,76.03,-18.69,,,,,
1001,6/27/2026 18:51,7.19,75.69,-20.45,,,,,
1002,6/27/2026 19:06,7.21,75.42,-22.06,,,,,
1003,6/27/2026 19:21,7.23,75.25,-22.89,,,,,
1004,6/27/2026 19:36,7.25,75.11,-24.3,,,,,
1005,6/27/2026 19:51,7.29,74.89,-26.39,,,,,
1006,6/27/2026 20:06,7.34,74.3,-28.91,,,,,
1007,6/27/2026 20:21,7.38,73.87,-31.63,,,,,
1008,6/27/2026 20:36,7.42,73.65,-33.47,,,,,
1009,6/27/2026 20:51,7.45,73.47,-35.19,,,,,
1010,6/27/2026 21:06,7.52,73.22,-39.02,,,,,
1011,6/27/2026 21:21,7.57,73,-42.11,,,,,
1012,6/27/2026 21:36,7.61,72.86,-44.06,,,,,
1013,6/27/2026 21:51,7.64,72.73,-46.14,,,,,
1014,6/27/2026 22:06,7.67,72.52,-47.69,,,,,
1015,6/27/2026 22:21,7.69,72.36,-48.75,,,,,
1016,6/27/2026 22:36,7.7,72.18,-49.31,,,,,
1017,6/27/2026 22:51,7.72,71.92,-50.22,,,,,
1018,6/27/2026 23:06,7.72,71.62,-50.35,,,,,
1019,6/27/2026 23:21,7.68,71.44,-48.3,,,,,
1020,6/27/2026 23:36,7.67,71.37,-47.44,,,,,
1021,6/27/2026 23:51,7.61,71.58,-43.97,,,,,
1022,6/28/2026 0:06,7.63,72.14,-45.16,,,,,
1023,6/28/2026 0:21,7.58,72.36,-42.63,,,,,
1024,6/28/2026 0:36,7.52,72.52,-39.06,,,,,
1025,6/28/2026 0:51,7.46,72.64,-35.74,,,,,
1026,6/28/2026 1:06,7.4,72.73,-32.69,,,,,
1027,6/28/2026 1:21,7.36,72.82,-30.38,,,,,
1028,6/28/2026 1:36,7.32,72.86,-28.19,,,,,
1029,6/28/2026 1:51,7.29,72.95,-26.19,,,,,
1030,6/28/2026 2:06,7.25,73,-24.02,,,,,
1031,6/28/2026 2:21,7.22,73.08,-22.22,,,,,
1032,6/28/2026 2:36,7.19,73.22,-20.83,,,,,
1033,6/28/2026 2:51,7.17,73.29,-19.5,,,,,
1034,6/28/2026 3:06,7.13,73.22,-17.56,,,,,
1035,6/28/2026 3:21,7.11,73,-15.97,,,,,
1036,6/28/2026 3:36,7.1,73.04,-15.41,,,,,
1037,6/28/2026 3:51,7.08,73,-14.3,,,,,
1038,6/28/2026 4:06,7.05,72.95,-12.67,,,,,
1039,6/28/2026 4:21,7.02,72.86,-11.22,,,,,
1040,6/28/2026 4:36,6.99,72.79,-9.69,,,,,
1041,6/28/2026 4:51,6.97,72.7,-8.31,,,,,
1042,6/28/2026 5:06,6.95,72.61,-7.17,,,,,
1043,6/28/2026 5:21,6.93,72.48,-6.2,,,,,
1044,6/28/2026 5:36,6.92,72.39,-5.56,,,,,
1045,6/28/2026 5:51,6.92,72.36,-5.31,,,,,
1046,6/28/2026 6:06,6.92,72.3,-5.38,,,,,
1047,6/28/2026 6:21,6.92,72.27,-5.34,,,,,
1048,6/28/2026 6:36,6.92,72.23,-5.38,,,,,
1049,6/28/2026 6:51,6.92,72.23,-5.25,,,,,
1050,6/28/2026 7:06,6.92,72.3,-5.34,,,,,
1051,6/28/2026 7:21,6.95,72.39,-7.22,,,,,
1052,6/28/2026 7:36,6.97,72.48,-8.22,,,,,
1053,6/28/2026 7:51,6.99,72.52,-9.55,,,,,
1054,6/28/2026 8:06,7.01,72.57,-10.56,,,,,
1055,6/28/2026 8:21,7.03,72.57,-11.56,,,,,
1056,6/28/2026 8:36,7.05,72.61,-12.7,,,,,
1057,6/28/2026 8:51,7.08,72.7,-14.66,,,,,
1058,6/28/2026 9:06,7.14,72.7,-17.69,,,,,
1059,6/28/2026 9:21,7.2,72.61,-21.25,,,,,
1060,6/28/2026 9:36,7.25,72.57,-23.88,,,,,
1061,6/28/2026 9:51,7.3,72.52,-26.66,,,,,
1062,6/28/2026 10:06,7.34,72.48,-29.27,,,,,
1063,6/28/2026 10:21,7.39,72.3,-31.97,,,,,
1064,6/28/2026 10:36,7.44,72.23,-34.89,,,,,
1065,6/28/2026 10:51,7.49,72.09,-37.25,,,,,
1066,6/28/2026 11:06,7.51,72.01,-38.49,,,,,
1067,6/28/2026 11:21,7.52,71.92,-39.31,,,,,
1068,6/28/2026 11:36,7.52,71.83,-39.39,,,,,
1069,6/28/2026 11:51,7.52,71.83,-39.14,,,,,
1070,6/28/2026 12:06,7.5,71.83,-37.89,,,,,
1071,6/28/2026 12:21,7.5,72.05,-38.03,,,,,
1072,6/28/2026 12:36,7.51,72.36,-38.81,,,,,
1073,6/28/2026 12:51,7.5,72.61,-38.08,,,,,
1074,6/28/2026 13:06,7.48,72.57,-36.95,,,,,
1075,6/28/2026 13:21,7.47,72.7,-36.64,,,,,
1076,6/28/2026 13:36,7.44,72.82,-34.49,,,,,
1077,6/28/2026 13:51,7.44,72.95,-34.8,,,,,
1078,6/28/2026 14:06,7.38,73.6,-31.63,,,,,
1079,6/28/2026 14:21,7.38,74.12,-31.34,,,,,
1080,6/28/2026 14:36,7.34,74.77,-29.09,,,,,
1081,6/28/2026 14:51,7.36,74.68,-30.36,,,,,
1082,6/28/2026 15:06,7.34,74.98,-29.33,,,,,
1083,6/28/2026 15:21,7.34,75.38,-29.25,,,,,
1084,6/28/2026 15:36,7.33,75.69,-28.74,,,,,
1085,6/28/2026 15:51,7.32,76.33,-28.28,,,,,
1086,6/28/2026 16:06,7.31,76.95,-27.64,,,,,
1087,6/28/2026 16:21,7.28,77.11,-26,,,,,
1088,6/28/2026 16:36,7.25,77.29,-24.42,,,,,
1089,6/28/2026 16:51,7.23,77.41,-23.03,,,,,
1090,6/28/2026 17:06,7.2,77.65,-21.38,,,,,
1091,6/28/2026 17:21,7.18,77.68,-20.06,,,,,
1092,6/28/2026 17:36,7.16,77.99,-18.83,,,,,
1093,6/28/2026 17:51,7.13,78.12,-17.3,,,,,
1094,6/28/2026 18:06,7.1,78.21,-15.88,,,,,
1095,6/28/2026 18:21,7.08,77.81,-14.45,,,,,
1096,6/28/2026 18:36,7.08,77.56,-14.41,,,,,
1097,6/28/2026 18:51,7.1,77.41,-15.39,,,,,
1098,6/28/2026 19:06,7.14,77.25,-18.02,,,,,
1099,6/28/2026 19:21,7.14,77.04,-18.2,,,,,
1100,6/28/2026 19:36,7.19,76.68,-20.53,,,,,
1101,6/28/2026 19:51,7.2,76.42,-21.59,,,,,
1102,6/28/2026 20:06,7.23,76.24,-23.11,,,,,
1103,6/28/2026 20:21,7.27,76.03,-25.34,,,,,
1104,6/28/2026 20:36,7.29,75.72,-26.53,,,,,
1105,6/28/2026 20:51,7.35,74.98,-29.72,,,,,
1106,6/28/2026 21:06,7.4,74.68,-32.45,,,,,
1107,6/28/2026 21:21,7.44,74.64,-34.75,,,,,
1108,6/28/2026 21:36,7.47,74.37,-36.66,,,,,
1109,6/28/2026 21:51,7.52,74.12,-39.03,,,,,
1110,6/28/2026 22:06,7.57,73.94,-42.27,,,,,
1111,6/28/2026 22:21,7.6,73.81,-43.74,,,,,
1112,6/28/2026 22:36,7.62,73.65,-44.88,,,,,
1113,6/28/2026 22:51,7.66,73.47,-46.92,,,,,
1114,6/28/2026 23:06,7.67,73.29,-47.86,,,,,
1115,6/28/2026 23:21,7.68,73.08,-48.35,,,,,
1116,6/28/2026 23:36,7.69,72.86,-48.85,,,,,
1117,6/28/2026 23:51,7.67,72.7,-47.89,,,,,
1118,6/29/2026 0:06,7.6,72.61,-43.56,,,,,
1119,6/29/2026 0:21,7.58,72.57,-42.72,,,,,
1120,6/29/2026 0:36,7.59,73.04,-43.16,,,,,
1121,6/29/2026 0:51,7.58,73.26,-42.53,,,,,
1122,6/29/2026 1:06,7.53,73.38,-39.75,,,,,
1123,6/29/2026 1:21,7.48,73.51,-37.27,,,,,
1124,6/29/2026 1:36,7.42,73.56,-33.81,,,,,
1125,6/29/2026 1:51,7.37,73.65,-30.81,,,,,
1126,6/29/2026 2:06,7.32,73.72,-28.28,,,,,
1127,6/29/2026 2:21,7.3,73.81,-26.99,,,,,
1128,6/29/2026 2:36,7.26,73.87,-24.78,,,,,
1129,6/29/2026 2:51,7.23,73.9,-22.78,,,,,
1130,6/29/2026 3:06,7.19,73.99,-20.81,,,,,
1131,6/29/2026 3:21,7.16,74.08,-19.25,,,,,
1132,6/29/2026 3:36,7.14,74.12,-17.83,,,,,
1133,6/29/2026 3:51,7.11,73.99,-16.28,,,,,
1134,6/29/2026 4:06,7.09,73.87,-14.89,,,,,
1135,6/29/2026 4:21,7.07,73.87,-13.8,,,,,
1136,6/29/2026 4:36,7.05,73.81,-12.98,,,,,
1137,6/29/2026 4:51,7.02,73.69,-11.09,,,,,
1138,6/29/2026 5:06,6.99,73.6,-9.48,,,,,
1139,6/29/2026 5:21,6.97,73.51,-8.39,,,,,
1140,6/29/2026 5:36,6.96,73.44,-7.55,,,,,
1141,6/29/2026 5:51,6.94,73.26,-6.78,,,,,
1142,6/29/2026 6:06,6.93,73.17,-5.97,,,,,
1143,6/29/2026 6:21,6.93,73.08,-5.78,,,,,
1144,6/29/2026 6:36,6.93,73.08,-5.88,,,,,
1145,6/29/2026 6:51,6.93,73.08,-6.06,,,,,
1146,6/29/2026 7:06,6.93,73.13,-6.27,,,,,
1147,6/29/2026 7:21,6.93,73.17,-6.08,,,,,
1148,6/29/2026 7:36,6.94,73.26,-6.38,,,,,
1149,6/29/2026 7:51,6.93,73.29,-6.17,,,,,
1150,6/29/2026 8:06,6.97,73.47,-8.36,,,,,
1151,6/29/2026 8:21,6.99,73.65,-9.3,,,,,
1152,6/29/2026 8:36,7.01,73.78,-10.5,,,,,
1153,6/29/2026 8:51,7.03,73.9,-11.95,,,,,
1154,6/29/2026 9:06,7.05,73.94,-13.03,,,,,
1155,6/29/2026 9:21,7.08,74.12,-14.53,,,,,
1156,6/29/2026 9:36,7.12,74.21,-16.97,,,,,
1157,6/29/2026 9:51,7.18,74.16,-19.94,,,,,
1158,6/29/2026 10:06,7.24,74.16,-23.42,,,,,
1159,6/29/2026 10:21,7.28,74.08,-25.92,,,,,
1160,6/29/2026 10:36,7.34,74.08,-29.19,,,,,
1161,6/29/2026 10:51,7.39,73.94,-32.05,,,,,
1162,6/29/2026 11:06,7.44,73.87,-34.77,,,,,
1163,6/29/2026 11:21,7.49,73.81,-37.41,,,,,
1164,6/29/2026 11:36,7.51,73.72,-38.94,,,,,
1165,6/29/2026 11:51,7.54,73.72,-40.52,,,,,
1166,6/29/2026 12:06,7.55,73.69,-40.94,,,,,
1167,6/29/2026 12:21,7.53,73.72,-39.92,,,,,
1168,6/29/2026 12:36,7.54,73.78,-40.41,,,,,
1169,6/29/2026 12:51,7.48,73.87,-36.84,,,,,
1170,6/29/2026 13:06,7.51,74.12,-38.52,,,,,
1171,6/29/2026 13:21,7.49,74.34,-37.61,,,,,
1172,6/29/2026 13:36,7.5,74.34,-37.91,,,,,
1173,6/29/2026 13:51,7.49,74.59,-37.36,,,,,
1174,6/29/2026 14:06,7.48,74.46,-36.97,,,,,
1175,6/29/2026 14:21,7.45,74.55,-35.55,,,,,
1176,6/29/2026 14:36,7.42,75.54,-33.89,,,,,
1177,6/29/2026 14:51,7.41,75.69,-33.17,,,,,
1178,6/29/2026 15:06,7.39,76.24,-31.88,,,,,
1179,6/29/2026 15:21,7.38,76.51,-31.33,,,,,
1180,6/29/2026 15:36,7.38,76.33,-31.39,,,,,
1181,6/29/2026 15:51,7.36,76.89,-30.49,,,,,
1182,6/29/2026 16:06,7.36,77.11,-30.13,,,,,
1183,6/29/2026 16:21,7.36,77.65,-30.22,,,,,
1184,6/29/2026 16:36,7.33,77.95,-28.59,,,,,
1185,6/29/2026 16:51,7.3,78.03,-27.03,,,,,
1186,6/29/2026 17:06,7.28,78.26,-26.14,,,,,
1187,6/29/2026 17:21,7.24,78.3,-23.61,,,,,
1188,6/29/2026 17:36,7.21,78.33,-22.06,,,,,
1189,6/29/2026 17:51,7.18,78.39,-20.34,,,,,
1190,6/29/2026 18:06,7.16,78.39,-19.34,,,,,
1191,6/29/2026 18:21,7.14,78.33,-17.94,,,,,
1192,6/29/2026 18:36,7.12,78.3,-17.06,,,,,
1193,6/29/2026 18:51,7.09,78.33,-15.27,,,,,
1194,6/29/2026 19:06,7.09,78.3,-15.22,,,,,
1195,6/29/2026 19:21,7.09,78.3,-15.06,,,,,
1196,6/29/2026 19:36,7.09,77.99,-15.27,,,,,
1197,6/29/2026 19:51,7.12,77.68,-16.75,,,,,
1198,6/29/2026 20:06,7.12,77.59,-16.98,,,,,
1199,6/29/2026 20:21,7.16,77.38,-19.19,,,,,
1200,6/29/2026 20:36,7.18,77.25,-20.19,,,,,
1201,6/29/2026 20:51,7.2,77.04,-21.42,,,,,
1202,6/29/2026 21:06,7.25,76.73,-24.08,,,,,
1203,6/29/2026 21:21,7.29,76.33,-26.2,,,,,
1204,6/29/2026 21:36,7.35,75.72,-29.53,,,,,
1205,6/29/2026 21:51,7.4,75.47,-32.64,,,,,
1206,6/29/2026 22:06,7.45,75.38,-35.39,,,,,
1207,6/29/2026 22:21,7.49,75.11,-37.77,,,,,
1208,6/29/2026 22:36,7.53,74.86,-39.95,,,,,
1209,6/29/2026 22:51,7.57,74.68,-42.08,,,,,
1210,6/29/2026 23:06,7.6,74.46,-43.99,,,,,
1211,6/29/2026 23:21,7.62,74.34,-44.91,,,,,
1212,6/29/2026 23:36,7.64,74.16,-46.16,,,,,
1213,6/29/2026 23:51,7.67,73.94,-47.56,,,,,
1214,6/30/2026 0:06,7.67,73.78,-47.95,,,,,
1215,6/30/2026 0:21,7.68,73.6,-48.1,,,,,
1216,6/30/2026 0:36,7.68,73.47,-48.03,,,,,
1217,6/30/2026 0:51,7.61,73.47,-44.36,,,,,
1218,6/30/2026 1:06,7.53,73.6,-39.58,,,,,
1219,6/30/2026 1:21,7.58,73.81,-42.49,,,,,
1220,6/30/2026 1:36,7.56,73.99,-41.31,,,,,
1221,6/30/2026 1:51,7.51,74.08,-38.97,,,,,
1222,6/30/2026 2:06,7.46,74.16,-35.95,,,,,
1223,6/30/2026 2:21,7.41,74.21,-33.17,,,,,
1224,6/30/2026 2:36,7.37,74.3,-30.81,,,,,
1225,6/30/2026 2:51,7.32,74.3,-28.19,,,,,
1226,6/30/2026 3:06,7.29,74.34,-26.33,,,,,
1227,6/30/2026 3:21,7.26,74.37,-24.52,,,,,
1228,6/30/2026 3:36,7.22,74.43,-22.42,,,,,
1229,6/30/2026 3:51,7.19,74.43,-20.45,,,,,
1230,6/30/2026 4:06,7.15,74.46,-18.5,,,,,
1231,6/30/2026 4:21,7.12,74.46,-16.83,,,,,
1232,6/30/2026 4:36,7.1,74.3,-15.77,,,,,
1233,6/30/2026 4:51,7.08,74.12,-14.3,,,,,
1234,6/30/2026 5:06,7.07,74.08,-13.88,,,,,
1235,6/30/2026 5:21,7.05,73.99,-12.77,,,,,
1236,6/30/2026 5:36,7.01,73.87,-10.63,,,,,
1237,6/30/2026 5:51,7,73.69,-9.83,,,,,
1238,6/30/2026 6:06,6.96,73.44,-8,,,,,
1239,6/30/2026 6:21,6.98,73.44,-8.72,,,,,
1240,6/30/2026 6:36,6.97,73.35,-8.28,,,,,
1241,6/30/2026 6:51,6.96,73.26,-7.75,,,,,
1242,6/30/2026 7:06,6.96,73.17,-7.59,,,,,
1243,6/30/2026 7:21,6.96,73.26,-7.75,,,,,
1244,6/30/2026 7:36,6.97,73.35,-8.08,,,,,
1245,6/30/2026 7:51,6.98,73.56,-8.69,,,,,
1246,6/30/2026 8:06,6.97,73.6,-8.2,,,,,
1247,6/30/2026 8:21,6.98,73.51,-8.59,,,,,
1248,6/30/2026 8:36,6.96,73.51,-7.94,,,,,
1249,6/30/2026 8:51,7,73.9,-10.13,,,,,
1250,6/30/2026 9:06,7.01,74.08,-10.67,,,,,
1251,6/30/2026 9:21,7.02,74.25,-11.36,,,,,
1252,6/30/2026 9:36,7.05,74.46,-12.86,,,,,
1253,6/30/2026 9:51,7.07,74.77,-14.17,,,,,
1254,6/30/2026 10:06,7.1,75.04,-15.45,,,,,
1255,6/30/2026 10:21,7.15,75.29,-18.25,,,,,
1256,6/30/2026 10:36,7.22,75.2,-22.45,,,,,
1257,6/30/2026 10:51,7.26,75.25,-24.45,,,,,
1258,6/30/2026 11:06,7.31,75.2,-27.75,,,,,
1259,6/30/2026 11:21,7.36,75.2,-30.53,,,,,
1260,6/30/2026 11:36,7.42,75.16,-33.55,,,,,
1261,6/30/2026 11:51,7.47,75.11,-36.75,,,,,
1262,6/30/2026 12:06,7.51,75.2,-38.66,,,,,
1263,6/30/2026 12:21,7.54,75.25,-40.69,,,,,
1264,6/30/2026 12:36,7.55,75.2,-40.94,,,,,
1265,6/30/2026 12:51,7.56,75.25,-41.41,,,,,
1266,6/30/2026 13:06,7.54,75.25,-40.75,,,,,
1267,6/30/2026 13:21,7.51,75.25,-38.64,,,,,
1268,6/30/2026 13:36,7.46,75.29,-36.05,,,,,
1269,6/30/2026 13:51,7.53,75.78,-39.81,,,,,
1270,6/30/2026 14:06,7.48,75.69,-36.95,,,,,
1271,6/30/2026 14:21,7.51,76.03,-38.64,,,,,
1272,6/30/2026 14:36,7.47,75.9,-36.36,,,,,
1273,6/30/2026 14:51,7.44,76.46,-35.16,,,,,
1274,6/30/2026 15:06,7.41,76.21,-33.24,,,,,
1275,6/30/2026 15:21,7.39,77.07,-32.31,,,,,
1276,6/30/2026 15:36,7.4,76.86,-32.45,,,,,
1277,6/30/2026 15:51,7.36,77.04,-30.22,,,,,
1278,6/30/2026 16:06,7.33,77.07,-28.74,,,,,
1279,6/30/2026 16:21,7.33,77.29,-28.55,,,,,
1280,6/30/2026 16:36,7.31,77.86,-27.5,,,,,
1281,6/30/2026 16:51,7.29,78.03,-26.69,,,,,
1282,6/30/2026 17:06,7.27,78.12,-25.19,,,,,
1283,6/30/2026 17:21,7.26,78.26,-24.69,,,,,
1284,6/30/2026 17:36,7.25,78.26,-23.99,,,,,
1285,6/30/2026 17:51,7.22,78.26,-22.3,,,,,
1286,6/30/2026 18:06,7.18,78.3,-20.34,,,,,
1287,6/30/2026 18:21,7.14,78.26,-17.8,,,,,
1288,6/30/2026 18:36,7.13,78.17,-17.14,,,,,
1289,6/30/2026 18:51,7.12,78.12,-16.64,,,,,
1290,6/30/2026 19:06,7.1,78.08,-15.5,,,,,
1291,6/30/2026 19:21,7.08,78.03,-14.38,,,,,
1292,6/30/2026 19:36,7.09,77.95,-15.19,,,,,
1293,6/30/2026 19:51,7.09,77.99,-14.84,,,,,
1294,6/30/2026 20:06,7.09,78.03,-15.27,,,,,
1295,6/30/2026 20:21,7.1,77.77,-15.52,,,,,
1296,6/30/2026 20:36,7.13,77.56,-17.55,,,,,
1297,6/30/2026 20:51,7.13,77.41,-17.61,,,,,
1298,6/30/2026 21:06,7.18,77.29,-20.17,,,,,
1299,6/30/2026 21:21,7.2,77.2,-21.16,,,,,
1300,6/30/2026 21:36,7.22,77.16,-22.69,,,,,
1301,6/30/2026 21:51,7.26,76.89,-25,,,,,
1302,6/30/2026 22:06,7.31,76.46,-27.33,,,,,
1303,6/30/2026 22:21,7.36,76.12,-30.56,,,,,
1304,6/30/2026 22:36,7.42,75.99,-33.67,,,,,
1305,6/30/2026 22:51,7.46,75.9,-35.84,,,,,
1306,6/30/2026 23:06,7.5,75.78,-38.09,,,,,
1307,6/30/2026 23:21,7.52,75.54,-39.64,,,,,
1308,6/30/2026 23:36,7.56,75.33,-41.5,,,,,
1309,6/30/2026 23:51,7.59,75.11,-43.24,,,,,
1310,7/1/2026 0:06,7.62,74.95,-45.05,,,,,
1311,7/1/2026 0:21,7.63,74.82,-45.44,,,,,
1312,7/1/2026 0:36,7.64,74.68,-46.11,,,,,
1313,7/1/2026 0:51,7.65,74.59,-46.53,,,,,
1314,7/1/2026 1:06,7.65,74.52,-46.61,,,,,
1315,7/1/2026 1:21,7.63,74.43,-45.61,,,,,
1316,7/1/2026 1:36,7.55,74.43,-41.2,,,,,
1317,7/1/2026 1:51,7.51,74.46,-38.66,,,,,
1318,7/1/2026 2:06,7.56,74.73,-41.33,,,,,
1319,7/1/2026 2:21,7.53,74.89,-39.92,,,,,
1320,7/1/2026 2:36,7.48,75.04,-37.09,,,,,
1321,7/1/2026 2:51,7.43,75.16,-34.49,,,,,
1322,7/1/2026 3:06,7.38,75.25,-31.45,,,,,
1323,7/1/2026 3:21,7.35,75.33,-29.55,,,,,
1324,7/1/2026 3:36,7.3,75.42,-27.19,,,,,
1325,7/1/2026 3:51,7.26,75.47,-24.84,,,,,
1326,7/1/2026 4:06,7.22,75.51,-22.41,,,,,
1327,7/1/2026 4:21,7.19,75.54,-20.91,,,,,
1328,7/1/2026 4:36,7.15,75.51,-18.52,,,,,
1329,7/1/2026 4:51,7.13,75.54,-17.41,,,,,
1330,7/1/2026 5:06,7.1,75.54,-15.91,,,,,
1331,7/1/2026 5:21,7.09,75.38,-15.09,,,,,
1332,7/1/2026 5:36,7.07,75.38,-13.95,,,,,
1333,7/1/2026 5:51,7.06,75.33,-13.25,,,,,
1334,7/1/2026 6:06,7.04,75.29,-12.47,,,,,
1335,7/1/2026 6:21,7.02,75.25,-11.11,,,,,
1336,7/1/2026 6:36,7,75.25,-9.91,,,,,
1337,7/1/2026 6:51,6.98,75.2,-8.83,,,,,
1338,7/1/2026 7:06,6.97,75.16,-8.41,,,,,
1339,7/1/2026 7:21,6.96,75.16,-7.66,,,,,
1340,7/1/2026 7:36,6.97,75.2,-8.31,,,,,
1341,7/1/2026 7:51,6.95,75.29,-7.28,,,,,
1342,7/1/2026 8:06,6.96,75.29,-7.47,,,,,
1343,7/1/2026 8:21,7.04,75.42,-12.38,,,,,
1344,7/1/2026 8:36,7.02,75.63,-11.11,,,,,
1345,7/1/2026 8:51,7.01,75.47,-10.75,,,,,
1346,7/1/2026 9:06,6.98,75.47,-8.94,,,,,
1347,7/1/2026 9:21,7.01,75.63,-10.34,,,,,
1348,7/1/2026 9:36,7.07,75.72,-14,,,,,
1349,7/1/2026 9:51,7.08,75.94,-14.48,,,,,
1350,7/1/2026 10:06,7.1,76.21,-15.75,,,,,
1351,7/1/2026 10:21,7.11,76.42,-16.39,,,,,
1352,7/1/2026 10:36,7.15,76.64,-18.58,,,,,
1353,7/1/2026 10:51,7.2,76.73,-21.27,,,,,
1354,7/1/2026 11:06,7.21,76.73,-21.74,,,,,
1355,7/1/2026 11:21,7.3,76.59,-27.25,,,,,
1356,7/1/2026 11:36,7.35,76.73,-29.74,,,,,
1357,7/1/2026 11:51,7.4,76.77,-32.53,,,,,
1358,7/1/2026 12:06,7.45,76.68,-35.33,,,,,
1359,7/1/2026 12:21,7.49,76.55,-37.75,,,,,
1360,7/1/2026 12:36,7.53,76.51,-40.2,,,,,
1361,7/1/2026 12:51,7.57,76.55,-42,,,,,
1362,7/1/2026 13:06,7.57,76.55,-42.22,,,,,
1363,7/1/2026 13:21,7.57,76.55,-42.35,,,,,
1364,7/1/2026 13:36,7.55,76.64,-40.92,,,,,
1365,7/1/2026 13:51,7.55,76.64,-41.36,,,,,
1366,7/1/2026 14:06,7.47,76.73,-36.86,,,,,
1367,7/1/2026 14:21,7.52,76.77,-39.25,,,,,
1368,7/1/2026 14:36,7.52,76.89,-39.39,,,,,
1369,7/1/2026 14:51,7.5,77.04,-38.3,,,,,
1370,7/1/2026 15:06,7.49,77.16,-37.83,,,,,
1371,7/1/2026 15:21,7.48,77.29,-37.08,,,,,
1372,7/1/2026 15:36,7.46,77.34,-36.09,,,,,
1373,7/1/2026 15:51,7.46,77.29,-35.99,,,,,
1374,7/1/2026 16:06,7.44,77.56,-35.19,,,,,
1375,7/1/2026 16:21,7.44,77.95,-34.69,,,,,
1376,7/1/2026 16:36,7.42,78.3,-33.58,,,,,
1377,7/1/2026 16:51,7.38,78.78,-31.61,,,,,
1378,7/1/2026 17:06,7.38,79.3,-31.83,,,,,
1379,7/1/2026 17:21,7.36,79.83,-30.36,,,,,
1380,7/1/2026 17:36,7.33,79.92,-28.66,,,,,
1381,7/1/2026 17:51,7.29,80.19,-26.59,,,,,
1382,7/1/2026 18:06,7.25,80.49,-24.53,,,,,
1383,7/1/2026 18:21,7.24,80.8,-23.5,,,,,
1384,7/1/2026 18:36,7.21,80.89,-22.17,,,,,
1385,7/1/2026 18:51,7.19,80.98,-20.91,,,,,
1386,7/1/2026 19:06,7.17,80.98,-19.77,,,,,
1387,7/1/2026 19:21,7.14,80.98,-17.92,,,,,
1388,7/1/2026 19:36,7.1,80.94,-15.84,,,,,
1389,7/1/2026 19:51,7.07,80.89,-14.09,,,,,
1390,7/1/2026 20:06,7.05,80.94,-12.64,,,,,
1391,7/1/2026 20:21,7.07,81.01,-14.16,,,,,
1392,7/1/2026 20:36,7.09,81.01,-15.06,,,,,
1393,7/1/2026 20:51,7.09,80.71,-14.89,,,,,
1394,7/1/2026 21:06,7.11,80.31,-16.55,,,,,
1395,7/1/2026 21:21,7.12,80.22,-17.05,,,,,
1396,7/1/2026 21:36,7.16,79.97,-18.83,,,,,
1397,7/1/2026 21:51,7.18,79.83,-20,,,,,
1398,7/1/2026 22:06,7.2,79.74,-21.36,,,,,
1399,7/1/2026 22:21,7.23,79.48,-22.83,,,,,
1400,7/1/2026 22:36,7.24,79.27,-23.64,,,,,
1401,7/1/2026 22:51,7.29,78.57,-26.69,,,,,
1402,7/1/2026 23:06,7.35,78.3,-29.66,,,,,
1403,7/1/2026 23:21,7.4,78.17,-32.49,,,,,
1404,7/1/2026 23:36,7.44,77.99,-35.16,,,,,
1405,7/1/2026 23:51,7.47,77.81,-36.86,,,,,
1406,7/2/2026 0:06,7.5,77.59,-38.52,,,,,
1407,7/2/2026 0:21,7.53,77.41,-39.94,,,,,
1408,7/2/2026 0:36,7.56,77.2,-41.6,,,,,
1409,7/2/2026 0:51,7.58,77.04,-43.03,,,,,
1410,7/2/2026 1:06,7.59,76.82,-43.28,,,,,
1411,7/2/2026 1:21,7.61,76.55,-44.35,,,,,
1412,7/2/2026 1:36,7.6,76.33,-44.05,,,,,
1413,7/2/2026 1:51,7.54,76.21,-40.81,,,,,
1414,7/2/2026 2:06,7.52,76.12,-39.66,,,,,
1415,7/2/2026 2:21,7.47,76.46,-36.33,,,,,
1416,7/2/2026 2:36,7.49,77.04,-37.55,,,,,
1417,7/2/2026 2:51,7.47,77.2,-36.38,,,,,
1418,7/2/2026 3:06,7.42,77.34,-33.72,,,,,
1419,7/2/2026 3:21,7.37,77.5,-30.89,,,,,
1420,7/2/2026 3:36,7.33,77.59,-28.94,,,,,
1421,7/2/2026 3:51,7.3,77.68,-26.83,,,,,
1422,7/2/2026 4:06,7.26,77.77,-24.97,,,,,
1423,7/2/2026 4:21,7.24,77.86,-23.45,,,,,
1424,7/2/2026 4:36,7.2,77.9,-21.2,,,,,
1425,7/2/2026 4:51,7.17,77.99,-19.36,,,,,
1426,7/2/2026 5:06,7.14,78.08,-17.88,,,,,
1427,7/2/2026 5:21,7.12,78.17,-16.67,,,,,
1428,7/2/2026 5:36,7.09,78.21,-15.36,,,,,
1429,7/2/2026 5:51,7.08,78.12,-14.77,,,,,
1430,7/2/2026 6:06,7.04,78.12,-12.33,,,,,
1431,7/2/2026 6:21,7.03,78.17,-11.5,,,,,
1432,7/2/2026 6:36,7.02,78.17,-11.13,,,,,
1433,7/2/2026 6:51,7,78.21,-9.77,,,,,
1434,7/2/2026 7:06,6.99,78.3,-9.39,,,,,
1435,7/2/2026 7:21,6.99,78.33,-9.36,,,,,
1436,7/2/2026 7:36,6.99,78.42,-9.63,,,,,
1437,7/2/2026 7:51,7,78.6,-10.13,,,,,
1438,7/2/2026 8:06,7.02,78.73,-11.08,,,,,
1439,7/2/2026 8:21,7.03,79,-11.84,,,,,
1440,7/2/2026 8:36,7.06,79.27,-13.13,,,,,
1441,7/2/2026 8:51,7.08,79.61,-14.33,,,,,
1442,7/2/2026 9:06,7.11,79.97,-16.5,,,,,
1443,7/2/2026 9:21,7.08,79.83,-14.33,,,,,
1444,7/2/2026 9:36,7.11,79.83,-16.41,,,,,
1445,7/2/2026 9:51,7.09,79.88,-15.36,,,,,
1446,7/2/2026 10:06,7.14,79.92,-17.89,,,,,
1447,7/2/2026 10:21,7.09,80.13,-15.03,,,,,
1448,7/2/2026 10:36,7.09,80.06,-15.31,,,,,
1449,7/2/2026 10:51,7.1,79.97,-15.58,,,,,
1450,7/2/2026 11:06,7.16,80.01,-18.89,,,,,
1451,7/2/2026 11:21,7.19,80.1,-20.88,,,,,
1452,7/2/2026 11:36,7.23,80.06,-23.38,,,,,
1453,7/2/2026 11:51,7.29,79.92,-26.7,,,,,
1454,7/2/2026 12:06,7.34,79.79,-29.36,,,,,
1455,7/2/2026 12:21,7.38,79.7,-31.56,,,,,
1456,7/2/2026 12:36,7.43,79.57,-34.64,,,,,
1457,7/2/2026 12:51,7.48,79.43,-37.53,,,,,
1458,7/2/2026 13:06,7.53,79.34,-40.41,,,,,
1459,7/2/2026 13:21,7.56,79.43,-41.88,,,,,
1460,7/2/2026 13:36,7.58,79.43,-42.72,,,,,
1461,7/2/2026 13:51,7.57,79.39,-42.56,,,,,
1462,7/2/2026 14:06,7.54,79.39,-40.7,,,,,
1463,7/2/2026 14:21,7.51,79.39,-39.08,,,,,
1464,7/2/2026 14:36,7.49,79.43,-37.97,,,,,
1465,7/2/2026 14:51,7.42,79.48,-33.91,,,,,
1466,7/2/2026 15:06,7.5,79.7,-38.25,,,,,
1467,7/2/2026 15:21,7.52,80.06,-39.74,,,,,
1468,7/2/2026 15:36,7.47,80.1,-36.91,,,,,
1469,7/2/2026 15:51,7.45,80.13,-35.74,,,,,
1470,7/2/2026 16:06,7.43,80.4,-34.44,,,,,
1471,7/2/2026 16:21,7.42,80.71,-34.02,,,,,
1472,7/2/2026 16:36,7.42,80.98,-34.17,,,,,
1473,7/2/2026 16:51,7.42,81.64,-33.95,,,,,
1474,7/2/2026 17:06,7.4,82,-32.63,,,,,
1475,7/2/2026 17:21,7.38,82.09,-31.64,,,,,
1476,7/2/2026 17:36,7.36,82.09,-30.34,,,,,
1477,7/2/2026 17:51,7.34,82.17,-29.36,,,,,
1478,7/2/2026 18:06,7.3,82.44,-27.17,,,,,
1479,7/2/2026 18:21,7.27,82.89,-25.74,,,,,
1480,7/2/2026 18:36,7.25,83.01,-24.55,,,,,
1481,7/2/2026 18:51,7.23,83.1,-23.3,,,,,
1482,7/2/2026 19:06,7.2,83.1,-21.31,,,,,
1483,7/2/2026 19:21,7.17,83.19,-19.69,,,,,
1484,7/2/2026 19:36,7.14,83.19,-18.19,,,,,
1485,7/2/2026 19:51,7.11,83.19,-16.48,,,,,
1486,7/2/2026 20:06,7.08,83.16,-14.63,,,,,
1487,7/2/2026 20:21,7.06,83.19,-13.17,,,,,
1488,7/2/2026 20:36,7.05,83.28,-12.89,,,,,
1489,7/2/2026 20:51,7.07,83.43,-13.89,,,,,
1490,7/2/2026 21:06,7.07,83.46,-13.92,,,,,
1491,7/2/2026 21:21,7.1,83.46,-15.83,,,,,
1492,7/2/2026 21:36,7.1,83.01,-15.52,,,,,
1493,7/2/2026 21:51,7.13,82.62,-17.47,,,,,
1494,7/2/2026 22:06,7.15,82.35,-18.53,,,,,
1495,7/2/2026 22:21,7.18,82,-20.44,,,,,
1496,7/2/2026 22:36,7.2,81.86,-21.34,,,,,
1497,7/2/2026 22:51,7.22,81.68,-22.42,,,,,
1498,7/2/2026 23:06,7.24,81.37,-23.95,,,,,
1499,7/2/2026 23:21,7.26,80.94,-24.84,,,,,
1500,7/2/2026 23:36,7.31,80.46,-27.83,,,,,
1501,7/2/2026 23:51,7.37,80.19,-31.06,,,,,
1502,7/3/2026 0:06,7.42,79.97,-33.92,,,,,
1503,7/3/2026 0:21,7.47,79.66,-36.47,,,,,
1504,7/3/2026 0:36,7.5,79.39,-38.47,,,,,
1505,7/3/2026 0:51,7.52,79.18,-39.41,,,,,
1506,7/3/2026 1:06,7.55,78.82,-41.25,,,,,
1507,7/3/2026 1:21,7.57,78.57,-42.14,,,,,
1508,7/3/2026 1:36,7.57,78.33,-42.39,,,,,
1509,7/3/2026 1:51,7.59,78.08,-43.56,,,,,
1510,7/3/2026 2:06,7.6,77.77,-44.13,,,,,
1511,7/3/2026 2:21,7.57,77.65,-42.28,,,,,
1512,7/3/2026 2:36,7.48,77.56,-37.13,,,,,
1513,7/3/2026 2:51,7.45,77.56,-35.69,,,,,
1514,7/3/2026 3:06,7.45,77.81,-35.25,,,,,
1515,7/3/2026 3:21,7.46,78.42,-36.09,,,,,
1516,7/3/2026 3:36,7.44,78.73,-34.92,,,,,
1517,7/3/2026 3:51,7.41,78.91,-33.11,,,,,
1518,7/3/2026 4:06,7.36,79.09,-30.27,,,,,
1519,7/3/2026 4:21,7.32,79.27,-27.95,,,,,
1520,7/3/2026 4:36,7.28,79.34,-26.11,,,,,
1521,7/3/2026 4:51,7.25,79.43,-24.05,,,,,
1522,7/3/2026 5:06,7.22,79.52,-22.67,,,,,
1523,7/3/2026 5:21,7.18,79.61,-20.52,,,,,
1524,7/3/2026 5:36,7.16,79.7,-19.36,,,,,
1525,7/3/2026 5:51,7.14,79.83,-17.84,,,,,
1526,7/3/2026 6:06,7.11,79.92,-16.19,,,,,
1527,7/3/2026 6:21,7.08,79.88,-14.72,,,,,
1528,7/3/2026 6:36,7.06,79.83,-13.13,,,,,
1529,7/3/2026 6:51,7.04,79.92,-12.47,,,,,
1530,7/3/2026 7:06,7.03,80.06,-11.66,,,,,
1531,7/3/2026 7:21,7.02,80.13,-10.88,,,,,
1532,7/3/2026 7:36,7.1,80.22,-15.61,,,,,
1533,7/3/2026 7:51,7.03,80.37,-11.69,,,,,
1534,7/3/2026 8:06,7.03,80.46,-11.64,,,,,
1535,7/3/2026 8:21,7.05,80.67,-12.97,,,,,
1536,7/3/2026 8:36,7.05,80.89,-12.84,,,,,
1537,7/3/2026 8:51,7.07,81.16,-13.97,,,,,
1538,7/3/2026 9:06,7.11,81.55,-16.05,,,,,
1539,7/3/2026 9:21,7.13,81.86,-17.52,,,,,
1540,7/3/2026 9:36,7.16,82.26,-19.09,,,,,
1541,7/3/2026 9:51,7.11,82.17,-16.41,,,,,
1542,7/3/2026 10:06,7.08,82.04,-14.8,,,,,
1543,7/3/2026 10:21,7.06,82,-13.36,,,,,
1544,7/3/2026 10:36,7.11,82.17,-16.47,,,,,
1545,7/3/2026 10:51,7.12,82.35,-16.67,,,,,
1546,7/3/2026 11:06,7.12,82.4,-16.94,,,,,
1547,7/3/2026 11:21,7.14,82.4,-17.97,,,,,
1548,7/3/2026 11:36,7.17,82.44,-19.84,,,,,
1549,7/3/2026 11:51,7.21,82.53,-21.78,,,,,
1550,7/3/2026 12:06,7.26,82.35,-24.63,,,,,
1551,7/3/2026 12:21,7.3,82.22,-27.08,,,,,
1552,7/3/2026 12:36,7.36,82.04,-30.39,,,,,
1553,7/3/2026 12:51,7.4,81.82,-32.59,,,,,
1554,7/3/2026 13:06,7.46,81.55,-36.17,,,,,
1555,7/3/2026 13:21,7.51,81.34,-39.13,,,,,
1556,7/3/2026 13:36,7.55,81.19,-41.56,,,,,
1557,7/3/2026 13:51,7.58,81.25,-43.38,,,,,
1558,7/3/2026 14:06,7.6,81.28,-44.2,,,,,
1559,7/3/2026 14:21,7.59,81.25,-43.92,,,,,
1560,7/3/2026 14:36,7.58,81.19,-43.22,,,,,
1561,7/3/2026 14:51,7.53,81.16,-40.49,,,,,
1562,7/3/2026 15:06,7.54,81.1,-40.72,,,,,
1563,7/3/2026 15:21,7.43,81.07,-34.27,,,,,
1564,7/3/2026 15:36,7.44,81.16,-35.31,,,,,
1565,7/3/2026 15:51,7.48,81.64,-37.31,,,,,
1566,7/3/2026 16:06,7.53,82.17,-40.17,,,,,
1567,7/3/2026 16:21,7.52,82.31,-39.59,,,,,
1568,7/3/2026 16:36,7.51,82.62,-38.94,,,,,
1569,7/3/2026 16:51,7.49,82.67,-38.31,,,,,
1570,7/3/2026 17:06,7.49,82.94,-38,,,,,
1571,7/3/2026 17:21,7.45,82.98,-35.94,,,,,
1572,7/3/2026 17:36,7.43,83.16,-34.38,,,,,
1573,7/3/2026 17:51,7.42,83.37,-34.08,,,,,
1574,7/3/2026 18:06,7.38,83.52,-31.83,,,,,
1575,7/3/2026 18:21,7.37,83.73,-31.14,,,,,
1576,7/3/2026 18:36,7.33,83.61,-29.11,,,,,
1577,7/3/2026 18:51,7.31,83.88,-27.5,,,,,
1578,7/3/2026 19:06,7.27,84.06,-25.22,,,,,
1579,7/3/2026 19:21,7.28,84.15,-25.8,,,,,
1580,7/3/2026 19:36,7.25,84.15,-24.28,,,,,
1581,7/3/2026 19:51,7.18,84.09,-20.06,,,,,
1582,7/3/2026 20:06,7.14,84.09,-17.88,,,,,
1583,7/3/2026 20:21,7.09,84.09,-15.19,,,,,
1584,7/3/2026 20:36,7.08,84.09,-14.78,,,,,
1585,7/3/2026 20:51,7.05,84.09,-12.59,,,,,
1586,7/3/2026 21:06,7.04,84.18,-12.16,,,,,
1587,7/3/2026 21:21,7.02,84.27,-11.11,,,,,
1588,7/3/2026 21:36,7.07,84.54,-13.94,,,,,
1589,7/3/2026 21:51,7.09,84.58,-15.36,,,,,
1590,7/3/2026 22:06,7.09,84.33,-15.08,,,,,
1591,7/3/2026 22:21,7.12,83.73,-16.91,,,,,
1592,7/3/2026 22:36,7.14,83.61,-18.23,,,,,
1593,7/3/2026 22:51,7.17,83.28,-19.75,,,,,
1594,7/3/2026 23:06,7.2,83.1,-21.44,,,,,
1595,7/3/2026 23:21,7.22,82.98,-22.47,,,,,
1596,7/3/2026 23:36,7.25,82.67,-24.5,,,,,
1597,7/3/2026 23:51,7.27,82.35,-25.64,,,,,
1598,7/4/2026 0:06,7.32,81.82,-28.2,,,,,
1599,7/4/2026 0:21,7.36,81.43,-30.81,,,,,
1600,7/4/2026 0:36,7.42,81.16,-33.99,,,,,
1601,7/4/2026 0:51,7.46,80.89,-36.39,,,,,
1602,7/4/2026 1:06,7.5,80.58,-38.49,,,,,
1603,7/4/2026 1:21,7.52,80.28,-39.84,,,,,
1604,7/4/2026 1:36,7.54,79.97,-40.64,,,,,
1605,7/4/2026 1:51,7.57,79.61,-42.56,,,,,
1606,7/4/2026 2:06,7.57,79.34,-42.44,,,,,
1607,7/4/2026 2:21,7.59,79.09,-43.6,,,,,
1608,7/4/2026 2:36,7.61,78.78,-44.61,,,,,
1609,7/4/2026 2:51,7.62,78.51,-45.25,,,,,
1610,7/4/2026 3:06,7.61,78.39,-44.44,,,,,
1611,7/4/2026 3:21,7.57,78.26,-42.5,,,,,
1612,7/4/2026 3:36,7.47,78.21,-36.61,,,,,
1613,7/4/2026 3:51,7.49,78.69,-37.75,,,,,
1614,7/4/2026 4:06,7.51,79.03,-38.99,,,,,
1615,7/4/2026 4:21,7.47,79.43,-36.7,,,,,
1616,7/4/2026 4:36,7.42,79.74,-33.84,,,,,
1617,7/4/2026 4:51,7.36,79.92,-30.58,,,,,
1618,7/4/2026 5:06,7.33,80.01,-28.72,,,,,
1619,7/4/2026 5:21,7.28,80.19,-25.97,,,,,
1620,7/4/2026 5:36,7.24,80.31,-23.75,,,,,
1621,7/4/2026 5:51,7.21,80.46,-22.22,,,,,
1622,7/4/2026 6:06,7.18,80.58,-20.53,,,,,
1623,7/4/2026 6:21,7.16,80.67,-18.95,,,,,
1624,7/4/2026 6:36,7.13,80.8,-17.25,,,,,
1625,7/4/2026 6:51,7.09,80.89,-15.14,,,,,
1626,7/4/2026 7:06,7.06,80.85,-13.3,,,,,
1627,7/4/2026 7:21,7.04,80.8,-12.3,,,,,
1628,7/4/2026 7:36,7.03,80.85,-11.86,,,,,
1629,7/4/2026 7:51,7.01,80.98,-10.7,,,,,
1630,7/4/2026 8:06,7.02,81.1,-11.17,,,,,
1631,7/4/2026 8:21,7.02,81.25,-11.3,,,,,
1632,7/4/2026 8:36,7.02,81.37,-11.03,,,,,
1633,7/4/2026 8:51,7.02,81.55,-11.19,,,,,
1634,7/4/2026 9:06,7.05,81.77,-12.88,,,,,
1635,7/4/2026 9:21,7.04,81.95,-12.55,,,,,
1636,7/4/2026 9:36,7.07,82.31,-14.22,,,,,
1637,7/4/2026 9:51,7.09,82.71,-15.23,,,,,
1638,7/4/2026 10:06,7.1,83.01,-15.97,,,,,
1639,7/4/2026 10:21,7.1,83.28,-15.66,,,,,
1640,7/4/2026 10:36,7,82.94,-9.73,,,,,
1641,7/4/2026 10:51,6.97,82.76,-8.16,,,,,
1642,7/4/2026 11:06,7.02,82.98,-11.13,,,,,
1643,7/4/2026 11:21,7.03,83.1,-11.81,,,,,
1644,7/4/2026 11:36,7.04,83.25,-12.47,,,,,
1645,7/4/2026 11:51,7.07,83.1,-13.92,,,,,
1646,7/4/2026 12:06,7.08,83.01,-14.72,,,,,
1647,7/4/2026 12:21,7.13,83.16,-17.61,,,,,
1648,7/4/2026 12:36,7.18,83.1,-20.2,,,,,
1649,7/4/2026 12:51,7.26,82.98,-24.77,,,,,
1650,7/4/2026 13:06,7.32,82.85,-28.34,,,,,
1651,7/4/2026 13:21,7.38,82.53,-31.72,,,,,
1652,7/4/2026 13:36,7.44,82.26,-34.94,,,,,
1653,7/4/2026 13:51,7.49,82.09,-37.92,,,,,
1654,7/4/2026 14:06,7.55,81.95,-41.39,,,,,
1655,7/4/2026 14:21,7.57,81.91,-42.8,,,,,
1656,7/4/2026 14:36,7.58,81.82,-42.99,,,,,
1657,7/4/2026 14:51,7.58,81.73,-43.42,,,,,
1658,7/4/2026 15:06,7.45,81.59,-35.92,,,,,
1659,7/4/2026 15:21,7.4,81.52,-32.84,,,,,
1660,7/4/2026 15:36,7.46,81.52,-36.44,,,,,
1661,7/4/2026 15:51,7.4,81.43,-32.83,,,,,
1662,7/4/2026 16:06,7.46,81.82,-36.44,,,,,
1663,7/4/2026 16:21,7.45,82,-35.63,,,,,
1664,7/4/2026 16:36,7.37,81.86,-31.28,,,,,
1665,7/4/2026 16:51,7.4,82.31,-32.99,,,,,
1666,7/4/2026 17:06,7.49,83.01,-38.06,,,,,
1667,7/4/2026 17:21,7.45,82.62,-35.49,,,,,
1668,7/4/2026 17:36,7.44,83.16,-35,,,,,
1669,7/4/2026 17:51,7.44,83.43,-34.97,,,,,
1670,7/4/2026 18:06,7.4,83.46,-32.95,,,,,
1671,7/4/2026 18:21,7.35,83.46,-29.84,,,,,
1672,7/4/2026 18:36,7.34,83.52,-29.41,,,,,
1673,7/4/2026 18:51,7.3,83.52,-27.05,,,,,
1674,7/4/2026 19:06,7.26,83.52,-24.99,,,,,
1675,7/4/2026 19:21,7.2,83.46,-21.5,,,,,
1676,7/4/2026 19:36,7.15,83.37,-18.42,,,,,
1677,7/4/2026 19:51,7.13,83.43,-17.28,,,,,
1678,7/4/2026 20:06,7.12,83.43,-17.08,,,,,
1679,7/4/2026 20:21,7.1,83.43,-15.56,,,,,
1680,7/4/2026 20:36,7.05,83.43,-13.11,,,,,
1681,7/4/2026 20:51,6.99,83.37,-9.47,,,,,
1682,7/4/2026 21:06,6.98,83.34,-9.13,,,,,
1683,7/4/2026 21:21,6.97,83.28,-8.03,,,,,
1684,7/4/2026 21:36,6.94,83.28,-6.66,,,,,
1685,7/4/2026 21:51,6.95,83.19,-7.2,,,,,
1686,7/4/2026 22:06,6.94,83.19,-6.61,,,,,
1687,7/4/2026 22:21,6.97,83.37,-8.23,,,,,
1688,7/4/2026 22:36,7,83.46,-9.77,,,,,
1689,7/4/2026 22:51,6.99,83.19,-9.47,,,,,
1690,7/4/2026 23:06,7.03,82.94,-11.75,,,,,
1691,7/4/2026 23:21,7.04,82.94,-12.17,,,,,
1692,7/4/2026 23:36,7.08,82.71,-14.3,,,,,
1693,7/4/2026 23:51,7.09,82.62,-15.42,,,,,
1694,7/5/2026 0:06,7.12,82.49,-16.59,,,,,
1695,7/5/2026 0:21,7.14,82.31,-18.19,,,,,
1696,7/5/2026 0:36,7.18,82.09,-20.31,,,,,
1697,7/5/2026 0:51,7.23,81.73,-23.22,,,,,
1698,7/5/2026 1:06,7.28,81.43,-26.2,,,,,
1699,7/5/2026 1:21,7.34,81.1,-29.44,,,,,
1700,7/5/2026 1:36,7.39,80.8,-32.17,,,,,
1701,7/5/2026 1:51,7.44,80.46,-35.19,,,,,
1702,7/5/2026 2:06,7.46,80.13,-36.24,,,,,
1703,7/5/2026 2:21,7.49,79.83,-37.75,,,,,
1704,7/5/2026 2:36,7.5,79.48,-38.53,,,,,
1705,7/5/2026 2:51,7.51,79.12,-39.16,,,,,
1706,7/5/2026 3:06,7.52,78.91,-39.34,,,,,
1707,7/5/2026 3:21,7.54,78.64,-40.72,,,,,
1708,7/5/2026 3:36,7.48,78.51,-37.53,,,,,
1709,7/5/2026 3:51,7.39,78.42,-32.03,,,,,
1710,7/5/2026 4:06,7.32,78.6,-27.92,,,,,
1711,7/5/2026 4:21,7.39,79,-31.92,,,,,
1712,7/5/2026 4:36,7.38,79.27,-31.88,,,,,
1713,7/5/2026 4:51,7.35,79.39,-30.08,,,,,
1714,7/5/2026 5:06,7.32,79.61,-28.49,,,,,
1715,7/5/2026 5:21,7.3,79.7,-27.19,,,,,
1716,7/5/2026 5:36,7.28,79.83,-26.14,,,,,
1717,7/5/2026 5:51,7.25,79.92,-24.05,,,,,
1718,7/5/2026 6:06,7.22,80.01,-22.44,,,,,
1719,7/5/2026 6:21,7.2,80.06,-21.2,,,,,
1720,7/5/2026 6:36,7.18,80.13,-20.52,,,,,
1721,7/5/2026 6:51,7.16,80.19,-18.95,,,,,
1722,7/5/2026 7:06,7.12,80.31,-17.02,,,,,
1723,7/5/2026 7:21,7.09,80.46,-15.27,,,,,
1724,7/5/2026 7:36,7.07,80.4,-14.06,,,,,
1725,7/5/2026 7:51,7.04,80.31,-12.39,,,,,
1726,7/5/2026 8:06,7.02,80.37,-11.19,,,,,
1727,7/5/2026 8:21,7.02,80.46,-11.14,,,,,
1728,7/5/2026 8:36,7.03,80.62,-11.44,,,,,
1729,7/5/2026 8:51,7.03,80.71,-11.8,,,,,
1730,7/5/2026 9:06,7.03,80.8,-11.55,,,,,
1731,7/5/2026 9:21,7.05,80.94,-12.64,,,,,
1732,7/5/2026 9:36,7.04,81.01,-12.44,,,,,
1733,7/5/2026 9:51,7.08,81.37,-14.45,,,,,
1734,7/5/2026 10:06,7.07,81.43,-14.27,,,,,
1735,7/5/2026 10:21,7.1,81.73,-15.47,,,,,
1736,7/5/2026 10:36,7.11,82.13,-16.06,,,,,
1737,7/5/2026 10:51,7.09,82.35,-15.16,,,,,
1738,7/5/2026 11:06,7.08,82.4,-14.72,,,,,
1739,7/5/2026 11:21,7.01,81.95,-10.31,,,,,
1740,7/5/2026 11:36,6.98,81.91,-8.97,,,,,
1741,7/5/2026 11:51,7.02,82.26,-10.95,,,,,
1742,7/5/2026 12:06,7.05,82.26,-12.66,,,,,
1743,7/5/2026 12:21,7.06,82.35,-13.47,,,,,
1744,7/5/2026 12:36,7.08,82.31,-14.72,,,,,
1745,7/5/2026 12:51,7.13,82.53,-17.22,,,,,
1746,7/5/2026 13:06,7.16,82.8,-19.33,,,,,
1747,7/5/2026 13:21,7.22,82.89,-22.38,,,,,
1748,7/5/2026 13:36,7.3,82.76,-26.92,,,,,
1749,7/5/2026 13:51,7.35,82.53,-29.97,,,,,
1750,7/5/2026 14:06,7.4,82.22,-32.75,,,,,
1751,7/5/2026 14:21,7.45,81.95,-36,,,,,
1752,7/5/2026 14:36,7.53,81.77,-40.09,,,,,
1753,7/5/2026 14:51,7.58,81.64,-43.17,,,,,
1754,7/5/2026 15:06,7.61,81.59,-45.13,,,,,
1755,7/5/2026 15:21,7.64,81.55,-46.42,,,,,
1756,7/5/2026 15:36,7.63,81.52,-46.11,,,,,
1757,7/5/2026 15:51,7.64,81.46,-46.72,,,,,
1758,7/5/2026 16:06,7.57,81.37,-42.81,,,,,
1759,7/5/2026 16:21,7.52,81.28,-39.44,,,,,
1760,7/5/2026 16:36,7.38,81.34,-31.49,,,,,
1761,7/5/2026 16:51,7.51,81.77,-38.88,,,,,
1762,7/5/2026 17:06,7.57,82.17,-42.55,,,,,
1763,7/5/2026 17:21,7.5,82.35,-38.75,,,,,
1764,7/5/2026 17:36,7.51,82.58,-39.36,,,,,
1765,7/5/2026 17:51,7.49,82.53,-37.91,,,,,
1766,7/5/2026 18:06,7.45,82.58,-35.86,,,,,
1767,7/5/2026 18:21,7.43,82.76,-34.8,,,,,
1768,7/5/2026 18:36,7.42,82.94,-34.06,,,,,
1769,7/5/2026 18:51,7.41,83.01,-33.3,,,,,
1770,7/5/2026 19:06,7.36,83.07,-30.83,,,,,
1771,7/5/2026 19:21,7.33,83.01,-28.95,,,,,
1772,7/5/2026 19:36,7.29,83.01,-26.86,,,,,
1773,7/5/2026 19:51,7.26,82.98,-24.67,,,,,
1774,7/5/2026 20:06,7.18,82.8,-20.55,,,,,
1775,7/5/2026 20:21,7.12,82.71,-17.13,,,,,
1776,7/5/2026 20:36,7.13,82.62,-17.27,,,,,
1777,7/5/2026 20:51,7.1,82.62,-15.81,,,,,
1778,7/5/2026 21:06,7.06,82.58,-13.69,,,,,
1779,7/5/2026 21:21,7.05,82.53,-12.89,,,,,
1780,7/5/2026 21:36,7.02,82.4,-11.31,,,,,
1781,7/5/2026 21:51,7.02,82.26,-10.98,,,,,
1782,7/5/2026 22:06,6.97,82.09,-8.48,,,,,
1783,7/5/2026 22:21,6.98,82,-9.03,,,,,
1784,7/5/2026 22:36,6.98,81.91,-8.78,,,,,
1785,7/5/2026 22:51,6.97,81.77,-8.13,,,,,
1786,7/5/2026 23:06,6.99,81.68,-9.25,,,,,
1787,7/5/2026 23:21,7.01,81.95,-10.34,,,,,
1788,7/5/2026 23:36,7,81.86,-10.02,,,,,
1789,7/5/2026 23:51,7.03,81.59,-11.63,,,,,
1790,7/6/2026 0:06,7.05,81.55,-12.7,,,,,
1791,7/6/2026 0:21,7.07,81.46,-14.05,,,,,
1792,7/6/2026 0:36,7.11,81.43,-16.42,,,,,
1793,7/6/2026 0:51,7.12,81.34,-16.61,,,,,
1794,7/6/2026 1:06,7.14,81.25,-18.25,,,,,
1795,7/6/2026 1:21,7.17,81.1,-19.95,,,,,
1796,7/6/2026 1:36,7.22,80.85,-22.63,,,,,
1797,7/6/2026 1:51,7.3,80.46,-26.94,,,,,
1798,7/6/2026 2:06,7.36,80.19,-30.53,,,,,
1799,7/6/2026 2:21,7.4,79.92,-32.91,,,,,
1800,7/6/2026 2:36,7.45,79.66,-35.45,,,,,
1801,7/6/2026 2:51,7.48,79.3,-37.22,,,,,
1802,7/6/2026 3:06,7.5,79,-38.5,,,,,
1803,7/6/2026 3:21,7.53,78.57,-40.16,,,,,
1804,7/6/2026 3:36,7.53,78.3,-40.31,,,,,
1805,7/6/2026 3:51,7.54,78.17,-40.58,,,,,
1806,7/6/2026 4:06,7.54,78.03,-40.49,,,,,
1807,7/6/2026 4:21,7.48,77.99,-37,,,,,
1808,7/6/2026 4:36,7.41,77.99,-33.08,,,,,
1809,7/6/2026 4:51,7.32,78.03,-28.3,,,,,
1810,7/6/2026 5:06,7.38,78.26,-31.36,,,,,
1811,7/6/2026 5:21,7.41,78.42,-33.47,,,,,
1812,7/6/2026 5:36,7.39,78.64,-32.02,,,,,
1813,7/6/2026 5:51,7.35,78.78,-30.05,,,,,
1814,7/6/2026 6:06,7.34,78.94,-29.52,,,,,
1815,7/6/2026 6:21,7.3,79.09,-27.16,,,,,
1816,7/6/2026 6:36,7.27,79.18,-25.39,,,,,
1817,7/6/2026 6:51,7.24,79.21,-23.92,,,,,
1818,7/6/2026 7:06,7.23,79.3,-23.08,,,,,
1819,7/6/2026 7:21,7.21,79.34,-21.72,,,,,
1820,7/6/2026 7:36,7.18,79.39,-20.52,,,,,
1821,7/6/2026 7:51,7.16,79.48,-18.95,,,,,
1822,7/6/2026 8:06,7.11,79.48,-16.5,,,,,
1823,7/6/2026 8:21,7.1,79.39,-15.67,,,,,
1824,7/6/2026 8:36,7.08,79.39,-14.36,,,,,
1825,7/6/2026 8:51,7.09,79.39,-15.02,,,,,
1826,7/6/2026 9:06,7.04,79.39,-12.2,,,,,
1827,7/6/2026 9:21,7.04,79.39,-12.06,,,,,
1828,7/6/2026 9:36,7.01,79.39,-10.72,,,,,
1829,7/6/2026 9:51,7.02,79.43,-11.13,,,,,
1830,7/6/2026 10:06,7.02,79.43,-11.2,,,,,
1831,7/6/2026 10:21,7.02,79.48,-11.33,,,,,
1832,7/6/2026 10:36,7.04,79.52,-12.25,,,,,
1833,7/6/2026 10:51,7.02,79.43,-11,,,,,
1834,7/6/2026 11:06,7.03,79.52,-11.61,,,,,
1835,7/6/2026 11:21,7.05,79.66,-12.63,,,,,
1836,7/6/2026 11:36,7.06,79.79,-13.63,,,,,
1837,7/6/2026 11:51,7.01,79.83,-10.39,,,,,
1838,7/6/2026 12:06,6.99,79.7,-9.45,,,,,
1839,7/6/2026 12:21,6.99,79.79,-9.66,,,,,
1840,7/6/2026 12:36,7.05,80.1,-12.81,,,,,
1841,7/6/2026 12:51,7.07,80.46,-14.19,,,,,
1842,7/6/2026 13:06,7.1,80.62,-15.42,,,,,
1843,7/6/2026 13:21,7.1,80.62,-15.64,,,,,
1844,7/6/2026 13:36,7.13,80.89,-17.59,,,,,
1845,7/6/2026 13:51,7.2,80.89,-21.59,,,,,
1846,7/6/2026 14:06,7.25,80.94,-24.03,,,,,
1847,7/6/2026 14:21,7.33,80.76,-28.83,,,,,
1848,7/6/2026 14:36,7.39,80.58,-32.09,,,,,
1849,7/6/2026 14:51,7.44,80.19,-34.83,,,,,
1850,7/6/2026 15:06,7.5,79.79,-38.27,,,,,
1851,7/6/2026 15:21,7.56,79.52,-41.64,,,,,
1852,7/6/2026 15:36,7.6,79.27,-44.39,,,,,
1853,7/6/2026 15:51,7.65,79.12,-46.72,,,,,
1854,7/6/2026 16:06,7.66,79.09,-47.55,,,,,
1855,7/6/2026 16:21,7.65,79.03,-47.02,,,,,
1856,7/6/2026 16:36,7.64,78.94,-46.55,,,,,
1857,7/6/2026 16:51,7.61,78.91,-44.74,,,,,
1858,7/6/2026 17:06,7.52,78.87,-39.67,,,,,
1859,7/6/2026 17:21,7.42,78.91,-34.05,,,,,
1860,7/6/2026 17:36,7.5,79.12,-38.38,,,,,
1861,7/6/2026 17:51,7.6,79.3,-44.2,,,,,
1862,7/6/2026 18:06,7.57,79.48,-42.63,,,,,
1863,7/6/2026 18:21,7.55,79.7,-41.3,,,,,
1864,7/6/2026 18:36,7.52,79.83,-39.78,,,,,
1865,7/6/2026 18:51,7.51,79.97,-38.88,,,,,
1866,7/6/2026 19:06,7.47,80.1,-36.72,,,,,
1867,7/6/2026 19:21,7.43,80.19,-34.75,,,,,
1868,7/6/2026 19:36,7.4,80.28,-32.52,,,,,
1869,7/6/2026 19:51,7.36,80.28,-30.66,,,,,
1870,7/6/2026 20:06,7.34,80.22,-29.52,,,,,
1871,7/6/2026 20:21,7.3,80.22,-27.38,,,,,
1872,7/6/2026 20:36,7.26,80.19,-24.8,,,,,
1873,7/6/2026 20:51,7.2,80.06,-21.67,,,,,
1874,7/6/2026 21:06,7.16,79.92,-18.83,,,,,
1875,7/6/2026 21:21,7.16,79.88,-19.28,,,,,
1876,7/6/2026 21:36,7.11,79.88,-16.41,,,,,
1877,7/6/2026 21:51,7.09,79.79,-14.89,,,,,
1878,7/6/2026 22:06,7.05,79.66,-12.72,,,,,
1879,7/6/2026 22:21,7.04,79.57,-12.52,,,,,
1880,7/6/2026 22:36,7.01,79.43,-10.41,,,,,
1881,7/6/2026 22:51,6.98,79.3,-9.11,,,,,
1882,7/6/2026 23:06,7.01,79.18,-10.41,,,,,
1883,7/6/2026 23:21,6.98,79.03,-9.02,,,,,
1884,7/6/2026 23:36,6.97,78.91,-8.56,,,,,
1885,7/6/2026 23:51,6.98,78.82,-8.81,,,,,
1886,7/7/2026 0:06,6.99,78.91,-9.69,,,,,
1887,7/7/2026 0:21,6.99,78.91,-9.7,,,,,
1888,7/7/2026 0:36,7,78.69,-10.27,,,,,
1889,7/7/2026 0:51,7.04,78.57,-12.38,,,,,
1890,7/7/2026 1:06,7.05,78.48,-12.91,,,,,
1891,7/7/2026 1:21,7.08,78.48,-14.63,,,,,
1892,7/7/2026 1:36,7.1,78.48,-15.7,,,,,
1893,7/7/2026 1:51,7.12,78.42,-16.86,,,,,
1894,7/7/2026 2:06,7.15,78.42,-18.8,,,,,
1895,7/7/2026 2:21,7.19,78.42,-20.95,,,,,
1896,7/7/2026 2:36,7.24,78.26,-23.38,,,,,
1897,7/7/2026 2:51,7.32,78.03,-28.11,,,,,
1898,7/7/2026 3:06,7.37,77.86,-30.99,,,,,
1899,7/7/2026 3:21,7.42,77.65,-33.69,,,,,
1900,7/7/2026 3:36,7.46,77.38,-35.92,,,,,
1901,7/7/2026 3:51,7.49,77.11,-37.64,,,,,
1902,7/7/2026 4:06,7.52,76.82,-39.3,,,,,
1903,7/7/2026 4:21,7.55,76.51,-40.92,,,,,
1904,7/7/2026 4:36,7.54,76.28,-40.3,,,,,
1905,7/7/2026 4:51,7.52,76.15,-39.22,,,,,
1906,7/7/2026 5:06,7.52,76.03,-39.3,,,,,
1907,7/7/2026 5:21,7.44,75.99,-34.67,,,,,
1908,7/7/2026 5:36,7.34,76.03,-29.34,,,,,
1909,7/7/2026 5:51,7.34,76.21,-29.24,,,,,
1910,7/7/2026 6:06,7.45,76.37,-35.38,,,,,
1911,7/7/2026 6:21,7.41,76.55,-33.31,,,,,
1912,7/7/2026 6:36,7.38,76.68,-31.39,,,,,
1913,7/7/2026 6:51,7.36,76.82,-30.52,,,,,
1914,7/7/2026 7:06,7.34,76.86,-29.5,,,,,
1915,7/7/2026 7:21,7.32,76.89,-27.89,,,,,
1916,7/7/2026 7:36,7.29,76.95,-26.36,,,,,
1917,7/7/2026 7:51,7.27,76.98,-25.36,,,,,
1918,7/7/2026 8:06,7.24,77.04,-23.47,,,,,
1919,7/7/2026 8:21,7.22,77.07,-22.19,,,,,
1920,7/7/2026 8:36,7.2,77.04,-21.44,,,,,
1921,7/7/2026 8:51,7.16,76.98,-19.31,,,,,
1922,7/7/2026 9:06,7.14,76.82,-17.84,,,,,
1923,7/7/2026 9:21,7.15,76.77,-18.34,,,,,
1924,7/7/2026 9:36,7.12,76.73,-16.88,,,,,
1925,7/7/2026 9:51,7.12,76.68,-16.53,,,,,
1926,7/7/2026 10:06,7.1,76.64,-15.8,,,,,
1927,7/7/2026 10:21,7.1,76.51,-15.59,,,,,
1928,7/7/2026 10:36,7.09,76.46,-14.89,,,,,
1929,7/7/2026 10:51,7.08,76.33,-14.5,,,,,
1930,7/7/2026 11:06,7.07,76.28,-13.94,,,,,
1931,7/7/2026 11:21,7.06,76.15,-13.59,,,,,
1932,7/7/2026 11:36,7.05,76.06,-13.09,,,,,
1933,7/7/2026 11:51,7.06,75.99,-13.63,,,,,
1934,7/7/2026 12:06,7.07,75.9,-13.72,,,,,
1935,7/7/2026 12:21,7.06,75.9,-13.34,,,,,
1936,7/7/2026 12:36,7.06,75.81,-13.28,,,,,
1937,7/7/2026 12:51,7.09,75.63,-14.81,,,,,
1938,7/7/2026 13:06,7.13,75.6,-17.25,,,,,
1939,7/7/2026 13:21,7.14,75.6,-17.69,,,,,
1940,7/7/2026 13:36,7.17,75.51,-19.86,,,,,
1941,7/7/2026 13:51,7.19,75.42,-20.84,,,,,
1942,7/7/2026 14:06,7.2,75.54,-21.39,,,,,
1943,7/7/2026 14:21,7.24,75.54,-23.66,,,,,
1944,7/7/2026 14:36,7.29,75.78,-26.44,,,,,
1945,7/7/2026 14:51,7.34,75.85,-29.05,,,,,
1946,7/7/2026 15:06,7.41,75.78,-33.3,,,,,
1947,7/7/2026 15:21,7.45,75.69,-35.58,,,,,
1948,7/7/2026 15:36,7.49,75.54,-37.63,,,,,
1949,7/7/2026 15:51,7.54,75.33,-40.41,,,,,
1950,7/7/2026 16:06,7.59,74.98,-43.13,,,,,
1951,7/7/2026 16:21,7.62,74.64,-45.03,,,,,
1952,7/7/2026 16:36,7.63,74.46,-45.8,,,,,
1953,7/7/2026 16:51,7.64,74.25,-46.3,,,,,
1954,7/7/2026 17:06,7.64,74.12,-46.2,,,,,
1955,7/7/2026 17:21,7.65,73.99,-46.53,,,,,
1956,7/7/2026 17:36,7.65,73.9,-46.49,,,,,
1957,7/7/2026 17:51,7.62,73.81,-44.99,,,,,
1958,7/7/2026 18:06,7.52,73.78,-39.55,,,,,
1959,7/7/2026 18:21,7.48,73.81,-36.86,,,,,
1960,7/7/2026 18:36,7.59,73.94,-43.49,,,,,
1961,7/7/2026 18:51,7.58,73.99,-42.58,,,,,
1962,7/7/2026 19:06,7.57,74.08,-42.06,,,,,
1963,7/7/2026 19:21,7.55,74.21,-41.11,,,,,
1964,7/7/2026 19:36,7.52,74.34,-39.2,,,,,
1965,7/7/2026 19:51,7.48,74.37,-36.91,,,,,
1966,7/7/2026 20:06,7.46,74.37,-35.91,,,,,
1967,7/7/2026 20:21,7.41,74.37,-33.17,,,,,
1968,7/7/2026 20:36,7.37,74.43,-30.84,,,,,
1969,7/7/2026 20:51,7.36,74.37,-30.16,,,,,
1970,7/7/2026 21:06,7.33,74.25,-28.7,,,,,
1971,7/7/2026 21:21,7.28,74.16,-25.63,,,,,
1972,7/7/2026 21:36,7.23,74.03,-23.13,,,,,
1973,7/7/2026 21:51,7.18,73.81,-20.27,,,,,
1974,7/7/2026 22:06,7.17,73.56,-19.39,,,,,
1975,7/7/2026 22:21,7.15,73.56,-18.45,,,,,
1976,7/7/2026 22:36,7.16,73.35,-18.75,,,,,
1977,7/7/2026 22:51,7.13,73.17,-17.17,,,,,
1978,7/7/2026 23:06,7.11,73,-16.45,,,,,
1979,7/7/2026 23:21,7.09,72.73,-15.27,,,,,
1980,7/7/2026 23:36,7.06,72.57,-13.59,,,,,
1981,7/7/2026 23:51,7.04,72.3,-12.25,,,,,
1982,7/8/2026 0:06,7.02,71.96,-10.92,,,,,
1983,7/8/2026 0:21,6.99,71.65,-9.7,,,,,
1984,7/8/2026 0:36,6.98,71.4,-8.7,,,,,
1985,7/8/2026 0:51,6.96,71.15,-7.75,,,,,
1986,7/8/2026 1:06,6.94,71.1,-6.77,,,,,
1987,7/8/2026 1:21,6.96,71.62,-7.55,,,,,
1988,7/8/2026 1:36,6.99,71.53,-9.39,,,,,
1989,7/8/2026 1:51,7.05,71.71,-12.73,,,,,
1990,7/8/2026 2:06,7.07,71.74,-13.81,,,,,
1991,7/8/2026 2:21,7.09,71.62,-15.28,,,,,
1992,7/8/2026 2:36,7.11,71.83,-16.3,,,,,
1993,7/8/2026 2:51,7.13,71.83,-17.23,,,,,
1994,7/8/2026 3:06,7.16,72.05,-19.23,,,,,
1995,7/8/2026 3:21,7.23,72.57,-22.8,,,,,
1996,7/8/2026 3:36,7.3,72.79,-26.99,,,,,
1997,7/8/2026 3:51,7.37,72.79,-30.66,,,,,
1998,7/8/2026 4:06,7.41,72.64,-33.16,,,,,
1999,7/8/2026 4:21,7.45,72.61,-35.28,,,,,
2000,7/8/2026 4:36,7.49,72.45,-37.39,,,,,
2001,7/8/2026 4:51,7.52,72.09,-38.94,,,,,
2002,7/8/2026 5:06,7.53,71.74,-39.91,,,,,
2003,7/8/2026 5:21,7.54,71.49,-40.06,,,,,
2004,7/8/2026 5:36,7.55,71.31,-40.94,,,,,
2005,7/8/2026 5:51,7.53,71.24,-39.89,,,,,
2006,7/8/2026 6:06,7.53,71.1,-39.61,,,,,
2007,7/8/2026 6:21,7.48,71.06,-36.74,,,,,
2008,7/8/2026 6:36,7.46,71.31,-35.64,,,,,
2009,7/8/2026 6:51,7.48,71.28,-36.66,,,,,
2010,7/8/2026 7:06,7.43,71.44,-34.03,,,,,
2011,7/8/2026 7:21,7.44,71.65,-34.47,,,,,
2012,7/8/2026 7:36,7.42,71.8,-33.44,,,,,
2013,7/8/2026 7:51,7.4,71.92,-32.55,,,,,
2014,7/8/2026 8:06,7.37,72.14,-30.69,,,,,
2015,7/8/2026 8:21,7.36,72.14,-30.14,,,,,
2016,7/8/2026 8:36,7.33,72.18,-28.75,,,,,
2017,7/8/2026 8:51,7.3,72.3,-27.06,,,,,
2018,7/8/2026 9:06,7.29,72.39,-26.05,,,,,
2019,7/8/2026 9:21,7.25,72.45,-24.14,,,,,
2020,7/8/2026 9:36,7.22,72.45,-22.16,,,,,
2021,7/8/2026 9:51,7.19,72.39,-20.59,,,,,
2022,7/8/2026 10:06,7.18,72.39,-20.38,,,,,
2023,7/8/2026 10:21,7.18,72.64,-19.84,,,,,
2024,7/8/2026 10:36,7.18,72.86,-19.95,,,,,
2025,7/8/2026 10:51,7.15,73.08,-18.63,,,,,
2026,7/8/2026 11:06,7.12,73.29,-16.7,,,,,
2027,7/8/2026 11:21,7.09,73.6,-15.19,,,,,
2028,7/8/2026 11:36,7.07,73.9,-13.72,,,,,
2029,7/8/2026 11:51,7.04,74.52,-12.27,,,,,
2030,7/8/2026 12:06,7.04,75.54,-12.41,,,,,
2031,7/8/2026 12:21,7.03,75.81,-11.89,,,,,
2032,7/8/2026 12:36,7.04,76.42,-12.05,,,,,
2033,7/8/2026 12:51,7.05,76.73,-12.61,,,,,
2034,7/8/2026 13:06,7.02,75.72,-11,,,,,
2035,7/8/2026 13:21,7,74.64,-9.92,,,,,
2036,7/8/2026 13:36,7.01,75.11,-10.56,,,,,
2037,7/8/2026 13:51,7.08,76.15,-14.36,,,,,
2038,7/8/2026 14:06,7.1,75.94,-15.39,,,,,
2039,7/8/2026 14:21,7.14,75.85,-18.19,,,,,
2040,7/8/2026 14:36,7.16,75.81,-19.2,,,,,
2041,7/8/2026 14:51,7.2,76.03,-21.52,,,,,
2042,7/8/2026 15:06,7.26,76.59,-24.88,,,,,
2043,7/8/2026 15:21,7.34,76.95,-29.14,,,,,
2044,7/8/2026 15:36,7.44,77.11,-34.94,,,,,
2045,7/8/2026 15:51,7.51,77.04,-38.92,,,,,
2046,7/8/2026 16:06,7.57,76.68,-42.02,,,,,
2047,7/8/2026 16:21,7.62,76.28,-44.88,,,,,
2048,7/8/2026 16:36,7.68,76.03,-48.64,,,,,
2049,7/8/2026 16:51,7.72,76.12,-50.85,,,,,
2050,7/8/2026 17:06,7.76,76.15,-52.75,,,,,
2051,7/8/2026 17:21,7.78,76.03,-54.35,,,,,
2052,7/8/2026 17:36,7.79,75.85,-54.72,,,,,
2053,7/8/2026 17:51,7.81,75.6,-55.55,,,,,
2054,7/8/2026 18:06,7.81,75.29,-55.97,,,,,
2055,7/8/2026 18:21,7.81,74.95,-55.8,,,,,
2056,7/8/2026 18:36,7.8,74.73,-55.24,,,,,
2057,7/8/2026 18:51,7.79,74.59,-54.7,,,,,
2058,7/8/2026 19:06,7.72,74.52,-50.36,,,,,
2059,7/8/2026 19:21,7.7,74.82,-49.47,,,,,
2060,7/8/2026 19:36,7.76,75.11,-52.95,,,,,
2061,7/8/2026 19:51,7.76,75.6,-52.8,,,,,
2062,7/8/2026 20:06,7.71,76.03,-50.16,,,,,
2063,7/8/2026 20:21,7.65,76.21,-46.56,,,,,
2064,7/8/2026 20:36,7.59,76.33,-43.11,,,,,
2065,7/8/2026 20:51,7.53,76.42,-39.92,,,,,
2066,7/8/2026 21:06,7.48,76.51,-37,,,,,
2067,7/8/2026 21:21,7.42,76.64,-33.74,,,,,
2068,7/8/2026 21:36,7.35,76.73,-30.03,,,,,
2069,7/8/2026 21:51,7.29,76.77,-26.67,,,,,
2070,7/8/2026 22:06,7.22,76.77,-22.47,,,,,
2071,7/8/2026 22:21,7.16,76.73,-18.98,,,,,
2072,7/8/2026 22:36,7.12,76.64,-16.84,,,,,
2073,7/8/2026 22:51,7.05,76.51,-13.03,,,,,
2074,7/8/2026 23:06,7.05,76.46,-12.92,,,,,
2075,7/8/2026 23:21,7.04,76.42,-12.39,,,,,
2076,7/8/2026 23:36,7,76.33,-10.22,,,,,
2077,7/8/2026 23:51,6.97,76.21,-8.14,,,,,
2078,7/9/2026 0:06,6.93,76.03,-5.84,,,,,
2079,7/9/2026 0:21,6.89,75.85,-3.98,,,,,
2080,7/9/2026 0:36,6.87,75.72,-2.67,,,,,
2081,7/9/2026 0:51,6.86,75.6,-1.94,,,,,
2082,7/9/2026 1:06,6.85,75.51,-1.47,,,,,
2083,7/9/2026 1:21,6.84,75.38,-0.75,,,,,
2084,7/9/2026 1:36,6.85,75.25,-1.3,,,,,
2085,7/9/2026 1:51,6.85,75.29,-1.44,,,,,
2086,7/9/2026 2:06,6.86,75.42,-1.92,,,,,
2087,7/9/2026 2:21,6.86,75.42,-2.16,,,,,
2088,7/9/2026 2:36,6.9,75.16,-4.52,,,,,
2089,7/9/2026 2:51,6.92,75.16,-5.45,,,,,
2090,7/9/2026 3:06,6.96,75.25,-7.66,,,,,
2091,7/9/2026 3:21,6.98,75.11,-8.8,,,,,
2092,7/9/2026 3:36,7.01,75.25,-10.45,,,,,
2093,7/9/2026 3:51,7.04,75.11,-12.36,,,,,
2094,7/9/2026 4:06,7.09,75.16,-15.09,,,,,
2095,7/9/2026 4:21,7.2,75.07,-21.45,,,,,
2096,7/9/2026 4:36,7.29,74.86,-26.3,,,,,
2097,7/9/2026 4:51,7.36,74.64,-30.47,,,,,
2098,7/9/2026 5:06,7.4,74.46,-32.59,,,,,
2099,7/9/2026 5:21,7.45,74.25,-35.53,,,,,
2100,7/9/2026 5:36,7.5,73.94,-37.99,,,,,
2101,7/9/2026 5:51,7.53,73.65,-39.64,,,,,
2102,7/9/2026 6:06,7.55,73.35,-40.8,,,,,
2103,7/9/2026 6:21,7.55,73.13,-41.1,,,,,
2104,7/9/2026 6:36,7.56,73,-41.38,,,,,
2105,7/9/2026 6:51,7.56,72.91,-41.39,,,,,
2106,7/9/2026 7:06,7.52,72.82,-39.3,,,,,
2107,7/9/2026 7:21,7.48,72.82,-36.94,,,,,
2108,7/9/2026 7:36,7.47,72.86,-36.67,,,,,
2109,7/9/2026 7:51,7.51,73,-38.42,,,,,
2110,7/9/2026 8:06,7.48,73.38,-36.74,,,,,
2111,7/9/2026 8:21,7.45,73.72,-35.45,,,,,
2112,7/9/2026 8:36,7.43,73.72,-34.27,,,,,
2113,7/9/2026 8:51,7.43,73.81,-34.24,,,,,
2114,7/9/2026 9:06,7.41,73.99,-33.14,,,,,
2115,7/9/2026 9:21,7.38,74.21,-31.28,,,,,
2116,7/9/2026 9:36,7.34,74.43,-29.31,,,,,
2117,7/9/2026 9:51,7.28,74.95,-25.92,,,,,
2118,7/9/2026 10:06,7.26,75.25,-24.5,,,,,
2119,7/9/2026 10:21,7.22,75.38,-22.34,,,,,
2120,7/9/2026 10:36,7.22,75.69,-22.24,,,,,
2121,7/9/2026 10:51,7.21,75.78,-22.03,,,,,
2122,7/9/2026 11:06,7.2,76.12,-21.44,,,,,
2123,7/9/2026 11:21,7.2,76.73,-21.27,,,,,
2124,7/9/2026 11:36,7.17,77.11,-19.88,,,,,
2125,7/9/2026 11:51,7.15,77.47,-18.48,,,,,
2126,7/9/2026 12:06,7.12,77.72,-16.63,,,,,
2127,7/9/2026 12:21,7.09,78.21,-15.34,,,,,
2128,7/9/2026 12:36,7.07,78.78,-13.77,,,,,
2129,7/9/2026 12:51,7.09,79.43,-15.09,,,,,
2130,7/9/2026 13:06,7.09,80.4,-15.13,,,,,
2131,7/9/2026 13:21,7.1,81.28,-15.5,,,,,
2132,7/9/2026 13:36,7.09,81.64,-15.3,,,,,
2133,7/9/2026 13:51,7.07,81.82,-14.19,,,,,
2134,7/9/2026 14:06,7,79.88,-10.2,,,,,
2135,7/9/2026 14:21,7.02,79.61,-11.17,,,,,
2136,7/9/2026 14:36,7.07,80.28,-13.89,,,,,
2137,7/9/2026 14:51,7.1,80.49,-15.81,,,,,
2138,7/9/2026 15:06,7.12,79.97,-17.11,,,,,
2139,7/9/2026 15:21,7.17,79.7,-19.52,,,,,
2140,7/9/2026 15:36,7.19,79.7,-20.63,,,,,
2141,7/9/2026 15:51,7.26,79.97,-24.64,,,,,
2142,7/9/2026 16:06,7.33,79.83,-28.58,,,,,
2143,7/9/2026 16:21,7.44,79.61,-34.92,,,,,
2144,7/9/2026 16:36,7.53,79.3,-40.03,,,,,
2145,7/9/2026 16:51,7.59,79,-43.75,,,,,
2146,7/9/2026 17:06,7.66,78.51,-47.38,,,,,
2147,7/9/2026 17:21,7.71,78.26,-50.24,,,,,
2148,7/9/2026 17:36,7.73,78.26,-51.66,,,,,
2149,7/9/2026 17:51,7.76,78.17,-53.19,,,,,
2150,7/9/2026 18:06,7.78,77.95,-54.19,,,,,
2151,7/9/2026 18:21,7.8,77.65,-55.16,,,,,
2152,7/9/2026 18:36,7.8,77.29,-55.33,,,,,
2153,7/9/2026 18:51,7.81,76.95,-55.92,,,,,
2154,7/9/2026 19:06,7.81,76.73,-55.83,,,,,
2155,7/9/2026 19:21,7.82,76.21,-56.25,,,,,
2156,7/9/2026 19:36,7.82,75.85,-56.27,,,,,
2157,7/9/2026 19:51,7.81,75.63,-55.74,,,,,
2158,7/9/2026 20:06,7.75,75.51,-52.27,,,,,
2159,7/9/2026 20:21,7.72,75.78,-50.67,,,,,
2160,7/9/2026 20:36,7.77,76.42,-53.66,,,,,
2161,7/9/2026 20:51,7.77,77.04,-53.45,,,,,
2162,7/9/2026 21:06,7.7,77.56,-49.94,,,,,
2163,7/9/2026 21:21,7.64,77.86,-46.49,,,,,
2164,7/9/2026 21:36,7.57,78.17,-42.35,,,,,
2165,7/9/2026 21:51,7.5,78.3,-38.34,,,,,
2166,7/9/2026 22:06,7.41,78.48,-33.28,,,,,
2167,7/9/2026 22:21,7.33,78.64,-28.86,,,,,
2168,7/9/2026 22:36,7.25,78.82,-24.03,,,,,
2169,7/9/2026 22:51,7.17,78.94,-19.92,,,,,
2170,7/9/2026 23:06,7.12,79.03,-16.64,,,,,
2171,7/9/2026 23:21,7.07,79.12,-14.23,,,,,
2172,7/9/2026 23:36,7.03,79.12,-11.52,,,,,
2173,7/9/2026 23:51,7.01,79.03,-10.83,,,,,
2174,7/10/2026 0:06,6.97,79.03,-8.34,,,,,
2175,7/10/2026 0:21,6.94,79.09,-6.53,,,,,
2176,7/10/2026 0:36,6.92,79.03,-5.45,,,,,
2177,7/10/2026 0:51,6.89,79.03,-3.89,,,,,
2178,7/10/2026 1:06,6.86,79,-2.14,,,,,
2179,7/10/2026 1:21,6.84,78.91,-0.67,,,,,
2180,7/10/2026 1:36,6.83,78.87,-0.13,,,,,
2181,7/10/2026 1:51,6.81,78.82,0.55,,,,,
2182,7/10/2026 2:06,6.81,78.73,0.86,,,,,
2183,7/10/2026 2:21,6.81,78.64,0.92,,,,,
2184,7/10/2026 2:36,6.81,78.6,0.78,,,,,
2185,7/10/2026 2:51,6.81,78.48,0.72,,,,,
2186,7/10/2026 3:06,6.82,78.51,0.39,,,,,
2187,7/10/2026 3:21,6.81,78.57,0.56,,,,,
2188,7/10/2026 3:36,6.82,78.57,0.47,,,,,
2189,7/10/2026 3:51,6.85,78.42,-1.3,,,,,
2190,7/10/2026 4:06,6.85,78.33,-1.73,,,,,
2191,7/10/2026 4:21,6.88,78.26,-3.19,,,,,
2192,7/10/2026 4:36,6.9,78.12,-4.41,,,,,
2193,7/10/2026 4:51,6.93,78.08,-6.23,,,,,
2194,7/10/2026 5:06,6.97,77.95,-8.44,,,,,
2195,7/10/2026 5:21,7.09,77.72,-15.16,,,,,
2196,7/10/2026 5:36,7.19,77.5,-20.78,,,,,
2197,7/10/2026 5:51,7.25,77.34,-24.22,,,,,
2198,7/10/2026 6:06,7.31,77.16,-27.72,,,,,
2199,7/10/2026 6:21,7.37,76.95,-31.11,,,,,
2200,7/10/2026 6:36,7.43,76.68,-34.41,,,,,
2201,7/10/2026 6:51,7.46,76.42,-36.06,,,,,
2202,7/10/2026 7:06,7.49,76.12,-37.74,,,,,
2203,7/10/2026 7:21,7.5,75.9,-38.44,,,,,
2204,7/10/2026 7:36,7.5,75.85,-38.05,,,,,
2205,7/10/2026 7:51,7.49,75.78,-37.83,,,,,
2206,7/10/2026 8:06,7.44,75.78,-35.11,,,,,
2207,7/10/2026 8:21,7.42,75.78,-33.67,,,,,
2208,7/10/2026 8:36,7.42,75.81,-33.49,,,,,
2209,7/10/2026 8:51,7.43,75.94,-34.47,,,,,
2210,7/10/2026 9:06,7.42,76.77,-33.61,,,,,
2211,7/10/2026 9:21,7.4,77.04,-32.64,,,,,
2212,7/10/2026 9:36,7.38,77.04,-31.34,,,,,
2213,7/10/2026 9:51,7.36,77.34,-30.14,,,,,
2214,7/10/2026 10:06,7.37,76.95,-30.99,,,,,
2215,7/10/2026 10:21,7.3,77.9,-26.99,,,,,
2216,7/10/2026 10:36,7.26,78.21,-24.88,,,,,
2217,7/10/2026 10:51,7.24,77.99,-23.67,,,,,
2218,7/10/2026 11:06,7.19,78.39,-20.75,,,,,
2219,7/10/2026 11:21,7.17,78.64,-19.56,,,,,
2220,7/10/2026 11:36,7.16,78.51,-19.28,,,,,
2221,7/10/2026 11:51,7.15,78.94,-18.3,,,,,
2222,7/10/2026 12:06,7.12,79.27,-17.03,,,,,
2223,7/10/2026 12:21,7.12,79.57,-16.69,,,,,
2224,7/10/2026 12:36,7.11,79.74,-16.42,,,,,
2225,7/10/2026 12:51,7.06,80.19,-13.25,,,,,
2226,7/10/2026 13:06,7.1,80.67,-15.61,,,,,
2227,7/10/2026 13:21,7.06,81.07,-13.45,,,,,
2228,7/10/2026 13:36,7.07,81.43,-14.13,,,,,
2229,7/10/2026 13:51,7.05,81.77,-13,,,,,
2230,7/10/2026 14:06,7.04,82.35,-12.06,,,,,
2231,7/10/2026 14:21,7.03,82.04,-11.88,,,,,
2232,7/10/2026 14:36,7.04,82.44,-12.09,,,,,
2233,7/10/2026 14:51,6.99,82.26,-9.56,,,,,
2234,7/10/2026 15:06,7.02,82.17,-11.13,,,,,
2235,7/10/2026 15:21,7,82,-9.92,,,,,
2236,7/10/2026 15:36,7.05,82.09,-12.61,,,,,
2237,7/10/2026 15:51,7.05,82,-12.69,,,,,
2238,7/10/2026 16:06,7.1,81.64,-15.58,,,,,
2239,7/10/2026 16:21,7.12,81.64,-17.05,,,,,
2240,7/10/2026 16:36,7.16,81.68,-19.09,,,,,
2241,7/10/2026 16:51,7.2,81.68,-21.45,,,,,
2242,7/10/2026 17:06,7.29,81.37,-26.42,,,,,
2243,7/10/2026 17:21,7.38,81.07,-31.97,,,,,
2244,7/10/2026 17:36,7.46,80.67,-36.06,,,,,
2245,7/10/2026 17:51,7.51,80.31,-38.92,,,,,
2246,7/10/2026 18:06,7.56,80.01,-41.95,,,,,
2247,7/10/2026 18:21,7.62,79.74,-45.24,,,,,
2248,7/10/2026 18:36,7.67,79.61,-48.42,,,,,
2249,7/10/2026 18:51,7.71,79.48,-50.16,,,,,
2250,7/10/2026 19:06,7.72,79.21,-50.75,,,,,
2251,7/10/2026 19:21,7.74,78.82,-51.83,,,,,
2252,7/10/2026 19:36,7.75,78.3,-52.7,,,,,
2253,7/10/2026 19:51,7.77,77.72,-53.95,,,,,
2254,7/10/2026 20:06,7.78,77.25,-54.11,,,,,
2255,7/10/2026 20:21,7.8,76.64,-55.27,,,,,
2256,7/10/2026 20:36,7.8,76.03,-55.14,,,,,
2257,7/10/2026 20:51,7.81,75.51,-55.81,,,,,
2258,7/10/2026 21:06,7.76,75.2,-52.74,,,,,
2259,7/10/2026 21:21,7.67,75.25,-47.95,,,,,
2260,7/10/2026 21:36,7.74,76.24,-52.05,,,,,
2261,7/10/2026 21:51,7.72,76.95,-50.5,,,,,
2262,7/10/2026 22:06,7.65,77.5,-46.89,,,,,
2263,7/10/2026 22:21,7.56,78.03,-41.61,,,,,
2264,7/10/2026 22:36,7.45,78.42,-35.69,,,,,
2265,7/10/2026 22:51,7.35,78.73,-30.09,,,,,
2266,7/10/2026 23:06,7.24,78.94,-23.88,,,,,
2267,7/10/2026 23:21,7.1,78.94,-15.52,,,,,
2268,7/10/2026 23:36,7.03,79,-11.64,,,,,
2269,7/10/2026 23:51,6.99,79,-9.25,,,,,
2270,7/11/2026 0:06,6.95,78.94,-6.92,,,,,
2271,7/11/2026 0:21,6.92,78.94,-5.19,,,,,
2272,7/11/2026 0:36,6.88,78.87,-3.39,,,,,
2273,7/11/2026 0:51,6.86,78.69,-1.88,,,,,
2274,7/11/2026 1:06,6.84,78.51,-0.8,,,,,
2275,7/11/2026 1:21,6.83,78.39,-0.09,,,,,
2276,7/11/2026 1:36,6.81,78.33,0.61,,,,,
2277,7/11/2026 1:51,6.8,78.21,1.44,,,,,
2278,7/11/2026 2:06,6.78,78.12,2.39,,,,,
2279,7/11/2026 2:21,6.77,77.9,2.89,,,,,
2280,7/11/2026 2:36,6.77,77.65,3.28,,,,,
2281,7/11/2026 2:51,6.75,77.41,3.91,,,,,
2282,7/11/2026 3:06,6.76,77.34,3.77,,,,,
2283,7/11/2026 3:21,6.76,77.2,3.78,,,,,
2284,7/11/2026 3:36,6.75,77.07,4,,,,,
2285,7/11/2026 3:51,6.75,76.86,3.94,,,,,
2286,7/11/2026 4:06,6.76,76.82,3.45,,,,,
2287,7/11/2026 4:21,6.76,76.95,3.39,,,,,
2288,7/11/2026 4:36,6.76,76.89,3.5,,,,,
2289,7/11/2026 4:51,6.76,76.82,3.36,,,,,
2290,7/11/2026 5:06,6.78,76.89,2.38,,,,,
2291,7/11/2026 5:21,6.79,76.82,1.73,,,,,
2292,7/11/2026 5:36,6.81,76.82,0.77,,,,,
2293,7/11/2026 5:51,6.82,76.77,-0.02,,,,,
2294,7/11/2026 6:06,6.86,76.95,-2.23,,,,,
2295,7/11/2026 6:21,6.92,77.07,-5.48,,,,,
2296,7/11/2026 6:36,6.99,77.16,-9.22,,,,,
2297,7/11/2026 6:51,7.06,77.25,-13.5,,,,,
2298,7/11/2026 7:06,7.13,77.29,-17.17,,,,,
2299,7/11/2026 7:21,7.2,77.16,-21.11,,,,,
2300,7/11/2026 7:36,7.26,76.98,-24.7,,,,,
2301,7/11/2026 7:51,7.31,76.68,-27.34,,,,,
2302,7/11/2026 8:06,7.33,76.42,-28.78,,,,,
2303,7/11/2026 8:21,7.35,76.24,-29.69,,,,,
2304,7/11/2026 8:36,7.36,76.12,-30.61,,,,,
2305,7/11/2026 8:51,7.35,76.06,-29.63,,,,,
2306,7/11/2026 9:06,7.33,76.06,-28.66,,,,,
2307,7/11/2026 9:21,7.28,76.06,-25.63,,,,,
2308,7/11/2026 9:36,7.24,76.15,-23.8,,,,,
2309,7/11/2026 9:51,7.31,76.42,-27.31,,,,,
2310,7/11/2026 10:06,7.31,76.73,-27.55,,,,,
2311,7/11/2026 10:21,7.28,76.98,-25.95,,,,,
2312,7/11/2026 10:36,7.24,77.38,-23.74,,,,,
2313,7/11/2026 10:51,7.23,77.65,-22.92,,,,,
2314,7/11/2026 11:06,7.21,77.65,-21.75,,,,,
2315,7/11/2026 11:21,7.18,78.03,-20.02,,,,,
2316,7/11/2026 11:36,7.16,78.21,-18.95,,,,,
2317,7/11/2026 11:51,7.13,78.39,-17.66,,,,,
2318,7/11/2026 12:06,7.12,78.51,-16.59,,,,,
2319,7/11/2026 12:21,7.09,78.64,-15.14,,,,,
2320,7/11/2026 12:36,7.07,78.87,-13.8,,,,,
2321,7/11/2026 12:51,7.05,79.12,-12.8,,,,,
2322,7/11/2026 13:06,7.04,79.34,-12.14,,,,,
2323,7/11/2026 13:21,7.03,79.52,-11.75,,,,,
2324,7/11/2026 13:36,7.01,79.57,-10.72,,,,,
2325,7/11/2026 13:51,6.99,79.74,-9.59,,,,,
2326,7/11/2026 14:06,6.99,79.88,-9.22,,,,,
2327,7/11/2026 14:21,6.97,80.01,-8.39,,,,,
2328,7/11/2026 14:36,6.96,80.13,-7.86,,,,,
2329,7/11/2026 14:51,6.96,80.4,-7.53,,,,,
2330,7/11/2026 15:06,6.96,80.76,-7.45,,,,,
2331,7/11/2026 15:21,6.95,80.76,-7.39,,,,,
2332,7/11/2026 15:36,6.96,80.94,-7.77,,,,,
2333,7/11/2026 15:51,6.96,81.19,-7.8,,,,,
2334,7/11/2026 16:06,6.95,80.94,-7.38,,,,,
2335,7/11/2026 16:21,6.95,80.89,-7.3,,,,,
2336,7/11/2026 16:36,6.98,81.01,-8.73,,,,,
2337,7/11/2026 16:51,7,80.98,-9.92,,,,,
2338,7/11/2026 17:06,7.02,80.89,-11.27,,,,,
2339,7/11/2026 17:21,7.06,80.8,-13.3,,,,,
2340,7/11/2026 17:36,7.08,80.76,-14.69,,,,,
2341,7/11/2026 17:51,7.14,80.8,-17.97,,,,,
2342,7/11/2026 18:06,7.2,80.62,-21.14,,,,,
2343,7/11/2026 18:21,7.3,80.37,-27,,,,,
2344,7/11/2026 18:36,7.34,80.06,-29.27,,,,,
2345,7/11/2026 18:51,7.4,79.66,-32.83,,,,,
2346,7/11/2026 19:06,7.46,79.39,-35.97,,,,,
2347,7/11/2026 19:21,7.53,79.21,-40,,,,,
2348,7/11/2026 19:36,7.57,79.03,-42.33,,,,,
2349,7/11/2026 19:51,7.6,78.78,-44.35,,,,,
2350,7/11/2026 20:06,7.63,78.42,-45.78,,,,,
2351,7/11/2026 20:21,7.65,78.03,-46.99,,,,,
2352,7/11/2026 20:36,7.67,77.59,-48.08,,,,,
2353,7/11/2026 20:51,7.69,77.16,-49.35,,,,,
2354,7/11/2026 21:06,7.72,76.55,-50.69,,,,,
2355,7/11/2026 21:21,7.76,75.72,-53.06,,,,,
2356,7/11/2026 21:36,7.8,74.89,-54.97,,,,,
2357,7/11/2026 21:51,7.81,74.37,-55.8,,,,,
2358,7/11/2026 22:06,7.78,74.21,-53.78,,,,,
2359,7/11/2026 22:21,7.65,74.21,-46.66,,,,,
2360,7/11/2026 22:36,7.74,74.86,-51.49,,,,,
2361,7/11/2026 22:51,7.7,75.6,-49.44,,,,,
2362,7/11/2026 23:06,7.61,76.21,-44.31,,,,,
2363,7/11/2026 23:21,7.5,76.68,-38.52,,,,,
2364,7/11/2026 23:36,7.41,76.98,-33.27,,,,,
2365,7/11/2026 23:51,7.3,77.2,-27.06,,,,,
2366,7/12/2026 0:06,7.19,77.29,-20.94,,,,,
2367,7/12/2026 0:21,7.13,77.29,-17.31,,,,,
2368,7/12/2026 0:36,7,77.04,-9.91,,,,,
2369,7/12/2026 0:51,6.98,77.07,-8.75,,,,,
2370,7/12/2026 1:06,6.94,76.98,-6.66,,,,,
2371,7/12/2026 1:21,6.91,76.86,-5.08,,,,,
2372,7/12/2026 1:36,6.89,76.77,-3.94,,,,,
2373,7/12/2026 1:51,6.86,76.59,-2.33,,,,,
2374,7/12/2026 2:06,6.84,76.46,-0.77,,,,,
2375,7/12/2026 2:21,6.83,76.33,-0.28,,,,,
2376,7/12/2026 2:36,6.81,76.15,0.67,,,,,
2377,7/12/2026 2:51,6.81,75.99,0.98,,,,,
2378,7/12/2026 3:06,6.79,75.72,1.92,,,,,
2379,7/12/2026 3:21,6.78,75.47,2.5,,,,,
2380,7/12/2026 3:36,6.78,75.07,2.61,,,,,
2381,7/12/2026 3:51,6.77,74.86,2.8,,,,,
2382,7/12/2026 4:06,6.77,74.68,2.94,,,,,
2383,7/12/2026 4:21,6.77,74.52,3.11,,,,,
2384,7/12/2026 4:36,6.76,74.34,3.27,,,,,
2385,7/12/2026 4:51,6.76,74.25,3.52,,,,,
2386,7/12/2026 5:06,6.76,74.08,3.38,,,,,
2387,7/12/2026 5:21,6.76,73.94,3.25,,,,,
2388,7/12/2026 5:36,6.78,73.99,2.64,,,,,
2389,7/12/2026 5:51,6.77,73.94,2.8,,,,,
2390,7/12/2026 6:06,6.78,73.9,2.17,,,,,
2391,7/12/2026 6:21,6.79,74.16,1.66,,,,,
2392,7/12/2026 6:36,6.81,74.25,0.89,,,,,
2393,7/12/2026 6:51,6.82,74.34,0.2,,,,,
2394,7/12/2026 7:06,6.84,74.55,-1.08,,,,,
2395,7/12/2026 7:21,6.89,74.95,-3.66,,,,,
2396,7/12/2026 7:36,6.94,75.47,-6.88,,,,,
2397,7/12/2026 7:51,7,75.78,-9.77,,,,,
2398,7/12/2026 8:06,7.04,75.99,-12.47,,,,,
2399,7/12/2026 8:21,7.11,76.06,-16.28,,,,,
2400,7/12/2026 8:36,7.18,76.03,-20.17,,,,,
2401,7/12/2026 8:51,7.23,75.85,-22.92,,,,,
2402,7/12/2026 9:06,7.27,75.69,-25.34,,,,,
2403,7/12/2026 9:21,7.29,75.54,-26.66,,,,,
2404,7/12/2026 9:36,7.31,75.51,-27.58,,,,,
2405,7/12/2026 9:51,7.31,75.51,-27.27,,,,,
2406,7/12/2026 10:06,7.27,75.51,-25.52,,,,,
2407,7/12/2026 10:21,7.24,75.54,-23.59,,,,,
2408,7/12/2026 10:36,7.18,75.54,-20.14,,,,,
2409,7/12/2026 10:51,7.26,75.78,-24.49,,,,,
2410,7/12/2026 11:06,7.27,76.33,-25.13,,,,,
2411,7/12/2026 11:21,7.23,76.37,-22.86,,,,,
2412,7/12/2026 11:36,7.24,76.73,-23.42,,,,,
2413,7/12/2026 11:51,7.22,77.04,-22.52,,,,,
2414,7/12/2026 12:06,7.2,77.2,-21.33,,,,,
2415,7/12/2026 12:21,7.18,77.34,-20.08,,,,,
2416,7/12/2026 12:36,7.17,77.56,-19.77,,,,,
2417,7/12/2026 12:51,7.15,77.68,-18.41,,,,,
2418,7/12/2026 13:06,7.14,77.77,-17.69,,,,,
2419,7/12/2026 13:21,7.12,77.86,-16.53,,,,,
2420,7/12/2026 13:36,7.09,78.12,-15.27,,,,,
2421,7/12/2026 13:51,7.06,78.51,-13.55,,,,,
2422,7/12/2026 14:06,7.06,78.73,-13.67,,,,,
2423,7/12/2026 14:21,7.06,78.69,-13.66,,,,,
2424,7/12/2026 14:36,7.05,78.69,-12.58,,,,,
2425,7/12/2026 14:51,7.03,78.73,-11.84,,,,,
2426,7/12/2026 15:06,7.01,78.78,-10.83,,,,,
2427,7/12/2026 15:21,7,78.82,-10.2,,,,,
2428,7/12/2026 15:36,6.99,78.87,-9.41,,,,,
2429,7/12/2026 15:51,6.98,79,-8.72,,,,,
2430,7/12/2026 16:06,6.97,79.18,-8.36,,,,,
2431,7/12/2026 16:21,6.98,79.18,-8.67,,,,,
2432,7/12/2026 16:36,6.97,79.27,-8.3,,,,,
2433,7/12/2026 16:51,6.96,79.34,-7.64,,,,,
2434,7/12/2026 17:06,6.96,79.34,-7.63,,,,,
2435,7/12/2026 17:21,6.94,79.3,-6.39,,,,,
2436,7/12/2026 17:36,6.94,79.3,-6.53,,,,,
2437,7/12/2026 17:51,6.97,79.3,-8.45,,,,,
2438,7/12/2026 18:06,6.99,79.27,-9.2,,,,,
2439,7/12/2026 18:21,7,79.21,-10.05,,,,,
2440,7/12/2026 18:36,7.03,79.18,-11.88,,,,,
2441,7/12/2026 18:51,7.08,79.12,-14.33,,,,,
2442,7/12/2026 19:06,7.13,78.94,-17.59,,,,,
2443,7/12/2026 19:21,7.18,78.73,-20.31,,,,,
2444,7/12/2026 19:36,7.24,78.51,-23.52,,,,,
2445,7/12/2026 19:51,7.28,78.26,-26.06,,,,,
2446,7/12/2026 20:06,7.35,77.99,-30.06,,,,,
2447,7/12/2026 20:21,7.43,77.86,-34.59,,,,,
2448,7/12/2026 20:36,7.48,77.72,-37.19,,,,,
2449,7/12/2026 20:51,7.5,77.5,-38.38,,,,,
2450,7/12/2026 21:06,7.53,77.25,-40.06,,,,,
2451,7/12/2026 21:21,7.56,76.98,-42,,,,,
2452,7/12/2026 21:36,7.59,76.73,-43.52,,,,,
2453,7/12/2026 21:51,7.63,76.37,-45.77,,,,,
2454,7/12/2026 22:06,7.69,75.63,-49.17,,,,,
2455,7/12/2026 22:21,7.74,74.89,-52.02,,,,,
2456,7/12/2026 22:36,7.79,74.16,-54.78,,,,,
2457,7/12/2026 22:51,7.81,73.78,-55.64,,,,,
2458,7/12/2026 23:06,7.8,73.56,-55.14,,,,,
2459,7/12/2026 23:21,7.69,73.47,-48.64,,,,,
2460,7/12/2026 23:36,7.71,73.99,-50.16,,,,,
2461,7/12/2026 23:51,7.72,74.34,-50.49,,,,,
2462,7/13/2026 0:06,7.63,74.86,-45.77,,,,,
2463,7/13/2026 0:21,7.52,75.25,-39.39,,,,,
2464,7/13/2026 0:36,7.4,75.54,-32.72,,,,,
2465,7/13/2026 0:51,7.3,75.69,-26.78,,,,,
2466,7/13/2026 1:06,7.19,75.69,-20.64,,,,,
2467,7/13/2026 1:21,7.1,75.63,-15.66,,,,,
2468,7/13/2026 1:36,7.03,75.42,-11.77,,,,,
2469,7/13/2026 1:51,6.99,75.33,-9.53,,,,,
2470,7/13/2026 2:06,6.96,75.16,-7.64,,,,,
2471,7/13/2026 2:21,6.94,75.07,-6.39,,,,,
2472,7/13/2026 2:36,6.92,74.98,-5.42,,,,,
2473,7/13/2026 2:51,6.89,74.82,-3.84,,,,,
2474,7/13/2026 3:06,6.86,74.59,-2.08,,,,,
2475,7/13/2026 3:21,6.85,74.55,-1.33,,,,,
2476,7/13/2026 3:36,6.84,74.43,-0.78,,,,,
2477,7/13/2026 3:51,6.82,74.3,0.13,,,,,
2478,7/13/2026 4:06,6.81,74.12,0.98,,,,,
2479,7/13/2026 4:21,6.8,73.81,1.47,,,,,
2480,7/13/2026 4:36,6.8,73.6,1.33,,,,,
2481,7/13/2026 4:51,6.79,73.29,2.05,,,,,
2482,7/13/2026 5:06,6.79,73.17,1.72,,,,,
2483,7/13/2026 5:21,6.78,73.04,2.39,,,,,
2484,7/13/2026 5:36,6.78,72.95,2.23,,,,,
2485,7/13/2026 5:51,6.78,72.91,2.5,,,,,
2486,7/13/2026 6:06,6.78,72.79,2.36,,,,,
2487,7/13/2026 6:21,6.8,72.57,1.38,,,,,
2488,7/13/2026 6:36,6.82,72.57,0.22,,,,,
2489,7/13/2026 6:51,6.81,72.61,0.67,,,,,
2490,7/13/2026 7:06,6.81,72.48,0.88,,,,,
2491,7/13/2026 7:21,6.82,72.52,0.05,,,,,
2492,7/13/2026 7:36,6.83,72.82,-0.47,,,,,
2493,7/13/2026 7:51,6.85,73.08,-1.28,,,,,
2494,7/13/2026 8:06,6.86,73.29,-1.89,,,,,
2495,7/13/2026 8:21,6.89,73.72,-3.64,,,,,
2496,7/13/2026 8:36,6.94,74.37,-6.78,,,,,
2497,7/13/2026 8:51,6.99,74.77,-9.67,,,,,
2498,7/13/2026 9:06,7.04,75.07,-12.06,,,,,
2499,7/13/2026 9:21,7.1,75.29,-15.75,,,,,
2500,7/13/2026 9:36,7.16,75.25,-19.28,,,,,
2501,7/13/2026 9:51,7.21,75.2,-22,,,,,
2502,7/13/2026 10:06,7.25,75.16,-23.92,,,,,
2503,7/13/2026 10:21,7.27,75.16,-25.24,,,,,
2504,7/13/2026 10:36,7.3,75.2,-26.8,,,,,
2505,7/13/2026 10:51,7.31,75.16,-27.22,,,,,
2506,7/13/2026 11:06,7.3,75.16,-26.92,,,,,
2507,7/13/2026 11:21,7.23,75.16,-22.84,,,,,
2508,7/13/2026 11:36,7.17,75.11,-19.44,,,,,
2509,7/13/2026 11:51,7.13,75.25,-17.59,,,,,
2510,7/13/2026 12:06,7.26,76.15,-24.84,,,,,
2511,7/13/2026 12:21,7.24,76.51,-23.55,,,,,
2512,7/13/2026 12:36,7.22,76.68,-22.44,,,,,
2513,7/13/2026 12:51,7.2,76.89,-21.25,,,,,
2514,7/13/2026 13:06,7.18,77.07,-20.27,,,,,
2515,7/13/2026 13:21,7.17,77.2,-19.39,,,,,
2516,7/13/2026 13:36,7.16,77.41,-18.83,,,,,
2517,7/13/2026 13:51,7.13,77.34,-17.14,,,,,
2518,7/13/2026 14:06,7.13,77.34,-17.25,,,,,
2519,7/13/2026 14:21,7.11,77.56,-16.48,,,,,
2520,7/13/2026 14:36,7.1,77.77,-15.41,,,,,
2521,7/13/2026 14:51,7.08,78.08,-14.61,,,,,
2522,7/13/2026 15:06,7.05,78.39,-12.88,,,,,
2523,7/13/2026 15:21,7.05,78.33,-13.02,,,,,
2524,7/13/2026 15:36,7.04,78.3,-12.02,,,,,
2525,7/13/2026 15:51,7.04,78.3,-12.13,,,,,
2526,7/13/2026 16:06,7.01,78.39,-10.44,,,,,
2527,7/13/2026 16:21,6.99,78.48,-9.53,,,,,
2528,7/13/2026 16:36,6.99,78.57,-9.33,,,,,
2529,7/13/2026 16:51,6.98,78.64,-8.7,,,,,
2530,7/13/2026 17:06,6.96,78.73,-8,,,,,
2531,7/13/2026 17:21,6.94,78.78,-6.5,,,,,
2532,7/13/2026 17:36,6.97,78.87,-8.36,,,,,
2533,7/13/2026 17:51,6.96,78.94,-7.97,,,,,
2534,7/13/2026 18:06,7,79.03,-10.17,,,,,
2535,7/13/2026 18:21,6.96,78.87,-7.64,,,,,
2536,7/13/2026 18:36,6.93,78.78,-6.05,,,,,
2537,7/13/2026 18:51,6.96,78.82,-7.88,,,,,
2538,7/13/2026 19:06,6.97,78.69,-8.33,,,,,
2539,7/13/2026 19:21,7,78.6,-10.22,,,,,
2540,7/13/2026 19:36,7.03,78.51,-11.47,,,,,
2541,7/13/2026 19:51,7.07,78.48,-13.7,,,,,
2542,7/13/2026 20:06,7.11,78.21,-16.36,,,,,
2543,7/13/2026 20:21,7.16,77.95,-19.13,,,,,
2544,7/13/2026 20:36,7.21,77.72,-21.77,,,,,
2545,7/13/2026 20:51,7.26,77.47,-24.7,,,,,
2546,7/13/2026 21:06,7.34,77.25,-28.99,,,,,
2547,7/13/2026 21:21,7.42,77.16,-33.74,,,,,
2548,7/13/2026 21:36,7.45,76.98,-35.77,,,,,
2549,7/13/2026 21:51,7.49,76.82,-37.66,,,,,
2550,7/13/2026 22:06,7.52,76.64,-39.53,,,,,
2551,7/13/2026 22:21,7.57,76.37,-42.17,,,,,
2552,7/13/2026 22:36,7.6,76.06,-44.16,,,,,
2553,7/13/2026 22:51,7.66,75.47,-47.25,,,,,
2554,7/13/2026 23:06,7.73,74.55,-51.38,,,,,
2555,7/13/2026 23:21,7.79,73.72,-54.63,,,,,
2556,7/13/2026 23:36,7.83,73,-56.89,,,,,
2557,7/13/2026 23:51,7.85,72.45,-57.91,,,,,
2558,7/14/2026 0:06,7.85,72.01,-57.77,,,,,
2559,7/14/2026 0:21,7.77,71.74,-53.36,,,,,
2560,7/14/2026 0:36,7.77,72.3,-53.36,,,,,
2561,7/14/2026 0:51,7.78,72.91,-53.92,,,,,
2562,7/14/2026 1:06,7.71,73.51,-49.78,,,,,
2563,7/14/2026 1:21,7.61,73.99,-44.55,,,,,
2564,7/14/2026 1:36,7.5,74.46,-38.02,,,,,
2565,7/14/2026 1:51,7.36,74.77,-30.33,,,,,
2566,7/14/2026 2:06,7.26,74.89,-24.72,,,,,
2567,7/14/2026 2:21,7.17,75.04,-19.33,,,,,
2568,7/14/2026 2:36,7.11,75.04,-16.14,,,,,
2569,7/14/2026 2:51,7.02,74.95,-11.33,,,,,
2570,7/14/2026 3:06,7,74.89,-9.77,,,,,
2571,7/14/2026 3:21,6.97,74.82,-8.28,,,,,
2572,7/14/2026 3:36,6.95,74.73,-7.17,,,,,
2573,7/14/2026 3:51,6.93,74.64,-5.98,,,,,
2574,7/14/2026 4:06,6.9,74.52,-4.58,,,,,
2575,7/14/2026 4:21,6.89,74.43,-3.58,,,,,
2576,7/14/2026 4:36,6.88,74.34,-3.25,,,,,
2577,7/14/2026 4:51,6.87,74.16,-2.77,,,,,
2578,7/14/2026 5:06,6.87,74.03,-2.52,,,,,
2579,7/14/2026 5:21,6.85,73.9,-1.78,,,,,
2580,7/14/2026 5:36,6.85,73.78,-1.31,,,,,
2581,7/14/2026 5:51,6.84,73.6,-1.11,,,,,
2582,7/14/2026 6:06,6.84,73.44,-0.78,,,,,
2583,7/14/2026 6:21,6.82,73.44,0.36,,,,,
2584,7/14/2026 6:36,6.82,73.38,0.28,,,,,
2585,7/14/2026 6:51,6.82,73.44,-0.05,,,,,
2586,7/14/2026 7:06,6.82,73.44,0.19,,,,,
2587,7/14/2026 7:21,6.84,73.6,-0.75,,,,,
2588,7/14/2026 7:36,6.88,73.9,-3.34,,,,,
2589,7/14/2026 7:51,6.84,73.72,-1.08,,,,,
2590,7/14/2026 8:06,6.82,73.47,-0.09,,,,,
2591,7/14/2026 8:21,6.84,73.51,-0.94,,,,,
2592,7/14/2026 8:36,6.87,73.69,-2.42,,,,,
2593,7/14/2026 8:51,6.89,73.9,-4.06,,,,,
2594,7/14/2026 9:06,6.91,74.03,-4.73,,,,,
2595,7/14/2026 9:21,6.95,74.37,-7.03,,,,,
2596,7/14/2026 9:36,7,74.82,-9.97,,,,,
2597,7/14/2026 9:51,7.05,75.07,-12.56,,,,,
2598,7/14/2026 10:06,7.09,75.25,-14.83,,,,,
2599,7/14/2026 10:21,7.15,75.29,-18.36,,,,,
2600,7/14/2026 10:36,7.21,75.29,-21.86,,,,,
2601,7/14/2026 10:51,7.27,75.25,-25.06,,,,,
2602,7/14/2026 11:06,7.3,75.25,-26.88,,,,,
2603,7/14/2026 11:21,7.33,75.2,-28.36,,,,,
2604,7/14/2026 11:36,7.36,75.04,-30.25,,,,,
2605,7/14/2026 11:51,7.38,74.86,-31.69,,,,,
2606,7/14/2026 12:06,7.38,74.68,-31.56,,,,,
2607,7/14/2026 12:21,7.32,74.59,-28.03,,,,,
2608,7/14/2026 12:36,7.24,74.59,-23.38,,,,,
2609,7/14/2026 12:51,7.27,75.16,-25.14,,,,,
2610,7/14/2026 13:06,7.31,75.51,-27.41,,,,,
2611,7/14/2026 13:21,7.27,75.63,-25.27,,,,,
2612,7/14/2026 13:36,7.23,75.69,-22.92,,,,,
2613,7/14/2026 13:51,7.22,75.72,-22.2,,,,,
2614,7/14/2026 14:06,7.21,75.85,-22.06,,,,,
2615,7/14/2026 14:21,7.19,76.06,-20.83,,,,,
2616,7/14/2026 14:36,7.17,76.24,-19.64,,,,,
2617,7/14/2026 14:51,7.14,76.42,-17.94,,,,,
2618,7/14/2026 15:06,7.11,76.55,-16.22,,,,,
2619,7/14/2026 15:21,7.09,76.64,-15.23,,,,,
2620,7/14/2026 15:36,7.08,76.77,-14.34,,,,,
2621,7/14/2026 15:51,7.05,76.95,-12.66,,,,,
2622,7/14/2026 16:06,7.04,77.16,-12.17,,,,,
2623,7/14/2026 16:21,7.04,77.11,-12.14,,,,,
2624,7/14/2026 16:36,7.02,77.11,-10.92,,,,,
2625,7/14/2026 16:51,6.99,77.16,-9.64,,,,,
2626,7/14/2026 17:06,6.97,77.16,-8.13,,,,,
2627,7/14/2026 17:21,6.95,77.2,-7.09,,,,,
2628,7/14/2026 17:36,6.92,77.2,-5.73,,,,,
2629,7/14/2026 17:51,6.92,77.25,-5.72,,,,,
2630,7/14/2026 18:06,6.92,77.25,-5.58,,,,,
2631,7/14/2026 18:21,6.93,77.29,-6.09,,,,,
2632,7/14/2026 18:36,6.93,77.34,-5.89,,,,,
2633,7/14/2026 18:51,6.91,77.34,-4.73,,,,,
2634,7/14/2026 19:06,6.91,77.38,-5.17,,,,,
2635,7/14/2026 19:21,6.91,77.34,-5.14,,,,,
2636,7/14/2026 19:36,6.9,77.34,-4.25,,,,,
2637,7/14/2026 19:51,6.91,77.29,-4.77,,,,,
2638,7/14/2026 20:06,6.94,77.2,-6.41,,,,,
2639,7/14/2026 20:21,6.96,77.11,-7.5,,,,,
2640,7/14/2026 20:36,6.98,77.07,-8.75,,,,,
2641,7/14/2026 20:51,7.02,76.98,-10.92,,,,,
2642,7/14/2026 21:06,7.06,76.89,-13.47,,,,,
2643,7/14/2026 21:21,7.1,76.73,-15.7,,,,,
2644,7/14/2026 21:36,7.15,76.51,-18.73,,,,,
2645,7/14/2026 21:51,7.21,76.28,-21.99,,,,,
2646,7/14/2026 22:06,7.29,76.06,-26.17,,,,,
2647,7/14/2026 22:21,7.36,75.81,-30.17,,,,,
2648,7/14/2026 22:36,7.4,75.54,-32.78,,,,,
2649,7/14/2026 22:51,7.44,75.29,-34.86,,,,,
2650,7/14/2026 23:06,7.48,74.89,-37.13,,,,,
2651,7/14/2026 23:21,7.53,74.37,-39.99,,,,,
2652,7/14/2026 23:36,7.59,73.72,-43.02,,,,,
2653,7/14/2026 23:51,7.67,72.52,-47.47,,,,,
2654,7/15/2026 0:06,7.74,71.02,-51.36,,,,,
2655,7/15/2026 0:21,7.8,69.64,-54.42,,,,,
2656,7/15/2026 0:36,7.83,68.36,-56.28,,,,,
2657,7/15/2026 0:51,7.85,67.5,-57.35,,,,,
2658,7/15/2026 1:06,7.86,66.87,-57.63,,,,,
2659,7/15/2026 1:21,7.84,66.47,-56.85,,,,,
2660,7/15/2026 1:36,7.8,67.15,-54.7,,,,,
2661,7/15/2026 1:51,7.79,68.36,-53.91,,,,,
2662,7/15/2026 2:06,7.72,69.51,-50.28,,,,,
2663,7/15/2026 2:21,7.65,70.47,-46.53,,,,,
2664,7/15/2026 2:36,7.53,71.8,-39.84,,,,,
2665,7/15/2026 2:51,7.41,72.73,-33.02,,,,,
2666,7/15/2026 3:06,7.3,73.51,-26.8,,,,,
2667,7/15/2026 3:21,7.21,74.08,-21.67,,,,,
2668,7/15/2026 3:36,7.14,74.52,-17.73,,,,,
2669,7/15/2026 3:51,7.05,74.82,-12.97,,,,,
2670,7/15/2026 4:06,7.01,74.98,-10.77,,,,,
2671,7/15/2026 4:21,6.99,75.07,-9.17,,,,,
2672,7/15/2026 4:36,6.96,75.11,-7.92,,,,,
2673,7/15/2026 4:51,6.94,75.16,-6.84,,,,,
2674,7/15/2026 5:06,6.92,75.11,-5.55,,,,,
2675,7/15/2026 5:21,6.9,75.07,-4.39,,,,,
2676,7/15/2026 5:36,6.9,75.11,-4.45,,,,,
2677,7/15/2026 5:51,6.89,75.07,-4,,,,,
2678,7/15/2026 6:06,6.88,75.07,-3,,,,,
2679,7/15/2026 6:21,6.87,75.07,-2.63,,,,,
2680,7/15/2026 6:36,6.86,75.04,-1.86,,,,,
2681,7/15/2026 6:51,6.86,75.07,-2,,,,,
2682,7/15/2026 7:06,6.86,75.07,-1.95,,,,,
2683,7/15/2026 7:21,6.86,75.11,-1.88,,,,,
2684,7/15/2026 7:36,6.85,75.16,-1.55,,,,,
2685,7/15/2026 7:51,6.84,75.2,-1,,,,,
2686,7/15/2026 8:06,6.84,75.2,-1.03,,,,,
2687,7/15/2026 8:21,6.85,75.2,-1.67,,,,,
2688,7/15/2026 8:36,6.9,75.25,-4.56,,,,,
2689,7/15/2026 8:51,6.87,75.29,-2.88,,,,,
2690,7/15/2026 9:06,6.85,75.25,-1.61,,,,,
2691,7/15/2026 9:21,6.86,75.29,-2.33,,,,,
2692,7/15/2026 9:36,6.87,75.29,-2.67,,,,,
2693,7/15/2026 9:51,6.89,75.29,-3.61,,,,,
2694,7/15/2026 10:06,6.9,75.29,-4.52,,,,,
2695,7/15/2026 10:21,6.95,75.29,-7.11,,,,,
2696,7/15/2026 10:36,6.99,75.29,-9.66,,,,,
2697,7/15/2026 10:51,7.03,75.29,-11.83,,,,,
2698,7/15/2026 11:06,7.07,75.2,-14.16,,,,,
2699,7/15/2026 11:21,7.13,74.95,-17.59,,,,,
2700,7/15/2026 11:36,7.19,74.59,-20.75,,,,,
2701,7/15/2026 11:51,7.24,74.37,-23.36,,,,,
2702,7/15/2026 12:06,7.27,74.16,-25.31,,,,,
2703,7/15/2026 12:21,7.3,73.87,-26.94,,,,,
2704,7/15/2026 12:36,7.35,73.38,-29.77,,,,,
2705,7/15/2026 12:51,7.38,73.04,-31.16,,,,,
2706,7/15/2026 13:06,7.39,72.73,-31.8,,,,,
2707,7/15/2026 13:21,7.4,72.45,-32.63,,,,,
2708,7/15/2026 13:36,7.36,72.27,-30.42,,,,,
2709,7/15/2026 13:51,7.31,72.3,-27.44,,,,,
2710,7/15/2026 14:06,7.34,73.65,-29.24,,,,,
2711,7/15/2026 14:21,7.3,74.08,-27.16,,,,,
2712,7/15/2026 14:36,7.26,74.46,-24.41,,,,,
2713,7/15/2026 14:51,7.22,74.68,-22.31,,,,,
2714,7/15/2026 15:06,7.18,74.89,-20.34,,,,,
2715,7/15/2026 15:21,7.15,75.07,-18.44,,,,,
2716,7/15/2026 15:36,7.12,75.29,-16.95,,,,,
2717,7/15/2026 15:51,7.1,75.47,-15.8,,,,,
2718,7/15/2026 16:06,7.07,75.63,-14.06,,,,,
2719,7/15/2026 16:21,7.04,75.72,-12.5,,,,,
2720,7/15/2026 16:36,7.02,75.78,-11.31,,,,,
2721,7/15/2026 16:51,7,75.78,-10.23,,,,,
2722,7/15/2026 17:06,6.98,75.78,-9.06,,,,,
2723,7/15/2026 17:21,6.98,75.72,-8.59,,,,,
2724,7/15/2026 17:36,6.96,75.69,-7.89,,,,,
2725,7/15/2026 17:51,6.98,75.63,-8.69,,,,,
2726,7/15/2026 18:06,6.96,75.69,-7.7,,,,,
2727,7/15/2026 18:21,6.95,75.69,-7.05,,,,,
2728,7/15/2026 18:36,6.94,75.69,-6.47,,,,,
2729,7/15/2026 18:51,6.93,75.63,-6.22,,,,,
2730,7/15/2026 19:06,6.92,75.54,-5.7,,,,,
2731,7/15/2026 19:21,6.92,75.47,-5.27,,,,,
2732,7/15/2026 19:36,6.89,75.38,-3.95,,,,,
2733,7/15/2026 19:51,6.89,75.25,-4,,,,,
2734,7/15/2026 20:06,6.89,75.07,-4.05,,,,,
2735,7/15/2026 20:21,6.91,75.16,-5.14,,,,,
2736,7/15/2026 20:36,6.91,75.2,-4.69,,,,,
2737,7/15/2026 20:51,6.93,74.95,-6.05,,,,,
2738,7/15/2026 21:06,6.94,74.89,-6.83,,,,,
2739,7/15/2026 21:21,6.97,74.77,-8.14,,,,,
2740,7/15/2026 21:36,6.99,74.64,-9.16,,,,,
2741,7/15/2026 21:51,7.02,74.52,-10.98,,,,,
2742,7/15/2026 22:06,7.05,74.37,-12.67,,,,,
2743,7/15/2026 22:21,7.09,74.21,-15.23,,,,,
2744,7/15/2026 22:36,7.14,73.99,-18.11,,,,,
2745,7/15/2026 22:51,7.2,73.65,-21.45,,,,,
2746,7/15/2026 23:06,7.28,73.04,-25.69,,,,,
2747,7/15/2026 23:21,7.33,72.45,-28.52,,,,,
2748,7/15/2026 23:36,7.37,72.05,-30.64,,,,,
2749,7/15/2026 23:51,7.4,71.65,-32.64,,,,,
2750,7/16/2026 0:06,7.45,71.15,-34.99,,,,,
2751,7/16/2026 0:21,7.5,70.5,-37.88,,,,,
2752,7/16/2026 0:36,7.57,69.42,-42.02,,,,,
2753,7/16/2026 0:51,7.65,68.14,-46.24,,,,,
2754,7/16/2026 1:06,7.73,66.72,-50.35,,,,,
2755,7/16/2026 1:21,7.78,65.62,-53.3,,,,,
2756,7/16/2026 1:36,7.83,64.67,-55.78,,,,,
2757,7/16/2026 1:51,7.84,64.29,-56.67,,,,,
2758,7/16/2026 2:06,7.86,63.9,-57.36,,,,,
2759,7/16/2026 2:21,7.83,63.86,-55.67,,,,,
2760,7/16/2026 2:36,7.81,64.54,-54.85,,,,,
2761,7/16/2026 2:51,7.75,65.28,-51.74,,,,,
2762,7/16/2026 3:06,7.67,66.22,-47.35,,,,,
2763,7/16/2026 3:21,7.59,66.99,-42.72,,,,,
2764,7/16/2026 3:36,7.46,68.02,-35.64,,,,,
2765,7/16/2026 3:51,7.36,68.79,-30.3,,,,,
2766,7/16/2026 4:06,7.27,69.35,-25.06,,,,,
2767,7/16/2026 4:21,7.19,69.76,-20.59,,,,,
2768,7/16/2026 4:36,7.12,70.03,-16.75,,,,,
2769,7/16/2026 4:51,7.07,70.16,-14.02,,,,,
2770,7/16/2026 5:06,7.04,70.2,-12.33,,,,,
2771,7/16/2026 5:21,7.02,70.25,-10.91,,,,,
2772,7/16/2026 5:36,7,70.25,-9.92,,,,,
2773,7/16/2026 5:51,6.98,70.16,-9.03,,,,,
2774,7/16/2026 6:06,6.97,70.07,-8.11,,,,,
2775,7/16/2026 6:21,6.96,69.98,-7.56,,,,,
2776,7/16/2026 6:36,6.95,69.98,-7.44,,,,,
2777,7/16/2026 6:51,6.94,69.94,-6.63,,,,,
2778,7/16/2026 7:06,6.93,69.91,-6.16,,,,,
2779,7/16/2026 7:21,6.93,69.85,-6.09,,,,,
2780,7/16/2026 7:36,6.93,69.85,-5.98,,,,,
2781,7/16/2026 7:51,6.93,69.91,-5.97,,,,,
2782,7/16/2026 8:06,6.93,69.98,-6.08,,,,,
2783,7/16/2026 8:21,6.93,70.11,-6.22,,,,,
2784,7/16/2026 8:36,6.92,70.32,-5.69,,,,,
2785,7/16/2026 8:51,6.93,70.54,-5.97,,,,,
2786,7/16/2026 9:06,6.95,70.68,-7.06,,,,,
2787,7/16/2026 9:21,6.96,71.15,-7.75,,,,,
2788,7/16/2026 9:36,6.96,71.24,-7.72,,,,,
2789,7/16/2026 9:51,6.95,70.81,-7.02,,,,,
2790,7/16/2026 10:06,6.95,71.06,-7.19,,,,,
2791,7/16/2026 10:21,6.96,71.37,-7.58,,,,,
2792,7/16/2026 10:36,6.96,71.65,-7.8,,,,,
2793,7/16/2026 10:51,6.98,71.8,-9.06,,,,,
2794,7/16/2026 11:06,7.01,72.3,-10.77,,,,,
2795,7/16/2026 11:21,7.06,72.82,-13.3,,,,,
2796,7/16/2026 11:36,7.09,72.86,-15.05,,,,,
2797,7/16/2026 11:51,7.12,72.91,-16.66,,,,,
2798,7/16/2026 12:06,7.17,72.7,-19.77,,,,,
2799,7/16/2026 12:21,7.25,72.57,-23.94,,,,,
2800,7/16/2026 12:36,7.3,72.61,-26.86,,,,,
2801,7/16/2026 12:51,7.34,72.61,-28.91,,,,,
2802,7/16/2026 13:06,7.38,72.14,-31.14,,,,,
2803,7/16/2026 13:21,7.41,71.44,-33.09,,,,,
2804,7/16/2026 13:36,7.45,70.97,-34.92,,,,,
2805,7/16/2026 13:51,7.47,70.54,-36.53,,,,,
2806,7/16/2026 14:06,7.49,70.16,-37.61,,,,,
2807,7/16/2026 14:21,7.5,69.85,-38.05,,,,,
2808,7/16/2026 14:36,7.5,69.64,-38.11,,,,,
2809,7/16/2026 14:51,7.44,69.64,-34.84,,,,,
2810,7/16/2026 15:06,7.47,71.06,-36.41,,,,,
2811,7/16/2026 15:21,7.44,71.87,-34.78,,,,,
2812,7/16/2026 15:36,7.39,72.86,-31.78,,,,,
2813,7/16/2026 15:51,7.34,73.51,-29.05,,,,,
2814,7/16/2026 16:06,7.29,73.81,-26.34,,,,,
2815,7/16/2026 16:21,7.25,74.08,-24,,,,,
2816,7/16/2026 16:36,7.22,74.46,-22.39,,,,,
2817,7/16/2026 16:51,7.2,74.77,-21.25,,,,,
2818,7/16/2026 17:06,7.17,75.07,-19.69,,,,,
2819,7/16/2026 17:21,7.16,75.16,-18.8,,,,,
2820,7/16/2026 17:36,7.13,75.6,-17.11,,,,,
2821,7/16/2026 17:51,7.09,76.28,-15.13,,,,,
2822,7/16/2026 18:06,7.05,77.41,-12.61,,,,,
2823,7/16/2026 18:21,7.05,76.33,-12.95,,,,,
2824,7/16/2026 18:36,7.04,76.21,-12.02,,,,,
2825,7/16/2026 18:51,7.04,76.12,-12.05,,,,,
2826,7/16/2026 19:06,7.02,76.12,-11.38,,,,,
2827,7/16/2026 19:21,7.01,76.12,-10.78,,,,,
2828,7/16/2026 19:36,7,76.06,-9.94,,,,,
2829,7/16/2026 19:51,6.98,76.03,-9.14,,,,,
2830,7/16/2026 20:06,6.97,76.06,-8.53,,,,,
2831,7/16/2026 20:21,6.97,76.03,-8.14,,,,,
2832,7/16/2026 20:36,6.95,75.94,-7.41,,,,,
2833,7/16/2026 20:51,6.93,75.78,-6.3,,,,,
2834,7/16/2026 21:06,6.92,75.69,-5.36,,,,,
2835,7/16/2026 21:21,6.95,75.81,-7.31,,,,,
2836,7/16/2026 21:36,6.95,75.9,-7.19,,,,,
2837,7/16/2026 21:51,6.96,75.69,-7.7,,,,,
2838,7/16/2026 22:06,6.99,75.47,-9.33,,,,,
2839,7/16/2026 22:21,7.01,75.25,-10.41,,,,,
2840,7/16/2026 22:36,7.02,75.04,-11.28,,,,,
2841,7/16/2026 22:51,7.05,74.77,-12.59,,,,,
2842,7/16/2026 23:06,7.07,74.21,-14.13,,,,,
2843,7/16/2026 23:21,7.11,73.56,-16.36,,,,,
2844,7/16/2026 23:36,7.15,73.08,-18.63,,,,,
2845,7/16/2026 23:51,7.2,72.57,-21.5,,,,,
2846,7/17/2026 0:06,7.27,71.96,-24.89,,,,,
2847,7/17/2026 0:21,7.32,71.37,-27.94,,,,,
2848,7/17/2026 0:36,7.36,70.88,-30.36,,,,,
2849,7/17/2026 0:51,7.4,70.59,-32.34,,,,,
2850,7/17/2026 1:06,7.44,70.32,-34.49,,,,,
2851,7/17/2026 1:21,7.49,70.03,-37.38,,,,,
2852,7/17/2026 1:36,7.54,69.73,-40.39,,,,,
2853,7/17/2026 1:51,7.61,69.17,-44.17,,,,,
2854,7/17/2026 2:06,7.68,68.52,-48.1,,,,,
2855,7/17/2026 2:21,7.74,68.02,-50.97,,,,,
2856,7/17/2026 2:36,7.79,67.33,-54.13,,,,,
2857,7/17/2026 2:51,7.82,66.9,-55.64,,,,,
2858,7/17/2026 3:06,7.8,66.72,-54.52,,,,,
2859,7/17/2026 3:21,7.76,66.99,-52.08,,,,,
2860,7/17/2026 3:36,7.74,67.41,-51.11,,,,,
2861,7/17/2026 3:51,7.69,67.84,-48.31,,,,,
2862,7/17/2026 4:06,7.58,68.4,-42.42,,,,,
2863,7/17/2026 4:21,7.45,68.83,-35.27,,,,,
2864,7/17/2026 4:36,7.34,69.13,-29.05,,,,,
2865,7/17/2026 4:51,7.24,69.42,-23.17,,,,,
2866,7/17/2026 5:06,7.15,69.69,-18.59,,,,,
2867,7/17/2026 5:21,7.08,69.85,-14.58,,,,,
2868,7/17/2026 5:36,7.03,69.82,-11.48,,,,,
2869,7/17/2026 5:51,7,69.85,-9.88,,,,,
2870,7/17/2026 6:06,6.98,69.73,-8.75,,,,,
2871,7/17/2026 6:21,6.96,69.64,-7.83,,,,,
2872,7/17/2026 6:36,6.95,69.55,-6.98,,,,,
2873,7/17/2026 6:51,6.93,69.51,-6.3,,,,,
2874,7/17/2026 7:06,6.93,69.51,-6.2,,,,,
2875,7/17/2026 7:21,6.92,69.55,-5.77,,,,,
2876,7/17/2026 7:36,6.92,69.55,-5.41,,,,,
2877,7/17/2026 7:51,6.91,69.6,-5.08,,,,,
2878,7/17/2026 8:06,6.91,69.6,-5.17,,,,,
2879,7/17/2026 8:21,6.92,69.69,-5.34,,,,,
2880,7/17/2026 8:36,6.92,69.82,-5.73,,,,,
2881,7/17/2026 8:51,6.93,69.94,-6.11,,,,,
2882,7/17/2026 9:06,6.95,70.16,-7.02,,,,,
2883,7/17/2026 9:21,6.98,70.47,-9.05,,,,,
2884,7/17/2026 9:36,7.01,70.75,-10.44,,,,,
2885,7/17/2026 9:51,7.02,71.1,-11.22,,,,,
2886,7/17/2026 10:06,7,71.31,-9.89,,,,,
2887,7/17/2026 10:21,7,71.4,-10.25,,,,,
2888,7/17/2026 10:36,6.98,71.02,-9.09,,,,,
2889,7/17/2026 10:51,6.97,71.1,-8.56,,,,,
2890,7/17/2026 11:06,6.96,71.24,-7.95,,,,,
2891,7/17/2026 11:21,7,71.58,-10.14,,,,,
2892,7/17/2026 11:36,6.99,71.74,-9.64,,,,,
2893,7/17/2026 11:51,7.01,71.92,-10.66,,,,,
2894,7/17/2026 12:06,7.05,72.23,-12.77,,,,,
2895,7/17/2026 12:21,7.09,72.39,-15.09,,,,,
2896,7/17/2026 12:36,7.13,72.48,-17.33,,,,,
2897,7/17/2026 12:51,7.18,72.18,-20.19,,,,,
2898,7/17/2026 13:06,7.25,72.05,-23.91,,,,,
2899,7/17/2026 13:21,7.32,72.05,-27.69,,,,,
2900,7/17/2026 13:36,7.37,72.14,-30.55,,,,,
2901,7/17/2026 13:51,7.39,72.14,-32.16,,,,,
2902,7/17/2026 14:06,7.43,71.8,-33.89,,,,,
2903,7/17/2026 14:21,7.46,71.31,-35.72,,,,,
2904,7/17/2026 14:36,7.49,70.93,-37.5,,,,,
2905,7/17/2026 14:51,7.51,70.68,-38.74,,,,,
2906,7/17/2026 15:06,7.52,70.38,-39.31,,,,,
2907,7/17/2026 15:21,7.49,70.32,-37.45,,,,,
2908,7/17/2026 15:36,7.43,70.47,-33.89,,,,,
2909,7/17/2026 15:51,7.47,71.65,-36.58,,,,,
2910,7/17/2026 16:06,7.45,72.14,-34.99,,,,,
2911,7/17/2026 16:21,7.41,72.64,-32.94,,,,,
2912,7/17/2026 16:36,7.36,72.95,-30.3,,,,,
2913,7/17/2026 16:51,7.32,73.22,-28.19,,,,,
2914,7/17/2026 17:06,7.28,73.35,-25.94,,,,,
2915,7/17/2026 17:21,7.25,73.51,-24.3,,,,,
2916,7/17/2026 17:36,7.23,73.78,-22.84,,,,,
2917,7/17/2026 17:51,7.2,73.99,-21.45,,,,,
2918,7/17/2026 18:06,7.17,74.3,-19.81,,,,,
2919,7/17/2026 18:21,7.14,74.64,-17.86,,,,,
2920,7/17/2026 18:36,7.1,75.2,-15.73,,,,,
2921,7/17/2026 18:51,7.07,75.42,-14.06,,,,,
2922,7/17/2026 19:06,7.06,75.29,-13.36,,,,,
2923,7/17/2026 19:21,7.05,75.07,-12.97,,,,,
2924,7/17/2026 19:36,7.03,74.95,-11.59,,,,,
2925,7/17/2026 19:51,7.02,74.82,-10.86,,,,,
2926,7/17/2026 20:06,7,74.77,-10.03,,,,,
2927,7/17/2026 20:21,6.98,74.73,-8.69,,,,,
2928,7/17/2026 20:36,6.96,74.64,-7.92,,,,,
2929,7/17/2026 20:51,6.97,74.52,-8.06,,,,,
2930,7/17/2026 21:06,6.96,74.55,-7.92,,,,,
2931,7/17/2026 21:21,6.96,74.43,-7.92,,,,,
2932,7/17/2026 21:36,6.96,74.34,-7.48,,,,,
2933,7/17/2026 21:51,6.95,74.25,-7.28,,,,,
2934,7/17/2026 22:06,6.94,74.21,-6.73,,,,,
2935,7/17/2026 22:21,6.95,74.46,-7.3,,,,,
2936,7/17/2026 22:36,6.95,74.43,-7.45,,,,,
2937,7/17/2026 22:51,6.98,74.16,-8.86,,,,,
2938,7/17/2026 23:06,6.99,74.03,-9.7,,,,,
2939,7/17/2026 23:21,7.02,73.81,-10.98,,,,,
2940,7/17/2026 23:36,7.03,73.69,-11.72,,,,,
2941,7/17/2026 23:51,7.05,73.35,-12.98,,,,,
2942,7/18/2026 0:06,7.09,72.86,-14.98,,,,,
2943,7/18/2026 0:21,7.13,72.45,-17.38,,,,,
2944,7/18/2026 0:36,7.18,72.05,-20.34,,,,,
2945,7/18/2026 0:51,7.24,71.74,-23.27,,,,,
2946,7/18/2026 1:06,7.29,71.37,-26.41,,,,,
2947,7/18/2026 1:21,7.35,70.88,-29.49,,,,,
2948,7/18/2026 1:36,7.38,70.54,-31.36,,,,,
2949,7/18/2026 1:51,7.41,70.38,-32.86,,,,,
2950,7/18/2026 2:06,7.44,70.2,-34.77,,,,,
2951,7/18/2026 2:21,7.49,69.98,-37.5,,,,,
2952,7/18/2026 2:36,7.54,69.82,-40.13,,,,,
2953,7/18/2026 2:51,7.58,69.6,-42.25,,,,,
2954,7/18/2026 3:06,7.63,69.21,-45.35,,,,,
2955,7/18/2026 3:21,7.67,68.79,-47.6,,,,,
2956,7/18/2026 3:36,7.71,68.45,-49.31,,,,,
2957,7/18/2026 3:51,7.68,68.31,-47.85,,,,,
2958,7/18/2026 4:06,7.63,68.52,-45.31,,,,,
2959,7/18/2026 4:21,7.65,68.74,-46,,,,,
2960,7/18/2026 4:36,7.6,69.13,-43.67,,,,,
2961,7/18/2026 4:51,7.5,69.48,-37.83,,,,,
2962,7/18/2026 5:06,7.42,69.55,-33.33,,,,,
2963,7/18/2026 5:21,7.32,69.76,-27.95,,,,,
2964,7/18/2026 5:36,7.24,69.94,-23.42,,,,,
2965,7/18/2026 5:51,7.17,70.03,-19.67,,,,,
2966,7/18/2026 6:06,7.13,69.98,-17.2,,,,,
2967,7/18/2026 6:21,7.06,69.82,-13.27,,,,,
2968,7/18/2026 6:36,7.04,69.94,-12.13,,,,,
2969,7/18/2026 6:51,7.02,69.98,-10.88,,,,,
2970,7/18/2026 7:06,7,69.98,-10.13,,,,,
2971,7/18/2026 7:21,6.98,69.94,-8.98,,,,,
2972,7/18/2026 7:36,6.97,69.82,-8.44,,,,,
2973,7/18/2026 7:51,6.96,69.76,-7.77,,,,,
2974,7/18/2026 8:06,6.95,69.76,-7.34,,,,,
2975,7/18/2026 8:21,6.94,69.82,-6.8,,,,,
2976,7/18/2026 8:36,6.94,69.85,-6.61,,,,,
2977,7/18/2026 8:51,6.94,69.91,-6.41,,,,,
2978,7/18/2026 9:06,6.93,69.98,-6.17,,,,,
2979,7/18/2026 9:21,6.95,70.07,-7.16,,,,,
2980,7/18/2026 9:36,6.93,70.16,-6.09,,,,,
2981,7/18/2026 9:51,6.97,70.32,-8.44,,,,,
2982,7/18/2026 10:06,6.99,70.47,-9.31,,,,,
2983,7/18/2026 10:21,7.01,70.84,-10.77,,,,,
2984,7/18/2026 10:36,7.04,71.02,-12.13,,,,,
2985,7/18/2026 10:51,7.04,71.4,-12.44,,,,,
2986,7/18/2026 11:06,7.02,71.02,-11.03,,,,,
2987,7/18/2026 11:21,6.98,71.1,-8.75,,,,,
2988,7/18/2026 11:36,6.98,71.44,-9,,,,,
2989,7/18/2026 11:51,6.97,71.58,-8.2,,,,,
2990,7/18/2026 12:06,6.97,71.58,-8.55,,,,,
2991,7/18/2026 12:21,6.98,71.49,-8.97,,,,,
2992,7/18/2026 12:36,7.01,72.01,-10.61,,,,,
2993,7/18/2026 12:51,7.06,72.14,-13.27,,,,,
2994,7/18/2026 13:06,7.1,72.05,-15.81,,,,,
2995,7/18/2026 13:21,7.15,71.92,-18.69,,,,,
2996,7/18/2026 13:36,7.2,71.71,-21.45,,,,,
2997,7/18/2026 13:51,7.28,71.49,-25.7,,,,,
2998,7/18/2026 14:06,7.34,71.53,-29.05,,,,,
2999,7/18/2026 14:21,7.38,71.49,-31.14,,,,,
3000,7/18/2026 14:36,7.41,71.31,-32.77,,,,,
3001,7/18/2026 14:51,7.43,70.93,-34.13,,,,,
3002,7/18/2026 15:06,7.46,70.63,-35.64,,,,,
3003,7/18/2026 15:21,7.49,70.2,-37.27,,,,,
3004,7/18/2026 15:36,7.51,69.85,-38.69,,,,,
3005,7/18/2026 15:51,7.53,69.51,-39.88,,,,,
3006,7/18/2026 16:06,7.53,69.35,-39.83,,,,,
3007,7/18/2026 16:21,7.51,69.21,-38.52,,,,,
3008,7/18/2026 16:36,7.47,69.51,-36.5,,,,,
3009,7/18/2026 16:51,7.5,69.82,-37.67,,,,,
3010,7/18/2026 17:06,7.46,70.54,-35.52,,,,,
3011,7/18/2026 17:21,7.4,71.02,-32.33,,,,,
3012,7/18/2026 17:36,7.34,71.37,-29.28,,,,,
3013,7/18/2026 17:51,7.31,71.49,-27.31,,,,,
3014,7/18/2026 18:06,7.25,71.65,-24.19,,,,,
3015,7/18/2026 18:21,7.21,71.8,-21.88,,,,,
3016,7/18/2026 18:36,7.18,71.87,-19.84,,,,,
3017,7/18/2026 18:51,7.13,71.96,-17.53,,,,,
3018,7/18/2026 19:06,7.11,72.01,-16.11,,,,,
3019,7/18/2026 19:21,7.09,72.05,-14.81,,,,,
3020,7/18/2026 19:36,7.05,72.18,-12.59,,,,,
3021,7/18/2026 19:51,7.02,72.18,-11.28,,,,,
3022,7/18/2026 20:06,7.02,72.09,-11.03,,,,,
3023,7/18/2026 20:21,7,72.09,-9.95,,,,,
3024,7/18/2026 20:36,6.98,72.09,-9.13,,,,,
3025,7/18/2026 20:51,6.98,72.09,-9,,,,,
3026,7/18/2026 21:06,6.98,72.05,-8.64,,,,,
3027,7/18/2026 21:21,6.97,72.01,-8.17,,,,,
3028,7/18/2026 21:36,6.96,71.96,-7.77,,,,,
3029,7/18/2026 21:51,6.96,71.92,-7.64,,,,,
3030,7/18/2026 22:06,6.95,71.87,-7.16,,,,,
3031,7/18/2026 22:21,6.93,71.83,-6.16,,,,,
3032,7/18/2026 22:36,6.92,71.8,-5.64,,,,,
3033,7/18/2026 22:51,6.92,71.71,-5.3,,,,,
3034,7/18/2026 23:06,6.95,71.74,-6.91,,,,,
3035,7/18/2026 23:21,6.95,71.92,-7.33,,,,,
3036,7/18/2026 23:36,6.96,71.83,-7.8,,,,,
3037,7/18/2026 23:51,6.98,71.74,-8.91,,,,,
3038,7/19/2026 0:06,6.99,71.71,-9.66,,,,,
3039,7/19/2026 0:21,7.01,71.65,-10.61,,,,,
3040,7/19/2026 0:36,7.03,71.62,-11.56,,,,,
3041,7/19/2026 0:51,7.07,71.58,-13.7,,,,,
3042,7/19/2026 1:06,7.13,71.4,-17.02,,,,,
3043,7/19/2026 1:21,7.18,71.19,-20.11,,,,,
3044,7/19/2026 1:36,7.23,71.02,-22.63,,,,,
3045,7/19/2026 1:51,7.27,70.84,-25.14,,,,,
3046,7/19/2026 2:06,7.33,70.5,-28.27,,,,,
3047,7/19/2026 2:21,7.37,70.25,-30.66,,,,,
3048,7/19/2026 2:36,7.41,69.94,-32.84,,,,,
3049,7/19/2026 2:51,7.43,69.76,-34.06,,,,,
3050,7/19/2026 3:06,7.46,69.64,-35.59,,,,,
3051,7/19/2026 3:21,7.49,69.39,-37.52,,,,,
3052,7/19/2026 3:36,7.52,69.17,-38.86,,,,,
3053,7/19/2026 3:51,7.54,69.01,-40.25,,,,,
3054,7/19/2026 4:06,7.56,68.7,-41.45,,,,,
3055,7/19/2026 4:21,7.59,68.4,-42.83,,,,,
3056,7/19/2026 4:36,7.58,68.23,-42.49,,,,,
3057,7/19/2026 4:51,7.53,68.36,-39.53,,,,,
3058,7/19/2026 5:06,7.53,68.65,-39.58,,,,,
3059,7/19/2026 5:21,7.52,68.83,-38.92,,,,,
3060,7/19/2026 5:36,7.47,69.21,-36.27,,,,,
3061,7/19/2026 5:51,7.39,69.55,-31.99,,,,,
3062,7/19/2026 6:06,7.33,69.76,-28.17,,,,,
3063,7/19/2026 6:21,7.27,69.94,-24.94,,,,,
3064,7/19/2026 6:36,7.21,70.07,-21.92,,,,,
3065,7/19/2026 6:51,7.16,70.16,-18.67,,,,,
3066,7/19/2026 7:06,7.1,70.2,-15.7,,,,,
3067,7/19/2026 7:21,7.07,70.2,-13.92,,,,,
3068,7/19/2026 7:36,7.05,70.25,-12.56,,,,,
3069,7/19/2026 7:51,7.02,70.25,-11.19,,,,,
3070,7/19/2026 8:06,7,70.29,-10.22,,,,,
3071,7/19/2026 8:21,7,70.2,-10,,,,,
3072,7/19/2026 8:36,7,70.29,-9.77,,,,,
3073,7/19/2026 8:51,7,70.38,-9.78,,,,,
3074,7/19/2026 9:06,6.99,70.47,-9.28,,,,,
3075,7/19/2026 9:21,6.98,70.63,-9.03,,,,,
3076,7/19/2026 9:36,6.98,70.81,-8.88,,,,,
3077,7/19/2026 9:51,6.99,71.06,-9.2,,,,,
3078,7/19/2026 10:06,6.99,71.31,-9.53,,,,,
3079,7/19/2026 10:21,7,71.65,-10.23,,,,,
3080,7/19/2026 10:36,7.02,72.05,-11.03,,,,,
3081,7/19/2026 10:51,7.01,72.18,-10.75,,,,,
3082,7/19/2026 11:06,7.03,72.79,-11.72,,,,,
3083,7/19/2026 11:21,7.05,73.08,-12.64,,,,,
3084,7/19/2026 11:36,7.07,73.04,-13.83,,,,,
3085,7/19/2026 11:51,7.06,73,-13.27,,,,,
3086,7/19/2026 12:06,7.05,72.95,-12.64,,,,,
3087,7/19/2026 12:21,7.06,73.29,-13.28,,,,,
3088,7/19/2026 12:36,7.07,72.79,-14.08,,,,,
3089,7/19/2026 12:51,7.09,73,-15.16,,,,,
3090,7/19/2026 13:06,7.12,72.91,-16.52,,,,,
3091,7/19/2026 13:21,7.14,73.08,-18.05,,,,,
3092,7/19/2026 13:36,7.18,72.95,-19.86,,,,,
3093,7/19/2026 13:51,7.23,72.79,-22.81,,,,,
3094,7/19/2026 14:06,7.28,72.73,-25.88,,,,,
3095,7/19/2026 14:21,7.34,72.45,-29.13,,,,,
3096,7/19/2026 14:36,7.41,72.09,-32.75,,,,,
3097,7/19/2026 14:51,7.48,72.09,-36.72,,,,,
3098,7/19/2026 15:06,7.52,72.18,-39.13,,,,,
3099,7/19/2026 15:21,7.54,72.23,-40.33,,,,,
3100,7/19/2026 15:36,7.56,72.05,-41.31,,,,,
3101,7/19/2026 15:51,7.57,71.62,-42.22,,,,,
3102,7/19/2026 16:06,7.6,71.1,-43.67,,,,,
3103,7/19/2026 16:21,7.61,70.93,-44.1,,,,,
3104,7/19/2026 16:36,7.62,70.68,-44.47,,,,,
3105,7/19/2026 16:51,7.63,70.38,-45.05,,,,,
3106,7/19/2026 17:06,7.62,70.2,-44.61,,,,,
3107,7/19/2026 17:21,7.57,70.16,-41.74,,,,,
3108,7/19/2026 17:36,7.58,71.15,-42.67,,,,,
3109,7/19/2026 17:51,7.58,71.74,-42.52,,,,,
3110,7/19/2026 18:06,7.55,72.18,-40.64,,,,,
3111,7/19/2026 18:21,7.51,72.39,-38.81,,,,,
3112,7/19/2026 18:36,7.48,72.57,-36.84,,,,,
3113,7/19/2026 18:51,7.44,72.7,-34.49,,,,,
3114,7/19/2026 19:06,7.4,72.82,-32.36,,,,,
3115,7/19/2026 19:21,7.36,72.91,-30.27,,,,,
3116,7/19/2026 19:36,7.32,73.04,-28.11,,,,,
3117,7/19/2026 19:51,7.28,73.17,-25.59,,,,,
3118,7/19/2026 20:06,7.23,73.38,-22.88,,,,,
3119,7/19/2026 20:21,7.19,73.44,-20.95,,,,,
3120,7/19/2026 20:36,7.16,73.51,-19.19,,,,,
3121,7/19/2026 20:51,7.12,73.51,-16.72,,,,,
3122,7/19/2026 21:06,7.12,73.44,-16.84,,,,,
3123,7/19/2026 21:21,7.1,73.35,-15.39,,,,,
3124,7/19/2026 21:36,7.08,73.26,-14.52,,,,,
3125,7/19/2026 21:51,7.06,73.22,-13.48,,,,,
3126,7/19/2026 22:06,7.05,73.26,-12.69,,,,,
3127,7/19/2026 22:21,7.03,73.17,-11.94,,,,,
3128,7/19/2026 22:36,7.02,73.08,-10.86,,,,,
3129,7/19/2026 22:51,7.01,72.91,-10.45,,,,,
3130,7/19/2026 23:06,7,72.95,-10.19,,,,,
3131,7/19/2026 23:21,6.99,72.82,-9.55,,,,,
3132,7/19/2026 23:36,7,72.79,-9.72,,,,,
3133,7/19/2026 23:51,6.99,72.7,-9.64,,,,,
3134,7/20/2026 0:06,7,72.91,-9.84,,,,,
3135,7/20/2026 0:21,6.99,72.91,-9.69,,,,,
3136,7/20/2026 0:36,7.02,72.61,-10.98,,,,,
3137,7/20/2026 0:51,7.03,72.52,-11.86,,,,,
3138,7/20/2026 1:06,7.05,72.3,-12.95,,,,,
3139,7/20/2026 1:21,7.07,72.14,-13.78,,,,,
3140,7/20/2026 1:36,7.09,72.05,-14.78,,,,,
3141,7/20/2026 1:51,7.12,71.8,-16.45,,,,,
3142,7/20/2026 2:06,7.15,71.53,-18.42,,,,,
3143,7/20/2026 2:21,7.2,71.19,-21.06,,,,,
3144,7/20/2026 2:36,7.26,70.88,-24.34,,,,,
3145,7/20/2026 2:51,7.3,70.72,-26.7,,,,,
3146,7/20/2026 3:06,7.35,70.5,-29.58,,,,,
3147,7/20/2026 3:21,7.39,70.11,-31.83,,,,,
3148,7/20/2026 3:36,7.42,69.73,-33.56,,,,,
3149,7/20/2026 3:51,7.46,69.35,-35.42,,,,,
3150,7/20/2026 4:06,7.47,69.13,-36.08,,,,,
3151,7/20/2026 4:21,7.47,69.01,-36.5,,,,,
3152,7/20/2026 4:36,7.49,68.86,-37.19,,,,,
3153,7/20/2026 4:51,7.48,68.74,-36.95,,,,,
3154,7/20/2026 5:06,7.43,68.7,-34.13,,,,,
3155,7/20/2026 5:21,7.39,68.65,-32.02,,,,,
3156,7/20/2026 5:36,7.4,68.86,-32.36,,,,,
3157,7/20/2026 5:51,7.42,68.92,-33.16,,,,,
3158,7/20/2026 6:06,7.4,69.08,-32.08,,,,,
3159,7/20/2026 6:21,7.38,69.3,-31.11,,,,,
3160,7/20/2026 6:36,7.36,69.48,-29.88,,,,,
3161,7/20/2026 6:51,7.33,69.55,-28.28,,,,,
3162,7/20/2026 7:06,7.3,69.73,-26.95,,,,,
3163,7/20/2026 7:21,7.28,69.82,-25.88,,,,,
3164,7/20/2026 7:36,7.26,69.85,-24.53,,,,,
3165,7/20/2026 7:51,7.24,69.94,-23.39,,,,,
3166,7/20/2026 8:06,7.22,70.07,-22.36,,,,,
3167,7/20/2026 8:21,7.2,70.25,-20.97,,,,,
3168,7/20/2026 8:36,7.18,70.32,-20.2,,,,,
3169,7/20/2026 8:51,7.19,70.38,-20.77,,,,,
3170,7/20/2026 9:06,7.19,70.54,-20.63,,,,,
3171,7/20/2026 9:21,7.18,70.75,-20.17,,,,,
3172,7/20/2026 9:36,7.17,70.93,-19.75,,,,,
3173,7/20/2026 9:51,7.17,71.15,-19.56,,,,,
3174,7/20/2026 10:06,7.18,71.37,-19.92,,,,,
3175,7/20/2026 10:21,7.2,71.62,-21.11,,,,,
3176,7/20/2026 10:36,7.23,71.8,-22.66,,,,,
3177,7/20/2026 10:51,7.22,72.09,-22.27,,,,,
3178,7/20/2026 11:06,7.24,72.48,-23.49,,,,,
3179,7/20/2026 11:21,7.25,72.86,-23.84,,,,,
3180,7/20/2026 11:36,7.28,73.29,-25.97,,,,,
3181,7/20/2026 11:51,7.28,73.87,-25.58,,,,,
3182,7/20/2026 12:06,7.26,73.87,-24.83,,,,,
3183,7/20/2026 12:21,7.2,73.56,-21.2,,,,,
3184,7/20/2026 12:36,7.2,73.44,-21.02,,,,,
3185,7/20/2026 12:51,7.17,73.81,-19.81,,,,,
3186,7/20/2026 13:06,7.17,73.94,-19.67,,,,,
3187,7/20/2026 13:21,7.17,73.94,-19.47,,,,,
3188,7/20/2026 13:36,7.16,73.87,-19.16,,,,,
3189,7/20/2026 13:51,7.17,74.03,-19.31,,,,,
3190,7/20/2026 14:06,7.19,74.16,-20.88,,,,,
3191,7/20/2026 14:21,7.23,74.03,-23.14,,,,,
3192,7/20/2026 14:36,7.3,73.78,-26.66,,,,,
3193,7/20/2026 14:51,7.35,73.47,-29.89,,,,,
3194,7/20/2026 15:06,7.4,73.22,-32.38,,,,,
3195,7/20/2026 15:21,7.46,73.04,-35.86,,,,,
3196,7/20/2026 15:36,7.52,73,-39.36,,,,,
3197,7/20/2026 15:51,7.56,73,-41.67,,,,,
3198,7/20/2026 16:06,7.59,72.95,-43.03,,,,,
3199,7/20/2026 16:21,7.63,72.64,-45.25,,,,,
3200,7/20/2026 16:36,7.64,72.27,-45.83,,,,,
3201,7/20/2026 16:51,7.69,71.87,-48.67,,,,,
3202,7/20/2026 17:06,7.71,71.71,-49.8,,,,,
3203,7/20/2026 17:21,7.72,71.53,-50.42,,,,,
3204,7/20/2026 17:36,7.71,71.28,-49.8,,,,,
3205,7/20/2026 17:51,7.7,71.02,-49.28,,,,,
3206,7/20/2026 18:06,7.67,71.74,-47.55,,,,,
3207,7/20/2026 18:21,7.7,72.23,-49.41,,,,,
3208,7/20/2026 18:36,7.67,72.79,-47.56,,,,,
3209,7/20/2026 18:51,7.63,73.08,-45.61,,,,,
3210,7/20/2026 19:06,7.6,73.29,-43.66,,,,,
3211,7/20/2026 19:21,7.56,73.44,-41.49,,,,,
3212,7/20/2026 19:36,7.51,73.6,-38.74,,,,,
3213,7/20/2026 19:51,7.47,73.72,-36.24,,,,,
3214,7/20/2026 20:06,7.41,73.87,-33.28,,,,,
3215,7/20/2026 20:21,7.36,73.99,-30.41,,,,,
3216,7/20/2026 20:36,7.31,74.12,-27.44,,,,,
3217,7/20/2026 20:51,7.27,74.21,-25.03,,,,,
3218,7/20/2026 21:06,7.23,74.25,-23.08,,,,,
3219,7/20/2026 21:21,7.2,74.21,-21.24,,,,,
3220,7/20/2026 21:36,7.16,74.12,-18.92,,,,,
3221,7/20/2026 21:51,7.15,74.12,-18.44,,,,,
3222,7/20/2026 22:06,7.14,74.08,-17.86,,,,,
3223,7/20/2026 22:21,7.11,74.08,-16.42,,,,,
3224,7/20/2026 22:36,7.09,74.08,-15.09,,,,,
3225,7/20/2026 22:51,7.08,74.03,-14.38,,,,,
3226,7/20/2026 23:06,7.06,73.94,-13.58,,,,,
3227,7/20/2026 23:21,7.05,73.87,-12.77,,,,,
3228,7/20/2026 23:36,7.04,73.69,-12.38,,,,,
3229,7/20/2026 23:51,7.03,73.56,-11.45,,,,,
3230,7/21/2026 0:06,7.01,73.47,-10.58,,,,,
3231,7/21/2026 0:21,6.98,73.26,-9.13,,,,,
3232,7/21/2026 0:36,6.99,73.26,-9.28,,,,,
3233,7/21/2026 0:51,7.01,73.56,-10.39,,,,,
3234,7/21/2026 1:06,7,73.56,-10.19,,,,,
3235,7/21/2026 1:21,7.01,73.44,-10.52,,,,,
3236,7/21/2026 1:36,7.04,73.26,-12.16,,,,,
3237,7/21/2026 1:51,7.05,73.17,-12.78,,,,,
3238,7/21/2026 2:06,7.08,73.04,-14.59,,,,,
3239,7/21/2026 2:21,7.09,72.91,-15.23,,,,,
3240,7/21/2026 2:36,7.11,72.86,-15.91,,,,,
3241,7/21/2026 2:51,7.14,72.64,-17.95,,,,,
3242,7/21/2026 3:06,7.18,72.39,-20.3,,,,,
3243,7/21/2026 3:21,7.25,72.09,-24.17,,,,,
3244,7/21/2026 3:36,7.31,71.8,-27.31,,,,,
3245,7/21/2026 3:51,7.36,71.53,-30.19,,,,,
3246,7/21/2026 4:06,7.41,71.31,-33.13,,,,,
3247,7/21/2026 4:21,7.46,71.02,-35.64,,,,,
3248,7/21/2026 4:36,7.49,70.68,-37.22,,,,,
3249,7/21/2026 4:51,7.51,70.32,-38.28,,,,,
3250,7/21/2026 5:06,7.52,69.98,-39.05,,,,,
3251,7/21/2026 5:21,7.53,69.82,-39.61,,,,,
3252,7/21/2026 5:36,7.53,69.69,-39.44,,,,,
3253,7/21/2026 5:51,7.51,69.64,-38.27,,,,,
3254,7/21/2026 6:06,7.46,69.64,-35.75,,,,,
3255,7/21/2026 6:21,7.41,69.69,-32.91,,,,,
3256,7/21/2026 6:36,7.44,69.98,-34.56,,,,,
3257,7/21/2026 6:51,7.44,70.32,-34.89,,,,,
3258,7/21/2026 7:06,7.41,70.59,-33.11,,,,,
3259,7/21/2026 7:21,7.39,70.75,-31.89,,,,,
3260,7/21/2026 7:36,7.37,70.88,-30.84,,,,,
3261,7/21/2026 7:51,7.35,71.02,-29.83,,,,,
3262,7/21/2026 8:06,7.33,71.15,-28.49,,,,,
3263,7/21/2026 8:21,7.32,71.28,-27.99,,,,,
3264,7/21/2026 8:36,7.29,71.4,-26.24,,,,,
3265,7/21/2026 8:51,7.28,71.58,-25.66,,,,,
3266,7/21/2026 9:06,7.25,71.71,-23.94,,,,,
3267,7/21/2026 9:21,7.25,71.83,-24.27,,,,,
3268,7/21/2026 9:36,7.27,71.83,-25.24,,,,,
3269,7/21/2026 9:51,7.27,72.01,-24.88,,,,,
3270,7/21/2026 10:06,7.24,72.14,-23.25,,,,,
3271,7/21/2026 10:21,7.26,72.3,-24.41,,,,,
3272,7/21/2026 10:36,7.26,72.48,-24.36,,,,,
3273,7/21/2026 10:51,7.24,72.64,-23.5,,,,,
3274,7/21/2026 11:06,7.24,72.79,-23.55,,,,,
3275,7/21/2026 11:21,7.25,72.95,-24.24,,,,,
3276,7/21/2026 11:36,7.26,73.08,-24.53,,,,,
3277,7/21/2026 11:51,7.26,73.26,-24.66,,,,,
3278,7/21/2026 12:06,7.25,73.47,-23.8,,,,,
3279,7/21/2026 12:21,7.26,73.65,-24.59,,,,,
3280,7/21/2026 12:36,7.23,73.78,-22.78,,,,,
3281,7/21/2026 12:51,7.16,73.65,-18.78,,,,,
3282,7/21/2026 13:06,7.12,73.65,-16.59,,,,,
3283,7/21/2026 13:21,7.11,73.69,-16.14,,,,,
3284,7/21/2026 13:36,7.16,73.81,-19.14,,,,,
3285,7/21/2026 13:51,7.16,73.69,-19.19,,,,,
3286,7/21/2026 14:06,7.17,73.56,-19.75,,,,,
3287,7/21/2026 14:21,7.19,73.44,-20.66,,,,,
3288,7/21/2026 14:36,7.22,73.38,-22.58,,,,,
3289,7/21/2026 14:51,7.25,73.47,-24.03,,,,,
3290,7/21/2026 15:06,7.3,73.47,-26.66,,,,,
3291,7/21/2026 15:21,7.4,73.13,-32.63,,,,,
3292,7/21/2026 15:36,7.47,72.73,-36.19,,,,,
3293,7/21/2026 15:51,7.51,72.45,-38.88,,,,,
3294,7/21/2026 16:06,7.55,72.14,-41.06,,,,,
3295,7/21/2026 16:21,7.61,71.8,-44.11,,,,,
3296,7/21/2026 16:36,7.68,71.62,-47.91,,,,,
3297,7/21/2026 16:51,7.7,71.49,-49.52,,,,,
3298,7/21/2026 17:06,7.73,71.31,-50.94,,,,,
3299,7/21/2026 17:21,7.75,71.1,-51.77,,,,,
3300,7/21/2026 17:36,7.76,70.88,-52.55,,,,,
3301,7/21/2026 17:51,7.76,70.72,-52.53,,,,,
3302,7/21/2026 18:06,7.74,70.63,-51.33,,,,,
3303,7/21/2026 18:21,7.71,70.5,-49.47,,,,,
3304,7/21/2026 18:36,7.68,70.32,-48.27,,,,,
3305,7/21/2026 18:51,7.62,70.38,-44.56,,,,,
3306,7/21/2026 19:06,7.6,70.63,-43.83,,,,,
3307,7/21/2026 19:21,7.69,70.84,-48.72,,,,,
3308,7/21/2026 19:36,7.68,71.15,-47.95,,,,,
3309,7/21/2026 19:51,7.63,71.28,-45.14,,,,,
3310,7/21/2026 20:06,7.58,71.4,-42.69,,,,,
3311,7/21/2026 20:21,7.54,71.58,-40.28,,,,,
3312,7/21/2026 20:36,7.49,71.74,-37.24,,,,,
3313,7/21/2026 20:51,7.45,71.92,-35.33,,,,,
3314,7/21/2026 21:06,7.41,72.09,-32.84,,,,,
3315,7/21/2026 21:21,7.37,72.23,-30.77,,,,,
3316,7/21/2026 21:36,7.33,72.39,-28.49,,,,,
3317,7/21/2026 21:51,7.29,72.52,-26.28,,,,,
3318,7/21/2026 22:06,7.24,72.57,-23.67,,,,,
3319,7/21/2026 22:21,7.2,72.45,-21.2,,,,,
3320,7/21/2026 22:36,7.19,72.36,-20.49,,,,,
3321,7/21/2026 22:51,7.15,72.39,-18.67,,,,,
3322,7/21/2026 23:06,7.13,72.45,-17.09,,,,,
3323,7/21/2026 23:21,7.11,72.52,-16.22,,,,,
3324,7/21/2026 23:36,7.1,72.52,-15.52,,,,,
3325,7/21/2026 23:51,7.07,72.48,-14.14,,,,,
3326,7/22/2026 0:06,7.05,72.45,-12.61,,,,,
3327,7/22/2026 0:21,7.02,72.39,-11.05,,,,,
3328,7/22/2026 0:36,7.01,72.36,-10.31,,,,,
3329,7/22/2026 0:51,7,72.27,-9.73,,,,,
3330,7/22/2026 1:06,6.98,72.27,-8.91,,,,,
3331,7/22/2026 1:21,6.97,72.39,-8.39,,,,,
3332,7/22/2026 1:36,6.98,72.45,-8.69,,,,,
3333,7/22/2026 1:51,6.97,72.48,-8.06,,,,,
3334,7/22/2026 2:06,6.98,72.45,-8.7,,,,,
3335,7/22/2026 2:21,7.02,72.39,-11.3,,,,,
3336,7/22/2026 2:36,7.04,72.39,-12.17,,,,,
3337,7/22/2026 2:51,7.07,72.36,-14.09,,,,,
3338,7/22/2026 3:06,7.09,72.3,-15.22,,,,,
3339,7/22/2026 3:21,7.1,72.27,-15.84,,,,,
3340,7/22/2026 3:36,7.13,72.14,-17.27,,,,,
3341,7/22/2026 3:51,7.17,72.09,-19.34,,,,,
3342,7/22/2026 4:06,7.25,71.83,-23.81,,,,,
3343,7/22/2026 4:21,7.31,71.58,-27.36,,,,,
3344,7/22/2026 4:36,7.36,71.37,-30.2,,,,,
3345,7/22/2026 4:51,7.41,71.15,-32.97,,,,,
3346,7/22/2026 5:06,7.44,70.97,-34.61,,,,,
3347,7/22/2026 5:21,7.47,70.81,-36.14,,,,,
3348,7/22/2026 5:36,7.48,70.63,-37.08,,,,,
3349,7/22/2026 5:51,7.52,70.32,-38.86,,,,,
3350,7/22/2026 6:06,7.52,70.16,-39.09,,,,,
3351,7/22/2026 6:21,7.52,70.07,-39.05,,,,,
3352,7/22/2026 6:36,7.5,69.94,-38.06,,,,,
3353,7/22/2026 6:51,7.46,69.94,-35.84,,,,,
3354,7/22/2026 7:06,7.45,69.98,-35.02,,,,,
3355,7/22/2026 7:21,7.45,70.03,-35.13,,,,,
3356,7/22/2026 7:36,7.43,70.68,-34.34,,,,,
3357,7/22/2026 7:51,7.4,70.97,-32.61,,,,,
3358,7/22/2026 8:06,7.4,71.15,-32.17,,,,,
3359,7/22/2026 8:21,7.37,71.28,-30.78,,,,,
3360,7/22/2026 8:36,7.34,71.49,-29.27,,,,,
3361,7/22/2026 8:51,7.34,71.37,-29.03,,,,,
3362,7/22/2026 9:06,7.32,71.87,-27.94,,,,,
3363,7/22/2026 9:21,7.3,72.05,-26.59,,,,,
3364,7/22/2026 9:36,7.29,72.09,-26.02,,,,,
3365,7/22/2026 9:51,7.26,72.14,-24.81,,,,,
3366,7/22/2026 10:06,7.24,72.73,-23.33,,,,,
3367,7/22/2026 10:21,7.21,72.82,-21.81,,,,,
3368,7/22/2026 10:36,7.26,72.86,-24.59,,,,,
3369,7/22/2026 10:51,7.23,73.08,-22.99,,,,,
3370,7/22/2026 11:06,7.21,73.26,-21.78,,,,,
3371,7/22/2026 11:21,7.22,73.44,-22.2,,,,,
3372,7/22/2026 11:36,7.28,73.72,-25.59,,,,,
3373,7/22/2026 11:51,7.26,74.12,-24.53,,,,,
3374,7/22/2026 12:06,7.24,74.46,-23.52,,,,,
3375,7/22/2026 12:21,7.23,74.86,-22.89,,,,,
3376,7/22/2026 12:36,7.24,75.25,-23.81,,,,,
3377,7/22/2026 12:51,7.15,75.72,-18.44,,,,,
3378,7/22/2026 13:06,7.26,76.21,-24.47,,,,,
3379,7/22/2026 13:21,7.23,76.51,-23.11,,,,,
3380,7/22/2026 13:36,7.1,76.21,-15.83,,,,,
3381,7/22/2026 13:51,7.08,75.94,-14.33,,,,,
3382,7/22/2026 14:06,7.08,76.06,-14.77,,,,,
3383,7/22/2026 14:21,7.17,76.46,-19.78,,,,,
3384,7/22/2026 14:36,7.21,76.59,-21.74,,,,,
3385,7/22/2026 14:51,7.2,76.33,-21.17,,,,,
3386,7/22/2026 15:06,7.21,75.94,-21.97,,,,,
3387,7/22/2026 15:21,7.24,75.81,-23.61,,,,,
3388,7/22/2026 15:36,7.24,75.81,-23.56,,,,,
3389,7/22/2026 15:51,7.29,75.69,-26.63,,,,,
3390,7/22/2026 16:06,7.38,75.47,-31.31,,,,,
3391,7/22/2026 16:21,7.43,75.25,-34.52,,,,,
3392,7/22/2026 16:36,7.49,74.82,-37.56,,,,,
3393,7/22/2026 16:51,7.52,74.25,-39.3,,,,,
3394,7/22/2026 17:06,7.57,73.81,-42.38,,,,,
3395,7/22/2026 17:21,7.62,73.6,-44.69,,,,,
3396,7/22/2026 17:36,7.68,73.56,-48.38,,,,,
3397,7/22/2026 17:51,7.7,73.56,-49.63,,,,,
3398,7/22/2026 18:06,7.74,73.44,-51.38,,,,,
3399,7/22/2026 18:21,7.74,73.35,-51.78,,,,,
3400,7/22/2026 18:36,7.71,73.29,-49.95,,,,,
3401,7/22/2026 18:51,7.71,73.22,-49.77,,,,,
3402,7/22/2026 19:06,7.73,73.08,-50.86,,,,,
3403,7/22/2026 19:21,7.67,72.95,-47.88,,,,,
3404,7/22/2026 19:36,7.61,73,-44.24,,,,,
3405,7/22/2026 19:51,7.66,73.44,-47.05,,,,,
3406,7/22/2026 20:06,7.65,73.65,-46.42,,,,,
3407,7/22/2026 20:21,7.59,73.78,-43.27,,,,,
3408,7/22/2026 20:36,7.56,73.94,-41.44,,,,,
3409,7/22/2026 20:51,7.51,74.21,-38.61,,,,,
3410,7/22/2026 21:06,7.46,74.37,-36.02,,,,,
3411,7/22/2026 21:21,7.43,74.46,-34.45,,,,,
3412,7/22/2026 21:36,7.4,74.55,-32.39,,,,,
3413,7/22/2026 21:51,7.36,74.64,-30.56,,,,,
3414,7/22/2026 22:06,7.34,74.77,-28.94,,,,,
3415,7/22/2026 22:21,7.3,74.86,-26.99,,,,,
3416,7/22/2026 22:36,7.26,74.89,-24.42,,,,,
3417,7/22/2026 22:51,7.21,74.98,-22.11,,,,,
3418,7/22/2026 23:06,7.16,74.86,-18.98,,,,,
3419,7/22/2026 23:21,7.13,74.77,-17.39,,,,,
3420,7/22/2026 23:36,7.11,74.82,-16.33,,,,,
3421,7/22/2026 23:51,7.09,74.86,-15.27,,,,,
3422,7/23/2026 0:06,7.07,74.89,-14.09,,,,,
3423,7/23/2026 0:21,7.04,74.86,-12.25,,,,,
3424,7/23/2026 0:36,7.01,74.86,-10.64,,,,,
3425,7/23/2026 0:51,6.99,74.86,-9.16,,,,,
3426,7/23/2026 1:06,6.97,74.86,-8.16,,,,,
3427,7/23/2026 1:21,6.95,74.77,-7.25,,,,,
3428,7/23/2026 1:36,6.95,74.82,-7.19,,,,,
3429,7/23/2026 1:51,6.94,74.86,-6.84,,,,,
3430,7/23/2026 2:06,6.94,74.82,-6.77,,,,,
3431,7/23/2026 2:21,6.94,74.86,-6.58,,,,,
3432,7/23/2026 2:36,6.94,74.82,-6.55,,,,,
3433,7/23/2026 2:51,6.94,74.82,-6.58,,,,,
3434,7/23/2026 3:06,6.94,74.86,-6.8,,,,,
3435,7/23/2026 3:21,6.97,74.52,-8.55,,,,,
3436,7/23/2026 3:36,7,74.37,-9.78,,,,,
3437,7/23/2026 3:51,7.02,74.16,-11.09,,,,,
3438,7/23/2026 4:06,7.04,73.99,-12.13,,,,,
3439,7/23/2026 4:21,7.05,73.81,-12.94,,,,,
3440,7/23/2026 4:36,7.07,73.65,-13.8,,,,,
3441,7/23/2026 4:51,7.1,73.44,-15.52,,,,,
3442,7/23/2026 5:06,7.13,73.22,-17.56,,,,,
3443,7/23/2026 5:21,7.21,72.91,-21.81,,,,,
3444,7/23/2026 5:36,7.26,72.61,-24.64,,,,,
3445,7/23/2026 5:51,7.31,72.39,-27.22,,,,,
3446,7/23/2026 6:06,7.34,72.23,-29.03,,,,,
3447,7/23/2026 6:21,7.37,72.01,-30.86,,,,,
3448,7/23/2026 6:36,7.42,71.74,-33.44,,,,,
3449,7/23/2026 6:51,7.43,71.53,-34.25,,,,,
3450,7/23/2026 7:06,7.47,71.28,-36.3,,,,,
3451,7/23/2026 7:21,7.43,71.15,-34.25,,,,,
3452,7/23/2026 7:36,7.41,71.02,-33.09,,,,,
3453,7/23/2026 7:51,7.4,70.97,-32.53,,,,,
3454,7/23/2026 8:06,7.42,70.97,-33.38,,,,,
3455,7/23/2026 8:21,7.42,71.49,-33.3,,,,,
3456,7/23/2026 8:36,7.42,71.31,-33.58,,,,,
3457,7/23/2026 8:51,7.39,71.74,-31.83,,,,,
3458,7/23/2026 9:06,7.38,72.01,-31.59,,,,,
3459,7/23/2026 9:21,7.38,71.83,-31.55,,,,,
3460,7/23/2026 9:36,7.35,72.14,-29.89,,,,,
3461,7/23/2026 9:51,7.35,72.23,-29.91,,,,,
3462,7/23/2026 10:06,7.35,72.45,-29.7,,,,,
3463,7/23/2026 10:21,7.34,72.79,-28.92,,,,,
3464,7/23/2026 10:36,7.33,73,-28.72,,,,,
3465,7/23/2026 10:51,7.31,73.29,-27.66,,,,,
3466,7/23/2026 11:06,7.33,73.47,-28.52,,,,,
3467,7/23/2026 11:21,7.37,73.65,-30.94,,,,,
3468,7/23/2026 11:36,7.38,73.94,-31.22,,,,,
3469,7/23/2026 11:51,7.38,74.21,-31.55,,,,,
3470,7/23/2026 12:06,7.37,74.52,-30.8,,,,,
3471,7/23/2026 12:21,7.33,74.86,-28.78,,,,,
3472,7/23/2026 12:36,7.32,75.2,-27.91,,,,,
3473,7/23/2026 12:51,7.3,75.54,-27.19,,,,,
3474,7/23/2026 13:06,7.26,75.94,-24.55,,,,,
3475,7/23/2026 13:21,7.27,76.33,-25.36,,,,,
3476,7/23/2026 13:36,7.32,76.82,-27.94,,,,,
3477,7/23/2026 13:51,7.35,77.47,-30.03,,,,,
3478,7/23/2026 14:06,7.37,77.95,-31.03,,,,,
3479,7/23/2026 14:21,7.37,78.3,-30.97,,,,,
3480,7/23/2026 14:36,7.22,78.08,-22.75,,,,,
3481,7/23/2026 14:51,7.18,76.86,-20.34,,,,,
3482,7/23/2026 15:06,7.23,77.16,-23.27,,,,,
3483,7/23/2026 15:21,7.24,76.89,-23.31,,,,,
3484,7/23/2026 15:36,7.24,76.95,-23.34,,,,,
3485,7/23/2026 15:51,7.25,76.59,-24.33,,,,,
3486,7/23/2026 16:06,7.27,76.46,-25.22,,,,,
3487,7/23/2026 16:21,7.29,76.37,-26.66,,,,,
3488,7/23/2026 16:36,7.33,76.28,-28.58,,,,,
3489,7/23/2026 16:51,7.37,75.99,-30.97,,,,,
3490,7/23/2026 17:06,7.43,75.72,-34.45,,,,,
3491,7/23/2026 17:21,7.5,75.51,-38,,,,,
3492,7/23/2026 17:36,7.56,75.11,-41.35,,,,,
3493,7/23/2026 17:51,7.6,74.77,-43.78,,,,,
3494,7/23/2026 18:06,7.64,74.37,-45.92,,,,,
3495,7/23/2026 18:21,7.72,74.21,-50.39,,,,,
3496,7/23/2026 18:36,7.75,74.16,-52.42,,,,,
3497,7/23/2026 18:51,7.79,74.08,-54.47,,,,,
3498,7/23/2026 19:06,7.8,73.99,-55.03,,,,,
3499,7/23/2026 19:21,7.82,73.87,-56.11,,,,,
3500,7/23/2026 19:36,7.82,73.72,-56.41,,,,,
3501,7/23/2026 19:51,7.77,73.65,-53.22,,,,,
3502,7/23/2026 20:06,7.68,73.65,-48.16,,,,,
3503,7/23/2026 20:21,7.65,73.6,-46.41,,,,,
3504,7/23/2026 20:36,7.62,73.81,-45.08,,,,,
3505,7/23/2026 20:51,7.7,73.81,-49.27,,,,,
3506,7/23/2026 21:06,7.7,73.78,-49.53,,,,,
3507,7/23/2026 21:21,7.66,73.81,-47.42,,,,,
3508,7/23/2026 21:36,7.61,73.9,-44.38,,,,,
3509,7/23/2026 21:51,7.56,74.03,-41.72,,,,,
3510,7/23/2026 22:06,7.52,74.16,-39.34,,,,,
3511,7/23/2026 22:21,7.48,74.3,-36.78,,,,,
3512,7/23/2026 22:36,7.44,74.37,-34.8,,,,,
3513,7/23/2026 22:51,7.4,74.46,-32.7,,,,,
3514,7/23/2026 23:06,7.37,74.55,-30.8,,,,,
3515,7/23/2026 23:21,7.34,74.64,-29.02,,,,,
3516,7/23/2026 23:36,7.31,74.64,-27.28,,,,,
3517,7/23/2026 23:51,7.27,74.55,-25.33,,,,,
3518,7/24/2026 0:06,7.23,74.52,-22.75,,,,,
3519,7/24/2026 0:21,7.2,74.59,-21.19,,,,,
3520,7/24/2026 0:36,7.2,74.64,-21.25,,,,,
3521,7/24/2026 0:51,7.15,74.59,-18.47,,,,,
3522,7/24/2026 1:06,7.11,74.59,-16.38,,,,,
3523,7/24/2026 1:21,7.09,74.59,-14.92,,,,,
3524,7/24/2026 1:36,7.06,74.52,-13.33,,,,,
3525,7/24/2026 1:51,7.04,74.46,-12.33,,,,,
3526,7/24/2026 2:06,7.03,74.43,-11.77,,,,,
3527,7/24/2026 2:21,7.02,74.37,-10.98,,,,,
3528,7/24/2026 2:36,7.01,74.46,-10.5,,,,,
3529,7/24/2026 2:51,7.01,74.37,-10.52,,,,,
3530,7/24/2026 3:06,7.01,74.37,-10.3,,,,,
3531,7/24/2026 3:21,7,74.3,-10.16,,,,,
3532,7/24/2026 3:36,7,74.25,-10.19,,,,,
3533,7/24/2026 3:51,7,74.3,-10.06,,,,,
3534,7/24/2026 4:06,7,74.34,-10.25,,,,,
3535,7/24/2026 4:21,7.02,74.03,-11.08,,,,,
3536,7/24/2026 4:36,7.04,73.9,-12.41,,,,,
3537,7/24/2026 4:51,7.06,73.65,-13.16,,,,,
3538,7/24/2026 5:06,7.08,73.47,-14.33,,,,,
3539,7/24/2026 5:21,7.09,73.35,-15.22,,,,,
3540,7/24/2026 5:36,7.1,73.26,-15.73,,,,,
3541,7/24/2026 5:51,7.13,73.13,-17.33,,,,,
3542,7/24/2026 6:06,7.15,72.95,-18.58,,,,,
3543,7/24/2026 6:21,7.23,72.79,-22.81,,,,,
3544,7/24/2026 6:36,7.3,72.57,-26.8,,,,,
3545,7/24/2026 6:51,7.36,72.39,-29.97,,,,,
3546,7/24/2026 7:06,7.4,72.23,-32.31,,,,,
3547,7/24/2026 7:21,7.43,72.09,-34.2,,,,,
3548,7/24/2026 7:36,7.47,71.92,-36.44,,,,,
3549,7/24/2026 7:51,7.51,71.71,-38.72,,,,,
3550,7/24/2026 8:06,7.53,71.53,-39.74,,,,,
3551,7/24/2026 8:21,7.52,71.4,-39.42,,,,,
3552,7/24/2026 8:36,7.52,71.31,-39.22,,,,,
3553,7/24/2026 8:51,7.51,71.28,-38.81,,,,,
3554,7/24/2026 9:06,7.48,71.31,-36.91,,,,,
3555,7/24/2026 9:21,7.5,71.31,-37.92,,,,,
3556,7/24/2026 9:36,7.52,71.58,-39.3,,,,,
3557,7/24/2026 9:51,7.53,71.71,-39.72,,,,,
3558,7/24/2026 10:06,7.53,71.83,-39.55,,,,,
3559,7/24/2026 10:21,7.51,71.92,-38.78,,,,,
3560,7/24/2026 10:36,7.51,72.36,-38.39,,,,,
3561,7/24/2026 10:51,7.5,72.86,-38,,,,,
3562,7/24/2026 11:06,7.5,72.73,-38.2,,,,,
3563,7/24/2026 11:21,7.47,72.73,-36.33,,,,,
3564,7/24/2026 11:36,7.5,73.26,-38.39,,,,,
3565,7/24/2026 11:51,7.53,73.87,-40.05,,,,,
3566,7/24/2026 12:06,7.55,74.3,-41.1,,,,,
3567,7/24/2026 12:21,7.57,74.68,-42.2,,,,,
3568,7/24/2026 12:36,7.58,75.42,-42.83,,,,,
3569,7/24/2026 12:51,7.58,75.63,-42.95,,,,,
3570,7/24/2026 13:06,7.58,75.94,-42.91,,,,,
3571,7/24/2026 13:21,7.57,76.46,-42.2,,,,,
3572,7/24/2026 13:36,7.5,76.68,-38.55,,,,,
3573,7/24/2026 13:51,7.46,76.86,-36.19,,,,,
3574,7/24/2026 14:06,7.45,77.29,-35.58,,,,,
3575,7/24/2026 14:21,7.44,77.77,-34.84,,,,,
3576,7/24/2026 14:36,7.44,78.26,-34.8,,,,,
3577,7/24/2026 14:51,7.42,78.3,-33.7,,,,,
3578,7/24/2026 15:06,7.38,78.39,-31.64,,,,,
3579,7/24/2026 15:21,7.25,77.99,-24.05,,,,,
3580,7/24/2026 15:36,7.24,77.56,-23.74,,,,,
3581,7/24/2026 15:51,7.23,77.65,-23.13,,,,,
3582,7/24/2026 16:06,7.3,77.99,-26.83,,,,,
3583,7/24/2026 16:21,7.29,77.77,-26.7,,,,,
3584,7/24/2026 16:36,7.32,77.5,-27.92,,,,,
3585,7/24/2026 16:51,7.34,77.29,-29.39,,,,,
3586,7/24/2026 17:06,7.36,77.2,-30.56,,,,,
3587,7/24/2026 17:21,7.39,76.98,-32.27,,,,,
3588,7/24/2026 17:36,7.43,76.98,-34.44,,,,,
3589,7/24/2026 17:51,7.47,76.86,-36.44,,,,,
3590,7/24/2026 18:06,7.54,76.46,-40.39,,,,,
3591,7/24/2026 18:21,7.61,76.06,-44.55,,,,,
3592,7/24/2026 18:36,7.65,75.69,-46.85,,,,,
3593,7/24/2026 18:51,7.7,75.38,-49.63,,,,,
3594,7/24/2026 19:06,7.76,74.98,-52.99,,,,,
3595,7/24/2026 19:21,7.82,74.82,-56.41,,,,,
3596,7/24/2026 19:36,7.86,74.64,-58.66,,,,,
3597,7/24/2026 19:51,7.87,74.52,-58.88,,,,,
3598,7/24/2026 20:06,7.87,74.34,-59.25,,,,,
3599,7/24/2026 20:21,7.87,74.16,-58.97,,,,,
3600,7/24/2026 20:36,7.83,74.08,-56.7,,,,,
3601,7/24/2026 20:51,7.77,74.03,-53.44,,,,,
3602,7/24/2026 21:06,7.72,74.03,-50.83,,,,,
3603,7/24/2026 21:21,7.68,74.12,-48.3,,,,,
3604,7/24/2026 21:36,7.72,74.3,-50.64,,,,,
3605,7/24/2026 21:51,7.75,74.34,-52.2,,,,,
3606,7/24/2026 22:06,7.71,74.46,-50.14,,,,,
3607,7/24/2026 22:21,7.68,74.55,-48.16,,,,,
3608,7/24/2026 22:36,7.64,74.68,-46.16,,,,,
3609,7/24/2026 22:51,7.6,74.82,-43.77,,,,,
3610,7/24/2026 23:06,7.56,74.98,-41.56,,,,,
3611,7/24/2026 23:21,7.53,75.07,-39.78,,,,,
3612,7/24/2026 23:36,7.49,75.16,-37.47,,,,,
3613,7/24/2026 23:51,7.46,75.25,-35.89,,,,,
3614,7/25/2026 0:06,7.43,75.25,-34.17,,,,,
3615,7/25/2026 0:21,7.39,75.33,-32.25,,,,,
3616,7/25/2026 0:36,7.36,75.33,-30.52,,,,,
3617,7/25/2026 0:51,7.35,75.16,-29.53,,,,,
3618,7/25/2026 1:06,7.3,75.11,-26.92,,,,,
3619,7/25/2026 1:21,7.27,75.16,-25.03,,,,,
3620,7/25/2026 1:36,7.25,75.2,-24.28,,,,,
3621,7/25/2026 1:51,7.21,75.16,-21.72,,,,,
3622,7/25/2026 2:06,7.16,75.11,-19,,,,,
3623,7/25/2026 2:21,7.12,75.07,-16.59,,,,,
3624,7/25/2026 2:36,7.09,74.95,-14.8,,,,,
3625,7/25/2026 2:51,7.07,74.89,-13.81,,,,,
3626,7/25/2026 3:06,7.05,74.89,-12.95,,,,,
3627,7/25/2026 3:21,7.03,74.82,-11.92,,,,,
3628,7/25/2026 3:36,7.02,74.82,-11.38,,,,,
3629,7/25/2026 3:51,7.02,74.77,-10.98,,,,,
3630,7/25/2026 4:06,7.02,74.77,-10.91,,,,,
3631,7/25/2026 4:21,7.01,74.68,-10.78,,,,,
3632,7/25/2026 4:36,7.02,74.68,-11.14,,,,,
3633,7/25/2026 4:51,7.02,74.77,-11.39,,,,,
3634,7/25/2026 5:06,7.03,74.55,-11.45,,,,,
3635,7/25/2026 5:21,7.06,74.37,-13.53,,,,,
3636,7/25/2026 5:36,7.07,74.3,-14.06,,,,,
3637,7/25/2026 5:51,7.1,74.03,-15.38,,,,,
3638,7/25/2026 6:06,7.12,73.99,-16.66,,,,,
3639,7/25/2026 6:21,7.13,73.9,-17.55,,,,,
3640,7/25/2026 6:36,7.15,73.87,-18.67,,,,,
3641,7/25/2026 6:51,7.19,73.72,-20.53,,,,,
3642,7/25/2026 7:06,7.21,73.6,-21.75,,,,,
3643,7/25/2026 7:21,7.31,73.44,-27.69,,,,,
3644,7/25/2026 7:36,7.38,73.26,-31.38,,,,,
3645,7/25/2026 7:51,7.45,73.13,-35.22,,,,,
3646,7/25/2026 8:06,7.49,73,-37.83,,,,,
3647,7/25/2026 8:21,7.54,72.91,-40.47,,,,,
3648,7/25/2026 8:36,7.59,72.7,-43.11,,,,,
3649,7/25/2026 8:51,7.61,72.48,-44.39,,,,,
3650,7/25/2026 9:06,7.64,72.3,-46.06,,,,,
3651,7/25/2026 9:21,7.64,72.23,-46.08,,,,,
3652,7/25/2026 9:36,7.62,72.18,-44.85,,,,,
3653,7/25/2026 9:51,7.61,72.14,-44.02,,,,,
3654,7/25/2026 10:06,7.59,72.23,-43.19,,,,,
3655,7/25/2026 10:21,7.6,72.39,-43.83,,,,,
3656,7/25/2026 10:36,7.62,72.45,-44.8,,,,,
3657,7/25/2026 10:51,7.63,72.91,-45.17,,,,,
3658,7/25/2026 11:06,7.61,72.86,-44.27,,,,,
3659,7/25/2026 11:21,7.6,72.91,-43.6,,,,,
3660,7/25/2026 11:36,7.59,73.17,-43.17,,,,,
3661,7/25/2026 11:51,7.59,73.22,-43.02,,,,,
3662,7/25/2026 12:06,7.6,73.51,-43.61,,,,,
3663,7/25/2026 12:21,7.58,74.08,-42.74,,,,,
3664,7/25/2026 12:36,7.59,74.21,-43.45,,,,,
3665,7/25/2026 12:51,7.62,74.73,-44.89,,,,,
3666,7/25/2026 13:06,7.65,75.25,-46.52,,,,,
3667,7/25/2026 13:21,7.62,75.72,-44.92,,,,,
3668,7/25/2026 13:36,7.63,76.24,-45.5,,,,,
3669,7/25/2026 13:51,7.64,76.77,-46.33,,,,,
3670,7/25/2026 14:06,7.6,77.04,-44.13,,,,,
3671,7/25/2026 14:21,7.59,77.29,-43.17,,,,,
3672,7/25/2026 14:36,7.56,77.41,-41.77,,,,,
3673,7/25/2026 14:51,7.54,77.72,-40.49,,,,,
3674,7/25/2026 15:06,7.51,77.95,-38.77,,,,,
3675,7/25/2026 15:21,7.49,78.21,-37.77,,,,,
3676,7/25/2026 15:36,7.46,78.57,-36.31,,,,,
3677,7/25/2026 15:51,7.46,78.64,-35.97,,,,,
3678,7/25/2026 16:06,7.34,78.42,-29.11,,,,,
3679,7/25/2026 16:21,7.3,78.17,-27,,,,,
3680,7/25/2026 16:36,7.32,77.99,-28.05,,,,,
3681,7/25/2026 16:51,7.3,78.03,-26.77,,,,,
3682,7/25/2026 17:06,7.36,77.95,-30.53,,,,,
3683,7/25/2026 17:21,7.36,77.81,-30.7,,,,,
3684,7/25/2026 17:36,7.39,77.5,-32.27,,,,,
3685,7/25/2026 17:51,7.44,77.25,-34.8,,,,,
3686,7/25/2026 18:06,7.47,77.11,-36.49,,,,,
3687,7/25/2026 18:21,7.51,76.95,-38.8,,,,,
3688,7/25/2026 18:36,7.54,76.86,-40.83,,,,,
3689,7/25/2026 18:51,7.59,76.51,-43.56,,,,,
3690,7/25/2026 19:06,7.65,76.06,-47.02,,,,,
3691,7/25/2026 19:21,7.7,75.78,-49.83,,,,,
3692,7/25/2026 19:36,7.74,75.47,-52.02,,,,,
3693,7/25/2026 19:51,7.78,75.07,-54,,,,,
3694,7/25/2026 20:06,7.82,74.82,-56.08,,,,,
3695,7/25/2026 20:21,7.86,74.55,-58.55,,,,,
3696,7/25/2026 20:36,7.88,74.37,-59.53,,,,,
3697,7/25/2026 20:51,7.88,74.25,-59.6,,,,,
3698,7/25/2026 21:06,7.87,74.12,-59.17,,,,,
3699,7/25/2026 21:21,7.86,73.99,-58.58,,,,,
3700,7/25/2026 21:36,7.82,73.94,-56.11,,,,,
3701,7/25/2026 21:51,7.76,73.87,-52.78,,,,,
3702,7/25/2026 22:06,7.71,73.81,-50.19,,,,,
3703,7/25/2026 22:21,7.66,73.9,-47.3,,,,,
3704,7/25/2026 22:36,7.74,74.03,-51.45,,,,,
3705,7/25/2026 22:51,7.76,74.03,-52.64,,,,,
3706,7/25/2026 23:06,7.73,74.16,-50.89,,,,,
3707,7/25/2026 23:21,7.7,74.34,-49.33,,,,,
3708,7/25/2026 23:36,7.66,74.43,-47.28,,,,,
3709,7/25/2026 23:51,7.62,74.55,-45,,,,,
3710,7/26/2026 0:06,7.59,74.64,-43.06,,,,,
3711,7/26/2026 0:21,7.55,74.68,-40.97,,,,,
3712,7/26/2026 0:36,7.52,74.77,-39.25,,,,,
3713,7/26/2026 0:51,7.49,74.82,-37.56,,,,,
3714,7/26/2026 1:06,7.45,74.86,-35.56,,,,,
3715,7/26/2026 1:21,7.42,74.89,-33.59,,,,,
3716,7/26/2026 1:36,7.4,74.82,-32.34,,,,,
3717,7/26/2026 1:51,7.36,74.73,-30.25,,,,,
3718,7/26/2026 2:06,7.32,74.64,-27.86,,,,,
3719,7/26/2026 2:21,7.28,74.59,-25.99,,,,,
3720,7/26/2026 2:36,7.25,74.55,-24.28,,,,,
3721,7/26/2026 2:51,7.21,74.43,-21.69,,,,,
3722,7/26/2026 3:06,7.17,74.34,-19.47,,,,,
3723,7/26/2026 3:21,7.13,74.21,-17.31,,,,,
3724,7/26/2026 3:36,7.12,74.12,-16.86,,,,,
3725,7/26/2026 3:51,7.1,73.94,-15.42,,,,,
3726,7/26/2026 4:06,7.07,73.72,-13.92,,,,,
3727,7/26/2026 4:21,7.05,73.6,-12.78,,,,,
3728,7/26/2026 4:36,7.04,73.47,-12.36,,,,,
3729,7/26/2026 4:51,7.03,73.35,-11.78,,,,,
3730,7/26/2026 5:06,7.02,73.26,-11.3,,,,,
3731,7/26/2026 5:21,7.03,73.17,-11.42,,,,,
3732,7/26/2026 5:36,7.03,73.22,-11.66,,,,,
3733,7/26/2026 5:51,7.04,73.26,-12.22,,,,,
3734,7/26/2026 6:06,7.07,73.08,-13.75,,,,,
3735,7/26/2026 6:21,7.09,73.08,-15.03,,,,,
3736,7/26/2026 6:36,7.11,72.91,-16.17,,,,,
3737,7/26/2026 6:51,7.14,72.95,-17.95,,,,,
3738,7/26/2026 7:06,7.17,72.95,-19.38,,,,,
3739,7/26/2026 7:21,7.19,72.95,-20.49,,,,,
3740,7/26/2026 7:36,7.22,73,-22.17,,,,,
3741,7/26/2026 7:51,7.25,73,-23.94,,,,,
3742,7/26/2026 8:06,7.33,73,-28.72,,,,,
3743,7/26/2026 8:21,7.4,72.91,-32.28,,,,,
3744,7/26/2026 8:36,7.46,72.86,-35.7,,,,,
3745,7/26/2026 8:51,7.51,72.82,-38.7,,,,,
3746,7/26/2026 9:06,7.56,72.79,-41.5,,,,,
3747,7/26/2026 9:21,7.62,72.61,-44.61,,,,,
3748,7/26/2026 9:36,7.66,72.45,-47.3,,,,,
3749,7/26/2026 9:51,7.69,72.3,-48.94,,,,,
3750,7/26/2026 10:06,7.7,72.23,-49.58,,,,,
3751,7/26/2026 10:21,7.68,72.23,-48.02,,,,,
3752,7/26/2026 10:36,7.64,72.18,-46.1,,,,,
3753,7/26/2026 10:51,7.62,72.23,-45.06,,,,,
3754,7/26/2026 11:06,7.67,72.61,-47.47,,,,,
3755,7/26/2026 11:21,7.66,72.82,-47.28,,,,,
3756,7/26/2026 11:36,7.63,73.04,-45.52,,,,,
3757,7/26/2026 11:51,7.63,73.13,-45.44,,,,,
3758,7/26/2026 12:06,7.62,72.95,-44.6,,,,,
3759,7/26/2026 12:21,7.61,73.08,-44.5,,,,,
3760,7/26/2026 12:36,7.62,74.03,-44.88,,,,,
3761,7/26/2026 12:51,7.62,74.12,-44.66,,,,,
3762,7/26/2026 13:06,7.6,74.3,-43.89,,,,,
3763,7/26/2026 13:21,7.6,74.77,-43.77,,,,,
3764,7/26/2026 13:36,7.6,75.11,-43.74,,,,,
3765,7/26/2026 13:51,7.59,75.51,-43.16,,,,,
3766,7/26/2026 14:06,7.54,75.85,-40.27,,,,,
3767,7/26/2026 14:21,7.5,76.06,-38.53,,,,,
3768,7/26/2026 14:36,7.53,76.12,-40.09,,,,,
3769,7/26/2026 14:51,7.55,76.12,-40.95,,,,,
3770,7/26/2026 15:06,7.53,76.24,-40.13,,,,,
3771,7/26/2026 15:21,7.5,76.33,-38.3,,,,,
3772,7/26/2026 15:36,7.46,76.37,-36.27,,,,,
3773,7/26/2026 15:51,7.45,76.46,-35.38,,,,,
3774,7/26/2026 16:06,7.42,76.59,-33.74,,,,,
3775,7/26/2026 16:21,7.38,76.68,-31.52,,,,,
3776,7/26/2026 16:36,7.36,76.82,-30.36,,,,,
3777,7/26/2026 16:51,7.31,76.73,-27.77,,,,,
3778,7/26/2026 17:06,7.31,76.68,-27.5,,,,,
3779,7/26/2026 17:21,7.28,76.64,-26.11,,,,,
3780,7/26/2026 17:36,7.27,76.59,-25.41,,,,,
3781,7/26/2026 17:51,7.31,76.86,-27.72,,,,,
3782,7/26/2026 18:06,7.36,76.64,-30.49,,,,,
3783,7/26/2026 18:21,7.37,76.55,-30.89,,,,,
3784,7/26/2026 18:36,7.41,76.42,-33.3,,,,,
3785,7/26/2026 18:51,7.46,76.28,-35.8,,,,,
3786,7/26/2026 19:06,7.5,76.12,-38.14,,,,,
3787,7/26/2026 19:21,7.53,75.99,-40.09,,,,,
3788,7/26/2026 19:36,7.58,75.72,-42.69,,,,,
3789,7/26/2026 19:51,7.63,75.38,-45.74,,,,,
3790,7/26/2026 20:06,7.68,75.04,-48.53,,,,,
3791,7/26/2026 20:21,7.72,74.73,-50.44,,,,,
3792,7/26/2026 20:36,7.76,74.46,-52.72,,,,,
3793,7/26/2026 20:51,7.78,74.25,-54.13,,,,,
3794,7/26/2026 21:06,7.81,74.08,-55.52,,,,,
3795,7/26/2026 21:21,7.82,73.94,-56.35,,,,,
3796,7/26/2026 21:36,7.83,73.81,-57.02,,,,,
3797,7/26/2026 21:51,7.86,73.65,-58.27,,,,,
3798,7/26/2026 22:06,7.86,73.56,-58.13,,,,,
3799,7/26/2026 22:21,7.87,73.38,-58.75,,,,,
3800,7/26/2026 22:36,7.86,73.22,-58.53,,,,,
3801,7/26/2026 22:51,7.79,73.17,-54.44,,,,,
3802,7/26/2026 23:06,7.75,73.17,-51.91,,,,,
3803,7/26/2026 23:21,7.78,73.44,-54.16,,,,,
3804,7/26/2026 23:36,7.79,73.47,-54.41,,,,,
3805,7/26/2026 23:51,7.76,73.51,-52.66,,,,,
3806,7/27/2026 0:06,7.72,73.65,-50.69,,,,,
3807,7/27/2026 0:21,7.7,73.72,-49.19,,,,,
3808,7/27/2026 0:36,7.66,73.78,-47.38,,,,,
3809,7/27/2026 0:51,7.62,73.81,-44.92,,,,,
3810,7/27/2026 1:06,7.59,73.87,-43.16,,,,,
3811,7/27/2026 1:21,7.55,73.9,-41.03,,,,,
3812,7/27/2026 1:36,7.51,73.94,-38.83,,,,,
3813,7/27/2026 1:51,7.48,73.94,-36.83,,,,,
3814,7/27/2026 2:06,7.44,73.94,-34.78,,,,,
3815,7/27/2026 2:21,7.4,73.87,-32.64,,,,,
3816,7/27/2026 2:36,7.37,73.78,-30.7,,,,,
3817,7/27/2026 2:51,7.34,73.6,-29.09,,,,,
3818,7/27/2026 3:06,7.31,73.47,-27.53,,,,,
3819,7/27/2026 3:21,7.27,73.38,-25.27,,,,,
3820,7/27/2026 3:36,7.24,73.22,-23.44,,,,,
3821,7/27/2026 3:51,7.21,73.13,-21.67,,,,,
3822,7/27/2026 4:06,7.17,72.95,-19.56,,,,,
3823,7/27/2026 4:21,7.14,72.73,-18.06,,,,,
3824,7/27/2026 4:36,7.09,72.57,-15.22,,,,,
3825,7/27/2026 4:51,7.05,72.27,-12.67,,,,,
3826,7/27/2026 5:06,7.05,72.05,-12.98,,,,,
3827,7/27/2026 5:21,7.05,71.8,-12.66,,,,,
3828,7/27/2026 5:36,7.03,71.58,-11.77,,,,,
3829,7/27/2026 5:51,7.02,71.4,-11.17,,,,,
3830,7/27/2026 6:06,7.03,71.58,-11.86,,,,,
3831,7/27/2026 6:21,7.03,71.53,-11.94,,,,,
3832,7/27/2026 6:36,7.04,71.53,-12.03,,,,,
3833,7/27/2026 6:51,7.07,71.58,-13.81,,,,,
3834,7/27/2026 7:06,7.09,71.65,-14.8,,,,,
3835,7/27/2026 7:21,7.11,71.74,-16.2,,,,,
3836,7/27/2026 7:36,7.15,71.83,-18.25,,,,,
3837,7/27/2026 7:51,7.17,72.01,-19.63,,,,,
3838,7/27/2026 8:06,7.19,72.09,-20.74,,,,,
3839,7/27/2026 8:21,7.23,72.23,-23.16,,,,,
3840,7/27/2026 8:36,7.27,72.39,-25.2,,,,,
3841,7/27/2026 8:51,7.34,72.52,-29.22,,,,,
3842,7/27/2026 9:06,7.42,72.48,-33.84,,,,,
3843,7/27/2026 9:21,7.47,72.52,-36.63,,,,,
3844,7/27/2026 9:36,7.54,72.52,-40.59,,,,,
3845,7/27/2026 9:51,7.61,72.48,-44.1,,,,,
3846,7/27/2026 10:06,7.65,72.39,-46.3,,,,,
3847,7/27/2026 10:21,7.68,72.3,-48.28,,,,,
3848,7/27/2026 10:36,7.7,72.27,-49.49,,,,,
3849,7/27/2026 10:51,7.7,72.18,-49.1,,,,,
3850,7/27/2026 11:06,7.72,72.09,-50.2,,,,,
3851,7/27/2026 11:21,7.71,72.05,-50.05,,,,,
3852,7/27/2026 11:36,7.69,72.09,-48.58,,,,,
3853,7/27/2026 11:51,7.63,72.3,-45.49,,,,,
3854,7/27/2026 12:06,7.69,72.91,-48.97,,,,,
3855,7/27/2026 12:21,7.72,73.6,-50.49,,,,,
3856,7/27/2026 12:36,7.68,73.56,-48.39,,,,,
3857,7/27/2026 12:51,7.66,73.29,-47.13,,,,,
3858,7/27/2026 13:06,7.62,73.35,-44.88,,,,,
3859,7/27/2026 13:21,7.61,73.47,-44.16,,,,,
3860,7/27/2026 13:36,7.61,73.6,-44.42,,,,,
3861,7/27/2026 13:51,7.58,74.21,-42.63,,,,,
3862,7/27/2026 14:06,7.58,74.95,-42.55,,,,,
3863,7/27/2026 14:21,7.56,75.11,-41.53,,,,,
3864,7/27/2026 14:36,7.54,75.29,-40.52,,,,,
3865,7/27/2026 14:51,7.56,75.6,-41.67,,,,,
3866,7/27/2026 15:06,7.57,75.85,-42.41,,,,,
3867,7/27/2026 15:21,7.57,75.99,-42.38,,,,,
3868,7/27/2026 15:36,7.52,76.06,-39.27,,,,,
3869,7/27/2026 15:51,7.48,76.06,-37.34,,,,,
3870,7/27/2026 16:06,7.45,76.12,-35.69,,,,,
3871,7/27/2026 16:21,7.42,76.12,-33.58,,,,,
3872,7/27/2026 16:36,7.38,76.15,-31.67,,,,,
3873,7/27/2026 16:51,7.36,76.15,-30.16,,,,,
3874,7/27/2026 17:06,7.32,76.21,-28.28,,,,,
3875,7/27/2026 17:21,7.31,76.24,-27.64,,,,,
3876,7/27/2026 17:36,7.29,76.24,-26.17,,,,,
3877,7/27/2026 17:51,7.25,76.03,-24.3,,,,,
3878,7/27/2026 18:06,7.25,75.99,-24.09,,,,,
3879,7/27/2026 18:21,7.24,75.94,-23.55,,,,,
3880,7/27/2026 18:36,7.26,75.94,-24.49,,,,,
3881,7/27/2026 18:51,7.29,75.9,-26.25,,,,,
3882,7/27/2026 19:06,7.31,75.81,-27.67,,,,,
3883,7/27/2026 19:21,7.36,75.72,-30.38,,,,,
3884,7/27/2026 19:36,7.38,75.63,-31.36,,,,,
3885,7/27/2026 19:51,7.41,75.6,-33.28,,,,,
3886,7/27/2026 20:06,7.48,75.42,-36.86,,,,,
3887,7/27/2026 20:21,7.53,75.16,-39.66,,,,,
3888,7/27/2026 20:36,7.6,74.82,-43.94,,,,,
3889,7/27/2026 20:51,7.66,74.52,-47.25,,,,,
3890,7/27/2026 21:06,7.69,74.25,-48.69,,,,,
3891,7/27/2026 21:21,7.72,73.99,-50.66,,,,,
3892,7/27/2026 21:36,7.75,73.78,-52.49,,,,,
3893,7/27/2026 21:51,7.79,73.65,-54.25,,,,,
3894,7/27/2026 22:06,7.81,73.47,-55.55,,,,,
3895,7/27/2026 22:21,7.83,73.35,-56.58,,,,,
3896,7/27/2026 22:36,7.84,73.26,-57.05,,,,,
3897,7/27/2026 22:51,7.85,73.08,-58.06,,,,,
3898,7/27/2026 23:06,7.85,72.95,-57.94,,,,,
3899,7/27/2026 23:21,7.83,72.79,-56.81,,,,,
3900,7/27/2026 23:36,7.79,72.7,-54.28,,,,,
3901,7/27/2026 23:51,7.69,72.64,-49.05,,,,,
3902,7/28/2026 0:06,7.74,72.86,-51.81,,,,,
3903,7/28/2026 0:21,7.76,73.04,-52.95,,,,,
3904,7/28/2026 0:36,7.77,73.22,-53.2,,,,,
3905,7/28/2026 0:51,7.71,73.26,-49.83,,,,,
3906,7/28/2026 1:06,7.65,73.38,-46.72,,,,,
3907,7/28/2026 1:21,7.61,73.47,-44.41,,,,,
3908,7/28/2026 1:36,7.58,73.56,-42.64,,,,,
3909,7/28/2026 1:51,7.53,73.56,-39.61,,,,,
3910,7/28/2026 2:06,7.48,73.6,-37.28,,,,,
3911,7/28/2026 2:21,7.45,73.65,-35.09,,,,,
3912,7/28/2026 2:36,7.4,73.69,-32.63,,,,,
3913,7/28/2026 2:51,7.36,73.72,-30.33,,,,,
3914,7/28/2026 3:06,7.32,73.72,-28.25,,,,,
3915,7/28/2026 3:21,7.29,73.6,-26.3,,,,,
3916,7/28/2026 3:36,7.25,73.44,-23.92,,,,,
3917,7/28/2026 3:51,7.22,73.35,-22.42,,,,,
3918,7/28/2026 4:06,7.21,73.26,-21.88,,,,,
3919,7/28/2026 4:21,7.17,73.22,-19.59,,,,,
3920,7/28/2026 4:36,7.14,73.08,-17.91,,,,,
3921,7/28/2026 4:51,7.1,72.95,-15.52,,,,,
3922,7/28/2026 5:06,7.08,72.82,-14.25,,,,,
3923,7/28/2026 5:21,7.06,72.7,-13.22,,,,,
3924,7/28/2026 5:36,7.05,72.52,-12.67,,,,,
3925,7/28/2026 5:51,7.03,72.39,-11.45,,,,,
3926,7/28/2026 6:06,7.02,72.3,-10.91,,,,,
3927,7/28/2026 6:21,7.01,72.18,-10.3,,,,,
3928,7/28/2026 6:36,7,72.14,-9.8,,,,,
3929,7/28/2026 6:51,7.01,72.09,-10.31,,,,,
3930,7/28/2026 7:06,7.01,71.96,-10.44,,,,,
3931,7/28/2026 7:21,7,72.01,-10.27,,,,,
3932,7/28/2026 7:36,7.04,72.23,-11.98,,,,,
3933,7/28/2026 7:51,7.05,72.36,-12.72,,,,,
3934,7/28/2026 8:06,7.07,72.48,-13.8,,,,,
3935,7/28/2026 8:21,7.09,72.57,-15.13,,,,,
3936,7/28/2026 8:36,7.11,72.61,-16.38,,,,,
3937,7/28/2026 8:51,7.14,72.79,-18.02,,,,,
3938,7/28/2026 9:06,7.18,72.91,-20.17,,,,,
3939,7/28/2026 9:21,7.26,73,-24.56,,,,,
3940,7/28/2026 9:36,7.34,73.04,-29.16,,,,,
3941,7/28/2026 9:51,7.41,73,-33.09,,,,,
3942,7/28/2026 10:06,7.47,72.95,-36.47,,,,,
3943,7/28/2026 10:21,7.52,72.91,-39.47,,,,,
3944,7/28/2026 10:36,7.59,72.86,-43.31,,,,,
3945,7/28/2026 10:51,7.64,72.79,-46.22,,,,,
3946,7/28/2026 11:06,7.67,72.79,-47.44,,,,,
3947,7/28/2026 11:21,7.68,72.82,-48.25,,,,,
3948,7/28/2026 11:36,7.68,72.79,-48.22,,,,,
3949,7/28/2026 11:51,7.71,72.79,-49.69,,,,,
3950,7/28/2026 12:06,7.68,72.79,-48.28,,,,,
3951,7/28/2026 12:21,7.63,72.82,-45.31,,,,,
3952,7/28/2026 12:36,7.65,73.08,-46.36,,,,,
3953,7/28/2026 12:51,7.66,73.51,-47.14,,,,,
3954,7/28/2026 13:06,7.63,73.9,-45.53,,,,,
3955,7/28/2026 13:21,7.66,74.25,-46.94,,,,,
3956,7/28/2026 13:36,7.65,74.46,-46.49,,,,,
3957,7/28/2026 13:51,7.63,74.73,-45.47,,,,,
3958,7/28/2026 14:06,7.59,75.04,-43.11,,,,,
3959,7/28/2026 14:21,7.55,75.11,-41.1,,,,,
3960,7/28/2026 14:36,7.55,75.16,-41.02,,,,,
3961,7/28/2026 14:51,7.53,75.42,-40.11,,,,,
3962,7/28/2026 15:06,7.51,75.47,-38.53,,,,,
3963,7/28/2026 15:21,7.51,75.72,-38.83,,,,,
3964,7/28/2026 15:36,7.45,75.99,-35.3,,,,,
3965,7/28/2026 15:51,7.44,76.06,-34.89,,,,,
3966,7/28/2026 16:06,7.39,76.21,-32.13,,,,,
3967,7/28/2026 16:21,7.34,76.03,-29.19,,,,,
3968,7/28/2026 16:36,7.29,75.94,-26.27,,,,,
3969,7/28/2026 16:51,7.25,75.81,-24.11,,,,,
3970,7/28/2026 17:06,7.22,75.69,-22.38,,,,,
3971,7/28/2026 17:21,7.19,75.6,-20.88,,,,,
3972,7/28/2026 17:36,7.18,75.54,-19.91,,,,,
3973,7/28/2026 17:51,7.17,75.54,-19.33,,,,,
3974,7/28/2026 18:06,7.16,75.47,-18.91,,,,,
3975,7/28/2026 18:21,7.16,75.42,-19.03,,,,,
3976,7/28/2026 18:36,7.13,75.33,-17.19,,,,,
3977,7/28/2026 18:51,7.13,75.29,-17.33,,,,,
3978,7/28/2026 19:06,7.13,75.25,-17.2,,,,,
3979,7/28/2026 19:21,7.16,75.25,-19.28,,,,,
3980,7/28/2026 19:36,7.18,75.2,-20.27,,,,,
3981,7/28/2026 19:51,7.2,75.11,-21.45,,,,,
3982,7/28/2026 20:06,7.23,75.07,-22.75,,,,,
3983,7/28/2026 20:21,7.25,75.04,-24.2,,,,,
3984,7/28/2026 20:36,7.3,74.98,-26.75,,,,,
3985,7/28/2026 20:51,7.35,74.82,-29.7,,,,,
3986,7/28/2026 21:06,7.42,74.55,-33.86,,,,,
3987,7/28/2026 21:21,7.5,74.21,-38.13,,,,,
3988,7/28/2026 21:36,7.55,73.99,-41.25,,,,,
3989,7/28/2026 21:51,7.61,73.87,-44.11,,,,,
3990,7/28/2026 22:06,7.65,73.72,-46.74,,,,,
3991,7/28/2026 22:21,7.69,73.56,-49.03,,,,,
3992,7/28/2026 22:36,7.72,73.44,-50.58,,,,,
3993,7/28/2026 22:51,7.74,73.29,-51.78,,,,,
3994,7/28/2026 23:06,7.77,73.17,-53.05,,,,,
3995,7/28/2026 23:21,7.78,73.04,-54.03,,,,,
3996,7/28/2026 23:36,7.79,72.91,-54.38,,,,,
3997,7/28/2026 23:51,7.8,72.73,-55.17,,,,,
3998,7/29/2026 0:06,7.8,72.57,-55.13,,,,,
3999,7/29/2026 0:21,7.8,72.45,-54.8,,,,,
4000,7/29/2026 0:36,7.74,72.36,-51.52,,,,,
4001,7/29/2026 0:51,7.71,72.52,-49.8,,,,,
4002,7/29/2026 1:06,7.76,72.64,-52.55,,,,,
4003,7/29/2026 1:21,7.75,72.82,-52.41,,,,,
4004,7/29/2026 1:36,7.7,73.04,-49.41,,,,,
4005,7/29/2026 1:51,7.62,73.08,-45.08,,,,,
4006,7/29/2026 2:06,7.54,73.22,-40.58,,,,,
4007,7/29/2026 2:21,7.49,73.29,-37.49,,,,,
4008,7/29/2026 2:36,7.41,73.26,-33.13,,,,,
4009,7/29/2026 2:51,7.34,73.29,-29.24,,,,,
4010,7/29/2026 3:06,7.29,73.29,-26.19,,,,,
4011,7/29/2026 3:21,7.25,73.38,-24.03,,,,,
4012,7/29/2026 3:36,7.21,73.38,-21.92,,,,,
4013,7/29/2026 3:51,7.19,73.38,-20.45,,,,,
4014,7/29/2026 4:06,7.14,73.38,-18.02,,,,,
4015,7/29/2026 4:21,7.11,73.29,-16.23,,,,,
4016,7/29/2026 4:36,7.07,73.17,-13.77,,,,,
4017,7/29/2026 4:51,7.05,73.17,-13.02,,,,,
4018,7/29/2026 5:06,7.03,73.13,-11.94,,,,,
4019,7/29/2026 5:21,7.02,73.08,-11.14,,,,,
4020,7/29/2026 5:36,7,73,-9.84,,,,,
4021,7/29/2026 5:51,6.97,72.91,-8.08,,,,,
4022,7/29/2026 6:06,6.95,72.82,-7.25,,,,,
4023,7/29/2026 6:21,6.94,72.7,-6.7,,,,,
4024,7/29/2026 6:36,6.93,72.64,-6.08,,,,,
4025,7/29/2026 6:51,6.93,72.57,-5.8,,,,,
4026,7/29/2026 7:06,6.92,72.52,-5.73,,,,,
4027,7/29/2026 7:21,6.92,72.45,-5.66,,,,,
4028,7/29/2026 7:36,6.92,72.39,-5.33,,,,,
4029,7/29/2026 7:51,6.91,72.36,-5.13,,,,,
4030,7/29/2026 8:06,6.92,72.36,-5.48,,,,,
4031,7/29/2026 8:21,6.97,72.36,-8.22,,,,,
4032,7/29/2026 8:36,6.98,72.39,-8.59,,,,,
4033,7/29/2026 8:51,7.01,72.48,-10.39,,,,,
4034,7/29/2026 9:06,7.02,72.48,-11.28,,,,,
4035,7/29/2026 9:21,7.05,72.52,-12.63,,,,,
4036,7/29/2026 9:36,7.1,72.64,-15.58,,,,,
4037,7/29/2026 9:51,7.15,72.73,-18.28,,,,,
4038,7/29/2026 10:06,7.22,72.79,-22.34,,,,,
4039,7/29/2026 10:21,7.3,72.79,-26.86,,,,,
4040,7/29/2026 10:36,7.36,72.79,-30.22,,,,,
4041,7/29/2026 10:51,7.42,72.73,-33.7,,,,,
4042,7/29/2026 11:06,7.48,72.64,-37.13,,,,,
4043,7/29/2026 11:21,7.53,72.48,-39.95,,,,,
4044,7/29/2026 11:36,7.57,72.36,-42.27,,,,,
4045,7/29/2026 11:51,7.58,72.27,-42.56,,,,,
4046,7/29/2026 12:06,7.6,72.23,-43.44,,,,,
4047,7/29/2026 12:21,7.59,72.14,-43.22,,,,,
4048,7/29/2026 12:36,7.56,72.14,-41.56,,,,,
4049,7/29/2026 12:51,7.5,72.14,-38.13,,,,,
4050,7/29/2026 13:06,7.49,72.23,-37.25,,,,,
4051,7/29/2026 13:21,7.52,72.27,-39.34,,,,,
4052,7/29/2026 13:36,7.54,72.3,-40.36,,,,,
4053,7/29/2026 13:51,7.53,72.36,-39.94,,,,,
4054,7/29/2026 14:06,7.52,72.45,-39.09,,,,,
4055,7/29/2026 14:21,7.48,72.52,-37.03,,,,,
4056,7/29/2026 14:36,7.44,72.57,-34.99,,,,,
4057,7/29/2026 14:51,7.4,72.61,-32.47,,,,,
4058,7/29/2026 15:06,7.36,72.61,-30.33,,,,,
4059,7/29/2026 15:21,7.33,72.61,-28.77,,,,,
4060,7/29/2026 15:36,7.29,72.61,-26.14,,,,,
4061,7/29/2026 15:51,7.25,72.57,-24.19,,,,,
4062,7/29/2026 16:06,7.22,72.52,-22.42,,,,,
4063,7/29/2026 16:21,7.19,72.45,-20.83,,,,,
4064,7/29/2026 16:36,7.16,72.36,-18.73,,,,,
4065,7/29/2026 16:51,7.14,72.36,-18,,,,,
4066,7/29/2026 17:06,7.11,72.36,-16.09,,,,,
4067,7/29/2026 17:21,7.09,72.23,-15,,,,,
4068,7/29/2026 17:36,7.08,72.09,-14.22,,,,,
4069,7/29/2026 17:51,7.06,72.01,-13.23,,,,,
4070,7/29/2026 18:06,7.04,71.92,-12.34,,,,,
4071,7/29/2026 18:21,7.04,71.83,-12.2,,,,,
4072,7/29/2026 18:36,7.04,71.74,-12.09,,,,,
4073,7/29/2026 18:51,7.03,71.65,-11.64,,,,,
4074,7/29/2026 19:06,7.01,71.53,-10.67,,,,,
4075,7/29/2026 19:21,7.02,71.31,-10.86,,,,,
4076,7/29/2026 19:36,7,71.49,-9.86,,,,,
4077,7/29/2026 19:51,7.01,71.44,-10.77,,,,,
4078,7/29/2026 20:06,7.06,71.4,-13.28,,,,,
4079,7/29/2026 20:21,7.07,71.49,-13.66,,,,,
4080,7/29/2026 20:36,7.08,71.44,-14.44,,,,,
4081,7/29/2026 20:51,7.1,71.49,-15.84,,,,,
4082,7/29/2026 21:06,7.12,71.44,-16.89,,,,,
4083,7/29/2026 21:21,7.16,71.37,-19,,,,,
4084,7/29/2026 21:36,7.21,71.4,-21.89,,,,,
4085,7/29/2026 21:51,7.27,71.44,-25.38,,,,,
4086,7/29/2026 22:06,7.36,71.37,-30.25,,,,,
4087,7/29/2026 22:21,7.42,71.37,-33.55,,,,,
4088,7/29/2026 22:36,7.47,71.31,-36.52,,,,,
4089,7/29/2026 22:51,7.53,71.19,-39.69,,,,,
4090,7/29/2026 23:06,7.58,70.93,-42.69,,,,,
4091,7/29/2026 23:21,7.62,70.75,-44.47,,,,,
4092,7/29/2026 23:36,7.65,70.63,-46.41,,,,,
4093,7/29/2026 23:51,7.67,70.5,-47.72,,,,,
4094,7/30/2026 0:06,7.7,70.38,-49.11,,,,,
4095,7/30/2026 0:21,7.72,70.2,-50.44,,,,,
4096,7/30/2026 0:36,7.74,69.98,-51.39,,,,,
4097,7/30/2026 0:51,7.75,69.73,-51.86,,,,,
4098,7/30/2026 1:06,7.75,69.51,-51.99,,,,,
4099,7/30/2026 1:21,7.71,69.39,-49.49,,,,,
4100,7/30/2026 1:36,7.66,69.35,-46.64,,,,,
4101,7/30/2026 1:51,7.69,69.55,-48.67,,,,,
4102,7/30/2026 2:06,7.7,69.82,-48.89,,,,,
4103,7/30/2026 2:21,7.67,69.98,-47.19,,,,,
4104,7/30/2026 2:36,7.57,70.07,-41.95,,,,,
4105,7/30/2026 2:51,7.49,70.11,-37.16,,,,,
4106,7/30/2026 3:06,7.41,70.2,-32.7,,,,,
4107,7/30/2026 3:21,7.34,70.16,-29.13,,,,,
4108,7/30/2026 3:36,7.28,70.11,-25.92,,,,,
4109,7/30/2026 3:51,7.23,70.03,-22.67,,,,,
4110,7/30/2026 4:06,7.17,69.94,-19.34,,,,,
4111,7/30/2026 4:21,7.11,69.76,-16.17,,,,,
4112,7/30/2026 4:36,7.06,69.55,-13.38,,,,,
4113,7/30/2026 4:51,7.02,69.35,-10.88,,,,,
4114,7/30/2026 5:06,6.98,69.17,-8.78,,,,,
4115,7/30/2026 5:21,6.96,69.04,-7.8,,,,,
4116,7/30/2026 5:36,6.96,68.92,-7.59,,,,,
4117,7/30/2026 5:51,6.94,68.83,-6.72,,,,,
4118,7/30/2026 6:06,6.92,68.7,-5.78,,,,,
4119,7/30/2026 6:21,6.91,68.58,-4.88,,,,,
4120,7/30/2026 6:36,6.89,68.4,-4.03,,,,,
4121,7/30/2026 6:51,6.88,68.27,-3.42,,,,,
4122,7/30/2026 7:06,6.88,68.18,-3.22,,,,,
4123,7/30/2026 7:21,6.88,68.11,-3.06,,,,,
4124,7/30/2026 7:36,6.87,68.05,-2.86,,,,,
4125,7/30/2026 7:51,6.87,67.96,-2.77,,,,,
4126,7/30/2026 8:06,6.87,67.93,-2.55,,,,,
4127,7/30/2026 8:21,6.86,67.93,-2.47,,,,,
4128,7/30/2026 8:36,6.87,67.93,-2.69,,,,,
4129,7/30/2026 8:51,6.9,67.93,-4.2,,,,,
4130,7/30/2026 9:06,6.93,68.05,-6.33,,,,,
4131,7/30/2026 9:21,6.94,68.23,-6.63,,,,,
4132,7/30/2026 9:36,6.96,68.36,-7.61,,,,,
4133,7/30/2026 9:51,6.97,68.4,-8.53,,,,,
4134,7/30/2026 10:06,7.01,68.58,-10.63,,,,,
4135,7/30/2026 10:21,7.07,69.21,-14.17,,,,,
4136,7/30/2026 10:36,7.16,69.55,-19.03,,,,,
4137,7/30/2026 10:51,7.24,69.73,-23.42,,,,,
4138,7/30/2026 11:06,7.3,69.91,-26.89,,,,,
4139,7/30/2026 11:21,7.35,70.07,-29.64,,,,,
4140,7/30/2026 11:36,7.4,70.25,-32.5,,,,,
4141,7/30/2026 11:51,7.47,70.25,-36.17,,,,,
4142,7/30/2026 12:06,7.5,70.25,-38.24,,,,,
4143,7/30/2026 12:21,7.54,70.16,-39.99,,,,,
4144,7/30/2026 12:36,7.54,70.11,-40.31,,,,,
4145,7/30/2026 12:51,7.55,70.07,-40.91,,,,,
4146,7/30/2026 13:06,7.53,70.11,-39.59,,,,,
4147,7/30/2026 13:21,7.49,70.16,-37.34,,,,,
4148,7/30/2026 13:36,7.45,70.25,-34.89,,,,,
4149,7/30/2026 13:51,7.46,70.29,-35.49,,,,,
4150,7/30/2026 14:06,7.51,70.59,-38.41,,,,,
4151,7/30/2026 14:21,7.49,70.81,-37.38,,,,,
4152,7/30/2026 14:36,7.49,70.97,-37.22,,,,,
4153,7/30/2026 14:51,7.48,71.28,-36.63,,,,,
4154,7/30/2026 15:06,7.43,71.37,-34.34,,,,,
4155,7/30/2026 15:21,7.4,71.49,-32.69,,,,,
4156,7/30/2026 15:36,7.37,71.58,-30.8,,,,,
4157,7/30/2026 15:51,7.34,71.71,-29.17,,,,,
4158,7/30/2026 16:06,7.3,71.74,-26.61,,,,,
4159,7/30/2026 16:21,7.26,71.83,-24.59,,,,,
4160,7/30/2026 16:36,7.23,71.8,-22.67,,,,,
4161,7/30/2026 16:51,7.19,71.71,-20.75,,,,,
4162,7/30/2026 17:06,7.17,71.92,-19.3,,,,,
4163,7/30/2026 17:21,7.14,71.96,-17.98,,,,,
4164,7/30/2026 17:36,7.09,71.96,-15.27,,,,,
4165,7/30/2026 17:51,7.08,71.74,-14.41,,,,,
4166,7/30/2026 18:06,7.05,71.58,-12.92,,,,,
4167,7/30/2026 18:21,7.02,71.37,-11.11,,,,,
4168,7/30/2026 18:36,6.99,71.24,-9.69,,,,,
4169,7/30/2026 18:51,6.97,71.1,-8.41,,,,,
4170,7/30/2026 19:06,6.95,71.02,-7.27,,,,,
4171,7/30/2026 19:21,6.93,70.93,-6.16,,,,,
4172,7/30/2026 19:36,6.92,70.84,-5.44,,,,,
4173,7/30/2026 19:51,6.92,70.81,-5.39,,,,,
4174,7/30/2026 20:06,6.93,70.81,-6.2,,,,,
4175,7/30/2026 20:21,6.94,70.93,-6.44,,,,,
4176,7/30/2026 20:36,6.95,70.81,-7.44,,,,,
4177,7/30/2026 20:51,6.99,70.81,-9.33,,,,,
4178,7/30/2026 21:06,7.01,70.88,-10.59,,,,,
4179,7/30/2026 21:21,7.05,71.02,-12.7,,,,,
4180,7/30/2026 21:36,7.07,71.06,-13.83,,,,,
4181,7/30/2026 21:51,7.1,71.15,-15.83,,,,,
4182,7/30/2026 22:06,7.15,71.15,-18.56,,,,,
4183,7/30/2026 22:21,7.23,71.02,-22.61,,,,,
4184,7/30/2026 22:36,7.31,70.84,-27.09,,,,,
4185,7/30/2026 22:51,7.37,70.75,-30.53,,,,,
4186,7/30/2026 23:06,7.42,70.63,-33.77,,,,,
4187,7/30/2026 23:21,7.48,70.47,-36.77,,,,,
4188,7/30/2026 23:36,7.52,70.29,-39.24,,,,,
4189,7/30/2026 23:51,7.56,70.11,-41.41,,,,,
4190,7/31/2026 0:06,7.61,69.98,-44.08,,,,,
4191,7/31/2026 0:21,7.64,69.85,-45.56,,,,,
4192,7/31/2026 0:36,7.67,69.76,-47.28,,,,,
4193,7/31/2026 0:51,7.68,69.69,-48.08,,,,,
4194,7/31/2026 1:06,7.7,69.55,-49.06,,,,,
4195,7/31/2026 1:21,7.71,69.35,-49.64,,,,,
4196,7/31/2026 1:36,7.71,69.17,-49.61,,,,,
4197,7/31/2026 1:51,7.67,69.13,-47.55,,,,,
4198,7/31/2026 2:06,7.63,69.26,-44.91,,,,,
4199,7/31/2026 2:21,7.66,69.35,-46.83,,,,,
4200,7/31/2026 2:36,7.65,69.48,-46.14,,,,,
4201,7/31/2026 2:51,7.59,69.69,-42.78,,,,,
4202,7/31/2026 3:06,7.5,69.82,-37.84,,,,,
4203,7/31/2026 3:21,7.43,69.91,-33.83,,,,,
4204,7/31/2026 3:36,7.36,69.98,-30.28,,,,,
4205,7/31/2026 3:51,7.29,69.98,-26.47,,,,,
4206,7/31/2026 4:06,7.24,69.98,-23.39,,,,,
4207,7/31/2026 4:21,7.18,69.91,-19.78,,,,,
4208,7/31/2026 4:36,7.12,69.85,-16.64,,,,,
4209,7/31/2026 4:51,7.08,69.82,-14.36,,,,,
4210,7/31/2026 5:06,7.05,69.76,-12.61,,,,,
4211,7/31/2026 5:21,7.02,69.69,-10.97,,,,,
4212,7/31/2026 5:36,7,69.6,-9.84,,,,,
4213,7/31/2026 5:51,6.98,69.55,-8.94,,,,,
4214,7/31/2026 6:06,6.96,69.48,-7.75,,,,,
4215,7/31/2026 6:21,6.94,69.39,-6.55,,,,,
4216,7/31/2026 6:36,6.92,69.3,-5.28,,,,,
4217,7/31/2026 6:51,6.9,69.21,-4.36,,,,,
4218,7/31/2026 7:06,6.88,69.13,-3.41,,,,,
4219,7/31/2026 7:21,6.87,69.04,-2.58,,,,,
4220,7/31/2026 7:36,6.86,69.04,-2.25,,,,,
4221,7/31/2026 7:51,6.87,69.04,-2.63,,,,,
4222,7/31/2026 8:06,6.87,69.17,-2.64,,,,,
4223,7/31/2026 8:21,6.87,69.3,-2.73,,,,,
4224,7/31/2026 8:36,6.87,69.42,-3,,,,,
4225,7/31/2026 8:51,6.87,69.42,-2.59,,,,,
4226,7/31/2026 9:06,6.87,69.39,-2.84,,,,,
4227,7/31/2026 9:21,6.86,69.39,-2.16,,,,,
4228,7/31/2026 9:36,6.9,69.73,-4.53,,,,,
4229,7/31/2026 9:51,6.91,70.07,-5.19,,,,,
4230,7/31/2026 10:06,6.94,70.16,-6.48,,,,,
4231,7/31/2026 10:21,6.94,70.25,-6.83,,,,,
4232,7/31/2026 10:36,6.95,70.38,-7.38,,,,,
4233,7/31/2026 10:51,7,70.72,-9.92,,,,,
4234,7/31/2026 11:06,7.07,70.93,-14.02,,,,,
4235,7/31/2026 11:21,7.15,71.06,-18.22,,,,,
4236,7/31/2026 11:36,7.22,71.1,-22.2,,,,,
4237,7/31/2026 11:51,7.27,71.1,-25.39,,,,,
4238,7/31/2026 12:06,7.33,70.93,-28.75,,,,,
4239,7/31/2026 12:21,7.4,70.84,-32.58,,,,,
4240,7/31/2026 12:36,7.44,70.88,-34.8,,,,,
4241,7/31/2026 12:51,7.47,70.93,-36.3,,,,,
4242,7/31/2026 13:06,7.5,71.02,-37.92,,,,,
4243,7/31/2026 13:21,7.52,71.02,-39.02,,,,,
4244,7/31/2026 13:36,7.54,71.02,-40.47,,,,,
4245,7/31/2026 13:51,7.53,71.02,-39.55,,,,,
4246,7/31/2026 14:06,7.48,71.02,-36.88,,,,,
4247,7/31/2026 14:21,7.47,71.15,-36.22,,,,,
4248,7/31/2026 14:36,7.49,71.53,-37.22,,,,,
4249,7/31/2026 14:51,7.5,71.87,-37.89,,,,,
4250,7/31/2026 15:06,7.47,72.18,-36.19,,,,,
4251,7/31/2026 15:21,7.43,72.48,-34.19,,,,,
4252,7/31/2026 15:36,7.37,72.61,-30.66,,,,,
4253,7/31/2026 15:51,7.34,72.86,-29.27,,,,,
4254,7/31/2026 16:06,7.32,73,-28.08,,,,,
4255,7/31/2026 16:21,7.28,73.29,-25.94,,,,,
4256,7/31/2026 16:36,7.24,73.29,-23.69,,,,,
4257,7/31/2026 16:51,7.2,73.38,-21.44,,,,,
4258,7/31/2026 17:06,7.17,73.44,-19.36,,,,,
4259,7/31/2026 17:21,7.13,73.65,-17.58,,,,,
4260,7/31/2026 17:36,7.13,73.87,-17.52,,,,,
4261,7/31/2026 17:51,7.13,73.9,-17.33,,,,,
4262,7/31/2026 18:06,7.11,73.9,-16.23,,,,,
4263,7/31/2026 18:21,7.08,73.81,-14.33,,,,,
4264,7/31/2026 18:36,7.05,73.72,-12.78,,,,,
4265,7/31/2026 18:51,7.02,73.65,-11.23,,,,,
4266,7/31/2026 19:06,6.99,73.6,-9.67,,,,,
4267,7/31/2026 19:21,6.97,73.47,-8.08,,,,,
4268,7/31/2026 19:36,6.94,73.38,-6.88,,,,,
4269,7/31/2026 19:51,6.93,73.26,-5.98,,,,,
4270,7/31/2026 20:06,6.92,73.08,-5.41,,,,,
4271,7/31/2026 20:21,6.91,72.95,-5.17,,,,,
4272,7/31/2026 20:36,6.91,72.95,-5.09,,,,,
4273,7/31/2026 20:51,6.91,73.04,-5.19,,,,,
4274,7/31/2026 21:06,6.92,73.04,-5.52,,,,,
4275,7/31/2026 21:21,6.94,72.73,-6.86,,,,,
4276,7/31/2026 21:36,6.96,72.73,-8,,,,,
4277,7/31/2026 21:51,6.99,72.73,-9.5,,,,,
4278,7/31/2026 22:06,7.02,72.82,-10.95,,,,,
4279,7/31/2026 22:21,7.04,72.82,-12.44,,,,,
4280,7/31/2026 22:36,7.08,72.64,-14.7,,,,,
4281,7/31/2026 22:51,7.14,72.36,-18.11,,,,,
4282,7/31/2026 23:06,7.22,72.14,-22.34,,,,,
4283,7/31/2026 23:21,7.29,72.01,-26.5,,,,,
4284,7/31/2026 23:36,7.36,71.92,-29.92,,,,,
4285,7/31/2026 23:51,7.41,71.74,-33.06,,,,,
4286,8/1/2026 0:06,7.46,71.53,-35.81,,,,,
4287,8/1/2026 0:21,7.51,71.31,-38.77,,,,,
4288,8/1/2026 0:36,7.56,71.1,-41.5,,,,,
4289,8/1/2026 0:51,7.59,71.02,-43.2,,,,,
4290,8/1/2026 1:06,7.62,70.93,-44.8,,,,,
4291,8/1/2026 1:21,7.65,70.88,-46.28,,,,,
4292,8/1/2026 1:36,7.66,70.81,-47.03,,,,,
4293,8/1/2026 1:51,7.67,70.68,-47.56,,,,,
4294,8/1/2026 2:06,7.66,70.59,-47.16,,,,,
4295,8/1/2026 2:21,7.63,70.5,-45.42,,,,,
4296,8/1/2026 2:36,7.58,70.54,-42.2,,,,,
4297,8/1/2026 2:51,7.61,70.68,-44.13,,,,,
4298,8/1/2026 3:06,7.6,70.75,-43.56,,,,,
4299,8/1/2026 3:21,7.55,70.88,-40.94,,,,,
4300,8/1/2026 3:36,7.48,71.02,-36.78,,,,,
4301,8/1/2026 3:51,7.41,71.15,-32.94,,,,,
4302,8/1/2026 4:06,7.35,71.28,-29.72,,,,,
4303,8/1/2026 4:21,7.3,71.31,-26.63,,,,,
4304,8/1/2026 4:36,7.24,71.31,-23.7,,,,,
4305,8/1/2026 4:51,7.2,71.37,-21.09,,,,,
4306,8/1/2026 5:06,7.15,71.31,-18.13,,,,,
4307,8/1/2026 5:21,7.11,71.31,-16.03,,,,,
4308,8/1/2026 5:36,7.08,71.37,-14.7,,,,,
4309,8/1/2026 5:51,7.06,71.31,-13.13,,,,,
4310,8/1/2026 6:06,7.04,71.19,-12.28,,,,,
4311,8/1/2026 6:21,7.03,71.19,-11.56,,,,,
4312,8/1/2026 6:36,7.01,71.15,-10.7,,,,,
4313,8/1/2026 6:51,7,71.1,-10.03,,,,,
4314,8/1/2026 7:06,6.99,71.1,-9.34,,,,,
4315,8/1/2026 7:21,6.98,71.1,-8.64,,,,,
4316,8/1/2026 7:36,6.96,71.15,-7.98,,,,,
4317,8/1/2026 7:51,6.96,71.24,-7.8,,,,,
4318,8/1/2026 8:06,6.95,71.31,-7.31,,,,,
4319,8/1/2026 8:21,6.96,71.58,-7.75,,,,,
4320,8/1/2026 8:36,6.97,71.8,-8.09,,,,,
4321,8/1/2026 8:51,6.99,72.14,-9.56,,,,,
4322,8/1/2026 9:06,7.02,72.45,-11.08,,,,,
4323,8/1/2026 9:21,6.98,72.39,-8.92,,,,,
4324,8/1/2026 9:36,6.96,72.3,-7.86,,,,,
4325,8/1/2026 9:51,6.94,72.05,-6.56,,,,,
4326,8/1/2026 10:06,6.97,72.52,-8.52,,,,,
4327,8/1/2026 10:21,6.97,72.7,-8.28,,,,,
4328,8/1/2026 10:36,6.99,72.79,-9.47,,,,,
4329,8/1/2026 10:51,7,72.95,-10.22,,,,,
4330,8/1/2026 11:06,7.02,73.08,-11.2,,,,,
4331,8/1/2026 11:21,7.07,73.56,-14.08,,,,,
4332,8/1/2026 11:36,7.14,73.69,-18.13,,,,,
4333,8/1/2026 11:51,7.22,73.81,-22.55,,,,,
4334,8/1/2026 12:06,7.27,73.78,-25.11,,,,,
4335,8/1/2026 12:21,7.31,73.65,-27.39,,,,,
4336,8/1/2026 12:36,7.38,73.6,-31.56,,,,,
4337,8/1/2026 12:51,7.45,73.69,-35.33,,,,,
4338,8/1/2026 13:06,7.53,73.87,-39.63,,,,,
4339,8/1/2026 13:21,7.58,74.03,-42.91,,,,,
4340,8/1/2026 13:36,7.64,74.08,-45.94,,,,,
4341,8/1/2026 13:51,7.65,74.08,-46.69,,,,,
4342,8/1/2026 14:06,7.66,74.08,-47.28,,,,,
4343,8/1/2026 14:21,7.65,74.03,-46.77,,,,,
4344,8/1/2026 14:36,7.63,73.94,-45.45,,,,,
4345,8/1/2026 14:51,7.56,74.03,-41.78,,,,,
4346,8/1/2026 15:06,7.6,74.43,-43.88,,,,,
4347,8/1/2026 15:21,7.6,74.77,-43.89,,,,,
4348,8/1/2026 15:36,7.59,75.04,-43.52,,,,,
4349,8/1/2026 15:51,7.56,75.29,-41.67,,,,,
4350,8/1/2026 16:06,7.52,75.47,-39.38,,,,,
4351,8/1/2026 16:21,7.47,75.51,-36.47,,,,,
4352,8/1/2026 16:36,7.44,75.85,-34.88,,,,,
4353,8/1/2026 16:51,7.39,75.99,-31.99,,,,,
4354,8/1/2026 17:06,7.36,76.15,-30.16,,,,,
4355,8/1/2026 17:21,7.3,76.33,-27.25,,,,,
4356,8/1/2026 17:36,7.26,76.46,-24.91,,,,,
4357,8/1/2026 17:51,7.22,76.73,-22.36,,,,,
4358,8/1/2026 18:06,7.18,76.98,-20.14,,,,,
4359,8/1/2026 18:21,7.16,77.11,-18.95,,,,,
4360,8/1/2026 18:36,7.12,77.11,-16.69,,,,,
4361,8/1/2026 18:51,7.11,76.98,-16,,,,,
4362,8/1/2026 19:06,7.07,76.98,-14.2,,,,,
4363,8/1/2026 19:21,7.04,76.95,-12.38,,,,,
4364,8/1/2026 19:36,7.01,76.95,-10.67,,,,,
4365,8/1/2026 19:51,6.98,76.89,-8.83,,,,,
4366,8/1/2026 20:06,6.96,76.86,-7.53,,,,,
4367,8/1/2026 20:21,6.94,76.82,-6.66,,,,,
4368,8/1/2026 20:36,6.93,76.77,-5.94,,,,,
4369,8/1/2026 20:51,6.92,76.73,-5.56,,,,,
4370,8/1/2026 21:06,6.92,76.68,-5.42,,,,,
4371,8/1/2026 21:21,6.92,76.73,-5.41,,,,,
4372,8/1/2026 21:36,6.92,76.82,-5.63,,,,,
4373,8/1/2026 21:51,6.93,76.82,-6.05,,,,,
4374,8/1/2026 22:06,6.96,76.46,-7.7,,,,,
4375,8/1/2026 22:21,6.97,76.42,-8.47,,,,,
4376,8/1/2026 22:36,7,76.24,-10.13,,,,,
4377,8/1/2026 22:51,7.03,76.15,-11.56,,,,,
4378,8/1/2026 23:06,7.06,76.15,-13.11,,,,,
4379,8/1/2026 23:21,7.09,75.78,-15.25,,,,,
4380,8/1/2026 23:36,7.17,75.2,-19.55,,,,,
4381,8/1/2026 23:51,7.24,74.86,-23.28,,,,,
4382,8/2/2026 0:06,7.31,74.59,-27.49,,,,,
4383,8/2/2026 0:21,7.37,74.43,-30.67,,,,,
4384,8/2/2026 0:36,7.43,74.21,-34.17,,,,,
4385,8/2/2026 0:51,7.48,74.03,-37.05,,,,,
4386,8/2/2026 1:06,7.52,73.81,-39.44,,,,,
4387,8/2/2026 1:21,7.56,73.6,-41.44,,,,,
4388,8/2/2026 1:36,7.58,73.51,-42.91,,,,,
4389,8/2/2026 1:51,7.59,73.38,-43.47,,,,,
4390,8/2/2026 2:06,7.61,73.26,-44.16,,,,,
4391,8/2/2026 2:21,7.62,73.17,-44.83,,,,,
4392,8/2/2026 2:36,7.62,73.08,-45.11,,,,,
4393,8/2/2026 2:51,7.59,73.04,-43.3,,,,,
4394,8/2/2026 3:06,7.52,73.04,-39.17,,,,,
4395,8/2/2026 3:21,7.55,73.22,-40.86,,,,,
4396,8/2/2026 3:36,7.54,73.29,-40.52,,,,,
4397,8/2/2026 3:51,7.5,73.47,-38.05,,,,,
4398,8/2/2026 4:06,7.44,73.6,-34.92,,,,,
4399,8/2/2026 4:21,7.4,73.72,-32.39,,,,,
4400,8/2/2026 4:36,7.35,73.78,-29.63,,,,,
4401,8/2/2026 4:51,7.31,73.9,-27.5,,,,,
4402,8/2/2026 5:06,7.26,73.99,-24.78,,,,,
4403,8/2/2026 5:21,7.22,74.08,-22.28,,,,,
4404,8/2/2026 5:36,7.17,74.12,-19.45,,,,,
4405,8/2/2026 5:51,7.13,74.21,-17.11,,,,,
4406,8/2/2026 6:06,7.1,74.3,-15.52,,,,,
4407,8/2/2026 6:21,7.07,74.37,-14.13,,,,,
4408,8/2/2026 6:36,7.05,74.3,-13.08,,,,,
4409,8/2/2026 6:51,7.04,74.34,-12.17,,,,,
4410,8/2/2026 7:06,7.02,74.43,-11.3,,,,,
4411,8/2/2026 7:21,7,74.52,-10.2,,,,,
4412,8/2/2026 7:36,6.99,74.55,-9.53,,,,,
4413,8/2/2026 7:51,6.99,74.59,-9.2,,,,,
4414,8/2/2026 8:06,6.99,74.64,-9.27,,,,,
4415,8/2/2026 8:21,6.99,74.77,-9.47,,,,,
4416,8/2/2026 8:36,6.98,74.86,-8.72,,,,,
4417,8/2/2026 8:51,6.99,74.95,-9.66,,,,,
4418,8/2/2026 9:06,7.02,75.16,-11.03,,,,,
4419,8/2/2026 9:21,7.05,75.38,-13.02,,,,,
4420,8/2/2026 9:36,7.05,75.51,-12.55,,,,,
4421,8/2/2026 9:51,7.05,75.69,-12.86,,,,,
4422,8/2/2026 10:06,6.98,75.54,-8.69,,,,,
4423,8/2/2026 10:21,6.97,75.51,-8.45,,,,,
4424,8/2/2026 10:36,7.01,75.72,-10.42,,,,,
4425,8/2/2026 10:51,7.01,75.94,-10.33,,,,,
4426,8/2/2026 11:06,7.01,75.99,-10.7,,,,,
4427,8/2/2026 11:21,7.04,76.12,-12.17,,,,,
4428,8/2/2026 11:36,7.07,76.06,-13.8,,,,,
4429,8/2/2026 11:51,7.12,76.21,-17,,,,,
4430,8/2/2026 12:06,7.18,76.12,-20.03,,,,,
4431,8/2/2026 12:21,7.25,75.99,-24.33,,,,,
4432,8/2/2026 12:36,7.32,75.99,-28.24,,,,,
4433,8/2/2026 12:51,7.38,75.9,-31.27,,,,,
4434,8/2/2026 13:06,7.44,75.81,-34.64,,,,,
4435,8/2/2026 13:21,7.51,75.72,-38.77,,,,,
4436,8/2/2026 13:36,7.55,75.69,-41.11,,,,,
4437,8/2/2026 13:51,7.57,75.69,-42.13,,,,,
4438,8/2/2026 14:06,7.63,75.69,-45.35,,,,,
4439,8/2/2026 14:21,7.66,75.63,-47.03,,,,,
4440,8/2/2026 14:36,7.62,75.6,-45.3,,,,,
4441,8/2/2026 14:51,7.64,75.51,-46.08,,,,,
4442,8/2/2026 15:06,7.64,75.33,-46.19,,,,,
4443,8/2/2026 15:21,7.61,75.29,-44.47,,,,,
4444,8/2/2026 15:36,7.53,75.29,-40.17,,,,,
4445,8/2/2026 15:51,7.58,75.85,-42.75,,,,,
4446,8/2/2026 16:06,7.62,76.33,-44.97,,,,,
4447,8/2/2026 16:21,7.59,76.59,-43.38,,,,,
4448,8/2/2026 16:36,7.56,76.68,-41.85,,,,,
4449,8/2/2026 16:51,7.54,76.95,-40.5,,,,,
4450,8/2/2026 17:06,7.49,77.04,-37.94,,,,,
4451,8/2/2026 17:21,7.46,77.07,-35.84,,,,,
4452,8/2/2026 17:36,7.41,77.25,-33.47,,,,,
4453,8/2/2026 17:51,7.37,77.34,-30.77,,,,,
4454,8/2/2026 18:06,7.32,77.56,-27.99,,,,,
4455,8/2/2026 18:21,7.27,77.72,-25.34,,,,,
4456,8/2/2026 18:36,7.23,77.9,-22.94,,,,,
4457,8/2/2026 18:51,7.2,78.03,-21.61,,,,,
4458,8/2/2026 19:06,7.15,78.03,-18.61,,,,,
4459,8/2/2026 19:21,7.12,78.03,-17.02,,,,,
4460,8/2/2026 19:36,7.11,78.03,-16.03,,,,,
4461,8/2/2026 19:51,7.08,77.99,-14.73,,,,,
4462,8/2/2026 20:06,7.05,77.99,-12.91,,,,,
4463,8/2/2026 20:21,7.02,77.95,-11.2,,,,,
4464,8/2/2026 20:36,7.01,77.99,-10.33,,,,,
4465,8/2/2026 20:51,6.99,77.95,-9.23,,,,,
4466,8/2/2026 21:06,6.97,77.95,-8.13,,,,,
4467,8/2/2026 21:21,6.96,77.9,-7.48,,,,,
4468,8/2/2026 21:36,6.95,77.86,-7.17,,,,,
4469,8/2/2026 21:51,6.95,77.86,-6.92,,,,,
4470,8/2/2026 22:06,6.95,77.9,-6.94,,,,,
4471,8/2/2026 22:21,6.95,77.99,-7.27,,,,,
4472,8/2/2026 22:36,6.96,77.86,-7.78,,,,,
4473,8/2/2026 22:51,7,77.56,-9.98,,,,,
4474,8/2/2026 23:06,7.01,77.41,-10.67,,,,,
4475,8/2/2026 23:21,7.04,77.16,-12.5,,,,,
4476,8/2/2026 23:36,7.06,77.11,-13.58,,,,,
4477,8/2/2026 23:51,7.09,77.04,-15.33,,,,,
4478,8/3/2026 0:06,7.13,76.68,-17.13,,,,,
4479,8/3/2026 0:21,7.21,76.06,-22.08,,,,,
4480,8/3/2026 0:36,7.28,75.72,-26.05,,,,,
4481,8/3/2026 0:51,7.35,75.54,-29.69,,,,,
4482,8/3/2026 1:06,7.4,75.42,-32.72,,,,,
4483,8/3/2026 1:21,7.46,75.29,-35.86,,,,,
4484,8/3/2026 1:36,7.5,75.04,-38.36,,,,,
4485,8/3/2026 1:51,7.54,74.82,-40.38,,,,,
4486,8/3/2026 2:06,7.56,74.59,-41.81,,,,,
4487,8/3/2026 2:21,7.59,74.46,-43.19,,,,,
4488,8/3/2026 2:36,7.61,74.34,-44.14,,,,,
4489,8/3/2026 2:51,7.61,74.3,-44.6,,,,,
4490,8/3/2026 3:06,7.62,74.21,-44.7,,,,,
4491,8/3/2026 3:21,7.59,74.16,-43.02,,,,,
4492,8/3/2026 3:36,7.54,74.12,-40.25,,,,,
4493,8/3/2026 3:51,7.5,74.21,-38.11,,,,,
4494,8/3/2026 4:06,7.53,74.34,-40.06,,,,,
4495,8/3/2026 4:21,7.52,74.52,-39.11,,,,,
4496,8/3/2026 4:36,7.49,74.64,-37.44,,,,,
4497,8/3/2026 4:51,7.45,74.82,-35.41,,,,,
4498,8/3/2026 5:06,7.4,74.95,-32.77,,,,,
4499,8/3/2026 5:21,7.36,75.07,-30.24,,,,,
4500,8/3/2026 5:36,7.3,75.16,-27.16,,,,,
4501,8/3/2026 5:51,7.26,75.29,-24.74,,,,,
4502,8/3/2026 6:06,7.21,75.33,-21.99,,,,,
4503,8/3/2026 6:21,7.17,75.42,-19.42,,,,,
4504,8/3/2026 6:36,7.12,75.47,-16.73,,,,,
4505,8/3/2026 6:51,7.09,75.54,-15.03,,,,,
4506,8/3/2026 7:06,7.07,75.69,-13.72,,,,,
4507,8/3/2026 7:21,7.05,75.6,-12.58,,,,,
4508,8/3/2026 7:36,7.03,75.69,-11.55,,,,,
4509,8/3/2026 7:51,7.02,75.78,-10.94,,,,,
4510,8/3/2026 8:06,7.02,75.85,-10.98,,,,,
4511,8/3/2026 8:21,7.02,75.99,-10.89,,,,,
4512,8/3/2026 8:36,6.99,76.06,-9.27,,,,,
4513,8/3/2026 8:51,6.97,76.12,-8.27,,,,,
4514,8/3/2026 9:06,6.96,76.12,-7.64,,,,,
4515,8/3/2026 9:21,6.96,76.12,-7.52,,,,,
4516,8/3/2026 9:36,6.95,76.15,-7.03,,,,,
4517,8/3/2026 9:51,6.94,76.15,-6.55,,,,,
4518,8/3/2026 10:06,6.94,76.15,-6.42,,,,,
4519,8/3/2026 10:21,6.96,75.99,-7.97,,,,,
4520,8/3/2026 10:36,6.96,75.94,-7.48,,,,,
4521,8/3/2026 10:51,6.93,76.15,-5.88,,,,,
4522,8/3/2026 11:06,6.94,76.06,-6.55,,,,,
4523,8/3/2026 11:21,6.97,76.03,-8.22,,,,,
4524,8/3/2026 11:36,7,76.06,-9.8,,,,,
4525,8/3/2026 11:51,7.02,76.06,-11.02,,,,,
4526,8/3/2026 12:06,7.04,75.94,-12.2,,,,,
4527,8/3/2026 12:21,7.06,75.81,-13.64,,,,,
4528,8/3/2026 12:36,7.1,75.69,-15.81,,,,,
4529,8/3/2026 12:51,7.18,75.51,-20.31,,,,,
4530,8/3/2026 13:06,7.25,75.42,-24.02,,,,,
4531,8/3/2026 13:21,7.3,75.29,-26.91,,,,,
4532,8/3/2026 13:36,7.35,75.11,-29.56,,,,,
4533,8/3/2026 13:51,7.41,74.89,-33.22,,,,,
4534,8/3/2026 14:06,7.47,74.77,-36.77,,,,,
4535,8/3/2026 14:21,7.52,74.64,-39.42,,,,,
4536,8/3/2026 14:36,7.54,74.59,-40.24,,,,,
4537,8/3/2026 14:51,7.55,74.59,-40.99,,,,,
4538,8/3/2026 15:06,7.57,74.55,-41.94,,,,,
4539,8/3/2026 15:21,7.57,74.46,-42.24,,,,,
4540,8/3/2026 15:36,7.57,74.43,-42.02,,,,,
4541,8/3/2026 15:51,7.59,74.34,-43,,,,,
4542,8/3/2026 16:06,7.55,74.3,-41,,,,,
4543,8/3/2026 16:21,7.48,74.37,-37.31,,,,,
4544,8/3/2026 16:36,7.55,74.59,-41.28,,,,,
4545,8/3/2026 16:51,7.56,74.89,-41.85,,,,,
4546,8/3/2026 17:06,7.54,75.16,-40.34,,,,,
4547,8/3/2026 17:21,7.47,75.33,-36.38,,,,,
4548,8/3/2026 17:36,7.44,75.47,-34.97,,,,,
4549,8/3/2026 17:51,7.4,75.63,-32.84,,,,,
4550,8/3/2026 18:06,7.38,75.81,-31.24,,,,,
4551,8/3/2026 18:21,7.32,75.9,-27.81,,,,,
4552,8/3/2026 18:36,7.26,75.99,-24.47,,,,,
4553,8/3/2026 18:51,7.21,76.06,-21.92,,,,,
4554,8/3/2026 19:06,7.17,76.15,-19.81,,,,,
4555,8/3/2026 19:21,7.13,76.24,-17.5,,,,,
4556,8/3/2026 19:36,7.1,76.21,-15.77,,,,,
4557,8/3/2026 19:51,7.09,76.12,-15.11,,,,,
4558,8/3/2026 20:06,7.05,76.12,-12.88,,,,,
4559,8/3/2026 20:21,7.03,76.06,-11.55,,,,,
4560,8/3/2026 20:36,7.02,75.99,-10.84,,,,,
4561,8/3/2026 20:51,6.99,75.94,-9.52,,,,,
4562,8/3/2026 21:06,6.96,75.78,-7.98,,,,,
4563,8/3/2026 21:21,6.93,75.6,-6.23,,,,,
4564,8/3/2026 21:36,6.91,75.38,-5.17,,,,,
4565,8/3/2026 21:51,6.91,75.07,-4.66,,,,,
4566,8/3/2026 22:06,6.9,75.16,-4.52,,,,,
4567,8/3/2026 22:21,6.9,75.07,-4.45,,,,,
4568,8/3/2026 22:36,6.9,75.07,-4.22,,,,,
4569,8/3/2026 22:51,6.9,75.04,-4.08,,,,,
4570,8/3/2026 23:06,6.89,75.16,-3.94,,,,,
4571,8/3/2026 23:21,6.89,75.33,-3.84,,,,,
4572,8/3/2026 23:36,6.92,75.11,-5.47,,,,,
4573,8/3/2026 23:51,6.94,75.04,-6.61,,,,,
4574,8/4/2026 0:06,6.96,75.07,-7.89,,,,,
4575,8/4/2026 0:21,6.98,74.89,-8.95,,,,,
4576,8/4/2026 0:36,7,74.86,-10.02,,,,,
4577,8/4/2026 0:51,7.05,74.73,-12.86,,,,,
4578,8/4/2026 1:06,7.11,74.55,-16.39,,,,,
4579,8/4/2026 1:21,7.18,74.37,-19.94,,,,,
4580,8/4/2026 1:36,7.24,74.25,-23.72,,,,,
4581,8/4/2026 1:51,7.3,74.16,-26.69,,,,,
4582,8/4/2026 2:06,7.34,74.08,-29.41,,,,,
4583,8/4/2026 2:21,7.39,73.87,-31.7,,,,,
4584,8/4/2026 2:36,7.41,73.56,-33.08,,,,,
4585,8/4/2026 2:51,7.43,73.29,-34.09,,,,,
4586,8/4/2026 3:06,7.44,73.22,-34.77,,,,,
4587,8/4/2026 3:21,7.45,73.08,-35.25,,,,,
4588,8/4/2026 3:36,7.46,73.08,-35.61,,,,,
4589,8/4/2026 3:51,7.45,73.08,-35.42,,,,,
4590,8/4/2026 4:06,7.42,73.04,-33.5,,,,,
4591,8/4/2026 4:21,7.38,73.04,-31.11,,,,,
4592,8/4/2026 4:36,7.38,73.04,-31.61,,,,,
4593,8/4/2026 4:51,7.39,73,-32.2,,,,,
4594,8/4/2026 5:06,7.38,73.04,-31.22,,,,,
4595,8/4/2026 5:21,7.35,73.13,-29.92,,,,,
4596,8/4/2026 5:36,7.33,73.22,-28.28,,,,,
4597,8/4/2026 5:51,7.28,73.26,-25.97,,,,,
4598,8/4/2026 6:06,7.25,73.26,-24.16,,,,,
4599,8/4/2026 6:21,7.22,73.22,-22.17,,,,,
4600,8/4/2026 6:36,7.18,73.22,-20.03,,,,,
4601,8/4/2026 6:51,7.15,73.17,-18.48,,,,,
4602,8/4/2026 7:06,7.13,73.13,-17.08,,,,,
4603,8/4/2026 7:21,7.1,73.08,-15.66,,,,,
4604,8/4/2026 7:36,7.09,72.95,-14.81,,,,,
4605,8/4/2026 7:51,7.07,73.04,-14.19,,,,,
4606,8/4/2026 8:06,7.07,73.17,-13.75,,,,,
4607,8/4/2026 8:21,7.05,73.35,-13.02,,,,,
4608,8/4/2026 8:36,7.04,73.47,-12.5,,,,,
4609,8/4/2026 8:51,7.03,73.6,-11.56,,,,,
4610,8/4/2026 9:06,7.02,73.78,-10.88,,,,,
4611,8/4/2026 9:21,7,73.94,-10.14,,,,,
4612,8/4/2026 9:36,7.02,74.21,-10.86,,,,,
4613,8/4/2026 9:51,7.02,74.46,-11.14,,,,,
4614,8/4/2026 10:06,7.05,74.98,-12.69,,,,,
4615,8/4/2026 10:21,7.06,75.33,-13.5,,,,,
4616,8/4/2026 10:36,7.07,75.6,-14.03,,,,,
4617,8/4/2026 10:51,7.08,76.03,-14.61,,,,,
4618,8/4/2026 11:06,7.07,76.21,-14.11,,,,,
4619,8/4/2026 11:21,7.05,75.99,-12.55,,,,,
4620,8/4/2026 11:36,7.05,75.78,-12.94,,,,,
4621,8/4/2026 11:51,7.06,76.12,-13.59,,,,,
4622,8/4/2026 12:06,7.09,75.94,-14.91,,,,,
4623,8/4/2026 12:21,7.09,76.06,-15.34,,,,,
4624,8/4/2026 12:36,7.1,76.12,-15.41,,,,,
4625,8/4/2026 12:51,7.11,76.28,-16.03,,,,,
4626,8/4/2026 13:06,7.14,76.59,-18.08,,,,,
4627,8/4/2026 13:21,7.22,76.64,-22.19,,,,,
4628,8/4/2026 13:36,7.3,76.59,-27.19,,,,,
4629,8/4/2026 13:51,7.38,76.55,-31.7,,,,,
4630,8/4/2026 14:06,7.47,76.42,-36.36,,,,,
4631,8/4/2026 14:21,7.56,76.28,-41.95,,,,,
4632,8/4/2026 14:36,7.65,76.37,-46.78,,,,,
4633,8/4/2026 14:51,7.72,76.51,-50.53,,,,,
4634,8/4/2026 15:06,7.77,76.59,-53.5,,,,,
4635,8/4/2026 15:21,7.79,76.64,-54.78,,,,,
4636,8/4/2026 15:36,7.8,76.24,-55.42,,,,,
4637,8/4/2026 15:51,7.81,75.94,-55.56,,,,,
4638,8/4/2026 16:06,7.8,75.81,-54.94,,,,,
4639,8/4/2026 16:21,7.78,75.69,-53.95,,,,,
4640,8/4/2026 16:36,7.73,75.63,-51.1,,,,,
4641,8/4/2026 16:51,7.64,75.72,-46.13,,,,,
4642,8/4/2026 17:06,7.71,76.55,-50.02,,,,,
4643,8/4/2026 17:21,7.75,77.11,-52.72,,,,,
4644,8/4/2026 17:36,7.75,77.25,-52.44,,,,,
4645,8/4/2026 17:51,7.73,77.29,-51.13,,,,,
4646,8/4/2026 18:06,7.69,77.41,-49.25,,,,,
4647,8/4/2026 18:21,7.65,77.5,-47.11,,,,,
4648,8/4/2026 18:36,7.61,77.56,-44.45,,,,,
4649,8/4/2026 18:51,7.56,77.65,-41.81,,,,,
4650,8/4/2026 19:06,7.5,77.68,-38.17,,,,,
4651,8/4/2026 19:21,7.43,77.72,-34.16,,,,,
4652,8/4/2026 19:36,7.36,77.77,-30.19,,,,,
4653,8/4/2026 19:51,7.29,77.81,-26.53,,,,,
4654,8/4/2026 20:06,7.23,77.86,-23.31,,,,,
4655,8/4/2026 20:21,7.2,77.77,-21.39,,,,,
4656,8/4/2026 20:36,7.16,77.72,-18.81,,,,,
4657,8/4/2026 20:51,7.14,77.72,-18,,,,,
4658,8/4/2026 21:06,7.1,77.68,-15.53,,,,,
4659,8/4/2026 21:21,7.06,77.65,-13.14,,,,,
4660,8/4/2026 21:36,7.03,77.65,-11.44,,,,,
4661,8/4/2026 21:51,6.99,77.59,-9.59,,,,,
4662,8/4/2026 22:06,6.97,77.56,-8.31,,,,,
4663,8/4/2026 22:21,6.96,77.56,-7.8,,,,,
4664,8/4/2026 22:36,6.95,77.47,-7.2,,,,,
4665,8/4/2026 22:51,6.95,77.5,-6.95,,,,,
4666,8/4/2026 23:06,6.94,77.5,-6.78,,,,,
4667,8/4/2026 23:21,6.94,77.41,-6.48,,,,,
4668,8/4/2026 23:36,6.93,77.34,-6.06,,,,,
4669,8/4/2026 23:51,6.93,77.38,-6.16,,,,,
4670,8/5/2026 0:06,6.93,77.34,-6.05,,,,,
4671,8/5/2026 0:21,6.93,77.34,-6.2,,,,,
4672,8/5/2026 0:36,6.97,77.11,-8.45,,,,,
4673,8/5/2026 0:51,6.99,76.82,-9.36,,,,,
4674,8/5/2026 1:06,7.02,76.73,-11.22,,,,,
4675,8/5/2026 1:21,7.04,76.51,-12.3,,,,,
4676,8/5/2026 1:36,7.07,76.42,-14.19,,,,,
4677,8/5/2026 1:51,7.12,76.21,-16.95,,,,,
4678,8/5/2026 2:06,7.19,75.94,-20.89,,,,,
4679,8/5/2026 2:21,7.27,75.69,-25,,,,,
4680,8/5/2026 2:36,7.33,75.47,-28.88,,,,,
4681,8/5/2026 2:51,7.41,75.33,-33.02,,,,,
4682,8/5/2026 3:06,7.47,75.11,-36.28,,,,,
4683,8/5/2026 3:21,7.52,74.89,-39.22,,,,,
4684,8/5/2026 3:36,7.55,74.64,-41.13,,,,,
4685,8/5/2026 3:51,7.57,74.34,-42.17,,,,,
4686,8/5/2026 4:06,7.59,74.12,-43.05,,,,,
4687,8/5/2026 4:21,7.59,73.94,-43.39,,,,,
4688,8/5/2026 4:36,7.58,73.9,-42.42,,,,,
4689,8/5/2026 4:51,7.54,73.87,-40.33,,,,,
4690,8/5/2026 5:06,7.49,73.87,-37.67,,,,,
4691,8/5/2026 5:21,7.46,73.99,-35.95,,,,,
4692,8/5/2026 5:36,7.49,74.12,-37.7,,,,,
4693,8/5/2026 5:51,7.47,74.21,-36.42,,,,,
4694,8/5/2026 6:06,7.44,74.34,-34.92,,,,,
4695,8/5/2026 6:21,7.42,74.46,-33.59,,,,,
4696,8/5/2026 6:36,7.38,74.52,-31.66,,,,,
4697,8/5/2026 6:51,7.35,74.55,-29.5,,,,,
4698,8/5/2026 7:06,7.32,74.59,-28.05,,,,,
4699,8/5/2026 7:21,7.28,74.64,-25.95,,,,,
4700,8/5/2026 7:36,7.25,74.73,-24.13,,,,,
4701,8/5/2026 7:51,7.22,74.77,-22.64,,,,,
4702,8/5/2026 8:06,7.2,74.73,-21.3,,,,,
4703,8/5/2026 8:21,7.21,74.73,-21.64,,,,,
4704,8/5/2026 8:36,7.18,74.86,-20.19,,,,,
4705,8/5/2026 8:51,7.19,75.07,-20.47,,,,,
4706,8/5/2026 9:06,7.16,75.2,-19.23,,,,,
4707,8/5/2026 9:21,7.17,75.33,-19.53,,,,,
4708,8/5/2026 9:36,7.15,75.51,-18.42,,,,,
4709,8/5/2026 9:51,7.16,75.72,-18.84,,,,,
4710,8/5/2026 10:06,7.13,75.94,-17.53,,,,,
4711,8/5/2026 10:21,7.19,76.28,-20.92,,,,,
4712,8/5/2026 10:36,7.14,76.64,-17.75,,,,,
4713,8/5/2026 10:51,7.12,76.95,-17,,,,,
4714,8/5/2026 11:06,7.14,76.98,-17.92,,,,,
4715,8/5/2026 11:21,7.2,77.29,-21.38,,,,,
4716,8/5/2026 11:36,7.22,77.81,-22.5,,,,,
4717,8/5/2026 11:51,7.13,77.86,-17.42,,,,,
4718,8/5/2026 12:06,7.13,77.5,-17.56,,,,,
4719,8/5/2026 12:21,7.1,77.34,-15.72,,,,,
4720,8/5/2026 12:36,7.17,77.72,-19.59,,,,,
4721,8/5/2026 12:51,7.16,77.99,-18.89,,,,,
4722,8/5/2026 13:06,7.18,77.86,-20.05,,,,,
4723,8/5/2026 13:21,7.15,77.9,-18.55,,,,,
4724,8/5/2026 13:36,7.2,77.81,-21.28,,,,,
4725,8/5/2026 13:51,7.26,78.03,-24.81,,,,,
4726,8/5/2026 14:06,7.35,77.99,-29.81,,,,,
4727,8/5/2026 14:21,7.45,77.9,-35.78,,,,,
4728,8/5/2026 14:36,7.55,77.81,-41.02,,,,,
4729,8/5/2026 14:51,7.63,77.59,-45.52,,,,,
4730,8/5/2026 15:06,7.72,77.38,-50.74,,,,,
4731,8/5/2026 15:21,7.8,77.34,-55.28,,,,,
4732,8/5/2026 15:36,7.86,77.41,-58.94,,,,,
4733,8/5/2026 15:51,7.87,77.34,-59.2,,,,,
4734,8/5/2026 16:06,7.88,77.29,-59.89,,,,,
4735,8/5/2026 16:21,7.9,76.98,-60.72,,,,,
4736,8/5/2026 16:36,7.9,76.64,-61.22,,,,,
4737,8/5/2026 16:51,7.9,76.46,-60.75,,,,,
4738,8/5/2026 17:06,7.85,76.33,-58.16,,,,,
4739,8/5/2026 17:21,7.82,76.15,-56.58,,,,,
4740,8/5/2026 17:36,7.76,76.15,-52.85,,,,,
4741,8/5/2026 17:51,7.75,76.73,-52.55,,,,,
4742,8/5/2026 18:06,7.84,77.38,-57.39,,,,,
4743,8/5/2026 18:21,7.84,77.59,-57.42,,,,,
4744,8/5/2026 18:36,7.82,77.77,-56.36,,,,,
4745,8/5/2026 18:51,7.79,77.9,-55.08,,,,,
4746,8/5/2026 19:06,7.76,78.08,-53,,,,,
4747,8/5/2026 19:21,7.71,78.17,-50.19,,,,,
4748,8/5/2026 19:36,7.66,78.21,-47.5,,,,,
4749,8/5/2026 19:51,7.61,78.26,-44.47,,,,,
4750,8/5/2026 20:06,7.55,78.33,-41.3,,,,,
4751,8/5/2026 20:21,7.49,78.42,-37.66,,,,,
4752,8/5/2026 20:36,7.42,78.51,-33.58,,,,,
4753,8/5/2026 20:51,7.33,78.6,-28.86,,,,,
4754,8/5/2026 21:06,7.28,78.57,-25.8,,,,,
4755,8/5/2026 21:21,7.23,78.51,-23.2,,,,,
4756,8/5/2026 21:36,7.21,78.57,-21.83,,,,,
4757,8/5/2026 21:51,7.18,78.57,-20.13,,,,,
4758,8/5/2026 22:06,7.13,78.57,-17.31,,,,,
4759,8/5/2026 22:21,7.08,78.57,-14.33,,,,,
4760,8/5/2026 22:36,7.03,78.57,-11.92,,,,,
4761,8/5/2026 22:51,7,78.57,-9.91,,,,,
4762,8/5/2026 23:06,6.98,78.57,-8.94,,,,,
4763,8/5/2026 23:21,6.97,78.48,-8.33,,,,,
4764,8/5/2026 23:36,6.96,78.42,-7.98,,,,,
4765,8/5/2026 23:51,6.96,78.42,-7.77,,,,,
4766,8/6/2026 0:06,6.95,78.39,-7.25,,,,,
4767,8/6/2026 0:21,6.95,78.39,-7.11,,,,,
4768,8/6/2026 0:36,6.95,78.39,-6.89,,,,,
4769,8/6/2026 0:51,6.94,78.39,-6.77,,,,,
4770,8/6/2026 1:06,6.94,78.39,-6.84,,,,,
4771,8/6/2026 1:21,6.97,78.17,-8.42,,,,,
4772,8/6/2026 1:36,6.99,78.03,-9.64,,,,,
4773,8/6/2026 1:51,7.02,77.9,-11.16,,,,,
4774,8/6/2026 2:06,7.05,77.72,-12.64,,,,,
4775,8/6/2026 2:21,7.07,77.56,-13.98,,,,,
4776,8/6/2026 2:36,7.12,77.38,-16.73,,,,,
4777,8/6/2026 2:51,7.18,77.11,-20.03,,,,,
4778,8/6/2026 3:06,7.25,76.89,-24.42,,,,,
4779,8/6/2026 3:21,7.33,76.68,-28.53,,,,,
4780,8/6/2026 3:36,7.4,76.46,-32.86,,,,,
4781,8/6/2026 3:51,7.47,76.28,-36.55,,,,,
4782,8/6/2026 4:06,7.53,76.06,-40.03,,,,,
4783,8/6/2026 4:21,7.59,75.81,-43.19,,,,,
4784,8/6/2026 4:36,7.61,75.54,-44.53,,,,,
4785,8/6/2026 4:51,7.63,75.29,-45.72,,,,,
4786,8/6/2026 5:06,7.63,75.11,-45.45,,,,,
4787,8/6/2026 5:21,7.64,74.95,-45.86,,,,,
4788,8/6/2026 5:36,7.58,74.86,-42.75,,,,,
4789,8/6/2026 5:51,7.51,74.86,-38.72,,,,,
4790,8/6/2026 6:06,7.46,74.95,-35.77,,,,,
4791,8/6/2026 6:21,7.53,75.2,-39.75,,,,,
4792,8/6/2026 6:36,7.53,75.47,-39.69,,,,,
4793,8/6/2026 6:51,7.49,75.63,-37.89,,,,,
4794,8/6/2026 7:06,7.48,75.72,-37.11,,,,,
4795,8/6/2026 7:21,7.46,75.72,-35.83,,,,,
4796,8/6/2026 7:36,7.43,75.94,-34.11,,,,,
4797,8/6/2026 7:51,7.4,76.15,-32.86,,,,,
4798,8/6/2026 8:06,7.37,76.28,-31.09,,,,,
4799,8/6/2026 8:21,7.36,76.46,-30.22,,,,,
4800,8/6/2026 8:36,7.33,76.64,-28.84,,,,,
4801,8/6/2026 8:51,7.31,76.77,-27.63,,,,,
4802,8/6/2026 9:06,7.3,76.82,-26.81,,,,,
4803,8/6/2026 9:21,7.27,76.89,-25.19,,,,,
4804,8/6/2026 9:36,7.26,77.07,-24.97,,,,,
4805,8/6/2026 9:51,7.24,77.25,-23.8,,,,,
4806,8/6/2026 10:06,7.25,77.41,-23.89,,,,,
4807,8/6/2026 10:21,7.22,77.59,-22.27,,,,,
4808,8/6/2026 10:36,7.23,77.77,-22.84,,,,,
4809,8/6/2026 10:51,7.24,78.08,-23.44,,,,,
4810,8/6/2026 11:06,7.21,78.51,-22.17,,,,,
4811,8/6/2026 11:21,7.2,79,-21.11,,,,,
4812,8/6/2026 11:36,7.18,79.39,-20.39,,,,,
4813,8/6/2026 11:51,7.17,79.83,-19.47,,,,,
4814,8/6/2026 12:06,7.2,80.19,-21.25,,,,,
4815,8/6/2026 12:21,7.18,80.8,-20.09,,,,,
4816,8/6/2026 12:36,7.13,80.67,-17.16,,,,,
4817,8/6/2026 12:51,7.12,80.37,-16.92,,,,,
4818,8/6/2026 13:06,7.1,79.97,-15.64,,,,,
4819,8/6/2026 13:21,7.12,80.62,-16.91,,,,,
4820,8/6/2026 13:36,7.19,80.37,-20.7,,,,,
4821,8/6/2026 13:51,7.21,80.06,-21.92,,,,,
4822,8/6/2026 14:06,7.25,80.1,-24.3,,,,,
4823,8/6/2026 14:21,7.28,80.19,-26.13,,,,,
4824,8/6/2026 14:36,7.34,80.22,-29.56,,,,,
4825,8/6/2026 14:51,7.44,80.13,-35.27,,,,,
4826,8/6/2026 15:06,7.54,79.92,-40.89,,,,,
4827,8/6/2026 15:21,7.63,79.57,-45.69,,,,,
4828,8/6/2026 15:36,7.71,79.12,-50.39,,,,,
4829,8/6/2026 15:51,7.78,78.91,-54.36,,,,,
4830,8/6/2026 16:06,7.83,78.78,-57.27,,,,,
4831,8/6/2026 16:21,7.89,78.73,-60.41,,,,,
4832,8/6/2026 16:36,7.91,78.64,-61.47,,,,,
4833,8/6/2026 16:51,7.92,78.51,-62.38,,,,,
4834,8/6/2026 17:06,7.93,78.26,-62.77,,,,,
4835,8/6/2026 17:21,7.93,77.95,-62.96,,,,,
4836,8/6/2026 17:36,7.93,77.77,-63,,,,,
4837,8/6/2026 17:51,7.94,77.47,-63.08,,,,,
4838,8/6/2026 18:06,7.93,77.2,-62.71,,,,,
4839,8/6/2026 18:21,7.9,77.04,-60.85,,,,,
4840,8/6/2026 18:36,7.84,76.95,-57.3,,,,,
4841,8/6/2026 18:51,7.83,77.34,-57.31,,,,,
4842,8/6/2026 19:06,7.88,77.95,-60.17,,,,,
4843,8/6/2026 19:21,7.88,78.57,-60.14,,,,,
4844,8/6/2026 19:36,7.85,78.82,-58.11,,,,,
4845,8/6/2026 19:51,7.81,79,-56.25,,,,,
4846,8/6/2026 20:06,7.77,79.12,-53.56,,,,,
4847,8/6/2026 20:21,7.7,79.3,-49.94,,,,,
4848,8/6/2026 20:36,7.66,79.48,-47.38,,,,,
4849,8/6/2026 20:51,7.6,79.7,-43.94,,,,,
4850,8/6/2026 21:06,7.53,79.83,-40.24,,,,,
4851,8/6/2026 21:21,7.45,80.01,-35.55,,,,,
4852,8/6/2026 21:36,7.35,80.19,-30.14,,,,,
4853,8/6/2026 21:51,7.29,80.28,-26.39,,,,,
4854,8/6/2026 22:06,7.22,80.28,-22.42,,,,,
4855,8/6/2026 22:21,7.16,80.22,-19.3,,,,,
4856,8/6/2026 22:36,7.15,80.31,-18.78,,,,,
4857,8/6/2026 22:51,7.12,80.37,-17.02,,,,,
4858,8/6/2026 23:06,7.08,80.46,-14.44,,,,,
4859,8/6/2026 23:21,7.03,80.49,-11.8,,,,,
4860,8/6/2026 23:36,6.99,80.49,-9.23,,,,,
4861,8/6/2026 23:51,6.95,80.49,-6.89,,,,,
4862,8/7/2026 0:06,6.93,80.49,-5.72,,,,,
4863,8/7/2026 0:21,6.91,80.49,-4.75,,,,,
4864,8/7/2026 0:36,6.9,80.53,-4.14,,,,,
4865,8/7/2026 0:51,6.89,80.49,-3.55,,,,,
4866,8/7/2026 1:06,6.88,80.4,-2.94,,,,,
4867,8/7/2026 1:21,6.89,80.4,-3.55,,,,,
4868,8/7/2026 1:36,6.89,80.4,-3.89,,,,,
4869,8/7/2026 1:51,6.89,80.46,-3.92,,,,,
4870,8/7/2026 2:06,6.89,80.49,-3.95,,,,,
4871,8/7/2026 2:21,6.91,80.31,-4.94,,,,,
4872,8/7/2026 2:36,6.93,80.22,-6.25,,,,,
4873,8/7/2026 2:51,6.95,80.06,-7.42,,,,,
4874,8/7/2026 3:06,6.98,79.88,-9.08,,,,,
4875,8/7/2026 3:21,7.01,79.74,-10.47,,,,,
4876,8/7/2026 3:36,7.05,79.52,-12.75,,,,,
4877,8/7/2026 3:51,7.1,79.3,-15.55,,,,,
4878,8/7/2026 4:06,7.2,78.91,-21.38,,,,,
4879,8/7/2026 4:21,7.29,78.6,-26.27,,,,,
4880,8/7/2026 4:36,7.36,78.42,-30.33,,,,,
4881,8/7/2026 4:51,7.43,78.21,-34.39,,,,,
4882,8/7/2026 5:06,7.5,77.95,-38.49,,,,,
4883,8/7/2026 5:21,7.56,77.68,-41.95,,,,,
4884,8/7/2026 5:36,7.58,77.41,-43.02,,,,,
4885,8/7/2026 5:51,7.59,77.2,-43.2,,,,,
4886,8/7/2026 6:06,7.59,76.98,-43.42,,,,,
4887,8/7/2026 6:21,7.57,76.89,-42.05,,,,,
4888,8/7/2026 6:36,7.55,76.77,-41.05,,,,,
4889,8/7/2026 6:51,7.48,76.73,-36.95,,,,,
4890,8/7/2026 7:06,7.44,76.82,-34.92,,,,,
4891,8/7/2026 7:21,7.47,76.89,-36.5,,,,,
4892,8/7/2026 7:36,7.47,77.25,-36.84,,,,,
4893,8/7/2026 7:51,7.47,77.77,-36.69,,,,,
4894,8/7/2026 8:06,7.47,77.5,-36.86,,,,,
4895,8/7/2026 8:21,7.46,77.86,-35.84,,,,,
4896,8/7/2026 8:36,7.43,77.95,-34.56,,,,,
4897,8/7/2026 8:51,7.41,78.08,-33.25,,,,,
4898,8/7/2026 9:06,7.38,78.51,-31.64,,,,,
4899,8/7/2026 9:21,7.34,78.94,-29.16,,,,,
4900,8/7/2026 9:36,7.31,79.12,-27.86,,,,,
4901,8/7/2026 9:51,7.3,79.12,-27.27,,,,,
4902,8/7/2026 10:06,7.3,79.3,-26.83,,,,,
4903,8/7/2026 10:21,7.29,79.7,-26.67,,,,,
4904,8/7/2026 10:36,7.28,80.06,-26.13,,,,,
4905,8/7/2026 10:51,7.27,80.4,-25.3,,,,,
4906,8/7/2026 11:06,7.25,80.8,-24.45,,,,,
4907,8/7/2026 11:21,7.21,81.1,-22.14,,,,,
4908,8/7/2026 11:36,7.22,81.46,-22.78,,,,,
4909,8/7/2026 11:51,7.21,81.91,-22.03,,,,,
4910,8/7/2026 12:06,7.2,82.35,-21.69,,,,,
4911,8/7/2026 12:21,7.2,82.76,-21.2,,,,,
4912,8/7/2026 12:36,7.2,83.19,-21.22,,,,,
4913,8/7/2026 12:51,7.19,83.82,-21.11,,,,,
4914,8/7/2026 13:06,7.28,84.72,-26.13,,,,,
4915,8/7/2026 13:21,7.3,85.21,-27.3,,,,,
4916,8/7/2026 13:36,7.16,84.36,-19.02,,,,,
4917,8/7/2026 13:51,7.12,83.7,-16.8,,,,,
4918,8/7/2026 14:06,7.11,84.06,-16.28,,,,,
4919,8/7/2026 14:21,7.18,84.18,-20.31,,,,,
4920,8/7/2026 14:36,7.18,84,-20.13,,,,,
4921,8/7/2026 14:51,7.22,83.73,-22.64,,,,,
4922,8/7/2026 15:06,7.24,83.52,-23.66,,,,,
4923,8/7/2026 15:21,7.32,83.55,-28.63,,,,,
4924,8/7/2026 15:36,7.41,83.52,-33.77,,,,,
4925,8/7/2026 15:51,7.53,83.25,-40.66,,,,,
4926,8/7/2026 16:06,7.65,82.94,-47.03,,,,,
4927,8/7/2026 16:21,7.74,82.44,-52.14,,,,,
4928,8/7/2026 16:36,7.8,82.04,-55.88,,,,,
4929,8/7/2026 16:51,7.86,81.73,-59.27,,,,,
4930,8/7/2026 17:06,7.92,81.73,-62.55,,,,,
4931,8/7/2026 17:21,7.94,81.68,-63.72,,,,,
4932,8/7/2026 17:36,7.96,81.55,-64.71,,,,,
4933,8/7/2026 17:51,7.97,81.19,-65.44,,,,,
4934,8/7/2026 18:06,7.98,80.71,-65.83,,,,,
4935,8/7/2026 18:21,7.98,80.31,-65.58,,,,,
4936,8/7/2026 18:36,7.98,79.97,-65.6,,,,,
4937,8/7/2026 18:51,7.98,79.52,-65.63,,,,,
4938,8/7/2026 19:06,7.96,79.27,-64.78,,,,,
4939,8/7/2026 19:21,7.95,79.09,-63.99,,,,,
4940,8/7/2026 19:36,7.89,79,-60.78,,,,,
4941,8/7/2026 19:51,7.87,79.48,-59.53,,,,,
4942,8/7/2026 20:06,7.93,80.22,-63.17,,,,,
4943,8/7/2026 20:21,7.92,80.85,-62.74,,,,,
4944,8/7/2026 20:36,7.9,81.25,-61.27,,,,,
4945,8/7/2026 20:51,7.85,81.43,-58.63,,,,,
4946,8/7/2026 21:06,7.78,81.64,-54.63,,,,,
4947,8/7/2026 21:21,7.72,81.82,-51.41,,,,,
4948,8/7/2026 21:36,7.67,81.95,-48.22,,,,,
4949,8/7/2026 21:51,7.6,82.13,-44.08,,,,,
4950,8/7/2026 22:06,7.51,82.26,-39.08,,,,,
4951,8/7/2026 22:21,7.43,82.4,-34.86,,,,,
4952,8/7/2026 22:36,7.38,82.62,-31.49,,,,,
4953,8/7/2026 22:51,7.31,82.71,-27.56,,,,,
4954,8/7/2026 23:06,7.26,82.67,-24.67,,,,,
4955,8/7/2026 23:21,7.21,82.62,-22.03,,,,,
4956,8/7/2026 23:36,7.16,82.67,-19.33,,,,,
4957,8/7/2026 23:51,7.13,82.71,-17.2,,,,,
4958,8/8/2026 0:06,7.08,82.71,-14.73,,,,,
4959,8/8/2026 0:21,7.03,82.67,-11.86,,,,,
4960,8/8/2026 0:36,6.99,82.62,-9.38,,,,,
4961,8/8/2026 0:51,6.96,82.58,-7.45,,,,,
4962,8/8/2026 1:06,6.93,82.53,-5.8,,,,,
4963,8/8/2026 1:21,6.9,82.49,-4.53,,,,,
4964,8/8/2026 1:36,6.89,82.44,-3.47,,,,,
4965,8/8/2026 1:51,6.88,82.49,-3.13,,,,,
4966,8/8/2026 2:06,6.86,82.35,-2.25,,,,,
4967,8/8/2026 2:21,6.87,82.26,-2.3,,,,,
4968,8/8/2026 2:36,6.89,81.91,-3.83,,,,,
4969,8/8/2026 2:51,6.89,81.73,-3.89,,,,,
4970,8/8/2026 3:06,6.88,82,-2.95,,,,,
4971,8/8/2026 3:21,6.88,81.77,-3.28,,,,,
4972,8/8/2026 3:36,6.88,81.82,-3.3,,,,,
4973,8/8/2026 3:51,6.91,81.52,-4.83,,,,,
4974,8/8/2026 4:06,6.92,81.64,-5.67,,,,,
4975,8/8/2026 4:21,6.94,81.64,-6.84,,,,,
4976,8/8/2026 4:36,6.96,81.52,-7.89,,,,,
4977,8/8/2026 4:51,7.02,81.25,-10.95,,,,,
4978,8/8/2026 5:06,7.07,80.98,-13.91,,,,,
4979,8/8/2026 5:21,7.15,80.71,-18.41,,,,,
4980,8/8/2026 5:36,7.26,80.49,-24.97,,,,,
4981,8/8/2026 5:51,7.34,80.31,-29.17,,,,,
4982,8/8/2026 6:06,7.41,80.1,-33.61,,,,,
4983,8/8/2026 6:21,7.5,79.79,-38.24,,,,,
4984,8/8/2026 6:36,7.54,79.52,-40.58,,,,,
4985,8/8/2026 6:51,7.57,79.21,-42.67,,,,,
4986,8/8/2026 7:06,7.57,79,-42.66,,,,,
4987,8/8/2026 7:21,7.57,78.87,-42.61,,,,,
4988,8/8/2026 7:36,7.54,78.78,-40.56,,,,,
4989,8/8/2026 7:51,7.48,78.73,-37.27,,,,,
4990,8/8/2026 8:06,7.44,78.73,-35.2,,,,,
4991,8/8/2026 8:21,7.43,78.87,-34.24,,,,,
4992,8/8/2026 8:36,7.46,78.91,-36.08,,,,,
4993,8/8/2026 8:51,7.45,79.61,-35.59,,,,,
4994,8/8/2026 9:06,7.44,79.83,-35,,,,,
4995,8/8/2026 9:21,7.42,79.97,-33.75,,,,,
4996,8/8/2026 9:36,7.44,79.61,-34.94,,,,,
4997,8/8/2026 9:51,7.4,80.1,-32.83,,,,,
4998,8/8/2026 10:06,7.37,80.19,-30.95,,,,,
4999,8/8/2026 10:21,7.33,80.62,-28.97,,,,,
5000,8/8/2026 10:36,7.3,80.98,-26.99,,,,,
5001,8/8/2026 10:51,7.27,81.19,-25.66,,,,,
5002,8/8/2026 11:06,7.26,81.34,-24.56,,,,,
5003,8/8/2026 11:21,7.25,81.34,-24.34,,,,,
5004,8/8/2026 11:36,7.24,81.86,-23.97,,,,,
5005,8/8/2026 11:51,7.24,82.35,-23.52,,,,,
5006,8/8/2026 12:06,7.16,82.62,-19.14,,,,,
5007,8/8/2026 12:21,7.12,83.07,-16.77,,,,,
5008,8/8/2026 12:36,7.17,83.28,-19.63,,,,,
5009,8/8/2026 12:51,7.09,83.43,-15.27,,,,,
5010,8/8/2026 13:06,7.08,83.43,-14.39,,,,,
5011,8/8/2026 13:21,7.09,83.7,-15.16,,,,,
5012,8/8/2026 13:36,7.1,83.91,-15.8,,,,,
5013,8/8/2026 13:51,7.1,84.06,-16.02,,,,,
5014,8/8/2026 14:06,7.11,84.24,-16.03,,,,,
5015,8/8/2026 14:21,7.1,84.36,-15.81,,,,,
5016,8/8/2026 14:36,7.06,84.27,-13.42,,,,,
5017,8/8/2026 14:51,7.03,83.79,-11.55,,,,,
5018,8/8/2026 15:06,7.02,84.09,-11.08,,,,,
5019,8/8/2026 15:21,7.06,84.45,-13.58,,,,,
5020,8/8/2026 15:36,7.08,84.36,-14.66,,,,,
5021,8/8/2026 15:51,7.11,84.24,-16.33,,,,,
5022,8/8/2026 16:06,7.12,84.09,-16.8,,,,,
5023,8/8/2026 16:21,7.19,83.91,-20.66,,,,,
5024,8/8/2026 16:36,7.3,83.91,-27.27,,,,,
5025,8/8/2026 16:51,7.45,83.91,-35.81,,,,,
5026,8/8/2026 17:06,7.58,83.82,-43.36,,,,,
5027,8/8/2026 17:21,7.68,83.46,-49.06,,,,,
5028,8/8/2026 17:36,7.74,83.07,-52.31,,,,,
5029,8/8/2026 17:51,7.81,82.85,-56.24,,,,,
5030,8/8/2026 18:06,7.86,82.76,-59.31,,,,,
5031,8/8/2026 18:21,7.91,82.62,-62.02,,,,,
5032,8/8/2026 18:36,7.93,82.4,-63.11,,,,,
5033,8/8/2026 18:51,7.96,82.04,-64.81,,,,,
5034,8/8/2026 19:06,7.98,81.64,-65.81,,,,,
5035,8/8/2026 19:21,7.99,81.16,-66.41,,,,,
5036,8/8/2026 19:36,7.99,80.71,-66.61,,,,,
5037,8/8/2026 19:51,7.99,80.1,-66.66,,,,,
5038,8/8/2026 20:06,7.99,79.7,-66.49,,,,,
5039,8/8/2026 20:21,7.99,79.18,-66.24,,,,,
5040,8/8/2026 20:36,7.96,78.78,-64.83,,,,,
5041,8/8/2026 20:51,7.92,78.51,-62.53,,,,,
5042,8/8/2026 21:06,7.89,78.73,-60.86,,,,,
5043,8/8/2026 21:21,7.95,79.66,-64.11,,,,,
5044,8/8/2026 21:36,7.93,80.46,-62.75,,,,,
5045,8/8/2026 21:51,7.87,81.1,-59.83,,,,,
5046,8/8/2026 22:06,7.79,81.43,-55.2,,,,,
5047,8/8/2026 22:21,7.72,81.64,-51.28,,,,,
5048,8/8/2026 22:36,7.61,81.86,-45.02,,,,,
5049,8/8/2026 22:51,7.48,81.91,-37.41,,,,,
5050,8/8/2026 23:06,7.35,81.91,-30.24,,,,,
5051,8/8/2026 23:21,7.25,81.86,-24.38,,,,,
5052,8/8/2026 23:36,7.17,81.86,-19.73,,,,,
5053,8/8/2026 23:51,7.11,81.82,-16.41,,,,,
5054,8/9/2026 0:06,7.06,81.73,-13.59,,,,,
5055,8/9/2026 0:21,7.03,81.59,-11.5,,,,,
5056,8/9/2026 0:36,7,81.52,-10.22,,,,,
5057,8/9/2026 0:51,6.98,81.37,-8.66,,,,,
5058,8/9/2026 1:06,6.95,81.25,-6.95,,,,,
5059,8/9/2026 1:21,6.92,81.1,-5.55,,,,,
5060,8/9/2026 1:36,6.89,80.98,-3.94,,,,,
5061,8/9/2026 1:51,6.87,80.8,-2.5,,,,,
5062,8/9/2026 2:06,6.85,80.62,-1.45,,,,,
5063,8/9/2026 2:21,6.84,80.4,-0.69,,,,,
5064,8/9/2026 2:36,6.83,80.22,-0.3,,,,,
5065,8/9/2026 2:51,6.82,80.06,0.09,,,,,
5066,8/9/2026 3:06,6.82,79.92,0.11,,,,,
5067,8/9/2026 3:21,6.82,79.79,0.52,,,,,
5068,8/9/2026 3:36,6.82,79.61,0.14,,,,,
5069,8/9/2026 3:51,6.82,79.48,0.23,,,,,
5070,8/9/2026 4:06,6.82,79.66,0.08,,,,,
5071,8/9/2026 4:21,6.82,79.61,0.14,,,,,
5072,8/9/2026 4:36,6.83,79.57,-0.06,,,,,
5073,8/9/2026 4:51,6.84,79.74,-0.98,,,,,
5074,8/9/2026 5:06,6.85,79.61,-1.52,,,,,
5075,8/9/2026 5:21,6.87,79.61,-2.42,,,,,
5076,8/9/2026 5:36,6.88,79.52,-3.38,,,,,
5077,8/9/2026 5:51,6.92,79.61,-5.27,,,,,
5078,8/9/2026 6:06,6.97,79.7,-8.45,,,,,
5079,8/9/2026 6:21,7.04,79.83,-12.36,,,,,
5080,8/9/2026 6:36,7.15,79.92,-18.27,,,,,
5081,8/9/2026 6:51,7.24,79.88,-23.61,,,,,
5082,8/9/2026 7:06,7.32,79.79,-28.42,,,,,
5083,8/9/2026 7:21,7.42,79.61,-34.14,,,,,
5084,8/9/2026 7:36,7.49,79.3,-37.67,,,,,
5085,8/9/2026 7:51,7.53,78.94,-40.17,,,,,
5086,8/9/2026 8:06,7.55,78.73,-41.3,,,,,
5087,8/9/2026 8:21,7.58,78.57,-42.89,,,,,
5088,8/9/2026 8:36,7.58,78.51,-42.8,,,,,
5089,8/9/2026 8:51,7.57,78.48,-42.25,,,,,
5090,8/9/2026 9:06,7.51,78.48,-39.05,,,,,
5091,8/9/2026 9:21,7.45,78.51,-35.61,,,,,
5092,8/9/2026 9:36,7.48,78.57,-37.22,,,,,
5093,8/9/2026 9:51,7.48,78.82,-37.41,,,,,
5094,8/9/2026 10:06,7.5,79.66,-38.74,,,,,
5095,8/9/2026 10:21,7.5,79.88,-38.61,,,,,
5096,8/9/2026 10:36,7.49,79.74,-37.64,,,,,
5097,8/9/2026 10:51,7.48,79.7,-37.05,,,,,
5098,8/9/2026 11:06,7.44,80.22,-35.09,,,,,
5099,8/9/2026 11:21,7.42,80.1,-33.97,,,,,
5100,8/9/2026 11:36,7.39,80.19,-32.38,,,,,
5101,8/9/2026 11:51,7.35,80.8,-30.22,,,,,
5102,8/9/2026 12:06,7.33,81.16,-28.78,,,,,
5103,8/9/2026 12:21,7.3,81.19,-27.13,,,,,
5104,8/9/2026 12:36,7.31,81.43,-27.94,,,,,
5105,8/9/2026 12:51,7.32,81.77,-28.27,,,,,
5106,8/9/2026 13:06,7.29,81.95,-26.45,,,,,
5107,8/9/2026 13:21,7.28,82.17,-26.11,,,,,
5108,8/9/2026 13:36,7.21,82.26,-21.99,,,,,
5109,8/9/2026 13:51,7.22,82.53,-22.75,,,,,
5110,8/9/2026 14:06,7.21,82.8,-21.89,,,,,
5111,8/9/2026 14:21,7.17,83.01,-19.95,,,,,
5112,8/9/2026 14:36,7.17,83.61,-19.66,,,,,
5113,8/9/2026 14:51,7.13,83.88,-17.39,,,,,
5114,8/9/2026 15:06,7.1,84.06,-15.66,,,,,
5115,8/9/2026 15:21,7.07,84.24,-13.78,,,,,
5116,8/9/2026 15:36,7.06,84.45,-13.5,,,,,
5117,8/9/2026 15:51,7.04,83.43,-12.56,,,,,
5118,8/9/2026 16:06,7.04,83.28,-12.06,,,,,
5119,8/9/2026 16:21,7.06,83.43,-13.64,,,,,
5120,8/9/2026 16:36,7.09,83.46,-15.11,,,,,
5121,8/9/2026 16:51,7.1,83.28,-15.8,,,,,
5122,8/9/2026 17:06,7.15,83.25,-18.34,,,,,
5123,8/9/2026 17:21,7.2,83.1,-21.34,,,,,
5124,8/9/2026 17:36,7.26,82.98,-24.83,,,,,
5125,8/9/2026 17:51,7.35,82.85,-30.11,,,,,
5126,8/9/2026 18:06,7.46,82.67,-36.44,,,,,
5127,8/9/2026 18:21,7.55,82.31,-41.61,,,,,
5128,8/9/2026 18:36,7.63,82,-46.06,,,,,
5129,8/9/2026 18:51,7.72,81.64,-50.99,,,,,
5130,8/9/2026 19:06,7.81,81.43,-56.25,,,,,
5131,8/9/2026 19:21,7.88,81.28,-60,,,,,
5132,8/9/2026 19:36,7.91,81.07,-62.03,,,,,
5133,8/9/2026 19:51,7.94,80.76,-63.42,,,,,
5134,8/9/2026 20:06,7.94,80.31,-63.55,,,,,
5135,8/9/2026 20:21,7.96,79.79,-64.5,,,,,
5136,8/9/2026 20:36,7.96,79.3,-64.72,,,,,
5137,8/9/2026 20:51,7.98,78.51,-65.75,,,,,
5138,8/9/2026 21:06,7.99,77.65,-66.1,,,,,
5139,8/9/2026 21:21,8,76.89,-66.42,,,,,
5140,8/9/2026 21:36,7.99,76.12,-65.8,,,,,
5141,8/9/2026 21:51,7.96,75.6,-64.49,,,,,
5142,8/9/2026 22:06,7.88,75.81,-60,,,,,
5143,8/9/2026 22:21,7.94,76.86,-63.33,,,,,
5144,8/9/2026 22:36,7.93,77.77,-62.89,,,,,
5145,8/9/2026 22:51,7.89,78.51,-60.69,,,,,
5146,8/9/2026 23:06,7.82,79.21,-56.44,,,,,
5147,8/9/2026 23:21,7.71,79.57,-50.24,,,,,
5148,8/9/2026 23:36,7.59,79.83,-43.7,,,,,
5149,8/9/2026 23:51,7.44,79.83,-35.19,,,,,
5150,8/10/2026 0:06,7.33,79.88,-28.63,,,,,
5151,8/10/2026 0:21,7.25,79.83,-24.14,,,,,
5152,8/10/2026 0:36,7.18,79.83,-20.49,,,,,
5153,8/10/2026 0:51,7.12,79.7,-16.94,,,,,
5154,8/10/2026 1:06,7.08,79.61,-14.31,,,,,
5155,8/10/2026 1:21,7.03,79.52,-11.64,,,,,
5156,8/10/2026 1:36,7,79.39,-9.77,,,,,
5157,8/10/2026 1:51,6.97,79.27,-8.2,,,,,
5158,8/10/2026 2:06,6.95,79.12,-7.14,,,,,
5159,8/10/2026 2:21,6.93,79.03,-6.02,,,,,
5160,8/10/2026 2:36,6.9,78.87,-4.55,,,,,
5161,8/10/2026 2:51,6.88,78.64,-3.2,,,,,
5162,8/10/2026 3:06,6.87,78.48,-2.47,,,,,
5163,8/10/2026 3:21,6.85,78.21,-1.64,,,,,
5164,8/10/2026 3:36,6.85,77.99,-1.42,,,,,
5165,8/10/2026 3:51,6.85,77.77,-1.23,,,,,
5166,8/10/2026 4:06,6.84,77.65,-0.8,,,,,
5167,8/10/2026 4:21,6.83,77.47,-0.59,,,,,
5168,8/10/2026 4:36,6.83,77.38,-0.31,,,,,
5169,8/10/2026 4:51,6.83,77.16,-0.17,,,,,
5170,8/10/2026 5:06,6.83,77.16,-0.17,,,,,
5171,8/10/2026 5:21,6.83,77.34,-0.58,,,,,
5172,8/10/2026 5:36,6.83,77.25,-0.38,,,,,
5173,8/10/2026 5:51,6.85,77.16,-1.27,,,,,
5174,8/10/2026 6:06,6.85,77.29,-1.75,,,,,
5175,8/10/2026 6:21,6.87,77.25,-2.41,,,,,
5176,8/10/2026 6:36,6.88,77.34,-3.19,,,,,
5177,8/10/2026 6:51,6.9,77.34,-4.25,,,,,
5178,8/10/2026 7:06,6.94,77.65,-6.48,,,,,
5179,8/10/2026 7:21,7,78.03,-9.89,,,,,
5180,8/10/2026 7:36,7.06,78.21,-13.34,,,,,
5181,8/10/2026 7:51,7.13,78.51,-17.58,,,,,
5182,8/10/2026 8:06,7.22,78.6,-22.59,,,,,
5183,8/10/2026 8:21,7.32,78.48,-28.44,,,,,
5184,8/10/2026 8:36,7.42,78.21,-33.97,,,,,
5185,8/10/2026 8:51,7.48,77.9,-37.3,,,,,
5186,8/10/2026 9:06,7.52,77.72,-39.24,,,,,
5187,8/10/2026 9:21,7.54,77.65,-40.56,,,,,
5188,8/10/2026 9:36,7.56,77.5,-41.63,,,,,
5189,8/10/2026 9:51,7.54,77.5,-40.8,,,,,
5190,8/10/2026 10:06,7.52,77.47,-39.39,,,,,
5191,8/10/2026 10:21,7.43,77.5,-34.61,,,,,
5192,8/10/2026 10:36,7.48,77.77,-37.31,,,,,
5193,8/10/2026 10:51,7.51,78.17,-38.89,,,,,
5194,8/10/2026 11:06,7.49,78.39,-37.95,,,,,
5195,8/10/2026 11:21,7.46,78.64,-36.17,,,,,
5196,8/10/2026 11:36,7.45,78.91,-35.31,,,,,
5197,8/10/2026 11:51,7.42,79.18,-34.13,,,,,
5198,8/10/2026 12:06,7.39,79.34,-32.39,,,,,
5199,8/10/2026 12:21,7.37,79.52,-30.95,,,,,
5200,8/10/2026 12:36,7.34,79.61,-29.59,,,,,
5201,8/10/2026 12:51,7.31,79.74,-27.52,,,,,
5202,8/10/2026 13:06,7.28,79.74,-26.2,,,,,
5203,8/10/2026 13:21,7.27,79.83,-25.34,,,,,
5204,8/10/2026 13:36,7.24,79.97,-23.49,,,,,
5205,8/10/2026 13:51,7.25,80.19,-24.11,,,,,
5206,8/10/2026 14:06,7.24,80.28,-23.83,,,,,
5207,8/10/2026 14:21,7.22,80.37,-22.41,,,,,
5208,8/10/2026 14:36,7.18,80.49,-20.49,,,,,
5209,8/10/2026 14:51,7.14,80.49,-18.11,,,,,
5210,8/10/2026 15:06,7.11,80.53,-16.45,,,,,
5211,8/10/2026 15:21,7.08,80.58,-14.31,,,,,
5212,8/10/2026 15:36,7.06,80.62,-13.5,,,,,
5213,8/10/2026 15:51,7.04,80.67,-12,,,,,
5214,8/10/2026 16:06,7.04,80.71,-12.05,,,,,
5215,8/10/2026 16:21,7.05,80.85,-12.95,,,,,
5216,8/10/2026 16:36,7.05,80.98,-12.92,,,,,
5217,8/10/2026 16:51,7.04,81.01,-12.06,,,,,
5218,8/10/2026 17:06,7.02,80.85,-10.97,,,,,
5219,8/10/2026 17:21,6.99,80.89,-9.16,,,,,
5220,8/10/2026 17:36,7,81.01,-9.78,,,,,
5221,8/10/2026 17:51,7,80.94,-10.2,,,,,
5222,8/10/2026 18:06,7.03,80.94,-11.67,,,,,
5223,8/10/2026 18:21,7.05,80.94,-12.97,,,,,
5224,8/10/2026 18:36,7.1,80.89,-15.58,,,,,
5225,8/10/2026 18:51,7.17,80.8,-19.86,,,,,
5226,8/10/2026 19:06,7.25,80.62,-24.34,,,,,
5227,8/10/2026 19:21,7.37,80.37,-31.14,,,,,
5228,8/10/2026 19:36,7.46,80.1,-35.94,,,,,
5229,8/10/2026 19:51,7.55,79.74,-41.03,,,,,
5230,8/10/2026 20:06,7.65,79.48,-47.19,,,,,
5231,8/10/2026 20:21,7.72,79.27,-50.7,,,,,
5232,8/10/2026 20:36,7.76,79,-53.03,,,,,
5233,8/10/2026 20:51,7.79,78.6,-54.91,,,,,
5234,8/10/2026 21:06,7.82,78.17,-56.7,,,,,
5235,8/10/2026 21:21,7.85,77.65,-58.11,,,,,
5236,8/10/2026 21:36,7.87,77.04,-59.56,,,,,
5237,8/10/2026 21:51,7.91,76.15,-61.38,,,,,
5238,8/10/2026 22:06,7.94,75.04,-63.17,,,,,
5239,8/10/2026 22:21,7.96,74.12,-64.19,,,,,
5240,8/10/2026 22:36,7.97,73.51,-64.67,,,,,
5241,8/10/2026 22:51,7.98,73.04,-64.89,,,,,
5242,8/10/2026 23:06,7.95,72.86,-63.5,,,,,
5243,8/10/2026 23:21,7.9,73.26,-60.74,,,,,
5244,8/10/2026 23:36,7.92,73.81,-61.55,,,,,
5245,8/10/2026 23:51,7.89,74.52,-60.06,,,,,
5246,8/11/2026 0:06,7.83,75.42,-56.99,,,,,
5247,8/11/2026 0:21,7.75,76.24,-52.33,,,,,
5248,8/11/2026 0:36,7.64,76.86,-46.03,,,,,
5249,8/11/2026 0:51,7.51,77.38,-38.66,,,,,
5250,8/11/2026 1:06,7.38,77.68,-31.38,,,,,
5251,8/11/2026 1:21,7.26,77.9,-24.92,,,,,
5252,8/11/2026 1:36,7.16,77.95,-18.97,,,,,
5253,8/11/2026 1:51,7.11,77.95,-16.16,,,,,
5254,8/11/2026 2:06,7.07,77.95,-13.73,,,,,
5255,8/11/2026 2:21,7.04,77.95,-12.03,,,,,
5256,8/11/2026 2:36,7.01,77.86,-10.33,,,,,
5257,8/11/2026 2:51,6.97,77.77,-8.55,,,,,
5258,8/11/2026 3:06,6.95,77.68,-7.14,,,,,
5259,8/11/2026 3:21,6.93,77.56,-6.25,,,,,
5260,8/11/2026 3:36,6.91,77.47,-5,,,,,
5261,8/11/2026 3:51,6.89,77.38,-3.98,,,,,
5262,8/11/2026 4:06,6.88,77.2,-3.14,,,,,
5263,8/11/2026 4:21,6.86,77.07,-1.98,,,,,
5264,8/11/2026 4:36,6.86,76.95,-1.94,,,,,
5265,8/11/2026 4:51,6.85,76.77,-1.38,,,,,
5266,8/11/2026 5:06,6.85,76.59,-1.23,,,,,
5267,8/11/2026 5:21,6.83,76.46,-0.53,,,,,
5268,8/11/2026 5:36,6.83,76.28,-0.17,,,,,
5269,8/11/2026 5:51,6.83,76.42,-0.36,,,,,
5270,8/11/2026 6:06,6.74,73.13,4.66,,,,,
5271,8/11/2026 6:06,,,,,Logged,Logged,,
5272,8/11/2026 6:07,,,,,,,Logged,
5273,8/11/2026 6:21,6.73,70.25,5.36,,,,,
5274,8/11/2026 6:36,6.9,74.55,-4.38,,,,,
5275,8/11/2026 6:51,6.88,75.99,-3.14,,,,,
5276,8/11/2026 7:06,6.89,76.24,-3.88,,,,,
5277,8/11/2026 7:21,6.9,76.33,-4.19,,,,,
5278,8/11/2026 7:36,6.9,76.51,-4.55,,,,,
5279,8/11/2026 7:51,6.92,76.59,-5.19,,,,,
5280,8/11/2026 8:06,6.95,76.89,-7.08,,,,,
5281,8/11/2026 8:21,7,77.29,-9.86,,,,,
5282,8/11/2026 8:36,7.05,77.56,-12.84,,,,,
5283,8/11/2026 8:51,7.1,77.68,-15.77,,,,,
5284,8/11/2026 9:06,7.19,77.77,-20.52,,,,,
5285,8/11/2026 9:21,7.29,77.5,-26.55,,,,,
5286,8/11/2026 9:36,7.37,77.29,-31.08,,,,,
5287,8/11/2026 9:51,7.42,77.11,-33.91,,,,,
5288,8/11/2026 10:06,7.47,76.98,-36.88,,,,,
5289,8/11/2026 10:21,7.5,76.86,-38.59,,,,,
5290,8/11/2026 10:36,7.54,76.59,-40.75,,,,,
5291,8/11/2026 10:51,7.57,76.42,-42.5,,,,,
5292,8/11/2026 11:06,7.59,76.28,-43.5,,,,,
5293,8/11/2026 11:21,7.56,76.21,-41.85,,,,,
5294,8/11/2026 11:36,7.55,76.24,-40.92,,,,,
5295,8/11/2026 11:51,7.55,77.25,-41.33,,,,,
5296,8/11/2026 12:06,7.54,77.68,-40.74,,,,,
5297,8/11/2026 12:21,7.51,77.99,-38.95,,,,,
5298,8/11/2026 12:36,7.47,78.17,-36.74,,,,,
5299,8/11/2026 12:51,7.44,78.51,-35.09,,,,,
5300,8/11/2026 13:06,7.41,78.73,-33.08,,,,,
5301,8/11/2026 13:21,7.37,79.09,-31.11,,,,,
5302,8/11/2026 13:36,7.34,79.21,-29.38,,,,,
5303,8/11/2026 13:51,7.31,79.48,-27.56,,,,,
5304,8/11/2026 14:06,7.28,79.79,-25.78,,,,,
5305,8/11/2026 14:21,7.19,80.1,-20.95,,,,,
5306,8/11/2026 14:36,7.18,80.22,-20.5,,,,,
5307,8/11/2026 14:51,7.2,80.4,-21.3,,,,,
5308,8/11/2026 15:06,7.17,80.46,-19.95,,,,,
5309,8/11/2026 15:21,7.16,80.49,-19.08,,,,,
5310,8/11/2026 15:36,7.15,80.58,-18.41,,,,,
5311,8/11/2026 15:51,7.14,80.67,-18,,,,,
5312,8/11/2026 16:06,7.1,80.67,-15.97,,,,,
5313,8/11/2026 16:21,7.08,80.76,-14.45,,,,,
5314,8/11/2026 16:36,7.05,80.76,-12.98,,,,,
5315,8/11/2026 16:51,7.05,80.8,-12.66,,,,,
5316,8/11/2026 17:06,7.02,80.8,-10.86,,,,,
5317,8/11/2026 17:21,6.98,80.8,-9.13,,,,,
5318,8/11/2026 17:36,6.98,80.76,-8.73,,,,,
5319,8/11/2026 17:51,6.96,80.76,-7.94,,,,,
5320,8/11/2026 18:06,6.96,80.53,-7.5,,,,,
5321,8/11/2026 18:21,6.96,80.49,-7.97,,,,,
5322,8/11/2026 18:36,6.96,80.46,-7.59,,,,,
5323,8/11/2026 18:51,6.97,80.31,-8.3,,,,,
5324,8/11/2026 19:06,6.99,80.13,-9.53,,,,,
5325,8/11/2026 19:21,7.02,79.92,-10.95,,,,,
5326,8/11/2026 19:36,7.04,79.92,-12.16,,,,,
5327,8/11/2026 19:51,7.09,79.7,-15.17,,,,,
5328,8/11/2026 20:06,7.14,79.43,-17.89,,,,,
5329,8/11/2026 20:21,7.2,79.09,-21.53,,,,,
5330,8/11/2026 20:36,7.27,78.78,-25.49,,,,,
5331,8/11/2026 20:51,7.37,78.48,-30.78,,,,,
5332,8/11/2026 21:06,7.47,78.03,-36.89,,,,,
5333,8/11/2026 21:21,7.56,77.68,-41.5,,,,,
5334,8/11/2026 21:36,7.61,77.38,-44.3,,,,,
5335,8/11/2026 21:51,7.65,77.07,-46.66,,,,,
5336,8/11/2026 22:06,7.7,76.64,-49.41,,,,,
5337,8/11/2026 22:21,7.74,76.24,-51.61,,,,,
5338,8/11/2026 22:36,7.78,75.69,-53.94,,,,,
5339,8/11/2026 22:51,7.84,74.52,-57.39,,,,,
5340,8/11/2026 23:06,7.89,73.35,-59.95,,,,,
5341,8/11/2026 23:21,7.92,72.52,-61.85,,,,,
5342,8/11/2026 23:36,7.96,71.74,-63.63,,,,,
5343,8/11/2026 23:51,7.99,70.97,-65.61,,,,,
5344,8/12/2026 0:06,7.98,70.88,-64.86,,,,,
5345,8/12/2026 0:21,7.92,71.24,-61.64,,,,,
5346,8/12/2026 0:36,7.94,71.4,-62.63,,,,,
5347,8/12/2026 0:51,7.88,72.27,-59.6,,,,,
5348,8/12/2026 1:06,7.81,72.91,-55.66,,,,,
5349,8/12/2026 1:21,7.71,73.87,-50.08,,,,,
5350,8/12/2026 1:36,7.61,74.46,-44.45,,,,,
5351,8/12/2026 1:51,7.48,74.98,-37.05,,,,,
5352,8/12/2026 2:06,7.36,75.29,-30.55,,,,,
5353,8/12/2026 2:21,7.25,75.51,-24.28,,,,,
5354,8/12/2026 2:36,7.17,75.51,-19.48,,,,,
5355,8/12/2026 2:51,7.11,75.54,-16.42,,,,,
5356,8/12/2026 3:06,7.07,75.51,-14.02,,,,,
5357,8/12/2026 3:21,7.04,75.47,-12.08,,,,,
5358,8/12/2026 3:36,7,75.42,-10.22,,,,,
5359,8/12/2026 3:51,6.98,75.2,-9,,,,,
5360,8/12/2026 4:06,6.96,75.07,-7.84,,,,,
5361,8/12/2026 4:21,6.94,75.04,-6.67,,,,,
5362,8/12/2026 4:36,6.92,74.89,-5.64,,,,,
5363,8/12/2026 4:51,6.92,74.77,-5.34,,,,,
5364,8/12/2026 5:06,6.9,74.59,-4.48,,,,,
5365,8/12/2026 5:21,6.89,74.43,-3.67,,,,,
5366,8/12/2026 5:36,6.88,74.16,-3.14,,,,,
5367,8/12/2026 5:51,6.87,73.94,-2.7,,,,,
5368,8/12/2026 6:06,6.86,73.69,-2.3,,,,,
5369,8/12/2026 6:21,6.86,73.56,-2.17,,,,,
5370,8/12/2026 6:36,6.87,73.56,-2.47,,,,,
5371,8/12/2026 6:51,6.89,73.47,-3.91,,,,,
5372,8/12/2026 7:06,6.95,73.29,-7.41,,,,,
5373,8/12/2026 7:21,7.21,73.94,-21.88,,,,,
5374,8/12/2026 7:36,7.1,73.38,-15.42,,,,,
5375,8/12/2026 7:51,7.04,73.26,-12.08,,,,,
5376,8/12/2026 8:06,7.01,73.44,-10.64,,,,,
5377,8/12/2026 8:21,6.98,73.72,-9.02,,,,,
5378,8/12/2026 8:36,6.96,74.08,-7.63,,,,,
5379,8/12/2026 8:51,6.95,74.3,-7.11,,,,,
5380,8/12/2026 9:06,6.97,74.86,-8.58,,,,,
5381,8/12/2026 9:21,7.01,75.38,-10.73,,,,,
5382,8/12/2026 9:36,7.05,75.72,-13.08,,,,,
5383,8/12/2026 9:51,7.08,75.94,-14.59,,,,,
5384,8/12/2026 10:06,7.16,76.06,-18.97,,,,,
5385,8/12/2026 10:21,7.25,75.9,-24.17,,,,,
5386,8/12/2026 10:36,7.32,75.78,-27.95,,,,,
5387,8/12/2026 10:51,7.36,75.69,-30.42,,,,,
5388,8/12/2026 11:06,7.4,75.54,-32.39,,,,,
5389,8/12/2026 11:21,7.44,75.38,-34.64,,,,,
5390,8/12/2026 11:36,7.49,75.04,-37.83,,,,,
5391,8/12/2026 11:51,7.53,74.82,-39.69,,,,,
5392,8/12/2026 12:06,7.55,74.68,-40.75,,,,,
5393,8/12/2026 12:21,7.55,74.55,-40.91,,,,,
5394,8/12/2026 12:36,7.48,74.52,-37.28,,,,,
5395,8/12/2026 12:51,7.49,75.25,-37.84,,,,,
5396,8/12/2026 13:06,7.5,76.15,-38.14,,,,,
5397,8/12/2026 13:21,7.46,76.51,-36.14,,,,,
5398,8/12/2026 13:36,7.4,76.89,-32.81,,,,,
5399,8/12/2026 13:51,7.35,77.11,-30.02,,,,,
5400,8/12/2026 14:06,7.33,77.29,-28.92,,,,,
5401,8/12/2026 14:21,7.3,77.59,-26.81,,,,,
5402,8/12/2026 14:36,7.27,77.81,-25.27,,,,,
5403,8/12/2026 14:51,7.22,78.12,-22.31,,,,,
5404,8/12/2026 15:06,7.2,78.3,-21.39,,,,,
5405,8/12/2026 15:21,7.17,78.87,-19.89,,,,,
5406,8/12/2026 15:36,7.14,79.52,-18.16,,,,,
5407,8/12/2026 15:51,7.12,79.57,-16.7,,,,,
5408,8/12/2026 16:06,7.09,79.48,-15.14,,,,,
5409,8/12/2026 16:21,7.07,79.57,-14.23,,,,,
5410,8/12/2026 16:36,7.06,79.7,-13.16,,,,,
5411,8/12/2026 16:51,7.04,79.66,-12.42,,,,,
5412,8/12/2026 17:06,7.02,79.74,-10.97,,,,,
5413,8/12/2026 17:21,7.02,79.83,-10.89,,,,,
5414,8/12/2026 17:36,6.99,79.88,-9.69,,,,,
5415,8/12/2026 17:51,6.98,79.92,-8.67,,,,,
5416,8/12/2026 18:06,6.97,79.92,-8.23,,,,,
5417,8/12/2026 18:21,6.95,79.92,-7.31,,,,,
5418,8/12/2026 18:36,6.93,79.79,-5.75,,,,,
5419,8/12/2026 18:51,6.92,79.39,-5.3,,,,,
5420,8/12/2026 19:06,6.91,79.39,-4.81,,,,,
5421,8/12/2026 19:21,6.94,79.74,-6.41,,,,,
5422,8/12/2026 19:36,6.93,79.74,-6.17,,,,,
5423,8/12/2026 19:51,6.95,79.52,-7.28,,,,,
5424,8/12/2026 20:06,6.97,79.27,-8.45,,,,,
5425,8/12/2026 20:21,6.99,79.09,-9.61,,,,,
5426,8/12/2026 20:36,7.01,79,-10.84,,,,,
5427,8/12/2026 20:51,7.05,78.6,-12.95,,,,,
5428,8/12/2026 21:06,7.09,78.21,-14.88,,,,,
5429,8/12/2026 21:21,7.13,77.81,-17.36,,,,,
5430,8/12/2026 21:36,7.18,77.41,-20.3,,,,,
5431,8/12/2026 21:51,7.26,77.07,-24.47,,,,,
5432,8/12/2026 22:06,7.35,76.59,-29.58,,,,,
5433,8/12/2026 22:21,7.41,76.15,-33.28,,,,,
5434,8/12/2026 22:36,7.45,75.9,-35.67,,,,,
5435,8/12/2026 22:51,7.51,75.63,-38.81,,,,,
5436,8/12/2026 23:06,7.56,75.47,-41.91,,,,,
5437,8/12/2026 23:21,7.63,75.2,-45.39,,,,,
5438,8/12/2026 23:36,7.7,74.59,-49.36,,,,,
5439,8/12/2026 23:51,7.77,73.94,-53.19,,,,,
5440,8/13/2026 0:06,7.85,72.73,-57.78,,,,,
5441,8/13/2026 0:21,7.9,71.87,-60.55,,,,,
5442,8/13/2026 0:36,7.93,71.19,-62.05,,,,,
5443,8/13/2026 0:51,7.93,71.02,-61.97,,,,,
5444,8/13/2026 1:06,7.91,70.68,-61.06,,,,,
5445,8/13/2026 1:21,7.86,71.15,-58.44,,,,,
5446,8/13/2026 1:36,7.88,71.37,-59.22,,,,,
5447,8/13/2026 1:51,7.83,72.09,-56.53,,,,,
5448,8/13/2026 2:06,7.74,72.73,-51.42,,,,,
5449,8/13/2026 2:21,7.64,73.44,-45.83,,,,,
5450,8/13/2026 2:36,7.53,73.9,-39.61,,,,,
5451,8/13/2026 2:51,7.4,74.34,-32.28,,,,,
5452,8/13/2026 3:06,7.29,74.59,-26.08,,,,,
5453,8/13/2026 3:21,7.2,74.82,-21.47,,,,,
5454,8/13/2026 3:36,7.12,74.82,-16.83,,,,,
5455,8/13/2026 3:51,7.08,74.86,-14.28,,,,,
5456,8/13/2026 4:06,7.04,74.86,-12.34,,,,,
5457,8/13/2026 4:21,7.02,74.86,-10.98,,,,,
5458,8/13/2026 4:36,6.99,74.77,-9.64,,,,,
5459,8/13/2026 4:51,6.97,74.64,-8.42,,,,,
5460,8/13/2026 5:06,6.95,74.55,-7.34,,,,,
5461,8/13/2026 5:21,6.94,74.52,-6.72,,,,,
5462,8/13/2026 5:36,6.93,74.43,-5.91,,,,,
5463,8/13/2026 5:51,6.91,74.34,-5.19,,,,,
5464,8/13/2026 6:06,6.9,74.25,-4.58,,,,,
5465,8/13/2026 6:21,6.89,74.16,-4.02,,,,,
5466,8/13/2026 6:36,6.9,74.03,-4.09,,,,,
5467,8/13/2026 6:51,6.89,73.94,-3.59,,,,,
5468,8/13/2026 7:06,6.88,73.81,-3.28,,,,,
5469,8/13/2026 7:21,6.89,73.72,-3.55,,,,,
5470,8/13/2026 7:36,6.87,73.72,-2.69,,,,,
5471,8/13/2026 7:51,6.89,73.65,-3.7,,,,,
5472,8/13/2026 8:06,6.91,73.6,-4.69,,,,,
5473,8/13/2026 8:21,6.94,73.65,-6.7,,,,,
5474,8/13/2026 8:36,6.93,73.56,-6.33,,,,,
5475,8/13/2026 8:51,6.9,73.56,-4.56,,,,,
5476,8/13/2026 9:06,6.91,73.72,-4.66,,,,,
5477,8/13/2026 9:21,6.93,73.87,-5.81,,,,,
5478,8/13/2026 9:36,6.94,74.03,-6.89,,,,,
5479,8/13/2026 9:51,6.96,74.43,-7.66,,,,,
5480,8/13/2026 10:06,6.99,74.77,-9.67,,,,,
5481,8/13/2026 10:21,7.03,74.98,-11.94,,,,,
5482,8/13/2026 10:36,7.06,75.25,-13.59,,,,,
5483,8/13/2026 10:51,7.11,75.38,-16.38,,,,,
5484,8/13/2026 11:06,7.19,75.16,-20.94,,,,,
5485,8/13/2026 11:21,7.25,74.98,-24.14,,,,,
5486,8/13/2026 11:36,7.3,74.98,-26.7,,,,,
5487,8/13/2026 11:51,7.36,74.77,-30.08,,,,,
5488,8/13/2026 12:06,7.39,74.46,-32.22,,,,,
5489,8/13/2026 12:21,7.45,74.21,-35.13,,,,,
5490,8/13/2026 12:36,7.49,73.99,-37.49,,,,,
5491,8/13/2026 12:51,7.52,73.78,-39.17,,,,,
5492,8/13/2026 13:06,7.54,73.51,-40.53,,,,,
5493,8/13/2026 13:21,7.56,73.38,-41.28,,,,,
5494,8/13/2026 13:36,7.52,73.29,-39.06,,,,,
5495,8/13/2026 13:51,7.49,73.56,-37.56,,,,,
5496,8/13/2026 14:06,7.52,74.37,-39.27,,,,,
5497,8/13/2026 14:21,7.47,75.2,-36.66,,,,,
5498,8/13/2026 14:36,7.4,75.85,-32.41,,,,,
5499,8/13/2026 14:51,7.34,76.12,-29.33,,,,,
5500,8/13/2026 15:06,7.29,76.55,-26.67,,,,,
5501,8/13/2026 15:21,7.25,76.95,-24.03,,,,,
5502,8/13/2026 15:36,7.21,77.29,-21.92,,,,,
5503,8/13/2026 15:51,7.17,77.77,-19.72,,,,,
5504,8/13/2026 16:06,7.15,78.26,-18.28,,,,,
5505,8/13/2026 16:21,7.12,78.91,-16.98,,,,,
5506,8/13/2026 16:36,7.1,79.74,-15.81,,,,,
5507,8/13/2026 16:51,7.08,79.92,-14.53,,,,,
5508,8/13/2026 17:06,7.06,79.79,-13.33,,,,,
5509,8/13/2026 17:21,7.05,79.88,-12.77,,,,,
5510,8/13/2026 17:36,7.03,79.88,-11.72,,,,,
5511,8/13/2026 17:51,7.02,79.88,-11.19,,,,,
5512,8/13/2026 18:06,7.01,79.74,-10.3,,,,,
5513,8/13/2026 18:21,6.99,79.66,-9.55,,,,,
5514,8/13/2026 18:36,6.98,79.57,-8.61,,,,,
5515,8/13/2026 18:51,6.96,79.48,-7.75,,,,,
5516,8/13/2026 19:06,6.95,79.39,-7.09,,,,,
5517,8/13/2026 19:21,6.94,79.21,-6.33,,,,,
5518,8/13/2026 19:36,6.92,79.03,-5.55,,,,,
5519,8/13/2026 19:51,6.91,78.87,-5.16,,,,,
5520,8/13/2026 20:06,6.91,78.78,-4.91,,,,,
5521,8/13/2026 20:21,6.95,79.21,-7.02,,,,,
5522,8/13/2026 20:36,6.95,79.21,-7.38,,,,,
5523,8/13/2026 20:51,6.98,79.03,-8.83,,,,,
5524,8/13/2026 21:06,7,78.82,-9.89,,,,,
5525,8/13/2026 21:21,7.02,78.73,-10.98,,,,,
5526,8/13/2026 21:36,7.03,78.57,-11.94,,,,,
5527,8/13/2026 21:51,7.06,78.03,-13.34,,,,,
5528,8/13/2026 22:06,7.09,77.41,-14.84,,,,,
5529,8/13/2026 22:21,7.11,77.04,-16.27,,,,,
5530,8/13/2026 22:36,7.16,76.51,-18.8,,,,,
5531,8/13/2026 22:51,7.23,76.03,-22.81,,,,,
5532,8/13/2026 23:06,7.31,75.51,-27.41,,,,,
5533,8/13/2026 23:21,7.36,75.11,-30.47,,,,,
5534,8/13/2026 23:36,7.41,74.95,-33.13,,,,,
5535,8/13/2026 23:51,7.46,74.73,-35.99,,,,,
5536,8/14/2026 0:06,7.52,74.64,-39.08,,,,,
5537,8/14/2026 0:21,7.56,74.52,-41.5,,,,,
5538,8/14/2026 0:36,7.62,74.08,-45.11,,,,,
5539,8/14/2026 0:51,7.7,73.38,-49.39,,,,,
5540,8/14/2026 1:06,7.78,72.45,-53.6,,,,,
5541,8/14/2026 1:21,7.83,71.62,-56.58,,,,,
5542,8/14/2026 1:36,7.86,70.97,-58.22,,,,,
5543,8/14/2026 1:51,7.87,70.54,-58.58,,,,,
5544,8/14/2026 2:06,7.81,70.54,-55.33,,,,,
5545,8/14/2026 2:21,7.81,71.24,-55.25,,,,,
5546,8/14/2026 2:36,7.77,71.8,-53.41,,,,,
5547,8/14/2026 2:51,7.69,72.48,-49.02,,,,,
5548,8/14/2026 3:06,7.58,73,-42.61,,,,,
5549,8/14/2026 3:21,7.47,73.29,-36.16,,,,,
5550,8/14/2026 3:36,7.36,73.51,-30.11,,,,,
5551,8/14/2026 3:51,7.26,73.65,-24.5,,,,,
5552,8/14/2026 4:06,7.16,73.6,-18.88,,,,,
5553,8/14/2026 4:21,7.11,73.56,-15.95,,,,,
5554,8/14/2026 4:36,7.07,73.56,-13.75,,,,,
5555,8/14/2026 4:51,7.04,73.47,-12.08,,,,,
5556,8/14/2026 5:06,7.01,73.38,-10.78,,,,,
5557,8/14/2026 5:21,6.99,73.29,-9.53,,,,,
5558,8/14/2026 5:36,6.97,73.17,-8.58,,,,,
5559,8/14/2026 5:51,6.96,73.08,-7.73,,,,,
5560,8/14/2026 6:06,6.95,72.95,-7.42,,,,,
5561,8/14/2026 6:21,6.95,72.82,-6.95,,,,,
5562,8/14/2026 6:36,6.94,72.73,-6.8,,,,,
5563,8/14/2026 6:51,6.95,72.61,-7.08,,,,,
5564,8/14/2026 7:06,6.97,72.45,-8.16,,,,,
5565,8/14/2026 7:21,7,72.3,-9.83,,,,,
5566,8/14/2026 7:36,7.04,72.23,-12.23,,,,,
5567,8/14/2026 7:51,7.08,72.14,-14.69,,,,,
5568,8/14/2026 8:06,7.12,72.18,-16.78,,,,,
5569,8/14/2026 8:21,7.15,72.23,-18.17,,,,,
5570,8/14/2026 8:36,7.23,72.48,-22.67,,,,,
5571,8/14/2026 8:51,7.34,72.73,-28.89,,,,,
5572,8/14/2026 9:06,7.52,72.91,-39.24,,,,,
5573,8/14/2026 9:21,7.26,72.45,-24.38,,,,,
5574,8/14/2026 9:36,7.16,72.39,-18.7,,,,,
5575,8/14/2026 9:51,7.1,72.73,-15.53,,,,,
5576,8/14/2026 10:06,7.05,73.13,-12.95,,,,,
5577,8/14/2026 10:21,7.02,73.38,-11.16,,,,,
5578,8/14/2026 10:36,7.02,73.6,-10.92,,,,,
5579,8/14/2026 10:51,7.05,74.12,-12.53,,,,,
5580,8/14/2026 11:06,7.08,74.52,-14.5,,,,,
5581,8/14/2026 11:21,7.11,74.64,-16.25,,,,,
5582,8/14/2026 11:36,7.14,74.73,-17.75,,,,,
5583,8/14/2026 11:51,7.21,74.55,-21.77,,,,,
5584,8/14/2026 12:06,7.29,74.52,-26.22,,,,,
5585,8/14/2026 12:21,7.34,74.55,-29.09,,,,,
5586,8/14/2026 12:36,7.38,74.59,-31.22,,,,,
5587,8/14/2026 12:51,7.42,74.46,-33.42,,,,,
5588,8/14/2026 13:06,7.46,74.21,-35.83,,,,,
5589,8/14/2026 13:21,7.5,73.81,-38.16,,,,,
5590,8/14/2026 13:36,7.52,73.65,-39.39,,,,,
5591,8/14/2026 13:51,7.54,73.51,-40.34,,,,,
5592,8/14/2026 14:06,7.55,73.29,-40.75,,,,,
5593,8/14/2026 14:21,7.49,73.22,-37.61,,,,,
5594,8/14/2026 14:36,7.48,74.08,-36.86,,,,,
5595,8/14/2026 14:51,7.5,74.64,-37.92,,,,,
5596,8/14/2026 15:06,7.46,75.07,-35.86,,,,,
5597,8/14/2026 15:21,7.4,75.47,-32.77,,,,,
5598,8/14/2026 15:36,7.36,75.69,-30.33,,,,,
5599,8/14/2026 15:51,7.31,75.94,-27.77,,,,,
5600,8/14/2026 16:06,7.28,76.15,-25.72,,,,,
5601,8/14/2026 16:21,7.24,76.42,-23.45,,,,,
5602,8/14/2026 16:36,7.21,76.59,-21.72,,,,,
5603,8/14/2026 16:51,7.17,77.04,-19.88,,,,,
5604,8/14/2026 17:06,7.14,77.77,-18.08,,,,,
5605,8/14/2026 17:21,7.11,78.33,-16.39,,,,,
5606,8/14/2026 17:36,7.09,78.48,-14.84,,,,,
5607,8/14/2026 17:51,7.06,78.21,-13.56,,,,,
5608,8/14/2026 18:06,7.05,78.12,-12.7,,,,,
5609,8/14/2026 18:21,7.04,77.86,-12.25,,,,,
5610,8/14/2026 18:36,7.03,77.68,-11.44,,,,,
5611,8/14/2026 18:51,7.02,77.56,-10.86,,,,,
5612,8/14/2026 19:06,7,77.47,-10.17,,,,,
5613,8/14/2026 19:21,6.99,77.38,-9.22,,,,,
5614,8/14/2026 19:36,6.98,77.29,-8.63,,,,,
5615,8/14/2026 19:51,6.96,77.11,-7.84,,,,,
5616,8/14/2026 20:06,6.95,77.07,-7.14,,,,,
5617,8/14/2026 20:21,6.94,76.98,-6.38,,,,,
5618,8/14/2026 20:36,6.92,76.64,-5.67,,,,,
5619,8/14/2026 20:51,6.93,75.9,-6.27,,,,,
5620,8/14/2026 21:06,6.96,76.51,-7.5,,,,,
5621,8/14/2026 21:21,6.95,76.98,-7.08,,,,,
5622,8/14/2026 21:36,6.95,76.89,-7.23,,,,,
5623,8/14/2026 21:51,6.98,76.89,-8.86,,,,,
5624,8/14/2026 22:06,7,76.73,-10.16,,,,,
5625,8/14/2026 22:21,7.03,76.59,-11.53,,,,,
5626,8/14/2026 22:36,7.05,76.37,-12.7,,,,,
5627,8/14/2026 22:51,7.07,76.03,-14.09,,,,,
5628,8/14/2026 23:06,7.1,75.6,-15.69,,,,,
5629,8/14/2026 23:21,7.13,75.2,-17.53,,,,,
5630,8/14/2026 23:36,7.17,74.82,-19.72,,,,,
5631,8/14/2026 23:51,7.23,74.52,-22.86,,,,,
5632,8/15/2026 0:06,7.3,74.08,-27.14,,,,,
5633,8/15/2026 0:21,7.36,73.72,-29.99,,,,,
5634,8/15/2026 0:36,7.39,73.51,-31.77,,,,,
5635,8/15/2026 0:51,7.42,73.35,-33.89,,,,,
5636,8/15/2026 1:06,7.46,73.17,-36.06,,,,,
5637,8/15/2026 1:21,7.51,73.08,-38.53,,,,,
5638,8/15/2026 1:36,7.54,73,-40.55,,,,,
5639,8/15/2026 1:51,7.58,72.86,-42.52,,,,,
5640,8/15/2026 2:06,7.62,72.52,-45.08,,,,,
5641,8/15/2026 2:21,7.65,72.3,-46.39,,,,,
5642,8/15/2026 2:36,7.64,72.18,-45.83,,,,,
5643,8/15/2026 2:51,7.58,72.45,-42.85,,,,,
5644,8/15/2026 3:06,7.58,72.48,-42.61,,,,,
5645,8/15/2026 3:21,7.55,72.64,-41,,,,,
5646,8/15/2026 3:36,7.48,72.7,-37.14,,,,,
5647,8/15/2026 3:51,7.39,72.79,-32.16,,,,,
5648,8/15/2026 4:06,7.33,72.79,-28.41,,,,,
5649,8/15/2026 4:21,7.26,72.82,-24.81,,,,,
5650,8/15/2026 4:36,7.18,72.57,-20.09,,,,,
5651,8/15/2026 4:51,7.14,72.57,-17.64,,,,,
5652,8/15/2026 5:06,7.1,72.48,-15.61,,,,,
5653,8/15/2026 5:21,7.07,72.39,-13.97,,,,,
5654,8/15/2026 5:36,7.05,72.36,-12.63,,,,,
5655,8/15/2026 5:51,7.03,72.23,-11.58,,,,,
5656,8/15/2026 6:06,7.01,72.09,-10.69,,,,,
5657,8/15/2026 6:21,7,71.92,-9.97,,,,,
5658,8/15/2026 6:36,7,71.8,-9.91,,,,,
5659,8/15/2026 6:51,7,71.62,-9.81,,,,,
5660,8/15/2026 7:06,6.99,71.44,-9.31,,,,,
5661,8/15/2026 7:21,7,71.24,-10.16,,,,,
5662,8/15/2026 7:36,7.04,71.1,-12.06,,,,,
5663,8/15/2026 7:51,7.07,71.06,-14.09,,,,,
5664,8/15/2026 8:06,7.12,71.02,-16.59,,,,,
5665,8/15/2026 8:21,7.16,71.06,-18.84,,,,,
5666,8/15/2026 8:36,7.19,71.24,-20.39,,,,,
5667,8/15/2026 8:51,7.22,71.44,-22.42,,,,,
5668,8/15/2026 9:06,7.25,71.71,-24.14,,,,,
5669,8/15/2026 9:21,7.67,69.04,-47.19,,,,,
5670,8/15/2026 9:36,7.73,68.74,-50.72,,,,,
5671,8/15/2026 9:51,7.35,72.05,-29.88,,,,,
5672,8/15/2026 10:06,7.21,71.58,-21.86,,,,,
5673,8/15/2026 10:21,7.12,71.96,-16.88,,,,,
5674,8/15/2026 10:36,7.07,71.96,-14,,,,,
5675,8/15/2026 10:51,7.03,72.52,-11.78,,,,,
5676,8/15/2026 11:06,7.01,72.61,-10.53,,,,,
5677,8/15/2026 11:21,7.03,73.08,-11.44,,,,,
5678,8/15/2026 11:36,7.06,73.56,-13.48,,,,,
5679,8/15/2026 11:51,7.1,73.81,-15.63,,,,,
5680,8/15/2026 12:06,7.13,73.94,-17.34,,,,,
5681,8/15/2026 12:21,7.18,73.87,-20.19,,,,,
5682,8/15/2026 12:36,7.26,73.69,-24.78,,,,,
5683,8/15/2026 12:51,7.34,73.81,-28.89,,,,,
5684,8/15/2026 13:06,7.39,73.94,-31.8,,,,,
5685,8/15/2026 13:21,7.43,73.99,-34.06,,,,,
5686,8/15/2026 13:36,7.45,73.81,-35.56,,,,,
5687,8/15/2026 13:51,7.5,73.51,-37.94,,,,,
5688,8/15/2026 14:06,7.53,73.29,-39.95,,,,,
5689,8/15/2026 14:21,7.55,73.08,-40.74,,,,,
5690,8/15/2026 14:36,7.55,72.95,-41.11,,,,,
5691,8/15/2026 14:51,7.55,72.82,-40.94,,,,,
5692,8/15/2026 15:06,7.5,72.79,-38.36,,,,,
5693,8/15/2026 15:21,7.47,73.04,-36.69,,,,,
5694,8/15/2026 15:36,7.51,73.56,-38.45,,,,,
5695,8/15/2026 15:51,7.49,74.16,-37.69,,,,,
5696,8/15/2026 16:06,7.44,74.52,-34.95,,,,,
5697,8/15/2026 16:21,7.39,74.73,-31.88,,,,,
5698,8/15/2026 16:36,7.34,74.86,-29.36,,,,,
5699,8/15/2026 16:51,7.3,74.95,-27.02,,,,,
5700,8/15/2026 17:06,7.26,75.07,-24.66,,,,,
5701,8/15/2026 17:21,7.22,75.16,-22.66,,,,,
5702,8/15/2026 17:36,7.18,75.47,-20.42,,,,,
5703,8/15/2026 17:51,7.15,75.78,-18.22,,,,,
5704,8/15/2026 18:06,7.12,76.06,-16.63,,,,,
5705,8/15/2026 18:21,7.09,76.21,-14.97,,,,,
5706,8/15/2026 18:36,7.06,76.24,-13.13,,,,,
5707,8/15/2026 18:51,7.04,75.9,-12.11,,,,,
5708,8/15/2026 19:06,7.03,75.69,-11.72,,,,,
5709,8/15/2026 19:21,7.01,75.54,-10.44,,,,,
5710,8/15/2026 19:36,6.99,75.42,-9.69,,,,,
5711,8/15/2026 19:51,6.98,75.29,-8.84,,,,,
5712,8/15/2026 20:06,6.97,75.2,-8.52,,,,,
5713,8/15/2026 20:21,6.96,75.07,-7.61,,,,,
5714,8/15/2026 20:36,6.95,74.89,-6.94,,,,,
5715,8/15/2026 20:51,6.94,74.77,-6.84,,,,,
5716,8/15/2026 21:06,6.93,74.59,-5.94,,,,,
5717,8/15/2026 21:21,6.92,74.37,-5.73,,,,,
5718,8/15/2026 21:36,6.92,74.12,-5.66,,,,,
5719,8/15/2026 21:51,6.93,73.6,-5.92,,,,,
5720,8/15/2026 22:06,6.94,74.34,-6.75,,,,,
5721,8/15/2026 22:21,6.95,74.37,-7.02,,,,,
5722,8/15/2026 22:36,6.97,74.25,-8.13,,,,,
5723,8/15/2026 22:51,6.99,74.34,-9.28,,,,,
5724,8/15/2026 23:06,7.01,74.25,-10.5,,,,,
5725,8/15/2026 23:21,7.03,74.21,-11.53,,,,,
5726,8/15/2026 23:36,7.05,74.08,-12.98,,,,,
5727,8/15/2026 23:51,7.09,73.94,-14.78,,,,,
5728,8/16/2026 0:06,7.11,73.72,-16.33,,,,,
5729,8/16/2026 0:21,7.14,73.56,-18.13,,,,,
5730,8/16/2026 0:36,7.18,73.35,-20.08,,,,,
5731,8/16/2026 0:51,7.25,73.22,-23.81,,,,,
5732,8/16/2026 1:06,7.32,72.86,-27.77,,,,,
5733,8/16/2026 1:21,7.36,72.57,-30.2,,,,,
5734,8/16/2026 1:36,7.39,72.39,-31.81,,,,,
5735,8/16/2026 1:51,7.42,72.27,-33.56,,,,,
5736,8/16/2026 2:06,7.46,72.18,-35.78,,,,,
5737,8/16/2026 2:21,7.49,72.14,-37.63,,,,,
5738,8/16/2026 2:36,7.51,72.09,-38.8,,,,,
5739,8/16/2026 2:51,7.53,72.09,-39.67,,,,,
5740,8/16/2026 3:06,7.53,72.09,-39.61,,,,,
5741,8/16/2026 3:21,7.47,72.05,-36.53,,,,,
5742,8/16/2026 3:36,7.45,72.05,-35.5,,,,,
5743,8/16/2026 3:51,7.46,71.92,-35.97,,,,,
5744,8/16/2026 4:06,7.44,71.96,-34.81,,,,,
5745,8/16/2026 4:21,7.39,72.05,-31.78,,,,,
5746,8/16/2026 4:36,7.33,72.05,-28.5,,,,,
5747,8/16/2026 4:51,7.28,72.05,-25.59,,,,,
5748,8/16/2026 5:06,7.22,71.92,-22.27,,,,,
5749,8/16/2026 5:21,7.18,71.96,-20.3,,,,,
5750,8/16/2026 5:36,7.16,71.87,-18.7,,,,,
5751,8/16/2026 5:51,7.13,71.83,-17.3,,,,,
5752,8/16/2026 6:06,7.11,71.74,-16.08,,,,,
5753,8/16/2026 6:21,7.09,71.65,-14.95,,,,,
5754,8/16/2026 6:36,7.07,71.53,-14.08,,,,,
5755,8/16/2026 6:51,7.06,71.4,-13.34,,,,,
5756,8/16/2026 7:06,7.06,71.28,-13.14,,,,,
5757,8/16/2026 7:21,7.07,71.15,-14.19,,,,,
5758,8/16/2026 7:36,7.08,71.06,-14.7,,,,,
5759,8/16/2026 7:51,7.08,70.88,-14.59,,,,,
5760,8/16/2026 8:06,7.1,70.75,-15.67,,,,,
5761,8/16/2026 8:21,7.11,70.72,-16.28,,,,,
5762,8/16/2026 8:36,7.13,70.72,-17.47,,,,,
5763,8/16/2026 8:51,7.16,70.84,-19.03,,,,,
5764,8/16/2026 9:06,7.19,70.93,-20.75,,,,,
5765,8/16/2026 9:21,7.22,71.1,-22.09,,,,,
5766,8/16/2026 9:36,7.24,71.96,-23.5,,,,,
5767,8/16/2026 9:51,7.25,72.27,-23.94,,,,,
5768,8/16/2026 10:06,7.18,72.57,-20.13,,,,,
5769,8/16/2026 10:21,7.17,71.8,-19.75,,,,,
5770,8/16/2026 10:36,7.15,71.4,-18.19,,,,,
5771,8/16/2026 10:51,7.11,71.65,-16.19,,,,,
5772,8/16/2026 11:06,7.08,72.01,-14.63,,,,,
5773,8/16/2026 11:21,7.07,72.45,-13.72,,,,,
5774,8/16/2026 11:36,7.06,72.79,-13.09,,,,,
5775,8/16/2026 11:51,7.05,73.22,-13.05,,,,,
5776,8/16/2026 12:06,7.08,73.72,-14.53,,,,,
5777,8/16/2026 12:21,7.12,74.03,-16.64,,,,,
5778,8/16/2026 12:36,7.16,74.12,-19.17,,,,,
5779,8/16/2026 12:51,7.2,74.25,-21.14,,,,,
5780,8/16/2026 13:06,7.25,74.16,-24.22,,,,,
5781,8/16/2026 13:21,7.33,74.21,-28.7,,,,,
5782,8/16/2026 13:36,7.4,74.43,-32.47,,,,,
5783,8/16/2026 13:51,7.44,74.59,-35.08,,,,,
5784,8/16/2026 14:06,7.48,74.55,-37.06,,,,,
5785,8/16/2026 14:21,7.52,74.25,-39.16,,,,,
5786,8/16/2026 14:36,7.54,73.99,-40.59,,,,,
5787,8/16/2026 14:51,7.58,73.72,-42.5,,,,,
5788,8/16/2026 15:06,7.6,73.47,-43.55,,,,,
5789,8/16/2026 15:21,7.6,73.38,-43.63,,,,,
5790,8/16/2026 15:36,7.6,73.26,-43.5,,,,,
5791,8/16/2026 15:51,7.53,73.26,-39.56,,,,,
5792,8/16/2026 16:06,7.5,73.51,-38.24,,,,,
5793,8/16/2026 16:21,7.54,73.99,-40.24,,,,,
5794,8/16/2026 16:36,7.52,74.77,-39.49,,,,,
5795,8/16/2026 16:51,7.49,75.11,-37.49,,,,,
5796,8/16/2026 17:06,7.44,75.33,-34.89,,,,,
5797,8/16/2026 17:21,7.4,75.38,-32.41,,,,,
5798,8/16/2026 17:36,7.36,75.38,-30.05,,,,,
5799,8/16/2026 17:51,7.32,75.51,-27.89,,,,,
5800,8/16/2026 18:06,7.28,75.78,-25.69,,,,,
5801,8/16/2026 18:21,7.24,75.78,-23.41,,,,,
5802,8/16/2026 18:36,7.2,75.9,-21.53,,,,,
5803,8/16/2026 18:51,7.16,76.55,-19.22,,,,,
5804,8/16/2026 19:06,7.12,76.82,-16.77,,,,,
5805,8/16/2026 19:21,7.08,76.82,-14.53,,,,,
5806,8/16/2026 19:36,7.08,76.46,-14.33,,,,,
5807,8/16/2026 19:51,7.05,76.24,-13.08,,,,,
5808,8/16/2026 20:06,7.04,76.06,-12.03,,,,,
5809,8/16/2026 20:21,7.01,75.9,-10.75,,,,,
5810,8/16/2026 20:36,7.01,75.78,-10.72,,,,,
5811,8/16/2026 20:51,7,75.69,-9.81,,,,,
5812,8/16/2026 21:06,6.98,75.54,-8.98,,,,,
5813,8/16/2026 21:21,6.98,75.42,-8.67,,,,,
5814,8/16/2026 21:36,6.97,75.33,-8.08,,,,,
5815,8/16/2026 21:51,6.95,75.16,-7.36,,,,,
5816,8/16/2026 22:06,6.94,75.07,-6.64,,,,,
5817,8/16/2026 22:21,6.94,74.98,-6.36,,,,,
5818,8/16/2026 22:36,6.93,74.98,-6.17,,,,,
5819,8/16/2026 22:51,6.96,75.11,-7.53,,,,,
5820,8/16/2026 23:06,6.97,75.07,-8.22,,,,,
5821,8/16/2026 23:21,6.99,74.98,-9.44,,,,,
5822,8/16/2026 23:36,7.02,74.95,-10.86,,,,,
5823,8/16/2026 23:51,7.04,74.86,-12.05,,,,,
5824,8/17/2026 0:06,7.05,74.77,-12.86,,,,,
5825,8/17/2026 0:21,7.07,74.73,-14.09,,,,,
5826,8/17/2026 0:36,7.1,74.52,-15.7,,,,,
5827,8/17/2026 0:51,7.13,74.3,-17.3,,,,,
5828,8/17/2026 1:06,7.17,74.03,-19.8,,,,,
5829,8/17/2026 1:21,7.21,73.87,-21.77,,,,,
5830,8/17/2026 1:36,7.26,73.72,-24.88,,,,,
5831,8/17/2026 1:51,7.33,73.47,-28.5,,,,,
5832,8/17/2026 2:06,7.39,73.08,-31.77,,,,,
5833,8/17/2026 2:21,7.42,72.86,-33.77,,,,,
5834,8/17/2026 2:36,7.44,72.7,-34.91,,,,,
5835,8/17/2026 2:51,7.46,72.61,-36,,,,,
5836,8/17/2026 3:06,7.48,72.52,-36.84,,,,,
5837,8/17/2026 3:21,7.5,72.45,-37.91,,,,,
5838,8/17/2026 3:36,7.49,72.39,-37.66,,,,,
5839,8/17/2026 3:51,7.44,72.39,-34.77,,,,,
5840,8/17/2026 4:06,7.39,72.48,-31.86,,,,,
5841,8/17/2026 4:21,7.4,72.48,-32.39,,,,,
5842,8/17/2026 4:36,7.4,72.52,-32.5,,,,,
5843,8/17/2026 4:51,7.39,72.61,-31.7,,,,,
5844,8/17/2026 5:06,7.35,72.73,-29.84,,,,,
5845,8/17/2026 5:21,7.31,72.91,-27.61,,,,,
5846,8/17/2026 5:36,7.28,73,-25.63,,,,,
5847,8/17/2026 5:51,7.24,73.13,-23.72,,,,,
5848,8/17/2026 6:06,7.22,73.17,-22.16,,,,,
5849,8/17/2026 6:21,7.19,73.22,-20.47,,,,,
5850,8/17/2026 6:36,7.16,73.22,-19.06,,,,,
5851,8/17/2026 6:51,7.14,73.17,-18.05,,,,,
5852,8/17/2026 7:06,7.12,73.17,-16.58,,,,,
5853,8/17/2026 7:21,7.09,73.04,-15.09,,,,,
5854,8/17/2026 7:36,7.07,72.95,-14.05,,,,,
5855,8/17/2026 7:51,7.06,72.95,-13.42,,,,,
5856,8/17/2026 8:06,7.05,73.04,-12.97,,,,,
5857,8/17/2026 8:21,7.04,73.08,-12.22,,,,,
5858,8/17/2026 8:36,7.04,73.08,-11.98,,,,,
5859,8/17/2026 8:51,7.03,73.13,-11.64,,,,,
5860,8/17/2026 9:06,7.02,73.08,-11.03,,,,,
5861,8/17/2026 9:21,7.01,73.08,-10.61,,,,,
5862,8/17/2026 9:36,7.02,73.08,-10.97,,,,,
5863,8/17/2026 9:51,7.02,73.13,-11.02,,,,,
5864,8/17/2026 10:06,7.01,73.17,-10.73,,,,,
5865,8/17/2026 10:21,7.03,73.22,-11.53,,,,,
5866,8/17/2026 10:36,7.03,73.26,-11.72,,,,,
5867,8/17/2026 10:51,7.05,73.17,-12.59,,,,,
5868,8/17/2026 11:06,7.05,73.13,-12.97,,,,,
5869,8/17/2026 11:21,7.04,73.22,-12.25,,,,,
5870,8/17/2026 11:36,7.06,73.47,-13.58,,,,,
5871,8/17/2026 11:51,7.08,73.78,-14.36,,,,,
5872,8/17/2026 12:06,7.08,73.9,-14.56,,,,,
5873,8/17/2026 12:21,7.08,74.03,-14.75,,,,,
5874,8/17/2026 12:36,7.12,73.99,-16.59,,,,,
5875,8/17/2026 12:51,7.16,74.03,-18.77,,,,,
5876,8/17/2026 13:06,7.2,73.94,-21.42,,,,,
5877,8/17/2026 13:21,7.26,73.9,-24.42,,,,,
5878,8/17/2026 13:36,7.3,73.72,-26.8,,,,,
5879,8/17/2026 13:51,7.36,73.51,-30.05,,,,,
5880,8/17/2026 14:06,7.43,73.26,-34.08,,,,,
5881,8/17/2026 14:21,7.49,73.17,-37.28,,,,,
5882,8/17/2026 14:36,7.52,73.17,-39.17,,,,,
5883,8/17/2026 14:51,7.55,73.08,-41,,,,,
5884,8/17/2026 15:06,7.57,73,-42,,,,,
5885,8/17/2026 15:21,7.59,72.86,-43.33,,,,,
5886,8/17/2026 15:36,7.61,72.7,-44.24,,,,,
5887,8/17/2026 15:51,7.62,72.57,-44.85,,,,,
5888,8/17/2026 16:06,7.62,72.52,-44.78,,,,,
5889,8/17/2026 16:21,7.59,72.48,-42.88,,,,,
5890,8/17/2026 16:36,7.53,72.64,-39.97,,,,,
5891,8/17/2026 16:51,7.54,72.73,-40.36,,,,,
5892,8/17/2026 17:06,7.54,73.17,-40.58,,,,,
5893,8/17/2026 17:21,7.52,73.38,-39.09,,,,,
5894,8/17/2026 17:36,7.48,73.47,-37.16,,,,,
5895,8/17/2026 17:51,7.45,73.6,-35.27,,,,,
5896,8/17/2026 18:06,7.4,73.78,-32.75,,,,,
5897,8/17/2026 18:21,7.36,73.87,-30.36,,,,,
5898,8/17/2026 18:36,7.32,73.99,-27.89,,,,,
5899,8/17/2026 18:51,7.27,74.12,-25.47,,,,,
5900,8/17/2026 19:06,7.24,74.21,-23.52,,,,,
5901,8/17/2026 19:21,7.21,74.3,-21.78,,,,,
5902,8/17/2026 19:36,7.17,74.37,-19.75,,,,,
5903,8/17/2026 19:51,7.13,74.46,-17.2,,,,,
5904,8/17/2026 20:06,7.09,74.52,-15.19,,,,,
5905,8/17/2026 20:21,7.09,74.37,-14.8,,,,,
5906,8/17/2026 20:36,7.08,74.37,-14.61,,,,,
5907,8/17/2026 20:51,7.06,74.34,-13.44,,,,,
5908,8/17/2026 21:06,7.05,74.34,-12.78,,,,,
5909,8/17/2026 21:21,7.03,74.34,-11.61,,,,,
5910,8/17/2026 21:36,7.02,74.3,-11.36,,,,,
5911,8/17/2026 21:51,7.01,74.3,-10.53,,,,,
5912,8/17/2026 22:06,6.99,74.3,-9.28,,,,,
5913,8/17/2026 22:21,6.98,74.25,-9.03,,,,,
5914,8/17/2026 22:36,6.97,74.21,-8.45,,,,,
5915,8/17/2026 22:51,6.97,74.21,-8.09,,,,,
5916,8/17/2026 23:06,6.96,74.21,-7.73,,,,,
5917,8/17/2026 23:21,6.97,74.16,-8.5,,,,,
5918,8/17/2026 23:36,6.98,74.25,-8.91,,,,,
5919,8/17/2026 23:51,6.99,74.21,-9.25,,,,,
5920,8/18/2026 0:06,7.01,74.12,-10.34,,,,,
5921,8/18/2026 0:21,7.03,74.03,-11.61,,,,,
5922,8/18/2026 0:36,7.05,73.99,-12.56,,,,,
5923,8/18/2026 0:51,7.06,73.9,-13.3,,,,,
5924,8/18/2026 1:06,7.08,73.87,-14.23,,,,,
5925,8/18/2026 1:21,7.1,73.81,-15.89,,,,,
5926,8/18/2026 1:36,7.13,73.69,-17.52,,,,,
5927,8/18/2026 1:51,7.18,73.47,-20.28,,,,,
5928,8/18/2026 2:06,7.22,73.35,-22.45,,,,,
5929,8/18/2026 2:21,7.26,73.22,-24.75,,,,,
5930,8/18/2026 2:36,7.31,73.04,-27.52,,,,,
5931,8/18/2026 2:51,7.37,72.82,-30.7,,,,,
5932,8/18/2026 3:06,7.41,72.61,-33.17,,,,,
5933,8/18/2026 3:21,7.44,72.45,-34.81,,,,,
5934,8/18/2026 3:36,7.45,72.36,-35.49,,,,,
5935,8/18/2026 3:51,7.47,72.27,-36.27,,,,,
5936,8/18/2026 4:06,7.47,72.18,-36.19,,,,,
5937,8/18/2026 4:21,7.44,72.18,-34.94,,,,,
5938,8/18/2026 4:36,7.38,72.18,-31.39,,,,,
5939,8/18/2026 4:51,7.35,72.27,-29.83,,,,,
5940,8/18/2026 5:06,7.37,72.36,-30.53,,,,,
5941,8/18/2026 5:21,7.37,72.45,-30.95,,,,,
5942,8/18/2026 5:36,7.35,72.57,-29.61,,,,,
5943,8/18/2026 5:51,7.33,72.64,-28.5,,,,,
5944,8/18/2026 6:06,7.3,72.73,-27.09,,,,,
5945,8/18/2026 6:21,7.27,72.82,-25.31,,,,,
5946,8/18/2026 6:36,7.25,72.91,-24.02,,,,,
5947,8/18/2026 6:51,7.23,73,-22.83,,,,,
5948,8/18/2026 7:06,7.2,73.04,-21.47,,,,,
5949,8/18/2026 7:21,7.18,73.08,-20.17,,,,,
5950,8/18/2026 7:36,7.16,73.08,-19.05,,,,,
5951,8/18/2026 7:51,7.13,73.08,-17.5,,,,,
5952,8/18/2026 8:06,7.11,73.04,-15.91,,,,,
5953,8/18/2026 8:21,7.09,73.04,-15,,,,,
5954,8/18/2026 8:36,7.06,73.04,-13.52,,,,,
5955,8/18/2026 8:51,7.05,73.08,-13.02,,,,,
5956,8/18/2026 9:06,7.05,73.17,-12.92,,,,,
5957,8/18/2026 9:21,7.04,73.17,-12.16,,,,,
5958,8/18/2026 9:36,7.03,73.22,-11.53,,,,,
5959,8/18/2026 9:51,7.02,73.26,-11.09,,,,,
5960,8/18/2026 10:06,7.03,73.26,-11.5,,,,,
5961,8/18/2026 10:21,7.06,73.35,-13.22,,,,,
5962,8/18/2026 10:36,7.08,73.47,-14.48,,,,,
5963,8/18/2026 10:51,7.06,73.6,-13.58,,,,,
5964,8/18/2026 11:06,7.03,73.65,-11.5,,,,,
5965,8/18/2026 11:21,7.03,73.6,-11.41,,,,,
5966,8/18/2026 11:36,7.01,73.56,-10.7,,,,,
5967,8/18/2026 11:51,7.03,73.56,-11.61,,,,,
5968,8/18/2026 12:06,7.06,73.69,-13.44,,,,,
5969,8/18/2026 12:21,7.07,73.87,-14.08,,,,,
5970,8/18/2026 12:36,7.07,74.12,-13.8,,,,,
5971,8/18/2026 12:51,7.08,74.12,-14.44,,,,,
5972,8/18/2026 13:06,7.09,74.03,-14.81,,,,,
5973,8/18/2026 13:21,7.11,74.12,-16.42,,,,,
5974,8/18/2026 13:36,7.16,74.3,-18.83,,,,,
5975,8/18/2026 13:51,7.22,74.12,-22.31,,,,,
5976,8/18/2026 14:06,7.29,74.12,-26.24,,,,,
5977,8/18/2026 14:21,7.32,74.08,-27.99,,,,,
5978,8/18/2026 14:36,7.37,73.9,-30.86,,,,,
5979,8/18/2026 14:51,7.43,73.78,-34.16,,,,,
5980,8/18/2026 15:06,7.49,73.69,-37.75,,,,,
5981,8/18/2026 15:21,7.54,73.69,-40.55,,,,,
5982,8/18/2026 15:36,7.58,73.72,-42.92,,,,,
5983,8/18/2026 15:51,7.63,73.65,-45.3,,,,,
5984,8/18/2026 16:06,7.65,73.6,-46.45,,,,,
5985,8/18/2026 16:21,7.67,73.47,-47.5,,,,,
5986,8/18/2026 16:36,7.65,73.47,-46.61,,,,,
5987,8/18/2026 16:51,7.63,73.44,-45.39,,,,,
5988,8/18/2026 17:06,7.57,73.38,-41.95,,,,,
5989,8/18/2026 17:21,7.56,73.65,-41.39,,,,,
5990,8/18/2026 17:36,7.59,74.03,-43.49,,,,,
5991,8/18/2026 17:51,7.59,74.3,-43.22,,,,,
5992,8/18/2026 18:06,7.55,74.46,-41.17,,,,,
5993,8/18/2026 18:21,7.5,74.59,-38.45,,,,,
5994,8/18/2026 18:36,7.46,74.73,-35.91,,,,,
5995,8/18/2026 18:51,7.41,74.82,-33.09,,,,,
5996,8/18/2026 19:06,7.36,74.89,-30.45,,,,,
5997,8/18/2026 19:21,7.32,74.98,-27.95,,,,,
5998,8/18/2026 19:36,7.28,75.11,-25.66,,,,,
5999,8/18/2026 19:51,7.24,75.2,-23.59,,,,,
6000,8/18/2026 20:06,7.2,75.29,-21.5,,,,,
6001,8/18/2026 20:21,7.16,75.42,-19.22,,,,,
6002,8/18/2026 20:36,7.12,75.47,-17.03,,,,,
6003,8/18/2026 20:51,7.09,75.42,-15,,,,,
6004,8/18/2026 21:06,7.08,75.38,-14.52,,,,,
6005,8/18/2026 21:21,7.08,75.29,-14.45,,,,,
6006,8/18/2026 21:36,7.06,75.25,-13.44,,,,,
6007,8/18/2026 21:51,7.05,75.16,-12.72,,,,,
6008,8/18/2026 22:06,7.03,75.16,-11.83,,,,,
6009,8/18/2026 22:21,7.02,75.11,-11.25,,,,,
6010,8/18/2026 22:36,7.01,75.07,-10.42,,,,,
6011,8/18/2026 22:51,7,75.04,-9.73,,,,,
6012,8/18/2026 23:06,6.99,74.95,-9.31,,,,,
6013,8/18/2026 23:21,6.98,74.86,-8.88,,,,,
6014,8/18/2026 23:36,6.97,74.82,-8.3,,,,,
6015,8/18/2026 23:51,6.96,74.68,-7.84,,,,,
6016,8/19/2026 0:06,6.98,74.95,-8.84,,,,,
6017,8/19/2026 0:21,6.98,74.98,-8.95,,,,,
6018,8/19/2026 0:36,6.99,74.95,-9.33,,,,,
6019,8/19/2026 0:51,7.01,74.77,-10.41,,,,,
6020,8/19/2026 1:06,7.02,74.73,-11.14,,,,,
6021,8/19/2026 1:21,7.04,74.64,-12.06,,,,,
6022,8/19/2026 1:36,7.05,74.55,-12.81,,,,,
6023,8/19/2026 1:51,7.06,74.52,-13.53,,,,,
6024,8/19/2026 2:06,7.09,74.37,-14.86,,,,,
6025,8/19/2026 2:21,7.11,74.25,-16.09,,,,,
6026,8/19/2026 2:36,7.14,74.03,-18.09,,,,,
6027,8/19/2026 2:51,7.21,73.72,-22.09,,,,,
6028,8/19/2026 3:06,7.25,73.6,-24.02,,,,,
6029,8/19/2026 3:21,7.29,73.47,-26.49,,,,,
6030,8/19/2026 3:36,7.34,73.29,-29.39,,,,,
6031,8/19/2026 3:51,7.39,73.08,-32.09,,,,,
6032,8/19/2026 4:06,7.43,72.86,-34.31,,,,,
6033,8/19/2026 4:21,7.45,72.7,-35.56,,,,,
6034,8/19/2026 4:36,7.47,72.57,-36.38,,,,,
6035,8/19/2026 4:51,7.48,72.48,-36.8,,,,,
6036,8/19/2026 5:06,7.44,72.45,-34.94,,,,,
6037,8/19/2026 5:21,7.4,72.45,-32.36,,,,,
6038,8/19/2026 5:36,7.36,72.48,-30.03,,,,,
6039,8/19/2026 5:51,7.36,72.73,-30.11,,,,,
6040,8/19/2026 6:06,7.36,72.86,-30.16,,,,,
6041,8/19/2026 6:21,7.34,73.04,-28.91,,,,,
6042,8/19/2026 6:36,7.31,73.13,-27.27,,,,,
6043,8/19/2026 6:51,7.29,73.17,-26.36,,,,,
6044,8/19/2026 7:06,7.28,73.26,-25.52,,,,,
6045,8/19/2026 7:21,7.26,73.29,-24.38,,,,,
6046,8/19/2026 7:36,7.23,73.38,-22.97,,,,,
6047,8/19/2026 7:51,7.21,73.44,-21.94,,,,,
6048,8/19/2026 8:06,7.19,73.51,-20.56,,,,,
6049,8/19/2026 8:21,7.17,73.56,-19.3,,,,,
6050,8/19/2026 8:36,7.15,73.6,-18.58,,,,,
6051,8/19/2026 8:51,7.13,73.65,-17.55,,,,,
6052,8/19/2026 9:06,7.12,73.72,-16.8,,,,,
6053,8/19/2026 9:21,7.11,73.87,-16.27,,,,,
6054,8/19/2026 9:36,7.12,73.99,-16.63,,,,,
6055,8/19/2026 9:51,7.09,74.08,-15.14,,,,,
6056,8/19/2026 10:06,7.09,74.21,-15.27,,,,,
6057,8/19/2026 10:21,7.15,74.37,-18.39,,,,,
6058,8/19/2026 10:36,7.13,74.68,-17.22,,,,,
6059,8/19/2026 10:51,7.13,74.98,-17.34,,,,,
6060,8/19/2026 11:06,7.13,75.2,-17.41,,,,,
6061,8/19/2026 11:21,7.14,75.47,-18.02,,,,,
6062,8/19/2026 11:36,7.18,76.06,-20.28,,,,,
6063,8/19/2026 11:51,7.16,76.12,-19.11,,,,,
6064,8/19/2026 12:06,7.09,76.06,-14.91,,,,,
6065,8/19/2026 12:21,7.03,75.99,-11.59,,,,,
6066,8/19/2026 12:36,7.04,76.37,-12.06,,,,,
6067,8/19/2026 12:51,7.05,76.59,-13,,,,,
6068,8/19/2026 13:06,7.06,76.59,-13.41,,,,,
6069,8/19/2026 13:21,7.08,76.42,-14.38,,,,,
6070,8/19/2026 13:36,7.1,76.46,-15.39,,,,,
6071,8/19/2026 13:51,7.11,76.51,-16.41,,,,,
6072,8/19/2026 14:06,7.14,76.77,-18.09,,,,,
6073,8/19/2026 14:21,7.17,76.82,-19.89,,,,,
6074,8/19/2026 14:36,7.24,76.68,-23.81,,,,,
6075,8/19/2026 14:51,7.33,76.33,-28.7,,,,,
6076,8/19/2026 15:06,7.39,75.94,-31.88,,,,,
6077,8/19/2026 15:21,7.44,75.72,-35.06,,,,,
6078,8/19/2026 15:36,7.52,75.72,-39.55,,,,,
6079,8/19/2026 15:51,7.59,75.94,-43.3,,,,,
6080,8/19/2026 16:06,7.66,76.12,-47.31,,,,,
6081,8/19/2026 16:21,7.71,76.12,-50.33,,,,,
6082,8/19/2026 16:36,7.74,76.06,-51.69,,,,,
6083,8/19/2026 16:51,7.75,75.85,-52.56,,,,,
6084,8/19/2026 17:06,7.76,75.63,-52.92,,,,,
6085,8/19/2026 17:21,7.75,75.51,-52.24,,,,,
6086,8/19/2026 17:36,7.73,75.33,-51.39,,,,,
6087,8/19/2026 17:51,7.67,75.33,-47.94,,,,,
6088,8/19/2026 18:06,7.64,75.94,-46.05,,,,,
6089,8/19/2026 18:21,7.65,76.15,-46.6,,,,,
6090,8/19/2026 18:36,7.64,76.21,-46.25,,,,,
6091,8/19/2026 18:51,7.63,76.24,-45.67,,,,,
6092,8/19/2026 19:06,7.59,76.28,-43.52,,,,,
6093,8/19/2026 19:21,7.54,76.37,-40.38,,,,,
6094,8/19/2026 19:36,7.49,76.42,-37.59,,,,,
6095,8/19/2026 19:51,7.44,76.46,-34.78,,,,,
6096,8/19/2026 20:06,7.39,76.55,-31.92,,,,,
6097,8/19/2026 20:21,7.34,76.68,-29.19,,,,,
6098,8/19/2026 20:36,7.29,76.77,-26.41,,,,,
6099,8/19/2026 20:51,7.24,76.89,-23.81,,,,,
6100,8/19/2026 21:06,7.2,76.95,-21.52,,,,,
6101,8/19/2026 21:21,7.16,76.98,-19.19,,,,,
6102,8/19/2026 21:36,7.12,77.04,-16.81,,,,,
6103,8/19/2026 21:51,7.1,77.04,-15.67,,,,,
6104,8/19/2026 22:06,7.08,77.07,-14.31,,,,,
6105,8/19/2026 22:21,7.05,77.07,-13,,,,,
6106,8/19/2026 22:36,7.06,77.07,-13.41,,,,,
6107,8/19/2026 22:51,7.04,77.04,-12.45,,,,,
6108,8/19/2026 23:06,7.03,76.98,-11.66,,,,,
6109,8/19/2026 23:21,7.01,76.98,-10.55,,,,,
6110,8/19/2026 23:36,7,76.98,-10.25,,,,,
6111,8/19/2026 23:51,7,76.95,-9.98,,,,,
6112,8/20/2026 0:06,6.99,76.86,-9.55,,,,,
6113,8/20/2026 0:21,6.99,76.82,-9.5,,,,,
6114,8/20/2026 0:36,6.99,76.77,-9.47,,,,,
6115,8/20/2026 0:51,7,76.89,-9.95,,,,,
6116,8/20/2026 1:06,6.99,76.95,-9.63,,,,,
6117,8/20/2026 1:21,7,76.86,-9.81,,,,,
6118,8/20/2026 1:36,7.01,76.55,-10.61,,,,,
6119,8/20/2026 1:51,7.02,76.46,-11.31,,,,,
6120,8/20/2026 2:06,7.03,76.33,-11.86,,,,,
6121,8/20/2026 2:21,7.05,76.21,-12.97,,,,,
6122,8/20/2026 2:36,7.06,76.12,-13.41,,,,,
6123,8/20/2026 2:51,7.07,76.03,-13.89,,,,,
6124,8/20/2026 3:06,7.09,75.85,-14.95,,,,,
6125,8/20/2026 3:21,7.12,75.6,-16.84,,,,,
6126,8/20/2026 3:36,7.16,75.29,-18.75,,,,,
6127,8/20/2026 3:51,7.23,74.98,-22.92,,,,,
6128,8/20/2026 4:06,7.29,74.73,-26.33,,,,,
6129,8/20/2026 4:21,7.33,74.59,-28.34,,,,,
6130,8/20/2026 4:36,7.37,74.46,-31.13,,,,,
6131,8/20/2026 4:51,7.43,74.3,-33.95,,,,,
6132,8/20/2026 5:06,7.47,74.03,-36.28,,,,,
6133,8/20/2026 5:21,7.49,73.87,-37.61,,,,,
6134,8/20/2026 5:36,7.5,73.72,-37.92,,,,,
6135,8/20/2026 5:51,7.49,73.6,-37.7,,,,,
6136,8/20/2026 6:06,7.45,73.56,-35.24,,,,,
6137,8/20/2026 6:21,7.39,73.56,-31.78,,,,,
6138,8/20/2026 6:36,7.36,73.65,-29.99,,,,,
6139,8/20/2026 6:51,7.37,73.81,-30.72,,,,,
6140,8/20/2026 7:06,7.37,73.9,-31.02,,,,,
6141,8/20/2026 7:21,7.35,73.99,-29.92,,,,,
6142,8/20/2026 7:36,7.33,74.08,-28.61,,,,,
6143,8/20/2026 7:51,7.31,74.16,-27.56,,,,,
6144,8/20/2026 8:06,7.29,74.25,-26.55,,,,,
6145,8/20/2026 8:21,7.28,74.37,-25.53,,,,,
6146,8/20/2026 8:36,7.26,74.46,-24.53,,,,,
6147,8/20/2026 8:51,7.24,74.64,-23.52,,,,,
6148,8/20/2026 9:06,7.23,74.77,-23.05,,,,,
6149,8/20/2026 9:21,7.22,74.89,-22.31,,,,,
6150,8/20/2026 9:36,7.21,75.04,-21.99,,,,,
6151,8/20/2026 9:51,7.21,75.25,-21.95,,,,,
6152,8/20/2026 10:06,7.2,75.47,-21.44,,,,,
6153,8/20/2026 10:21,7.19,75.78,-20.5,,,,,
6154,8/20/2026 10:36,7.17,76.03,-19.67,,,,,
6155,8/20/2026 10:51,7.16,76.24,-19.09,,,,,
6156,8/20/2026 11:06,7.15,76.46,-18.3,,,,,
6157,8/20/2026 11:21,7.15,76.73,-18.58,,,,,
6158,8/20/2026 11:36,7.18,77.04,-20.34,,,,,
6159,8/20/2026 11:51,7.19,77.47,-20.89,,,,,
6160,8/20/2026 12:06,7.16,77.72,-19.31,,,,,
6161,8/20/2026 12:21,7.15,78.12,-18.56,,,,,
6162,8/20/2026 12:36,7.09,78.26,-15.3,,,,,
6163,8/20/2026 12:51,7.09,78.3,-14.92,,,,,
6164,8/20/2026 13:06,7.07,78.08,-14.08,,,,,
6165,8/20/2026 13:21,7.07,78.26,-13.78,,,,,
6166,8/20/2026 13:36,7.1,78.87,-15.47,,,,,
6167,8/20/2026 13:51,7.12,78.87,-16.72,,,,,
6168,8/20/2026 14:06,7.12,78.82,-17.03,,,,,
6169,8/20/2026 14:21,7.15,78.6,-18.38,,,,,
6170,8/20/2026 14:36,7.16,78.42,-19.05,,,,,
6171,8/20/2026 14:51,7.19,78.3,-21.03,,,,,
6172,8/20/2026 15:06,7.24,78.48,-23.42,,,,,
6173,8/20/2026 15:21,7.26,78.6,-25,,,,,
6174,8/20/2026 15:36,7.37,78.39,-31.08,,,,,
6175,8/20/2026 15:51,7.46,78.12,-36.11,,,,,
6176,8/20/2026 16:06,7.54,77.68,-40.56,,,,,
6177,8/20/2026 16:21,7.6,77.34,-44.13,,,,,
6178,8/20/2026 16:36,7.68,77.11,-48.64,,,,,
6179,8/20/2026 16:51,7.76,77.07,-53.02,,,,,
6180,8/20/2026 17:06,7.8,76.98,-55.49,,,,,
6181,8/20/2026 17:21,7.82,76.89,-56.49,,,,,
6182,8/20/2026 17:36,7.84,76.77,-57.66,,,,,
6183,8/20/2026 17:51,7.84,76.68,-57.78,,,,,
6184,8/20/2026 18:06,7.83,76.59,-56.74,,,,,
6185,8/20/2026 18:21,7.8,76.55,-55.24,,,,,
6186,8/20/2026 18:36,7.72,76.51,-50.5,,,,,
6187,8/20/2026 18:51,7.66,76.51,-47.27,,,,,
6188,8/20/2026 19:06,7.7,76.82,-49.92,,,,,
6189,8/20/2026 19:21,7.7,76.89,-49.89,,,,,
6190,8/20/2026 19:36,7.67,77.04,-48,,,,,
6191,8/20/2026 19:51,7.63,77.16,-45.64,,,,,
6192,8/20/2026 20:06,7.58,77.25,-43,,,,,
6193,8/20/2026 20:21,7.53,77.38,-40.25,,,,,
6194,8/20/2026 20:36,7.48,77.47,-37.06,,,,,
6195,8/20/2026 20:51,7.43,77.56,-34.55,,,,,
6196,8/20/2026 21:06,7.4,77.56,-32.41,,,,,
6197,8/20/2026 21:21,7.35,77.5,-29.88,,,,,
6198,8/20/2026 21:36,7.31,77.56,-27.45,,,,,
6199,8/20/2026 21:51,7.27,77.56,-25.58,,,,,
6200,8/20/2026 22:06,7.24,77.47,-23.34,,,,,
6201,8/20/2026 22:21,7.21,77.47,-21.64,,,,,
6202,8/20/2026 22:36,7.18,77.47,-20.42,,,,,
6203,8/20/2026 22:51,7.15,77.47,-18.59,,,,,
6204,8/20/2026 23:06,7.11,77.56,-16.48,,,,,
6205,8/20/2026 23:21,7.09,77.56,-15.23,,,,,
6206,8/20/2026 23:36,7.08,77.59,-14.52,,,,,
6207,8/20/2026 23:51,7.07,77.59,-13.88,,,,,
6208,8/21/2026 0:06,7.05,77.56,-12.97,,,,,
6209,8/21/2026 0:21,7.04,77.59,-12.44,,,,,
6210,8/21/2026 0:36,7.03,77.5,-11.92,,,,,
6211,8/21/2026 0:51,7.02,77.41,-11.2,,,,,
6212,8/21/2026 1:06,7.01,77.38,-10.64,,,,,
6213,8/21/2026 1:21,7.01,77.34,-10.5,,,,,
6214,8/21/2026 1:36,7.02,77.38,-11.28,,,,,
6215,8/21/2026 1:51,7.02,77.5,-11.23,,,,,
6216,8/21/2026 2:06,7.02,77.59,-11.03,,,,,
6217,8/21/2026 2:21,7.02,77.41,-11.25,,,,,
6218,8/21/2026 2:36,7.04,77.2,-12.14,,,,,
6219,8/21/2026 2:51,7.05,77.11,-12.67,,,,,
6220,8/21/2026 3:06,7.06,77.04,-13.27,,,,,
6221,8/21/2026 3:21,7.08,76.89,-14.28,,,,,
6222,8/21/2026 3:36,7.09,76.86,-14.95,,,,,
6223,8/21/2026 3:51,7.09,76.77,-15.33,,,,,
6224,8/21/2026 4:06,7.11,76.59,-16.22,,,,,
6225,8/21/2026 4:21,7.14,76.42,-18.08,,,,,
6226,8/21/2026 4:36,7.16,76.28,-19.11,,,,,
6227,8/21/2026 4:51,7.23,75.99,-23.11,,,,,
6228,8/21/2026 5:06,7.3,75.72,-27.19,,,,,
6229,8/21/2026 5:21,7.37,75.54,-30.64,,,,,
6230,8/21/2026 5:36,7.41,75.42,-33.19,,,,,
6231,8/21/2026 5:51,7.46,75.25,-35.99,,,,,
6232,8/21/2026 6:06,7.5,75.07,-38.49,,,,,
6233,8/21/2026 6:21,7.53,74.89,-40.13,,,,,
6234,8/21/2026 6:36,7.54,74.82,-40.24,,,,,
6235,8/21/2026 6:51,7.53,74.73,-39.92,,,,,
6236,8/21/2026 7:06,7.46,74.68,-36.02,,,,,
6237,8/21/2026 7:21,7.42,74.64,-33.66,,,,,
6238,8/21/2026 7:36,7.43,74.82,-34.36,,,,,
6239,8/21/2026 7:51,7.41,74.95,-33.28,,,,,
6240,8/21/2026 8:06,7.39,74.98,-32.25,,,,,
6241,8/21/2026 8:21,7.37,75.04,-30.75,,,,,
6242,8/21/2026 8:36,7.35,75.07,-29.49,,,,,
6243,8/21/2026 8:51,7.33,74.95,-28.5,,,,,
6244,8/21/2026 9:06,7.32,75.16,-27.78,,,,,
6245,8/21/2026 9:21,7.3,75.2,-26.7,,,,,
6246,8/21/2026 9:36,7.28,75.25,-25.53,,,,,
6247,8/21/2026 9:51,7.24,75.16,-23.45,,,,,
6248,8/21/2026 10:06,7.21,75.2,-22.08,,,,,
6249,8/21/2026 10:21,7.2,75.2,-21.17,,,,,
6250,8/21/2026 10:36,7.2,75.25,-21.03,,,,,
6251,8/21/2026 10:51,7.21,75.38,-21.59,,,,,
6252,8/21/2026 11:06,7.2,75.51,-21.16,,,,,
6253,8/21/2026 11:21,7.2,75.6,-21.41,,,,,
6254,8/21/2026 11:36,7.22,75.69,-22.34,,,,,
6255,8/21/2026 11:51,7.22,75.81,-22.42,,,,,
6256,8/21/2026 12:06,7.22,75.94,-22.59,,,,,
6257,8/21/2026 12:21,7.22,76.12,-22.27,,,,,
6258,8/21/2026 12:36,7.22,76.21,-22.52,,,,,
6259,8/21/2026 12:51,7.23,76.28,-23.25,,,,,
6260,8/21/2026 13:06,7.24,76.42,-23.45,,,,,
6261,8/21/2026 13:21,7.21,76.59,-22.06,,,,,
6262,8/21/2026 13:36,7.2,76.68,-21.05,,,,,
6263,8/21/2026 13:51,7.21,76.77,-21.83,,,,,
6264,8/21/2026 14:06,7.21,76.86,-21.61,,,,,
6265,8/21/2026 14:21,7.17,76.77,-19.77,,,,,
6266,8/21/2026 14:36,7.2,76.86,-21.14,,,,,
6267,8/21/2026 14:51,7.2,76.64,-21.58,,,,,
6268,8/21/2026 15:06,7.21,76.68,-21.7,,,,,
6269,8/21/2026 15:21,7.23,76.59,-23,,,,,
6270,8/21/2026 15:36,7.24,76.51,-23.59,,,,,
6271,8/21/2026 15:51,7.25,76.42,-24.19,,,,,
6272,8/21/2026 16:06,7.27,76.42,-25.41,,,,,
6273,8/21/2026 16:21,7.32,76.33,-27.89,,,,,
6274,8/21/2026 16:36,7.36,76.28,-30.3,,,,,
6275,8/21/2026 16:51,7.48,76.06,-36.97,,,,,
6276,8/21/2026 17:06,7.58,75.78,-42.88,,,,,
6277,8/21/2026 17:21,7.66,75.47,-47,,,,,
6278,8/21/2026 17:36,7.71,75.25,-50.19,,,,,
6279,8/21/2026 17:51,7.74,75.07,-51.94,,,,,
6280,8/21/2026 18:06,7.78,74.89,-54.13,,,,,
6281,8/21/2026 18:21,7.79,74.82,-54.31,,,,,
6282,8/21/2026 18:36,7.81,74.68,-55.94,,,,,
6283,8/21/2026 18:51,7.82,74.64,-56.38,,,,,
6284,8/21/2026 19:06,7.82,74.55,-56.24,,,,,
6285,8/21/2026 19:21,7.78,74.52,-54.22,,,,,
6286,8/21/2026 19:36,7.71,74.52,-50.16,,,,,
6287,8/21/2026 19:51,7.68,74.59,-48.63,,,,,
6288,8/21/2026 20:06,7.7,74.73,-49.77,,,,,
6289,8/21/2026 20:21,7.71,74.73,-50.22,,,,,
6290,8/21/2026 20:36,7.69,74.82,-48.86,,,,,
6291,8/21/2026 20:51,7.64,74.95,-46.19,,,,,
6292,8/21/2026 21:06,7.6,75.07,-44.06,,,,,
6293,8/21/2026 21:21,7.57,75.16,-42.11,,,,,
6294,8/21/2026 21:36,7.53,75.25,-39.95,,,,,
6295,8/21/2026 21:51,7.49,75.33,-37.39,,,,,
6296,8/21/2026 22:06,7.44,75.42,-34.72,,,,,
6297,8/21/2026 22:21,7.39,75.42,-32.19,,,,,
6298,8/21/2026 22:36,7.35,75.42,-29.74,,,,,
6299,8/21/2026 22:51,7.3,75.42,-27.06,,,,,
6300,8/21/2026 23:06,7.26,75.38,-24.44,,,,,
6301,8/21/2026 23:21,7.22,75.29,-22.14,,,,,
6302,8/21/2026 23:36,7.18,75.2,-20.33,,,,,
6303,8/21/2026 23:51,7.15,75.2,-18.2,,,,,
6304,8/22/2026 0:06,7.13,75.2,-17.09,,,,,
6305,8/22/2026 0:21,7.12,75.2,-16.55,,,,,
6306,8/22/2026 0:36,7.11,75.2,-16.36,,,,,
6307,8/22/2026 0:51,7.1,75.11,-15.56,,,,,
6308,8/22/2026 1:06,7.09,75.04,-15.03,,,,,
6309,8/22/2026 1:21,7.08,74.95,-14.64,,,,,
6310,8/22/2026 1:36,7.07,74.82,-13.77,,,,,
6311,8/22/2026 1:51,7.06,74.73,-13.3,,,,,
6312,8/22/2026 2:06,7.06,74.64,-13.28,,,,,
6313,8/22/2026 2:21,7.06,74.64,-13.31,,,,,
6314,8/22/2026 2:36,7.07,74.73,-14.13,,,,,
6315,8/22/2026 2:51,7.07,74.77,-14.13,,,,,
6316,8/22/2026 3:06,7.07,74.82,-13.92,,,,,
6317,8/22/2026 3:21,7.09,74.55,-14.8,,,,,
6318,8/22/2026 3:36,7.11,74.43,-16.05,,,,,
6319,8/22/2026 3:51,7.12,74.34,-16.55,,,,,
6320,8/22/2026 4:06,7.13,74.3,-17.36,,,,,
6321,8/22/2026 4:21,7.15,74.21,-18.41,,,,,
6322,8/22/2026 4:36,7.16,74.12,-18.92,,,,,
6323,8/22/2026 4:51,7.17,74.03,-19.48,,,,,
6324,8/22/2026 5:06,7.19,73.99,-20.7,,,,,
6325,8/22/2026 5:21,7.23,73.94,-22.69,,,,,
6326,8/22/2026 5:36,7.25,73.81,-24.03,,,,,
6327,8/22/2026 5:51,7.29,73.69,-26.42,,,,,
6328,8/22/2026 6:06,7.35,73.56,-29.75,,,,,
6329,8/22/2026 6:21,7.39,73.35,-32.17,,,,,
6330,8/22/2026 6:36,7.46,73.47,-35.84,,,,,
6331,8/22/2026 6:51,7.5,73.35,-38.03,,,,,
6332,8/22/2026 7:06,7.53,73.26,-39.99,,,,,
6333,8/22/2026 7:21,7.56,73.17,-41.5,,,,,
6334,8/22/2026 7:36,7.57,73.08,-41.88,,,,,
6335,8/22/2026 7:51,7.56,73,-41.33,,,,,
6336,8/22/2026 8:06,7.5,72.95,-38.22,,,,,
6337,8/22/2026 8:21,7.45,73,-35.3,,,,,
6338,8/22/2026 8:36,7.45,73.08,-35.34,,,,,
6339,8/22/2026 8:51,7.44,73.17,-34.58,,,,,
6340,8/22/2026 9:06,7.44,73.13,-34.95,,,,,
6341,8/22/2026 9:21,7.44,73.13,-34.64,,,,,
6342,8/22/2026 9:36,7.44,73.17,-34.72,,,,,
6343,8/22/2026 9:51,7.43,73.26,-34.24,,,,,
6344,8/22/2026 10:06,7.41,73.26,-32.91,,,,,
6345,8/22/2026 10:21,7.38,73.26,-31.31,,,,,
6346,8/22/2026 10:36,7.36,73.26,-30.28,,,,,
6347,8/22/2026 10:51,7.33,73.22,-28.44,,,,,
6348,8/22/2026 11:06,7.29,73.08,-26.58,,,,,
6349,8/22/2026 11:21,7.27,73.08,-25.05,,,,,
6350,8/22/2026 11:36,7.25,73.13,-24.33,,,,,
6351,8/22/2026 11:51,7.26,73.13,-24.63,,,,,
6352,8/22/2026 12:06,7.26,73.17,-24.78,,,,,
6353,8/22/2026 12:21,7.25,73.17,-23.92,,,,,
6354,8/22/2026 12:36,7.22,73.17,-22.61,,,,,
6355,8/22/2026 12:51,7.2,73.13,-21.11,,,,,
6356,8/22/2026 13:06,7.2,73.04,-21.14,,,,,
6357,8/22/2026 13:21,7.2,73,-21.39,,,,,
6358,8/22/2026 13:36,7.2,72.91,-21.36,,,,,
6359,8/22/2026 13:51,7.2,72.91,-21.14,,,,,
6360,8/22/2026 14:06,7.22,72.86,-22.33,,,,,
6361,8/22/2026 14:21,7.22,73.04,-22.19,,,,,
6362,8/22/2026 14:36,7.19,73.08,-20.89,,,,,
6363,8/22/2026 14:51,7.18,73.13,-20.22,,,,,
6364,8/22/2026 15:06,7.19,73.04,-20.81,,,,,
6365,8/22/2026 15:21,7.22,72.95,-22.14,,,,,
6366,8/22/2026 15:36,7.24,72.86,-23.31,,,,,
6367,8/22/2026 15:51,7.24,72.91,-23.45,,,,,
6368,8/22/2026 16:06,7.26,72.86,-24.55,,,,,
6369,8/22/2026 16:21,7.28,72.86,-25.97,,,,,
6370,8/22/2026 16:36,7.29,72.91,-26.52,,,,,
6371,8/22/2026 16:51,7.31,72.86,-27.67,,,,,
6372,8/22/2026 17:06,7.35,72.79,-29.74,,,,,
6373,8/22/2026 17:21,7.4,72.73,-32.59,,,,,
6374,8/22/2026 17:36,7.43,72.64,-33.99,,,,,
6375,8/22/2026 17:51,7.52,72.64,-39.13,,,,,
6376,8/22/2026 18:06,7.62,72.48,-45.03,,,,,
6377,8/22/2026 18:21,7.67,72.39,-47.5,,,,,
6378,8/22/2026 18:36,7.72,72.27,-50.33,,,,,
6379,8/22/2026 18:51,7.76,72.14,-52.77,,,,,
6380,8/22/2026 19:06,7.78,72.01,-53.97,,,,,
6381,8/22/2026 19:21,7.8,71.83,-55.06,,,,,
6382,8/22/2026 19:36,7.81,71.74,-55.36,,,,,
6383,8/22/2026 19:51,7.8,71.71,-54.99,,,,,
6384,8/22/2026 20:06,7.78,71.65,-53.97,,,,,
6385,8/22/2026 20:21,7.74,71.65,-51.66,,,,,
6386,8/22/2026 20:36,7.71,71.65,-49.8,,,,,
6387,8/22/2026 20:51,7.69,71.71,-48.7,,,,,
6388,8/22/2026 21:06,7.71,71.74,-49.83,,,,,
6389,8/22/2026 21:21,7.69,71.8,-48.89,,,,,
6390,8/22/2026 21:36,7.69,71.8,-48.78,,,,,
6391,8/22/2026 21:51,7.68,71.87,-47.99,,,,,
6392,8/22/2026 22:06,7.64,71.92,-46.02,,,,,
6393,8/22/2026 22:21,7.61,71.96,-44.36,,,,,
6394,8/22/2026 22:36,7.57,72.01,-41.99,,,,,
6395,8/22/2026 22:51,7.53,72.01,-39.75,,,,,
6396,8/22/2026 23:06,7.48,72.01,-37.11,,,,,
6397,8/22/2026 23:21,7.44,72.01,-34.72,,,,,
6398,8/22/2026 23:36,7.39,71.96,-31.99,,,,,
6399,8/22/2026 23:51,7.36,71.96,-29.97,,,,,
6400,8/23/2026 0:06,7.32,71.92,-27.67,,,,,
6401,8/23/2026 0:21,7.28,71.83,-25.52,,,,,
6402,8/23/2026 0:36,7.26,71.74,-24.52,,,,,
6403,8/23/2026 0:51,7.23,71.71,-22.72,,,,,
6404,8/23/2026 1:06,7.21,71.71,-21.64,,,,,
6405,8/23/2026 1:21,7.2,71.71,-21.27,,,,,
6406,8/23/2026 1:36,7.18,71.65,-20.34,,,,,
6407,8/23/2026 1:51,7.17,71.62,-19.63,,,,,
6408,8/23/2026 2:06,7.16,71.58,-18.8,,,,,
6409,8/23/2026 2:21,7.15,71.49,-18.16,,,,,
6410,8/23/2026 2:36,7.13,71.44,-17.44,,,,,
6411,8/23/2026 2:51,7.12,71.37,-16.75,,,,,
6412,8/23/2026 3:06,7.11,71.31,-16.41,,,,,
6413,8/23/2026 3:21,7.12,71.28,-16.45,,,,,
6414,8/23/2026 3:36,7.12,71.28,-16.73,,,,,
6415,8/23/2026 3:51,7.12,71.31,-16.84,,,,,
6416,8/23/2026 4:06,7.12,71.31,-16.56,,,,,
6417,8/23/2026 4:21,7.13,71.24,-17.06,,,,,
6418,8/23/2026 4:36,7.16,71.1,-18.7,,,,,
6419,8/23/2026 4:51,7.17,71.1,-19.5,,,,,
6420,8/23/2026 5:06,7.17,71.06,-19.77,,,,,
6421,8/23/2026 5:21,7.19,71.06,-20.66,,,,,
6422,8/23/2026 5:36,7.2,71.1,-21.41,,,,,
6423,8/23/2026 5:51,7.21,71.06,-21.72,,,,,
6424,8/23/2026 6:06,7.23,71.1,-23.08,,,,,
6425,8/23/2026 6:21,7.27,71.19,-24.86,,,,,
6426,8/23/2026 6:36,7.29,71.19,-26,,,,,
6427,8/23/2026 6:51,7.3,71.24,-27.06,,,,,
6428,8/23/2026 7:06,7.37,71.19,-30.84,,,,,
6429,8/23/2026 7:21,7.45,71.19,-35.08,,,,,
6430,8/23/2026 7:36,7.5,71.15,-38.13,,,,,
6431,8/23/2026 7:51,7.55,71.06,-40.74,,,,,
6432,8/23/2026 8:06,7.59,70.97,-43,,,,,
6433,8/23/2026 8:21,7.6,70.88,-43.83,,,,,
6434,8/23/2026 8:36,7.61,70.81,-44.03,,,,,
6435,8/23/2026 8:51,7.6,70.81,-43.49,,,,,
6436,8/23/2026 9:06,7.55,70.75,-40.77,,,,,
6437,8/23/2026 9:21,7.52,70.81,-38.86,,,,,
6438,8/23/2026 9:36,7.5,70.88,-37.92,,,,,
6439,8/23/2026 9:51,7.49,70.97,-37.69,,,,,
6440,8/23/2026 10:06,7.51,71.02,-38.49,,,,,
6441,8/23/2026 10:21,7.5,71.06,-38.11,,,,,
6442,8/23/2026 10:36,7.48,71.15,-36.66,,,,,
6443,8/23/2026 10:51,7.46,71.19,-35.78,,,,,
6444,8/23/2026 11:06,7.44,71.28,-34.8,,,,,
6445,8/23/2026 11:21,7.42,71.31,-33.77,,,,,
6446,8/23/2026 11:36,7.4,71.37,-32.17,,,,,
6447,8/23/2026 11:51,7.36,71.37,-30.39,,,,,
6448,8/23/2026 12:06,7.33,71.4,-28.67,,,,,
6449,8/23/2026 12:21,7.31,71.44,-27.49,,,,,
6450,8/23/2026 12:36,7.29,71.44,-26.11,,,,,
6451,8/23/2026 12:51,7.27,71.44,-24.99,,,,,
6452,8/23/2026 13:06,7.23,71.4,-23.05,,,,,
6453,8/23/2026 13:21,7.21,71.37,-21.91,,,,,
6454,8/23/2026 13:36,7.19,71.37,-20.75,,,,,
6455,8/23/2026 13:51,7.19,71.31,-20.74,,,,,
6456,8/23/2026 14:06,7.19,71.28,-20.69,,,,,
6457,8/23/2026 14:21,7.19,71.24,-20.53,,,,,
6458,8/23/2026 14:36,7.19,71.24,-20.63,,,,,
6459,8/23/2026 14:51,7.21,71.28,-21.78,,,,,
6460,8/23/2026 15:06,7.21,71.37,-21.64,,,,,
6461,8/23/2026 15:21,7.18,71.44,-20.02,,,,,
6462,8/23/2026 15:36,7.19,71.49,-20.91,,,,,
6463,8/23/2026 15:51,7.18,71.37,-20.19,,,,,
6464,8/23/2026 16:06,7.18,71.4,-19.88,,,,,
6465,8/23/2026 16:21,7.17,71.44,-19.72,,,,,
6466,8/23/2026 16:36,7.2,71.83,-21.27,,,,,
6467,8/23/2026 16:51,7.22,71.74,-22.53,,,,,
6468,8/23/2026 17:06,7.23,71.83,-22.94,,,,,
6469,8/23/2026 17:21,7.26,71.92,-24.33,,,,,
6470,8/23/2026 17:36,7.28,71.87,-25.58,,,,,
6471,8/23/2026 17:51,7.31,71.87,-27.16,,,,,
6472,8/23/2026 18:06,7.35,71.92,-29.56,,,,,
6473,8/23/2026 18:21,7.42,72.05,-33.66,,,,,
6474,8/23/2026 18:36,7.46,72.09,-35.66,,,,,
6475,8/23/2026 18:51,7.58,71.83,-42.61,,,,,
6476,8/23/2026 19:06,7.66,71.65,-46.94,,,,,
6477,8/23/2026 19:21,7.7,71.49,-49.47,,,,,
6478,8/23/2026 19:36,7.74,71.44,-51.5,,,,,
6479,8/23/2026 19:51,7.77,71.4,-53.35,,,,,
6480,8/23/2026 20:06,7.8,71.37,-55.05,,,,,
6481,8/23/2026 20:21,7.82,71.28,-55.92,,,,,
6482,8/23/2026 20:36,7.83,71.24,-56.49,,,,,
6483,8/23/2026 20:51,7.83,71.19,-56.52,,,,,
6484,8/23/2026 21:06,7.84,71.15,-56.85,,,,,
6485,8/23/2026 21:21,7.79,71.1,-53.99,,,,,
6486,8/23/2026 21:36,7.74,71.1,-51.19,,,,,
6487,8/23/2026 21:51,7.73,71.24,-50.81,,,,,
6488,8/23/2026 22:06,7.74,71.24,-51.74,,,,,
6489,8/23/2026 22:21,7.74,71.24,-51.39,,,,,
6490,8/23/2026 22:36,7.71,71.28,-49.91,,,,,
6491,8/23/2026 22:51,7.67,71.37,-47.6,,,,,
6492,8/23/2026 23:06,7.62,71.4,-44.49,,,,,
6493,8/23/2026 23:21,7.56,71.49,-41.42,,,,,
6494,8/23/2026 23:36,7.52,71.58,-39.06,,,,,
6495,8/23/2026 23:51,7.47,71.65,-36.24,,,,,
6496,8/24/2026 0:06,7.42,71.71,-33.63,,,,,
6497,8/24/2026 0:21,7.38,71.71,-31.55,,,,,
6498,8/24/2026 0:36,7.34,71.71,-28.8,,,,,
6499,8/24/2026 0:51,7.29,71.65,-26.13,,,,,
6500,8/24/2026 1:06,7.24,71.58,-23.39,,,,,
6501,8/24/2026 1:21,7.2,71.53,-21.08,,,,,
6502,8/24/2026 1:36,7.18,71.53,-19.84,,,,,
6503,8/24/2026 1:51,7.16,71.53,-18.91,,,,,
6504,8/24/2026 2:06,7.15,71.53,-18.58,,,,,
6505,8/24/2026 2:21,7.14,71.49,-17.98,,,,,
6506,8/24/2026 2:36,7.13,71.44,-17.06,,,,,
6507,8/24/2026 2:51,7.11,71.44,-16.44,,,,,
6508,8/24/2026 3:06,7.11,71.4,-15.89,,,,,
6509,8/24/2026 3:21,7.09,71.37,-15.14,,,,,
6510,8/24/2026 3:36,7.08,71.28,-14.47,,,,,
6511,8/24/2026 3:51,7.07,71.24,-13.92,,,,,
6512,8/24/2026 4:06,7.06,71.19,-13.3,,,,,
6513,8/24/2026 4:21,7.06,71.15,-13.16,,,,,
6514,8/24/2026 4:36,7.05,71.15,-13.02,,,,,
6515,8/24/2026 4:51,7.06,71.19,-13.28,,,,,
6516,8/24/2026 5:06,7.06,71.19,-13.47,,,,,
6517,8/24/2026 5:21,7.08,71.15,-14.28,,,,,
6518,8/24/2026 5:36,7.1,71.1,-15.72,,,,,
6519,8/24/2026 5:51,7.11,71.06,-16.02,,,,,
6520,8/24/2026 6:06,7.13,71.02,-17.19,,,,,
6521,8/24/2026 6:21,7.14,71.02,-17.63,,,,,
6522,8/24/2026 6:36,7.15,71.02,-18.16,,,,,
6523,8/24/2026 6:51,7.16,71.06,-18.98,,,,,
6524,8/24/2026 7:06,7.19,71.19,-20.42,,,,,
6525,8/24/2026 7:21,7.21,71.28,-21.89,,,,,
6526,8/24/2026 7:36,7.27,71.28,-25.33,,,,,
6527,8/24/2026 7:51,7.37,71.19,-30.99,,,,,
6528,8/24/2026 8:06,7.43,71.15,-34.28,,,,,
6529,8/24/2026 8:21,7.48,71.1,-37.13,,,,,
6530,8/24/2026 8:36,7.54,71.06,-40.14,,,,,
6531,8/24/2026 8:51,7.58,71.02,-42.28,,,,,
6532,8/24/2026 9:06,7.61,70.97,-44.17,,,,,
6533,8/24/2026 9:21,7.63,70.88,-45.25,,,,,
6534,8/24/2026 9:36,7.6,70.88,-43.77,,,,,
6535,8/24/2026 9:51,7.58,70.88,-42.74,,,,,
6536,8/24/2026 10:06,7.55,70.88,-40.64,,,,,
6537,8/24/2026 10:21,7.53,70.93,-39.47,,,,,
6538,8/24/2026 10:36,7.53,70.97,-39.84,,,,,
6539,8/24/2026 10:51,7.56,71.1,-41.45,,,,,
6540,8/24/2026 11:06,7.57,71.19,-41.67,,,,,
6541,8/24/2026 11:21,7.55,71.44,-40.75,,,,,
6542,8/24/2026 11:36,7.52,72.18,-39.16,,,,,
6543,8/24/2026 11:51,7.49,72.73,-37.58,,,,,
6544,8/24/2026 12:06,7.47,72.45,-36.59,,,,,
6545,8/24/2026 12:21,7.45,73.04,-35.47,,,,,
6546,8/24/2026 12:36,7.44,73.17,-34.52,,,,,
6547,8/24/2026 12:51,7.43,73.38,-34.39,,,,,
6548,8/24/2026 13:06,7.41,73.56,-32.83,,,,,
6549,8/24/2026 13:21,7.39,73.69,-31.8,,,,,
6550,8/24/2026 13:36,7.38,73.72,-31.24,,,,,
6551,8/24/2026 13:51,7.37,73.87,-30.67,,,,,
6552,8/24/2026 14:06,7.35,74.08,-29.69,,,,,
6553,8/24/2026 14:21,7.31,74.21,-27.53,,,,,
6554,8/24/2026 14:36,7.3,74.3,-26.8,,,,,
6555,8/24/2026 14:51,7.27,74.37,-25.41,,,,,
6556,8/24/2026 15:06,7.25,74.52,-24.27,,,,,
6557,8/24/2026 15:21,7.23,74.64,-22.95,,,,,
6558,8/24/2026 15:36,7.21,74.77,-21.84,,,,,
6559,8/24/2026 15:51,7.19,74.77,-20.63,,,,,
6560,8/24/2026 16:06,7.22,74.89,-22.41,,,,,
6561,8/24/2026 16:21,7.19,74.95,-20.49,,,,,
6562,8/24/2026 16:36,7.17,74.89,-19.67,,,,,
6563,8/24/2026 16:51,7.18,74.77,-20.02,,,,,
6564,8/24/2026 17:06,7.19,74.86,-20.56,,,,,
6565,8/24/2026 17:21,7.2,74.95,-21.39,,,,,
6566,8/24/2026 17:36,7.23,74.86,-23.09,,,,,
6567,8/24/2026 17:51,7.24,74.77,-23.61,,,,,
6568,8/24/2026 18:06,7.28,74.64,-25.81,,,,,
6569,8/24/2026 18:21,7.31,74.55,-27.45,,,,,
6570,8/24/2026 18:36,7.34,74.46,-28.99,,,,,
6571,8/24/2026 18:51,7.39,74.37,-31.97,,,,,
6572,8/24/2026 19:06,7.46,74.34,-36.14,,,,,
6573,8/24/2026 19:21,7.57,74.08,-42.28,,,,,
6574,8/24/2026 19:36,7.66,73.72,-47,,,,,
6575,8/24/2026 19:51,7.73,73.38,-51,,,,,
6576,8/24/2026 20:06,7.77,73.13,-53.58,,,,,
6577,8/24/2026 20:21,7.82,72.95,-56.25,,,,,
6578,8/24/2026 20:36,7.86,72.82,-58.42,,,,,
6579,8/24/2026 20:51,7.9,72.73,-60.35,,,,,
6580,8/24/2026 21:06,7.92,72.64,-61.49,,,,,
6581,8/24/2026 21:21,7.93,72.57,-62.3,,,,,
6582,8/24/2026 21:36,7.93,72.52,-62.36,,,,,
6583,8/24/2026 21:51,7.93,72.45,-62.14,,,,,
6584,8/24/2026 22:06,7.89,72.45,-60.13,,,,,
6585,8/24/2026 22:21,7.84,72.45,-56.97,,,,,
6586,8/24/2026 22:36,7.83,72.52,-56.5,,,,,
6587,8/24/2026 22:51,7.85,72.52,-57.78,,,,,
6588,8/24/2026 23:06,7.84,72.57,-57.13,,,,,
6589,8/24/2026 23:21,7.8,72.61,-54.69,,,,,
6590,8/24/2026 23:36,7.76,72.7,-52.52,,,,,
6591,8/24/2026 23:51,7.73,72.79,-50.85,,,,,
6592,8/25/2026 0:06,7.68,72.86,-48.17,,,,,
6593,8/25/2026 0:21,7.63,72.95,-45.6,,,,,
6594,8/25/2026 0:36,7.58,73.04,-42.63,,,,,
6595,8/25/2026 0:51,7.53,73.13,-39.64,,,,,
6596,8/25/2026 1:06,7.47,73.22,-36.53,,,,,
6597,8/25/2026 1:21,7.43,73.26,-34.14,,,,,
6598,8/25/2026 1:36,7.38,73.29,-31.36,,,,,
6599,8/25/2026 1:51,7.34,73.26,-28.91,,,,,
6600,8/25/2026 2:06,7.3,73.13,-27.03,,,,,
6601,8/25/2026 2:21,7.28,73.08,-25.61,,,,,
6602,8/25/2026 2:36,7.26,73.08,-24.38,,,,,
6603,8/25/2026 2:51,7.22,73.04,-22.45,,,,,
6604,8/25/2026 3:06,7.19,73,-20.5,,,,,
6605,8/25/2026 3:21,7.16,72.95,-19.13,,,,,
6606,8/25/2026 3:36,7.14,72.86,-17.88,,,,,
6607,8/25/2026 3:51,7.12,72.79,-16.55,,,,,
6608,8/25/2026 4:06,7.1,72.64,-15.59,,,,,
6609,8/25/2026 4:21,7.08,72.48,-14.72,,,,,
6610,8/25/2026 4:36,7.07,72.3,-14.08,,,,,
6611,8/25/2026 4:51,7.06,72.18,-13.41,,,,,
6612,8/25/2026 5:06,7.05,72.05,-12.95,,,,,
6613,8/25/2026 5:21,7.05,71.96,-12.7,,,,,
6614,8/25/2026 5:36,7.05,72.01,-12.64,,,,,
6615,8/25/2026 5:51,7.05,72.09,-12.92,,,,,
6616,8/25/2026 6:06,7.06,71.92,-13.53,,,,,
6617,8/25/2026 6:21,7.09,71.87,-14.94,,,,,
6618,8/25/2026 6:36,7.1,71.83,-15.56,,,,,
6619,8/25/2026 6:51,7.12,71.83,-16.86,,,,,
6620,8/25/2026 7:06,7.14,71.83,-18.05,,,,,
6621,8/25/2026 7:21,7.16,71.87,-18.83,,,,,
6622,8/25/2026 7:36,7.18,71.83,-19.98,,,,,
6623,8/25/2026 7:51,7.22,71.83,-22.19,,,,,
6624,8/25/2026 8:06,7.25,71.8,-24.19,,,,,
6625,8/25/2026 8:21,7.3,71.74,-26.99,,,,,
6626,8/25/2026 8:36,7.39,71.74,-32.02,,,,,
6627,8/25/2026 8:51,7.46,71.8,-35.88,,,,,
6628,8/25/2026 9:06,7.52,71.83,-39.22,,,,,
6629,8/25/2026 9:21,7.59,71.87,-43.16,,,,,
6630,8/25/2026 9:36,7.65,71.87,-46.53,,,,,
6631,8/25/2026 9:51,7.71,71.8,-49.77,,,,,
6632,8/25/2026 10:06,7.74,71.71,-51.38,,,,,
6633,8/25/2026 10:21,7.73,71.62,-50.86,,,,,
6634,8/25/2026 10:36,7.73,71.58,-50.94,,,,,
6635,8/25/2026 10:51,7.71,71.53,-49.75,,,,,
6636,8/25/2026 11:06,7.66,71.58,-47.06,,,,,
6637,8/25/2026 11:21,7.65,71.65,-46.49,,,,,
6638,8/25/2026 11:36,7.65,71.92,-46.7,,,,,
6639,8/25/2026 11:51,7.65,72.14,-46.5,,,,,
6640,8/25/2026 12:06,7.61,73.04,-44.24,,,,,
6641,8/25/2026 12:21,7.58,73.17,-42.58,,,,,
6642,8/25/2026 12:36,7.56,73.29,-41.7,,,,,
6643,8/25/2026 12:51,7.55,73.56,-40.78,,,,,
6644,8/25/2026 13:06,7.5,73.65,-38.31,,,,,
6645,8/25/2026 13:21,7.5,73.72,-37.92,,,,,
6646,8/25/2026 13:36,7.46,73.78,-35.78,,,,,
6647,8/25/2026 13:51,7.44,73.99,-34.61,,,,,
6648,8/25/2026 14:06,7.42,74.08,-33.41,,,,,
6649,8/25/2026 14:21,7.39,74.25,-32.22,,,,,
6650,8/25/2026 14:36,7.35,74.3,-29.92,,,,,
6651,8/25/2026 14:51,7.34,74.3,-29.09,,,,,
6652,8/25/2026 15:06,7.32,74.21,-28.02,,,,,
6653,8/25/2026 15:21,7.33,74.25,-28.33,,,,,
6654,8/25/2026 15:36,7.3,74.3,-26.88,,,,,
6655,8/25/2026 15:51,7.25,74.43,-24.03,,,,,
6656,8/25/2026 16:06,7.22,74.46,-22.3,,,,,
6657,8/25/2026 16:21,7.21,74.46,-21.91,,,,,
6658,8/25/2026 16:36,7.21,74.64,-21.58,,,,,
6659,8/25/2026 16:51,7.18,74.73,-20.25,,,,,
6660,8/25/2026 17:06,7.16,74.89,-18.83,,,,,
6661,8/25/2026 17:21,7.15,74.89,-18.67,,,,,
6662,8/25/2026 17:36,7.16,74.64,-18.89,,,,,
6663,8/25/2026 17:51,7.16,74.64,-19.23,,,,,
6664,8/25/2026 18:06,7.17,74.68,-19.33,,,,,
6665,8/25/2026 18:21,7.21,74.64,-22.11,,,,,
6666,8/25/2026 18:36,7.23,74.55,-22.94,,,,,
6667,8/25/2026 18:51,7.26,74.37,-24.53,,,,,
6668,8/25/2026 19:06,7.27,74.25,-25.44,,,,,
6669,8/25/2026 19:21,7.3,74.16,-27.06,,,,,
6670,8/25/2026 19:36,7.35,74.08,-29.56,,,,,
6671,8/25/2026 19:51,7.39,73.99,-32.06,,,,,
6672,8/25/2026 20:06,7.5,73.81,-38.09,,,,,
6673,8/25/2026 20:21,7.59,73.6,-43.17,,,,,
6674,8/25/2026 20:36,7.65,73.38,-46.78,,,,,
6675,8/25/2026 20:51,7.72,73.22,-50.74,,,,,
6676,8/25/2026 21:06,7.79,73.13,-54.25,,,,,
6677,8/25/2026 21:21,7.85,73.08,-57.6,,,,,
6678,8/25/2026 21:36,7.87,73.04,-59.11,,,,,
6679,8/25/2026 21:51,7.91,73,-60.89,,,,,
6680,8/25/2026 22:06,7.92,72.91,-61.46,,,,,
6681,8/25/2026 22:21,7.92,72.86,-61.96,,,,,
6682,8/25/2026 22:36,7.93,72.79,-62,,,,,
6683,8/25/2026 22:51,7.92,72.7,-61.56,,,,,
6684,8/25/2026 23:06,7.86,72.7,-58.2,,,,,
6685,8/25/2026 23:21,7.8,72.79,-54.8,,,,,
6686,8/25/2026 23:36,7.82,72.79,-56.16,,,,,
6687,8/25/2026 23:51,7.82,72.79,-56.35,,,,,
6688,8/26/2026 0:06,7.81,72.73,-55.36,,,,,
6689,8/26/2026 0:21,7.77,72.79,-53.36,,,,,
6690,8/26/2026 0:36,7.72,72.79,-50.42,,,,,
6691,8/26/2026 0:51,7.67,72.79,-47.42,,,,,
6692,8/26/2026 1:06,7.6,72.79,-43.83,,,,,
6693,8/26/2026 1:21,7.54,72.79,-40.22,,,,,
6694,8/26/2026 1:36,7.48,72.79,-37.25,,,,,
6695,8/26/2026 1:51,7.44,72.79,-34.78,,,,,
6696,8/26/2026 2:06,7.4,72.79,-32.47,,,,,
6697,8/26/2026 2:21,7.35,72.79,-29.86,,,,,
6698,8/26/2026 2:36,7.32,72.7,-27.7,,,,,
6699,8/26/2026 2:51,7.28,72.61,-25.66,,,,,
6700,8/26/2026 3:06,7.25,72.57,-24.24,,,,,
6701,8/26/2026 3:21,7.23,72.52,-23.08,,,,,
6702,8/26/2026 3:36,7.2,72.48,-21.38,,,,,
6703,8/26/2026 3:51,7.18,72.39,-20.25,,,,,
6704,8/26/2026 4:06,7.16,72.3,-18.84,,,,,
6705,8/26/2026 4:21,7.12,72.18,-16.89,,,,,
6706,8/26/2026 4:36,7.1,72.09,-15.77,,,,,
6707,8/26/2026 4:51,7.09,71.87,-15.16,,,,,
6708,8/26/2026 5:06,7.08,71.74,-14.45,,,,,
6709,8/26/2026 5:21,7.07,71.58,-13.89,,,,,
6710,8/26/2026 5:36,7.05,71.4,-12.98,,,,,
6711,8/26/2026 5:51,7.04,71.28,-12.13,,,,,
6712,8/26/2026 6:06,7.02,71.19,-11.33,,,,,
6713,8/26/2026 6:21,7.03,71.19,-11.88,,,,,
6714,8/26/2026 6:36,7.04,71.24,-12.23,,,,,
6715,8/26/2026 6:51,7.04,71.15,-12.38,,,,,
6716,8/26/2026 7:06,7.07,71.15,-13.8,,,,,
6717,8/26/2026 7:21,7.08,71.19,-14.56,,,,,
6718,8/26/2026 7:36,7.11,71.28,-16.05,,,,,
6719,8/26/2026 7:51,7.13,71.37,-17.31,,,,,
6720,8/26/2026 8:06,7.15,71.44,-18.33,,,,,
6721,8/26/2026 8:21,7.18,71.58,-19.84,,,,,
6722,8/26/2026 8:36,7.21,71.74,-21.56,,,,,
6723,8/26/2026 8:51,7.25,71.87,-23.81,,,,,
6724,8/26/2026 9:06,7.31,72.01,-27.56,,,,,
6725,8/26/2026 9:21,7.38,72.09,-31.52,,,,,
6726,8/26/2026 9:36,7.46,72.18,-35.64,,,,,
6727,8/26/2026 9:51,7.52,72.3,-39.42,,,,,
6728,8/26/2026 10:06,7.6,72.36,-43.61,,,,,
6729,8/26/2026 10:21,7.65,72.3,-46.5,,,,,
6730,8/26/2026 10:36,7.69,72.27,-48.53,,,,,
6731,8/26/2026 10:51,7.72,72.18,-50.45,,,,,
6732,8/26/2026 11:06,7.73,72.23,-50.74,,,,,
6733,8/26/2026 11:21,7.69,72.23,-48.99,,,,,
6734,8/26/2026 11:36,7.61,72.23,-44.3,,,,,
6735,8/26/2026 11:51,7.59,72.39,-43.1,,,,,
6736,8/26/2026 12:06,7.62,72.57,-44.86,,,,,
6737,8/26/2026 12:21,7.65,72.91,-46.47,,,,,
6738,8/26/2026 12:36,7.65,73.26,-46.75,,,,,
6739,8/26/2026 12:51,7.63,73.56,-45.33,,,,,
6740,8/26/2026 13:06,7.63,73.81,-45.49,,,,,
6741,8/26/2026 13:21,7.61,73.78,-44.24,,,,,
6742,8/26/2026 13:36,7.58,73.94,-42.89,,,,,
6743,8/26/2026 13:51,7.56,74.25,-41.35,,,,,
6744,8/26/2026 14:06,7.52,74.46,-39.28,,,,,
6745,8/26/2026 14:21,7.48,74.59,-36.84,,,,,
6746,8/26/2026 14:36,7.42,74.82,-33.77,,,,,
6747,8/26/2026 14:51,7.39,75.04,-31.88,,,,,
6748,8/26/2026 15:06,7.36,75.04,-30.56,,,,,
6749,8/26/2026 15:21,7.33,75.25,-28.77,,,,,
6750,8/26/2026 15:36,7.3,75.29,-27.2,,,,,
6751,8/26/2026 15:51,7.27,75.38,-25.44,,,,,
6752,8/26/2026 16:06,7.24,75.42,-23.75,,,,,
6753,8/26/2026 16:21,7.21,75.47,-21.88,,,,,
6754,8/26/2026 16:36,7.2,75.51,-21.56,,,,,
6755,8/26/2026 16:51,7.19,75.54,-20.58,,,,,
6756,8/26/2026 17:06,7.17,75.6,-19.67,,,,,
6757,8/26/2026 17:21,7.16,75.6,-18.84,,,,,
6758,8/26/2026 17:36,7.14,75.63,-17.84,,,,,
6759,8/26/2026 17:51,7.13,75.6,-17.19,,,,,
6760,8/26/2026 18:06,7.12,75.54,-16.94,,,,,
6761,8/26/2026 18:21,7.13,75.51,-17.45,,,,,
6762,8/26/2026 18:36,7.13,75.42,-17.5,,,,,
6763,8/26/2026 18:51,7.15,75.29,-18.3,,,,,
6764,8/26/2026 19:06,7.18,75.16,-20.16,,,,,
6765,8/26/2026 19:21,7.19,75.07,-20.89,,,,,
6766,8/26/2026 19:36,7.23,75.04,-22.8,,,,,
6767,8/26/2026 19:51,7.25,74.98,-24.22,,,,,
6768,8/26/2026 20:06,7.28,74.95,-25.58,,,,,
6769,8/26/2026 20:21,7.31,74.82,-27.69,,,,,
6770,8/26/2026 20:36,7.35,74.59,-29.75,,,,,
6771,8/26/2026 20:51,7.45,74.34,-35.09,,,,,
6772,8/26/2026 21:06,7.52,74.16,-39.16,,,,,
6773,8/26/2026 21:21,7.56,74.03,-41.36,,,,,
6774,8/26/2026 21:36,7.63,73.94,-45.53,,,,,
6775,8/26/2026 21:51,7.7,73.78,-49.67,,,,,
6776,8/26/2026 22:06,7.75,73.69,-52.31,,,,,
6777,8/26/2026 22:21,7.78,73.6,-54.05,,,,,
6778,8/26/2026 22:36,7.81,73.51,-55.74,,,,,
6779,8/26/2026 22:51,7.82,73.47,-56.24,,,,,
6780,8/26/2026 23:06,7.82,73.47,-56.42,,,,,
6781,8/26/2026 23:21,7.83,73.44,-56.83,,,,,
6782,8/26/2026 23:36,7.81,73.38,-55.52,,,,,
6783,8/26/2026 23:51,7.74,73.38,-51.39,,,,,
6784,8/27/2026 0:06,7.67,73.44,-47.7,,,,,
6785,8/27/2026 0:21,7.67,73.38,-47.72,,,,,
6786,8/27/2026 0:36,7.67,73.38,-47.67,,,,,
6787,8/27/2026 0:51,7.65,73.38,-46.74,,,,,
6788,8/27/2026 1:06,7.64,73.44,-45.95,,,,,
6789,8/27/2026 1:21,7.6,73.47,-43.95,,,,,
6790,8/27/2026 1:36,7.56,73.51,-41.69,,,,,
6791,8/27/2026 1:51,7.53,73.51,-39.58,,,,,
6792,8/27/2026 2:06,7.46,73.51,-36.03,,,,,
6793,8/27/2026 2:21,7.42,73.51,-33.86,,,,,
6794,8/27/2026 2:36,7.38,73.51,-31.25,,,,,
6795,8/27/2026 2:51,7.34,73.47,-29.24,,,,,
6796,8/27/2026 3:06,7.31,73.38,-27.31,,,,,
6797,8/27/2026 3:21,7.27,73.29,-25.09,,,,,
6798,8/27/2026 3:36,7.24,73.29,-23.33,,,,,
6799,8/27/2026 3:51,7.21,73.26,-21.77,,,,,
6800,8/27/2026 4:06,7.19,73.29,-20.44,,,,,
6801,8/27/2026 4:21,7.17,73.26,-19.59,,,,,
6802,8/27/2026 4:36,7.15,73.22,-18.52,,,,,
6803,8/27/2026 4:51,7.14,73.13,-17.66,,,,,
6804,8/27/2026 5:06,7.11,73.08,-16.42,,,,,
6805,8/27/2026 5:21,7.09,72.95,-15.3,,,,,
6806,8/27/2026 5:36,7.09,72.82,-14.92,,,,,
6807,8/27/2026 5:51,7.08,72.7,-14.33,,,,,
6808,8/27/2026 6:06,7.06,72.61,-13.58,,,,,
6809,8/27/2026 6:21,7.05,72.57,-12.89,,,,,
6810,8/27/2026 6:36,7.05,72.52,-12.61,,,,,
6811,8/27/2026 6:51,7.04,72.18,-12.47,,,,,
6812,8/27/2026 7:06,7.05,72.39,-12.86,,,,,
6813,8/27/2026 7:21,7.04,72.36,-12.39,,,,,
6814,8/27/2026 7:36,7.04,72.3,-12.36,,,,,
6815,8/27/2026 7:51,7.06,72.45,-13.22,,,,,
6816,8/27/2026 8:06,7.09,72.48,-14.8,,,,,
6817,8/27/2026 8:21,7.11,72.64,-16.09,,,,,
6818,8/27/2026 8:36,7.12,72.82,-16.89,,,,,
6819,8/27/2026 8:51,7.14,72.86,-17.86,,,,,
6820,8/27/2026 9:06,7.17,72.95,-19.58,,,,,
6821,8/27/2026 9:21,7.21,73.08,-21.86,,,,,
6822,8/27/2026 9:36,7.28,73.17,-25.67,,,,,
6823,8/27/2026 9:51,7.36,73.22,-30.3,,,,,
6824,8/27/2026 10:06,7.41,73.29,-33.27,,,,,
6825,8/27/2026 10:21,7.48,73.35,-36.97,,,,,
6826,8/27/2026 10:36,7.56,73.26,-41.33,,,,,
6827,8/27/2026 10:51,7.61,73.17,-44.53,,,,,
6828,8/27/2026 11:06,7.65,73.13,-46.66,,,,,
6829,8/27/2026 11:21,7.66,73.13,-47.24,,,,,
6830,8/27/2026 11:36,7.65,73.17,-46.81,,,,,
6831,8/27/2026 11:51,7.63,73.22,-45.49,,,,,
6832,8/27/2026 12:06,7.61,73.22,-44.13,,,,,
6833,8/27/2026 12:21,7.55,73.26,-40.81,,,,,
6834,8/27/2026 12:36,7.52,73.47,-39.05,,,,,
6835,8/27/2026 12:51,7.52,73.72,-39.33,,,,,
6836,8/27/2026 13:06,7.54,73.9,-40.42,,,,,
6837,8/27/2026 13:21,7.52,74.08,-39.53,,,,,
6838,8/27/2026 13:36,7.52,74.21,-39.44,,,,,
6839,8/27/2026 13:51,7.51,74.34,-38.83,,,,,
6840,8/27/2026 14:06,7.49,74.55,-37.61,,,,,
6841,8/27/2026 14:21,7.46,74.64,-36.19,,,,,
6842,8/27/2026 14:36,7.45,74.73,-35.11,,,,,
6843,8/27/2026 14:51,7.41,74.73,-33.14,,,,,
6844,8/27/2026 15:06,7.38,74.86,-31.36,,,,,
6845,8/27/2026 15:21,7.35,74.95,-29.59,,,,,
6846,8/27/2026 15:36,7.31,75.11,-27.55,,,,,
6847,8/27/2026 15:51,7.27,75.2,-25.17,,,,,
6848,8/27/2026 16:06,7.25,75.25,-24.3,,,,,
6849,8/27/2026 16:21,7.25,75.29,-23.86,,,,,
6850,8/27/2026 16:36,7.22,75.33,-22.5,,,,,
6851,8/27/2026 16:51,7.21,75.29,-21.77,,,,,
6852,8/27/2026 17:06,7.18,75.33,-20.31,,,,,
6853,8/27/2026 17:21,7.16,75.38,-19.2,,,,,
6854,8/27/2026 17:36,7.15,75.33,-18.66,,,,,
6855,8/27/2026 17:51,7.13,75.33,-17.41,,,,,
6856,8/27/2026 18:06,7.13,75.25,-17.23,,,,,
6857,8/27/2026 18:21,7.11,75.2,-16.44,,,,,
6858,8/27/2026 18:36,7.11,75.11,-16.38,,,,,
6859,8/27/2026 18:51,7.1,74.95,-15.72,,,,,
6860,8/27/2026 19:06,7.12,74.98,-17.03,,,,,
6861,8/27/2026 19:21,7.13,74.95,-17.08,,,,,
6862,8/27/2026 19:36,7.14,74.77,-17.94,,,,,
6863,8/27/2026 19:51,7.16,74.64,-19.27,,,,,
6864,8/27/2026 20:06,7.18,74.55,-20.31,,,,,
6865,8/27/2026 20:21,7.21,74.46,-21.63,,,,,
6866,8/27/2026 20:36,7.23,74.52,-22.92,,,,,
6867,8/27/2026 20:51,7.25,74.43,-24.33,,,,,
6868,8/27/2026 21:06,7.29,74.21,-26.55,,,,,
6869,8/27/2026 21:21,7.35,73.99,-29.55,,,,,
6870,8/27/2026 21:36,7.41,73.9,-33.24,,,,,
6871,8/27/2026 21:51,7.45,73.81,-35.16,,,,,
6872,8/27/2026 22:06,7.51,73.81,-38.56,,,,,
6873,8/27/2026 22:21,7.6,73.72,-43.52,,,,,
6874,8/27/2026 22:36,7.67,73.51,-47.67,,,,,
6875,8/27/2026 22:51,7.71,73.38,-50.16,,,,,
6876,8/27/2026 23:06,7.75,73.26,-52.35,,,,,
6877,8/27/2026 23:21,7.77,73.26,-53.35,,,,,
6878,8/27/2026 23:36,7.79,73.26,-54.42,,,,,
6879,8/27/2026 23:51,7.81,73.26,-55.35,,,,,
6880,8/28/2026 0:06,7.82,73.26,-56.05,,,,,
6881,8/28/2026 0:21,7.83,73.22,-56.5,,,,,
6882,8/28/2026 0:36,7.79,73.22,-54.3,,,,,
6883,8/28/2026 0:51,7.74,73.22,-51.58,,,,,
6884,8/28/2026 1:06,7.73,73.22,-51.28,,,,,
6885,8/28/2026 1:21,7.72,73.17,-50.36,,,,,
6886,8/28/2026 1:36,7.69,73.17,-48.83,,,,,
6887,8/28/2026 1:51,7.65,73.22,-46.61,,,,,
6888,8/28/2026 2:06,7.61,73.26,-44.16,,,,,
6889,8/28/2026 2:21,7.56,73.29,-41.5,,,,,
6890,8/28/2026 2:36,7.5,73.29,-38.17,,,,,
6891,8/28/2026 2:51,7.43,73.29,-34.06,,,,,
6892,8/28/2026 3:06,7.38,73.26,-31.45,,,,,
6893,8/28/2026 3:21,7.34,73.26,-29.14,,,,,
6894,8/28/2026 3:36,7.31,73.26,-27.24,,,,,
6895,8/28/2026 3:51,7.28,73.22,-25.63,,,,,
6896,8/28/2026 4:06,7.24,73.08,-23.69,,,,,
6897,8/28/2026 4:21,7.21,73.04,-22.08,,,,,
6898,8/28/2026 4:36,7.18,73.04,-20.31,,,,,
6899,8/28/2026 4:51,7.17,73.04,-19.33,,,,,
6900,8/28/2026 5:06,7.15,73.04,-18.23,,,,,
6901,8/28/2026 5:21,7.12,73,-16.58,,,,,
6902,8/28/2026 5:36,7.1,73,-15.72,,,,,
6903,8/28/2026 5:51,7.08,72.95,-14.73,,,,,
6904,8/28/2026 6:06,7.06,72.91,-13.41,,,,,
6905,8/28/2026 6:21,7.04,72.82,-12.34,,,,,
6906,8/28/2026 6:36,7.03,72.79,-11.8,,,,,
6907,8/28/2026 6:51,7.02,72.79,-11.2,,,,,
6908,8/28/2026 7:06,7.02,72.79,-10.97,,,,,
6909,8/28/2026 7:21,7.02,72.82,-11.03,,,,,
6910,8/28/2026 7:36,7.01,72.82,-10.33,,,,,
6911,8/28/2026 7:51,7.01,72.73,-10.78,,,,,
6912,8/28/2026 8:06,7.01,72.7,-10.28,,,,,
6913,8/28/2026 8:21,7.02,72.79,-10.84,,,,,
6914,8/28/2026 8:36,7.04,72.91,-12.25,,,,,
6915,8/28/2026 8:51,7.06,73.04,-13.58,,,,,
6916,8/28/2026 9:06,7.08,73.17,-14.72,,,,,
6917,8/28/2026 9:21,7.11,73.22,-16.02,,,,,
6918,8/28/2026 9:36,7.15,73.35,-18.36,,,,,
6919,8/28/2026 9:51,7.2,73.47,-21.09,,,,,
6920,8/28/2026 10:06,7.26,73.6,-24.88,,,,,
6921,8/28/2026 10:21,7.33,73.69,-28.49,,,,,
6922,8/28/2026 10:36,7.39,73.81,-31.91,,,,,
6923,8/28/2026 10:51,7.46,73.87,-35.8,,,,,
6924,8/28/2026 11:06,7.54,73.9,-40.49,,,,,
6925,8/28/2026 11:21,7.6,74.08,-44.06,,,,,
6926,8/28/2026 11:36,7.64,74.12,-45.91,,,,,
6927,8/28/2026 11:51,7.66,74.16,-47.16,,,,,
6928,8/28/2026 12:06,7.66,74.12,-47.45,,,,,
6929,8/28/2026 12:21,7.67,74.03,-47.75,,,,,
6930,8/28/2026 12:36,7.65,73.99,-46.69,,,,,
6931,8/28/2026 12:51,7.59,73.94,-43.16,,,,,
6932,8/28/2026 13:06,7.54,73.99,-40.22,,,,,
6933,8/28/2026 13:21,7.52,74.37,-39.39,,,,,
6934,8/28/2026 13:36,7.52,74.68,-39.33,,,,,
6935,8/28/2026 13:51,7.53,74.89,-40.16,,,,,
6936,8/28/2026 14:06,7.52,74.89,-39.36,,,,,
6937,8/28/2026 14:21,7.51,75.04,-38.83,,,,,
6938,8/28/2026 14:36,7.49,75.04,-37.47,,,,,
6939,8/28/2026 14:51,7.46,75.2,-36.22,,,,,
6940,8/28/2026 15:06,7.43,75.25,-34.03,,,,,
6941,8/28/2026 15:21,7.4,75.33,-32.77,,,,,
6942,8/28/2026 15:36,7.38,75.47,-31.39,,,,,
6943,8/28/2026 15:51,7.36,75.54,-30.36,,,,,
6944,8/28/2026 16:06,7.31,75.85,-27.44,,,,,
6945,8/28/2026 16:21,7.25,76.06,-24.24,,,,,
6946,8/28/2026 16:36,7.21,76.03,-21.92,,,,,
6947,8/28/2026 16:51,7.21,75.99,-21.92,,,,,
6948,8/28/2026 17:06,7.19,76.06,-20.97,,,,,
6949,8/28/2026 17:21,7.16,76.03,-19.25,,,,,
6950,8/28/2026 17:36,7.13,75.99,-17.55,,,,,
6951,8/28/2026 17:51,7.12,75.9,-16.7,,,,,
6952,8/28/2026 18:06,7.1,75.9,-15.66,,,,,
6953,8/28/2026 18:21,7.07,75.9,-14.22,,,,,
6954,8/28/2026 18:36,7.06,75.94,-13.3,,,,,
6955,8/28/2026 18:51,7.05,75.9,-12.77,,,,,
6956,8/28/2026 19:06,7.03,75.85,-11.7,,,,,
6957,8/28/2026 19:21,7.02,75.78,-11.34,,,,,
6958,8/28/2026 19:36,7.02,75.69,-11.36,,,,,
6959,8/28/2026 19:51,7.05,75.72,-12.63,,,,,
6960,8/28/2026 20:06,7.05,75.72,-12.63,,,,,
6961,8/28/2026 20:21,7.07,75.63,-13.86,,,,,
6962,8/28/2026 20:36,7.09,75.6,-15.11,,,,,
6963,8/28/2026 20:51,7.11,75.51,-16.22,,,,,
6964,8/28/2026 21:06,7.13,75.42,-17.34,,,,,
6965,8/28/2026 21:21,7.15,75.42,-18.52,,,,,
6966,8/28/2026 21:36,7.19,75.25,-20.64,,,,,
6967,8/28/2026 21:51,7.23,75.07,-22.77,,,,,
6968,8/28/2026 22:06,7.3,74.89,-26.86,,,,,
6969,8/28/2026 22:21,7.36,74.77,-30.14,,,,,
6970,8/28/2026 22:36,7.4,74.64,-32.72,,,,,
6971,8/28/2026 22:51,7.47,74.52,-36.66,,,,,
6972,8/28/2026 23:06,7.56,74.37,-41.44,,,,,
6973,8/28/2026 23:21,7.61,74.25,-44.33,,,,,
6974,8/28/2026 23:36,7.65,74.16,-46.45,,,,,
6975,8/28/2026 23:51,7.68,74.03,-48.33,,,,,
6976,8/29/2026 0:06,7.7,73.94,-49.27,,,,,
6977,8/29/2026 0:21,7.71,73.87,-50.13,,,,,
6978,8/29/2026 0:36,7.73,73.72,-51.2,,,,,
6979,8/29/2026 0:51,7.73,73.69,-51,,,,,
6980,8/29/2026 1:06,7.73,73.65,-50.89,,,,,
6981,8/29/2026 1:21,7.66,73.65,-47.16,,,,,
6982,8/29/2026 1:36,7.65,73.69,-46.49,,,,,
6983,8/29/2026 1:51,7.66,73.65,-47.31,,,,,
6984,8/29/2026 2:06,7.65,73.72,-46.6,,,,,
6985,8/29/2026 2:21,7.61,73.78,-44.3,,,,,
6986,8/29/2026 2:36,7.55,73.78,-41,,,,,
6987,8/29/2026 2:51,7.48,73.69,-37.24,,,,,
6988,8/29/2026 3:06,7.41,73.69,-32.83,,,,,
6989,8/29/2026 3:21,7.36,73.65,-30.06,,,,,
6990,8/29/2026 3:36,7.32,73.6,-27.97,,,,,
6991,8/29/2026 3:51,7.28,73.56,-25.92,,,,,
6992,8/29/2026 4:06,7.25,73.51,-24.22,,,,,
6993,8/29/2026 4:21,7.22,73.47,-22.55,,,,,
6994,8/29/2026 4:36,7.19,73.35,-20.88,,,,,
6995,8/29/2026 4:51,7.17,73.26,-19.55,,,,,
6996,8/29/2026 5:06,7.15,73.08,-18.2,,,,,
6997,8/29/2026 5:21,7.11,73.04,-16.36,,,,,
6998,8/29/2026 5:36,7.1,72.95,-15.45,,,,,
6999,8/29/2026 5:51,7.07,72.82,-13.97,,,,,
7000,8/29/2026 6:06,7.05,72.7,-12.94,,,,,
7001,8/29/2026 6:21,7.03,72.52,-11.92,,,,,
7002,8/29/2026 6:36,7.02,72.36,-11.17,,,,,
7003,8/29/2026 6:51,7.01,72.09,-10.5,,,,,
7004,8/29/2026 7:06,7.04,71.92,-12.25,,,,,
7005,8/29/2026 7:21,7.03,71.71,-11.64,,,,,
7006,8/29/2026 7:36,7.03,71.71,-11.89,,,,,
7007,8/29/2026 7:51,7.07,71.71,-13.91,,,,,
7008,8/29/2026 8:06,7.08,71.71,-14.5,,,,,
7009,8/29/2026 8:21,7.08,71.8,-14.66,,,,,
7010,8/29/2026 8:36,7.07,71.8,-13.72,,,,,
7011,8/29/2026 8:51,7.07,71.74,-14.06,,,,,
7012,8/29/2026 9:06,7.08,71.92,-14.59,,,,,
7013,8/29/2026 9:21,7.07,72.14,-14.11,,,,,
7014,8/29/2026 9:36,7.08,72.45,-14.55,,,,,
7015,8/29/2026 9:51,7.09,72.64,-15.09,,,,,
7016,8/29/2026 10:06,7.12,72.79,-16.66,,,,,
7017,8/29/2026 10:21,7.17,73.04,-19.44,,,,,
7018,8/29/2026 10:36,7.23,73.22,-22.95,,,,,
7019,8/29/2026 10:51,7.29,73.38,-26.52,,,,,
7020,8/29/2026 11:06,7.35,73.51,-29.45,,,,,
7021,8/29/2026 11:21,7.41,73.65,-33.3,,,,,
7022,8/29/2026 11:36,7.52,73.47,-39.06,,,,,
7023,8/29/2026 11:51,7.59,73.29,-42.95,,,,,
7024,8/29/2026 12:06,7.63,73.29,-45.58,,,,,
7025,8/29/2026 12:21,7.65,73.35,-46.75,,,,,
7026,8/29/2026 12:36,7.68,73.38,-48.27,,,,,
7027,8/29/2026 12:51,7.7,73.44,-49.22,,,,,
7028,8/29/2026 13:06,7.7,73.44,-49.2,,,,,
7029,8/29/2026 13:21,7.68,73.47,-48.31,,,,,
7030,8/29/2026 13:36,7.6,73.51,-43.77,,,,,
7031,8/29/2026 13:51,7.59,73.6,-43.39,,,,,
7032,8/29/2026 14:06,7.63,73.87,-45.22,,,,,
7033,8/29/2026 14:21,7.65,74.08,-46.64,,,,,
7034,8/29/2026 14:36,7.65,74.34,-46.63,,,,,
7035,8/29/2026 14:51,7.63,74.46,-45.39,,,,,
7036,8/29/2026 15:06,7.59,74.64,-43.33,,,,,
7037,8/29/2026 15:21,7.55,74.73,-41.02,,,,,
7038,8/29/2026 15:36,7.51,74.95,-38.95,,,,,
7039,8/29/2026 15:51,7.47,75.04,-36.63,,,,,
7040,8/29/2026 16:06,7.43,75.2,-34.34,,,,,
7041,8/29/2026 16:21,7.4,75.29,-32.34,,,,,
7042,8/29/2026 16:36,7.36,75.38,-30.28,,,,,
7043,8/29/2026 16:51,7.32,75.69,-27.97,,,,,
7044,8/29/2026 17:06,7.29,75.72,-26.11,,,,,
7045,8/29/2026 17:21,7.27,75.6,-25.06,,,,,
7046,8/29/2026 17:36,7.24,75.6,-23.45,,,,,
7047,8/29/2026 17:51,7.21,75.47,-22.05,,,,,
7048,8/29/2026 18:06,7.19,75.33,-20.58,,,,,
7049,8/29/2026 18:21,7.16,75.2,-19.02,,,,,
7050,8/29/2026 18:36,7.14,75.11,-18.13,,,,,
7051,8/29/2026 18:51,7.11,75.04,-16.39,,,,,
7052,8/29/2026 19:06,7.1,74.86,-15.72,,,,,
7053,8/29/2026 19:21,7.09,74.64,-15.02,,,,,
7054,8/29/2026 19:36,7.08,74.46,-14.23,,,,,
7055,8/29/2026 19:51,7.06,74.34,-13.23,,,,,
7056,8/29/2026 20:06,7.05,74.21,-12.69,,,,,
7057,8/29/2026 20:21,7.04,74.12,-12.3,,,,,
7058,8/29/2026 20:36,7.06,74.16,-13.27,,,,,
7059,8/29/2026 20:51,7.06,74.08,-13.27,,,,,
7060,8/29/2026 21:06,7.08,73.94,-14.38,,,,,
7061,8/29/2026 21:21,7.1,73.9,-15.5,,,,,
7062,8/29/2026 21:36,7.13,73.81,-17.25,,,,,
7063,8/29/2026 21:51,7.15,73.72,-18.28,,,,,
7064,8/29/2026 22:06,7.16,73.69,-19.23,,,,,
7065,8/29/2026 22:21,7.19,73.6,-20.86,,,,,
7066,8/29/2026 22:36,7.25,73.44,-23.78,,,,,
7067,8/29/2026 22:51,7.3,73.26,-26.77,,,,,
7068,8/29/2026 23:06,7.36,73.22,-30.14,,,,,
7069,8/29/2026 23:21,7.4,73.13,-32.45,,,,,
7070,8/29/2026 23:36,7.48,73.08,-37.22,,,,,
7071,8/29/2026 23:51,7.58,72.82,-42.78,,,,,
7072,8/30/2026 0:06,7.64,72.52,-45.97,,,,,
7073,8/30/2026 0:21,7.67,72.36,-47.63,,,,,
7074,8/30/2026 0:36,7.7,72.27,-49.05,,,,,
7075,8/30/2026 0:51,7.72,72.27,-50.2,,,,,
7076,8/30/2026 1:06,7.74,72.23,-51.28,,,,,
7077,8/30/2026 1:21,7.75,72.23,-51.91,,,,,
7078,8/30/2026 1:36,7.75,72.23,-52.24,,,,,
7079,8/30/2026 1:51,7.71,72.23,-50.13,,,,,
7080,8/30/2026 2:06,7.67,72.18,-47.6,,,,,
7081,8/30/2026 2:21,7.67,72.09,-47.6,,,,,
7082,8/30/2026 2:36,7.66,72.05,-47.08,,,,,
7083,8/30/2026 2:51,7.62,72.09,-45.05,,,,,
7084,8/30/2026 3:06,7.58,72.14,-42.33,,,,,
7085,8/30/2026 3:21,7.52,72.23,-39.02,,,,,
7086,8/30/2026 3:36,7.47,72.27,-36.5,,,,,
7087,8/30/2026 3:51,7.41,72.18,-33.02,,,,,
7088,8/30/2026 4:06,7.37,72.14,-30.94,,,,,
7089,8/30/2026 4:21,7.34,72.09,-28.83,,,,,
7090,8/30/2026 4:36,7.31,72.01,-27.41,,,,,
7091,8/30/2026 4:51,7.28,71.96,-25.84,,,,,
7092,8/30/2026 5:06,7.26,71.87,-24.42,,,,,
7093,8/30/2026 5:21,7.23,71.8,-23.14,,,,,
7094,8/30/2026 5:36,7.21,71.65,-22.03,,,,,
7095,8/30/2026 5:51,7.19,71.58,-20.83,,,,,
7096,8/30/2026 6:06,7.17,71.44,-19.31,,,,,
7097,8/30/2026 6:21,7.15,71.31,-18.16,,,,,
7098,8/30/2026 6:36,7.13,71.19,-17.08,,,,,
7099,8/30/2026 6:51,7.11,71.02,-16.22,,,,,
7100,8/30/2026 7:06,7.1,70.81,-15.67,,,,,
7101,8/30/2026 7:21,7.1,70.68,-15.34,,,,,
7102,8/30/2026 7:36,7.09,70.59,-14.95,,,,,
7103,8/30/2026 7:51,7.06,70.5,-13.59,,,,,
7104,8/30/2026 8:06,7.09,70.47,-14.84,,,,,
7105,8/30/2026 8:21,7.1,70.41,-15.55,,,,,
7106,8/30/2026 8:36,7.14,70.59,-17.91,,,,,
7107,8/30/2026 8:51,7.14,70.63,-17.69,,,,,
7108,8/30/2026 9:06,7.13,70.41,-17.16,,,,,
7109,8/30/2026 9:21,7.12,70.38,-16.56,,,,,
7110,8/30/2026 9:36,7.11,70.68,-16.2,,,,,
7111,8/30/2026 9:51,7.11,70.88,-15.97,,,,,
7112,8/30/2026 10:06,7.14,71.28,-17.75,,,,,
7113,8/30/2026 10:21,7.15,71.44,-18.48,,,,,
7114,8/30/2026 10:36,7.18,71.8,-19.92,,,,,
7115,8/30/2026 10:51,7.23,72.09,-22.67,,,,,
7116,8/30/2026 11:06,7.27,72.27,-25.39,,,,,
7117,8/30/2026 11:21,7.34,72.39,-29.09,,,,,
7118,8/30/2026 11:36,7.41,72.45,-32.83,,,,,
7119,8/30/2026 11:51,7.47,72.52,-36.27,,,,,
7120,8/30/2026 12:06,7.57,72.39,-41.74,,,,,
7121,8/30/2026 12:21,7.63,72.39,-45.14,,,,,
7122,8/30/2026 12:36,7.67,72.45,-47.39,,,,,
7123,8/30/2026 12:51,7.69,72.45,-48.97,,,,,
7124,8/30/2026 13:06,7.71,72.45,-49.94,,,,,
7125,8/30/2026 13:21,7.72,72.39,-50.55,,,,,
7126,8/30/2026 13:36,7.74,72.27,-51.28,,,,,
7127,8/30/2026 13:51,7.74,72.18,-51.28,,,,,
7128,8/30/2026 14:06,7.71,72.09,-49.97,,,,,
7129,8/30/2026 14:21,7.66,72.18,-47.1,,,,,
7130,8/30/2026 14:36,7.67,72.61,-47.47,,,,,
7131,8/30/2026 14:51,7.68,72.73,-48.22,,,,,
7132,8/30/2026 15:06,7.67,72.86,-47.85,,,,,
7133,8/30/2026 15:21,7.65,72.91,-46.64,,,,,
7134,8/30/2026 15:36,7.62,73,-44.83,,,,,
7135,8/30/2026 15:51,7.59,73.08,-42.94,,,,,
7136,8/30/2026 16:06,7.55,73.17,-40.83,,,,,
7137,8/30/2026 16:21,7.51,73.26,-38.44,,,,,
7138,8/30/2026 16:36,7.47,73.35,-36.58,,,,,
7139,8/30/2026 16:51,7.44,73.38,-34.89,,,,,
7140,8/30/2026 17:06,7.39,73.6,-32.08,,,,,
7141,8/30/2026 17:21,7.34,73.69,-29.27,,,,,
7142,8/30/2026 17:36,7.3,73.87,-26.89,,,,,
7143,8/30/2026 17:51,7.26,73.72,-24.89,,,,,
7144,8/30/2026 18:06,7.26,73.56,-24.56,,,,,
7145,8/30/2026 18:21,7.23,73.56,-22.91,,,,,
7146,8/30/2026 18:36,7.21,73.44,-21.97,,,,,
7147,8/30/2026 18:51,7.19,73.38,-20.58,,,,,
7148,8/30/2026 19:06,7.17,73.29,-19.33,,,,,
7149,8/30/2026 19:21,7.15,73.22,-18.33,,,,,
7150,8/30/2026 19:36,7.12,73.17,-17,,,,,
7151,8/30/2026 19:51,7.11,73.08,-16.05,,,,,
7152,8/30/2026 20:06,7.09,73,-15.25,,,,,
7153,8/30/2026 20:21,7.07,72.91,-14.2,,,,,
7154,8/30/2026 20:36,7.06,72.86,-13.5,,,,,
7155,8/30/2026 20:51,7.06,72.64,-13.3,,,,,
7156,8/30/2026 21:06,7.05,72.57,-12.89,,,,,
7157,8/30/2026 21:21,7.06,72.73,-13.53,,,,,
7158,8/30/2026 21:36,7.07,72.79,-13.84,,,,,
7159,8/30/2026 21:51,7.09,72.64,-14.91,,,,,
7160,8/30/2026 22:06,7.11,72.7,-16.27,,,,,
7161,8/30/2026 22:21,7.14,72.64,-18.06,,,,,
7162,8/30/2026 22:36,7.17,72.64,-19.27,,,,,
7163,8/30/2026 22:51,7.19,72.64,-20.41,,,,,
7164,8/30/2026 23:06,7.22,72.61,-22.13,,,,,
7165,8/30/2026 23:21,7.26,72.57,-24.5,,,,,
7166,8/30/2026 23:36,7.31,72.48,-27.59,,,,,
7167,8/30/2026 23:51,7.36,72.39,-30.24,,,,,
7168,8/31/2026 0:06,7.42,72.27,-33.5,,,,,
7169,8/31/2026 0:21,7.5,72.09,-38,,,,,
7170,8/31/2026 0:36,7.55,71.92,-41.08,,,,,
7171,8/31/2026 0:51,7.59,71.71,-43.28,,,,,
7172,8/31/2026 1:06,7.62,71.58,-44.72,,,,,
7173,8/31/2026 1:21,7.63,71.49,-45.38,,,,,
7174,8/31/2026 1:36,7.64,71.44,-46,,,,,
7175,8/31/2026 1:51,7.67,71.37,-47.55,,,,,
7176,8/31/2026 2:06,7.67,71.31,-47.58,,,,,
7177,8/31/2026 2:21,7.65,71.28,-46.5,,,,,
7178,8/31/2026 2:36,7.59,71.31,-43.13,,,,,
7179,8/31/2026 2:51,7.59,71.31,-43.16,,,,,
7180,8/31/2026 3:06,7.59,71.37,-43.2,,,,,
7181,8/31/2026 3:21,7.58,71.4,-42.41,,,,,
7182,8/31/2026 3:36,7.55,71.49,-40.75,,,,,
7183,8/31/2026 3:51,7.51,71.58,-38.63,,,,,
7184,8/31/2026 4:06,7.48,71.58,-36.88,,,,,
7185,8/31/2026 4:21,7.44,71.62,-34.49,,,,,
7186,8/31/2026 4:36,7.4,71.62,-32.28,,,,,
7187,8/31/2026 4:51,7.36,71.62,-30.28,,,,,
7188,8/31/2026 5:06,7.33,71.58,-28.38,,,,,
7189,8/31/2026 5:21,7.29,71.53,-26.49,,,,,
7190,8/31/2026 5:36,7.27,71.44,-25.13,,,,,
7191,8/31/2026 5:51,7.24,71.28,-23.19,,,,,
7192,8/31/2026 6:06,7.21,71.15,-21.58,,,,,
7193,8/31/2026 6:21,7.18,71.1,-19.83,,,,,
7194,8/31/2026 6:36,7.16,71.1,-18.77,,,,,
7195,8/31/2026 6:51,7.15,71.06,-18.33,,,,,
7196,8/31/2026 7:06,7.15,70.97,-18.13,,,,,
7197,8/31/2026 7:21,7.12,70.88,-16.72,,,,,
7198,8/31/2026 7:36,7.11,70.75,-16.11,,,,,
7199,8/31/2026 7:51,7.12,70.72,-16.63,,,,,
7200,8/31/2026 8:06,7.14,70.63,-17.78,,,,,
7201,8/31/2026 8:21,7.14,70.68,-18,,,,,
7202,8/31/2026 8:36,7.14,70.81,-17.98,,,,,
7203,8/31/2026 8:51,7.17,70.93,-19.67,,,,,
7204,8/31/2026 9:06,7.22,71.06,-22.14,,,,,
7205,8/31/2026 9:21,7.23,71.31,-22.97,,,,,
7206,8/31/2026 9:36,7.19,71.1,-20.58,,,,,
7207,8/31/2026 9:51,7.16,71.24,-19.16,,,,,
7208,8/31/2026 10:06,7.15,71.4,-18.5,,,,,
7209,8/31/2026 10:21,7.14,71.53,-17.88,,,,,
7210,8/31/2026 10:36,7.15,71.87,-18.36,,,,,
7211,8/31/2026 10:51,7.17,72.01,-19.3,,,,,
7212,8/31/2026 11:06,7.19,72.27,-20.59,,,,,
7213,8/31/2026 11:21,7.22,72.52,-22.45,,,,,
7214,8/31/2026 11:36,7.29,72.64,-26.17,,,,,
7215,8/31/2026 11:51,7.35,72.73,-29.88,,,,,
7216,8/31/2026 12:06,7.41,72.79,-32.99,,,,,
7217,8/31/2026 12:21,7.47,72.73,-36.45,,,,,
7218,8/31/2026 12:36,7.56,72.57,-41.19,,,,,
7219,8/31/2026 12:51,7.62,72.61,-45.08,,,,,
7220,8/31/2026 13:06,7.67,72.73,-47.56,,,,,
7221,8/31/2026 13:21,7.71,72.79,-49.63,,,,,
7222,8/31/2026 13:36,7.74,72.7,-51.33,,,,,
7223,8/31/2026 13:51,7.76,72.52,-52.63,,,,,
7224,8/31/2026 14:06,7.78,72.3,-53.97,,,,,
7225,8/31/2026 14:21,7.79,72.18,-54.42,,,,,
7226,8/31/2026 14:36,7.8,72.05,-54.74,,,,,
7227,8/31/2026 14:51,7.78,72.01,-53.74,,,,,
7228,8/31/2026 15:06,7.72,72.05,-50.33,,,,,
7229,8/31/2026 15:21,7.73,72.36,-51.02,,,,,
7230,8/31/2026 15:36,7.74,72.95,-51.47,,,,,
7231,8/31/2026 15:51,7.72,73.35,-50.53,,,,,
7232,8/31/2026 16:06,7.69,73.51,-48.85,,,,,
7233,8/31/2026 16:21,7.66,73.69,-46.91,,,,,
7234,8/31/2026 16:36,7.61,73.78,-44.14,,,,,
7235,8/31/2026 16:51,7.57,73.87,-42.25,,,,,
7236,8/31/2026 17:06,7.54,73.99,-40.42,,,,,
7237,8/31/2026 17:21,7.51,74.08,-38.66,,,,,
7238,8/31/2026 17:36,7.47,74.3,-36.31,,,,,
7239,8/31/2026 17:51,7.41,74.59,-32.84,,,,,
7240,8/31/2026 18:06,7.35,74.89,-29.66,,,,,
7241,8/31/2026 18:21,7.3,74.98,-26.77,,,,,
7242,8/31/2026 18:36,7.25,75.04,-24.08,,,,,
7243,8/31/2026 18:51,7.24,74.64,-23.67,,,,,
7244,8/31/2026 19:06,7.23,74.46,-23.11,,,,,
7245,8/31/2026 19:21,7.22,74.3,-22.19,,,,,
7246,8/31/2026 19:36,7.19,74.21,-20.88,,,,,
7247,8/31/2026 19:51,7.16,74.08,-19.27,,,,,
7248,8/31/2026 20:06,7.15,73.94,-18.31,,,,,
7249,8/31/2026 20:21,7.13,73.81,-17.34,,,,,
7250,8/31/2026 20:36,7.11,73.69,-16.41,,,,,
7251,8/31/2026 20:51,7.1,73.6,-15.75,,,,,
7252,8/31/2026 21:06,7.08,73.51,-14.47,,,,,
7253,8/31/2026 21:21,7.06,73.44,-13.33,,,,,
7254,8/31/2026 21:36,7.06,73.35,-13.13,,,,,
7255,8/31/2026 21:51,7.05,73.29,-12.94,,,,,
7256,8/31/2026 22:06,7.07,73.47,-13.72,,,,,
7257,8/31/2026 22:21,7.07,73.44,-14.14,,,,,
7258,8/31/2026 22:36,7.1,73.26,-15.67,,,,,
7259,8/31/2026 22:51,7.12,73.22,-16.89,,,,,
7260,8/31/2026 23:06,7.15,73.13,-18.34,,,,,
7261,8/31/2026 23:21,7.17,73.08,-19.3,,,,,
7262,8/31/2026 23:36,7.19,73.04,-20.67,,,,,
7263,8/31/2026 23:51,7.23,72.86,-22.88,,,,,
7264,9/1/2026 0:06,7.27,72.61,-25.41,,,,,
7265,9/1/2026 0:21,7.33,72.36,-28.5,,,,,
7266,9/1/2026 0:36,7.39,72.18,-31.83,,,,,
7267,9/1/2026 0:51,7.45,72.05,-35.08,,,,,
7268,9/1/2026 1:06,7.54,71.74,-40.11,,,,,
7269,9/1/2026 1:21,7.6,71.49,-43.81,,,,,
7270,9/1/2026 1:36,7.64,71.24,-45.75,,,,,
7271,9/1/2026 1:51,7.66,71.06,-47.05,,,,,
7272,9/1/2026 2:06,7.69,70.97,-48.58,,,,,
7273,9/1/2026 2:21,7.7,70.93,-49.3,,,,,
7274,9/1/2026 2:36,7.71,70.88,-49.78,,,,,
7275,9/1/2026 2:51,7.71,70.84,-49.67,,,,,
7276,9/1/2026 3:06,7.67,70.84,-47.77,,,,,
7277,9/1/2026 3:21,7.65,70.93,-46.42,,,,,
7278,9/1/2026 3:36,7.65,70.93,-46.33,,,,,
7279,9/1/2026 3:51,7.63,70.97,-45.27,,,,,
7280,9/1/2026 4:06,7.61,71.02,-44.27,,,,,
7281,9/1/2026 4:21,7.58,71.1,-42.24,,,,,
7282,9/1/2026 4:36,7.54,71.24,-40.39,,,,,
7283,9/1/2026 4:51,7.5,71.37,-38.05,,,,,
7284,9/1/2026 5:06,7.46,71.4,-35.8,,,,,
7285,9/1/2026 5:21,7.41,71.49,-33.14,,,,,
7286,9/1/2026 5:36,7.37,71.49,-31.02,,,,,
7287,9/1/2026 5:51,7.34,71.53,-28.78,,,,,
7288,9/1/2026 6:06,7.3,71.58,-27.08,,,,,
7289,9/1/2026 6:21,7.27,71.49,-25.39,,,,,
7290,9/1/2026 6:36,7.24,71.4,-23.47,,,,,
7291,9/1/2026 6:51,7.21,71.28,-21.97,,,,,
7292,9/1/2026 7:06,7.19,71.28,-20.61,,,,,
7293,9/1/2026 7:21,7.16,71.31,-19.22,,,,,
7294,9/1/2026 7:36,7.15,71.37,-18.41,,,,,
7295,9/1/2026 7:51,7.13,71.37,-17.27,,,,,
7296,9/1/2026 8:06,7.11,71.31,-16.38,,,,,
7297,9/1/2026 8:21,7.1,71.28,-15.39,,,,,
7298,9/1/2026 8:36,7.07,71.24,-14.08,,,,,
7299,9/1/2026 8:51,7.07,71.02,-14.13,,,,,
7300,9/1/2026 9:06,7.09,70.75,-14.83,,,,,
7301,9/1/2026 9:21,7.08,70.59,-14.28,,,,,
7302,9/1/2026 9:36,7.07,70.54,-14.05,,,,,
7303,9/1/2026 9:51,7.06,70.5,-13.61,,,,,
7304,9/1/2026 10:06,7.06,70.38,-13.33,,,,,
7305,9/1/2026 10:21,7.05,70.5,-12.81,,,,,
7306,9/1/2026 10:36,7.05,70.5,-12.61,,,,,
7307,9/1/2026 10:51,7.08,70.72,-14.38,,,,,
7308,9/1/2026 11:06,7.1,70.88,-15.73,,,,,
7309,9/1/2026 11:21,7.13,70.97,-17.27,,,,,
7310,9/1/2026 11:36,7.14,71.02,-18.08,,,,,
7311,9/1/2026 11:51,7.17,71.1,-19.59,,,,,
7312,9/1/2026 12:06,7.22,71.24,-22.2,,,,,
7313,9/1/2026 12:21,7.28,71.19,-25.69,,,,,
7314,9/1/2026 12:36,7.35,71.19,-29.5,,,,,
7315,9/1/2026 12:51,7.4,71.19,-32.5,,,,,
7316,9/1/2026 13:06,7.47,71.02,-36.3,,,,,
7317,9/1/2026 13:21,7.53,70.75,-39.94,,,,,
7318,9/1/2026 13:36,7.58,70.63,-42.45,,,,,
7319,9/1/2026 13:51,7.63,70.5,-45.03,,,,,
7320,9/1/2026 14:06,7.66,70.47,-47.1,,,,,
7321,9/1/2026 14:21,7.69,70.41,-48.61,,,,,
7322,9/1/2026 14:36,7.72,70.38,-50.13,,,,,
7323,9/1/2026 14:51,7.73,70.25,-51.02,,,,,
7324,9/1/2026 15:06,7.74,70.2,-51.39,,,,,
7325,9/1/2026 15:21,7.74,70.16,-51.28,,,,,
7326,9/1/2026 15:36,7.73,70.11,-50.74,,,,,
7327,9/1/2026 15:51,7.68,70.2,-47.97,,,,,
7328,9/1/2026 16:06,7.68,70.29,-48.13,,,,,
7329,9/1/2026 16:21,7.69,70.54,-48.83,,,,,
7330,9/1/2026 16:36,7.66,70.68,-46.78,,,,,
7331,9/1/2026 16:51,7.61,70.75,-44.24,,,,,
7332,9/1/2026 17:06,7.56,70.88,-41.53,,,,,
7333,9/1/2026 17:21,7.52,71.02,-38.91,,,,,
7334,9/1/2026 17:36,7.47,71.1,-36.08,,,,,
7335,9/1/2026 17:51,7.42,71.19,-33.69,,,,,
7336,9/1/2026 18:06,7.38,71.24,-31.06,,,,,
7337,9/1/2026 18:21,7.32,71.31,-28.19,,,,,
7338,9/1/2026 18:36,7.27,71.37,-25.19,,,,,
7339,9/1/2026 18:51,7.22,71.4,-22.59,,,,,
7340,9/1/2026 19:06,7.19,71.4,-20.55,,,,,
7341,9/1/2026 19:21,7.16,71.37,-19.11,,,,,
7342,9/1/2026 19:36,7.14,71.31,-17.69,,,,,
7343,9/1/2026 19:51,7.11,71.28,-16.3,,,,,
7344,9/1/2026 20:06,7.09,71.19,-15.31,,,,,
7345,9/1/2026 20:21,7.08,71.15,-14.23,,,,,
7346,9/1/2026 20:36,7.05,71.06,-12.88,,,,,
7347,9/1/2026 20:51,7.02,71.02,-11.36,,,,,
7348,9/1/2026 21:06,7,70.93,-10.23,,,,,
7349,9/1/2026 21:21,6.99,70.81,-9.38,,,,,
7350,9/1/2026 21:36,6.97,70.72,-8.56,,,,,
7351,9/1/2026 21:51,6.97,70.63,-8.11,,,,,
7352,9/1/2026 22:06,6.97,70.59,-8.06,,,,,
7353,9/1/2026 22:21,6.96,70.5,-7.73,,,,,
7354,9/1/2026 22:36,6.96,70.41,-7.63,,,,,
7355,9/1/2026 22:51,6.95,70.47,-7.45,,,,,
7356,9/1/2026 23:06,6.95,70.41,-7.39,,,,,
7357,9/1/2026 23:21,6.98,70.5,-8.63,,,,,
7358,9/1/2026 23:36,7,70.54,-10.17,,,,,
7359,9/1/2026 23:51,7.02,70.5,-11.02,,,,,
7360,9/2/2026 0:06,7.04,70.5,-11.97,,,,,
7361,9/2/2026 0:21,7.05,70.5,-13.02,,,,,
7362,9/2/2026 0:36,7.08,70.59,-14.58,,,,,
7363,9/2/2026 0:51,7.15,70.72,-18.31,,,,,
7364,9/2/2026 1:06,7.22,70.68,-22.03,,,,,
7365,9/2/2026 1:21,7.27,70.59,-25.13,,,,,
7366,9/2/2026 1:36,7.32,70.5,-27.86,,,,,
7367,9/2/2026 1:51,7.38,70.41,-30.99,,,,,
7368,9/2/2026 2:06,7.43,70.2,-34.22,,,,,
7369,9/2/2026 2:21,7.48,69.98,-36.78,,,,,
7370,9/2/2026 2:36,7.51,69.85,-38.45,,,,,
7371,9/2/2026 2:51,7.53,69.76,-39.66,,,,,
7372,9/2/2026 3:06,7.53,69.73,-39.45,,,,,
7373,9/2/2026 3:21,7.53,69.69,-39.5,,,,,
7374,9/2/2026 3:36,7.51,69.69,-38.72,,,,,
7375,9/2/2026 3:51,7.46,69.64,-35.89,,,,,
7376,9/2/2026 4:06,7.43,69.69,-34.06,,,,,
7377,9/2/2026 4:21,7.43,69.73,-34.09,,,,,
7378,9/2/2026 4:36,7.43,69.73,-34.08,,,,,
7379,9/2/2026 4:51,7.41,69.82,-33.02,,,,,
7380,9/2/2026 5:06,7.39,69.91,-31.74,,,,,
7381,9/2/2026 5:21,7.37,69.98,-30.52,,,,,
7382,9/2/2026 5:36,7.35,70.03,-29.3,,,,,
7383,9/2/2026 5:51,7.32,70.07,-27.7,,,,,
7384,9/2/2026 6:06,7.3,70.07,-26.5,,,,,
7385,9/2/2026 6:21,7.27,70.11,-25.05,,,,,
7386,9/2/2026 6:36,7.24,70.11,-23.36,,,,,
7387,9/2/2026 6:51,7.2,69.98,-21.28,,,,,
7388,9/2/2026 7:06,7.16,69.91,-19.14,,,,,
7389,9/2/2026 7:21,7.13,69.76,-17.41,,,,,
7390,9/2/2026 7:36,7.11,69.76,-16.3,,,,,
7391,9/2/2026 7:51,7.1,69.76,-15.5,,,,,
7392,9/2/2026 8:06,7.09,69.82,-15.17,,,,,
7393,9/2/2026 8:21,7.08,69.82,-14.72,,,,,
7394,9/2/2026 8:36,7.07,69.82,-13.7,,,,,
7395,9/2/2026 8:51,7.06,69.82,-13.16,,,,,
7396,9/2/2026 9:06,7.05,69.85,-12.61,,,,,
7397,9/2/2026 9:21,7.04,69.85,-12.25,,,,,
7398,9/2/2026 9:36,7.04,69.85,-12.36,,,,,
7399,9/2/2026 9:51,7.05,69.91,-12.78,,,,,
7400,9/2/2026 10:06,7.06,70.07,-13.42,,,,,
7401,9/2/2026 10:21,7.06,70.29,-13.52,,,,,
7402,9/2/2026 10:36,7.06,70.38,-13.28,,,,,
7403,9/2/2026 10:51,7.05,70.29,-12.97,,,,,
7404,9/2/2026 11:06,7.06,70.38,-13.53,,,,,
7405,9/2/2026 11:21,7.06,70.72,-13.53,,,,,
7406,9/2/2026 11:36,7.07,71.02,-13.83,,,,,
7407,9/2/2026 11:51,7.08,71.06,-14.64,,,,,
7408,9/2/2026 12:06,7.1,71.15,-15.66,,,,,
7409,9/2/2026 12:21,7.12,71.15,-16.7,,,,,
7410,9/2/2026 12:36,7.16,71.4,-19.14,,,,,
7411,9/2/2026 12:51,7.23,71.49,-22.74,,,,,
7412,9/2/2026 13:06,7.3,71.49,-26.63,,,,,
7413,9/2/2026 13:21,7.34,71.4,-28.89,,,,,
7414,9/2/2026 13:36,7.38,71.1,-31.22,,,,,
7415,9/2/2026 13:51,7.44,70.93,-34.41,,,,,
7416,9/2/2026 14:06,7.5,70.93,-37.95,,,,,
7417,9/2/2026 14:21,7.53,70.97,-39.94,,,,,
7418,9/2/2026 14:36,7.58,70.93,-42.47,,,,,
7419,9/2/2026 14:51,7.62,70.81,-44.81,,,,,
7420,9/2/2026 15:06,7.66,70.63,-46.72,,,,,
7421,9/2/2026 15:21,7.69,70.47,-48.55,,,,,
7422,9/2/2026 15:36,7.71,70.25,-49.45,,,,,
7423,9/2/2026 15:51,7.71,70.07,-49.91,,,,,
7424,9/2/2026 16:06,7.72,69.94,-50.16,,,,,
7425,9/2/2026 16:21,7.7,69.91,-49.08,,,,,
7426,9/2/2026 16:36,7.65,69.98,-46.25,,,,,
7427,9/2/2026 16:51,7.65,70.2,-46.3,,,,,
7428,9/2/2026 17:06,7.67,70.68,-47.35,,,,,
7429,9/2/2026 17:21,7.65,71.02,-46.31,,,,,
7430,9/2/2026 17:36,7.61,71.24,-44.31,,,,,
7431,9/2/2026 17:51,7.56,71.4,-41.44,,,,,
7432,9/2/2026 18:06,7.51,71.44,-38.83,,,,,
7433,9/2/2026 18:21,7.46,71.53,-35.95,,,,,
7434,9/2/2026 18:36,7.42,71.58,-33.47,,,,,
7435,9/2/2026 18:51,7.38,71.65,-31.03,,,,,
7436,9/2/2026 19:06,7.34,71.74,-28.8,,,,,
7437,9/2/2026 19:21,7.3,71.83,-26.55,,,,,
7438,9/2/2026 19:36,7.24,72.01,-23.74,,,,,
7439,9/2/2026 19:51,7.2,72.14,-21.02,,,,,
7440,9/2/2026 20:06,7.15,72.23,-18.45,,,,,
7441,9/2/2026 20:21,7.14,72.05,-17.89,,,,,
7442,9/2/2026 20:36,7.13,71.96,-17.08,,,,,
7443,9/2/2026 20:51,7.11,71.87,-15.92,,,,,
7444,9/2/2026 21:06,7.09,71.83,-15,,,,,
7445,9/2/2026 21:21,7.07,71.74,-13.97,,,,,
7446,9/2/2026 21:36,7.06,71.71,-13.19,,,,,
7447,9/2/2026 21:51,7.04,71.65,-12.27,,,,,
7448,9/2/2026 22:06,7.03,71.58,-11.41,,,,,
7449,9/2/2026 22:21,7.01,71.44,-10.73,,,,,
7450,9/2/2026 22:36,7.01,71.37,-10.52,,,,,
7451,9/2/2026 22:51,7.01,71.31,-10.42,,,,,
7452,9/2/2026 23:06,7.01,71.31,-10.39,,,,,
7453,9/2/2026 23:21,7,71.24,-10.08,,,,,
7454,9/2/2026 23:36,7,71.28,-10.14,,,,,
7455,9/2/2026 23:51,7,71.28,-10.09,,,,,
7456,9/3/2026 0:06,7.01,71.28,-10.69,,,,,
7457,9/3/2026 0:21,7.04,71.24,-12.28,,,,,
7458,9/3/2026 0:36,7.05,71.15,-12.97,,,,,
7459,9/3/2026 0:51,7.07,71.1,-14.09,,,,,
7460,9/3/2026 1:06,7.09,71.06,-14.95,,,,,
7461,9/3/2026 1:21,7.11,71.06,-16.14,,,,,
7462,9/3/2026 1:36,7.14,70.97,-17.89,,,,,
7463,9/3/2026 1:51,7.21,70.81,-21.66,,,,,
7464,9/3/2026 2:06,7.27,70.59,-25.34,,,,,
7465,9/3/2026 2:21,7.32,70.5,-27.8,,,,,
7466,9/3/2026 2:36,7.36,70.38,-29.89,,,,,
7467,9/3/2026 2:51,7.41,70.2,-32.91,,,,,
7468,9/3/2026 3:06,7.46,69.98,-35.84,,,,,
7469,9/3/2026 3:21,7.5,69.82,-37.67,,,,,
7470,9/3/2026 3:36,7.52,69.69,-38.97,,,,,
7471,9/3/2026 3:51,7.54,69.55,-40.03,,,,,
7472,9/3/2026 4:06,7.55,69.48,-40.56,,,,,
7473,9/3/2026 4:21,7.55,69.42,-40.53,,,,,
7474,9/3/2026 4:36,7.51,69.42,-38.47,,,,,
7475,9/3/2026 4:51,7.48,69.42,-37.02,,,,,
7476,9/3/2026 5:06,7.46,69.55,-35.83,,,,,
7477,9/3/2026 5:21,7.48,69.55,-36.83,,,,,
7478,9/3/2026 5:36,7.48,69.64,-36.72,,,,,
7479,9/3/2026 5:51,7.45,69.73,-35.28,,,,,
7480,9/3/2026 6:06,7.42,69.85,-33.39,,,,,
7481,9/3/2026 6:21,7.38,69.91,-31.36,,,,,
7482,9/3/2026 6:36,7.35,69.98,-29.66,,,,,
7483,9/3/2026 6:51,7.32,70.03,-27.63,,,,,
7484,9/3/2026 7:06,7.28,70.11,-25.8,,,,,
7485,9/3/2026 7:21,7.26,70.11,-24.42,,,,,
7486,9/3/2026 7:36,7.23,70.11,-22.95,,,,,
7487,9/3/2026 7:51,7.2,70.07,-21.16,,,,,
7488,9/3/2026 8:06,7.16,69.94,-19.09,,,,,
7489,9/3/2026 8:21,7.15,69.94,-18.16,,,,,
7490,9/3/2026 8:36,7.13,69.98,-17.38,,,,,
7491,9/3/2026 8:51,7.11,70.07,-16.23,,,,,
7492,9/3/2026 9:06,7.1,70.07,-15.48,,,,,
7493,9/3/2026 9:21,7.08,70.11,-14.48,,,,,
7494,9/3/2026 9:36,7.06,70.16,-13.52,,,,,
7495,9/3/2026 9:51,7.05,70.2,-12.7,,,,,
7496,9/3/2026 10:06,7.04,70.25,-12.23,,,,,
7497,9/3/2026 10:21,7.03,70.29,-11.72,,,,,
7498,9/3/2026 10:36,7.02,70.38,-10.91,,,,,
7499,9/3/2026 10:51,7.01,70.59,-10.73,,,,,
7500,9/3/2026 11:06,7.02,70.97,-10.94,,,,,
7501,9/3/2026 11:21,7.01,70.75,-10.41,,,,,
7502,9/3/2026 11:36,6.97,70.41,-8.5,,,,,
7503,9/3/2026 11:51,6.97,70.5,-8.38,,,,,
7504,9/3/2026 12:06,7,70.84,-9.91,,,,,
7505,9/3/2026 12:21,7.02,70.93,-11.2,,,,,
7506,9/3/2026 12:36,7.04,71.02,-12.27,,,,,
7507,9/3/2026 12:51,7.06,71.06,-13.45,,,,,
7508,9/3/2026 13:06,7.08,71.02,-14.41,,,,,
7509,9/3/2026 13:21,7.12,71.15,-16.63,,,,,
7510,9/3/2026 13:36,7.2,71.19,-21.02,,,,,
7511,9/3/2026 13:51,7.28,71.15,-25.49,,,,,
7512,9/3/2026 14:06,7.34,70.93,-28.77,,,,,
7513,9/3/2026 14:21,7.38,70.75,-31.47,,,,,
7514,9/3/2026 14:36,7.45,70.59,-35.05,,,,,
7515,9/3/2026 14:51,7.5,70.59,-38.16,,,,,
7516,9/3/2026 15:06,7.55,70.54,-40.55,,,,,
7517,9/3/2026 15:21,7.58,70.47,-42.44,,,,,
7518,9/3/2026 15:36,7.61,70.32,-44.16,,,,,
7519,9/3/2026 15:51,7.65,70.16,-46.39,,,,,
7520,9/3/2026 16:06,7.68,69.94,-48.27,,,,,
7521,9/3/2026 16:21,7.7,69.73,-49.33,,,,,
7522,9/3/2026 16:36,7.71,69.6,-49.47,,,,,
7523,9/3/2026 16:51,7.71,69.51,-49.58,,,,,
7524,9/3/2026 17:06,7.71,69.42,-49.63,,,,,
7525,9/3/2026 17:21,7.68,69.39,-48.25,,,,,
7526,9/3/2026 17:36,7.64,69.6,-45.5,,,,,
7527,9/3/2026 17:51,7.65,69.73,-46.52,,,,,
7528,9/3/2026 18:06,7.67,70.07,-47.19,,,,,
7529,9/3/2026 18:21,7.64,70.47,-45.8,,,,,
7530,9/3/2026 18:36,7.58,70.75,-42.75,,,,,
7531,9/3/2026 18:51,7.53,70.97,-39.94,,,,,
7532,9/3/2026 19:06,7.48,71.1,-36.63,,,,,
7533,9/3/2026 19:21,7.42,71.19,-33.41,,,,,
7534,9/3/2026 19:36,7.36,71.31,-30.11,,,,,
7535,9/3/2026 19:51,7.31,71.4,-27.16,,,,,
7536,9/3/2026 20:06,7.25,71.49,-24.25,,,,,
7537,9/3/2026 20:21,7.21,71.62,-21.64,,,,,
7538,9/3/2026 20:36,7.16,71.71,-19.08,,,,,
7539,9/3/2026 20:51,7.12,71.74,-16.89,,,,,
7540,9/3/2026 21:06,7.09,71.74,-14.95,,,,,
7541,9/3/2026 21:21,7.07,71.74,-13.8,,,,,
7542,9/3/2026 21:36,7.04,71.74,-12.47,,,,,
7543,9/3/2026 21:51,7.02,71.74,-11.09,,,,,
7544,9/3/2026 22:06,7,71.71,-10,,,,,
7545,9/3/2026 22:21,6.98,71.65,-9.05,,,,,
7546,9/3/2026 22:36,6.97,71.62,-8.11,,,,,
7547,9/3/2026 22:51,6.94,71.53,-6.91,,,,,
7548,9/3/2026 23:06,6.93,71.44,-6.13,,,,,
7549,9/3/2026 23:21,6.93,71.31,-5.83,,,,,
7550,9/3/2026 23:36,6.92,71.28,-5.72,,,,,
7551,9/3/2026 23:51,6.92,71.19,-5.55,,,,,
7552,9/4/2026 0:06,6.92,71.15,-5.58,,,,,
7553,9/4/2026 0:21,6.92,71.1,-5.59,,,,,
7554,9/4/2026 0:36,6.92,71.15,-5.52,,,,,
7555,9/4/2026 0:51,6.92,71.19,-5.39,,,,,
7556,9/4/2026 1:06,6.94,71.24,-6.47,,,,,
7557,9/4/2026 1:21,6.95,71.19,-7.45,,,,,
7558,9/4/2026 1:36,6.97,71.19,-8.3,,,,,
7559,9/4/2026 1:51,6.99,71.06,-9.31,,,,,
7560,9/4/2026 2:06,7.01,71.1,-10.34,,,,,
7561,9/4/2026 2:21,7.04,71.06,-12.3,,,,,
7562,9/4/2026 2:36,7.09,70.93,-15.19,,,,,
7563,9/4/2026 2:51,7.16,70.72,-18.69,,,,,
7564,9/4/2026 3:06,7.21,70.54,-21.89,,,,,
7565,9/4/2026 3:21,7.26,70.47,-24.47,,,,,
7566,9/4/2026 3:36,7.3,70.38,-26.91,,,,,
7567,9/4/2026 3:51,7.35,70.25,-29.44,,,,,
7568,9/4/2026 4:06,7.4,69.98,-32.11,,,,,
7569,9/4/2026 4:21,7.43,69.82,-34.08,,,,,
7570,9/4/2026 4:36,7.45,69.69,-35.2,,,,,
7571,9/4/2026 4:51,7.46,69.6,-35.97,,,,,
7572,9/4/2026 5:06,7.47,69.55,-36.09,,,,,
7573,9/4/2026 5:21,7.44,69.51,-34.31,,,,,
7574,9/4/2026 5:36,7.4,69.51,-32.06,,,,,
7575,9/4/2026 5:51,7.37,69.55,-30.88,,,,,
7576,9/4/2026 6:06,7.38,69.69,-31.06,,,,,
7577,9/4/2026 6:21,7.38,69.76,-31.06,,,,,
7578,9/4/2026 6:36,7.36,69.91,-30.11,,,,,
7579,9/4/2026 6:51,7.33,69.98,-28.53,,,,,
7580,9/4/2026 7:06,7.31,70.07,-27.59,,,,,
7581,9/4/2026 7:21,7.29,70.16,-26.24,,,,,
7582,9/4/2026 7:36,7.27,70.2,-25.38,,,,,
7583,9/4/2026 7:51,7.25,70.29,-24,,,,,
7584,9/4/2026 8:06,7.22,70.32,-22.49,,,,,
7585,9/4/2026 8:21,7.19,70.41,-20.58,,,,,
7586,9/4/2026 8:36,7.16,70.5,-18.89,,,,,
7587,9/4/2026 8:51,7.13,70.54,-17.34,,,,,
7588,9/4/2026 9:06,7.12,70.54,-16.44,,,,,
7589,9/4/2026 9:21,7.11,70.63,-16.17,,,,,
7590,9/4/2026 9:36,7.1,70.84,-15.8,,,,,
7591,9/4/2026 9:51,7.1,71.06,-15.53,,,,,
7592,9/4/2026 10:06,7.09,71.28,-15,,,,,
7593,9/4/2026 10:21,7.07,71.53,-14.14,,,,,
7594,9/4/2026 10:36,7.06,71.83,-13.34,,,,,
7595,9/4/2026 10:51,7.05,72.18,-12.7,,,,,
7596,9/4/2026 11:06,7.03,72.57,-11.83,,,,,
7597,9/4/2026 11:21,7.02,73,-10.84,,,,,
7598,9/4/2026 11:36,7.01,73.38,-10.58,,,,,
7599,9/4/2026 11:51,7.25,74.46,-24.19,,,,,
7600,9/4/2026 11:55,,,,,Logged,,,
7601,9/4/2026 11:55,,,,,Logged,Logged,,
7602,9/4/2026 11:55,,,,,,Logged,,
7603,9/4/2026 11:55,,,,,Logged,Logged,,
7604,9/4/2026 11:55,,,,,Logged,Logged,,
7605,9/4/2026 11:55,,,,,Logged,,,
7606,9/4/2026 11:55,,,,,,Logged,,
7607,9/4/2026 11:55,,,,,,,Logged,Logged