#,Date-Time (EDT),Temperature   (°F)(W-DO 22531022),Measured DO   (mg/L)(W-DO 22531022),Salinity-Adjusted DO   (mg/L)(W-DO 22531022),Temperature   (°F)(W-CT 22526602),Electrical Conductivity   (µS/cm)(W-CT 22526602),Specific Conductivity   (µS/cm)(W-CT 22526602),Salinity   (ppt)(W-CT 22526602),Total Dissolved Solids   (ppm)(W-CT 22526602),Host Connected,End of File,Started,Water Detect,DO Cap Expired
1,6/17/2026 8:48,81.11,7.88,7.88,90.4,0,0,0.01,0,,,Logged,Out,
2,6/17/2026 9:03,82.11,8.03,8.03,93.89,0,0,0.02,0,,,,,
3,6/17/2026 9:18,69.58,3.84,3.36,69.93,33015.9,35983.6,22.55,21484.87,,,,In,
4,6/17/2026 9:33,69.7,3.74,3.28,70.11,33024.8,35909.9,22.51,21490.63,,,,,
5,6/17/2026 9:48,69.86,3.94,3.45,70.03,33004.5,35924.4,22.51,21477.39,,,,,
6,6/17/2026 10:03,69.2,4.4,3.85,69.08,32798.2,36135.6,22.64,21343.17,,,,,
7,6/17/2026 10:18,69.13,4.32,3.78,68.95,32838.1,36239.5,22.7,21369.13,,,,,
8,6/17/2026 10:33,69.48,4.07,3.56,69.4,33010.5,36222.2,22.7,21481.31,,,,,
9,6/17/2026 10:48,69.82,3.91,3.42,69.78,33242.8,36300.2,22.77,21632.52,,,,,
10,6/17/2026 11:03,70.13,3.86,3.38,70.02,33440,36403.4,22.85,21760.79,,,,,
11,6/17/2026 11:18,70.59,4.06,3.56,70.63,33624.5,36324.4,22.81,21880.87,,,,,
12,6/17/2026 11:33,71.35,4.31,3.78,71.32,33534.7,35916,22.54,21822.46,,,,,
13,6/17/2026 11:48,71.5,4.45,3.9,71.3,33687.4,36089.2,22.66,21921.8,,,,,
14,6/17/2026 12:03,71.31,4.59,4.02,71.18,33877.1,36346.2,22.84,22045.24,,,,,
15,6/17/2026 12:18,71.03,4.87,4.25,70.79,34495.4,37189.7,23.41,22447.63,,,,,
16,6/17/2026 12:33,70.74,5.36,4.66,70.57,35176.6,38029.4,23.99,22890.88,,,,,
17,6/17/2026 12:48,70.79,5.76,4.99,70.7,35874,38720.4,24.48,23344.71,,,,,
18,6/17/2026 13:03,70.88,6.04,5.22,70.74,36584.7,39466.2,25,23807.2,,,,,
19,6/17/2026 13:18,70.6,6.17,5.32,70.4,36890.4,39966.2,25.34,24006.15,,,,,
20,6/17/2026 13:33,70.27,6.36,5.47,70.09,37234.1,40500.7,25.71,24229.81,,,,,
21,6/17/2026 13:48,69.77,6.67,5.72,69.47,37573.3,41192.2,26.18,24450.51,,,,,
22,6/17/2026 14:03,69.18,7.01,6,68.92,37849,41786.8,26.58,24629.97,,,,,
23,6/17/2026 14:18,68.85,7.13,6.09,68.64,38086,42199.9,26.86,24784.16,,,,,
24,6/17/2026 14:33,68.54,7.32,6.24,68.35,38324.8,42626.9,27.15,24939.54,,,,,
25,6/17/2026 14:48,68.3,7.48,6.37,68.11,38516.5,42971.6,27.39,25064.3,,,,,
26,6/17/2026 15:03,68.32,6.92,5.89,68.2,38604.7,43022,27.43,25121.69,,,,,
27,6/17/2026 15:18,68.9,7.33,6.25,68.94,38762.1,42783.1,27.29,25224.16,,,,,
28,6/17/2026 15:33,70.18,7.12,6.08,70.3,38883.8,42183,26.9,25303.3,,,,,
29,6/17/2026 15:48,71.07,6.72,5.76,71.01,38738.8,41651.9,26.55,25208.95,,,,,
30,6/17/2026 16:03,71.78,6.38,5.48,71.88,38497.5,40942.3,26.07,25051.98,,,,,
31,6/17/2026 16:18,72.16,6.22,5.35,72.18,38429.7,40717.8,25.92,25007.83,,,,,
32,6/17/2026 16:33,72.4,5.97,5.15,72.31,38195.4,40407.6,25.71,24855.36,,,,,
33,6/17/2026 16:48,72.73,5.87,5.07,72.73,38112.9,40112.2,25.51,24801.66,,,,,
34,6/17/2026 17:03,73.11,5.73,4.95,73.11,38018.2,39828,25.32,24740.06,,,,,
35,6/17/2026 17:18,73.57,5.76,4.98,73.54,38078.7,39681.9,25.22,24779.4,,,,,
36,6/17/2026 17:33,73.88,5.74,4.97,73.92,38218.9,39645.8,25.21,24870.67,,,,,
37,6/17/2026 17:48,74.28,5.76,4.98,74.24,38417.5,39695.9,25.25,24999.88,,,,,
38,6/17/2026 18:03,75.04,5.86,5.06,75.27,39299.5,40109.8,25.57,25573.87,,,,,
39,6/17/2026 18:18,76.05,5.82,5.03,76.14,39802.8,40207.5,25.65,25901.37,,,,,
40,6/17/2026 18:33,76.53,5.67,4.9,76.18,39857.8,40245,25.68,25937.15,,,,,
41,6/17/2026 18:48,75.93,5.63,4.86,75.59,39426.8,40084.2,25.55,25656.66,,,,,
42,6/17/2026 19:03,75.69,5.53,4.78,75.54,39494.2,40178.6,25.62,25700.51,,,,,
43,6/17/2026 19:18,75.62,5.29,4.57,75.52,39511.2,40206.4,25.64,25711.62,,,,,
44,6/17/2026 19:33,75.52,5.05,4.36,75.37,39504.5,40269.6,25.68,25707.27,,,,,
45,6/17/2026 19:48,75.41,5.12,4.42,75.26,39497.6,40317.1,25.71,25702.77,,,,,
46,6/17/2026 20:03,75.23,4.88,4.21,75,39491,40433.1,25.79,25698.46,,,,,
47,6/17/2026 20:18,75.13,5.01,4.32,75.01,39531.4,40469.2,25.81,25724.75,,,,,
48,6/17/2026 20:33,75,4.9,4.23,74.81,39436.9,40469.3,25.81,25663.24,,,,,
49,6/17/2026 20:48,74.91,4.7,4.05,74.76,39443.6,40499.9,25.83,25667.64,,,,,
50,6/17/2026 21:03,74.74,4.36,3.76,74.58,39383.1,40527.1,25.85,25628.25,,,,,
51,6/17/2026 21:18,74.68,4.27,3.68,74.55,39396.3,40553.9,25.86,25636.84,,,,,
52,6/17/2026 21:33,74.73,4.65,4.01,74.69,39510,40604.9,25.9,25710.82,,,,,
53,6/17/2026 21:48,74.89,4.89,4.21,74.76,39628.9,40692.7,25.97,25788.18,,,,,
54,6/17/2026 22:03,74.66,4.89,4.22,74.47,39429.4,40627.6,25.91,25658.39,,,,,
55,6/17/2026 22:18,74.52,4.93,4.25,74.35,39275.2,40529.3,25.84,25558.06,,,,,
56,6/17/2026 22:33,74.4,5.13,4.42,74.22,39318.6,40635,25.91,25586.29,,,,,
57,6/17/2026 22:48,74.24,5.22,4.5,74.15,39208.3,40555.4,25.86,25514.51,,,,,
58,6/17/2026 23:03,73.77,5.21,4.5,73.46,38389.1,40044.9,25.48,24981.44,,,,,
59,6/17/2026 23:18,72.97,5.12,4.42,72.7,37977.6,39983.1,25.42,24713.62,,,,,
60,6/17/2026 23:33,72.22,5.27,4.55,71.88,37514.6,39896.9,25.34,24412.32,,,,,
61,6/17/2026 23:48,71.63,5.56,4.79,71.39,37768,40414.6,25.69,24577.22,,,,,
62,6/18/2026 0:03,71.15,5.84,5.01,70.9,38071.8,40987.2,26.08,24774.92,,,,,
63,6/18/2026 0:18,70.57,6.25,5.35,70.27,38424.5,41699,26.56,25004.47,,,,,
64,6/18/2026 0:33,69.94,6.53,5.57,69.71,38705.3,42305.5,26.97,25187.15,,,,,
65,6/18/2026 0:48,69.65,6.74,5.75,69.44,39006.3,42780.8,27.3,25383.02,,,,,
66,6/18/2026 1:03,69.34,7,5.96,69.15,39168.2,43115.2,27.53,25488.38,,,,,
67,6/18/2026 1:18,69.06,7.34,6.23,68.87,39388.1,43516.1,27.8,25631.51,,,,,
68,6/18/2026 1:33,68.83,7.71,6.54,68.62,39542.7,43826.1,28.01,25732.11,,,,,
69,6/18/2026 1:48,68.28,8.21,6.95,68.03,39576.7,44200.7,28.26,25754.25,,,,,
70,6/18/2026 2:03,67.36,8.91,7.53,67.02,39425.4,44620,28.52,25655.75,,,,,
71,6/18/2026 2:18,66.44,9.38,7.91,66.06,39181.8,44912.5,28.69,25497.25,,,,,
72,6/18/2026 2:33,65.52,9.7,8.17,65.22,38996.7,45211.5,28.86,25376.78,,,,,
73,6/18/2026 2:48,64.89,9.89,8.32,64.56,38829.3,45421.8,28.98,25267.88,,,,,
74,6/18/2026 3:03,64.49,9.93,8.34,64.25,38728.1,45492.8,29.02,25202.04,,,,,
75,6/18/2026 3:18,64.12,9.99,8.4,63.97,38611.3,45535.9,29.03,25125.98,,,,,
76,6/18/2026 3:33,64.41,9.76,8.21,64.41,38705.3,45369.5,28.94,25187.19,,,,,
77,6/18/2026 3:48,65.06,9.34,7.87,65.08,38705.2,44954.9,28.67,25187.13,,,,,
78,6/18/2026 4:03,65.82,8.82,7.45,65.79,38731.2,44558.6,28.42,25204.01,,,,,
79,6/18/2026 4:18,66.38,8.22,6.95,66.29,38676,44199.8,28.19,25168.08,,,,,
80,6/18/2026 4:33,66.87,7.62,6.46,66.68,38543.6,43817.2,27.93,25081.94,,,,,
81,6/18/2026 4:48,67.48,6.67,5.67,67.34,38393,43268.2,27.57,24983.98,,,,,
82,6/18/2026 5:03,67.89,5.87,5,67.83,38130.1,42698.3,27.19,24812.89,,,,,
83,6/18/2026 5:18,68.16,5.24,4.47,68.11,37867.4,42250.4,26.88,24641.95,,,,,
84,6/18/2026 5:33,68.44,4.78,4.09,68.32,37601.9,41840.4,26.6,24469.17,,,,,
85,6/18/2026 5:48,68.49,4.4,3.77,68.33,37379,41586.5,26.42,24324.11,,,,,
86,6/18/2026 6:03,68.54,4.23,3.62,68.37,37131.8,41291.4,26.21,24163.22,,,,,
87,6/18/2026 6:18,68.57,4.15,3.56,68.42,36991.4,41103.9,26.08,24071.89,,,,,
88,6/18/2026 6:33,68.59,4.11,3.53,68.39,36911.2,41031.9,26.03,24019.69,,,,,
89,6/18/2026 6:48,68.57,4.01,3.44,68.43,36843.2,40933.6,25.96,23975.46,,,,,
90,6/18/2026 7:03,68.65,3.87,3.32,68.49,36782.3,40837.4,25.9,23935.77,,,,,
91,6/18/2026 7:18,68.47,4.11,3.53,68.3,36758.2,40912.9,25.94,23920.11,,,,,
92,6/18/2026 7:33,68.53,3.96,3.4,68.38,36734.8,40844.2,25.9,23904.87,,,,,
93,6/18/2026 7:48,68.58,3.75,3.22,68.43,36708.4,40786.6,25.86,23887.74,,,,,
94,6/18/2026 8:03,68.5,3.73,3.2,68.37,36693.7,40801.4,25.87,23878.14,,,,,
95,6/18/2026 8:18,68.53,3.67,3.16,68.37,36676.2,40781.9,25.85,23866.74,,,,,
96,6/18/2026 8:33,68.48,3.71,3.19,68.32,36624.1,40752.3,25.83,23832.82,,,,,
97,6/18/2026 8:48,68.33,3.86,3.31,68.18,36614.5,40815.5,25.87,23826.63,,,,,
98,6/18/2026 9:03,68.37,3.84,3.3,68.2,36611.5,40800.7,25.86,23824.63,,,,,
99,6/18/2026 9:18,68.36,3.85,3.3,68.22,36620.8,40799.8,25.86,23830.72,,,,,
100,6/18/2026 9:33,68.31,3.73,3.2,68.18,36600.3,40799.6,25.86,23817.37,,,,,
101,6/18/2026 9:48,68.29,3.7,3.18,68.13,36631.7,40857.4,25.9,23837.78,,,,,
102,6/18/2026 10:03,68.29,3.42,2.94,68.15,36605.6,40822.6,25.88,23820.84,,,,,
103,6/18/2026 10:18,68.28,3.45,2.96,68.2,36588.5,40775.1,25.84,23809.71,,,,,
104,6/18/2026 10:33,68.62,3.52,3.03,68.69,36818.8,40773.2,25.86,23959.54,,,,,
105,6/18/2026 10:48,68.44,3.77,3.24,68.28,36683.6,40835.5,25.89,23871.54,,,,,
106,6/18/2026 11:03,68.32,4.03,3.46,68.18,36671.4,40878.9,25.92,23863.66,,,,,
107,6/18/2026 11:18,68.36,4.06,3.49,68.25,36692.2,40865,25.91,23877.14,,,,,
108,6/18/2026 11:33,68.67,4.06,3.48,68.57,36781.8,40794.4,25.87,23935.48,,,,,
109,6/18/2026 11:48,68.82,4.14,3.55,68.65,36874,40854.1,25.91,23995.45,,,,,
110,6/18/2026 12:03,68.89,4.31,3.7,68.8,36820.2,40715.6,25.82,23960.48,,,,,
111,6/18/2026 12:18,69.28,4.69,4.04,69.2,36441.9,40089.3,25.39,23714.27,,,,,
112,6/18/2026 12:33,69.6,4.98,4.3,69.49,36111.7,39581.7,25.05,23499.42,,,,,
113,6/18/2026 12:48,69.53,5.21,4.5,69.34,36043.3,39580,25.04,23454.91,,,,,
114,6/18/2026 13:03,69.29,5.51,4.75,69.09,36326.9,40020.6,25.34,23639.44,,,,,
115,6/18/2026 13:18,68.99,6.03,5.18,68.78,36840.2,40749,25.84,23973.48,,,,,
116,6/18/2026 13:33,68.7,6.5,5.57,68.51,37331,41435.1,26.32,24292.84,,,,,
117,6/18/2026 13:48,68.55,6.78,5.79,68.37,37746.1,41971.6,26.69,24563,,,,,
118,6/18/2026 14:03,68.4,6.95,5.93,68.22,38041.3,42382.3,26.98,24755.08,,,,,
119,6/18/2026 14:18,68.21,7.04,6,68.02,38213.9,42684.6,27.18,24867.42,,,,,
120,6/18/2026 14:33,67.91,7.21,6.13,67.69,38337,43008.2,27.4,24947.53,,,,,
121,6/18/2026 14:48,67.58,7.36,6.25,67.36,38429.2,43296.7,27.59,25007.49,,,,,
122,6/18/2026 15:03,67.27,7.5,6.36,67.06,38518.4,43569,27.77,25065.58,,,,,
123,6/18/2026 15:18,66.95,7.67,6.5,66.75,38544,43777.3,27.91,25082.22,,,,,
124,6/18/2026 15:33,66.61,7.89,6.68,66.4,38560,44001.4,28.05,25092.63,,,,,
125,6/18/2026 15:48,66.26,8.06,6.82,66.05,38531.2,44176.2,28.16,25073.89,,,,,
126,6/18/2026 16:03,66.05,8.14,6.88,65.88,38496.1,44237.3,28.2,25051.05,,,,,
127,6/18/2026 16:18,66.55,7.81,6.61,66.45,38540.9,43948.2,28.02,25080.17,,,,,
128,6/18/2026 16:33,66.97,7.83,6.64,67.05,38547.3,43607.8,27.8,25084.36,,,,,
129,6/18/2026 16:48,67.87,7.49,6.37,67.92,38366.1,42914.5,27.34,24966.45,,,,,
130,6/18/2026 17:03,68.52,7.18,6.13,68.53,38189.8,42376.6,26.98,24851.69,,,,,
131,6/18/2026 17:18,69.01,7,5.99,68.98,37955.9,41875.9,26.65,24699.49,,,,,
132,6/18/2026 17:33,69.47,6.72,5.76,69.41,37629.5,41287.8,26.24,24487.08,,,,,
133,6/18/2026 17:48,69.76,6.48,5.58,69.68,37054.3,40514.8,25.71,24112.78,,,,,
134,6/18/2026 18:03,70.07,6.22,5.36,69.98,36827.4,40112.9,25.43,23965.15,,,,,
135,6/18/2026 18:18,70.3,6.09,5.25,70.19,36737.1,39908.5,25.3,23906.41,,,,,
136,6/18/2026 18:33,70.37,5.96,5.14,70.24,36640.6,39776.6,25.21,23843.6,,,,,
137,6/18/2026 18:48,70.56,5.91,5.1,70.47,36597.7,39614.2,25.1,23815.69,,,,,
138,6/18/2026 19:03,70.76,5.89,5.09,70.69,36597.6,39504.1,25.03,23815.59,,,,,
139,6/18/2026 19:18,70.89,5.87,5.08,70.78,36448,39297.5,24.88,23718.27,,,,,
140,6/18/2026 19:33,70.85,5.76,4.98,70.72,36430.7,39310.7,24.89,23706.98,,,,,
141,6/18/2026 19:48,70.88,5.68,4.91,70.75,36424.6,39288.2,24.88,23703.04,,,,,
142,6/18/2026 20:03,70.94,5.54,4.79,70.79,36402.1,39245.3,24.85,23688.37,,,,,
143,6/18/2026 20:18,70.98,5.57,4.82,70.84,36319.8,39130.1,24.77,23634.82,,,,,
144,6/18/2026 20:33,70.96,5.45,4.72,70.8,36248.5,39074.4,24.73,23588.4,,,,,
145,6/18/2026 20:48,70.94,5.32,4.61,70.78,36095.5,38920,24.62,23488.88,,,,,
146,6/18/2026 21:03,70.88,5.23,4.53,70.73,35999.4,38842.7,24.56,23426.34,,,,,
147,6/18/2026 21:18,70.75,5.14,4.45,70.59,35847.4,38746.7,24.49,23327.39,,,,,
148,6/18/2026 21:33,70.63,5.02,4.35,70.47,35627.7,38566.7,24.36,23184.43,,,,,
149,6/18/2026 21:48,70.49,4.9,4.26,70.32,35481.7,38481.8,24.3,23089.46,,,,,
150,6/18/2026 22:03,70.35,4.79,4.16,70.18,35411.6,38473.7,24.29,23043.83,,,,,
151,6/18/2026 22:18,70.2,4.66,4.05,70.03,35246.4,38364.8,24.21,22936.34,,,,,
152,6/18/2026 22:33,70.32,4.64,4.03,70.18,35366.1,38421.7,24.26,23014.19,,,,,
153,6/18/2026 22:48,70.31,4.73,4.11,70.16,35397.8,38469.2,24.29,23034.86,,,,,
154,6/18/2026 23:03,70.25,4.9,4.25,70.07,35648.7,38786.8,24.51,23198.13,,,,,
155,6/18/2026 23:18,70.2,4.92,4.26,70.02,35668.6,38832.2,24.54,23211.08,,,,,
156,6/18/2026 23:33,70.1,5.13,4.49,69.98,33630.3,36630.7,23,21884.68,,,,,
157,6/18/2026 23:48,70.15,5.25,4.59,70.03,33788.4,36777.7,23.11,21987.54,,,,,
158,6/19/2026 0:03,69.99,5.31,4.62,69.81,34662.4,37837.4,23.84,22556.3,,,,,
159,6/19/2026 0:18,69.76,5.35,4.64,69.58,35157.9,38491.3,24.29,22878.71,,,,,
160,6/19/2026 0:33,69.24,5.65,4.92,69.02,34057.6,37554.2,23.62,22162.7,,,,,
161,6/19/2026 0:48,68.89,5.93,5.11,68.69,36286.2,40183.4,25.44,23612.94,,,,,
162,6/19/2026 1:03,68.57,6.24,5.4,68.33,34971,38904.8,24.54,22757.11,,,,,
163,6/19/2026 1:18,68.16,6.5,5.61,67.94,35443.5,39634.3,25.04,23064.56,,,,,
164,6/19/2026 1:33,67.7,6.79,5.84,67.46,35799.8,40283.3,25.47,23296.45,,,,,
165,6/19/2026 1:48,67.4,7,5.96,67.2,37953.1,42853.8,27.27,24697.68,,,,,
166,6/19/2026 2:03,67.23,7.1,6.03,67.04,38123.6,43137.6,27.47,24808.66,,,,,
167,6/19/2026 2:18,66.97,7.33,6.22,66.76,38261,43449.6,27.68,24898.04,,,,,
168,6/19/2026 2:33,66.67,7.55,6.4,66.46,38459.1,43851.8,27.95,25026.95,,,,,
169,6/19/2026 2:48,66.2,7.89,6.67,65.92,38573.1,44300.4,28.25,25101.18,,,,,
170,6/19/2026 3:03,65.37,8.32,7.02,64.96,38490.7,44780.4,28.54,25047.51,,,,,
171,6/19/2026 3:18,64.16,8.78,7.39,63.85,38307.6,45247.8,28.82,24928.39,,,,,
172,6/19/2026 3:33,63.33,9.09,7.63,63.01,38172.7,45620.2,29.04,24840.62,,,,,
173,6/19/2026 3:48,62.63,9.28,7.78,62.32,37979.9,45827.7,29.15,24715.1,,,,,
174,6/19/2026 4:03,62.2,9.37,7.86,61.94,37905.8,45984.5,29.24,24666.89,,,,,
175,6/19/2026 4:18,61.97,9.41,7.88,61.77,37844.3,46021.6,29.26,24626.86,,,,,
176,6/19/2026 4:33,62.75,9.02,7.57,62.7,37974.5,45580.6,29,24711.59,,,,,
177,6/19/2026 4:48,63.48,8.59,7.23,63.55,37900.8,44956.2,28.6,24663.65,,,,,
178,6/19/2026 5:03,64.24,8.11,6.85,64.21,37901.3,44547.7,28.34,24663.96,,,,,
179,6/19/2026 5:18,64.73,7.56,6.39,64.6,37711.5,44088.4,28.04,24540.46,,,,,
180,6/19/2026 5:33,65.28,6.91,5.86,65.36,37571.9,43477.9,27.64,24449.66,,,,,
181,6/19/2026 5:48,65.82,6.12,5.21,65.72,37131.8,42758.5,27.15,24163.22,,,,,
182,6/19/2026 6:03,66.09,5.65,4.82,66,36686.6,42088.5,26.69,23873.53,,,,,
183,6/19/2026 6:18,66.27,5.21,4.45,66.11,36256.4,41535.4,26.3,23593.57,,,,,
184,6/19/2026 6:33,66.38,4.84,4.15,66.2,35824.1,40987.5,25.92,23312.29,,,,,
185,6/19/2026 6:48,66.4,4.66,4,66.21,35556.6,40675.6,25.7,23138.18,,,,,
186,6/19/2026 7:03,66.37,4.6,3.95,66.21,35320.2,40408,25.52,22984.34,,,,,
187,6/19/2026 7:18,66.39,4.55,3.91,66.25,35158.6,40203.1,25.37,22879.19,,,,,
188,6/19/2026 7:33,66.38,4.55,3.92,66.26,34995.2,40007.6,25.24,22772.84,,,,,
189,6/19/2026 7:48,66.42,4.58,3.94,66.3,34910.7,39888.3,25.16,22717.88,,,,,
190,6/19/2026 8:03,66.42,4.73,4.07,66.31,34894.4,39864,25.14,22707.27,,,,,
191,6/19/2026 8:18,66.53,4.59,3.95,66.39,34862.7,39785.2,25.09,22686.63,,,,,
192,6/19/2026 8:33,66.68,4.61,3.97,66.57,34824.6,39651.3,25,22661.85,,,,,
193,6/19/2026 8:48,66.87,4.67,4.03,66.76,34818.5,39540.3,24.93,22657.88,,,,,
194,6/19/2026 9:03,67.1,4.72,4.08,67.01,34889.9,39492.6,24.91,22704.36,,,,,
195,6/19/2026 9:18,67.4,4.82,4.17,67.27,34906.5,39374.9,24.83,22715.14,,,,,
196,6/19/2026 9:33,67.64,4.84,4.18,67.54,34955.1,39294.1,24.78,22746.78,,,,,
197,6/19/2026 9:48,68,5.04,4.36,67.92,35099.2,39260.3,24.77,22840.51,,,,,
198,6/19/2026 10:03,68.26,4.92,4.25,68.17,35079.3,39109.6,24.68,22827.6,,,,,
199,6/19/2026 10:18,68.69,5.17,4.47,68.7,35251.6,39032.4,24.64,22939.73,,,,,
200,6/19/2026 10:33,69.61,5.22,4.52,69.68,35766.5,39104,24.72,23274.77,,,,,
201,6/19/2026 10:48,69.86,5.18,4.48,69.75,35722.7,39024.1,24.66,23246.28,,,,,
202,6/19/2026 11:03,70.36,5.31,4.6,70.35,35987.1,39014,24.67,23418.3,,,,,
203,6/19/2026 11:18,70.88,5.35,4.64,70.88,36347.8,39141.8,24.78,23653.06,,,,,
204,6/19/2026 11:33,71.14,5.61,4.86,71.06,36392.7,39100.4,24.75,23682.25,,,,,
205,6/19/2026 11:48,70.7,5.6,4.85,70.41,36087.1,39093.2,24.73,23483.37,,,,,
206,6/19/2026 12:03,70.59,5.65,4.89,70.54,36155,39103.1,24.74,23527.58,,,,,
207,6/19/2026 12:18,70.32,5.49,4.75,70.02,36015,39209.3,24.8,23436.48,,,,,
208,6/19/2026 12:33,70.67,5.68,4.92,70.61,36217.7,39133.8,24.77,23568.39,,,,,
209,6/19/2026 12:48,70.44,5.68,4.91,70.26,36218.3,39310,24.88,23568.76,,,,,
210,6/19/2026 13:03,70.46,5.95,5.15,70.31,36205.4,39269.4,24.85,23560.38,,,,,
211,6/19/2026 13:18,70.57,6.01,5.2,70.33,36306.6,39368.4,24.92,23626.25,,,,,
212,6/19/2026 13:33,70.51,6.16,5.33,70.41,36298.9,39322.7,24.89,23621.23,,,,,
213,6/19/2026 13:48,70.5,6.36,5.49,70.36,36433.4,39495.2,25.01,23708.78,,,,,
214,6/19/2026 14:03,70.13,6.64,5.72,69.86,36964.8,40323.1,25.58,24054.58,,,,,
215,6/19/2026 14:18,69.85,7.1,6.09,69.67,37566.8,41078,26.1,24446.32,,,,,
216,6/19/2026 14:33,69.98,7.5,6.42,69.9,38254.5,41710.1,26.56,24893.82,,,,,
217,6/19/2026 14:48,70.11,7.6,6.5,70,38605,42037.7,26.79,25121.93,,,,,
218,6/19/2026 15:03,70.02,7.68,6.56,69.82,38576.6,42104.3,26.83,25103.42,,,,,
219,6/19/2026 15:18,69.67,7.69,6.56,69.45,38906.6,42662.7,27.22,25318.16,,,,,
220,6/19/2026 15:33,69.12,7.81,6.65,68.85,38993,43091.4,27.5,25374.38,,,,,
221,6/19/2026 15:48,68.65,7.95,6.76,68.41,39057.2,43408.3,27.71,25416.15,,,,,
222,6/19/2026 16:03,68.28,7.98,6.78,68.08,38983.2,43510.5,27.77,25368.01,,,,,
223,6/19/2026 16:18,67.97,8.09,6.86,67.78,39053.8,43763.2,27.94,25413.93,,,,,
224,6/19/2026 16:33,67.76,8.08,6.85,67.57,39031.2,43854.6,28,25399.28,,,,,
225,6/19/2026 16:48,67.75,7.65,6.49,67.61,39044.1,43847.6,27.99,25407.68,,,,,
226,6/19/2026 17:03,69.45,8.09,6.9,69.56,39036.9,42749.9,27.28,25402.98,,,,,
227,6/19/2026 17:18,69.92,7.94,6.78,69.88,38902.5,42428.2,27.07,25315.53,,,,,
228,6/19/2026 17:33,70.36,7.78,6.66,70.3,38639.6,41915.3,26.72,25144.45,,,,,
229,6/19/2026 17:48,70.67,7.58,6.5,70.6,38352.2,41448.6,26.39,24957.4,,,,,
230,6/19/2026 18:03,70.88,7.37,6.34,70.78,37958.3,40925.8,26.03,24701.06,,,,,
231,6/19/2026 18:18,71.01,7.19,6.19,70.91,37699.8,40581.3,25.79,24532.85,,,,,
232,6/19/2026 18:33,71.18,7.07,6.1,71.04,37436.8,40235.8,25.55,24361.74,,,,,
233,6/19/2026 18:48,71.29,6.96,6.01,71.18,37252.4,39964.9,25.36,24241.75,,,,,
234,6/19/2026 19:03,71.45,6.81,5.88,71.35,37290.9,39922.9,25.34,24266.79,,,,,
235,6/19/2026 19:18,71.65,6.64,5.73,71.54,37188,39716.7,25.2,24199.83,,,,,
236,6/19/2026 19:33,71.89,6.4,5.53,71.79,37182.6,39588.8,25.12,24196.32,,,,,
237,6/19/2026 19:48,71.95,6.28,5.43,71.85,37168.2,39541.6,25.08,24186.9,,,,,
238,6/19/2026 20:03,71.99,6.13,5.3,71.87,37127,39489.9,25.05,24160.11,,,,,
239,6/19/2026 20:18,71.96,5.92,5.12,71.81,37162.2,39559.1,25.1,24183.02,,,,,
240,6/19/2026 20:33,71.89,5.87,5.07,71.73,37103.8,39534,25.08,24145.03,,,,,
241,6/19/2026 20:48,71.84,5.78,4.99,71.7,37074.5,39518.6,25.06,24125.96,,,,,
242,6/19/2026 21:03,71.82,5.58,4.83,71.67,37039.8,39494.8,25.05,24103.37,,,,,
243,6/19/2026 21:18,71.9,5.46,4.72,71.79,37104.5,39508.3,25.06,24145.49,,,,,
244,6/19/2026 21:33,71.82,5.35,4.63,71.65,37040.7,39509,25.06,24103.94,,,,,
245,6/19/2026 21:48,71.77,5.26,4.55,71.61,36920.7,39396.8,24.98,24025.84,,,,,
246,6/19/2026 22:03,71.74,5.08,4.4,71.6,37040.6,39532.6,25.07,24103.86,,,,,
247,6/19/2026 22:18,71.62,4.96,4.3,71.42,36023.7,38530,24.36,23442.16,,,,,
248,6/19/2026 22:33,71.53,4.76,4.12,71.36,36807.6,39400.1,24.97,23952.28,,,,,
249,6/19/2026 22:48,71.41,4.58,3.96,71.26,36923.5,39574.7,25.09,24027.71,,,,,
250,6/19/2026 23:03,71.38,4.58,3.95,71.18,36906.5,39596.4,25.11,24016.64,,,,,
251,6/19/2026 23:18,71.14,4.42,3.82,71.03,36814.5,39569.5,25.08,23956.74,,,,,
252,6/19/2026 23:33,71.53,4.67,4.04,71.37,37007.9,39611.9,25.12,24082.64,,,,,
253,6/19/2026 23:48,71.45,4.74,4.1,71.23,36939,39604.6,25.11,24037.78,,,,,
254,6/20/2026 0:03,71.08,4.93,4.26,70.91,36782.7,39594.1,25.1,23936.06,,,,,
255,6/20/2026 0:18,70.89,5.21,4.5,70.7,36744.8,39657.7,25.14,23911.41,,,,,
256,6/20/2026 0:33,70.66,5.35,4.63,70.47,36226.4,39214.9,24.82,23574.07,,,,,
257,6/20/2026 0:48,70.48,5.47,4.72,70.29,36725,39846.5,25.26,23898.51,,,,,
258,6/20/2026 1:03,70.17,5.62,4.85,69.96,36491.3,39754.9,25.18,23746.4,,,,,
259,6/20/2026 1:18,69.78,5.86,5.06,69.56,36228.8,39674.7,25.11,23575.63,,,,,
260,6/20/2026 1:33,69.25,6.18,5.33,69.02,36136,39846,25.22,23515.2,,,,,
261,6/20/2026 1:48,68.93,6.42,5.53,68.74,36422.9,40309.7,25.53,23701.92,,,,,
262,6/20/2026 2:03,68.64,6.73,5.78,68.43,36848.5,40942.2,25.97,23978.87,,,,,
263,6/20/2026 2:18,68.19,7.02,6.02,67.95,36796.6,41141.7,26.09,23945.1,,,,,
264,6/20/2026 2:33,67.66,7.21,6.17,67.42,37057.6,41719.1,26.48,24114.94,,,,,
265,6/20/2026 2:48,67.11,7.4,6.3,66.89,37714.4,42756.2,27.19,24542.38,,,,,
266,6/20/2026 3:03,66.81,7.53,6.4,66.61,37892.5,43116.8,27.44,24658.26,,,,,
267,6/20/2026 3:18,66.53,7.68,6.52,66.3,38112,43546,27.73,24801.1,,,,,
268,6/20/2026 3:33,66.13,7.9,6.69,65.88,38232,43930.7,27.98,24879.18,,,,,
269,6/20/2026 3:48,65.71,8.09,6.84,65.45,38340.1,44309.1,28.23,24949.52,,,,,
270,6/20/2026 4:03,65.26,8.3,7.01,64.98,38439.4,44707.8,28.49,25014.16,,,,,
271,6/20/2026 4:18,64.77,8.52,7.18,64.5,38461.3,45027.4,28.7,25028.37,,,,,
272,6/20/2026 4:33,64.28,8.71,7.32,63.98,38458.1,45348.5,28.9,25026.3,,,,,
273,6/20/2026 4:48,63.72,8.87,7.45,63.46,38395.8,45600.8,29.05,24985.77,,,,,
274,6/20/2026 5:03,63.44,8.92,7.48,63.23,38383.4,45728.6,29.13,24977.71,,,,,
275,6/20/2026 5:18,63.51,8.48,7.12,63.53,38399,45557.4,29.03,24987.88,,,,,
276,6/20/2026 5:33,64.53,8.4,7.08,64.4,38278.5,44875.8,28.58,24909.43,,,,,
277,6/20/2026 5:48,65.01,7.99,6.75,64.92,37966.2,44192.6,28.13,24706.18,,,,,
278,6/20/2026 6:03,65.47,7.39,6.26,65.36,37691.1,43612.6,27.74,24527.19,,,,,
279,6/20/2026 6:18,65.82,7.05,6,65.73,37292.8,42940.8,27.28,24268.02,,,,,
280,6/20/2026 6:33,66.15,6.67,5.69,66.03,36777,42174.1,26.75,23932.34,,,,,
281,6/20/2026 6:48,66.35,6.3,5.38,66.21,36401.3,41641.9,26.38,23687.87,,,,,
282,6/20/2026 7:03,66.41,5.92,5.07,66.26,36037.8,41202.5,26.07,23451.31,,,,,
283,6/20/2026 7:18,66.43,5.62,4.82,66.3,35779.3,40883.6,25.85,23283.08,,,,,
284,6/20/2026 7:33,66.57,5.5,4.72,66.44,35632.4,40640.4,25.69,23187.51,,,,,
285,6/20/2026 7:48,66.66,5.41,4.65,66.52,35476,40415.9,25.53,23085.71,,,,,
286,6/20/2026 8:03,66.72,5.25,4.52,66.58,35355.2,40249.7,25.42,23007.15,,,,,
287,6/20/2026 8:18,66.78,5.16,4.44,66.65,35285.6,40130.6,25.34,22961.86,,,,,
288,6/20/2026 8:33,66.88,5.11,4.4,66.75,35304.2,40097.5,25.32,22973.91,,,,,
289,6/20/2026 8:48,66.97,5.34,4.59,66.87,35376.5,40119.9,25.34,23020.96,,,,,
290,6/20/2026 9:03,67.15,5.3,4.57,67.02,35442.5,40112.4,25.34,23063.92,,,,,
291,6/20/2026 9:18,67.39,5.28,4.54,67.26,35475.4,40022.3,25.28,23085.37,,,,,
292,6/20/2026 9:33,67.59,5.21,4.48,67.48,35530,39968.5,25.25,23120.9,,,,,
293,6/20/2026 9:48,67.81,5.26,4.53,67.73,35605.6,39921.6,25.23,23170.04,,,,,
294,6/20/2026 10:03,68.12,5.2,4.48,68.07,35746.9,39903.9,25.23,23262,,,,,
295,6/20/2026 10:18,68.5,5.31,4.58,68.45,35879.1,39856.8,25.21,23348.06,,,,,
296,6/20/2026 10:33,68.74,5.26,4.54,68.67,35975.3,39847.5,25.21,23410.66,,,,,
297,6/20/2026 10:48,68.99,5.2,4.49,68.92,36069.8,39825.2,25.2,23472.16,,,,,
298,6/20/2026 11:03,69.62,5.31,4.58,69.58,36352.8,39796.9,25.2,23656.32,,,,,
299,6/20/2026 11:18,69.73,5.23,4.51,69.56,36355.8,39811,25.21,23658.26,,,,,
300,6/20/2026 11:33,69.86,5.13,4.43,69.69,36541.2,39948.3,25.31,23778.88,,,,,
301,6/20/2026 11:48,69.94,5.1,4.39,69.86,36615,39941.5,25.31,23826.91,,,,,
302,6/20/2026 12:03,69.9,5.19,4.47,69.69,36743.6,40169.6,25.47,23910.61,,,,,
303,6/20/2026 12:18,69.72,5.44,4.69,69.54,36720.4,40221.3,25.5,23895.52,,,,,
304,6/20/2026 12:33,69.82,5.46,4.7,69.65,36746.4,40194.7,25.48,23912.46,,,,,
305,6/20/2026 12:48,69.78,5.55,4.78,69.64,36740.9,40194.1,25.48,23908.85,,,,,
306,6/20/2026 13:03,69.41,5.58,4.81,69.27,36513.9,40135.4,25.43,23761.11,,,,,
307,6/20/2026 13:18,69.49,5.76,4.96,69.45,36573,40103.8,25.41,23799.57,,,,,
308,6/20/2026 13:33,69.58,5.95,5.13,69.43,36607.7,40155.7,25.45,23822.21,,,,,
309,6/20/2026 13:48,69.75,6.28,5.41,69.58,36715.9,40194.3,25.48,23892.6,,,,,
310,6/20/2026 14:03,69.81,6.45,5.56,69.67,36608.1,40029.6,25.37,23822.41,,,,,
311,6/20/2026 14:18,69.89,6.69,5.77,69.81,36594.3,39946.2,25.31,23813.44,,,,,
312,6/20/2026 14:33,69.96,7.02,6.05,69.79,36702.6,40072.7,25.4,23883.95,,,,,
313,6/20/2026 14:48,69.79,7.32,6.3,69.59,37100,40612,25.77,24142.52,,,,,
314,6/20/2026 15:03,69.41,7.61,6.52,69.17,37599.9,41377.5,26.3,24467.85,,,,,
315,6/20/2026 15:18,69.11,8.02,6.85,68.92,38133.2,42100.5,26.8,24814.86,,,,,
316,6/20/2026 15:33,69.04,8.25,7.04,68.93,38465.3,42464.3,27.06,25031,,,,,
317,6/20/2026 15:48,69.17,8.39,7.15,69.01,38705.1,42681.9,27.22,25187.06,,,,,
318,6/20/2026 16:03,69.07,8.41,7.16,68.89,38881.1,42944.1,27.4,25301.58,,,,,
319,6/20/2026 16:18,68.73,8.48,7.21,68.53,38969.6,43241.9,27.6,25359.16,,,,,
320,6/20/2026 16:33,68.39,8.5,7.21,68.14,39014.1,43511.6,27.77,25388.13,,,,,
321,6/20/2026 16:48,67.89,8.59,7.28,67.64,39090.2,43880.9,28.02,25437.67,,,,,
322,6/20/2026 17:03,67.55,8.64,7.31,67.34,39208.7,44187.3,28.22,25514.73,,,,,
323,6/20/2026 17:18,67.31,8.61,7.29,67.14,39176.4,44269.4,28.27,25493.74,,,,,
324,6/20/2026 17:33,67.23,8.48,7.18,67.09,39201.9,44326.4,28.31,25510.33,,,,,
325,6/20/2026 17:48,67.8,8.31,7.05,67.75,39175.7,43915.2,28.05,25493.26,,,,,
326,6/20/2026 18:03,68.99,8.46,7.2,68.99,38905.7,42914.9,27.38,25317.58,,,,,
327,6/20/2026 18:18,69.25,8.29,7.07,69.13,38751.7,42671.5,27.21,25217.39,,,,,
328,6/20/2026 18:33,69.41,8.19,6.99,69.31,38611.4,42414.7,27.04,25126.06,,,,,
329,6/20/2026 18:48,69.55,8.02,6.86,69.44,38453.5,42171.6,26.87,25023.3,,,,,
330,6/20/2026 19:03,69.69,7.83,6.7,69.58,38260,41884.8,26.67,24897.43,,,,,
331,6/20/2026 19:18,69.82,7.63,6.54,69.73,38005,41525.9,26.42,24731.48,,,,,
332,6/20/2026 19:33,69.97,7.48,6.42,69.84,37788.8,41233.3,26.22,24590.79,,,,,
333,6/20/2026 19:48,70.07,7.27,6.25,69.95,37595.9,40966.7,26.03,24465.22,,,,,
334,6/20/2026 20:03,70.17,7.14,6.13,70.04,37488.9,40802.9,25.92,24395.63,,,,,
335,6/20/2026 20:18,70.31,6.89,5.93,70.19,37321.8,40543.6,25.74,24286.89,,,,,
336,6/20/2026 20:33,70.44,6.59,5.76,70.33,34012.4,36880.7,23.19,22133.29,,,,,
337,6/20/2026 20:48,70.53,6.3,5.43,70.41,37251.7,40354.9,25.62,24241.28,,,,,
338,6/20/2026 21:03,70.59,5.99,5.16,70.44,37296.3,40386.7,25.64,24270.25,,,,,
339,6/20/2026 21:18,70.56,5.74,4.94,70.41,37334.2,40441.5,25.68,24294.93,,,,,
340,6/20/2026 21:33,70.54,5.73,4.94,70.4,37247.1,40352.6,25.62,24238.27,,,,,
341,6/20/2026 21:48,70.52,5.62,4.84,70.38,37244.4,40363.4,25.62,24236.53,,,,,
342,6/20/2026 22:03,70.55,5.52,4.76,70.39,37209.9,40317.8,25.59,24214.06,,,,,
343,6/20/2026 22:18,70.52,5.35,4.61,70.37,37210.3,40332,25.6,24214.35,,,,,
344,6/20/2026 22:33,70.49,5.08,4.39,70.32,36241.5,39303.1,24.88,23583.86,,,,,
345,6/20/2026 22:48,70.42,4.85,4.18,70.27,36821.6,39959.4,25.33,23961.36,,,,,
346,6/20/2026 23:03,70.37,4.76,4.1,70.21,37206.3,40407.1,25.65,24211.68,,,,,
347,6/20/2026 23:18,70.35,4.68,4.03,70.17,37241.2,40464.3,25.69,24234.43,,,,,
348,6/20/2026 23:33,70.28,4.48,3.85,70.11,37241.1,40494.5,25.71,24234.36,,,,,
349,6/20/2026 23:48,70.23,4.32,3.72,70.08,37016.9,40267.2,25.55,24088.46,,,,,
350,6/21/2026 0:03,70.17,4.08,3.51,70.02,37162.2,40455.6,25.68,24183.03,,,,,
351,6/21/2026 0:18,70.31,4.45,3.81,70.23,37982.7,41239.1,26.24,24716.97,,,,,
352,6/21/2026 0:33,70.46,4.44,3.82,70.32,37352.3,40507.8,25.72,24306.7,,,,,
353,6/21/2026 0:48,70.31,4.4,3.79,70.12,37241.8,40492.4,25.71,24234.78,,,,,
354,6/21/2026 1:03,70.1,4.69,4.03,69.94,37122.4,40456.4,25.67,24157.12,,,,,
355,6/21/2026 1:18,69.94,4.97,4.28,69.79,37035.2,40435.8,25.66,24100.38,,,,,
356,6/21/2026 1:33,69.81,5.08,4.38,69.65,36968.5,40434.8,25.65,24056.94,,,,,
357,6/21/2026 1:48,69.78,5.12,4.4,69.59,37052.8,40560.4,25.74,24111.83,,,,,
358,6/21/2026 2:03,69.64,5.46,4.7,69.47,36771.3,40313,25.56,23928.65,,,,,
359,6/21/2026 2:18,69.47,5.66,4.88,69.28,36595.2,40219.2,25.49,23814.05,,,,,
360,6/21/2026 2:33,69.14,6.19,5.32,68.88,36487.9,40306.4,25.54,23744.23,,,,,
361,6/21/2026 2:48,68.78,6.49,5.58,68.58,36653.9,40647,25.77,23852.26,,,,,
362,6/21/2026 3:03,68.54,6.76,5.8,68.32,36956,41118.8,26.09,24048.82,,,,,
363,6/21/2026 3:18,68.16,7.09,6.06,67.93,37336,41756.4,26.53,24296.11,,,,,
364,6/21/2026 3:33,67.78,7.28,6.21,67.56,37595,42249.8,26.86,24464.64,,,,,
365,6/21/2026 3:48,67.34,7.41,6.31,67.09,37785.5,42724.8,27.18,24588.6,,,,,
366,6/21/2026 4:03,66.91,7.53,6.41,66.69,37716.9,42871.3,27.27,24543.99,,,,,
367,6/21/2026 4:18,66.6,7.67,6.5,66.38,38195.8,43595.1,27.77,24855.61,,,,,
368,6/21/2026 4:33,66.42,7.75,6.56,66.18,38373.4,43919.8,27.99,24971.18,,,,,
369,6/21/2026 4:48,66.12,7.88,6.67,65.91,38431.8,44144.4,28.13,25009.22,,,,,
370,6/21/2026 5:03,65.86,8,6.76,65.66,38472,44336.8,28.26,25035.33,,,,,
371,6/21/2026 5:18,65.62,8.08,6.82,65.42,38533.8,44555.5,28.4,25075.58,,,,,
372,6/21/2026 5:33,65.48,8.09,6.83,65.27,38552.4,44667.3,28.48,25087.69,,,,,
373,6/21/2026 5:48,65.35,7.93,6.69,65.19,38586.5,44752.2,28.53,25109.89,,,,,
374,6/21/2026 6:03,65.54,7.6,6.42,65.56,38506.2,44437,28.33,25057.6,,,,,
375,6/21/2026 6:18,66.07,7.6,6.44,65.93,38184.5,43847.8,27.93,24848.28,,,,,
376,6/21/2026 6:33,66.35,7.43,6.3,66.25,37999.8,43448.8,27.66,24728.1,,,,,
377,6/21/2026 6:48,66.67,7.21,6.13,66.58,37780.9,43008.1,27.36,24585.62,,,,,
378,6/21/2026 7:03,66.96,6.99,5.95,66.87,37546.6,42581,27.07,24433.16,,,,,
379,6/21/2026 7:18,67.17,6.72,5.73,67.07,37341.2,42234.4,26.83,24299.5,,,,,
380,6/21/2026 7:33,67.41,6.54,5.59,67.33,37100.6,41820.4,26.55,24142.91,,,,,
381,6/21/2026 7:48,67.64,6.37,5.45,67.55,36936.7,41512.9,26.34,24036.25,,,,,
382,6/21/2026 8:03,67.83,6.22,5.33,67.73,36779.5,41237.8,26.15,23933.99,,,,,
383,6/21/2026 8:18,68.01,6.06,5.2,67.9,36638.4,40987.7,25.98,23842.13,,,,,
384,6/21/2026 8:33,68.2,5.9,5.06,68.1,36562.1,40796.8,25.86,23792.5,,,,,
385,6/21/2026 8:48,68.41,5.75,4.94,68.3,36529.1,40655.1,25.76,23771.01,,,,,
386,6/21/2026 9:03,68.57,5.59,4.81,68.5,36506.4,40525.6,25.68,23756.28,,,,,
387,6/21/2026 9:18,68.78,5.45,4.68,68.67,36524,40455.2,25.63,23767.69,,,,,
388,6/21/2026 9:33,68.85,5.63,4.84,68.76,36667.1,40568.7,25.72,23860.8,,,,,
389,6/21/2026 9:48,69.08,5.45,4.69,68.99,36721.7,40505.8,25.68,23896.37,,,,,
390,6/21/2026 10:03,69.35,5.4,4.65,69.25,36799.3,40457.5,25.65,23946.87,,,,,
391,6/21/2026 10:18,69.66,5.3,4.57,69.55,36915.8,40429.8,25.64,24022.7,,,,,
392,6/21/2026 10:33,69.9,5.23,4.5,69.85,37047.7,40419.1,25.65,24108.53,,,,,
393,6/21/2026 10:48,70.22,4.99,4.29,70.14,37166.5,40402.4,25.64,24185.83,,,,,
394,6/21/2026 11:03,70.49,4.85,4.18,70.4,37227.4,40334,25.6,24225.46,,,,,
395,6/21/2026 11:18,70.75,4.85,4.17,70.69,37378.2,40349.5,25.62,24323.59,,,,,
396,6/21/2026 11:33,71.04,4.73,4.07,71.05,37534.6,40335.4,25.62,24425.36,,,,,
397,6/21/2026 11:48,71.53,4.87,4.19,71.55,37800.8,40365.7,25.66,24598.6,,,,,
398,6/21/2026 12:03,72.28,4.7,4.05,72.43,38176.4,40328.6,25.65,24843.01,,,,,
399,6/21/2026 12:18,72.45,4.72,4.07,72.29,38164.8,40386,25.69,24835.43,,,,,
400,6/21/2026 12:33,72.4,4.39,3.78,72.4,38146.4,40310.2,25.64,24823.46,,,,,
401,6/21/2026 12:48,72.72,4.55,3.92,72.57,38277,40362.4,25.68,24908.46,,,,,
402,6/21/2026 13:03,72.43,4.58,3.95,72.22,38100.9,40353.3,25.67,24793.86,,,,,
403,6/21/2026 13:18,72.59,4.67,4.03,72.51,38210,40321.3,25.65,24864.89,,,,,
404,6/21/2026 13:33,72.72,5.13,4.43,72.51,38210.2,40321.4,25.65,24865,,,,,
405,6/21/2026 13:48,72.82,5.38,4.64,72.75,38328.8,40326.2,25.66,24942.19,,,,,
406,6/21/2026 14:03,72.58,5.54,4.77,72.27,38203.7,40432.5,25.72,24860.73,,,,,
407,6/21/2026 14:18,72.6,5.7,4.91,72.5,38368.4,40496.4,25.77,24967.94,,,,,
408,6/21/2026 14:33,72.5,5.91,5.1,72.24,38100.8,40342.5,25.66,24793.83,,,,,
409,6/21/2026 14:48,72.13,6.1,5.26,71.88,37708.3,40105.6,25.48,24538.41,,,,,
410,6/21/2026 15:03,71.78,6.36,5.48,71.62,37735.1,40263.2,25.59,24555.85,,,,,
411,6/21/2026 15:18,71.59,6.88,5.93,71.42,37746.9,40375.8,25.66,24563.52,,,,,
412,6/21/2026 15:33,71.17,7.18,6.18,70.9,37889.9,40794.1,25.94,24656.53,,,,,
413,6/21/2026 15:48,70.47,7.55,6.48,70.21,38212.5,41499.9,26.42,24866.51,,,,,
414,6/21/2026 16:03,70.14,7.95,6.79,69.94,38676.6,42150.1,26.87,25168.48,,,,,
415,6/21/2026 16:18,70.1,8.31,7.09,69.99,39208.1,42700.2,27.26,25514.36,,,,,
416,6/21/2026 16:33,70.16,8.41,7.16,69.99,39477.1,42993.2,27.47,25689.41,,,,,
417,6/21/2026 16:48,69.82,8.47,7.21,69.62,39551.5,43277.8,27.66,25737.85,,,,,
418,6/21/2026 17:03,69.47,8.51,7.23,69.23,39580.7,43527.2,27.82,25756.81,,,,,
419,6/21/2026 17:18,69.02,8.55,7.26,68.81,39522.1,43697.4,27.93,25718.73,,,,,
420,6/21/2026 17:33,68.55,8.69,7.37,68.34,39567.5,44015.3,28.14,25748.25,,,,,
421,6/21/2026 17:48,68.22,8.69,7.36,68.01,39560.9,44198.4,28.26,25743.93,,,,,
422,6/21/2026 18:03,67.89,8.71,7.37,67.71,39577.2,44390.2,28.38,25754.54,,,,,
423,6/21/2026 18:18,67.74,8.69,7.35,67.58,39518.9,44396.3,28.38,25716.62,,,,,
424,6/21/2026 18:33,67.75,8.18,6.91,67.62,39589.4,44453.7,28.42,25762.52,,,,,
425,6/21/2026 18:48,68.39,8.43,7.15,68.55,39524,43847.9,28.03,25719.91,,,,,
426,6/21/2026 19:03,69.65,8.41,7.16,69.56,39407.9,43153.1,27.57,25644.37,,,,,
427,6/21/2026 19:18,69.91,8.21,7,69.83,39254.5,42835.4,27.35,25544.54,,,,,
428,6/21/2026 19:33,70.1,7.95,6.78,70,39057.9,42533.8,27.14,25416.66,,,,,
429,6/21/2026 19:48,70.23,7.7,6.58,70.1,38819.4,42216.5,26.92,25261.45,,,,,
430,6/21/2026 20:03,70.34,7.44,6.36,70.22,38648.5,41970.6,26.75,25150.22,,,,,
431,6/21/2026 20:18,70.45,7.2,6.17,70.34,38411.5,41648,26.53,24996,,,,,
432,6/21/2026 20:33,70.57,6.98,5.98,70.45,38198.4,41357.9,26.33,24857.29,,,,,
433,6/21/2026 20:48,70.7,6.74,5.79,70.6,37938.9,41001.9,26.08,24688.45,,,,,
434,6/21/2026 21:03,70.85,6.49,5.57,70.75,38279.7,41291.9,26.29,24910.25,,,,,
435,6/21/2026 21:18,71,6.17,5.3,70.9,38170.6,41093.6,26.15,24839.2,,,,,
436,6/21/2026 21:33,71.12,5.94,5.11,71.02,37698.6,40528,25.76,24532.08,,,,,
437,6/21/2026 21:48,71.25,5.73,4.93,71.14,37603.1,40362.8,25.64,24469.95,,,,,
438,6/21/2026 22:03,71.24,5.46,4.71,71.11,37583.1,40354.8,25.64,24456.89,,,,,
439,6/21/2026 22:18,71.14,5.2,4.48,70.99,37588.5,40423.3,25.68,24460.45,,,,,
440,6/21/2026 22:33,71.2,5.18,4.46,71.06,37583.2,40382.2,25.65,24456.99,,,,,
441,6/21/2026 22:48,71.2,4.92,4.24,71.09,37534.2,40313.2,25.61,24425.07,,,,,
442,6/21/2026 23:03,71.24,4.78,4.11,71.05,37663.7,40471.4,25.72,24509.35,,,,,
443,6/21/2026 23:18,71.22,4.52,3.9,71.07,37212.6,39978.6,25.37,24215.8,,,,,
444,6/21/2026 23:33,71.23,4.37,3.76,71.1,37493.2,40263.8,25.57,24398.44,,,,,
445,6/21/2026 23:48,71.19,4.22,3.63,71.02,37528.2,40342.1,25.63,24421.2,,,,,
446,6/22/2026 0:03,71.08,4.05,3.49,70.94,37080.1,39903.5,25.31,24129.59,,,,,
447,6/22/2026 0:18,71.03,3.93,3.39,70.87,37472.1,40358,25.63,24384.69,,,,,
448,6/22/2026 0:33,70.96,3.75,3.22,70.85,37879.1,40807.4,25.95,24649.55,,,,,
449,6/22/2026 0:48,70.92,3.57,3.07,70.76,37529.6,40474.6,25.71,24422.11,,,,,
450,6/22/2026 1:03,70.86,3.43,2.95,70.66,37627.8,40635.4,25.82,24486.02,,,,,
451,6/22/2026 1:18,71.13,3.73,3.21,71.01,37727.7,40562.1,25.78,24551.02,,,,,
452,6/22/2026 1:33,71.15,3.69,3.17,70.98,37689.6,40534.8,25.76,24526.23,,,,,
453,6/22/2026 1:48,70.86,3.95,3.4,70.65,37509.9,40513.6,25.74,24409.28,,,,,
454,6/22/2026 2:03,70.7,4.13,3.55,70.54,37419.2,40470.4,25.7,24350.26,,,,,
455,6/22/2026 2:18,70.59,4.13,3.55,70.4,37342.5,40458.7,25.69,24300.34,,,,,
456,6/22/2026 2:33,70.41,4.37,3.76,70.25,37286.8,40475.3,25.7,24264.12,,,,,
457,6/22/2026 2:48,70.34,4.6,3.97,70.17,37004.5,40209.8,25.51,24080.39,,,,,
458,6/22/2026 3:03,70.24,4.81,4.14,70.05,37262.9,40551.3,25.74,24248.51,,,,,
459,6/22/2026 3:18,69.98,5.23,4.49,69.8,37277.2,40697.2,25.84,24257.84,,,,,
460,6/22/2026 3:33,69.71,5.58,4.8,69.51,36979.8,40519.3,25.71,24064.31,,,,,
461,6/22/2026 3:48,69.33,6.15,5.28,69.12,37022,40772.4,25.87,24091.78,,,,,
462,6/22/2026 4:03,69.07,6.47,5.55,68.87,37273.4,41176.9,26.15,24255.36,,,,,
463,6/22/2026 4:18,68.8,6.78,5.81,68.59,37524.9,41607.1,26.44,24419.03,,,,,
464,6/22/2026 4:33,68.46,7.07,6.04,68.21,37916.7,42249.4,26.88,24674.01,,,,,
465,6/22/2026 4:48,68.09,7.22,6.15,67.87,38097.4,42637.8,27.15,24791.57,,,,,
466,6/22/2026 5:03,67.69,7.34,6.24,67.48,38230.7,43009.5,27.39,24878.33,,,,,
467,6/22/2026 5:18,67.28,7.47,6.35,67.04,38377.2,43421.5,27.67,24973.68,,,,,
468,6/22/2026 5:33,66.98,7.57,6.42,66.79,38524.8,43733.8,27.88,25069.74,,,,,
469,6/22/2026 5:48,66.84,7.57,6.42,66.68,38577.4,43858.7,27.96,25103.92,,,,,
470,6/22/2026 6:03,66.76,7.55,6.4,66.59,38611.4,43947.3,28.02,25126.07,,,,,
471,6/22/2026 6:18,66.71,7.36,6.24,66.56,38648.6,44011.5,28.07,25150.26,,,,,
472,6/22/2026 6:33,66.67,7.36,6.23,66.53,38639.3,44016.6,28.07,25144.22,,,,,
473,6/22/2026 6:48,66.82,6.98,5.92,66.77,38596,43823.8,27.94,25116.02,,,,,
474,6/22/2026 7:03,66.94,7.06,5.98,66.79,38589.8,43810.6,27.93,25112,,,,,
475,6/22/2026 7:18,67.1,7.05,5.99,67.21,38204.3,43128.4,27.47,24861.18,,,,,
476,6/22/2026 7:33,67.86,6.89,5.88,67.93,37900.7,42385,26.97,24663.58,,,,,
477,6/22/2026 7:48,68.18,6.74,5.76,68.23,37790.4,42097,26.78,24591.84,,,,,
478,6/22/2026 8:03,68.4,6.54,5.59,68.46,37609.9,41770.8,26.55,24474.34,,,,,
479,6/22/2026 8:18,68.76,6.4,5.48,68.7,37515.8,41536.5,26.4,24413.14,,,,,
480,6/22/2026 8:33,68.97,6.24,5.35,68.9,37434,41342.9,26.27,24359.91,,,,,
481,6/22/2026 8:48,69.21,6.05,5.19,69.13,37384.4,41163,26.15,24327.61,,,,,
482,6/22/2026 9:03,69.43,5.95,5.11,69.31,37346.7,41025.4,26.06,24303.07,,,,,
483,6/22/2026 9:18,69.62,5.77,4.96,69.5,37369.8,40955.1,26.01,24318.11,,,,,
484,6/22/2026 9:33,69.81,5.68,4.88,69.72,37341.1,40806,25.91,24299.43,,,,,
485,6/22/2026 9:48,69.98,5.52,4.74,69.88,37407.9,40795.4,25.91,24342.93,,,,,
486,6/22/2026 10:03,70.21,5.35,4.6,70.12,37437.5,40702.5,25.85,24362.17,,,,,
487,6/22/2026 10:18,70.46,5.38,4.63,70.4,37557.5,40691.6,25.85,24440.25,,,,,
488,6/22/2026 10:33,70.74,5.46,4.7,70.68,37734.5,40736.9,25.89,24555.46,,,,,
489,6/22/2026 10:48,71.03,5.24,4.51,71.02,37803,40637.5,25.83,24600.02,,,,,
490,6/22/2026 11:03,71.4,5.03,4.33,71.35,37958.2,40634.4,25.84,24700.98,,,,,
491,6/22/2026 11:18,71.69,4.9,4.22,71.67,38117.7,40646.8,25.86,24804.78,,,,,
492,6/22/2026 11:33,72.01,4.66,4.02,71.95,38202.1,40595.5,25.83,24859.73,,,,,
493,6/22/2026 11:48,72.19,4.76,4.09,72.06,38302.3,40645,25.87,24924.94,,,,,
494,6/22/2026 12:03,72.41,4.64,4,72.36,38396.7,40596.3,25.84,24986.37,,,,,
495,6/22/2026 12:18,72.59,4.56,3.93,72.52,38476.2,40596.7,25.85,25038.09,,,,,
496,6/22/2026 12:33,72.94,4.57,3.94,72.89,38574.5,40517.6,25.8,25102.03,,,,,
497,6/22/2026 12:48,73.1,4.62,3.98,73,38660.8,40554.6,25.83,25158.21,,,,,
498,6/22/2026 13:03,73.15,4.53,3.9,73.01,38682.4,40572,25.84,25172.29,,,,,
499,6/22/2026 13:18,73.15,4.53,3.91,73.04,38676.3,40552.1,25.83,25168.28,,,,,
500,6/22/2026 13:33,73.21,4.45,3.84,73.08,38648.4,40498.9,25.79,25150.17,,,,,
501,6/22/2026 13:48,73.15,4.37,3.77,73.03,38679.4,40558.1,25.83,25170.31,,,,,
502,6/22/2026 14:03,73.19,4.45,3.84,73.05,38626.8,40494.9,25.79,25136.11,,,,,
503,6/22/2026 14:18,72.98,4.97,4.28,72.74,38546.8,40563.6,25.83,25084.03,,,,,
504,6/22/2026 14:33,72.81,5.25,4.52,72.66,38506.8,40559.1,25.82,25058.01,,,,,
505,6/22/2026 14:48,72.6,5.24,4.51,72.44,38408.8,40568.7,25.82,24994.22,,,,,
506,6/22/2026 15:03,72.31,5.47,4.71,72.14,38271.7,40572,25.82,24905.01,,,,,
507,6/22/2026 15:18,72.19,5.52,4.76,72.06,38223.1,40558.3,25.81,24873.38,,,,,
508,6/22/2026 15:33,71.99,5.87,5.06,71.78,37934.2,40394.4,25.68,24685.4,,,,,
509,6/22/2026 15:48,71.74,6.13,5.28,71.53,37710.8,40280.3,25.6,24540,,,,,
510,6/22/2026 16:03,71.4,6.49,5.6,71.26,37448.7,40137.6,25.49,24369.45,,,,,
511,6/22/2026 16:18,70.98,6.98,6.01,70.78,37515.8,40451.4,25.7,24413.09,,,,,
512,6/22/2026 16:33,70.68,7.21,6.2,70.49,37751.6,40854.8,25.97,24566.56,,,,,
513,6/22/2026 16:48,70.33,7.54,6.47,70.09,38131.6,41474.1,26.4,24813.86,,,,,
514,6/22/2026 17:03,69.98,7.87,6.73,69.77,38518.9,42067.2,26.81,25065.87,,,,,
515,6/22/2026 17:18,69.7,8.11,6.92,69.52,38832,42542.9,27.14,25269.61,,,,,
516,6/22/2026 17:33,69.52,8.34,7.11,69.34,38891.1,42707.2,27.25,25308.08,,,,,
517,6/22/2026 17:48,69.36,8.4,7.14,69.16,39267.4,43221.4,27.6,25552.98,,,,,
518,6/22/2026 18:03,69.11,8.43,7.16,68.92,39321.4,43412.4,27.73,25588.11,,,,,
519,6/22/2026 18:18,68.89,8.44,7.17,68.7,39382.1,43605.8,27.86,25627.57,,,,,
520,6/22/2026 18:33,68.73,8.42,7.15,68.56,39429.8,43737.3,27.95,25658.62,,,,,
521,6/22/2026 18:48,68.53,8.44,7.16,68.32,39398,43838.9,28.01,25637.93,,,,,
522,6/22/2026 19:03,68.38,8.26,7,68.22,39452.1,43957.1,28.09,25673.14,,,,,
523,6/22/2026 19:18,68.45,7.54,6.39,68.36,39490,43916.8,28.07,25697.81,,,,,
524,6/22/2026 19:33,68.98,7.95,6.76,68.98,39072.9,43105.3,27.52,25426.4,,,,,
525,6/22/2026 19:48,69.19,7.78,6.63,69.17,38806.6,42705.4,27.24,25253.07,,,,,
526,6/22/2026 20:03,69.39,7.55,6.44,69.28,38608.3,42428.8,27.05,25124.07,,,,,
527,6/22/2026 20:18,69.55,7.41,6.34,69.47,38187.2,41862.3,26.65,24850.01,,,,,
528,6/22/2026 20:33,69.77,7.27,6.23,69.68,38015.6,41563.1,26.45,24738.39,,,,,
529,6/22/2026 20:48,69.91,7,6,69.8,37788.5,41252.7,26.23,24590.59,,,,,
530,6/22/2026 21:03,70.03,6.81,5.86,69.93,37419.6,40785.8,25.91,24350.5,,,,,
531,6/22/2026 21:18,70.12,6.65,5.71,70.01,37511.7,40844.4,25.95,24410.47,,,,,
532,6/22/2026 21:33,70.22,6.43,5.53,70.1,37407.1,40680.6,25.84,24342.4,,,,,
533,6/22/2026 21:48,70.31,6.31,5.43,70.18,37072.4,40275.4,25.55,24124.56,,,,,
534,6/22/2026 22:03,70.39,6.09,5.24,70.25,37279.1,40464.2,25.69,24259.1,,,,,
535,6/22/2026 22:18,70.44,5.85,5.08,70.3,35654.8,38677.5,24.44,23202.12,,,,,
536,6/22/2026 22:33,70.52,5.56,4.79,70.38,37160.8,40272.8,25.56,24182.1,,,,,
537,6/22/2026 22:48,70.44,4.94,4.26,70.35,37014.3,40127.6,25.46,24086.77,,,,,
538,6/22/2026 23:03,70.14,4.81,4.14,69.99,36781.7,40057.7,25.4,23935.41,,,,,
539,6/22/2026 23:18,70.18,4.86,4.2,70.06,36677.2,39908.6,25.29,23867.43,,,,,
540,6/22/2026 23:33,70.27,4.81,4.15,70.16,36649.7,39827.1,25.24,23849.53,,,,,
541,6/22/2026 23:48,70.27,4.75,4.1,70.11,36543.5,39738.7,25.18,23780.4,,,,,
542,6/23/2026 0:03,70.22,4.66,4.03,70.04,36372.7,39588,25.07,23669.26,,,,,
543,6/23/2026 0:18,70.12,4.51,3.9,69.96,36075.7,39302.2,24.87,23475.96,,,,,
544,6/23/2026 0:33,70.1,4.28,3.7,69.85,35887.1,39155.6,24.76,23353.27,,,,,
545,6/23/2026 0:48,70.06,4.29,3.71,69.87,35749.8,38995.1,24.65,23263.93,,,,,
546,6/23/2026 1:03,69.78,4.29,3.72,69.64,35265.8,38580.4,24.35,22948.92,,,,,
547,6/23/2026 1:18,69.65,4.18,3.63,69.41,34812.9,38194.8,24.08,22654.26,,,,,
548,6/23/2026 1:33,69.46,4.18,3.64,69.26,34470.6,37892,23.86,22431.45,,,,,
549,6/23/2026 1:48,69.29,4.1,3.57,69.11,34068.6,37522.3,23.6,22169.85,,,,,
550,6/23/2026 2:03,69.26,3.86,3.37,69.11,33822.8,37254.3,23.41,22009.95,,,,,
551,6/23/2026 2:18,69.36,3.67,3.2,69.24,33745.7,37105.4,23.31,21959.75,,,,,
552,6/23/2026 2:33,69.6,3.65,3.18,69.46,34312.1,37622.1,23.68,22328.36,,,,,
553,6/23/2026 2:48,69.48,3.89,3.38,69.3,34429.8,37829,23.82,22404.95,,,,,
554,6/23/2026 3:03,69.4,4.18,3.63,69.24,34847.9,38317.4,24.16,22677.03,,,,,
555,6/23/2026 3:18,69.44,4.31,3.74,69.31,35090.1,38546.6,24.32,22834.64,,,,,
556,6/23/2026 3:33,69.42,4.49,3.89,69.27,35203.3,38694.8,24.42,22908.28,,,,,
557,6/23/2026 3:48,69.36,4.6,3.98,69.23,35258.7,38771.7,24.47,22944.31,,,,,
558,6/23/2026 4:03,69.34,4.77,4.13,69.19,35297.2,38835.5,24.52,22969.41,,,,,
559,6/23/2026 4:18,69.26,5.11,4.43,69.1,35159.9,38729.6,24.44,22880.02,,,,,
560,6/23/2026 4:33,69.18,5.63,4.87,69.01,35315,38943.4,24.59,22980.97,,,,,
561,6/23/2026 4:48,68.96,6.14,5.3,68.78,35566.2,39339.8,24.86,23144.44,,,,,
562,6/23/2026 5:03,68.77,6.48,5.59,68.59,35877.8,39780.8,25.16,23347.22,,,,,
563,6/23/2026 5:18,68.61,6.65,5.73,68.43,36257.7,40283,25.51,23594.43,,,,,
564,6/23/2026 5:33,68.44,6.89,5.92,68.25,36653.8,40819.4,25.88,23852.15,,,,,
565,6/23/2026 5:48,68.17,7.11,6.09,67.96,37106.2,41479.2,26.33,24146.59,,,,,
566,6/23/2026 6:03,67.84,7.27,6.21,67.63,37375.2,41961.6,26.66,24321.63,,,,,
567,6/23/2026 6:18,67.58,7.35,6.27,67.39,37527.6,42269,26.87,24420.81,,,,,
568,6/23/2026 6:33,67.39,7.38,6.29,67.2,37660.4,42520.4,27.04,24507.24,,,,,
569,6/23/2026 6:48,67.23,7.44,6.33,67.05,37844,42815.2,27.24,24626.7,,,,,
570,6/23/2026 7:03,67.13,7.36,6.26,66.97,37912.8,42938.5,27.32,24671.45,,,,,
571,6/23/2026 7:18,67.08,7.32,6.23,66.91,37963.8,43026.7,27.38,24704.62,,,,,
572,6/23/2026 7:33,67.04,7.23,6.14,66.89,37964.2,43039.3,27.39,24704.89,,,,,
573,6/23/2026 7:48,67.11,6.5,5.53,66.95,37970.9,43013.5,27.38,24709.28,,,,,
574,6/23/2026 8:03,67.27,6.88,5.86,67.17,37730.4,42620.5,27.11,24552.8,,,,,
575,6/23/2026 8:18,67.34,6.81,5.8,67.25,37612.7,42439.6,26.98,24476.2,,,,,
576,6/23/2026 8:33,67.38,6.78,5.78,67.24,37683.1,42528,27.04,24522,,,,,
577,6/23/2026 8:48,67.48,6.74,5.75,67.34,37565.7,42338.8,26.91,24445.61,,,,,
578,6/23/2026 9:03,67.66,6.61,5.65,67.54,37251,41872.1,26.59,24240.83,,,,,
579,6/23/2026 9:18,67.78,6.27,5.38,67.71,36662.9,41118.5,26.07,23858.07,,,,,
580,6/23/2026 9:33,68.18,6.07,5.24,68.13,35692.6,39812.7,25.17,23226.67,,,,,
581,6/23/2026 9:48,68.06,6.19,5.32,67.92,36455.2,40777.1,25.84,23722.94,,,,,
582,6/23/2026 10:03,68.48,5.49,4.75,68.43,34916,38795.1,24.46,22721.35,,,,,
583,6/23/2026 10:18,68.51,5.55,4.8,68.28,35165.7,39145.9,24.71,22883.81,,,,,
584,6/23/2026 10:33,68.48,5.48,4.73,68.3,35361.1,39355.1,24.85,23010.94,,,,,
585,6/23/2026 10:48,68.51,5.35,4.63,68.37,35135.3,39071.2,24.66,22864.01,,,,,
586,6/23/2026 11:03,68.57,5.1,4.41,68.42,35138.4,39044.8,24.64,22866.02,,,,,
587,6/23/2026 11:18,68.65,4.94,4.28,68.5,34798.5,38627,24.35,22644.89,,,,,
588,6/23/2026 11:33,68.72,4.82,4.19,68.57,34281.7,38019,23.93,22308.58,,,,,
589,6/23/2026 11:48,68.73,4.59,3.99,68.6,34218.2,37935.4,23.87,22267.23,,,,,
590,6/23/2026 12:03,68.79,4.55,3.97,68.65,33665.8,37297.1,23.43,21907.77,,,,,
591,6/23/2026 12:18,68.85,4.43,3.88,68.72,32654.9,36144.6,22.63,21249.91,,,,,
592,6/23/2026 12:33,68.89,4.27,3.75,68.78,31627.9,34981.2,21.83,20581.59,,,,,
593,6/23/2026 12:48,68.97,4.31,3.81,68.83,30516.5,33733.4,20.98,19858.4,,,,,
594,6/23/2026 13:03,68.89,4.1,3.64,68.71,29643.7,32818.4,20.35,19290.38,,,,,
595,6/23/2026 13:18,68.82,3.88,3.46,68.67,28971.4,32091.9,19.85,18852.92,,,,,
596,6/23/2026 13:33,68.83,3.72,3.32,68.69,28677.8,31755.7,19.62,18661.83,,,,,
597,6/23/2026 13:48,68.85,3.66,3.27,68.7,28319.1,31354.2,19.35,18428.47,,,,,
598,6/23/2026 14:03,68.93,3.7,3.31,68.84,28053.2,31006,19.12,18255.38,,,,,
599,6/23/2026 14:18,68.93,3.24,2.89,68.74,28557.9,31603.2,19.52,18583.81,,,,,
600,6/23/2026 14:33,68.71,3.4,3.04,68.62,27970.1,31002.1,19.11,18201.31,,,,,
601,6/23/2026 14:48,68.75,3.36,3,68.67,28411.2,31471.3,19.43,18488.34,,,,,
602,6/23/2026 15:03,68.78,3.48,3.08,68.72,29909.1,33107.7,20.55,19463.13,,,,,
603,6/23/2026 15:18,69.13,3.81,3.37,68.98,30317.8,33446.6,20.78,19729.06,,,,,
604,6/23/2026 15:33,69.21,4.15,3.66,69.08,31448.4,34650.9,21.61,20464.81,,,,,
605,6/23/2026 15:48,69.26,4.3,3.78,69.14,31930.8,35155.8,21.96,20778.74,,,,,
606,6/23/2026 16:03,69.17,4.41,3.87,69,32419.8,35755.7,22.37,21096.92,,,,,
607,6/23/2026 16:18,69.21,4.88,4.27,69.12,33013.4,36355.2,22.79,21483.22,,,,,
608,6/23/2026 16:33,69.5,5.36,4.68,69.36,33660.4,36953.2,23.21,21904.27,,,,,
609,6/23/2026 16:48,69.47,5.91,5.14,69.32,34394.5,37779.8,23.78,22381.93,,,,,
610,6/23/2026 17:03,69.41,6.32,5.48,69.25,34829.9,38292.3,24.14,22665.28,,,,,
611,6/23/2026 17:18,69.21,6.67,5.78,69.03,35184.4,38791.4,24.48,22895.99,,,,,
612,6/23/2026 17:33,68.97,6.94,6,68.78,35679.4,39465,24.94,23218.07,,,,,
613,6/23/2026 17:48,68.74,7.21,6.21,68.54,36187.3,40149,25.42,23548.61,,,,,
614,6/23/2026 18:03,68.53,7.51,6.46,68.34,36573.7,40684.9,25.79,23800.06,,,,,
615,6/23/2026 18:18,68.34,7.74,6.64,68.16,36927.4,41175.8,26.12,24030.24,,,,,
616,6/23/2026 18:33,68.19,7.86,6.73,68.01,37171,41525.5,26.37,24188.77,,,,,
617,6/23/2026 18:48,68.01,7.99,6.83,67.81,37426.5,41919.2,26.64,24355.02,,,,,
618,6/23/2026 19:03,67.79,8.06,6.88,67.63,37626.1,42246.3,26.86,24484.92,,,,,
619,6/23/2026 19:18,67.68,8.03,6.85,67.49,37738.1,42446.4,27,24557.79,,,,,
620,6/23/2026 19:33,67.52,8.12,6.92,67.33,37770.8,42576,27.08,24579.08,,,,,
621,6/23/2026 19:48,67.38,7.96,6.78,67.22,37812.5,42683.1,27.15,24606.22,,,,,
622,6/23/2026 20:03,67.3,7.86,6.69,67.15,37857.1,42769.5,27.21,24635.22,,,,,
623,6/23/2026 20:18,67.32,7.31,6.23,67.18,37866.4,42768,27.21,24641.29,,,,,
624,6/23/2026 20:33,67.6,7.55,6.47,67.48,36604.5,41180,26.1,23820.08,,,,,
625,6/23/2026 20:48,67.94,7.29,6.25,68.08,36892.4,41176.9,26.12,24007.47,,,,,
626,6/23/2026 21:03,68.21,7.12,6.11,68.24,36617.6,40784.9,25.85,23828.65,,,,,
627,6/23/2026 21:18,68.36,6.95,5.98,68.41,36252.9,40291.6,25.51,23591.28,,,,,
628,6/23/2026 21:33,68.48,6.69,5.77,68.55,35869.6,39791,25.16,23341.86,,,,,
629,6/23/2026 21:48,68.57,6.62,5.72,68.53,35500.9,39395.6,24.89,23101.93,,,,,
630,6/23/2026 22:03,68.6,6.33,5.47,68.66,35195.8,38989.5,24.61,22903.42,,,,,
631,6/23/2026 22:18,68.9,5.9,5.11,68.84,35079.2,38771.7,24.46,22827.53,,,,,
632,6/23/2026 22:33,68.93,5.76,4.99,68.85,34945.7,38616,24.35,22740.62,,,,,
633,6/23/2026 22:48,69.01,5.43,4.71,68.94,34452.6,38029.1,23.95,22419.75,,,,,
634,6/23/2026 23:03,69.06,5.12,4.49,68.94,32273,35620.8,22.28,21001.43,,,,,
635,6/23/2026 23:18,69.05,4.85,4.23,68.93,33543.8,37028.6,23.25,21828.38,,,,,
636,6/23/2026 23:33,69.02,4.7,4.1,68.9,33368.4,36850.2,23.13,21714.23,,,,,
637,6/23/2026 23:48,68.94,4.34,3.79,68.8,33011.1,36503.6,22.88,21481.74,,,,,
638,6/24/2026 0:03,68.89,4.01,3.52,68.74,31686.7,35068.1,21.89,20619.88,,,,,
639,6/24/2026 0:18,68.81,3.56,3.13,68.64,32097.5,35564.6,22.23,20887.21,,,,,
640,6/24/2026 0:33,68.74,3.46,3.05,68.57,30989.6,34370.3,21.41,20166.23,,,,,
641,6/24/2026 0:48,68.71,3.28,2.88,68.55,32195.8,35718,22.33,20951.17,,,,,
642,6/24/2026 1:03,68.69,3.14,2.76,68.52,31279.3,34715.7,21.64,20354.76,,,,,
643,6/24/2026 1:18,68.59,2.97,2.63,68.43,29588.9,32876.1,20.38,19254.74,,,,,
644,6/24/2026 1:33,68.53,2.75,2.44,68.36,29373.3,32666.1,20.23,19114.46,,,,,
645,6/24/2026 1:48,68.49,2.54,2.25,68.33,29856.4,33217.2,20.61,19428.84,,,,,
646,6/24/2026 2:03,68.42,2.42,2.15,68.27,28665.6,31914.5,19.72,18653.9,,,,,
647,6/24/2026 2:18,68.42,2.47,2.19,68.24,29591.1,32958.7,20.43,19256.17,,,,,
648,6/24/2026 2:33,68.35,2.68,2.39,68.21,28304.4,31538.7,19.46,18418.86,,,,,
649,6/24/2026 2:48,68.34,2.71,2.41,68.17,28997.8,32327.1,20,18870.09,,,,,
650,6/24/2026 3:03,68.3,2.67,2.39,68.15,27815.7,31020.1,19.11,18100.85,,,,,
651,6/24/2026 3:18,68.29,2.67,2.38,68.13,28782.9,32105.5,19.85,18730.27,,,,,
652,6/24/2026 3:33,68.41,2.62,2.32,68.28,29866.3,33249,20.63,19435.27,,,,,
653,6/24/2026 3:48,68.27,2.86,2.54,68.12,29233.4,32612.5,20.19,19023.43,,,,,
654,6/24/2026 4:03,68.24,3.07,2.71,68.07,30293.6,33816.4,21.01,19713.32,,,,,
655,6/24/2026 4:18,68.28,3.35,2.95,68.12,31232,34839.7,21.72,20323.97,,,,,
656,6/24/2026 4:33,68.29,3.55,3.13,68.13,31183.6,34783.2,21.68,20292.47,,,,,
657,6/24/2026 4:48,68.28,3.69,3.23,68.15,31987.3,35672.2,22.29,20815.47,,,,,
658,6/24/2026 5:03,68.24,3.96,3.47,68.1,32310.1,36054.9,22.55,21025.57,,,,,
659,6/24/2026 5:18,68.35,4.41,3.85,68.25,32764.8,36491,22.86,21321.45,,,,,
660,6/24/2026 5:33,68.35,4.89,4.26,68.19,33387.1,37212.6,23.36,21726.41,,,,,
661,6/24/2026 5:48,68.21,5.25,4.56,68.03,33886.5,37845.7,23.79,22051.39,,,,,
662,6/24/2026 6:03,68.07,5.56,4.83,67.89,34265.2,38338.2,24.13,22297.84,,,,,
663,6/24/2026 6:18,67.92,5.9,5.11,67.73,34707.5,38914.6,24.53,22585.62,,,,,
664,6/24/2026 6:33,67.7,6.24,5.39,67.5,35209.3,39596.6,24.99,22912.2,,,,,
665,6/24/2026 6:48,67.44,6.5,5.6,67.25,35612.1,40182.2,25.4,23174.31,,,,,
666,6/24/2026 7:03,67.24,6.64,5.71,67.06,35875.8,40582.7,25.67,23345.88,,,,,
667,6/24/2026 7:18,67.03,6.78,5.82,66.84,36091.8,40942.7,25.91,23486.45,,,,,
668,6/24/2026 7:33,66.84,6.92,5.92,66.65,36317.3,41306.8,26.16,23633.22,,,,,
669,6/24/2026 7:48,66.69,6.8,5.82,66.52,36447.8,41523.1,26.31,23718.13,,,,,
670,6/24/2026 8:03,66.62,6.85,5.86,66.45,36517.6,41641.1,26.39,23763.55,,,,,
671,6/24/2026 8:18,66.57,6.92,5.91,66.39,36666.2,41843.3,26.53,23860.22,,,,,
672,6/24/2026 8:33,66.53,6.76,5.78,66.37,36713.8,41909.6,26.58,23891.22,,,,,
673,6/24/2026 8:48,66.57,6.5,5.55,66.42,36746.4,41922.9,26.59,23912.45,,,,,
674,6/24/2026 9:03,66.62,6.21,5.31,66.49,36741.5,41878.5,26.56,23909.26,,,,,
675,6/24/2026 9:18,66.84,6.48,5.55,66.72,36480.4,41454,26.27,23739.34,,,,,
676,6/24/2026 9:33,67.3,6.46,5.56,67.67,35755.4,40123.3,25.37,23267.57,,,,,
677,6/24/2026 9:48,67.03,6.38,5.46,66.92,36290.8,41127.7,26.05,23615.98,,,,,
678,6/24/2026 10:03,67.11,6.28,5.38,66.97,36267.3,41071.9,26.01,23600.64,,,,,
679,6/24/2026 10:18,67.26,6.23,5.35,67.2,36111.3,40774.1,25.81,23499.12,,,,,
680,6/24/2026 10:33,67.32,6.2,5.32,67.1,36198.6,40927.6,25.91,23555.99,,,,,
681,6/24/2026 10:48,67.96,5.93,5.13,68.42,35105.9,39008.8,24.61,22844.92,,,,,
682,6/24/2026 11:03,68.2,5.96,5.15,67.84,35233.1,39448.7,24.9,22927.66,,,,,
683,6/24/2026 11:18,68.81,5.8,5.03,69,34957.6,38554.7,24.31,22748.41,,,,,
684,6/24/2026 11:33,69.25,5.49,4.77,69.29,34560.1,37974.8,23.92,22489.72,,,,,
685,6/24/2026 11:48,69.62,5.5,4.79,69.68,34438.3,37651.9,23.7,22410.46,,,,,
686,6/24/2026 12:03,69.75,5.51,4.79,69.82,34567.9,37729,23.76,22494.78,,,,,
687,6/24/2026 12:18,70.34,5.49,4.79,70.39,34438.3,37314.7,23.49,22410.46,,,,,
688,6/24/2026 12:33,70.75,5.38,4.7,71.04,34364.7,36933.9,23.24,22362.55,,,,,
689,6/24/2026 12:48,71.57,5.28,4.62,71.51,34240.4,36585.8,23.01,22281.69,,,,,
690,6/24/2026 13:03,71.78,5.24,4.59,71.71,34011.6,36248.9,22.78,22132.79,,,,,
691,6/24/2026 13:18,72.52,5.43,4.76,72.58,34169.8,36026.7,22.65,22235.72,,,,,
692,6/24/2026 13:33,72.72,5.07,4.46,72.62,33846.4,35669.2,22.4,22025.32,,,,,
693,6/24/2026 13:48,73.18,5.12,4.5,73.2,33858.8,35430.8,22.24,22033.34,,,,,
694,6/24/2026 14:03,73.88,5.15,4.54,73.83,33959.8,35264.5,22.14,22099.06,,,,,
695,6/24/2026 14:18,74.49,5.03,4.43,74.47,34033.6,35067.8,22.02,22147.11,,,,,
696,6/24/2026 14:33,75.05,5.21,4.6,75.28,34091,34789.4,21.84,22184.48,,,,,
697,6/24/2026 14:48,75.96,5.27,4.66,76.03,34302.2,34693.2,21.78,22321.9,,,,,
698,6/24/2026 15:03,76.12,5.13,4.53,76.25,34211.8,34513.3,21.66,22263.09,,,,,
699,6/24/2026 15:18,73.48,4.76,4.21,73.56,32750.9,34118.6,21.34,21312.37,,,,,
700,6/24/2026 15:33,73.72,4.81,4.25,73.59,32763.8,34123.1,21.35,21320.79,,,,,
701,6/24/2026 15:48,73.42,5.17,4.55,73.33,33376,34868.2,21.86,21719.2,,,,,
702,6/24/2026 16:03,72.94,5.48,4.81,72.74,34162.5,35949.9,22.6,22231.01,,,,,
703,6/24/2026 16:18,72.34,5.55,4.86,72.16,34378.3,36434.8,22.92,22371.39,,,,,
704,6/24/2026 16:33,72.82,5.91,5.18,72.8,34332.6,36102.6,22.7,22341.69,,,,,
705,6/24/2026 16:48,72.87,6,5.25,72.73,34675.9,36495,22.97,22565.1,,,,,
706,6/24/2026 17:03,72.9,6.27,5.49,72.78,34985.3,36798.7,23.19,22766.4,,,,,
707,6/24/2026 17:18,72.73,6.52,5.7,72.58,35136.8,37048.7,23.36,22865.01,,,,,
708,6/24/2026 17:33,72.4,6.85,5.96,72.19,35653.3,37773.6,23.85,23201.1,,,,,
709,6/24/2026 17:48,71.99,7.11,6.17,71.78,36073.7,38413.2,24.29,23474.69,,,,,
710,6/24/2026 18:03,71.68,7.38,6.39,71.48,36538.7,39052,24.73,23777.3,,,,,
711,6/24/2026 18:18,71.41,7.62,6.59,71.22,36656.5,39307,24.9,23853.95,,,,,
712,6/24/2026 18:33,71.12,7.95,6.86,70.91,37165.6,40006.2,25.39,24185.21,,,,,
713,6/24/2026 18:48,70.98,8.29,7.14,70.84,37569.2,40476.2,25.72,24447.84,,,,,
714,6/24/2026 19:03,71.03,8.58,7.37,70.88,38013.6,40935.6,26.04,24737.03,,,,,
715,6/24/2026 19:18,71.05,8.72,7.48,70.91,38281.6,41207.6,26.23,24911.48,,,,,
716,6/24/2026 19:33,71.01,8.88,7.61,70.85,38549.9,41530.1,26.46,25086.08,,,,,
717,6/24/2026 19:48,70.81,9.06,7.76,70.61,38670,41786.3,26.63,25164.18,,,,,
718,6/24/2026 20:03,70.46,9.16,7.84,70.29,38713.2,42003.7,26.78,25192.33,,,,,
719,6/24/2026 20:18,70.24,9.14,7.81,70.04,38725.6,42148.9,26.87,25200.39,,,,,
720,6/24/2026 20:33,69.99,9.02,7.71,69.83,38728.7,42264.5,26.95,25202.38,,,,,
721,6/24/2026 20:48,69.85,8.96,7.66,69.68,38694.7,42308.3,26.97,25180.25,,,,,
722,6/24/2026 21:03,69.72,8.78,7.49,69.57,38744.2,42423.4,27.05,25212.47,,,,,
723,6/24/2026 21:18,70.01,8.32,7.11,70.01,38725.5,42163.1,26.88,25200.31,,,,,
724,6/24/2026 21:33,70.54,8.3,7.12,70.48,38321.3,41474.2,26.41,24937.29,,,,,
725,6/24/2026 21:48,70.8,8.11,6.96,70.7,38098.1,41121,26.17,24792.02,,,,,
726,6/24/2026 22:03,70.84,7.78,6.68,70.71,37809,40803.4,25.94,24603.89,,,,,
727,6/24/2026 22:18,70.88,7.49,6.45,70.74,37511.8,40469.1,25.71,24410.53,,,,,
728,6/24/2026 22:33,70.92,7.2,6.21,70.79,37178.6,40082.4,25.44,24193.68,,,,,
729,6/24/2026 22:48,70.99,6.94,5.99,70.87,36890.5,39734.3,25.19,24006.23,,,,,
730,6/24/2026 23:03,71.05,6.79,5.87,70.94,36586.6,39372.4,24.94,23808.45,,,,,
731,6/24/2026 23:18,71.14,6.55,5.7,71.02,34966.3,37590.7,23.7,22754.07,,,,,
732,6/24/2026 23:33,71.23,6.37,5.57,71.09,34218.5,36752.1,23.11,22267.44,,,,,
733,6/24/2026 23:48,71.3,6.18,5.4,71.16,34051.8,36543.5,22.97,22158.95,,,,,
734,6/25/2026 0:03,71.33,5.9,5.13,71.21,35764.1,38355.2,24.24,23273.18,,,,,
735,6/25/2026 0:18,71.38,5.61,4.88,71.26,35529.1,38080.1,24.04,23120.28,,,,,
736,6/25/2026 0:33,71.26,5.08,4.42,71.19,35372.5,37945.5,23.95,23018.38,,,,,
737,6/25/2026 0:48,71.15,4.97,4.32,71,35255.7,37909.4,23.92,22942.35,,,,,
738,6/25/2026 1:03,71.17,4.8,4.18,71.05,35131.2,37750.1,23.81,22861.33,,,,,
739,6/25/2026 1:18,71.27,4.62,4.03,71.15,34955.3,37515.6,23.65,22746.92,,,,,
740,6/25/2026 1:33,71.31,4.6,4.01,71.17,34748.6,37286.2,23.49,22612.38,,,,,
741,6/25/2026 1:48,71.27,4.36,3.8,71.14,34506.9,37036.8,23.31,22455.08,,,,,
742,6/25/2026 2:03,71.24,4.08,3.56,71.09,34231.5,36766,23.12,22275.88,,,,,
743,6/25/2026 2:18,71.14,3.64,3.18,70.98,34003.6,36570.5,22.99,22127.56,,,,,
744,6/25/2026 2:33,71.09,3.37,2.95,70.92,33678.5,36247.7,22.76,21916.01,,,,,
745,6/25/2026 2:48,70.99,3,2.63,70.84,33436.5,36026.1,22.6,21758.51,,,,,
746,6/25/2026 3:03,70.95,3.2,2.81,70.8,33167.1,35755.3,22.42,21583.26,,,,,
747,6/25/2026 3:18,70.89,3.07,2.69,70.73,32925.6,35523.6,22.25,21426.06,,,,,
748,6/25/2026 3:33,70.83,3.1,2.72,70.66,32710.3,35324.9,22.12,21285.99,,,,,
749,6/25/2026 3:48,70.78,3.06,2.7,70.65,32492.9,35092.5,21.95,21144.53,,,,,
750,6/25/2026 4:03,70.78,3.04,2.68,70.62,32384,34986.6,21.88,21073.61,,,,,
751,6/25/2026 4:18,70.71,3.06,2.7,70.56,32340.8,34966,21.87,21045.51,,,,,
752,6/25/2026 4:33,70.76,3.06,2.7,70.69,32520.9,35106,21.96,21162.7,,,,,
753,6/25/2026 4:48,70.54,3.44,3.03,70.31,32761.2,35533.7,22.25,21319.12,,,,,
754,6/25/2026 5:03,70.36,3.78,3.31,70.24,33050.3,35881.4,22.49,21507.24,,,,,
755,6/25/2026 5:18,70.33,4.02,3.52,70.19,33397.2,36280.2,22.76,21732.98,,,,,
756,6/25/2026 5:33,70.25,4.22,3.69,70.07,33645.6,36607.4,22.99,21894.64,,,,,
757,6/25/2026 5:48,70.02,4.35,3.8,69.86,33860.3,36936.5,23.21,22034.3,,,,,
758,6/25/2026 6:03,70.05,4.58,3.99,69.88,33930.5,37003,23.26,22080.01,,,,,
759,6/25/2026 6:18,69.91,4.85,4.23,69.8,33976.8,37091.5,23.32,22110.13,,,,,
760,6/25/2026 6:33,69.94,5.3,4.62,69.77,34203.6,37354.4,23.5,22257.74,,,,,
761,6/25/2026 6:48,69.78,5.72,4.98,69.6,34564.6,37828.9,23.83,22492.66,,,,,
762,6/25/2026 7:03,69.66,6.03,5.23,69.5,34894.5,38242.3,24.11,22707.33,,,,,
763,6/25/2026 7:18,69.58,6.36,5.51,69.43,35365.3,38792.8,24.49,23013.67,,,,,
764,6/25/2026 7:33,69.48,6.68,5.78,69.31,35797.5,39326.3,24.86,23294.93,,,,,
765,6/25/2026 7:48,69.3,6.96,6,69.13,36169.9,39828.4,25.21,23537.26,,,,,
766,6/25/2026 8:03,69.13,7.18,6.18,68.94,36432.2,40214.3,25.47,23707.98,,,,,
767,6/25/2026 8:18,69,7.32,6.29,68.83,36607.6,40463.8,25.65,23822.13,,,,,
768,6/25/2026 8:33,68.78,7.36,6.33,68.62,36737.3,40716.8,25.82,23906.5,,,,,
769,6/25/2026 8:48,68.65,7.45,6.39,68.48,36848.1,40916.2,25.95,23978.6,,,,,
770,6/25/2026 9:03,68.56,7.3,6.26,68.39,36902.5,41025,26.03,24013.99,,,,,
771,6/25/2026 9:18,68.48,7.4,6.35,68.35,37012.6,41167.4,26.12,24085.64,,,,,
772,6/25/2026 9:33,68.5,7.27,6.24,68.37,36997.5,41142,26.11,24075.83,,,,,
773,6/25/2026 9:48,68.54,6.55,5.62,68.45,37027.7,41132.7,26.1,24095.46,,,,,
774,6/25/2026 10:03,68.82,6.71,5.76,68.75,36877.1,40804,25.88,23997.5,,,,,
775,6/25/2026 10:18,68.98,6.79,5.83,68.87,36866.1,40726.9,25.83,23990.33,,,,,
776,6/25/2026 10:33,69.08,7.01,6.02,68.95,36847.3,40664.1,25.79,23978.12,,,,,
777,6/25/2026 10:48,69.17,6.84,5.88,69.05,36795.9,40559.7,25.72,23944.64,,,,,
778,6/25/2026 11:03,69.35,6.81,5.86,69.3,36641.6,40259.2,25.52,23844.24,,,,,
779,6/25/2026 11:18,69.39,6.78,5.84,69.29,36599.1,40218,25.49,23816.58,,,,,
780,6/25/2026 11:33,69.53,6.69,5.76,69.42,36490.2,40029.5,25.36,23745.69,,,,,
781,6/25/2026 11:48,69.99,6.39,5.52,69.99,36245.2,39473.4,24.99,23586.27,,,,,
782,6/25/2026 12:03,70.24,6.44,5.57,70.38,36073.1,39091.4,24.73,23474.3,,,,,
783,6/25/2026 12:18,70.48,6.33,5.49,70.47,35730.6,38678.1,24.44,23251.39,,,,,
784,6/25/2026 12:33,71,6.08,5.28,70.97,35869.6,38585.1,24.39,23341.86,,,,,
785,6/25/2026 12:48,71.39,6.01,5.22,71.45,35719.5,38194.3,24.13,23244.2,,,,,
786,6/25/2026 13:03,71.82,5.92,5.15,71.77,35682,38001.2,24,23219.76,,,,,
787,6/25/2026 13:18,72.13,5.97,5.2,72.21,35717.9,37832,23.89,23243.18,,,,,
788,6/25/2026 13:33,72.63,5.88,5.13,72.68,35796.1,37693.9,23.81,23294.04,,,,,
789,6/25/2026 13:48,73.2,5.93,5.18,73.31,35870.4,37484,23.68,23342.4,,,,,
790,6/25/2026 14:03,73.72,5.79,5.06,73.63,35823.2,37287.4,23.55,23311.69,,,,,
791,6/25/2026 14:18,74.03,5.78,5.05,73.99,35900.9,37207.1,23.5,23362.21,,,,,
792,6/25/2026 14:33,74.24,5.56,4.86,74.21,35854.4,37062,23.4,23331.97,,,,,
793,6/25/2026 14:48,74.42,5.27,4.61,74.31,35728.3,36885.9,23.28,23249.91,,,,,
794,6/25/2026 15:03,74.8,5.09,4.46,74.77,35789.6,36745.6,23.19,23289.8,,,,,
795,6/25/2026 15:18,75.21,5,4.38,75.2,35842.5,36609.8,23.1,23324.24,,,,,
796,6/25/2026 15:33,75.46,4.81,4.22,75.49,35742.2,36385.1,22.95,23258.96,,,,,
797,6/25/2026 15:48,76.35,4.86,4.27,76.22,35995.7,36326.8,22.92,23423.95,,,,,
798,6/25/2026 16:03,75.05,4.75,4.18,74.71,34913.8,35872,22.58,22719.86,,,,,
799,6/25/2026 16:18,74.15,4.54,3.99,73.69,34716.1,36109,22.73,22591.26,,,,,
800,6/25/2026 16:33,74.2,4.86,4.26,74.16,34880,36076,22.71,22697.91,,,,,
801,6/25/2026 16:48,74.43,5.53,4.84,74.33,35529.4,36673.5,23.13,23120.51,,,,,
802,6/25/2026 17:03,74.48,5.59,4.9,74.3,35429,36581.7,23.07,23055.14,,,,,
803,6/25/2026 17:18,74.19,5.89,5.15,74.01,35738.8,37031.8,23.38,23256.72,,,,,
804,6/25/2026 17:33,74.08,6.12,5.34,73.92,35940.5,37282.3,23.55,23388,,,,,
805,6/25/2026 17:48,73.89,6.29,5.49,73.73,36103.5,37534.8,23.72,23494.04,,,,,
806,6/25/2026 18:03,73.91,6.6,5.76,73.79,36170.7,37577.6,23.75,23537.82,,,,,
807,6/25/2026 18:18,73.88,6.7,5.85,73.73,36055.7,37485.2,23.69,23462.99,,,,,
808,6/25/2026 18:33,73.39,6.96,6.07,73.18,35970.4,37650.4,23.79,23407.43,,,,,
809,6/25/2026 18:48,72.98,7.38,6.42,72.8,36308.3,38180.2,24.15,23627.37,,,,,
810,6/25/2026 19:03,72.77,7.79,6.76,72.64,36597.2,38560.5,24.41,23815.37,,,,,
811,6/25/2026 19:18,72.59,8.06,6.99,72.38,37029.9,39138.2,24.81,24096.91,,,,,
812,6/25/2026 19:33,72.17,8.55,7.39,71.99,37465.6,39791.6,25.26,24380.46,,,,,
813,6/25/2026 19:48,71.98,8.97,7.73,71.84,37851.7,40276.9,25.6,24631.71,,,,,
814,6/25/2026 20:03,71.94,9.24,7.96,71.8,38103,40566,25.8,24795.24,,,,,
815,6/25/2026 20:18,71.87,9.55,8.21,71.73,38348.1,40862.4,26.01,24954.73,,,,,
816,6/25/2026 20:33,71.78,9.65,8.29,71.6,38488.5,41078,26.16,25046.12,,,,,
817,6/25/2026 20:48,71.58,9.78,8.41,71.39,38278.1,40957.7,26.07,24909.18,,,,,
818,6/25/2026 21:03,71.39,9.79,8.39,71.23,38660.8,41453.4,26.42,25158.21,,,,,
819,6/25/2026 21:18,71.23,9.86,8.45,71.05,38688.6,41572.7,26.5,25176.29,,,,,
820,6/25/2026 21:33,71.08,9.65,8.27,70.92,38676.2,41626.7,26.53,25168.23,,,,,
821,6/25/2026 21:48,70.99,9.49,8.13,70.84,38673.1,41665.5,26.55,25166.22,,,,,
822,6/25/2026 22:03,71.13,8.9,7.63,71.1,38642.2,41497.7,26.44,25146.12,,,,,
823,6/25/2026 22:18,71.49,8.76,7.53,71.43,38281.7,40942.3,26.06,24911.55,,,,,
824,6/25/2026 22:33,71.69,8.53,7.34,71.58,38109.7,40681.9,25.88,24799.61,,,,,
825,6/25/2026 22:48,71.78,8.26,7.12,71.67,37849.8,40361.1,25.66,24630.44,,,,,
826,6/25/2026 23:03,71.87,7.77,6.71,71.76,37417.8,39852.5,25.3,24349.34,,,,,
827,6/25/2026 23:18,71.97,7.51,6.48,71.91,37918,40309.8,25.63,24674.87,,,,,
828,6/25/2026 23:33,72.13,7.21,6.25,72.05,36905.9,39168.4,24.83,24016.22,,,,,
829,6/25/2026 23:48,72.23,6.9,5.98,72.13,36730.4,38940.6,24.67,23902.02,,,,,
830,6/26/2026 0:03,72.32,6.66,5.78,72.21,36517.2,38678.5,24.49,23763.28,,,,,
831,6/26/2026 0:18,72.4,6.46,5.61,72.3,36320.7,38429.5,24.31,23635.41,,,,,
832,6/26/2026 0:33,72.47,6.22,5.46,72.33,33881.1,35833.9,22.51,22047.84,,,,,
833,6/26/2026 0:48,72.52,6.01,5.27,72.39,34265,36211.1,22.77,22297.72,,,,,
834,6/26/2026 1:03,72.56,5.83,5.14,72.45,32795.5,34635.1,21.68,21341.42,,,,,
835,6/26/2026 1:18,72.62,5.54,4.82,72.49,35949.7,37946.1,23.98,23394,,,,,
836,6/26/2026 1:33,72.56,5.45,4.74,72.38,35946,37995.1,24.01,23391.59,,,,,
837,6/26/2026 1:48,72.47,5.24,4.56,72.35,35979.3,38045.4,24.05,23413.22,,,,,
838,6/26/2026 2:03,72.53,5,4.36,72.42,35204.1,37191.2,23.45,22908.79,,,,,
839,6/26/2026 2:18,72.58,4.85,4.23,72.46,35767.2,37766,23.85,23275.26,,,,,
840,6/26/2026 2:33,72.61,4.6,4.01,72.48,35630.3,37614,23.75,23186.17,,,,,
841,6/26/2026 2:48,72.6,4.23,3.69,72.49,35507.2,37481.5,23.66,23106.05,,,,,
842,6/26/2026 3:03,72.57,3.83,3.34,72.45,35274.9,37253.6,23.5,22954.89,,,,,
843,6/26/2026 3:18,72.53,3.5,3.05,72.39,35148.2,37144.4,23.42,22872.41,,,,,
844,6/26/2026 3:33,72.48,3.08,2.69,72.33,35008.9,37024.3,23.33,22781.76,,,,,
845,6/26/2026 3:48,72.48,3.19,2.79,72.35,34818.8,36818.3,23.19,22658.06,,,,,
846,6/26/2026 4:03,72.46,2.96,2.59,72.31,34563.8,36563.2,23.01,22492.1,,,,,
847,6/26/2026 4:18,72.44,2.92,2.56,72.3,34330.1,36320.9,22.84,22340.06,,,,,
848,6/26/2026 4:33,72.44,2.88,2.53,72.32,34188.7,36161.7,22.73,22248.03,,,,,
849,6/26/2026 4:48,72.44,2.79,2.45,72.32,34062.7,36030.8,22.64,22166.07,,,,,
850,6/26/2026 5:03,72.42,2.87,2.52,72.28,33958.8,35937.7,22.58,22098.46,,,,,
851,6/26/2026 5:18,72.42,2.76,2.42,72.31,34008.3,35975.7,22.6,22130.63,,,,,
852,6/26/2026 5:33,72.48,2.96,2.59,72.31,34106.9,36080,22.68,22194.82,,,,,
853,6/26/2026 5:48,72.31,3.45,3.02,72.17,34518.9,36581.4,23.02,22462.88,,,,,
854,6/26/2026 6:03,72.21,3.47,3.03,72.02,34518.3,36646.6,23.06,22462.49,,,,,
855,6/26/2026 6:18,72.16,3.83,3.34,72.03,34804.8,36948.4,23.27,22648.95,,,,,
856,6/26/2026 6:33,72.09,3.98,3.48,71.92,34952.6,37154.8,23.42,22745.15,,,,,
857,6/26/2026 6:48,71.98,4.2,3.67,71.85,35065.6,37307.3,23.52,22818.67,,,,,
858,6/26/2026 7:03,71.87,4.27,3.73,71.69,34906.2,37209.8,23.45,22714.91,,,,,
859,6/26/2026 7:18,71.8,4.65,4.06,71.65,34848.9,37171.2,23.42,22677.67,,,,,
860,6/26/2026 7:33,71.69,5.12,4.47,71.51,34830.3,37216.1,23.45,22665.55,,,,,
861,6/26/2026 7:48,71.52,5.61,4.89,71.34,34954.2,37426.3,23.59,22746.19,,,,,
862,6/26/2026 8:03,71.37,5.91,5.15,71.21,35145.7,37692,23.77,22870.79,,,,,
863,6/26/2026 8:18,71.23,6.24,5.42,71.06,35549.7,38194.6,24.12,23133.68,,,,,
864,6/26/2026 8:33,71.04,6.68,5.79,70.85,35998.2,38781,24.52,23425.55,,,,,
865,6/26/2026 8:48,70.82,6.97,6.03,70.66,36276.2,39175.8,24.8,23606.49,,,,,
866,6/26/2026 9:03,70.65,7.17,6.2,70.48,36469.2,39472.4,25,23732.07,,,,,
867,6/26/2026 9:18,70.47,7.39,6.38,70.3,36701.9,39813.2,25.23,23883.45,,,,,
868,6/26/2026 9:33,70.26,7.45,6.43,70.08,36821.4,40057.3,25.4,23961.27,,,,,
869,6/26/2026 9:48,70.12,7.4,6.38,69.97,36921.6,40221,25.51,24026.46,,,,,
870,6/26/2026 10:03,70.03,7.33,6.31,69.88,37002.6,40356,25.6,24079.15,,,,,
871,6/26/2026 10:18,69.95,7.39,6.36,69.85,37034.4,40407.4,25.64,24099.88,,,,,
872,6/26/2026 10:33,70.07,6.76,5.82,70,37004.1,40294.4,25.56,24080.13,,,,,
873,6/26/2026 10:48,70.23,6.93,5.97,70.14,36845.6,40053.5,25.4,23976.97,,,,,
874,6/26/2026 11:03,70.3,6.56,5.66,70.17,36708.1,39885,25.28,23887.48,,,,,
875,6/26/2026 11:18,70.33,6.51,5.62,70.17,36695.6,39874.2,25.27,23879.4,,,,,
876,6/26/2026 11:33,70.62,6.63,5.73,70.42,36582.8,39624.9,25.1,23805.99,,,,,
877,6/26/2026 11:48,70.64,6.66,5.76,70.53,36497.7,39476.4,25,23750.6,,,,,
878,6/26/2026 12:03,70.67,6.56,5.68,70.59,36417.1,39362.6,24.92,23698.17,,,,,
879,6/26/2026 12:18,71.18,6.2,5.39,71.28,35679.4,38228.4,24.15,23218.08,,,,,
880,6/26/2026 12:33,71.48,5.95,5.18,71.53,35403.3,37818.1,23.87,23038.4,,,,,
881,6/26/2026 12:48,71.41,5.83,5.08,71.46,35370.4,37815.9,23.87,23016.99,,,,,
882,6/26/2026 13:03,71.65,5.55,4.84,71.63,35032.1,37374,23.56,22796.85,,,,,
883,6/26/2026 13:18,71.84,5.31,4.63,71.79,34984.2,37248.1,23.48,22765.7,,,,,
884,6/26/2026 13:33,71.79,5.34,4.66,71.72,35087.2,37390.3,23.57,22832.73,,,,,
885,6/26/2026 13:48,71.88,5.48,4.78,71.77,35115.4,37397.8,23.58,22851.06,,,,,
886,6/26/2026 14:03,72.13,5.21,4.55,72.04,35175.2,37334.1,23.54,22890.01,,,,,
887,6/26/2026 14:18,72.52,5.31,4.63,72.53,35279,37220.9,23.48,22957.54,,,,,
888,6/26/2026 14:33,72.8,4.89,4.27,72.78,35280,37108.6,23.4,22958.18,,,,,
889,6/26/2026 14:48,73.14,4.78,4.17,73.08,35470.2,37171,23.45,23081.97,,,,,
890,6/26/2026 15:03,73.5,4.9,4.29,73.43,35574.4,37118.5,23.42,23149.79,,,,,
891,6/26/2026 15:18,73.77,4.76,4.16,73.7,35643.9,37071.6,23.4,23194.99,,,,,
892,6/26/2026 15:33,74.08,4.6,4.02,74.04,35676.3,36950.2,23.32,23216.07,,,,,
893,6/26/2026 15:48,74.24,4.48,3.92,74.17,35699.6,36916.5,23.3,23231.25,,,,,
894,6/26/2026 16:03,74.61,4.59,4.02,74.53,35796.4,36857.7,23.26,23294.21,,,,,
895,6/26/2026 16:18,74.93,4.4,3.85,74.88,35845.1,36752.5,23.2,23325.94,,,,,
896,6/26/2026 16:33,75.1,4.3,3.77,74.94,35726.3,36607,23.1,23248.63,,,,,
897,6/26/2026 16:48,74.82,4.18,3.66,74.67,35388.9,36379.1,22.93,23029.07,,,,,
898,6/26/2026 17:03,74.67,4.17,3.66,74.39,35335.4,36444.7,22.97,22994.26,,,,,
899,6/26/2026 17:18,74.63,4.32,3.78,74.57,35578,36616.3,23.1,23152.14,,,,,
900,6/26/2026 17:33,74.99,5.32,4.66,74.91,35966,36866.9,23.28,23404.62,,,,,
901,6/26/2026 17:48,74.84,5.44,4.75,74.67,35984.8,36991.6,23.36,23416.85,,,,,
902,6/26/2026 18:03,74.45,5.62,4.91,74.24,36038,37234.8,23.52,23451.46,,,,,
903,6/26/2026 18:18,74.11,5.89,5.14,73.94,36163.3,37503.6,23.7,23533.01,,,,,
904,6/26/2026 18:33,74.01,5.96,5.2,73.88,36214.6,37583.8,23.76,23566.37,,,,,
905,6/26/2026 18:48,73.85,6.29,5.48,73.72,36299.6,37746.1,23.87,23621.66,,,,,
906,6/26/2026 19:03,73.87,6.5,5.73,73.75,33362.2,34675.8,21.73,21710.2,,,,,
907,6/26/2026 19:18,73.72,6.69,5.89,73.57,33923.2,35335.3,22.19,22075.27,,,,,
908,6/26/2026 19:33,73.27,7.14,6.3,73.09,33137.9,34719.9,21.75,21564.22,,,,,
909,6/26/2026 19:48,73.07,7.49,6.5,72.89,36872.3,38727.1,24.54,23994.36,,,,,
910,6/26/2026 20:03,72.81,7.61,6.61,72.61,36537.6,38507.8,24.38,23776.54,,,,,
911,6/26/2026 20:18,72.52,7.92,6.85,72.33,37649.9,39817.3,25.29,24500.36,,,,,
912,6/26/2026 20:33,72.32,8.29,7.15,72.16,38065.4,40342.5,25.66,24770.76,,,,,
913,6/26/2026 20:48,72.27,8.62,7.42,72.13,38369,40677.8,25.89,24968.3,,,,,
914,6/26/2026 21:03,72.21,8.77,7.54,72.06,38608.2,40966.9,26.1,25124.02,,,,,
915,6/26/2026 21:18,72.11,8.92,7.66,71.95,38825.1,41254.8,26.3,25265.14,,,,,
916,6/26/2026 21:33,71.97,9.17,7.86,71.81,38955.1,41467.6,26.44,25349.74,,,,,
917,6/26/2026 21:48,71.81,9.07,7.82,71.65,37844.9,40366.8,25.66,24627.31,,,,,
918,6/26/2026 22:03,71.62,9.14,7.83,71.45,39038.3,41740.2,26.63,25403.86,,,,,
919,6/26/2026 22:18,71.43,9.21,7.88,71.24,39028.7,41839.5,26.69,25397.64,,,,,
920,6/26/2026 22:33,71.29,9.12,7.8,71.13,39427.9,42324.3,27.03,25657.39,,,,,
921,6/26/2026 22:48,71.33,8.24,7.04,71.23,39434.7,42283.3,27,25661.85,,,,,
922,6/26/2026 23:03,71.87,8.5,7.29,71.84,38933,41424.7,26.41,25335.35,,,,,
923,6/26/2026 23:18,72,8.06,6.93,71.9,38570.7,41009.1,26.12,25099.6,,,,,
924,6/26/2026 23:33,72.11,7.85,6.76,71.98,38300.6,40681.1,25.89,24923.8,,,,,
925,6/26/2026 23:48,72.18,7.5,6.47,72.06,37988.1,40308.9,25.63,24720.48,,,,,
926,6/27/2026 0:03,72.27,7.14,6.16,72.17,37713.1,39963.8,25.39,24541.5,,,,,
927,6/27/2026 0:18,72.36,6.87,5.94,72.25,37524.3,39724.1,25.22,24418.67,,,,,
928,6/27/2026 0:33,72.43,6.64,5.75,72.32,37294.1,39446.3,25.03,24268.83,,,,,
929,6/27/2026 0:48,72.52,6.43,5.57,72.43,37079.6,39169.9,24.84,24129.27,,,,,
930,6/27/2026 1:03,72.6,6.21,5.38,72.5,36948.7,38998,24.72,24044.09,,,,,
931,6/27/2026 1:18,72.69,6.11,5.3,72.58,36826.9,38830.8,24.6,23964.84,,,,,
932,6/27/2026 1:33,72.74,5.76,5,72.61,36634.9,38610.4,24.45,23839.86,,,,,
933,6/27/2026 1:48,72.76,5.36,4.65,72.62,36471.5,38435.7,24.33,23733.57,,,,,
934,6/27/2026 2:03,72.76,4.99,4.34,72.63,36317.8,38271.2,24.21,23633.56,,,,,
935,6/27/2026 2:18,72.59,4.45,3.86,72.4,36876.5,38965.8,24.69,23997.13,,,,,
936,6/27/2026 2:33,72.47,4.25,3.69,72.35,36163.4,38237.6,24.18,23533.06,,,,,
937,6/27/2026 2:48,72.55,4.12,3.58,72.41,36106.4,38149.5,24.12,23495.98,,,,,
938,6/27/2026 3:03,72.55,3.84,3.34,72.42,36025.3,38058.7,24.06,23443.2,,,,,
939,6/27/2026 3:18,72.52,3.75,3.27,72.38,35829.7,37869.7,23.93,23315.93,,,,,
940,6/27/2026 3:33,72.45,3.49,3.04,72.29,35674.7,37748.5,23.84,23215.01,,,,,
941,6/27/2026 3:48,72.4,3,2.62,72.24,35428.7,37510.7,23.67,23054.97,,,,,
942,6/27/2026 4:03,72.33,2.68,2.34,72.19,35220.7,37315.2,23.53,22919.58,,,,,
943,6/27/2026 4:18,72.25,2.42,2.11,72.1,35039.7,37163.1,23.43,22801.83,,,,,
944,6/27/2026 4:33,72.12,2.25,1.97,71.97,34755.6,36923.2,23.25,22616.93,,,,,
945,6/27/2026 4:48,72.07,2.35,2.06,71.95,34566.4,36729.6,23.12,22493.84,,,,,
946,6/27/2026 5:03,72.03,2.08,1.82,71.88,34443.2,36630.5,23.05,22413.68,,,,,
947,6/27/2026 5:18,71.99,2.31,2.02,71.87,34246.4,36426,22.91,22285.58,,,,,
948,6/27/2026 5:33,71.98,2.19,1.92,71.85,34093.4,36272.9,22.8,22186.01,,,,,
949,6/27/2026 5:48,71.95,2.2,1.92,71.83,33970.3,36149.2,22.71,22105.91,,,,,
950,6/27/2026 6:03,71.99,2.22,1.94,71.88,34064.2,36229.8,22.77,22167.01,,,,,
951,6/27/2026 6:18,72.02,2.29,2.01,71.91,34073.7,36222.9,22.77,22173.17,,,,,
952,6/27/2026 6:33,72.03,2.47,2.16,71.89,34484.4,36669.4,23.08,22440.48,,,,,
953,6/27/2026 6:48,72.11,2.93,2.56,72,34884.8,37045.6,23.34,22701,,,,,
954,6/27/2026 7:03,72.06,3.17,2.76,71.94,35037.4,37235,23.47,22800.32,,,,,
955,6/27/2026 7:18,72.07,3.44,3,71.94,35264.3,37476.1,23.64,22947.97,,,,,
956,6/27/2026 7:33,71.95,3.61,3.14,71.82,35347.5,37622.3,23.74,23002.09,,,,,
957,6/27/2026 7:48,71.98,3.83,3.34,71.84,35365.1,37628.4,23.74,23013.54,,,,,
958,6/27/2026 8:03,71.94,4.14,3.61,71.8,35200.5,37475.9,23.64,22906.49,,,,,
959,6/27/2026 8:18,71.9,4.43,3.86,71.77,35104.1,37385.7,23.57,22843.71,,,,,
960,6/27/2026 8:33,71.84,5.22,4.55,71.69,35115.5,37432.9,23.6,22851.15,,,,,
961,6/27/2026 8:48,71.75,5.63,4.9,71.6,35316.6,37692.7,23.78,22982.02,,,,,
962,6/27/2026 9:03,71.68,5.92,5.15,71.53,35678,38111.6,24.07,23217.18,,,,,
963,6/27/2026 9:18,71.61,6.43,5.58,71.42,36159.4,38675.1,24.47,23530.44,,,,,
964,6/27/2026 9:33,71.44,6.69,5.79,71.28,36594.7,39211.7,24.84,23813.71,,,,,
965,6/27/2026 9:48,71.29,6.85,5.92,71.12,36880.5,39597.8,25.1,23999.7,,,,,
966,6/27/2026 10:03,71.15,7.03,6.07,70.98,37078.3,39877.3,25.3,24128.44,,,,,
967,6/27/2026 10:18,70.96,7.22,6.22,70.78,37358.5,40281.9,25.58,24310.76,,,,,
968,6/27/2026 10:33,70.83,7.21,6.21,70.67,37509.8,40499.8,25.73,24409.24,,,,,
969,6/27/2026 10:48,70.72,7.2,6.19,70.58,37658.8,40707.4,25.87,24506.16,,,,,
970,6/27/2026 11:03,70.7,6.95,5.97,70.57,37691.9,40748.8,25.9,24527.74,,,,,
971,6/27/2026 11:18,70.75,6.72,5.77,70.63,37694.8,40718.7,25.88,24529.58,,,,,
972,6/27/2026 11:33,70.76,6.7,5.76,70.65,37691.3,40706.8,25.87,24527.34,,,,,
973,6/27/2026 11:48,70.94,6.39,5.5,70.82,37563.5,40483.7,25.72,24444.14,,,,,
974,6/27/2026 12:03,71.05,6.72,5.79,70.94,37487.5,40341.9,25.62,24394.71,,,,,
975,6/27/2026 12:18,71.22,6.71,5.78,71.09,37387.9,40156.1,25.5,24329.91,,,,,
976,6/27/2026 12:33,71.22,6.59,5.69,71.09,37304.2,40068.9,25.43,24275.39,,,,,
977,6/27/2026 12:48,71.4,6.59,5.69,71.28,37199.2,39856.8,25.29,24207.12,,,,,
978,6/27/2026 13:03,71.65,6.43,5.56,71.55,37077,39595.4,25.11,24127.56,,,,,
979,6/27/2026 13:18,72.39,6.25,5.43,72.8,36430.1,38305.6,24.24,23706.58,,,,,
980,6/27/2026 13:33,72.98,6.11,5.32,73.19,36333,38022.4,24.05,23643.39,,,,,
981,6/27/2026 13:48,73.09,6.02,5.24,73.25,36441.3,38110.7,24.11,23713.91,,,,,
982,6/27/2026 14:03,73.6,5.95,5.18,73.72,36389.9,37837.6,23.93,23680.46,,,,,
983,6/27/2026 14:18,73.84,6.06,5.28,74.09,36494.2,37775.1,23.9,23748.34,,,,,
984,6/27/2026 14:33,73.88,5.88,5.12,73.85,36445.1,37835.4,23.93,23716.34,,,,,
985,6/27/2026 14:48,74.42,5.99,5.22,74.36,36566,37726.3,23.87,23795.07,,,,,
986,6/27/2026 15:03,75.08,5.97,5.21,75.05,36722.9,37577,23.78,23897.13,,,,,
987,6/27/2026 15:18,75.38,5.83,5.09,75.31,36840.2,37582.7,23.79,23973.45,,,,,
988,6/27/2026 15:33,75.5,5.34,4.67,75.43,36752.9,37438.1,23.69,23916.7,,,,,
989,6/27/2026 15:48,75.8,5.26,4.59,75.69,36823.2,37396.4,23.66,23962.43,,,,,
990,6/27/2026 16:03,75.9,5.11,4.46,75.79,36797.3,37322,23.61,23945.55,,,,,
991,6/27/2026 16:18,76.14,4.73,4.14,76.1,36838.2,37227.1,23.55,23972.19,,,,,
992,6/27/2026 16:33,76.35,4.6,4.03,76.26,36844.3,37164.2,23.51,23976.17,,,,,
993,6/27/2026 16:48,76.53,4.91,4.29,76.44,36763.3,37004.3,23.4,23923.43,,,,,
994,6/27/2026 17:03,76.6,4.44,3.89,76.5,36658,36874.7,23.31,23854.89,,,,,
995,6/27/2026 17:18,76.66,4.3,3.76,76.59,36625.1,36799.4,23.26,23833.51,,,,,
996,6/27/2026 17:33,76.64,4.81,4.21,76.39,36344,36605.7,23.12,23650.59,,,,,
997,6/27/2026 17:48,76.45,4.61,4.04,76.29,36313.5,36614.7,23.13,23630.73,,,,,
998,6/27/2026 18:03,76.37,4.77,4.18,76.24,36389.7,36717.4,23.2,23680.32,,,,,
999,6/27/2026 18:18,76.33,5.43,4.75,76.18,36684.1,37040.5,23.42,23871.92,,,,,
1000,6/27/2026 18:33,76.14,5.43,4.75,75.99,36721.5,37161.5,23.5,23896.22,,,,,
1001,6/27/2026 18:48,75.8,5.65,4.94,75.58,36721.5,37338.7,23.62,23896.22,,,,,
1002,6/27/2026 19:03,75.53,5.89,5.14,75.34,36802.3,37527.1,23.75,23948.78,,,,,
1003,6/27/2026 19:18,75.35,6.06,5.29,75.19,36805.5,37598.2,23.8,23950.86,,,,,
1004,6/27/2026 19:33,75.19,6.39,5.57,75.04,36811.9,37675.4,23.85,23955.03,,,,,
1005,6/27/2026 19:48,74.99,6.67,5.82,74.81,36636.8,37595.9,23.79,23841.13,,,,,
1006,6/27/2026 20:03,74.64,6.81,5.94,74.31,36461.7,37643.1,23.81,23727.17,,,,,
1007,6/27/2026 20:18,73.98,7.17,6.24,73.8,36827.9,38257.9,24.23,23965.48,,,,,
1008,6/27/2026 20:33,73.76,7.39,6.43,73.61,36588.4,38096.4,24.11,23809.65,,,,,
1009,6/27/2026 20:48,73.58,7.63,6.62,73.41,37027.1,38644.4,24.49,24095.11,,,,,
1010,6/27/2026 21:03,73.32,7.97,6.89,73.14,37889.7,39677.7,25.21,24656.46,,,,,
1011,6/27/2026 21:18,73.06,8.25,7.12,72.91,38313.3,40235.3,25.6,24932.09,,,,,
1012,6/27/2026 21:33,72.95,8.49,7.32,72.8,38589,40575.7,25.84,25111.47,,,,,
1013,6/27/2026 21:48,72.81,8.66,7.45,72.65,38787.6,40860.2,26.04,25240.72,,,,,
1014,6/27/2026 22:03,72.67,8.7,7.48,72.51,38952.4,41107.4,26.21,25347.98,,,,,
1015,6/27/2026 22:18,72.48,8.84,7.59,72.31,39027,41287.4,26.33,25396.54,,,,,
1016,6/27/2026 22:33,72.29,8.89,7.67,72.11,37851.5,40142.5,25.51,24631.54,,,,,
1017,6/27/2026 22:48,72.03,8.93,7.65,71.83,39161.2,41673.1,26.59,25483.87,,,,,
1018,6/27/2026 23:03,71.75,8.86,7.59,71.56,39138.2,41791,26.66,25468.91,,,,,
1019,6/27/2026 23:18,71.53,8.58,7.35,71.38,39184.2,41935.6,26.76,25498.79,,,,,
1020,6/27/2026 23:33,71.41,8.55,7.32,71.27,39161.2,41967.4,26.78,25483.84,,,,,
1021,6/27/2026 23:48,71.51,7.76,6.64,71.48,39210.9,41910.8,26.75,25516.2,,,,,
1022,6/28/2026 0:03,72.16,8.17,7.02,72.12,38842.5,41188.1,26.25,25276.49,,,,,
1023,6/28/2026 0:18,72.4,7.98,6.86,72.32,38525.2,40751.2,25.95,25070,,,,,
1024,6/28/2026 0:33,72.56,7.59,6.55,72.47,38225.1,40358.6,25.68,24874.72,,,,,
1025,6/28/2026 0:48,72.68,7.21,6.22,72.57,37926.1,39992.4,25.42,24680.09,,,,,
1026,6/28/2026 1:03,72.78,6.84,5.91,72.67,37540,39535.5,25.1,24428.87,,,,,
1027,6/28/2026 1:18,72.86,6.61,5.73,72.75,37304.8,39251.4,24.9,24275.8,,,,,
1028,6/28/2026 1:33,72.91,6.33,5.49,72.81,36980.4,38881.7,24.64,24064.71,,,,,
1029,6/28/2026 1:48,72.98,6.09,5.28,72.87,36874.4,38739.5,24.55,23995.72,,,,,
1030,6/28/2026 2:03,73.04,5.86,5.11,72.94,35737.9,37513.4,23.69,23256.18,,,,,
1031,6/28/2026 2:18,73.13,5.53,4.81,73.02,36514.5,38290.5,24.23,23761.51,,,,,
1032,6/28/2026 2:33,73.25,5.35,4.66,73.15,36347.7,38057.9,24.07,23653,,,,,
1033,6/28/2026 2:48,73.34,5.16,4.49,73.23,36236.5,37901.5,23.97,23580.65,,,,,
1034,6/28/2026 3:03,73.33,4.81,4.19,73.23,36165,37826.7,23.91,23534.1,,,,,
1035,6/28/2026 3:18,73.1,4.65,4.05,72.89,36121.6,37938.7,23.99,23505.86,,,,,
1036,6/28/2026 3:33,73.05,4.36,3.8,72.93,36011.2,37805.2,23.89,23434.03,,,,,
1037,6/28/2026 3:48,73.06,4.15,3.61,72.93,35960.5,37752,23.86,23401.04,,,,,
1038,6/28/2026 4:03,73.02,3.71,3.24,72.88,35840.5,37650.9,23.78,23322.96,,,,,
1039,6/28/2026 4:18,72.95,3.51,3.06,72.8,35784.3,37626.7,23.76,23286.37,,,,,
1040,6/28/2026 4:33,72.86,3.17,2.77,72.7,35603.5,37486.1,23.66,23168.69,,,,,
1041,6/28/2026 4:48,72.79,2.83,2.47,72.66,35455.8,37347.9,23.57,23072.56,,,,,
1042,6/28/2026 5:03,72.69,2.55,2.22,72.54,35311.1,37249.8,23.5,22978.44,,,,,
1043,6/28/2026 5:18,72.59,2.21,1.93,72.44,35118.4,37090.8,23.38,22853.05,,,,,
1044,6/28/2026 5:33,72.44,2.26,1.98,72.3,34848.8,36872.1,23.23,22677.58,,,,,
1045,6/28/2026 5:48,72.4,2.26,1.98,72.28,34727.4,36751,23.14,22598.6,,,,,
1046,6/28/2026 6:03,72.4,2.32,2.03,72.25,34520.5,36544.2,23,22463.97,,,,,
1047,6/28/2026 6:18,72.35,2.24,1.97,72.2,34410.3,36451.7,22.93,22392.21,,,,,
1048,6/28/2026 6:33,72.3,2.29,2,72.15,34407.1,36470.2,22.94,22390.13,,,,,
1049,6/28/2026 6:48,72.3,2.39,2.1,72.17,34349.1,36399.1,22.89,22352.41,,,,,
1050,6/28/2026 7:03,72.35,2.4,2.1,72.25,34369.9,36387.2,22.89,22365.94,,,,,
1051,6/28/2026 7:18,72.44,2.6,2.28,72.31,34639.4,36645.6,23.07,22541.3,,,,,
1052,6/28/2026 7:33,72.56,2.99,2.61,72.4,34967.3,36948.4,23.28,22754.72,,,,,
1053,6/28/2026 7:48,72.57,3.24,2.83,72.47,35114.7,37074.6,23.37,22850.62,,,,,
1054,6/28/2026 8:03,72.62,3.44,3.01,72.5,35253.2,37208.5,23.47,22940.77,,,,,
1055,6/28/2026 8:18,72.62,3.68,3.21,72.49,35398.1,37363.8,23.57,23035.03,,,,,
1056,6/28/2026 8:33,72.66,3.87,3.38,72.53,35379.7,37324.6,23.55,23023.04,,,,,
1057,6/28/2026 8:48,72.73,4.36,3.81,72.61,35260.9,37162.3,23.44,22945.78,,,,,
1058,6/28/2026 9:03,72.76,4.69,4.1,72.65,35137.1,37014.7,23.33,22865.2,,,,,
1059,6/28/2026 9:18,72.69,5.4,4.72,72.56,35242.9,37168,23.44,22934.06,,,,,
1060,6/28/2026 9:33,72.64,5.78,5.04,72.5,35526.3,37494.2,23.67,23118.47,,,,,
1061,6/28/2026 9:48,72.6,6.11,5.32,72.46,36007.5,38019.7,24.03,23431.62,,,,,
1062,6/28/2026 10:03,72.55,6.46,5.61,72.39,36552.4,38630.9,24.46,23786.18,,,,,
1063,6/28/2026 10:18,72.41,6.8,5.89,72.24,36913.7,39085.5,24.77,24021.33,,,,,
1064,6/28/2026 10:33,72.3,7.05,6.1,72.13,37206.7,39448.2,25.03,24211.94,,,,,
1065,6/28/2026 10:48,72.16,7.19,6.21,72.01,37437.7,39751.3,25.24,24362.28,,,,,
1066,6/28/2026 11:03,72.07,7.22,6.23,71.92,37692.2,40067,25.46,24527.9,,,,,
1067,6/28/2026 11:18,72.03,7.34,6.33,71.89,37829.9,40226.8,25.57,24617.5,,,,,
1068,6/28/2026 11:33,71.88,7.08,6.1,71.74,37974.7,40459.1,25.73,24711.73,,,,,
1069,6/28/2026 11:48,71.85,6.98,6.01,71.76,38011.9,40485.2,25.75,24735.96,,,,,
1070,6/28/2026 12:03,71.86,6.8,5.85,71.76,38077,40554.6,25.8,24778.31,,,,,
1071,6/28/2026 12:18,72.12,6.55,5.65,72.03,37888.7,40219.5,25.57,24655.77,,,,,
1072,6/28/2026 12:33,72.35,6.9,5.95,72.31,37839.4,40031.1,25.44,24623.73,,,,,
1073,6/28/2026 12:48,72.6,6.86,5.92,72.63,37793.7,39826.4,25.3,24593.96,,,,,
1074,6/28/2026 13:03,72.63,6.83,5.9,72.52,37696.1,39776.3,25.27,24530.47,,,,,
1075,6/28/2026 13:18,72.77,6.75,5.84,72.64,37641.7,39658.4,25.19,24495.07,,,,,
1076,6/28/2026 13:33,72.72,6.72,5.81,72.59,37574.8,39611.5,25.15,24451.51,,,,,
1077,6/28/2026 13:48,73.01,6.69,5.79,72.93,37400.3,39266.1,24.92,24337.99,,,,,
1078,6/28/2026 14:03,73.62,6.47,5.62,73.96,37100.4,38465.4,24.38,24142.81,,,,,
1079,6/28/2026 14:18,74.18,6.39,5.56,74.5,37112,38224.8,24.22,24150.32,,,,,
1080,6/28/2026 14:33,74.56,6.33,5.52,74.98,36898.2,37790.6,23.93,24011.22,,,,,
1081,6/28/2026 14:48,74.74,6.23,5.44,75.28,36948.5,37705.3,23.87,24043.93,,,,,
1082,6/28/2026 15:03,75.01,6.23,5.43,75.22,36943,37726.6,23.89,24040.38,,,,,
1083,6/28/2026 15:18,75.43,6.32,5.51,75.38,37040.2,37752.6,23.91,24103.62,,,,,
1084,6/28/2026 15:33,75.6,6.08,5.31,75.63,37019.8,37622.6,23.82,24090.36,,,,,
1085,6/28/2026 15:48,76.18,5.97,5.21,76.13,37120.7,37500.6,23.74,24156.03,,,,,
1086,6/28/2026 16:03,77.01,6.25,5.47,77.04,37338.6,37323.3,23.64,24297.82,,,,,
1087,6/28/2026 16:18,77.17,6.03,5.27,77.17,37350.7,37276.1,23.61,24305.7,,,,,
1088,6/28/2026 16:33,77.31,5.61,4.91,77.31,37422.3,37288.4,23.62,24352.31,,,,,
1089,6/28/2026 16:48,77.43,5.42,4.74,77.35,37339.4,37186.8,23.55,24298.3,,,,,
1090,6/28/2026 17:03,77.67,5.19,4.54,77.61,37360.7,37097.5,23.49,24312.17,,,,,
1091,6/28/2026 17:18,77.67,4.69,4.11,77.63,37242.1,36970.4,23.4,24235.02,,,,,
1092,6/28/2026 17:33,77.97,4.52,3.96,77.92,37310.7,36914.7,23.36,24279.66,,,,,
1093,6/28/2026 17:48,78.15,4.82,4.23,78.07,37254.7,36794.3,23.28,24243.2,,,,,
1094,6/28/2026 18:03,78.24,4.77,4.18,78.15,37228.2,36733.4,23.24,24225.98,,,,,
1095,6/28/2026 18:18,77.95,4.81,4.22,77.71,36798.5,36497.7,23.07,23946.35,,,,,
1096,6/28/2026 18:33,77.62,4.73,4.15,77.47,36757,36555.9,23.11,23919.34,,,,,
1097,6/28/2026 18:48,77.5,4.84,4.24,77.35,36887.6,36739.3,23.23,24004.33,,,,,
1098,6/28/2026 19:03,77.32,5.33,4.67,77.17,37071.8,36997.7,23.41,24124.17,,,,,
1099,6/28/2026 19:18,77.15,5.39,4.72,76.99,37024.9,37030.8,23.43,24093.65,,,,,
1100,6/28/2026 19:33,76.79,5.68,4.97,76.61,37037.1,37206.2,23.55,24101.58,,,,,
1101,6/28/2026 19:48,76.52,5.85,5.11,76.35,37178.4,37460.4,23.72,24193.54,,,,,
1102,6/28/2026 20:03,76.36,6.1,5.32,76.2,37196,37547.8,23.78,24205.03,,,,,
1103,6/28/2026 20:18,76.15,6.48,5.68,75.96,36234.5,36680.4,23.17,23579.3,,,,,
1104,6/28/2026 20:33,75.86,6.64,5.81,75.68,36435.3,37004.8,23.39,23710,,,,,
1105,6/28/2026 20:48,75.17,6.92,6.04,74.91,36954.3,37879.9,23.99,24047.71,,,,,
1106,6/28/2026 21:03,74.78,7.28,6.33,74.6,37180.9,38250.9,24.24,24195.16,,,,,
1107,6/28/2026 21:18,74.7,7.46,6.48,74.55,37592.8,38697.3,24.55,24463.19,,,,,
1108,6/28/2026 21:33,74.49,7.64,6.62,74.3,37939,39170.8,24.88,24688.5,,,,,
1109,6/28/2026 21:48,74.21,7.94,6.87,74.04,38300.6,39670.8,25.23,24923.82,,,,,
1110,6/28/2026 22:03,74.01,8.17,7.05,73.87,38636.6,40100.1,25.53,25142.5,,,,,
1111,6/28/2026 22:18,73.91,8.29,7.14,73.74,38913.7,40453.8,25.77,25322.8,,,,,
1112,6/28/2026 22:33,73.73,8.42,7.25,73.58,39100.3,40725.2,25.96,25444.24,,,,,
1113,6/28/2026 22:48,73.58,8.53,7.34,73.42,39285.5,40996.1,26.15,25564.75,,,,,
1114,6/28/2026 23:03,73.42,8.58,7.38,73.25,39380.2,41181.5,26.28,25626.38,,,,,
1115,6/28/2026 23:18,73.21,8.64,7.42,73.03,39449.3,41365.3,26.4,25671.3,,,,,
1116,6/28/2026 23:33,72.96,8.63,7.41,72.78,39482.1,41525.8,26.51,25692.69,,,,,
1117,6/28/2026 23:48,72.77,8.5,7.29,72.63,39531.7,41657.9,26.6,25724.98,,,,,
1118,6/29/2026 0:03,72.69,7.94,6.81,72.55,39458.9,41619.8,26.57,25677.58,,,,,
1119,6/29/2026 0:18,72.6,7.9,6.88,72.47,35685.6,37674.8,23.79,23222.14,,,,,
1120,6/29/2026 0:33,73.02,7.66,6.58,73,39347.4,41274.9,26.34,25605,,,,,
1121,6/29/2026 0:48,73.27,7.76,6.68,73.2,38916.7,40723.6,25.95,25324.77,,,,,
1122,6/29/2026 1:03,73.43,7.48,6.45,73.32,38753.9,40491.9,25.79,25218.83,,,,,
1123,6/29/2026 1:18,73.54,7.22,6.23,73.44,38513.7,40182.7,25.58,25062.47,,,,,
1124,6/29/2026 1:33,73.61,6.82,5.9,73.5,38127.5,39751.1,25.27,24811.18,,,,,
1125,6/29/2026 1:48,73.7,6.5,5.62,73.59,37863.6,39431.9,25.05,24639.44,,,,,
1126,6/29/2026 2:03,73.78,6.25,5.42,73.66,37612.3,39136.7,24.84,24475.88,,,,,
1127,6/29/2026 2:18,73.84,6.03,5.24,73.74,37334.1,38811.7,24.62,24294.9,,,,,
1128,6/29/2026 2:33,73.9,5.74,4.99,73.79,37135.9,38582.9,24.46,24165.93,,,,,
1129,6/29/2026 2:48,73.95,5.6,4.87,73.83,36902.5,38317.8,24.27,24013.99,,,,,
1130,6/29/2026 3:03,74.02,5.3,4.61,73.9,36682.8,38057.3,24.09,23871.03,,,,,
1131,6/29/2026 3:18,74.13,5.03,4.38,74.02,36548.2,37865.6,23.96,23783.47,,,,,
1132,6/29/2026 3:33,74.17,4.79,4.17,74.07,36456.6,37746.1,23.88,23723.88,,,,,
1133,6/29/2026 3:48,74.1,4.37,3.81,73.97,36368.4,37701.5,23.84,23666.48,,,,,
1134,6/29/2026 4:03,73.92,4.28,3.73,73.79,36365.6,37782.6,23.9,23664.65,,,,,
1135,6/29/2026 4:18,73.93,3.84,3.35,73.8,36384.5,37797.2,23.91,23676.92,,,,,
1136,6/29/2026 4:33,73.89,3.8,3.31,73.75,36258,37685.6,23.83,23594.61,,,,,
1137,6/29/2026 4:48,73.77,3.43,2.99,73.65,36158.9,37631.9,23.79,23530.12,,,,,
1138,6/29/2026 5:03,73.67,3,2.62,73.54,36025,37541.8,23.72,23442.99,,,,,
1139,6/29/2026 5:18,73.63,2.72,2.38,73.47,35927.8,37470,23.67,23379.72,,,,,
1140,6/29/2026 5:33,73.49,2.61,2.28,73.35,35794.6,37387.6,23.61,23293.06,,,,,
1141,6/29/2026 5:48,73.36,2.41,2.11,73.21,35733.7,37387.8,23.61,23253.41,,,,,
1142,6/29/2026 6:03,73.24,2.28,1.99,73.09,35508.9,37204.1,23.48,23107.15,,,,,
1143,6/29/2026 6:18,73.16,2.06,1.8,73.05,35397.1,37109,23.41,23034.37,,,,,
1144,6/29/2026 6:33,73.11,2.2,1.93,73.01,35249.8,36971.7,23.31,22938.57,,,,,
1145,6/29/2026 6:48,73.11,2.3,2.02,73.01,35094.8,36809.1,23.2,22837.68,,,,,
1146,6/29/2026 7:03,73.14,2.22,1.94,73.04,35109.8,36810.3,23.2,22847.45,,,,,
1147,6/29/2026 7:18,73.18,2.34,2.05,73.07,35078.5,36765.3,23.17,22827.05,,,,,
1148,6/29/2026 7:33,73.23,2.32,2.03,73.15,35080.8,36731.4,23.15,22828.58,,,,,
1149,6/29/2026 7:48,73.32,2.47,2.16,73.24,35094.5,36704.6,23.13,22837.51,,,,,
1150,6/29/2026 8:03,73.47,2.76,2.42,73.38,35357.4,36916.4,23.28,23008.58,,,,,
1151,6/29/2026 8:18,73.65,3.08,2.69,73.55,35631.5,37124.3,23.43,23186.92,,,,,
1152,6/29/2026 8:33,73.82,3.37,2.94,73.72,35749.6,37174.2,23.47,23263.76,,,,,
1153,6/29/2026 8:48,73.91,3.69,3.22,73.8,35949,37342.4,23.59,23393.53,,,,,
1154,6/29/2026 9:03,73.95,3.81,3.32,73.78,36063.2,37470.8,23.68,23467.84,,,,,
1155,6/29/2026 9:18,74.12,4.21,3.68,74.03,35913.4,37200.6,23.49,23370.36,,,,,
1156,6/29/2026 9:33,74.21,4.65,4.07,74.03,35840.9,37128,23.44,23323.21,,,,,
1157,6/29/2026 9:48,74.24,5.23,4.57,74.06,35678.3,36947.5,23.32,23217.4,,,,,
1158,6/29/2026 10:03,74.21,5.81,5.07,74.08,35862.9,37128.9,23.44,23337.49,,,,,
1159,6/29/2026 10:18,74.17,6.08,5.3,74.03,36161.3,37459.9,23.67,23531.69,,,,,
1160,6/29/2026 10:33,74.15,6.51,5.67,74.02,36644.7,37965.5,24.03,23846.23,,,,,
1161,6/29/2026 10:48,74.05,6.81,5.91,73.89,37180.5,38578.7,24.46,24194.95,,,,,
1162,6/29/2026 11:03,73.95,7.05,6.12,73.79,37561.9,39023,24.77,24443.14,,,,,
1163,6/29/2026 11:18,73.91,7.31,6.33,73.77,37855.1,39337.9,24.99,24633.94,,,,,
1164,6/29/2026 11:33,73.83,7.28,6.3,73.69,38057,39586.6,25.16,24765.31,,,,,
1165,6/29/2026 11:48,73.81,7.44,6.43,73.7,38298.2,39829.6,25.33,24922.25,,,,,
1166,6/29/2026 12:03,73.76,7.32,6.32,73.63,38586.1,40165.9,25.57,25109.62,,,,,
1167,6/29/2026 12:18,73.74,7.05,6.08,73.63,38655.5,40238.1,25.62,25154.8,,,,,
1168,6/29/2026 12:33,73.79,7.2,6.21,73.7,38722,40272.9,25.65,25198.04,,,,,
1169,6/29/2026 12:48,73.85,6.41,5.54,73.74,38655.5,40182.8,25.58,25154.79,,,,,
1170,6/29/2026 13:03,74.15,6.54,5.65,74.06,38510.7,39878,25.38,25060.53,,,,,
1171,6/29/2026 13:18,74.33,6.73,5.82,74.51,38376.3,39524.4,25.14,24973.07,,,,,
1172,6/29/2026 13:33,74.35,6.87,5.94,74.28,38469.9,39732,25.28,25034.02,,,,,
1173,6/29/2026 13:48,74.63,6.88,5.96,74.72,38255.1,39302.5,24.98,24894.23,,,,,
1174,6/29/2026 14:03,74.46,6.89,5.97,74.29,38258.1,39505.5,25.12,24896.17,,,,,
1175,6/29/2026 14:18,74.67,6.74,5.85,74.63,38085.4,39166.2,24.89,24783.75,,,,,
1176,6/29/2026 14:33,75.32,6.77,5.89,75.74,37714.2,38276.6,24.28,24542.21,,,,,
1177,6/29/2026 14:48,75.82,6.68,5.83,75.95,37492.4,37956.2,24.06,24397.87,,,,,
1178,6/29/2026 15:03,75.89,6.69,5.83,76.16,37486.3,37855.3,23.99,24393.94,,,,,
1179,6/29/2026 15:18,76.32,6.44,5.62,76.39,37453.5,37723.2,23.91,24372.59,,,,,
1180,6/29/2026 15:33,76.35,6.56,5.73,76.49,37504.4,37730.9,23.91,24405.68,,,,,
1181,6/29/2026 15:48,76.75,6.52,5.69,76.83,37537.7,37610.7,23.83,24427.36,,,,,
1182,6/29/2026 16:03,77.1,6.61,5.77,77.1,37597.8,37553.6,23.8,24466.45,,,,,
1183,6/29/2026 16:18,77.42,6.38,5.58,77.5,37589,37369.1,23.68,24460.77,,,,,
1184,6/29/2026 16:33,77.99,6.3,5.51,77.91,37751.8,37353.5,23.67,24566.7,,,,,
1185,6/29/2026 16:48,78.03,6.05,5.29,77.97,37709.5,37285.8,23.62,24539.19,,,,,
1186,6/29/2026 17:03,78.25,5.67,4.96,78.14,37794.2,37298.9,23.64,24594.26,,,,,
1187,6/29/2026 17:18,78.33,5.55,4.86,78.24,37749.2,37212.3,23.58,24565.01,,,,,
1188,6/29/2026 17:33,78.38,5.26,4.61,78.31,37776.2,37206.1,23.57,24582.57,,,,,
1189,6/29/2026 17:48,78.4,4.8,4.2,78.33,37740.1,37163.6,23.54,24559.09,,,,,
1190,6/29/2026 18:03,78.41,4.43,3.88,78.31,37701.1,37134.5,23.52,24533.71,,,,,
1191,6/29/2026 18:18,78.39,4.33,3.79,78.29,37671.1,37114.3,23.51,24514.19,,,,,
1192,6/29/2026 18:33,78.34,4.36,3.81,78.25,37638,37098,23.5,24492.64,,,,,
1193,6/29/2026 18:48,78.36,4.48,3.92,78.29,37548.3,36993.3,23.42,24434.24,,,,,
1194,6/29/2026 19:03,78.37,5.09,4.46,78.21,37438.4,36917.6,23.37,24362.77,,,,,
1195,6/29/2026 19:18,78.34,5.22,4.58,78.24,37456.1,36921.1,23.37,24374.28,,,,,
1196,6/29/2026 19:33,78.12,4.99,4.37,77.95,37408.4,36997.3,23.42,24343.2,,,,,
1197,6/29/2026 19:48,77.79,5.21,4.56,77.63,37423.2,37150.1,23.52,24352.83,,,,,
1198,6/29/2026 20:03,77.66,5.18,4.53,77.53,37487.6,37256.5,23.6,24394.77,,,,,
1199,6/29/2026 20:18,77.44,5.58,4.91,77.28,35705.1,35588.6,22.43,23234.84,,,,,
1200,6/29/2026 20:33,77.3,5.8,5.05,77.18,38820.9,38738.5,24.63,25262.43,,,,,
1201,6/29/2026 20:48,77.15,5.97,5.21,77,37662,37663.3,23.87,24508.28,,,,,
1202,6/29/2026 21:03,76.87,6.11,5.34,76.72,37449.5,37570.2,23.8,24370,,,,,
1203,6/29/2026 21:18,76.54,6.5,5.66,76.36,38313.3,38601.4,24.52,24932.07,,,,,
1204,6/29/2026 21:33,75.88,6.98,6.09,75.65,37059.3,37653.1,23.84,24116.08,,,,,
1205,6/29/2026 21:48,75.51,7.33,6.38,75.37,37338.7,38064.3,24.13,24297.89,,,,,
1206,6/29/2026 22:03,75.46,7.57,6.58,75.31,37793.9,38555.6,24.47,24594.08,,,,,
1207,6/29/2026 22:18,75.25,7.8,6.77,75.07,38166.4,39044,24.81,24836.46,,,,,
1208,6/29/2026 22:33,74.97,7.91,6.85,74.8,38551.7,39566.1,25.17,25087.2,,,,,
1209,6/29/2026 22:48,74.78,8.12,7.02,74.62,38804.1,39913.1,25.41,25251.44,,,,,
1210,6/29/2026 23:03,74.58,8.16,7.04,74.43,39130.1,40340.1,25.71,25463.58,,,,,
1211,6/29/2026 23:18,74.41,8.22,7.08,74.26,39301.4,40601.3,25.89,25575.08,,,,,
1212,6/29/2026 23:33,74.3,8.32,7.17,74.14,39444.6,40807.7,26.03,25668.25,,,,,
1213,6/29/2026 23:48,74.06,8.41,7.23,73.9,39588.9,41075,26.22,25762.17,,,,,
1214,6/30/2026 0:03,73.91,8.35,7.17,73.74,39674.4,41244.6,26.33,25817.84,,,,,
1215,6/30/2026 0:18,73.69,8.34,7.16,73.54,39714.2,41383.6,26.43,25843.72,,,,,
1216,6/30/2026 0:33,73.57,8.27,7.1,73.41,39757.1,41493.6,26.5,25871.62,,,,,
1217,6/30/2026 0:48,73.53,7.64,6.56,73.39,39793.6,41542.6,26.54,25895.36,,,,,
1218,6/30/2026 1:03,73.57,7.02,6.03,73.49,39803.6,41504,26.51,25901.87,,,,,
1219,6/30/2026 1:18,73.87,7.38,6.35,73.76,39395.3,40943.8,26.12,25636.21,,,,,
1220,6/30/2026 1:33,73.99,7.46,6.43,73.89,39033.4,40501.3,25.81,25400.69,,,,,
1221,6/30/2026 1:48,74.11,7.19,6.2,74,38810.2,40219.7,25.61,25255.45,,,,,
1222,6/30/2026 2:03,74.21,6.98,6.03,74.1,38564.3,39912.6,25.4,25095.41,,,,,
1223,6/30/2026 2:18,74.26,6.59,5.7,74.15,38139.1,39449.4,25.07,24818.71,,,,,
1224,6/30/2026 2:33,74.32,6.41,5.56,74.22,37858.3,39125.8,24.85,24636.01,,,,,
1225,6/30/2026 2:48,74.35,6.11,5.31,74.23,37596.2,38852.4,24.66,24465.46,,,,,
1226,6/30/2026 3:03,74.37,5.9,5.12,74.25,37372.6,38611.2,24.49,24319.93,,,,,
1227,6/30/2026 3:18,74.41,5.71,4.97,74.3,37128.5,38336.5,24.29,24161.08,,,,,
1228,6/30/2026 3:33,74.48,5.47,4.76,74.36,36909.9,38083.5,24.12,24018.81,,,,,
1229,6/30/2026 3:48,74.5,5.17,4.51,74.37,36754.1,37915.3,24,23917.43,,,,,
1230,6/30/2026 4:03,74.54,4.82,4.21,74.43,36645.1,37778.3,23.91,23846.5,,,,,
1231,6/30/2026 4:18,74.53,4.5,3.93,74.41,36525.6,37662.5,23.82,23768.78,,,,,
1232,6/30/2026 4:33,74.42,4.36,3.8,74.24,36482.8,37696.8,23.85,23740.9,,,,,
1233,6/30/2026 4:48,74.2,4,3.49,74.07,36355.3,37641.1,23.8,23657.9,,,,,
1234,6/30/2026 5:03,74.13,3.87,3.37,73.99,36326.9,37651.1,23.81,23639.45,,,,,
1235,6/30/2026 5:18,74.07,3.51,3.06,73.94,36312.6,37658.4,23.81,23630.12,,,,,
1236,6/30/2026 5:33,74,3.47,3.03,73.86,36256.7,37634.9,23.79,23593.77,,,,,
1237,6/30/2026 5:48,73.85,3.26,2.85,73.68,36149.9,37605.3,23.77,23524.28,,,,,
1238,6/30/2026 6:03,73.64,2.88,2.51,73.37,35991.3,37580.7,23.75,23421.07,,,,,
1239,6/30/2026 6:18,73.52,2.88,2.51,73.36,35952.2,37544.8,23.72,23395.65,,,,,
1240,6/30/2026 6:33,73.39,2.69,2.35,73.26,35858.7,37494,23.68,23334.79,,,,,
1241,6/30/2026 6:48,73.28,2.51,2.19,73.14,35746,37430.3,23.64,23261.44,,,,,
1242,6/30/2026 7:03,73.2,2.41,2.1,73.11,35612.1,37304.9,23.55,23174.29,,,,,
1243,6/30/2026 7:18,73.23,2.38,2.08,73.14,35595,37272.2,23.52,23163.17,,,,,
1244,6/30/2026 7:33,73.29,2.47,2.16,73.22,35565.1,37206.6,23.48,23143.74,,,,,
1245,6/30/2026 7:48,73.4,2.22,1.94,73.46,35582.2,37116.9,23.42,23154.86,,,,,
1246,6/30/2026 8:03,73.53,2.66,2.32,73.42,35574.1,37125.5,23.43,23149.6,,,,,
1247,6/30/2026 8:18,73.48,2.5,2.18,73.44,35614.3,37157.7,23.45,23175.75,,,,,
1248,6/30/2026 8:33,73.56,2.61,2.28,73.48,35580.2,37102.6,23.41,23153.55,,,,,
1249,6/30/2026 8:48,73.79,3.08,2.69,73.8,35872.4,37262.8,23.53,23343.68,,,,,
1250,6/30/2026 9:03,74.02,3.26,2.85,73.95,35986,37314.8,23.57,23417.63,,,,,
1251,6/30/2026 9:18,74.25,3.44,3.01,74.16,36081.1,37318.3,23.58,23479.5,,,,,
1252,6/30/2026 9:33,74.5,3.8,3.32,74.4,36271.9,37408.2,23.65,23603.67,,,,,
1253,6/30/2026 9:48,74.66,3.94,3.44,74.6,36379.6,37426.6,23.66,23673.74,,,,,
1254,6/30/2026 10:03,75.04,4.3,3.75,75,36411.5,37282.5,23.57,23694.5,,,,,
1255,6/30/2026 10:18,75.29,4.72,4.13,75.24,36181.4,36939.3,23.33,23544.79,,,,,
1256,6/30/2026 10:33,75.34,5.46,4.78,75.2,36049.6,36823.7,23.25,23458.98,,,,,
1257,6/30/2026 10:48,75.33,5.89,5.15,75.2,36253.3,37031.8,23.4,23591.57,,,,,
1258,6/30/2026 11:03,75.27,6.25,5.46,75.14,36727,37539.9,23.75,23899.79,,,,,
1259,6/30/2026 11:18,75.27,6.62,5.77,75.13,37215.1,38043.8,24.11,24217.47,,,,,
1260,6/30/2026 11:33,75.23,6.8,5.91,75.1,37720.4,38577.8,24.48,24546.28,,,,,
1261,6/30/2026 11:48,75.17,7.2,6.25,75.06,38078.5,38961.7,24.75,24779.32,,,,,
1262,6/30/2026 12:03,75.26,7.36,6.38,75.14,38433.4,39286.6,24.98,25010.23,,,,,
1263,6/30/2026 12:18,75.32,7.53,6.52,75.23,38828.8,39649.8,25.24,25267.55,,,,,
1264,6/30/2026 12:33,75.28,7.25,6.27,75.13,39022.9,39894.4,25.41,25393.83,,,,,
1265,6/30/2026 12:48,75.3,7.45,6.44,75.18,39202.5,40054.6,25.52,25510.7,,,,,
1266,6/30/2026 13:03,75.29,7.24,6.25,75.15,39289.6,40156.7,25.6,25567.41,,,,,
1267,6/30/2026 13:18,75.3,6.75,5.83,75.22,39354.3,40189.1,25.62,25609.53,,,,,
1268,6/30/2026 13:33,75.34,6.48,5.6,75.23,39429.2,40260.3,25.67,25658.22,,,,,
1269,6/30/2026 13:48,75.66,6.96,6.03,75.75,39032.2,39611.7,25.22,25399.9,,,,,
1270,6/30/2026 14:03,75.71,6.9,5.97,75.6,39128.4,39775.8,25.34,25462.48,,,,,
1271,6/30/2026 14:18,76.04,7.09,6.14,75.97,39096.2,39569.8,25.2,25441.57,,,,,
1272,6/30/2026 14:33,76.01,6.84,5.92,75.89,39009.9,39522.9,25.16,25385.37,,,,,
1273,6/30/2026 14:48,76.24,6.72,5.83,76.35,38724.5,39018.2,24.82,25199.65,,,,,
1274,6/30/2026 15:03,76.18,6.51,5.65,76.01,38822.3,39274.9,24.99,25263.31,,,,,
1275,6/30/2026 15:18,76.57,6.69,5.83,76.81,38223.6,38310.1,24.33,24873.69,,,,,
1276,6/30/2026 15:33,77.04,6.63,5.77,77.01,38340.7,38337.1,24.35,24949.89,,,,,
1277,6/30/2026 15:48,76.94,6.57,5.72,77.11,38201.9,38154.7,24.22,24859.62,,,,,
1278,6/30/2026 16:03,77.11,6.49,5.66,77.35,37972.8,37820.1,23.99,24710.54,,,,,
1279,6/30/2026 16:18,77.12,6.48,5.64,77.05,38192.8,38172.3,24.23,24853.69,,,,,
1280,6/30/2026 16:33,77.91,6.54,5.71,77.99,38079.8,37647.2,23.88,24780.16,,,,,
1281,6/30/2026 16:48,78.08,6.28,5.49,77.97,38153.3,37724.6,23.93,24827.97,,,,,
1282,6/30/2026 17:03,78.16,6.08,5.31,78.1,38128.9,37645.8,23.88,24812.09,,,,,
1283,6/30/2026 17:18,78.25,6.18,5.4,78.22,38125.7,37590.6,23.84,24810.02,,,,,
1284,6/30/2026 17:33,78.28,5.68,4.97,78.2,38025.2,37500.9,23.78,24744.61,,,,,
1285,6/30/2026 17:48,78.29,5.41,4.73,78.2,38016,37489.5,23.77,24738.62,,,,,
1286,6/30/2026 18:03,78.33,5.53,4.83,78.23,38031.3,37492.8,23.77,24748.56,,,,,
1287,6/30/2026 18:18,78.3,5.19,4.54,78.19,37997.9,37478.7,23.76,24726.86,,,,,
1288,6/30/2026 18:33,78.24,4.95,4.33,78.13,37937.1,37444.7,23.74,24687.3,,,,,
1289,6/30/2026 18:48,78.19,4.81,4.2,78.08,37940.2,37468.9,23.76,24689.27,,,,,
1290,6/30/2026 19:03,78.14,4.6,4.02,78.04,37946.3,37491.6,23.77,24693.27,,,,,
1291,6/30/2026 19:18,78.08,4.38,3.83,77.97,37840.6,37417.7,23.72,24624.47,,,,,
1292,6/30/2026 19:33,78,4.49,3.93,77.88,37798.2,37413.6,23.71,24596.91,,,,,
1293,6/30/2026 19:48,78.02,4.81,4.21,77.92,37756.8,37353.7,23.67,24569.93,,,,,
1294,6/30/2026 20:03,78.08,4.96,4.34,77.98,37804.5,37377.3,23.69,24600.99,,,,,
1295,6/30/2026 20:18,77.88,4.75,4.15,77.73,37696.4,37378.8,23.69,24530.63,,,,,
1296,6/30/2026 20:33,77.61,5.13,4.48,77.48,37672.3,37461.5,23.74,24514.98,,,,,
1297,6/30/2026 20:48,77.55,5.02,4.39,77.42,37633.3,37451.1,23.73,24489.56,,,,,
1298,6/30/2026 21:03,77.34,5.35,4.67,77.18,37660,37582.4,23.82,24506.97,,,,,
1299,6/30/2026 21:18,77.29,5.35,4.67,77.17,37720.2,37644.8,23.86,24546.1,,,,,SN 22531022
1300,6/30/2026 21:33,77.22,5.89,5.14,77.11,37756.2,37709.5,23.91,24569.57,,,,,
1301,6/30/2026 21:48,77.01,6.13,5.36,76.84,37535.4,37603.6,23.83,24425.87,,,,,
1302,6/30/2026 22:03,76.65,6.28,5.49,76.48,37286.9,37514.5,23.76,24264.14,,,,,
1303,6/30/2026 22:18,76.25,6.7,5.84,76.06,37490.6,37905.8,24.03,24396.74,,,,,
1304,6/30/2026 22:33,76.07,7.01,6.1,75.93,38092.4,38573.6,24.49,24788.31,,,,,
1305,6/30/2026 22:48,76.01,7.22,6.26,75.85,38627,39152.6,24.9,25136.22,,,,,
1306,6/30/2026 23:03,75.85,7.43,6.43,75.7,38954.8,39556.1,25.18,25349.55,,,,,
1307,6/30/2026 23:18,75.64,7.44,6.44,75.47,39261.9,39973.2,25.47,25549.37,,,,,
1308,6/30/2026 23:33,75.42,7.6,6.55,75.25,39576.7,40400.4,25.77,25754.2,,,,,
1309,6/30/2026 23:48,75.21,7.67,6.61,75.03,39823.2,40760,26.02,25914.64,,,,,
1310,7/1/2026 0:03,75.02,7.72,6.65,74.87,40035.8,41057.3,26.23,26052.98,,,,,
1311,7/1/2026 0:18,74.9,7.74,6.64,74.74,40604.1,41702.2,26.68,26422.82,,,,,
1312,7/1/2026 0:33,74.77,7.79,6.68,74.62,40658.6,41817.9,26.76,26458.29,,,,,
1313,7/1/2026 0:48,74.66,7.81,6.7,74.53,40517.4,41721.5,26.69,26366.4,,,,,
1314,7/1/2026 1:03,74.57,7.74,6.64,74.43,40592.6,41847.8,26.78,26415.3,,,,,
1315,7/1/2026 1:18,74.52,7.58,6.5,74.37,40633.7,41917.5,26.83,26442.05,,,,,
1316,7/1/2026 1:33,74.47,7.11,6.1,74.34,40599.3,41898.4,26.81,26419.67,,,,,
1317,7/1/2026 1:48,74.48,6.46,5.54,74.35,40682.3,41978.6,26.87,26473.7,,,,,
1318,7/1/2026 2:03,74.75,7.05,6.06,74.67,40222.6,41345.3,26.43,26174.54,,,,,
1319,7/1/2026 2:18,74.94,6.96,5.99,74.83,39975,41010.9,26.19,26013.44,,,,,
1320,7/1/2026 2:33,75.05,6.63,5.71,74.96,39667.7,40635,25.93,25813.46,,,,,
1321,7/1/2026 2:48,75.2,6.4,5.53,75.11,39325.8,40214.5,25.64,25590.97,,,,,
1322,7/1/2026 3:03,75.31,6.13,5.29,75.19,39161.9,40005.5,25.49,25484.32,,,,,
1323,7/1/2026 3:18,75.38,5.98,5.17,75.28,38888,39682.1,25.26,25306.09,,,,,
1324,7/1/2026 3:33,75.46,5.77,5,75.34,38592.6,39352.7,25.03,25113.86,,,,,
1325,7/1/2026 3:48,75.51,5.44,4.72,75.39,38313.6,39045.5,24.82,24932.28,,,,,
1326,7/1/2026 4:03,75.54,5.19,4.51,75.43,38041.4,38750.6,24.61,24755.13,,,,,
1327,7/1/2026 4:18,75.58,5.01,4.36,75.47,37880.7,38569.5,24.48,24650.57,,,,,
1328,7/1/2026 4:33,75.58,4.69,4.08,75.46,37649.6,38339.2,24.32,24500.21,,,,,
1329,7/1/2026 4:48,75.62,4.44,3.87,75.51,37518.8,38183.7,24.21,24415.04,,,,,
1330,7/1/2026 5:03,75.61,4.19,3.65,75.5,37468.3,38137.3,24.18,24382.19,,,,,
1331,7/1/2026 5:18,75.47,4.15,3.62,75.32,37432.4,38182,24.21,24358.87,,,,,
1332,7/1/2026 5:33,75.43,3.69,3.21,75.3,37297.4,38054.1,24.12,24271.01,,,,,
1333,7/1/2026 5:48,75.41,3.69,3.21,75.27,37291.4,38057.7,24.12,24267.07,,,,,
1334,7/1/2026 6:03,75.35,3.29,2.87,75.21,37154.3,37944.8,24.04,24177.89,,,,,
1335,7/1/2026 6:18,75.32,3.17,2.76,75.19,37107.7,37909.5,24.01,24147.55,,,,,
1336,7/1/2026 6:33,75.29,2.94,2.56,75.17,37113.3,37924.9,24.02,24151.17,,,,,
1337,7/1/2026 6:48,75.27,2.83,2.47,75.14,37101.4,37922.7,24.02,24143.48,,,,,
1338,7/1/2026 7:03,75.25,2.51,2.19,75.14,37011.6,37833.3,23.96,24085.03,,,,,
1339,7/1/2026 7:18,75.21,1.95,1.7,75.1,36942.3,37782,23.92,24039.93,,,,,
1340,7/1/2026 7:33,75.23,2.32,2.02,75.13,36931.5,37753.8,23.9,24032.88,,,,,
1341,7/1/2026 7:48,75.29,2.34,2.05,75.22,36919.5,37702.6,23.87,24025.07,,,,,
1342,7/1/2026 8:03,75.3,2.07,1.81,75.21,36867.8,37654.6,23.84,23991.43,,,,,
1343,7/1/2026 8:18,75.3,1.95,1.7,75.27,36841.6,37598.8,23.8,23974.42,,,,,
1344,7/1/2026 8:33,75.6,2.21,1.93,75.66,37000.5,37586.1,23.8,24077.78,,,,,
1345,7/1/2026 8:48,75.54,2.66,2.32,75.38,36879.5,37588.8,23.79,23999.05,,,,,
1346,7/1/2026 9:03,75.47,2.37,2.07,75.36,36882.1,37601.2,23.8,24000.74,,,,,
1347,7/1/2026 9:18,75.64,2.9,2.53,75.57,37012.4,37641.7,23.83,24085.52,,,,,
1348,7/1/2026 9:33,75.68,3.13,2.73,75.6,37096.7,37712.9,23.88,24140.4,,,,,
1349,7/1/2026 9:48,75.94,3.47,3.03,75.87,37251.5,37751.2,23.92,24241.16,,,,,
1350,7/1/2026 10:03,76.21,3.77,3.28,76.11,37416.2,37808.7,23.96,24348.3,,,,,
1351,7/1/2026 10:18,76.35,4.01,3.5,76.29,37558.1,37872,24.01,24440.63,,,,,
1352,7/1/2026 10:33,76.65,4.32,3.77,76.56,37481.3,37676.4,23.88,24390.64,,,,,
1353,7/1/2026 10:48,76.86,4.79,4.19,76.81,37463.5,37548.2,23.79,24379.07,,,,,
1354,7/1/2026 11:03,76.84,5.3,4.63,76.71,37437,37564.8,23.8,24361.82,,,,,
1355,7/1/2026 11:18,76.68,5.82,5.08,76.57,37537.7,37725.9,23.91,24427.37,,,,,
1356,7/1/2026 11:33,76.75,6.16,5.37,76.66,37915,38063.8,24.15,24672.87,,,,,
1357,7/1/2026 11:48,76.87,6.43,5.59,76.75,38580.2,38694.6,24.6,25105.76,,,,,
1358,7/1/2026 12:03,76.73,6.65,5.76,76.61,39106.7,39285.2,25.01,25448.37,,,,,
1359,7/1/2026 12:18,76.64,6.84,5.92,76.49,39630.2,39869.6,25.42,25789.06,,,,,
1360,7/1/2026 12:33,76.53,7.08,6.12,76.4,39926.3,40208.5,25.66,25981.7,,,,,
1361,7/1/2026 12:48,76.57,7.17,6.18,76.45,40253.2,40514.5,25.88,26194.46,,,,,
1362,7/1/2026 13:03,76.58,7.02,6.06,76.47,40445.5,40697.6,26.01,26319.57,,,,,
1363,7/1/2026 13:18,76.61,7,6.03,76.48,40598.3,40846.2,26.11,26419.04,,,,,
1364,7/1/2026 13:33,76.67,6.71,5.78,76.57,40766,40973,26.2,26528.16,,,,,
1365,7/1/2026 13:48,76.7,6.92,5.96,76.58,40810.4,41009.8,26.23,26557.07,,,,,
1366,7/1/2026 14:03,76.74,6.16,5.31,76.64,40838.2,41008.9,26.23,26575.12,,,,,
1367,7/1/2026 14:18,76.79,6.43,5.54,76.69,40809.9,40959.6,26.2,26556.71,,,,,
1368,7/1/2026 14:33,76.94,6.63,5.72,76.83,40531.6,40610.4,25.95,26375.63,,,,,
1369,7/1/2026 14:48,77.02,6.69,5.78,76.98,40443,40454.6,25.84,26317.96,,,,,
1370,7/1/2026 15:03,77.25,6.69,5.78,77.2,40361.4,40267.9,25.72,26264.84,,,,,
1371,7/1/2026 15:18,77.21,6.46,5.59,77.22,40354.1,40250.5,25.7,26260.15,,,,,
1372,7/1/2026 15:33,77.4,6.54,5.65,77.32,40367.8,40218.2,25.68,26269.06,,,,,
1373,7/1/2026 15:48,77.35,6.53,5.65,77.28,40236.3,40107.5,25.6,26183.44,,,,,
1374,7/1/2026 16:03,77.44,6.5,5.62,77.27,40245.7,40119.4,25.61,26189.57,,,,,
1375,7/1/2026 16:18,77.54,6.46,5.6,77.73,40085.3,39747.6,25.36,26085.23,,,,,
1376,7/1/2026 16:33,78.79,6.42,5.58,78.98,39754.4,38856,24.75,25869.86,,,,,
1377,7/1/2026 16:48,78.47,6.43,5.59,78.61,39662,38931.3,24.79,25809.76,,,,,
1378,7/1/2026 17:03,79.31,6.61,5.76,79.6,39677.9,38508.8,24.51,25820.12,,,,,
1379,7/1/2026 17:18,79.69,6.37,5.55,79.69,39654.9,38448.2,24.47,25805.11,,,,,
1380,7/1/2026 17:33,79.96,6.38,5.56,79.98,39759.5,38425.3,24.46,25873.21,,,,,
1381,7/1/2026 17:48,80.18,6.07,5.29,80.15,39772.9,38361.9,24.42,25881.88,,,,,
1382,7/1/2026 18:03,80.44,5.77,5.03,80.4,39779.1,38261.1,24.35,25885.91,,,,,
1383,7/1/2026 18:18,80.81,5.64,4.92,80.76,39857.5,38180.5,24.3,25936.94,,,,,
1384,7/1/2026 18:33,80.88,5.3,4.62,80.8,39807.8,38118.7,24.25,25904.59,,,,,
1385,7/1/2026 18:48,81.01,5.49,4.79,80.91,39837,38097.3,24.24,25923.6,,,,,
1386,7/1/2026 19:03,81.05,5.31,4.64,80.94,39823.7,38072.9,24.22,25914.97,,,,,
1387,7/1/2026 19:18,81.03,4.83,4.22,80.91,39790.7,38055.5,24.21,25893.51,,,,,
1388,7/1/2026 19:33,80.98,4.53,3.96,80.87,39732.1,38015.8,24.18,25855.33,,,,,
1389,7/1/2026 19:48,80.96,4.16,3.63,80.84,39673.3,37971.2,24.15,25817.08,,,,,
1390,7/1/2026 20:03,80.96,4.29,3.75,80.86,39637.1,37927.3,24.12,25793.55,,,,,
1391,7/1/2026 20:18,81.01,4.88,4.26,80.94,39549.1,37810.4,24.04,25736.25,,,,,
1392,7/1/2026 20:33,81.05,5.15,4.5,80.95,39581.2,37838.7,24.06,25757.17,,,,,
1393,7/1/2026 20:48,80.86,4.96,4.33,80.68,39494.3,37867.6,24.07,25700.59,,,,,
1394,7/1/2026 21:03,80.38,4.83,4.22,80.21,39514.1,38088.7,24.22,25713.48,,,,,
1395,7/1/2026 21:18,80.29,4.99,4.35,80.15,39494.8,38093.7,24.23,25700.92,,,,,
1396,7/1/2026 21:33,80.05,5.2,4.54,79.89,39514.3,38226.2,24.32,25713.63,,,,,
1397,7/1/2026 21:48,79.92,5.5,4.79,79.79,39614.6,38363.7,24.41,25778.87,,,,,
1398,7/1/2026 22:03,79.84,5.6,4.88,79.7,39623.8,38413.3,24.44,25784.9,,,,,
1399,7/1/2026 22:18,79.62,5.69,4.96,79.45,39504,38406.9,24.44,25706.91,,,,,
1400,7/1/2026 22:33,79.35,5.89,5.14,79.16,39269.4,38303,24.36,25554.27,,,,,
1401,7/1/2026 22:48,78.75,6.1,5.32,78.49,38999.5,38331.5,24.37,25378.64,,,,,
1402,7/1/2026 23:03,78.37,6.5,5.66,78.2,39314.4,38769.9,24.67,25583.51,,,,,
1403,7/1/2026 23:18,78.24,6.73,5.84,78.11,39991.3,39479.7,25.17,26024.04,,,,,
1404,7/1/2026 23:33,78.07,6.95,6.02,77.95,40374.2,39930.6,25.49,26273.23,,,,,
1405,7/1/2026 23:48,77.91,7.04,6.08,77.76,40671.8,40316.4,25.76,26466.85,,,,,
1406,7/2/2026 0:03,77.7,7.22,6.23,77.55,40953.6,40690.8,26.02,26650.22,,,,,
1407,7/2/2026 0:18,77.51,7.11,6.12,77.37,41276.9,41097.9,26.31,26860.62,,,,,
1408,7/2/2026 0:33,77.3,7.3,6.28,77.17,41461,41380.8,26.51,26980.43,,,,,
1409,7/2/2026 0:48,77.1,7.44,6.43,76.95,40355.9,40377.8,25.79,26261.29,,,,,
1410,7/2/2026 1:03,76.96,7.45,6.41,76.77,41210.9,41320,26.46,26817.7,,,,,
1411,7/2/2026 1:18,76.67,7.51,6.47,76.46,40661,40917,26.16,26459.8,,,,,
1412,7/2/2026 1:33,76.39,7.52,6.46,76.24,41151,41521.5,26.59,26778.69,,,,,
1413,7/2/2026 1:48,76.26,7,6.03,76.12,40616.9,41040.4,26.24,26431.16,,,,,
1414,7/2/2026 2:03,76.15,6.92,5.94,76.03,41594.7,42071.6,26.98,27067.43,,,,,
1415,7/2/2026 2:18,76.38,6.25,5.37,76.34,41169.6,41489.8,26.57,26790.77,,,,,
1416,7/2/2026 2:33,77.06,6.46,5.62,76.99,38629.9,38636.1,24.56,25138.12,,,,,
1417,7/2/2026 2:48,77.21,6.36,5.47,77.13,41251.6,41187.4,26.37,26844.13,,,,,
1418,7/2/2026 3:03,77.34,6.08,5.24,77.25,41085.9,40964.8,26.21,26736.32,,,,,
1419,7/2/2026 3:18,77.52,5.84,5.04,77.43,40684.3,40479.6,25.87,26474.97,,,,,
1420,7/2/2026 3:33,77.62,5.6,4.84,77.55,40705.7,40444.6,25.85,26488.92,,,,,
1421,7/2/2026 3:48,77.72,5.35,4.62,77.64,40463.9,40166.1,25.65,26331.56,,,,,
1422,7/2/2026 4:03,77.79,5.09,4.41,77.71,40209.4,39878.2,25.45,26165.93,,,,,
1423,7/2/2026 4:18,77.88,5.01,4.34,77.79,39937.8,39571.3,25.23,25989.19,,,,,
1424,7/2/2026 4:33,77.95,4.65,4.04,77.84,39619.7,39236.3,25,25782.19,,,,,
1425,7/2/2026 4:48,77.99,4.48,3.89,77.91,39403.3,38990.1,24.82,25641.41,,,,,
1426,7/2/2026 5:03,78.11,4.23,3.68,78.02,38976.8,38516.9,24.49,25363.84,,,,,
1427,7/2/2026 5:18,78.2,3.88,3.39,78.12,38707.6,38209.9,24.28,25188.64,,,,,
1428,7/2/2026 5:33,78.25,3.59,3.13,78.19,38716.9,38187.9,24.26,25194.72,,,,,
1429,7/2/2026 5:48,78.2,3.66,3.19,78.09,38623.8,38139.2,24.23,25134.13,,,,,
1430,7/2/2026 6:03,78.15,2.97,2.59,78.05,38813.7,38343.7,24.37,25257.7,,,,,
1431,7/2/2026 6:18,78.2,2.59,2.26,78.1,38732.5,38241.8,24.3,25204.87,,,,,
1432,7/2/2026 6:33,78.2,2.73,2.39,78.11,38577.4,38086.2,24.19,25103.92,,,,,
1433,7/2/2026 6:48,78.23,2,1.74,78.14,38682.7,38175.8,24.25,25172.49,,,,,
1434,7/2/2026 7:03,78.28,2.05,1.79,78.21,38892.1,38348.6,24.38,25308.7,,,,,
1435,7/2/2026 7:18,78.33,1.77,1.54,78.27,38720.1,38155,24.24,25196.78,,,,,
1436,7/2/2026 7:33,78.39,1.98,1.72,78.33,38491,37903.1,24.06,25047.75,,,,,
1437,7/2/2026 7:48,78.49,2.06,1.8,78.45,38405.1,37766.2,23.97,24991.85,,,,,
1438,7/2/2026 8:03,78.64,2,1.74,78.61,38429.7,37719.2,23.94,25007.8,,,,,
1439,7/2/2026 8:18,78.86,2.09,1.83,78.9,38457.4,37623.6,23.88,25025.83,,,,,
1440,7/2/2026 8:33,79.07,2.23,1.95,79.11,38851.1,37918.6,24.09,25282.04,,,,,
1441,7/2/2026 8:48,79.31,2.1,1.84,79.44,38667.1,37595.7,23.86,25162.34,,,,,
1442,7/2/2026 9:03,79.75,2.35,2.05,79.88,38998.5,37729.6,23.97,25377.98,,,,,
1443,7/2/2026 9:18,79.86,2.63,2.3,79.78,38679.5,37465.2,23.78,25170.4,,,,,
1444,7/2/2026 9:33,79.69,2.54,2.22,79.71,38938.9,37746.9,23.98,25339.16,,,,,
1445,7/2/2026 9:48,79.8,2.54,2.22,79.73,38710.6,37516.3,23.81,25190.63,,,,,
1446,7/2/2026 10:03,79.99,3.37,2.94,79.87,39452,38173,24.28,25673.06,,,,,
1447,7/2/2026 10:18,80.13,3.65,3.19,80.12,39204.2,37827.5,24.04,25511.82,,,,,
1448,7/2/2026 10:33,80.11,3.71,3.23,79.97,39676,38346.9,24.4,25818.86,,,,,
1449,7/2/2026 10:48,79.97,3.95,3.44,79.88,39912.4,38616.2,24.59,25972.7,,,,,
1450,7/2/2026 11:03,80.06,4.25,3.71,80.01,39506.4,38166.4,24.28,25708.49,,,,,
1451,7/2/2026 11:18,80.16,4.72,4.12,80.05,39496.1,38139.8,24.26,25701.75,,,,,
1452,7/2/2026 11:33,80.1,5.12,4.47,79.9,39351.5,38061.6,24.2,25607.69,,,,,
1453,7/2/2026 11:48,79.93,5.67,4.95,79.84,39704,38431.2,24.46,25837.06,,,,,
1454,7/2/2026 12:03,79.85,6.06,5.27,79.7,39932.9,38715.3,24.66,25986.04,,,,,
1455,7/2/2026 12:18,79.74,6.34,5.51,79.64,40344.6,39141.3,24.96,26253.96,,,,,
1456,7/2/2026 12:33,79.62,6.62,5.74,79.5,40949.5,39787.5,25.41,26647.59,,,,,
1457,7/2/2026 12:48,79.53,6.9,5.96,79.39,41548.4,40419.7,25.86,27037.27,,,,,
1458,7/2/2026 13:03,79.44,7.13,6.15,79.31,41972.6,40873.2,26.18,27313.36,,,,,
1459,7/2/2026 13:18,79.5,7.38,6.36,79.42,42339.1,41176.1,26.4,27551.83,,,,,
1460,7/2/2026 13:33,79.48,7.41,6.38,79.38,42502,41352.6,26.53,27657.82,,,,,
1461,7/2/2026 13:48,79.44,7.22,6.21,79.34,42658.8,41525.9,26.65,27759.86,,,,,
1462,7/2/2026 14:03,79.44,6.88,5.92,79.34,42777.8,41639.2,26.73,27837.35,,,,,
1463,7/2/2026 14:18,79.44,6.67,5.73,79.33,42830,41695.1,26.77,27871.29,,,,,
1464,7/2/2026 14:33,79.49,6.62,5.7,79.4,42864.3,41697.3,26.77,27893.6,,,,,
1465,7/2/2026 14:48,79.53,5.63,4.84,79.44,42884.9,41699.2,26.77,27907.01,,,,,
1466,7/2/2026 15:03,79.77,6.55,5.64,79.7,42685,41381,26.55,27776.96,,,,,
1467,7/2/2026 15:18,79.9,6.81,5.86,79.94,42780.2,41362.5,26.54,27838.86,,,,,
1468,7/2/2026 15:33,80.25,6.43,5.55,80.17,42568.1,41047.9,26.32,27700.89,,,,,
1469,7/2/2026 15:48,80.12,6.46,5.57,79.99,42579.1,41145.1,26.39,27708,,,,,
1470,7/2/2026 16:03,80.55,6.4,5.53,80.48,42362.9,40711.1,26.09,27567.36,,,,,
1471,7/2/2026 16:18,80.4,6.29,5.43,80.61,42285.5,40576.5,25.99,27516.97,,,,,
1472,7/2/2026 16:33,81.05,6.6,5.71,80.96,42108.7,40250,25.77,27401.9,,,,,
1473,7/2/2026 16:48,81.41,6.59,5.72,81.38,41885.6,39849.9,25.49,27256.7,,,,,
1474,7/2/2026 17:03,81.86,6.75,5.86,82.03,41645,39335.4,25.13,27100.14,,,,,
1475,7/2/2026 17:18,82.01,6.71,5.83,82.06,41727.2,39401,25.18,27153.66,,,,,
1476,7/2/2026 17:33,81.95,6.46,5.62,82.14,41633.6,39276.7,25.09,27092.77,,,,,
1477,7/2/2026 17:48,82.2,6.43,5.59,82.13,41665.3,39311.3,25.11,27113.36,,,,,
1478,7/2/2026 18:03,82.5,6.24,5.43,82.42,41770.7,39285.8,25.1,27181.94,,,,,
1479,7/2/2026 18:18,82.85,5.94,5.17,82.83,41785.5,39122.9,24.99,27191.58,,,,,
1480,7/2/2026 18:33,83.05,5.75,5.01,82.97,41752.1,39034.6,24.93,27169.84,,,,,
1481,7/2/2026 18:48,83.16,5.61,4.88,83.06,41712.9,38957.7,24.87,27144.32,,,,,
1482,7/2/2026 19:03,83.17,5.3,4.62,83.07,41778.2,39016.3,24.92,27186.86,,,,,
1483,7/2/2026 19:18,83.21,5.19,4.52,83.13,41689.6,38907.6,24.84,27129.19,,,,,
1484,7/2/2026 19:33,83.25,5.11,4.45,83.14,41704.6,38916.8,24.85,27138.92,,,,,
1485,7/2/2026 19:48,83.24,4.65,4.06,83.13,41628.9,38848.6,24.8,27089.7,,,,,
1486,7/2/2026 20:03,83.21,3.79,3.3,83.09,41585.6,38827,24.78,27061.48,,,,,
1487,7/2/2026 20:18,83.25,3.42,2.98,83.16,41671.3,38878.7,24.82,27117.29,,,,,
1488,7/2/2026 20:33,83.3,4.15,3.62,83.2,41571.2,38766.5,24.74,27052.15,,,,,
1489,7/2/2026 20:48,83.36,4.23,3.69,83.33,41545.1,38688.1,24.69,27035.16,,,,,
1490,7/2/2026 21:03,83.55,4.44,3.88,83.42,41515.7,38623.3,24.64,27016.05,,,,,
1491,7/2/2026 21:18,83.58,4.89,4.27,83.47,41558.2,38639.3,24.65,27043.65,,,,,
1492,7/2/2026 21:33,83.18,4.61,4.02,82.97,41290.1,38600.4,24.62,26869.24,,,,,
1493,7/2/2026 21:48,82.65,4.8,4.18,82.53,41483.8,38970.8,24.88,26995.25,,,,,
1494,7/2/2026 22:03,82.5,4.93,4.29,82.34,41545.6,39107.5,24.97,27035.48,,,,,
1495,7/2/2026 22:18,82.09,5.19,4.52,81.94,41292.9,39043.5,24.92,26871.04,,,,,
1496,7/2/2026 22:33,81.96,5.25,4.57,81.81,41036.2,38857.9,24.79,26704.01,,,,,
1497,7/2/2026 22:48,81.8,5.42,4.72,81.65,41103.4,38988.3,24.88,26747.73,,,,,
1498,7/2/2026 23:03,81.5,5.61,4.88,81.31,40789,38837.6,24.77,26543.1,,,,,
1499,7/2/2026 23:18,81.15,5.63,4.9,81,41028.5,39200.6,25.02,26698.97,,,,,
1500,7/2/2026 23:33,80.52,6.08,5.28,80.34,41002.9,39465.1,25.2,26682.33,,,,,
1501,7/2/2026 23:48,80.26,6.47,5.6,80.13,41589.2,40126.3,25.66,27063.87,,,,,
1502,7/3/2026 0:03,80.05,6.76,5.85,79.91,41789.6,40417.3,25.87,27194.26,,,,,
1503,7/3/2026 0:18,79.77,6.99,6.03,79.61,42499.2,41244.4,26.45,27656.03,,,,,
1504,7/3/2026 0:33,79.49,7.1,6.11,79.33,42858.9,41723.3,26.79,27890.12,,,,,
1505,7/3/2026 0:48,79.25,7.16,6.17,79.09,42373.7,41364.4,26.53,27574.37,,,,,
1506,7/3/2026 1:03,78.97,7.27,6.24,78.79,43123,42241,27.15,28061.96,,,,,
1507,7/3/2026 1:18,78.65,7.35,6.31,78.5,42815.3,42079.2,27.03,27861.7,,,,,
1508,7/3/2026 1:33,78.43,7.17,6.15,78.28,43009.8,42376.8,27.24,27988.31,,,,,
1509,7/3/2026 1:48,78.16,7.5,6.42,78.01,42981.1,42482.1,27.31,27969.64,,,,,
1510,7/3/2026 2:03,77.9,7.45,6.38,77.73,43209,42845,27.56,28117.91,,,,,
1511,7/3/2026 2:18,77.67,7.11,6.08,77.55,42965.8,42690.2,27.45,27959.68,,,,,
1512,7/3/2026 2:33,77.61,6.61,5.64,77.49,43454.5,43205.8,27.82,28277.7,,,,,
1513,7/3/2026 2:48,77.57,6.7,5.72,77.46,43529.9,43299.9,27.88,28326.75,,,,,
1514,7/3/2026 3:03,77.78,6.28,5.38,77.78,42848.7,42463.6,27.29,27883.48,,,,,
1515,7/3/2026 3:18,78.39,6.4,5.49,78.41,42651.4,41963,26.95,27755.08,,,,,
1516,7/3/2026 3:33,78.73,6.12,5.26,78.67,42342,41530.6,26.64,27553.75,,,,,
1517,7/3/2026 3:48,78.94,5.96,5.13,78.88,42285.7,41379.3,26.54,27517.07,,,,,
1518,7/3/2026 4:03,79.1,5.66,4.89,79.04,41380.7,40420.3,25.86,26928.15,,,,,
1519,7/3/2026 4:18,79.27,5.3,4.56,79.2,42371.3,41313,26.5,27572.8,,,,,
1520,7/3/2026 4:33,79.39,5.15,4.46,79.31,40979.1,39905.8,25.5,26666.85,,,,,
1521,7/3/2026 4:48,79.48,4.92,4.25,79.38,41377.6,40258.6,25.75,26926.15,,,,,
1522,7/3/2026 5:03,79.55,4.78,4.14,79.47,41146.5,39993.8,25.56,26775.75,,,,,
1523,7/3/2026 5:18,79.63,4.42,3.83,79.53,41024.9,39848.4,25.46,26696.66,,,,,
1524,7/3/2026 5:33,79.72,4.33,3.76,79.65,40772.6,39549.1,25.25,26532.45,,,,,
1525,7/3/2026 5:48,79.86,3.99,3.46,79.78,40609.2,39334.3,25.1,26426.11,,,,,
1526,7/3/2026 6:03,79.95,3.68,3.19,79.85,40596.3,39290,25.07,26417.72,,,,,
1527,7/3/2026 6:18,79.98,3.36,2.92,79.88,40626.3,39304.5,25.08,26437.28,,,,,
1528,7/3/2026 6:33,79.86,3.08,2.68,79.76,40623.4,39355.4,25.11,26435.39,,,,,
1529,7/3/2026 6:48,79.95,2.91,2.53,79.87,40545.3,39233.3,25.03,26384.53,,,,,
1530,7/3/2026 7:03,80.05,2.76,2.4,79.95,40718.6,39361.9,25.12,26497.33,,,,,
1531,7/3/2026 7:18,80.13,2.57,2.24,80.06,40598.8,39199.9,25.01,26419.38,,,,,
1532,7/3/2026 7:33,80.22,2.35,2.05,80.16,40673.6,39228.3,25.03,26468.03,,,,,
1533,7/3/2026 7:48,80.33,2.5,2.17,80.25,40646,39160.4,24.98,26450.1,,,,,
1534,7/3/2026 8:03,80.42,2.41,2.1,80.37,40754.9,39214.3,25.02,26520.97,,,,,
1535,7/3/2026 8:18,80.57,2.45,2.13,80.52,40805.2,39194.7,25.01,26553.65,,,,,
1536,7/3/2026 8:33,80.78,2.5,2.17,80.76,40874.1,39156.7,24.99,26598.48,,,,,
1537,7/3/2026 8:48,81.05,2.87,2.5,81.06,40852.3,39003.4,24.88,26584.3,,,,,
1538,7/3/2026 9:03,81.35,2.95,2.56,81.44,40993.1,38974.4,24.87,26675.92,,,,,
1539,7/3/2026 9:18,81.65,3.03,2.64,81.76,41265.5,39096.5,24.96,26853.21,,,,,
1540,7/3/2026 9:33,82.03,3.23,2.82,82.2,41092,38739.7,24.71,26740.33,,,,,
1541,7/3/2026 9:48,82.32,3.51,3.06,82.24,41130.4,38759.3,24.72,26765.32,,,,,
1542,7/3/2026 10:03,81.98,3,2.61,81.93,41005.8,38776.8,24.73,26684.21,,,,,
1543,7/3/2026 10:18,81.87,2.53,2.21,81.84,41002.1,38811.3,24.76,26681.8,,,,,
1544,7/3/2026 10:33,82.26,3.75,3.26,82.15,41256.2,38918.2,24.83,26847.13,,,,,
1545,7/3/2026 10:48,82.24,3.86,3.36,82.2,41433.6,39061.7,24.94,26962.58,,,,,
1546,7/3/2026 11:03,82.43,3.98,3.47,82.25,41444.3,39052.6,24.93,26969.54,,,,,
1547,7/3/2026 11:18,82.37,4.35,3.78,82.27,41443.5,39042.4,24.92,26969.06,,,,,
1548,7/3/2026 11:33,82.56,4.68,4.07,82.54,41757.1,39220.4,25.05,27173.12,,,,,
1549,7/3/2026 11:48,82.55,5.1,4.44,82.51,41493,38986.6,24.89,27001.24,,,,,
1550,7/3/2026 12:03,82.55,5.47,4.77,82.47,41123,38657.7,24.65,26760.47,,,,,
1551,7/3/2026 12:18,82.22,5.99,5.22,82.11,41238.1,38917.8,24.83,26835.35,,,,,
1552,7/3/2026 12:33,82.16,6.39,5.56,81.95,41249.3,38995.1,24.89,26842.68,,,,,
1553,7/3/2026 12:48,81.94,6.57,5.71,81.81,41673.6,39461.4,25.22,27118.76,,,,,
1554,7/3/2026 13:03,81.68,7.02,6.09,81.51,42189.9,40080.4,25.65,27454.76,,,,,
1555,7/3/2026 13:18,81.41,7.18,6.21,81.24,42576.3,40569.4,26,27706.2,,,,,
1556,7/3/2026 13:33,81.28,7.45,6.43,81.14,43054,41072.6,26.35,28017.05,,,,,
1557,7/3/2026 13:48,81.28,7.52,6.48,81.17,43253,41244.7,26.48,28146.58,,,,,
1558,7/3/2026 14:03,81.34,7.53,6.48,81.23,43687.8,41633.6,26.76,28429.51,,,,,
1559,7/3/2026 14:18,81.34,7.34,6.32,81.2,43831.2,41783.2,26.86,28522.84,,,,,
1560,7/3/2026 14:33,81.24,7.22,6.21,81.12,43858.5,41845.2,26.91,28540.6,,,,,
1561,7/3/2026 14:48,81.2,6.87,5.91,81.09,44102,42095.6,27.09,28699.01,,,,,
1562,7/3/2026 15:03,81.15,7.16,6.15,81.02,44096.9,42122,27.1,28695.75,,,,,
1563,7/3/2026 15:18,81.08,6.01,5.16,80.99,43904.3,41950.8,26.98,28570.37,,,,,
1564,7/3/2026 15:33,81.18,5.91,5.07,81.11,44194.4,42170.8,27.14,28759.16,,,,,
1565,7/3/2026 15:48,81.42,6.58,5.66,81.49,44092.9,41898.5,26.95,28693.15,,,,,
1566,7/3/2026 16:03,82.04,7,6.04,82.14,43611.1,41142.2,26.42,28379.62,,,,,
1567,7/3/2026 16:18,82.17,6.82,5.88,82.18,43708.5,41216.4,26.47,28442.97,,,,,
1568,7/3/2026 16:33,82.54,6.76,5.84,82.39,43357.2,40790.4,26.17,28214.38,,,,,
1569,7/3/2026 16:48,82.6,6.93,5.99,82.39,43409.4,40842,26.21,28248.36,,,,,
1570,7/3/2026 17:03,82.96,7.28,6.31,83.06,42979.3,40140.5,25.71,27968.44,,,,,
1571,7/3/2026 17:18,82.88,6.88,5.96,82.78,43117.6,40392.3,25.89,28058.48,,,,,
1572,7/3/2026 17:33,83.01,6.55,5.68,83,42854.6,40050.7,25.65,27887.29,,,,,
1573,7/3/2026 17:48,83.36,7.22,6.27,83.49,42695,39689.1,25.4,27783.44,,,,,
1574,7/3/2026 18:03,83.49,6.85,5.94,83.4,42922.2,39939,25.57,27931.26,,,,,
1575,7/3/2026 18:18,83.72,6.74,5.86,83.7,42695.3,39598.1,25.34,27783.64,,,,,
1576,7/3/2026 18:33,83.57,6.44,5.59,83.44,42771,39781.4,25.46,27832.91,,,,,
1577,7/3/2026 18:48,83.89,6.83,5.94,83.82,42793.3,39641,25.37,27847.41,,,,,
1578,7/3/2026 19:03,84.06,6.01,5.22,83.99,42761.3,39537.2,25.3,27826.57,,,,,
1579,7/3/2026 19:18,84.18,6.11,5.32,84.07,42785,39523.3,25.29,27842.01,,,,,
1580,7/3/2026 19:33,84.18,5.76,5.01,84.05,42688.1,39443.4,25.23,27778.98,,,,,
1581,7/3/2026 19:48,84.15,5.11,4.44,84.03,42657.4,39424.5,25.22,27758.96,,,,,
1582,7/3/2026 20:03,84.14,4.82,4.19,84.04,42648.8,39411.8,25.21,27753.37,,,,,
1583,7/3/2026 20:18,84.14,4.17,3.63,84.02,42582.3,39359.9,25.17,27710.12,,,,,
1584,7/3/2026 20:33,84.12,3.52,3.06,84.01,42652.9,39427.5,25.22,27756.05,,,,,
1585,7/3/2026 20:48,84.18,3.34,2.91,84.04,42587.8,39355.4,25.17,27713.69,,,,,
1586,7/3/2026 21:03,84.18,2.95,2.57,84.07,42500.9,39263.3,25.1,27657.16,,,,,
1587,7/3/2026 21:18,84.27,3.17,2.76,84.16,42605.8,39322.2,25.14,27725.4,,,,,
1588,7/3/2026 21:33,84.54,4.26,3.7,84.47,42857.3,39423.3,25.22,27889.04,,,,,
1589,7/3/2026 21:48,84.59,4.41,3.84,84.49,42631,39205.7,25.07,27741.77,,,,,
1590,7/3/2026 22:03,84.48,4.31,3.75,84.29,42573.6,39237.9,25.09,27704.41,,,,,
1591,7/3/2026 22:18,83.89,4.36,3.79,83.67,42361.1,39302.4,25.13,27566.14,,,,,
1592,7/3/2026 22:33,83.66,4.7,4.09,83.55,42349.3,39343.9,25.15,27558.48,,,,,
1593,7/3/2026 22:48,83.4,4.79,4.16,83.21,42290.1,39434.5,25.21,27519.97,,,,,
1594,7/3/2026 23:03,83.21,5.12,4.45,83.06,42371.2,39572.5,25.31,27572.73,,,,,
1595,7/3/2026 23:18,83.05,5.26,4.57,82.9,42336.9,39610.3,25.34,27550.4,,,,,
1596,7/3/2026 23:33,82.81,5.51,4.79,82.62,42124,39533.6,25.28,27411.84,,,,,
1597,7/3/2026 23:48,82.49,5.68,4.94,82.32,41930.2,39481.5,25.24,27285.74,,,,,
1598,7/4/2026 0:03,81.99,5.95,5.17,81.78,41806.1,39599,25.31,27205.03,,,,,
1599,7/4/2026 0:18,81.54,6.32,5.48,81.35,42029.7,39999.3,25.59,27350.5,,,,,
1600,7/4/2026 0:33,81.27,6.54,5.66,81.11,42431.9,40491.6,25.94,27612.26,,,,,
1601,7/4/2026 0:48,81.02,6.67,5.81,80.86,40142.8,38411.1,24.46,26122.62,,,,,
1602,7/4/2026 1:03,80.72,6.82,5.87,80.54,43094.6,41386.1,26.57,28043.51,,,,,
1603,7/4/2026 1:18,80.39,6.76,5.82,80.23,43101.9,41536.8,26.67,28048.24,,,,,
1604,7/4/2026 1:33,80.1,6.8,5.84,79.93,43335.3,41904.4,26.93,28200.11,,,,,
1605,7/4/2026 1:48,79.75,6.94,5.96,79.57,43387.4,42124.7,27.08,28234.01,,,,,
1606,7/4/2026 2:03,79.43,6.7,5.75,79.28,43521.2,42391.8,27.27,28321.08,,,,,
1607,7/4/2026 2:18,79.18,6.88,5.9,79.03,43434.9,42429.5,27.29,28264.95,,,,,
1608,7/4/2026 2:33,78.93,6.89,5.9,78.75,43596.5,42723.5,27.5,28370.07,,,,,
1609,7/4/2026 2:48,78.61,6.95,5.95,78.46,43604.2,42873.4,27.6,28375.1,,,,,
1610,7/4/2026 3:03,78.45,6.79,5.81,78.31,43655.7,42996.9,27.68,28408.61,,,,,
1611,7/4/2026 3:18,78.33,6.64,5.68,78.19,43506.9,42912.4,27.62,28311.77,,,,,
1612,7/4/2026 3:33,78.25,6.15,5.26,78.14,43711.7,43136.2,27.78,28445.07,,,,,
1613,7/4/2026 3:48,78.57,6.06,5.18,78.62,43971.9,43156.3,27.8,28614.36,,,,,
1614,7/4/2026 4:03,79.07,6.13,5.26,79.01,42941.5,41955.4,26.95,27943.87,,,,,
1615,7/4/2026 4:18,79.4,5.82,5.01,79.37,43057.2,41900.6,26.92,28019.11,,,,,
1616,7/4/2026 4:33,79.72,5.56,4.78,79.66,43247.5,41947.1,26.96,28142.98,,,,,
1617,7/4/2026 4:48,79.95,5.34,4.6,79.88,42881.9,41489.2,26.63,27905.06,,,,,
1618,7/4/2026 5:03,80.01,5.01,4.31,79.87,42813.7,41428.4,26.59,27860.68,,,,,
1619,7/4/2026 5:18,80.19,4.75,4.1,80.11,42508.1,41018,26.3,27661.85,,,,,
1620,7/4/2026 5:33,80.32,4.58,3.96,80.26,42198.6,40653.7,26.04,27460.41,,,,,
1621,7/4/2026 5:48,80.46,4.31,3.72,80.39,42116.3,40514.2,25.94,27406.87,,,,,
1622,7/4/2026 6:03,80.59,4.23,3.66,80.5,41980.8,40333.9,25.82,27318.69,,,,,
1623,7/4/2026 6:18,80.7,3.91,3.38,80.6,41877.2,40187.1,25.72,27251.24,,,,,
1624,7/4/2026 6:33,80.83,3.64,3.16,80.75,41768.4,40018.4,25.6,27180.45,,,,,
1625,7/4/2026 6:48,80.94,3.23,2.8,80.85,41735.7,39942.7,25.54,27159.17,,,,,
1626,7/4/2026 7:03,80.92,2.97,2.58,80.85,41588.6,39801.9,25.44,27063.44,,,,,
1627,7/4/2026 7:18,80.81,2.89,2.5,80.71,41700,39970.1,25.56,27135.93,,,,,
1628,7/4/2026 7:33,80.86,2.48,2.15,80.79,41613.9,39853.1,25.48,27079.9,,,,,
1629,7/4/2026 7:48,80.96,1.92,1.67,80.91,41648.9,39832.6,25.47,27102.71,,,,,
1630,7/4/2026 8:03,81.07,1.9,1.65,81.02,41638.2,39770.8,25.43,27095.71,,,,,
1631,7/4/2026 8:18,81.19,2.47,2.14,81.14,41677.1,39756.6,25.42,27121.04,,,,,
1632,7/4/2026 8:33,81.3,2.48,2.15,81.28,41720.2,39736.6,25.4,27149.1,,,,,
1633,7/4/2026 8:48,81.45,2.15,1.87,81.47,41770.1,39701,25.38,27181.55,,,,,
1634,7/4/2026 9:03,81.62,2.18,1.89,81.64,41852.3,39701.1,25.38,27235.07,,,,,
1635,7/4/2026 9:18,81.84,2.31,2,81.86,41903,39656.8,25.36,27268.08,,,,,
1636,7/4/2026 9:33,82.11,2.56,2.23,82.19,42028.6,39629.9,25.34,27349.78,,,,,
1637,7/4/2026 9:48,82.48,2.76,2.4,82.66,42223.6,39607.8,25.33,27476.7,,,,,
1638,7/4/2026 10:03,82.88,2.99,2.6,83.06,42486.1,39679.8,25.39,27647.48,,,,,
1639,7/4/2026 10:18,83.12,2.9,2.52,83.42,42488.1,39527.9,25.28,27648.79,,,,,
1640,7/4/2026 10:33,83.05,3.2,2.78,82.88,42181.3,39471.9,25.24,27449.18,,,,,
1641,7/4/2026 10:48,82.65,2.61,2.26,82.56,42362.5,39784.1,25.45,27567.05,,,,,
1642,7/4/2026 11:03,82.94,3.21,2.79,82.95,42254.5,39511.6,25.27,27496.81,,,,,
1643,7/4/2026 11:18,83.06,3.65,3.17,83.02,42543,39752.3,25.44,27684.52,,,,,
1644,7/4/2026 11:33,83.24,3.63,3.16,83.13,42519.9,39680.1,25.39,27669.51,,,,,
1645,7/4/2026 11:48,83.21,4.06,3.53,83.1,42475.6,39653.2,25.37,27640.66,,,,,
1646,7/4/2026 12:03,83.17,4.19,3.64,83.04,42410.1,39618.5,25.34,27598.05,,,,,
1647,7/4/2026 12:18,83.21,4.46,3.87,83.13,42744.4,39892,25.54,27815.57,,,,,
1648,7/4/2026 12:33,83.17,4.94,4.3,83.11,42047.8,39251.4,25.08,27362.27,,,,,
1649,7/4/2026 12:48,83.06,5.45,4.74,82.95,42129.7,39394.9,25.18,27415.6,,,,,
1650,7/4/2026 13:03,82.94,6.08,5.28,82.8,42363.2,39678.3,25.38,27567.54,,,,,
1651,7/4/2026 13:18,82.65,6.38,5.53,82.48,42683.8,40117.7,25.69,27776.17,,,,,
1652,7/4/2026 13:33,82.29,6.77,5.85,82.15,43023.3,40585.2,26.02,27997.09,,,,,
1653,7/4/2026 13:48,82.17,6.87,5.94,82,43385.3,40991.8,26.31,28232.68,,,,,
1654,7/4/2026 14:03,82.06,7.19,6.2,81.92,43831.2,41453.6,26.64,28522.82,,,,,
1655,7/4/2026 14:18,81.98,7.28,6.27,81.85,44191.7,41825.3,26.9,28757.38,,,,,
1656,7/4/2026 14:33,81.92,7.18,6.18,81.78,44132,41802.1,26.88,28718.57,,,,,
1657,7/4/2026 14:48,81.79,7.37,6.33,81.64,44394,42114.8,27.11,28889.06,,,,,
1658,7/4/2026 15:03,81.65,5.97,5.13,81.53,44607.4,42369.1,27.29,29027.89,,,,,
1659,7/4/2026 15:18,81.56,5.6,4.82,81.44,44276.4,42096.1,27.09,28812.55,,,,,
1660,7/4/2026 15:33,81.55,6.6,5.67,81.43,44462.6,42275.7,27.22,28933.7,,,,,
1661,7/4/2026 15:48,81.43,6.13,5.26,81.32,44455.9,42323.9,27.25,28929.32,,,,,
1662,7/4/2026 16:03,81.8,6.79,5.84,81.78,44464.5,42114.5,27.11,28934.95,,,,,
1663,7/4/2026 16:18,82.21,6.6,5.68,82.04,44280.6,41819.8,26.9,28815.25,,,,,
1664,7/4/2026 16:33,81.88,5.57,4.79,81.77,44480.5,42134.8,27.12,28945.37,,,,,
1665,7/4/2026 16:48,82.19,6.5,5.6,82.24,44404.2,41846.9,26.92,28895.71,,,,,
1666,7/4/2026 17:03,82.96,7.37,6.36,82.96,44071.6,41208.2,26.48,28679.24,,,,,
1667,7/4/2026 17:18,82.63,6.55,5.66,82.72,43909.1,41161.3,26.44,28573.48,,,,,
1668,7/4/2026 17:33,83,6.95,6.01,83.15,43873.3,40938.1,26.28,28550.2,,,,,
1669,7/4/2026 17:48,83.34,7.09,6.15,83.37,43145.9,40161.8,25.73,28076.87,,,,,
1670,7/4/2026 18:03,83.5,6.98,6.05,83.4,43163.7,40166.1,25.74,28088.43,,,,,
1671,7/4/2026 18:18,83.51,6.5,5.64,83.43,43103.2,40095.3,25.69,28049.1,,,,,
1672,7/4/2026 18:33,83.58,6.6,5.73,83.48,42937.6,39919.4,25.56,27941.3,,,,,
1673,7/4/2026 18:48,83.62,6.02,5.23,83.52,42662,39646.4,25.37,27761.98,,,,,
1674,7/4/2026 19:03,83.56,5.95,5.17,83.45,42613.7,39632.7,25.36,27730.57,,,,,
1675,7/4/2026 19:18,83.52,5.82,5.06,83.4,42701.8,39733.9,25.43,27787.89,,,,,
1676,7/4/2026 19:33,83.44,5.18,4.5,83.33,42757.5,39817.2,25.49,27824.14,,,,,
1677,7/4/2026 19:48,83.45,4.48,3.89,83.34,42723.3,39782.8,25.46,27801.83,,,,,
1678,7/4/2026 20:03,83.45,4.23,3.68,83.34,42640.3,39703.1,25.41,27747.82,,,,,
1679,7/4/2026 20:18,83.49,4.07,3.53,83.36,42673.4,39726.8,25.42,27769.41,,,,,
1680,7/4/2026 20:33,83.47,3.43,2.98,83.34,42806,39859.9,25.52,27855.68,,,,,
1681,7/4/2026 20:48,83.46,2.7,2.34,83.33,42550.9,39624.7,25.35,27689.67,,,,,
1682,7/4/2026 21:03,83.45,3.34,2.91,83.34,41576,38714.5,24.7,27055.28,,,,,
1683,7/4/2026 21:18,83.38,2.84,2.47,83.25,42307.5,39433.9,25.21,27531.28,,,,,
1684,7/4/2026 21:33,83.3,2.67,2.33,83.22,42187.6,39334.1,25.14,27453.24,,,,,
1685,7/4/2026 21:48,83.27,2.18,1.9,83.13,41857.7,39062.1,24.95,27238.6,,,,,
1686,7/4/2026 22:03,83.21,2.3,2,83.12,42327.2,39507.5,25.26,27544.12,,,,,
1687,7/4/2026 22:18,83.36,3.15,2.74,83.3,41925.5,39056.5,24.95,27282.7,,,,,
1688,7/4/2026 22:33,83.47,3.44,3,83.4,42073.1,39151.3,25.01,27378.77,,,,,
1689,7/4/2026 22:48,83.33,3.16,2.75,83.17,42654.5,39788.8,25.47,27757.11,,,,,
1690,7/4/2026 23:03,83.01,3.75,3.27,82.84,41965.2,39286.4,25.1,27308.53,,,,,
1691,7/4/2026 23:18,82.96,3.68,3.2,82.84,42340.6,39640.2,25.36,27552.8,,,,,
1692,7/4/2026 23:33,82.8,3.91,3.4,82.65,41888.6,39298.3,25.11,27258.68,,,,,
1693,7/4/2026 23:48,82.67,4.11,3.57,82.53,42271.2,39710.5,25.4,27507.65,,,,,
1694,7/5/2026 0:03,82.58,4.39,3.81,82.45,42294.9,39766.7,25.44,27523.07,,,,,
1695,7/5/2026 0:18,82.43,4.65,4.04,82.25,41946.1,39525.5,25.27,27296.07,,,,,
1696,7/5/2026 0:33,82.16,4.89,4.24,82.02,42171.8,39840.4,25.49,27442.99,,,,,
1697,7/5/2026 0:48,81.89,5.17,4.48,81.7,41994.4,39811.5,25.46,27327.55,,,,,
1698,7/5/2026 1:03,81.51,5.6,4.88,81.36,40842.9,38867.4,24.79,26578.17,,,,,
1699,7/5/2026 1:18,81.21,6,5.19,81.05,42264,40358.7,25.84,27502.96,,,,,
1700,7/5/2026 1:33,80.9,6.14,5.3,80.74,42875.1,41081.3,26.35,27900.63,,,,,
1701,7/5/2026 1:48,80.58,6.4,5.51,80.41,43078.9,41432.4,26.6,28033.24,,,,,
1702,7/5/2026 2:03,80.25,6.36,5.47,80.08,43213,41713.6,26.8,28120.52,,,,,
1703,7/5/2026 2:18,79.94,6.49,5.57,79.77,44081,42699.7,27.5,28685.34,,,,,
1704,7/5/2026 2:33,79.59,6.4,5.51,79.44,42903.5,41714.6,26.79,27919.11,,,,,
1705,7/5/2026 2:48,79.25,6.4,5.5,79.07,43132.4,42113,27.06,28068.09,,,,,
1706,7/5/2026 3:03,78.99,6.38,5.47,78.85,43486.4,42567.6,27.39,28298.41,,,,,
1707,7/5/2026 3:18,78.77,6.39,5.46,78.61,44268.4,43450.1,28.01,28807.35,,,,,
1708,7/5/2026 3:33,78.55,6.01,5.15,78.41,43382.7,42679.8,27.46,28230.99,,,,,
1709,7/5/2026 3:48,78.46,5.14,4.4,78.36,43616.9,42937.1,27.64,28383.37,,,,,
1710,7/5/2026 4:03,78.54,4.46,3.81,78.53,43610,42844.1,27.58,28378.86,,,,,
1711,7/5/2026 4:18,79,5.31,4.55,78.97,43254.8,42285.3,27.19,28147.71,,,,,
1712,7/5/2026 4:33,79.25,5.48,4.71,79.21,43094.7,42010.5,26.99,28043.56,,,,,
1713,7/5/2026 4:48,79.44,5.18,4.45,79.33,43018.3,41878.5,26.9,27993.85,,,,,
1714,7/5/2026 5:03,79.61,5.24,4.5,79.56,42869,41626.6,26.73,27896.68,,,,,
1715,7/5/2026 5:18,79.74,4.94,4.26,79.67,42689.7,41401,26.57,27780.02,,,,,
1716,7/5/2026 5:33,79.86,4.77,4.11,79.77,42585.1,41250.8,26.46,27711.94,,,,,
1717,7/5/2026 5:48,79.95,4.57,3.94,79.84,42309,40952.8,26.25,27532.29,,,,,
1718,7/5/2026 6:03,80.01,4.43,3.82,79.92,42103.8,40716.1,26.08,27398.72,,,,,
1719,7/5/2026 6:18,80.09,4.27,3.69,79.98,42007,40594.8,26,27335.74,,,,,
1720,7/5/2026 6:33,80.17,4.26,3.68,80.08,41847.3,40397.8,25.86,27231.8,,,,,
1721,7/5/2026 6:48,80.22,4.02,3.48,80.13,41733,40262.5,25.76,27157.41,,,,,
1722,7/5/2026 7:03,80.32,3.63,3.14,80.24,41637.1,40120.2,25.66,27095.03,,,,,
1723,7/5/2026 7:18,80.42,3.34,2.89,80.36,41576.6,40009.8,25.59,27055.63,,,,,
1724,7/5/2026 7:33,80.47,2.95,2.55,80.4,41558.2,39974.8,25.56,27043.68,,,,,
1725,7/5/2026 7:48,80.35,2.95,2.55,80.22,41570.2,40063.2,25.62,27051.48,,,,,
1726,7/5/2026 8:03,80.37,2.48,2.15,80.27,41570.7,40043.8,25.61,27051.81,,,,,
1727,7/5/2026 8:18,80.42,1.7,1.47,80.38,41591.1,40011.4,25.59,27065.09,,,,,
1728,7/5/2026 8:33,80.54,1.64,1.42,80.52,41625.6,39985.2,25.57,27087.53,,,,,
1729,7/5/2026 8:48,80.64,1.76,1.52,80.65,41650.1,39949.5,25.55,27103.5,,,,,
1730,7/5/2026 9:03,80.72,1.13,0.98,80.77,41811.2,40049.5,25.62,27208.29,,,,,
1731,7/5/2026 9:18,80.84,1.02,0.88,80.87,41730.8,39928.2,25.53,27156.01,,,,,
1732,7/5/2026 9:33,80.96,2.17,1.88,80.97,41766.8,39918.3,25.53,27179.42,,,,,
1733,7/5/2026 9:48,81.17,1.58,1.37,81.37,41883.7,39853.1,25.49,27255.49,,,,,
1734,7/5/2026 10:03,81.32,1.91,1.66,81.46,41966.8,39892.9,25.52,27309.58,,,,,
1735,7/5/2026 10:18,81.52,2.25,1.95,81.58,41966.2,39836.1,25.48,27309.2,,,,,
1736,7/5/2026 10:33,81.94,1.6,1.39,82.1,42313,39937.1,25.56,27534.86,,,,,
1737,7/5/2026 10:48,82.24,1.79,1.56,82.47,42470.2,39921.7,25.55,27637.13,,,,,
1738,7/5/2026 11:03,82.42,0.36,0.31,82.76,42588.6,39906.4,25.54,27714.23,,,,,
1739,7/5/2026 11:18,81.92,3,2.6,81.81,42150.8,39910.8,25.54,27429.28,,,,,
1740,7/5/2026 11:33,81.83,2.99,2.59,81.76,42172.7,39953.6,25.57,27443.59,,,,,
1741,7/5/2026 11:48,82.24,3.63,3.15,82.23,42394.3,39955.2,25.57,27587.76,,,,,
1742,7/5/2026 12:03,82.25,3.9,3.38,82.15,42387.6,39985.4,25.59,27583.37,,,,,
1743,7/5/2026 12:18,82.41,4.01,3.47,82.28,42365.4,39906,25.54,27568.93,,,,,
1744,7/5/2026 12:33,82.37,4.26,3.69,82.28,42472.5,40006.9,25.61,27638.67,,,,,
1745,7/5/2026 12:48,82.44,4.6,3.99,82.44,42429.3,39897.9,25.53,27610.55,,,,,
1746,7/5/2026 13:03,82.84,5.24,4.55,82.79,42267.7,39593.6,25.32,27505.35,,,,,
1747,7/5/2026 13:18,83.01,5.58,4.85,82.91,42103.5,39387.1,25.18,27398.53,,,,,
1748,7/5/2026 13:33,82.81,6.27,5.46,82.64,41824.8,39243.2,25.07,27217.14,,,,,
1749,7/5/2026 13:48,82.63,6.53,5.68,82.46,41986.2,39471.6,25.23,27322.17,,,,,
1750,7/5/2026 14:03,82.34,6.85,5.94,82.18,42367.3,39954.1,25.57,27570.21,,,,,
1751,7/5/2026 14:18,82.04,7.07,6.12,81.88,42718.5,40416.2,25.9,27798.74,,,,,
1752,7/5/2026 14:33,81.88,7.58,6.55,81.72,43126.4,40877.1,26.22,28064.15,,,,,
1753,7/5/2026 14:48,81.69,7.73,6.67,81.54,43434.9,41247.9,26.49,28264.94,,,,,
1754,7/5/2026 15:03,81.65,7.9,6.81,81.53,43664.5,41473.6,26.65,28414.36,,,,,
1755,7/5/2026 15:18,81.63,8.1,6.97,81.51,43984,41784.7,26.87,28622.22,,,,,
1756,7/5/2026 15:33,81.59,7.9,6.8,81.46,44029.7,41851.3,26.92,28652.02,,,,,
1757,7/5/2026 15:48,81.5,7.89,6.78,81.4,44161,42007,27.03,28737.45,,,,,
1758,7/5/2026 16:03,81.43,7.38,6.34,81.31,44212.6,42097.5,27.09,28771.04,,,,,
1759,7/5/2026 16:18,81.35,6.95,5.97,81.22,44259.8,42181.4,27.15,28801.75,,,,,
1760,7/5/2026 16:33,81.35,5.67,4.87,81.26,44298,42199.6,27.16,28826.6,,,,,
1761,7/5/2026 16:48,81.67,6.77,5.82,81.67,44131.5,41850.3,26.92,28718.24,,,,,
1762,7/5/2026 17:03,82.16,7.56,6.52,82.14,44062.1,41570.2,26.72,28673.1,,,,,
1763,7/5/2026 17:18,82.34,7.11,6.13,82.33,43772,41210.8,26.47,28484.29,,,,,
1764,7/5/2026 17:33,82.59,7.28,6.29,82.53,43536.4,40899,26.25,28330.95,,,,,
1765,7/5/2026 17:48,82.56,6.84,5.92,82.53,43256.4,40633.5,26.06,28148.76,,,,,
1766,7/5/2026 18:03,82.46,6.36,5.5,82.43,43379,40795.9,26.17,28228.53,,,,,
1767,7/5/2026 18:18,82.79,7.05,6.11,82.79,42829,40117,25.69,27870.65,,,,,
1768,7/5/2026 18:33,82.91,7.05,6.11,82.88,42703.3,39960.3,25.58,27788.82,,,,,
1769,7/5/2026 18:48,83.06,7.03,6.11,82.96,42540.1,39773.8,25.45,27682.67,,,,,
1770,7/5/2026 19:03,83.1,6.76,5.87,83,42561.1,39776.5,25.45,27696.33,,,,,
1771,7/5/2026 19:18,83.08,6.44,5.6,82.98,42361.1,39599.2,25.33,27566.15,,,,,
1772,7/5/2026 19:33,83.07,6.17,5.37,82.96,42206.3,39464.1,25.23,27465.43,,,,,
1773,7/5/2026 19:48,83.01,5.78,5.02,82.91,42262.9,39538.6,25.28,27502.24,,,,,
1774,7/5/2026 20:03,82.9,5.78,5.02,82.76,42215.1,39556.4,25.3,27471.16,,,,,
1775,7/5/2026 20:18,82.75,5.02,4.36,82.64,42124.2,39524.2,25.27,27411.99,,,,,
1776,7/5/2026 20:33,82.71,4.82,4.19,82.61,42336.5,39738,25.42,27550.18,,,,,
1777,7/5/2026 20:48,82.64,3.42,2.97,82.53,42059.1,39511.3,25.26,27369.66,,,,,
1778,7/5/2026 21:03,82.64,3.42,2.97,82.52,42138.8,39588.6,25.32,27421.51,,,,,
1779,7/5/2026 21:18,82.58,3.96,3.44,82.47,42119.9,39592.5,25.32,27409.23,,,,,
1780,7/5/2026 21:33,82.47,3.22,2.8,82.34,42263.2,39783,25.45,27502.44,,,,,
1781,7/5/2026 21:48,82.36,3.19,2.77,82.23,41910,39498.7,25.25,27272.61,,,,,
1782,7/5/2026 22:03,82.13,2.7,2.34,81.99,41924.5,39616.4,25.33,27282.03,,,,,
1783,7/5/2026 22:18,82.07,2.5,2.16,81.93,42417.5,40109.2,25.68,27602.85,,,,,
1784,7/5/2026 22:33,81.91,1.49,1.3,81.8,42066.4,39835.8,25.48,27374.37,,,,,
1785,7/5/2026 22:48,81.86,2.35,2.04,81.73,42021.8,39822.8,25.47,27345.33,,,,,
1786,7/5/2026 23:03,81.77,2.68,2.33,81.63,41781,39640.7,25.34,27188.64,,,,,
1787,7/5/2026 23:18,81.98,3.23,2.8,81.89,42163.2,39888.4,25.52,27437.4,,,,,
1788,7/5/2026 23:33,82.02,3.11,2.7,81.84,42049.3,39800.1,25.46,27363.28,,,,,
1789,7/5/2026 23:48,81.71,3.28,2.86,81.51,40178.1,38171.5,24.3,26145.61,,,,,
1790,7/6/2026 0:03,81.59,3.46,3,81.48,42311.9,40211,25.74,27534.14,,,,,
1791,7/6/2026 0:18,81.54,3.87,3.36,81.4,41426.9,39406.3,25.17,26958.24,,,,,
1792,7/6/2026 0:33,81.46,4.27,3.71,81.32,41432.4,39445.4,25.2,26961.8,,,,,
1793,7/6/2026 0:48,81.4,4.42,3.84,81.3,41594.4,39606.9,25.31,27067.21,,,,,
1794,7/6/2026 1:03,81.33,4.48,3.88,81.17,41838.4,39898.2,25.52,27226,,,,,
1795,7/6/2026 1:18,81.18,4.79,4.15,81.05,41764,39878.7,25.5,27177.58,,,,,
1796,7/6/2026 1:33,80.99,5.04,4.37,80.84,41698.6,39912.1,25.52,27135.06,,,,,
1797,7/6/2026 1:48,80.57,5.7,4.94,80.39,41252.3,39683.1,25.35,26844.63,,,,,
1798,7/6/2026 2:03,80.26,5.97,5.17,80.11,41591.3,40133.3,25.67,27065.25,,,,,
1799,7/6/2026 2:18,80.04,6.16,5.33,79.88,41963.5,40600.6,26,27307.4,,,,,
1800,7/6/2026 2:33,79.77,6.37,5.49,79.6,42279.3,41033.6,26.3,27512.96,,,,,
1801,7/6/2026 2:48,79.46,6.45,5.56,79.28,42290.2,41195.4,26.41,27520.04,,,,,
1802,7/6/2026 3:03,79.08,6.41,5.51,78.92,42929.7,41988.5,26.97,27936.17,,,,,
1803,7/6/2026 3:18,78.72,6.59,5.67,78.54,42615.8,41864.7,26.88,27731.88,,,,,
1804,7/6/2026 3:33,78.38,6.36,5.45,78.23,42896.7,42291.9,27.18,27914.68,,,,,
1805,7/6/2026 3:48,78.23,6.37,5.47,78.08,42638.8,42109.2,27.04,27746.88,,,,,
1806,7/6/2026 4:03,78.11,6.24,5.34,77.97,43102,42617.6,27.41,28048.28,,,,,
1807,7/6/2026 4:18,78.06,5.71,4.89,77.94,42913.4,42449.9,27.28,27925.54,,,,,
1808,7/6/2026 4:33,78.02,4.76,4.08,77.91,43007.2,42553.4,27.36,27986.6,,,,,
1809,7/6/2026 4:48,78.04,4.1,3.51,77.94,43090.1,42624.7,27.41,28040.55,,,,,
1810,7/6/2026 5:03,78.21,4.85,4.16,78.16,42888.7,42316,27.19,27909.5,,,,,
1811,7/6/2026 5:18,78.43,5.42,4.66,78.4,42520.6,41836.9,26.86,27669.96,,,,,
1812,7/6/2026 5:33,78.61,5.21,4.48,78.59,42450.9,41679.2,26.75,27624.6,,,,,
1813,7/6/2026 5:48,78.75,5.16,4.44,78.71,42289,41460.4,26.59,27519.23,,,,,
1814,7/6/2026 6:03,78.96,5.2,4.48,78.9,42156.6,41242.6,26.44,27433.07,,,,,
1815,7/6/2026 6:18,79.1,4.88,4.21,79.01,41859.5,40898.3,26.2,27239.75,,,,,
1816,7/6/2026 6:33,79.19,4.76,4.11,79.09,41456.1,40468.6,25.89,26977.22,,,,,
1817,7/6/2026 6:48,79.25,4.64,4.01,79.16,41583.9,40560.5,25.96,27060.43,,,,,
1818,7/6/2026 7:03,79.32,4.48,3.88,79.23,41063.7,40020.6,25.58,26721.9,,,,,
1819,7/6/2026 7:18,79.39,4.31,3.73,79.29,41329.7,40254.7,25.74,26894.97,,,,,
1820,7/6/2026 7:33,79.44,4.07,3.52,79.36,41264.1,40158.2,25.68,26852.31,,,,,
1821,7/6/2026 7:48,79.51,3.99,3.46,79.41,41155.1,40029.7,25.59,26781.38,,,,,
1822,7/6/2026 8:03,79.54,3.48,3.02,79.48,40962.8,39810.3,25.43,26656.21,,,,,
1823,7/6/2026 8:18,79.43,3.45,2.99,79.31,40981.5,39905.6,25.5,26668.41,,,,,
1824,7/6/2026 8:33,79.4,3.2,2.77,79.32,41012,39932.8,25.51,26688.21,,,,,
1825,7/6/2026 8:48,79.44,2.4,2.08,79.35,40981.5,39888.2,25.48,26668.41,,,,,
1826,7/6/2026 9:03,79.44,2.45,2.12,79.35,41006,39909.5,25.5,26684.36,,,,,
1827,7/6/2026 9:18,79.44,2.53,2.19,79.38,40939.1,39834.5,25.45,26640.81,,,,,
1828,7/6/2026 9:33,79.44,1.81,1.57,79.37,40918.2,39819.1,25.43,26627.18,,,,,
1829,7/6/2026 9:48,79.44,2,1.73,79.35,41247,40146.6,25.67,26841.16,,,,,
1830,7/6/2026 10:03,79.44,1.65,1.43,79.4,41204.6,40082.8,25.62,26813.59,,,,,
1831,7/6/2026 10:18,79.48,2.02,1.75,79.46,41130.4,39983.2,25.55,26765.32,,,,,
1832,7/6/2026 10:33,79.47,1.48,1.28,79.45,41119.7,39977.8,25.55,26758.36,,,,,
1833,7/6/2026 10:48,79.48,2.32,2.01,79.42,41036.7,39909.5,25.5,26704.32,,,,,
1834,7/6/2026 11:03,79.47,1.97,1.7,79.46,40922.4,39778.5,25.41,26629.94,,,,,
1835,7/6/2026 11:18,79.61,1.96,1.7,79.67,41049.2,39809.9,25.43,26712.43,,,,,
1836,7/6/2026 11:33,79.72,2.17,1.88,79.83,41171.1,39853.8,25.47,26791.78,,,,,
1837,7/6/2026 11:48,79.84,2.92,2.53,79.77,41357.7,40061.8,25.61,26913.19,,,,,
1838,7/6/2026 12:03,79.71,2.87,2.49,79.64,41361.2,40127.5,25.66,26915.48,,,,,
1839,7/6/2026 12:18,79.72,3.01,2.6,79.68,41458.4,40199.3,25.71,26978.73,,,,,
1840,7/6/2026 12:33,80.1,3.61,3.12,80.06,41792.3,40349.8,25.82,27196.03,,,,,
1841,7/6/2026 12:48,80.41,3.85,3.34,80.41,41433,39849.5,25.47,26962.21,,,,,
1842,7/6/2026 13:03,80.62,3.93,3.41,80.46,41423.4,39815.6,25.45,26955.94,,,,,
1843,7/6/2026 13:18,80.7,4.27,3.7,80.57,41438,39782.9,25.43,26965.46,,,,,
1844,7/6/2026 13:33,80.88,4.68,4.06,80.85,41441.3,39661,25.34,26967.6,,,,,
1845,7/6/2026 13:48,80.92,5.28,4.59,80.83,41211.1,39448,25.19,26817.83,,,,,
1846,7/6/2026 14:03,81.01,5.79,5.03,80.86,41034.4,39266.7,25.07,26702.84,,,,,
1847,7/6/2026 14:18,80.8,6.35,5.51,80.67,41200.4,39508.4,25.23,26810.85,,,,,
1848,7/6/2026 14:33,80.68,6.66,5.78,80.54,41435.2,39790,25.43,26963.63,,,,,
1849,7/6/2026 14:48,80.35,6.98,6.04,80.16,41772.1,40285.3,25.78,27182.89,,,,,
1850,7/6/2026 15:03,79.94,7.13,6.15,79.76,42463.7,41140.8,26.38,27632.96,,,,,
1851,7/6/2026 15:18,79.61,7.56,6.51,79.45,42449.9,41271.1,26.47,27623.96,,,,,
1852,7/6/2026 15:33,79.32,7.8,6.71,79.18,42604.2,41547.8,26.66,27724.32,,,,,
1853,7/6/2026 15:48,79.18,7.88,6.77,79.05,43049.4,42042.4,27.01,28014.06,,,,,
1854,7/6/2026 16:03,79.11,8.11,6.97,78.99,43025.4,42047.8,27.02,27998.42,,,,,
1855,7/6/2026 16:18,79.08,7.92,6.79,78.97,43252.1,42280.1,27.18,28145.98,,,,,
1856,7/6/2026 16:33,79.02,7.69,6.59,78.9,43547.6,42600.9,27.41,28338.27,,,,,
1857,7/6/2026 16:48,78.98,7.18,6.16,78.86,43239.8,42323.5,27.21,28137.94,,,,,
1858,7/6/2026 17:03,78.91,6.83,5.85,78.8,43321,42432.3,27.29,28190.83,,,,,
1859,7/6/2026 17:18,78.93,5.83,4.99,78.84,43394.5,42483,27.33,28238.62,,,,,
1860,7/6/2026 17:33,79.13,6.51,5.58,79.06,43316.8,42300.9,27.2,28188.1,,,,,
1861,7/6/2026 17:48,79.35,7.75,6.66,79.27,43065.7,41956,26.96,28024.67,,,,,
1862,7/6/2026 18:03,79.5,7.51,6.46,79.43,42759.4,41582.3,26.69,27825.33,,,,,
1863,7/6/2026 18:18,79.69,7.63,6.57,79.62,42709.9,41441.2,26.59,27793.15,,,,,
1864,7/6/2026 18:33,79.85,7.34,6.33,79.78,42347,41014.9,26.29,27556.96,,,,,
1865,7/6/2026 18:48,79.99,7.48,6.46,79.91,42199,40813.2,26.15,27460.65,,,,,
1866,7/6/2026 19:03,80.13,7.25,6.27,80.04,41825,40391.4,25.85,27217.32,,,,,
1867,7/6/2026 19:18,80.23,7.09,6.14,80.14,41690.4,40216.4,25.73,27129.69,,,,,
1868,7/6/2026 19:33,80.28,6.81,5.91,80.19,41043.2,39570,25.27,26708.55,,,,,
1869,7/6/2026 19:48,80.31,6.52,5.65,80.21,41451.4,39953.7,25.54,26974.2,,,,,
1870,7/6/2026 20:03,80.3,6.2,5.37,80.17,41467.3,39986.4,25.57,26984.54,,,,,
1871,7/6/2026 20:18,80.3,6.05,5.25,80.18,41206.3,39732.2,25.39,26814.69,,,,,
1872,7/6/2026 20:33,80.24,5.55,4.82,80.13,41114.1,39665.4,25.34,26754.69,,,,,
1873,7/6/2026 20:48,80.09,5.16,4.47,80.03,41173.7,39769.8,25.41,26793.48,,,,,
1874,7/6/2026 21:03,79.97,4.47,3.87,79.87,41687.5,40338.6,25.81,27127.79,,,,,
1875,7/6/2026 21:18,79.93,4.23,3.67,79.83,41215.9,39899.6,25.5,26820.94,,,,,
1876,7/6/2026 21:33,79.91,3.35,2.91,79.79,41047,39753.4,25.39,26711.04,,,,,
1877,7/6/2026 21:48,79.85,3.83,3.32,79.7,41108.9,39855.5,25.47,26751.31,,,,,
1878,7/6/2026 22:03,79.71,3.58,3.1,79.54,41355.3,40164.3,25.68,26911.66,,,,,
1879,7/6/2026 22:18,79.65,3.48,3.02,79.54,40953.4,39774,25.41,26650.14,,,,,
1880,7/6/2026 22:33,79.51,3.25,2.82,79.4,40905.1,39791.4,25.42,26618.65,,,,,
1881,7/6/2026 22:48,79.4,2.96,2.57,79.28,41084.9,40021.3,25.58,26735.72,,,,,
1882,7/6/2026 23:03,79.23,1.71,1.48,79.12,40843.4,39858.1,25.46,26578.54,,,,,
1883,7/6/2026 23:18,79.11,2.05,1.78,78.97,40508.4,39600.5,25.27,26360.52,,,,,
1884,7/6/2026 23:33,78.99,2.05,1.77,78.86,40940.4,40070.4,25.61,26641.65,,,,,
1885,7/6/2026 23:48,78.87,1.27,1.1,78.76,40714.4,39896.6,25.48,26494.56,,,,,
1886,7/7/2026 0:03,78.93,2.81,2.43,78.85,40909.5,40045.1,25.59,26621.53,,,,,
1887,7/7/2026 0:18,78.97,2.86,2.48,78.84,40686.3,39831.7,25.44,26476.33,,,,,
1888,7/7/2026 0:33,78.81,2.93,2.52,78.62,42030.9,41251.3,26.44,27351.28,,,,,
1889,7/7/2026 0:48,78.6,3.17,2.75,78.49,40499.6,39808.3,25.41,26354.79,,,,,
1890,7/7/2026 1:03,78.56,3.37,2.91,78.45,41456.1,40766.4,26.09,26977.22,,,,,
1891,7/7/2026 1:18,78.52,3.69,3.2,78.4,40159.9,39514.2,25.2,26133.77,,,,,
1892,7/7/2026 1:33,78.52,3.99,3.44,78.45,41279.8,40593.1,25.97,26862.51,,,,,
1893,7/7/2026 1:48,78.52,4.21,3.68,78.45,38004.4,37372.1,23.69,24731.06,,,,,
1894,7/7/2026 2:03,78.47,4.57,3.95,78.38,40476.4,39833.1,25.43,26339.71,,,,,
1895,7/7/2026 2:18,78.48,4.82,4.18,78.36,40334.2,39705.5,25.34,26247.14,,,,,
1896,7/7/2026 2:33,78.34,5.27,4.56,78.19,40227,39674.9,25.31,26177.4,,,,,
1897,7/7/2026 2:48,78.11,5.82,5.04,77.97,40229.5,39777.4,25.38,26179.04,,,,,
1898,7/7/2026 3:03,77.93,6.06,5.24,77.78,40602.6,40235.1,25.7,26421.81,,,,,
1899,7/7/2026 3:18,77.71,6.27,5.44,77.58,39862.5,39594.3,25.25,25940.23,,,,,
1900,7/7/2026 3:33,77.51,6.49,5.58,77.35,41855.6,41687.3,26.73,27237.19,,,,,
1901,7/7/2026 3:48,77.22,6.57,5.63,77.06,42163.6,42135.5,27.04,27437.61,,,,,
1902,7/7/2026 4:03,76.97,6.57,5.64,76.78,42074.3,42182.9,27.07,27379.51,,,,,
1903,7/7/2026 4:18,76.64,6.76,5.8,76.44,41759.6,42036.1,26.96,27174.77,,,,,
1904,7/7/2026 4:33,76.4,6.65,5.69,76.24,42309,42690,27.42,27532.25,,,,,
1905,7/7/2026 4:48,76.23,6.45,5.52,76.08,42330.8,42788.6,27.49,27546.44,,,,,
1906,7/7/2026 5:03,76.09,6.4,5.47,75.95,42274.1,42799.9,27.49,27509.52,,,,,
1907,7/7/2026 5:18,76.04,6.01,5.13,75.92,42465.1,43007.1,27.64,27633.84,,,,,
1908,7/7/2026 5:33,76.04,5.22,4.46,75.93,42185.2,42720.9,27.44,27451.72,,,,,
1909,7/7/2026 5:48,76.2,4.77,4.09,76.14,42112,42537.5,27.31,27404.08,,,,,
1910,7/7/2026 6:03,76.37,5.92,5.08,76.28,41823.1,42175.4,27.05,27216.06,,,,,
1911,7/7/2026 6:18,76.56,5.73,4.91,76.48,41836.4,42091.9,27,27224.73,,,,,
1912,7/7/2026 6:33,76.65,5.57,4.79,76.59,41347.6,41546.9,26.61,26906.6,,,,,
1913,7/7/2026 6:48,76.82,5.43,4.67,76.71,41172.2,41310.1,26.45,26792.49,,,,,
1914,7/7/2026 7:03,76.9,5.4,4.65,76.77,40985,41093.5,26.29,26670.69,,,,,
1915,7/7/2026 7:18,76.96,5.27,4.55,76.84,40627.2,40703.6,26.02,26437.84,,,,,
1916,7/7/2026 7:33,77,5.06,4.36,76.88,40633.4,40691.7,26.01,26441.9,,,,,
1917,7/7/2026 7:48,77.01,5.06,4.37,76.92,40481,40518.4,25.89,26342.7,,,,,
1918,7/7/2026 8:03,77.07,4.89,4.22,76.98,40367.2,40378.8,25.79,26268.66,,,,,
1919,7/7/2026 8:18,77.11,4.62,3.99,77.02,40174.6,40165.7,25.64,26143.29,,,,,
1920,7/7/2026 8:33,77.11,4.61,3.99,77,40027.1,40025.9,25.54,26047.3,,,,,
1921,7/7/2026 8:48,77.06,4,3.46,76.95,39983.6,40007.9,25.53,26019.04,,,,,
1922,7/7/2026 9:03,76.91,3.59,3.11,76.78,39935,40035.6,25.54,25987.41,,,,,
1923,7/7/2026 9:18,76.77,3.83,3.32,76.65,39821.7,39983.1,25.5,25913.65,,,,,
1924,7/7/2026 9:33,76.76,3.37,2.91,76.64,39906.7,40073.6,25.57,25968.98,,,,,
1925,7/7/2026 9:48,76.73,3.55,3.07,76.62,39890,40069.5,25.56,25958.09,,,,,
1926,7/7/2026 10:03,76.7,2.94,2.54,76.57,40011.2,40211.8,25.66,26037,,,,,
1927,7/7/2026 10:18,76.59,3.13,2.7,76.45,39961.9,40221.4,25.67,26004.93,,,,,
1928,7/7/2026 10:33,76.51,3.11,2.69,76.39,39916.8,40204.2,25.66,25975.56,,,,,
1929,7/7/2026 10:48,76.39,3.1,2.68,76.26,39900.6,40249.6,25.68,25965.01,,,,,
1930,7/7/2026 11:03,76.33,3.43,2.96,76.21,39907.1,40279.4,25.7,25969.26,,,,,
1931,7/7/2026 11:18,76.21,3.57,3.09,76.07,39760.7,40195.8,25.64,25873.96,,,,,
1932,7/7/2026 11:33,76.12,3.65,3.16,75.98,39741.5,40220.3,25.66,25861.49,,,,,
1933,7/7/2026 11:48,76.04,3.75,3.24,75.9,39751.6,40266.7,25.69,25868.06,,,,,
1934,7/7/2026 12:03,75.99,3.88,3.35,75.85,39487.1,40021.9,25.52,25695.94,,,,,
1935,7/7/2026 12:18,75.92,3.92,3.38,75.81,39523.1,40081.5,25.56,25719.34,,,,,
1936,7/7/2026 12:33,75.89,3.8,3.29,75.74,39426.7,40014.6,25.51,25656.63,,,,,
1937,7/7/2026 12:48,75.79,4.17,3.6,75.59,39341.3,39999.9,25.49,25601.05,,,,,
1938,7/7/2026 13:03,75.63,4.52,3.91,75.53,39291.1,39977.2,25.48,25568.37,,,,,
1939,7/7/2026 13:18,75.64,4.63,4,75.54,39427.8,40111.2,25.57,25657.36,,,,,
1940,7/7/2026 13:33,75.55,5.05,4.37,75.37,39095.7,39855.4,25.39,25441.21,,,,,
1941,7/7/2026 13:48,75.54,5.16,4.46,75.45,39174.2,39896.8,25.42,25492.33,,,,,
1942,7/7/2026 14:03,75.63,5.22,4.51,75.45,38979.8,39698.9,25.28,25365.84,,,,,
1943,7/7/2026 14:18,75.6,5.62,4.88,75.45,38519.6,39230.1,24.95,25066.32,,,,,
1944,7/7/2026 14:33,75.72,5.94,5.15,75.64,38525.6,39147.9,24.89,25070.24,,,,,
1945,7/7/2026 14:48,75.86,6.35,5.51,75.71,38614.5,39202.9,24.93,25128.08,,,,,
1946,7/7/2026 15:03,75.85,6.83,5.91,75.72,39005.1,39597,25.21,25382.3,,,,,
1947,7/7/2026 15:18,75.74,7.06,6.1,75.6,39298,39948.2,25.46,25572.86,,,,,
1948,7/7/2026 15:33,75.63,7.2,6.21,75.48,39642.1,40357.7,25.75,25796.78,,,,,
1949,7/7/2026 15:48,75.43,7.39,6.35,75.28,40597.9,41429.6,26.5,26418.8,,,,,
1950,7/7/2026 16:03,75.14,7.56,6.5,74.95,40443.2,41432.1,26.5,26318.11,,,,,
1951,7/7/2026 16:18,74.74,7.82,6.7,74.57,40681.4,41868.6,26.8,26473.1,,,,,
1952,7/7/2026 16:33,74.52,7.84,6.72,74.36,40726.2,42021.2,26.9,26502.29,,,,,
1953,7/7/2026 16:48,74.33,7.78,6.66,74.17,40904.6,42298.8,27.09,26618.34,,,,,
1954,7/7/2026 17:03,74.21,7.75,6.63,74.04,40944.1,42406.1,27.17,26644.04,,,,,
1955,7/7/2026 17:18,74.08,7.84,6.7,73.92,41055.6,42585.6,27.29,26716.63,,,,,
1956,7/7/2026 17:33,73.97,7.79,6.65,73.82,41140.9,42727.1,27.39,26772.11,,,,,
1957,7/7/2026 17:48,73.89,7.66,6.54,73.73,41040,42667,27.35,26706.48,,,,,
1958,7/7/2026 18:03,73.83,7.16,6.12,73.72,41095,42732.6,27.39,26742.25,,,,,
1959,7/7/2026 18:18,73.85,6.74,5.75,73.72,41028.9,42661.2,27.34,26699.27,,,,,
1960,7/7/2026 18:33,74.02,7.43,6.34,73.89,41425.8,42986.4,27.58,26957.51,,,,,
1961,7/7/2026 18:48,74.06,7.33,6.27,73.95,40928.3,42439.6,27.19,26633.79,,,,,
1962,7/7/2026 19:03,74.12,7.2,6.17,74.02,40327.1,41780.7,26.72,26242.53,,,,,
1963,7/7/2026 19:18,74.25,7.13,6.12,74.14,40038.4,41422.1,26.47,26054.71,,,,,
1964,7/7/2026 19:33,74.34,7,6.02,74.23,39642.6,40967.1,26.15,25797.11,,,,,
1965,7/7/2026 19:48,74.44,6.73,5.78,74.32,39898.6,41186,26.31,25963.71,,,,,
1966,7/7/2026 20:03,74.46,6.71,5.79,74.34,39212,40469.4,25.8,25516.92,,,,,
1967,7/7/2026 20:18,74.46,6.43,5.54,74.32,39225.1,40490.8,25.81,25525.44,,,,,
1968,7/7/2026 20:33,74.44,6.16,5.32,74.33,39055.2,40310.1,25.69,25414.86,,,,,
1969,7/7/2026 20:48,74.47,6.21,5.36,74.3,38849.1,40110.5,25.54,25280.73,,,,,
1970,7/7/2026 21:03,74.34,6.14,5.31,74.17,38376.3,39684.4,25.24,24973.1,,,,,
1971,7/7/2026 21:18,74.22,5.84,5.06,74.08,37979,39319.7,24.98,24714.54,,,,,
1972,7/7/2026 21:33,74.13,5.52,4.78,73.98,37750.8,39129.4,24.85,24566.04,,,,,
1973,7/7/2026 21:48,73.94,5.05,4.38,73.74,37486.9,38967.9,24.73,24394.3,,,,,
1974,7/7/2026 22:03,73.64,4.98,4.32,73.48,37370.6,38972.2,24.72,24318.64,,,,,
1975,7/7/2026 22:18,73.62,4.95,4.29,73.48,37342.3,38940.1,24.7,24300.19,,,,,
1976,7/7/2026 22:33,73.48,4.5,3.91,73.3,37048.4,38720,24.54,24108.94,,,,,
1977,7/7/2026 22:48,73.31,4.22,3.66,73.13,36813.3,38555.5,24.42,23955.95,,,,,
1978,7/7/2026 23:03,73.11,3.78,3.29,72.95,36676.1,38493.1,24.38,23866.72,,,,,
1979,7/7/2026 23:18,72.88,3.7,3.22,72.69,36239.5,38158.3,24.13,23582.58,,,,,
1980,7/7/2026 23:33,72.68,3.68,3.2,72.52,35914.7,37896.5,23.95,23371.2,,,,,
1981,7/7/2026 23:48,72.4,3.39,2.95,72.23,35487,37579.9,23.72,23092.9,,,,,
1982,7/8/2026 0:03,72.16,3.31,2.89,71.94,34905.1,37096.9,23.38,22714.25,,,,,
1983,7/8/2026 0:18,71.78,3.17,2.77,71.58,34242.9,36556.5,22.99,22283.28,,,,,
1984,7/8/2026 0:33,71.57,2.89,2.53,71.35,33907.6,36300.7,22.81,22065.08,,,,,
1985,7/8/2026 0:48,71.24,2.9,2.54,71.05,33284.4,35768.1,22.43,21659.58,,,,,
1986,7/8/2026 1:03,71.21,3.26,2.86,71.08,32929.8,35375.1,22.16,21428.84,,,,,
1987,7/8/2026 1:18,71.74,3.25,2.85,71.61,34044.2,36327.4,22.83,22154.01,,,,,
1988,7/8/2026 1:33,71.63,3.59,3.15,71.45,33668.4,36001.1,22.6,21909.42,,,,,
1989,7/8/2026 1:48,71.72,4.07,3.55,71.58,35107,37476.5,23.63,22845.58,,,,,
1990,7/8/2026 2:03,71.7,4.2,3.66,71.5,34787.3,37172.6,23.42,22637.56,,,,,
1991,7/8/2026 2:18,71.76,4.49,3.92,71.67,34517.6,36807.9,23.17,22462.06,,,,,
1992,7/8/2026 2:33,71.83,4.53,3.94,71.74,35642.9,37972.3,23.98,23194.36,,,,,
1993,7/8/2026 2:48,71.9,4.71,4.1,71.82,35695.7,37990.4,24,23228.71,,,,,
1994,7/8/2026 3:03,72.11,5.08,4.42,72.07,35943.5,38136.9,24.1,23389.98,,,,,
1995,7/8/2026 3:18,72.27,5.3,4.6,72.2,36057.5,38196.7,24.15,23464.13,,,,,
1996,7/8/2026 3:33,72.82,5.88,5.1,72.73,36917.6,38851.7,24.62,24023.83,,,,,
1997,7/8/2026 3:48,72.85,6.23,5.39,72.72,37557.7,39530.6,25.1,24440.39,,,,,
1998,7/8/2026 4:03,72.77,6.47,5.59,72.61,38025.5,40078.6,25.48,24744.78,,,,,
1999,7/8/2026 4:18,72.69,6.63,5.71,72.56,38464.3,40565.3,25.82,25030.36,,,,,
2000,7/8/2026 4:33,72.55,6.8,5.85,72.36,38790.5,41009.9,26.13,25242.6,,,,,
2001,7/8/2026 4:48,72.23,6.84,5.88,72.03,38772.1,41160,26.23,25230.65,,,,,
2002,7/8/2026 5:03,71.89,6.95,5.96,71.7,38958.7,41524.2,26.48,25352.09,,,,,
2003,7/8/2026 5:18,71.61,6.92,5.92,71.42,39083.9,41803.1,26.67,25433.55,,,,,
2004,7/8/2026 5:33,71.43,6.93,5.93,71.25,39061.9,41869.5,26.71,25419.25,,,,,
2005,7/8/2026 5:48,71.33,6.84,5.85,71.17,39168.9,42029.3,26.82,25488.84,,,,,
2006,7/8/2026 6:03,71.2,6.76,5.78,71.04,39225.9,42158.6,26.91,25525.96,,,,,
2007,7/8/2026 6:18,71.12,6.32,5.4,70.99,39225.9,42184.2,26.93,25525.96,,,,,
2008,7/8/2026 6:33,71.26,5.91,5.06,71.25,39108.9,41919.9,26.75,25449.84,,,,,
2009,7/8/2026 6:48,71.31,5.86,5.02,71.18,39175,42030.3,26.82,25492.86,,,,,
2010,7/8/2026 7:03,71.46,5.77,4.95,71.37,38986.6,41729.8,26.62,25370.23,,,,,
2011,7/8/2026 7:18,71.65,5.99,5.15,71.6,38488.8,41078.3,26.16,25046.3,,,,,
2012,7/8/2026 7:33,71.83,5.87,5.05,71.77,38209.5,40693,25.89,24864.53,,,,,
2013,7/8/2026 7:48,71.9,5.73,4.93,71.89,38083.3,40496.3,25.76,24782.41,,,,,
2014,7/8/2026 8:03,72.14,5.9,5.09,72.09,37794.3,40092.6,25.48,24594.37,,,,,
2015,7/8/2026 8:18,72.22,5.62,4.85,72.08,37720.3,40016.8,25.42,24546.22,,,,,
2016,7/8/2026 8:33,72.19,5.56,4.81,72.13,37317.8,39566,25.11,24284.28,,,,,
2017,7/8/2026 8:48,72.32,5.57,4.83,72.23,37130.4,39317.5,24.94,24162.29,,,,,
2018,7/8/2026 9:03,72.41,5.51,4.78,72.31,36945.4,39082.6,24.77,24041.91,,,,,
2019,7/8/2026 9:18,72.48,5.35,4.64,72.41,36840.7,38925.3,24.67,23973.78,,,,,
2020,7/8/2026 9:33,72.52,5.2,4.51,72.45,36624.3,38676.1,24.49,23832.95,,,,,
2021,7/8/2026 9:48,72.45,4.92,4.27,72.36,36457.4,38543.3,24.4,23724.36,,,,,
2022,7/8/2026 10:03,72.4,4.98,4.32,72.31,36488.2,38599,24.43,23744.42,,,,,
2023,7/8/2026 10:18,72.58,4.75,4.12,72.56,36513.2,38507.7,24.38,23760.7,,,,,
2024,7/8/2026 10:33,72.85,4.46,3.88,72.8,36438.9,38317.5,24.25,23712.35,,,,,
2025,7/8/2026 10:48,73.07,4.43,3.86,73.01,36348.2,38123.7,24.12,23653.29,,,,,
2026,7/8/2026 11:03,73.28,4.06,3.54,73.23,36126.2,37788.6,23.89,23508.84,,,,,
2027,7/8/2026 11:18,73.56,3.95,3.45,73.49,35906.8,37438.3,23.65,23366.09,,,,,
2028,7/8/2026 11:33,73.87,3.77,3.3,73.83,35633.7,37000.4,23.35,23188.38,,,,,
2029,7/8/2026 11:48,74.37,3.88,3.4,74.43,35803.3,36910.5,23.3,23298.74,,,,,
2030,7/8/2026 12:03,75.25,4.16,3.65,75.53,35800.8,36423.6,22.98,23297.11,,,,,
2031,7/8/2026 12:18,75.64,4.22,3.71,75.49,35585.4,36225.4,22.84,23156.9,,,,,
2032,7/8/2026 12:33,76.21,4.17,3.67,76.35,35631.4,35904,22.63,23186.85,,,,,
2033,7/8/2026 12:48,77.02,4.5,3.96,76.98,36221.2,36229.3,22.87,23570.65,,,,,
2034,7/8/2026 13:03,75.68,4.75,4.18,75.46,34558.1,35188.8,22.12,22488.43,,,,,
2035,7/8/2026 13:18,74.71,4.01,3.53,74.34,34318.8,35419.3,22.26,22332.72,,,,,
2036,7/8/2026 13:33,74.87,4.3,3.78,74.94,34852.9,35712,22.47,22680.25,,,,,
2037,7/8/2026 13:48,76.2,5.01,4.39,76.18,36241.5,36591.2,23.11,23583.85,,,,,
2038,7/8/2026 14:03,76.07,5,4.38,75.88,36245.1,36724.2,23.2,23586.21,,,,,
2039,7/8/2026 14:18,75.93,5.46,4.77,75.78,36856.5,37389.2,23.66,23984.08,,,,,
2040,7/8/2026 14:33,75.85,5.63,4.91,75.72,37401.9,37969.4,24.07,24339.01,,,,,
2041,7/8/2026 14:48,75.85,6.02,5.26,75.83,37101.6,37616.1,23.82,24143.55,,,,,
2042,7/8/2026 15:03,76.6,6.58,5.74,76.57,37550.3,37741,23.92,24435.56,,,,,
2043,7/8/2026 15:18,76.94,6.97,6.08,76.89,37873.8,37923.3,24.05,24646.08,,,,,
2044,7/8/2026 15:33,77.17,7.62,6.64,77.08,38367.5,38332.3,24.35,24967.38,,,,,
2045,7/8/2026 15:48,77.12,8.01,6.96,76.98,38904.6,38913.3,24.75,25316.85,,,,,
2046,7/8/2026 16:03,76.85,8.27,7.17,76.67,39255.5,39407,25.1,25545.2,,,,,
2047,7/8/2026 16:18,76.45,8.55,7.4,76.25,39646.5,39998.4,25.51,25799.66,,,,,
2048,7/8/2026 16:33,76.12,8.88,7.66,75.94,40216.4,40719.2,26.01,26170.51,,,,,
2049,7/8/2026 16:48,76.15,9.25,7.96,76.05,40638.7,41094,26.28,26445.31,,,,,
2050,7/8/2026 17:03,76.2,9.4,8.06,76.09,41547,41993.7,26.92,27036.4,,,,,
2051,7/8/2026 17:18,76.13,9.59,8.23,75.98,41316.1,41813.9,26.79,26886.12,,,,,
2052,7/8/2026 17:33,75.96,9.6,8.23,75.81,41451.7,42037.4,26.95,26974.36,,,,,
2053,7/8/2026 17:48,75.69,9.57,8.2,75.51,41456.4,42188.5,27.05,26977.46,,,,,
2054,7/8/2026 18:03,75.38,9.55,8.18,75.18,41456.4,42354.9,27.16,26977.46,,,,,
2055,7/8/2026 18:18,75.04,9.56,8.18,74.86,41369.7,42430.7,27.2,26921,,,,,
2056,7/8/2026 18:33,74.83,9.49,8.12,74.67,41158.4,42310,27.11,26783.53,,,,,
2057,7/8/2026 18:48,74.67,9.27,7.92,74.52,41529,42765.9,27.44,27024.65,,,,,
2058,7/8/2026 19:03,74.54,8.92,7.63,74.41,41374.2,42664.7,27.36,26923.92,,,,,
2059,7/8/2026 19:18,74.64,8.25,7.05,74.67,41401.7,42557.3,27.29,26941.82,,,,,
2060,7/8/2026 19:33,75.08,9.15,7.83,75,41364.7,42354.2,27.15,26917.77,,,,,
2061,7/8/2026 19:48,75.56,9.13,7.82,75.53,41338.2,42057.3,26.95,26900.5,,,,,
2062,7/8/2026 20:03,76.07,8.89,7.63,76,41299.5,41786.3,26.77,26875.31,,,,,
2063,7/8/2026 20:18,76.22,8.51,7.32,76.12,40976.1,41403.3,26.5,26664.87,,,,,
2064,7/8/2026 20:33,76.34,8.18,7.05,76.25,40535.4,40895.2,26.14,26378.1,,,,,
2065,7/8/2026 20:48,76.42,7.83,6.75,76.32,40339,40660.6,25.98,26250.28,,,,,
2066,7/8/2026 21:03,76.55,7.68,6.64,76.46,39873.3,40127,25.6,25947.24,,,,,
2067,7/8/2026 21:18,76.64,7.29,6.31,76.55,39525.9,39736.8,25.33,25721.19,,,,,
2068,7/8/2026 21:33,76.73,6.97,6.04,76.64,39259.7,39426.4,25.11,25547.95,,,,,
2069,7/8/2026 21:48,76.82,6.57,5.7,76.71,39244.5,39378.4,25.08,25538.03,,,,,
2070,7/8/2026 22:03,76.82,6.09,5.29,76.71,38547.3,38678.8,24.58,25084.34,,,,,
2071,7/8/2026 22:18,76.77,5.41,4.69,76.64,39001,39164.1,24.92,25379.61,,,,,
2072,7/8/2026 22:33,76.72,5.1,4.44,76.59,38340.5,38523,24.47,24949.81,,,,,
2073,7/8/2026 22:48,76.57,4.63,4.03,76.4,38112.5,38379.5,24.37,24801.41,,,,,
2074,7/8/2026 23:03,76.52,4.47,3.89,76.39,37910.6,38181.1,24.23,24670.02,,,,,
2075,7/8/2026 23:18,76.51,4.18,3.63,76.37,38382.8,38669,24.57,24977.31,,,,,
2076,7/8/2026 23:33,76.41,3.28,2.86,76.26,37497.5,37825.4,23.97,24401.2,,,,,
2077,7/8/2026 23:48,76.26,3.22,2.81,76.13,37424,37809.4,23.96,24353.39,,,,,
2078,7/9/2026 0:03,76.14,2.78,2.43,76,37193.3,37634.1,23.84,24203.22,,,,,
2079,7/9/2026 0:18,75.96,2.51,2.19,75.83,36849.7,37358.4,23.64,23979.67,,,,,
2080,7/9/2026 0:33,75.8,2.01,1.76,75.64,36364.2,36949.2,23.35,23663.75,,,,,
2081,7/9/2026 0:48,75.67,1.65,1.45,75.51,36059.6,36696.4,23.17,23465.5,,,,,
2082,7/9/2026 1:03,75.57,1.45,1.27,75.42,35875.8,36551.7,23.07,23345.88,,,,,
2083,7/9/2026 1:18,75.47,1.32,1.16,75.31,35720.1,36440.1,22.99,23244.59,,,,,
2084,7/9/2026 1:33,75.32,1.65,1.45,75.18,35455,36225.7,22.84,23072.05,,,,,
2085,7/9/2026 1:48,75.32,2.45,2.15,75.22,35279.6,36027.9,22.7,22957.95,,,,,
2086,7/9/2026 2:03,75.38,2.57,2.26,75.3,35291.4,36005.1,22.68,22965.62,,,,,
2087,7/9/2026 2:18,75.51,2.44,2.14,75.4,35557.6,36234.5,22.85,23138.85,,,,,
2088,7/9/2026 2:33,75.29,2.8,2.44,75.11,36598.5,37425.5,23.67,23816.17,,,,,
2089,7/9/2026 2:48,75.21,3.04,2.65,75.1,36669.4,37500.5,23.72,23862.34,,,,,
2090,7/9/2026 3:03,75.34,3.44,3,75.22,36994.3,37778.9,23.92,24073.73,,,,,
2091,7/9/2026 3:18,75.16,3.63,3.17,75.02,36965.1,37839.6,23.96,24054.77,,,,,
2092,7/9/2026 3:33,75.25,3.93,3.41,75.12,37581.6,38425.9,24.37,24455.97,,,,,
2093,7/9/2026 3:48,75.25,4.23,3.68,75.12,37698.8,38543.2,24.46,24532.18,,,,,
2094,7/9/2026 4:03,75.2,4.66,4.05,75.04,37575.1,38454,24.39,24451.71,,,,,
2095,7/9/2026 4:18,75.17,5.6,4.86,75.03,38270.4,39170.7,24.9,24904.19,,,,,
2096,7/9/2026 4:33,74.95,6.14,5.31,74.79,38559.4,39581.7,25.18,25092.23,,,,,
2097,7/9/2026 4:48,74.76,6.53,5.65,74.6,38672.8,39788.3,25.32,25166,,,,,
2098,7/9/2026 5:03,74.58,6.72,5.78,74.42,40079.2,41321.2,26.41,26081.2,,,,,
2099,7/9/2026 5:18,74.36,6.99,6.01,74.2,39664.3,41005.5,26.18,25811.21,,,,,
2100,7/9/2026 5:33,74.1,7.19,6.17,73.92,40268.9,41772.2,26.71,26204.64,,,,,
2101,7/9/2026 5:48,73.77,7.3,6.27,73.57,39934.6,41596.9,26.58,25987.13,,,,,
2102,7/9/2026 6:03,73.44,7.34,6.28,73.26,40526.4,42374.6,27.13,26372.27,,,,,
2103,7/9/2026 6:18,73.22,7.36,6.29,73.04,40841.4,42819.5,27.44,26577.25,,,,,
2104,7/9/2026 6:33,73.06,7.3,6.25,72.89,40142.7,42162,26.96,26122.54,,,,,
2105,7/9/2026 6:48,72.97,7.26,6.21,72.82,40319.1,42386.5,27.12,26237.36,,,,,
2106,7/9/2026 7:03,72.91,6.63,5.67,72.77,40030.2,42110.7,26.92,26049.36,,,,,
2107,7/9/2026 7:18,72.85,6.33,5.4,72.73,40876.5,43018,27.57,26600.08,,,,,
2108,7/9/2026 7:33,72.9,5.64,4.81,72.79,40765.1,42872.4,27.47,26527.55,,,,,
2109,7/9/2026 7:48,73.03,5.91,5.06,72.93,40272.6,42281.7,27.05,26207.09,,,,,
2110,7/9/2026 8:03,73.23,6.56,5.61,73.35,40266.3,42058.3,26.9,26203.02,,,,,
2111,7/9/2026 8:18,73.73,6.52,5.59,73.79,40170.8,41733.3,26.68,26140.83,,,,,
2112,7/9/2026 8:33,73.65,6.33,5.45,73.79,39252,40778.8,26.01,25542.94,,,,,
2113,7/9/2026 8:48,73.76,6.39,5.51,73.88,39226.7,40707.2,25.96,25526.5,,,,,
2114,7/9/2026 9:03,74,6.21,5.34,74.09,39569.5,40958.4,26.14,25749.56,,,,,
2115,7/9/2026 9:18,74.19,6.25,5.36,74.12,40172.2,41571.3,26.58,26141.73,,,,,
2116,7/9/2026 9:33,74.28,6.04,5.2,74.36,39559,40814.2,26.04,25742.72,,,,,
2117,7/9/2026 9:48,74.88,5.71,4.94,75.07,39105,40006.8,25.49,25447.29,,,,,
2118,7/9/2026 10:03,75.11,5.6,4.85,75.12,38580.9,39445,25.09,25106.21,,,,,
2119,7/9/2026 10:18,75.26,5.34,4.62,75.45,38864.4,39578.8,25.19,25290.73,,,,,
2120,7/9/2026 10:33,75.56,5.39,4.67,75.61,38920.3,39561.7,25.19,25327.07,,,,,
2121,7/9/2026 10:48,75.68,5.21,4.51,75.58,38854.8,39507.9,25.15,25284.49,,,,,
2122,7/9/2026 11:03,76.03,5.31,4.61,76.11,38317,38719,24.6,24934.48,,,,,
2123,7/9/2026 11:18,76.6,5.15,4.47,76.64,38845.4,39010.3,24.82,25278.34,,,,,
2124,7/9/2026 11:33,77.07,5.15,4.49,77.09,38230.3,38190.3,24.25,24878.06,,,,,
2125,7/9/2026 11:48,77.34,4.62,4.02,77.43,38287.2,38097,24.19,24915.12,,,,,
2126,7/9/2026 12:03,77.66,4.65,4.04,77.62,38882.4,38601.2,24.54,25302.45,,,,,
2127,7/9/2026 12:18,78.1,4.31,3.76,78.16,38359.7,37847.5,24.02,24962.3,,,,,
2128,7/9/2026 12:33,78.64,4.65,4.05,78.72,39262.7,38488.5,24.48,25549.87,,,,,
2129,7/9/2026 12:48,79.09,4.93,4.32,79.34,38144.8,37131.8,23.54,24822.42,,,,,
2130,7/9/2026 13:03,80.19,5.17,4.53,80.35,38523.4,37076.3,23.51,25068.81,,,,,
2131,7/9/2026 13:18,81.2,5.4,4.73,81.38,38871.5,36982.3,23.46,25295.32,,,,,
2132,7/9/2026 13:33,81.63,5.38,4.72,81.64,38702.9,36715.8,23.27,25185.58,,,,,
2133,7/9/2026 13:48,82.25,5.76,5.06,82.12,38831.4,36644.3,23.23,25269.25,,,,,
2134,7/9/2026 14:03,79.91,4.81,4.23,79.82,37323.2,36133.5,22.84,24287.78,,,,,
2135,7/9/2026 14:18,79.48,4.73,4.16,79.73,37530.8,36370.6,23.01,24422.89,,,,,
2136,7/9/2026 14:33,80,5.02,4.4,80.15,38565.7,37199.9,23.6,25096.36,,,,,
2137,7/9/2026 14:48,80.43,5.46,4.78,80.41,38989.6,37499.5,23.81,25372.19,,,,,
2138,7/9/2026 15:03,80.15,5.56,4.86,79.95,38986.6,37690,23.94,25370.25,,,,,
2139,7/9/2026 15:18,79.73,5.98,5.22,79.59,39198.8,38048.6,24.19,25508.31,,,,,
2140,7/9/2026 15:33,79.6,6.24,5.44,79.51,39348.9,38229.9,24.31,25605.99,,,,,
2141,7/9/2026 15:48,80.02,7.01,6.11,79.97,39599.9,38273.4,24.35,25769.35,,,,,
2142,7/9/2026 16:03,79.96,7.35,6.41,79.76,39488.8,38258.6,24.34,25697.04,,,,,
2143,7/9/2026 16:18,79.72,8.03,6.99,79.58,39892.6,38726.8,24.66,25959.79,,,,,
2144,7/9/2026 16:33,79.39,8.49,7.37,79.21,40258.7,39248.3,25.03,26198.06,,,,,
2145,7/9/2026 16:48,79.07,8.8,7.62,78.92,40771.2,39879.8,25.47,26531.53,,,,,
2146,7/9/2026 17:03,78.66,9.1,7.86,78.47,41501.1,40802.9,26.12,27006.49,,,,,
2147,7/9/2026 17:18,78.31,9.31,8.02,78.19,41776.2,41205.3,26.4,27185.51,,,,,
2148,7/9/2026 17:33,78.31,9.37,8.05,78.19,42220.8,41641.3,26.71,27474.84,,,,,
2149,7/9/2026 17:48,78.23,9.38,8.06,78.12,42317.9,41771.2,26.8,27538.03,,,,,
2150,7/9/2026 18:03,78.11,9.39,8.05,77.93,42785.5,42326,27.2,27842.31,,,,,
2151,7/9/2026 18:18,77.76,9.39,8.04,77.59,42874.8,42583.6,27.37,27900.44,,,,,
2152,7/9/2026 18:33,77.44,9.29,7.95,77.25,42939.6,42815.8,27.53,27942.62,,,,,
2153,7/9/2026 18:48,77.06,9.3,7.96,76.87,42608.3,42674.8,27.42,27727.02,,,,,
2154,7/9/2026 19:03,76.86,9.28,7.94,76.67,42522.2,42686.4,27.43,27671.02,,,,,
2155,7/9/2026 19:18,76.35,9.32,7.96,76.1,42408.7,42856.4,27.54,27597.15,,,,,
2156,7/9/2026 19:33,75.94,9.26,7.91,75.75,42288.4,42913.5,27.57,27518.85,,,,,
2157,7/9/2026 19:48,75.75,9.17,7.83,75.57,42409.7,43130.8,27.72,27597.79,,,,,
2158,7/9/2026 20:03,75.56,8.57,7.32,75.42,42206.8,42999.2,27.62,27465.74,,,,,
2159,7/9/2026 20:18,75.6,7.74,6.6,75.58,42353.5,43068.1,27.68,27561.22,,,,,
2160,7/9/2026 20:33,76.23,8.83,7.55,76.22,42411.4,42801.5,27.5,27598.9,,,,,
2161,7/9/2026 20:48,76.96,8.92,7.64,76.95,42511.4,42534.5,27.33,27663.98,,,,,
2162,7/9/2026 21:03,77.44,8.6,7.38,77.5,42212.1,41965.2,26.93,27469.21,,,,,
2163,7/9/2026 21:18,77.88,8.31,7.15,77.82,41956.9,41558.8,26.65,27303.14,,,,,
2164,7/9/2026 21:33,78.15,7.88,6.79,78.11,41653.3,41120.4,26.34,27105.57,,,,,
2165,7/9/2026 21:48,78.32,7.62,6.56,78.23,41921.9,41328.3,26.49,27280.36,,,,,
2166,7/9/2026 22:03,78.49,7.1,6.13,78.43,41296.9,40620.1,25.99,26873.65,,,,,
2167,7/9/2026 22:18,78.66,6.65,5.74,78.59,41254.7,40502.3,25.91,26846.2,,,,,
2168,7/9/2026 22:33,78.81,6.1,5.28,78.75,40979.9,40161.9,25.67,26667.35,,,,,
2169,7/9/2026 22:48,78.97,5.66,4.9,78.89,40632.6,39756.7,25.38,26441.34,,,,,
2170,7/9/2026 23:03,79.08,5.23,4.54,78.98,40217.5,39308.7,25.07,26171.25,,,,,
2171,7/9/2026 23:18,79.16,4.83,4.2,79.07,40164.5,39217.6,25,26136.74,,,,,
2172,7/9/2026 23:33,79.21,4.33,3.77,79.11,40108.6,39143.5,24.95,26100.38,,,,,
2173,7/9/2026 23:48,79.09,4.03,3.5,78.96,40044.4,39149.4,24.95,26058.61,,,,,
2174,7/10/2026 0:03,79.08,3.57,3.1,78.98,39849.4,38949,24.81,25931.72,,,,,
2175,7/10/2026 0:18,79.13,2.81,2.44,79.01,39779.3,38865.8,24.75,25886.04,,,,,
2176,7/10/2026 0:33,79.11,2.93,2.55,79,39438.6,38540.2,24.52,25664.36,,,,,
2177,7/10/2026 0:48,79.09,2.41,2.1,78.97,39353.3,38468.8,24.47,25608.85,,,,,
2178,7/10/2026 1:03,79.05,2.08,1.81,78.93,39572.6,38702.6,24.64,25751.6,,,,,
2179,7/10/2026 1:18,78.98,1.61,1.4,78.87,39122.1,38285.9,24.34,25458.38,,,,,
2180,7/10/2026 1:33,78.91,1.63,1.42,78.77,38932.8,38143.7,24.24,25335.22,,,,,
2181,7/10/2026 1:48,78.84,1.3,1.14,78.73,38745.6,37976.9,24.12,25213.38,,,,,
2182,7/10/2026 2:03,78.82,1.55,1.35,78.7,38626.7,37876.9,24.05,25136,,,,,
2183,7/10/2026 2:18,78.7,1.28,1.12,78.6,38411.8,37708.8,23.93,24996.16,,,,,
2184,7/10/2026 2:33,78.64,1.54,1.34,78.52,38556.8,37886.8,24.06,25090.53,,,,,
2185,7/10/2026 2:48,78.53,1.28,1.12,78.4,38201.9,37587.7,23.84,24859.62,,,,,
2186,7/10/2026 3:03,78.49,1.76,1.54,78.42,38139.3,37516.6,23.79,24818.88,,,,,
2187,7/10/2026 3:18,78.6,1.65,1.44,78.51,38270.7,37608,23.86,24904.37,,,,,
2188,7/10/2026 3:33,78.65,1.74,1.52,78.53,38309.5,37636.7,23.88,24929.63,,,,,
2189,7/10/2026 3:48,78.52,1.98,1.73,78.37,38520.4,37912.9,24.07,25066.85,,,,,
2190,7/10/2026 4:03,78.45,2.06,1.8,78.3,38544.6,37967.7,24.11,25082.57,,,,,
2191,7/10/2026 4:18,78.36,2.41,2.1,78.24,38730.5,38179.6,24.26,25203.55,,,,,
2192,7/10/2026 4:33,78.19,2.62,2.28,78.04,38837.8,38372.4,24.39,25273.42,,,,,
2193,7/10/2026 4:48,78.15,2.8,2.44,78,39063.7,38612.6,24.56,25420.43,,,,,
2194,7/10/2026 5:03,78.02,3.47,3.02,77.9,38801.3,38399.2,24.41,25249.63,,,,,
2195,7/10/2026 5:18,77.84,4.48,3.9,77.68,38866,38560.5,24.52,25291.77,,,,,
2196,7/10/2026 5:33,77.59,5.39,4.68,77.43,39330.4,39135,24.92,25593.93,,,,,
2197,7/10/2026 5:48,77.42,5.76,5,77.28,39606,39479.2,25.16,25773.3,,,,,
2198,7/10/2026 6:03,77.25,6.03,5.22,77.1,39943.8,39899.4,25.45,25993.11,,,,,
2199,7/10/2026 6:18,77.03,6.38,5.51,76.87,40422.3,40482.8,25.86,26304.5,,,,,
2200,7/10/2026 6:33,76.78,6.68,5.76,76.6,40668.9,40859.8,26.12,26464.97,,,,,
2201,7/10/2026 6:48,76.54,6.69,5.76,76.36,40824.5,41131.6,26.31,26566.25,,,,,
2202,7/10/2026 7:03,76.24,6.78,5.82,76.05,41084,41544.4,26.6,26735.11,,,,,
2203,7/10/2026 7:18,75.99,6.83,5.86,75.83,41246.7,41818.8,26.79,26840.99,,,,,
2204,7/10/2026 7:33,75.91,6.75,5.79,75.77,41367.7,41968.4,26.9,26919.74,,,,,
2205,7/10/2026 7:48,75.84,6.58,5.64,75.7,41381.1,42017.1,26.93,26928.44,,,,,
2206,7/10/2026 8:03,75.79,6.02,5.16,75.66,41493.7,42153.1,27.03,27001.73,,,,,
2207,7/10/2026 8:18,75.8,5.51,4.72,75.68,41498.8,42150.2,27.02,27005.04,,,,,
2208,7/10/2026 8:33,75.84,4.76,4.08,75.73,41391.1,42013.8,26.93,26934.96,,,,,
2209,7/10/2026 8:48,75.96,5.13,4.4,75.84,41343.1,41908.4,26.86,26903.74,,,,,
2210,7/10/2026 9:03,76.57,5.92,5.1,76.74,40900.5,41024.4,26.24,26615.68,,,,,
2211,7/10/2026 9:18,76.87,5.96,5.14,76.92,40702.2,40739.9,26.05,26486.67,,,,,
2212,7/10/2026 9:33,76.84,5.87,5.06,76.96,40811.2,40830.7,26.11,26557.56,,,,,
2213,7/10/2026 9:48,77.26,5.85,5.06,77.4,40502.4,40316.6,25.75,26356.65,,,,,
2214,7/10/2026 10:03,77.06,5.59,4.82,76.8,40836.7,40934.4,26.18,26574.19,,,,,
2215,7/10/2026 10:18,77.39,5.74,4.96,77.56,40378.2,40116.6,25.62,26275.83,,,,,
2216,7/10/2026 10:33,78.24,5.59,4.85,78.15,40111.4,39578.3,25.24,26102.22,,,,,
2217,7/10/2026 10:48,78.07,5.31,4.61,78.06,39946,39457.3,25.16,25994.52,,,,,
2218,7/10/2026 11:03,78.33,5.14,4.46,78.31,40030.5,39426.4,25.14,26049.52,,,,,
2219,7/10/2026 11:18,78.61,5,4.35,78.62,39764.9,39027.3,24.86,25876.68,,,,,
2220,7/10/2026 11:33,78.61,4.76,4.14,78.6,39617.5,38890,24.76,25780.78,,,,,
2221,7/10/2026 11:48,78.93,4.92,4.28,78.9,39922.2,39056.7,24.89,25979.04,,,,,
2222,7/10/2026 12:03,79.23,4.77,4.15,79.21,39867.1,38864.1,24.76,25943.22,,,,,
2223,7/10/2026 12:18,79.55,4.75,4.13,79.54,39941.4,38793.5,24.71,25991.56,,,,,
2224,7/10/2026 12:33,79.68,4.28,3.73,79.67,39753.6,38553.5,24.54,25869.37,,,,,
2225,7/10/2026 12:48,80.11,4.14,3.61,80.09,39911.2,38521.6,24.53,25971.88,,,,,
2226,7/10/2026 13:03,80.56,3.84,3.35,80.58,39988.1,38383.8,24.44,26021.95,,,,,
2227,7/10/2026 13:18,80.91,3.64,3.18,80.97,40136.8,38360.4,24.43,26118.71,,,,,
2228,7/10/2026 13:33,81.34,3.82,3.33,81.38,40228.7,38273.6,24.37,26178.51,,,,,
2229,7/10/2026 13:48,81.64,3.97,3.47,81.71,40184,38090.5,24.24,26149.41,,,,,
2230,7/10/2026 14:03,82.43,3.9,3.4,82.42,40662,38243.1,24.36,26460.5,,,,,
2231,7/10/2026 14:18,82.05,3.77,3.3,81.89,39990,37830.1,24.06,26023.18,,,,,
2232,7/10/2026 14:33,82.46,3.95,3.45,82.39,40119.6,37744.4,24.01,26107.52,,,,,
2233,7/10/2026 14:48,82.41,4.5,3.94,82.23,39897.1,37601.6,23.91,25962.71,,,,,
2234,7/10/2026 15:03,82.22,4.96,4.35,82.09,39763.3,37532.8,23.85,25875.64,,,,,
2235,7/10/2026 15:18,82.05,4.41,3.85,81.92,39969.3,37801.2,24.04,26009.71,,,,,
2236,7/10/2026 15:33,82.2,4.96,4.33,82.08,40578.2,38306.8,24.4,26405.98,,,,,
2237,7/10/2026 15:48,82.05,4.97,4.34,81.91,40829.3,38617,24.62,26569.37,,,,,
2238,7/10/2026 16:03,81.73,5.23,4.56,81.53,40773.9,38725.7,24.69,26533.32,,,,,
2239,7/10/2026 16:18,81.69,5.59,4.87,81.61,41086.9,38991.8,24.88,26736.95,,,,,
2240,7/10/2026 16:33,81.69,5.94,5.17,81.61,40919.4,38832.8,24.77,26627.99,,,,,
2241,7/10/2026 16:48,81.75,6.48,5.65,81.55,40658.9,38609.3,24.61,26458.46,,,,,
2242,7/10/2026 17:03,81.65,6.98,6.1,81.42,40297.6,38322.7,24.4,26223.38,,,,,
2243,7/10/2026 17:18,81.13,7.51,6.54,80.97,40577.5,38779.3,24.72,26405.51,,,,,
2244,7/10/2026 17:33,80.81,7.88,6.84,80.6,41062,39404.9,25.16,26720.81,,,,,
2245,7/10/2026 17:48,80.43,8.08,7,80.26,41565.1,40040.9,25.61,27048.17,,,,,
2246,7/10/2026 18:03,80.14,8.31,7.18,79.94,41909.6,40518.3,25.94,27272.35,,,,,
2247,7/10/2026 18:18,79.82,8.46,7.3,79.67,42444.3,41160.4,26.39,27620.32,,,,,
2248,7/10/2026 18:33,79.7,8.59,7.39,79.57,42788.4,41540.6,26.66,27844.24,,,,,
2249,7/10/2026 18:48,79.57,8.67,7.45,79.42,43052.1,41869.5,26.9,28015.8,,,,,
2250,7/10/2026 19:03,79.32,8.65,7.43,79.14,43339,42285.6,27.19,28202.54,,,,,
2251,7/10/2026 19:18,78.97,8.69,7.45,78.75,43250.1,42384,27.25,28144.65,,,,,
2252,7/10/2026 19:33,78.51,8.69,7.45,78.25,43122.7,42501.4,27.33,28061.78,,,,,
2253,7/10/2026 19:48,77.92,8.69,7.44,77.69,43094.8,42750.6,27.5,28043.58,,,,,
2254,7/10/2026 20:03,77.41,8.66,7.4,77.19,43117.7,43023.4,27.68,28058.51,,,,,
2255,7/10/2026 20:18,76.86,8.7,7.43,76.6,43039.9,43239.2,27.82,28007.88,,,,,
2256,7/10/2026 20:33,76.21,8.73,7.42,75.94,43742.4,44292.2,28.56,28465.05,,,,,
2257,7/10/2026 20:48,75.63,8.79,7.49,75.45,42933.9,43725.9,28.15,27938.89,,,,,
2258,7/10/2026 21:03,75.27,8.62,7.34,75.09,42802.8,43778.5,28.17,27853.59,,,,,
2259,7/10/2026 21:18,75.15,7.49,6.38,75.06,42662.2,43648.8,28.08,27762.1,,,,,
2260,7/10/2026 21:33,76.03,8.35,7.12,76.09,42889.9,43348.2,27.89,27910.25,,,,,
2261,7/10/2026 21:48,76.83,8.1,6.93,76.92,42604.9,42644.3,27.4,27724.81,,,,,
2262,7/10/2026 22:03,77.48,7.83,6.71,77.5,42879,42628.1,27.4,27903.16,,,,,
2263,7/10/2026 22:18,78.03,7.21,6.18,78.02,42838.5,42333.1,27.2,27876.81,,,,,
2264,7/10/2026 22:33,78.35,6.86,5.9,78.35,42363.9,41706.3,26.76,27567.98,,,,,
2265,7/10/2026 22:48,78.74,6.3,5.42,78.69,42317,41498.2,26.62,27537.43,,,,,
2266,7/10/2026 23:03,78.96,5.7,4.93,78.9,41605.5,40703.5,26.06,27074.46,,,,,
2267,7/10/2026 23:18,79.05,4.91,4.25,78.89,41130,40240.9,25.73,26765.06,,,,,
2268,7/10/2026 23:33,79.02,4.21,3.65,78.9,40835,39947.3,25.52,26573.07,,,,,
2269,7/10/2026 23:48,79.05,3.94,3.41,78.95,40456.7,39554.9,25.24,26326.9,,,,,
2270,7/11/2026 0:03,79.02,3.6,3.13,78.9,40323.7,39447,25.16,26240.31,,,,,
2271,7/11/2026 0:18,78.97,3.31,2.88,78.86,39989,39141.7,24.95,26022.53,,,,,
2272,7/11/2026 0:33,78.95,3.01,2.62,78.82,39824.5,38997.8,24.84,25915.49,,,,,
2273,7/11/2026 0:48,78.79,2.63,2.28,78.65,39702.5,38951.4,24.81,25836.08,,,,,
2274,7/11/2026 1:03,78.58,2.58,2.24,78.47,39788.6,39119.3,24.92,25892.11,,,,,
2275,7/11/2026 1:18,78.46,2.15,1.87,78.36,39629.1,39011.5,24.85,25788.34,,,,,
2276,7/11/2026 1:33,78.41,1.74,1.51,78.29,39610.2,39024.7,24.85,25776.01,,,,,
2277,7/11/2026 1:48,78.3,1.23,1.07,78.17,39474.2,38944.6,24.8,25687.52,,,,,
2278,7/11/2026 2:03,78.19,1.54,1.34,78.05,39395.6,38918.5,24.78,25636.35,,,,,
2279,7/11/2026 2:18,78,1.64,1.42,77.87,39111.5,38718.4,24.63,25451.5,,,,,
2280,7/11/2026 2:33,77.71,1.25,1.08,77.53,39049.5,38808.8,24.69,25411.19,,,,,
2281,7/11/2026 2:48,77.53,1.33,1.16,77.32,38791.1,38644.9,24.57,25243.04,,,,,
2282,7/11/2026 3:03,77.4,1.35,1.18,77.25,38727.1,38612.9,24.55,25201.34,,,,,
2283,7/11/2026 3:18,77.28,1.47,1.28,77.13,38529.7,38472.3,24.45,25072.91,,,,,
2284,7/11/2026 3:33,77.14,1.3,1.13,76.99,38418.1,38424.3,24.41,25000.28,,,,,
2285,7/11/2026 3:48,76.94,1.02,0.89,76.8,38391,38482.8,24.45,24982.66,,,,,
2286,7/11/2026 4:03,76.78,1.1,0.96,76.63,38405.9,38573.9,24.51,24992.37,,,,,
2287,7/11/2026 4:18,76.95,1.29,1.12,76.86,38451.1,38516.1,24.47,25021.79,,,,,
2288,7/11/2026 4:33,76.98,1.34,1.17,76.84,38415,38487.2,24.45,24998.27,,,,,
2289,7/11/2026 4:48,76.87,1.3,1.13,76.75,38291.9,38405.5,24.39,24918.17,,,,,
2290,7/11/2026 5:03,77.01,1.56,1.36,76.99,38454.1,38457.8,24.43,25023.73,,,,,
2291,7/11/2026 5:18,76.95,1.53,1.33,76.78,38354.8,38453.8,24.43,24959.07,,,,,
2292,7/11/2026 5:33,76.86,1.74,1.51,76.71,38454.1,38582.9,24.52,25023.71,,,,,
2293,7/11/2026 5:48,76.81,1.85,1.6,76.76,38785.4,38895.5,24.74,25239.29,,,,,
2294,7/11/2026 6:03,76.98,2.39,2.08,76.89,38608.4,38658.9,24.57,25124.13,,,,,
2295,7/11/2026 6:18,77.08,3.11,2.71,77.01,38493.3,38487.2,24.45,25049.21,,,,,
2296,7/11/2026 6:33,77.16,3.51,3.05,77.08,38748.7,38710.7,24.61,25215.45,,,,,
2297,7/11/2026 6:48,77.26,4.13,3.58,77.12,39595.3,39538.8,25.2,25766.33,,,,,
2298,7/11/2026 7:03,77.33,4.59,3.98,77.23,39669.5,39565.1,25.22,25814.61,,,,,
2299,7/11/2026 7:18,77.26,5.01,4.33,77.12,40235.3,40180.4,25.65,26182.78,,,,,
2300,7/11/2026 7:33,77.06,5.3,4.57,76.9,40764.3,40809.8,26.1,26527.07,,,,,
2301,7/11/2026 7:48,76.82,5.55,4.78,76.65,40950.4,41119,26.31,26648.15,,,,,
2302,7/11/2026 8:03,76.51,5.66,4.87,76.34,41086.6,41406.2,26.51,26736.82,,,,,
2303,7/11/2026 8:18,76.32,5.63,4.83,76.16,41182.2,41587.6,26.63,26798.98,,,,,
2304,7/11/2026 8:33,76.17,5.7,4.89,76.04,41279.1,41746.9,26.74,26862.03,,,,,
2305,7/11/2026 8:48,76.13,5.52,4.74,76.01,41366.8,41851.7,26.82,26919.1,,,,,
2306,7/11/2026 9:03,76.12,5.36,4.59,76,41572.9,42063,26.97,27053.26,,,,,
2307,7/11/2026 9:18,76.12,4.99,4.28,76.01,41522.7,42009.5,26.93,27020.6,,,,,
2308,7/11/2026 9:33,76.16,4.3,3.69,76.05,41481,41945.7,26.89,26993.41,,,,,
2309,7/11/2026 9:48,76.36,5.22,4.48,76.32,41317.3,41649.4,26.68,26886.92,,,,,
2310,7/11/2026 10:03,76.69,5.5,4.73,76.69,41143.4,41294.3,26.44,26773.72,,,,,
2311,7/11/2026 10:18,76.99,5.36,4.62,76.96,40927.4,40944.4,26.19,26633.21,,,,,
2312,7/11/2026 10:33,77.34,5.37,4.64,77.33,40747,40590.8,25.95,26515.77,,,,,
2313,7/11/2026 10:48,77.6,5.26,4.55,77.58,40519.3,40246.6,25.71,26367.64,,,,,
2314,7/11/2026 11:03,77.61,4.98,4.3,77.68,40919.5,40597.8,25.96,26628.03,,,,,
2315,7/11/2026 11:18,77.96,5.17,4.48,77.94,40155.5,39721.9,25.34,26130.91,,,,,
2316,7/11/2026 11:33,78.23,5.24,4.54,78.17,40046.6,39509.4,25.2,26060.05,,,,,
2317,7/11/2026 11:48,78.38,5.09,4.42,78.31,39852.3,39250.9,25.02,25933.56,,,,,
2318,7/11/2026 12:03,78.52,5,4.34,78.43,39738.9,39087.6,24.9,25859.76,,,,,
2319,7/11/2026 12:18,78.64,4.79,4.16,78.55,39773.9,39065.5,24.89,25882.54,,,,,
2320,7/11/2026 12:33,78.84,4.61,4.01,78.77,39842.5,39037.4,24.87,25927.2,,,,,
2321,7/11/2026 12:48,79.1,4.45,3.87,79.06,39903.5,38967.7,24.83,25966.91,,,,,
2322,7/11/2026 13:03,79.32,4.79,4.17,79.28,40078,39038,24.88,26080.48,,,,,
2323,7/11/2026 13:18,79.48,4.11,3.58,79.43,40174.8,39068.9,24.9,26143.43,,,,,
2324,7/11/2026 13:33,79.62,3.76,3.27,79.53,40152.2,39003.1,24.86,26128.7,,,,,
2325,7/11/2026 13:48,79.7,3.85,3.35,79.7,40141.6,38917.6,24.8,26121.83,,,,,
2326,7/11/2026 14:03,79.89,3.35,2.91,79.85,40271.7,38975.9,24.84,26206.51,,,,,
2327,7/11/2026 14:18,79.99,3.75,3.27,80.02,40268,38897.4,24.79,26204.1,,,,,
2328,7/11/2026 14:33,80.13,3.57,3.11,80.1,40330.2,38921.2,24.81,26244.59,,,,,
2329,7/11/2026 14:48,80.38,3.29,2.86,80.41,40388.7,38845.1,24.76,26282.67,,,,,
2330,7/11/2026 15:03,80.71,3.52,3.07,80.72,40557.2,38872.4,24.78,26392.3,,,,,
2331,7/11/2026 15:18,80.76,3.83,3.33,80.75,40560.7,38861.3,24.78,26394.57,,,,,
2332,7/11/2026 15:33,80.91,4.05,3.53,80.86,40570.5,38822.8,24.75,26400.96,,,,,
2333,7/11/2026 15:48,81.16,4.16,3.63,81.15,40643.8,38768.5,24.72,26448.62,,,,,
2334,7/11/2026 16:03,81.01,4.44,3.86,80.84,40492.1,38755,24.7,26349.95,,,,,
2335,7/11/2026 16:18,80.92,4.71,4.11,80.83,40388.3,38660.4,24.64,26282.38,,,,,
2336,7/11/2026 16:33,80.96,4.7,4.09,80.94,40739,38948,24.84,26510.59,,,,,
2337,7/11/2026 16:48,81.02,4.86,4.23,80.87,40767.8,39006.8,24.88,26529.33,,,,,
2338,7/11/2026 17:03,80.94,5.13,4.46,80.78,40804.6,39080.5,24.93,26553.26,,,,,
2339,7/11/2026 17:18,80.88,5.38,4.68,80.75,40920.7,39203.9,25.02,26628.85,,,,,
2340,7/11/2026 17:33,80.8,5.76,5,80.68,41372.5,39671,25.35,26922.87,,,,,
2341,7/11/2026 17:48,80.85,6.24,5.43,80.69,40655,38978.1,24.86,26455.9,,,,,
2342,7/11/2026 18:03,80.75,6.45,5.62,80.52,40310.8,38719.9,24.67,26231.97,,,,,
2343,7/11/2026 18:18,80.47,6.88,5.98,80.3,40549.1,39045.3,24.9,26387.03,,,,,
2344,7/11/2026 18:33,80.15,6.98,6.06,79.99,40893.1,39515.9,25.23,26610.86,,,,,
2345,7/11/2026 18:48,79.78,7.2,6.23,79.62,41492.5,40262.4,25.75,27000.92,,,,,
2346,7/11/2026 19:03,79.49,7.4,6.4,79.32,41748,40646.9,26.02,27167.2,,,,,
2347,7/11/2026 19:18,79.32,7.75,6.68,79.18,42228.2,41181.2,26.4,27479.69,,,,,
2348,7/11/2026 19:33,79.14,7.77,6.68,79,42716.2,41743.1,26.8,27797.26,,,,,
2349,7/11/2026 19:48,78.88,7.95,6.83,78.72,42823.3,41981.6,26.96,27866.95,,,,,
2350,7/11/2026 20:03,78.56,7.91,6.79,78.38,42894,42214.9,27.12,27912.93,,,,,
2351,7/11/2026 20:18,78.15,7.94,6.81,77.97,42861.8,42380.2,27.24,27891.98,,,,,
2352,7/11/2026 20:33,77.72,8,6.85,77.52,42885.4,42626.4,27.4,27907.33,,,,,
2353,7/11/2026 20:48,77.29,8.04,6.88,77.09,42839.7,42794.9,27.51,27877.6,,,,,
2354,7/11/2026 21:03,76.7,8.17,6.97,76.48,42888.4,43150.2,27.76,27909.27,,,,,
2355,7/11/2026 21:18,75.88,8.35,7.12,75.59,42675.3,43387,27.91,27770.64,,,,,
2356,7/11/2026 21:33,75.08,8.49,7.24,74.86,42330.2,43415.8,27.91,27546.04,,,,,
2357,7/11/2026 21:48,74.5,8.57,7.29,74.3,42430.6,43808.3,28.18,27611.39,,,,,
2358,7/11/2026 22:03,74.25,8.3,7.06,74.1,42235.9,43715.4,28.1,27484.66,,,,,
2359,7/11/2026 22:18,74.19,7.13,6.06,74.07,42298.4,43794.4,28.16,27525.34,,,,,
2360,7/11/2026 22:33,74.74,8.06,6.86,74.79,42545.2,43670.3,28.09,27685.97,,,,,
2361,7/11/2026 22:48,75.51,7.66,6.54,75.46,42531.7,43307.9,27.85,27677.2,,,,,
2362,7/11/2026 23:03,76.11,7.15,6.11,76.15,42431.3,42854.5,27.54,27611.84,,,,,
2363,7/11/2026 23:18,76.57,6.43,5.51,76.52,42106.3,42341.7,27.18,27400.33,,,,,
2364,7/11/2026 23:33,76.99,5.86,5.03,76.92,41955.2,41994,26.94,27302.02,,,,,
2365,7/11/2026 23:48,77.21,5.51,4.74,77.18,41458,41369.9,26.5,26978.49,,,,,
2366,7/12/2026 0:03,77.31,4.84,4.16,77.22,41288.4,41182.4,26.37,26868.11,,,,,
2367,7/12/2026 0:18,77.35,4.42,3.82,77.23,40893.1,40782.9,26.08,26610.86,,,,,
2368,7/12/2026 0:33,77.13,3.39,2.93,76.94,40239.4,40268.9,25.71,26185.45,,,,,
2369,7/12/2026 0:48,77.14,3.26,2.81,77.01,40384,40380.3,25.79,26279.6,,,,,
2370,7/12/2026 1:03,77.04,2.98,2.58,76.93,39451,39482.5,25.15,25672.46,,,,,
2371,7/12/2026 1:18,76.9,2.81,2.43,76.8,39564.2,39656.2,25.28,25746.09,,,,,
2372,7/12/2026 1:33,76.82,2.56,2.22,76.71,38947.3,39080.2,24.87,25344.65,,,,,
2373,7/12/2026 1:48,76.69,2.27,1.97,76.52,39101.9,39320.6,25.03,25445.28,,,,,
2374,7/12/2026 2:03,76.52,2.26,1.96,76.37,39173.1,39462.7,25.13,25491.62,,,,,
2375,7/12/2026 2:18,76.38,2.05,1.78,76.25,39111.3,39455.9,25.12,25451.39,,,,,
2376,7/12/2026 2:33,76.24,1.91,1.65,76.09,39043.2,39463,25.12,25407.07,,,,,
2377,7/12/2026 2:48,76.05,1.87,1.62,75.88,38886.1,39402.6,25.08,25304.82,,,,,
2378,7/12/2026 3:03,75.84,1.59,1.38,75.68,38806.4,39413,25.08,25252.98,,,,,
2379,7/12/2026 3:18,75.56,1.71,1.48,75.4,38502.5,39233,24.95,25055.23,,,,,
2380,7/12/2026 3:33,75.15,0.91,0.79,75,38487.4,39405.5,25.06,25045.37,,,,,
2381,7/12/2026 3:48,74.92,0.99,0.85,74.72,38375.9,39424,25.07,24972.82,,,,,
2382,7/12/2026 4:03,74.75,1.44,1.25,74.58,38259.1,39370.4,25.03,24896.79,,,,,
2383,7/12/2026 4:18,74.6,1.41,1.22,74.43,38169.5,39347.2,25.01,24838.5,,,,,
2384,7/12/2026 4:33,74.44,0.75,0.65,74.29,38112.9,39358.1,25.01,24801.68,,,,,
2385,7/12/2026 4:48,74.32,0.97,0.84,74.19,37861.3,39144.2,24.86,24637.98,,,,,
2386,7/12/2026 5:03,74.17,0.31,0.27,73.99,37798.8,39176.7,24.88,24597.3,,,,,
2387,7/12/2026 5:18,74.02,0.38,0.33,73.89,37778.3,39199,24.89,24583.94,,,,,
2388,7/12/2026 5:33,74.04,1.32,1.14,73.94,37810.3,39211.7,24.9,24604.79,,,,,
2389,7/12/2026 5:48,74.06,1.29,1.12,73.91,37619.9,39027,24.77,24480.89,,,,,
2390,7/12/2026 6:03,73.89,1.38,1.2,73.73,38269.1,39786.3,25.3,24903.32,,,,,
2391,7/12/2026 6:18,74.18,1.5,1.31,74.12,36981,38266.5,24.24,24065.09,,,,,
2392,7/12/2026 6:33,74.28,1.59,1.38,74.19,38131.9,39426.5,25.06,24814.01,,,,,
2393,7/12/2026 6:48,74.38,1.88,1.63,74.27,37992,39243.5,24.93,24723.01,,,,,
2394,7/12/2026 7:03,74.48,1.88,1.63,74.4,38335.9,39534.3,25.14,24946.82,,,,,
2395,7/12/2026 7:18,74.92,2.48,2.15,74.88,38090.8,39055.1,24.81,24787.3,,,,,
2396,7/12/2026 7:33,75.43,3.03,2.63,75.37,38147.6,38888.9,24.71,24824.28,,,,,
2397,7/12/2026 7:48,75.76,3.35,2.91,75.66,38246.3,38851.6,24.69,24888.47,,,,,
2398,7/12/2026 8:03,75.96,3.87,3.36,75.89,38721.3,39230.6,24.96,25197.56,,,,,
2399,7/12/2026 8:18,76.15,4.34,3.75,76.03,39410.8,39860,25.4,25646.26,,,,,
2400,7/12/2026 8:33,76.12,4.73,4.08,75.97,39839.4,40324.5,25.73,25925.16,,,,,
2401,7/12/2026 8:48,75.94,4.88,4.21,75.79,40151.3,40726.4,26.01,26128.13,,,,,
2402,7/12/2026 9:03,75.77,5.15,4.41,75.62,41222.4,41899.1,26.84,26825.19,,,,,
2403,7/12/2026 9:18,75.62,5.29,4.54,75.46,41053.8,41802.9,26.77,26715.41,,,,,
2404,7/12/2026 9:33,75.55,5.18,4.44,75.42,40986,41755.5,26.74,26671.33,,,,,
2405,7/12/2026 9:48,75.54,5.27,4.52,75.42,41391.1,42170.9,27.03,26934.94,,,,,
2406,7/12/2026 10:03,75.55,5.05,4.33,75.44,41160.3,41924.9,26.86,26784.72,,,,,
2407,7/12/2026 10:18,75.58,4.56,3.91,75.46,41020.7,41771.9,26.75,26693.87,,,,,
2408,7/12/2026 10:33,75.59,3.65,3.13,75.48,41086.3,41828,26.79,26736.62,,,,,
2409,7/12/2026 10:48,75.71,4.67,4.01,75.66,40850.6,41499.8,26.56,26583.22,,,,,
2410,7/12/2026 11:03,76.29,5.12,4.4,76.29,41238.7,41580.7,26.63,26835.75,,,,,
2411,7/12/2026 11:18,76.4,4.9,4.22,76.29,40873.8,41212.8,26.37,26598.29,,,,,
2412,7/12/2026 11:33,76.68,5.07,4.37,76.71,40619.9,40758.5,26.05,26433.07,,,,,
2413,7/12/2026 11:48,77.01,5.03,4.34,76.98,40487.2,40496.3,25.87,26346.74,,,,,
2414,7/12/2026 12:03,77.2,5.06,4.38,77.15,40081.8,40011.9,25.53,26082.91,,,,,
2415,7/12/2026 12:18,77.34,4.97,4.31,77.28,39837.1,39707.1,25.32,25923.67,,,,,
2416,7/12/2026 12:33,77.55,5.16,4.48,77.5,39623.7,39394.4,25.1,25784.83,,,,,
2417,7/12/2026 12:48,77.65,5.14,4.46,77.59,39603.3,39334.2,25.06,25771.52,,,,,
2418,7/12/2026 13:03,77.75,5.05,4.38,77.66,39568.6,39267.5,25.02,25748.97,,,,,
2419,7/12/2026 13:18,77.88,4.97,4.31,77.83,39539.7,39162,24.94,25730.14,,,,,
2420,7/12/2026 13:33,78.06,4.79,4.16,77.98,39625.6,39177.9,24.96,25786.06,,,,,
2421,7/12/2026 13:48,78.44,4.43,3.85,78.41,39895.6,39251.6,25.02,25961.75,,,,,
2422,7/12/2026 14:03,78.79,4.71,4.08,78.75,40200.1,39395.1,25.12,26159.89,,,,,
2423,7/12/2026 14:18,78.73,4.71,4.08,78.68,40099.3,39328.4,25.08,26094.3,,,,,
2424,7/12/2026 14:33,78.77,4.53,3.93,78.66,40047.4,39284.9,25.05,26060.56,,,,,
2425,7/12/2026 14:48,78.71,3.78,3.28,78.76,40118.9,39313.1,25.07,26107.04,,,,,
2426,7/12/2026 15:03,78.75,3.79,3.29,78.71,40226.2,39440.5,25.16,26176.87,,,,,
2427,7/12/2026 15:18,78.83,3.94,3.42,78.82,40222.5,39387.5,25.12,26174.48,,,,,
2428,7/12/2026 15:33,78.86,3.52,3.06,78.83,40265,39421.7,25.14,26202.14,,,,,
2429,7/12/2026 15:48,79.01,3.43,2.98,78.99,40346.4,39429.8,25.15,26255.13,,,,,
2430,7/12/2026 16:03,79.16,3.59,3.12,79.17,40513,39513.5,25.22,26363.55,,,,,
2431,7/12/2026 16:18,79.2,3.79,3.28,79.12,40496.3,39516.9,25.22,26352.66,,,,,
2432,7/12/2026 16:33,79.29,3.79,3.29,79.24,40766.9,39728.9,25.37,26528.77,,,,,
2433,7/12/2026 16:48,79.35,3.71,3.21,79.32,40710,39638.8,25.31,26491.75,,,,,
2434,7/12/2026 17:03,79.47,3.77,3.27,79.33,40644.4,39570,25.26,26449.06,,,,,
2435,7/12/2026 17:18,79.31,4.19,3.63,79.21,40739.7,39714.7,25.36,26511.05,,,,,
2436,7/12/2026 17:33,79.35,4.31,3.73,79.23,40852.9,39815.2,25.43,26584.73,,,,,
2437,7/12/2026 17:48,79.35,4.51,3.91,79.23,40759.5,39724.1,25.37,26523.91,,,,,
2438,7/12/2026 18:03,79.31,4.68,4.06,79.21,40514.3,39497.5,25.2,26364.37,,,,,
2439,7/12/2026 18:18,79.25,4.85,4.21,79.15,40485.3,39493.8,25.2,26345.48,,,,,
2440,7/12/2026 18:33,79.25,4.98,4.32,79.14,40484.8,39498.3,25.2,26345.18,,,,,
2441,7/12/2026 18:48,79.17,5.64,4.87,79.05,41435.1,40468.4,25.89,26963.57,,,,,
2442,7/12/2026 19:03,79.02,5.87,5.1,78.87,39695.4,38847,24.74,25831.47,,,,,
2443,7/12/2026 19:18,78.84,5.93,5.15,78.7,39745.1,38971.2,24.82,25863.81,,,,,
2444,7/12/2026 19:33,78.61,6.13,5.32,78.45,39985.9,39320.6,25.07,26020.49,,,,,
2445,7/12/2026 19:48,78.35,6.35,5.51,78.2,39885.3,39332.9,25.07,25955.06,,,,,
2446,7/12/2026 20:03,78.07,6.61,5.69,77.91,41582,41145.9,26.35,27059.17,,,,,
2447,7/12/2026 20:18,77.92,7.08,6.09,77.79,42149.1,41765,26.79,27428.2,,,,,
2448,7/12/2026 20:33,77.81,7.23,6.19,77.67,43208.5,42871.6,27.58,28117.63,,,,,
2449,7/12/2026 20:48,77.61,7.27,6.24,77.47,42332.7,42103.7,27.03,27547.66,,,,,
2450,7/12/2026 21:03,77.35,7.31,6.26,77.2,42408,42307.1,27.17,27596.65,,,,,
2451,7/12/2026 21:18,77.09,7.38,6.32,76.94,42465,42496.2,27.3,27633.8,,,,,
2452,7/12/2026 21:33,76.82,7.49,6.4,76.65,42770.2,42943.6,27.61,27832.4,,,,,
2453,7/12/2026 21:48,76.5,7.61,6.5,76.32,42694.6,43034.9,27.67,27783.17,,,,,
2454,7/12/2026 22:03,75.83,7.9,6.73,75.57,42613.8,43335.6,27.87,27730.6,,,,,
2455,7/12/2026 22:18,75.12,8.16,6.95,74.83,42316.3,43415.7,27.91,27537.02,,,,,
2456,7/12/2026 22:33,74.38,8.48,7.22,74.11,42208.7,43681.6,28.08,27466.97,,,,,
2457,7/12/2026 22:48,73.88,8.61,7.33,73.71,41896.7,43569.1,27.99,27263.92,,,,,
2458,7/12/2026 23:03,73.61,8.57,7.29,73.46,41908.6,43716.1,28.09,27271.67,,,,,
2459,7/12/2026 23:18,73.49,7.46,6.34,73.36,42091.5,43958.9,28.26,27390.7,,,,,
2460,7/12/2026 23:33,73.87,7.76,6.61,73.82,41960.5,43575.5,28,27305.49,,,,,
2461,7/12/2026 23:48,74.3,7.77,6.62,74.26,41886.9,43269.5,27.79,27257.6,,,,,
2462,7/13/2026 0:03,74.81,7.13,6.09,74.76,41772.2,42890.8,27.53,27182.94,,,,,
2463,7/13/2026 0:18,75.2,6.56,5.58,75.06,42945.6,43941.6,28.29,27946.5,,,,,
2464,7/13/2026 0:33,75.54,5.88,5.03,75.49,41733.4,42481.3,27.26,27157.67,,,,,
2465,7/13/2026 0:48,75.7,5.15,4.42,75.58,40986.3,41675.1,26.68,26671.49,,,,,
2466,7/13/2026 1:03,75.73,4.47,3.84,75.56,40380.3,41072.2,26.25,26277.16,,,,,
2467,7/13/2026 1:18,75.69,3.98,3.43,75.57,39944.1,40623.3,25.94,25993.3,,,,,
2468,7/13/2026 1:33,75.56,3.5,3.02,75.39,39528.9,40284.1,25.69,25723.16,,,,,
2469,7/13/2026 1:48,75.39,3.11,2.68,75.24,39355.6,40182.6,25.62,25610.36,,,,,
2470,7/13/2026 2:03,75.23,2.88,2.49,75.08,39202.3,40098.5,25.55,25510.58,,,,,
2471,7/13/2026 2:18,75.14,2.69,2.32,75,38782,39709.7,25.28,25237.1,,,,,
2472,7/13/2026 2:33,75.03,2.56,2.21,74.89,38457.1,39428.1,25.08,25025.67,,,,,
2473,7/13/2026 2:48,74.91,2.29,1.98,74.75,38517.6,39556.7,25.16,25065.03,,,,,
2474,7/13/2026 3:03,74.69,2.21,1.91,74.52,38463.3,39611.5,25.2,25029.7,,,,,
2475,7/13/2026 3:18,74.56,1.8,1.56,74.42,38596.3,39792.4,25.32,25116.24,,,,,
2476,7/13/2026 3:33,74.49,2.12,1.83,74.35,38418,39644.7,25.22,25000.23,,,,,
2477,7/13/2026 3:48,74.36,1.75,1.52,74.23,38442,39726.4,25.27,25015.86,,,,,
2478,7/13/2026 4:03,74.19,1.74,1.5,74.01,38121.7,39498.4,25.11,24807.42,,,,,
2479,7/13/2026 4:18,73.95,1.26,1.09,73.82,38249.8,39722,25.26,24890.76,,,,,
2480,7/13/2026 4:33,73.71,1.65,1.42,73.55,38136.4,39736.9,25.26,24816.98,,,,,
2481,7/13/2026 4:48,73.33,1.29,1.12,73.19,37993.8,39760.5,25.27,24724.18,,,,,
2482,7/13/2026 5:03,73.23,1.5,1.3,73.09,37719.7,39523.1,25.1,24545.79,,,,,
2483,7/13/2026 5:18,73.1,1.05,0.9,72.98,37881,39747.2,25.26,24650.77,,,,,
2484,7/13/2026 5:33,73.05,0.44,0.38,72.91,37618.3,39505.4,25.09,24479.83,,,,,
2485,7/13/2026 5:48,72.97,0.24,0.2,72.84,37710.2,39633.3,25.17,24539.6,,,,,
2486,7/13/2026 6:03,72.89,0.62,0.54,72.77,37780,39743.5,25.25,24585.04,,,,,
2487,7/13/2026 6:18,72.59,0.49,0.42,72.36,37429.8,39574,25.12,24357.13,,,,,
2488,7/13/2026 6:33,72.51,0.07,0.06,72.26,37568.1,39767.8,25.25,24447.15,,,,,
2489,7/13/2026 6:48,72.61,1.25,1.09,72.51,37485.8,39557,25.11,24393.62,,,,,
2490,7/13/2026 7:03,72.48,1.42,1.23,72.37,37538.2,39680.7,25.2,24427.69,,,,,
2491,7/13/2026 7:18,72.47,1.67,1.44,72.35,37485.3,39635.3,25.16,24393.27,,,,,
2492,7/13/2026 7:33,72.84,1.87,1.61,72.78,37638.3,39589.2,25.14,24492.84,,,,,
2493,7/13/2026 7:48,73.05,2.06,1.78,73.03,37745.8,39579.1,25.14,24562.79,,,,,
2494,7/13/2026 8:03,73.32,2.1,1.81,73.21,37772,39520.6,25.1,24579.86,,,,,
2495,7/13/2026 8:18,73.66,2.52,2.19,73.59,37390.3,38938.9,24.7,24331.43,,,,,
2496,7/13/2026 8:33,74.3,3.01,2.61,74.27,38080.7,39335.1,25,24780.74,,,,,
2497,7/13/2026 8:48,74.73,3.31,2.86,74.58,39082.5,40220.4,25.63,25432.64,,,,,
2498,7/13/2026 9:03,75.02,3.76,3.26,74.96,38290.2,39223.9,24.93,24917.04,,,,,
2499,7/13/2026 9:18,75.32,4.2,3.63,75.23,39098.9,39923,25.43,25443.28,,,,,
2500,7/13/2026 9:33,75.34,4.61,3.97,75.2,39715.3,40565.5,25.89,25844.43,,,,,
2501,7/13/2026 9:48,75.26,4.89,4.2,75.13,40591.2,41495,26.54,26414.39,,,,,
2502,7/13/2026 10:03,75.21,5.09,4.37,75.1,40822.8,41750.7,26.73,26565.12,,,,,
2503,7/13/2026 10:18,75.21,5.07,4.34,75.09,40983.5,41917.8,26.84,26669.7,,,,,
2504,7/13/2026 10:33,75.22,5.26,4.5,75.11,41372.9,42305,27.12,26923.07,,,,,
2505,7/13/2026 10:48,75.24,5.21,4.47,75.1,40788,41715,26.7,26542.46,,,,,
2506,7/13/2026 11:03,75.21,5.04,4.31,75.08,41691.4,42644.5,27.36,27130.36,,,,,
2507,7/13/2026 11:18,75.17,4.52,3.86,75.06,41534.8,42498.1,27.26,27028.42,,,,,
2508,7/13/2026 11:33,75.14,4.24,3.63,75.05,41543.9,42512.9,27.27,27034.35,,,,,
2509,7/13/2026 11:48,75.23,3.71,3.17,75.18,41675.9,42581.8,27.32,27120.24,,,,,
2510,7/13/2026 12:03,76.05,5.02,4.29,76.18,42672,43083.8,27.7,27768.47,,,,,
2511,7/13/2026 12:18,76.51,5.03,4.33,76.47,41204.2,41458.4,26.55,26813.31,,,,,
2512,7/13/2026 12:33,76.65,4.85,4.17,76.59,41152,41347.8,26.47,26779.32,,,,,
2513,7/13/2026 12:48,76.9,4.93,4.24,76.87,41620.7,41685.7,26.72,27084.37,,,,,
2514,7/13/2026 13:03,77.1,4.85,4.18,77.03,40680.9,40666.8,26,26472.79,,,,,
2515,7/13/2026 13:18,77.18,4.8,4.15,77.13,40564.3,40503.9,25.88,26396.91,,,,,
2516,7/13/2026 13:33,77.35,4.77,4.1,77.29,41655.3,41514.1,26.6,27106.89,,,,,
2517,7/13/2026 13:48,77.36,4.63,4,77.22,40285.6,40184.7,25.66,26215.53,,,,,
2518,7/13/2026 14:03,77.34,4.49,3.88,77.3,40147.5,40008.9,25.53,26125.67,,,,,
2519,7/13/2026 14:18,77.53,4.41,3.82,77.45,40137.5,39928,25.48,26119.19,,,,,
2520,7/13/2026 14:33,77.73,4.34,3.76,77.64,40114.2,39816.5,25.4,26104.03,,,,,
2521,7/13/2026 14:48,77.98,4.07,3.52,77.87,40245.4,39840.9,25.43,26189.42,,,,,
2522,7/13/2026 15:03,78.37,3.78,3.27,78.36,40532.4,39900.6,25.48,26376.12,,,,,
2523,7/13/2026 15:18,78.37,4.05,3.5,78.29,40565.8,39966.2,25.52,26397.86,,,,,
2524,7/13/2026 15:33,78.37,4.03,3.49,78.32,40473.4,39860.1,25.45,26337.73,,,,,
2525,7/13/2026 15:48,78.34,3.91,3.39,78.24,40469.5,39891.4,25.47,26335.21,,,,,
2526,7/13/2026 16:03,78.38,3.89,3.37,78.34,40581.5,39959.1,25.52,26408.11,,,,,
2527,7/13/2026 16:18,78.47,3.62,3.13,78.4,40677,40025.5,25.57,26470.27,,,,,
2528,7/13/2026 16:33,78.57,3.65,3.16,78.53,40791.2,40077.3,25.6,26544.54,,,,,
2529,7/13/2026 16:48,78.7,3.6,3.11,78.63,40871.9,40111.3,25.63,26597.05,,,,,
2530,7/13/2026 17:03,78.76,3.56,3.08,78.7,40885,40091.5,25.62,26605.6,,,,,
2531,7/13/2026 17:18,78.8,3.27,2.83,78.75,40953.4,40135.9,25.65,26650.12,,,,,
2532,7/13/2026 17:33,78.9,2.68,2.32,78.88,41126,40242,25.73,26762.42,,,,,
2533,7/13/2026 17:48,78.94,2.53,2.19,78.95,41152,40237.2,25.73,26779.35,,,,,
2534,7/13/2026 18:03,79.02,2.17,1.88,79.09,41217.8,40236,25.73,26822.17,,,,,
2535,7/13/2026 18:18,78.94,3.38,2.92,78.74,41184.8,40365.2,25.81,26800.68,,,,,
2536,7/13/2026 18:33,78.84,3.31,2.86,78.73,41159.6,40343,25.8,26784.29,,,,,
2537,7/13/2026 18:48,78.82,3.64,3.14,78.71,41153.7,40347.4,25.8,26780.48,,,,,
2538,7/13/2026 19:03,78.75,4,3.46,78.63,40878.3,40117.6,25.63,26601.26,,,,,
2539,7/13/2026 19:18,78.65,4.4,3.81,78.53,40576.5,39866.4,25.45,26404.87,,,,,
2540,7/13/2026 19:33,78.56,4.55,3.94,78.43,40832,40162.8,25.66,26571.08,,,,,
2541,7/13/2026 19:48,78.52,5.04,4.37,78.4,40458.5,39810.5,25.41,26328.09,,,,,
2542,7/13/2026 20:03,78.32,5.21,4.51,78.15,40264.2,39731.5,25.35,26201.6,,,,,
2543,7/13/2026 20:18,78.06,5.33,4.62,77.9,40280.8,39863.3,25.44,26212.39,,,,,
2544,7/13/2026 20:33,77.83,5.53,4.79,77.7,40293.8,39969.5,25.51,26220.87,,,,,
2545,7/13/2026 20:48,77.57,5.75,4.97,77.41,40787.2,40592.3,25.95,26541.99,,,,,
2546,7/13/2026 21:03,77.3,5.75,4.95,77.17,41490,41407.1,26.53,26999.27,,,,,SN 22531022
2547,7/13/2026 21:18,77.22,6.56,5.63,77.08,41842.6,41801.4,26.8,27228.72,,,,,
2548,7/13/2026 21:33,77.07,6.63,5.69,76.92,41803.5,41842.2,26.83,27203.32,,,,,
2549,7/13/2026 21:48,76.9,6.82,5.83,76.76,42664.2,42782.5,27.5,27763.38,,,,,
2550,7/13/2026 22:03,76.71,6.89,5.88,76.56,42996.8,43220.6,27.81,27979.83,,,,,
2551,7/13/2026 22:18,76.47,7.12,6.08,76.29,42627.7,42981.3,27.63,27739.66,,,,,
2552,7/13/2026 22:33,76.21,7.17,6.11,76.01,43185.8,43692.1,28.13,28102.81,,,,,
2553,7/13/2026 22:48,75.72,7.51,6.41,75.43,42372.2,43162.1,27.74,27573.39,,,,,
2554,7/13/2026 23:03,74.87,7.92,6.73,74.6,42795.6,44030.1,28.34,27848.92,,,,,
2555,7/13/2026 23:18,73.94,8.3,7.06,73.66,41968.8,43669.8,28.06,27310.86,,,,,
2556,7/13/2026 23:33,73.2,8.55,7.27,73,41826.4,43875.3,28.19,27218.19,,,,,
2557,7/13/2026 23:48,72.57,8.65,7.35,72.35,41606.4,43995.8,28.26,27075.08,,,,,
2558,7/14/2026 0:03,72.18,8.7,7.38,71.97,41524.8,44111.7,28.33,27021.97,,,,,
2559,7/14/2026 0:18,71.82,7.79,6.58,71.65,42544.5,45376.5,29.22,27685.5,,,,,
2560,7/14/2026 0:33,72.23,7.92,6.72,72.24,41671.5,44123.2,28.34,27117.39,,,,,
2561,7/14/2026 0:48,72.83,7.85,6.68,72.82,41454.4,43577.1,27.97,26976.12,,,,,
2562,7/14/2026 1:03,73.48,7.34,6.26,73.46,41196.6,42970.6,27.56,26808.36,,,,,
2563,7/14/2026 1:18,73.89,6.79,5.8,73.92,41288.2,42826.8,27.46,26867.95,,,,,
2564,7/14/2026 1:33,74.44,6.06,5.17,74.4,41730.1,43037.3,27.63,27155.53,,,,,
2565,7/14/2026 1:48,74.78,5.26,4.49,74.73,42055.6,43198.6,27.75,27367.38,,,,,
2566,7/14/2026 2:03,74.98,4.61,3.96,74.88,40845.4,41879.4,26.81,26579.86,,,,,
2567,7/14/2026 2:18,75.06,3.97,3.41,74.93,40589.7,41595.7,26.61,26413.46,,,,,
2568,7/14/2026 2:33,75.1,3.53,3.03,74.99,41152.6,42142.5,27,26779.75,,,,,
2569,7/14/2026 2:48,75.02,2.94,2.53,74.89,39798.2,40803,26.05,25898.36,,,,,
2570,7/14/2026 3:03,74.96,2.85,2.45,74.83,39536.4,40563.6,25.88,25728.02,,,,,
2571,7/14/2026 3:18,74.88,2.67,2.31,74.76,39266.2,40317.7,25.7,25552.16,,,,,
2572,7/14/2026 3:33,74.83,2.51,2.16,74.67,39288.3,40384.9,25.75,25566.54,,,,,
2573,7/14/2026 3:48,74.7,2.3,1.99,74.57,39165.9,40308.9,25.69,25486.93,,,,,
2574,7/14/2026 4:03,74.59,2.02,1.74,74.43,39527.5,40747.1,26,25722.2,,,,,
2575,7/14/2026 4:18,74.49,1.65,1.42,74.35,39492.7,40753.7,26,25699.55,,,,,
2576,7/14/2026 4:33,74.4,1.96,1.69,74.24,39423.3,40732.5,25.98,25654.41,,,,,
2577,7/14/2026 4:48,74.28,1.98,1.71,74.12,39138.6,40501.8,25.82,25469.16,,,,,
2578,7/14/2026 5:03,74.11,1.88,1.62,73.96,39294.6,40740.3,25.98,25570.64,,,,,
2579,7/14/2026 5:18,73.96,1.78,1.53,73.82,39082.1,40588.9,25.87,25432.36,,,,,
2580,7/14/2026 5:33,73.85,1.66,1.43,73.7,39094.7,40657.9,25.92,25440.57,,,,,
2581,7/14/2026 5:48,73.68,1.73,1.49,73.52,38979.9,40629.1,25.89,25365.89,,,,,
2582,7/14/2026 6:03,73.53,1.66,1.43,73.37,38961.5,40682,25.93,25353.88,,,,,
2583,7/14/2026 6:18,73.44,1.08,0.93,73.34,39067.2,40811.1,26.02,25422.66,,,,,
2584,7/14/2026 6:33,73.41,0.76,0.65,73.33,38986.3,40729.4,25.96,25370.06,,,,,
2585,7/14/2026 6:48,73.44,0.63,0.54,73.36,39082.8,40814,26.02,25432.83,,,,,
2586,7/14/2026 7:03,73.47,0.68,0.58,73.35,39073.6,40809.7,26.02,25426.81,,,,,
2587,7/14/2026 7:18,73.53,0.52,0.45,73.63,39242.5,40846.5,26.05,25536.77,,,,,
2588,7/14/2026 7:33,73.81,0.73,0.63,73.82,39164.3,40674.4,25.93,25485.9,,,,,
2589,7/14/2026 7:48,73.7,0.91,0.78,73.67,39378.1,40968.8,26.14,25625.02,,,,,
2590,7/14/2026 8:03,73.48,1.63,1.41,73.37,39258.6,40995,26.15,25547.24,,,,,
2591,7/14/2026 8:18,73.49,1.77,1.53,73.42,39043,40745.7,25.97,25406.95,,,,,
2592,7/14/2026 8:33,73.71,2.13,1.83,73.6,39083.6,40699.7,25.94,25433.32,,,,,
2593,7/14/2026 8:48,73.95,2.48,2.14,73.86,39117.7,40604.6,25.88,25455.51,,,,,
2594,7/14/2026 9:03,74,2.61,2.24,73.91,40395.2,41906,26.81,26286.86,,,,,
2595,7/14/2026 9:18,74.33,3.1,2.66,74.28,40713,42045.8,26.92,26493.64,,,,,
2596,7/14/2026 9:33,74.76,3.45,2.98,74.69,39226.5,40310.9,25.7,25526.32,,,,,
2597,7/14/2026 9:48,75.08,3.85,3.33,74.99,39195.2,40138,25.58,25505.97,,,,,
2598,7/14/2026 10:03,75.27,4.03,3.48,75.18,39386.6,40240.2,25.66,25630.54,,,,,
2599,7/14/2026 10:18,75.38,4.46,3.84,75.24,39822.8,40656.9,25.95,25914.37,,,,,
2600,7/14/2026 10:33,75.34,4.79,4.12,75.21,40274.8,41131.7,26.29,26208.55,,,,,
2601,7/14/2026 10:48,75.31,5.23,4.49,75.18,40815.1,41699.6,26.69,26560.12,,,,,
2602,7/14/2026 11:03,75.3,5.41,4.64,75.16,41105.1,42006.8,26.91,26748.84,,,,,
2603,7/14/2026 11:18,75.3,5.46,4.67,75.13,41418.7,42341,27.15,26952.91,,,,,
2604,7/14/2026 11:33,75.15,5.54,4.73,74.99,41999.3,43009.5,27.62,27330.7,,,,,
2605,7/14/2026 11:48,74.95,5.4,4.61,74.79,41675.6,42777.7,27.45,27120.05,,,,,
2606,7/14/2026 12:03,74.74,5.47,4.67,74.59,41988,43204.9,27.75,27323.38,,,,,
2607,7/14/2026 12:18,74.66,4.83,4.13,74.52,41534.8,42774.6,27.44,27028.42,,,,,
2608,7/14/2026 12:33,74.63,3.58,3.05,74.5,42046.6,43307.4,27.82,27361.53,,,,,
2609,7/14/2026 12:48,75.01,4.29,3.67,75.06,41450,42411.3,27.2,26973.27,,,,,
2610,7/14/2026 13:03,75.55,5.12,4.37,75.43,42180.3,42969.4,27.6,27448.5,,,,,
2611,7/14/2026 13:18,75.65,4.79,4.11,75.55,41084.7,41791.3,26.77,26735.52,,,,,
2612,7/14/2026 13:33,75.73,4.57,3.93,75.61,40867.7,41541.2,26.59,26594.33,,,,,
2613,7/14/2026 13:48,75.76,4.34,3.73,75.65,40766.3,41416.8,26.5,26528.37,,,,,
2614,7/14/2026 14:03,75.9,4.61,3.97,75.79,40616.5,41195.6,26.35,26430.87,,,,,
2615,7/14/2026 14:18,76.06,4.4,3.79,75.97,40646.9,41141.8,26.31,26450.63,,,,,
2616,7/14/2026 14:33,76.25,4.33,3.71,76.17,41484.4,41890.1,26.85,26995.63,,,,,
2617,7/14/2026 14:48,76.41,4.27,3.68,76.34,40263.1,40576.2,25.92,26200.87,,,,,
2618,7/14/2026 15:03,76.6,4.08,3.51,76.51,41089.6,41327.3,26.46,26738.73,,,,,
2619,7/14/2026 15:18,76.68,3.91,3.37,76.53,40390,40613.3,25.95,26283.51,,,,,
2620,7/14/2026 15:33,76.76,3.68,3.18,76.68,40139.2,40291.6,25.72,26120.26,,,,,
2621,7/14/2026 15:48,76.97,3.17,2.74,76.87,40415.4,40475.9,25.86,26300.01,,,,,
2622,7/14/2026 16:03,77.22,3.23,2.78,77.14,40960.2,40891.4,26.16,26654.56,,,,,
2623,7/14/2026 16:18,77.22,2.88,2.49,77.09,40501.4,40459,25.85,26356,,,,,
2624,7/14/2026 16:33,77.17,2.66,2.29,77.07,40511.3,40476.6,25.86,26362.39,,,,,
2625,7/14/2026 16:48,77.17,2.65,2.29,77.07,40620.5,40588.3,25.94,26433.5,,,,,
2626,7/14/2026 17:03,77.21,2.76,2.38,77.1,40804,40756.2,26.06,26552.92,,,,,
2627,7/14/2026 17:18,77.24,2.67,2.3,77.14,40891.6,40825.5,26.11,26609.91,,,,,
2628,7/14/2026 17:33,77.26,2.13,1.84,77.16,40979.4,40902.7,26.17,26667.02,,,,,
2629,7/14/2026 17:48,77.26,2.08,1.8,77.17,40993.3,40911.4,26.17,26676.09,,,,,
2630,7/14/2026 18:03,77.29,2.1,1.81,77.18,41198.4,41110.9,26.31,26809.56,,,,,
2631,7/14/2026 18:18,77.31,2.06,1.78,77.23,41305.9,41194.6,26.38,26879.51,,,,,
2632,7/14/2026 18:33,77.37,1.27,1.1,77.3,41417,41274,26.43,26951.78,,,,,
2633,7/14/2026 18:48,77.37,0.72,0.62,77.3,41416.7,41271.1,26.43,26951.62,,,,,
2634,7/14/2026 19:03,77.42,0.37,0.32,77.32,41510.9,41357.1,26.49,27012.92,,,,,
2635,7/14/2026 19:18,77.38,0.35,0.3,77.28,41386.3,41251.3,26.42,26931.83,,,,,
2636,7/14/2026 19:33,77.35,2.04,1.76,77.24,41583,41465.7,26.57,27059.82,,,,,
2637,7/14/2026 19:48,77.32,2.27,1.95,77.19,41316,41223,26.39,26886.06,,,,,
2638,7/14/2026 20:03,77.26,2.71,2.33,77.14,41359.3,41292.4,26.44,26914.23,,,,,
2639,7/14/2026 20:18,77.18,3.08,2.65,77.04,41267.9,41248.3,26.41,26854.76,,,,,
2640,7/14/2026 20:33,77.11,3.31,2.84,76.98,42086.6,42096,27.01,27387.52,,,,,
2641,7/14/2026 20:48,77.04,3.54,3.05,76.94,40961.6,40991.7,26.22,26655.46,,,,,
2642,7/14/2026 21:03,76.98,3.88,3.34,76.83,41323.8,41406.7,26.52,26891.13,,,,,
2643,7/14/2026 21:18,76.8,4.35,3.74,76.65,41075.8,41244.9,26.4,26729.78,,,,,
2644,7/14/2026 21:33,76.61,4.66,4.02,76.45,40462.8,40722.9,26.02,26330.87,,,,,
2645,7/14/2026 21:48,76.41,5.02,4.33,76.24,40402.8,40764,26.05,26291.8,,,,,
2646,7/14/2026 22:03,76.16,5.49,4.71,75.99,41250.7,41742.3,26.74,26843.57,,,,,
2647,7/14/2026 22:18,75.94,5.97,5.12,75.75,41723.5,42340.2,27.16,27151.24,,,,,
2648,7/14/2026 22:33,75.65,6.14,5.22,75.49,42904.9,43673.8,28.11,27920.04,,,,,
2649,7/14/2026 22:48,75.43,6.27,5.37,75.24,41696,42572.1,27.31,27133.35,,,,,
2650,7/14/2026 23:03,75.04,6.47,5.5,74.85,42720.1,43821.4,28.2,27799.77,,,,,
2651,7/14/2026 23:18,74.56,6.78,5.78,74.36,41913.6,43246.3,27.78,27274.94,,,,,
2652,7/14/2026 23:33,73.96,7.1,6.01,73.69,43206.4,44942.9,28.97,28116.23,,,,,
2653,7/14/2026 23:48,72.9,7.55,6.39,72.52,42442.9,44785,28.83,27619.38,,,,,
2654,7/15/2026 0:03,71.43,8.08,6.81,71.01,42275.8,45451.9,29.26,27510.67,,,,,
2655,7/15/2026 0:18,70,8.59,7.22,69.54,42173.1,46190.6,29.74,27443.79,,,,,
2656,7/15/2026 0:33,68.65,8.96,7.51,68.26,41782,46524,29.93,27189.31,,,,,
2657,7/15/2026 0:48,67.72,9.17,7.74,67.36,39872.1,44922.4,28.75,25946.47,,,,,
2658,7/15/2026 1:03,67.07,9.2,7.72,66.81,40607.4,46084.8,29.55,26424.94,,,,,
2659,7/15/2026 1:18,66.64,9.19,7.75,66.35,39447,45045.6,28.79,25669.84,,,,,
2660,7/15/2026 1:33,66.7,8.4,7.1,66.97,39075.2,44255,28.26,25427.88,,,,,
2661,7/15/2026 1:48,68.21,8.33,7.04,68.42,40109.5,44568.6,28.54,26100.95,,,,,
2662,7/15/2026 2:03,69.37,7.9,6.7,69.46,40128.3,43996.3,28.17,26113.15,,,,,
2663,7/15/2026 2:18,70.31,7.25,6.15,70.56,40401.4,43683.9,27.98,26290.9,,,,,
2664,7/15/2026 2:33,71.6,6.54,5.55,71.64,41403.9,44165.9,28.36,26943.3,,,,,
2665,7/15/2026 2:48,72.5,5.54,4.71,72.67,41354.1,43555.3,27.95,26910.89,,,,,
2666,7/15/2026 3:03,73.45,4.78,4.08,73.49,41006.3,42755.2,27.4,26684.51,,,,,
2667,7/15/2026 3:18,74.11,4.14,3.54,74.04,40963.3,42426.1,27.18,26656.58,,,,,
2668,7/15/2026 3:33,74.55,3.68,3.15,74.44,40589.5,41839.2,26.77,26413.29,,,,,
2669,7/15/2026 3:48,74.81,3.04,2.61,74.77,40174.8,41247.9,26.36,26143.43,,,,,
2670,7/15/2026 4:03,75,2.86,2.45,74.9,40633.8,41654.3,26.65,26442.11,,,,,
2671,7/15/2026 4:18,75.11,2.67,2.3,74.98,39372.9,40322.6,25.71,25621.62,,,,,
2672,7/15/2026 4:33,75.17,2.51,2.16,75.06,40124.5,41055.1,26.23,26110.69,,,,,
2673,7/15/2026 4:48,75.21,2.29,1.97,75.08,39916.1,40831.3,26.07,25975.12,,,,,
2674,7/15/2026 5:03,75.21,2.12,1.82,75.08,39944.7,40860.6,26.09,25993.73,,,,,
2675,7/15/2026 5:18,75.14,1.86,1.6,75.01,40230.5,41187.5,26.32,26179.69,,,,,
2676,7/15/2026 5:33,75.15,2.02,1.74,75.03,40001.6,40942.6,26.15,26030.7,,,,,
2677,7/15/2026 5:48,75.16,1.93,1.66,75.02,40357.5,41312.2,26.41,26262.32,,,,,
2678,7/15/2026 6:03,75.15,1.78,1.53,75.02,39962,40904.7,26.12,26004.98,,,,,
2679,7/15/2026 6:18,75.13,1.61,1.39,75,40064.3,41022.7,26.21,26071.53,,,,,
2680,7/15/2026 6:33,75.09,1.02,0.88,74.95,39996,40974,26.17,26027.11,,,,,
2681,7/15/2026 6:48,75.08,0.95,0.82,74.98,40012.2,40977.3,26.17,26037.6,,,,,
2682,7/15/2026 7:03,75.13,1.47,1.27,75.02,40138.8,41088.4,26.25,26120.03,,,,,
2683,7/15/2026 7:18,75.18,1.61,1.39,75.05,40214.1,41149.4,26.3,26169.02,,,,,
2684,7/15/2026 7:33,75.21,0.53,0.46,75.12,40239.8,41143.8,26.3,26185.76,,,,,
2685,7/15/2026 7:48,75.24,0.18,0.16,75.13,40279.5,41179.1,26.32,26211.59,,,,,
2686,7/15/2026 8:03,75.25,0.17,0.14,75.12,40282.8,41185.1,26.32,26213.73,,,,,
2687,7/15/2026 8:18,75.25,0.16,0.14,75.13,40302.7,41202.8,26.34,26226.67,,,,,
2688,7/15/2026 8:33,75.26,0.03,0.03,75.22,40375.6,41232,26.36,26274.1,,,,,
2689,7/15/2026 8:48,75.34,1.24,1.07,75.25,40359,41201.8,26.34,26263.34,,,,,
2690,7/15/2026 9:03,75.31,1.78,1.53,75.19,40149.9,41014.7,26.21,26127.23,,,,,
2691,7/15/2026 9:18,75.33,2.11,1.82,75.23,40186,41035.7,26.22,26150.75,,,,,
2692,7/15/2026 9:33,75.31,1.9,1.64,75.19,40361.1,41233.1,26.36,26264.65,,,,,
2693,7/15/2026 9:48,75.34,2.03,1.74,75.21,41029.6,41902.6,26.84,26699.71,,,,,
2694,7/15/2026 10:03,75.34,2.19,1.88,75.2,40417,41282.2,26.4,26301.03,,,,,
2695,7/15/2026 10:18,75.34,2.62,2.26,75.22,40273.2,41127.4,26.29,26207.48,,,,,
2696,7/15/2026 10:33,75.35,3.12,2.69,75.23,39555.9,40389.7,25.76,25740.73,,,,,
2697,7/15/2026 10:48,75.34,3.32,2.85,75.2,40998.7,41876.4,26.82,26679.61,,,,,
2698,7/15/2026 11:03,75.31,3.53,3.04,75.15,39726.8,40600.8,25.91,25851.89,,,,,
2699,7/15/2026 11:18,75.05,4.08,3.51,74.87,40099.1,41122.2,26.27,26094.16,,,,,
2700,7/15/2026 11:33,74.72,4.47,3.84,74.54,40264.7,41455.8,26.5,26201.95,,,,,
2701,7/15/2026 11:48,74.48,4.8,4.12,74.29,40520.9,41842,26.77,26368.67,,,,,
2702,7/15/2026 12:03,74.23,4.95,4.21,74.08,42079.3,43564.7,28,27382.76,,,,,
2703,7/15/2026 12:18,74.04,4.96,4.23,73.82,41672.5,43276.4,27.78,27118.07,,,,,
2704,7/15/2026 12:33,73.52,5.37,4.58,73.31,41583.3,43453.9,27.9,27060.04,,,,,
2705,7/15/2026 12:48,73.13,5.48,4.67,72.94,40896.6,42928.3,27.51,26613.16,,,,,
2706,7/15/2026 13:03,72.85,5.49,4.67,72.67,41324.2,43520.8,27.93,26891.4,,,,,
2707,7/15/2026 13:18,72.54,5.54,4.71,72.35,41338.7,43709.8,28.05,26900.84,,,,,
2708,7/15/2026 13:33,72.34,5,4.26,72.18,40799.8,43229,27.7,26550.18,,,,,
2709,7/15/2026 13:48,72.3,3.92,3.34,72.2,40757.6,43175.7,27.67,26522.72,,,,,
2710,7/15/2026 14:03,73.55,5.18,4.43,73.61,40890.5,42575.8,27.28,26609.2,,,,,
2711,7/15/2026 14:18,74.01,4.99,4.26,73.99,41057.1,42550.9,27.27,26717.57,,,,,
2712,7/15/2026 14:33,74.46,4.66,4,74.43,40714.4,41970.7,26.87,26494.58,,,,,
2713,7/15/2026 14:48,74.72,4.36,3.74,74.63,40704.7,41859.8,26.79,26488.25,,,,,
2714,7/15/2026 15:03,74.91,4.03,3.46,74.83,40623.7,41679.1,26.67,26435.57,,,,,
2715,7/15/2026 15:18,75.1,3.92,3.37,75.02,40167.3,41114.8,26.27,26138.54,,,,,
2716,7/15/2026 15:33,75.29,3.67,3.15,75.23,41005,41872.1,26.82,26683.71,,,,,
2717,7/15/2026 15:48,75.48,3.51,3.03,75.4,39935.9,40693.5,25.98,25987.97,,,,,
2718,7/15/2026 16:03,75.64,3.46,2.99,75.56,39874,40557.3,25.89,25947.72,,,,,
2719,7/15/2026 16:18,75.77,3.2,2.76,75.69,39883.5,40504.3,25.85,25953.89,,,,,
2720,7/15/2026 16:33,75.84,3.09,2.66,75.72,40076.7,40684.8,25.98,26079.62,,,,,
2721,7/15/2026 16:48,75.85,2.9,2.5,75.7,40053.6,40669.2,25.97,26064.59,,,,,
2722,7/15/2026 17:03,75.82,2.85,2.46,75.66,40020.5,40653.9,25.96,26043.02,,,,,
2723,7/15/2026 17:18,75.78,2.68,2.31,75.64,40207,40853.8,26.1,26164.4,,,,,
2724,7/15/2026 17:33,75.72,2.43,2.09,75.58,40056.7,40732.5,26.01,26066.56,,,,,
2725,7/15/2026 17:48,75.68,2.65,2.28,75.56,40022.9,40708.7,26,26044.62,,,,,
2726,7/15/2026 18:03,75.72,2.38,2.05,75.58,40203.5,40879.2,26.12,26162.1,,,,,
2727,7/15/2026 18:18,75.73,2.52,2.17,75.6,40182,40846.8,26.09,26148.12,,,,,
2728,7/15/2026 18:33,75.72,2.46,2.12,75.59,40424.2,41100.9,26.27,26305.71,,,,,
2729,7/15/2026 18:48,75.71,2.38,2.05,75.55,40703.4,41403.5,26.49,26487.42,,,,,
2730,7/15/2026 19:03,75.64,2.32,2,75.49,40634.4,41362.7,26.46,26442.54,,,,,
2731,7/15/2026 19:18,75.55,1.94,1.66,75.43,41890.8,42674.5,27.39,27260.08,,,,,
2732,7/15/2026 19:33,75.44,1.59,1.37,75.31,40863.1,41686.7,26.69,26591.37,,,,,
2733,7/15/2026 19:48,75.34,1.15,0.99,75.19,40859.3,41739.4,26.72,26588.89,,,,,
2734,7/15/2026 20:03,75.15,1.02,0.88,75.01,40751,41717.8,26.7,26518.41,,,,,
2735,7/15/2026 20:18,75.04,2.24,1.92,74.94,40584.3,41582.1,26.6,26409.95,,,,,
2736,7/15/2026 20:33,75.3,2.15,1.85,75.16,40797.9,41692.9,26.69,26548.94,,,,,
2737,7/15/2026 20:48,75.1,2.57,2.21,74.88,40688.7,41721.5,26.7,26477.88,,,,,
2738,7/15/2026 21:03,75.03,2.77,2.37,74.87,41636.1,42695.6,27.39,27094.35,,,,,
2739,7/15/2026 21:18,74.86,3.04,2.61,74.71,40167.5,41269.9,26.38,26138.68,,,,,
2740,7/15/2026 21:33,74.71,3.24,2.76,74.6,41679.3,42881.6,27.52,27122.46,,,,,
2741,7/15/2026 21:48,74.6,3.49,2.99,74.44,40984.1,42246,27.06,26670.1,,,,,
2742,7/15/2026 22:03,74.48,3.75,3.22,74.33,39819,41101.1,26.25,25911.89,,,,,
2743,7/15/2026 22:18,74.3,4.03,3.45,74.14,40880.7,42293.4,27.09,26602.78,,,,,
2744,7/15/2026 22:33,74.1,4.3,3.68,73.93,40616.1,42124.2,26.96,26430.62,,,,,
2745,7/15/2026 22:48,73.8,4.72,4.04,73.61,40410.7,42076.2,26.92,26296.95,,,,,
2746,7/15/2026 23:03,73.29,5.22,4.45,73.07,41211.9,43190.8,27.7,26818.31,,,,,
2747,7/15/2026 23:18,72.61,5.66,4.82,72.34,41320.9,43696.8,28.04,26889.27,,,,,
2748,7/15/2026 23:33,72.18,5.81,4.96,72.01,40346.5,42842.9,27.42,26255.2,,,,,
2749,7/15/2026 23:48,71.83,6.05,5.13,71.61,41474,44258.4,28.42,26988.88,,,,,
2750,7/16/2026 0:03,71.37,6.29,5.32,71.13,41915.4,44994.6,28.93,27276.13,,,,,
2751,7/16/2026 0:18,70.75,6.6,5.61,70.51,40459.1,43775.9,28.04,26328.43,,,,,
2752,7/16/2026 0:33,69.75,7.1,6.02,69.39,40231.3,44151.6,28.27,26180.18,,,,,
2753,7/16/2026 0:48,68.53,7.68,6.46,68.1,40930.7,45671.4,29.31,26635.34,,,,,
2754,7/16/2026 1:03,67.1,8.25,6.94,66.72,40127.7,45598.6,29.2,26112.77,,,,,
2755,7/16/2026 1:18,65.9,8.68,7.26,65.53,40459.3,46707.7,29.94,26328.55,,,,,
2756,7/16/2026 1:33,64.98,9,7.54,64.73,39715.5,46353.6,29.65,25844.58,,,,,
2757,7/16/2026 1:48,64.43,9.21,7.72,64.19,39276.5,46177.6,29.5,25558.89,,,,,
2758,7/16/2026 2:03,64.04,9.22,7.76,63.83,38346,45309.8,28.86,24953.39,,,,,
2759,7/16/2026 2:18,63.91,8.53,7.17,63.71,38340,45376.3,28.91,24949.46,,,,,
2760,7/16/2026 2:33,64.41,8.8,7.39,64.45,38821.3,45478.9,29.01,25262.67,,,,,
2761,7/16/2026 2:48,65.13,8.36,7.05,65.15,38571.6,44757.5,28.54,25100.18,,,,,
2762,7/16/2026 3:03,66.11,7.81,6.56,66.11,39998.7,45822.6,29.34,26028.85,,,,,
2763,7/16/2026 3:18,66.77,7.26,6.13,66.79,39433.4,44768.4,28.61,25661,,,,,
2764,7/16/2026 3:33,67.83,6.41,5.43,67.71,39175.1,43939.3,28.06,25492.93,,,,,
2765,7/16/2026 3:48,68.69,5.57,4.72,68.7,40010.9,44302.1,28.36,26036.8,,,,,
2766,7/16/2026 4:03,69.35,4.92,4.19,69.3,39139.4,43003.5,27.45,25469.65,,,,,
2767,7/16/2026 4:18,69.82,4.37,3.73,69.76,38700,42267.9,26.95,25183.71,,,,,
2768,7/16/2026 4:33,70.06,3.87,3.31,69.98,38785.7,42243.1,26.94,25239.5,,,,,
2769,7/16/2026 4:48,70.23,3.57,3.06,70.08,38417.4,41790.6,26.62,24999.8,,,,,
2770,7/16/2026 5:03,70.31,3.36,2.87,70.16,38553.6,41898.8,26.7,25088.46,,,,,
2771,7/16/2026 5:18,70.32,3.24,2.78,70.19,38088.5,41376.4,26.33,24785.77,,,,,
2772,7/16/2026 5:33,70.27,3.2,2.75,70.13,37943.6,41250,26.24,24691.52,,,,,
2773,7/16/2026 5:48,70.23,2.92,2.5,70.12,38727.7,42108.1,26.85,25201.75,,,,,
2774,7/16/2026 6:03,70.18,2.85,2.44,70.02,38028.8,41401.8,26.34,24746.95,,,,,
2775,7/16/2026 6:18,70.06,2.62,2.24,69.92,38019.5,41442.5,26.37,24740.9,,,,,
2776,7/16/2026 6:33,70.04,2.81,2.41,69.9,37969,41398.7,26.34,24708.01,,,,,
2777,7/16/2026 6:48,69.98,2.56,2.19,69.86,37972.3,41424.9,26.35,24710.16,,,,,
2778,7/16/2026 7:03,69.94,2.8,2.4,69.8,38320.6,41836.3,26.64,24936.82,,,,,
2779,7/16/2026 7:18,69.9,2.7,2.32,69.77,37740.2,41216.8,26.21,24559.16,,,,,
2780,7/16/2026 7:33,69.9,2.76,2.36,69.78,38052.2,41554.7,26.44,24762.16,,,,,
2781,7/16/2026 7:48,69.94,2.85,2.45,69.82,37942.5,41409.4,26.34,24690.78,,,,,
2782,7/16/2026 8:03,69.99,2.97,2.54,69.89,37963.7,41398.6,26.34,24704.57,,,,,
2783,7/16/2026 8:18,70.09,2.91,2.5,70.01,37969.4,41342.8,26.3,24708.32,,,,,
2784,7/16/2026 8:33,70.23,1.9,1.62,70.19,39134.4,42512.7,27.14,25466.42,,,,,
2785,7/16/2026 8:48,70.34,1.59,1.36,70.38,38073.8,41262.3,26.26,24776.24,,,,,
2786,7/16/2026 9:03,70.59,2.3,1.97,70.69,38201.5,41238.2,26.25,24859.35,,,,,
2787,7/16/2026 9:18,70.97,2.09,1.79,71.21,38438.8,41223.7,26.25,25013.75,,,,,
2788,7/16/2026 9:33,71.12,2.22,1.91,71.22,38450.9,41231.1,26.26,25021.62,,,,,
2789,7/16/2026 9:48,70.89,3.24,2.78,70.74,38291.6,41310.3,26.3,24917.96,,,,,
2790,7/16/2026 10:03,70.95,3.28,2.8,70.92,39545.2,42562,27.19,25733.71,,,,,
2791,7/16/2026 10:18,71.33,3.28,2.82,71.25,38559.8,41331.2,26.33,25092.46,,,,,
2792,7/16/2026 10:33,71.76,3.34,2.87,71.63,38484.1,41056.8,26.15,25043.22,,,,,
2793,7/16/2026 10:48,71.68,3.34,2.87,71.58,38945.8,41577.2,26.51,25343.66,,,,,
2794,7/16/2026 11:03,72.22,3.66,3.14,72.18,39084.7,41411.7,26.41,25434.04,,,,,
2795,7/16/2026 11:18,72.74,4.06,3.48,72.7,39580.8,41673.7,26.61,25756.87,,,,,
2796,7/16/2026 11:33,73,4.13,3.55,72.93,38939,40881.5,26.06,25339.25,,,,,
2797,7/16/2026 11:48,73.03,4.39,3.77,72.89,39570.2,41563.4,26.54,25749.97,,,,,
2798,7/16/2026 12:03,72.77,4.77,4.07,72.61,40376.7,42556.8,27.24,26274.81,,,,,
2799,7/16/2026 12:18,72.64,5.44,4.65,72.5,39977.8,42192.3,26.98,26015.25,,,,,
2800,7/16/2026 12:33,72.64,5.76,4.92,72.52,40185.6,42400.4,27.12,26150.5,,,,,
2801,7/16/2026 12:48,72.65,5.88,5.02,72.54,40580.9,42809,27.42,26407.73,,,,,
2802,7/16/2026 13:03,72.35,6.15,5.21,72.1,41851.8,44388,28.53,27234.75,,,,,
2803,7/16/2026 13:18,71.71,6.26,5.32,71.42,40734.2,43571.1,27.93,26507.46,,,,,
2804,7/16/2026 13:33,71.14,6.47,5.5,70.93,40526.9,43615.7,27.94,26372.6,,,,,
2805,7/16/2026 13:48,70.71,6.58,5.58,70.49,40726.7,44074.5,28.26,26502.6,,,,,
2806,7/16/2026 14:03,70.28,6.67,5.66,70.07,40343.2,43891.5,28.11,26253.04,,,,,
2807,7/16/2026 14:18,70.06,6.77,5.73,69.85,40587.6,44284.1,28.38,26412.05,,,,,
2808,7/16/2026 14:33,69.7,6.7,5.68,69.53,40301.3,44146.6,28.27,26225.73,,,,,
2809,7/16/2026 14:48,69.62,5.84,4.92,69.5,41414.4,45384.5,29.16,26950.08,,,,,
2810,7/16/2026 15:03,71.01,6.7,5.68,71.11,40877.6,43895.3,28.15,26600.78,,,,,
2811,7/16/2026 15:18,71.76,6.48,5.51,71.81,40882,43518.8,27.9,26603.63,,,,,
2812,7/16/2026 15:33,72.76,6.25,5.34,72.87,40697.4,42755.9,27.39,26483.5,,,,,
2813,7/16/2026 15:48,73.49,5.92,5.07,73.55,40621.2,42323.1,27.1,26433.94,,,,,
2814,7/16/2026 16:03,73.85,5.6,4.79,73.79,40862,42454.1,27.2,26590.62,,,,,
2815,7/16/2026 16:18,74.1,5.28,4.52,74.04,40957.6,42420.1,27.18,26652.83,,,,,
2816,7/16/2026 16:33,74.44,5.05,4.32,74.47,41197.4,42449.3,27.21,26808.92,,,,,
2817,7/16/2026 16:48,74.78,4.95,4.26,74.75,40271.8,41355.6,26.44,26206.59,,,,,
2818,7/16/2026 17:03,75.12,4.77,4.09,75.1,41475.4,42418.1,27.2,26989.81,,,,,
2819,7/16/2026 17:18,75.2,4.69,4.04,75.05,40334.1,41272.2,26.38,26247.08,,,,,
2820,7/16/2026 17:33,75.53,4.74,4.07,75.59,40969,41654.8,26.67,26660.24,,,,,
2821,7/16/2026 17:48,76.11,4.39,3.78,76.65,40974.8,41140.8,26.33,26664,,,,,
2822,7/16/2026 18:03,76.83,4.09,3.52,77.05,41556,41533.7,26.61,27042.28,,,,,
2823,7/16/2026 18:18,76.44,4.08,3.51,76.2,40815.4,41198.8,26.36,26560.33,,,,,
2824,7/16/2026 18:33,76.29,3.66,3.15,76.15,40677.6,41083.3,26.27,26470.66,,,,,
2825,7/16/2026 18:48,76.19,3.96,3.41,76.04,40453,40911.5,26.15,26324.46,,,,,
2826,7/16/2026 19:03,76.16,3.5,3.01,76.04,40668.3,41126.6,26.3,26464.6,,,,,
2827,7/16/2026 19:18,76.16,3.83,3.29,76.06,41528.9,41991.5,26.92,27024.63,,,,,
2828,7/16/2026 19:33,76.16,3.55,3.05,76,41317.7,41807.4,26.79,26887.17,,,,,
2829,7/16/2026 19:48,76.1,3.32,2.85,75.99,41260,41754.5,26.75,26849.65,,,,,
2830,7/16/2026 20:03,76.12,3.38,2.91,76,40793.9,41274.8,26.41,26546.31,,,,,
2831,7/16/2026 20:18,76.11,3.23,2.79,75.96,40150.1,40641.7,25.96,26127.39,,,,,
2832,7/16/2026 20:33,76.03,3.05,2.63,75.89,40059.4,40586.3,25.92,26068.34,,,,,
2833,7/16/2026 20:48,75.88,2.19,1.89,75.75,40001.5,40595.4,25.92,26030.67,,,,,
2834,7/16/2026 21:03,75.76,2.28,1.96,75.6,40157.2,40821.6,26.08,26131.97,,,,,
2835,7/16/2026 21:18,75.72,3.05,2.62,75.66,40689.4,41333.3,26.44,26478.28,,,,,
2836,7/16/2026 21:33,75.9,2.96,2.55,75.81,40476.2,41045.5,26.24,26339.6,,,,,
2837,7/16/2026 21:48,75.8,3.03,2.6,75.61,41353.7,42035.2,26.94,26910.59,,,,,
2838,7/16/2026 22:03,75.58,3.41,2.93,75.39,40289.5,41061.8,26.24,26218.11,,,,,
2839,7/16/2026 22:18,75.35,3.66,3.15,75.14,40035.7,40921.9,26.14,26052.94,,,,,
2840,7/16/2026 22:33,75.12,3.77,3.25,74.99,39857.1,40815.8,26.06,25936.7,,,,,
2841,7/16/2026 22:48,74.97,3.98,3.41,74.75,41254.1,42367,27.16,26845.76,,,,,
2842,7/16/2026 23:03,74.44,4.17,3.57,74.18,41029.8,42425.6,27.18,26699.85,,,,,
2843,7/16/2026 23:18,73.84,4.35,3.74,73.64,39315.3,40919.5,26.1,25584.12,,,,,
2844,7/16/2026 23:33,73.2,4.82,4.14,72.98,39525.6,41472.8,26.48,25721,,,,,
2845,7/16/2026 23:48,72.76,5.14,4.4,72.52,40006.3,42211.2,26.99,26033.82,,,,,
2846,7/17/2026 0:03,72.16,5.56,4.73,71.92,41120.8,43711.6,28.04,26759.03,,,,,
2847,7/17/2026 0:18,71.54,5.94,5.07,71.28,39768.8,42612.8,27.24,25879.26,,,,,
2848,7/17/2026 0:33,71.07,6.15,5.21,70.84,41247.1,44438.7,28.53,26841.26,,,,,
2849,7/17/2026 0:48,70.71,6.39,5.4,70.5,41369.4,44763.9,28.75,26920.82,,,,,
2850,7/17/2026 1:03,70.47,6.55,5.54,70.27,41167.6,44675.8,28.68,26789.51,,,,,
2851,7/17/2026 1:18,70.17,6.94,5.86,69.99,41548.1,45248.6,29.08,27037.09,,,,,
2852,7/17/2026 1:33,69.88,7.19,6.06,69.69,41449.5,45311.1,29.11,26972.93,,,,,
2853,7/17/2026 1:48,69.4,7.61,6.41,69.1,41381.2,45582.6,29.28,26928.51,,,,,
2854,7/17/2026 2:03,68.77,7.93,6.66,68.55,41493.4,46032.8,29.59,27001.51,,,,,
2855,7/17/2026 2:18,68.21,8.3,7,67.92,40280.3,45052.5,28.86,26212.13,,,,,
2856,7/17/2026 2:33,67.54,8.61,7.27,67.27,39623,44695.2,28.58,25784.36,,,,,
2857,7/17/2026 2:48,67.03,8.77,7.36,66.83,40792.9,46285.5,29.7,26545.66,,,,,
2858,7/17/2026 3:03,66.8,8.54,7.2,66.6,39524.6,44983.5,28.76,25720.31,,,,,
2859,7/17/2026 3:18,66.84,7.64,6.45,66.76,39549.5,44912.9,28.72,25736.54,,,,,
2860,7/17/2026 3:33,67.4,8.09,6.82,67.35,40132.1,45224.9,28.96,26115.68,,,,,
2861,7/17/2026 3:48,67.79,7.74,6.55,67.75,39459.6,44230.4,28.27,25678.05,,,,,
2862,7/17/2026 4:03,68.37,7.1,5.98,68.26,40868.6,45507,29.2,26594.96,,,,,
2863,7/17/2026 4:18,68.82,6.3,5.34,68.75,39570.4,43787,27.99,25750.12,,,,,
2864,7/17/2026 4:33,69.17,5.55,4.71,69.11,39871.6,43913.7,28.09,25946.13,,,,,
2865,7/17/2026 4:48,69.46,4.86,4.13,69.37,39884.5,43783.1,28.01,25954.53,,,,,
2866,7/17/2026 5:03,69.66,4.35,3.72,69.65,38254.5,41841.4,26.64,24893.83,,,,,
2867,7/17/2026 5:18,69.91,3.83,3.28,69.79,38410.9,41937.8,26.72,24995.62,,,,,
2868,7/17/2026 5:33,69.97,3.36,2.87,69.83,38185.4,41668.8,26.53,24848.84,,,,,
2869,7/17/2026 5:48,69.9,3.2,2.75,69.74,37653.1,41135.7,26.15,24502.45,,,,,
2870,7/17/2026 6:03,69.82,3.11,2.66,69.66,38605.3,42222.2,26.91,25122.11,,,,,
2871,7/17/2026 6:18,69.76,3.09,2.64,69.5,38217.2,41883.8,26.67,24869.58,,,,,
2872,7/17/2026 6:33,69.69,2.86,2.46,69.56,37525,41091.3,26.11,24419.09,,,,,
2873,7/17/2026 6:48,69.6,2.73,2.34,69.44,38205.1,41902.1,26.68,24861.66,,,,,
2874,7/17/2026 7:03,69.55,2.82,2.42,69.43,37132.6,40731.4,25.85,24163.74,,,,,
2875,7/17/2026 7:18,69.62,2.68,2.31,69.49,37090.1,40651.3,25.8,24136.12,,,,,
2876,7/17/2026 7:33,69.62,2.73,2.34,69.5,37422.6,41010.1,26.05,24352.48,,,,,
2877,7/17/2026 7:48,69.64,2.66,2.29,69.53,37290.5,40851.3,25.94,24266.49,,,,,
2878,7/17/2026 8:03,69.67,2.79,2.39,69.56,38109,41733.7,26.56,24799.13,,,,,
2879,7/17/2026 8:18,69.73,2.71,2.33,69.68,37279.7,40761.2,25.88,24259.45,,,,,
2880,7/17/2026 8:33,69.86,2.84,2.44,69.8,36958.8,40346.8,25.59,24050.63,,,,,
2881,7/17/2026 8:48,69.94,3.04,2.62,69.93,36875.1,40189.6,25.49,23996.17,,,,,
2882,7/17/2026 9:03,70.1,3.16,2.72,70.11,36898.1,40121.5,25.44,24011.14,,,,,
2883,7/17/2026 9:18,70.33,2.7,2.33,70.48,37165.4,40223.2,25.53,24185.12,,,,,
2884,7/17/2026 9:33,70.59,2.65,2.29,70.68,37078.6,40031.5,25.4,24128.61,,,,,
2885,7/17/2026 9:48,70.86,2.91,2.51,71.07,37247.4,40016,25.4,24238.46,,,,,
2886,7/17/2026 10:03,71.03,2.68,2.31,70.84,37605.3,40515.1,25.74,24471.35,,,,,
2887,7/17/2026 10:18,71.27,2.95,2.53,71.45,38684.9,41365.2,26.36,25173.89,,,,,
2888,7/17/2026 10:33,71.01,3.72,3.21,71.01,37537.7,40360.5,25.64,24427.35,,,,,
2889,7/17/2026 10:48,71.09,3.73,3.19,71.04,38792.6,41692.9,26.58,25243.98,,,,,
2890,7/17/2026 11:03,71.41,3.75,3.23,71.26,37957.4,40682.8,25.87,24700.47,,,,,
2891,7/17/2026 11:18,71.54,3.68,3.16,71.49,38261.1,40890.1,26.03,24898.12,,,,,
2892,7/17/2026 11:33,71.74,3.84,3.29,71.67,39190.5,41790.8,26.67,25502.89,,,,,
2893,7/17/2026 11:48,71.94,4.06,3.48,71.75,39135.2,41687.1,26.6,25466.9,,,,,
2894,7/17/2026 12:03,72.24,4.35,3.74,72.19,38641.9,40937.2,26.08,25145.93,,,,,
2895,7/17/2026 12:18,72.44,4.68,4.02,72.37,38517.5,40715.9,25.93,25064.95,,,,,
2896,7/17/2026 12:33,72.51,4.99,4.29,72.35,38478.3,40687.9,25.91,25039.43,,,,,
2897,7/17/2026 12:48,72.36,5.32,4.57,72.17,39112.4,41449.3,26.44,25452.07,,,,,
2898,7/17/2026 13:03,72.08,5.83,4.99,71.94,39407.2,41881.7,26.74,25643.92,,,,,
2899,7/17/2026 13:18,72.06,6.32,5.4,71.96,39959.2,42457,27.15,26003.16,,,,,
2900,7/17/2026 13:33,72.19,6.62,5.65,72.09,40182.1,42625.6,27.27,26148.2,,,,,
2901,7/17/2026 13:48,72.2,6.76,5.77,72.09,40475.8,42934.3,27.49,26339.3,,,,,
2902,7/17/2026 14:03,71.99,6.84,5.84,71.77,39986.8,42582.9,27.23,26021.07,,,,,
2903,7/17/2026 14:18,71.44,7,5.95,71.24,40755.9,43691,28.01,26521.57,,,,,
2904,7/17/2026 14:33,71.07,7.04,5.99,70.84,40500,43636.8,27.95,26355.09,,,,,
2905,7/17/2026 14:48,70.71,7.08,6.01,70.55,40352.6,43637,27.95,26259.13,,,,,
2906,7/17/2026 15:03,70.49,7.11,6.03,70.3,40414.6,43843.7,28.08,26299.49,,,,,
2907,7/17/2026 15:18,70.39,6.44,5.46,70.23,40322.9,43780,28.04,26239.83,,,,,
2908,7/17/2026 15:33,70.43,5.86,5,70.33,39205.5,42511.9,27.14,25512.7,,,,,
2909,7/17/2026 15:48,71.48,7.04,5.97,71.65,41592.2,44360.8,28.5,27065.83,,,,,
2910,7/17/2026 16:03,72.14,7,5.95,72.1,41426.6,43936.9,28.21,26958.01,,,,,
2911,7/17/2026 16:18,72.62,6.78,5.79,72.59,40612.2,42816.3,27.42,26428.06,,,,,
2912,7/17/2026 16:33,72.98,6.47,5.5,72.88,41717.6,43821.9,28.15,27147.4,,,,,
2913,7/17/2026 16:48,73.27,6.24,5.33,73.16,40396,42288.3,27.06,26287.39,,,,,
2914,7/17/2026 17:03,73.37,6.02,5.12,73.27,41516.6,43404.2,27.86,27016.59,,,,,
2915,7/17/2026 17:18,73.56,5.79,4.97,73.51,40090.7,41792.4,26.72,26088.73,,,,,
2916,7/17/2026 17:33,73.77,5.51,4.73,73.69,40150.3,41761.2,26.7,26127.47,,,,,
2917,7/17/2026 17:48,74.01,5.25,4.5,73.9,40251.4,41762.4,26.71,26193.3,,,,,
2918,7/17/2026 18:03,74.29,5.12,4.39,74.16,40819.3,42216.2,27.04,26562.84,,,,,
2919,7/17/2026 18:18,74.62,4.71,4.04,74.6,40649.2,41821.8,26.77,26452.14,,,,,
2920,7/17/2026 18:33,74.96,4.72,4.05,74.92,40718.1,41732.7,26.71,26496.99,,,,,
2921,7/17/2026 18:48,75.37,4.35,3.74,75.39,40700.2,41480.4,26.54,26485.36,,,,,
2922,7/17/2026 19:03,75.45,4.29,3.67,75.36,41932.3,42749.9,27.44,27287.12,,,,,
2923,7/17/2026 19:18,75.19,4.17,3.58,75.11,40552.3,41466,26.52,26389.11,,,,,
2924,7/17/2026 19:33,75.04,3.76,3.23,74.85,40219,41255.8,26.37,26172.17,,,,,
2925,7/17/2026 19:48,74.87,4.03,3.46,74.74,40096.5,41183.6,26.31,26092.49,,,,,
2926,7/17/2026 20:03,74.81,3.94,3.39,74.68,40195.9,41315.1,26.41,26157.17,,,,,
2927,7/17/2026 20:18,74.78,3.76,3.23,74.67,40389.9,41517.3,26.55,26283.43,,,,,
2928,7/17/2026 20:33,74.7,3.27,2.81,74.57,40278,41453.4,26.5,26210.61,,,,,
2929,7/17/2026 20:48,74.66,3.45,2.96,74.52,40359.5,41564.3,26.58,26263.62,,,,,
2930,7/17/2026 21:03,74.61,3.34,2.87,74.48,40345.9,41566.4,26.58,26254.76,,,,,
2931,7/17/2026 21:18,74.53,3.39,2.91,74.39,40257.9,41521.8,26.55,26197.54,,,,,
2932,7/17/2026 21:33,74.45,3.15,2.7,74.28,40320.5,41640.5,26.63,26238.26,,,,,
2933,7/17/2026 21:48,74.36,3.06,2.63,74.22,40192.2,41540.5,26.56,26154.79,,,,,
2934,7/17/2026 22:03,74.38,2.4,2.06,74.21,40200.8,41554.8,26.57,26160.33,,,,,
2935,7/17/2026 22:18,74.49,3.18,2.73,74.39,40082.4,41343.4,26.42,26083.32,,,,,
2936,7/17/2026 22:33,74.56,3.2,2.75,74.37,40258.7,41533.4,26.55,26198.05,,,,,
2937,7/17/2026 22:48,74.22,3.53,3.02,74.1,40954,42388.7,27.16,26650.51,,,,,
2938,7/17/2026 23:03,74.15,3.61,3.1,73.97,40068.8,41534.8,26.55,26074.45,,,,,
2939,7/17/2026 23:18,73.89,3.92,3.35,73.71,40733.9,42359.9,27.13,26507.24,,,,,
2940,7/17/2026 23:33,73.69,4.03,3.46,73.53,39318.2,40978.9,26.14,25585.99,,,,,
2941,7/17/2026 23:48,73.49,4.34,3.73,73.27,39472,41269.3,26.34,25686.09,,,,,
2942,7/18/2026 0:03,73.06,4.6,3.97,72.85,38511.6,40470.2,25.76,25061.11,,,,,
2943,7/18/2026 0:18,72.61,4.97,4.27,72.38,39181.6,41412.4,26.42,25497.1,,,,,
2944,7/18/2026 0:33,72.19,5.45,4.67,72,39409.4,41850.5,26.72,25645.34,,,,,
2945,7/18/2026 0:48,71.9,5.81,4.97,71.68,39647.3,42272.3,27.01,25800.17,,,,,
2946,7/18/2026 1:03,71.51,6.27,5.36,71.3,39390.1,42198.6,26.95,25632.82,,,,,
2947,7/18/2026 1:18,71.04,6.57,5.6,70.81,39994.5,43106.6,27.58,26026.1,,,,,
2948,7/18/2026 1:33,70.67,6.72,5.72,70.47,39864.5,43153,27.6,25941.49,,,,,
2949,7/18/2026 1:48,70.46,6.86,5.83,70.29,40131.1,43539.2,27.87,26115.03,,,,,
2950,7/18/2026 2:03,70.28,7.02,5.96,70.11,40492.9,44030.3,28.21,26350.42,,,,,
2951,7/18/2026 2:18,70.07,7.33,6.21,69.89,40723.2,44404.8,28.47,26500.31,,,,,
2952,7/18/2026 2:33,69.9,7.54,6.39,69.74,40586.2,44343.2,28.42,26411.18,,,,,
2953,7/18/2026 2:48,69.71,7.75,6.57,69.51,40463.2,44336.2,28.41,26331.14,,,,,
2954,7/18/2026 3:03,69.34,8.03,6.79,69.13,40586.7,44688.9,28.65,26411.46,,,,,
2955,7/18/2026 3:18,68.93,8.25,6.97,68.72,40360.1,44676.3,28.62,26264.01,,,,,
2956,7/18/2026 3:33,68.61,8.33,7.04,68.46,40170.2,44617.5,28.57,26140.46,,,,,
2957,7/18/2026 3:48,68.4,8.17,6.89,68.23,40408,45015.9,28.85,26295.17,,,,,
2958,7/18/2026 4:03,68.44,7.55,6.37,68.43,40379.1,44862,28.75,26276.4,,,,,
2959,7/18/2026 4:18,68.79,7.87,6.65,68.72,40392.1,44708.7,28.65,26284.85,,,,,
2960,7/18/2026 4:33,69.09,7.57,6.4,69.06,40468.2,44601.4,28.58,26334.34,,,,,
2961,7/18/2026 4:48,69.47,6.97,5.92,69.39,39818.7,43698.8,27.95,25911.7,,,,,
2962,7/18/2026 5:03,69.66,6.5,5.52,69.53,39920.5,43729.5,27.98,25977.97,,,,,
2963,7/18/2026 5:18,69.83,5.94,5.06,69.68,39181.8,42838.1,27.35,25497.27,,,,,
2964,7/18/2026 5:33,69.98,5.35,4.57,69.88,38923.9,42448.6,27.08,25329.4,,,,,
2965,7/18/2026 5:48,70.09,4.83,4.13,69.98,38920.7,42390.1,27.04,25327.33,,,,,
2966,7/18/2026 6:03,70.06,4.41,3.77,69.91,38644.9,42127.1,26.85,25147.89,,,,,
2967,7/18/2026 6:18,69.86,3.88,3.31,69.68,38475.1,42068.3,26.8,25037.4,,,,,
2968,7/18/2026 6:33,70.02,3.83,3.28,69.89,38593.2,42085.1,26.82,25114.23,,,,,
2969,7/18/2026 6:48,70.05,3.58,3.06,69.9,38273.5,41727.9,26.57,24906.21,,,,,
2970,7/18/2026 7:03,70.04,3.49,2.97,69.9,39676.8,43260.9,27.66,25819.39,,,,,
2971,7/18/2026 7:18,70,3.17,2.7,69.87,39460.9,43040.1,27.5,25678.86,,,,,
2972,7/18/2026 7:33,69.91,3.01,2.58,69.75,37631.8,41106.8,26.13,24488.6,,,,,
2973,7/18/2026 7:48,69.86,3.15,2.7,69.71,37738.6,41246.1,26.22,24558.11,,,,,
2974,7/18/2026 8:03,69.85,3.03,2.6,69.71,37479.3,40962.7,26.02,24389.39,,,,,
2975,7/18/2026 8:18,69.86,2.85,2.45,69.75,37467.7,40927.6,26,24381.83,,,,,
2976,7/18/2026 8:33,69.9,2.78,2.39,69.8,37453.5,40889.7,25.98,24372.59,,,,,
2977,7/18/2026 8:48,69.96,2.6,2.23,69.83,38247.2,41739.1,26.58,24889.06,,,,,
2978,7/18/2026 9:03,70.04,2.82,2.41,69.94,38409.1,41855.8,26.66,24994.45,,,,,
2979,7/18/2026 9:18,70.11,2.74,2.35,70.03,38596.3,42013.9,26.78,25116.25,,,,,
2980,7/18/2026 9:33,70.18,2.56,2.19,70.07,38614.5,42010.8,26.78,25128.08,,,,,
2981,7/18/2026 9:48,70.31,1.99,1.7,70.27,38760.6,42063.7,26.82,25223.15,,,,,
2982,7/18/2026 10:03,70.44,2,1.71,70.39,38724.1,41961.3,26.75,25199.41,,,,,
2983,7/18/2026 10:18,70.67,1.72,1.47,70.71,38947.5,42032.2,26.81,25344.79,,,,,
2984,7/18/2026 10:33,70.95,1.87,1.6,71.28,39167,41965.1,26.78,25487.63,,,,,
2985,7/18/2026 10:48,71.29,2.37,2.03,71.51,39519.7,42226.7,26.97,25717.15,,,,,
2986,7/18/2026 11:03,71.12,2.77,2.37,70.9,39179.6,42179.8,26.92,25495.79,,,,,
2987,7/18/2026 11:18,71.02,2.79,2.39,70.93,39151.4,42135.4,26.89,25477.5,,,,,
2988,7/18/2026 11:33,71.38,3.06,2.61,71.37,39429.7,42204.1,26.95,25658.57,,,,,
2989,7/18/2026 11:48,71.46,3.29,2.81,71.36,39214.4,41976.5,26.79,25518.49,,,,,
2990,7/18/2026 12:03,71.72,3.46,2.96,71.5,39245.1,41936,26.77,25538.41,,,,,
2991,7/18/2026 12:18,71.51,3.59,3.07,71.35,39226.4,41994.9,26.8,25526.28,,,,,
2992,7/18/2026 12:33,71.93,4.06,3.46,71.84,40672.9,43276,27.73,26467.57,,,,,
2993,7/18/2026 12:48,72.23,4.43,3.8,72.12,39248.7,41618.8,26.56,25540.81,,,,,
2994,7/18/2026 13:03,72.16,4.84,4.14,72.05,39335.7,41744.4,26.65,25597.43,,,,,
2995,7/18/2026 13:18,72.04,5.29,4.51,71.88,40142.7,42694.7,27.32,26122.56,,,,,
2996,7/18/2026 13:33,71.84,5.62,4.8,71.65,39792.4,42441.2,27.13,25894.58,,,,,
2997,7/18/2026 13:48,71.58,6.25,5.33,71.42,40046.7,42835.8,27.4,26060.1,,,,,
2998,7/18/2026 14:03,71.59,6.72,5.72,71.46,40738.6,43552.4,27.91,26510.35,,,,,
2999,7/18/2026 14:18,71.56,6.88,5.85,71.41,40579.1,43411,27.81,26406.57,,,,,
3000,7/18/2026 14:33,71.45,6.98,5.93,71.24,40655.3,43586.2,27.93,26456.14,,,,,
3001,7/18/2026 14:48,71.11,7.07,6,70.87,40658.5,43789.8,28.06,26458.21,,,,,
3002,7/18/2026 15:03,70.79,7.2,6.07,70.58,41904.1,45299.5,29.13,27268.77,,,,,
3003,7/18/2026 15:18,70.38,7.23,6.13,70.11,40606.1,44153.5,28.3,26424.13,,,,,
3004,7/18/2026 15:33,69.99,7.35,6.22,69.79,40710.9,44452,28.5,26492.28,,,,,
3005,7/18/2026 15:48,69.66,7.42,6.27,69.49,40654.9,44558.3,28.57,26455.83,,,,,
3006,7/18/2026 16:03,69.45,7.31,6.12,69.27,42617.9,46844.8,30.2,27733.28,,,,,
3007,7/18/2026 16:18,69.3,6.97,5.9,69.13,40317.2,44395.3,28.44,26236.11,,,,,
3008,7/18/2026 16:33,69.44,6.54,5.54,69.46,40419,44315.1,28.39,26302.38,,,,,
3009,7/18/2026 16:48,69.82,7.07,6,69.83,40261.7,43937.5,28.14,26199.99,,,,,
3010,7/18/2026 17:03,70.47,7.01,5.96,70.45,40213.3,43542.5,27.87,26168.51,,,,,
3011,7/18/2026 17:18,71.05,6.72,5.72,70.98,40161.8,43193.6,27.64,26135,,,,,
3012,7/18/2026 17:33,71.41,6.42,5.48,71.33,40048.1,42886.2,27.44,26061.02,,,,,
3013,7/18/2026 17:48,71.56,6.12,5.22,71.45,40159.8,42942.3,27.48,26133.68,,,,,
3014,7/18/2026 18:03,71.69,5.75,4.91,71.6,39801.1,42476.1,27.15,25900.28,,,,,
3015,7/18/2026 18:18,71.82,5.43,4.65,71.7,39481.4,42081.3,26.87,25692.22,,,,,
3016,7/18/2026 18:33,71.9,5.19,4.44,71.8,39198.7,41729.8,26.63,25508.27,,,,,
3017,7/18/2026 18:48,71.98,4.89,4.19,71.88,39363.8,41866.3,26.73,25615.68,,,,,
3018,7/18/2026 19:03,72.05,4.72,4.05,71.94,39077,41528,26.49,25429.08,,,,,
3019,7/18/2026 19:18,72.1,4.54,3.89,72,38864.4,41271.7,26.31,25290.69,,,,,
3020,7/18/2026 19:33,72.18,4.28,3.68,72.07,38772.6,41138.6,26.22,25230.99,,,,,
3021,7/18/2026 19:48,72.27,3.99,3.42,72.16,39005.6,41339,26.36,25382.59,,,,,
3022,7/18/2026 20:03,72.16,3.9,3.35,72.02,38848.9,41247,26.29,25280.6,,,,,
3023,7/18/2026 20:18,72.16,3.73,3.2,72.04,38821.4,41206.8,26.26,25262.72,,,,,
3024,7/18/2026 20:33,72.16,3.7,3.18,72.03,38968.6,41368.6,26.38,25358.53,,,,,
3025,7/18/2026 20:48,72.15,3.69,3.16,72.01,38968.7,41377,26.38,25358.58,,,,,
3026,7/18/2026 21:03,72.11,3.6,3.09,71.97,38629.7,41036.2,26.14,25137.95,,,,,
3027,7/18/2026 21:18,72.08,3.58,3.08,71.94,38760.4,41194.2,26.25,25223.01,,,,,
3028,7/18/2026 21:33,72.02,3.45,2.96,71.89,38861.2,41326.3,26.34,25288.64,,,,,
3029,7/18/2026 21:48,71.98,3.47,2.98,71.83,38614.5,41091.3,26.18,25128.08,,,,,
3030,7/18/2026 22:03,71.93,3.37,2.89,71.79,38868.1,41383.3,26.38,25293.1,,,,,
3031,7/18/2026 22:18,71.91,2.95,2.53,71.78,38997.7,41526.8,26.48,25377.44,,,,,
3032,7/18/2026 22:33,71.87,2.92,2.5,71.73,39553.9,42147.3,26.92,25739.4,,,,,
3033,7/18/2026 22:48,71.74,2.04,1.75,71.62,38702.7,41292.8,26.31,25185.51,,,,,
3034,7/18/2026 23:03,71.78,2.88,2.48,71.61,38535.8,41120.2,26.19,25076.86,,,,,
3035,7/18/2026 23:18,71.94,3.26,2.79,71.84,39277.8,41791.6,26.67,25559.74,,,,,
3036,7/18/2026 23:33,71.93,3.25,2.79,71.78,39287.5,41835.5,26.7,25566.05,,,,,
3037,7/18/2026 23:48,71.82,3.55,3.05,71.68,38647.9,41203.9,26.25,25149.82,,,,,
3038,7/19/2026 0:03,71.8,3.67,3.15,71.65,38727.1,41305,26.32,25201.37,,,,,
3039,7/19/2026 0:18,71.7,3.85,3.3,71.57,38806.8,41431.6,26.41,25253.23,,,,,
3040,7/19/2026 0:33,71.7,4.06,3.48,71.56,38754.7,41378.7,26.37,25219.32,,,,,
3041,7/19/2026 0:48,71.65,4.41,3.79,71.5,38608.4,41255.7,26.28,25124.13,,,,,
3042,7/19/2026 1:03,71.55,4.89,4.16,71.36,40539.9,43395.3,27.8,26381.01,,,,,
3043,7/19/2026 1:18,71.29,5.39,4.61,71.11,39297.3,42198.3,26.94,25572.4,,,,,
3044,7/19/2026 1:33,71.11,5.71,4.88,70.95,39467.1,42463.6,27.12,25682.91,,,,,
3045,7/19/2026 1:48,70.94,6.01,5.13,70.75,39693,42813.6,27.37,25829.93,,,,,
3046,7/19/2026 2:03,70.67,6.36,5.39,70.47,40786.5,44148.2,28.31,26541.48,,,,,
3047,7/19/2026 2:18,70.35,6.6,5.59,70.15,40998.5,44562,28.59,26679.47,,,,,
3048,7/19/2026 2:33,70.05,6.76,5.74,69.87,40014.1,43646.4,27.93,26038.87,,,,,
3049,7/19/2026 2:48,69.89,6.84,5.78,69.73,40915.6,44709.2,28.68,26625.51,,,,,
3050,7/19/2026 3:03,69.72,6.99,5.93,69.55,40257.9,44090,28.24,26197.55,,,,,
3051,7/19/2026 3:18,69.5,7.16,6.06,69.3,40270.6,44243.4,28.34,26205.78,,,,,
3052,7/19/2026 3:33,69.28,7.28,6.16,69.08,40347.4,44453,28.48,26255.76,,,,,
3053,7/19/2026 3:48,69.07,7.33,6.2,68.87,40350.7,44576.5,28.56,26257.92,,,,,
3054,7/19/2026 4:03,68.85,7.47,6.31,68.64,40452.1,44824.8,28.73,26323.9,,,,,
3055,7/19/2026 4:18,68.56,7.58,6.41,68.34,40091.8,44595.4,28.55,26089.44,,,,,
3056,7/19/2026 4:33,68.29,7.5,6.34,68.14,39905.2,44505.4,28.48,25968.01,,,,,
3057,7/19/2026 4:48,68.2,7.13,6.02,68.12,40269.1,44920.7,28.78,26204.8,,,,,
3058,7/19/2026 5:03,68.65,7.17,6.06,68.56,40173.4,44559.1,28.53,26142.51,,,,,
3059,7/19/2026 5:18,68.86,7.2,6.09,68.72,40052.6,44332.9,28.38,26063.93,,,,,
3060,7/19/2026 5:33,69.21,6.84,5.8,69.17,39909.6,43922.2,28.1,25970.85,,,,,
3061,7/19/2026 5:48,69.54,6.35,5.4,69.45,39642.2,43472.3,27.79,25796.88,,,,,
3062,7/19/2026 6:03,69.8,5.9,5.02,69.72,39588.9,43265.4,27.65,25762.19,,,,,
3063,7/19/2026 6:18,69.98,5.53,4.72,69.87,39320.5,42889.9,27.39,25587.52,,,,,
3064,7/19/2026 6:33,70.14,5.24,4.47,70.02,39140.3,42609,27.2,25470.26,,,,,
3065,7/19/2026 6:48,70.26,4.7,4.01,70.11,38788.1,42179.5,26.9,25241.04,,,,,
3066,7/19/2026 7:03,70.28,4.28,3.66,70.15,38490.6,41833.2,26.65,25047.43,,,,,
3067,7/19/2026 7:18,70.3,4.1,3.51,70.15,38445.4,41786.9,26.62,25018.02,,,,,
3068,7/19/2026 7:33,70.28,3.88,3.32,70.17,38283.2,41599.3,26.49,24912.51,,,,,
3069,7/19/2026 7:48,70.32,3.77,3.23,70.17,38313,41631.7,26.51,24931.92,,,,,
3070,7/19/2026 8:03,70.31,3.63,3.11,70.19,38256.4,41558.8,26.46,24895.03,,,,,
3071,7/19/2026 8:18,70.27,3.8,3.25,70.13,38277.2,41612.6,26.5,24908.57,,,,,
3072,7/19/2026 8:33,70.31,3.53,3.02,70.2,38273.9,41572.3,26.47,24906.47,,,,,
3073,7/19/2026 8:48,70.42,3.66,3.14,70.3,38137.2,41373.1,26.33,24817.52,,,,,
3074,7/19/2026 9:03,70.51,3.62,3.1,70.39,38084.2,41265.1,26.26,24783,,,,,
3075,7/19/2026 9:18,70.65,3.75,3.21,70.54,38152.3,41260.4,26.26,24827.3,,,,,
3076,7/19/2026 9:33,70.82,3.44,2.95,70.74,38400,41424.4,26.38,24988.48,,,,,
3077,7/19/2026 9:48,71.07,3.79,3.25,71,38391.4,41281.2,26.29,24982.92,,,,,
3078,7/19/2026 10:03,71.29,3.85,3.31,71.22,38328.4,41099.8,26.17,24941.92,,,,,
3079,7/19/2026 10:18,71.62,4.04,3.47,71.6,38538.8,41131.7,26.2,25078.83,,,,,
3080,7/19/2026 10:33,71.97,3.96,3.4,71.98,38895.5,41315.9,26.34,25310.97,,,,,
3081,7/19/2026 10:48,72.12,4.12,3.54,72.12,38778.9,41120.6,26.21,25235.08,,,,,
3082,7/19/2026 11:03,72.6,4.06,3.49,72.75,39189.1,41234.1,26.3,25502.03,,,,,
3083,7/19/2026 11:18,72.99,4.06,3.48,72.99,39494.5,41434.7,26.45,25700.77,,,,,
3084,7/19/2026 11:33,73.02,4.22,3.63,73.02,39181.9,41087.6,26.21,25497.29,,,,,
3085,7/19/2026 11:48,73.03,4.51,3.87,73,39519.2,41452.4,26.46,25716.83,,,,,
3086,7/19/2026 12:03,72.99,4.44,3.82,72.87,39191.9,41174.3,26.26,25503.85,,,,,
3087,7/19/2026 12:18,73.24,4.73,4.07,73.2,39360.2,41187.7,26.28,25613.32,,,,,
3088,7/19/2026 12:33,73.1,4.73,4.06,72.67,39206.3,41293.1,26.34,25513.19,,,,,
3089,7/19/2026 12:48,73.1,4.97,4.27,73.06,39569.9,41478.1,26.48,25749.78,,,,,
3090,7/19/2026 13:03,72.97,5.17,4.43,72.82,39706.3,41742.3,26.66,25838.57,,,,,
3091,7/19/2026 13:18,73.08,5.45,4.68,72.96,39698.2,41662.1,26.61,25833.32,,,,,
3092,7/19/2026 13:33,73.04,5.73,4.91,72.95,39853.4,41827.7,26.73,25934.27,,,,,
3093,7/19/2026 13:48,72.96,6.22,5.33,72.79,39633.1,41681.9,26.62,25790.95,,,,,
3094,7/19/2026 14:03,72.84,6.59,5.65,72.74,39643.6,41715,26.64,25797.78,,,,,
3095,7/19/2026 14:18,72.53,7.02,6,72.3,40125.4,42455.1,27.16,26111.32,,,,,
3096,7/19/2026 14:33,72.21,7.34,6.27,72.03,40268.3,42745.5,27.36,26204.28,,,,,
3097,7/19/2026 14:48,72.12,7.77,6.62,72.02,40649,43158.2,27.65,26452,,,,,
3098,7/19/2026 15:03,72.19,8.02,6.82,72.09,41127.7,43625.8,27.98,26763.54,,,,,
3099,7/19/2026 15:18,72.31,8.17,6.94,72.16,41242.1,43712.2,28.05,26837.98,,,,,
3100,7/19/2026 15:33,72.15,8.16,6.92,72.01,41464.7,44030.2,28.27,26982.82,,,,,
3101,7/19/2026 15:48,71.79,8.24,6.99,71.52,41410.3,44237.9,28.4,26947.44,,,,,
3102,7/19/2026 16:03,71.28,8.37,7.09,71.02,41432.3,44541.9,28.61,26961.73,,,,,
3103,7/19/2026 16:18,71,8.37,7.09,70.84,41277.2,44474.1,28.55,26860.82,,,,,
3104,7/19/2026 16:33,70.8,8.43,7.14,70.63,41253.1,44565.5,28.61,26845.12,,,,,
3105,7/19/2026 16:48,70.51,8.34,7.05,70.29,41323.4,44832.7,28.79,26890.9,,,,,
3106,7/19/2026 17:03,70.29,8.33,7.05,70.11,40969.7,44551.9,28.58,26660.7,,,,,
3107,7/19/2026 17:18,70.18,7.77,6.57,70.04,41037.2,44664.8,28.66,26704.66,,,,,
3108,7/19/2026 17:33,70.9,8.47,7.18,71.08,41153.3,44209.3,28.37,26780.21,,,,,
3109,7/19/2026 17:48,71.72,8.51,7.22,71.69,41313,44042.4,28.27,26884.12,,,,,
3110,7/19/2026 18:03,72.15,8.13,6.9,72.12,41545,44050.8,28.29,27035.08,,,,,
3111,7/19/2026 18:18,72.44,7.96,6.76,72.33,41540.4,43931.8,28.21,27032.08,,,,,
3112,7/19/2026 18:33,72.62,7.75,6.6,72.52,41162.2,43433.7,27.86,26786,,,,,
3113,7/19/2026 18:48,72.75,7.47,6.36,72.64,41055.3,43257.7,27.74,26716.41,,,,,
3114,7/19/2026 19:03,72.85,7.23,6.16,72.74,41007.3,43152.8,27.67,26685.17,,,,,
3115,7/19/2026 19:18,72.95,7,5.98,72.83,40710.8,42792.6,27.41,26492.23,,,,,
3116,7/19/2026 19:33,73.05,6.7,5.73,72.95,40514.9,42522.1,27.22,26364.78,,,,,
3117,7/19/2026 19:48,73.23,6.39,5.47,73.09,40564.7,42504.1,27.21,26397.16,,,,,
3118,7/19/2026 20:03,73.38,6.09,5.2,73.21,40647.5,42526.3,27.23,26451.02,,,,,
3119,7/19/2026 20:18,73.51,5.67,4.86,73.37,40326.6,42110.1,26.94,26242.21,,,,,
3120,7/19/2026 20:33,73.56,5.26,4.5,73.45,40746.2,42509.2,27.23,26515.31,,,,,
3121,7/19/2026 20:48,73.6,4.98,4.25,73.47,40740.8,42489.6,27.21,26511.74,,,,,
3122,7/19/2026 21:03,73.51,4.79,4.1,73.35,40491.7,42293.7,27.07,26349.69,,,,,
3123,7/19/2026 21:18,73.41,4.42,3.78,73.27,40644.4,42492.3,27.21,26449.03,,,,,
3124,7/19/2026 21:33,73.35,4.08,3.49,73.2,40588,42469.7,27.19,26412.31,,,,,
3125,7/19/2026 21:48,73.32,3.98,3.4,73.21,40623.9,42501.7,27.21,26435.7,,,,,
3126,7/19/2026 22:03,73.32,4.05,3.46,73.19,40406.6,42288.2,27.06,26294.26,,,,,
3127,7/19/2026 22:18,73.26,3.83,3.28,73.11,40218.5,42130.3,26.95,26171.9,,,,,
3128,7/19/2026 22:33,73.14,3.73,3.19,73,40262.1,42231.5,27.02,26200.23,,,,,
3129,7/19/2026 22:48,73,3.46,2.96,72.86,40308,42355.2,27.1,26230.11,,,,,
3130,7/19/2026 23:03,73.02,3.35,2.86,72.87,40400.1,42446.4,27.17,26290.06,,,,,
3131,7/19/2026 23:18,72.91,3.2,2.74,72.77,40288.9,42380,27.12,26217.72,,,,,
3132,7/19/2026 23:33,72.89,3.19,2.74,72.79,39313.4,41345.6,26.38,25582.87,,,,,
3133,7/19/2026 23:48,72.79,3.04,2.6,72.64,40220.2,42377.8,27.11,26173,,,,,
3134,7/20/2026 0:03,72.92,3.18,2.72,72.82,40194.4,42255.4,27.03,26156.18,,,,,
3135,7/20/2026 0:18,73,3.09,2.64,72.83,40417.1,42484,27.19,26301.15,,,,,
3136,7/20/2026 0:33,72.73,3.43,2.93,72.52,39968.9,42174.5,26.96,26009.46,,,,,
3137,7/20/2026 0:48,72.57,3.63,3.11,72.41,39968.7,42230.3,27,26009.32,,,,,
3138,7/20/2026 1:03,72.39,3.99,3.41,72.2,39820.7,42183.2,26.96,25913.01,,,,,
3139,7/20/2026 1:18,72.23,4.15,3.55,72.05,39888.8,42334.3,27.06,25957.35,,,,,
3140,7/20/2026 1:33,72.15,4.27,3.65,71.98,39762.4,42233.9,26.99,25875.09,,,,,
3141,7/20/2026 1:48,71.91,4.75,4.06,71.75,39694.9,42286.3,27.02,25831.16,,,,,
3142,7/20/2026 2:03,71.63,5.1,4.36,71.45,39612.6,42354.3,27.06,25777.59,,,,,
3143,7/20/2026 2:18,71.35,5.32,4.55,71.17,39177.6,42035.9,26.83,25494.53,,,,,
3144,7/20/2026 2:33,71,6,5.13,70.82,39103.3,42140.5,26.89,25446.2,,,,,
3145,7/20/2026 2:48,70.8,6.28,5.34,70.63,40018.4,43228.8,27.66,26041.66,,,,,
3146,7/20/2026 3:03,70.62,6.63,5.65,70.45,39717.7,43005.8,27.49,25845.98,,,,,
3147,7/20/2026 3:18,70.27,6.87,5.83,70.05,40660.1,44248.4,28.36,26459.27,,,,,
3148,7/20/2026 3:33,69.9,6.99,5.93,69.68,40109.2,43852.1,28.07,26100.78,,,,,
3149,7/20/2026 3:48,69.49,7.11,6.02,69.27,40163.2,44143.6,28.26,26135.91,,,,,
3150,7/20/2026 4:03,69.21,7.15,6.04,69.06,40543.8,44681.7,28.64,26383.57,,,,,
3151,7/20/2026 4:18,69.1,7.21,6.14,68.94,38901.6,42937,27.39,25314.89,,,,,
3152,7/20/2026 4:33,68.97,7.17,6.07,68.81,39889.2,44103.2,28.22,25957.61,,,,,
3153,7/20/2026 4:48,68.85,7.21,6.11,68.68,39807.3,44085.8,28.2,25904.33,,,,,
3154,7/20/2026 5:03,68.77,6.96,5.89,68.61,39870,44198.1,28.28,25945.12,,,,,
3155,7/20/2026 5:18,68.71,6.66,5.63,68.57,39986.8,44345.9,28.38,26021.07,,,,,
3156,7/20/2026 5:33,68.87,6.47,5.48,68.8,39797.1,44004.4,28.15,25897.64,,,,,
3157,7/20/2026 5:48,69.01,6.75,5.73,68.87,39675.6,43833.7,28.03,25818.61,,,,,
3158,7/20/2026 6:03,69.14,6.54,5.54,69.03,39973.4,44071.3,28.2,26012.38,,,,,
3159,7/20/2026 6:18,69.34,6.38,5.41,69.23,39617.7,43567.9,27.85,25780.89,,,,,
3160,7/20/2026 6:33,69.51,6.26,5.33,69.41,39318.3,43140.8,27.56,25586.1,,,,,
3161,7/20/2026 6:48,69.63,6.06,5.19,69.51,38109.1,41756.7,26.58,24799.21,,,,,
3162,7/20/2026 7:03,69.75,5.88,5.04,69.64,38103.1,41684.4,26.53,24795.32,,,,,
3163,7/20/2026 7:18,69.86,5.7,4.88,69.73,38286.7,41833.7,26.64,24914.8,,,,,
3164,7/20/2026 7:33,69.91,5.52,4.71,69.8,39056,42636.3,27.21,25415.36,,,,,
3165,7/20/2026 7:48,70.02,5.34,4.57,69.89,38179.6,41634.1,26.5,24845.11,,,,,
3166,7/20/2026 8:03,70.12,5.17,4.43,70.01,37979.1,41350.5,26.31,24714.61,,,,,
3167,7/20/2026 8:18,70.27,4.91,4.19,70.16,38976.8,42358.8,27.02,25363.87,,,,,
3168,7/20/2026 8:33,70.4,4.69,4.01,70.31,38840.5,42130.3,26.87,25275.17,,,,,
3169,7/20/2026 8:48,70.38,4.86,4.16,70.25,38930.1,42259.1,26.96,25333.44,,,,,
3170,7/20/2026 9:03,70.52,4.57,3.9,70.42,38957.9,42197.4,26.92,25351.54,,,,,
3171,7/20/2026 9:18,70.73,4.13,3.53,70.65,39260,42403.8,27.07,25548.17,,,,,
3172,7/20/2026 9:33,70.91,4.24,3.62,70.82,39178.5,42221.5,26.95,25495.12,,,,,
3173,7/20/2026 9:48,71.11,4.07,3.48,71.01,39190.5,42134.8,26.89,25502.93,,,,,
3174,7/20/2026 10:03,71.34,3.81,3.25,71.27,39515.4,42347,27.05,25714.34,,,,,
3175,7/20/2026 10:18,71.51,3.78,3.23,71.53,39343.3,42026.8,26.83,25602.32,,,,,
3176,7/20/2026 10:33,71.73,3.54,3.03,71.71,39469.2,42065.5,26.86,25684.3,,,,,
3177,7/20/2026 10:48,72.03,3.43,2.94,71.98,39588.5,42049.2,26.86,25761.93,,,,,
3178,7/20/2026 11:03,72.38,3.44,2.94,72.41,39957.6,42218.6,26.99,26002.09,,,,,
3179,7/20/2026 11:18,72.75,3.05,2.61,72.81,40044.2,42100.2,26.92,26058.43,,,,,
3180,7/20/2026 11:33,73.19,3.57,3.06,73.29,40193.6,42009.9,26.87,26155.65,,,,,
3181,7/20/2026 11:48,73.73,3.48,2.98,73.83,40493.5,42049.3,26.91,26350.84,,,,,
3182,7/20/2026 12:03,73.85,3.23,2.77,73.88,40473.5,42001,26.88,26337.81,,,,,
3183,7/20/2026 12:18,73.66,3.46,2.97,73.48,40343.6,42069.8,26.91,26253.28,,,,,
3184,7/20/2026 12:33,73.4,3.15,2.7,73.34,40333.4,42133.9,26.96,26246.68,,,,,
3185,7/20/2026 12:48,73.8,3.7,3.16,73.73,40530.8,42137.6,26.97,26375.08,,,,,
3186,7/20/2026 13:03,73.96,4.06,3.47,73.83,40851.6,42418.4,27.17,26583.87,,,,,
3187,7/20/2026 13:18,74.02,4.32,3.7,73.81,40718.9,42291.6,27.08,26497.52,,,,,
3188,7/20/2026 13:33,73.87,4.6,3.94,73.79,40409.7,41984.2,26.86,26296.27,,,,,
3189,7/20/2026 13:48,73.98,4.77,4.07,73.95,40968.9,42479,27.22,26660.22,,,,,
3190,7/20/2026 14:03,74.21,5.38,4.59,74.06,41646,43127.4,27.68,27100.83,,,,,
3191,7/20/2026 14:18,74.19,5.94,5.09,74.02,40585.8,42046,26.91,26410.89,,,,,
3192,7/20/2026 14:33,73.88,6.61,5.65,73.66,40861.3,42520.2,27.24,26590.15,,,,,
3193,7/20/2026 14:48,73.6,7.04,6.02,73.41,40718.1,42499.4,27.22,26497.01,,,,,
3194,7/20/2026 15:03,73.31,7.41,6.29,73.12,42080.7,44075.1,28.34,27383.67,,,,,
3195,7/20/2026 15:18,73.1,7.94,6.76,72.94,41354.1,43411.5,27.86,26910.89,,,,,
3196,7/20/2026 15:33,73.06,8.43,7.17,72.92,41628.9,43708.6,28.07,27089.71,,,,,
3197,7/20/2026 15:48,73.06,8.69,7.36,72.93,42421.6,44537.9,28.66,27605.53,,,,,
3198,7/20/2026 16:03,73,8.87,7.53,72.87,41878.2,43996.5,28.27,27251.94,,,,,
3199,7/20/2026 16:18,72.81,9.01,7.65,72.62,41827.7,44080.3,28.32,27219.05,,,,,
3200,7/20/2026 16:33,72.41,9.08,7.7,72.19,41746.9,44229.5,28.42,27166.45,,,,,
3201,7/20/2026 16:48,72.04,9.21,7.8,71.82,41706.7,44390.8,28.52,27140.34,,,,,
3202,7/20/2026 17:03,71.78,9.13,7.74,71.63,41534.9,44311.5,28.46,27028.51,,,,,
3203,7/20/2026 17:18,71.62,9.2,7.8,71.48,41561.3,44420.1,28.53,27045.72,,,,,
3204,7/20/2026 17:33,71.42,8.91,7.55,71.2,41495.4,44504.8,28.59,27002.84,,,,,
3205,7/20/2026 17:48,71.06,8.63,7.3,70.89,41510.2,44698,28.71,27012.44,,,,,
3206,7/20/2026 18:03,71.43,8.52,7.22,71.66,41570.9,44335.1,28.48,27051.95,,,,,
3207,7/20/2026 18:18,72.27,9.13,7.73,72.22,42025.5,44507,28.62,27347.79,,,,,
3208,7/20/2026 18:33,72.79,8.88,7.51,72.75,42666.1,44892.5,28.91,27764.64,,,,,
3209,7/20/2026 18:48,73.1,8.61,7.32,73.03,41821.9,43853.2,28.17,27215.29,,,,,
3210,7/20/2026 19:03,73.37,8.43,7.16,73.26,42097,44019.6,28.3,27394.28,,,,,
3211,7/20/2026 19:18,73.39,8.16,6.94,73.35,41652.2,43505.9,27.93,27104.86,,,,,
3212,7/20/2026 19:33,73.6,7.79,6.63,73.52,41585.2,43347.5,27.83,27061.28,,,,,
3213,7/20/2026 19:48,73.73,7.48,6.37,73.63,42062.7,43781.9,28.14,27371.95,,,,,
3214,7/20/2026 20:03,73.85,7.01,5.98,73.78,41445.3,43063,27.63,26970.18,,,,,
3215,7/20/2026 20:18,74,6.65,5.67,73.9,41579.2,43140,27.69,27057.33,,,,,
3216,7/20/2026 20:33,74.11,6.22,5.31,74.03,41166.6,42642.1,27.34,26788.84,,,,,
3217,7/20/2026 20:48,74.23,5.86,4.99,74.13,42401.8,43872.9,28.22,27592.64,,,,,
3218,7/20/2026 21:03,74.29,5.45,4.65,74.18,41645.7,43062.4,27.64,27100.61,,,,,
3219,7/20/2026 21:18,74.28,5.21,4.46,74.17,41228.5,42636.5,27.34,26829.11,,,,,
3220,7/20/2026 21:33,74.18,4.65,3.97,74.06,41595.9,43075.6,27.65,27068.24,,,,,
3221,7/20/2026 21:48,74.17,4.68,3.99,74.03,41522.6,43010.9,27.6,27020.51,,,,,
3222,7/20/2026 22:03,74.16,4.35,3.71,74.01,41456.9,42954.1,27.56,26977.79,,,,,
3223,7/20/2026 22:18,74.11,4.04,3.45,74,41422.6,42924.1,27.54,26955.41,,,,,
3224,7/20/2026 22:33,74.09,3.78,3.23,73.96,41022.6,42529.1,27.25,26695.13,,,,,
3225,7/20/2026 22:48,74.14,3.63,3.1,73.95,41147.4,42666.8,27.35,26776.38,,,,,
3226,7/20/2026 23:03,74.04,3.64,3.1,73.9,41390.8,42944.5,27.55,26934.71,,,,,
3227,7/20/2026 23:18,73.93,3.45,2.95,73.77,41318.3,42936.7,27.54,26887.57,,,,,
3228,7/20/2026 23:33,73.8,3.23,2.76,73.65,40996.4,42663.7,27.34,26678.12,,,,,
3229,7/20/2026 23:48,73.65,3.04,2.59,73.49,41225.6,42986.7,27.57,26827.24,,,,,
3230,7/21/2026 0:03,73.54,2.69,2.3,73.39,40912.8,42711.1,27.37,26623.7,,,,,
3231,7/21/2026 0:18,73.43,2.38,2.03,73.31,41160.8,43012.3,27.58,26785.05,,,,,
3232,7/21/2026 0:33,73.31,2.08,1.77,73.13,40862,42795.9,27.42,26590.65,,,,,
3233,7/21/2026 0:48,73.53,2.84,2.42,73.44,41274.8,43063.5,27.62,26859.24,,,,,
3234,7/21/2026 1:03,73.65,2.8,2.38,73.53,41277.2,43017.9,27.59,26860.83,,,,,
3235,7/21/2026 1:18,73.53,2.82,2.4,73.35,41226,43060.7,27.62,26827.53,,,,,
3236,7/21/2026 1:33,73.33,3.24,2.76,73.18,41286.9,43212.4,27.72,26867.13,,,,,
3237,7/21/2026 1:48,73.24,3.28,2.8,73.11,40974.5,42925.1,27.51,26663.87,,,,,
3238,7/21/2026 2:03,73.11,3.58,3.06,72.96,40716.9,42731.2,27.37,26496.19,,,,,
3239,7/21/2026 2:18,72.99,3.94,3.36,72.84,40743.9,42821.8,27.43,26513.8,,,,,
3240,7/21/2026 2:33,72.95,4.07,3.48,72.86,40591.7,42653.3,27.31,26414.73,,,,,
3241,7/21/2026 2:48,72.76,4.41,3.76,72.61,40714.6,42912.9,27.49,26494.69,,,,,
3242,7/21/2026 3:03,72.52,4.93,4.22,72.34,40207,42518.8,27.2,26164.42,,,,,
3243,7/21/2026 3:18,72.22,5.76,4.91,71.98,40396.3,42907.1,27.47,26287.58,,,,,
3244,7/21/2026 3:33,71.88,6.1,5.2,71.7,40339.3,42998.6,27.53,26250.49,,,,,
3245,7/21/2026 3:48,71.66,6.45,5.49,71.48,40563.5,43353.6,27.77,26396.38,,,,,
3246,7/21/2026 4:03,71.42,6.84,5.8,71.24,41470,44459.6,28.55,26986.3,,,,,
3247,7/21/2026 4:18,71.16,7.05,5.98,70.94,40841.8,43951.6,28.18,26577.49,,,,,
3248,7/21/2026 4:33,70.8,7.18,6.09,70.6,40843.3,44137.8,28.3,26578.45,,,,,
3249,7/21/2026 4:48,70.45,7.3,6.19,70.25,40668,44142.6,28.3,26464.37,,,,,
3250,7/21/2026 5:03,70.1,7.35,6.22,69.93,40643.3,44296.5,28.4,26448.3,,,,,
3251,7/21/2026 5:18,69.9,7.29,6.17,69.73,40573.9,44335.7,28.42,26403.13,,,,,
3252,7/21/2026 5:33,69.77,7.33,6.21,69.61,40573.4,44402,28.46,26402.81,,,,,
3253,7/21/2026 5:48,69.71,7.26,6.14,69.55,40898.4,44791.4,28.74,26614.31,,,,,
3254,7/21/2026 6:03,69.7,6.87,5.82,69.55,40622.7,44489.6,28.52,26434.93,,,,,
3255,7/21/2026 6:18,69.74,6.06,5.12,69.61,40901.6,44761.2,28.72,26616.4,,,,,
3256,7/21/2026 6:33,69.99,6.48,5.49,69.95,40442.8,44066,28.23,26317.87,,,,,
3257,7/21/2026 6:48,70.26,6.75,5.68,70.24,42367.9,45997.2,29.62,27570.58,,,,,
3258,7/21/2026 7:03,70.61,6.51,5.52,70.53,40741.8,44066.9,28.25,26512.43,,,,,
3259,7/21/2026 7:18,70.79,6.34,5.39,70.68,40444.2,43662.1,27.97,26318.75,,,,,
3260,7/21/2026 7:33,70.94,6.18,5.24,70.83,40741.1,43899.5,28.14,26511.97,,,,,
3261,7/21/2026 7:48,71.05,6.06,5.16,70.94,40341.6,43410.4,27.8,26251.99,,,,,
3262,7/21/2026 8:03,71.19,5.85,4.98,71.06,40252.2,43247,27.68,26193.81,,,,,
3263,7/21/2026 8:18,71.31,5.65,4.81,71.19,40157.5,43078.6,27.57,26132.2,,,,,
3264,7/21/2026 8:33,71.45,5.46,4.66,71.32,39956.5,42790.9,27.37,26001.38,,,,,
3265,7/21/2026 8:48,71.54,5.31,4.52,71.47,40284.4,43064,27.57,26214.79,,,,,
3266,7/21/2026 9:03,71.76,5.08,4.33,71.65,40420.3,43110.9,27.6,26303.2,,,,,
3267,7/21/2026 9:18,71.87,4.94,4.21,71.75,40343.2,42973.9,27.51,26253,,,,,
3268,7/21/2026 9:33,71.89,5,4.26,71.76,40425.7,43056.1,27.57,26306.73,,,,,
3269,7/21/2026 9:48,72.01,4.71,4.01,71.96,40608.3,43146.7,27.64,26425.54,,,,,
3270,7/21/2026 10:03,72.16,4.49,3.83,72.06,40259.3,42718.9,27.34,26198.45,,,,,
3271,7/21/2026 10:18,72.3,4.31,3.67,72.22,40647.5,43047.6,27.58,26451.07,,,,,
3272,7/21/2026 10:33,72.5,4.24,3.61,72.42,40753.3,43056.4,27.59,26519.87,,,,,
3273,7/21/2026 10:48,72.67,4.03,3.44,72.58,40528.7,42731.2,27.36,26373.74,,,,,
3274,7/21/2026 11:03,72.83,4.13,3.52,72.74,40634.1,42760,27.39,26442.31,,,,,
3275,7/21/2026 11:18,72.93,3.88,3.31,72.86,40810.8,42880.8,27.48,26557.34,,,,,
3276,7/21/2026 11:33,73.08,3.88,3.31,73.03,40755,42734.5,27.38,26521.03,,,,,
3277,7/21/2026 11:48,73.25,3.75,3.21,73.2,40770.9,42663.9,27.33,26531.34,,,,,
3278,7/21/2026 12:03,73.44,3.45,2.95,73.36,40922.1,42734.8,27.38,26629.71,,,,,
3279,7/21/2026 12:18,73.64,3.45,2.95,73.61,41362,43063.9,27.63,26916.02,,,,,
3280,7/21/2026 12:33,73.78,3.33,2.84,73.72,41299.4,42945.2,27.54,26875.27,,,,,
3281,7/21/2026 12:48,73.8,3.63,3.1,73.65,41156.3,42832.8,27.46,26782.12,,,,,
3282,7/21/2026 13:03,73.67,3.37,2.87,73.54,41306.6,43042.9,27.61,26879.92,,,,,
3283,7/21/2026 13:18,73.72,3.37,2.88,73.58,41034.2,42739.4,27.39,26702.71,,,,,
3284,7/21/2026 13:33,73.85,3.87,3.31,73.73,40814.1,42434.9,27.18,26559.43,,,,,
3285,7/21/2026 13:48,73.77,4.32,3.69,73.63,41324.5,43016.3,27.59,26891.59,,,,,
3286,7/21/2026 14:03,73.68,4.71,4.02,73.48,41099.1,42860.5,27.48,26744.94,,,,,
3287,7/21/2026 14:18,73.53,4.78,4.08,73.33,41253.5,43097.8,27.64,26845.37,,,,,
3288,7/21/2026 14:33,73.41,5.02,4.28,73.27,40953.1,42817.9,27.44,26649.91,,,,,
3289,7/21/2026 14:48,73.48,5.49,4.68,73.41,40948.2,42736.8,27.39,26646.75,,,,,
3290,7/21/2026 15:03,73.54,6.19,5.28,73.35,41268,43104.5,27.65,26854.81,,,,,
3291,7/21/2026 15:18,73.21,7.15,6.1,73,41125.3,43137,27.66,26761.95,,,,,
3292,7/21/2026 15:33,72.89,7.46,6.35,72.68,41245.7,43432.4,27.86,26840.35,,,,,
3293,7/21/2026 15:48,72.52,7.79,6.64,72.33,40765.2,43112,27.63,26527.65,,,,,
3294,7/21/2026 16:03,72.23,8.13,6.91,72.04,41286.5,43820.5,28.12,26866.89,,,,,
3295,7/21/2026 16:18,71.91,8.51,7.21,71.72,41762.9,44504.2,28.6,27176.9,,,,,
3296,7/21/2026 16:33,71.74,8.94,7.55,71.56,42095.1,44945.3,28.91,27393.08,,,,,
3297,7/21/2026 16:48,71.61,9.06,7.67,71.45,41719.2,44606.7,28.67,27148.43,,,,,
3298,7/21/2026 17:03,71.44,9.2,7.78,71.25,41756,44757.2,28.77,27172.42,,,,,
3299,7/21/2026 17:18,71.2,9.28,7.8,71.02,43131.9,46369.1,29.92,28067.76,,,,,
3300,7/21/2026 17:33,71,9.29,7.88,70.83,40788,43953,28.18,26542.47,,,,,
3301,7/21/2026 17:48,70.81,9.22,7.78,70.65,41791.8,45135.3,29.02,27195.7,,,,,
3302,7/21/2026 18:03,70.71,9.03,7.63,70.56,41830.9,45226.5,29.08,27221.16,,,,,
3303,7/21/2026 18:18,70.59,8.8,7.43,70.4,41809,45294.9,29.13,27206.9,,,,,
3304,7/21/2026 18:33,70.41,8.73,7.37,70.26,41450.2,44985.5,28.9,26973.38,,,,,
3305,7/21/2026 18:48,70.39,8.27,6.98,70.26,41654.7,45210.5,29.06,27106.45,,,,,
3306,7/21/2026 19:03,70.57,7.81,6.6,70.56,41556.8,44933.2,28.87,27042.78,,,,,
3307,7/21/2026 19:18,70.82,8.85,7.48,70.72,41720,45018.2,28.94,27149,,,,,
3308,7/21/2026 19:33,71.15,8.55,7.24,71.05,41518.2,44616.3,28.66,27017.65,,,,,
3309,7/21/2026 19:48,71.32,8.2,6.95,71.21,41266,44255.7,28.41,26853.5,,,,,
3310,7/21/2026 20:03,71.45,7.99,6.77,71.34,41183.4,44096,28.3,26799.78,,,,,
3311,7/21/2026 20:18,71.64,7.63,6.48,71.53,40984.6,43780.1,28.08,26670.38,,,,,
3312,7/21/2026 20:33,71.79,7.28,6.19,71.66,40894.2,43610.5,27.96,26611.56,,,,,
3313,7/21/2026 20:48,71.93,7.05,5.98,71.82,41646.8,44327,28.48,27101.34,,,,,
3314,7/21/2026 21:03,72.1,6.75,5.75,72.03,40619.3,43120.9,27.62,26432.67,,,,,
3315,7/21/2026 21:18,72.29,6.53,5.56,72.17,40745.9,43177.6,27.67,26515.07,,,,,
3316,7/21/2026 21:33,72.42,6.16,5.25,72.31,40514.2,42857.9,27.44,26364.3,,,,,
3317,7/21/2026 21:48,72.58,5.87,5.02,72.48,40332.5,42577.9,27.25,26246.06,,,,,
3318,7/21/2026 22:03,72.64,5.45,4.67,72.53,39729.9,41916.7,26.78,25853.91,,,,,
3319,7/21/2026 22:18,72.54,4.93,4.22,72.45,39392.9,41602.6,26.56,25634.65,,,,,
3320,7/21/2026 22:33,72.37,4.79,4.11,72.23,38844.3,41132.4,26.22,25277.6,,,,,
3321,7/21/2026 22:48,72.43,4.22,3.61,72.31,40193.6,42518.8,27.2,26155.69,,,,,
3322,7/21/2026 23:03,72.51,3.98,3.41,72.38,39842.8,42111.3,26.91,25927.43,,,,,
3323,7/21/2026 23:18,72.59,3.98,3.41,72.46,39823.7,42049.2,26.87,25914.99,,,,,
3324,7/21/2026 23:33,72.6,3.98,3.41,72.46,39772.5,41997.9,26.84,25881.63,,,,,
3325,7/21/2026 23:48,72.55,3.53,3.02,72.42,39579.7,41816.6,26.71,25756.21,,,,,
3326,7/22/2026 0:03,72.5,3.36,2.88,72.35,39257,41508.6,26.49,25546.17,,,,,
3327,7/22/2026 0:18,72.46,3.1,2.66,72.32,39117.9,41375.4,26.39,25455.7,,,,,
3328,7/22/2026 0:33,72.4,2.96,2.54,72.25,38945.6,41231.5,26.29,25343.55,,,,,
3329,7/22/2026 0:48,72.35,2.83,2.43,72.2,38790.1,41091.4,26.19,25242.33,,,,,
3330,7/22/2026 1:03,72.31,2.67,2.3,72.18,38515.2,40808.3,25.99,25063.46,,,,,
3331,7/22/2026 1:18,72.38,2.31,1.99,72.27,39088.5,41371.7,26.39,25436.54,,,,,
3332,7/22/2026 1:33,72.48,2.54,2.19,72.32,38720.4,40954.9,26.09,25196.98,,,,,
3333,7/22/2026 1:48,72.52,2.3,1.98,72.4,38820.6,41022.7,26.14,25262.22,,,,,
3334,7/22/2026 2:03,72.52,2.33,2,72.38,39088.4,41316.7,26.35,25436.49,,,,,
3335,7/22/2026 2:18,72.45,2.99,2.56,72.32,39403.8,41677.7,26.61,25641.7,,,,,
3336,7/22/2026 2:33,72.44,3.1,2.67,72.29,38053.8,40265.9,25.61,24763.2,,,,,
3337,7/22/2026 2:48,72.41,3.67,3.13,72.27,40763.8,43144.8,27.65,26526.7,,,,,
3338,7/22/2026 3:03,72.37,3.88,3.32,72.23,39811,42156,26.94,25906.68,,,,,
3339,7/22/2026 3:18,72.31,4.03,3.45,72.18,39498.7,41850.4,26.72,25703.49,,,,,
3340,7/22/2026 3:33,72.23,4.27,3.67,72.07,38581.4,40935.8,26.07,25106.57,,,,,
3341,7/22/2026 3:48,72.15,4.48,3.84,72.03,39453.9,41883.8,26.74,25674.32,,,,,
3342,7/22/2026 4:03,71.98,5.43,4.64,71.78,39693.7,42268,27.01,25830.36,,,,,
3343,7/22/2026 4:18,71.7,5.95,5.1,71.5,39061.7,41740.1,26.63,25419.13,,,,,
3344,7/22/2026 4:33,71.46,6.25,5.35,71.28,39129.5,41927.8,26.75,25463.21,,,,,
3345,7/22/2026 4:48,71.27,6.58,5.63,71.08,39101.6,42002.3,26.8,25445.07,,,,,
3346,7/22/2026 5:03,71.08,6.77,5.78,70.9,39553.5,42585.3,27.21,25739.13,,,,,
3347,7/22/2026 5:18,70.92,6.85,5.82,70.75,40233,43396,27.78,26181.31,,,,,
3348,7/22/2026 5:33,70.74,6.88,5.86,70.56,39578.6,42794.2,27.35,25755.45,,,,,
3349,7/22/2026 5:48,70.48,7.05,6,70.28,40051.6,43458.8,27.81,26063.28,,,,,
3350,7/22/2026 6:03,70.26,6.98,5.92,70.09,40155.6,43675.5,27.96,26130.95,,,,,
3351,7/22/2026 6:18,70.15,6.91,5.85,70,41036.7,44685.6,28.68,26704.33,,,,,
3352,7/22/2026 6:33,70.04,6.87,5.81,69.88,41044,44763.7,28.73,26709.06,,,,,
3353,7/22/2026 6:48,69.99,6.45,5.4,69.85,42907.2,46811.7,30.19,27921.5,,,,,
3354,7/22/2026 7:03,70.06,5.97,5.05,69.95,40736.4,44385.8,28.46,26508.87,,,,,
3355,7/22/2026 7:18,70.06,6.02,5.09,69.95,40857.6,44521,28.56,26587.8,,,,,
3356,7/22/2026 7:33,70.63,6.48,5.51,70.66,40543.7,43781.4,28.05,26383.5,,,,,
3357,7/22/2026 7:48,70.97,6.22,5.28,70.95,40625.7,43710.2,28.01,26436.89,,,,,
3358,7/22/2026 8:03,71.19,6.09,5.18,71.09,40411.5,43403.5,27.8,26297.46,,,,,
3359,7/22/2026 8:18,71.24,5.89,5.01,71.21,40471,43400.2,27.8,26336.16,,,,,
3360,7/22/2026 8:33,71.53,5.76,4.91,71.47,40138.2,42907.7,27.45,26119.65,,,,,
3361,7/22/2026 8:48,71.15,5.47,4.65,71.22,40429.9,43353.3,27.76,26309.48,,,,,
3362,7/22/2026 9:03,71.83,5.38,4.59,71.77,40131.8,42737.4,27.34,26115.49,,,,,
3363,7/22/2026 9:18,71.99,5.31,4.53,71.99,40379.9,42884,27.45,26276.89,,,,,
3364,7/22/2026 9:33,72.25,5.12,4.37,72.08,40409.2,42869.3,27.45,26295.95,,,,,
3365,7/22/2026 9:48,72.02,4.81,4.1,71.96,40428.9,42953.2,27.5,26308.8,,,,,
3366,7/22/2026 10:03,72.72,4.84,4.14,72.66,40038.2,42174.9,26.97,26054.58,,,,,
3367,7/22/2026 10:18,72.89,4.55,3.89,72.78,39957.3,42025.6,26.86,26001.87,,,,,
3368,7/22/2026 10:33,72.87,4.52,3.87,72.75,39889.3,41967.9,26.82,25957.63,,,,,
3369,7/22/2026 10:48,73.08,4.46,3.81,72.99,40313.9,42294.3,27.06,26233.98,,,,,
3370,7/22/2026 11:03,73.29,4.29,3.68,73.2,39954.4,41809.5,26.72,26000.03,,,,,
3371,7/22/2026 11:18,73.43,4.1,3.51,73.36,39968.7,41741.9,26.68,26009.34,,,,,
3372,7/22/2026 11:33,73.68,3.92,3.36,73.65,40026.2,41654,26.62,26046.76,,,,,
3373,7/22/2026 11:48,74.06,3.71,3.18,74.03,40092.7,41529.8,26.54,26090.04,,,,,
3374,7/22/2026 12:03,74.43,3.87,3.32,74.41,40184.2,41434.9,26.49,26149.54,,,,,
3375,7/22/2026 12:18,74.87,3.69,3.17,74.79,40212.8,41276.2,26.38,26168.16,,,,,
3376,7/22/2026 12:33,75.18,3.59,3.09,75.16,40583.4,41473.7,26.53,26409.34,,,,,
3377,7/22/2026 12:48,75.77,3.77,3.24,75.75,40370.4,40967.1,26.18,26270.74,,,,,
3378,7/22/2026 13:03,76.25,3.83,3.3,76.18,40671.3,41066.4,26.26,26466.56,,,,,
3379,7/22/2026 13:18,76.43,3.73,3.21,76.54,40903.2,41124.1,26.31,26617.46,,,,,
3380,7/22/2026 13:33,76.26,3.32,2.87,76.09,40217.1,40649.4,25.96,26170.94,,,,,
3381,7/22/2026 13:48,76.03,3.05,2.63,75.84,40081.1,40629.2,25.95,26082.48,,,,,
3382,7/22/2026 14:03,76.09,3.51,3.03,76.15,40179.9,40580.6,25.92,26146.77,,,,,
3383,7/22/2026 14:18,76.4,3.89,3.34,76.37,40843.1,41145,26.32,26578.34,,,,,
3384,7/22/2026 14:33,76.57,4.61,3.96,76.51,41312.2,41548.5,26.61,26883.61,,,,,
3385,7/22/2026 14:48,76.48,4.47,3.84,76.24,41226.5,41597.7,26.64,26827.82,,,,,
3386,7/22/2026 15:03,76.03,4.99,4.3,75.88,40383.9,40920.3,26.15,26279.5,,,,,
3387,7/22/2026 15:18,75.83,5.18,4.45,75.65,40762.1,41415.2,26.5,26525.65,,,,,
3388,7/22/2026 15:33,75.87,5.61,4.81,75.73,41472.4,42096.3,26.99,26987.86,,,,,
3389,7/22/2026 15:48,75.84,6.16,5.29,75.68,41252.9,41897.7,26.84,26845.01,,,,,
3390,7/22/2026 16:03,75.53,6.9,5.9,75.38,41536.2,42337.8,27.15,27029.34,,,,,
3391,7/22/2026 16:18,75.35,7.35,6.25,75.18,43103.1,44037.3,28.36,28049.04,,,,,
3392,7/22/2026 16:33,75,7.63,6.52,74.77,41538.6,42648.2,27.36,27030.95,,,,,
3393,7/22/2026 16:48,74.35,7.81,6.65,74.14,42148.9,43605.5,28.03,27428.08,,,,,
3394,7/22/2026 17:03,73.94,8.07,6.87,73.73,41972.4,43639.2,28.04,27313.19,,,,,
3395,7/22/2026 17:18,73.65,8.27,7.03,73.5,42162,43954.5,28.26,27436.61,,,,,
3396,7/22/2026 17:33,73.63,8.61,7.32,73.48,42061.7,43861.5,28.19,27371.35,,,,,
3397,7/22/2026 17:48,73.58,8.8,7.48,73.46,42015.7,43827.8,28.17,27341.38,,,,,
3398,7/22/2026 18:03,73.52,9,7.65,73.36,42007.1,43870.7,28.2,27335.78,,,,,
3399,7/22/2026 18:18,73.39,9.03,7.66,73.25,42566.1,44516,28.65,27699.54,,,,,
3400,7/22/2026 18:33,73.35,8.75,7.43,73.19,42126.6,44085.5,28.34,27413.59,,,,,
3401,7/22/2026 18:48,73.31,8.76,7.44,73.14,42157.6,44144,28.39,27433.7,,,,,
3402,7/22/2026 19:03,73.17,8.97,7.61,73,42100.6,44162.9,28.39,27396.63,,,,,
3403,7/22/2026 19:18,72.99,8.64,7.32,72.84,42350.1,44509.9,28.64,27559,,,,,
3404,7/22/2026 19:33,72.98,7.82,6.63,72.86,42367.3,44519.1,28.65,27570.2,,,,,
3405,7/22/2026 19:48,73.45,8.47,7.18,73.36,42427.2,44309.5,28.51,27609.19,,,,,
3406,7/22/2026 20:03,73.64,8.31,7.06,73.58,42357.8,44118,28.38,27564,,,,,
3407,7/22/2026 20:18,73.82,7.89,6.71,73.73,42084.8,43756.1,28.12,27386.33,,,,,
3408,7/22/2026 20:33,73.98,7.68,6.54,73.88,42005.7,43591,28.01,27334.9,,,,,
3409,7/22/2026 20:48,74.21,7.36,6.26,74.14,42037,43489.7,27.94,27355.27,,,,,
3410,7/22/2026 21:03,74.39,7.01,5.98,74.29,41628.2,42988.2,27.59,27089.24,,,,,
3411,7/22/2026 21:18,74.49,6.89,5.88,74.38,41548.1,42858,27.5,27037.11,,,,,
3412,7/22/2026 21:33,74.6,6.62,5.65,74.49,41539.9,42793.8,27.46,27031.78,,,,,
3413,7/22/2026 21:48,74.67,6.37,5.45,74.58,41161.9,42360.3,27.15,26785.77,,,,,
3414,7/22/2026 22:03,74.77,6.17,5.28,74.67,41350.5,42504.6,27.25,26908.5,,,,,
3415,7/22/2026 22:18,74.88,5.9,5.05,74.76,41242.9,42347.3,27.14,26838.48,,,,,
3416,7/22/2026 22:33,74.95,5.39,4.62,74.84,40947.7,42006.1,26.9,26646.42,,,,,
3417,7/22/2026 22:48,74.98,5.08,4.35,74.88,41215.5,42258.8,27.08,26820.65,,,,,
3418,7/22/2026 23:03,74.92,4.36,3.74,74.85,40774.7,41825.8,26.77,26533.8,,,,,
3419,7/22/2026 23:18,74.78,4.06,3.48,74.66,40858.5,42007.1,26.9,26588.34,,,,,
3420,7/22/2026 23:33,74.86,3.76,3.22,74.75,40959.6,42064.7,26.94,26654.18,,,,,
3421,7/22/2026 23:48,74.91,3.55,3.07,74.81,39084.1,40107.3,25.55,25433.7,,,,,
3422,7/23/2026 0:03,74.94,3.51,3.01,74.8,41029.2,42108.8,26.97,26699.42,,,,,
3423,7/23/2026 0:18,74.91,2.7,2.31,74.79,40775.7,41854,26.79,26534.46,,,,,
3424,7/23/2026 0:33,74.9,2.21,1.9,74.79,40672.9,41751.2,26.72,26467.56,,,,,
3425,7/23/2026 0:48,74.91,2.05,1.76,74.79,40521.3,41592.9,26.61,26368.94,,,,,
3426,7/23/2026 1:03,74.9,1.85,1.59,74.78,40332,41404,26.47,26245.75,,,,,
3427,7/23/2026 1:18,74.85,1.87,1.61,74.73,40176.7,41268.6,26.37,26144.65,,,,,
3428,7/23/2026 1:33,74.86,1.74,1.5,74.74,40019.1,41104.1,26.26,26042.13,,,,,
3429,7/23/2026 1:48,74.87,1.78,1.54,74.77,39801.6,40864.8,26.09,25900.59,,,,,
3430,7/23/2026 2:03,74.86,1.86,1.61,74.75,39637.2,40706.5,25.98,25793.58,,,,,
3431,7/23/2026 2:18,74.9,1.82,1.57,74.78,39480.1,40532.1,25.85,25691.38,,,,,
3432,7/23/2026 2:33,74.89,1.63,1.4,74.74,39414.6,40480.6,25.82,25648.77,,,,,
3433,7/23/2026 2:48,74.85,1.67,1.44,74.72,39361.5,40439.2,25.79,25614.2,,,,,
3434,7/23/2026 3:03,74.95,1.74,1.5,74.84,39621.5,40645.6,25.94,25783.4,,,,,
3435,7/23/2026 3:18,74.64,2.21,1.9,74.42,39869,41104.6,26.25,25944.47,,,,,
3436,7/23/2026 3:33,74.44,2.48,2.13,74.32,39615.8,40896.7,26.1,25779.65,,,,,
3437,7/23/2026 3:48,74.28,2.68,2.31,74.12,39786.1,41171.7,26.29,25890.47,,,,,
3438,7/23/2026 4:03,74.05,3.05,2.62,73.93,39922.2,41404.5,26.45,25979.05,,,,,
3439,7/23/2026 4:18,73.94,3.17,2.72,73.8,39943.6,41494.5,26.51,25992.98,,,,,
3440,7/23/2026 4:33,73.74,3.36,2.88,73.58,39980.7,41642.2,26.61,26017.15,,,,,
3441,7/23/2026 4:48,73.52,3.82,3.28,73.36,39971.1,41744.4,26.68,26010.86,,,,,
3442,7/23/2026 5:03,73.31,4.17,3.58,73.12,39795.7,41681.8,26.63,25896.72,,,,,
3443,7/23/2026 5:18,73.01,5.03,4.31,72.83,39829,41865.7,26.75,25918.39,,,,,
3444,7/23/2026 5:33,72.7,5.49,4.7,72.52,40145.4,42357.9,27.09,26124.28,,,,,
3445,7/23/2026 5:48,72.52,5.76,4.92,72.33,40342,42667.3,27.31,26252.28,,,,,
3446,7/23/2026 6:03,72.29,5.9,5.03,72.12,40335.5,42768.4,27.37,26248.01,,,,,
3447,7/23/2026 6:18,72.09,6.2,5.28,71.93,40777.3,43340.8,27.78,26535.55,,,,,
3448,7/23/2026 6:33,71.89,6.46,5.49,71.69,40748.9,43438.1,27.84,26517.01,,,,,
3449,7/23/2026 6:48,71.63,6.54,5.56,71.43,40749.2,43581.3,27.93,26517.24,,,,,
3450,7/23/2026 7:03,71.37,6.66,5.66,71.19,40666.3,43624.4,27.96,26463.3,,,,,
3451,7/23/2026 7:18,71.21,6.45,5.48,71.03,40678.5,43722.8,28.02,26471.25,,,,,
3452,7/23/2026 7:33,71.1,6.2,5.26,70.95,40845,43946.1,28.18,26579.58,,,,,
3453,7/23/2026 7:48,71.03,6.05,5.13,70.88,40967.9,44117.1,28.3,26659.55,,,,,
3454,7/23/2026 8:03,70.96,6.1,5.18,70.85,40582.1,43716.3,28.01,26408.46,,,,,
3455,7/23/2026 8:18,71.55,6.26,5.33,71.49,40421,43198.3,27.66,26303.63,,,,,
3456,7/23/2026 8:33,71.34,6.03,5.13,71.25,40827.8,43762.2,28.06,26568.35,,,,,
3457,7/23/2026 8:48,71.56,5.89,5.03,71.63,40241.6,42931.8,27.48,26186.94,,,,,
3458,7/23/2026 9:03,72.02,5.98,5.1,71.92,40332.6,42871,27.44,26246.15,,,,,
3459,7/23/2026 9:18,71.83,5.71,4.86,71.73,40633.7,43295.1,27.74,26442.09,,,,,
3460,7/23/2026 9:33,72.22,5.54,4.72,72.1,40528.4,42984.3,27.53,26373.54,,,,,
3461,7/23/2026 9:48,72.19,5.38,4.59,72.13,40375.6,42808.1,27.4,26274.12,,,,,
3462,7/23/2026 10:03,72.36,5.4,4.61,72.31,40425.8,42767.2,27.38,26306.77,,,,,
3463,7/23/2026 10:18,72.83,5.38,4.6,72.77,40240.5,42331.9,27.08,26186.21,,,,,
3464,7/23/2026 10:33,72.98,5.32,4.54,72.89,40380.4,42411.7,27.14,26277.24,,,,,
3465,7/23/2026 10:48,73.24,5.15,4.41,73.19,40073,41936.3,26.81,26077.17,,,,,
3466,7/23/2026 11:03,73.45,5.26,4.5,73.39,40142.9,41910,26.8,26122.66,,,,,
3467,7/23/2026 11:18,73.59,4.94,4.23,73.54,40437.4,42137.2,26.96,26314.35,,,,,
3468,7/23/2026 11:33,73.92,4.94,4.22,73.87,40799.4,42344.8,27.12,26549.91,,,,,
3469,7/23/2026 11:48,74.17,4.73,4.05,74.14,40606.5,42007.1,26.89,26424.39,,,,,
3470,7/23/2026 12:03,74.47,4.67,3.99,74.44,41254.8,42525,27.26,26846.23,,,,,
3471,7/23/2026 12:18,74.82,4.6,3.95,74.78,40668.4,41749.3,26.72,26464.62,,,,,
3472,7/23/2026 12:33,75.15,4.53,3.88,75.12,40812.7,41726.9,26.71,26558.56,,,,,
3473,7/23/2026 12:48,75.47,4.42,3.8,75.45,40894.1,41648.4,26.66,26611.52,,,,,
3474,7/23/2026 13:03,75.88,4.24,3.65,75.87,40919.4,41465.6,26.54,26627.98,,,,,
3475,7/23/2026 13:18,76.35,4.26,3.66,76.3,40931.4,41268.3,26.41,26635.8,,,,,
3476,7/23/2026 13:33,76.81,4.37,3.76,76.83,41253,41333.2,26.47,26845.1,,,,,
3477,7/23/2026 13:48,77.28,4.5,3.87,77.36,41402.1,41227.8,26.4,26942.09,,,,,
3478,7/23/2026 14:03,77.94,5.25,4.52,77.97,41726.5,41257.7,26.43,27153.23,,,,,
3479,7/23/2026 14:18,78.15,4.79,4.14,78.25,41408.1,40811.5,26.12,26946.03,,,,,
3480,7/23/2026 14:33,78.25,4.76,4.1,78.05,41682.9,41178.1,26.38,27124.81,,,,,
3481,7/23/2026 14:48,76.96,3.93,3.39,76.73,40830.5,40959.4,26.2,26570.15,,,,,
3482,7/23/2026 15:03,77.12,4.31,3.71,77.07,40837,40804.6,26.09,26574.38,,,,,
3483,7/23/2026 15:18,76.93,4.73,4.07,76.76,41438.9,41556.5,26.62,26966.03,,,,,
3484,7/23/2026 15:33,77.04,4.9,4.22,76.85,41046.8,41118.7,26.31,26710.86,,,,,
3485,7/23/2026 15:48,76.65,5.28,4.53,76.45,41605.6,41875.6,26.84,27074.5,,,,,
3486,7/23/2026 16:03,76.55,5.64,4.84,76.43,41696.7,41975.4,26.92,27133.79,,,,,
3487,7/23/2026 16:18,76.42,5.96,5.11,76.28,41749.4,42103.8,27,27168.11,,,,,
3488,7/23/2026 16:33,76.4,6.56,5.64,76.23,41321.6,41696.4,26.71,26889.73,,,,,
3489,7/23/2026 16:48,76.18,6.94,5.95,75.94,41708.3,42232.4,27.09,27141.33,,,,,
3490,7/23/2026 17:03,75.81,7.5,6.42,75.64,41564.6,42233.3,27.08,27047.87,,,,,
3491,7/23/2026 17:18,75.61,7.99,6.83,75.44,41827.3,42604.3,27.34,27218.8,,,,,
3492,7/23/2026 17:33,75.23,8.4,7.17,75.02,42093.7,43089.5,27.68,27392.18,,,,,
3493,7/23/2026 17:48,74.88,8.56,7.3,74.69,42146,43311.2,27.83,27426.21,,,,,
3494,7/23/2026 18:03,74.51,8.91,7.58,74.32,42249.3,43612.6,28.04,27493.4,,,,,
3495,7/23/2026 18:18,74.3,9.52,8.09,74.14,42481.9,43947.1,28.27,27644.78,,,,,
3496,7/23/2026 18:33,74.22,9.86,8.39,74.07,42353.9,43851.9,28.2,27561.49,,,,,
3497,7/23/2026 18:48,74.13,10.03,8.52,73.99,42610.6,44161,28.42,27728.53,,,,,
3498,7/23/2026 19:03,74.06,10.17,8.64,73.92,42361.8,43943.3,28.26,27566.63,,,,,
3499,7/23/2026 19:18,73.94,10.26,8.71,73.79,42563.3,44221.8,28.46,27697.75,,,,,
3500,7/23/2026 19:33,73.77,10.19,8.65,73.62,42578.3,44324.4,28.53,27707.5,,,,,
3501,7/23/2026 19:48,73.71,9.93,8.42,73.56,42570.6,44348.4,28.54,27702.51,,,,,
3502,7/23/2026 20:03,73.69,9.03,7.67,73.56,42443.5,44218.9,28.45,27619.77,,,,,
3503,7/23/2026 20:18,73.65,8.81,7.47,73.53,42656.6,44458.4,28.62,27758.47,,,,,
3504,7/23/2026 20:33,73.8,8.55,7.26,73.74,42416.4,44092.2,28.36,27602.12,,,,,
3505,7/23/2026 20:48,73.89,9.31,7.91,73.75,42203.6,43868.2,28.2,27463.7,,,,,
3506,7/23/2026 21:03,73.83,9.26,7.86,73.68,42431.6,44139.8,28.4,27612.02,,,,,
3507,7/23/2026 21:18,73.86,8.99,7.64,73.74,42242.9,43914.7,28.24,27489.23,,,,,
3508,7/23/2026 21:33,73.92,8.61,7.33,73.83,42062.1,43678.2,28.07,27371.6,,,,,
3509,7/23/2026 21:48,74.08,8.26,7.03,73.97,41983.3,43522.2,27.96,27320.28,,,,,
3510,7/23/2026 22:03,74.2,7.92,6.75,74.1,41873.1,43337.1,27.83,27248.58,,,,,
3511,7/23/2026 22:18,74.33,7.58,6.47,74.22,41816.4,43216.4,27.75,27211.72,,,,,
3512,7/23/2026 22:33,74.44,7.33,6.26,74.32,41697.1,43045.3,27.63,27134.05,,,,,
3513,7/23/2026 22:48,74.49,7.02,5.99,74.39,41606.4,42915.3,27.54,27075.02,,,,,
3514,7/23/2026 23:03,74.58,6.7,5.72,74.48,41507.8,42766.3,27.44,27010.9,,,,,
3515,7/23/2026 23:18,74.66,6.42,5.49,74.55,41463.8,42684.8,27.38,26982.23,,,,,
3516,7/23/2026 23:33,74.7,6.16,5.26,74.57,41387.4,42595.2,27.32,26932.53,,,,,
3517,7/23/2026 23:48,74.66,5.88,5.03,74.54,41218.5,42437.9,27.2,26822.63,,,,,
3518,7/24/2026 0:03,74.54,5.49,4.7,74.42,41176.9,42453,27.21,26795.54,,,,,
3519,7/24/2026 0:18,74.62,5.17,4.42,74.51,41128.5,42359,27.15,26764.05,,,,,
3520,7/24/2026 0:33,74.66,4.94,4.23,74.58,41109,42305.9,27.11,26751.39,,,,,
3521,7/24/2026 0:48,74.67,4.34,3.71,74.55,40976.1,42182.8,27.02,26664.88,,,,,
3522,7/24/2026 1:03,74.64,3.87,3.31,74.5,40993.9,42225.8,27.05,26676.46,,,,,
3523,7/24/2026 1:18,74.62,3.21,2.75,74.49,40854.9,42088.1,26.95,26586.02,,,,,
3524,7/24/2026 1:33,74.57,3.2,2.74,74.46,40695.2,41937.2,26.84,26482.06,,,,,
3525,7/24/2026 1:48,74.55,3.25,2.79,74.41,40557.6,41822.6,26.76,26392.53,,,,,
3526,7/24/2026 2:03,74.52,3.08,2.64,74.39,40446.1,41718.5,26.69,26319.98,,,,,
3527,7/24/2026 2:18,74.44,2.85,2.45,74.29,40267.7,41580.6,26.59,26203.92,,,,,
3528,7/24/2026 2:33,74.53,2.77,2.38,74.41,40103.2,41354.1,26.43,26096.87,,,,,
3529,7/24/2026 2:48,74.45,2.68,2.3,74.33,39927.1,41212.7,26.33,25982.27,,,,,
3530,7/24/2026 3:03,74.44,2.55,2.2,74.32,39752.1,41034.8,26.2,25868.38,,,,,
3531,7/24/2026 3:18,74.37,2.49,2.14,74.24,39692.4,41013.3,26.18,25829.54,,,,,
3532,7/24/2026 3:33,74.33,2.53,2.18,74.18,39588.5,40935.3,26.13,25761.93,,,,,
3533,7/24/2026 3:48,74.32,2.44,2.1,74.17,39632.9,40983.8,26.16,25790.77,,,,,
3534,7/24/2026 4:03,74.36,2.59,2.23,74.27,39619.8,40924.9,26.12,25782.3,,,,,
3535,7/24/2026 4:18,74.11,2.72,2.34,73.93,39873.2,41353.7,26.42,25947.17,,,,,
3536,7/24/2026 4:33,73.98,3.17,2.72,73.82,40042.8,41586.7,26.58,26057.55,,,,,
3537,7/24/2026 4:48,73.76,3.29,2.82,73.58,40042.8,41706.8,26.66,26057.55,,,,,
3538,7/24/2026 5:03,73.54,3.7,3.17,73.39,40114.1,41880,26.78,26103.97,,,,,
3539,7/24/2026 5:18,73.4,3.86,3.31,73.26,40175.5,42010.4,26.87,26143.91,,,,,
3540,7/24/2026 5:33,73.31,4.05,3.47,73.23,40263,42115.7,26.94,26200.82,,,,,
3541,7/24/2026 5:48,73.19,4.47,3.83,73.04,40101.5,42043.7,26.88,26095.71,,,,,
3542,7/24/2026 6:03,73.06,4.65,3.98,72.92,40153,42161.6,26.96,26129.23,,,,,
3543,7/24/2026 6:18,72.86,5.56,4.76,72.72,40230.8,42344.1,27.09,26179.91,,,,,
3544,7/24/2026 6:33,72.68,6.06,5.18,72.5,40308.9,42541.7,27.22,26230.69,,,,,
3545,7/24/2026 6:48,72.47,6.39,5.45,72.32,40561.1,42904.6,27.48,26394.81,,,,,
3546,7/24/2026 7:03,72.33,6.64,5.65,72.18,40843.1,43277.7,27.74,26578.32,,,,,
3547,7/24/2026 7:18,72.18,6.93,5.9,72.02,40948,43475.7,27.88,26646.6,,,,,
3548,7/24/2026 7:33,72.02,7.15,6.07,71.86,41073,43692.9,28.03,26727.92,,,,,
3549,7/24/2026 7:48,71.82,7.37,6.26,71.64,41104.4,43846.4,28.13,26748.37,,,,,
3550,7/24/2026 8:03,71.61,7.41,6.29,71.44,41156.1,44010.5,28.24,26782,,,,,
3551,7/24/2026 8:18,71.45,7.31,6.2,71.3,41183.6,44119.9,28.31,26799.88,,,,,
3552,7/24/2026 8:33,71.37,7.21,6.12,71.21,41128.8,44105.7,28.3,26764.26,,,,,
3553,7/24/2026 8:48,71.28,7.29,6.18,71.16,41169.8,44182.3,28.35,26790.93,,,,,
3554,7/24/2026 9:03,71.33,6.49,5.51,71.23,41181.8,44153.6,28.34,26798.76,,,,,
3555,7/24/2026 9:18,71.38,6.71,5.69,71.23,41201.8,44175,28.35,26811.76,,,,,
3556,7/24/2026 9:33,71.57,7.05,5.98,71.47,41222,44063.3,28.28,26824.91,,,,,
3557,7/24/2026 9:48,71.74,6.91,5.86,71.61,41208.9,43975.5,28.22,26816.38,,,,,
3558,7/24/2026 10:03,71.89,6.81,5.78,71.8,41274.6,43942.6,28.2,26859.13,,,,,
3559,7/24/2026 10:18,71.93,6.79,5.77,71.84,41285.2,43927.5,28.19,26866.02,,,,,
3560,7/24/2026 10:33,72.31,6.69,5.69,72.4,41238.8,43578.1,27.96,26835.83,,,,,
3561,7/24/2026 10:48,72.57,6.73,5.73,72.77,41271.7,43416.7,27.85,26857.24,,,,,
3562,7/24/2026 11:03,72.87,6.6,5.62,72.98,41329.3,43362.4,27.82,26894.7,,,,,
3563,7/24/2026 11:18,72.73,6.49,5.53,72.76,41268.3,43415.9,27.85,26855,,,,,
3564,7/24/2026 11:33,73.27,6.54,5.58,73.39,41322.4,43138.6,27.67,26890.2,,,,,
3565,7/24/2026 11:48,73.61,6.86,5.85,73.67,41300.3,42968.6,27.56,26875.84,,,,,
3566,7/24/2026 12:03,74.01,6.44,5.5,73.94,41268.4,42795.1,27.44,26855.07,,,,,
3567,7/24/2026 12:18,74.46,6.43,5.49,74.48,41435.9,42689.4,27.38,26964.08,,,,,
3568,7/24/2026 12:33,75.3,6.98,5.97,75.38,41666.3,42470.4,27.25,27114,,,,,
3569,7/24/2026 12:48,75.68,6.38,5.46,75.62,41821,42504.8,27.28,27214.71,,,,,
3570,7/24/2026 13:03,75.81,6.03,5.16,75.88,41827.5,42383.1,27.19,27218.95,,,,,
3571,7/24/2026 13:18,76.23,5.8,4.97,76.34,42079.8,42407.1,27.22,27383.12,,,,,
3572,7/24/2026 13:33,76.52,5.48,4.7,76.52,41951.8,42186.4,27.07,27299.81,,,,,
3573,7/24/2026 13:48,76.85,5.26,4.51,76.79,42135.2,42238.6,27.11,27419.14,,,,,
3574,7/24/2026 14:03,77.24,4.94,4.24,77.24,42254.9,42138.4,27.05,27497.04,,,,,
3575,7/24/2026 14:18,77.69,5.37,4.61,77.71,42410.7,42064,27,27598.41,,,,,
3576,7/24/2026 14:33,78.13,5.29,4.54,78.19,42512.1,41928.6,26.92,27664.44,,,,,
3577,7/24/2026 14:48,78.39,5.09,4.37,78.34,42500.9,41846.4,26.86,27657.14,,,,,
3578,7/24/2026 15:03,78.25,4.67,4.01,78.29,42542.9,41911.5,26.91,27684.46,,,,,
3579,7/24/2026 15:18,78.03,5.11,4.39,77.93,42057.9,41606.3,26.68,27368.85,,,,,
3580,7/24/2026 15:33,77.59,4.59,3.94,77.41,41889.9,41689.8,26.73,27259.56,,,,,
3581,7/24/2026 15:48,77.62,4.86,4.17,77.57,42072.4,41794.6,26.81,27378.31,,,,,
3582,7/24/2026 16:03,78.08,5.76,4.95,78.01,42585.6,42088.5,27.03,27712.23,,,,,
3583,7/24/2026 16:18,77.85,5.83,5,77.72,42462,42106.9,27.04,27631.83,,,,,
3584,7/24/2026 16:33,77.72,6.13,5.26,77.52,42493.7,42237.1,27.12,27652.44,,,,,
3585,7/24/2026 16:48,77.35,6.61,5.66,77.2,42416.6,42318.4,27.18,27602.24,,,,,
3586,7/24/2026 17:03,77.26,6.94,5.95,77.13,42496,42430,27.25,27653.95,,,,,
3587,7/24/2026 17:18,77.07,7.35,6.3,76.9,42482.1,42529.5,27.32,27644.93,,,,,
3588,7/24/2026 17:33,76.99,7.82,6.7,76.86,42487.8,42556.8,27.34,27648.59,,,,,
3589,7/24/2026 17:48,76.97,8.07,6.91,76.81,42387.2,42483.1,27.29,27583.16,,,,,
3590,7/24/2026 18:03,76.63,8.59,7.35,76.43,42385.2,42668.5,27.41,27581.86,,,,,
3591,7/24/2026 18:18,76.2,9.11,7.78,76.01,42573.2,43072.3,27.69,27704.2,,,,,
3592,7/24/2026 18:33,75.81,9.31,7.94,75.61,42606.1,43308.3,27.85,27725.6,,,,,
3593,7/24/2026 18:48,75.47,9.7,8.26,75.3,42815.5,43681.3,28.11,27861.87,,,,,
3594,7/24/2026 19:03,75.1,10.06,8.55,74.92,42889.9,43958.5,28.3,27910.25,,,,,
3595,7/24/2026 19:18,74.89,10.48,8.91,74.74,43015.8,44182.1,28.46,27992.21,,,,,
3596,7/24/2026 19:33,74.74,10.58,8.98,74.58,43142.9,44396.1,28.6,28074.91,,,,,
3597,7/24/2026 19:48,74.57,10.56,8.96,74.41,43203,44550.5,28.71,28114,,,,,
3598,7/24/2026 20:03,74.42,10.53,8.93,74.26,43139.9,44563.9,28.72,28072.98,,,,,
3599,7/24/2026 20:18,74.24,10.47,8.88,74.08,43099.9,44621.4,28.75,28046.94,,,,,
3600,7/24/2026 20:33,74.14,10.37,8.79,74.01,43089.1,44648.1,28.77,28039.89,,,,,
3601,7/24/2026 20:48,74.08,9.89,8.38,73.95,43114.5,44706.6,28.81,28056.43,,,,,
3602,7/24/2026 21:03,74.06,9.78,8.29,73.93,43042.3,44640.5,28.76,28009.45,,,,,
3603,7/24/2026 21:18,74.09,8.92,7.56,73.99,43116.3,44685,28.8,28057.6,,,,,
3604,7/24/2026 21:33,74.32,9.31,7.9,74.24,43037.8,44470,28.65,28006.52,,,,,
3605,7/24/2026 21:48,74.37,9.51,8.07,74.24,42860.2,44286.5,28.52,27890.97,,,,,
3606,7/24/2026 22:03,74.46,9.2,7.82,74.37,42633.8,43983.7,28.3,27743.61,,,,,
3607,7/24/2026 22:18,74.57,8.93,7.59,74.48,42618.1,43910.3,28.25,27733.41,,,,,
3608,7/24/2026 22:33,74.71,8.73,7.43,74.62,42502,43716.7,28.12,27657.86,,,,,
3609,7/24/2026 22:48,74.85,8.52,7.25,74.76,42473.3,43610.6,28.05,27639.14,,,,,
3610,7/24/2026 23:03,75,8.23,7.01,74.91,42390.1,43452,27.94,27585.06,,,,,
3611,7/24/2026 23:18,75.12,8.05,6.86,75.01,42238,43240,27.79,27486.04,,,,,
3612,7/24/2026 23:33,75.22,7.77,6.63,75.1,42126.5,43081.3,27.68,27413.53,,,,,
3613,7/24/2026 23:48,75.28,7.54,6.44,75.16,42140.5,43064.9,27.67,27422.64,,,,,
3614,7/25/2026 0:03,75.31,7.27,6.21,75.2,42098.3,43002.3,27.62,27395.12,,,,,
3615,7/25/2026 0:18,75.34,6.9,5.89,75.25,42002.1,42879.1,27.53,27332.52,,,,,
3616,7/25/2026 0:33,75.41,6.77,5.79,75.31,42087,42935.2,27.58,27387.76,,,,,
3617,7/25/2026 0:48,75.24,6.2,5.31,75.19,41239.1,42127.4,27,26836.04,,,,,
3618,7/25/2026 1:03,75.17,5.9,5.05,75.05,41385,42347.5,27.15,26930.97,,,,,
3619,7/25/2026 1:18,75.23,5.78,4.95,75.12,41040.4,41962.4,26.88,26706.75,,,,,
3620,7/25/2026 1:33,75.24,5.52,4.73,75.11,41219,42147.7,27.01,26822.94,,,,,
3621,7/25/2026 1:48,75.22,4.94,4.24,75.07,40985.8,41928.2,26.85,26671.18,,,,,
3622,7/25/2026 2:03,75.17,4.14,3.55,75.06,41240.2,42196.7,27.04,26836.75,,,,,
3623,7/25/2026 2:18,75.15,3.86,3.31,75.01,41009.3,41984.9,26.89,26686.5,,,,,
3624,7/25/2026 2:33,75.09,3.56,3.05,74.99,41237.2,42229.1,27.06,26834.8,,,,,
3625,7/25/2026 2:48,74.97,3.3,2.82,74.84,41156.4,42220.1,27.05,26782.18,,,,,
3626,7/25/2026 3:03,74.97,3.14,2.69,74.85,41037.9,42095.8,26.97,26705.08,,,,,
3627,7/25/2026 3:18,74.94,2.86,2.46,74.81,40174.1,41228.5,26.35,26143.02,,,,,
3628,7/25/2026 3:33,74.9,2.63,2.26,74.76,40631.4,41719.4,26.7,26440.57,,,,,
3629,7/25/2026 3:48,74.83,2.65,2.28,74.67,39759.8,40872.3,26.09,25873.41,,,,,
3630,7/25/2026 4:03,74.82,2.59,2.23,74.7,39970.2,41072.5,26.24,26010.27,,,,,
3631,7/25/2026 4:18,74.78,2.56,2.21,74.63,39058.4,40169.4,25.59,25416.95,,,,,
3632,7/25/2026 4:33,74.72,2.83,2.43,74.62,39834.6,40970.5,26.16,25922.09,,,,,
3633,7/25/2026 4:48,74.76,2.8,2.4,74.66,40530.4,41669.8,26.66,26374.87,,,,,
3634,7/25/2026 5:03,74.7,2.78,2.38,74.52,40527.5,41737.2,26.7,26372.93,,,,,
3635,7/25/2026 5:18,74.49,3.46,2.97,74.32,40741.5,42058.8,26.93,26512.2,,,,,
3636,7/25/2026 5:33,74.42,3.58,3.06,74.24,40711.8,42063.8,26.93,26492.89,,,,,
3637,7/25/2026 5:48,74.11,3.87,3.31,73.95,40695.9,42198.6,27.02,26482.55,,,,,
3638,7/25/2026 6:03,74.05,4.12,3.53,73.91,40732.6,42256,27.06,26506.4,,,,,
3639,7/25/2026 6:18,74,4.19,3.59,73.83,40742.5,42307.9,27.09,26512.89,,,,,
3640,7/25/2026 6:33,73.93,4.53,3.87,73.8,40717.4,42298.3,27.08,26496.5,,,,,
3641,7/25/2026 6:48,73.81,4.92,4.21,73.67,40496.5,42135.1,26.97,26352.76,,,,,
3642,7/25/2026 7:03,73.68,5.32,4.56,73.52,40392.2,42103.9,26.94,26284.94,,,,,
3643,7/25/2026 7:18,73.49,6.25,5.34,73.34,40529.8,42339.1,27.1,26374.46,,,,,
3644,7/25/2026 7:33,73.32,6.71,5.73,73.16,40622.1,42527.8,27.23,26434.55,,,,,
3645,7/25/2026 7:48,73.18,7,5.97,73.04,40837.4,42815.2,27.43,26574.62,,,,,
3646,7/25/2026 8:03,73.09,7.39,6.3,72.94,41080.5,43124.1,27.65,26732.79,,,,,
3647,7/25/2026 8:18,72.99,7.69,6.55,72.82,41216.6,43329.9,27.79,26821.35,,,,,
3648,7/25/2026 8:33,72.78,7.81,6.65,72.6,41257.6,43488.1,27.9,26848.05,,,,,
3649,7/25/2026 8:48,72.57,7.93,6.75,72.4,41305.8,43648.9,28.01,26879.44,,,,,
3650,7/25/2026 9:03,72.43,7.94,6.74,72.25,41430.8,43862.6,28.16,26960.8,,,,,
3651,7/25/2026 9:18,72.27,7.98,6.78,72.12,41365,43860,28.15,26917.96,,,,,
3652,7/25/2026 9:33,72.21,7.62,6.48,72.08,41361.5,43882.6,28.17,26915.7,,,,,
3653,7/25/2026 9:48,72.15,7.79,6.61,72.04,41409.6,43954,28.22,26946.95,,,,,
3654,7/25/2026 10:03,72.19,7.13,6.06,72.09,41408.6,43923.8,28.2,26946.34,,,,,
3655,7/25/2026 10:18,72.38,6.78,5.76,72.25,41418.3,43846.4,28.15,26952.64,,,,,
3656,7/25/2026 10:33,72.48,7.18,6.1,72.34,41484,43869.2,28.17,26995.4,,,,,
3657,7/25/2026 10:48,72.74,7.49,6.37,72.79,41427.8,43569.3,27.96,26958.79,,,,,
3658,7/25/2026 11:03,72.93,7.19,6.11,72.79,41503.9,43646.5,28.02,27008.35,,,,,
3659,7/25/2026 11:18,72.98,7.19,6.12,72.84,41458.5,43572.8,27.97,26978.8,,,,,
3660,7/25/2026 11:33,73.15,7.28,6.2,73.2,41461.5,43386.6,27.85,26980.75,,,,,
3661,7/25/2026 11:48,73.28,7.24,6.16,73.18,41492.5,43427.6,27.87,27000.93,,,,,
3662,7/25/2026 12:03,73.43,7.32,6.24,73.4,41495.7,43313.9,27.8,27003.04,,,,,
3663,7/25/2026 12:18,73.93,7.33,6.26,74.48,41535.3,42794.6,27.46,27028.77,,,,,
3664,7/25/2026 12:33,74.34,7.64,6.52,74.35,41558.9,42883.1,27.52,27044.15,,,,,
3665,7/25/2026 12:48,74.42,7.75,6.62,74.62,41608,42797.1,27.46,27076.09,,,,,
3666,7/25/2026 13:03,75.36,7.88,6.74,75.3,41804.8,42650.1,27.37,27204.13,,,,,
3667,7/25/2026 13:18,75.62,7.27,6.22,75.59,41884.3,42585.5,27.33,27255.86,,,,,
3668,7/25/2026 13:33,76.15,7.44,6.37,76.25,41905.1,42274.3,27.12,27269.43,,,,,
3669,7/25/2026 13:48,76.7,7.79,6.67,76.8,42204.9,42305.8,27.16,27464.48,,,,,
3670,7/25/2026 14:03,76.98,7.18,6.15,77,42335.9,42334.6,27.18,27549.75,,,,,
3671,7/25/2026 14:18,77.24,6.94,5.95,77.19,42395.6,42300.2,27.16,27588.61,,,,,
3672,7/25/2026 14:33,77.4,6.91,5.93,77.38,42431.7,42245,27.13,27612.13,,,,,
3673,7/25/2026 14:48,77.7,6.89,5.91,77.67,42579.5,42250.2,27.14,27708.31,,,,,
3674,7/25/2026 15:03,77.9,6.25,5.36,77.87,42624.9,42196.4,27.1,27737.81,,,,,
3675,7/25/2026 15:18,78.16,6.59,5.66,78.17,42696.5,42123.8,27.06,27784.45,,,,,
3676,7/25/2026 15:33,78.58,6.48,5.56,78.57,42950.8,42180.6,27.1,27949.92,,,,,
3677,7/25/2026 15:48,78.7,6.31,5.41,78.66,42929.7,42115,27.06,27936.18,,,,,
3678,7/25/2026 16:03,78.6,6.11,5.25,78.35,42636,41974.2,26.95,27745.06,,,,,
3679,7/25/2026 16:18,78.2,6.03,5.18,78.08,42516.1,41985.3,26.96,27666.99,,,,,
3680,7/25/2026 16:33,78.02,5.76,4.95,77.89,42425.2,41988.2,26.95,27607.87,,,,,
3681,7/25/2026 16:48,78.05,6.03,5.17,77.96,42486,42013.9,26.97,27647.47,,,,,
3682,7/25/2026 17:03,78.09,6.88,5.9,77.9,42616.2,42174.6,27.09,27732.16,,,,,
3683,7/25/2026 17:18,77.85,6.95,5.96,77.73,42559,42197.8,27.1,27694.92,,,,,
3684,7/25/2026 17:33,77.68,7.21,6.18,77.5,42564,42317.7,27.18,27698.17,,,,,
3685,7/25/2026 17:48,77.31,7.83,6.71,77.16,42537.6,42460.7,27.28,27681,,,,,
3686,7/25/2026 18:03,77.17,8.07,6.91,77.07,42505.9,42472.2,27.28,27660.37,,,,,
3687,7/25/2026 18:18,77.04,8.41,7.2,76.87,42539.3,42605.7,27.37,27682.09,,,,,
3688,7/25/2026 18:33,76.92,8.8,7.53,76.76,42431.1,42551.5,27.33,27611.69,,,,,
3689,7/25/2026 18:48,76.66,9.01,7.72,76.45,42259.1,42530.7,27.31,27499.79,,,,,
3690,7/25/2026 19:03,76.21,9.3,7.94,76.01,42406,42900.4,27.57,27595.39,,,,,
3691,7/25/2026 19:18,75.9,9.48,8.09,75.71,42501,43151.4,27.74,27657.19,,,,,
3692,7/25/2026 19:33,75.57,9.65,8.23,75.38,42631.6,43454.4,27.95,27742.16,,,,,
3693,7/25/2026 19:48,75.22,9.83,8.37,75.03,42708.5,43713.2,28.13,27792.23,,,,,
3694,7/25/2026 20:03,74.87,9.95,8.46,74.7,42739,43917.6,28.26,27812.05,,,,,
3695,7/25/2026 20:18,74.64,10.19,8.66,74.47,42801.2,44104.7,28.39,27852.54,,,,,
3696,7/25/2026 20:33,74.47,10.25,8.7,74.32,42760.7,44143.3,28.42,27826.18,,,,,
3697,7/25/2026 20:48,74.33,10.18,8.65,74.16,42809.7,44277.5,28.51,27858.06,,,,,
3698,7/25/2026 21:03,74.17,10.1,8.57,74.02,42719,44256,28.49,27799.09,,,,,
3699,7/25/2026 21:18,74.06,9.98,8.47,73.93,42696.3,44284.5,28.51,27784.28,,,,,
3700,7/25/2026 21:33,73.98,9.72,8.24,73.85,42895.4,44531.8,28.68,27913.86,,,,,
3701,7/25/2026 21:48,73.93,9.5,8.06,73.79,42751.4,44417.2,28.6,27820.15,,,,,
3702,7/25/2026 22:03,73.85,9.31,7.89,73.73,42824.1,44521.8,28.67,27867.42,,,,,
3703,7/25/2026 22:18,73.9,8.53,7.23,73.81,42871,44529.8,28.68,27897.97,,,,,
3704,7/25/2026 22:33,74.11,9.18,7.79,73.98,42710.6,44270.4,28.5,27793.61,,,,,
3705,7/25/2026 22:48,74.09,9.31,7.91,73.97,42438.3,43993.9,28.3,27616.37,,,,,
3706,7/25/2026 23:03,74.2,9.19,7.82,74.09,42266.1,43752.5,28.13,27504.36,,,,,
3707,7/25/2026 23:18,74.33,8.97,7.64,74.24,42209.2,43613.8,28.04,27467.34,,,,,
3708,7/25/2026 23:33,74.49,8.74,7.44,74.38,42173.1,43502.7,27.96,27443.81,,,,,
3709,7/25/2026 23:48,74.59,8.47,7.22,74.48,42162.3,43440.7,27.92,27436.81,,,,,
3710,7/26/2026 0:03,74.7,8.29,7.07,74.59,41902.8,43117.2,27.69,27267.91,,,,,
3711,7/26/2026 0:18,74.74,8.03,6.85,74.62,41948.3,43147.1,27.71,27297.5,,,,,
3712,7/26/2026 0:33,74.81,7.86,6.71,74.67,41809.1,42976.1,27.59,27206.95,,,,,
3713,7/26/2026 0:48,74.87,7.64,6.53,74.75,41671.9,42796.1,27.46,27117.65,,,,,
3714,7/26/2026 1:03,74.89,7.2,6.15,74.78,41619.4,42725.7,27.41,27083.53,,,,,
3715,7/26/2026 1:18,74.93,7.2,6.15,74.83,41599,42679.7,27.38,27070.23,,,,,
3716,7/26/2026 1:33,74.94,7.04,6.02,74.83,41578.1,42658.3,27.37,27056.62,,,,,
3717,7/26/2026 1:48,74.78,6.72,5.74,74.63,41402.5,42580.2,27.31,26942.37,,,,,
3718,7/26/2026 2:03,74.7,6.41,5.48,74.57,41360.1,42567.1,27.3,26914.79,,,,,
3719,7/26/2026 2:18,74.68,5.98,5.11,74.55,41346.8,42561.7,27.29,26906.12,,,,,
3720,7/26/2026 2:33,74.61,5.85,5,74.48,41269.2,42520.5,27.26,26855.63,,,,,
3721,7/26/2026 2:48,74.53,5.19,4.44,74.36,41129.4,42437.2,27.2,26764.67,,,,,
3722,7/26/2026 3:03,74.41,4.88,4.18,74.27,41084.7,42438,27.2,26735.55,,,,,
3723,7/26/2026 3:18,74.36,4.51,3.86,74.2,41000.5,42384.2,27.16,26680.78,,,,,
3724,7/26/2026 3:33,74.19,4.35,3.72,74.04,40792.5,42249.1,27.06,26545.41,,,,,
3725,7/26/2026 3:48,74.02,4.06,3.48,73.88,40405.4,41933,26.83,26293.48,,,,,
3726,7/26/2026 4:03,73.83,3.61,3.09,73.68,40632.4,42271,27.06,26441.21,,,,,
3727,7/26/2026 4:18,73.69,3.42,2.93,73.52,40325.4,42034.3,26.89,26241.47,,,,,
3728,7/26/2026 4:33,73.56,3.34,2.86,73.42,40274.2,42027.9,26.88,26208.16,,,,,
3729,7/26/2026 4:48,73.43,3.15,2.7,73.28,40141.9,41964.2,26.83,26122.03,,,,,
3730,7/26/2026 5:03,73.34,2.96,2.53,73.21,40023.5,41876.3,26.77,26045,,,,,
3731,7/26/2026 5:18,73.23,3.1,2.65,73.08,39883.1,41795.4,26.71,25953.62,,,,,
3732,7/26/2026 5:33,73.2,3.15,2.7,73.1,39937.3,41841.2,26.74,25988.87,,,,,
3733,7/26/2026 5:48,73.37,3.37,2.89,73.2,39943.3,41795.2,26.71,25992.82,,,,,
3734,7/26/2026 6:03,73.11,3.65,3.13,72.98,40004.3,41972.2,26.83,26032.47,,,,,
3735,7/26/2026 6:18,73.13,3.96,3.39,73.04,40087.7,42029.2,26.87,26086.76,,,,,
3736,7/26/2026 6:33,72.99,4.18,3.58,72.82,40223.5,42283.2,27.05,26175.15,,,,,
3737,7/26/2026 6:48,73,4.5,3.85,72.86,40197.3,42238.9,27.02,26158.11,,,,,
3738,7/26/2026 7:03,72.99,4.68,4.01,72.85,40275.2,42323.6,27.08,26208.77,,,,,
3739,7/26/2026 7:18,72.97,4.89,4.19,72.85,40311,42361.2,27.1,26232.05,,,,,
3740,7/26/2026 7:33,73.01,5.16,4.41,72.9,40185,42203.7,26.99,26150.11,,,,,
3741,7/26/2026 7:48,73.05,5.47,4.68,72.93,40194.4,42196.8,26.99,26156.18,,,,,
3742,7/26/2026 8:03,73.05,6.33,5.42,72.91,40336.6,42357.3,27.1,26248.74,,,,,
3743,7/26/2026 8:18,72.98,6.68,5.71,72.84,40500.2,42568.4,27.25,26355.2,,,,,
3744,7/26/2026 8:33,72.93,7.06,6.03,72.8,40830,42934.9,27.51,26569.79,,,,,
3745,7/26/2026 8:48,72.9,7.33,6.25,72.78,40997.5,43122.5,27.65,26678.82,,,,,
3746,7/26/2026 9:03,72.86,7.56,6.44,72.72,41246.2,43412.8,27.85,26840.62,,,,,
3747,7/26/2026 9:18,72.7,7.81,6.64,72.55,41376.1,43641.9,28.01,26925.15,,,,,
3748,7/26/2026 9:33,72.53,7.97,6.77,72.36,41477.3,43850.5,28.15,26991.04,,,,,
3749,7/26/2026 9:48,72.35,8.1,6.88,72.21,41523,43980.6,28.24,27020.8,,,,,
3750,7/26/2026 10:03,72.27,7.99,6.78,72.13,41512.3,44013.3,28.26,27013.84,,,,,
3751,7/26/2026 10:18,72.21,7.8,6.62,72.1,41620.1,44145.1,28.36,27083.93,,,,,
3752,7/26/2026 10:33,72.19,7.64,6.48,72.09,41588.3,44114.4,28.33,27063.29,,,,,
3753,7/26/2026 10:48,72.25,7.04,5.98,72.15,41490.5,43978.3,28.24,26999.61,,,,,
3754,7/26/2026 11:03,72.6,7.8,6.63,72.56,41558.9,43831.9,28.15,27044.14,,,,,
3755,7/26/2026 11:18,72.77,7.72,6.57,72.79,41519.6,43665.9,28.03,27018.56,,,,,
3756,7/26/2026 11:33,73.03,7.44,6.32,73.08,41680.3,43675.9,28.05,27123.13,,,,,
3757,7/26/2026 11:48,73.19,7.36,6.26,73.11,41522.6,43499.2,27.92,27020.51,,,,,
3758,7/26/2026 12:03,73.05,7.21,6.13,72.95,41487.8,43546,27.95,26997.88,,,,,
3759,7/26/2026 12:18,73.05,7.34,6.24,72.97,41521.9,43570.2,27.97,27020.03,,,,,
3760,7/26/2026 12:33,73.84,7.76,6.62,73.94,41488.4,43023.2,27.61,26998.26,,,,,
3761,7/26/2026 12:48,73.94,7.73,6.6,74.12,41471.5,42913.1,27.53,26987.28,,,,,
3762,7/26/2026 13:03,74.21,7.92,6.76,74.38,41486.7,42794.7,27.45,26997.15,,,,,
3763,7/26/2026 13:18,74.6,7.85,6.72,74.76,41367,42474.8,27.23,26919.28,,,,,
3764,7/26/2026 13:33,75.06,8.14,6.96,75.1,41552.7,42494.4,27.26,27040.1,,,,,
3765,7/26/2026 13:48,75.51,8.12,6.95,75.46,41631.6,42391.4,27.19,27091.46,,,,,
3766,7/26/2026 14:03,75.79,7.56,6.47,75.75,41608.2,42225.9,27.08,27076.2,,,,,
3767,7/26/2026 14:18,76.05,7.61,6.52,75.96,41732.2,42245.8,27.1,27156.88,,,,,
3768,7/26/2026 14:33,76.18,7.39,6.32,76.06,42267.1,42735.2,27.45,27504.99,,,,,
3769,7/26/2026 14:48,76.19,7.46,6.38,76.08,42162.2,42620.9,27.37,27436.71,,,,,
3770,7/26/2026 15:03,76.28,7.36,6.3,76.21,42390.4,42783,27.49,27585.21,,,,,
3771,7/26/2026 15:18,76.34,7.13,6.1,76.25,42385.8,42759.2,27.47,27582.23,,,,,
3772,7/26/2026 15:33,76.37,6.81,5.83,76.3,42185.4,42532.6,27.31,27451.81,,,,,
3773,7/26/2026 15:48,76.48,6.25,5.35,76.41,42291.9,42585.5,27.35,27521.13,,,,,
3774,7/26/2026 16:03,76.6,6.13,5.25,76.55,42430.5,42656.8,27.4,27611.3,,,,,
3775,7/26/2026 16:18,76.69,6.05,5.18,76.62,42448.5,42639.6,27.39,27623.05,,,,,
3776,7/26/2026 16:33,76.82,6.2,5.31,76.73,42458.4,42592.4,27.36,27629.47,,,,,
3777,7/26/2026 16:48,76.8,6.44,5.51,76.61,42280.8,42473.9,27.28,27513.92,,,,,
3778,7/26/2026 17:03,76.73,6.71,5.74,76.63,42298.8,42483.8,27.28,27525.6,,,,,
3779,7/26/2026 17:18,76.67,6.51,5.57,76.55,42131.2,42353.3,27.19,27416.58,,,,,
3780,7/26/2026 17:33,76.71,6.36,5.45,76.54,42208.9,42436.8,27.25,27467.09,,,,,
3781,7/26/2026 17:48,76.84,6.79,5.81,76.77,42407.5,42522.4,27.31,27596.36,,,,,
3782,7/26/2026 18:03,76.74,7.18,6.15,76.58,42449.5,42656.9,27.41,27623.7,,,,,
3783,7/26/2026 18:18,76.62,7.34,6.28,76.47,42418,42682.4,27.42,27603.16,,,,,
3784,7/26/2026 18:33,76.51,7.83,6.69,76.36,42553.1,42873.1,27.56,27691.07,,,,,
3785,7/26/2026 18:48,76.35,8.24,7.04,76.21,42439,42832.1,27.52,27616.84,,,,,
3786,7/26/2026 19:03,76.21,8.48,7.25,76.05,42412.7,42887.9,27.56,27599.73,,,,,
3787,7/26/2026 19:18,76.07,8.74,7.47,75.91,42383.8,42930.2,27.59,27580.94,,,,,
3788,7/26/2026 19:33,75.82,8.94,7.63,75.65,42317.6,42992.8,27.63,27537.83,,,,,
3789,7/26/2026 19:48,75.51,9.18,7.83,75.31,42417.6,43269.8,27.82,27602.93,,,,,
3790,7/26/2026 20:03,75.15,9.26,7.94,74.96,41015.5,42015.7,26.91,26690.5,,,,,
3791,7/26/2026 20:18,74.84,9.37,7.97,74.65,42710.7,43917.1,28.26,27793.65,,,,,
3792,7/26/2026 20:33,74.55,9.44,8.02,74.38,42721,44067.9,28.36,27800.35,,,,,
3793,7/26/2026 20:48,74.33,9.52,8.08,74.16,42734.6,44197,28.45,27809.2,,,,,
3794,7/26/2026 21:03,74.17,9.57,8.12,74.01,42986.1,44541.4,28.69,27972.88,,,,,
3795,7/26/2026 21:18,74.03,9.75,8.26,73.88,43079.5,44705.3,28.81,28033.63,,,,,
3796,7/26/2026 21:33,73.88,9.71,8.22,73.73,43194.9,44910.3,28.95,28108.75,,,,,
3797,7/26/2026 21:48,73.73,9.8,8.29,73.56,43204,45008.2,29.02,28114.66,,,,,
3798,7/26/2026 22:03,73.61,9.64,8.16,73.47,43021.8,44871.4,28.92,27996.12,,,,,
3799,7/26/2026 22:18,73.45,9.79,8.28,73.28,43215.2,45174.1,29.13,28121.98,,,,,
3800,7/26/2026 22:33,73.3,9.58,8.1,73.14,43074.7,45107.3,29.08,28030.54,,,,,
3801,7/26/2026 22:48,73.22,9.38,7.93,73.08,43157.3,45226.6,29.16,28084.27,,,,,
3802,7/26/2026 23:03,73.2,8.64,7.31,73.08,42991.7,45050.1,29.03,27976.53,,,,,
3803,7/26/2026 23:18,73.49,9.2,7.79,73.39,42973.9,44865.7,28.91,27964.95,,,,,
3804,7/26/2026 23:33,73.51,9.2,7.79,73.4,42806.1,44684.6,28.78,27855.74,,,,,
3805,7/26/2026 23:48,73.56,8.96,7.59,73.45,42788.1,44636.4,28.75,27844,,,,,
3806,7/27/2026 0:03,73.67,8.72,7.39,73.57,42695.9,44476,28.64,27784.02,,,,,
3807,7/27/2026 0:18,73.77,8.53,7.23,73.65,42670.3,44405.6,28.59,27767.34,,,,,
3808,7/27/2026 0:33,73.82,8.28,7.03,73.71,42539.6,44237.7,28.47,27682.31,,,,,
3809,7/27/2026 0:48,73.87,7.96,6.76,73.72,42355.2,44043,28.33,27562.31,,,,,
3810,7/27/2026 1:03,73.9,7.91,6.72,73.78,42275.4,43925.5,28.25,27510.37,,,,,
3811,7/27/2026 1:18,73.94,7.67,6.52,73.81,42094.7,43723.5,28.1,27392.81,,,,,
3812,7/27/2026 1:33,73.98,7.51,6.41,73.87,41619.1,43195.5,27.73,27083.32,,,,,
3813,7/27/2026 1:48,74,7.29,6.21,73.87,41679.3,43260.8,27.77,27122.46,,,,,
3814,7/27/2026 2:03,74,7.1,6.06,73.87,41438.3,43007.9,27.59,26965.68,,,,,
3815,7/27/2026 2:18,73.94,6.79,5.79,73.81,41335.8,42932.4,27.54,26898.96,,,,,
3816,7/27/2026 2:33,73.85,6.7,5.72,73.72,41237.4,42877.9,27.5,26834.89,,,,,
3817,7/27/2026 2:48,73.69,6.39,5.45,73.54,41162.6,42895.6,27.5,26786.22,,,,,
3818,7/27/2026 3:03,73.57,5.94,5.07,73.42,41081.2,42870,27.48,26733.28,,,,,
3819,7/27/2026 3:18,73.43,5.78,4.93,73.28,40983.6,42844.1,27.46,26669.77,,,,,
3820,7/27/2026 3:33,73.31,5.53,4.72,73.16,40896.5,42812.2,27.43,26613.09,,,,,
3821,7/27/2026 3:48,73.21,5.24,4.47,73.05,40813.1,42784.1,27.41,26558.81,,,,,
3822,7/27/2026 4:03,73.07,5.02,4.28,72.93,40760,42793.4,27.41,26524.24,,,,,
3823,7/27/2026 4:18,72.87,4.82,4.12,72.69,40628.8,42779.9,27.4,26438.85,,,,,
3824,7/27/2026 4:33,72.62,4.07,3.47,72.44,40498.1,42772.6,27.39,26353.83,,,,,
3825,7/27/2026 4:48,72.34,3.76,3.21,72.18,40325.8,42729.6,27.35,26241.69,,,,,
3826,7/27/2026 5:03,72.18,3.8,3.24,71.99,40235.7,42730.8,27.34,26183.04,,,,,
3827,7/27/2026 5:18,71.91,3.56,3.04,71.72,40078.7,42712.2,27.32,26080.88,,,,,
3828,7/27/2026 5:33,71.7,3.44,2.93,71.53,39833.9,42548.1,27.2,25921.58,,,,,
3829,7/27/2026 5:48,71.53,3.29,2.81,71.35,39843.8,42655.9,27.27,25928.04,,,,,
3830,7/27/2026 6:03,71.54,3.64,3.11,71.46,39849.8,42602.2,27.24,25931.92,,,,,
3831,7/27/2026 6:18,71.63,3.52,3,71.48,39780.1,42519.2,27.18,25886.61,,,,,
3832,7/27/2026 6:33,71.57,3.5,2.99,71.45,39824.3,42583.6,27.22,25915.38,,,,,
3833,7/27/2026 6:48,71.49,3.84,3.28,71.4,39986.1,42782.4,27.36,26020.67,,,,,
3834,7/27/2026 7:03,71.78,4.07,3.47,71.63,40120.8,42803,27.38,26108.33,,,,,
3835,7/27/2026 7:18,71.8,4.21,3.59,71.65,40175.7,42850,27.42,26144,,,,,
3836,7/27/2026 7:33,71.9,4.7,4.01,71.8,40497,43114.7,27.61,26353.1,,,,,
3837,7/27/2026 7:48,72.03,4.94,4.21,71.98,40630.7,43156.1,27.65,26440.14,,,,,
3838,7/27/2026 8:03,72.13,5.15,4.39,72.01,40584.6,43092.8,27.6,26410.12,,,,,
3839,7/27/2026 8:18,72.27,5.54,4.72,72.17,40473.6,42889.1,27.46,26337.87,,,,,
3840,7/27/2026 8:33,72.41,5.76,4.91,72.32,40603.9,42947,27.51,26422.66,,,,,
3841,7/27/2026 8:48,72.56,6.33,5.39,72.45,40745.5,43031,27.57,26514.81,,,,,
3842,7/27/2026 9:03,72.56,6.83,5.81,72.42,40975.6,43288.4,27.75,26664.56,,,,,
3843,7/27/2026 9:18,72.56,7.13,6.07,72.45,41219.9,43532,27.93,26823.51,,,,,
3844,7/27/2026 9:33,72.59,7.33,6.23,72.45,41435.5,43756.8,28.09,26963.8,,,,,
3845,7/27/2026 9:48,72.56,7.72,6.56,72.42,41673.1,44025.3,28.28,27118.42,,,,,
3846,7/27/2026 10:03,72.48,7.78,6.6,72.33,41759.3,44166.3,28.38,27174.57,,,,,
3847,7/27/2026 10:18,72.39,8.12,6.89,72.24,41830,44291,28.46,27220.52,,,,,
3848,7/27/2026 10:33,72.31,7.93,6.72,72.16,41887.5,44393.3,28.54,27257.98,,,,,
3849,7/27/2026 10:48,72.23,7.88,6.68,72.08,41881.8,44431.6,28.56,27254.24,,,,,
3850,7/27/2026 11:03,72.15,7.88,6.68,72.01,41967,44563.6,28.65,27309.69,,,,,
3851,7/27/2026 11:18,72.07,7.72,6.54,71.96,41828.9,44440.6,28.56,27219.82,,,,,
3852,7/27/2026 11:33,72.11,7.3,6.18,72.02,41890.4,44473.3,28.59,27259.87,,,,,
3853,7/27/2026 11:48,72.26,6.72,5.69,72.2,41872,44356.1,28.51,27247.85,,,,,
3854,7/27/2026 12:03,72.67,7.97,6.76,72.73,41970.6,44169.5,28.39,27312.07,,,,,
3855,7/27/2026 12:18,73.52,8.43,7.17,73.54,42208.7,43982.9,28.28,27466.96,,,,,
3856,7/27/2026 12:33,73.76,7.99,6.79,73.72,42161.9,43842,28.18,27436.51,,,,,
3857,7/27/2026 12:48,73.35,7.64,6.49,73.29,42099.2,44004.6,28.29,27395.71,,,,,
3858,7/27/2026 13:03,73.38,7.39,6.28,73.31,41998.8,43888.1,28.21,27330.41,,,,,
3859,7/27/2026 13:18,73.48,7.58,6.45,73.48,41985.8,43782.3,28.14,27321.93,,,,,
3860,7/27/2026 13:33,73.59,7.5,6.38,73.54,42027.2,43796.7,28.15,27348.87,,,,,
3861,7/27/2026 13:48,74.05,7.8,6.64,74.36,42053.8,43391,27.88,27366.22,,,,,
3862,7/27/2026 14:03,75.01,8.37,7.14,75.02,42147.6,43141.8,27.72,27427.2,,,,,
3863,7/27/2026 14:18,75.07,8.23,7.03,75.07,42014.5,42980.6,27.6,27340.64,,,,,
3864,7/27/2026 14:33,75.26,8.09,6.91,75.28,42143.7,43004.2,27.62,27424.69,,,,,
3865,7/27/2026 14:48,75.6,8.31,7.1,75.56,42236.6,42960.3,27.6,27485.12,,,,,
3866,7/27/2026 15:03,75.91,8.26,7.05,75.81,42466,43063.2,27.68,27634.4,,,,,
3867,7/27/2026 15:18,76,8.11,6.93,75.91,42466,43013.4,27.65,27634.4,,,,,
3868,7/27/2026 15:33,76.14,7.75,6.62,76.07,42479.1,42944,27.6,27642.95,,,,,
3869,7/27/2026 15:48,76.16,7.49,6.4,76.07,42450.5,42917.9,27.58,27624.35,,,,,
3870,7/27/2026 16:03,76.16,7.34,6.27,76.09,42423.3,42879.4,27.55,27606.63,,,,,
3871,7/27/2026 16:18,76.12,6.75,5.77,76.03,42377.8,42863.6,27.54,27577,,,,,
3872,7/27/2026 16:33,76.2,6.57,5.62,76.1,42333.4,42780.2,27.48,27548.1,,,,,
3873,7/27/2026 16:48,76.21,6.52,5.57,76.1,42362.1,42809.3,27.5,27566.81,,,,,
3874,7/27/2026 17:03,76.25,6.4,5.47,76.15,42293.6,42715.4,27.44,27522.23,,,,,
3875,7/27/2026 17:18,76.29,6.32,5.41,76.16,42308.2,42724.7,27.44,27531.76,,,,,
3876,7/27/2026 17:33,76.34,6.25,5.35,76.21,42329.8,42721.9,27.44,27545.76,,,,,
3877,7/27/2026 17:48,76.08,6.63,5.67,75.91,42144.9,42688.2,27.41,27425.44,,,,,
3878,7/27/2026 18:03,76.02,6.64,5.68,75.89,42100.1,42653.8,27.39,27396.3,,,,,
3879,7/27/2026 18:18,76.04,6.49,5.55,75.91,42109.3,42652.2,27.39,27402.28,,,,,
3880,7/27/2026 18:33,75.96,6.6,5.65,75.84,42025.5,42600.2,27.35,27347.79,,,,,
3881,7/27/2026 18:48,75.95,6.95,5.94,75.79,42221.9,42824,27.51,27475.61,,,,,
3882,7/27/2026 19:03,75.89,6.96,5.95,75.75,42136.3,42759.1,27.46,27419.85,,,,,
3883,7/27/2026 19:18,75.79,7.54,6.44,75.64,42221.3,42903.3,27.56,27475.21,,,,,
3884,7/27/2026 19:33,75.68,7.58,6.47,75.56,42293,43017.7,27.64,27521.84,,,,,
3885,7/27/2026 19:48,75.64,7.73,6.6,75.5,42230.3,42984.4,27.62,27481.07,,,,,
3886,7/27/2026 20:03,75.51,8.27,7.07,75.35,41907.3,42729.9,27.43,27270.88,,,,,
3887,7/27/2026 20:18,75.25,8.33,7.07,75.08,43436.4,44429.5,28.64,28265.93,,,,,
3888,7/27/2026 20:33,74.95,8.57,7.3,74.76,42353.5,43490.4,27.96,27561.19,,,,,
3889,7/27/2026 20:48,74.61,8.73,7.4,74.43,43365,44703.1,28.82,28219.45,,,,,
3890,7/27/2026 21:03,74.36,8.81,7.48,74.19,42774,44226.2,28.47,27834.83,,,,,
3891,7/27/2026 21:18,74.09,8.93,7.58,73.92,42853.7,44453.6,28.63,27886.73,,,,,
3892,7/27/2026 21:33,73.84,9.09,7.7,73.68,43077,44814.1,28.88,28032.02,,,,,
3893,7/27/2026 21:48,73.69,9.22,7.81,73.55,42977.9,44781.5,28.85,27967.52,,,,,
3894,7/27/2026 22:03,73.56,9.27,7.85,73.41,42984.5,44865,28.91,27971.85,,,,,
3895,7/27/2026 22:18,73.44,9.34,7.9,73.29,43061.3,45010.3,29.01,28021.83,,,,,
3896,7/27/2026 22:33,73.33,9.22,7.8,73.19,43175.2,45185.7,29.13,28095.9,,,,,
3897,7/27/2026 22:48,73.17,9.44,7.98,73.02,43151.6,45250.4,29.18,28080.54,,,,,
3898,7/27/2026 23:03,73.04,9.23,7.81,72.87,42848.2,45015.5,29,27883.14,,,,,
3899,7/27/2026 23:18,72.89,9.12,7.71,72.73,42902.4,45153,29.1,27918.42,,,,,
3900,7/27/2026 23:33,72.75,8.98,7.59,72.6,42851.1,45170.8,29.11,27885.04,,,,,
3901,7/27/2026 23:48,72.69,8.78,7.42,72.57,42828.7,45162.1,29.1,27870.43,,,,,
3902,7/28/2026 0:03,72.89,8.63,7.3,72.84,42679.8,44856.4,28.89,27773.56,,,,,
3903,7/28/2026 0:18,73.07,8.91,7.55,72.95,42661.9,44775.4,28.83,27761.91,,,,,
3904,7/28/2026 0:33,73.22,8.84,7.48,73.12,42931.2,44969,28.98,27937.18,,,,,
3905,7/28/2026 0:48,73.32,8.47,7.17,73.2,42875.5,44863.2,28.9,27900.89,,,,,
3906,7/28/2026 1:03,73.42,8.16,6.92,73.31,42628.4,44545.9,28.68,27740.08,,,,,
3907,7/28/2026 1:18,73.52,7.94,6.73,73.43,42440.3,44285.3,28.49,27617.71,,,,,
3908,7/28/2026 1:33,73.6,7.66,6.5,73.47,42344.3,44164.8,28.41,27555.2,,,,,
3909,7/28/2026 1:48,73.64,7.41,6.31,73.49,41804.5,43587.5,28,27203.98,,,,,
3910,7/28/2026 2:03,73.64,7.17,6.09,73.52,41978.5,43757.5,28.12,27317.21,,,,,
3911,7/28/2026 2:18,73.71,6.97,5.93,73.59,42029.3,43773,28.13,27350.24,,,,,
3912,7/28/2026 2:33,73.76,6.76,5.76,73.62,41902.2,43620.6,28.02,27267.56,,,,,
3913,7/28/2026 2:48,73.78,6.44,5.48,73.65,41792.9,43492.6,27.93,27196.43,,,,,
3914,7/28/2026 3:03,73.77,6.29,5.36,73.66,41692,43384.7,27.86,27130.72,,,,,
3915,7/28/2026 3:18,73.7,5.84,4.97,73.56,41754.4,43498.1,27.93,27171.34,,,,,
3916,7/28/2026 3:33,73.52,5.82,4.95,73.37,41560.9,43399.1,27.86,27045.46,,,,,
3917,7/28/2026 3:48,73.39,5.31,4.52,73.27,41513.1,43400.6,27.86,27014.35,,,,,
3918,7/28/2026 4:03,73.35,5.05,4.3,73.21,41368.6,43283.6,27.77,26920.31,,,,,
3919,7/28/2026 4:18,73.29,4.51,3.84,73.15,41468.6,43419.8,27.87,26985.39,,,,,
3920,7/28/2026 4:33,73.16,4.82,4.11,73.01,41181.1,43189.9,27.7,26798.29,,,,,
3921,7/28/2026 4:48,73.04,4.49,3.83,72.85,41055.5,43143.6,27.66,26716.56,,,,,
3922,7/28/2026 5:03,72.9,4.3,3.66,72.73,41080.1,43232.2,27.72,26732.55,,,,,
3923,7/28/2026 5:18,72.77,4.04,3.44,72.62,40998.2,43206.1,27.7,26679.24,,,,,
3924,7/28/2026 5:33,72.59,3.96,3.37,72.46,40908.1,43197,27.69,26620.6,,,,,
3925,7/28/2026 5:48,72.49,3.72,3.16,72.36,40897.9,43240.9,27.72,26614.03,,,,,
3926,7/28/2026 6:03,72.36,3.29,2.81,72.21,40712.6,43122.3,27.63,26493.42,,,,,
3927,7/28/2026 6:18,72.26,3.06,2.61,72.12,40647.4,43101.9,27.61,26450.95,,,,,
3928,7/28/2026 6:33,72.2,2.69,2.29,72.04,40644.4,43139,27.64,26449.03,,,,,
3929,7/28/2026 6:48,72.18,3.03,2.58,72.03,40520.1,43012.8,27.55,26368.17,,,,,
3930,7/28/2026 7:03,72.06,3.31,2.82,71.91,40498,43052.5,27.57,26353.77,,,,,
3931,7/28/2026 7:18,72.02,3.18,2.71,71.9,40488.7,43048.3,27.57,26347.68,,,,,
3932,7/28/2026 7:33,72.19,3.52,3,72.08,40677.8,43154.3,27.65,26470.79,,,,,
3933,7/28/2026 7:48,72.4,3.68,3.14,72.27,40816.3,43200.4,27.69,26560.9,,,,,
3934,7/28/2026 8:03,72.48,3.96,3.38,72.39,40862.8,43183.6,27.68,26591.17,,,,,
3935,7/28/2026 8:18,72.64,4.16,3.54,72.5,40815,43078.7,27.61,26560.08,,,,,
3936,7/28/2026 8:33,72.68,4.36,3.71,72.56,41090.7,43338.1,27.79,26739.45,,,,,
3937,7/28/2026 8:48,72.77,4.57,3.9,72.66,41135.1,43330.3,27.79,26768.35,,,,,
3938,7/28/2026 9:03,72.93,5.05,4.31,72.86,41002.7,43085.2,27.62,26682.22,,,,,
3939,7/28/2026 9:18,73.05,5.68,4.84,72.94,41100.9,43145.6,27.67,26746.08,,,,,
3940,7/28/2026 9:33,73.08,6.17,5.26,72.95,41270.6,43315.2,27.79,26856.54,,,,,
3941,7/28/2026 9:48,73.06,6.6,5.61,72.92,41620.8,43700,28.06,27084.41,,,,,
3942,7/28/2026 10:03,73.02,6.87,5.84,72.88,41871.6,43986.6,28.27,27247.64,,,,,
3943,7/28/2026 10:18,73,7.1,6.03,72.85,41923.1,44058.2,28.32,27281.15,,,,,
3944,7/28/2026 10:33,72.91,7.44,6.31,72.77,42061.2,44244.3,28.45,27371.03,,,,,
3945,7/28/2026 10:48,72.81,7.59,6.44,72.68,42153.2,44388,28.55,27430.89,,,,,
3946,7/28/2026 11:03,72.85,7.78,6.59,72.71,42266.2,44492.3,28.62,27504.38,,,,,
3947,7/28/2026 11:18,72.87,7.6,6.44,72.75,42420,44633.5,28.72,27604.46,,,,,
3948,7/28/2026 11:33,72.86,7.6,6.43,72.73,42387.8,44611.4,28.71,27583.54,,,,,
3949,7/28/2026 11:48,72.83,7.46,6.32,72.71,42255.9,44484.4,28.62,27497.7,,,,,
3950,7/28/2026 12:03,72.8,7.08,5.99,72.69,42542.4,44794.9,28.84,27684.15,,,,,
3951,7/28/2026 12:18,72.82,6.46,5.47,72.74,42547,44770.1,28.82,27687.12,,,,,
3952,7/28/2026 12:33,73.11,7.27,6.16,73.02,42600.5,44672.5,28.76,27721.93,,,,,
3953,7/28/2026 12:48,73.43,7.62,6.46,73.43,42676.3,44528.7,28.67,27771.29,,,,,
3954,7/28/2026 13:03,73.75,7.71,6.54,73.78,42755,44423.9,28.6,27822.49,,,,,
3955,7/28/2026 13:18,74.19,7.64,6.48,74.21,42924.5,44367.4,28.57,27932.8,,,,,
3956,7/28/2026 13:33,74.51,7.64,6.49,74.45,42764.2,44075.2,28.37,27828.49,,,,,
3957,7/28/2026 13:48,74.71,7.62,6.47,74.65,42891,44099.6,28.39,27910.97,,,,,
3958,7/28/2026 14:03,75,7.7,6.55,74.98,42960.3,43999.4,28.33,27956.1,,,,,
3959,7/28/2026 14:18,75.15,7.69,6.55,75.04,42825.5,43830.1,28.21,27868.36,,,,,
3960,7/28/2026 14:33,75.19,7.64,6.5,75.11,42771.6,43738.1,28.15,27833.26,,,,,
3961,7/28/2026 14:48,75.41,7.71,6.57,75.36,42623.4,43454.5,27.95,27736.86,,,,,
3962,7/28/2026 15:03,75.54,7.38,6.29,75.38,42565.3,43386.8,27.9,27699.04,,,,,
3963,7/28/2026 15:18,75.65,7.19,6.13,75.55,42673,43409.8,27.92,27769.13,,,,,
3964,7/28/2026 15:33,75.96,7.26,6.19,75.9,42871.5,43427,27.94,27898.28,,,,,
3965,7/28/2026 15:48,76.15,7.14,6.09,76.04,42874.4,43360.4,27.9,27900.2,,,,,
3966,7/28/2026 16:03,76.24,6.89,5.88,76.12,42884.7,43331.9,27.88,27906.9,,,,,
3967,7/28/2026 16:18,76.14,6.5,5.54,75.97,42800.3,43321.5,27.87,27851.97,,,,,
3968,7/28/2026 16:33,75.99,6.08,5.19,75.87,42702.7,43272.7,27.83,27788.44,,,,,
3969,7/28/2026 16:48,75.91,5.54,4.73,75.78,42656.4,43273,27.83,27758.3,,,,,
3970,7/28/2026 17:03,75.75,5.44,4.64,75.61,42567.6,43269.1,27.82,27700.52,,,,,
3971,7/28/2026 17:18,75.65,5.24,4.47,75.52,42517.9,43265.9,27.82,27668.18,,,,,
3972,7/28/2026 17:33,75.62,5.03,4.29,75.49,42528.7,43290.9,27.83,27675.24,,,,,
3973,7/28/2026 17:48,75.6,4.01,3.42,75.47,42498.8,43268.8,27.82,27655.76,,,,,
3974,7/28/2026 18:03,75.53,4.39,3.74,75.4,42506,43312.4,27.85,27660.46,,,,,
3975,7/28/2026 18:18,75.47,4.81,4.11,75.34,42449.9,43288.7,27.83,27623.93,,,,,
3976,7/28/2026 18:33,75.37,5.03,4.29,75.23,42337.3,43232.5,27.79,27550.65,,,,,
3977,7/28/2026 18:48,75.34,5.19,4.43,75.21,42358.5,43262.5,27.81,27564.47,,,,,
3978,7/28/2026 19:03,75.33,5.07,4.32,75.19,42348,43263,27.81,27557.66,,,,,
3979,7/28/2026 19:18,75.3,5.34,4.56,75.16,42247.1,43173.8,27.74,27491.95,,,,,
3980,7/28/2026 19:33,75.25,5.63,4.8,75.11,42301.1,43254.2,27.8,27527.1,,,,,
3981,7/28/2026 19:48,75.18,5.76,4.91,75.04,42317.7,43307.6,27.84,27537.94,,,,,
3982,7/28/2026 20:03,75.13,5.92,5.05,74.98,42316.7,43337.3,27.86,27537.25,,,,,
3983,7/28/2026 20:18,75.1,6.2,5.28,74.98,42449.5,43473.4,27.95,27623.7,,,,,
3984,7/28/2026 20:33,75.06,6.32,5.39,74.91,42375.8,43434.4,27.92,27575.7,,,,,
3985,7/28/2026 20:48,74.93,6.68,5.69,74.78,42425.6,43556,28.01,27608.12,,,,,
3986,7/28/2026 21:03,74.64,7.05,6,74.44,42624.6,43937,28.27,27737.62,,,,,
3987,7/28/2026 21:18,74.3,7.33,6.22,74.12,42748.1,44236.9,28.48,27817.97,,,,,
3988,7/28/2026 21:33,74.09,7.52,6.39,73.94,42438.7,44011.6,28.31,27616.66,,,,,
3989,7/28/2026 21:48,73.95,7.72,6.54,73.8,43048.5,44720,28.82,28013.5,,,,,
3990,7/28/2026 22:03,73.79,7.97,6.75,73.63,43187.7,44952.9,28.98,28104.05,,,,,
3991,7/28/2026 22:18,73.64,8.15,6.89,73.48,43202.2,45053.7,29.05,28113.51,,,,,
3992,7/28/2026 22:33,73.51,8.23,6.95,73.36,43507.9,45435.1,29.32,28312.42,,,,,
3993,7/28/2026 22:48,73.4,8.26,6.97,73.24,43495.2,45490.7,29.36,28304.19,,,,,
3994,7/28/2026 23:03,73.24,8.42,7.11,73.09,43475.9,45554.5,29.4,28291.59,,,,,
3995,7/28/2026 23:18,73.12,8.42,7.11,72.98,43253.8,45384.6,29.27,28147.07,,,,,
3996,7/28/2026 23:33,73,8.49,7.16,72.85,43582.9,45802.6,29.57,28361.26,,,,,
3997,7/28/2026 23:48,72.85,8.56,7.21,72.66,43510.8,45829.8,29.58,28314.33,,,,,
3998,7/29/2026 0:03,72.67,8.48,7.15,72.49,43305.8,45710.7,29.49,28180.91,,,,,
3999,7/29/2026 0:18,72.5,8.46,7.13,72.35,43404.5,45894.1,29.62,28245.15,,,,,
4000,7/29/2026 0:33,72.39,8,6.78,72.24,42201,44683.9,28.75,27461.99,,,,,
4001,7/29/2026 0:48,72.43,7.47,6.3,72.39,43297.1,45759.1,29.52,28175.23,,,,,
4002,7/29/2026 1:03,72.63,8.22,6.93,72.56,43435.6,45811.2,29.57,28265.35,,,,,
4003,7/29/2026 1:18,72.85,8.16,6.89,72.78,43285.8,45526.4,29.37,28167.9,,,,,
4004,7/29/2026 1:33,73.06,7.85,6.63,72.96,43192.2,45326,29.23,28106.99,,,,,
4005,7/29/2026 1:48,73.18,7.5,6.33,73,43150.8,45264.6,29.19,28080.02,,,,,
4006,7/29/2026 2:03,73.28,7.03,5.95,73.15,42966.3,44984.9,28.99,27959.96,,,,,
4007,7/29/2026 2:18,73.34,6.68,5.66,73.22,42631.2,44598.8,28.71,27741.91,,,,,
4008,7/29/2026 2:33,73.35,6.15,5.21,73.18,42666.2,44659,28.76,27764.73,,,,,
4009,7/29/2026 2:48,73.32,5.77,4.9,73.23,42483.7,44438.6,28.6,27645.94,,,,,
4010,7/29/2026 3:03,73.36,5.57,4.74,73.25,41397.4,43293.8,27.78,26939.04,,,,,
4011,7/29/2026 3:18,73.42,5.39,4.59,73.32,41965.2,43850.1,28.18,27308.55,,,,,
4012,7/29/2026 3:33,73.45,5.14,4.44,73.33,38399.7,40119.1,25.53,24988.29,,,,,
4013,7/29/2026 3:48,73.46,4.93,4.19,73.31,42183.4,44081,28.34,27450.52,,,,,
4014,7/29/2026 4:03,73.44,4.67,3.96,73.31,42101.9,43995.8,28.28,27397.47,,,,,
4015,7/29/2026 4:18,73.37,4.34,3.69,73.25,42003.5,43927.7,28.23,27333.46,,,,,
4016,7/29/2026 4:33,73.26,3.89,3.31,73.09,42059.9,44067.9,28.33,27370.14,,,,,
4017,7/29/2026 4:48,73.22,3.75,3.19,73.08,41946.2,43954.5,28.25,27296.15,,,,,
4018,7/29/2026 5:03,73.18,3.53,3,73.05,41995.9,44024,28.3,27328.5,,,,,
4019,7/29/2026 5:18,73.15,3.46,2.94,73.02,41981.5,44023.4,28.3,27319.12,,,,,
4020,7/29/2026 5:33,73.06,3.24,2.75,72.92,41905.6,44001.9,28.28,27269.73,,,,,
4021,7/29/2026 5:48,73,2.9,2.46,72.87,41878.3,43999.4,28.27,27251.96,,,,,
4022,7/29/2026 6:03,72.89,2.61,2.21,72.74,41821,44006.2,28.28,27214.69,,,,,
4023,7/29/2026 6:18,72.8,2.36,2,72.64,41711.2,43945.9,28.23,27143.24,,,,,
4024,7/29/2026 6:33,72.7,2.3,1.95,72.56,41752.6,44033.2,28.29,27170.17,,,,,
4025,7/29/2026 6:48,72.63,2.18,1.85,72.49,41680.3,43997.9,28.26,27123.15,,,,,
4026,7/29/2026 7:03,72.6,1.98,1.68,72.45,41622.2,43954,28.23,27085.32,,,,,
4027,7/29/2026 7:18,72.52,2.23,1.89,72.37,41604.6,43979.2,28.25,27073.85,,,,,
4028,7/29/2026 7:33,72.48,2.4,2.04,72.33,41598.1,43995.7,28.26,27069.65,,,,,
4029,7/29/2026 7:48,72.44,2.39,2.03,72.28,41635.6,44061.7,28.3,27094.03,,,,,
4030,7/29/2026 8:03,72.42,2.41,2.05,72.29,41608.8,44030.4,28.28,27076.6,,,,,
4031,7/29/2026 8:18,72.43,2.86,2.43,72.3,41595.1,44010.2,28.27,27067.72,,,,,
4032,7/29/2026 8:33,72.44,2.96,2.51,72.32,41553.5,43951.5,28.22,27040.64,,,,,
4033,7/29/2026 8:48,72.5,3.37,2.87,72.42,41599.4,43950.3,28.23,27070.47,,,,,
4034,7/29/2026 9:03,72.52,3.47,2.94,72.42,41658,44009.4,28.27,27108.62,,,,,
4035,7/29/2026 9:18,72.59,3.65,3.1,72.46,41606.1,43931.1,28.21,27074.83,,,,,
4036,7/29/2026 9:33,72.67,4.18,3.55,72.55,41544.4,43819.4,28.14,27034.67,,,,,
4037,7/29/2026 9:48,72.81,4.74,4.04,72.68,41397.3,43592,27.98,26938.95,,,,,
4038,7/29/2026 10:03,72.84,5.29,4.5,72.72,41442.1,43619,28,26968.11,,,,,
4039,7/29/2026 10:18,72.84,5.82,4.95,72.73,41590.2,43772,28.11,27064.5,,,,,
4040,7/29/2026 10:33,72.85,6.2,5.27,72.72,41691.1,43881,28.19,27130.13,,,,,
4041,7/29/2026 10:48,72.81,6.49,5.51,72.68,41979.7,44208.3,28.42,27317.95,,,,,
4042,7/29/2026 11:03,72.73,6.78,5.75,72.57,42107.5,44401.6,28.55,27401.12,,,,,
4043,7/29/2026 11:18,72.59,7.02,5.94,72.42,42518.3,44918.2,28.92,27668.46,,,,,
4044,7/29/2026 11:33,72.44,7.24,6.12,72.27,42498.9,44981.3,28.96,27655.82,,,,,
4045,7/29/2026 11:48,72.34,7.21,6.1,72.19,42432.7,44956.2,28.94,27612.78,,,,,
4046,7/29/2026 12:03,72.27,7.23,6.11,72.12,42432.7,44992.1,28.96,27612.78,,,,,
4047,7/29/2026 12:18,72.23,7.13,6.03,72.08,42412.7,44994.9,28.96,27599.76,,,,,
4048,7/29/2026 12:33,72.17,7.02,5.94,72.04,42481.4,45091.8,29.03,27644.47,,,,,
4049,7/29/2026 12:48,72.18,6.38,5.39,72.05,42721.1,45340.2,29.21,27800.43,,,,,
4050,7/29/2026 13:03,72.22,6.38,5.39,72.1,42540.4,45118.3,29.05,27682.84,,,,,
4051,7/29/2026 13:18,72.32,6.71,5.66,72.19,43272.6,45842.9,29.58,28159.32,,,,,
4052,7/29/2026 13:33,72.35,6.96,5.89,72.22,42506.4,45016.3,28.98,27660.73,,,,,
4053,7/29/2026 13:48,72.4,6.71,5.67,72.28,42453.1,44926.9,28.92,27626.06,,,,,
4054,7/29/2026 14:03,72.48,6.79,5.74,72.38,42312.3,44724.4,28.78,27534.43,,,,,
4055,7/29/2026 14:18,72.56,6.65,5.63,72.45,42357.1,44730,28.79,27563.52,,,,,
4056,7/29/2026 14:33,72.64,6.6,5.6,72.51,41933.6,44250.5,28.44,27287.97,,,,,
4057,7/29/2026 14:48,72.66,6.43,5.46,72.53,41881.8,44184.2,28.4,27254.29,,,,,
4058,7/29/2026 15:03,72.69,6.29,5.34,72.54,41791.1,44082.6,28.32,27195.2,,,,,
4059,7/29/2026 15:18,72.69,6.21,5.27,72.55,41798.1,44087,28.33,27199.77,,,,,
4060,7/29/2026 15:33,72.68,5.78,4.91,72.54,41551.5,43832.8,28.15,27039.33,,,,,
4061,7/29/2026 15:48,72.64,5.57,4.73,72.49,41573.1,43881.7,28.18,27053.36,,,,,
4062,7/29/2026 16:03,72.6,5.37,4.57,72.44,41117.3,43426.6,27.85,26756.78,,,,,
4063,7/29/2026 16:18,72.52,5.07,4.32,72.38,41302.2,43656.7,28.02,26877.11,,,,,
4064,7/29/2026 16:33,72.44,4.77,4.06,72.29,40976.7,43358.7,27.8,26665.29,,,,,
4065,7/29/2026 16:48,72.41,5.06,4.31,72.27,40919.4,43309.6,27.76,26628,,,,,
4066,7/29/2026 17:03,72.42,4.26,3.63,72.28,41071,43464.3,27.88,26726.67,,,,,
4067,7/29/2026 17:18,72.29,4.44,3.78,72.12,40820.4,43285.4,27.74,26563.57,,,,,
4068,7/29/2026 17:33,72.19,3.71,3.15,72.04,40803.7,43308,27.76,26552.66,,,,,
4069,7/29/2026 17:48,72.1,3.6,3.07,71.94,40628.9,43177.3,27.66,26438.96,,,,,
4070,7/29/2026 18:03,72,3.42,2.91,71.85,40599.9,43192.5,27.67,26420.05,,,,,
4071,7/29/2026 18:18,71.92,3.51,2.99,71.77,40576.9,43214.3,27.68,26405.1,,,,,
4072,7/29/2026 18:33,71.82,3.18,2.7,71.68,40650.8,43339.3,27.77,26453.2,,,,,
4073,7/29/2026 18:48,71.75,3.16,2.7,71.58,40308.4,43029,27.54,26230.37,,,,,
4074,7/29/2026 19:03,71.63,3.17,2.7,71.46,40234.6,43013.5,27.53,26182.33,,,,,
4075,7/29/2026 19:18,71.43,3.77,3.22,71.26,39660.7,42508.4,27.16,25808.91,,,,,
4076,7/29/2026 19:33,71.53,3.44,2.93,71.41,40017.4,42807.3,27.38,26041.02,,,,,
4077,7/29/2026 19:48,71.5,3.67,3.13,71.37,40049.8,42865,27.42,26062.12,,,,,
4078,7/29/2026 20:03,71.39,4.15,3.55,71.28,39244.5,42051,26.84,25538.04,,,,,
4079,7/29/2026 20:18,71.53,4.21,3.59,71.4,40087.3,42890.7,27.44,26086.53,,,,,
4080,7/29/2026 20:33,71.5,4.29,3.69,71.35,38463.1,41177.8,26.22,25029.6,,,,,
4081,7/29/2026 20:48,71.54,4.53,3.86,71.37,40201.6,43030.3,27.54,26160.91,,,,,
4082,7/29/2026 21:03,71.5,4.72,4.03,71.33,39977.7,42810.7,27.38,26015.16,,,,,
4083,7/29/2026 21:18,71.46,5.12,4.36,71.34,40400.1,43257.3,27.7,26290.03,,,,,
4084,7/29/2026 21:33,71.43,5.38,4.56,71.27,41336.7,44295.8,28.44,26899.54,,,,,
4085,7/29/2026 21:48,71.51,5.87,5.01,71.4,39722.7,42497.7,27.16,25849.24,,,,,
4086,7/29/2026 22:03,71.46,6.38,5.42,71.3,40690.4,43588.5,27.93,26478.94,,,,,
4087,7/29/2026 22:18,71.42,6.66,5.67,71.28,40441.6,43333.7,27.75,26317.06,,,,,
4088,7/29/2026 22:33,71.39,6.83,5.8,71.24,40673.4,43605.5,27.94,26467.88,,,,,
4089,7/29/2026 22:48,71.26,7.04,5.97,71.09,40905.4,43934.1,28.17,26618.9,,,,,
4090,7/29/2026 23:03,71.05,7.26,6.13,70.88,41875.1,45097.1,29,27249.93,,,,,
4091,7/29/2026 23:18,70.88,7.33,6.28,70.7,38745.7,41817.2,26.66,25213.46,,,,,
4092,7/29/2026 23:33,70.69,7.51,6.38,70.52,40245.2,43535.7,27.87,26189.27,,,,,
4093,7/29/2026 23:48,70.58,7.63,6.44,70.4,41661.3,45134.9,29.01,27110.79,,,,,
4094,7/30/2026 0:03,70.43,7.68,6.53,70.25,40018.8,43437.9,27.79,26041.92,,,,,
4095,7/30/2026 0:18,70.33,7.77,6.6,70.16,39961.2,43428.6,27.78,26004.45,,,,,
4096,7/30/2026 0:33,70.12,7.83,6.59,69.95,42130.4,45907.8,29.55,27416.01,,,,,
4097,7/30/2026 0:48,69.89,7.82,6.59,69.66,41845.4,45762.8,29.43,27230.59,,,,,
4098,7/30/2026 1:03,69.63,7.9,6.79,69.43,37137.7,40736.9,25.86,24167.04,,,,,
4099,7/30/2026 1:18,69.45,7.55,6.35,69.27,41827.8,45976.4,29.57,27219.12,,,,,
4100,7/30/2026 1:33,69.38,6.9,5.82,69.26,41179,45266.3,29.06,26796.91,,,,,
4101,7/30/2026 1:48,69.6,7.49,6.3,69.46,41673.8,45690.8,29.38,27118.92,,,,,
4102,7/30/2026 2:03,69.84,7.59,6.39,69.72,41875.4,45761.1,29.44,27250.08,,,,,
4103,7/30/2026 2:18,70.02,7.39,6.37,69.91,36497.3,39788.7,25.2,23750.35,,,,,
4104,7/30/2026 2:33,70.1,6.93,5.9,69.99,39585.8,43111.6,27.55,25760.18,,,,,
4105,7/30/2026 2:48,70.19,6.52,5.53,70.05,40385.1,43946.1,28.15,26280.27,,,,,
4106,7/30/2026 3:03,70.24,6.15,5.25,70.1,39110.1,42532.6,27.15,25450.58,,,,,
4107,7/30/2026 3:18,70.25,5.83,4.97,70.13,39565.7,43013.4,27.49,25747.06,,,,,
4108,7/30/2026 3:33,70.2,5.48,4.67,70.07,39636.7,43125.9,27.57,25793.31,,,,,
4109,7/30/2026 3:48,70.14,5.25,4.48,69.98,39168.6,42663,27.23,25488.68,,,,,
4110,7/30/2026 4:03,70.05,4.81,4.1,69.88,39064.7,42605.1,27.19,25421.07,,,,,
4111,7/30/2026 4:18,69.88,4.61,3.94,69.68,38545.9,42142.8,26.86,25083.43,,,,,
4112,7/30/2026 4:33,69.7,4.28,3.67,69.48,38039.4,41697.5,26.54,24753.87,,,,,
4113,7/30/2026 4:48,69.5,3.92,3.37,69.28,37131.6,40806,25.9,24163.12,,,,,
4114,7/30/2026 5:03,69.28,3.7,3.18,69.09,36694.4,40422.8,25.63,23878.62,,,,,
4115,7/30/2026 5:18,69.1,3.91,3.37,68.93,36296.3,40069.8,25.37,23619.55,,,,,
4116,7/30/2026 5:33,69.01,3.61,3.13,68.82,34731.9,38398.4,24.2,22601.5,,,,,
4117,7/30/2026 5:48,68.93,3.44,2.96,68.75,36132.1,39979.7,25.3,23512.72,,,,,
4118,7/30/2026 6:03,68.81,3.32,2.89,68.63,34208.9,37912,23.86,22261.2,,,,,
4119,7/30/2026 6:18,68.67,3.23,2.77,68.49,36482.6,40504.7,25.66,23740.77,,,,,
4120,7/30/2026 6:33,68.53,3.06,2.63,68.33,36206.1,40278.8,25.5,23560.84,,,,,
4121,7/30/2026 6:48,68.36,3.07,2.65,68.18,35983.2,40111.7,25.38,23415.76,,,,,
4122,7/30/2026 7:03,68.26,3.2,2.76,68.09,35716.1,39861.2,25.2,23241.97,,,,,
4123,7/30/2026 7:18,68.21,3.07,2.65,68.04,35634.8,39792.6,25.15,23189.05,,,,,
4124,7/30/2026 7:33,68.15,3.04,2.63,67.99,35402.9,39564,24.99,23038.15,,,,,
4125,7/30/2026 7:48,68.04,3.17,2.74,67.88,35126.8,39310.5,24.81,22858.52,,,,,
4126,7/30/2026 8:03,67.99,3.59,3.1,67.83,34977.2,39164.9,24.7,22761.16,,,,,
4127,7/30/2026 8:18,67.97,3.52,3.05,67.83,34935.7,39118.4,24.67,22734.14,,,,,
4128,7/30/2026 8:33,68,3.54,3.06,67.86,35037.7,39221.7,24.74,22800.51,,,,,
4129,7/30/2026 8:48,68.01,3.77,3.25,67.86,35313,39529.8,24.96,22979.65,,,,,
4130,7/30/2026 9:03,68.11,4.09,3.53,67.98,35789.6,39999,25.29,23289.83,,,,,
4131,7/30/2026 9:18,68.28,3.95,3.4,68.17,36127.7,40275.6,25.49,23509.8,,,,,
4132,7/30/2026 9:33,68.43,4.21,3.62,68.28,36479.4,40608.3,25.73,23738.71,,,,,
4133,7/30/2026 9:48,68.48,4.08,3.5,68.35,36741.6,40866,25.91,23909.33,,,,,
4134,7/30/2026 10:03,68.58,4.62,3.97,68.49,37013.6,41091.4,26.08,24086.29,,,,,
4135,7/30/2026 10:18,69.16,5.04,4.32,69.14,37524.9,41314.9,26.25,24419.07,,,,,
4136,7/30/2026 10:33,69.62,5.59,4.78,69.51,38197,41853,26.65,24856.42,,,,,
4137,7/30/2026 10:48,69.77,5.98,5.11,69.66,38701.3,42327.3,26.99,25184.58,,,,,
4138,7/30/2026 11:03,69.95,6.25,5.32,69.84,39350.4,42937.2,27.42,25606.96,,,,,
4139,7/30/2026 11:18,70.1,6.47,5.5,69.97,39822,43377.7,27.74,25913.86,,,,,
4140,7/30/2026 11:33,70.27,6.75,5.74,70.16,40165.4,43647.5,27.94,26137.35,,,,,
4141,7/30/2026 11:48,70.31,7.11,6.03,70.17,40435.5,43938.1,28.15,26313.11,,,,,
4142,7/30/2026 12:03,70.27,7.29,6.18,70.12,40626.1,44169.2,28.31,26437.14,,,,,
4143,7/30/2026 12:18,70.18,7.38,6.25,70.07,40725.5,44307.4,28.41,26501.78,,,,,
4144,7/30/2026 12:33,70.19,7.43,6.29,70.03,40857.2,44475,28.53,26587.52,,,,,
4145,7/30/2026 12:48,70.12,7.5,6.35,69.98,40901.2,44547.2,28.58,26616.13,,,,,
4146,7/30/2026 13:03,70.16,7.36,6.22,70.02,40981.6,44616.5,28.63,26668.48,,,,,
4147,7/30/2026 13:18,70.22,7.46,6.32,70.08,40883,44472.8,28.53,26604.31,,,,,
4148,7/30/2026 13:33,70.31,7.08,5.99,70.17,41054.4,44610.5,28.63,26715.81,,,,,
4149,7/30/2026 13:48,70.32,6.92,5.86,70.2,40919.7,44443,28.51,26628.17,,,,,
4150,7/30/2026 14:03,70.51,7.39,6.26,70.5,40939.1,44298.4,28.42,26640.83,,,,,
4151,7/30/2026 14:18,70.84,7.27,6.16,70.73,40924.6,44156.8,28.32,26631.36,,,,,
4152,7/30/2026 14:33,71.04,7.33,6.22,70.93,40830.3,43942.2,28.18,26570.01,,,,,
4153,7/30/2026 14:48,71.28,7.29,6.19,71.21,40734.7,43683,28,26507.79,,,,,
4154,7/30/2026 15:03,71.41,7.02,6.03,71.29,38164.6,40888.4,26.02,24835.31,,,,,
4155,7/30/2026 15:18,71.51,6.93,5.9,71.39,40385,43212.1,27.67,26280.24,,,,,
4156,7/30/2026 15:33,71.61,6.79,5.78,71.49,40209.9,42972.8,27.5,26166.29,,,,,
4157,7/30/2026 15:48,71.74,6.68,5.7,71.63,39897.2,42564.3,27.22,25962.77,,,,,
4158,7/30/2026 16:03,71.82,6.47,5.53,71.7,39500.2,42104.2,26.89,25704.45,,,,,
4159,7/30/2026 16:18,71.88,6.22,5.32,71.75,39453.9,42029.5,26.84,25674.32,,,,,
4160,7/30/2026 16:33,71.87,5.91,5.06,71.74,39285.5,41855.8,26.72,25564.76,,,,,
4161,7/30/2026 16:48,71.8,5.7,4.89,71.65,38809.4,41395.5,26.39,25254.9,,,,,
4162,7/30/2026 17:03,71.88,5.78,4.96,71.77,39018.6,41551.9,26.5,25391.05,,,,,
4163,7/30/2026 17:18,72.06,5.47,4.69,71.93,39196.4,41660.4,26.58,25506.75,,,,,
4164,7/30/2026 17:33,72.07,4.92,4.22,71.92,39107.3,41571.2,26.52,25448.74,,,,,
4165,7/30/2026 17:48,71.87,4.88,4.19,71.66,38710.4,41281.7,26.31,25190.52,,,,,
4166,7/30/2026 18:03,71.68,4.62,3.97,71.48,38415,41060,26.14,24998.24,,,,,
4167,7/30/2026 18:18,71.48,4.48,3.85,71.27,38126.4,40855.7,25.99,24810.45,,,,,
4168,7/30/2026 18:33,71.33,4.26,3.67,71.14,37887.8,40668.4,25.86,24655.2,,,,,
4169,7/30/2026 18:48,71.21,3.75,3.23,71.03,37674.7,40496.8,25.73,24516.49,,,,,
4170,7/30/2026 19:03,71.12,3.38,2.91,70.94,37377.2,40220.4,25.54,24322.91,,,,,
4171,7/30/2026 19:18,71.01,3.02,2.6,70.85,37172.2,40045.8,25.41,24189.52,,,,,
4172,7/30/2026 19:33,70.94,3.07,2.65,70.77,36923.7,39818.4,25.25,24027.79,,,,,
4173,7/30/2026 19:48,70.86,3.7,3.2,70.7,36569.6,39468.6,25,23797.39,,,,,
4174,7/30/2026 20:03,70.87,4.03,3.48,70.73,36528.6,39410.9,24.96,23770.67,,,,,
4175,7/30/2026 20:18,71,3.96,3.42,70.9,36952.7,39785.1,25.23,24046.67,,,,,
4176,7/30/2026 20:33,70.91,4.1,3.57,70.73,35100.8,37870.5,23.88,22841.55,,,,,
4177,7/30/2026 20:48,70.87,4.32,3.72,70.74,37251.8,40185.8,25.51,24241.32,,,,,
4178,7/30/2026 21:03,70.88,4.43,3.84,70.78,36301.9,39139.9,24.77,23623.15,,,,,
4179,7/30/2026 21:18,71.05,4.81,4.13,70.94,38474.6,41401.3,26.37,25037.06,,,,,
4180,7/30/2026 21:33,71.14,4.86,4.19,70.99,37648.4,40487.7,25.73,24499.38,,,,,
4181,7/30/2026 21:48,71.2,5.17,4.45,71.04,37931.6,40764.8,25.92,24683.7,,,,,
4182,7/30/2026 22:03,71.22,5.42,4.63,71.08,39140.3,42043.9,26.83,25470.22,,,,,
4183,7/30/2026 22:18,71.12,5.78,4.93,70.95,39887,42915.4,27.44,25956.17,,,,,
4184,7/30/2026 22:33,70.96,6.22,5.29,70.77,40290.2,43445.9,27.82,26218.52,,,,,
4185,7/30/2026 22:48,70.82,6.53,5.54,70.67,40565.4,43798.9,28.06,26397.6,,,,,
4186,7/30/2026 23:03,70.74,6.78,5.77,70.58,39805.8,43031.2,27.52,25903.32,,,,,
4187,7/30/2026 23:18,70.59,6.99,5.92,70.41,41042.2,44461.1,28.53,26707.87,,,,,
4188,7/30/2026 23:33,70.41,7.17,6.06,70.24,41222.1,44753.2,28.73,26824.95,,,,,
4189,7/30/2026 23:48,70.23,7.34,6.2,70.05,41107,44734.7,28.71,26750.1,,,,,
4190,7/31/2026 0:03,70.08,7.57,6.41,69.92,40853.1,44531.2,28.56,26584.86,,,,,
4191,7/31/2026 0:18,69.96,7.68,6.48,69.83,41431.6,45214.2,29.05,26961.28,,,,,
4192,7/31/2026 0:33,69.85,7.86,6.64,69.68,41073.5,44906.3,28.82,26728.26,,,,,
4193,7/31/2026 0:48,69.78,7.93,6.72,69.6,40335.6,44147.8,28.28,26248.08,,,,,
4194,7/31/2026 1:03,69.64,8.05,6.79,69.49,41209.1,45165.7,29,26816.48,,,,,
4195,7/31/2026 1:18,69.48,8.02,6.77,69.34,40961.4,44983.8,28.87,26655.32,,,,,
4196,7/31/2026 1:33,69.29,8.04,6.78,69.09,41260.7,45453,29.19,26850.07,,,,,
4197,7/31/2026 1:48,69.21,7.67,6.44,69.05,41715.9,45983,29.57,27146.33,,,,,
4198,7/31/2026 2:03,69.19,7.23,6.08,69.08,41431.3,45647.3,29.33,26961.12,,,,,
4199,7/31/2026 2:18,69.37,7.86,6.62,69.26,41261.5,45360.1,29.13,26850.58,,,,,
4200,7/31/2026 2:33,69.53,7.75,6.53,69.41,41418.9,45445.7,29.2,26953.06,,,,,
4201,7/31/2026 2:48,69.72,7.37,6.24,69.59,40379.8,44199.2,28.31,26276.81,,,,,
4202,7/31/2026 3:03,69.85,6.95,5.87,69.73,41082.1,44888.1,28.81,26733.89,,,,,
4203,7/31/2026 3:18,69.98,6.43,5.44,69.85,40881.7,44602,28.61,26603.45,,,,,
4204,7/31/2026 3:33,70.04,6.08,5.15,69.92,40692.6,44356.3,28.44,26480.43,,,,,
4205,7/31/2026 3:48,70.07,5.71,4.84,69.93,40395.7,44029.6,28.2,26287.21,,,,,
4206,7/31/2026 4:03,70.06,5.41,4.59,69.94,40165.1,43772.3,28.02,26137.1,,,,,
4207,7/31/2026 4:18,70.03,4.98,4.23,69.83,39811.4,43446.1,27.79,25906.93,,,,,
4208,7/31/2026 4:33,69.95,4.65,3.99,69.8,37466,40900.6,25.98,24380.74,,,,,
4209,7/31/2026 4:48,69.89,4.35,3.7,69.74,39312,42948.1,27.43,25581.96,,,,,
4210,7/31/2026 5:03,69.84,4.1,3.5,69.71,39042.5,42671.2,27.23,25406.62,,,,,
4211,7/31/2026 5:18,69.78,3.81,3.25,69.61,38761.2,42416,27.05,25223.57,,,,,
4212,7/31/2026 5:33,69.68,3.8,3.24,69.53,38680.3,42370.9,27.01,25170.89,,,,,
4213,7/31/2026 5:48,69.66,3.4,2.9,69.49,38629.4,42338.4,26.99,25137.8,,,,,
4214,7/31/2026 6:03,69.54,3.17,2.71,69.39,38306.3,42039.1,26.77,24927.55,,,,,
4215,7/31/2026 6:18,69.45,2.88,2.46,69.3,38150.8,41917.3,26.68,24826.31,,,,,
4216,7/31/2026 6:33,69.37,2.72,2.33,69.22,37950.1,41739.9,26.56,24695.73,,,,,
4217,7/31/2026 6:48,69.29,2.32,1.99,69.13,37760,41579.5,26.44,24572.06,,,,,
4218,7/31/2026 7:03,69.21,2.12,1.82,69.05,37588.9,41430.9,26.33,24460.69,,,,,
4219,7/31/2026 7:18,69.15,2.05,1.76,68.99,37328.7,41178.2,26.15,24291.36,,,,,
4220,7/31/2026 7:33,69.1,1.86,1.59,68.94,37121.9,40972.7,26.01,24156.78,,,,,
4221,7/31/2026 7:48,69.09,2.21,1.9,68.97,36936.3,40756.6,25.86,24036.03,,,,,
4222,7/31/2026 8:03,69.19,2.33,2,69.08,36839.6,40591.1,25.74,23973.09,,,,,
4223,7/31/2026 8:18,69.33,2.68,2.3,69.22,36776.8,40449.4,25.65,23932.19,,,,,
4224,7/31/2026 8:33,69.45,2.77,2.39,69.33,36809.5,40426.9,25.64,23953.47,,,,,
4225,7/31/2026 8:48,69.54,2.84,2.45,69.39,36762.8,40345.1,25.58,23923.08,,,,,
4226,7/31/2026 9:03,69.43,2.84,2.44,69.29,36702.7,40329.1,25.57,23884,,,,,
4227,7/31/2026 9:18,69.51,2.67,2.3,69.35,36703.4,40299.4,25.55,23884.47,,,,,
4228,7/31/2026 9:33,69.75,2.94,2.53,69.65,37188.6,40675.6,25.82,24200.19,,,,,
4229,7/31/2026 9:48,70.05,3.09,2.66,70,37371.1,40694.1,25.84,24318.96,,,,,
4230,7/31/2026 10:03,70.19,3.15,2.7,70.11,37794.9,41099.5,26.13,24594.75,,,,,
4231,7/31/2026 10:18,70.33,3.34,2.86,70.16,38095.8,41401.3,26.35,24790.52,,,,,
4232,7/31/2026 10:33,70.38,3.59,3.07,70.26,38270.9,41535,26.45,24904.47,,,,,
4233,7/31/2026 10:48,70.75,4.05,3.47,70.68,38537,41603.2,26.51,25077.64,,,,,
4234,7/31/2026 11:03,70.96,4.65,3.97,70.83,39084.8,42114.8,26.87,25434.13,,,,,
4235,7/31/2026 11:18,71.11,5.25,4.49,70.99,39405.4,42374.4,27.06,25642.78,,,,,
4236,7/31/2026 11:33,71.16,5.59,4.77,71.02,39871.7,42861.3,27.41,25946.18,,,,,
4237,7/31/2026 11:48,71.16,5.93,5.05,71.01,40261.5,43289.1,27.71,26199.86,,,,,
4238,7/31/2026 12:03,71.06,6.33,5.38,70.88,40604.4,43725.7,28.02,26423.02,,,,,
4239,7/31/2026 12:18,70.92,6.76,5.77,70.77,39513.9,42608.8,27.22,25713.38,,,,,
4240,7/31/2026 12:33,70.92,7.04,5.96,70.79,41293.2,44518.4,28.58,26871.24,,,,,
4241,7/31/2026 12:48,71,7.26,6.18,70.87,39936.8,43012.5,27.51,25988.58,,,,,
4242,7/31/2026 13:03,71.08,7.37,6.28,70.94,39965.4,43005.6,27.51,26007.2,,,,,
4243,7/31/2026 13:18,71.08,7.52,6.41,70.94,39792,42818.9,27.38,25894.34,,,,,
4244,7/31/2026 13:33,71.07,7.46,6.32,70.94,41273.7,44413.4,28.51,26858.55,,,,,
4245,7/31/2026 13:48,71.08,7.22,6.11,70.94,41519.1,44680.5,28.7,27018.26,,,,,
4246,7/31/2026 14:03,71.07,6.96,5.89,70.96,41529.5,44679.6,28.7,27025.01,,,,,
4247,7/31/2026 14:18,71.12,6.52,5.52,71.04,41510.3,44613.7,28.66,27012.49,,,,,
4248,7/31/2026 14:33,71.45,7.46,6.32,71.46,41600.3,44476.7,28.57,27071.1,,,,,
4249,7/31/2026 14:48,71.81,7.48,6.34,71.76,41594.4,44303.8,28.46,27067.23,,,,,
4250,7/31/2026 15:03,72.19,7.28,6.18,72.15,41620.9,44119.6,28.34,27084.49,,,,,
4251,7/31/2026 15:18,72.53,7.05,5.99,72.47,41529.6,43847.4,28.15,27025.04,,,,,
4252,7/31/2026 15:33,72.62,6.76,5.75,72.57,41350.1,43602.9,27.98,26908.23,,,,,
4253,7/31/2026 15:48,72.85,6.63,5.64,72.82,41164.7,43275.5,27.76,26787.63,,,,,
4254,7/31/2026 16:03,73.05,6.36,5.43,72.97,40973.6,42994.9,27.56,26663.25,,,,,
4255,7/31/2026 16:18,73.29,6.12,5.23,73.27,40880.2,42741.6,27.39,26602.46,,,,,
4256,7/31/2026 16:33,73.37,5.85,5,73.26,40702.3,42561.2,27.26,26486.69,,,,,
4257,7/31/2026 16:48,73.37,5.54,4.74,73.33,40557,42373.1,27.13,26392.18,,,,,
4258,7/31/2026 17:03,73.45,5.34,4.57,73.34,40359.3,42160.9,26.98,26263.48,,,,,
4259,7/31/2026 17:18,73.63,5.1,4.37,73.55,40333.6,42023.5,26.88,26246.81,,,,,
4260,7/31/2026 17:33,73.93,5.39,4.62,73.89,40676.9,42209.3,27.02,26470.15,,,,,
4261,7/31/2026 17:48,74.02,5.1,4.36,73.89,40623.4,42153.8,26.98,26435.34,,,,,
4262,7/31/2026 18:03,73.98,4.77,4.09,73.85,40429,41971.3,26.85,26308.88,,,,,
4263,7/31/2026 18:18,73.89,4.56,3.91,73.76,40122.2,41699.2,26.66,26109.21,,,,,
4264,7/31/2026 18:33,73.79,4.15,3.56,73.65,39942.8,41567.3,26.56,25992.5,,,,,
4265,7/31/2026 18:48,73.73,4.1,3.52,73.6,39808.1,41454.2,26.48,25904.82,,,,,
4266,7/31/2026 19:03,73.68,3.83,3.29,73.53,39666.8,41339.6,26.4,25812.86,,,,,
4267,7/31/2026 19:18,73.56,2.73,2.34,73.42,39408.7,41124.7,26.24,25644.94,,,,,
4268,7/31/2026 19:33,73.45,3.46,2.98,73.3,39218.3,40987.9,26.14,25521.02,,,,,
4269,7/31/2026 19:48,73.33,3.32,2.86,73.18,38974.8,40792.4,26,25362.53,,,,,
4270,7/31/2026 20:03,73.18,3.04,2.62,73.04,38805.8,40688,25.92,25252.59,,,,,
4271,7/31/2026 20:18,73.06,3.14,2.71,72.89,38558,40500.3,25.79,25091.35,,,,,
4272,7/31/2026 20:33,73.01,3.2,2.76,72.88,38484,40425.3,25.73,25043.19,,,,,
4273,7/31/2026 20:48,73.06,3.16,2.72,72.94,38575.9,40492.3,25.78,25102.95,,,,,
4274,7/31/2026 21:03,73.15,3.26,2.81,72.98,38590.7,40489.1,25.78,25112.6,,,,,
4275,7/31/2026 21:18,72.89,3.4,2.94,72.71,37702.7,39691,25.21,24534.73,,,,,
4276,7/31/2026 21:33,72.79,3.61,3.13,72.64,37100.5,39088.2,24.79,24142.87,,,,,
4277,7/31/2026 21:48,72.75,3.87,3.33,72.58,38502,40596.9,25.85,25054.85,,,,,
4278,7/31/2026 22:03,72.83,4.22,3.62,72.75,39244.7,41292.5,26.34,25538.16,,,,,
4279,7/31/2026 22:18,72.9,4.4,3.76,72.77,40643.7,42753.2,27.38,26448.59,,,,,
4280,7/31/2026 22:33,72.77,4.66,3.99,72.6,39796.8,41951.2,26.81,25897.49,,,,,
4281,7/31/2026 22:48,72.48,5.1,4.38,72.28,39043.3,41318.4,26.35,25407.11,,,,,
4282,7/31/2026 23:03,72.22,5.64,4.82,72.05,39941.6,42390.2,27.1,25991.67,,,,,
4283,7/31/2026 23:18,72.08,6.17,5.29,71.94,39440.2,41913.9,26.76,25665.39,,,,,
4284,7/31/2026 23:33,72.03,6.54,5.6,71.87,39731.8,42260.5,27.01,25855.13,,,,,
4285,7/31/2026 23:48,71.85,6.89,5.91,71.68,38679.7,41240.6,26.28,25170.51,,,,,
4286,8/1/2026 0:03,71.63,7.1,6.02,71.45,41161.1,44010,28.24,26785.28,,,,,
4287,8/1/2026 0:18,71.41,7.43,6.3,71.21,41120.2,44096.4,28.29,26758.67,,,,,
4288,8/1/2026 0:33,71.19,7.62,6.46,71.03,40937.7,44004.3,28.22,26639.89,,,,,
4289,8/1/2026 0:48,71.09,7.88,6.67,70.94,41533.5,44693,28.71,27027.63,,,,,
4290,8/1/2026 1:03,71.01,7.95,6.72,70.87,41602.3,44809.3,28.79,27072.36,,,,,
4291,8/1/2026 1:18,70.93,8.16,6.9,70.78,41654.3,44913.8,28.86,27106.23,,,,,
4292,8/1/2026 1:33,70.88,8.17,6.91,70.72,41571.1,44857.4,28.82,27052.07,,,,,
4293,8/1/2026 1:48,70.75,8.23,6.95,70.6,41613.4,44970,28.9,27079.61,,,,,
4294,8/1/2026 2:03,70.66,8.16,6.92,70.52,40614.7,43935.4,28.16,26429.7,,,,,
4295,8/1/2026 2:18,70.59,7.89,6.67,70.44,41468.2,44904.4,28.85,26985.13,,,,,
4296,8/1/2026 2:33,70.55,7.26,6.13,70.41,41516.5,44971.9,28.89,27016.55,,,,,
4297,8/1/2026 2:48,70.71,7.78,6.58,70.59,41291.2,44630.9,28.66,26869.93,,,,,
4298,8/1/2026 3:03,70.81,7.82,6.6,70.69,41839.6,45165.5,29.04,27226.79,,,,,
4299,8/1/2026 3:18,70.94,7.41,6.26,70.83,41559,44783.8,28.77,27044.18,,,,,
4300,8/1/2026 3:33,71.1,6.93,5.86,70.97,41551.8,44697.6,28.72,27039.52,,,,,
4301,8/1/2026 3:48,71.2,6.48,5.48,71.09,41520.9,44595.1,28.65,27019.43,,,,,
4302,8/1/2026 4:03,71.32,6.1,5.17,71.18,41247.3,44250.5,28.4,26841.34,,,,,
4303,8/1/2026 4:18,71.37,5.77,4.94,71.24,39085,41899.8,26.73,25434.26,,,,,
4304,8/1/2026 4:33,71.41,5.43,4.62,71.27,40791.7,43714.7,28.02,26544.87,,,,,
4305,8/1/2026 4:48,71.41,5.05,4.31,71.27,39505.9,42336.8,27.04,25708.19,,,,,
4306,8/1/2026 5:03,71.38,4.62,3.94,71.24,40409.6,43319.8,27.74,26296.21,,,,,
4307,8/1/2026 5:18,71.38,4.33,3.69,71.25,40095.4,42977.2,27.5,26091.77,,,,,
4308,8/1/2026 5:33,71.4,4.06,3.46,71.27,40031.3,42899.9,27.44,26050.08,,,,,
4309,8/1/2026 5:48,71.37,3.71,3.16,71.25,39892.1,42762.2,27.34,25959.51,,,,,
4310,8/1/2026 6:03,71.27,3.66,3.12,71.11,39835.5,42773.4,27.35,25922.67,,,,,
4311,8/1/2026 6:18,71.24,3.35,2.86,71.1,39778.9,42721.3,27.31,25885.8,,,,,
4312,8/1/2026 6:33,71.21,2.84,2.43,71.08,39644.3,42585.3,27.21,25798.22,,,,,
4313,8/1/2026 6:48,71.2,2.91,2.49,71.04,39523,42475.1,27.13,25719.31,,,,,
4314,8/1/2026 7:03,71.15,2.48,2.12,71.01,39445.7,42412,27.09,25668.99,,,,,
4315,8/1/2026 7:18,71.12,2.25,1.92,70.99,39387.3,42357.8,27.05,25631.01,,,,,
4316,8/1/2026 7:33,71.14,2.14,1.83,71.01,39276.4,42227.1,26.96,25558.79,,,,,
4317,8/1/2026 7:48,71.19,2.08,1.78,71.07,39175.3,42087.1,26.86,25493,,,,,
4318,8/1/2026 8:03,71.29,2.46,2.1,71.15,39047.3,41907.3,26.74,25409.75,,,,,
4319,8/1/2026 8:18,71.45,2.45,2.1,71.38,39065.5,41805.9,26.67,25421.6,,,,,
4320,8/1/2026 8:33,71.7,2.46,2.11,71.6,39032.1,41655.4,26.57,25399.84,,,,,
4321,8/1/2026 8:48,71.98,2.78,2.38,71.87,39114.2,41603.6,26.54,25453.23,,,,,
4322,8/1/2026 9:03,72.27,2.7,2.32,72.18,39208.7,41545.9,26.51,25514.77,,,,,
4323,8/1/2026 9:18,72.43,2.87,2.46,72.25,39208.6,41507.1,26.48,25514.67,,,,,
4324,8/1/2026 9:33,72.3,2.84,2.44,72.16,39065.5,41405.3,26.41,25421.6,,,,,
4325,8/1/2026 9:48,72.07,2.45,2.1,71.97,39004.9,41434.7,26.42,25382.11,,,,,
4326,8/1/2026 10:03,72.56,2.94,2.52,72.54,39563.4,41732.7,26.65,25745.55,,,,,
4327,8/1/2026 10:18,72.68,2.91,2.49,72.58,39628.8,41782.3,26.69,25788.11,,,,,
4328,8/1/2026 10:33,72.8,3.1,2.67,72.75,38546.4,40557.8,25.82,25083.77,,,,,
4329,8/1/2026 10:48,72.93,3.37,2.88,72.89,40106.6,42124.1,26.94,26099.08,,,,,
4330,8/1/2026 11:03,73.1,3.6,3.08,73.06,40304.6,42248.3,27.03,26227.93,,,,,
4331,8/1/2026 11:18,73.54,4.19,3.59,73.47,40349.7,42081.7,26.92,26257.26,,,,,
4332,8/1/2026 11:33,73.69,4.97,4.25,73.61,40667.4,42343.5,27.11,26464.02,,,,,
4333,8/1/2026 11:48,73.85,5.66,4.84,73.74,41092.1,42718.4,27.38,26740.37,,,,,
4334,8/1/2026 12:03,73.85,6,5.12,73.71,41406.9,43059.8,27.63,26945.25,,,,,
4335,8/1/2026 12:18,73.72,6.38,5.44,73.57,41705.9,43444.7,27.9,27139.76,,,,,
4336,8/1/2026 12:33,73.65,6.86,5.83,73.5,42043.5,43830.9,28.17,27359.48,,,,,
4337,8/1/2026 12:48,73.69,7.34,6.23,73.59,42324.9,44080.9,28.35,27542.63,,,,,
4338,8/1/2026 13:03,73.85,7.91,6.71,73.76,42668.5,44342.6,28.54,27766.19,,,,,
4339,8/1/2026 13:18,74.05,8.18,6.94,73.94,42899.4,44489.4,28.65,27916.46,,,,,
4340,8/1/2026 13:33,74.15,8.34,7.07,74.02,43031.2,44579.4,28.72,28002.24,,,,,
4341,8/1/2026 13:48,74.13,8.22,6.97,74.01,43078.1,44636.8,28.76,28032.77,,,,,
4342,8/1/2026 14:03,74.12,8.38,7.1,74,43074.8,44639.2,28.76,28030.61,,,,,
4343,8/1/2026 14:18,74.06,7.99,6.77,73.93,43011.3,44611.2,28.74,27989.24,,,,,
4344,8/1/2026 14:33,73.99,7.86,6.66,73.88,43085.2,44711.2,28.81,28037.33,,,,,
4345,8/1/2026 14:48,74.02,7.13,6.05,73.94,43021.6,44613.1,28.74,27995.95,,,,,
4346,8/1/2026 15:03,74.35,8.17,6.93,74.29,43120.3,44526.1,28.69,28060.18,,,,,
4347,8/1/2026 15:18,74.81,8.48,7.19,74.73,43274.1,44453.1,28.65,28160.28,,,,,
4348,8/1/2026 15:33,75.05,8.33,7.07,74.98,43244.2,44290.2,28.54,28140.86,,,,,
4349,8/1/2026 15:48,75.29,8.27,7.03,75.19,43154.6,44087,28.4,28082.54,,,,,
4350,8/1/2026 16:03,75.46,7.96,6.78,75.39,43038.1,43860.3,28.24,28006.73,,,,,
4351,8/1/2026 16:18,75.59,7.66,6.52,75.46,42869,43651.3,28.09,27896.66,,,,,
4352,8/1/2026 16:33,75.8,7.51,6.41,75.79,42728.7,43338,27.88,27805.39,,,,,
4353,8/1/2026 16:48,76.02,7.2,6.14,75.93,42606,43147,27.74,27725.52,,,,,
4354,8/1/2026 17:03,76.16,6.89,5.89,76.08,42493.4,42955.7,27.61,27652.25,,,,,
4355,8/1/2026 17:18,76.37,6.6,5.64,76.27,42379.1,42744.3,27.46,27577.9,,,,,
4356,8/1/2026 17:33,76.48,6.15,5.26,76.39,42358.3,42660.5,27.4,27564.33,,,,,
4357,8/1/2026 17:48,76.72,5.87,5.03,76.65,42228.9,42402.8,27.23,27480.15,,,,,
4358,8/1/2026 18:03,77.03,5.63,4.83,76.89,42341.4,42394.1,27.22,27553.37,,,,,
4359,8/1/2026 18:18,77.14,5.58,4.77,77.05,42776.6,42750.9,27.48,27836.56,,,,,
4360,8/1/2026 18:33,77.2,4.87,4.18,77.08,42495.3,42453.6,27.27,27653.5,,,,,
4361,8/1/2026 18:48,77.03,4.9,4.2,76.86,42416.6,42485.6,27.29,27602.3,,,,,
4362,8/1/2026 19:03,77,4.48,3.84,76.88,41927.4,41987.5,26.93,27283.95,,,,,
4363,8/1/2026 19:18,76.99,4.12,3.54,76.86,41809.7,41877.7,26.85,27207.34,,,,,
4364,8/1/2026 19:33,76.97,3.99,3.42,76.84,41774.9,41850.8,26.83,27184.68,,,,,
4365,8/1/2026 19:48,76.96,3.63,3.11,76.81,42091.3,42183.9,27.07,27390.59,,,,,
4366,8/1/2026 20:03,76.92,3.37,2.9,76.78,41775.1,41880.4,26.85,27184.86,,,,,
4367,8/1/2026 20:18,76.86,2.83,2.43,76.74,41606.8,41735.5,26.75,27075.32,,,,,
4368,8/1/2026 20:33,76.84,2.94,2.53,76.69,41402.3,41551.5,26.62,26942.19,,,,,
4369,8/1/2026 20:48,76.81,2.94,2.53,76.68,41326.9,41483.8,26.57,26893.15,,,,,
4370,8/1/2026 21:03,76.78,2.9,2.49,76.65,41242.7,41412.5,26.52,26838.38,,,,,
4371,8/1/2026 21:18,76.72,2.87,2.47,76.59,40848.4,41045.4,26.26,26581.78,,,,,
4372,8/1/2026 21:33,76.82,2.89,2.49,76.7,41157.8,41303.5,26.44,26783.1,,,,,
4373,8/1/2026 21:48,76.94,3.03,2.6,76.76,41563.2,41681.2,26.71,27046.93,,,,,
4374,8/1/2026 22:03,76.6,3.35,2.87,76.38,41546.7,41848.5,26.82,27036.2,,,,,
4375,8/1/2026 22:18,76.46,3.49,3,76.33,41368.5,41695.6,26.71,26920.25,,,,,
4376,8/1/2026 22:33,76.34,3.8,3.26,76.16,41660.5,42070.6,26.98,27110.23,,,,,
4377,8/1/2026 22:48,76.23,4.12,3.54,76.12,41279.4,41709.8,26.72,26862.27,,,,,
4378,8/1/2026 23:03,76.24,4.34,3.72,76.12,41850.3,42283.9,27.13,27233.73,,,,,
4379,8/1/2026 23:18,75.97,4.6,3.94,75.77,41775.9,42385.2,27.19,27185.35,,,,,
4380,8/1/2026 23:33,75.38,5.2,4.46,75.13,40874.5,41787.4,26.75,26598.79,,,,,
4381,8/1/2026 23:48,74.98,5.68,4.91,74.8,38953.6,39981.1,25.46,25348.74,,,,,
4382,8/2/2026 0:03,74.66,6.26,5.37,74.5,40872.7,42101,26.96,26597.59,,,,,
4383,8/2/2026 0:18,74.52,6.63,5.64,74.36,42481.6,43832.4,28.19,27644.59,,,,,
4384,8/2/2026 0:33,74.33,7,5.96,74.16,42369.4,43822.1,28.18,27571.53,,,,,
4385,8/2/2026 0:48,74.1,7.28,6.18,73.94,42501.3,44076.5,28.36,27657.37,,,,,
4386,8/2/2026 1:03,73.94,7.46,6.32,73.75,42870.1,44558,28.7,27897.37,,,,,
4387,8/2/2026 1:18,73.71,7.63,6.49,73.55,42158.5,43924.9,28.24,27434.34,,,,,
4388,8/2/2026 1:33,73.57,7.73,6.54,73.43,42918.5,44781.3,28.85,27928.88,,,,,
4389,8/2/2026 1:48,73.45,7.77,6.54,73.29,44489,46499.5,30.08,28950.89,,,,,
4390,8/2/2026 2:03,73.35,7.78,6.58,73.2,42885.1,44876.3,28.91,27907.15,,,,,
4391,8/2/2026 2:18,73.23,7.86,6.65,73.09,42922.5,44974.7,28.98,27931.51,,,,,
4392,8/2/2026 2:33,73.14,7.9,6.68,72.99,43036.3,45147.5,29.1,28005.56,,,,,
4393,8/2/2026 2:48,73.07,7.54,6.37,72.95,43035.9,45171,29.12,28005.31,,,,,
4394,8/2/2026 3:03,73.08,7,5.92,72.95,43071.4,45208.2,29.14,28028.37,,,,,
4395,8/2/2026 3:18,73.25,7.34,6.31,73.13,39233.7,41087.8,26.21,25531,,,,,
4396,8/2/2026 3:33,73.3,7.31,6.21,73.19,42240.8,44205,28.43,27487.9,,,,,
4397,8/2/2026 3:48,73.5,7.05,6,73.41,42034.3,43873.2,28.2,27353.52,,,,,
4398,8/2/2026 4:03,73.64,6.66,5.67,73.5,41909.6,43691.4,28.07,27272.38,,,,,
4399,8/2/2026 4:18,73.76,6.41,5.45,73.65,42096,43808,28.16,27393.66,,,,,
4400,8/2/2026 4:33,73.88,6.1,5.26,73.75,38670.4,40195.7,25.59,25164.5,,,,,
4401,8/2/2026 4:48,73.93,5.88,5.02,73.83,41148.9,42727.1,27.39,26777.36,,,,,
4402,8/2/2026 5:03,74.04,5.54,4.73,73.93,40963.6,42484.6,27.22,26656.74,,,,,
4403,8/2/2026 5:18,74.14,5.23,4.45,74.02,41799.3,43303.1,27.81,27200.54,,,,,
4404,8/2/2026 5:33,74.19,4.85,4.14,74.07,41788.8,43266.8,27.78,27193.74,,,,,
4405,8/2/2026 5:48,74.24,4.41,3.76,74.13,41585.1,43025.1,27.61,27061.19,,,,,
4406,8/2/2026 6:03,74.32,4.06,3.47,74.21,41498.8,42893.8,27.52,27005.04,,,,,
4407,8/2/2026 6:18,74.41,3.59,3.07,74.31,41362.4,42702.6,27.39,26916.25,,,,,
4408,8/2/2026 6:33,74.35,3.57,3.05,74.23,41335.5,42713.8,27.39,26898.78,,,,,
4409,8/2/2026 6:48,74.37,3.31,2.83,74.25,41358.7,42729.4,27.4,26913.87,,,,,
4410,8/2/2026 7:03,74.45,3.12,2.67,74.34,41310.8,42632.7,27.34,26882.68,,,,,
4411,8/2/2026 7:18,74.53,2.85,2.44,74.42,41236.5,42514.4,27.25,26834.33,,,,,
4412,8/2/2026 7:33,74.59,2.78,2.38,74.48,41226.1,42476.1,27.23,26827.57,,,,,
4413,8/2/2026 7:48,74.64,2.52,2.16,74.53,41138.4,42360.9,27.15,26770.48,,,,,
4414,8/2/2026 8:03,74.68,2.42,2.07,74.58,41087.8,42284.1,27.09,26737.57,,,,,
4415,8/2/2026 8:18,74.78,2.46,2.1,74.69,41172.1,42310.4,27.12,26792.46,,,,,
4416,8/2/2026 8:33,74.87,2.41,2.06,74.76,41114.1,42215.1,27.05,26754.71,,,,,
4417,8/2/2026 8:48,74.97,2.4,2.05,74.89,41050.6,42087.1,26.96,26713.36,,,,,
4418,8/2/2026 9:03,75.12,2.44,2.09,75.07,41100.5,42048.2,26.94,26745.8,,,,,
4419,8/2/2026 9:18,75.33,2.23,1.91,75.28,41110.6,41950,26.87,26752.38,,,,,
4420,8/2/2026 9:33,75.45,2.16,1.85,75.45,41199.8,41957.1,26.88,26810.47,,,,,
4421,8/2/2026 9:48,75.63,2.34,2.01,75.64,41214.4,41880.2,26.83,26819.97,,,,,
4422,8/2/2026 10:03,75.55,2.33,2,75.43,40989.4,41753.6,26.74,26673.54,,,,,
4423,8/2/2026 10:18,75.5,2.24,1.92,75.42,40862.7,41632.5,26.65,26591.08,,,,,
4424,8/2/2026 10:33,75.72,2.64,2.26,75.67,41270.5,41921,26.86,26856.48,,,,,
4425,8/2/2026 10:48,75.91,2.95,2.53,75.88,41442.4,41990.2,26.91,26968.35,,,,,
4426,8/2/2026 11:03,76.07,3.03,2.6,75.96,41507.3,42018.1,26.94,27010.54,,,,,
4427,8/2/2026 11:18,76.18,3.49,2.99,76.1,41639.5,42079,26.98,27096.55,,,,,
4428,8/2/2026 11:33,76.13,3.73,3.19,76.1,41996.4,42439.8,27.24,27328.85,,,,,
4429,8/2/2026 11:48,76.32,4.44,3.8,76.24,41850.1,42227,27.09,27233.66,,,,,
4430,8/2/2026 12:03,76.2,5.07,4.35,76.04,41822.3,42293.6,27.13,27215.54,,,,,
4431,8/2/2026 12:18,76.1,5.96,5.1,75.94,42188.4,42718.6,27.44,27453.8,,,,,
4432,8/2/2026 12:33,76.02,6.46,5.52,75.88,42541,43103.3,27.71,27683.22,,,,,
4433,8/2/2026 12:48,75.94,6.81,5.81,75.79,42805.3,43418.4,27.93,27855.2,,,,,
4434,8/2/2026 13:03,75.87,7.3,6.21,75.7,43137.1,43800,28.2,28071.12,,,,,
4435,8/2/2026 13:18,75.79,7.89,6.71,75.65,43393.1,44085.5,28.41,28237.73,,,,,
4436,8/2/2026 13:33,75.73,8.36,7.1,75.58,43511.3,44242.6,28.52,28314.63,,,,,
4437,8/2/2026 13:48,75.73,8.51,7.23,75.59,43601.2,44328.2,28.58,28373.11,,,,,
4438,8/2/2026 14:03,75.73,8.53,7.24,75.6,43699.4,44422.4,28.65,28437.04,,,,,
4439,8/2/2026 14:18,75.68,8.76,7.43,75.57,44002.1,44750.3,28.88,28634.03,,,,,
4440,8/2/2026 14:33,75.67,8.69,7.37,75.51,43908.2,44683.6,28.83,28572.92,,,,,
4441,8/2/2026 14:48,75.55,8.56,7.26,75.39,43844.2,44681.8,28.83,28531.29,,,,,
4442,8/2/2026 15:03,75.43,8.48,7.19,75.27,43759,44661.1,28.81,28475.8,,,,,
4443,8/2/2026 15:18,75.32,8.17,6.93,75.18,43767,44715.5,28.85,28481.04,,,,,
4444,8/2/2026 15:33,75.31,7.48,6.34,75.18,43873.4,44824.2,28.93,28550.26,,,,,
4445,8/2/2026 15:48,75.84,8.43,7.16,75.79,43795.6,44422.9,28.65,28499.63,,,,,
4446,8/2/2026 16:03,76.25,8.87,7.53,76.26,43936.6,44318,28.59,28591.4,,,,,
4447,8/2/2026 16:18,76.58,8.77,7.46,76.54,43891.7,44128.7,28.46,28562.17,,,,,
4448,8/2/2026 16:33,76.72,8.53,7.25,76.61,43842.1,44042.3,28.4,28529.92,,,,,
4449,8/2/2026 16:48,76.9,8.51,7.24,76.84,43854.9,43934.6,28.33,28538.25,,,,,
4450,8/2/2026 17:03,77.08,8.19,6.98,76.98,43667.8,43677.6,28.15,28416.48,,,,,
4451,8/2/2026 17:18,77.1,7.71,6.57,77.01,43440.5,43433.6,27.97,28268.55,,,,,
4452,8/2/2026 17:33,77.26,7.4,6.32,77.17,43472.1,43385.2,27.94,28289.11,,,,,
4453,8/2/2026 17:48,77.35,7.03,6.01,77.25,43121.7,42994.7,27.66,28061.14,,,,,
4454,8/2/2026 18:03,77.48,6.64,5.68,77.42,42995.9,42785.1,27.51,27979.27,,,,,
4455,8/2/2026 18:18,77.7,6.23,5.34,77.63,43013.9,42700.1,27.46,27990.97,,,,,
4456,8/2/2026 18:33,77.92,5.81,4.97,77.9,43177.8,42727.6,27.48,28097.59,,,,,
4457,8/2/2026 18:48,78.05,5.83,4.99,77.95,43156.5,42682.3,27.45,28083.77,,,,,
4458,8/2/2026 19:03,78.1,5.13,4.39,78.01,42986.4,42487.3,27.31,27973.09,,,,,
4459,8/2/2026 19:18,78.07,4.66,4,77.96,43009.2,42534,27.35,27987.9,,,,,
4460,8/2/2026 19:33,78.06,4.5,3.86,77.95,42744.1,42274.4,27.16,27815.37,,,,,
4461,8/2/2026 19:48,78.04,4.37,3.75,77.93,42627.2,42169.5,27.08,27739.33,,,,,
4462,8/2/2026 20:03,78.04,3.8,3.25,77.93,42710.6,42252,27.14,27793.58,,,,,
4463,8/2/2026 20:18,78.02,3.41,2.93,77.9,42734,42288.5,27.17,27808.84,,,,,
4464,8/2/2026 20:33,78,3.19,2.73,77.9,42664.2,42222,27.12,27763.37,,,,,
4465,8/2/2026 20:48,77.98,2.9,2.49,77.85,42726.1,42307.3,27.18,27803.68,,,,,
4466,8/2/2026 21:03,77.98,3.03,2.6,77.87,42708.4,42279.1,27.16,27792.13,,,,,
4467,8/2/2026 21:18,77.93,2.84,2.43,77.83,42577,42170.4,27.08,27706.67,,,,,
4468,8/2/2026 21:33,77.91,2.71,2.33,77.78,42613,42227.3,27.12,27730.08,,,,,
4469,8/2/2026 21:48,77.9,2.62,2.25,77.8,42524.8,42129.3,27.05,27672.71,,,,,
4470,8/2/2026 22:03,77.95,2.72,2.34,77.88,42417.2,41988.2,26.95,27602.65,,,,,
4471,8/2/2026 22:18,78,2.74,2.36,77.9,42367.3,41925.5,26.91,27570.18,,,,,
4472,8/2/2026 22:33,77.97,2.84,2.44,77.81,41914,41521.6,26.62,27275.24,,,,,
4473,8/2/2026 22:48,77.6,3.44,2.96,77.45,42098.1,41878.4,26.87,27395.03,,,,,
4474,8/2/2026 23:03,77.51,3.51,3.02,77.37,41718.9,41537.9,26.62,27148.24,,,,,
4475,8/2/2026 23:18,77.28,3.82,3.28,77.1,42090.2,42043.5,26.98,27389.87,,,,,
4476,8/2/2026 23:33,77.18,4.01,3.45,77.04,41872.6,41852.7,26.84,27248.26,,,,,
4477,8/2/2026 23:48,77.12,4.39,3.77,76.96,41693.7,41711,26.74,27131.84,,,,,
4478,8/3/2026 0:03,76.82,4.78,4.1,76.57,41996.8,42207.4,27.08,27329.1,,,,,
4479,8/3/2026 0:18,76.23,5.52,4.73,75.97,41421.2,41922.9,26.87,26954.5,,,,,
4480,8/3/2026 0:33,75.83,6.05,5.17,75.65,42169.8,42842.7,27.52,27441.7,,,,,
4481,8/3/2026 0:48,75.64,6.5,5.55,75.48,42176.6,42938,27.58,27446.11,,,,,
4482,8/3/2026 1:03,75.51,6.82,5.81,75.36,42697.9,43530.4,28,27785.34,,,,,
4483,8/3/2026 1:18,75.37,7.17,6.09,75.2,43142.9,44069.3,28.39,28074.91,,,,,
4484,8/3/2026 1:33,75.12,7.35,6.25,74.95,42818,43865,28.23,27863.51,,,,,
4485,8/3/2026 1:48,74.91,7.45,6.33,74.72,42873.1,44044,28.36,27899.32,,,,,
4486,8/3/2026 2:03,74.69,7.5,6.44,74.52,40502.9,41709.3,26.68,26356.95,,,,,
4487,8/3/2026 2:18,74.53,7.62,6.46,74.38,43447.1,44816.9,28.9,28272.89,,,,,
4488,8/3/2026 2:33,74.43,7.62,6.47,74.27,42735.5,44143.3,28.42,27809.82,,,,,
4489,8/3/2026 2:48,74.34,7.73,6.58,74.2,42301.5,43729.1,28.12,27527.36,,,,,
4490,8/3/2026 3:03,74.27,7.64,6.49,74.14,42487.4,43955.7,28.28,27648.35,,,,,
4491,8/3/2026 3:18,74.21,7.43,6.29,74.07,43468.8,45009.2,29.03,28287,,,,,
4492,8/3/2026 3:33,74.16,7.23,6.12,74.02,43464.6,45028.4,29.04,28284.28,,,,,
4493,8/3/2026 3:48,74.19,6.6,5.58,74.12,43435.5,44945.3,28.99,28265.31,,,,,
4494,8/3/2026 4:03,74.35,7.17,6.11,74.24,42081.7,43482,27.94,27384.32,,,,,
4495,8/3/2026 4:18,74.51,6.89,5.88,74.41,41906.4,43213.6,27.75,27270.29,,,,,
4496,8/3/2026 4:33,74.66,6.57,5.58,74.54,42965.6,44233.8,28.49,27959.55,,,,,
4497,8/3/2026 4:48,74.8,6.25,5.3,74.7,42995.7,44178.6,28.45,27979.14,,,,,
4498,8/3/2026 5:03,74.96,5.95,5.06,74.85,42975.2,44080.3,28.38,27965.78,,,,,
4499,8/3/2026 5:18,75.07,5.78,4.93,74.97,42393.8,43422,27.92,27587.44,,,,,
4500,8/3/2026 5:33,75.21,5.42,4.62,75.1,42551.7,43518.9,27.99,27690.19,,,,,
4501,8/3/2026 5:48,75.3,5.52,4.7,75.2,42744.3,43662.2,28.09,27815.53,,,,,
4502,8/3/2026 6:03,75.38,5.22,4.44,75.27,42605.4,43483.8,27.97,27725.12,,,,,
4503,8/3/2026 6:18,75.46,4.79,4.08,75.35,42563.1,43398.5,27.91,27697.6,,,,,
4504,8/3/2026 6:33,75.51,4.15,3.55,75.37,42283.1,43104.7,27.7,27515.4,,,,,
4505,8/3/2026 6:48,75.55,4,3.42,75.46,42190.5,42960.4,27.6,27455.12,,,,,
4506,8/3/2026 7:03,75.68,3.69,3.15,75.59,42098.1,42802.9,27.49,27395.02,,,,,
4507,8/3/2026 7:18,75.64,3.62,3.1,75.51,42126.9,42870.8,27.53,27413.75,,,,,
4508,8/3/2026 7:33,75.71,3.36,2.87,75.58,42181.3,42890.2,27.55,27449.14,,,,,
4509,8/3/2026 7:48,75.8,2.88,2.46,75.69,42139.5,42795.4,27.48,27421.96,,,,,
4510,8/3/2026 8:03,75.9,3.03,2.59,75.78,42106.9,42712.8,27.43,27400.75,,,,,
4511,8/3/2026 8:18,75.99,2.9,2.48,75.9,42101.3,42649.6,27.39,27397.12,,,,,
4512,8/3/2026 8:33,76.11,2.65,2.27,75.99,42233.6,42737,27.45,27483.21,,,,,
4513,8/3/2026 8:48,76.14,2.68,2.3,76.02,42205.9,42692.5,27.42,27465.2,,,,,
4514,8/3/2026 9:03,76.16,2.57,2.2,76.04,42121.9,42599.3,27.35,27410.48,,,,,
4515,8/3/2026 9:18,76.16,2.64,2.26,76.03,41941.2,42419.3,27.22,27292.93,,,,,
4516,8/3/2026 9:33,76.2,2.5,2.14,76.06,41817.7,42280.9,27.13,27212.58,,,,,
4517,8/3/2026 9:48,76.2,2.36,2.02,76.08,41581.6,42031.4,26.95,27058.92,,,,,
4518,8/3/2026 10:03,76.2,2.38,2.05,76.08,41347.4,41794.6,26.78,26906.49,,,,,
4519,8/3/2026 10:18,76.09,2.88,2.48,75.93,40551.4,41063.7,26.26,26388.52,,,,,
4520,8/3/2026 10:33,75.95,2.55,2.2,75.8,39502.3,40063,25.54,25705.81,,,,,
4521,8/3/2026 10:48,76.16,2.17,1.86,76.04,40796,41258.4,26.4,26547.69,,,,,
4522,8/3/2026 11:03,76.16,2.28,1.96,76.03,40645.9,41111.8,26.29,26449.99,,,,,
4523,8/3/2026 11:18,76.07,2.94,2.54,75.94,39727.9,40227.1,25.66,25852.6,,,,,
4524,8/3/2026 11:33,76.11,3.41,2.95,75.99,39443.9,39916.5,25.44,25667.8,,,,,
4525,8/3/2026 11:48,76.14,3.63,3.13,76,40321.5,40796.8,26.07,26238.91,,,,,
4526,8/3/2026 12:03,76,3.83,3.3,75.85,40398.4,40948.2,26.17,26288.98,,,,,
4527,8/3/2026 12:18,75.88,4.04,3.48,75.74,40316.6,40920.4,26.15,26235.71,,,,,
4528,8/3/2026 12:33,75.76,4.56,3.93,75.63,40090.9,40741.1,26.02,26088.83,,,,,
4529,8/3/2026 12:48,75.57,5.46,4.69,75.4,40491.9,41260.1,26.38,26349.81,,,,,
4530,8/3/2026 13:03,75.47,5.98,5.13,75.32,41004.6,41823,26.78,26683.42,,,,,
4531,8/3/2026 13:18,75.37,6.3,5.39,75.22,41528.8,42409.7,27.2,27024.57,,,,,
4532,8/3/2026 13:33,75.2,6.61,5.65,75.05,41741.8,42715.4,27.41,27163.18,,,,,
4533,8/3/2026 13:48,75,7.03,6,74.82,41930.6,43025.5,27.63,27285.98,,,,,
4534,8/3/2026 14:03,74.82,7.41,6.32,74.67,41919.2,43089.3,27.67,27278.61,,,,,
4535,8/3/2026 14:18,74.72,7.65,6.52,74.57,42144,43373.8,27.87,27424.88,,,,,
4536,8/3/2026 14:33,74.68,7.7,6.56,74.54,42206.8,43455.4,27.93,27465.77,,,,,
4537,8/3/2026 14:48,74.64,7.83,6.66,74.5,42329.7,43599,28.03,27545.73,,,,,
4538,8/3/2026 15:03,74.61,7.83,6.66,74.46,42475,43771.4,28.15,27640.3,,,,,
4539,8/3/2026 15:18,74.53,7.75,6.59,74.39,42586.2,43923.2,28.26,27712.65,,,,,
4540,8/3/2026 15:33,74.45,7.66,6.51,74.32,42668.3,44048,28.35,27766.06,,,,,
4541,8/3/2026 15:48,74.4,7.68,6.52,74.24,42650.2,44066.6,28.36,27754.29,,,,,
4542,8/3/2026 16:03,74.33,7.53,6.4,74.19,42747.7,44199,28.45,27817.75,,,,,
4543,8/3/2026 16:18,74.34,6.62,5.62,74.22,42690.4,44122.5,28.4,27780.43,,,,,
4544,8/3/2026 16:33,74.62,7.74,6.58,74.54,42764.9,44030,28.34,27828.95,,,,,
4545,8/3/2026 16:48,74.87,8.04,6.84,74.84,42763.1,43868.4,28.23,27827.73,,,,,
4546,8/3/2026 17:03,75.2,7.9,6.73,75.11,42564.2,43523.2,27.99,27698.31,,,,,
4547,8/3/2026 17:18,75.38,7.51,6.4,75.27,42351.2,43221.5,27.78,27559.71,,,,,
4548,8/3/2026 17:33,75.47,7.3,6.24,75.36,41750.1,42566.9,27.31,27168.59,,,,,
4549,8/3/2026 17:48,75.65,6.84,5.84,75.55,42247.1,42976.6,27.61,27492,,,,,
4550,8/3/2026 18:03,75.8,6.77,5.79,75.72,42088.4,42727,27.44,27388.72,,,,,
4551,8/3/2026 18:18,75.95,6.38,5.46,75.84,41806.3,42380.6,27.19,27205.09,,,,,
4552,8/3/2026 18:33,76.03,6.03,5.17,75.91,41493.1,42028,26.94,27001.3,,,,,
4553,8/3/2026 18:48,76.08,5.63,4.83,75.97,40992.8,41489.3,26.56,26675.73,,,,,
4554,8/3/2026 19:03,76.17,5.29,4.55,76.07,41038.7,41490.5,26.56,26705.62,,,,,
4555,8/3/2026 19:18,76.25,4.92,4.24,76.15,40632,41039.9,26.24,26440.98,,,,,
4556,8/3/2026 19:33,76.25,4.88,4.21,76.13,40308.3,40723.3,26.02,26230.28,,,,,
4557,8/3/2026 19:48,76.2,4.72,4.07,76.06,40193.7,40638.8,25.96,26155.74,,,,,
4558,8/3/2026 20:03,76.19,4.16,3.59,76.06,40058.1,40504.3,25.86,26067.48,,,,,
4559,8/3/2026 20:18,76.14,4.04,3.49,76,39794.4,40266.1,25.69,25895.93,,,,,
4560,8/3/2026 20:33,76.05,3.79,3.28,75.91,39102,39606.1,25.22,25445.34,,,,,
4561,8/3/2026 20:48,76.01,3.56,3.08,75.87,38697.5,39214,24.94,25182.09,,,,,
4562,8/3/2026 21:03,75.85,3.3,2.87,75.69,38137.7,38728.8,24.6,24817.82,,,,,
4563,8/3/2026 21:18,75.68,2.95,2.57,75.51,37679.1,38344.5,24.33,24519.38,,,,,
4564,8/3/2026 21:33,75.47,2.82,2.46,75.31,37005.3,37751.2,23.9,24080.91,,,,,
4565,8/3/2026 21:48,75.19,2.63,2.3,75,36600.8,37476.3,23.71,23817.69,,,,,
4566,8/3/2026 22:03,75.21,2.65,2.31,75.07,36348.6,37184.4,23.5,23653.56,,,,,
4567,8/3/2026 22:18,75.11,2.59,2.26,74.97,35968.5,36843.3,23.26,23406.26,,,,,
4568,8/3/2026 22:33,75.16,2.55,2.23,74.97,35643.7,36510.6,23.03,23194.89,,,,,
4569,8/3/2026 22:48,75.06,2.55,2.24,74.93,35408.8,36286.3,22.87,23041.98,,,,,
4570,8/3/2026 23:03,75.18,2.62,2.32,75.08,32927.6,33680.4,21.07,21427.41,,,,,
4571,8/3/2026 23:18,75.4,2.47,2.16,75.32,35841.9,36557.3,23.07,23323.86,,,,,
4572,8/3/2026 23:33,75.18,2.86,2.5,75.04,36244.8,37092.7,23.44,23586.06,,,,,
4573,8/3/2026 23:48,75.14,3.01,2.62,74.98,37158.3,38054.6,24.11,24180.5,,,,,
4574,8/4/2026 0:03,75.16,3.27,2.85,75.01,37034.1,37915.1,24.01,24099.68,,,,,
4575,8/4/2026 0:18,74.95,3.48,3.06,74.78,34873.2,35800.1,22.53,22693.47,,,,,
4576,8/4/2026 0:33,74.93,3.73,3.28,74.85,34838.6,35734.5,22.49,22670.98,,,,,
4577,8/4/2026 0:48,74.82,4.2,3.65,74.65,37100,38147.9,24.17,24142.53,,,,,
4578,8/4/2026 1:03,74.65,4.78,4.12,74.49,39382.9,40571.7,25.88,25628.12,,,,,
4579,8/4/2026 1:18,74.46,5.23,4.5,74.3,39440.5,40723.8,25.98,25665.63,,,,,
4580,8/4/2026 1:33,74.31,5.72,4.92,74.16,39454.8,40805,26.03,25674.92,,,,,
4581,8/4/2026 1:48,74.25,5.92,5.12,74.1,38605.7,39958.1,25.43,25122.33,,,,,
4582,8/4/2026 2:03,74.15,6.3,5.39,74.01,40600,42068.9,26.93,26420.12,,,,,
4583,8/4/2026 2:18,73.98,6.56,5.62,73.79,40547.1,42127,26.96,26385.7,,,,,
4584,8/4/2026 2:33,73.69,6.63,5.66,73.49,41432.9,43200,27.72,26962.13,,,,,
4585,8/4/2026 2:48,73.42,6.76,5.85,73.23,37754.5,39491.8,25.08,24568.42,,,,,
4586,8/4/2026 3:03,73.26,6.75,5.74,73.11,41708.5,43691,28.06,27141.46,,,,,
4587,8/4/2026 3:18,73.18,6.78,5.78,73.02,41157.8,43162.6,27.68,26783.12,,,,,
4588,8/4/2026 3:33,73.14,6.55,5.57,72.99,41842.4,43895,28.2,27228.62,,,,,
4589,8/4/2026 3:48,73.11,6.61,5.62,72.99,41685.9,43733.7,28.09,27126.77,,,,,
4590,8/4/2026 4:03,73.1,6.38,5.42,72.95,41745,43813.1,28.14,27165.26,,,,,
4591,8/4/2026 4:18,73.07,6.12,5.2,72.94,41668.1,43741,28.09,27115.19,,,,,
4592,8/4/2026 4:33,73.12,6.27,5.34,72.98,41435.8,43474.2,27.9,26964.05,,,,,
4593,8/4/2026 4:48,73.04,6.28,5.35,72.88,41072.1,43143.9,27.66,26727.35,,,,,
4594,8/4/2026 5:03,73.1,6.14,5.24,72.98,40985.5,43004.6,27.57,26670.98,,,,,
4595,8/4/2026 5:18,73.18,6,5.11,73.06,41268,43255.3,27.75,26854.85,,,,,
4596,8/4/2026 5:33,73.25,5.79,4.94,73.15,40995.9,42924.8,27.51,26677.77,,,,,
4597,8/4/2026 5:48,73.27,5.5,4.7,73.17,40726.7,42631.6,27.31,26502.56,,,,,
4598,8/4/2026 6:03,73.32,5.35,4.57,73.18,40460.4,42347.3,27.1,26329.28,,,,,
4599,8/4/2026 6:18,73.28,5.09,4.36,73.15,40122.2,42010,26.86,26109.23,,,,,
4600,8/4/2026 6:33,73.23,4.77,4.09,73.12,39986.9,41884.8,26.77,26021.15,,,,,
4601,8/4/2026 6:48,73.22,4.5,3.87,73.07,39518.1,41418.4,26.44,25716.1,,,,,
4602,8/4/2026 7:03,73.2,4.18,3.59,73.04,39199.5,41098,26.21,25508.77,,,,,
4603,8/4/2026 7:18,73.17,4,3.44,73.03,38975.7,40868.8,26.05,25363.14,,,,,
4604,8/4/2026 7:33,73.1,3.93,3.39,72.97,38795.8,40709.7,25.94,25246.04,,,,,
4605,8/4/2026 7:48,73.04,3.84,3.3,72.93,38715.4,40644.1,25.89,25193.73,,,,,
4606,8/4/2026 8:03,73.2,3.64,3.14,73.09,38525.9,40365.1,25.7,25070.42,,,,,
4607,8/4/2026 8:18,73.34,3.43,2.96,73.25,38215.8,39966.5,25.42,24868.66,,,,,
4608,8/4/2026 8:33,73.49,3.28,2.84,73.39,37973.2,39642.2,25.19,24710.74,,,,,
4609,8/4/2026 8:48,73.6,3.12,2.7,73.51,37730.6,39332,24.98,24552.87,,,,,
4610,8/4/2026 9:03,73.77,2.82,2.45,73.68,37420.6,38927.1,24.7,24351.19,,,,,
4611,8/4/2026 9:18,73.94,2.65,2.3,73.83,37241.6,38669.9,24.52,24234.7,,,,,
4612,8/4/2026 9:33,74.14,2.71,2.36,74.09,37239,38548.5,24.44,24232.97,,,,,
4613,8/4/2026 9:48,74.39,2.72,2.37,74.33,37072.7,38264,24.24,24124.79,,,,,
4614,8/4/2026 10:03,74.81,2.91,2.54,74.79,36964,37944,24.03,24054.06,,,,,
4615,8/4/2026 10:18,75.21,2.96,2.58,75.14,36694.7,37509.4,23.73,23878.82,,,,,
4616,8/4/2026 10:33,75.48,2.86,2.5,75.46,36566.5,37236.2,23.55,23795.39,,,,,
4617,8/4/2026 10:48,75.81,2.83,2.48,75.8,36381.9,36898.3,23.32,23675.25,,,,,
4618,8/4/2026 11:03,76,2.73,2.4,75.97,36214.6,36653.3,23.15,23566.38,,,,,
4619,8/4/2026 11:18,76,2.76,2.42,75.84,35843.5,36333.6,22.92,23324.91,,,,,
4620,8/4/2026 11:33,75.71,2.51,2.2,75.72,35921.4,36464.1,23.01,23375.56,,,,,
4621,8/4/2026 11:48,75.96,3.05,2.67,75.99,36480,36917.1,23.33,23739.05,,,,,
4622,8/4/2026 12:03,75.95,3.41,2.97,75.79,37281.6,37815.6,23.96,24260.69,,,,,
4623,8/4/2026 12:18,76.21,3.69,3.22,76.06,37733.8,38154.2,24.2,24554.98,,,,,
4624,8/4/2026 12:33,76.16,3.95,3.43,76.03,38361.4,38801.2,24.66,24963.38,,,,,
4625,8/4/2026 12:48,76.38,4.37,3.8,76.27,38408.5,38737,24.62,24994.03,,,,,
4626,8/4/2026 13:03,76.51,5.14,4.46,76.49,39120.1,39356.5,25.06,25457.12,,,,,
4627,8/4/2026 13:18,76.63,5.94,5.14,76.49,39783.6,40021.4,25.53,25888.9,,,,,
4628,8/4/2026 13:33,76.63,6.65,5.74,76.51,40390.7,40624.3,25.96,26283.94,,,,,
4629,8/4/2026 13:48,76.65,7.33,6.31,76.49,41005,41250.1,26.4,26683.68,,,,,
4630,8/4/2026 14:03,76.49,7.95,6.83,76.32,41543.6,41877.5,26.84,27034.18,,,,,
4631,8/4/2026 14:18,76.34,8.59,7.36,76.2,41946.7,42340.6,27.17,27296.48,,,,,
4632,8/4/2026 14:33,76.38,9.1,7.78,76.28,42480.9,42841.4,27.53,27644.1,,,,,
4633,8/4/2026 14:48,76.51,9.54,8.15,76.43,42777.1,43065.7,27.69,27836.84,,,,,
4634,8/4/2026 15:03,76.68,9.83,8.39,76.54,42934.4,43166.2,27.77,27939.23,,,,,
4635,8/4/2026 15:18,76.67,9.82,8.41,76.55,42220,42445.2,27.25,27474.34,,,,,
4636,8/4/2026 15:33,76.38,9.8,8.36,76.18,43093.9,43509.7,28.01,28043,,,,,
4637,8/4/2026 15:48,76.04,9.64,8.21,75.84,43058,43649.5,28.1,28019.65,,,,,
4638,8/4/2026 16:03,75.87,9.5,8.08,75.72,43248.8,43902.2,28.28,28143.85,,,,,
4639,8/4/2026 16:18,75.75,9.32,7.93,75.6,43236,43954.1,28.31,28135.49,,,,,
4640,8/4/2026 16:33,75.68,9.03,7.69,75.56,43082.6,43818,28.21,28035.66,,,,,
4641,8/4/2026 16:48,75.68,8.22,7,75.57,43091.7,43821.6,28.22,28041.6,,,,,
4642,8/4/2026 17:03,76.45,9.57,8.31,76.59,38649.6,38836,24.69,25150.95,,,,,
4643,8/4/2026 17:18,77.14,9.79,8.4,77.08,41986.9,41948.3,26.91,27322.66,,,,,
4644,8/4/2026 17:33,77.26,9.9,8.62,77.17,38553.1,38478.6,24.45,25088.16,,,,,
4645,8/4/2026 17:48,77.33,9.68,8.32,77.23,41727.8,41618,26.68,27154.03,,,,,
4646,8/4/2026 18:03,77.45,9.64,8.39,77.36,38790.9,38630,24.56,25242.9,,,,,
4647,8/4/2026 18:18,77.53,9.09,7.8,77.45,42266.6,42046,26.99,27504.66,,,,,
4648,8/4/2026 18:33,77.59,8.17,7.05,77.5,40998.1,40760.9,26.07,26679.21,,,,,
4649,8/4/2026 18:48,77.66,8.55,7.32,77.56,42697.6,42418.3,27.25,27785.14,,,,,
4650,8/4/2026 19:03,77.74,8.12,7.02,77.64,40534.7,40236.5,25.7,26377.66,,,,,
4651,8/4/2026 19:18,77.77,7.7,6.63,77.66,41641.6,41324.7,26.48,27097.93,,,,,
4652,8/4/2026 19:33,77.8,7.12,6.13,77.71,41362.8,41024.7,26.26,26916.52,,,,,
4653,8/4/2026 19:48,77.84,6.43,5.55,77.71,41140.4,40801.5,26.1,26771.77,,,,,
4654,8/4/2026 20:03,77.89,5.96,5.14,77.79,41370.7,40991.1,26.24,26921.69,,,,,
4655,8/4/2026 20:18,77.84,5.7,4.94,77.71,40051,39721.1,25.34,26062.85,,,,,
4656,8/4/2026 20:33,77.79,5.04,4.35,77.68,41006.8,40684.4,26.02,26684.83,,,,,
4657,8/4/2026 20:48,77.77,4.67,4.07,77.65,38233,37946.9,24.08,24879.82,,,,,
4658,8/4/2026 21:03,77.73,4.23,3.68,77.6,39000.7,38730.8,24.64,25379.39,,,,,
4659,8/4/2026 21:18,77.68,3.59,3.14,77.58,37658.7,37407.6,23.7,24506.08,,,,,
4660,8/4/2026 21:33,77.68,3.36,2.92,77.58,39528,39264.5,25.01,25722.55,,,,,
4661,8/4/2026 21:48,77.67,2.64,2.31,77.54,37208.6,36974.5,23.4,24213.2,,,,,
4662,8/4/2026 22:03,77.61,2.78,2.44,77.51,36628.3,36411.7,23.01,23835.59,,,,,
4663,8/4/2026 22:18,77.59,2.67,2.33,77.48,38869.8,38652.3,24.58,25294.25,,,,,
4664,8/4/2026 22:33,77.55,2.5,2.18,77.46,38423.5,38218.1,24.27,25003.78,,,,,
4665,8/4/2026 22:48,77.54,2.4,2.1,77.42,37949.2,37765.4,23.95,24695.14,,,,,
4666,8/4/2026 23:03,77.55,2.39,2.09,77.43,37539.2,37350.3,23.66,24428.33,,,,,
4667,8/4/2026 23:18,77.47,2.26,1.97,77.36,37617.1,37458.8,23.74,24479.07,,,,,
4668,8/4/2026 23:33,77.43,2.23,1.95,77.29,36939.8,36814.6,23.28,24038.29,,,,,
4669,8/4/2026 23:48,77.39,2.31,2.03,77.3,36753.4,36624.2,23.15,23917.01,,,,,
4670,8/5/2026 0:03,77.39,2.21,1.94,77.26,37056.6,36942.7,23.37,24114.31,,,,,
4671,8/5/2026 0:18,77.43,2.19,1.92,77.31,37410.3,37274,23.61,24344.48,,,,,
4672,8/5/2026 0:33,77.14,2.84,2.48,77.04,38147.6,38129.5,24.2,24824.27,,,,,
4673,8/5/2026 0:48,76.96,3.09,2.69,76.76,38222.7,38328.7,24.34,24873.12,,,,,
4674,8/5/2026 1:03,76.82,3.52,3.07,76.65,37927.4,38081.1,24.16,24680.97,,,,,
4675,8/5/2026 1:18,76.6,3.74,3.26,76.44,37619.1,37865.7,24.01,24480.34,,,,,
4676,8/5/2026 1:33,76.5,4.24,3.7,76.31,37535.8,37839.9,23.99,24426.16,,,,,
4677,8/5/2026 1:48,76.29,4.81,4.19,76.11,37455.6,37848.6,23.99,24373.94,,,,,
4678,8/5/2026 2:03,76.03,5.56,4.82,75.84,38974.2,39507.1,25.15,25362.14,,,,,
4679,8/5/2026 2:18,75.79,6.14,5.3,75.6,39844.2,40506,25.85,25928.29,,,,,
4680,8/5/2026 2:33,75.55,6.66,5.78,75.39,38337,39069.3,24.83,24947.48,,,,,
4681,8/5/2026 2:48,75.39,7.14,6.15,75.24,39765.1,40598,25.91,25876.83,,,,,
4682,8/5/2026 3:03,75.21,7.5,6.43,75.04,41098.9,42063,26.95,26744.79,,,,,
4683,8/5/2026 3:18,75,7.71,6.63,74.82,40053.5,41099.4,26.26,26064.49,,,,,
4684,8/5/2026 3:33,74.74,7.8,6.71,74.56,39995.9,41165.7,26.3,26027,,,,,
4685,8/5/2026 3:48,74.41,7.79,6.7,74.25,39954.6,41278.8,26.37,26000.16,,,,,
4686,8/5/2026 4:03,74.19,7.76,6.67,74.02,39829.7,41262.7,26.35,25918.88,,,,,
4687,8/5/2026 4:18,74.04,7.77,6.62,73.87,41817.8,43404.5,27.88,27212.58,,,,,
4688,8/5/2026 4:33,73.94,7.57,6.44,73.8,41789.9,43412.6,27.88,27194.48,,,,,
4689,8/5/2026 4:48,73.9,7.33,6.25,73.76,41835.1,43476.6,27.92,27223.9,,,,,
4690,8/5/2026 5:03,73.89,7.28,6.24,73.76,40312.6,41894.3,26.8,26233.1,,,,,
4691,8/5/2026 5:18,73.98,6.79,5.82,73.91,40340.7,41849.5,26.77,26251.4,,,,,
4692,8/5/2026 5:33,74.13,7.24,6.24,74.03,39338.4,40748.4,25.99,25599.15,,,,,
4693,8/5/2026 5:48,74.25,7.05,6.04,74.15,40513.9,41905.8,26.81,26364.13,,,,,
4694,8/5/2026 6:03,74.36,6.89,5.94,74.24,38949.5,40245.6,25.64,25346.1,,,,,
4695,8/5/2026 6:18,74.48,6.76,5.84,74.37,38943.5,40176.6,25.59,25342.2,,,,,
4696,8/5/2026 6:33,74.56,6.51,5.62,74.43,38824.4,40025,25.49,25264.68,,,,,
4697,8/5/2026 6:48,74.61,6.24,5.4,74.48,38596.8,39764.5,25.3,25116.6,,,,,
4698,8/5/2026 7:03,74.66,6.04,5.24,74.54,38247.1,39378.5,25.03,24889,,,,,
4699,8/5/2026 7:18,74.67,5.71,4.95,74.54,38088.7,39215.4,24.92,24785.9,,,,,
4700,8/5/2026 7:33,74.74,5.45,4.73,74.62,37803.6,38881.5,24.68,24600.42,,,,,
4701,8/5/2026 7:48,74.78,5.19,4.51,74.69,37812.2,38857.6,24.67,24606.02,,,,,
4702,8/5/2026 8:03,74.8,4.82,4.19,74.7,37876.8,38921.4,24.71,24648.06,,,,,
4703,8/5/2026 8:18,74.74,4.88,4.24,74.66,37536.4,38589.1,24.48,24426.53,,,,,
4704,8/5/2026 8:33,74.86,4.68,4.06,74.75,37542.2,38555,24.46,24430.27,,,,,
4705,8/5/2026 8:48,75.07,4.56,3.96,74.97,37645.6,38561.2,24.47,24497.62,,,,,
4706,8/5/2026 9:03,75.21,4.06,3.53,75.11,37204.3,38045,24.11,24210.4,,,,,
4707,8/5/2026 9:18,75.34,4.13,3.6,75.26,36983.2,37750.6,23.9,24066.55,,,,,
4708,8/5/2026 9:33,75.51,3.77,3.29,75.42,36969,37665.5,23.85,24057.27,,,,,
4709,8/5/2026 9:48,75.71,3.44,3.01,75.63,36890.6,37491.3,23.73,24006.29,,,,,
4710,8/5/2026 10:03,75.94,2.93,2.56,75.87,36756.6,37247.2,23.56,23919.09,,,,,
4711,8/5/2026 10:18,76.2,2.91,2.55,76.22,36810.3,37146.6,23.5,23954.05,,,,,
4712,8/5/2026 10:33,76.57,3.1,2.72,76.55,36826.6,37020.7,23.42,23964.61,,,,,
4713,8/5/2026 10:48,76.89,3.11,2.72,76.84,36998.8,37068.3,23.45,24076.66,,,,,
4714,8/5/2026 11:03,77.02,3.28,2.88,76.92,36749.9,36783.9,23.26,23914.72,,,,,
4715,8/5/2026 11:18,77.19,3.1,2.72,77.2,36250.2,36164,22.83,23589.55,,,,,
4716,8/5/2026 11:33,77.66,2.71,2.38,77.8,36527.4,36189.9,22.85,23769.89,,,,,
4717,8/5/2026 11:48,78.15,3.16,2.78,78.01,36462.2,36036.6,22.75,23727.48,,,,,
4718,8/5/2026 12:03,77.58,2.83,2.49,77.48,35767.3,35569.3,22.42,23275.29,,,,,
4719,8/5/2026 12:18,77.33,2.47,2.17,77.24,35967.9,35868.7,22.62,23405.83,,,,,
4720,8/5/2026 12:33,77.92,3.78,3.27,77.8,40081.2,39708.4,25.33,26082.54,,,,,
4721,8/5/2026 12:48,77.96,3.8,3.32,77.94,37368.2,36962.3,23.4,24317.06,,,,,
4722,8/5/2026 13:03,77.91,4.28,3.74,77.81,38083.2,37726.6,23.93,24782.33,,,,,
4723,8/5/2026 13:18,77.88,4.57,3.99,77.82,38244.4,37883.9,24.04,24887.25,,,,,
4724,8/5/2026 13:33,77.9,5.22,4.56,77.8,38374.8,38017.9,24.14,24972.11,,,,,
4725,8/5/2026 13:48,78.06,6.32,5.48,77.98,40100.3,39647.2,25.29,26094.93,,,,,
4726,8/5/2026 14:03,78.06,7.23,6.3,77.94,38892.4,38469.9,24.46,25308.93,,,,,
4727,8/5/2026 14:18,77.95,8.11,7.04,77.8,39595.3,39227.1,24.99,25766.36,,,,,
4728,8/5/2026 14:33,77.9,8.63,7.49,77.77,39551.4,39200.8,24.97,25737.76,,,,,
4729,8/5/2026 14:48,77.7,9.23,8.01,77.56,39701.9,39444.7,25.14,25835.71,,,,,
4730,8/5/2026 15:03,77.48,9.69,8.39,77.35,39865.7,39705.4,25.32,25942.33,,,,,
4731,8/5/2026 15:18,77.33,10.21,8.8,77.2,40973,40875.6,26.15,26662.89,,,,,
4732,8/5/2026 15:33,77.43,10.55,9.12,77.35,40385.6,40223.2,25.69,26280.64,,,,,
4733,8/5/2026 15:48,77.44,10.6,9.13,77.29,41157.7,41020.7,26.25,26783.03,,,,,
4734,8/5/2026 16:03,77.33,10.58,9.12,77.2,41120.8,41023,26.25,26759.03,,,,,
4735,8/5/2026 16:18,77.08,10.49,9.05,76.9,40568.3,40616.2,25.96,26399.53,,,,,
4736,8/5/2026 16:33,76.77,10.33,8.87,76.57,41393.1,41600.7,26.65,26936.25,,,,,
4737,8/5/2026 16:48,76.55,10.09,8.68,76.38,40975.8,41276.1,26.42,26664.68,,,,,
4738,8/5/2026 17:03,76.4,9.89,8.51,76.24,40892.5,41260.7,26.4,26610.5,,,,,
4739,8/5/2026 17:18,76.2,9.94,8.56,76.07,40735.8,41184.3,26.34,26508.53,,,,,
4740,8/5/2026 17:33,76.2,9.29,8.01,76.07,40208.5,40648.6,25.96,26165.39,,,,,
4741,8/5/2026 17:48,76.57,9.61,8.29,76.58,40562.2,40760.4,26.05,26395.54,,,,,
4742,8/5/2026 18:03,77.35,10.29,8.82,77.35,42450,42279.3,27.15,27624,,,,,
4743,8/5/2026 18:18,77.63,10.47,8.98,77.55,42586.7,42313.5,27.18,27712.97,,,,,
4744,8/5/2026 18:33,77.77,10.37,8.93,77.7,41544.2,41209.8,26.39,27034.54,,,,,
4745,8/5/2026 18:48,77.89,10.27,8.83,77.81,41748,41357.1,26.5,27167.19,,,,,
4746,8/5/2026 19:03,78.07,10.17,8.74,78,42151.5,41664.7,26.72,27429.77,,,,,
4747,8/5/2026 19:18,78.17,9.82,8.47,78.08,41126.2,40612.8,25.98,26762.54,,,,,
4748,8/5/2026 19:33,78.27,9.52,8.22,78.17,41134.5,40582.7,25.96,26767.99,,,,,
4749,8/5/2026 19:48,78.3,9.08,7.85,78.2,40997,40429.2,25.85,26678.45,,,,,
4750,8/5/2026 20:03,78.37,8.74,7.55,78.27,41161.2,40557.9,25.94,26785.34,,,,,
4751,8/5/2026 20:18,78.45,8.22,7.11,78.36,40795.6,40159.8,25.66,26547.43,,,,,
4752,8/5/2026 20:33,78.53,7.54,6.52,78.44,41209.8,40526.8,25.92,26816.98,,,,,
4753,8/5/2026 20:48,78.61,6.76,5.88,78.52,39324.6,38638.9,24.59,25590.21,,,,,
4754,8/5/2026 21:03,78.6,6.3,5.45,78.48,41162.7,40465.2,25.88,26786.3,,,,,
4755,8/5/2026 21:18,78.57,5.98,5.17,78.46,41172.6,40482.5,25.89,26792.73,,,,,
4756,8/5/2026 21:33,78.6,5.69,4.92,78.48,40985.8,40288.7,25.75,26671.17,,,,,
4757,8/5/2026 21:48,78.61,5.19,4.49,78.48,40671.5,39979.8,25.53,26466.68,,,,,
4758,8/5/2026 22:03,78.61,4.67,4.04,78.49,40768.6,40072.8,25.6,26529.88,,,,,
4759,8/5/2026 22:18,78.61,3.94,3.42,78.51,40557.8,39855.6,25.45,26392.69,,,,,
4760,8/5/2026 22:33,78.61,3.33,2.89,78.48,40140,39457.4,25.16,26120.81,,,,,
4761,8/5/2026 22:48,78.62,3.11,2.7,78.49,39757.2,39078.6,24.9,25871.71,,,,,
4762,8/5/2026 23:03,78.58,2.7,2.35,78.49,39329.6,38658.3,24.6,25593.46,,,,,
4763,8/5/2026 23:18,78.53,2.7,2.35,78.4,39826.8,39186.4,24.97,25916.98,,,,,
4764,8/5/2026 23:33,78.46,2.69,2.34,78.33,39594.2,38989.3,24.83,25765.61,,,,,
4765,8/5/2026 23:48,78.48,2.55,2.22,78.4,39130.2,38501,24.49,25463.67,,,,,
4766,8/6/2026 0:03,78.43,2.32,2.02,78.3,39321.4,38732.9,24.65,25588.12,,,,,
4767,8/6/2026 0:18,78.45,2.23,1.94,78.34,39016,38417.6,24.43,25389.38,,,,,
4768,8/6/2026 0:33,78.38,2.22,1.94,78.3,38762.4,38184.7,24.26,25224.32,,,,,
4769,8/6/2026 0:48,78.44,2.13,1.86,78.34,38535.1,37941.7,24.09,25076.44,,,,,
4770,8/6/2026 1:03,78.42,2.23,1.95,78.31,38750.4,38165.7,24.25,25216.56,,,,,
4771,8/6/2026 1:18,78.27,2.71,2.35,78.09,39233.3,38741.1,24.65,25530.78,,,,,
4772,8/6/2026 1:33,78.15,2.99,2.6,77.99,39449.7,38999,24.83,25671.59,,,,,
4773,8/6/2026 1:48,77.95,3.48,3.02,77.84,39705.7,39321.5,25.06,25838.17,,,,,
4774,8/6/2026 2:03,77.79,3.84,3.34,77.67,38664.5,38363,24.38,25160.64,,,,,
4775,8/6/2026 2:18,77.61,4.18,3.62,77.48,39535.3,39316.4,25.05,25727.26,,,,,
4776,8/6/2026 2:33,77.47,4.86,4.2,77.31,40008.8,39863.1,25.43,26035.42,,,,,
4777,8/6/2026 2:48,77.21,5.47,4.74,77.07,39683.7,39649.7,25.28,25823.85,,,,,
4778,8/6/2026 3:03,76.97,6.24,5.39,76.81,40310.6,40401.8,25.8,26231.81,,,,,
4779,8/6/2026 3:18,76.77,6.78,5.84,76.59,40580.2,40775.9,26.06,26407.28,,,,,
4780,8/6/2026 3:33,76.57,7.2,6.22,76.4,40165.3,40449.3,25.83,26137.26,,,,,
4781,8/6/2026 3:48,76.38,7.66,6.59,76.22,41019.7,41397.1,26.5,26693.28,,,,,
4782,8/6/2026 4:03,76.18,7.97,6.86,76.01,40845.4,41324.2,26.44,26579.82,,,,,
4783,8/6/2026 4:18,75.93,8.18,6.99,75.77,42408,43026.5,27.65,27596.67,,,,,
4784,8/6/2026 4:33,75.69,8.07,6.91,75.5,41498.4,42239.4,27.08,27004.77,,,,,
4785,8/6/2026 4:48,75.38,8.15,6.97,75.2,41722.6,42618.5,27.35,27150.67,,,,,
4786,8/6/2026 5:03,75.17,8.01,6.86,75.01,41397.2,42382,27.17,26938.94,,,,,
4787,8/6/2026 5:18,75,7.96,6.88,74.86,39101.6,40104.4,25.55,25445.06,,,,,
4788,8/6/2026 5:33,74.91,7.71,6.61,74.76,41086.1,42186.3,27.03,26736.44,,,,,
4789,8/6/2026 5:48,74.87,7.44,6.39,74.74,40524.1,41620.1,26.63,26370.75,,,,,
4790,8/6/2026 6:03,74.93,6.49,5.61,74.8,39096.2,40124.9,25.57,25441.54,,,,,
4791,8/6/2026 6:18,75.17,7.45,6.44,75.12,39140.9,40017.6,25.5,25470.66,,,,,
4792,8/6/2026 6:33,75.44,7.4,6.39,75.39,39268,40020.7,25.5,25553.36,,,,,
4793,8/6/2026 6:48,75.63,7.19,6.22,75.55,39249.4,39924.5,25.44,25541.26,,,,,
4794,8/6/2026 7:03,75.74,7.09,6.12,75.66,39990.4,40623.3,25.94,26023.45,,,,,
4795,8/6/2026 7:18,75.85,6.93,5.99,75.77,39821.7,40399.9,25.78,25913.64,,,,,
4796,8/6/2026 7:33,75.89,6.83,5.89,75.89,40080.6,40605.1,25.93,26082.11,,,,,
4797,8/6/2026 7:48,76.16,6.59,5.69,76.08,39882,40316,25.73,25952.93,,,,,
4798,8/6/2026 8:03,76.3,6.57,5.71,76.22,38468.3,38819.7,24.67,25032.96,,,,,
4799,8/6/2026 8:18,76.49,6.35,5.42,76.39,42894.6,43203.4,27.79,27913.36,,,,,
4800,8/6/2026 8:33,76.62,6.08,5.2,76.52,42459.4,42699.5,27.43,27630.12,,,,,
4801,8/6/2026 8:48,76.78,5.94,5.09,76.71,42288.6,42430.2,27.25,27518.96,,,,,
4802,8/6/2026 9:03,76.85,5.82,5,76.78,41745.8,41851,26.83,27165.77,,,,,
4803,8/6/2026 9:18,76.93,5.6,4.82,76.82,41222.5,41310.6,26.45,26825.24,,,,,
4804,8/6/2026 9:33,77.04,5.42,4.67,76.98,41128.8,41140.6,26.33,26764.26,,,,,
4805,8/6/2026 9:48,77.26,5.11,4.4,77.18,41104.1,41019.3,26.25,26748.16,,,,,
4806,8/6/2026 10:03,77.44,4.95,4.27,77.35,41060.9,40893.1,26.16,26720.05,,,,,
4807,8/6/2026 10:18,77.59,4.76,4.11,77.52,41017.2,40772.1,26.08,26691.61,,,,,
4808,8/6/2026 10:33,77.74,4.38,3.78,77.68,41030.4,40705.3,26.04,26700.18,,,,,
4809,8/6/2026 10:48,78.02,3.84,3.32,78.02,40909.2,40426.5,25.84,26621.33,,,,,
4810,8/6/2026 11:03,78.42,3.9,3.38,78.42,40925.2,40259.6,25.73,26631.78,,,,,
4811,8/6/2026 11:18,78.86,3.6,3.12,78.94,41078,40169.8,25.68,26731.16,,,,,
4812,8/6/2026 11:33,79.31,3.65,3.16,79.32,41089.7,40008.5,25.57,26738.82,,,,,
4813,8/6/2026 11:48,79.82,3.3,2.86,79.87,41270,39934.7,25.52,26856.16,,,,,
4814,8/6/2026 12:03,80.04,2.93,2.54,80.1,41145.9,39710.9,25.37,26775.38,,,,,
4815,8/6/2026 12:18,80.91,3.36,2.92,80.7,41329.3,39617.3,25.31,26894.75,,,,,
4816,8/6/2026 12:33,80.84,3.44,2.99,80.72,41106.3,39396.2,25.16,26749.59,,,,,
4817,8/6/2026 12:48,80.47,3.47,3.02,80.43,40832.1,39259.4,25.05,26571.19,,,,,
4818,8/6/2026 13:03,79.99,3.11,2.7,79.95,40725.5,39368.6,25.12,26501.82,,,,,
4819,8/6/2026 13:18,80.61,4.28,3.71,80.61,41584.5,39903.8,25.51,27060.8,,,,,
4820,8/6/2026 13:33,80.5,4.33,3.75,80.3,41570.6,40028.8,25.6,27051.73,,,,,
4821,8/6/2026 13:48,80.13,4.89,4.23,79.94,41708.5,40326.3,25.8,27141.47,,,,,
4822,8/6/2026 14:03,80.19,5.51,4.76,80.04,41948.9,40513.6,25.94,27297.95,,,,,
4823,8/6/2026 14:18,80.1,6.15,5.31,80.08,42181,40720,26.09,27448.98,,,,,
4824,8/6/2026 14:33,80.35,7.34,6.34,80.21,42266.3,40741.7,26.1,27504.48,,,,,
4825,8/6/2026 14:48,80.22,8.28,7.15,80.09,42414,40939.9,26.24,27600.61,,,,,
4826,8/6/2026 15:03,80.03,9.18,7.91,79.86,42631.3,41254.4,26.46,27741.96,,,,,
4827,8/6/2026 15:18,79.72,9.57,8.23,79.52,42930.3,41704.3,26.78,27936.55,,,,,
4828,8/6/2026 15:33,79.24,9.88,8.49,79.05,43086.4,42078.6,27.04,28038.16,,,,,
4829,8/6/2026 15:48,79,10.16,8.7,78.84,43447.1,42534.5,27.36,28272.84,,,,,
4830,8/6/2026 16:03,78.84,10.49,8.97,78.7,43743.1,42894.1,27.62,28465.5,,,,,
4831,8/6/2026 16:18,78.76,10.68,9.12,78.65,44018.8,43188.8,27.83,28644.91,,,,,
4832,8/6/2026 16:33,78.68,10.71,9.15,78.56,44151.2,43362.2,27.95,28731.05,,,,,
4833,8/6/2026 16:48,78.57,10.66,9.09,78.44,44271.3,43540.2,28.08,28809.19,,,,,
4834,8/6/2026 17:03,78.35,10.74,9.16,78.18,44266.4,43667.1,28.16,28806.02,,,,,
4835,8/6/2026 17:18,78.03,10.65,9.07,77.89,44240.3,43787.4,28.24,28789.06,,,,,
4836,8/6/2026 17:33,77.84,10.5,8.95,77.68,44033.7,43684.8,28.17,28654.57,,,,,
4837,8/6/2026 17:48,77.56,10.41,8.87,77.38,44005.9,43812.3,28.25,28636.49,,,,,
4838,8/6/2026 18:03,77.26,10.37,8.83,77.1,44007.3,43955.6,28.35,28637.4,,,,,
4839,8/6/2026 18:18,77.1,10,8.52,76.94,43947.1,43976.5,28.36,28598.23,,,,,
4840,8/6/2026 18:33,76.98,9.76,8.3,76.86,44014,44088.3,28.44,28641.78,,,,,
4841,8/6/2026 18:48,77.24,9.69,8.25,77.27,44085.9,43947.6,28.35,28688.54,,,,,
4842,8/6/2026 19:03,77.86,10.24,8.73,77.83,44166.6,43742,28.21,28741.07,,,,,
4843,8/6/2026 19:18,78.56,10.39,8.87,78.54,44251.9,43469.3,28.03,28796.55,,,,,
4844,8/6/2026 19:33,78.82,10.11,8.64,78.73,44191.1,43314.4,27.92,28757.02,,,,,
4845,8/6/2026 19:48,78.98,9.87,8.44,78.92,44071.5,43108,27.77,28679.2,,,,,
4846,8/6/2026 20:03,79.1,9.52,8.15,79.06,43955.4,42924.5,27.65,28603.63,,,,,
4847,8/6/2026 20:18,79.32,9.15,7.84,79.25,43801.4,42680.8,27.47,28503.43,,,,,
4848,8/6/2026 20:33,79.49,8.97,7.69,79.42,43570.4,42373.7,27.26,28353.12,,,,,
4849,8/6/2026 20:48,79.68,8.61,7.49,79.61,39928,38746.7,24.68,25982.85,,,,,
4850,8/6/2026 21:03,79.85,8.14,7.08,79.77,40038.1,38783.5,24.71,26054.48,,,,,
4851,8/6/2026 21:18,80.01,7.67,6.63,79.94,42145.8,40746.6,26.1,27426.06,,,,,
4852,8/6/2026 21:33,80.17,6.93,5.97,80.1,42629.1,41139.8,26.39,27740.55,,,,,
4853,8/6/2026 21:48,80.3,6.27,5.41,80.21,42410.6,40880.7,26.2,27598.36,,,,,
4854,8/6/2026 22:03,80.3,5.67,4.9,80.22,42329.3,40797.3,26.14,27545.48,,,,,
4855,8/6/2026 22:18,80.27,5.07,4.38,80.16,42391.2,40884.9,26.21,27585.77,,,,,
4856,8/6/2026 22:33,80.34,5.07,4.38,80.24,42156.3,40620.5,26.02,27432.89,,,,,
4857,8/6/2026 22:48,80.43,4.58,3.95,80.31,42286,40712.6,26.08,27517.27,,,,,
4858,8/6/2026 23:03,80.47,3.77,3.26,80.36,42255.7,40660.9,26.05,27497.6,,,,,
4859,8/6/2026 23:18,80.52,3.56,3.08,80.41,42083.6,40472.7,25.92,27385.57,,,,,
4860,8/6/2026 23:33,80.55,2.65,2.3,80.43,41411.3,39818.7,25.45,26948.08,,,,,
4861,8/6/2026 23:48,80.56,2.45,2.12,80.44,41529.1,39927.1,25.53,27024.76,,,,,
4862,8/7/2026 0:03,80.55,2.12,1.84,80.43,41017.9,39440.5,25.18,26692.11,,,,,
4863,8/7/2026 0:18,80.57,1.95,1.69,80.42,40973.9,39403.1,25.16,26663.46,,,,,
4864,8/7/2026 0:33,80.59,1.8,1.56,80.49,40908.9,39306.5,25.09,26621.14,,,,,
4865,8/7/2026 0:48,80.55,1.49,1.29,80.44,40902.4,39324.6,25.1,26616.95,,,,,
4866,8/7/2026 1:03,80.47,1.41,1.22,80.37,40681,39143.1,24.97,26472.82,,,,,
4867,8/7/2026 1:18,80.42,1.58,1.37,80.28,40636.4,39136.6,24.96,26443.82,,,,,
4868,8/7/2026 1:33,80.44,1.67,1.45,80.33,40714.3,39192.2,25,26494.5,,,,,
4869,8/7/2026 1:48,80.49,1.65,1.43,80.38,40864.2,39312.1,25.09,26592.06,,,,,
4870,8/7/2026 2:03,80.49,1.65,1.43,80.4,40986,39424.4,25.17,26671.33,,,,,
4871,8/7/2026 2:18,80.38,1.86,1.61,80.21,41370.2,39875.4,25.49,26921.35,,,,,
4872,8/7/2026 2:33,80.25,2.17,1.88,80.13,41596.9,40133.7,25.67,27068.89,,,,,
4873,8/7/2026 2:48,80.13,2.54,2.2,79.99,41428.6,40033.3,25.6,26959.33,,,,,
4874,8/7/2026 3:03,79.97,2.91,2.52,79.79,41459.2,40152.6,25.68,26979.24,,,,,
4875,8/7/2026 3:18,79.77,3.29,2.85,79.62,41377.4,40148.3,25.67,26926.05,,,,,
4876,8/7/2026 3:33,79.63,3.78,3.28,79.48,40946.7,39794.7,25.42,26645.75,,,,,
4877,8/7/2026 3:48,79.39,4.34,3.76,79.23,40805.7,39769.1,25.4,26553.98,,,,,
4878,8/7/2026 4:03,78.99,5.73,4.97,78.81,40749.4,39905.9,25.49,26517.35,,,,,
4879,8/7/2026 4:18,78.71,6.26,5.42,78.54,40864.9,40142.2,25.65,26592.53,,,,,
4880,8/7/2026 4:33,78.49,6.67,5.76,78.35,41243.1,40605.4,25.98,26838.6,,,,,
4881,8/7/2026 4:48,78.29,7.08,6.1,78.14,41651,41105.1,26.33,27104.05,,,,,
4882,8/7/2026 5:03,78.04,7.47,6.43,77.88,42012.6,41587.7,26.67,27339.38,,,,,
4883,8/7/2026 5:18,77.77,7.68,6.61,77.6,41890.1,41600.2,26.67,27259.63,,,,,
4884,8/7/2026 5:33,77.5,7.63,6.54,77.34,42274.9,42110.2,27.03,27510.07,,,,,
4885,8/7/2026 5:48,77.26,7.51,6.44,77.11,42314.8,42259.8,27.13,27536.04,,,,,
4886,8/7/2026 6:03,77.08,7.32,6.29,76.9,41739.8,41786.3,26.79,27161.84,,,,,
4887,8/7/2026 6:18,76.95,7.19,6.16,76.8,41943.6,42043.9,26.97,27294.5,,,,,
4888,8/7/2026 6:33,76.83,7.01,6.02,76.68,41888.2,42047.3,26.97,27258.44,,,,,
4889,8/7/2026 6:48,76.74,6.82,5.84,76.62,42083.2,42272.6,27.13,27385.33,,,,,
4890,8/7/2026 7:03,76.8,5.96,5.12,76.7,41471.6,41618.5,26.67,26987.36,,,,,
4891,8/7/2026 7:18,76.93,6.23,5.35,76.82,41803.3,41889.9,26.86,27203.18,,,,,
4892,8/7/2026 7:33,77.13,6.49,5.58,77.08,41342.4,41304.4,26.45,26903.27,,,,,
4893,8/7/2026 7:48,77.72,6.8,5.86,77.72,41397.8,41054.3,26.28,26939.32,,,,,
4894,8/7/2026 8:03,77.74,6.63,5.71,77.61,41483.9,41191.7,26.38,26995.31,,,,,
4895,8/7/2026 8:18,77.84,6.52,5.62,77.95,41435.9,40983.3,26.24,26964.11,,,,,
4896,8/7/2026 8:33,77.92,6.26,5.4,77.93,41408.5,40963.8,26.22,26946.25,,,,,
4897,8/7/2026 8:48,78.07,6,5.17,78.19,41338.4,40771,26.09,26900.62,,,,,
4898,8/7/2026 9:03,78.19,6.12,5.28,78.27,41399.9,40795.6,26.11,26940.64,,,,,
4899,8/7/2026 9:18,78.93,5.99,5.18,78.93,41084.1,40178.4,25.68,26735.19,,,,,
4900,8/7/2026 9:33,79.09,5.81,5.03,79.06,41248.1,40280.7,25.76,26841.86,,,,,
4901,8/7/2026 9:48,79.04,5.54,4.79,79.07,41183.9,40210.5,25.71,26800.11,,,,,
4902,8/7/2026 10:03,79.34,5.76,4.98,79.26,41321.5,40259.2,25.75,26889.62,,,,,
4903,8/7/2026 10:18,79.6,5.53,4.79,79.59,41327.1,40114.4,25.65,26893.3,,,,,
4904,8/7/2026 10:33,79.98,5.42,4.68,79.97,41764.6,40368.1,25.83,27177.99,,,,,
4905,8/7/2026 10:48,80.38,5.25,4.54,80.37,41944.2,40356.1,25.83,27294.87,,,,,
4906,8/7/2026 11:03,80.72,5.13,4.44,80.7,42045.9,40304.2,25.8,27361.07,,,,,
4907,8/7/2026 11:18,81.06,4.69,4.07,81.05,41842.8,39953.9,25.56,27228.85,,,,,
4908,8/7/2026 11:33,81.45,4.76,4.13,81.46,41717.7,39653.7,25.35,27147.49,,,,,
4909,8/7/2026 11:48,81.81,4.27,3.71,81.83,41924,39688.7,25.38,27281.69,,,,,
4910,8/7/2026 12:03,82.3,4.2,3.65,82.31,41993.9,39543.9,25.28,27327.18,,,,,
4911,8/7/2026 12:18,82.75,4.09,3.56,82.73,41946.1,39316.3,25.12,27296.07,,,,,
4912,8/7/2026 12:33,83.02,3.8,3.3,83.06,42330.8,39537.2,25.29,27546.44,,,,,
4913,8/7/2026 12:48,83.73,4.37,3.8,83.86,42441,39298,25.12,27618.15,,,,,
4914,8/7/2026 13:03,84.54,5.48,4.77,84.77,42865.3,39302.7,25.14,27894.24,,,,,
4915,8/7/2026 13:18,85.24,5.36,4.67,85.33,42837.1,39044.1,24.96,27875.91,,,,,
4916,8/7/2026 13:33,84.7,4.1,3.57,84.3,42247.5,38932.8,24.87,27492.25,,,,,
4917,8/7/2026 13:48,83.85,3.44,2.99,83.54,42456.2,39447.9,25.23,27628.02,,,,,
4918,8/7/2026 14:03,83.92,4.03,3.51,83.92,42243.1,39086.4,24.97,27489.36,,,,,
4919,8/7/2026 14:18,84.29,4.96,4.32,84.07,42618.5,39371.9,25.18,27733.68,,,,,
4920,8/7/2026 14:33,84.22,5.06,4.4,83.99,43093.7,39844.6,25.51,28042.88,,,,,
4921,8/7/2026 14:48,83.82,5.89,5.12,83.64,42472,39417.3,25.21,27638.33,,,,,
4922,8/7/2026 15:03,83.57,6.17,5.36,83.37,42607.8,39660.8,25.38,27726.68,,,,,
4923,8/7/2026 15:18,83.65,7.28,6.32,83.55,42727.2,39692.5,25.4,27804.38,,,,,
4924,8/7/2026 15:33,83.55,8.48,7.36,83.42,42794.9,39810.9,25.48,27848.43,,,,,
4925,8/7/2026 15:48,83.33,9.45,8.21,83.12,42463.3,39632,25.35,27632.65,,,,,
4926,8/7/2026 16:03,83.05,10.07,8.72,82.86,43303.5,40531.9,25.99,28179.43,,,,,
4927,8/7/2026 16:18,82.59,10.24,8.85,82.35,43539.9,40982.3,26.31,28333.28,,,,,
4928,8/7/2026 16:33,82.18,10.51,9.06,81.97,43874.6,41469.3,26.65,28551.03,,,,,
4929,8/7/2026 16:48,81.84,10.82,9.31,81.66,44112.8,41837.7,26.91,28706.03,,,,,
4930,8/7/2026 17:03,81.75,11.18,9.6,81.63,44792.5,42495.4,27.38,29148.35,,,,,
4931,8/7/2026 17:18,81.74,11.15,9.57,81.62,44629.6,42348.7,27.27,29042.39,,,,,
4932,8/7/2026 17:33,81.62,11.13,9.56,81.49,44432,42220.8,27.18,28913.81,,,,,
4933,8/7/2026 17:48,81.36,10.89,9.36,81.2,44085.4,42025.5,27.04,28688.26,,,,,
4934,8/7/2026 18:03,80.85,11.01,9.43,80.63,44710.4,42892.8,27.65,29094.95,,,,,
4935,8/7/2026 18:18,80.43,10.83,9.29,80.25,44103.2,42493.8,27.36,28699.79,,,,,
4936,8/7/2026 18:33,80.05,10.79,9.25,79.9,44076.3,42634.2,27.45,28682.3,,,,,
4937,8/7/2026 18:48,79.65,10.76,9.21,79.45,44105.6,42880.7,27.62,28701.35,,,,,
4938,8/7/2026 19:03,79.36,10.5,8.99,79.2,43806.6,42712.4,27.5,28506.78,,,,,
4939,8/7/2026 19:18,79.13,10.34,8.83,78.99,44483.8,43475.9,28.04,28947.49,,,,,
4940,8/7/2026 19:33,79.02,9.91,8.48,78.9,43936.9,42981.7,27.68,28591.6,,,,,
4941,8/7/2026 19:48,79.32,9.45,8.1,79.48,43915.1,42679.6,27.48,28577.43,,,,,
4942,8/7/2026 20:03,80.04,10.51,8.99,80.09,44739.4,43181.7,27.85,29113.82,,,,,
4943,8/7/2026 20:18,80.77,10.44,8.91,80.83,45885.2,43924.8,28.4,29859.45,,,,,
4944,8/7/2026 20:33,81.27,10.21,8.74,81.22,45198.8,43078.9,27.79,29412.77,,,,,
4945,8/7/2026 20:48,81.37,9.78,8.37,81.27,45125.4,42982.4,27.72,29364.97,,,,,
4946,8/7/2026 21:03,81.69,9.5,8.11,81.61,46124,43772.1,28.3,30014.84,,,,,
4947,8/7/2026 21:18,81.82,8.88,7.59,81.73,45788.7,43395.3,28.03,29796.66,,,,,
4948,8/7/2026 21:33,81.98,8.59,7.38,81.89,44660.1,42250.5,27.21,29062.22,,,,,
4949,8/7/2026 21:48,82.13,8.36,7.21,82.04,43534.4,41115.1,26.4,28329.68,,,,,
4950,8/7/2026 22:03,82.28,7.58,6.5,82.19,45244.1,42661.8,27.51,29442.25,,,,,
4951,8/7/2026 22:18,82.42,7.32,6.32,82.35,43652,41087.8,26.38,28406.19,,,,,
4952,8/7/2026 22:33,82.6,6.85,5.93,82.52,43240.2,40623.3,26.05,28138.21,,,,,
4953,8/7/2026 22:48,82.75,6.38,5.53,82.64,42746,40105.1,25.68,27816.62,,,,,
4954,8/7/2026 23:03,82.75,5.95,5.15,82.64,43113.1,40449.6,25.93,28055.5,,,,,
4955,8/7/2026 23:18,82.65,5.42,4.69,82.53,43041.6,40434.2,25.92,28009,,,,,
4956,8/7/2026 23:33,82.67,4.78,4.14,82.54,42704.8,40110.4,25.69,27789.79,,,,,
4957,8/7/2026 23:48,82.73,4.47,3.89,82.62,41639.5,39079,24.95,27096.61,,,,,
4958,8/8/2026 0:03,82.75,3.98,3.45,82.62,42806.9,40172.1,25.73,27856.24,,,,,
4959,8/8/2026 0:18,82.71,2.96,2.57,82.58,42495.5,39899.3,25.54,27653.62,,,,,
4960,8/8/2026 0:33,82.67,2.09,1.82,82.56,41834.4,39288.2,25.1,27223.41,,,,,
4961,8/8/2026 0:48,82.66,2.64,2.3,82.53,41271.4,38771.2,24.74,26857.02,,,,,
4962,8/8/2026 1:03,82.59,2.34,2.03,82.45,42530.7,39988.4,25.6,27676.52,,,,,
4963,8/8/2026 1:18,82.53,2.12,1.84,82.4,42413,39899.7,25.53,27599.96,,,,,
4964,8/8/2026 1:33,82.49,1.66,1.45,82.37,42095.6,39613.1,25.33,27393.39,,,,,
4965,8/8/2026 1:48,82.54,1.55,1.35,82.42,41066.3,38625.6,24.63,26723.55,,,,,
4966,8/8/2026 2:03,82.43,0.97,0.85,82.3,41005.8,38618.3,24.62,26684.22,,,,,
4967,8/8/2026 2:18,82.27,1.04,0.9,82.14,42289.1,39895.1,25.53,27519.34,,,,,
4968,8/8/2026 2:33,81.88,1.14,1,81.69,40209.3,38123.8,24.27,26165.89,,,,,
4969,8/8/2026 2:48,81.9,1.53,1.34,81.75,40184.1,38074.2,24.23,26149.46,,,,,
4970,8/8/2026 3:03,81.92,1.72,1.5,81.76,40707.4,38565.4,24.58,26490.04,,,,,
4971,8/8/2026 3:18,81.88,1.71,1.5,81.59,40157.5,38116.8,24.26,26132.2,,,,,
4972,8/8/2026 3:33,81.8,1.64,1.43,81.78,40633.5,38488.2,24.53,26441.92,,,,,
4973,8/8/2026 3:48,81.63,2.06,1.8,81.41,39748.1,37802.4,24.04,25865.79,,,,,
4974,8/8/2026 4:03,81.66,2.36,2.06,81.58,41016.9,38937.3,24.84,26691.45,,,,,
4975,8/8/2026 4:18,81.63,2.67,2.33,81.52,40642,38605.1,24.61,26447.48,,,,,
4976,8/8/2026 4:33,81.67,2.63,2.29,81.48,41011.9,38973.2,24.87,26688.15,,,,,
4977,8/8/2026 4:48,81.36,3.32,2.9,81.18,39824.4,37972.9,24.15,25915.44,,,,,
4978,8/8/2026 5:03,81.06,4.32,3.77,80.87,39704.9,37989.8,24.16,25837.68,,,,,
4979,8/8/2026 5:18,80.81,5.31,4.63,80.61,40166.2,38542.8,24.55,26137.82,,,,,
4980,8/8/2026 5:33,80.55,6.07,5.26,80.4,41511.6,39930,25.53,27013.36,,,,,
4981,8/8/2026 5:48,80.4,6.44,5.57,80.25,42038.8,40502.3,25.93,27356.41,,,,,
4982,8/8/2026 6:03,80.22,6.8,5.89,80.05,41352.8,39932.9,25.53,26910.04,,,,,
4983,8/8/2026 6:18,79.91,7.03,6.05,79.74,43279.9,41939.4,26.95,28164.08,,,,,
4984,8/8/2026 6:33,79.63,7.02,6.05,79.46,42623.5,41434.6,26.59,27736.89,,,,,
4985,8/8/2026 6:48,79.31,7.1,6.11,79.16,42920.1,41866.4,26.89,27929.91,,,,,
4986,8/8/2026 7:03,79.07,7.02,6.04,78.93,42286.8,41357.1,26.52,27517.78,,,,,
4987,8/8/2026 7:18,78.93,6.72,5.77,78.78,42726.8,41858.2,26.88,27804.14,,,,,
4988,8/8/2026 7:33,78.81,6.39,5.53,78.67,41036.5,40250.1,25.73,26704.21,,,,,
4989,8/8/2026 7:48,78.78,6.08,5.27,78.66,40410,39643.1,25.3,26296.52,,,,,
4990,8/8/2026 8:03,78.76,5.81,5.05,78.65,39729.8,38978.2,24.83,25853.85,,,,,
4991,8/8/2026 8:18,78.88,4.62,4.03,78.8,39164.4,38361,24.39,25485.96,,,,,
4992,8/8/2026 8:33,78.92,5.5,4.8,78.82,38956,38147.3,24.24,25350.35,,,,,
4993,8/8/2026 8:48,79.4,6.2,5.41,79.51,39345.5,38224.3,24.31,25603.78,,,,,
4994,8/8/2026 9:03,79.81,6.17,5.36,79.8,40336.8,39060.8,24.9,26248.89,,,,,
4995,8/8/2026 9:18,79.97,6.24,5.39,80.1,42166.9,40693.7,26.07,27439.78,,,,,
4996,8/8/2026 9:33,79.6,5.72,4.94,79.44,41858.4,40698.6,26.06,27239.06,,,,,
4997,8/8/2026 9:48,79.89,5.91,5.12,80.21,41407.1,39910.9,25.51,26945.32,,,,,
4998,8/8/2026 10:03,80.31,5.67,4.92,80.25,41117.3,39614.4,25.3,26756.75,,,,,
4999,8/8/2026 10:18,80.48,5.75,4.98,80.76,41619.7,39871.1,25.49,27083.73,,,,,
5000,8/8/2026 10:33,81.07,5.53,4.8,81.14,41421.5,39515.2,25.25,26954.7,,,,,
5001,8/8/2026 10:48,81.2,5.52,4.79,81.23,41545.9,39590,25.3,27035.69,,,,,
5002,8/8/2026 11:03,81.1,4.99,4.33,81.09,41394.1,39508.5,25.24,26936.91,,,,,
5003,8/8/2026 11:18,81.3,4.9,4.25,81.27,41868.8,39883,25.51,27245.79,,,,,
5004,8/8/2026 11:33,81.78,5.04,4.38,81.82,41543,39332.9,25.12,27033.81,,,,,
5005,8/8/2026 11:48,82.23,4.25,3.69,82.27,41960.9,39529.8,25.27,27305.74,,,,,
5006,8/8/2026 12:03,82.57,4.3,3.74,82.54,41648.9,39118.8,24.98,27102.73,,,,,
5007,8/8/2026 12:18,83.08,4.46,3.88,83.08,42298.1,39497,25.26,27525.15,,,,,
5008,8/8/2026 12:33,83.28,4.13,3.6,83.26,41987.2,39128.3,25,27322.83,,,,,
5009,8/8/2026 12:48,83.42,3.51,3.06,83.34,41706.1,38833.3,24.79,27139.91,,,,,
5010,8/8/2026 13:03,83.44,3.25,2.83,83.36,41334.4,38477.9,24.54,26898.04,,,,,
5011,8/8/2026 13:18,83.63,3.02,2.64,83.58,41150,38215.8,24.35,26778.04,,,,,
5012,8/8/2026 13:33,83.9,2.85,2.49,83.86,40827.1,37803.6,24.07,26567.89,,,,,
5013,8/8/2026 13:48,84.07,2.61,2.28,84.01,41738.3,38582.1,24.62,27160.91,,,,,
5014,8/8/2026 14:03,84.18,2.52,2.2,84.13,41568.8,38376.7,24.47,27050.61,,,,,
5015,8/8/2026 14:18,84.31,3.16,2.77,84.31,40869,37657.8,23.97,26595.16,,,,,
5016,8/8/2026 14:33,84.31,3.52,3.07,84.16,41642.6,38433.2,24.51,27098.59,,,,,
5017,8/8/2026 14:48,83.95,2.8,2.44,83.64,42025.6,39005.3,24.91,27347.84,,,,,
5018,8/8/2026 15:03,84.06,3.22,2.81,84,41931.1,38764.9,24.75,27286.32,,,,,
5019,8/8/2026 15:18,84.6,4.22,3.69,84.42,41123.9,37849.3,24.1,26761.05,,,,,
5020,8/8/2026 15:33,84.4,4.42,3.86,84.24,41626.9,38384,24.48,27088.39,,,,,
5021,8/8/2026 15:48,84.36,5.13,4.47,84.15,42411,39147.1,25.02,27598.64,,,,,
5022,8/8/2026 16:03,84.16,5.35,4.65,83.96,43024.7,39795.2,25.48,27998.02,,,,,
5023,8/8/2026 16:18,83.93,6.16,5.34,83.82,43381.8,40186.2,25.76,28230.4,,,,,
5024,8/8/2026 16:33,83.96,7.34,6.37,83.86,43246.2,40043.6,25.65,28142.14,,,,,
5025,8/8/2026 16:48,83.96,8.75,7.59,83.83,43331.2,40132.1,25.72,28197.47,,,,,
5026,8/8/2026 17:03,83.95,9.48,8.21,83.8,43637.6,40430.5,25.93,28396.82,,,,,
5027,8/8/2026 17:18,83.63,9.76,8.44,83.42,44025.5,40958.1,26.3,28649.23,,,,,
5028,8/8/2026 17:33,83.13,9.89,8.53,82.94,44309.2,41437.9,26.64,28833.85,,,,,
5029,8/8/2026 17:48,82.92,10.31,8.87,82.77,44758.9,41937.5,27,29126.52,,,,,
5030,8/8/2026 18:03,82.85,10.6,9.11,82.71,45120.1,42301.6,27.26,29361.54,,,,,
5031,8/8/2026 18:18,82.7,10.39,8.91,82.53,45496.3,42737.6,27.57,29606.37,,,,,
5032,8/8/2026 18:33,82.47,10.65,9.13,82.32,45711.1,43041.6,27.78,29746.12,,,,,
5033,8/8/2026 18:48,82.18,10.8,9.28,81.99,44798.2,42331.9,27.27,29152.11,,,,,
5034,8/8/2026 19:03,81.73,10.68,9.14,81.53,45440.4,43157.8,27.85,29570.01,,,,,
5035,8/8/2026 19:18,81.29,10.69,9.14,81.13,45498.5,43407.3,28.03,29607.82,,,,,
5036,8/8/2026 19:33,80.85,10.7,9.13,80.68,45749.9,43868.3,28.35,29771.39,,,,,
5037,8/8/2026 19:48,80.28,10.77,9.17,80.01,45810.7,44256.9,28.62,29810.94,,,,,
5038,8/8/2026 20:03,79.79,10.63,9.08,79.58,44864.7,43553.6,28.11,29195.35,,,,,
5039,8/8/2026 20:18,79.39,10.59,9.03,79.12,44849.4,43764.8,28.25,29185.42,,,,,
5040,8/8/2026 20:33,78.89,10.16,8.66,78.67,44620.5,43765.4,28.24,29036.42,,,,,
5041,8/8/2026 20:48,78.52,9.23,7.9,78.39,43689.3,42992.2,27.68,28430.46,,,,,
5042,8/8/2026 21:03,78.59,9.13,7.8,78.55,44010.8,43229.7,27.86,28639.67,,,,,
5043,8/8/2026 21:18,79.56,10.08,8.62,79.61,44423.5,43109.2,27.79,28908.26,,,,,
5044,8/8/2026 21:33,80.37,9.78,8.4,80.42,43964.4,42276.3,27.2,28609.51,,,,,
5045,8/8/2026 21:48,81.01,9.29,7.97,81.02,44598.1,42600.6,27.45,29021.85,,,,,
5046,8/8/2026 22:03,81.44,8.54,7.35,81.39,43807.5,41673.4,26.79,28507.41,,,,,
5047,8/8/2026 22:18,81.64,8.18,7,81.59,45637.8,43318.6,27.97,29698.44,,,,,
5048,8/8/2026 22:33,81.92,7.33,6.32,81.82,43941.5,41601.2,26.74,28594.57,,,,,
5049,8/8/2026 22:48,81.98,6.4,5.53,81.84,43505.9,41178.8,26.44,28311.15,,,,,
5050,8/8/2026 23:03,81.96,5.74,5.01,81.84,40594.3,38422.9,24.48,26416.42,,,,,
5051,8/8/2026 23:18,81.92,5.14,4.47,81.81,41496.4,39291.2,25.1,27003.45,,,,,
5052,8/8/2026 23:33,81.91,4.74,4.13,81.78,40944.7,38780.7,24.73,26644.48,,,,,
5053,8/8/2026 23:48,81.84,4.11,3.58,81.74,41102.3,38949.1,24.85,26747.01,,,,,
5054,8/9/2026 0:03,81.81,3.76,3.28,81.67,40843.1,38731.9,24.7,26578.31,,,,,
5055,8/9/2026 0:18,81.69,3.39,2.94,81.54,41757.9,39655.3,25.35,27173.64,,,,,
5056,8/9/2026 0:33,81.55,2.79,2.44,81.41,39881.6,37929.4,24.13,25952.65,,,,,
5057,8/9/2026 0:48,81.43,2.48,2.17,81.3,39583.2,37694.2,23.96,25758.47,,,,,
5058,8/9/2026 1:03,81.3,2.3,1.99,81.15,42088,40143.6,25.69,27388.45,,,,,
5059,8/9/2026 1:18,81.18,1.68,1.47,81.03,39471.2,37698.7,23.96,25685.59,,,,,
5060,8/9/2026 1:33,81.03,1.27,1.11,80.88,39389.9,37683.8,23.95,25632.7,,,,,
5061,8/9/2026 1:48,80.91,1.23,1.08,80.76,38902.1,37265.3,23.65,25315.24,,,,,
5062,8/9/2026 2:03,80.7,1.03,0.91,80.55,38725.6,37185.7,23.59,25200.37,,,,,
5063,8/9/2026 2:18,80.5,0.93,0.82,80.35,39607.6,38117.4,24.25,25774.36,,,,,
5064,8/9/2026 2:33,80.29,0.99,0.87,80.15,38746.3,37371.8,23.72,25213.86,,,,,
5065,8/9/2026 2:48,80.12,0.25,0.22,79.97,39975.1,38638.4,24.61,26013.46,,,,,
5066,8/9/2026 3:03,80,1.04,0.92,79.88,37261.6,36051.4,22.79,24247.68,,,,,
5067,8/9/2026 3:18,79.85,0.56,0.49,79.72,38318.4,37140.8,23.55,24935.39,,,,,
5068,8/9/2026 3:33,79.72,0.83,0.73,79.61,37887.7,36769,23.29,24655.11,,,,,
5069,8/9/2026 3:48,79.58,0.58,0.51,79.48,37678.1,36620.4,23.18,24518.75,,,,,
5070,8/9/2026 4:03,79.65,0.97,0.85,79.56,37806.7,36708.7,23.24,24602.42,,,,,
5071,8/9/2026 4:18,79.67,0.88,0.77,79.54,37633.2,36551.7,23.13,24489.55,,,,,
5072,8/9/2026 4:33,79.58,1.06,0.93,79.44,37921.7,36870.9,23.36,24677.24,,,,,
5073,8/9/2026 4:48,79.81,1.03,0.91,79.69,37634.2,36489,23.09,24490.17,,,,,
5074,8/9/2026 5:03,79.67,1.43,1.25,79.53,39311.1,38183.8,24.28,25581.42,,,,,
5075,8/9/2026 5:18,79.64,1.73,1.52,79.57,36726.6,35657.7,22.51,23899.52,,,,,
5076,8/9/2026 5:33,79.59,1.85,1.63,79.45,37166.1,36134,22.84,24185.58,,,,,
5077,8/9/2026 5:48,79.61,2.31,2.04,79.53,36438.3,35393.3,22.32,23711.94,,,,,
5078,8/9/2026 6:03,79.72,3.06,2.7,79.64,36762.9,35664.2,22.51,23923.18,,,,,
5079,8/9/2026 6:18,79.83,3.87,3.37,79.78,40122.4,38862.7,24.76,26109.33,,,,,
5080,8/9/2026 6:33,79.95,4.75,4.15,79.82,39294.2,38041.6,24.18,25570.39,,,,,
5081,8/9/2026 6:48,79.94,5.3,4.62,79.82,39830.6,38563.4,24.55,25919.48,,,,,
5082,8/9/2026 7:03,79.85,5.66,4.91,79.7,40887,39637.9,25.31,26606.93,,,,,
5083,8/9/2026 7:18,79.67,6.1,5.26,79.51,42574.8,41361.5,26.54,27705.21,,,,,
5084,8/9/2026 7:33,79.39,6.3,5.41,79.22,42835.5,41755.2,26.81,27874.9,,,,,
5085,8/9/2026 7:48,79.05,6.47,5.56,78.86,42698.9,41791.5,26.83,27785.97,,,,,
5086,8/9/2026 8:03,78.83,6.41,5.5,78.67,43144.6,42317.9,27.2,28076.05,,,,,
5087,8/9/2026 8:18,78.64,6.3,5.4,78.49,43519.6,42774.1,27.53,28320.02,,,,,
5088,8/9/2026 8:33,78.55,5.59,4.78,78.42,43413.5,42704.7,27.48,28251.03,,,,,
5089,8/9/2026 8:48,78.52,5.99,5.13,78.4,43189.7,42495.2,27.33,28105.36,,,,,
5090,8/9/2026 9:03,78.52,5.54,4.74,78.41,43764.4,43058,27.73,28479.38,,,,,
5091,8/9/2026 9:18,78.53,4.52,3.88,78.43,43029.5,42321.7,27.2,28001.12,,,,,
5092,8/9/2026 9:33,78.58,5.18,4.44,78.48,43162.4,42431,27.28,28087.61,,,,,
5093,8/9/2026 9:48,78.71,5.22,4.47,78.64,43428,42611.8,27.41,28260.44,,,,,
5094,8/9/2026 10:03,79.58,6.5,5.6,79.72,42910.9,41592.1,26.7,27923.93,,,,,
5095,8/9/2026 10:18,79.97,6.33,5.45,79.87,42832.3,41443.8,26.6,27872.78,,,,,
5096,8/9/2026 10:33,79.73,6.1,5.26,79.82,42799.4,41437.7,26.59,27851.38,,,,,
5097,8/9/2026 10:48,79.68,6.03,5.19,79.81,43060.2,41695.4,26.78,28021.11,,,,,
5098,8/9/2026 11:03,80.06,6.17,5.33,80.44,42560.8,40916.5,26.23,27696.12,,,,,
5099,8/9/2026 11:18,80.15,5.68,4.9,80.04,42914.2,41443.2,26.6,27926.07,,,,,
5100,8/9/2026 11:33,80.24,5.57,4.8,80.14,42673.4,41164.7,26.4,27769.38,,,,,
5101,8/9/2026 11:48,80.77,5.6,4.84,80.83,42808.3,40979.4,26.28,27857.2,,,,,
5102,8/9/2026 12:03,81.04,5.61,4.85,80.96,42477.2,40602.3,26.02,27641.7,,,,,
5103,8/9/2026 12:18,81.2,5.52,4.77,81.11,42466.2,40521.8,25.96,27634.54,,,,,
5104,8/9/2026 12:33,81.3,5.53,4.79,81.27,42397.1,40386.2,25.87,27589.59,,,,,
5105,8/9/2026 12:48,81.82,5.51,4.77,81.76,42485.6,40252.5,25.78,27647.16,,,,,
5106,8/9/2026 13:03,82.01,5.29,4.58,81.94,42667.6,40340.8,25.84,27765.59,,,,,
5107,8/9/2026 13:18,82.19,4.9,4.24,82.13,42799.9,40381.8,25.87,27851.7,,,,,
5108,8/9/2026 13:33,82.28,4.73,4.08,82.19,43344.3,40868,26.22,28205.97,,,,,
5109,8/9/2026 13:48,82.46,4.63,4.01,82.42,42545.8,40017.2,25.62,27686.35,,,,,
5110,8/9/2026 14:03,82.81,4.41,3.82,82.73,43243.6,40532.5,25.99,28140.44,,,,,
5111,8/9/2026 14:18,83.03,4.22,3.65,82.99,43480.5,40640.6,26.07,28294.59,,,,,
5112,8/9/2026 14:33,83.45,4.26,3.69,83.48,43391.3,40341.2,25.86,28236.55,,,,,
5113,8/9/2026 14:48,83.8,4.11,3.57,83.79,43204.1,40033.7,25.65,28114.73,,,,,
5114,8/9/2026 15:03,84,3.79,3.28,83.96,43610,40336.5,25.86,28378.84,,,,,
5115,8/9/2026 15:18,84.15,3.91,3.39,84.12,44033.8,40657.2,26.1,28654.63,,,,,
5116,8/9/2026 15:33,84.49,3.62,3.13,84.4,44203.7,40688.8,26.12,28765.2,,,,,
5117,8/9/2026 15:48,83.52,4.07,3.53,83.29,43466,40496.5,25.97,28285.14,,,,,
5118,8/9/2026 16:03,83.37,3.95,3.42,83.21,43561.4,40620,26.06,28347.26,,,,,
5119,8/9/2026 16:18,83.38,4.37,3.78,83.29,43667,40681.3,26.1,28415.94,,,,,
5120,8/9/2026 16:33,83.53,4.97,4.3,83.41,44176.4,41101.1,26.4,28747.47,,,,,
5121,8/9/2026 16:48,83.37,5.17,4.47,83.23,43745.8,40779.5,26.17,28467.25,,,,,
5122,8/9/2026 17:03,83.25,5.64,4.87,83.12,44003.5,41069.6,26.38,28634.97,,,,,
5123,8/9/2026 17:18,83.17,6.38,5.52,83.01,43435,40588.3,26.03,28264.99,,,,,
5124,8/9/2026 17:33,83.09,6.92,5.99,82.95,43593.7,40763.8,26.16,28368.29,,,,,
5125,8/9/2026 17:48,82.9,7.71,6.66,82.75,43774.6,41022.7,26.34,28485.98,,,,,
5126,8/9/2026 18:03,82.71,8.22,7.1,82.55,43862.3,41195.1,26.46,28543.04,,,,,
5127,8/9/2026 18:18,82.43,8.51,7.34,82.25,43978.9,41438.4,26.63,28618.91,,,,,
5128,8/9/2026 18:33,82.09,8.7,7.48,81.9,44690.7,42271.8,27.22,29082.16,,,,,
5129,8/9/2026 18:48,81.75,9.13,7.84,81.58,44770.2,42497.7,27.38,29133.84,,,,,
5130,8/9/2026 19:03,81.5,9.47,8.11,81.35,45196.7,43013.4,27.75,29411.41,,,,,
5131,8/9/2026 19:18,81.37,9.73,8.34,81.22,44966.5,42854.9,27.63,29261.61,,,,,
5132,8/9/2026 19:33,81.17,9.77,8.4,81,44055.7,42090.3,27.08,28668.89,,,,,
5133,8/9/2026 19:48,80.86,9.89,8.42,80.69,46364.2,44451.9,28.77,30171.16,,,,,
5134,8/9/2026 20:03,80.47,9.71,8.3,80.27,44993.8,43338.5,27.96,29279.38,,,,,
5135,8/9/2026 20:18,79.97,9.91,8.56,79.73,41862.4,40568.3,25.97,27241.63,,,,,
5136,8/9/2026 20:33,79.47,9.91,8.45,79.27,44937.7,43779.7,28.26,29242.84,,,,,
5137,8/9/2026 20:48,78.73,9.99,8.49,78.44,45289.6,44541.8,28.8,29471.85,,,,,
5138,8/9/2026 21:03,77.86,10.05,8.54,77.68,44866.5,44511,28.76,29196.54,,,,,
5139,8/9/2026 21:18,77.13,10.03,8.53,76.82,44099.3,44190.7,28.51,28697.31,,,,,
5140,8/9/2026 21:33,76.33,9.93,8.43,76.09,44103.7,44577.8,28.77,28700.11,,,,,
5141,8/9/2026 21:48,75.64,9.54,8.11,75.44,43350.8,44156.2,28.45,28210.23,,,,,
5142,8/9/2026 22:03,75.64,8.08,6.88,75.55,43119.3,43863.8,28.25,28059.58,,,,,
5143,8/9/2026 22:18,76.6,9.22,7.86,76.72,43409.8,43552.4,28.05,28248.62,,,,,
5144,8/9/2026 22:33,77.66,9.02,7.7,77.7,43580.7,43227.2,27.84,28359.82,,,,,
5145,8/9/2026 22:48,78.38,8.48,7.25,78.49,43889.1,43137.2,27.79,28560.47,,,,,
5146,8/9/2026 23:03,79.11,7.92,6.84,79.1,41695.1,40699.5,26.06,27132.79,,,,,
5147,8/9/2026 23:18,79.43,7.14,6.14,79.35,42848.7,41702.9,26.78,27883.45,,,,,
5148,8/9/2026 23:33,79.88,6.53,5.6,79.79,43751.8,42372.9,27.26,28471.13,,,,,
5149,8/9/2026 23:48,79.97,5.7,4.89,79.82,43470.5,42084.8,27.06,28288.1,,,,,
5150,8/10/2026 0:03,79.91,4.76,4.08,79.78,43758.7,42382.2,27.27,28475.61,,,,,
5151,8/10/2026 0:18,79.89,4.45,3.83,79.75,42894.2,41560.5,26.68,27913.08,,,,,
5152,8/10/2026 0:33,79.85,4.17,3.59,79.76,43116.3,41770.5,26.83,28057.61,,,,,
5153,8/10/2026 0:48,79.77,3.56,3.06,79.66,43338.6,42035.4,27.02,28202.24,,,,,
5154,8/10/2026 1:03,79.71,3.05,2.63,79.55,42320.4,41099,26.35,27539.69,,,,,
5155,8/10/2026 1:18,79.59,2.42,2.09,79.45,41646.1,40489.6,25.91,27100.88,,,,,
5156,8/10/2026 1:33,79.45,2.73,2.36,79.31,41428.9,40341.3,25.8,26959.56,,,,,
5157,8/10/2026 1:48,79.34,2.16,1.86,79.21,42009,40954.6,26.24,27337.03,,,,,
5158,8/10/2026 2:03,79.21,1.92,1.66,79.06,41207.5,40238.5,25.73,26815.44,,,,,
5159,8/10/2026 2:18,79.1,1.78,1.54,78.95,41489.8,40567.4,25.96,26999.14,,,,,
5160,8/10/2026 2:33,78.93,1.48,1.28,78.8,41430.9,40580.9,25.97,26960.82,,,,,
5161,8/10/2026 2:48,78.76,0.89,0.77,78.58,41542.8,40790.1,26.11,27033.63,,,,,
5162,8/10/2026 3:03,78.56,1.09,0.95,78.4,40423.7,39776.2,25.39,26305.39,,,,,
5163,8/10/2026 3:18,78.28,0.85,0.73,78.12,40956.4,40427.3,25.85,26652.03,,,,,
5164,8/10/2026 3:33,78.08,0.93,0.81,77.93,40964.2,40524.3,25.91,26657.13,,,,,
5165,8/10/2026 3:48,77.86,0.95,0.82,77.7,39720.9,39398.7,25.11,25848.07,,,,,
5166,8/10/2026 4:03,77.68,0.95,0.82,77.56,40388,40126.3,25.62,26282.16,,,,,
5167,8/10/2026 4:18,77.56,0.76,0.66,77.42,40623.4,40424.2,25.83,26435.39,,,,,
5168,8/10/2026 4:33,77.46,0.39,0.33,77.32,40493.3,40340.7,25.77,26350.73,,,,,
5169,8/10/2026 4:48,77.22,0.1,0.08,77.1,40233.9,40186.7,25.66,26181.92,,,,,
5170,8/10/2026 5:03,77.2,0.12,0.1,77.06,40078.6,40049.4,25.56,26080.84,,,,,
5171,8/10/2026 5:18,77.4,0.72,0.62,77.3,40369.1,40229.7,25.69,26269.88,,,,,
5172,8/10/2026 5:33,77.33,0.72,0.62,77.18,40192.9,40110.1,25.6,26155.23,,,,,SN 22531022
5173,8/10/2026 5:48,77.12,1.14,0.98,76.99,40624.4,40630.9,25.97,26436.02,,,,,
5174,8/10/2026 6:03,77.3,1.31,1.13,77.16,40606,40532.5,25.9,26424.01,,,,,
5175,8/10/2026 6:18,77.3,1.42,1.22,77.18,41991,41901.8,26.88,27325.34,,,,,
5176,8/10/2026 6:33,77.34,1.61,1.38,77.18,42220.1,42133.1,27.04,27474.4,,,,,
5177,8/10/2026 6:48,77.35,1.79,1.53,77.23,42009.3,41896.1,26.88,27337.23,,,,,
5178,8/10/2026 7:03,77.67,2.38,2.04,77.65,42536.1,42215.2,27.11,27680.07,,,,,
5179,8/10/2026 7:18,78.05,3.11,2.7,77.94,40046.2,39611.1,25.26,26059.73,,,,,
5180,8/10/2026 7:33,78.31,3.28,2.82,78.18,42698.1,42120,27.05,27785.46,,,,,
5181,8/10/2026 7:48,78.47,4.15,3.56,78.38,43016.3,42335.3,27.21,27992.55,,,,,
5182,8/10/2026 8:03,78.64,4.82,4.15,78.54,42036.2,41292.8,26.47,27354.74,,,,,
5183,8/10/2026 8:18,78.56,5.39,4.6,78.42,44142,43424.1,27.99,28725.1,,,,,
5184,8/10/2026 8:33,78.34,5.71,4.88,78.17,43526.7,42942.8,27.64,28324.65,,,,,
5185,8/10/2026 8:48,78.01,5.87,5.01,77.83,43746.9,43326.4,27.91,28467.96,,,,,
5186,8/10/2026 9:03,77.8,6.04,5.15,77.66,43682.8,43350.4,27.92,28426.27,,,,,
5187,8/10/2026 9:18,77.67,6.12,5.23,77.56,43082.4,42803.3,27.53,28035.54,,,,,
5188,8/10/2026 9:33,77.57,5.86,5.03,77.44,42374,42158.2,27.07,27574.57,,,,,
5189,8/10/2026 9:48,77.55,5.32,4.56,77.42,42918.9,42708.4,27.46,27929.16,,,,,
5190,8/10/2026 10:03,77.52,4.86,4.16,77.4,42788.8,42592.4,27.38,27844.46,,,,,
5191,8/10/2026 10:18,77.53,3.76,3.22,77.42,42843.1,42633,27.41,27879.84,,,,,
5192,8/10/2026 10:33,77.67,4.79,4.1,77.6,42772,42473.4,27.3,27833.57,,,,,
5193,8/10/2026 10:48,78.15,5.5,4.71,78.08,43110.9,42572.7,27.38,28054.06,,,,,
5194,8/10/2026 11:03,78.41,5.34,4.58,78.32,42825.5,42176.6,27.1,27868.34,,,,,
5195,8/10/2026 11:18,78.64,5.29,4.53,78.58,43037.3,42257.6,27.16,28006.19,,,,,
5196,8/10/2026 11:33,78.89,5.31,4.56,78.84,42856.9,41954.1,26.95,27888.81,,,,,
5197,8/10/2026 11:48,79.15,5.57,4.79,79.1,42772.4,41748.4,26.8,27833.8,,,,,
5198,8/10/2026 12:03,79.35,5.49,4.72,79.31,42715.9,41597.1,26.7,27797.07,,,,,
5199,8/10/2026 12:18,79.51,5.65,4.86,79.45,42847.8,41655.3,26.74,27882.9,,,,,
5200,8/10/2026 12:33,79.63,5.28,4.56,79.54,42214.3,41001.1,26.28,27470.6,,,,,
5201,8/10/2026 12:48,79.77,5.12,4.42,79.67,42218,40943.4,26.24,27473.02,,,,,
5202,8/10/2026 13:03,79.76,5.22,4.49,79.66,43091.6,41795.8,26.85,28041.5,,,,,
5203,8/10/2026 13:18,79.84,4.76,4.09,79.73,43317.5,41978.4,26.98,28188.54,,,,,
5204,8/10/2026 13:33,79.97,4.33,3.74,79.87,42105.5,40740.5,26.1,27399.81,,,,,
5205,8/10/2026 13:48,80.24,3.95,3.41,80.16,42330.1,40825.9,26.16,27545.97,,,,,
5206,8/10/2026 14:03,80.27,3.65,3.15,80.19,42527.6,41001.2,26.29,27674.53,,,,,
5207,8/10/2026 14:18,80.43,2.55,2.2,80.33,42468.1,40880.4,26.2,27635.8,,,,,
5208,8/10/2026 14:33,80.48,3.41,2.94,80.4,42599.6,40976.5,26.27,27721.35,,,,,
5209,8/10/2026 14:48,80.55,2.86,2.47,80.43,42812.9,41163.9,26.41,27860.16,,,,,
5210,8/10/2026 15:03,80.51,2.93,2.53,80.41,42336.5,40715.9,26.09,27550.15,,,,,
5211,8/10/2026 15:18,80.59,2.86,2.47,80.51,42909.4,41223.5,26.45,27922.98,,,,,
5212,8/10/2026 15:33,80.67,2.36,2.04,80.57,43082.7,41359.3,26.55,28035.75,,,,,
5213,8/10/2026 15:48,80.72,2.49,2.15,80.63,42581.3,40852.7,26.19,27709.45,,,,,
5214,8/10/2026 16:03,80.77,2.45,2.12,80.7,42428.8,40673.8,26.06,27610.23,,,,,
5215,8/10/2026 16:18,80.87,1.91,1.65,80.83,42752.2,40923.1,26.24,27820.68,,,,,
5216,8/10/2026 16:33,81.02,1.36,1.17,81,42493.3,40600.1,26.01,27652.16,,,,,
5217,8/10/2026 16:48,81.13,1.86,1.61,81.08,42722,40781,26.15,27801.01,,,,,
5218,8/10/2026 17:03,80.91,3.2,2.76,80.76,43181.1,41364.3,26.56,28099.78,,,,,
5219,8/10/2026 17:18,80.91,2.95,2.55,80.84,43033.4,41189.8,26.43,28003.67,,,,,
5220,8/10/2026 17:33,81.05,3.55,3.06,80.94,42892.4,41006.7,26.3,27911.9,,,,,
5221,8/10/2026 17:48,81,3.67,3.17,80.85,42499.7,40671.4,26.06,27656.38,,,,,
5222,8/10/2026 18:03,80.97,4.05,3.49,80.86,43101.9,41245.1,26.47,28048.23,,,,,
5223,8/10/2026 18:18,80.96,4.45,3.84,80.85,43140,41286.7,26.5,28073.03,,,,,
5224,8/10/2026 18:33,80.95,5.19,4.48,80.83,42829.8,41000,26.3,27871.18,,,,,
5225,8/10/2026 18:48,80.89,5.83,5.01,80.75,43702.3,41871.4,26.92,28438.97,,,,,
5226,8/10/2026 19:03,80.76,6.08,5.3,80.62,39865.1,38249.2,24.34,25941.93,,,,,
5227,8/10/2026 19:18,80.51,6.85,5.92,80.31,42106.9,40542.8,25.96,27400.76,,,,,
5228,8/10/2026 19:33,80.2,7.31,6.35,80.04,40506.2,39120.1,24.95,26359.07,,,,,
5229,8/10/2026 19:48,79.86,7.66,6.56,79.67,44367,43024.9,27.73,28871.5,,,,,
5230,8/10/2026 20:03,79.56,8.21,7.06,79.39,42798.1,41638.1,26.73,27850.5,,,,,
5231,8/10/2026 20:18,79.35,8.39,7.27,79.2,40802.7,39783.6,25.41,26552.03,,,,,
5232,8/10/2026 20:33,79.07,8.54,7.34,78.93,42645.1,41707.5,26.77,27750.94,,,,,
5233,8/10/2026 20:48,78.73,8.62,7.41,78.55,42641.6,41884.9,26.89,27748.71,,,,,
5234,8/10/2026 21:03,78.29,8.74,7.47,78.09,43783.5,43234.2,27.85,28491.78,,,,,
5235,8/10/2026 21:18,77.79,8.8,7.53,77.6,43098.1,42799.9,27.53,28045.75,,,,,
5236,8/10/2026 21:33,77.21,8.91,7.57,76.95,44458.1,44485.1,28.73,28930.79,,,,,
5237,8/10/2026 21:48,76.46,9.15,7.81,76.14,42963,43399.8,27.93,27957.84,,,,,
5238,8/10/2026 22:03,75.34,9.34,7.99,75.04,41715.1,42690.8,27.39,27145.75,,,,,
5239,8/10/2026 22:18,74.34,9.51,8.11,74.01,41714.3,43220.8,27.75,27145.29,,,,,
5240,8/10/2026 22:33,73.57,9.62,8.15,73.33,42959,44882.6,28.92,27955.26,,,,,
5241,8/10/2026 22:48,73.14,9.67,8.22,72.92,41614.9,43693.8,28.06,27080.59,,,,,
5242,8/10/2026 23:03,72.92,9.49,7.99,72.78,43937.6,46214.9,29.86,28592.03,,,,,
5243,8/10/2026 23:18,73.09,8.67,7.41,73.08,40488.9,42430.2,27.16,26347.82,,,,,
5244,8/10/2026 23:33,73.67,9.17,7.74,73.67,43935.2,45710,29.53,28590.51,,,,,
5245,8/10/2026 23:48,74.4,8.89,7.58,74.39,41909,43227.5,27.76,27271.96,,,,,
5246,8/11/2026 0:03,75.31,8.14,6.96,75.32,41773.8,42610.3,27.34,27184.01,,,,,
5247,8/11/2026 0:18,76.03,7.56,6.44,76.2,43322.9,43732.6,28.17,28192.03,,,,,
5248,8/11/2026 0:33,76.82,6.74,5.72,76.76,44570.4,44694.1,28.87,29003.87,,,,,
5249,8/11/2026 0:48,77.37,5.97,5.15,77.28,41153.3,41019,26.25,26780.21,,,,,
5250,8/11/2026 1:03,77.7,5.19,4.43,77.65,43647.1,43317.8,27.9,28403.04,,,,,
5251,8/11/2026 1:18,77.91,4.38,3.77,77.84,41793.1,41388.7,26.52,27196.52,,,,,
5252,8/11/2026 1:33,78,3.66,3.16,77.89,41142.9,40719.1,26.05,26773.41,,,,,
5253,8/11/2026 1:48,78.02,3.3,2.82,77.91,43275.6,42821.8,27.55,28161.29,,,,,
5254,8/11/2026 2:03,78,3.14,2.69,77.88,42867.4,42433.8,27.27,27895.62,,,,,
5255,8/11/2026 2:18,77.96,2.97,2.56,77.86,41538.9,41126.6,26.34,27031.12,,,,,
5256,8/11/2026 2:33,77.95,2.53,2.18,77.8,41458,41075,26.3,26978.48,,,,,
5257,8/11/2026 2:48,77.83,1.85,1.59,77.68,41886.9,41555,26.64,27257.58,,,,,
5258,8/11/2026 3:03,77.73,2.11,1.82,77.6,41631.7,41343.6,26.49,27091.5,,,,,
5259,8/11/2026 3:18,77.62,2.32,2,77.49,40685.5,40455.2,25.85,26475.79,,,,,
5260,8/11/2026 3:33,77.53,1.87,1.64,77.42,37471.8,37290.4,23.62,24384.52,,,,,
5261,8/11/2026 3:48,77.44,1.48,1.25,77.31,44640.7,44480.9,28.73,29049.58,,,,,
5262,8/11/2026 4:03,77.3,1.22,1.06,77.13,39901.4,39839.3,25.41,25965.51,,,,,
5263,8/11/2026 4:18,77.13,1.3,1.12,76.98,41024.3,41033.5,26.26,26696.28,,,,,
5264,8/11/2026 4:33,77,1.45,1.24,76.85,41278.1,41350.5,26.48,26861.42,,,,,
5265,8/11/2026 4:48,76.83,1.23,1.07,76.7,38405.9,38541.9,24.49,24992.32,,,,,
5266,8/11/2026 5:03,76.68,1.26,1.1,76.53,37202.2,37407.8,23.69,24209.04,,,,,
5267,8/11/2026 5:18,76.56,1.01,0.87,76.41,40886.5,41170.4,26.34,26606.6,,,,,
5268,8/11/2026 5:33,76.46,0.03,0.02,76.32,39940.4,40258.8,25.69,25990.93,,,,,
5269,8/11/2026 5:48,76.49,0.76,0.66,76.36,36588.2,36863.4,23.3,23809.49,,,,,
5270,8/11/2026 6:01,,,,,,,,,Logged,,,,
5271,8/11/2026 6:03,74.77,7.92,7.89,72.73,1166.8,1228,0.61,759.3,,,,,
5272,8/11/2026 6:18,70.56,7.58,7.53,71.99,2351.9,2497.7,1.28,1530.48,,,,,
5273,8/11/2026 6:33,69.9,9.26,9.22,70.01,1174.3,1278.6,0.63,764.14,,,,,
5274,8/11/2026 6:48,76.12,1.3,1.11,76.03,43912.7,44413.3,28.65,28575.88,,,,,
5275,8/11/2026 7:03,76.25,1.36,1.18,76.2,39753.5,40129.4,25.6,25869.27,,,,,
5276,8/11/2026 7:18,76.37,1.53,1.33,76.21,39539.1,39907.9,25.44,25729.8,,,,,
5277,8/11/2026 7:33,76.51,1.76,1.52,76.44,39572.9,39834.9,25.39,25751.78,,,,,
5278,8/11/2026 7:48,76.59,1.78,1.54,76.46,39621.7,39873.8,25.42,25783.52,,,,,
5279,8/11/2026 8:03,76.9,2.43,2.11,76.85,39300,39368.8,25.07,25574.15,,,,,
5280,8/11/2026 8:18,77.33,3.01,2.61,77.25,39623,39506.3,25.18,25784.39,,,,,
5281,8/11/2026 8:33,77.53,3.39,2.94,77.45,39411.5,39205.7,24.97,25646.71,,,,,
5282,8/11/2026 8:48,77.66,3.83,3.33,77.58,39677.5,39412.9,25.12,25819.82,,,,,
5283,8/11/2026 9:03,77.81,4.55,3.94,77.7,40106.2,39780.9,25.38,26098.8,,,,,
5284,8/11/2026 9:18,77.66,5.13,4.44,77.49,40218.8,39988.6,25.52,26172.05,,,,,
5285,8/11/2026 9:33,77.38,5.59,4.83,77.22,40590,40485.8,25.87,26413.64,,,,,
5286,8/11/2026 9:48,77.18,5.85,5.04,77.04,40674.6,40655.3,25.99,26468.68,,,,,
5287,8/11/2026 10:03,77.06,6.13,5.29,76.92,40787.9,40828.2,26.11,26542.43,,,,,
5288,8/11/2026 10:18,76.95,6.18,5.32,76.79,41203.3,41304.5,26.44,26812.74,,,,,
5289,8/11/2026 10:33,76.7,6.36,5.47,76.5,41103.7,41346.7,26.47,26747.89,,,,,
5290,8/11/2026 10:48,76.47,6.47,5.57,76.31,41002.1,41336.9,26.46,26681.79,,,,,
5291,8/11/2026 11:03,76.33,6.51,5.54,76.18,43844.3,44267.4,28.55,28531.32,,,,,
5292,8/11/2026 11:18,76.23,6.37,5.39,76.09,44748.8,45227,29.24,29119.97,,,,,
5293,8/11/2026 11:33,76.27,5.89,5.01,76.16,43851.7,44286.3,28.56,28536.18,,,,,
5294,8/11/2026 11:48,77.13,6.46,5.43,77.24,47329.3,47195.7,30.69,30799.15,,,,,
5295,8/11/2026 12:03,77.77,6.51,5.54,77.66,44423.1,44085.1,28.45,28907.97,,,,,
5296,8/11/2026 12:18,77.98,6.44,5.44,77.94,46273.9,45774.1,29.68,30112.37,,,,,
5297,8/11/2026 12:33,78.19,6.11,5.28,78.08,40960.6,40451.9,25.86,26654.81,,,,,
5298,8/11/2026 12:48,78.57,6.19,5.27,78.49,44523.9,43761.2,28.24,28973.57,,,,,
5299,8/11/2026 13:03,78.76,6,5.14,78.67,43432.5,42602.9,27.41,28263.39,,,,,
5300,8/11/2026 13:18,79.03,5.8,4.97,78.95,43440.4,42472,27.32,28268.49,,,,,
5301,8/11/2026 13:33,79.22,5.68,4.87,79.14,43328.8,42275.6,27.18,28195.85,,,,,
5302,8/11/2026 13:48,79.46,5.45,4.68,79.38,43276.7,42106.3,27.07,28161.95,,,,,
5303,8/11/2026 14:03,79.71,5.17,4.44,79.65,43379.4,42077.6,27.05,28228.79,,,,,
5304,8/11/2026 14:18,80.01,4.82,4.14,79.98,43418.1,41958.5,26.97,28254,,,,,
5305,8/11/2026 14:33,80.15,4.37,3.76,80.06,43365.4,41868.5,26.91,28219.7,,,,,
5306,8/11/2026 14:48,80.51,4.14,3.56,80.4,43611.2,41949.7,26.97,28379.68,,,,,
5307,8/11/2026 15:03,80.5,3.65,3.14,80.37,43589.7,41939.3,26.96,28365.65,,,,,
5308,8/11/2026 15:18,80.54,3.56,3.06,80.42,43551.5,41881.9,26.92,28340.81,,,,,
5309,8/11/2026 15:33,80.62,3.4,2.92,80.53,43481.2,41760,26.84,28295.06,,,,,
5310,8/11/2026 15:48,80.7,3.26,2.8,80.57,43607.8,41866,26.91,28377.45,,,,,
5311,8/11/2026 16:03,80.72,3.25,2.79,80.62,44535.9,42733.3,27.54,28981.4,,,,,
5312,8/11/2026 16:18,80.81,3.3,2.84,80.69,43736.8,41932.8,26.96,28461.35,,,,,
5313,8/11/2026 16:33,80.8,2.41,2.07,80.67,43884.7,42085,27.07,28557.6,,,,,
5314,8/11/2026 16:48,80.85,2.73,2.34,80.76,43992.8,42141.8,27.11,28628,,,,,
5315,8/11/2026 17:03,80.87,2.55,2.19,80.75,43945.8,42102,27.08,28597.4,,,,,
5316,8/11/2026 17:18,80.85,2.66,2.29,80.73,43922.6,42090.2,27.08,28582.31,,,,,
5317,8/11/2026 17:33,80.84,1.77,1.52,80.64,43981.9,42188.6,27.14,28620.89,,,,,
5318,8/11/2026 17:48,80.8,1.65,1.42,80.71,44180.6,42347.9,27.26,28750.21,,,,,
5319,8/11/2026 18:03,80.64,1.67,1.44,80.51,44020.4,42288.3,27.21,28645.95,,,,,
5320,8/11/2026 18:18,80.56,2.89,2.48,80.43,43999.4,42307.3,27.23,28632.29,,,,,
5321,8/11/2026 18:33,80.56,3.11,2.67,80.41,44113.3,42427.3,27.31,28706.37,,,,,
5322,8/11/2026 18:48,80.38,3.51,3.02,80.22,43889.9,42298.9,27.22,28561.04,,,,,
5323,8/11/2026 19:03,80.22,3.52,3.03,80.05,43649.4,42147.9,27.11,28404.49,,,,,
5324,8/11/2026 19:18,80.03,3.96,3.41,79.9,43114.2,41701,26.78,28056.25,,,,,
5325,8/11/2026 19:33,79.97,4.07,3.5,79.82,42954.3,41587.7,26.7,27952.19,,,,,
5326,8/11/2026 19:48,79.81,4.56,3.92,79.65,42819.8,41534.8,26.66,27864.63,,,,,
5327,8/11/2026 20:03,79.49,5.14,4.44,79.29,41935.5,40842.2,26.16,27289.21,,,,,
5328,8/11/2026 20:18,79.18,5.42,4.66,79,42470.7,41503.2,26.63,27637.48,,,,,
5329,8/11/2026 20:33,78.92,5.81,5,78.71,42525,41691.8,26.76,27672.82,,,,,
5330,8/11/2026 20:48,78.58,6.19,5.3,78.41,43578.4,42874.9,27.6,28358.28,,,,,
5331,8/11/2026 21:03,78.17,6.72,5.73,77.99,44018.7,43515.9,28.05,28644.84,,,,,
5332,8/11/2026 21:18,77.79,7.11,6.07,77.59,43752.4,43452.5,28,28471.57,,,,,
5333,8/11/2026 21:33,77.47,7.23,6.17,77.29,43714.4,43566.2,28.07,28446.79,,,,,
5334,8/11/2026 21:48,77.17,7.42,6.32,76.98,43838.5,43848.4,28.27,28527.58,,,,,
5335,8/11/2026 22:03,76.77,7.56,6.43,76.56,43676.1,43900.7,28.3,28421.89,,,,,
5336,8/11/2026 22:18,76.36,7.79,6.64,76.15,43146,43576.3,28.05,28076.92,,,,,
5337,8/11/2026 22:33,75.83,8.03,6.85,75.55,42709.8,43447.2,27.95,27793.07,,,,,
5338,8/11/2026 22:48,74.82,8.4,7.11,74.54,43940,45239.9,29.21,28593.64,,,,,
5339,8/11/2026 23:03,73.68,8.78,7.43,73.3,43114.1,45059.4,29.05,28056.14,,,,,
5340,8/11/2026 23:18,72.71,9.05,7.66,72.51,42461.7,44807.8,28.84,27631.6,,,,,
5341,8/11/2026 23:33,71.82,9.34,7.89,71.69,42339.4,45136.6,29.05,27552.07,,,,,
5342,8/11/2026 23:48,71.16,9.65,8.16,70.91,41582.3,44763.6,28.76,27059.39,,,,,
5343,8/12/2026 0:03,70.91,9.57,8.12,70.78,40790.7,43982.6,28.2,26544.2,,,,,
5344,8/12/2026 0:18,71.37,9.2,7.79,71.31,41590.9,44550.3,28.62,27064.97,,,,,
5345,8/12/2026 0:33,71.45,9.32,7.87,71.29,42110.4,45115.8,29.03,27403.04,,,,,
5346,8/12/2026 0:48,72.2,8.69,7.34,72.25,42791.6,45300.2,29.19,27846.29,,,,,
5347,8/12/2026 1:03,73.05,8.09,6.85,72.94,42492.2,44606.1,28.71,27651.49,,,,,
5348,8/12/2026 1:18,73.76,7.26,6.16,73.83,42570.7,44206.3,28.45,27702.53,,,,,
5349,8/12/2026 1:33,74.38,6.6,5.6,74.36,43015.2,44382.9,28.59,27991.81,,,,,
5350,8/12/2026 1:48,74.88,5.59,4.76,74.87,42106.9,43181.3,27.74,27400.76,,,,,
5351,8/12/2026 2:03,75.34,5.03,4.28,75.24,42714.2,43608.9,28.06,27795.91,,,,,
5352,8/12/2026 2:18,75.51,4.31,3.68,75.43,42575.8,43369.5,27.89,27705.86,,,,,
5353,8/12/2026 2:33,75.56,3.78,3.23,75.44,42034.6,42815.5,27.49,27353.72,,,,,
5354,8/12/2026 2:48,75.57,3.49,2.98,75.44,42002.7,42783,27.47,27332.93,,,,,
5355,8/12/2026 3:03,75.56,3.22,2.75,75.42,42200.4,42992.7,27.62,27461.59,,,,,
5356,8/12/2026 3:18,75.51,2.96,2.53,75.36,42280.4,43104.8,27.7,27513.67,,,,,
5357,8/12/2026 3:33,75.48,2.65,2.27,75.32,41609.3,42439.7,27.22,27076.92,,,,,
5358,8/12/2026 3:48,75.31,2.36,2.02,75.11,42142.5,43092,27.68,27423.91,,,,,
5359,8/12/2026 4:03,75.13,1.88,1.61,74.98,42135.8,43154.9,27.73,27419.54,,,,,
5360,8/12/2026 4:18,75.11,1.94,1.66,74.94,42115.7,43151.1,27.72,27406.45,,,,,
5361,8/12/2026 4:33,75,1.72,1.47,74.85,42044,43127.9,27.7,27359.84,,,,,
5362,8/12/2026 4:48,74.85,1.84,1.57,74.7,41903.2,43058.8,27.65,27268.15,,,,,
5363,8/12/2026 5:03,74.7,1.46,1.25,74.51,41198.9,42431.5,27.2,26809.87,,,,,
5364,8/12/2026 5:18,74.46,1.5,1.28,74.3,41672.4,43025.5,27.62,27118.01,,,,,
5365,8/12/2026 5:33,74.23,1.39,1.19,74.06,42399.2,43907.4,28.24,27590.97,,,,,
5366,8/12/2026 5:48,74.03,1.06,0.91,73.86,41527.4,43105.9,27.66,27023.63,,,,,
5367,8/12/2026 6:03,73.77,1.08,0.92,73.59,41413.4,43128.7,27.67,26949.44,,,,,
5368,8/12/2026 6:18,73.61,0.99,0.85,73.47,41355.8,43133.8,27.67,26911.95,,,,,
5369,8/12/2026 6:33,73.58,1.27,1.08,73.48,41364.1,43136.8,27.67,26917.37,,,,,
5370,8/12/2026 6:48,73.48,1.11,0.95,73.34,41342.5,43185.1,27.71,26903.28,,,,,
5371,8/12/2026 7:03,73.3,0.92,0.78,73.14,41123.1,43063.6,27.61,26760.53,,,,,
5372,8/12/2026 7:18,72.35,3.09,3.07,74.16,2279.3,2357.3,1.21,1483.23,,,,,
5373,8/12/2026 7:33,73.35,1.05,0.9,73.26,41367.1,43253.5,27.75,26919.29,,,,,
5374,8/12/2026 7:48,73.25,1.61,1.37,73.11,41287.9,43250.5,27.75,26867.78,,,,,
5375,8/12/2026 8:03,73.35,1.79,1.52,73.33,41410.4,43264.7,27.76,26947.53,,,,,
5376,8/12/2026 8:18,73.73,1.91,1.63,73.65,41373.8,43056.4,27.62,26923.7,,,,,
5377,8/12/2026 8:33,74.05,1.93,1.65,73.95,41379.5,42907.4,27.52,26927.37,,,,,
5378,8/12/2026 8:48,74.3,2.11,1.81,74.22,41432.8,42822.7,27.47,26962.08,,,,,
5379,8/12/2026 9:03,74.73,2.61,2.23,74.76,41056,42158.2,27.01,26716.88,,,,,
5380,8/12/2026 9:18,75.4,3,2.57,75.31,41237.2,42065.6,26.96,26834.8,,,,,
5381,8/12/2026 9:33,75.72,3.5,3,75.67,41277,41927.5,26.86,26860.67,,,,,
5382,8/12/2026 9:48,75.95,3.66,3.15,75.86,41241.2,41797.1,26.78,26837.42,,,,,
5383,8/12/2026 10:03,76.16,4.28,3.67,76.01,41695.1,42181.1,27.05,27132.73,,,,,
5384,8/12/2026 10:18,75.96,4.88,4.18,75.79,41991.4,42592.9,27.34,27325.58,,,,,
5385,8/12/2026 10:33,75.81,5.28,4.51,75.65,42152.2,42827.6,27.51,27430.22,,,,,
5386,8/12/2026 10:48,75.77,5.6,4.78,75.6,42354.2,43057.7,27.67,27561.67,,,,,
5387,8/12/2026 11:03,75.64,5.66,4.83,75.51,42374.8,43125.9,27.72,27575.09,,,,,
5388,8/12/2026 11:18,75.44,5.79,4.94,75.26,42420.3,43297.6,27.83,27604.69,,,,,
5389,8/12/2026 11:33,75.16,6.12,5.22,74.95,42393.8,43433.2,27.92,27587.45,,,,,
5390,8/12/2026 11:48,74.89,6.17,5.25,74.73,42564.8,43721.6,28.12,27698.72,,,,,
5391,8/12/2026 12:03,74.74,6.24,5.32,74.57,42448.7,43687.5,28.1,27623.18,,,,,
5392,8/12/2026 12:18,74.61,5.97,5.09,74.46,42263.1,43555.9,28,27502.39,,,,,
5393,8/12/2026 12:33,74.53,5.82,4.96,74.4,42131.8,43448.8,27.92,27416.92,,,,,
5394,8/12/2026 12:48,74.99,6.04,5.15,74.93,42164.8,43209.8,27.76,27438.39,,,,,
5395,8/12/2026 13:03,76.27,6.42,5.47,76.19,43576,43993.7,28.35,28356.75,,,,,
5396,8/12/2026 13:18,76.53,6.14,5.24,76.43,42925.1,43212,27.8,27933.16,,,,,
5397,8/12/2026 13:33,76.97,5.91,5.05,76.86,42863.1,42935.5,27.61,27892.81,,,,,
5398,8/12/2026 13:48,77.13,5.72,4.9,77.08,42815.3,42773.3,27.5,27861.75,,,,,
5399,8/12/2026 14:03,77.3,5.38,4.6,77.22,42777.2,42667.4,27.43,27836.94,,,,,
5400,8/12/2026 14:18,77.59,5.3,4.55,77.55,42691,42417.1,27.25,27780.84,,,,,
5401,8/12/2026 14:33,77.84,5.21,4.47,77.75,42608.9,42239.2,27.13,27727.39,,,,,
5402,8/12/2026 14:48,78.17,5.01,4.3,78.09,42631.6,42096.7,27.04,27742.16,,,,,
5403,8/12/2026 15:03,78.27,4.78,4.1,78.19,42613.7,42028.8,26.99,27730.52,,,,,
5404,8/12/2026 15:18,78.82,4.65,3.99,78.78,42990.4,42113.7,27.06,27975.66,,,,,
5405,8/12/2026 15:33,79.52,4.41,3.79,79.54,43342.1,42096.5,27.06,28204.54,,,,,
5406,8/12/2026 15:48,79.8,4.09,3.51,79.55,43439.9,42186.3,27.13,28268.2,,,,,
5407,8/12/2026 16:03,79.62,3.42,2.93,79.46,44050.3,42821.7,27.58,28665.39,,,,,
5408,8/12/2026 16:18,79.6,2.98,2.56,79.5,43276.1,42048.1,27.03,28161.57,,,,,
5409,8/12/2026 16:33,79.72,3.03,2.59,79.6,43853.1,42563.6,27.4,28537.04,,,,,
5410,8/12/2026 16:48,79.72,2.72,2.34,79.6,43241.6,41967.5,26.97,28139.14,,,,,
5411,8/12/2026 17:03,79.77,2.55,2.19,79.66,43440.3,42131.5,27.09,28268.46,,,,,
5412,8/12/2026 17:18,79.84,2.6,2.24,79.75,43603.8,42248,27.17,28374.87,,,,,
5413,8/12/2026 17:33,79.93,2.61,2.24,79.81,43656,42272.3,27.19,28408.78,,,,,
5414,8/12/2026 17:48,79.96,2.58,2.21,79.84,44125.7,42711.1,27.51,28714.44,,,,,
5415,8/12/2026 18:03,79.97,2.25,1.93,79.86,44594.9,43154.6,27.83,29019.76,,,,,
5416,8/12/2026 18:18,79.95,2.42,2.08,79.83,44406.2,42985.3,27.7,28896.97,,,,,
5417,8/12/2026 18:33,79.81,1.91,1.64,79.67,43703,42381,27.27,28439.41,,,,,
5418,8/12/2026 18:48,79.5,1.39,1.2,79.26,42526.5,41435.9,26.58,27673.79,,,,,
5419,8/12/2026 19:03,79.56,1.42,1.23,79.4,41953,40810.8,26.14,27300.59,,,,,
5420,8/12/2026 19:18,79.79,2.69,2.31,79.72,43619.5,42276.3,27.19,28385.05,,,,,
5421,8/12/2026 19:33,79.8,2.63,2.27,79.69,41958,40681.2,26.05,27303.83,,,,,
5422,8/12/2026 19:48,79.56,2.85,2.53,79.43,34858.1,33896.4,21.28,22683.66,,,,,
5423,8/12/2026 20:03,79.39,3.24,2.86,79.21,36345.1,35432.9,22.35,23651.28,,,,,
5424,8/12/2026 20:18,79.19,3.37,2.9,79.03,42554.2,41571.8,26.68,27691.82,,,,,
5425,8/12/2026 20:33,79.07,3.49,3,78.92,43056.7,42112.7,27.06,28018.82,,,,,
5426,8/12/2026 20:48,78.75,4,3.44,78.5,42620.4,41885.1,26.89,27734.91,,,,,
5427,8/12/2026 21:03,78.34,4.21,3.62,78.14,42015.7,41465.1,26.58,27341.37,,,,,
5428,8/12/2026 21:18,77.92,4.51,3.88,77.68,41769,41438.1,26.56,27180.86,,,,,
5429,8/12/2026 21:33,77.57,4.89,4.2,77.37,41870.6,41691.6,26.73,27246.95,,,,,
5430,8/12/2026 21:48,77.17,5.26,4.5,77,42863.1,42861.8,27.56,27892.81,,,,,
5431,8/12/2026 22:03,76.77,5.81,4.97,76.53,42504.6,42739.6,27.46,27659.56,,,,,
5432,8/12/2026 22:18,76.29,6.05,5.18,76.14,41908.5,42334.6,27.17,27271.65,,,,,
5433,8/12/2026 22:33,75.98,6.25,5.34,75.79,42166.4,42770.4,27.47,27439.45,,,,,
5434,8/12/2026 22:48,75.73,6.56,5.59,75.55,42780.3,43518.9,28,27838.95,,,,,
5435,8/12/2026 23:03,75.54,6.83,5.83,75.37,42523.8,43350.1,27.87,27672,,,,,
5436,8/12/2026 23:18,75.32,7.12,6.06,75.17,42653.2,43586,28.04,27756.25,,,,,
5437,8/12/2026 23:33,74.85,7.52,6.38,74.59,43198.1,44447.1,28.64,28110.82,,,,,
5438,8/12/2026 23:48,74.08,7.99,6.8,73.88,42047.1,43636.9,28.04,27361.85,,,,,
5439,8/13/2026 0:03,73.08,8.62,7.3,72.7,42397.1,44638.9,28.73,27589.59,,,,,
5440,8/13/2026 0:18,72.15,9.02,7.66,71.85,41214.2,43849,28.14,26819.83,,,,,
5441,8/13/2026 0:33,71.4,9.3,7.9,71.03,40866.8,43925.1,28.17,26593.73,,,,,
5442,8/13/2026 0:48,71.11,9.26,7.86,70.82,40863.8,44037.7,28.24,26591.81,,,,,
5443,8/13/2026 1:03,70.73,9.25,7.85,70.55,40736.9,44049.6,28.24,26509.19,,,,,
5444,8/13/2026 1:18,71.22,8.76,7.45,71.18,40693.7,43659.6,27.98,26481.11,,,,,
5445,8/13/2026 1:33,71.41,8.93,7.57,71.37,41320.7,44228.1,28.39,26889.14,,,,,
5446,8/13/2026 1:48,71.95,8.4,7.13,71.89,41268.4,43883.2,28.16,26855.1,,,,,
5447,8/13/2026 2:03,72.81,7.48,6.36,72.8,41512.9,43653.1,28.02,27014.21,,,,,
5448,8/13/2026 2:18,73.37,6.74,5.74,73.28,41696.3,43586.4,27.99,27133.58,,,,,
5449,8/13/2026 2:33,73.85,6.05,5.15,73.76,42081.8,43732.9,28.11,27384.42,,,,,
5450,8/13/2026 2:48,74.22,5.03,4.28,74.21,42303.3,43728.1,28.12,27528.57,,,,,
5451,8/13/2026 3:03,74.61,4.35,3.71,74.56,42236,43471.3,27.94,27484.74,,,,,
5452,8/13/2026 3:18,74.83,3.9,3.33,74.73,42077.5,43223.9,27.77,27381.62,,,,,
5453,8/13/2026 3:33,74.86,3.42,2.93,74.72,41359.8,42489.4,27.24,26914.57,,,,,
5454,8/13/2026 3:48,74.91,3.1,2.65,74.79,41848.8,42955.5,27.58,27232.78,,,,,
5455,8/13/2026 4:03,74.95,2.97,2.54,74.8,41121.4,42206.1,27.04,26759.45,,,,,
5456,8/13/2026 4:18,74.92,2.69,2.3,74.8,42213.6,43327.2,27.84,27470.21,,,,,
5457,8/13/2026 4:33,74.85,2.54,2.17,74.7,41813.5,42963.9,27.58,27209.8,,,,,
5458,8/13/2026 4:48,74.73,2.26,1.94,74.56,41370.4,42583.2,27.31,26921.46,,,,,
5459,8/13/2026 5:03,74.62,1.6,1.37,74.47,41716.9,42984.5,27.59,27146.95,,,,,
5460,8/13/2026 5:18,74.57,2.07,1.77,74.42,41551.6,42839.2,27.49,27039.36,,,,,
5461,8/13/2026 5:33,74.51,1.76,1.51,74.36,40883.4,42183.4,27.02,26604.58,,,,,
5462,8/13/2026 5:48,74.41,1.7,1.45,74.27,41453.6,42819,27.47,26975.58,,,,,
5463,8/13/2026 6:03,74.32,1.45,1.24,74.17,41441,42856.4,27.49,26967.44,,,,,
5464,8/13/2026 6:18,74.24,1.5,1.28,74.08,41391.2,42849.5,27.48,26934.97,,,,,
5465,8/13/2026 6:33,74.11,1.55,1.32,73.97,41317.5,42829.2,27.47,26887.04,,,,,
5466,8/13/2026 6:48,74.05,1.39,1.19,73.89,41281.3,42836.5,27.47,26863.49,,,,,
5467,8/13/2026 7:03,73.91,1.02,0.87,73.73,41256.7,42895.1,27.51,26847.46,,,,,
5468,8/13/2026 7:18,73.77,1.28,1.09,73.62,41162.1,42850.1,27.47,26785.91,,,,,
5469,8/13/2026 7:33,73.77,1.12,0.95,73.63,41169.8,42852.6,27.48,26790.95,,,,,
5470,8/13/2026 7:48,73.69,1.04,0.89,73.54,41158.5,42888.6,27.5,26783.58,,,,,
5471,8/13/2026 8:03,73.56,0.5,0.42,73.45,41009.9,42781.5,27.42,26686.88,,,,,
5472,8/13/2026 8:18,73.68,0.87,0.74,73.57,41172.8,42886.6,27.5,26792.86,,,,,
5473,8/13/2026 8:33,73.64,1.45,1.23,73.46,41272.7,43050,27.61,26857.91,,,,,
5474,8/13/2026 8:48,73.6,1.52,1.3,73.46,41287.3,43068,27.62,26867.4,,,,,
5475,8/13/2026 9:03,73.82,1.56,1.33,73.72,41173,42810.9,27.45,26793,,,,,
5476,8/13/2026 9:18,73.87,1.81,1.54,73.78,41280.1,42891.4,27.51,26862.73,,,,,
5477,8/13/2026 9:33,74.02,1.82,1.56,73.92,41236.1,42775.6,27.43,26834.1,,,,,
5478,8/13/2026 9:48,74.36,2.19,1.87,74.29,41205.3,42548.7,27.28,26814.01,,,,,
5479,8/13/2026 10:03,74.78,2.71,2.32,74.68,40921.9,42061.4,26.94,26629.64,,,,,
5480,8/13/2026 10:18,75,3.05,2.61,74.91,40838.9,41861.9,26.8,26575.63,,,,,
5481,8/13/2026 10:33,75.26,3.23,2.78,75.17,40742.2,41630.5,26.64,26512.66,,,,,
5482,8/13/2026 10:48,75.41,3.71,3.19,75.25,40927.8,41779.7,26.75,26633.46,,,,,
5483,8/13/2026 11:03,75.27,4.38,3.75,75.07,41114.3,42059.7,26.95,26754.84,,,,,
5484,8/13/2026 11:18,75.06,4.82,4.12,74.93,41936.4,42973,27.59,27289.81,,,,,
5485,8/13/2026 11:33,75.04,5.1,4.35,74.89,41882.4,42937.1,27.57,27254.67,,,,,
5486,8/13/2026 11:48,74.9,5.45,4.67,74.69,40969.9,42102.5,26.97,26660.83,,,,,
5487,8/13/2026 12:03,74.56,5.55,4.75,74.37,41034,42330.4,27.12,26702.54,,,,,
5488,8/13/2026 12:18,74.32,5.92,5.03,74.13,42280.3,43747.1,28.13,27513.58,,,,,
5489,8/13/2026 12:33,74.1,6.08,5.17,73.93,42045.6,43609.6,28.02,27360.88,,,,,
5490,8/13/2026 12:48,73.85,6.2,5.28,73.68,41695.7,43374.3,27.85,27133.15,,,,,
5491,8/13/2026 13:03,73.61,6.37,5.44,73.41,41123.6,42919.8,27.52,26760.84,,,,,
5492,8/13/2026 13:18,73.43,6.31,5.38,73.32,41445.2,43306.7,27.79,26970.15,,,,,
5493,8/13/2026 13:33,73.35,6.22,5.3,73.21,41432.4,43347.6,27.82,26961.84,,,,,
5494,8/13/2026 13:48,73.72,6,5.11,73.56,41461.1,43192.5,27.72,26980.47,,,,,
5495,8/13/2026 14:03,74.21,6.39,5.45,74.22,41762.7,43163.7,27.71,27176.76,,,,,
5496,8/13/2026 14:18,75.09,6.11,5.22,75.08,41991.4,42951.4,27.58,27325.58,,,,,
5497,8/13/2026 14:33,75.82,5.66,4.84,75.79,42155.7,42759.5,27.46,27432.47,,,,,
5498,8/13/2026 14:48,76.18,5.36,4.59,76.05,41843.5,42312.3,27.15,27229.32,,,,,
5499,8/13/2026 15:03,76.55,5.14,4.41,76.52,41921.3,42155.7,27.05,27279.97,,,,,
5500,8/13/2026 15:18,76.98,4.77,4.08,76.9,42350.1,42397.3,27.23,27559.02,,,,,
5501,8/13/2026 15:33,77.31,4.66,4,77.2,41849,41749.5,26.77,27232.9,,,,,
5502,8/13/2026 15:48,77.75,4.62,3.96,77.73,42681,42318.8,27.19,27774.36,,,,,
5503,8/13/2026 16:03,78.22,4.49,3.84,78.17,43383.2,42798.5,27.54,28231.26,,,,,
5504,8/13/2026 16:18,78.91,4.42,3.79,78.85,43150.8,42239.1,27.15,28080.05,,,,,
5505,8/13/2026 16:33,79.63,4.42,3.78,79.7,44386.8,43033.4,27.74,28884.39,,,,,
5506,8/13/2026 16:48,80.14,4.22,3.63,80.02,43325.9,41851.2,26.89,28194.02,,,,,
5507,8/13/2026 17:03,79.87,3.91,3.37,79.71,43016.1,41696.7,26.78,27992.41,,,,,
5508,8/13/2026 17:18,79.93,3.8,3.26,79.81,43765,42375.2,27.27,28479.76,,,,,
5509,8/13/2026 17:33,79.95,3.67,3.14,79.81,43820.1,42428.6,27.3,28515.59,,,,,
5510,8/13/2026 17:48,79.91,3.56,3.05,79.76,44121.8,42744.6,27.53,28711.95,,,,,
5511,8/13/2026 18:03,79.83,3.39,2.91,79.71,43854.1,42511.7,27.36,28537.75,,,,,
5512,8/13/2026 18:18,79.73,2.99,2.56,79.6,43776.1,42486.2,27.34,28486.96,,,,,
5513,8/13/2026 18:33,79.65,2.72,2.33,79.5,43550,42314.2,27.22,28339.82,,,,,
5514,8/13/2026 18:48,79.55,2.1,1.8,79.41,43743.6,42547.4,27.38,28465.82,,,,,
5515,8/13/2026 19:03,79.44,1.52,1.3,79.32,43835,42681.5,27.48,28525.28,,,,,
5516,8/13/2026 19:18,79.27,1.6,1.38,79.1,43466.2,42425.6,27.29,28285.32,,,,,
5517,8/13/2026 19:33,79.13,1.79,1.53,78.98,43499.6,42519.3,27.35,28307.06,,,,,
5518,8/13/2026 19:48,79.03,1.89,1.62,78.89,43608,42668,27.46,28377.57,,,,,
5519,8/13/2026 20:03,78.86,1.57,1.34,78.68,43390.6,42556.5,27.37,28236.1,,,,,
5520,8/13/2026 20:18,79.25,2.71,2.33,79.17,43076.2,42013.5,27,28031.53,,,,,
5521,8/13/2026 20:33,79.26,3.07,2.64,79.14,42971.4,41924.3,26.93,27963.31,,,,,
5522,8/13/2026 20:48,79.05,3.31,2.84,78.95,42710.4,41760.9,26.81,27793.46,,,,,
5523,8/13/2026 21:03,78.92,3.5,3.01,78.76,42579.2,41721.4,26.78,27708.1,,,,,
5524,8/13/2026 21:18,78.82,3.62,3.09,78.64,43874.4,43049.8,27.73,28550.91,,,,,
5525,8/13/2026 21:33,78.66,3.74,3.22,78.53,42303.8,41563.4,26.66,27528.84,,,,,
5526,8/13/2026 21:48,78.25,3.88,3.34,77.96,41784.1,41319.8,26.48,27190.71,,,,,
5527,8/13/2026 22:03,77.58,3.99,3.44,77.37,40927.7,40750.2,26.06,26633.38,,,,,
5528,8/13/2026 22:18,77.08,4.25,3.67,76.84,40486.8,40560.4,25.92,26346.48,,,,,
5529,8/13/2026 22:33,76.64,4.58,3.94,76.4,40536.8,40823.4,26.09,26379.03,,,,,
5530,8/13/2026 22:48,76.19,5.02,4.33,75.95,40420.9,40923.7,26.16,26303.61,,,,,
5531,8/13/2026 23:03,75.64,5.56,4.78,75.42,40785.9,41554.3,26.59,26541.11,,,,,
5532,8/13/2026 23:18,75.25,5.8,4.98,75.07,40893.9,41836.9,26.79,26611.38,,,,,
5533,8/13/2026 23:33,75,6.1,5.23,74.82,40911.3,41979.6,26.88,26622.73,,,,,
5534,8/13/2026 23:48,74.79,6.33,5.42,74.64,41069.7,42232.5,27.06,26725.81,,,,,
5535,8/14/2026 0:03,74.69,6.64,5.68,74.53,41092.8,42314,27.11,26740.85,,,,,
5536,8/14/2026 0:18,74.59,6.86,5.87,74.46,40844.6,42094,26.96,26579.34,,,,,
5537,8/14/2026 0:33,74.23,7.27,6.19,74,42019.8,43545.9,27.98,27344.09,,,,,
5538,8/14/2026 0:48,73.56,7.72,6.57,73.34,41853.4,43718.9,28.09,27235.78,,,,,
5539,8/14/2026 1:03,72.67,8.25,7.01,72.4,41479.8,43832.8,28.14,26992.69,,,,,
5540,8/14/2026 1:18,71.79,8.66,7.35,71.55,41060.6,43846.7,28.13,26719.88,,,,,
5541,8/14/2026 1:33,71.12,8.9,7.55,70.84,40902.7,44070.7,28.26,26617.13,,,,,
5542,8/14/2026 1:48,70.71,8.86,7.52,70.51,40424.8,43735.8,28.01,26306.1,,,,,
5543,8/14/2026 2:03,70.52,8.37,7.11,70.48,40254.6,43566.5,27.89,26195.35,,,,,
5544,8/14/2026 2:18,71.18,8.55,7.3,71.13,39860.8,42791.9,27.36,25939.1,,,,,
5545,8/14/2026 2:33,71.76,8.11,6.92,71.69,40075.1,42719.8,27.33,26078.56,,,,,
5546,8/14/2026 2:48,72.44,7.38,6.28,72.45,41007.3,43304.7,27.77,26685.22,,,,,
5547,8/14/2026 3:03,72.89,6.76,5.78,72.74,40445.3,42561.4,27.24,26319.49,,,,,
5548,8/14/2026 3:18,73.29,5.93,5.08,73.14,40120.9,42014.2,26.87,26108.39,,,,,
5549,8/14/2026 3:33,73.58,5.06,4.34,73.46,40203.7,41934.9,26.82,26162.24,,,,,
5550,8/14/2026 3:48,73.69,4.46,3.84,73.6,39334,40960.5,26.13,25596.33,,,,,
5551,8/14/2026 4:03,73.62,3.7,3.18,73.48,39455.9,41146.9,26.26,25675.65,,,,,
5552,8/14/2026 4:18,73.62,3.41,2.93,73.5,39597.2,41283.3,26.36,25767.57,,,,,
5553,8/14/2026 4:33,73.63,3.12,2.68,73.5,39434.8,41114,26.24,25661.89,,,,,
5554,8/14/2026 4:48,73.56,2.9,2.49,73.42,39511.6,41232,26.32,25711.86,,,,,
5555,8/14/2026 5:03,73.48,2.77,2.38,73.31,39447.3,41221.8,26.31,25670.02,,,,,
5556,8/14/2026 5:18,73.39,2.64,2.26,73.24,39753,41576.8,26.56,25868.93,,,,,
5557,8/14/2026 5:33,73.25,2.36,2.03,73.08,39120,40993.1,26.14,25457.04,,,,,
5558,8/14/2026 5:48,73.14,2.09,1.79,72.98,39478.9,41421.1,26.44,25690.61,,,,,
5559,8/14/2026 6:03,73.02,2.11,1.81,72.86,38842.1,40812.1,26.01,25276.17,,,,,
5560,8/14/2026 6:18,72.92,2.13,1.82,72.77,39427.6,41474,26.47,25657.2,,,,,
5561,8/14/2026 6:33,72.8,2.06,1.77,72.66,39475.4,41582.1,26.55,25688.34,,,,,
5562,8/14/2026 6:48,72.64,1.85,1.59,72.5,39529.2,41721.6,26.64,25723.3,,,,,
5563,8/14/2026 7:03,72.48,1.86,1.6,72.36,39115.1,41355.9,26.38,25453.85,,,,,
5564,8/14/2026 7:18,72.39,1.75,1.5,72.26,39177.3,41471.2,26.46,25494.31,,,,,
5565,8/14/2026 7:33,72.27,1.66,1.42,72.14,39165.2,41519.1,26.49,25486.42,,,,,
5566,8/14/2026 7:48,72.19,1.69,1.45,72.04,39268,41678.1,26.6,25553.35,,,,,
5567,8/14/2026 8:03,72.18,1.85,1.58,72.13,39295.8,41663.1,26.59,25571.41,,,,,
5568,8/14/2026 8:18,72.2,1.73,1.48,72.18,39337.6,41679.7,26.6,25598.66,,,,,
5569,8/14/2026 8:33,72.44,1.41,1.21,72.54,39446.1,41609,26.56,25669.25,,,,,
5570,8/14/2026 8:48,72.69,1.29,1.14,73,32334.1,33918,21.19,21041.17,,,,,
5571,8/14/2026 9:03,72.07,2.12,2.02,72.86,14873.2,15628.5,9.09,9678.59,,,,,
5572,8/14/2026 9:18,72.37,2.19,2.08,72.33,14787.5,15638.8,9.09,9622.88,,,,,
5573,8/14/2026 9:33,72.4,2.04,1.93,72.27,14843.6,15710.6,9.14,9659.36,,,,,
5574,8/14/2026 9:48,72.77,2.2,2.09,72.69,14835.7,15621.2,9.08,9654.23,,,,,
5575,8/14/2026 10:03,73.09,2.43,2.3,73.08,14843.3,15554,9.05,9659.2,,,,,
5576,8/14/2026 10:18,73.36,2.55,2.42,73.28,15002,15683.1,9.13,9762.45,,,,,
5577,8/14/2026 10:33,73.62,2.89,2.74,73.52,15001.7,15637.5,9.1,9762.27,,,,,
5578,8/14/2026 10:48,74.09,3.36,3.2,74.04,14859.5,15390.1,8.95,9669.69,,,,,
5579,8/14/2026 11:03,74.49,3.81,3.62,74.41,14588.6,15043.6,8.73,9493.42,,,,,
5580,8/14/2026 11:18,74.72,4.11,3.91,74.64,14667.2,15082.5,8.76,9544.58,,,,,
5581,8/14/2026 11:33,74.78,4.38,4.16,74.64,15146.8,15575.6,9.07,9856.63,,,,,
5582,8/14/2026 11:48,74.62,4.92,4.67,74.46,15517,15990.6,9.33,10097.57,,,,,
5583,8/14/2026 12:03,74.52,5.63,5.33,74.36,15624,16119.8,9.41,10167.22,,,,,
5584,8/14/2026 12:18,74.57,5.98,5.66,74.46,15788.5,16271.4,9.51,10274.24,,,,,
5585,8/14/2026 12:33,74.64,6.18,5.86,74.52,15887.7,16360.9,9.56,10338.81,,,,,
5586,8/14/2026 12:48,74.56,6.37,6.02,74.4,16298.4,16807.9,9.85,10606.09,,,,,
5587,8/14/2026 13:03,74.34,6.64,6.27,74.16,16520.3,17085.7,10.02,10750.48,,,,,
5588,8/14/2026 13:18,73.98,6.68,6.3,73.81,16510.2,17149,10.06,10743.87,,,,,
5589,8/14/2026 13:33,73.73,6.66,6.29,73.54,16452.2,17143.8,10.06,10706.14,,,,,
5590,8/14/2026 13:48,73.62,6.73,6.34,73.49,16844.7,17564.3,10.32,10961.53,,,,,
5591,8/14/2026 14:03,73.38,6.78,6.37,73.23,17720.3,18534.5,10.94,11531.36,,,,,
5592,8/14/2026 14:18,73.25,6.18,5.8,73.12,17784.5,18628.6,11,11573.13,,,,,
5593,8/14/2026 14:33,73.89,6.79,6.38,73.89,17586.8,18249.3,10.76,11444.47,,,,,
5594,8/14/2026 14:48,74.66,6.88,6.47,74.56,17853.9,18377.3,10.85,11618.3,,,,,
5595,8/14/2026 15:03,75.06,6.67,6.27,75.02,17757.2,18177.2,10.73,11555.34,,,,,
5596,8/14/2026 15:18,75.45,6.28,5.91,75.4,17959.2,18301.1,10.81,11686.8,,,,,
5597,8/14/2026 15:33,75.73,6.12,5.76,75.62,17720.8,18011.7,10.62,11531.67,,,,,
5598,8/14/2026 15:48,75.93,5.82,5.48,75.82,17701.4,17948,10.58,11519.05,,,,,
5599,8/14/2026 16:03,76.17,5.64,5.3,76.06,17825.5,18023,10.63,11599.83,,,,,
5600,8/14/2026 16:18,76.41,5.42,5.1,76.32,17909.6,18053.5,10.66,11654.52,,,,,
5601,8/14/2026 16:33,76.63,5.42,5.1,76.51,17986.2,18090.2,10.68,11704.39,,,,,SN 22531022
5602,8/14/2026 16:48,76.99,5.09,4.79,76.93,18041.5,18057,10.66,11740.38,,,,,
5603,8/14/2026 17:03,77.59,4.86,4.57,77.66,18145.8,18007.7,10.63,11808.25,,,,,
5604,8/14/2026 17:18,78.14,4.79,4.51,78.19,17974.9,17729.3,10.46,11697.02,,,,,
5605,8/14/2026 17:33,78.76,4.42,4.16,78.46,18299.2,17993.6,10.63,11908.05,,,,,
5606,8/14/2026 17:48,78.34,4.29,4.05,78.17,18083.5,17839.8,10.53,11767.7,,,,,
5607,8/14/2026 18:03,78.13,4.09,3.85,77.95,18334,18132.6,10.72,11930.71,,,,,
5608,8/14/2026 18:18,77.91,3.7,3.48,77.77,18308.6,18146.3,10.72,11914.18,,,,,
5609,8/14/2026 18:33,77.78,3.2,3.01,77.65,18246,18109.4,10.7,11873.43,,,,,
5610,8/14/2026 18:48,77.6,3.55,3.34,77.47,17931.9,17834.9,10.52,11669.06,,,,,
5611,8/14/2026 19:03,77.5,3.33,3.13,77.37,18116.8,18039.3,10.65,11789.35,,,,,
5612,8/14/2026 19:18,77.45,3.19,3,77.32,18125.5,18058.4,10.67,11795.05,,,,,
5613,8/14/2026 19:33,77.39,2.97,2.79,77.26,18163,18108.3,10.7,11819.43,,,,,
5614,8/14/2026 19:48,77.25,2.73,2.57,77.08,18261.9,18245.1,10.78,11883.78,,,,,
5615,8/14/2026 20:03,77.13,2.67,2.51,76.99,18322.7,18325.6,10.83,11923.33,,,,,
5616,8/14/2026 20:18,77.08,2.41,2.27,76.93,18271.7,18287.5,10.81,11890.2,,,,,
5617,8/14/2026 20:33,76.81,1.73,1.63,76.65,18162.5,18237.3,10.78,11819.1,,,,,
5618,8/14/2026 20:48,76.39,1.59,1.51,75.57,15619.2,15883.8,9.27,10164.08,,,,,
5619,8/14/2026 21:03,76.16,2.06,1.94,76.47,18866.8,18983.2,11.26,12277.45,,,,,
5620,8/14/2026 21:18,77.08,2.37,2.22,76.99,18756.4,18759.4,11.11,12205.58,,,,,
5621,8/14/2026 21:33,77.03,2.42,2.27,76.87,19024.2,19052.7,11.3,12379.84,,,,,
5622,8/14/2026 21:48,76.9,3.06,2.87,76.8,19410.6,19457,11.56,12631.29,,,,,
5623,8/14/2026 22:03,76.82,3.22,3.02,76.64,19192.1,19272.3,11.44,12489.1,,,,,
5624,8/14/2026 22:18,76.66,3.5,3.28,76.51,19214.1,19324,11.48,12503.43,,,,,
5625,8/14/2026 22:33,76.51,3.68,3.44,76.34,19296.4,19446.5,11.55,12557.01,,,,,
5626,8/14/2026 22:48,76.16,3.89,3.65,75.98,19132.5,19363,11.5,12450.33,,,,,
5627,8/14/2026 23:03,75.68,4.12,3.86,75.5,19085.3,19424.8,11.53,12419.61,,,,,
5628,8/14/2026 23:18,75.31,4.43,4.15,75.12,19162,19592.5,11.64,12469.53,,,,,
5629,8/14/2026 23:33,74.95,4.68,4.37,74.74,19317.9,19840.3,11.8,12570.97,,,,,
5630,8/14/2026 23:48,74.62,5.32,4.97,74.43,19364.9,19963.7,11.87,12601.56,,,,,
5631,8/15/2026 0:03,74.23,5.81,5.42,74.01,19669.4,20379.7,12.14,12799.68,,,,,
5632,8/15/2026 0:18,73.85,6.05,5.65,73.65,19493.2,20287.3,12.08,12685.04,,,,,
5633,8/15/2026 0:33,73.6,6.12,5.7,73.47,19902.1,20757.8,12.38,12951.14,,,,,
5634,8/15/2026 0:48,73.43,6.31,5.87,73.27,20181,21099.9,12.6,13132.61,,,,,
5635,8/15/2026 1:03,73.28,6.6,6.13,73.1,20305.3,21273.3,12.71,13213.54,,,,,
5636,8/15/2026 1:18,73.15,6.77,6.29,72.99,20186.2,21177.8,12.65,13136,,,,,
5637,8/15/2026 1:33,73.07,6.97,6.46,72.92,20839.3,21881.8,13.11,13561.05,,,,,
5638,8/15/2026 1:48,72.94,7.19,6.66,72.79,20982.8,22067.4,13.23,13654.36,,,,,
5639,8/15/2026 2:03,72.69,7.39,6.84,72.47,21145,22325.2,13.39,13759.95,,,,,
5640,8/15/2026 2:18,72.4,7.51,6.95,72.19,21259.4,22522.2,13.52,13834.41,,,,,
5641,8/15/2026 2:33,72.23,7.61,7.04,72.08,21009.3,22289.8,13.36,13671.63,,,,,
5642,8/15/2026 2:48,72.5,6.88,6.36,72.4,21474.1,22692.2,13.63,13974.12,,,,,
5643,8/15/2026 3:03,72.52,6.94,6.42,72.42,21331.6,22537.2,13.53,13881.38,,,,,
5644,8/15/2026 3:18,72.69,6.69,6.19,72.58,21274.7,22430.8,13.46,13844.35,,,,,
5645,8/15/2026 3:33,72.78,6.23,5.77,72.65,21179.2,22312.4,13.39,13782.22,,,,,
5646,8/15/2026 3:48,72.83,5.58,5.17,72.7,20914.4,22020.3,13.19,13609.89,,,,,
5647,8/15/2026 4:03,72.84,5.22,4.83,72.72,21183.3,22296,13.38,13784.86,,,,,
5648,8/15/2026 4:18,72.88,4.82,4.47,72.74,21015.4,22113.4,13.26,13675.59,,,,,
5649,8/15/2026 4:33,72.62,4.13,3.83,72.49,20876.3,22035.6,13.2,13585.07,,,,,
5650,8/15/2026 4:48,72.63,3.9,3.62,72.49,20790.3,21946.3,13.14,13529.14,,,,,
5651,8/15/2026 5:03,72.56,3.62,3.36,72.4,20679.2,21852.2,13.08,13456.83,,,,,
5652,8/15/2026 5:18,72.45,3.43,3.18,72.28,20651.7,21855.1,13.08,13438.94,,,,,
5653,8/15/2026 5:33,72.41,3.24,3,72.26,20625.2,21831.5,13.07,13421.72,,,,,
5654,8/15/2026 5:48,72.33,3.16,2.93,72.15,20635,21872.4,13.09,13428.1,,,,,
5655,8/15/2026 6:03,72.16,2.79,2.58,72.01,20609,21884.1,13.1,13411.14,,,,,
5656,8/15/2026 6:18,72.02,2.66,2.47,71.82,20587.4,21912.3,13.11,13397.07,,,,,
5657,8/15/2026 6:33,71.86,2.57,2.38,71.7,20491.6,21841,13.07,13334.76,,,,,
5658,8/15/2026 6:48,71.68,2.48,2.3,71.5,20459.3,21862.2,13.08,13313.75,,,,,
5659,8/15/2026 7:03,71.52,2.27,2.1,71.35,20375,21813,13.04,13258.86,,,,,
5660,8/15/2026 7:18,71.33,1.94,1.8,71.17,20357.5,21844.2,13.06,13247.51,,,,,
5661,8/15/2026 7:33,71.2,1.82,1.69,71.04,20361.1,21883.3,13.09,13249.8,,,,,
5662,8/15/2026 7:48,71.08,1.64,1.52,70.94,20313.7,21860.5,13.07,13219.01,,,,,
5663,8/15/2026 8:03,71.04,1.54,1.42,70.9,20300.5,21856.6,13.07,13210.42,,,,,
5664,8/15/2026 8:18,71.06,1.63,1.51,70.96,20307.3,21847.7,13.06,13214.83,,,,,
5665,8/15/2026 8:33,71.19,1.55,1.44,71.17,20271.6,21750.5,13,13191.58,,,,,
5666,8/15/2026 8:48,71.45,1.68,1.56,71.49,20388.7,21789.7,13.03,13267.81,,,,,
5667,8/15/2026 9:03,71.69,1.7,1.57,71.65,20431.1,21791.1,13.03,13295.38,,,,,
5668,8/15/2026 9:18,71.05,8.43,8.03,70.09,13341.6,14512,8.37,8681.92,,,,,
5669,8/15/2026 9:33,65.78,9.14,8.7,66.76,12874.2,14620.1,8.41,8377.8,,,,,
5670,8/15/2026 9:48,71.82,1.86,1.75,72.2,17227,18249.1,10.75,11210.36,,,,,
5671,8/15/2026 10:03,71.57,1.85,1.74,71.41,17079.8,18270.5,10.76,11114.52,,,,,
5672,8/15/2026 10:18,71.87,2.12,2,71.85,17068.5,18158.5,10.69,11107.19,,,,,
5673,8/15/2026 10:33,72.03,2.26,2.12,71.87,17028.8,18112.5,10.66,11081.33,,,,,
5674,8/15/2026 10:48,72.45,2.56,2.41,72.44,17092.9,18054.1,10.63,11123.07,,,,,
5675,8/15/2026 11:03,72.65,2.69,2.53,72.52,17052.5,17993.5,10.59,11096.8,,,,,
5676,8/15/2026 11:18,73.08,3.32,3.13,73,17090.6,17927.8,10.55,11121.56,,,,,
5677,8/15/2026 11:33,73.52,3.76,3.54,73.46,17104.2,17841.9,10.5,11130.43,,,,,
5678,8/15/2026 11:48,73.81,4.14,3.9,73.74,17063.2,17738.5,10.44,11103.76,,,,,
5679,8/15/2026 12:03,73.97,4.52,4.25,73.8,17028,17689.2,10.41,11080.85,,,,,
5680,8/15/2026 12:18,73.96,4.96,4.67,73.83,17051.1,17706.2,10.42,11095.87,,,,,
5681,8/15/2026 12:33,73.76,5.59,5.26,73.59,17094.7,17802.7,10.48,11124.23,,,,,
5682,8/15/2026 12:48,73.81,6.15,5.79,73.74,17332.8,18017.6,10.61,11279.21,,,,,
5683,8/15/2026 13:03,73.99,6.54,6.15,73.87,17409,18069.5,10.65,11328.75,,,,,
5684,8/15/2026 13:18,74.05,6.71,6.31,73.9,17521.7,18179.4,10.72,11402.12,,,,,
5685,8/15/2026 13:33,73.93,6.77,6.36,73.77,17613.1,18303,10.8,11461.6,,,,,
5686,8/15/2026 13:48,73.65,6.99,6.57,73.46,17681.3,18442.6,10.88,11505.94,,,,,
5687,8/15/2026 14:03,73.39,7.13,6.69,73.22,17690.1,18506.6,10.92,11511.7,,,,,
5688,8/15/2026 14:18,73.18,7.07,6.64,72.99,17765.4,18636.9,11.01,11560.71,,,,,
5689,8/15/2026 14:33,73.04,7.07,6.63,72.86,17780.2,18683.2,11.03,11570.3,,,,,
5690,8/15/2026 14:48,72.9,6.93,6.5,72.74,17797.8,18729,11.06,11581.8,,,,,
5691,8/15/2026 15:03,72.83,6.71,6.3,72.68,17708.1,18646.9,11.01,11523.43,,,,,
5692,8/15/2026 15:18,73.14,6.59,6.17,72.97,18163.8,19059.9,11.28,11819.97,,,,,
5693,8/15/2026 15:33,73.56,7.03,6.58,73.5,18526.6,19315.5,11.45,12056.07,,,,,
5694,8/15/2026 15:48,74.19,6.9,6.46,74.15,18850.7,19498.3,11.57,12266.94,,,,,
5695,8/15/2026 16:03,74.58,6.5,6.1,74.5,18310.2,18859.2,11.16,11915.22,,,,,
5696,8/15/2026 16:18,74.8,6.31,5.92,74.67,18249.4,18758.7,11.1,11875.64,,,,,
5697,8/15/2026 16:33,74.88,6.12,5.75,74.77,18190.6,18676.6,11.05,11837.42,,,,,
5698,8/15/2026 16:48,75,5.87,5.51,74.86,18159.7,18624.2,11.01,11817.29,,,,,
5699,8/15/2026 17:03,75.11,5.56,5.22,74.98,18117.8,18554.8,10.97,11790.02,,,,,
5700,8/15/2026 17:18,75.16,5.31,4.99,75.02,18037.9,18464.6,10.91,11738.04,,,,,
5701,8/15/2026 17:33,75.45,5.05,4.75,75.38,18100.5,18448.6,10.9,11778.76,,,,,
5702,8/15/2026 17:48,75.73,4.75,4.46,75.74,18079.2,18348.8,10.84,11764.93,,,,,
5703,8/15/2026 18:03,75.96,4.62,4.34,75.91,18073.6,18306.7,10.82,11761.29,,,,,
5704,8/15/2026 18:18,76.12,4.37,4.11,76.08,18068.9,18265.5,10.79,11758.2,,,,,
5705,8/15/2026 18:33,76.3,3.79,3.57,76.19,18050.7,18222.6,10.76,11746.39,,,,,
5706,8/15/2026 18:48,75.96,3.84,3.61,75.83,17980.3,18229.7,10.77,11700.54,,,,,
5707,8/15/2026 19:03,75.74,4.02,3.78,75.56,17831.9,18137.4,10.7,11603.97,,,,,
5708,8/15/2026 19:18,75.64,3.54,3.33,75.47,17858.2,18181.7,10.73,11621.07,,,,,
5709,8/15/2026 19:33,75.49,3.24,3.05,75.33,17814.8,18168,10.72,11592.82,,,,,
5710,8/15/2026 19:48,75.38,2.76,2.6,75.21,17740.4,18117.8,10.69,11544.43,,,,,
5711,8/15/2026 20:03,75.25,2.99,2.81,75.11,17773.7,18175.3,10.73,11566.1,,,,,
5712,8/15/2026 20:18,75.14,2.6,2.45,74.99,17754.7,18180.6,10.73,11553.71,,,,,
5713,8/15/2026 20:33,74.98,2.25,2.11,74.82,17769.7,18233.7,10.76,11563.49,,,,,
5714,8/15/2026 20:48,74.78,2.14,2.01,74.66,17669,18165.7,10.72,11497.97,,,,,
5715,8/15/2026 21:03,74.68,2.19,2.06,74.52,17715.1,18243.9,10.77,11527.97,,,,,
5716,8/15/2026 21:18,74.54,1.97,1.86,74.35,17687.2,18252,10.77,11509.84,,,,,
5717,8/15/2026 21:33,74.29,1.79,1.68,74.16,17629.6,18234,10.76,11472.3,,,,,
5718,8/15/2026 21:48,73.8,1.02,0.96,73.66,17384.1,18088.7,10.66,11312.59,,,,,
5719,8/15/2026 22:03,74.43,2.27,2.13,74.36,17686.1,18248.4,10.77,11509.06,,,,,
5720,8/15/2026 22:18,74.48,2.39,2.25,74.33,17726.4,18296,10.8,11535.32,,,,,
5721,8/15/2026 22:33,74.37,2.64,2.48,74.22,17723.5,18318,10.81,11533.41,,,,,
5722,8/15/2026 22:48,74.44,2.98,2.8,74.3,17798.2,18376.1,10.85,11582.02,,,,,
5723,8/15/2026 23:03,74.34,3.17,2.98,74.18,17784,18389,10.86,11572.78,,,,,
5724,8/15/2026 23:18,74.28,3.43,3.22,74.13,17730.8,18345.9,10.83,11538.16,,,,,
5725,8/15/2026 23:33,74.15,3.74,3.52,74.02,17648.7,18284.8,10.79,11484.73,,,,,
5726,8/15/2026 23:48,74.02,4.1,3.86,73.84,17577.8,18249.5,10.76,11438.59,,,,,
5727,8/16/2026 0:03,73.81,4.39,4.13,73.66,17607,18320.6,10.81,11457.62,,,,,
5728,8/16/2026 0:18,73.64,4.68,4.39,73.47,17597.3,18353.9,10.83,11451.33,,,,,
5729,8/16/2026 0:33,73.36,4.78,4.49,73.11,17629.3,18467.2,10.9,11472.1,,,,,
5730,8/16/2026 0:48,73.3,5.52,5.18,73.13,17698.5,18536.2,10.94,11517.19,,,,,
5731,8/16/2026 1:03,73,5.98,5.61,72.79,17783.2,18702.5,11.05,11572.27,,,,,
5732,8/16/2026 1:18,72.67,6.05,5.67,72.49,17895.9,18889.7,11.16,11645.64,,,,,
5733,8/16/2026 1:33,72.47,6.2,5.81,72.32,17994.8,19034.5,11.25,11709.96,,,,,
5734,8/16/2026 1:48,72.34,6.37,5.97,72.19,18042.5,19115.5,11.31,11741.03,,,,,
5735,8/16/2026 2:03,72.24,6.59,6.16,72.09,18213.7,19320,11.44,11852.45,,,,,
5736,8/16/2026 2:18,72.19,6.7,6.27,72.05,18322.9,19446.2,11.52,11923.46,,,,,
5737,8/16/2026 2:33,72.16,6.74,6.3,72.02,18443.3,19580.5,11.6,12001.83,,,,,
5738,8/16/2026 2:48,72.15,6.79,6.35,72.01,18527.4,19672.4,11.66,12056.58,,,,,
5739,8/16/2026 3:03,72.15,6.7,6.26,71.99,18569.1,19720.6,11.69,12083.68,,,,,
5740,8/16/2026 3:18,72.11,6.02,5.63,71.97,18628.8,19789.3,11.74,12122.53,,,,,
5741,8/16/2026 3:33,72.11,6.22,5.81,71.99,18656.6,19813.6,11.75,12140.67,,,,,
5742,8/16/2026 3:48,72.02,6.3,5.88,71.85,18680.4,19874.6,11.79,12156.1,,,,,
5743,8/16/2026 4:03,72.02,6.1,5.7,71.88,18687,19873.7,11.79,12160.41,,,,,
5744,8/16/2026 4:18,72.08,5.61,5.24,71.96,18695.3,19863.9,11.79,12165.83,,,,,
5745,8/16/2026 4:33,72.13,5.29,4.94,72.01,18674.3,19828.4,11.76,12152.16,,,,,
5746,8/16/2026 4:48,72.11,4.9,4.58,71.97,18636.1,19798.4,11.74,12127.29,,,,,
5747,8/16/2026 5:03,72.03,4.58,4.28,71.89,18604.4,19784.5,11.73,12106.64,,,,,
5748,8/16/2026 5:18,72.01,4.35,4.07,71.88,18568.1,19747.2,11.71,12083.03,,,,,
5749,8/16/2026 5:33,71.95,4.13,3.86,71.79,18509.1,19706.9,11.68,12044.67,,,,,
5750,8/16/2026 5:48,71.89,3.94,3.68,71.74,18456.2,19663.7,11.65,12010.22,,,,,
5751,8/16/2026 6:03,71.83,3.76,3.51,71.67,18396.7,19616,11.62,11971.52,,,,,
5752,8/16/2026 6:18,71.73,3.6,3.37,71.56,18415.3,19663.5,11.65,11983.61,,,,,
5753,8/16/2026 6:33,71.61,3.43,3.2,71.43,18323.2,19596.7,11.61,11923.69,,,,,
5754,8/16/2026 6:48,71.49,2.81,2.63,71.33,18281.9,19576.2,11.59,11896.82,,,,,
5755,8/16/2026 7:03,71.36,2.78,2.6,71.19,18272,19599.8,11.61,11890.39,,,,,
5756,8/16/2026 7:18,71.23,2.92,2.73,71.06,18201.5,19557,11.58,11844.47,,,,,
5757,8/16/2026 7:33,71.1,2.81,2.63,70.94,18158.9,19541.5,11.57,11816.74,,,,,
5758,8/16/2026 7:48,70.95,2.46,2.3,70.77,18126.7,19547.8,11.57,11795.83,,,,,
5759,8/16/2026 8:03,70.85,1.86,1.73,70.72,18121.7,19555.6,11.57,11792.57,,,,,
5760,8/16/2026 8:18,70.76,1.94,1.81,70.6,18091.7,19551,11.57,11773.01,,,,,
5761,8/16/2026 8:33,70.75,1.94,1.81,70.63,18114.6,19567.8,11.58,11787.94,,,,,
5762,8/16/2026 8:48,70.77,1.89,1.77,70.7,18086.4,19520.2,11.55,11769.59,,,,,
5763,8/16/2026 9:03,70.88,1.57,1.47,70.87,18123.4,19519.2,11.55,11793.69,,,,,
5764,8/16/2026 9:18,71.07,1.79,1.67,71.04,18143.6,19498.8,11.54,11806.83,,,,,
5765,8/16/2026 9:33,71.61,1.59,1.49,71.78,18132.8,19308.8,11.43,11799.8,,,,,
5766,8/16/2026 9:48,72.25,1.58,1.48,72.25,18283.9,19355.8,11.46,11898.11,,,,,
5767,8/16/2026 10:03,72.64,2.04,1.91,72.46,18248.3,19269.4,11.41,11874.96,,,,,
5768,8/16/2026 10:18,72.16,1.97,1.84,71.63,18278.8,19499.5,11.55,11894.8,,,,,
5769,8/16/2026 10:33,71.42,1.76,1.64,71.32,18147.9,19436.6,11.5,11809.62,,,,,
5770,8/16/2026 10:48,71.6,2.11,1.98,71.67,18279.9,19491.5,11.54,11895.51,,,,,
5771,8/16/2026 11:03,72.04,2.29,2.15,71.87,18386.4,19557.9,11.59,11964.81,,,,,
5772,8/16/2026 11:18,72.39,2.62,2.45,72.35,18517.7,19581.1,11.61,12050.25,,,,,
5773,8/16/2026 11:33,72.85,2.85,2.66,72.71,18685.1,19669.2,11.67,12159.19,,,,,
5774,8/16/2026 11:48,73.16,3.27,3.06,73.07,18811.5,19716.1,11.7,12241.44,,,,,
5775,8/16/2026 12:03,73.69,3.73,3.49,73.67,18956.3,19723.4,11.71,12335.68,,,,,
5776,8/16/2026 12:18,74.1,4.46,4.17,73.93,19110.3,19821.1,11.78,12435.86,,,,,
5777,8/16/2026 12:33,74.21,4.84,4.52,74.06,19184.9,19866,11.81,12484.41,,,,,
5778,8/16/2026 12:48,74.29,5.15,4.81,74.17,19344.3,20003.7,11.9,12588.18,,,,,
5779,8/16/2026 13:03,74.23,5.71,5.33,74.07,19594.7,20287.8,12.08,12751.13,,,,,
5780,8/16/2026 13:18,74.22,6.42,5.98,74.1,20127.7,20832.8,12.43,13097.96,,,,,
5781,8/16/2026 13:33,74.41,6.87,6.39,74.31,20625.6,21293.9,12.74,13421.92,,,,,
5782,8/16/2026 13:48,74.61,7.13,6.62,74.51,21083,21713.8,13.01,13719.6,,,,,
5783,8/16/2026 14:03,74.66,7.15,6.62,74.5,21432.7,22075.3,13.25,13947.14,,,,,
5784,8/16/2026 14:18,74.41,7.35,6.8,74.21,21726.2,22458,13.5,14138.17,,,,,
5785,8/16/2026 14:33,74.11,7.49,6.92,73.92,21932.9,22751.8,13.69,14272.7,,,,,
5786,8/16/2026 14:48,73.81,7.55,6.97,73.62,22163,23071.9,13.89,14422.38,,,,,
5787,8/16/2026 15:03,73.57,7.61,7.02,73.39,22381.4,23365.1,14.08,14564.53,,,,,
5788,8/16/2026 15:18,73.45,7.45,6.87,73.28,22563.7,23588,14.23,14683.15,,,,,
5789,8/16/2026 15:33,73.33,7.4,6.82,73.16,22691.3,23754.2,14.34,14766.16,,,,,
5790,8/16/2026 15:48,73.3,7.06,6.5,73.16,22701.6,23765,14.35,14772.86,,,,,
5791,8/16/2026 16:03,73.62,7.02,6.46,73.47,22756,23734.4,14.33,14808.32,,,,,
5792,8/16/2026 16:18,74.02,7.49,6.9,73.92,22876.8,23730.9,14.33,14886.91,,,,,
5793,8/16/2026 16:33,74.79,7.37,6.79,74.74,23035,23659.5,14.29,14989.82,,,,,
5794,8/16/2026 16:48,75.1,7.17,6.61,75.01,23191.7,23741.9,14.35,15091.83,,,,,
5795,8/16/2026 17:03,75.35,6.94,6.39,75.21,23244.2,23740.3,14.35,15126.01,,,,,
5796,8/16/2026 17:18,75.43,6.65,6.13,75.3,23179,23649.2,14.29,15083.57,,,,,
5797,8/16/2026 17:33,75.43,6.37,5.87,75.31,23138.3,23604.7,14.26,15057.08,,,,,
5798,8/16/2026 17:48,75.51,6.08,5.61,75.39,23135.6,23579,14.25,15055.3,,,,,
5799,8/16/2026 18:03,75.73,5.76,5.31,75.7,23130.1,23485.6,14.19,15051.73,,,,,
5800,8/16/2026 18:18,75.79,5.44,5.02,75.68,23087.7,23450,14.16,15024.13,,,,,
5801,8/16/2026 18:33,75.86,5.25,4.84,75.76,23065.9,23403.8,14.13,15009.97,,,,,
5802,8/16/2026 18:48,76.42,4.83,4.45,76.46,23284.3,23431,14.16,15152.08,,,,,
5803,8/16/2026 19:03,76.82,4.26,3.93,76.68,23347.5,23434.6,14.16,15193.18,,,,,
5804,8/16/2026 19:18,76.97,3.83,3.53,76.78,23396.4,23456.8,14.18,15225.01,,,,,
5805,8/16/2026 19:33,76.4,4.14,3.82,76.22,23257.2,23469.6,14.18,15134.46,,,,,
5806,8/16/2026 19:48,76.37,3.78,3.48,76.21,23256.1,23473,14.18,15133.73,,,,,
5807,8/16/2026 20:03,76.16,3.45,3.18,75.95,23193.4,23481.9,14.19,15092.92,,,,,
5808,8/16/2026 20:18,75.99,2.63,2.43,75.83,23158.7,23478.4,14.18,15070.36,,,,,
5809,8/16/2026 20:33,75.86,2.92,2.69,75.69,23123,23482.9,14.19,15047.14,,,,,
5810,8/16/2026 20:48,75.73,2.93,2.66,75.58,27295.2,27753.9,17.03,17762.13,,,,,
5811,8/16/2026 21:03,75.61,2.8,2.38,75.46,43025,43810.2,28.21,27998.2,,,,,
5812,8/16/2026 21:18,75.51,2.64,2.25,75.34,42790.3,43633,28.08,27845.45,,,,,
5813,8/16/2026 21:33,75.38,2.32,1.97,75.23,42658.2,43560.2,28.02,27759.52,,,,,
5814,8/16/2026 21:48,75.26,2.14,1.82,75.08,42537.9,43513.2,27.98,27681.19,,,,,
5815,8/16/2026 22:03,75.14,1.72,1.47,74.98,42554.4,43580.8,28.03,27691.93,,,,,
5816,8/16/2026 22:18,75.07,1.38,1.18,74.92,41645.5,42680.4,27.38,27100.5,,,,,
5817,8/16/2026 22:33,75.12,1.55,1.33,74.98,41467.2,42467.4,27.23,26984.44,,,,,
5818,8/16/2026 22:48,75.19,2.3,1.97,75.08,41314.9,42259.4,27.09,26885.35,,,,,
5819,8/16/2026 23:03,75.17,2.27,1.94,75.02,41163.5,42137.2,27,26786.8,,,,,
5820,8/16/2026 23:18,75.02,2.35,2.03,74.85,39057.8,40062.2,25.52,25416.58,,,,,
5821,8/16/2026 23:33,74.98,2.88,2.48,74.82,39522.9,40552.3,25.87,25719.2,,,,,
5822,8/16/2026 23:48,74.91,3.15,2.71,74.75,39525.3,40589,25.89,25720.78,,,,,
5823,8/17/2026 0:03,74.87,3.39,2.92,74.69,39933.6,41037.6,26.21,25986.49,,,,,
5824,8/17/2026 0:18,74.85,3.57,3.07,74.65,39796.6,40920.7,26.13,25897.34,,,,,
5825,8/17/2026 0:33,74.61,3.94,3.39,74.43,39831.6,41060.7,26.22,25920.12,,,,,
5826,8/17/2026 0:48,74.4,4.07,3.5,74.23,39644.2,40968.7,26.15,25798.15,,,,,
5827,8/17/2026 1:03,74.1,4.6,3.96,73.94,39401.2,40861.5,26.07,25640,,,,,
5828,8/17/2026 1:18,73.93,4.71,4.06,73.76,39348,40894.6,26.09,25605.43,,,,,
5829,8/17/2026 1:33,73.8,5.48,4.71,73.63,39646.3,41266.8,26.35,25799.55,,,,,
5830,8/17/2026 1:48,73.59,5.74,4.94,73.37,39390.8,41130.3,26.24,25633.24,,,,,
5831,8/17/2026 2:03,73.2,5.96,5.12,73,39421.4,41349.7,26.39,25653.14,,,,,
5832,8/17/2026 2:18,72.95,6.22,5.34,72.78,39184.1,41212.4,26.29,25498.77,,,,,
5833,8/17/2026 2:33,72.77,6.27,5.41,72.61,38163.6,40221.5,25.58,24834.65,,,,,
5834,8/17/2026 2:48,72.67,6.27,5.41,72.52,37909.9,39999.2,25.42,24669.58,,,,,
5835,8/17/2026 3:03,72.59,6.3,5.42,72.44,38740.2,40918.7,26.07,25209.89,,,,,
5836,8/17/2026 3:18,72.52,5.59,4.8,72.37,38896.4,41116.5,26.21,25311.56,,,,,
5837,8/17/2026 3:33,72.47,4.94,4.24,72.33,39010.3,41256,26.31,25385.65,,,,,
5838,8/17/2026 3:48,72.43,4.08,3.51,72.29,38771.5,41025.3,26.14,25230.23,,,,,
5839,8/17/2026 4:03,72.54,3.01,2.59,72.42,38863.7,41057.4,26.17,25290.28,,,,,
5840,8/17/2026 4:18,72.53,2.91,2.5,72.39,39028.7,41245.3,26.3,25397.6,,,,,
5841,8/17/2026 4:33,72.6,3.14,2.7,72.46,38886,41059.1,26.17,25304.76,,,,,
5842,8/17/2026 4:48,72.67,2.96,2.55,72.53,38390.5,40503.7,25.78,24982.34,,,,,
5843,8/17/2026 5:03,72.79,3.19,2.75,72.68,38167.6,40191.2,25.56,24837.3,,,,,
5844,8/17/2026 5:18,72.94,3.23,2.8,72.82,36851.4,38738.4,24.54,23980.76,,,,,
5845,8/17/2026 5:33,73.05,2.57,2.24,72.94,35855.2,37638.9,23.78,23332.46,,,,,
5846,8/17/2026 5:48,73.16,2.47,2.16,73.04,35408.3,37123.3,23.42,23041.7,,,,,
5847,8/17/2026 6:03,73.23,2.1,1.83,73.1,36484.5,38223.8,24.19,23742,,,,,
5848,8/17/2026 6:18,73.25,1.65,1.44,73.12,35990.2,37698.4,23.82,23420.33,,,,,
5849,8/17/2026 6:33,73.3,2,1.75,73.15,35466.2,37132.5,23.43,23079.36,,,,,
5850,8/17/2026 6:48,73.3,1.81,1.58,73.15,35586.5,37258.4,23.52,23157.62,,,,,
5851,8/17/2026 7:03,73.23,1.47,1.29,73.05,35936.8,37672.3,23.8,23385.58,,,,,
5852,8/17/2026 7:18,73.12,1.14,0.99,72.94,37124.2,38971.1,24.71,24158.27,,,,,
5853,8/17/2026 7:33,73.02,0.97,0.84,72.86,36789.2,38657.6,24.49,23940.26,,,,,
5854,8/17/2026 7:48,73,1.36,1.18,72.89,37409.2,39291.1,24.93,24343.78,,,,,
5855,8/17/2026 8:03,73.13,1.5,1.3,72.99,37030.7,38847.2,24.62,24097.43,,,,,
5856,8/17/2026 8:18,73.17,1.56,1.35,73.03,36456.4,38227.1,24.19,23723.73,,,,,
5857,8/17/2026 8:33,73.16,1.6,1.39,73.04,36479.3,38248.6,24.21,23738.63,,,,,
5858,8/17/2026 8:48,73.17,1.45,1.26,73.04,36824.1,38610.1,24.46,23962.97,,,,,
5859,8/17/2026 9:03,73.15,1.52,1.32,73.01,36753.9,38546.7,24.41,23917.3,,,,,
5860,8/17/2026 9:18,73.15,1.2,1.04,73.01,37937.9,39788.4,25.29,24687.79,,,,,
5861,8/17/2026 9:33,73.14,1.31,1.13,73,37556.8,39394,25.01,24439.8,,,,,
5862,8/17/2026 9:48,73.16,1.3,1.13,73.04,36826.7,38610.3,24.46,23964.72,,,,,
5863,8/17/2026 10:03,73.18,0.83,0.72,73.07,36609.5,38367.4,24.29,23823.35,,,,,
5864,8/17/2026 10:18,73.23,0.41,0.36,73.11,37408.8,39186.9,24.87,24343.46,,,,,
5865,8/17/2026 10:33,73.23,1.04,0.9,73.11,37919.9,39722.4,25.24,24676.07,,,,,
5866,8/17/2026 10:48,73.24,0.81,0.7,73.09,38491.5,40329.1,25.67,25048.03,,,,,
5867,8/17/2026 11:03,73.16,1.72,1.48,73.02,38430.2,40302.1,25.65,25008.14,,,,,
5868,8/17/2026 11:18,73.22,1.77,1.53,73.09,38652.7,40498.1,25.79,25152.97,,,,,
5869,8/17/2026 11:33,73.48,2.2,1.9,73.37,38688.1,40399.2,25.73,25175.98,,,,,
5870,8/17/2026 11:48,73.77,2.68,2.31,73.7,38837.4,40393,25.73,25273.16,,,,,
5871,8/17/2026 12:03,73.98,2.91,2.51,73.86,38980.7,40465.1,25.79,25366.4,,,,,
5872,8/17/2026 12:18,74.02,3.22,2.78,73.94,39201.9,40654.8,25.92,25510.34,,,,,
5873,8/17/2026 12:33,74.04,3.9,3.35,73.87,39448.8,40943,26.12,25671,,,,,
5874,8/17/2026 12:48,74.08,4.5,3.87,73.93,39304.1,40766.1,26,25576.84,,,,,
5875,8/17/2026 13:03,74.02,4.93,4.24,73.86,39063.9,40548.8,25.84,25420.52,,,,,
5876,8/17/2026 13:18,73.93,5.52,4.76,73.74,39254.3,40805.2,26.02,25544.46,,,,,
5877,8/17/2026 13:33,73.83,5.79,4.98,73.68,39346,40932.7,26.11,25604.09,,,,,
5878,8/17/2026 13:48,73.62,6.24,5.36,73.42,39554,41278.9,26.35,25739.44,,,,,
5879,8/17/2026 14:03,73.36,6.77,5.81,73.19,39615.9,41458,26.47,25779.75,,,,,
5880,8/17/2026 14:18,73.23,7.23,6.21,73.09,39733.6,41630.5,26.59,25856.33,,,,,
5881,8/17/2026 14:33,73.22,7.37,6.32,73.08,39780.2,41687.6,26.63,25886.68,,,,,
5882,8/17/2026 14:48,73.14,7.39,6.34,73.01,39693.5,41632.4,26.59,25830.25,,,,,
5883,8/17/2026 15:03,73.07,7.4,6.34,72.92,39848.9,41839.6,26.74,25931.35,,,,,
5884,8/17/2026 15:18,72.96,7.5,6.42,72.78,39758.8,41819.6,26.72,25872.72,,,,,
5885,8/17/2026 15:33,72.82,7.49,6.41,72.65,39877.3,42010.9,26.85,25949.82,,,,,
5886,8/17/2026 15:48,72.64,7.47,6.39,72.5,39984.2,42199.1,26.98,26019.44,,,,,
5887,8/17/2026 16:03,72.59,7.31,6.25,72.43,40028.6,42285.2,27.04,26048.33,,,,,
5888,8/17/2026 16:18,72.53,7.01,6,72.38,39848.2,42119.8,26.92,25930.91,,,,,
5889,8/17/2026 16:33,72.69,6.44,5.51,72.63,40012.7,42162,26.96,26037.98,,,,,
5890,8/17/2026 16:48,72.78,6.97,5.96,72.66,40094.3,42233.9,27.01,26091.04,,,,,
5891,8/17/2026 17:03,73.12,7.3,6.25,73.11,40141.2,42052.1,26.89,26121.6,,,,,
5892,8/17/2026 17:18,73.42,7.11,6.1,73.31,39942.3,41739,26.67,25992.12,,,,,
5893,8/17/2026 17:33,73.53,6.83,5.87,73.42,39774.6,41506.5,26.51,25883.04,,,,,
5894,8/17/2026 17:48,73.64,6.61,5.67,73.51,39696.2,41381.1,26.43,25831.99,,,,,
5895,8/17/2026 18:03,73.8,6.24,5.36,73.68,39683.6,41281.2,26.36,25823.8,,,,,
5896,8/17/2026 18:18,73.91,5.98,5.14,73.79,39702.1,41246.4,26.34,25835.86,,,,,
5897,8/17/2026 18:33,74.03,5.78,4.97,73.92,39588,41066,26.21,25761.59,,,,,
5898,8/17/2026 18:48,74.17,5.35,4.61,74.05,39473.7,40880.6,26.08,25687.23,,,,,
5899,8/17/2026 19:03,74.26,5.03,4.34,74.15,39391.1,40747.1,25.99,25633.46,,,,,
5900,8/17/2026 19:18,74.33,4.77,4.12,74.22,38633.6,39927,25.41,25140.53,,,,,
5901,8/17/2026 19:33,74.42,4.41,3.92,74.29,32113,33162.2,20.7,20897.32,,,,,
5902,8/17/2026 19:48,74.5,3.95,3.46,74.37,35735,36864.1,23.27,23254.29,,,,,
5903,8/17/2026 20:03,74.54,3.23,2.79,74.43,39117.8,40324.9,25.7,25455.63,,,,,
5904,8/17/2026 20:18,74.47,3.26,2.81,74.29,39539.3,40831.1,26.05,25729.92,,,,,
5905,8/17/2026 20:33,74.42,3.38,2.91,74.28,39513.3,40806.9,26.04,25713,,,,,
5906,8/17/2026 20:48,74.4,3.15,2.72,74.26,39507.1,40811.2,26.04,25708.96,,,,,
5907,8/17/2026 21:03,74.38,2.99,2.58,74.24,39487,40798.4,26.03,25695.89,,,,,
5908,8/17/2026 21:18,74.36,2.25,1.94,74.23,39510.1,40827.6,26.05,25710.91,,,,,
5909,8/17/2026 21:33,74.36,2.48,2.14,74.22,39605.3,40933.9,26.13,25772.85,,,,,
5910,8/17/2026 21:48,74.36,2.25,1.94,74.22,39664.2,40994.8,26.17,25811.2,,,,,
5911,8/17/2026 22:03,74.32,1.81,1.56,74.19,39021.4,40346.2,25.71,25392.9,,,,,
5912,8/17/2026 22:18,74.32,1.45,1.26,74.17,38576.3,39893.8,25.39,25103.23,,,,,
5913,8/17/2026 22:33,74.29,1.24,1.07,74.15,39132.4,40479.4,25.8,25465.09,,,,,
5914,8/17/2026 22:48,74.25,0.91,0.79,74.12,39024.2,40383.3,25.73,25394.67,,,,,
5915,8/17/2026 23:03,74.24,0.91,0.8,74.11,34450.1,35652.2,22.42,22418.12,,,,,
5916,8/17/2026 23:18,74.17,1.23,1.06,74.06,37727.6,39069.6,24.81,24550.94,,,,,
5917,8/17/2026 23:33,74.31,1.8,1.55,74.17,39575.7,40924.7,26.12,25753.59,,,,,
5918,8/17/2026 23:48,74.29,1.76,1.51,74.14,39631.5,40998.4,26.17,25789.86,,,,,
5919,8/18/2026 0:03,74.2,2.06,1.77,74.04,39511.5,40925,26.12,25711.8,,,,,
5920,8/18/2026 0:18,74.09,2.43,2.09,73.95,39418.3,40873.9,26.08,25651.18,,,,,
5921,8/18/2026 0:33,74.06,2.63,2.26,73.91,39374.2,40846.8,26.06,25622.46,,,,,
5922,8/18/2026 0:48,73.97,2.56,2.21,73.84,39386.6,40894.4,26.09,25630.5,,,,,
5923,8/18/2026 1:03,73.95,3.1,2.67,73.8,39277.1,40802.1,26.02,25559.25,,,,,
5924,8/18/2026 1:18,73.87,3.7,3.19,73.72,39010.2,40564.7,25.85,25385.56,,,,,
5925,8/18/2026 1:33,73.77,3.96,3.42,73.61,38977.2,40583.6,25.86,25364.14,,,,,
5926,8/18/2026 1:48,73.6,4.46,3.84,73.4,38879.9,40586.2,25.86,25300.82,,,,,
5927,8/18/2026 2:03,73.43,4.45,3.83,73.32,38912.9,40658,25.91,25322.24,,,,,
5928,8/18/2026 2:18,73.28,5.18,4.46,73.11,38956.1,40807.9,26.01,25350.41,,,,,
5929,8/18/2026 2:33,73.15,5.52,4.75,72.95,38962.1,40892.4,26.07,25354.31,,,,,
5930,8/18/2026 2:48,72.92,5.87,5.04,72.74,39038.8,41078.6,26.19,25404.21,,,,,
5931,8/18/2026 3:03,72.68,6.09,5.24,72.5,38987.9,41147.6,26.23,25371.1,,,,,
5932,8/18/2026 3:18,72.52,6.15,5.28,72.35,39084.5,41326.3,26.36,25433.96,,,,,
5933,8/18/2026 3:33,72.4,6.17,5.3,72.24,39141.5,41441.6,26.44,25471.02,,,,,
5934,8/18/2026 3:48,72.33,6.11,5.25,72.17,39057.2,41390.9,26.4,25416.19,,,,,
5935,8/18/2026 4:03,72.26,6.07,5.21,72.1,39057.2,41424,26.42,25416.19,,,,,
5936,8/18/2026 4:18,72.23,6.01,5.16,72.08,38988.2,41361.9,26.37,25371.29,,,,,
5937,8/18/2026 4:33,72.2,4.65,3.99,72.08,39066.2,41447.3,26.44,25422.02,,,,,
5938,8/18/2026 4:48,72.3,5.32,4.57,72.19,39049.7,41369.1,26.38,25411.28,,,,,
5939,8/18/2026 5:03,72.4,5.62,4.83,72.27,39036.2,41313.6,26.35,25402.51,,,,,
5940,8/18/2026 5:18,72.49,5.51,4.73,72.37,38995.3,41223.7,26.28,25375.89,,,,,
5941,8/18/2026 5:33,72.58,5.22,4.48,72.46,38953.4,41130.3,26.22,25348.65,,,,,
5942,8/18/2026 5:48,72.69,5.15,4.42,72.57,38957.8,41083.1,26.19,25351.48,,,,,
5943,8/18/2026 6:03,72.79,4.92,4.23,72.66,38780.3,40847.2,26.03,25236,,,,,
5944,8/18/2026 6:18,72.89,4.74,4.08,72.75,38807.2,40832.2,26.02,25253.51,,,,,
5945,8/18/2026 6:33,72.98,4.42,3.8,72.84,38701.7,40678.1,25.91,25184.84,,,,,
5946,8/18/2026 6:48,73.04,4.27,3.67,72.91,38762.4,40706.9,25.93,25224.35,,,,,
5947,8/18/2026 7:03,73.08,3.99,3.44,72.95,38777.3,40701,25.93,25234.02,,,,,
5948,8/18/2026 7:18,73.12,3.73,3.21,72.99,38664.7,40561.4,25.83,25160.75,,,,,
5949,8/18/2026 7:33,73.15,3.6,3.1,73.02,38692.8,40577.5,25.84,25179.05,,,,,
5950,8/18/2026 7:48,73.15,3.17,2.73,73,38673.6,40568.1,25.84,25166.55,,,,,
5951,8/18/2026 8:03,73.12,2.67,2.3,72.99,38683.9,40581.6,25.85,25173.28,,,,,
5952,8/18/2026 8:18,73.1,2.28,1.96,72.94,38679.6,40601.1,25.86,25170.43,,,,,
5953,8/18/2026 8:33,73.09,2.03,1.75,72.96,38694.4,40606,25.86,25180.11,,,,,
5954,8/18/2026 8:48,73.14,1.76,1.51,73.03,38799.9,40684.4,25.92,25248.71,,,,,
5955,8/18/2026 9:03,73.23,1.26,1.08,73.09,38758.2,40608.6,25.87,25221.63,,,,,
5956,8/18/2026 9:18,73.25,1.13,0.97,73.12,38834.1,40677.3,25.92,25270.98,,,,,
5957,8/18/2026 9:33,73.27,0.96,0.82,73.13,38837.1,40672.5,25.91,25272.94,,,,,
5958,8/18/2026 9:48,73.3,1.03,0.89,73.16,38825.1,40643.8,25.89,25265.12,,,,,
5959,8/18/2026 10:03,73.31,1.35,1.16,73.18,38937.2,40755.8,25.97,25338.07,,,,,
5960,8/18/2026 10:18,73.38,1.25,1.08,73.26,38974.7,40754.8,25.98,25362.5,,,,,
5961,8/18/2026 10:33,73.49,1.04,0.89,73.39,39035.1,40750.9,25.98,25401.82,,,,,
5962,8/18/2026 10:48,73.63,1.29,1.11,73.53,38624.8,40253.7,25.63,25134.81,,,,,
5963,8/18/2026 11:03,73.69,1.2,1.03,73.56,38644,40260.4,25.63,25147.29,,,,,
5964,8/18/2026 11:18,73.68,1.26,1.09,73.54,38714.9,40344.9,25.69,25193.43,,,,,
5965,8/18/2026 11:33,73.61,1.24,1.07,73.47,39140.1,40822.8,26.03,25470.09,,,,,
5966,8/18/2026 11:48,73.6,1.42,1.22,73.47,39076.8,40756.9,25.98,25428.96,,,,,
5967,8/18/2026 12:03,73.73,1.9,1.64,73.62,39070.8,40675.7,25.93,25425,,,,,
5968,8/18/2026 12:18,73.91,2.22,1.91,73.8,39192.8,40714.6,25.96,25504.43,,,,,
5969,8/18/2026 12:33,74.12,2.4,2.06,74.06,39494.6,40896.9,26.1,25700.82,,,,,
5970,8/18/2026 12:48,74.23,2.65,2.28,74.06,39384.3,40782.6,26.01,25629.05,,,,,
5971,8/18/2026 13:03,74.11,2.85,2.46,73.93,39377.1,40839.2,26.05,25624.37,,,,,
5972,8/18/2026 13:18,74.19,3.28,2.82,74.1,40326.4,41739.1,26.69,26242.08,,,,,
5973,8/18/2026 13:33,74.3,3.9,3.34,74.19,40750.9,42134.5,26.98,26518.36,,,,,
5974,8/18/2026 13:48,74.23,4.5,3.86,74.14,40209.4,41599,26.6,26165.97,,,,,
5975,8/18/2026 14:03,74.18,5.3,4.53,74.02,40761.9,42231.2,27.04,26525.5,,,,,
5976,8/18/2026 14:18,74.14,5.54,4.74,73.99,40952.7,42445.5,27.19,26649.65,,,,,
5977,8/18/2026 14:33,73.99,5.93,5.07,73.83,40869.3,42436.8,27.18,26595.41,,,,,
5978,8/18/2026 14:48,73.85,6.38,5.45,73.7,41113.7,42760.4,27.41,26754.39,,,,,
5979,8/18/2026 15:03,73.77,6.8,5.81,73.61,41265.1,42963,27.55,26852.97,,,,,
5980,8/18/2026 15:18,73.75,7.24,6.17,73.62,41372.7,43072.2,27.63,26922.97,,,,,
5981,8/18/2026 15:33,73.78,7.43,6.34,73.64,41386.3,43075,27.63,26931.8,,,,,
5982,8/18/2026 15:48,73.73,7.52,6.41,73.56,41423.4,43153.3,27.69,26955.96,,,,,
5983,8/18/2026 16:03,73.64,7.77,6.62,73.5,41416.8,43180.5,27.71,26951.69,,,,,
5984,8/18/2026 16:18,73.57,7.74,6.59,73.39,41382.9,43201.8,27.72,26929.59,,,,,
5985,8/18/2026 16:33,73.55,7.7,6.56,73.41,41386.3,43196.8,27.72,26931.8,,,,,
5986,8/18/2026 16:48,73.48,7.57,6.45,73.32,41312,43164.7,27.69,26883.46,,,,,
5987,8/18/2026 17:03,73.42,6.16,5.26,73.29,41232.1,43095.3,27.64,26831.45,,,,,
5988,8/18/2026 17:18,73.71,7.27,6.21,73.6,41173.4,42876,27.49,26793.27,,,,,
5989,8/18/2026 17:33,74.04,7.76,6.62,73.97,41629.8,43155.8,27.7,27090.3,,,,,
5990,8/18/2026 17:48,74.34,7.31,6.24,74.22,41529.7,42920.1,27.54,27025.15,,,,,
5991,8/18/2026 18:03,74.55,6.98,5.99,74.43,40666.7,41924.2,26.83,26463.52,,,,,
5992,8/18/2026 18:18,74.65,6.85,5.86,74.52,41195,42422,27.19,26807.34,,,,,
5993,8/18/2026 18:33,74.76,6.54,5.6,74.63,41071.3,42239.6,27.06,26726.82,,,,,
5994,8/18/2026 18:48,74.88,6.1,5.22,74.79,41026,42113.7,26.98,26697.34,,,,,
5995,8/18/2026 19:03,74.94,5.81,4.98,74.82,40928.4,41994.4,26.89,26633.84,,,,,
5996,8/18/2026 19:18,75.04,5.45,4.67,74.92,40918.1,41937.6,26.85,26627.12,,,,,
5997,8/18/2026 19:33,75.13,5.13,4.4,75.01,40844.2,41813.2,26.77,26579.06,,,,,
5998,8/18/2026 19:48,75.25,4.72,4.05,75.14,40864.7,41772,26.74,26592.42,,,,,
5999,8/18/2026 20:03,75.34,4.29,3.68,75.24,40861.6,41720.2,26.71,26590.39,,,,,
6000,8/18/2026 20:18,75.43,3.84,3.3,75.32,40766.3,41582.6,26.61,26528.37,,,,,
6001,8/18/2026 20:33,75.54,3.03,2.6,75.42,40589.4,41351.4,26.45,26413.22,,,,,
6002,8/18/2026 20:48,75.52,2.39,2.06,75.36,40617.5,41412.1,26.49,26431.51,,,,,
6003,8/18/2026 21:03,75.42,2.03,1.74,75.26,40662.4,41503.4,26.55,26460.76,,,,,
6004,8/18/2026 21:18,75.33,2.81,2.42,75.19,40550.7,41426.8,26.5,26388.03,,,,,
6005,8/18/2026 21:33,75.3,1.96,1.69,75.14,40537.2,41437.1,26.5,26379.24,,,,,
6006,8/18/2026 21:48,75.24,1.81,1.56,75.08,40537.3,41464.1,26.52,26379.34,,,,,
6007,8/18/2026 22:03,75.19,1.75,1.51,75.07,40536.9,41471.6,26.53,26379.04,,,,,
6008,8/18/2026 22:18,75.17,2.04,1.75,75.01,40559.4,41521.6,26.56,26393.71,,,,,
6009,8/18/2026 22:33,75.13,1.72,1.47,74.98,40527.5,41505,26.55,26372.96,,,,,
6010,8/18/2026 22:48,75.07,1.6,1.37,74.93,40485.9,41489.3,26.54,26345.87,,,,,
6011,8/18/2026 23:03,75,1.5,1.29,74.85,40514.8,41556.6,26.58,26364.68,,,,,
6012,8/18/2026 23:18,74.91,0.9,0.77,74.76,40472.6,41556.4,26.58,26337.22,,,,,
6013,8/18/2026 23:33,74.87,1.09,0.94,74.74,40494.7,41592.6,26.61,26351.64,,,,,
6014,8/18/2026 23:48,74.8,0.85,0.73,74.65,40469.4,41612.5,26.62,26335.13,,,,,
6015,8/19/2026 0:03,74.95,1.32,1.14,74.85,40543.1,41585.7,26.6,26383.13,,,,,
6016,8/19/2026 0:18,75.05,1.24,1.06,74.91,40639,41654.3,26.65,26445.5,,,,,
6017,8/19/2026 0:33,75.01,1.35,1.16,74.85,40623,41667.6,26.66,26435.09,,,,,
6018,8/19/2026 0:48,74.87,1.63,1.4,74.72,40403,41506.4,26.54,26291.92,,,,,
6019,8/19/2026 1:03,74.77,1.83,1.57,74.63,40403.4,41550,26.57,26292.21,,,,,
6020,8/19/2026 1:18,74.7,2.26,1.94,74.55,40216.4,41398,26.46,26170.51,,,,,
6021,8/19/2026 1:33,74.61,2.44,2.09,74.46,40251.3,41479.8,26.52,26193.23,,,,,
6022,8/19/2026 1:48,74.58,2.64,2.27,74.44,40181.3,41418.4,26.47,26147.66,,,,,
6023,8/19/2026 2:03,74.49,2.87,2.47,74.3,40109.4,41414.4,26.47,26100.91,,,,,
6024,8/19/2026 2:18,74.33,3.12,2.68,74.19,40227.3,41593.1,26.59,26177.62,,,,,
6025,8/19/2026 2:33,74.16,3.71,3.18,73.95,40360.5,41850.8,26.77,26264.27,,,,,
6026,8/19/2026 2:48,73.85,4.28,3.66,73.68,40379.9,42005.6,26.87,26276.93,,,,,
6027,8/19/2026 3:03,73.66,4.71,4.04,73.5,40323.2,42040.3,26.89,26240.04,,,,,
6028,8/19/2026 3:18,73.56,4.96,4.24,73.38,40361.7,42141.3,26.96,26265.07,,,,,
6029,8/19/2026 3:33,73.39,5.35,4.58,73.22,40425.6,42288.7,27.06,26306.68,,,,,
6030,8/19/2026 3:48,73.18,5.62,4.81,73,40365.3,42339.9,27.09,26267.44,,,,,
6031,8/19/2026 4:03,72.98,5.93,5.07,72.79,40413.5,42502.7,27.2,26298.8,,,,,
6032,8/19/2026 4:18,72.78,6.03,5.15,72.61,40497,42680.7,27.33,26353.08,,,,,
6033,8/19/2026 4:33,72.61,5.98,5.1,72.47,40363.5,42616.4,27.28,26266.26,,,,,
6034,8/19/2026 4:48,72.56,6.15,5.25,72.39,40331.4,42624.9,27.28,26245.35,,,,,
6035,8/19/2026 5:03,72.51,5.71,4.88,72.35,40360.2,42675.1,27.31,26264.09,,,,,
6036,8/19/2026 5:18,72.49,4.38,3.74,72.35,40366.5,42684.6,27.32,26268.16,,,,,
6037,8/19/2026 5:33,72.51,4.38,3.74,72.38,40274.1,42567.1,27.24,26208.05,,,,,
6038,8/19/2026 5:48,72.78,5.12,4.38,72.67,40200.6,42340.4,27.09,26160.26,,,,,
6039,8/19/2026 6:03,72.9,5.17,4.43,72.78,40153.1,42231.5,27.01,26129.3,,,,,
6040,8/19/2026 6:18,73.07,5.06,4.33,72.95,40156,42145.4,26.95,26131.2,,,,,
6041,8/19/2026 6:33,73.17,4.82,4.13,73.04,40048.9,41988.6,26.85,26061.52,,,,,
6042,8/19/2026 6:48,73.22,4.69,4.02,73.1,40058,41967.7,26.83,26067.45,,,,,
6043,8/19/2026 7:03,73.3,4.5,3.86,73.18,39961.1,41827.5,26.73,26004.35,,,,,
6044,8/19/2026 7:18,73.36,4.38,3.75,73.23,40200,42047.1,26.89,26159.85,,,,,
6045,8/19/2026 7:33,73.43,4.04,3.46,73.31,40042.3,41843.5,26.75,26057.2,,,,,
6046,8/19/2026 7:48,73.48,3.89,3.34,73.36,40010.2,41782.6,26.71,26036.35,,,,,
6047,8/19/2026 8:03,73.55,3.6,3.09,73.45,39684.4,41401.5,26.44,25824.33,,,,,
6048,8/19/2026 8:18,73.64,3.35,2.88,73.48,39653.2,41349.9,26.4,25804.04,,,,,
6049,8/19/2026 8:33,73.67,3.06,2.64,73.52,38990.9,40640.5,25.9,25373,,,,,
6050,8/19/2026 8:48,73.73,2.61,2.26,73.6,37802.1,39365.3,25,24599.43,,,,,
6051,8/19/2026 9:03,73.79,2.45,2.11,73.66,39394.2,40993.6,26.15,25635.45,,,,,
6052,8/19/2026 9:18,73.89,2.19,1.88,73.77,39522.7,41068.1,26.21,25719.11,,,,,
6053,8/19/2026 9:33,74.02,1.56,1.34,73.92,39660.5,41138.4,26.26,25808.74,,,,,
6054,8/19/2026 9:48,74.12,1.96,1.69,74,39647.9,41085.1,26.23,25800.6,,,,,
6055,8/19/2026 10:03,74.22,1.79,1.54,74.1,39699.9,41088,26.23,25834.43,,,,,
6056,8/19/2026 10:18,74.39,1.3,1.12,74.34,39786.4,41059.5,26.22,25890.7,,,,,
6057,8/19/2026 10:33,74.69,1.45,1.24,74.63,39897.8,41032.7,26.21,25963.16,,,,,
6058,8/19/2026 10:48,74.95,1.1,0.95,74.88,39994.1,41006.5,26.19,26025.83,,,,,
6059,8/19/2026 11:03,75.19,1.11,0.95,75.14,40037.5,40926.4,26.14,26054.11,,,,,
6060,8/19/2026 11:18,75.44,1.14,0.98,75.43,40206.9,40959.1,26.17,26164.32,,,,,
6061,8/19/2026 11:33,75.95,1.62,1.4,76.05,40494.8,40948.5,26.18,26351.68,,,,,
6062,8/19/2026 11:48,76.25,1.28,1.1,76.09,40516.8,40952.4,26.18,26366,,,,,
6063,8/19/2026 12:03,76.18,1.68,1.45,76,40500.8,40978.2,26.2,26355.56,,,,,
6064,8/19/2026 12:18,76.03,1.43,1.23,75.9,40405.2,40928.8,26.16,26293.39,,,,,
6065,8/19/2026 12:33,76.33,1.46,1.26,76.25,40593.5,40953.8,26.18,26415.91,,,,,
6066,8/19/2026 12:48,76.77,2.07,1.78,76.55,40563.8,40780.2,26.07,26396.55,,,,,
6067,8/19/2026 13:03,76.55,2.31,1.99,76.46,40277.6,40533.8,25.89,26210.31,,,,,
6068,8/19/2026 13:18,76.58,2.52,2.19,76.39,39333.7,39616.9,25.24,25596.11,,,,,
6069,8/19/2026 13:33,76.49,2.82,2.45,76.33,38261.1,38561.2,24.49,24898.1,,,,,
6070,8/19/2026 13:48,76.56,3.03,2.63,76.5,38908.8,39136.4,24.9,25319.6,,,,,
6071,8/19/2026 14:03,76.73,3.62,3.15,76.65,38882.3,39039.9,24.84,25302.34,,,,,
6072,8/19/2026 14:18,76.89,4.14,3.6,76.78,39054.6,39152.9,24.92,25414.45,,,,,
6073,8/19/2026 14:33,76.77,4.95,4.3,76.68,39099.6,39248,24.98,25443.76,,,,,
6074,8/19/2026 14:48,76.47,5.79,5.02,76.28,39111.7,39443.6,25.11,25451.61,,,,,
6075,8/19/2026 15:03,76.03,6.25,5.41,75.88,39328.4,39850.8,25.39,25592.68,,,,,
6076,8/19/2026 15:18,75.8,6.75,5.84,75.64,39410.5,40047.1,25.53,25646.07,,,,,
6077,8/19/2026 15:33,75.77,7.38,6.37,75.64,39462.3,40097.2,25.56,25679.81,,,,,
6078,8/19/2026 15:48,75.94,7.99,6.9,75.86,39961.7,40500.3,25.85,26004.76,,,,,
6079,8/19/2026 16:03,76.15,8.39,7.25,76.03,39679.2,40134.1,25.6,25820.96,,,,,
6080,8/19/2026 16:18,76.16,8.64,7.46,76.01,40021.1,40487.6,25.85,26043.4,,,,,
6081,8/19/2026 16:33,76.18,8.8,7.6,76.03,40042.9,40502,25.86,26057.61,,,,,
6082,8/19/2026 16:48,75.95,8.83,7.63,75.77,39815.5,40396.2,25.78,25909.63,,,,,
6083,8/19/2026 17:03,75.74,8.85,7.64,75.55,39542,40222.1,25.65,25731.63,,,,,
6084,8/19/2026 17:18,75.55,8.73,7.55,75.4,39184.3,39930.2,25.44,25498.88,,,,,
6085,8/19/2026 17:33,75.4,8.62,7.45,75.24,39166.3,39989.3,25.48,25487.18,,,,,
6086,8/19/2026 17:48,75.38,7.96,6.88,75.25,39121,39937.9,25.44,25457.71,,,,,
6087,8/19/2026 18:03,75.96,8.39,7.26,75.94,39295.4,39786.7,25.35,25571.18,,,,,
6088,8/19/2026 18:18,76.24,8.24,7.13,76.1,39498.8,39915.7,25.45,25703.53,,,,,
6089,8/19/2026 18:33,76.26,8.37,7.18,76.13,41413.9,41837.6,26.81,26949.75,,,,,
6090,8/19/2026 18:48,76.31,8.09,6.95,76.18,41144.6,41544.3,26.6,26774.52,,,,,
6091,8/19/2026 19:03,76.35,7.81,6.71,76.21,41041.7,41421.9,26.52,26707.59,,,,,
6092,8/19/2026 19:18,76.39,7.25,6.24,76.28,40942.1,41289.6,26.42,26642.77,,,,,
6093,8/19/2026 19:33,76.45,6.95,6.04,76.33,38711.2,39017.3,24.81,25191.03,,,,,
6094,8/19/2026 19:48,76.51,6.57,5.71,76.38,38388.1,38669.4,24.57,24980.75,,,,,
6095,8/19/2026 20:03,76.58,6.07,5.27,76.46,38808.1,39052.5,24.84,25254.08,,,,,
6096,8/19/2026 20:18,76.71,5.59,4.82,76.6,40165.8,40354.3,25.77,26137.55,,,,,
6097,8/19/2026 20:33,76.83,5.06,4.37,76.71,40335.4,40473.1,25.85,26247.97,,,,,
6098,8/19/2026 20:48,76.95,4.54,4,76.82,35553.4,35629.3,22.45,23136.1,,,,,
6099,8/19/2026 21:03,77.02,3.81,3.29,76.87,40448.9,40509.5,25.88,26321.83,,,,,
6100,8/19/2026 21:18,77.04,2.77,2.38,76.9,40876.5,40922,26.17,26600.04,,,,,
6101,8/19/2026 21:33,77.08,1.92,1.65,76.97,40870.4,40884.8,26.15,26596.11,,,,,
6102,8/19/2026 21:48,77.1,1.55,1.34,76.98,40961.4,40970.6,26.21,26655.34,,,,,
6103,8/19/2026 22:03,77.11,1.4,1.21,77,40954.5,40953.2,26.2,26650.8,,,,,
6104,8/19/2026 22:18,77.13,1.05,0.91,77.02,40947.5,40938.4,26.19,26646.25,,,,,
6105,8/19/2026 22:33,77.13,1.35,1.16,77.02,40907.7,40898.7,26.16,26620.38,,,,,
6106,8/19/2026 22:48,77.1,1.41,1.22,76.99,40804.1,40810.6,26.1,26552.94,,,,,
6107,8/19/2026 23:03,77.06,1.07,0.92,76.92,40859.3,40897,26.16,26588.86,,,,,
6108,8/19/2026 23:18,77.04,0.92,0.79,76.96,40862.4,40881.9,26.15,26590.88,,,,,
6109,8/19/2026 23:33,77.04,0.85,0.73,76.87,41064.1,41128.3,26.32,26722.17,,,,,
6110,8/19/2026 23:48,76.98,0.71,0.61,76.84,40934.8,41009.2,26.24,26638.04,,,,,
6111,8/20/2026 0:03,76.94,0.59,0.51,76.81,40852.7,40945.1,26.19,26584.58,,,,,
6112,8/20/2026 0:18,76.85,0.59,0.51,76.7,40790.9,40932.8,26.18,26544.39,,,,,
6113,8/20/2026 0:33,76.85,0.43,0.37,76.68,40981.5,41134.5,26.32,26668.38,,,,,
6114,8/20/2026 0:48,76.95,1.21,1.04,76.81,40993.9,41084.1,26.29,26676.49,,,,,
6115,8/20/2026 1:03,76.99,1.09,0.94,76.87,40901.1,40965,26.2,26616.1,,,,,
6116,8/20/2026 1:18,76.97,1.2,1.04,76.8,40829.5,40924.5,26.17,26569.5,,,,,
6117,8/20/2026 1:33,76.67,1.3,1.12,76.45,40627.5,40891.2,26.14,26438.03,,,,,
6118,8/20/2026 1:48,76.53,1.62,1.39,76.37,40341.4,40639.6,25.96,26251.84,,,,,
6119,8/20/2026 2:03,76.42,1.75,1.51,76.25,40440.5,40796.8,26.07,26316.35,,,,,
6120,8/20/2026 2:18,76.29,2.06,1.78,76.14,40613.3,41026.3,26.23,26428.81,,,,,
6121,8/20/2026 2:33,76.19,2.24,1.92,76.04,40659.4,41117.7,26.3,26458.82,,,,,
6122,8/20/2026 2:48,76.13,2.46,2.12,76.03,40763.2,41227.9,26.37,26526.32,,,,,
6123,8/20/2026 3:03,75.9,2.77,2.38,75.76,41326.3,41931.8,26.87,26892.79,,,,,
6124,8/20/2026 3:18,75.69,3.16,2.71,75.5,41103.5,41837.5,26.8,26747.81,,,,,
6125,8/20/2026 3:33,75.47,3.42,2.93,75.31,41284.8,42114.2,26.99,26865.79,,,,,
6126,8/20/2026 3:48,75.07,4.65,3.99,74.86,40615.1,41654.1,26.65,26429.96,,,,,
6127,8/20/2026 4:03,74.83,5.04,4.46,74.66,32992.3,33917.6,21.22,21469.5,,,,,
6128,8/20/2026 4:18,74.66,5.23,4.74,74.46,26847.3,27666.7,16.96,17470.69,,,,,
6129,8/20/2026 4:33,74.54,5.56,4.91,74.37,33354,34410.1,21.56,21704.88,,,,,
6130,8/20/2026 4:48,74.34,6.2,5.3,74.19,41061.7,42455.8,27.21,26720.61,,,,,
6131,8/20/2026 5:03,74.13,6.47,5.53,73.95,41188.9,42707,27.38,26803.35,,,,,
6132,8/20/2026 5:18,73.94,6.45,5.51,73.75,41148.7,42768.8,27.42,26777.21,,,,,
6133,8/20/2026 5:33,73.8,6.39,5.45,73.63,41193.1,42879.6,27.49,26806.08,,,,,
6134,8/20/2026 5:48,73.68,6.06,5.17,73.53,41046.1,42779.9,27.42,26710.43,,,,,
6135,8/20/2026 6:03,73.62,5.91,5.05,73.48,41039.6,42795.6,27.43,26706.23,,,,,
6136,8/20/2026 6:18,73.6,4.68,4,73.48,41013.2,42770.9,27.41,26689.04,,,,,
6137,8/20/2026 6:33,73.68,5.01,4.28,73.54,41008.9,42732.7,27.39,26686.24,,,,,
6138,8/20/2026 6:48,73.89,5.3,4.53,73.77,40954.9,42559,27.27,26651.08,,,,,
6139,8/20/2026 7:03,73.95,5.31,4.54,73.83,40805.1,42370.1,27.14,26553.63,,,,,
6140,8/20/2026 7:18,74.04,4.98,4.27,73.92,40502.4,42011.8,26.88,26356.64,,,,,
6141,8/20/2026 7:33,74.1,4.63,3.97,73.99,40470.4,41942.8,26.84,26335.77,,,,,
6142,8/20/2026 7:48,74.22,4.73,4.05,74.1,40380.8,41792.7,26.73,26277.51,,,,,
6143,8/20/2026 8:03,74.32,4.4,3.78,74.17,40311.6,41685.6,26.66,26232.45,,,,,
6144,8/20/2026 8:18,74.41,4.5,3.86,74.3,40355.5,41668.5,26.65,26261.01,,,,,
6145,8/20/2026 8:33,74.53,4.17,3.58,74.43,40396.1,41645.3,26.64,26287.43,,,,,
6146,8/20/2026 8:48,74.7,4.02,3.45,74.58,40291,41461.4,26.51,26219.08,,,,,
6147,8/20/2026 9:03,74.81,3.94,3.39,74.66,40310.1,41443.3,26.5,26231.49,,,,,
6148,8/20/2026 9:18,74.96,3.6,3.1,74.83,40357.1,41405.6,26.47,26262.09,,,,,
6149,8/20/2026 9:33,75.12,3.5,3.01,74.99,40490.1,41464.1,26.52,26348.62,,,,,
6150,8/20/2026 9:48,75.26,3.39,2.91,75.17,40480.8,41363.4,26.45,26342.56,,,,,
6151,8/20/2026 10:03,75.47,3.31,2.85,75.4,40457.8,41228,26.36,26327.6,,,,,
6152,8/20/2026 10:18,75.76,2.91,2.53,75.69,38081,38673.7,24.56,24780.89,,,,,
6153,8/20/2026 10:33,75.99,2.72,2.37,75.95,37426.5,37892,24.02,24355.02,,,,,
6154,8/20/2026 10:48,76.29,2.63,2.3,76.2,37363.3,37714.2,23.9,24313.86,,,,,
6155,8/20/2026 11:03,76.5,2.37,2.05,76.42,39581.3,39850.9,25.41,25757.21,,,,,
6156,8/20/2026 11:18,76.75,2.3,1.99,76.68,40375.1,40525.8,25.89,26273.78,,,,,
6157,8/20/2026 11:33,77.02,2.36,2.04,76.99,40778.3,40784.8,26.08,26536.17,,,,,
6158,8/20/2026 11:48,77.45,2.2,1.9,77.36,41464.2,41289.6,26.45,26982.5,,,,,
6159,8/20/2026 12:03,77.75,2.22,1.91,77.68,41744.3,41416.2,26.54,27164.79,,,,,
6160,8/20/2026 12:18,78.14,2.33,2.01,78.08,41972.4,41448.4,26.57,27313.2,,,,,
6161,8/20/2026 12:33,78.32,2.38,2.04,78.22,42088.7,41497.9,26.61,27388.87,,,,,
6162,8/20/2026 12:48,78.34,2.42,2.09,78.23,42062.6,41467,26.59,27371.89,,,,,
6163,8/20/2026 13:03,78.08,2.32,2,78,41954.8,41472.9,26.59,27301.76,,,,,
6164,8/20/2026 13:18,78.2,2.24,1.93,78.13,41962.5,41415.3,26.55,27306.8,,,,,
6165,8/20/2026 13:33,78.92,2.54,2.18,78.85,42288.4,41394.9,26.55,27518.82,,,,,
6166,8/20/2026 13:48,78.86,3.11,2.68,78.73,42136.5,41300.6,26.48,27420.03,,,,,
6167,8/20/2026 14:03,79.02,3.08,2.66,78.9,42140.3,41226.7,26.43,27422.49,,,,,
6168,8/20/2026 14:18,78.62,3.71,3.2,78.42,41796.3,41116.5,26.34,27198.63,,,,,
6169,8/20/2026 14:33,78.49,3.83,3.3,78.36,41690.5,41038.1,26.28,27129.74,,,,,
6170,8/20/2026 14:48,78.37,4.25,3.66,78.23,41852.9,41262.9,26.44,27235.47,,,,,
6171,8/20/2026 15:03,78.47,4.69,4.04,78.43,41853.2,41167.3,26.38,27235.64,,,,,
6172,8/20/2026 15:18,78.61,5.63,4.83,78.48,42606.2,41884.3,26.89,27725.68,,,,,
6173,8/20/2026 15:33,78.51,6.27,5.37,78.31,43253.1,42603.1,27.4,28146.65,,,,,
6174,8/20/2026 15:48,78.27,7.12,6.1,78.07,43234.4,42702.8,27.47,28134.45,,,,,
6175,8/20/2026 16:03,77.82,7.74,6.62,77.63,43196.2,42881.1,27.59,28109.6,,,,,
6176,8/20/2026 16:18,77.44,8.15,6.96,77.24,43295.6,43176.2,27.79,28174.25,,,,,
6177,8/20/2026 16:33,77.16,8.73,7.45,77.01,43536,43532,28.04,28330.74,,,,,
6178,8/20/2026 16:48,77.1,9.18,7.83,76.99,43476.6,43483.6,28.01,28292.06,,,,,
6179,8/20/2026 17:03,77.05,9.52,8.12,76.89,43379.1,43433,27.97,28228.61,,,,,
6180,8/20/2026 17:18,76.95,9.61,8.19,76.79,43575.8,43682.8,28.14,28356.63,,,,,
6181,8/20/2026 17:33,76.85,9.66,8.24,76.7,43292.5,43445.8,27.97,28172.25,,,,,
6182,8/20/2026 17:48,76.77,9.62,8.19,76.62,43596.6,43790.1,28.22,28370.16,,,,,
6183,8/20/2026 18:03,76.67,9.31,7.93,76.51,43510.1,43758.9,28.19,28313.84,,,,,
6184,8/20/2026 18:18,76.6,9.16,7.81,76.46,43463,43739.6,28.18,28283.24,,,,,
6185,8/20/2026 18:33,76.55,8.59,7.3,76.43,43866.1,44162.1,28.48,28545.49,,,,,
6186,8/20/2026 18:48,76.57,7,5.96,76.44,43489.4,43777.3,28.21,28300.41,,,,,
6187,8/20/2026 19:03,76.87,8.95,7.62,76.74,43744.7,43877.2,28.28,28466.53,,,,,
6188,8/20/2026 19:18,76.95,8.87,7.55,76.81,43758.4,43854.6,28.27,28475.45,,,,,
6189,8/20/2026 19:33,77.06,8.27,7.04,76.95,43656.9,43680.5,28.15,28409.36,,,,,
6190,8/20/2026 19:48,77.17,7.84,6.69,77.08,43437.1,43394.4,27.94,28266.33,,,,,
6191,8/20/2026 20:03,77.3,7.76,6.63,77.2,43193.6,43093.6,27.73,28107.91,,,,,
6192,8/20/2026 20:18,77.39,7.35,6.42,77.3,37941.6,37808.2,23.98,24690.21,,,,,
6193,8/20/2026 20:33,77.53,6.76,5.75,77.41,44238.6,44027.2,28.41,28787.92,,,,,
6194,8/20/2026 20:48,77.58,6.38,5.4,77.47,45812.8,45565,29.52,29812.3,,,,,
6195,8/20/2026 21:03,77.6,6.08,5.19,77.49,43640.1,43390.4,27.95,28398.47,,,,,
6196,8/20/2026 21:18,77.61,5.49,4.68,77.45,43862.9,43633.9,28.12,28543.45,,,,,
6197,8/20/2026 21:33,77.61,5.25,4.44,77.48,46198.7,45943,29.79,30063.46,,,,,
6198,8/20/2026 21:48,77.61,4.76,3.99,77.51,47734.9,47452.7,30.89,31063.14,,,,,
6199,8/20/2026 22:03,77.57,4.04,3.4,77.44,46553.6,46316.5,30.06,30294.41,,,,,
6200,8/20/2026 22:18,77.51,3.45,2.92,77.37,45922.4,45726.2,29.63,29883.68,,,,,
6201,8/20/2026 22:33,77.52,3.72,3.13,77.4,47221.6,47001.9,30.56,30729.11,,,,,
6202,8/20/2026 22:48,77.53,3.34,2.85,77.41,43077.6,42871.8,27.58,28032.42,,,,,
6203,8/20/2026 23:03,77.57,2.78,2.4,77.48,40288.8,40065.8,25.58,26217.61,,,,,
6204,8/20/2026 23:18,77.61,2.41,2.09,77.52,40091.3,39849.2,25.43,26089.1,,,,,
6205,8/20/2026 23:33,77.63,1.95,1.68,77.56,40567.5,40304.6,25.75,26398.97,,,,,
6206,8/20/2026 23:48,77.66,1.58,1.36,77.54,41657.2,41397.8,26.53,27108.09,,,,,
6207,8/21/2026 0:03,77.61,1.74,1.49,77.47,42138.6,41910.7,26.89,27421.38,,,,,
6208,8/21/2026 0:18,77.67,1.61,1.38,77.53,42271.1,42013.2,26.96,27507.6,,,,,
6209,8/21/2026 0:33,77.59,1.54,1.32,77.46,42282.7,42059.3,27,27515.15,,,,,
6210,8/21/2026 0:48,77.48,1.5,1.29,77.33,42215,42053.2,26.99,27471.07,,,,,
6211,8/21/2026 1:03,77.44,1.32,1.13,77.3,42222,42076.2,27,27475.63,,,,,
6212,8/21/2026 1:18,77.39,0.92,0.79,77.28,42210.9,42075.8,27,27468.4,,,,,
6213,8/21/2026 1:33,77.4,0.96,0.82,77.28,42249.4,42114.2,27.03,27493.49,,,,,
6214,8/21/2026 1:48,77.58,1.62,1.39,77.48,42328.4,42091.5,27.02,27544.9,,,,,
6215,8/21/2026 2:03,77.62,1.63,1.4,77.52,42423.7,42167.5,27.07,27606.89,,,,,
6216,8/21/2026 2:18,77.53,1.56,1.34,77.36,42345.3,42167,27.07,27555.89,,,,,
6217,8/21/2026 2:33,77.23,1.87,1.61,77.08,42077,42038.3,26.97,27381.29,,,,,
6218,8/21/2026 2:48,77.18,1.87,1.61,77.05,41962.7,41937.4,26.9,27306.9,,,,,
6219,8/21/2026 3:03,77.08,2.13,1.83,76.95,41797.9,41820.6,26.82,27199.65,,,,,
6220,8/21/2026 3:18,76.96,2.46,2.11,76.81,41783.3,41877.9,26.85,27190.17,,,,,
6221,8/21/2026 3:33,76.93,2.67,2.29,76.77,41684.1,41794.4,26.79,27125.62,,,,,
6222,8/21/2026 3:48,76.83,2.68,2.3,76.67,41808.2,41969.6,26.92,27206.36,,,,,
6223,8/21/2026 4:03,76.68,3.01,2.58,76.53,41549.4,41776.4,26.78,27037.95,,,,,
6224,8/21/2026 4:18,76.52,3.34,2.87,76.37,41367,41675.4,26.7,26919.25,,,,,
6225,8/21/2026 4:33,76.34,3.76,3.23,76.17,41422.4,41827.5,26.8,26955.31,,,,,
6226,8/21/2026 4:48,76.08,4.48,3.84,75.91,41555.4,42091.2,26.99,27041.89,,,,,
6227,8/21/2026 5:03,75.81,5.27,4.51,75.64,41443.5,42110.2,26.99,26969.04,,,,,
6228,8/21/2026 5:18,75.65,5.75,4.93,75.49,41346.3,42087.3,26.97,26905.79,,,,,
6229,8/21/2026 5:33,75.5,6.04,5.17,75.32,41410.5,42239.8,27.08,26947.59,,,,,
6230,8/21/2026 5:48,75.34,6.46,5.53,75.18,41527.7,42427.7,27.21,27023.82,,,,,
6231,8/21/2026 6:03,75.17,6.55,5.61,74.99,41390.5,42386.1,27.18,26934.53,,,,,
6232,8/21/2026 6:18,74.99,6.76,5.78,74.81,41589.8,42678.6,27.38,27064.27,,,,,
6233,8/21/2026 6:33,74.87,6.72,5.75,74.72,41298.4,42426.3,27.2,26874.6,,,,,
6234,8/21/2026 6:48,74.76,6.66,5.71,74.62,41121.1,42296.3,27.1,26759.24,,,,,
6235,8/21/2026 7:03,74.71,6.64,5.68,74.56,41124.2,42329.8,27.13,26761.28,,,,,
6236,8/21/2026 7:18,74.66,6.28,5.37,74.54,41385.1,42609.3,27.32,26931.01,,,,,
6237,8/21/2026 7:33,74.87,6.1,5.21,74.77,41446.5,42553.7,27.29,26971.01,,,,,
6238,8/21/2026 7:48,75,5.83,5,74.85,40767.2,41815.5,26.77,26528.93,,,,,
6239,8/21/2026 8:03,75.02,5.64,4.84,74.89,40685.3,41709.8,26.69,26475.64,,,,,
6240,8/21/2026 8:18,75.08,5.51,4.73,74.96,40645.9,41637.1,26.64,26450.02,,,,,
6241,8/21/2026 8:33,75.12,5.36,4.6,74.99,40465.4,41438.8,26.5,26332.56,,,,,
6242,8/21/2026 8:48,75.08,4.79,4.12,74.89,40296.3,41311.1,26.41,26222.54,,,,,
6243,8/21/2026 9:03,75.19,5.04,4.33,75.07,40535.6,41470.4,26.53,26378.24,,,,,
6244,8/21/2026 9:18,75.26,4.8,4.13,75.13,40350.3,41248.8,26.37,26257.67,,,,,
6245,8/21/2026 9:33,75.3,4.67,4.01,75.15,40318.3,41208.1,26.34,26236.86,,,,,
6246,8/21/2026 9:48,75.25,4.24,3.65,75.09,40210.3,41126.9,26.28,26166.54,,,,,
6247,8/21/2026 10:03,75.26,4.02,3.46,75.12,40222.6,41123.5,26.28,26174.54,,,,,
6248,8/21/2026 10:18,75.25,3.58,3.08,75.11,40091.2,40994.5,26.19,26089.04,,,,,
6249,8/21/2026 10:33,75.28,3.55,3.06,75.15,40021.2,40904.4,26.13,26043.47,,,,,
6250,8/21/2026 10:48,75.42,3.66,3.15,75.31,40333.6,41143.9,26.3,26246.77,,,,,
6251,8/21/2026 11:03,75.55,3.67,3.16,75.44,40291.6,41037.4,26.23,26219.43,,,,,
6252,8/21/2026 11:18,75.6,3.5,3.01,75.49,40218.5,40939.3,26.16,26171.89,,,,,
6253,8/21/2026 11:33,75.72,3.25,2.79,75.6,40307.3,40976.8,26.19,26229.68,,,,,
6254,8/21/2026 11:48,75.85,3.33,2.87,75.74,40399.6,41004.6,26.21,26289.7,,,,,
6255,8/21/2026 12:03,75.96,3.41,2.95,75.87,39687.6,40219.9,25.66,25826.37,,,,,
6256,8/21/2026 12:18,76.14,3.39,2.95,76,38567.7,39022.3,24.81,25097.61,,,,,
6257,8/21/2026 12:33,76.2,3.33,2.89,76.09,38772.9,39187.2,24.93,25231.16,,,,,
6258,8/21/2026 12:48,76.32,2.59,2.24,76.2,39361.1,39730.8,25.32,25613.94,,,,,
6259,8/21/2026 13:03,76.43,2.73,2.36,76.31,39718.6,40043,25.54,25846.6,,,,,
6260,8/21/2026 13:18,76.6,3.11,2.68,76.49,40497.3,40739.3,26.04,26353.28,,,,,
6261,8/21/2026 13:33,76.71,3.28,2.83,76.58,40900.9,41100.7,26.3,26615.91,,,,,
6262,8/21/2026 13:48,76.79,3.47,2.99,76.67,40770.4,40927.8,26.17,26531,,,,,
6263,8/21/2026 14:03,76.9,3.45,2.97,76.78,40847,40952.5,26.19,26580.87,,,,,
6264,8/21/2026 14:18,76.83,3.21,2.77,76.68,40698,40852.6,26.12,26483.94,,,,,
6265,8/21/2026 14:33,76.98,2.74,2.36,76.86,40696.5,40762.7,26.06,26482.96,,,,,
6266,8/21/2026 14:48,76.78,2.79,2.41,76.62,40336.8,40515.8,25.88,26248.86,,,,,
6267,8/21/2026 15:03,76.77,3.05,2.65,76.67,38520.6,38669.3,24.58,25067.01,,,,,
6268,8/21/2026 15:18,76.72,3.46,3,76.59,39075,39260.9,24.99,25427.74,,,,,
6269,8/21/2026 15:33,76.56,3.78,3.26,76.39,40398.6,40686.8,26,26289.05,,,,,
6270,8/21/2026 15:48,76.47,4.01,3.45,76.33,40463.6,40783.6,26.06,26331.38,,,,,
6271,8/21/2026 16:03,76.46,4.44,3.82,76.32,40589.5,40915.7,26.16,26413.29,,,,,
6272,8/21/2026 16:18,76.38,5.49,4.73,76.25,40638.5,40999.1,26.22,26445.17,,,,,
6273,8/21/2026 16:33,76.36,6.18,5.32,76.22,40805.9,41178.6,26.34,26554.15,,,,,
6274,8/21/2026 16:48,76.21,7.16,6.15,76.02,41045.1,41521,26.58,26709.79,,,,,
6275,8/21/2026 17:03,75.86,7.99,6.87,75.65,40876.7,41531.6,26.58,26600.17,,,,,
6276,8/21/2026 17:18,75.55,8.48,7.29,75.36,40807.3,41603,26.63,26555.06,,,,,
6277,8/21/2026 17:33,75.32,8.87,7.61,75.13,40959.2,41871.2,26.81,26653.86,,,,,
6278,8/21/2026 17:48,75.14,8.99,7.71,74.98,41095.1,42089,26.96,26742.3,,,,,
6279,8/21/2026 18:03,74.99,9.17,7.85,74.83,41208.2,42278.7,27.1,26815.89,,,,,
6280,8/21/2026 18:18,74.87,9.21,7.89,74.73,41081.5,42198,27.04,26733.49,,,,,
6281,8/21/2026 18:33,74.75,9.21,7.89,74.6,41115.7,42299,27.11,26755.73,,,,,
6282,8/21/2026 18:48,74.7,9.32,7.98,74.54,41275.2,42493.5,27.24,26859.54,,,,,
6283,8/21/2026 19:03,74.63,9.16,7.84,74.48,41014.4,42257.9,27.07,26689.81,,,,,
6284,8/21/2026 19:18,74.58,8.98,7.7,74.44,40681.4,41933.9,26.84,26473.09,,,,,
6285,8/21/2026 19:33,74.57,8.9,7.62,74.43,40838.2,42098.3,26.96,26575.16,,,,,
6286,8/21/2026 19:48,74.61,7.94,6.8,74.49,40875.6,42106.7,26.97,26599.47,,,,,
6287,8/21/2026 20:03,74.78,8.45,7.24,74.63,40966.4,42129,26.98,26658.55,,,,,
6288,8/21/2026 20:18,74.78,8.43,7.23,74.65,40857.4,42008.8,26.9,26587.65,,,,,
6289,8/21/2026 20:33,74.87,8.29,7.11,74.74,40737.6,41839.3,26.78,26509.65,,,,,
6290,8/21/2026 20:48,75,7.94,6.81,74.88,40834.1,41867.8,26.8,26572.48,,,,,
6291,8/21/2026 21:03,75.12,7.57,6.5,75.01,40627.8,41594.3,26.61,26438.24,,,,,
6292,8/21/2026 21:18,75.22,7.39,6.35,75.1,40473.4,41393.3,26.47,26337.76,,,,,
6293,8/21/2026 21:33,75.3,6.77,5.82,75.18,40502.6,41383,26.47,26356.74,,,,,
6294,8/21/2026 21:48,75.37,6.47,5.56,75.25,40544.2,41388.1,26.47,26383.82,,,,,
6295,8/21/2026 22:03,75.43,6.38,5.48,75.32,40738.4,41554.2,26.59,26510.21,,,,,
6296,8/21/2026 22:18,75.46,5.97,5.13,75.34,40611.2,41411,26.49,26427.43,,,,,
6297,8/21/2026 22:33,75.52,5.62,4.83,75.34,40685.9,41487.2,26.54,26476.01,,,,,
6298,8/21/2026 22:48,75.51,5.08,4.37,75.36,40643.2,41435.6,26.51,26448.22,,,,,
6299,8/21/2026 23:03,75.47,4.56,3.92,75.31,40642.7,41461.8,26.53,26447.91,,,,,
6300,8/21/2026 23:18,75.37,4.08,3.5,75.18,40559.7,41438.7,26.51,26393.88,,,,,
6301,8/21/2026 23:33,75.27,3.8,3.26,75.13,40502,41406.5,26.48,26356.35,,,,,
6302,8/21/2026 23:48,75.25,3.35,2.88,75.1,40620.4,41543.7,26.58,26433.41,,,,,
6303,8/22/2026 0:03,75.27,3.27,2.81,75.12,40777.5,41690.9,26.68,26535.67,,,,,
6304,8/22/2026 0:18,75.26,3.08,2.65,75.14,40759.3,41664.1,26.67,26523.78,,,,,
6305,8/22/2026 0:33,75.26,2.69,2.31,75.13,40678.2,41586.7,26.61,26471.05,,,,,
6306,8/22/2026 0:48,75.17,2.51,2.16,75.02,40649.5,41611.1,26.62,26452.32,,,,,
6307,8/22/2026 1:03,75.11,2.45,2.1,74.95,40674.3,41671.6,26.67,26468.5,,,,,
6308,8/22/2026 1:18,75.01,2.27,1.95,74.88,40756.9,41791.3,26.75,26522.23,,,,,
6309,8/22/2026 1:33,74.9,1.97,1.69,74.74,40584.9,41682.5,26.67,26410.34,,,,,
6310,8/22/2026 1:48,74.78,1.92,1.65,74.65,40568.7,41711.9,26.69,26399.76,,,,,
6311,8/22/2026 2:03,74.69,1.95,1.68,74.55,40489.1,41681.5,26.66,26348,,,,,
6312,8/22/2026 2:18,74.65,1.96,1.68,74.53,40530.6,41735,26.7,26374.95,,,,,
6313,8/22/2026 2:33,74.72,2.15,1.84,74.61,40556.4,41718.2,26.69,26391.79,,,,,
6314,8/22/2026 2:48,74.87,1.92,1.65,74.74,40632.8,41731.7,26.7,26441.49,,,,,
6315,8/22/2026 3:03,74.87,1.79,1.54,74.73,40632.8,41739.9,26.71,26441.49,,,,,
6316,8/22/2026 3:18,74.68,1.97,1.69,74.49,40502.1,41724.7,26.69,26356.44,,,,,
6317,8/22/2026 3:33,74.45,2.28,1.96,74.32,40368.8,41674.1,26.65,26269.67,,,,,
6318,8/22/2026 3:48,74.38,2.3,1.98,74.22,40324,41674,26.65,26240.55,,,,,
6319,8/22/2026 4:03,74.36,2.52,2.16,74.19,40317.8,41683.9,26.66,26236.5,,,,,
6320,8/22/2026 4:18,74.26,2.83,2.43,74.1,40248.8,41656.1,26.64,26191.63,,,,,
6321,8/22/2026 4:33,74.19,2.92,2.5,74.02,40246.4,41694.4,26.66,26190.07,,,,,
6322,8/22/2026 4:48,74.1,3.11,2.67,73.95,40132.7,41611.9,26.6,26116.02,,,,,
6323,8/22/2026 5:03,74.05,3.52,3.02,73.89,40217.8,41732.9,26.68,26171.41,,,,,
6324,8/22/2026 5:18,74.02,3.99,3.42,73.85,40168,41700.4,26.66,26139.02,,,,,
6325,8/22/2026 5:33,73.9,4.19,3.6,73.74,40090.6,41674.6,26.64,26088.67,,,,,
6326,8/22/2026 5:48,73.77,4.68,4.01,73.6,40096.7,41754.7,26.69,26092.62,,,,,
6327,8/22/2026 6:03,73.63,4.99,4.28,73.46,40171,41903.6,26.8,26140.95,,,,,
6328,8/22/2026 6:18,73.44,5.39,4.62,73.23,40290.9,42142.2,26.96,26219.02,,,,,
6329,8/22/2026 6:33,73.5,5.88,5.03,73.39,40447.8,42228.4,27.02,26321.11,,,,,
6330,8/22/2026 6:48,73.43,6.08,5.2,73.27,40526.1,42371.5,27.12,26372.06,,,,,
6331,8/22/2026 7:03,73.34,6.24,5.34,73.18,40444.3,42330.5,27.09,26318.83,,,,,
6332,8/22/2026 7:18,73.23,6.39,5.47,73.08,40447.2,42383.8,27.13,26320.73,,,,,
6333,8/22/2026 7:33,73.15,6.28,5.37,72.99,40539.5,42531,27.23,26380.75,,,,,
6334,8/22/2026 7:48,73.08,6.01,5.14,72.92,40523.4,42547.8,27.24,26370.27,,,,,
6335,8/22/2026 8:03,73.02,5.41,4.62,72.88,40405.8,42444,27.16,26293.78,,,,,
6336,8/22/2026 8:18,73.06,5.15,4.41,72.93,40439.5,42456.9,27.18,26315.69,,,,,
6337,8/22/2026 8:33,73.16,5.3,4.53,73.04,40638.5,42609.5,27.29,26445.19,,,,,
6338,8/22/2026 8:48,73.23,4.86,4.16,73.08,40365.7,42298.4,27.07,26267.7,,,,,
6339,8/22/2026 9:03,73.19,5.33,4.56,73.05,40372.1,42321.9,27.08,26271.85,,,,,
6340,8/22/2026 9:18,73.2,5.03,4.31,73.06,40383.7,42331.2,27.09,26279.38,,,,,
6341,8/22/2026 9:33,73.19,5.44,4.66,73.07,40113.1,42042,26.88,26103.27,,,,,
6342,8/22/2026 9:48,73.3,4.97,4.25,73.16,40192.3,42075,26.91,26154.82,,,,,
6343,8/22/2026 10:03,73.34,5.22,4.48,73.2,40113.5,41973.3,26.84,26103.58,,,,,
6344,8/22/2026 10:18,73.32,5,4.28,73.18,40135.5,42007.3,26.86,26117.9,,,,,
6345,8/22/2026 10:33,73.3,4.93,4.22,73.16,39877,41745,26.68,25949.67,,,,,
6346,8/22/2026 10:48,73.23,4.75,4.07,73.11,39704,41594,26.57,25837.06,,,,,
6347,8/22/2026 11:03,73.18,4.54,3.89,73.03,39707,41635.6,26.59,25839.01,,,,,
6348,8/22/2026 11:18,73.17,3.62,3.11,73.02,39793.3,41728.8,26.66,25895.16,,,,,
6349,8/22/2026 11:33,73.18,3.49,3,73.05,39701,41621,26.58,25835.1,,,,,
6350,8/22/2026 11:48,73.17,3.51,3.01,73.04,39890.1,41824.8,26.73,25958.18,,,,,
6351,8/22/2026 12:03,73.23,3.4,2.92,73.1,39740.9,41635.4,26.6,25861.07,,,,,
6352,8/22/2026 12:18,73.24,3.06,2.62,73.11,39946.4,41848,26.75,25994.81,,,,,
6353,8/22/2026 12:33,73.24,3.15,2.7,73.1,39971.4,41876.9,26.77,26011.06,,,,,
6354,8/22/2026 12:48,73.19,3.25,2.78,73.05,40064.9,42002.6,26.86,26071.96,,,,,
6355,8/22/2026 13:03,73.11,3.09,2.62,72.95,42033.4,44115.8,28.36,27352.93,,,,,
6356,8/22/2026 13:18,73.06,3,2.53,72.89,43384.3,45569.7,29.4,28231.99,,,,,
6357,8/22/2026 13:33,72.99,3,2.54,72.84,42772.8,44954.1,28.96,27834.08,,,,,
6358,8/22/2026 13:48,72.97,2.76,2.34,72.82,42593.3,44777.3,28.83,27717.28,,,,,
6359,8/22/2026 14:03,72.92,2.69,2.28,72.79,42658.9,44861.1,28.89,27759.94,,,,,
6360,8/22/2026 14:18,73.06,3.11,2.64,72.97,42459.7,44554.4,28.67,27630.34,,,,,
6361,8/22/2026 14:33,73.12,3.24,2.74,72.99,42528.1,44614.4,28.72,27674.85,,,,,
6362,8/22/2026 14:48,73.17,3.09,2.62,73.05,42506.5,44562.2,28.68,27660.77,,,,,
6363,8/22/2026 15:03,73.13,3.41,2.89,72.97,42407.3,44499.4,28.64,27596.21,,,,,
6364,8/22/2026 15:18,73.06,3.65,3.1,72.89,42359.4,44490.3,28.63,27565.07,,,,,
6365,8/22/2026 15:33,72.94,4.13,3.5,72.8,42251.9,44430.1,28.58,27495.07,,,,,
6366,8/22/2026 15:48,72.96,4.11,3.49,72.81,42265.6,44435.8,28.59,27504.02,,,,,
6367,8/22/2026 16:03,72.93,4.36,3.7,72.81,42206.6,44373.7,28.54,27465.6,,,,,
6368,8/22/2026 16:18,72.91,4.61,3.91,72.77,42161.4,44352.5,28.52,27436.17,,,,,
6369,8/22/2026 16:33,72.92,4.42,3.75,72.78,42068.3,44248.8,28.45,27375.62,,,,,
6370,8/22/2026 16:48,72.94,4.91,4.17,72.79,42040.5,44210.8,28.42,27357.5,,,,,
6371,8/22/2026 17:03,72.87,5.25,4.46,72.71,42032,44248.7,28.45,27352.01,,,,,
6372,8/22/2026 17:18,72.81,5.94,5.04,72.67,41994.6,44226.9,28.43,27327.68,,,,,
6373,8/22/2026 17:33,72.77,6.13,5.2,72.6,41870,44133.6,28.36,27246.57,,,,,
6374,8/22/2026 17:48,72.76,6.97,5.91,72.61,41984.2,44248.2,28.44,27320.9,,,,,
6375,8/22/2026 18:03,72.56,7.54,6.39,72.36,42251.4,44668.8,28.74,27494.76,,,,,
6376,8/22/2026 18:18,72.45,7.72,6.54,72.3,42136.3,44582.8,28.68,27419.89,,,,,
6377,8/22/2026 18:33,72.35,7.7,6.52,72.19,42109.5,44610.8,28.69,27402.46,,,,,
6378,8/22/2026 18:48,72.21,7.98,6.76,72.04,42047.6,44628.4,28.7,27362.18,,,,,
6379,8/22/2026 19:03,72.07,8.33,7.05,71.92,42086.9,44735.6,28.77,27387.7,,,,,
6380,8/22/2026 19:18,71.95,8.4,7.11,71.76,41933.9,44662.4,28.72,27288.14,,,,,
6381,8/22/2026 19:33,71.84,8.36,7.07,71.68,42077,44859.8,28.86,27381.26,,,,,
6382,8/22/2026 19:48,71.78,8.14,6.89,71.62,41913.9,44721.9,28.75,27275.15,,,,,
6383,8/22/2026 20:03,71.73,7.7,6.52,71.58,41773.2,44595.7,28.66,27183.61,,,,,
6384,8/22/2026 20:18,71.71,7.31,6.2,71.56,41576.6,44394.7,28.52,27055.68,,,,,
6385,8/22/2026 20:33,71.72,7.56,6.41,71.56,41457.4,44264.5,28.43,26978.1,,,,,
6386,8/22/2026 20:48,71.77,7.4,6.28,71.63,41467.6,44239.8,28.41,26984.71,,,,,
6387,8/22/2026 21:03,71.82,7.58,6.42,71.68,41449.7,44194.1,28.38,26973.08,,,,,
6388,8/22/2026 21:18,71.86,7.57,6.42,71.71,41495.5,44225.1,28.4,27002.85,,,,,
6389,8/22/2026 21:33,71.86,7.54,6.39,71.72,41396.7,44113.9,28.32,26938.6,,,,,
6390,8/22/2026 21:48,71.92,7.43,6.3,71.79,41316.7,43990.3,28.24,26886.5,,,,,
6391,8/22/2026 22:03,71.98,7.18,6.1,71.85,41407.6,44051.8,28.28,26945.65,,,,,
6392,8/22/2026 22:18,72.02,7.03,5.97,71.89,41337.5,43956.7,28.22,26900.09,,,,,
6393,8/22/2026 22:33,72.07,6.75,5.73,71.92,41240.4,43838.8,28.13,26836.88,,,,,
6394,8/22/2026 22:48,72.06,6.47,5.5,71.94,41203.9,43788.3,28.1,26813.15,,,,,
6395,8/22/2026 23:03,72.07,6.19,5.26,71.91,41150.6,43746.3,28.07,26778.44,,,,,
6396,8/22/2026 23:18,72.11,6.01,5.11,71.95,41131.6,43705.6,28.04,26766.06,,,,,
6397,8/22/2026 23:33,71.99,5.58,4.75,71.86,41001.5,43616.9,27.97,26681.41,,,,,
6398,8/22/2026 23:48,72.06,5.36,4.56,71.91,40921.6,43505.7,27.89,26629.42,,,,,
6399,8/23/2026 0:03,71.99,4.96,4.22,71.84,40791.1,43401.7,27.82,26544.48,,,,,
6400,8/23/2026 0:18,71.92,4.56,3.88,71.77,40846.8,43501.7,27.89,26580.74,,,,,
6401,8/23/2026 0:33,71.82,4.42,3.76,71.65,40729.7,43440.9,27.84,26504.55,,,,,
6402,8/23/2026 0:48,71.78,3.94,3.36,71.63,40570.8,43280.1,27.72,26401.14,,,,,
6403,8/23/2026 1:03,71.78,3.75,3.19,71.64,40648.2,43359.7,27.78,26451.48,,,,,
6404,8/23/2026 1:18,71.79,3.71,3.15,71.64,40625.6,43335.6,27.76,26436.77,,,,,
6405,8/23/2026 1:33,71.76,3.45,2.94,71.6,40548.1,43276.2,27.72,26386.39,,,,,
6406,8/23/2026 1:48,71.7,3.36,2.86,71.54,40557.6,43315.4,27.75,26392.57,,,,,
6407,8/23/2026 2:03,71.64,3.31,2.82,71.48,40552.1,43344.4,27.77,26388.99,,,,,
6408,8/23/2026 2:18,71.57,3.18,2.71,71.41,40500.6,43324.1,27.75,26355.46,,,,,
6409,8/23/2026 2:33,71.5,2.86,2.43,71.34,40481.1,43341.1,27.76,26342.76,,,,,
6410,8/23/2026 2:48,71.43,2.63,2.24,71.26,40429.6,43329.6,27.75,26309.27,,,,,
6411,8/23/2026 3:03,71.38,2.62,2.23,71.23,40366,43278.9,27.71,26267.85,,,,,
6412,8/23/2026 3:18,71.35,2.81,2.4,71.19,40289.7,43217.4,27.67,26218.22,,,,,
6413,8/23/2026 3:33,71.33,2.84,2.42,71.18,40261.4,43192.9,27.65,26199.82,,,,,
6414,8/23/2026 3:48,71.36,2.86,2.43,71.22,40248.8,43159,27.63,26191.58,,,,,
6415,8/23/2026 4:03,71.38,2.7,2.3,71.24,40141.5,43032.4,27.54,26121.79,,,,,
6416,8/23/2026 4:18,71.32,2.61,2.22,71.15,40091.7,43028.2,27.53,26089.34,,,,,
6417,8/23/2026 4:33,71.19,3.05,2.6,71,39979.9,42989.3,27.5,26016.62,,,,,
6418,8/23/2026 4:48,71.16,3.34,2.85,71.02,39938.8,42936.3,27.46,25989.85,,,,,
6419,8/23/2026 5:03,71.13,3.36,2.86,70.98,39904.8,42917.2,27.45,25967.73,,,,,
6420,8/23/2026 5:18,71.11,3.6,3.07,70.98,40029.1,43050.9,27.54,26048.65,,,,,
6421,8/23/2026 5:33,71.16,3.82,3.25,71.03,40095.3,43095.9,27.58,26091.69,,,,,
6422,8/23/2026 5:48,71.15,3.9,3.32,71.04,40054.8,43049.4,27.54,26065.34,,,,,
6423,8/23/2026 6:03,71.14,4.02,3.42,71.03,40187.4,43197.8,27.65,26151.65,,,,,
6424,8/23/2026 6:18,71.26,4.53,3.85,71.12,40507.9,43489.6,27.86,26360.23,,,,,
6425,8/23/2026 6:33,71.27,4.76,4.05,71.16,40319.9,43270.2,27.7,26237.86,,,,,
6426,8/23/2026 6:48,71.27,4.81,4.1,71.11,40231.2,43201.2,27.65,26180.14,,,,,
6427,8/23/2026 7:03,71.21,5.3,4.51,71.02,40149.6,43160.1,27.62,26127.07,,,,,
6428,8/23/2026 7:18,71.28,5.91,5.03,71.12,40377.6,43349.7,27.76,26275.44,,,,,
6429,8/23/2026 7:33,71.24,6.25,5.32,71.09,40530.4,43534.2,27.89,26374.85,,,,,
6430,8/23/2026 7:48,71.17,6.38,5.42,71.01,40514.8,43558.6,27.9,26364.7,,,,,
6431,8/23/2026 8:03,71.07,6.62,5.63,70.88,40517.4,43631.9,27.95,26366.4,,,,,
6432,8/23/2026 8:18,70.96,6.66,5.66,70.8,40499.1,43659.3,27.97,26354.46,,,,,
6433,8/23/2026 8:33,70.88,6.61,5.62,70.72,40346.2,43535.7,27.88,26254.97,,,,,
6434,8/23/2026 8:48,70.85,6.47,5.5,70.7,40269.5,43464.7,27.83,26205.06,,,,,
6435,8/23/2026 9:03,70.82,6.37,5.4,70.68,40918.6,44177.3,28.33,26627.44,,,,,
6436,8/23/2026 9:18,70.86,5.97,5.06,70.72,40979.6,44219.2,28.37,26667.18,,,,,
6437,8/23/2026 9:33,70.91,5.78,4.9,70.78,40970.1,44173,28.34,26660.95,,,,,
6438,8/23/2026 9:48,71.04,5.93,5.03,70.89,40841,43977.4,28.2,26576.96,,,,,
6439,8/23/2026 10:03,71.11,6.2,5.27,70.95,40627.7,43712.3,28.01,26438.14,,,,,
6440,8/23/2026 10:18,71.13,6,5.1,70.98,40582.7,43649.1,27.97,26408.85,,,,,
6441,8/23/2026 10:33,71.18,6,5.1,71.06,40499.8,43516,27.88,26354.94,,,,,
6442,8/23/2026 10:48,71.24,5.83,4.96,71.12,40506.4,43487.9,27.86,26359.22,,,,,
6443,8/23/2026 11:03,71.31,5.75,4.9,71.18,40401.1,43345.7,27.76,26290.72,,,,,
6444,8/23/2026 11:18,71.35,5.63,4.79,71.23,40394.2,43312,27.74,26286.19,,,,,
6445,8/23/2026 11:33,71.41,5.4,4.6,71.26,40391.4,43288.7,27.72,26284.39,,,,,
6446,8/23/2026 11:48,71.44,5.17,4.41,71.3,40071.3,42928.3,27.46,26076.08,,,,,
6447,8/23/2026 12:03,71.47,4.88,4.16,71.32,40166.2,43015.5,27.53,26137.82,,,,,
6448,8/23/2026 12:18,71.5,4.7,4.01,71.37,40128.1,42948.7,27.48,26113.02,,,,,
6449,8/23/2026 12:33,71.53,4.5,3.83,71.37,40108.9,42928.2,27.47,26100.57,,,,,
6450,8/23/2026 12:48,71.51,4.32,3.68,71.38,40181.1,43002.6,27.52,26147.54,,,,,
6451,8/23/2026 13:03,71.48,3.96,3.37,71.33,40462.6,43327.1,27.75,26330.74,,,,,
6452,8/23/2026 13:18,71.43,3.86,3.27,71.29,41061.4,43991.9,28.22,26720.36,,,,,
6453,8/23/2026 13:33,71.41,3.7,3.14,71.28,41067.4,44004.3,28.23,26724.3,,,,,
6454,8/23/2026 13:48,71.41,3.35,2.85,71.25,41024.6,43976.1,28.21,26696.41,,,,,
6455,8/23/2026 14:03,71.33,3.56,3.02,71.18,40990,43974.5,28.21,26673.91,,,,,
6456,8/23/2026 14:18,71.29,3.52,2.99,71.14,40890.8,43891.7,28.15,26609.37,,,,,
6457,8/23/2026 14:33,71.29,3.55,3.01,71.15,40854.5,43846.9,28.11,26585.74,,,,,
6458,8/23/2026 14:48,71.33,3.31,2.81,71.19,40919.8,43893.3,28.15,26628.25,,,,,
6459,8/23/2026 15:03,71.48,3.23,2.75,71.31,40727.5,43625.4,27.96,26503.1,,,,,
6460,8/23/2026 15:18,71.42,3.11,2.65,71.29,40511.9,43403.2,27.8,26362.81,,,,,
6461,8/23/2026 15:33,71.55,3.28,2.79,71.38,40605.4,43456.6,27.84,26423.65,,,,,
6462,8/23/2026 15:48,71.47,3.2,2.72,71.28,40522,43419.9,27.81,26369.38,,,,,
6463,8/23/2026 16:03,71.52,3.22,2.74,71.35,40479.2,43336.2,27.76,26341.54,,,,,
6464,8/23/2026 16:18,71.49,3.3,2.81,71.39,40512.1,43348,27.77,26362.91,,,,,
6465,8/23/2026 16:33,71.86,3.59,3.06,71.84,40659.6,43264.8,27.72,26458.95,,,,,
6466,8/23/2026 16:48,71.83,3.83,3.26,71.69,40473.3,43144.3,27.63,26337.66,,,,,
6467,8/23/2026 17:03,71.89,4.02,3.42,71.76,40560.9,43200.1,27.67,26394.7,,,,,
6468,8/23/2026 17:18,71.98,4.19,3.57,71.88,40664,43246.3,27.71,26461.8,,,,,
6469,8/23/2026 17:33,72.02,4.33,3.69,71.88,40555.7,43131.1,27.63,26391.28,,,,,
6470,8/23/2026 17:48,71.92,4.71,4.01,71.8,40560,43181.8,27.66,26394.08,,,,,
6471,8/23/2026 18:03,71.98,5.09,4.33,71.86,40749.9,43349.2,27.78,26517.66,,,,,
6472,8/23/2026 18:18,72.1,5.87,5,71.98,40523.5,43045.2,27.57,26370.37,,,,,
6473,8/23/2026 18:33,72.15,6.26,5.34,72.01,40417.4,42915.2,27.48,26301.33,,,,,
6474,8/23/2026 18:48,71.96,7.18,6.11,71.76,40555.5,43197.3,27.67,26391.19,,,,,
6475,8/23/2026 19:03,71.74,7.48,6.37,71.56,40473.6,43216.9,27.68,26337.86,,,,,
6476,8/23/2026 19:18,71.57,7.49,6.36,71.39,40756.4,43609.5,27.95,26521.89,,,,,
6477,8/23/2026 19:33,71.51,8.04,6.84,71.37,40649.8,43510,27.88,26452.53,,,,,
6478,8/23/2026 19:48,71.49,8.18,6.96,71.33,40718.9,43601.6,27.94,26497.54,,,,,
6479,8/23/2026 20:03,71.43,8.28,7.01,71.27,41754.6,44743.6,28.76,27171.45,,,,,
6480,8/23/2026 20:18,71.38,8.21,6.95,71.21,41494.8,44498.2,28.58,27002.44,,,,,
6481,8/23/2026 20:33,71.3,8.25,6.99,71.15,41368.8,44398.9,28.51,26920.45,,,,,
6482,8/23/2026 20:48,71.25,8.15,6.9,71.09,41457.2,44526.7,28.6,26977.94,,,,,
6483,8/23/2026 21:03,71.2,8.23,6.97,71.04,41414.2,44507.5,28.58,26949.99,,,,,
6484,8/23/2026 21:18,71.19,7.9,6.69,71.03,41434.4,44538.2,28.6,26963.09,,,,,
6485,8/23/2026 21:33,71.15,7.55,6.4,71.01,41382.4,44491.3,28.57,26929.25,,,,,
6486,8/23/2026 21:48,71.3,7.69,6.51,71.16,41388.5,44414,28.52,26933.22,,,,,
6487,8/23/2026 22:03,71.29,7.75,6.57,71.14,41284.7,44314.5,28.45,26865.69,,,,,
6488,8/23/2026 22:18,71.31,7.7,6.53,71.17,41228.4,44239.2,28.39,26829.03,,,,,
6489,8/23/2026 22:33,71.35,7.44,6.31,71.21,41083.9,44057.6,28.27,26735.06,,,,,
6490,8/23/2026 22:48,71.4,7.18,6.09,71.27,41033.8,43971.2,28.21,26702.41,,,,,
6491,8/23/2026 23:03,71.46,6.78,5.76,71.34,40641.4,43512.7,27.88,26447.07,,,,,
6492,8/23/2026 23:18,71.57,6.42,5.47,71.44,40586.4,43404.2,27.81,26411.26,,,,,
6493,8/23/2026 23:33,71.64,6.18,5.27,71.51,40426.3,43192.4,27.66,26307.08,,,,,
6494,8/23/2026 23:48,71.72,5.84,4.97,71.58,40422.8,43154,27.63,26304.81,,,,,
6495,8/24/2026 0:03,71.76,5.52,4.7,71.61,40699.5,43429,27.83,26484.88,,,,,
6496,8/24/2026 0:18,71.78,5.27,4.48,71.62,40699.3,43423,27.83,26484.77,,,,,
6497,8/24/2026 0:33,71.77,4.93,4.2,71.62,40657.6,43378.5,27.79,26457.59,,,,,
6498,8/24/2026 0:48,71.72,4.51,3.84,71.56,40547.9,43293.3,27.73,26386.22,,,,,
6499,8/24/2026 1:03,71.65,4.05,3.44,71.49,40722,43520.1,27.89,26499.54,,,,,
6500,8/24/2026 1:18,71.61,3.65,3.1,71.46,40860.5,43685.7,28.01,26589.68,,,,,
6501,8/24/2026 1:33,71.59,3.38,2.87,71.44,41173.4,44029,28.25,26793.27,,,,,
6502,8/24/2026 1:48,71.61,3.4,2.89,71.46,40744.4,43561.6,27.92,26514.1,,,,,
6503,8/24/2026 2:03,71.61,3.22,2.74,71.44,40731.1,43556,27.92,26505.43,,,,,
6504,8/24/2026 2:18,71.57,2.91,2.47,71.43,40960.7,43807.5,28.09,26654.85,,,,,
6505,8/24/2026 2:33,71.54,2.57,2.18,71.39,40692.2,43540.8,27.9,26480.11,,,,,
6506,8/24/2026 2:48,71.5,2.59,2.2,71.37,41066.5,43956,28.2,26723.7,,,,,
6507,8/24/2026 3:03,71.47,2.38,2.02,71.31,41020.7,43936.5,28.18,26693.88,,,,,
6508,8/24/2026 3:18,71.42,2.25,1.91,71.26,40707.9,43627.8,27.96,26490.33,,,,,
6509,8/24/2026 3:33,71.37,2.06,1.74,71.21,41030.1,44002.7,28.23,26699.99,,,,,
6510,8/24/2026 3:48,71.31,1.85,1.57,71.16,41087.1,44093.6,28.29,26737.11,,,,,
6511,8/24/2026 4:03,71.27,1.8,1.52,71.11,41005,44029.2,28.24,26683.7,,,,,
6512,8/24/2026 4:18,71.22,1.88,1.6,71.06,40961.4,44009.1,28.23,26655.35,,,,,
6513,8/24/2026 4:33,71.22,1.93,1.64,71.08,40866.4,43898.1,28.15,26593.49,,,,,
6514,8/24/2026 4:48,71.26,2.09,1.78,71.13,40935.5,43945.6,28.18,26638.46,,,,,
6515,8/24/2026 5:03,71.27,2.08,1.76,71.11,40997.6,44021.2,28.24,26678.87,,,,,
6516,8/24/2026 5:18,71.23,2.14,1.81,71.06,40951.9,44001.8,28.22,26649.12,,,,,
6517,8/24/2026 5:33,71.19,2.52,2.14,71.04,41087.5,44159.4,28.33,26737.37,,,,,
6518,8/24/2026 5:48,71.14,2.48,2.11,70.97,40995.2,44098.8,28.29,26677.33,,,,,
6519,8/24/2026 6:03,71.09,2.72,2.31,70.95,40962.4,44072.5,28.27,26655.97,,,,,
6520,8/24/2026 6:18,71.08,2.89,2.45,70.95,40954.8,44067.3,28.27,26651.03,,,,,
6521,8/24/2026 6:33,71.1,3.04,2.58,70.95,41137.8,44264.2,28.41,26770.12,,,,,
6522,8/24/2026 6:48,71.1,3.06,2.59,70.94,41048.3,44173.8,28.34,26711.85,,,,,
6523,8/24/2026 7:03,71.2,3.48,2.95,71.06,41071.6,44127.4,28.31,26727.04,,,,,
6524,8/24/2026 7:18,71.33,3.83,3.25,71.19,41138.2,44130.6,28.32,26770.39,,,,,
6525,8/24/2026 7:33,71.35,3.95,3.35,71.18,41167.5,44165,28.34,26789.45,,,,,
6526,8/24/2026 7:48,71.26,5.15,4.36,71.11,41201.5,44243.1,28.4,26811.55,,,,,
6527,8/24/2026 8:03,71.2,5.57,4.72,71.05,41259,44334.8,28.46,26849.01,,,,,
6528,8/24/2026 8:18,71.19,5.95,5.04,71.04,41408.5,44504.4,28.58,26946.28,,,,,
6529,8/24/2026 8:33,71.14,6.42,5.43,70.98,41443.1,44571.6,28.63,26968.81,,,,,
6530,8/24/2026 8:48,71.09,6.71,5.68,70.94,41419.9,44570.6,28.62,26953.66,,,,,
6531,8/24/2026 9:03,71.06,6.99,5.91,70.89,41483.2,44665.9,28.69,26994.87,,,,,
6532,8/24/2026 9:18,70.98,7.01,5.92,70.82,41631.1,44867.6,28.83,27091.15,,,,,
6533,8/24/2026 9:33,70.93,6.88,5.83,70.78,41264.9,44490.9,28.56,26852.83,,,,,
6534,8/24/2026 9:48,70.93,6.84,5.79,70.78,41301.7,44533.7,28.59,26876.79,,,,,
6535,8/24/2026 10:03,70.94,6.29,5.33,70.79,41276.2,44500.1,28.57,26860.16,,,,,
6536,8/24/2026 10:18,70.95,6.4,5.42,70.82,41249.5,44456.3,28.54,26842.8,,,,,
6537,8/24/2026 10:33,71.01,6.07,5.14,70.88,41295.5,44472.8,28.55,26872.73,,,,,
6538,8/24/2026 10:48,71.12,6.4,5.42,71,41318.4,44428.5,28.52,26887.65,,,,,
6539,8/24/2026 11:03,71.33,6.3,5.34,71.17,41352.2,44372,28.49,26909.6,,,,,
6540,8/24/2026 11:18,71.54,6.22,5.28,71.37,41328.1,44236,28.4,26893.94,,,,,
6541,8/24/2026 11:33,72.21,6.27,5.33,72.1,41474.6,43990.8,28.25,26989.29,,,,,
6542,8/24/2026 11:48,72.77,6.27,5.33,72.7,41538,43734.4,28.08,27030.51,,,,,
6543,8/24/2026 12:03,72.63,5.93,5.04,72.32,41379.2,43767.1,28.09,26927.16,,,,,
6544,8/24/2026 12:18,73.1,5.97,5.07,72.99,41577.4,43617,28,27056.15,,,,,
6545,8/24/2026 12:33,73.15,5.85,4.97,73.04,41646.4,43663.4,28.04,27101.04,,,,,
6546,8/24/2026 12:48,73.44,5.9,5.02,73.36,41919.2,43778.9,28.13,27278.59,,,,,
6547,8/24/2026 13:03,73.57,5.68,4.83,73.46,41849,43651.1,28.04,27232.92,,,,,
6548,8/24/2026 13:18,73.78,5.54,4.71,73.65,41814.3,43514.8,27.95,27210.32,,,,,
6549,8/24/2026 13:33,73.77,5.48,4.66,73.63,41907.2,43622.9,28.03,27270.77,,,,,
6550,8/24/2026 13:48,73.91,5.28,4.48,73.8,42554.1,44203.5,28.45,27691.75,,,,,
6551,8/24/2026 14:03,74.11,5.16,4.38,74.02,42605.3,44138.1,28.41,27725.04,,,,,
6552,8/24/2026 14:18,74.26,4.78,4.06,74.14,42601.7,44071,28.36,27722.72,,,,,
6553,8/24/2026 14:33,74.29,4.5,3.83,74.16,42603.9,44061.9,28.35,27724.17,,,,,
6554,8/24/2026 14:48,74.44,4.28,3.64,74.32,42718.8,44100.1,28.39,27798.9,,,,,
6555,8/24/2026 15:03,74.53,4.18,3.56,74.45,42692.6,44001.4,28.32,27781.9,,,,,
6556,8/24/2026 15:18,74.7,3.98,3.38,74.56,42763,44013.8,28.33,27827.7,,,,,
6557,8/24/2026 15:33,74.82,3.96,3.37,74.68,42779.9,43971.1,28.3,27838.71,,,,,
6558,8/24/2026 15:48,74.8,3.57,3.04,74.69,42870,44058,28.36,27897.33,,,,,
6559,8/24/2026 16:03,74.95,3.97,3.38,74.84,43020,44131.9,28.42,27994.9,,,,,
6560,8/24/2026 16:18,74.99,3.61,3.07,74.85,42929.6,44036.4,28.35,27936.14,,,,,
6561,8/24/2026 16:33,74.96,3.66,3.11,74.83,42894.2,44008.6,28.33,27913.08,,,,,
6562,8/24/2026 16:48,74.84,3.66,3.11,74.66,42909,44115.3,28.41,27922.72,,,,,
6563,8/24/2026 17:03,74.91,3.82,3.25,74.79,43005.1,44145.3,28.43,27985.26,,,,,
6564,8/24/2026 17:18,75,3.87,3.29,74.89,43080.8,44168.6,28.45,28034.52,,,,,
6565,8/24/2026 17:33,74.93,4.06,3.45,74.81,42924.6,44048.3,28.36,27932.85,,,,,
6566,8/24/2026 17:48,74.85,4.18,3.55,74.73,42795.7,43961.7,28.3,27848.99,,,,,
6567,8/24/2026 18:03,74.73,4.71,4.01,74.56,42443,43684.4,28.09,27619.43,,,,,
6568,8/24/2026 18:18,74.63,4.89,4.16,74.47,42361.6,43648.9,28.07,27566.5,,,,,
6569,8/24/2026 18:33,74.55,5.17,4.4,74.39,42331.1,43662.9,28.07,27546.65,,,,,
6570,8/24/2026 18:48,74.46,5.63,4.79,74.3,42332.7,43707.2,28.1,27547.66,,,,,
6571,8/24/2026 19:03,74.37,6.37,5.41,74.24,42517.8,43932.7,28.26,27668.16,,,,,
6572,8/24/2026 19:18,74.19,7.13,6.06,73.99,42470.7,44015.9,28.32,27637.47,,,,,
6573,8/24/2026 19:33,73.83,7.59,6.45,73.62,42446.2,44189.8,28.43,27621.52,,,,,
6574,8/24/2026 19:48,73.51,7.97,6.77,73.31,42214.6,44113.5,28.37,27470.8,,,,,
6575,8/24/2026 20:03,73.23,8.24,6.99,73.04,42409.7,44466.7,28.61,27597.82,,,,,
6576,8/24/2026 20:18,73.01,8.47,7.17,72.84,42478.7,44645.1,28.74,27642.71,,,,,
6577,8/24/2026 20:33,72.89,8.33,7.05,72.73,42610.7,44846,28.88,27728.6,,,,,
6578,8/24/2026 20:48,72.82,8.72,7.38,72.67,42716.3,44987,28.98,27797.33,,,,,
6579,8/24/2026 21:03,72.74,8.75,7.39,72.59,42875.4,45199.4,29.13,27900.85,,,,,
6580,8/24/2026 21:18,72.64,8.84,7.47,72.48,42852.7,45238.4,29.15,27886.05,,,,,
6581,8/24/2026 21:33,72.56,8.83,7.45,72.43,43051.8,45478.8,29.32,28015.63,,,,,
6582,8/24/2026 21:48,72.52,8.77,7.4,72.37,42972.5,45425.2,29.28,27964.03,,,,,
6583,8/24/2026 22:03,72.48,8.58,7.24,72.34,43082.9,45560,29.38,28035.85,,,,,
6584,8/24/2026 22:18,72.47,8.33,7.03,72.33,42958.4,45434.4,29.29,27954.82,,,,,
6585,8/24/2026 22:33,72.6,8.22,6.93,72.47,43199.2,45607.3,29.42,28111.57,,,,,
6586,8/24/2026 22:48,72.58,8.39,7.08,72.43,42889.9,45304.7,29.2,27910.25,,,,,
6587,8/24/2026 23:03,72.63,8.26,6.98,72.49,42908.3,45291.1,29.19,27922.26,,,,,
6588,8/24/2026 23:18,72.66,7.95,6.72,72.53,42764.9,45118.8,29.07,27828.9,,,,,
6589,8/24/2026 23:33,72.73,7.8,6.59,72.6,42693.3,45001.4,28.98,27782.32,,,,,
6590,8/24/2026 23:48,72.81,7.58,6.41,72.7,42964.8,45236.6,29.16,27959,,,,,
6591,8/25/2026 0:03,72.89,7.27,6.15,72.77,42752,44973.9,28.97,27820.52,,,,,
6592,8/25/2026 0:18,73,6.98,5.91,72.88,42566.4,44713.6,28.79,27699.77,,,,,
6593,8/25/2026 0:33,73.11,6.62,5.61,72.98,42621.8,44721.5,28.79,27735.83,,,,,
6594,8/25/2026 0:48,73.21,6.28,5.32,73.09,42710.8,44752.8,28.82,27793.73,,,,,
6595,8/25/2026 1:03,73.25,5.93,5.03,73.11,42558.1,44581,28.7,27694.34,,,,,
6596,8/25/2026 1:18,73.31,5.62,4.76,73.19,42621.8,44606.6,28.72,27735.83,,,,,
6597,8/25/2026 1:33,73.36,5.29,4.48,73.21,42534.5,44500.5,28.64,27678.97,,,,,
6598,8/25/2026 1:48,73.34,4.92,4.17,73.19,42511.3,44488,28.63,27663.87,,,,,
6599,8/25/2026 2:03,73.23,4.64,3.93,73.04,42301.8,44350.6,28.53,27527.56,,,,,
6600,8/25/2026 2:18,73.16,4.37,3.7,73,42361.6,44433.7,28.59,27566.46,,,,,
6601,8/25/2026 2:33,73.11,4.08,3.46,72.95,42223.6,44315.4,28.5,27476.67,,,,,
6602,8/25/2026 2:48,73.1,3.81,3.23,72.96,42254.8,44342.3,28.52,27496.98,,,,,
6603,8/25/2026 3:03,73.06,3.39,2.87,72.92,42293.1,44405.9,28.57,27521.9,,,,,
6604,8/25/2026 3:18,73.03,3.13,2.65,72.88,42285.8,44418.8,28.57,27517.13,,,,,
6605,8/25/2026 3:33,72.95,2.78,2.36,72.79,42111.3,44285.2,28.48,27403.59,,,,,
6606,8/25/2026 3:48,72.83,2.6,2.21,72.67,42067.5,44303.7,28.49,27375.11,,,,,
6607,8/25/2026 4:03,72.72,2.43,2.06,72.58,42043.2,44328,28.5,27359.29,,,,,
6608,8/25/2026 4:18,72.57,2.33,1.97,72.4,41974.7,44355.7,28.52,27314.73,,,,,
6609,8/25/2026 4:33,72.4,2.18,1.85,72.22,42093.9,44582.3,28.67,27392.27,,,,,
6610,8/25/2026 4:48,72.26,2.07,1.75,72.08,41730.1,44273.6,28.45,27155.54,,,,,
6611,8/25/2026 5:03,72.12,1.99,1.69,71.98,41649.6,44241.3,28.42,27103.16,,,,,
6612,8/25/2026 5:18,72.03,1.91,1.62,71.86,41602.6,44256.3,28.43,27072.59,,,,,
6613,8/25/2026 5:33,72.08,2.07,1.75,71.95,41577.8,44179.8,28.38,27056.45,,,,,
6614,8/25/2026 5:48,72.11,1.97,1.67,71.99,41621.8,44202.9,28.39,27085.08,,,,,
6615,8/25/2026 6:03,72.03,2.16,1.83,71.84,41578.8,44239.9,28.42,27057.09,,,,,
6616,8/25/2026 6:18,71.89,2.41,2.05,71.76,41575.6,44280.9,28.44,27055.03,,,,,
6617,8/25/2026 6:33,71.93,2.48,2.1,71.73,41536.6,44259.9,28.43,27029.59,,,,,
6618,8/25/2026 6:48,71.87,2.83,2.4,71.74,41537.3,44251.9,28.42,27030.06,,,,,
6619,8/25/2026 7:03,71.9,3.02,2.56,71.74,41463.1,44172.9,28.37,26981.82,,,,,
6620,8/25/2026 7:18,71.92,3.16,2.68,71.76,41378.7,44071.1,28.29,26926.86,,,,,
6621,8/25/2026 7:33,71.87,3.45,2.93,71.72,41440.6,44160.7,28.36,26967.16,,,,,
6622,8/25/2026 7:48,71.87,3.83,3.25,71.75,41325,44022.8,28.26,26891.93,,,,,
6623,8/25/2026 8:03,71.86,4.2,3.56,71.7,41262.5,43979.7,28.23,26851.26,,,,,
6624,8/25/2026 8:18,71.83,4.59,3.9,71.68,41369.3,44108.3,28.32,26920.73,,,,,
6625,8/25/2026 8:33,71.8,5.23,4.44,71.66,41027.7,43752.8,28.06,26698.43,,,,,
6626,8/25/2026 8:48,71.86,5.75,4.88,71.72,41296.3,44009.8,28.25,26873.25,,,,,
6627,8/25/2026 9:03,71.88,6.12,5.19,71.75,41340.5,44039.3,28.27,26902,,,,,
6628,8/25/2026 9:18,71.92,6.48,5.5,71.79,41464,44147.2,28.35,26982.36,,,,,
6629,8/25/2026 9:33,71.94,6.36,5.39,71.79,41670.3,44369.8,28.51,27116.63,,,,,
6630,8/25/2026 9:48,71.86,6.5,5.51,71.7,41662.4,44406,28.53,27111.52,,,,,
6631,8/25/2026 10:03,71.78,7.33,6.21,71.6,41673.2,44474,28.58,27118.52,,,,,
6632,8/25/2026 10:18,71.68,7.33,6.22,71.52,41543.3,44379.9,28.51,27033.98,,,,,
6633,8/25/2026 10:33,71.61,7.38,6.25,71.46,41596.1,44472.2,28.57,27068.36,,,,,
6634,8/25/2026 10:48,71.61,7.03,5.95,71.45,41765,44658.7,28.7,27178.26,,,,,
6635,8/25/2026 11:03,71.6,6.82,5.77,71.47,41816.4,44701.7,28.74,27211.7,,,,,
6636,8/25/2026 11:18,71.72,6.28,5.31,71.56,42097.9,44951.3,28.92,27394.89,,,,,
6637,8/25/2026 11:33,72.09,6.6,5.58,71.83,42276.9,44991.7,28.95,27511.37,,,,,
6638,8/25/2026 11:48,72.23,6.68,5.65,72.12,42321.8,44877.4,28.88,27540.57,,,,,
6639,8/25/2026 12:03,73.13,6.69,5.67,73.04,42390.2,44443.2,28.6,27585.09,,,,,
6640,8/25/2026 12:18,73.25,6.48,5.49,73.13,42340.1,44344,28.53,27552.52,,,,,
6641,8/25/2026 12:33,73.32,6.37,5.4,73.23,42453,44406.5,28.58,27625.93,,,,,
6642,8/25/2026 12:48,73.56,6.31,5.35,73.48,42498.1,44316.5,28.52,27655.32,,,,,
6643,8/25/2026 13:03,73.69,6.28,5.33,73.55,42497.1,44280.6,28.49,27654.68,,,,,
6644,8/25/2026 13:18,73.78,6.11,5.18,73.62,42624.7,44372.7,28.56,27737.67,,,,,
6645,8/25/2026 13:33,73.83,5.9,5.01,73.72,42539.1,44234.3,28.47,27682.01,,,,,
6646,8/25/2026 13:48,74,5.62,4.77,73.9,42545.3,44139.4,28.4,27685.99,,,,,
6647,8/25/2026 14:03,74.11,5.41,4.59,73.99,42633,44187.1,28.44,27743.11,,,,,
6648,8/25/2026 14:18,74.29,5.57,4.73,74.17,42814.5,44276.7,28.51,27861.2,,,,,
6649,8/25/2026 14:33,74.39,5.24,4.44,74.26,43024.2,44447.2,28.63,27997.69,,,,,
6650,8/25/2026 14:48,74.38,4.99,4.23,74.2,43038.4,44493.8,28.66,28006.9,,,,,
6651,8/25/2026 15:03,74.23,4.73,4.01,74.09,42879,44386.9,28.59,27903.21,,,,,
6652,8/25/2026 15:18,74.25,4.83,4.1,74.14,42858.1,44339.2,28.55,27889.59,,,,,
6653,8/25/2026 15:33,74.36,4.4,3.73,74.23,42879,44311.7,28.54,27903.21,,,,,
6654,8/25/2026 15:48,74.48,4.06,3.45,74.34,42906.5,44282.3,28.52,27921.06,,,,,
6655,8/25/2026 16:03,74.51,3.9,3.31,74.37,42933.9,44293.3,28.53,27938.92,,,,,
6656,8/25/2026 16:18,74.55,3.5,2.97,74.41,42922.7,44261.6,28.5,27931.64,,,,,
6657,8/25/2026 16:33,74.68,3.69,3.13,74.56,42983.1,44240.3,28.49,27970.94,,,,,
6658,8/25/2026 16:48,74.79,3.57,3.03,74.64,43022.6,44240.7,28.49,27996.65,,,,,
6659,8/25/2026 17:03,74.87,3.2,2.72,74.78,43134.3,44280.7,28.53,28069.3,,,,,
6660,8/25/2026 17:18,75.03,3.59,3.05,74.89,43137.2,44226.3,28.49,28071.17,,,,,
6661,8/25/2026 17:33,74.72,3.57,3.03,74.55,43146,44413.7,28.62,28076.92,,,,,
6662,8/25/2026 17:48,74.68,3.59,3.05,74.54,42723.1,43984.1,28.31,27801.71,,,,,
6663,8/25/2026 18:03,74.78,3.6,3.07,74.65,42582.5,43785.3,28.17,27710.26,,,,,
6664,8/25/2026 18:18,74.76,3.92,3.35,74.58,41705.4,42919.6,27.55,27139.46,,,,,
6665,8/25/2026 18:33,74.61,4.1,3.5,74.46,41599.7,42869.3,27.51,27070.67,,,,,
6666,8/25/2026 18:48,74.46,4.35,3.71,74.33,41328.6,42659.4,27.36,26894.29,,,,,
6667,8/25/2026 19:03,74.33,4.53,3.87,74.18,41142.5,42542.2,27.27,26773.19,,,,,
6668,8/25/2026 19:18,74.25,4.85,4.15,74.1,41045.9,42481,27.22,26710.33,,,,,
6669,8/25/2026 19:33,74.16,5.18,4.43,74,40907.5,42393.2,27.16,26620.26,,,,,
6670,8/25/2026 19:48,74.06,5.39,4.6,73.9,41647.3,43207.8,27.74,27101.69,,,,,
6671,8/25/2026 20:03,73.93,6.39,5.45,73.75,41642.3,43284.7,27.79,27098.39,,,,,
6672,8/25/2026 20:18,73.69,6.94,5.91,73.5,41627,43399.5,27.86,27088.43,,,,,
6673,8/25/2026 20:33,73.48,6.9,5.87,73.32,41595.3,43460.7,27.9,27067.84,,,,,
6674,8/25/2026 20:48,73.31,7.33,6.23,73.15,42035.8,44013.7,28.29,27354.5,,,,,
6675,8/25/2026 21:03,73.2,7.89,6.71,73.05,41818.8,43841.3,28.17,27213.24,,,,,
6676,8/25/2026 21:18,73.14,8.14,6.92,73,41986.7,44043.4,28.31,27322.51,,,,,
6677,8/25/2026 21:33,73.12,8.23,6.99,72.97,41982.1,44053.2,28.32,27319.52,,,,,
6678,8/25/2026 21:48,73.05,8.37,7.11,72.91,41877.4,43978.1,28.26,27251.37,,,,,
6679,8/25/2026 22:03,73.01,8.35,7.09,72.85,41966.7,44104,28.35,27309.51,,,,,
6680,8/25/2026 22:18,72.93,8.38,7.11,72.77,41933.2,44109.6,28.35,27287.7,,,,,
6681,8/25/2026 22:33,72.85,8.36,7.09,72.68,41978.2,44203.8,28.42,27317.01,,,,,
6682,8/25/2026 22:48,72.78,7.72,6.56,72.63,41794.4,44042.3,28.3,27197.4,,,,,
6683,8/25/2026 23:03,72.74,7.88,6.68,72.6,42117.1,44394.1,28.55,27407.38,,,,,
6684,8/25/2026 23:18,72.8,7.62,6.46,72.7,42032.4,44252,28.45,27352.24,,,,,
6685,8/25/2026 23:33,72.85,7.95,6.74,72.69,41960.3,44182,28.4,27305.37,,,,,
6686,8/25/2026 23:48,72.81,7.87,6.68,72.68,41947,44170.9,28.39,27296.71,,,,,
6687,8/26/2026 0:03,72.83,7.71,6.55,72.68,41561.6,43767.9,28.1,27045.86,,,,,
6688,8/26/2026 0:18,72.83,7.43,6.31,72.7,41678.3,43882.1,28.19,27121.83,,,,,
6689,8/26/2026 0:33,72.85,7.12,6.05,72.7,41370.6,43555.3,27.95,26921.6,,,,,
6690,8/26/2026 0:48,72.84,6.84,5.82,72.7,41284,43464.1,27.89,26865.22,,,,,
6691,8/26/2026 1:03,72.85,6.54,5.56,72.71,41327.2,43503.9,27.92,26893.38,,,,,
6692,8/26/2026 1:18,72.84,6.22,5.28,72.72,41676.4,43868.5,28.18,27120.59,,,,,
6693,8/26/2026 1:33,72.83,5.87,4.99,72.68,41368.8,43562,27.96,26920.42,,,,,
6694,8/26/2026 1:48,72.86,5.6,4.76,72.72,41287.8,43459.5,27.88,26867.74,,,,,
6695,8/26/2026 2:03,72.84,5.32,4.53,72.7,41171.5,43348.5,27.8,26792.04,,,,,
6696,8/26/2026 2:18,72.87,5,4.26,72.69,41138.3,43316.5,27.78,26770.46,,,,,
6697,8/26/2026 2:33,72.78,4.71,4.01,72.59,41078.2,43304.8,27.77,26731.34,,,,,
6698,8/26/2026 2:48,72.69,4.33,3.68,72.52,41039.4,43304,27.77,26706.05,,,,,
6699,8/26/2026 3:03,72.6,4.17,3.55,72.46,40926.3,43213.3,27.7,26632.45,,,,,
6700,8/26/2026 3:18,72.56,3.93,3.35,72.42,40744.4,43047,27.58,26514.1,,,,,
6701,8/26/2026 3:33,72.54,3.68,3.14,72.38,40935.6,43266.3,27.74,26638.52,,,,,
6702,8/26/2026 3:48,72.46,3.48,2.96,72.3,40951.2,43328.8,27.78,26648.65,,,,,
6703,8/26/2026 4:03,72.38,3.31,2.82,72.22,40856.2,43271.4,27.74,26586.84,,,,,
6704,8/26/2026 4:18,72.24,2.95,2.51,72.07,40833.5,43325.2,27.77,26572.08,,,,,
6705,8/26/2026 4:33,72.17,2.62,2.23,71.99,40794.5,43327.2,27.77,26546.73,,,,,
6706,8/26/2026 4:48,71.99,2.51,2.14,71.81,40976.2,43619.1,27.97,26664.95,,,,,
6707,8/26/2026 5:03,71.82,2.33,1.98,71.63,40601.9,43316.2,27.75,26421.39,,,,,
6708,8/26/2026 5:18,71.66,2.12,1.81,71.46,40440.5,43236.7,27.69,26316.35,,,,,
6709,8/26/2026 5:33,71.47,2.03,1.73,71.31,40405.1,43277.2,27.71,26293.33,,,,,
6710,8/26/2026 5:48,71.35,1.99,1.69,71.18,40389.8,43330.6,27.75,26283.34,,,,,
6711,8/26/2026 6:03,71.24,1.63,1.39,71.08,40341.9,43337.6,27.75,26252.19,,,,,
6712,8/26/2026 6:18,71.16,1.78,1.52,71.07,40314,43310.5,27.73,26234.04,,,,,
6713,8/26/2026 6:33,71.36,2.04,1.74,71.19,40237.5,43161.4,27.63,26184.22,,,,,
6714,8/26/2026 6:48,71.24,2.05,1.74,71.06,40036.1,43014.8,27.52,26053.16,,,,,
6715,8/26/2026 7:03,71.14,2.32,1.97,71.05,40143.3,43135.9,27.6,26122.97,,,,,
6716,8/26/2026 7:18,71.24,2.52,2.15,71.14,40191.1,43137.8,27.61,26154.06,,,,,
6717,8/26/2026 7:33,71.29,2.63,2.24,71.14,40228.8,43181.1,27.64,26178.55,,,,,
6718,8/26/2026 7:48,71.41,2.84,2.42,71.23,40105.9,43000,27.51,26098.57,,,,,
6719,8/26/2026 8:03,71.48,2.99,2.55,71.32,40172.4,43025.1,27.53,26141.9,,,,,
6720,8/26/2026 8:18,71.61,3.29,2.8,71.46,40260,43040.7,27.55,26198.89,,,,,
6721,8/26/2026 8:33,71.78,3.63,3.09,71.67,40153.3,42814.6,27.39,26129.43,,,,,
6722,8/26/2026 8:48,71.93,3.98,3.39,71.82,40222.9,42811.5,27.4,26174.77,,,,,
6723,8/26/2026 9:03,72.05,4.64,3.95,71.92,40703.7,43265.4,27.72,26487.6,,,,,
6724,8/26/2026 9:18,72.11,5.09,4.34,71.99,40368.6,42872,27.44,26269.56,,,,,
6725,8/26/2026 9:33,72.23,5.54,4.73,72.11,40492.7,42943.6,27.5,26350.32,,,,,
6726,8/26/2026 9:48,72.34,5.99,5.11,72.22,40543.6,42940.3,27.5,26383.41,,,,,
6727,8/26/2026 10:03,72.39,6.32,5.39,72.25,40591,42973.4,27.52,26414.26,,,,,
6728,8/26/2026 10:18,72.37,6.81,5.81,72.22,40668.6,43072.8,27.59,26464.8,,,,,
6729,8/26/2026 10:33,72.32,6.97,5.94,72.17,40827.6,43264.3,27.73,26568.27,,,,,
6730,8/26/2026 10:48,72.24,7.21,6.14,72.1,40811.2,43287.2,27.74,26557.58,,,,,
6731,8/26/2026 11:03,72.26,7.16,6.1,72.13,40740,43191.4,27.68,26511.22,,,,,
6732,8/26/2026 11:18,72.26,7.09,6.04,72.11,40748.8,43212.4,27.69,26516.99,,,,,
6733,8/26/2026 11:33,72.27,6.51,5.55,72.13,40729.6,43183.3,27.67,26504.45,,,,,
6734,8/26/2026 11:48,72.44,6.47,5.52,72.31,40735.9,43092.4,27.61,26508.55,,,,,
6735,8/26/2026 12:03,72.6,7,5.97,72.47,40819,43094.4,27.62,26562.65,,,,,
6736,8/26/2026 12:18,72.93,7.21,6.15,72.84,40926.3,43013.4,27.57,26632.45,,,,,
6737,8/26/2026 12:33,73.31,7.39,6.3,73.21,40978.2,42872.3,27.48,26666.23,,,,,
6738,8/26/2026 12:48,73.6,7.24,6.18,73.52,41023.9,42762.4,27.41,26696.01,,,,,
6739,8/26/2026 13:03,73.9,7.18,6.13,73.79,41082.7,42683.4,27.36,26734.23,,,,,
6740,8/26/2026 13:18,73.86,7.07,6.04,73.74,41073.7,42699.3,27.37,26728.39,,,,,
6741,8/26/2026 13:33,74.01,6.95,5.94,73.92,41023.7,42555.3,27.27,26695.88,,,,,
6742,8/26/2026 13:48,74.31,6.9,5.9,74.19,41042.4,42435.9,27.19,26708.05,,,,,
6743,8/26/2026 14:03,74.49,6.65,5.69,74.38,41019.2,42312.5,27.11,26692.96,,,,,
6744,8/26/2026 14:18,74.58,6.34,5.43,74.48,40999.8,42242.9,27.06,26680.29,,,,,
6745,8/26/2026 14:33,74.81,6.15,5.27,74.74,41012,42123.9,26.98,26688.27,,,,,
6746,8/26/2026 14:48,75.1,6.07,5.2,74.95,41139.7,42145.6,27,26771.32,,,,,
6747,8/26/2026 15:03,75.12,5.89,5.04,74.96,41170.3,42174.2,27.02,26791.23,,,,,
6748,8/26/2026 15:18,75.35,5.7,4.88,75.23,41195.1,42063.4,26.95,26807.36,,,,,
6749,8/26/2026 15:33,75.35,5.33,4.57,75.19,41228.4,42119.2,26.99,26829.08,,,,,
6750,8/26/2026 15:48,75.51,5.1,4.37,75.34,41185.7,41999.5,26.91,26801.26,,,,,
6751,8/26/2026 16:03,75.5,4.74,4.06,75.32,41095.8,41918.7,26.85,26742.8,,,,,
6752,8/26/2026 16:18,75.52,4.11,3.53,75.41,41155.3,41933.3,26.86,26781.47,,,,,
6753,8/26/2026 16:33,75.59,4.13,3.54,75.44,41231.6,41997.5,26.91,26831.12,,,,,
6754,8/26/2026 16:48,75.63,4,3.43,75.49,41268.6,42010.8,26.92,26855.19,,,,,
6755,8/26/2026 17:03,75.72,3.79,3.25,75.56,41294.7,41999.5,26.91,26872.2,,,,,
6756,8/26/2026 17:18,75.68,3.65,3.13,75.54,41285.7,42001.2,26.91,26866.37,,,,,
6757,8/26/2026 17:33,75.7,3.64,3.12,75.56,41334.3,42042.5,26.94,26897.95,,,,,
6758,8/26/2026 17:48,75.68,3.45,2.96,75.51,41369.9,42100.4,26.98,26921.12,,,,,
6759,8/26/2026 18:03,75.64,3.37,2.89,75.47,41273.3,42023.8,26.93,26858.28,,,,,
6760,8/26/2026 18:18,75.58,3.58,3.08,75.4,40638.6,41409.5,26.49,26445.25,,,,,
6761,8/26/2026 18:33,75.5,3.43,2.94,75.34,40571.5,41370.6,26.46,26401.62,,,,,
6762,8/26/2026 18:48,75.37,3.45,2.96,75.19,40523.9,41399.4,26.48,26370.59,,,,,
6763,8/26/2026 19:03,75.24,3.39,2.91,75.11,40461.4,41373,26.46,26329.92,,,,,
6764,8/26/2026 19:18,75.17,3.59,3.09,75.01,40385.1,41343.2,26.43,26280.32,,,,,
6765,8/26/2026 19:33,75.08,4.03,3.47,74.92,40212.4,41211.7,26.34,26167.94,,,,,
6766,8/26/2026 19:48,75.07,4.36,3.75,74.94,39835.3,40817.3,26.06,25922.54,,,,,
6767,8/26/2026 20:03,75.02,4.52,3.9,74.87,39804.4,40820,26.06,25902.42,,,,,
6768,8/26/2026 20:18,74.89,4.79,4.12,74.74,39817.4,40896.9,26.11,25910.83,,,,,
6769,8/26/2026 20:33,74.7,5.07,4.36,74.53,39700.5,40880.3,26.09,25834.79,,,,,
6770,8/26/2026 20:48,74.42,5.65,4.86,74.22,39817.6,41153.4,26.28,25911.02,,,,,
6771,8/26/2026 21:03,74.23,5.91,5.06,74.06,41146.3,42607.1,27.31,26775.61,,,,,
6772,8/26/2026 21:18,74.1,6.07,5.17,73.95,41619.4,43156.3,27.7,27083.51,,,,,
6773,8/26/2026 21:33,74.01,6.48,5.5,73.85,42333.2,43948.1,28.26,27548,,,,,
6774,8/26/2026 21:48,73.86,6.77,5.76,73.7,42180.9,43867.5,28.2,27448.87,,,,,
6775,8/26/2026 22:03,73.77,6.86,5.83,73.61,42458.4,44208.3,28.44,27629.5,,,,,
6776,8/26/2026 22:18,73.69,6.98,5.93,73.53,42269.1,44051.7,28.33,27506.3,,,,,
6777,8/26/2026 22:33,73.61,7.07,6.01,73.45,42323.1,44151.4,28.4,27541.45,,,,,
6778,8/26/2026 22:48,73.56,7.04,6.01,73.41,40890,42678.8,27.35,26608.87,,,,,
6779,8/26/2026 23:03,73.51,6.95,5.93,73.37,41102.8,42920.7,27.52,26747.36,,,,,
6780,8/26/2026 23:18,73.49,6.86,5.85,73.34,41053.1,42882.9,27.49,26714.98,,,,,
6781,8/26/2026 23:33,73.45,6.78,5.8,73.31,40726.2,42558.2,27.26,26502.23,,,,,
6782,8/26/2026 23:48,73.43,6.59,5.62,73.3,41018.9,42869.7,27.48,26692.72,,,,,
6783,8/27/2026 0:03,73.47,6.37,5.44,73.35,40885.6,42705.1,27.36,26606,,,,,
6784,8/27/2026 0:18,73.48,6.54,5.59,73.32,40885.6,42722,27.37,26606,,,,,
6785,8/27/2026 0:33,73.45,6.48,5.54,73.32,40583.6,42406.4,27.15,26409.46,,,,,
6786,8/27/2026 0:48,73.44,6.37,5.45,73.3,40481.5,42308,27.08,26343,,,,,
6787,8/27/2026 1:03,73.46,6.16,5.28,73.33,40347.9,42151.8,26.97,26256.06,,,,,
6788,8/27/2026 1:18,73.52,5.9,5.06,73.4,40230.9,41996.4,26.86,26179.94,,,,,
6789,8/27/2026 1:33,73.56,5.78,4.96,73.42,40042.7,41788.9,26.71,26057.45,,,,,
6790,8/27/2026 1:48,73.58,5.62,4.82,73.45,39918.1,41645.3,26.61,25976.41,,,,,
6791,8/27/2026 2:03,73.52,5.22,4.48,73.39,39643.5,41386,26.43,25797.71,,,,,
6792,8/27/2026 2:18,73.56,5.04,4.33,73.43,39499.6,41214.1,26.31,25704.08,,,,,
6793,8/27/2026 2:33,73.56,4.83,4.15,73.42,39402.6,41118.2,26.24,25640.91,,,,,
6794,8/27/2026 2:48,73.56,4.61,3.96,73.42,39326.8,41039.2,26.18,25591.64,,,,,
6795,8/27/2026 3:03,73.48,4.4,3.78,73.3,39266.6,41035.6,26.18,25552.42,,,,,
6796,8/27/2026 3:18,73.39,4.14,3.56,73.22,39260.3,41072.3,26.2,25548.33,,,,,
6797,8/27/2026 3:33,73.37,3.93,3.37,73.22,39570.3,41396.7,26.43,25750.08,,,,,
6798,8/27/2026 3:48,73.28,3.56,3.06,73.16,39253.9,41095.4,26.21,25544.16,,,,,
6799,8/27/2026 4:03,73.35,3.16,2.72,73.21,39241.9,41055.8,26.19,25536.36,,,,,
6800,8/27/2026 4:18,73.32,3.32,2.86,73.18,39220.9,41052.7,26.18,25522.67,,,,,
6801,8/27/2026 4:33,73.28,3.03,2.6,73.13,39175.8,41027.2,26.17,25493.38,,,,,
6802,8/27/2026 4:48,73.21,3.09,2.66,73.05,39116.1,41005.1,26.15,25454.48,,,,,
6803,8/27/2026 5:03,73.14,2.7,2.33,72.99,39068.3,40987.6,26.13,25423.42,,,,,
6804,8/27/2026 5:18,73.04,2.45,2.1,72.88,39068.4,41039.1,26.17,25423.46,,,,,
6805,8/27/2026 5:33,72.91,2.42,2.08,72.74,39161.1,41207.3,26.28,25483.8,,,,,
6806,8/27/2026 5:48,72.77,2.02,1.73,72.62,39236.2,41349.2,26.38,25532.63,,,,,
6807,8/27/2026 6:03,72.68,1.96,1.69,72.52,39239.1,41401.7,26.41,25534.56,,,,,
6808,8/27/2026 6:18,72.6,2.11,1.81,72.46,39212.1,41406.2,26.42,25516.98,,,,,
6809,8/27/2026 6:33,72.56,1.52,1.31,72.4,39137.2,41357.2,26.38,25468.23,,,,,
6810,8/27/2026 6:48,72.34,1.46,1.26,72.1,39036,41404.3,26.41,25402.39,,,,,
6811,8/27/2026 7:03,72.42,1.87,1.6,72.35,39080.7,41322.2,26.35,25431.46,,,,,
6812,8/27/2026 7:18,72.42,1.67,1.43,72.26,39053.9,41340.6,26.36,25414.01,,,,,
6813,8/27/2026 7:33,72.39,1.53,1.32,72.23,38687.6,40966.5,26.1,25175.64,,,,,
6814,8/27/2026 7:48,72.44,1.77,1.53,72.29,38541.7,40784.8,25.97,25080.71,,,,,
6815,8/27/2026 8:03,72.52,2.2,1.89,72.41,38702.2,40892.1,26.05,25185.15,,,,,
6816,8/27/2026 8:18,72.72,2.46,2.11,72.63,38958.6,41054,26.17,25352.02,,,,,
6817,8/27/2026 8:33,72.9,2.61,2.24,72.79,39092.4,41110.5,26.22,25439.07,,,,,
6818,8/27/2026 8:48,72.93,2.78,2.39,72.8,39092.2,41107.6,26.21,25438.98,,,,,
6819,8/27/2026 9:03,72.99,2.99,2.57,72.87,39077.3,41056.6,26.18,25429.27,,,,,
6820,8/27/2026 9:18,73.11,3.59,3.09,72.99,38990.9,40903.7,26.07,25373.06,,,,,
6821,8/27/2026 9:33,73.22,3.96,3.41,73.1,39098.1,40962,26.12,25442.81,,,,,
6822,8/27/2026 9:48,73.28,4.56,3.92,73.13,39181.6,41033.3,26.17,25497.13,,,,,
6823,8/27/2026 10:03,73.35,4.92,4.23,73.2,39386.5,41212.5,26.3,25630.45,,,,,
6824,8/27/2026 10:18,73.37,5.36,4.6,73.23,39543.9,41360.8,26.4,25732.88,,,,,
6825,8/27/2026 10:33,73.33,5.73,4.92,73.19,39626.3,41468.8,26.48,25786.49,,,,,
6826,8/27/2026 10:48,73.27,5.9,5.06,73.09,39709.2,41605,26.57,25840.47,,,,,
6827,8/27/2026 11:03,73.19,6.08,5.22,73.05,39844.6,41771.7,26.69,25928.59,,,,,
6828,8/27/2026 11:18,73.19,6.13,5.26,73.05,39768,41688.6,26.63,25878.73,,,,,
6829,8/27/2026 11:33,73.23,6.22,5.33,73.08,39959.1,41875.1,26.77,26003.07,,,,,
6830,8/27/2026 11:48,73.26,6.23,5.34,73.13,39937.4,41824.8,26.73,25988.97,,,,,
6831,8/27/2026 12:03,73.29,6.2,5.31,73.14,39980.8,41864.7,26.76,26017.19,,,,,
6832,8/27/2026 12:18,73.28,5.98,5.13,73.14,39777.4,41651.7,26.61,25884.81,,,,,
6833,8/27/2026 12:33,73.52,5.91,5.07,73.39,39767.6,41518.2,26.52,25878.44,,,,,
6834,8/27/2026 12:48,73.81,6.01,5.18,73.68,39247.9,40827.9,26.04,25540.25,,,,,
6835,8/27/2026 13:03,73.93,6.17,5.3,73.82,39559.5,41082.1,26.22,25743.02,,,,,
6836,8/27/2026 13:18,74.09,6.06,5.15,73.97,42174.7,43717.8,28.1,27444.86,,,,,
6837,8/27/2026 13:33,74.24,5.98,5.21,74.13,36598.7,37866,23.96,23816.31,,,,,
6838,8/27/2026 13:48,74.37,5.87,5.08,74.26,38119.3,39377.5,25.03,24805.85,,,,,
6839,8/27/2026 14:03,74.57,5.72,4.93,74.46,39202,40401.1,25.75,25510.42,,,,,
6840,8/27/2026 14:18,74.7,5.52,4.76,74.55,39573.4,40736.1,25.99,25752.06,,,,,
6841,8/27/2026 14:33,74.79,5.44,4.68,74.65,39945,41070.6,26.23,25993.88,,,,,
6842,8/27/2026 14:48,74.78,5.18,4.46,74.63,39815.4,40945.3,26.14,25909.55,,,,,
6843,8/27/2026 15:03,74.9,5.02,4.32,74.77,39698.6,40759,26.01,25833.53,,,,,
6844,8/27/2026 15:18,74.99,4.89,4.21,74.87,39821.2,40834.5,26.07,25913.33,,,,,
6845,8/27/2026 15:33,75.16,4.64,4,75.04,39920.1,40853.9,26.09,25977.72,,,,,
6846,8/27/2026 15:48,75.28,4.48,3.86,75.15,39932.1,40813.4,26.06,25985.53,,,,,
6847,8/27/2026 16:03,75.26,4.3,3.7,75.14,40004.1,40889.6,26.12,26032.36,,,,,
6848,8/27/2026 16:18,75.34,4.09,3.52,75.2,39963.2,40821.4,26.07,26005.74,,,,,
6849,8/27/2026 16:33,75.35,3.91,3.37,75.2,39966.6,40822.2,26.07,26007.97,,,,,
6850,8/27/2026 16:48,75.37,3.79,3.27,75.24,39926.1,40765.1,26.03,25981.62,,,,,
6851,8/27/2026 17:03,75.39,3.54,3.03,75.26,41274.9,42131.3,27,26859.33,,,,,
6852,8/27/2026 17:18,75.4,3.31,2.84,75.27,41185.2,42031.6,26.93,26800.97,,,,,
6853,8/27/2026 17:33,75.39,3.21,2.76,75.26,41139.1,41992.6,26.9,26770.94,,,,,
6854,8/27/2026 17:48,75.38,3.14,2.69,75.23,41072.7,41938.5,26.86,26727.76,,,,,
6855,8/27/2026 18:03,75.3,2.97,2.55,75.15,40970.5,41871.9,26.81,26661.24,,,,,
6856,8/27/2026 18:18,75.25,2.96,2.54,75.1,40974,41902.6,26.83,26663.51,,,,,
6857,8/27/2026 18:33,75.17,2.98,2.55,75.02,40901.8,41869.4,26.81,26616.51,,,,,
6858,8/27/2026 18:48,74.95,2.72,2.33,74.78,40766.1,41852.4,26.79,26528.26,,,,,
6859,8/27/2026 19:03,75,3.1,2.66,74.89,40785.2,41814.9,26.77,26540.65,,,,,
6860,8/27/2026 19:18,75.06,2.82,2.42,74.93,40788.8,41797,26.76,26542.98,,,,,
6861,8/27/2026 19:33,74.87,2.92,2.51,74.69,40718.4,41844.1,26.78,26497.19,,,,,
6862,8/27/2026 19:48,74.72,3.19,2.74,74.56,40577.8,41764.6,26.72,26405.68,,,,,
6863,8/27/2026 20:03,74.62,3.25,2.79,74.46,40163.6,41389.5,26.45,26136.18,,,,,
6864,8/27/2026 20:18,74.54,3.58,3.08,74.4,39932.4,41183.4,26.31,25985.73,,,,,
6865,8/27/2026 20:33,74.54,3.68,3.16,74.36,39920.8,41187.4,26.31,25978.12,,,,,
6866,8/27/2026 20:48,74.49,4.01,3.44,74.34,40648.9,41949.6,26.85,26451.95,,,,,
6867,8/27/2026 21:03,74.28,4.22,3.6,74.1,41702.7,43163.6,27.71,27137.73,,,,,
6868,8/27/2026 21:18,74.1,4.47,3.81,73.92,41833.3,43395.1,27.87,27222.72,,,,,
6869,8/27/2026 21:33,73.94,4.76,4.05,73.77,42036.5,43683,28.07,27354.91,,,,,
6870,8/27/2026 21:48,73.87,4.89,4.16,73.71,42043.4,43721.7,28.1,27359.43,,,,,
6871,8/27/2026 22:03,73.87,5.23,4.44,73.75,42436.9,44110.6,28.38,27615.47,,,,,
6872,8/27/2026 22:18,73.81,5.65,4.8,73.64,42600.6,44338.8,28.54,27721.99,,,,,
6873,8/27/2026 22:33,73.6,5.89,4.99,73.42,42753.7,44618.2,28.73,27821.66,,,,,
6874,8/27/2026 22:48,73.45,5.93,5.02,73.29,42804.4,44741.7,28.82,27854.64,,,,,
6875,8/27/2026 23:03,73.33,5.72,4.84,73.18,42823.8,44823.9,28.87,27867.27,,,,,
6876,8/27/2026 23:18,73.31,5.92,5.01,73.18,42647.3,44639.2,28.74,27752.4,,,,,
6877,8/27/2026 23:33,73.32,6.09,5.15,73.19,42956.8,44957.2,28.97,27953.83,,,,,
6878,8/27/2026 23:48,73.33,6.38,5.4,73.19,42976.4,44977.8,28.98,27966.59,,,,,
6879,8/28/2026 0:03,73.32,6.38,5.41,73.18,42396.3,44376.5,28.55,27589.07,,,,,
6880,8/28/2026 0:18,73.3,6.34,5.38,73.15,42299.8,44287.2,28.49,27526.3,,,,,
6881,8/28/2026 0:33,73.27,6.27,5.29,73.14,43317.7,45361.8,29.26,28188.69,,,,,
6882,8/28/2026 0:48,73.27,6.08,5.13,73.13,43520.6,45580.3,29.42,28320.67,,,,,
6883,8/28/2026 1:03,73.27,6.16,5.2,73.11,43483.3,45550.3,29.39,28296.44,,,,,
6884,8/28/2026 1:18,73.21,6.05,5.14,73.06,41797.6,43810.4,28.14,27199.47,,,,,
6885,8/28/2026 1:33,73.23,5.78,4.9,73.1,42220.5,44233.2,28.45,27474.65,,,,,
6886,8/28/2026 1:48,73.28,5.49,4.66,73.15,42058.7,44034.7,28.31,27369.35,,,,,
6887,8/28/2026 2:03,73.28,5.24,4.43,73.15,43054.2,45079.9,29.06,28017.18,,,,,
6888,8/28/2026 2:18,73.36,4.98,4.22,73.23,42858.4,44827.6,28.88,27889.77,,,,,
6889,8/28/2026 2:33,73.35,4.72,3.99,73.2,42716.6,44700,28.79,27797.52,,,,,
6890,8/28/2026 2:48,73.31,4.4,3.73,73.18,42538,44524.8,28.66,27681.28,,,,,
6891,8/28/2026 3:03,73.31,4.25,3.6,73.2,42810.4,44795.1,28.85,27858.51,,,,,
6892,8/28/2026 3:18,73.31,4.01,3.39,73.16,43205.8,45232.7,29.17,28115.84,,,,,
6893,8/28/2026 3:33,73.31,3.84,3.25,73.15,42914.5,44930.7,28.95,27926.26,,,,,
6894,8/28/2026 3:48,73.28,3.73,3.16,73.13,42712.8,44734.2,28.81,27795,,,,,
6895,8/28/2026 4:03,73.17,3.49,2.96,72.99,42684.8,44778.7,28.84,27776.79,,,,,
6896,8/28/2026 4:18,73.08,3.22,2.73,72.94,42624,44741.5,28.81,27737.23,,,,,
6897,8/28/2026 4:33,73.07,3.01,2.55,72.94,42570.5,44688.3,28.77,27702.42,,,,,
6898,8/28/2026 4:48,73.12,2.99,2.53,72.97,42496.2,44592.6,28.7,27654.05,,,,,
6899,8/28/2026 5:03,73.09,2.81,2.38,72.94,42490,44600.9,28.71,27650.06,,,,,
6900,8/28/2026 5:18,73.08,2.58,2.18,72.94,42407.3,44517,28.65,27596.21,,,,,
6901,8/28/2026 5:33,73.04,2.46,2.08,72.89,42569.5,44713.9,28.79,27701.77,,,,,
6902,8/28/2026 5:48,73,2.29,1.94,72.85,42473.6,44633.7,28.73,27639.35,,,,,
6903,8/28/2026 6:03,72.96,2.05,1.74,72.81,42560.1,44748.4,28.81,27695.69,,,,,
6904,8/28/2026 6:18,72.9,1.79,1.51,72.75,42488.4,44702.5,28.77,27649.01,,,,,
6905,8/28/2026 6:33,72.85,1.69,1.43,72.7,42505.5,44750.1,28.81,27660.13,,,,,
6906,8/28/2026 6:48,72.82,1.4,1.18,72.68,42424.6,44673.9,28.75,27607.51,,,,,
6907,8/28/2026 7:03,72.78,1.29,1.1,72.65,42492,44762.5,28.81,27651.31,,,,,
6908,8/28/2026 7:18,72.87,1.19,1.01,72.74,42526.8,44748.9,28.81,27674,,,,,
6909,8/28/2026 7:33,72.91,0.87,0.73,72.78,42633,44839.8,28.87,27743.11,,,,,
6910,8/28/2026 7:48,72.82,1.44,1.22,72.66,42566.3,44837.8,28.87,27699.67,,,,,
6911,8/28/2026 8:03,72.73,1.48,1.25,72.59,42502.6,44809.4,28.85,27658.24,,,,,
6912,8/28/2026 8:18,72.8,1.51,1.28,72.68,42544.6,44803.1,28.84,27685.56,,,,,
6913,8/28/2026 8:33,72.92,1.72,1.46,72.8,42512.9,44704.6,28.78,27664.93,,,,,
6914,8/28/2026 8:48,73.05,1.91,1.61,72.94,42477.8,44588,28.7,27642.08,,,,,
6915,8/28/2026 9:03,73.18,2.09,1.77,73.07,42633.9,44684,28.77,27743.67,,,,,
6916,8/28/2026 9:18,73.26,2.31,1.96,73.11,42446.2,44463.9,28.61,27621.54,,,,,
6917,8/28/2026 9:33,73.36,2.58,2.19,73.26,42501.9,44443.1,28.6,27657.82,,,,,
6918,8/28/2026 9:48,73.52,2.93,2.49,73.41,42586,44449,28.61,27712.5,,,,,
6919,8/28/2026 10:03,73.64,3.28,2.78,73.54,42693.6,44488.2,28.64,27782.54,,,,,
6920,8/28/2026 10:18,73.77,3.66,3.1,73.61,42892.8,44657.6,28.77,27912.13,,,,,
6921,8/28/2026 10:33,73.84,3.92,3.32,73.7,42729.4,44438,28.61,27805.84,,,,,
6922,8/28/2026 10:48,73.91,4.22,3.57,73.83,43130.4,44784.6,28.86,28066.79,,,,,
6923,8/28/2026 11:03,73.94,4.6,3.9,73.8,43106.3,44777.1,28.86,28051.07,,,,,
6924,8/28/2026 11:18,74.09,4.81,4.07,74.01,43209.4,44772.8,28.86,28118.21,,,,,
6925,8/28/2026 11:33,74.19,4.96,4.22,74.07,42143.2,43633.8,28.05,27424.38,,,,,
6926,8/28/2026 11:48,74.21,5.06,4.3,74.06,42453.3,43960.6,28.28,27626.16,,,,,
6927,8/28/2026 12:03,74.19,5.12,4.35,74.06,42533.7,44043.9,28.34,27678.5,,,,,
6928,8/28/2026 12:18,74.09,5.16,4.41,73.94,41359.3,42889.4,27.51,26914.27,,,,,
6929,8/28/2026 12:33,74.06,5.14,4.39,73.9,41312.6,42860.6,27.49,26883.86,,,,,
6930,8/28/2026 12:48,74,5.19,4.43,73.86,41235.9,42803.4,27.45,26833.93,,,,,
6931,8/28/2026 13:03,74.02,5.06,4.32,73.89,41382.4,42941.4,27.55,26929.28,,,,,
6932,8/28/2026 13:18,74.39,5.07,4.33,74.34,41303.9,42625.6,27.33,26878.21,,,,,
6933,8/28/2026 13:33,74.78,5.16,4.41,74.67,41441.4,42598.1,27.32,26967.66,,,,,
6934,8/28/2026 13:48,74.95,5.05,4.32,74.83,41343.7,42417.8,27.2,26904.08,,,,,
6935,8/28/2026 14:03,74.97,5.07,4.34,74.82,41317.8,42393.9,27.18,26887.21,,,,,
6936,8/28/2026 14:18,75.08,4.99,4.29,74.95,40262.8,41247.3,26.36,26200.73,,,,,
6937,8/28/2026 14:33,75.1,4.83,4.14,74.95,40938.3,41939.4,26.86,26640.3,,,,,
6938,8/28/2026 14:48,75.21,4.73,4.04,75.11,41845.2,42790.8,27.47,27230.42,,,,,
6939,8/28/2026 15:03,75.27,4.6,3.93,75.18,41861,42771,27.46,27240.73,,,,,
6940,8/28/2026 15:18,75.37,4.43,3.78,75.25,41906.3,42781.3,27.46,27270.18,,,,,
6941,8/28/2026 15:33,75.49,4.29,3.67,75.39,41762.7,42560.4,27.31,27176.72,,,,,
6942,8/28/2026 15:48,75.59,4.17,3.57,75.49,41785.6,42537.1,27.3,27191.63,,,,,
6943,8/28/2026 16:03,75.83,3.95,3.38,75.76,41733.3,42344.7,27.16,27157.6,,,,,
6944,8/28/2026 16:18,76.13,3.75,3.21,76,41779.5,42272,27.12,27187.71,,,,,
6945,8/28/2026 16:33,76.17,3.49,2.99,75.96,41686.7,42199.7,27.07,27127.27,,,,,
6946,8/28/2026 16:48,76.07,3.42,2.93,75.93,41450.9,41977.3,26.91,26973.87,,,,,
6947,8/28/2026 17:03,76.08,3.29,2.83,75.96,40951.6,41455.6,26.54,26648.92,,,,,
6948,8/28/2026 17:18,76.08,3.02,2.6,75.94,40058,40561.5,25.9,26067.46,,,,,
6949,8/28/2026 17:33,76.02,2.73,2.34,75.87,41088,41636.4,26.66,26737.7,,,,,
6950,8/28/2026 17:48,75.96,2.65,2.27,75.81,41024.6,41601.6,26.64,26696.47,,,,,
6951,8/28/2026 18:03,75.94,2.47,2.12,75.8,41490.4,42079.3,26.98,26999.57,,,,,
6952,8/28/2026 18:18,75.95,2.16,1.86,75.81,41439.9,42022.7,26.94,26966.69,,,,,
6953,8/28/2026 18:33,75.97,1.8,1.54,75.83,41382.8,41954,26.89,26929.53,,,,,
6954,8/28/2026 18:48,75.93,2,1.72,75.79,41520.3,42112.4,27,27019.02,,,,,
6955,8/28/2026 19:03,75.9,2.03,1.74,75.74,41523.4,42142.6,27.02,27021.06,,,,,
6956,8/28/2026 19:18,75.8,1.82,1.56,75.65,41466.8,42131.2,27.01,26984.22,,,,,
6957,8/28/2026 19:33,75.75,1.68,1.44,75.61,41463.7,42147,27.02,26982.18,,,,,
6958,8/28/2026 19:48,75.76,1.98,1.69,75.61,41483.9,42167.6,27.03,26995.34,,,,,
6959,8/28/2026 20:03,75.79,1.87,1.6,75.64,41530.9,42201.8,27.06,27025.93,,,,,
6960,8/28/2026 20:18,75.7,2.08,1.78,75.56,41498.1,42209.1,27.06,27004.57,,,,,
6961,8/28/2026 20:33,75.62,2.19,1.88,75.47,41519.3,42274.3,27.11,27018.37,,,,,
6962,8/28/2026 20:48,75.56,2.51,2.15,75.43,41530.9,42305.1,27.13,27025.9,,,,,
6963,8/28/2026 21:03,75.51,2.62,2.24,75.38,41346.6,42141.9,27.01,26905.98,,,,,
6964,8/28/2026 21:18,75.48,2.7,2.31,75.34,41386.6,42204.5,27.05,26932.03,,,,,
6965,8/28/2026 21:33,75.36,3.02,2.59,75.18,41101.6,41992.3,26.9,26746.52,,,,,
6966,8/28/2026 21:48,75.16,3.27,2.8,74.96,41201.9,42206.6,27.05,26811.81,,,,,
6967,8/28/2026 22:03,74.96,3.62,3.1,74.79,41048.2,42136.5,26.99,26711.82,,,,,
6968,8/28/2026 22:18,74.83,3.88,3.32,74.67,41104.6,42254.6,27.07,26748.49,,,,,
6969,8/28/2026 22:33,74.72,4.12,3.53,74.54,41052.9,42264.6,27.08,26714.84,,,,,
6970,8/28/2026 22:48,74.6,4.48,3.83,74.43,41050.2,42316.8,27.11,26713.07,,,,,
6971,8/28/2026 23:03,74.44,4.77,4.08,74.27,41113.7,42465.3,27.22,26754.45,,,,,
6972,8/28/2026 23:18,74.32,4.91,4.2,74.16,40982.3,42384.8,27.16,26668.93,,,,,
6973,8/28/2026 23:33,74.21,5.03,4.3,74.06,41222.2,42685.7,27.37,26825.01,,,,,
6974,8/28/2026 23:48,74.1,5.18,4.43,73.95,41031.5,42546.6,27.27,26700.92,,,,,
6975,8/29/2026 0:03,74.02,5.29,4.52,73.88,40858.4,42403.2,27.16,26588.27,,,,,
6976,8/29/2026 0:18,73.94,5.39,4.61,73.77,40937.5,42538.2,27.26,26639.75,,,,,
6977,8/29/2026 0:33,73.84,5.47,4.67,73.67,40980.6,42638.7,27.32,26667.78,,,,,
6978,8/29/2026 0:48,73.76,5.47,4.67,73.61,41063.3,42755.6,27.41,26721.6,,,,,
6979,8/29/2026 1:03,73.69,5.5,4.7,73.55,40777.9,42486.4,27.21,26535.91,,,,,
6980,8/29/2026 1:18,73.69,5.25,4.49,73.56,40819.5,42524.2,27.24,26562.97,,,,,
6981,8/29/2026 1:33,73.77,5.28,4.51,73.61,40709.4,42387.2,27.14,26491.33,,,,,
6982,8/29/2026 1:48,73.73,5.31,4.54,73.57,40566.1,42257.4,27.05,26398.06,,,,,
6983,8/29/2026 2:03,73.77,5.16,4.42,73.63,40483.1,42137.8,26.97,26344.06,,,,,
6984,8/29/2026 2:18,73.8,4.9,4.2,73.67,40461.2,42098.4,26.94,26329.83,,,,,
6985,8/29/2026 2:33,73.82,4.62,3.96,73.68,40312.1,41935,26.82,26232.77,,,,,
6986,8/29/2026 2:48,73.81,4.28,3.67,73.66,40142.1,41769.2,26.7,26122.19,,,,,
6987,8/29/2026 3:03,73.72,3.94,3.38,73.58,39877.5,41534.7,26.54,25950,,,,,
6988,8/29/2026 3:18,73.69,3.8,3.26,73.54,39825.1,41501.9,26.51,25915.89,,,,,
6989,8/29/2026 3:33,73.64,3.64,3.12,73.5,39748.4,41438.2,26.47,25865.94,,,,,
6990,8/29/2026 3:48,73.62,3.46,2.97,73.48,39677.7,41378.2,26.42,25819.98,,,,,
6991,8/29/2026 4:03,73.57,3.3,2.84,73.43,39537.4,41256.3,26.34,25728.68,,,,,
6992,8/29/2026 4:18,73.53,3.11,2.67,73.39,39577.3,41316.9,26.38,25754.64,,,,,
6993,8/29/2026 4:33,73.43,2.96,2.54,73.26,39522.1,41327.2,26.38,25718.72,,,,,
6994,8/29/2026 4:48,73.31,2.84,2.44,73.16,39733.8,41595,26.57,25856.43,,,,,
6995,8/29/2026 5:03,73.16,2.65,2.27,73,39204.9,41122.7,26.23,25512.28,,,,,
6996,8/29/2026 5:18,73.11,2.37,2.03,72.98,39343.4,41278.8,26.34,25602.38,,,,,
6997,8/29/2026 5:33,73.02,2.32,1.99,72.87,39316.2,41307.6,26.36,25584.71,,,,,
6998,8/29/2026 5:48,72.92,2.02,1.73,72.77,39525.7,41579.9,26.55,25721.07,,,,,
6999,8/29/2026 6:03,72.79,1.83,1.57,72.62,39196,41306.9,26.35,25506.52,,,,,
7000,8/29/2026 6:18,72.61,1.7,1.46,72.43,39109.4,41314.1,26.35,25450.12,,,,,
7001,8/29/2026 6:33,72.41,1.53,1.31,72.24,39235.4,41541,26.51,25532.14,,,,,
7002,8/29/2026 6:48,72.2,1.43,1.22,72.01,39287,41715,26.62,25565.72,,,,,
7003,8/29/2026 7:03,71.99,1.27,1.09,71.83,39032.4,41536.1,26.49,25400.05,,,,,
7004,8/29/2026 7:18,71.78,1.24,1.06,71.59,39408.1,42065.1,26.86,25644.54,,,,,
7005,8/29/2026 7:33,71.75,1.22,1.05,71.6,39178.9,41812.1,26.68,25495.39,,,,,
7006,8/29/2026 7:48,71.75,1.07,0.91,71.61,39086.2,41710.3,26.61,25435.02,,,,,
7007,8/29/2026 8:03,71.73,1.37,1.17,71.6,39155.1,41786.6,26.66,25479.87,,,,,
7008,8/29/2026 8:18,71.78,1.2,1.03,71.67,39131,41724.6,26.62,25464.18,,,,,
7009,8/29/2026 8:33,71.8,1.35,1.15,71.66,39146.1,41749,26.64,25474,,,,,
7010,8/29/2026 8:48,71.78,1.43,1.23,71.63,39172.8,41788.8,26.67,25491.43,,,,,
7011,8/29/2026 9:03,71.94,1.63,1.39,71.83,39453.4,41984,26.81,25673.97,,,,,
7012,8/29/2026 9:18,72.13,1.75,1.5,72.03,39328.9,41748.3,26.65,25592.96,,,,,
7013,8/29/2026 9:33,72.44,1.92,1.64,72.3,39823.9,42136.1,26.93,25915.11,,,,,
7014,8/29/2026 9:48,72.62,2.15,1.84,72.47,39614.4,41825.4,26.71,25778.77,,,,,
7015,8/29/2026 10:03,72.79,2.44,2.09,72.69,39730.1,41833.6,26.73,25854.04,,,,,
7016,8/29/2026 10:18,73.04,2.83,2.42,72.95,39999.1,41980.6,26.84,26029.08,,,,,
7017,8/29/2026 10:33,73.27,3.19,2.73,73.16,40237.3,42122.1,26.94,26184.11,,,,,
7018,8/29/2026 10:48,73.42,3.61,3.09,73.32,40236.5,42043.7,26.89,26183.61,,,,,
7019,8/29/2026 11:03,73.55,3.88,3.31,73.43,40886.1,42663.6,27.34,26606.33,,,,,
7020,8/29/2026 11:18,73.69,4.15,3.56,73.56,40128.3,41806.8,26.73,26113.17,,,,,
7021,8/29/2026 11:33,73.57,4.49,3.83,73.38,41149,42963.3,27.55,26777.41,,,,,
7022,8/29/2026 11:48,73.39,4.84,4.15,73.24,40147.2,41989.1,26.85,26125.49,,,,,
7023,8/29/2026 12:03,73.35,5.13,4.39,73.2,40552.5,42435.3,27.17,26389.22,,,,,
7024,8/29/2026 12:18,73.38,5.21,4.44,73.24,41022.7,42904.8,27.5,26695.23,,,,,
7025,8/29/2026 12:33,73.43,5.32,4.54,73.31,41352.4,43212.6,27.72,26909.75,,,,,
7026,8/29/2026 12:48,73.48,5.41,4.61,73.35,41490.6,43337.1,27.81,26999.72,,,,,
7027,8/29/2026 13:03,73.48,5.43,4.64,73.35,41158.6,42987.4,27.56,26783.64,,,,,
7028,8/29/2026 13:18,73.52,5.52,4.71,73.39,41254.5,43067.8,27.62,26846.06,,,,,
7029,8/29/2026 13:33,73.58,5.26,4.48,73.45,41257.6,43042.8,27.61,26848.1,,,,,
7030,8/29/2026 13:48,73.65,5.35,4.56,73.54,41300.9,43039.9,27.61,26876.27,,,,,
7031,8/29/2026 14:03,73.85,5.52,4.71,73.77,41275.8,42892.5,27.51,26859.89,,,,,
7032,8/29/2026 14:18,74.14,5.67,4.84,74.02,41382.6,42874.3,27.5,26929.43,,,,,
7033,8/29/2026 14:33,74.34,5.64,4.81,74.26,41608.4,42984.6,27.59,27076.32,,,,,
7034,8/29/2026 14:48,74.52,5.56,4.74,74.4,41892,43201.5,27.74,27260.91,,,,,
7035,8/29/2026 15:03,74.66,5.36,4.58,74.55,41506.7,42729,27.41,27010.15,,,,,
7036,8/29/2026 15:18,74.78,5.14,4.4,74.66,41544.6,42709.8,27.4,27034.85,,,,,
7037,8/29/2026 15:33,74.95,4.94,4.22,74.87,41394.9,42451.1,27.22,26937.45,,,,,
7038,8/29/2026 15:48,75.07,4.77,4.09,74.93,41314.4,42338.3,27.14,26885.03,,,,,
7039,8/29/2026 16:03,75.23,4.56,3.91,75.11,41367.2,42301.9,27.12,26919.36,,,,,
7040,8/29/2026 16:18,75.34,4.41,3.78,75.24,41356.4,42222.7,27.07,26912.38,,,,,
7041,8/29/2026 16:33,75.51,4.21,3.61,75.29,41336.8,42178.1,27.03,26899.57,,,,,
7042,8/29/2026 16:48,75.74,4.09,3.51,75.6,41098.7,41781.4,26.76,26744.68,,,,,
7043,8/29/2026 17:03,75.81,3.94,3.37,75.66,41347.5,42001.8,26.92,26906.56,,,,,
7044,8/29/2026 17:18,75.68,3.82,3.28,75.51,40865.1,41586.8,26.62,26592.67,,,,,
7045,8/29/2026 17:33,75.64,3.63,3.12,75.51,40621.6,41338.9,26.44,26434.19,,,,,
7046,8/29/2026 17:48,75.52,3.43,2.95,75.33,40523.6,41327,26.43,26370.41,,,,,
7047,8/29/2026 18:03,75.39,3.25,2.79,75.21,40807.7,41676,26.68,26555.33,,,,,
7048,8/29/2026 18:18,75.3,2.97,2.55,75.14,40505.4,41401.9,26.48,26358.55,,,,,
7049,8/29/2026 18:33,75.17,2.95,2.53,74.99,40800.9,41779.6,26.74,26550.89,,,,,
7050,8/29/2026 18:48,75.09,2.66,2.28,74.93,40432,41431.4,26.5,26310.81,,,,,
7051,8/29/2026 19:03,74.92,2.56,2.2,74.75,40331.2,41419.2,26.48,26245.19,,,,,
7052,8/29/2026 19:18,74.74,2.38,2.04,74.54,40259.5,41447.8,26.5,26198.54,,,,,
7053,8/29/2026 19:33,74.54,2.33,2,74.37,40184.4,41454.1,26.5,26149.72,,,,,
7054,8/29/2026 19:48,74.4,2.14,1.84,74.25,39848.8,41169.5,26.29,25931.3,,,,,
7055,8/29/2026 20:03,74.25,2.07,1.78,74.11,39068.9,40432.3,25.77,25423.81,,,,,
7056,8/29/2026 20:18,74.19,1.88,1.62,74.03,38380.8,39756.5,25.29,24976.03,,,,,
7057,8/29/2026 20:33,74.15,2.1,1.82,74.04,37363.2,38699.8,24.54,24313.79,,,,,
7058,8/29/2026 20:48,74.15,2.13,1.84,73.97,38040.3,39432.2,25.06,24754.46,,,,,
7059,8/29/2026 21:03,74,2.25,1.93,73.84,39919.8,41448,26.48,25977.47,,,,,
7060,8/29/2026 21:18,74.02,2.4,2.06,73.84,39827.8,41349.9,26.41,25917.63,,,,,
7061,8/29/2026 21:33,73.88,2.6,2.23,73.72,39742.2,41325.9,26.39,25861.93,,,,,
7062,8/29/2026 21:48,73.82,2.74,2.34,73.68,40775.8,42420.1,27.17,26534.53,,,,,
7063,8/29/2026 22:03,73.75,2.89,2.46,73.65,41652.3,43349.1,27.83,27104.94,,,,,
7064,8/29/2026 22:18,73.69,3.13,2.67,73.56,41333.8,43060,27.62,26897.67,,,,,
7065,8/29/2026 22:33,73.52,3.38,2.88,73.3,41213.8,43070.6,27.62,26819.56,,,,,
7066,8/29/2026 22:48,73.39,3.64,3.11,73.21,41152.4,43057.4,27.61,26779.58,,,,,
7067,8/29/2026 23:03,73.27,4,3.42,73.13,40275.8,42179.2,26.98,26209.2,,,,,
7068,8/29/2026 23:18,73.13,4.23,3.6,73.05,41465.6,43468.1,27.9,26983.4,,,,,
7069,8/29/2026 23:33,73.17,4.58,3.89,73.01,41598.2,43630.2,28.01,27069.71,,,,,
7070,8/29/2026 23:48,72.97,4.97,4.23,72.76,41728.6,43900.2,28.2,27154.54,,,,,
7071,8/30/2026 0:03,72.61,5.15,4.37,72.42,41687.8,44043.8,28.29,27128.01,,,,,
7072,8/30/2026 0:18,72.44,5.23,4.44,72.27,41610.4,44040.9,28.29,27077.63,,,,,
7073,8/30/2026 0:33,72.34,5.27,4.48,72.19,41485.3,43952.4,28.22,26996.24,,,,,
7074,8/30/2026 0:48,72.29,5.38,4.57,72.16,41542.7,44027.8,28.27,27033.56,,,,,
7075,8/30/2026 1:03,72.3,5.46,4.64,72.15,41340.3,43819.1,28.12,26901.88,,,,,
7076,8/30/2026 1:18,72.28,5.45,4.63,72.14,41487,43980.6,28.24,26997.36,,,,,
7077,8/30/2026 1:33,72.28,5.49,4.66,72.14,41569.3,44067.8,28.3,27050.92,,,,,
7078,8/30/2026 1:48,72.27,5.36,4.55,72.12,41424.2,43925.7,28.2,26956.5,,,,,
7079,8/30/2026 2:03,72.26,5.22,4.44,72.11,41146.9,43634.6,27.99,26776.05,,,,,
7080,8/30/2026 2:18,72.18,5.31,4.51,72.03,41054.9,43583.4,27.95,26716.17,,,,,
7081,8/30/2026 2:33,72.11,5.24,4.46,71.97,41073.1,43634.7,27.99,26728,,,,,
7082,8/30/2026 2:48,72.15,5.06,4.29,72.03,41332.4,43878,28.16,26896.76,,,,,
7083,8/30/2026 3:03,72.19,4.81,4.09,72.08,41169.4,43675.9,28.02,26790.68,,,,,
7084,8/30/2026 3:18,72.27,4.56,3.88,72.16,40819.3,43261.1,27.73,26562.81,,,,,
7085,8/30/2026 3:33,72.31,4.34,3.69,72.16,41087,43547.8,27.93,26737.04,,,,,
7086,8/30/2026 3:48,72.23,4.09,3.49,72.06,40420.8,42890.3,27.46,26303.54,,,,,
7087,8/30/2026 4:03,72.23,3.93,3.35,72.08,40593.1,43067.4,27.59,26415.67,,,,,
7088,8/30/2026 4:18,72.17,3.78,3.22,72.01,40417.6,42918.4,27.48,26301.47,,,,,
7089,8/30/2026 4:33,72.14,3.65,3.12,71.96,40139.6,42645.9,27.28,26120.54,,,,,
7090,8/30/2026 4:48,72.05,3.42,2.91,71.89,41064.3,43669.1,28.01,26722.3,,,,,
7091,8/30/2026 5:03,71.97,3.3,2.81,71.81,40797.1,43428.4,27.84,26548.38,,,,,
7092,8/30/2026 5:18,71.86,3.13,2.66,71.69,41115.9,43829.3,28.12,26755.86,,,,,
7093,8/30/2026 5:33,71.75,3.05,2.59,71.58,40978.4,43747.1,28.06,26666.35,,,,,
7094,8/30/2026 5:48,71.69,2.97,2.52,71.51,40970.8,43777.1,28.08,26661.43,,,,,
7095,8/30/2026 6:03,71.55,2.74,2.33,71.37,40886,43759.9,28.06,26606.22,,,,,
7096,8/30/2026 6:18,71.41,2.61,2.22,71.23,40799.3,43743.5,28.04,26549.86,,,,,
7097,8/30/2026 6:33,71.28,2.42,2.06,71.09,40627.3,43635.4,27.96,26437.93,,,,,
7098,8/30/2026 6:48,71.11,2.32,1.97,70.92,40667,43769.4,28.05,26463.73,,,,,
7099,8/30/2026 7:03,70.91,2.19,1.86,70.72,40606.9,43820,28.08,26424.62,,,,,
7100,8/30/2026 7:18,70.74,2.16,1.84,70.58,40507.5,43789.8,28.06,26359.95,,,,,
7101,8/30/2026 7:33,70.63,2.15,1.83,70.46,40479,43824.3,28.08,26341.41,,,,,
7102,8/30/2026 7:48,70.53,1.99,1.69,70.39,40492.1,43874.1,28.11,26349.93,,,,,
7103,8/30/2026 8:03,70.51,1.67,1.41,70.4,40466.7,43840.6,28.09,26333.37,,,,,
7104,8/30/2026 8:18,70.43,1.71,1.45,70.29,40421.5,43854.2,28.09,26303.99,,,,,
7105,8/30/2026 8:33,70.54,1.48,1.26,70.5,40501,43824.2,28.08,26355.69,,,,,
7106,8/30/2026 8:48,70.7,1.4,1.19,70.5,40520,43844.8,28.09,26368.1,,,,,
7107,8/30/2026 9:03,70.49,1.77,1.51,70.31,40491.2,43920.8,28.14,26349.34,,,,,
7108,8/30/2026 9:18,70.42,1.79,1.52,70.31,40492,43921.6,28.14,26349.83,,,,,
7109,8/30/2026 9:33,70.62,1.95,1.66,70.55,40539,43835.6,28.09,26380.42,,,,,
7110,8/30/2026 9:48,70.89,2.22,1.89,70.78,40660.7,43842.4,28.1,26459.63,,,,,
7111,8/30/2026 10:03,71.28,2.45,2.08,71.22,40877.7,43833.5,28.11,26600.87,,,,,
7112,8/30/2026 10:18,71.47,2.56,2.17,71.4,40683,43525.1,27.89,26474.12,,,,,
7113,8/30/2026 10:33,71.73,2.86,2.43,71.62,40701.7,43425.5,27.83,26486.3,,,,,
7114,8/30/2026 10:48,72.07,3.13,2.67,71.97,40566.4,43093.6,27.6,26398.3,,,,,
7115,8/30/2026 11:03,72.32,3.51,2.99,72.2,40627.3,43034.8,27.57,26437.93,,,,,
7116,8/30/2026 11:18,72.42,3.8,3.24,72.3,40866.2,43236,27.71,26593.38,,,,,
7117,8/30/2026 11:33,72.52,4.11,3.49,72.38,41094.4,43434.2,27.86,26741.89,,,,,
7118,8/30/2026 11:48,72.57,4.34,3.69,72.44,41398.5,43726.5,28.07,26939.73,,,,,
7119,8/30/2026 12:03,72.48,4.72,4.01,72.33,41571,43964.2,28.23,27052.03,,,,,
7120,8/30/2026 12:18,72.43,4.99,4.24,72.29,41559.4,43978.1,28.24,27044.44,,,,,
7121,8/30/2026 12:33,72.48,5.17,4.39,72.32,41624.6,44026.6,28.28,27086.86,,,,,
7122,8/30/2026 12:48,72.48,5.24,4.46,72.35,41219.3,43586.4,27.96,26823.15,,,,,
7123,8/30/2026 13:03,72.51,5.19,4.42,72.37,41211.4,43566.4,27.95,26817.97,,,,,
7124,8/30/2026 13:18,72.47,5.28,4.49,72.31,41302.4,43694.6,28.04,26877.24,,,,,
7125,8/30/2026 13:33,72.36,5.29,4.5,72.18,41352.6,43814.7,28.12,26909.9,,,,,
7126,8/30/2026 13:48,72.24,5.34,4.53,72.09,41412.6,43930.9,28.2,26948.92,,,,,
7127,8/30/2026 14:03,72.17,5.37,4.56,72.01,41235,43783.3,28.09,26833.34,,,,,
7128,8/30/2026 14:18,72.15,5.15,4.38,72.05,41357.6,43893,28.17,26913.11,,,,,
7129,8/30/2026 14:33,72.63,5.37,4.57,72.54,41494.7,43770,28.1,27002.38,,,,,
7130,8/30/2026 14:48,72.77,5.42,4.62,72.65,41113.3,43313,27.78,26754.14,,,,,
7131,8/30/2026 15:03,72.93,5.45,4.64,72.78,41046.7,43171.4,27.68,26710.82,,,,,
7132,8/30/2026 15:18,72.97,5.38,4.59,72.84,40934.2,43024.6,27.58,26637.61,,,,,
7133,8/30/2026 15:33,73.06,5.27,4.5,72.93,41028.4,43075.2,27.62,26698.95,,,,,
7134,8/30/2026 15:48,73.13,5.13,4.38,72.99,40886.1,42894.6,27.49,26606.33,,,,,
7135,8/30/2026 16:03,73.21,5,4.27,73.08,40782.2,42734.8,27.38,26538.7,,,,,
7136,8/30/2026 16:18,73.31,4.85,4.15,73.19,40746.3,42643.7,27.31,26515.32,,,,,
7137,8/30/2026 16:33,73.39,4.69,4.01,73.25,40572.6,42428.5,27.16,26402.33,,,,,
7138,8/30/2026 16:48,73.45,4.53,3.87,73.36,40806.9,42617.3,27.3,26554.77,,,,,
7139,8/30/2026 17:03,73.63,4.3,3.67,73.6,41065.4,42763.5,27.41,26722.98,,,,,
7140,8/30/2026 17:18,73.77,4.1,3.5,73.68,41137,42793.1,27.43,26769.58,,,,,
7141,8/30/2026 17:33,73.9,3.92,3.34,73.77,41238.8,42851.3,27.48,26835.83,,,,,
7142,8/30/2026 17:48,73.83,3.69,3.15,73.65,41463.9,43153,27.69,26982.34,,,,,
7143,8/30/2026 18:03,73.6,3.7,3.16,73.46,40942.6,42705.6,27.37,26643.06,,,,,
7144,8/30/2026 18:18,73.6,3.53,3.01,73.45,41015.7,42787.6,27.42,26690.67,,,,,
7145,8/30/2026 18:33,73.52,3.35,2.86,73.35,40930.3,42749,27.39,26635.1,,,,,
7146,8/30/2026 18:48,73.42,3.22,2.75,73.27,40869.1,42730.1,27.38,26595.27,,,,,
7147,8/30/2026 19:03,73.35,3.06,2.61,73.2,40808.9,42703.7,27.36,26556.07,,,,,
7148,8/30/2026 19:18,73.3,2.92,2.49,73.15,40783.5,42699.6,27.35,26539.56,,,,,
7149,8/30/2026 19:33,73.24,2.71,2.32,73.09,40731.6,42679,27.34,26505.8,,,,,
7150,8/30/2026 19:48,73.14,2.6,2.22,72.98,40599.6,42599.7,27.28,26419.87,,,,,
7151,8/30/2026 20:03,73.07,2.45,2.09,72.92,40395.3,42413.3,27.14,26286.93,,,,,
7152,8/30/2026 20:18,72.97,2.28,1.94,72.82,40702.6,42786.8,27.41,26486.92,,,,,
7153,8/30/2026 20:33,72.91,2.18,1.86,72.75,40682.3,42802.3,27.42,26473.7,,,,,
7154,8/30/2026 20:48,72.73,1.94,1.66,72.54,40565.1,42792.3,27.4,26397.45,,,,,
7155,8/30/2026 21:03,72.69,1.76,1.5,72.51,40346.4,42578.5,27.25,26255.09,,,,,
7156,8/30/2026 21:18,72.81,2.06,1.75,72.68,40687,42847,27.45,26476.76,,,,,
7157,8/30/2026 21:33,72.86,2.21,1.89,72.72,40444.7,42572.1,27.25,26319.08,,,,,
7158,8/30/2026 21:48,72.72,2.27,1.94,72.57,40623.7,42837,27.44,26435.53,,,,,
7159,8/30/2026 22:03,72.79,2.47,2.11,72.67,40536.3,42693.9,27.34,26378.71,,,,,
7160,8/30/2026 22:18,72.74,2.65,2.26,72.59,40553.3,42751.4,27.38,26389.72,,,,,
7161,8/30/2026 22:33,72.7,2.72,2.33,72.58,40155.4,42340.4,27.08,26130.84,,,,,
7162,8/30/2026 22:48,72.71,2.91,2.48,72.57,40713.1,42931.3,27.5,26493.73,,,,,
7163,8/30/2026 23:03,72.69,3.16,2.7,72.56,40196.8,42395.3,27.12,26157.77,,,,,
7164,8/30/2026 23:18,72.63,3.44,2.94,72.49,39826.6,42038.3,26.87,25916.88,,,,,
7165,8/30/2026 23:33,72.55,3.67,3.14,72.39,40337.6,42631.4,27.28,26249.41,,,,,
7166,8/30/2026 23:48,72.46,3.92,3.35,72.31,40135,42459.6,27.16,26117.55,,,,,
7167,8/31/2026 0:03,72.35,4.14,3.53,72.19,40601.6,43013.3,27.55,26421.19,,,,,
7168,8/31/2026 0:18,72.22,4.47,3.8,72.03,41091.3,43622.1,27.98,26739.86,,,,,
7169,8/31/2026 0:33,72.02,4.64,3.95,71.83,41145.4,43784.6,28.09,26775.07,,,,,
7170,8/31/2026 0:48,71.79,4.78,4.06,71.61,40922.3,43669.7,28,26629.86,,,,,
7171,8/31/2026 1:03,71.65,4.84,4.13,71.48,40047.1,42804.6,27.38,26060.36,,,,,
7172,8/31/2026 1:18,71.57,4.92,4.17,71.4,41057.6,43928.8,28.18,26717.89,,,,,
7173,8/31/2026 1:33,71.51,4.93,4.18,71.35,41223.6,44133.1,28.32,26825.92,,,,,
7174,8/31/2026 1:48,71.42,5,4.24,71.26,41042.7,43986.7,28.22,26708.21,,,,,
7175,8/31/2026 2:03,71.38,4.98,4.22,71.22,41202.6,44181.9,28.36,26812.3,,,,,
7176,8/31/2026 2:18,71.33,4.96,4.2,71.18,41548.7,44573.9,28.63,27037.47,,,,,
7177,8/31/2026 2:33,71.34,4.76,4.03,71.21,41419,44416.9,28.52,26953.1,,,,,
7178,8/31/2026 2:48,71.4,4.8,4.07,71.25,41102,44059.2,28.27,26746.83,,,,,
7179,8/31/2026 3:03,71.42,4.71,4.02,71.27,39974.4,42838.9,27.4,26013.05,,,,,
7180,8/31/2026 3:18,71.46,4.68,4.09,71.32,34310.6,36744.5,23.12,22327.36,,,,,
7181,8/31/2026 3:33,71.55,4.54,3.93,71.42,37131.1,39714.4,25.19,24162.79,,,,,
7182,8/31/2026 3:48,71.61,4.38,3.75,71.48,38864,41540,26.48,25290.47,,,,,
7183,8/31/2026 4:03,71.64,4.23,3.62,71.49,39786.7,42517.7,27.18,25890.92,,,,,
7184,8/31/2026 4:18,71.72,4.02,3.43,71.57,39925.8,42626.3,27.26,25981.4,,,,,
7185,8/31/2026 4:33,71.72,3.86,3.3,71.56,40003.9,42712.5,27.32,26032.2,,,,,
7186,8/31/2026 4:48,71.68,3.69,3.15,71.53,39798.3,42510.1,27.17,25898.45,,,,,
7187,8/31/2026 5:03,71.65,3.54,3.03,71.49,39610.5,42332.2,27.05,25776.2,,,,,
7188,8/31/2026 5:18,71.63,3.39,2.88,71.44,40879,43714.3,28.03,26601.71,,,,,
7189,8/31/2026 5:33,71.53,3.21,2.72,71.31,41208.9,44138.1,28.33,26816.38,,,,,
7190,8/31/2026 5:48,71.37,3.02,2.56,71.17,41654.8,44696.8,28.72,27106.54,,,,,
7191,8/31/2026 6:03,71.21,2.84,2.41,71.05,41416.2,44506.6,28.58,26951.26,,,,,
7192,8/31/2026 6:18,71.14,2.68,2.27,71.02,41426.1,44535.2,28.6,26957.7,,,,,
7193,8/31/2026 6:33,71.16,2.48,2.1,71.03,41363.2,44458.6,28.55,26916.76,,,,,
7194,8/31/2026 6:48,71.16,2.37,2,70.98,41383.2,44507.1,28.58,26929.77,,,,,
7195,8/31/2026 7:03,71.05,2.25,1.91,70.88,41054.2,44212.9,28.37,26715.69,,,,,
7196,8/31/2026 7:18,70.95,2.11,1.79,70.78,40926.3,44125.8,28.3,26632.45,,,,,
7197,8/31/2026 7:33,70.86,1.9,1.62,70.68,40841.1,44090.6,28.27,26577,,,,,
7198,8/31/2026 7:48,70.75,1.86,1.58,70.59,40796.3,44095.9,28.27,26547.86,,,,,
7199,8/31/2026 8:03,70.66,1.76,1.49,70.52,41177.8,44547.5,28.59,26796.12,,,,,
7200,8/31/2026 8:18,70.69,1.7,1.44,70.56,40727.3,44036.3,28.23,26503,,,,,
7201,8/31/2026 8:33,70.83,1.78,1.52,70.7,40447.8,43657.1,27.96,26321.08,,,,,
7202,8/31/2026 8:48,70.94,1.8,1.53,70.8,40066,43189.5,27.63,26072.61,,,,,
7203,8/31/2026 9:03,71.09,1.73,1.48,71.01,40115.4,43132,27.6,26104.78,,,,,
7204,8/31/2026 9:18,71.27,1.72,1.46,71.15,40367.8,43324.5,27.74,26269.01,,,,,
7205,8/31/2026 9:33,71.21,1.65,1.4,71.01,40172.4,43193.3,27.64,26141.9,,,,,
7206,8/31/2026 9:48,71.29,1.74,1.48,71.19,40027.7,42936.4,27.47,26047.7,,,,,
7207,8/31/2026 10:03,71.41,1.8,1.54,71.34,40059.1,42892.2,27.44,26068.16,,,,,
7208,8/31/2026 10:18,71.57,1.93,1.65,71.44,39856.8,42621.2,27.25,25936.53,,,,,
7209,8/31/2026 10:33,71.86,2.04,1.74,71.7,39736.1,42355.7,27.07,25857.98,,,,,
7210,8/31/2026 10:48,72.07,2.08,1.78,71.92,39788.1,42292.2,27.03,25891.8,,,,,
7211,8/31/2026 11:03,72.23,2.46,2.11,72.13,39733,42123.9,26.92,25855.97,,,,,
7212,8/31/2026 11:18,72.54,2.71,2.32,72.44,39572.9,41795.5,26.69,25751.78,,,,,
7213,8/31/2026 11:33,72.73,3.03,2.6,72.63,39450.4,41572.2,26.54,25672.04,,,,,
7214,8/31/2026 11:48,72.81,3.42,2.93,72.66,39606,41719.6,26.64,25773.3,,,,,
7215,8/31/2026 12:03,72.85,3.58,3.07,72.71,39839.7,41938,26.8,25925.37,,,,,
7216,8/31/2026 12:18,72.78,3.99,3.42,72.64,39917.1,42058.4,26.88,25975.74,,,,,
7217,8/31/2026 12:33,72.63,4.27,3.65,72.46,39929.5,42160.9,26.95,25983.84,,,,,
7218,8/31/2026 12:48,72.64,4.5,3.85,72.51,40064,42277.7,27.04,26071.35,,,,,
7219,8/31/2026 13:03,72.77,4.63,3.96,72.65,40041.2,42183.6,26.97,26056.5,,,,,
7220,8/31/2026 13:18,72.86,4.69,4.01,72.73,40210.1,42316.6,27.07,26166.38,,,,,
7221,8/31/2026 13:33,72.78,4.71,4.03,72.61,40003.5,42163.4,26.96,26031.96,,,,,
7222,8/31/2026 13:48,72.6,4.88,4.17,72.43,39938.2,42189.7,26.97,25989.51,,,,,
7223,8/31/2026 14:03,72.39,5.09,4.35,72.21,40132.5,42507.8,27.19,26115.89,,,,,
7224,8/31/2026 14:18,72.24,5.02,4.29,72.07,40054.5,42498.7,27.18,26065.16,,,,,
7225,8/31/2026 14:33,72.15,5.04,4.31,71.98,39581.5,42041.7,26.85,25757.36,,,,,
7226,8/31/2026 14:48,72.07,5.04,4.31,71.91,39906.2,42423.3,27.12,25968.64,,,,,
7227,8/31/2026 15:03,72.07,4.85,4.15,71.96,39781.9,42265.8,27.01,25887.78,,,,,
7228,8/31/2026 15:18,72.4,4.99,4.28,72.29,39753.8,42067.5,26.88,25869.5,,,,,
7229,8/31/2026 15:33,72.96,5.15,4.41,72.93,40261.7,42267.5,27.04,26200.01,,,,,
7230,8/31/2026 15:48,73.41,5.08,4.35,73.28,40299.3,42126,26.95,26224.48,,,,,
7231,8/31/2026 16:03,73.59,5.07,4.34,73.49,40310.9,42030.2,26.89,26232.02,,,,,
7232,8/31/2026 16:18,73.71,4.97,4.26,73.6,40174.7,41833.2,26.75,26143.35,,,,,
7233,8/31/2026 16:33,73.85,4.85,4.16,73.72,40130.8,41730,26.68,26114.8,,,,,
7234,8/31/2026 16:48,73.94,4.77,4.1,73.82,39996.4,41538.5,26.54,26027.33,,,,,
7235,8/31/2026 17:03,74.03,4.65,3.99,73.92,40031.6,41523.4,26.54,26050.25,,,,,
7236,8/31/2026 17:18,74.1,4.54,3.9,73.97,39758.8,41213.5,26.32,25872.76,,,,,
7237,8/31/2026 17:33,74.25,4.42,3.8,74.15,39922.2,41293.8,26.38,25979.05,,,,,
7238,8/31/2026 17:48,74.71,4.2,3.61,74.6,39711.4,40856.9,26.08,25841.86,,,,,
7239,8/31/2026 18:03,74.88,3.97,3.42,74.82,39757.5,40795.7,26.04,25871.89,,,,,
7240,8/31/2026 18:18,75.08,3.75,3.23,74.9,39960.2,40963.8,26.16,26003.79,,,,,
7241,8/31/2026 18:33,75.12,3.5,3.02,74.95,39466.3,40431.4,25.79,25682.4,,,,,
7242,8/31/2026 18:48,74.66,3.52,3.03,74.47,39831.1,41044.1,26.21,25919.79,,,,,
7243,8/31/2026 19:03,74.51,3.4,2.93,74.35,39909.8,41184.1,26.31,25970.97,,,,,
7244,8/31/2026 19:18,74.37,3.22,2.77,74.22,39933.2,41270.1,26.36,25986.2,,,,,
7245,8/31/2026 19:33,74.27,3,2.58,74.13,40061.4,41451.3,26.49,26069.64,,,,,
7246,8/31/2026 19:48,74.15,2.89,2.48,73.99,39760.3,41207,26.31,25873.72,,,,,
7247,8/31/2026 20:03,74.02,2.71,2.33,73.85,40021.8,41548.5,26.55,26043.86,,,,,
7248,8/31/2026 20:18,73.92,2.56,2.2,73.74,39779.4,41353.7,26.41,25886.11,,,,,
7249,8/31/2026 20:33,73.75,2.33,2.01,73.61,39467.4,41094,26.22,25683.13,,,,,
7250,8/31/2026 20:48,73.64,2.22,1.91,73.53,39807.8,41486.6,26.5,25904.62,,,,,
7251,8/31/2026 21:03,73.56,2.01,1.72,73.43,40028.2,41765.6,26.7,26048.07,,,,,
7252,8/31/2026 21:18,73.51,1.99,1.71,73.37,39586.5,41337.3,26.39,25760.6,,,,,
7253,8/31/2026 21:33,73.43,1.96,1.69,73.27,39497.8,41293.6,26.36,25702.91,,,,,
7254,8/31/2026 21:48,73.48,1.91,1.64,73.29,39446,41228.6,26.31,25669.18,,,,,
7255,8/31/2026 22:03,73.52,2,1.71,73.43,39650.5,41374.2,26.42,25802.23,,,,,
7256,8/31/2026 22:18,73.46,2.03,1.74,73.3,39373.7,41147.5,26.25,25622.12,,,,,
7257,8/31/2026 22:33,73.29,2.03,1.75,73.12,39391.8,41258.8,26.33,25633.93,,,,,
7258,8/31/2026 22:48,73.27,2.36,2.02,73.12,39437.5,41309.4,26.36,25663.67,,,,,
7259,8/31/2026 23:03,73.21,2.4,2.06,73.04,39389.6,41297.3,26.35,25632.46,,,,,
7260,8/31/2026 23:18,73.17,2.63,2.26,73.04,39374.9,41284.6,26.35,25622.88,,,,,
7261,8/31/2026 23:33,73.13,2.78,2.39,73.03,39041.2,40937.5,26.1,25405.78,,,,,
7262,8/31/2026 23:48,72.98,2.88,2.46,72.79,40528.4,42620.7,27.29,26373.56,,,,,
7263,9/1/2026 0:03,72.73,3.13,2.67,72.51,40383.2,42617.4,27.28,26279.07,,,,,
7264,9/1/2026 0:18,72.44,3.4,2.92,72.24,39493.4,41814.1,26.7,25700,,,,,
7265,9/1/2026 0:33,72.25,3.61,3.1,72.09,38964.9,41331.6,26.35,25356.09,,,,,
7266,9/1/2026 0:48,72.12,3.8,3.26,71.96,38763.8,41184.2,26.25,25225.26,,,,,
7267,9/1/2026 1:03,71.91,4.06,3.48,71.69,38787.3,41347.1,26.35,25240.57,,,,,
7268,9/1/2026 1:18,71.61,4.24,3.63,71.41,39003.3,41722.4,26.61,25381.1,,,,,
7269,9/1/2026 1:33,71.31,4.37,3.74,71.13,38831.6,41687,26.58,25269.35,,,,,
7270,9/1/2026 1:48,71.15,4.44,3.8,70.99,39054.5,41999.9,26.8,25414.43,,,,,
7271,9/1/2026 2:03,71.05,4.55,3.9,70.88,38979.8,41979,26.78,25365.84,,,,,
7272,9/1/2026 2:18,70.99,4.58,3.91,70.84,39105.3,42134,26.89,25447.46,,,,,
7273,9/1/2026 2:33,70.96,4.59,3.93,70.81,38879.1,41907.3,26.72,25300.3,,,,,
7274,9/1/2026 2:48,70.92,4.59,3.9,70.76,40250.9,43409.4,27.79,26192.98,,,,,
7275,9/1/2026 3:03,70.92,4.49,3.84,70.76,38899.8,41955.1,26.76,25313.76,,,,,
7276,9/1/2026 3:18,71,4.46,3.8,70.85,39934.3,43018.5,27.52,25986.94,,,,,
7277,9/1/2026 3:33,70.98,4.46,3.8,70.84,40082.5,43186.9,27.63,26083.35,,,,,
7278,9/1/2026 3:48,71.04,4.32,3.71,70.9,38451.6,41399,26.37,25022.11,,,,,
7279,9/1/2026 4:03,71.06,4.32,3.7,70.91,39033.8,42020.1,26.81,25400.96,,,,,
7280,9/1/2026 4:18,71.15,4.13,3.51,71.04,40352.1,43366.1,27.77,26258.84,,,,,
7281,9/1/2026 4:33,71.31,4.02,3.43,71.18,39468.1,42344.7,27.05,25683.57,,,,,
7282,9/1/2026 4:48,71.4,3.93,3.36,71.27,39240.1,42049.1,26.84,25535.19,,,,,
7283,9/1/2026 5:03,71.46,3.81,3.26,71.33,39093,41863.3,26.71,25439.46,,,,,
7284,9/1/2026 5:18,71.54,3.54,3.03,71.41,39473.9,42225.9,26.97,25687.37,,,,,
7285,9/1/2026 5:33,71.58,3.43,2.94,71.43,39051,41765.1,26.64,25412.13,,,,,
7286,9/1/2026 5:48,71.61,3.33,2.86,71.45,38899.6,41594.8,26.52,25313.63,,,,,
7287,9/1/2026 6:03,71.64,3.18,2.72,71.48,39964.2,42716,27.32,26006.43,,,,,
7288,9/1/2026 6:18,71.61,3.08,2.64,71.46,38652.5,41322.2,26.33,25152.81,,,,,
7289,9/1/2026 6:33,71.47,2.87,2.45,71.32,39686.5,42504.6,27.16,25825.68,,,,,
7290,9/1/2026 6:48,71.34,2.64,2.26,71.18,39295.1,42159.1,26.91,25570.98,,,,,
7291,9/1/2026 7:03,71.35,2.57,2.2,71.21,39281.4,42127.3,26.89,25562.07,,,,,
7292,9/1/2026 7:18,71.4,2.44,2.08,71.27,39414.9,42239.3,26.97,25648.98,,,,,
7293,9/1/2026 7:33,71.45,2.29,1.96,71.3,39299.8,42098.9,26.88,25574.02,,,,,
7294,9/1/2026 7:48,71.41,2.02,1.72,71.26,39564.5,42402.4,27.09,25746.29,,,,,
7295,9/1/2026 8:03,71.36,1.86,1.59,71.21,39720.6,42598.4,27.23,25847.88,,,,,
7296,9/1/2026 8:18,71.32,1.82,1.56,71.17,39652.8,42545.7,27.19,25803.76,,,,,
7297,9/1/2026 8:33,71.28,1.49,1.27,71.13,39739.6,42659,27.27,25860.27,,,,,
7298,9/1/2026 8:48,71.11,1.58,1.34,70.91,39555.8,42582,27.21,25740.6,,,,,
7299,9/1/2026 9:03,70.86,1.83,1.56,70.75,39201.4,42286.1,26.99,25510.02,,,,,
7300,9/1/2026 9:18,70.65,1.61,1.38,70.24,38410.7,41698.1,26.56,24995.46,,,,,
7301,9/1/2026 9:33,70.76,1.59,1.36,70.51,38646.7,41812.2,26.65,25149.05,,,,,
7302,9/1/2026 9:48,70.65,1.5,1.28,70.46,38492,41670.2,26.55,25048.36,,,,,
7303,9/1/2026 10:03,70.47,1.72,1.48,70.29,38095.8,41333.8,26.3,24790.56,,,,,
7304,9/1/2026 10:18,70.56,1.47,1.26,70.43,38285.2,41463.2,26.4,24913.78,,,,,
7305,9/1/2026 10:33,70.56,1.44,1.23,70.41,38690.7,41913.8,26.72,25177.7,,,,,
7306,9/1/2026 10:48,70.75,1.74,1.49,70.61,38391.8,41483,26.42,24983.18,,,,,
7307,9/1/2026 11:03,70.95,1.93,1.65,70.83,38561.9,41554.1,26.48,25093.84,,,,,
7308,9/1/2026 11:18,71.05,2.09,1.79,70.91,38307,41234.8,26.25,24927.96,,,,,
7309,9/1/2026 11:33,71.08,2.23,1.91,70.94,38655.5,41598.8,26.51,25154.75,,,,,
7310,9/1/2026 11:48,71.16,2.46,2.11,71.04,38269.6,41128,26.18,24903.62,,,,,
7311,9/1/2026 12:03,71.28,2.7,2.32,71.15,38494.9,41314.5,26.32,25050.28,,,,,
7312,9/1/2026 12:18,71.28,3,2.57,71.11,38626.2,41477.7,26.43,25135.7,,,,,
7313,9/1/2026 12:33,71.25,3.27,2.8,71.12,39001.2,41874.8,26.71,25379.76,,,,,
7314,9/1/2026 12:48,71.25,3.48,2.97,71.1,39468.8,42385.4,27.07,25684.04,,,,,
7315,9/1/2026 13:03,71.14,3.72,3.18,70.95,38992,41955.3,26.76,25373.73,,,,,
7316,9/1/2026 13:18,70.89,3.83,3.28,70.67,39129.6,42248.6,26.96,25463.27,,,,,
7317,9/1/2026 13:33,70.71,4.12,3.52,70.52,39081.9,42277.3,26.98,25432.24,,,,,
7318,9/1/2026 13:48,70.58,4.28,3.66,70.4,38947.7,42195,26.92,25344.94,,,,,
7319,9/1/2026 14:03,70.52,4.4,3.75,70.38,39256.4,42543.9,27.16,25545.81,,,,,
7320,9/1/2026 14:18,70.51,4.49,3.83,70.34,39289.6,42597.2,27.2,25567.39,,,,,
7321,9/1/2026 14:33,70.44,4.57,3.9,70.27,39247.1,42591.6,27.19,25539.72,,,,,
7322,9/1/2026 14:48,70.35,4.59,3.92,70.18,39392.5,42796,27.34,25634.39,,,,,
7323,9/1/2026 15:03,70.27,4.63,3.95,70.11,39154.1,42577.5,27.18,25479.22,,,,,
7324,9/1/2026 15:18,70.22,4.62,3.95,70.05,39085.2,42531.5,27.14,25434.37,,,,,
7325,9/1/2026 15:33,70.18,4.57,3.89,70.04,39451.6,42936.2,27.43,25672.85,,,,,
7326,9/1/2026 15:48,70.23,4.38,3.74,70.1,39193.6,42623.4,27.21,25504.94,,,,,
7327,9/1/2026 16:03,70.31,4.55,3.89,70.19,39232.6,42616.4,27.21,25530.3,,,,,
7328,9/1/2026 16:18,70.55,4.68,4,70.45,39136.1,42373.2,27.04,25467.51,,,,,
7329,9/1/2026 16:33,70.71,4.3,3.68,70.6,38870.7,42008.9,26.79,25294.78,,,,,
7330,9/1/2026 16:48,70.8,4.45,3.81,70.66,38717.2,41811.9,26.65,25194.92,,,,,
7331,9/1/2026 17:03,70.94,4.26,3.65,70.81,38655.5,41666.3,26.55,25154.79,,,,,
7332,9/1/2026 17:18,71.07,4.14,3.55,70.93,38617.4,41560.6,26.48,25129.99,,,,,
7333,9/1/2026 17:33,71.16,3.99,3.43,71.01,38529.8,41424.4,26.39,25072.97,,,,,
7334,9/1/2026 17:48,71.23,3.87,3.32,71.09,38556.1,41413.6,26.38,25090.06,,,,,
7335,9/1/2026 18:03,71.31,3.7,3.17,71.17,38573.5,41390.5,26.37,25101.44,,,,,
7336,9/1/2026 18:18,71.39,3.31,2.85,71.24,38198.8,40949.8,26.06,24857.6,,,,,
7337,9/1/2026 18:33,71.45,3.24,2.79,71.31,38240.6,40961.6,26.07,24884.79,,,,,
7338,9/1/2026 18:48,71.46,3.11,2.67,71.31,38349.8,41078.5,26.15,24955.82,,,,,
7339,9/1/2026 19:03,71.45,2.94,2.53,71.31,37935.7,40632.2,25.84,24686.36,,,,,
7340,9/1/2026 19:18,71.43,2.72,2.34,71.26,38074.7,40805.8,25.96,24776.85,,,,,
7341,9/1/2026 19:33,71.39,2.6,2.24,71.23,37937.2,40677.6,25.87,24687.34,,,,,
7342,9/1/2026 19:48,71.34,2.54,2.18,71.18,38104.3,40881.4,26.01,24796.05,,,,,
7343,9/1/2026 20:03,71.29,2.43,2.09,71.13,37922,40707.8,25.89,24677.43,,,,,
7344,9/1/2026 20:18,71.22,2.34,2.01,71.05,37759.4,40574.2,25.79,24571.62,,,,,
7345,9/1/2026 20:33,71.15,2.15,1.86,70.99,37417.1,40239,25.55,24348.91,,,,,
7346,9/1/2026 20:48,71.08,1.95,1.68,70.91,37841.2,40733.5,25.9,24624.85,,,,,
7347,9/1/2026 21:03,71,1.84,1.58,70.83,37541.1,40454.1,25.7,24429.57,,,,,
7348,9/1/2026 21:18,70.88,1.73,1.49,70.72,37579.4,40552.9,25.77,24454.48,,,,,
7349,9/1/2026 21:33,70.79,1.57,1.35,70.6,38143.5,41220.3,26.23,24821.62,,,,,
7350,9/1/2026 21:48,70.69,1.43,1.22,70.54,38273.4,41391.4,26.35,24906.11,,,,,
7351,9/1/2026 22:03,70.63,1.5,1.29,70.49,38189,41325.3,26.3,24851.17,,,,,
7352,9/1/2026 22:18,70.56,1.37,1.18,70.4,37356.6,40474,25.7,24309.54,,,,,
7353,9/1/2026 22:33,70.5,1.29,1.11,70.34,37440.4,40595.1,25.78,24364.05,,,,,
7354,9/1/2026 22:48,70.51,1.24,1.07,70.37,36657.6,39732.9,25.18,23854.66,,,,,
7355,9/1/2026 23:03,70.51,1.18,1.01,70.35,37596.1,40758.4,25.9,24465.4,,,,,
7356,9/1/2026 23:18,70.51,1.49,1.28,70.39,38809.8,42051.3,26.81,25255.17,,,,,
7357,9/1/2026 23:33,70.64,1.59,1.36,70.5,38265.5,41405.4,26.36,24901.01,,,,,
7358,9/1/2026 23:48,70.59,1.68,1.44,70.45,38319.3,41491.7,26.42,24936.02,,,,,
7359,9/2/2026 0:03,70.62,1.83,1.57,70.46,38119.8,41270.1,26.26,24806.17,,,,,
7360,9/2/2026 0:18,70.59,1.93,1.66,70.41,37943.6,41101.6,26.14,24691.52,,,,,
7361,9/2/2026 0:33,70.67,2.13,1.82,70.54,38290.7,41410.2,26.37,24917.4,,,,,
7362,9/2/2026 0:48,70.8,2.41,2.06,70.63,38586.7,41682.2,26.56,25110,,,,,
7363,9/2/2026 1:03,70.75,2.68,2.3,70.58,38743.8,41883.2,26.7,25212.24,,,,,
7364,9/2/2026 1:18,70.67,2.89,2.47,70.51,38715.8,41889.7,26.7,25193.99,,,,,
7365,9/2/2026 1:33,70.6,3.05,2.61,70.44,38966.3,42198,26.92,25357.03,,,,,
7366,9/2/2026 1:48,70.48,3.25,2.77,70.31,39257.8,42580,27.19,25546.68,,,,,
7367,9/2/2026 2:03,70.28,3.41,2.91,70.11,39077.6,42494.3,27.12,25429.43,,,,,
7368,9/2/2026 2:18,70.08,3.54,3.02,69.9,39294.6,42844.1,27.36,25570.65,,,,,
7369,9/2/2026 2:33,69.97,3.62,3.1,69.8,38329.8,41846.4,26.65,24942.81,,,,,
7370,9/2/2026 2:48,69.86,3.69,3.16,69.69,38220.3,41784,26.6,24871.57,,,,,
7371,9/2/2026 3:03,69.79,3.71,3.21,69.64,36087.5,39479.3,24.98,23483.66,,,,,
7372,9/2/2026 3:18,69.75,3.72,3.2,69.61,36642.5,40100.2,25.41,23844.83,,,,,
7373,9/2/2026 3:33,69.75,3.66,3.11,69.58,39850.6,43626,27.91,25932.49,,,,,
7374,9/2/2026 3:48,69.72,3.62,3.11,69.57,37248.8,40786.1,25.9,24239.36,,,,,
7375,9/2/2026 4:03,69.76,3.43,2.95,69.61,37336,40856.4,25.95,24296.14,,,,,
7376,9/2/2026 4:18,69.81,3.56,3.04,69.65,38942.4,42596.7,27.18,25341.48,,,,,
7377,9/2/2026 4:33,69.8,3.52,3.01,69.65,38195.2,41776.6,26.6,24855.26,,,,,
7378,9/2/2026 4:48,69.86,3.46,2.82,69.74,48805.6,53323.4,34.93,31759.85,,,,,
7379,9/2/2026 5:03,69.96,3.4,2.92,69.82,37351.9,40764.9,25.89,24306.46,,,,,
7380,9/2/2026 5:18,70.06,3.29,2.83,69.92,37136.7,40480.2,25.69,24166.45,,,,,
7381,9/2/2026 5:33,70.1,3.19,2.78,69.95,34047.3,37099.9,23.33,22155.99,,,,,
7382,9/2/2026 5:48,70.14,3.04,2.63,70,36213.7,39436.4,24.96,23565.79,,,,,
7383,9/2/2026 6:03,70.17,2.96,2.6,70.02,32441.2,35318.6,22.1,21110.87,,,,,
7384,9/2/2026 6:18,70.18,2.84,2.5,70.03,32411.9,35279.5,22.07,21091.83,,,,,
7385,9/2/2026 6:33,70.17,2.62,2.3,70.03,32263.1,35119.9,21.96,20994.96,,,,,
7386,9/2/2026 6:48,70.11,2.5,2.2,69.93,32219.5,35115.5,21.95,20966.6,,,,,
7387,9/2/2026 7:03,69.98,2.3,2.02,69.79,32009.4,34950.9,21.84,20829.87,,,,,
7388,9/2/2026 7:18,69.86,2.13,1.87,69.7,32024.9,35006.1,21.87,20839.95,,,,,
7389,9/2/2026 7:33,69.82,2.05,1.81,69.68,31949.1,34932.9,21.82,20790.66,,,,,
7390,9/2/2026 7:48,69.86,1.96,1.72,69.71,32343.7,35349.7,22.11,21047.39,,,,,
7391,9/2/2026 8:03,69.89,1.9,1.67,69.75,31837,34779.4,21.72,20717.71,,,,,
7392,9/2/2026 8:18,69.9,1.81,1.6,69.75,31924.5,34872.5,21.78,20774.59,,,,,
7393,9/2/2026 8:33,69.9,1.5,1.32,69.74,32086.4,35056.5,21.91,20879.95,,,,,
7394,9/2/2026 8:48,69.9,1.33,1.17,69.74,32123.9,35095.1,21.93,20904.35,,,,,
7395,9/2/2026 9:03,69.9,1.54,1.35,69.75,31982.4,34935.8,21.82,20812.3,,,,,
7396,9/2/2026 9:18,69.92,1.49,1.31,69.75,31970.5,34922.8,21.82,20804.56,,,,,
7397,9/2/2026 9:33,69.93,1.42,1.25,69.76,31720.5,34644.9,21.62,20641.84,,,,,
7398,9/2/2026 9:48,69.97,1.48,1.3,69.82,31644.5,34538.3,21.55,20592.39,,,,,
7399,9/2/2026 10:03,70.1,1.62,1.43,70,31851.1,34685.6,21.66,20726.85,,,,,
7400,9/2/2026 10:18,70.3,1.67,1.47,70.15,31578.7,34321.1,21.41,20549.6,,,,,
7401,9/2/2026 10:33,70.42,1.7,1.5,70.24,31596.9,34303.5,21.4,20561.44,,,,,
7402,9/2/2026 10:48,70.36,1.55,1.37,70.18,31515.4,34240.7,21.36,20508.43,,,,,
7403,9/2/2026 11:03,70.4,1.53,1.35,70.27,31417.3,34092.3,21.26,20444.57,,,,,
7404,9/2/2026 11:18,70.73,1.67,1.47,70.63,31902.5,34464.2,21.52,20760.33,,,,,
7405,9/2/2026 11:33,71.04,1.71,1.51,70.92,31888.2,34323.2,21.43,20751.03,,,,,
7406,9/2/2026 11:48,71.17,1.84,1.62,71.05,32006.3,34392.3,21.48,20827.87,,,,,
7407,9/2/2026 12:03,71.18,1.97,1.73,71.07,32162.5,34553.1,21.59,20929.47,,,,,
7408,9/2/2026 12:18,71.14,2.12,1.86,70.97,32381,34830.1,21.78,21071.66,,,,,
7409,9/2/2026 12:33,71.4,2.43,2.14,71.32,32524.1,34833.6,21.79,21164.81,,,,,
7410,9/2/2026 12:48,71.53,2.72,2.4,71.4,32651.6,34932.6,21.86,21247.78,,,,,
7411,9/2/2026 13:03,71.57,3.08,2.71,71.41,33031.8,35334.6,22.14,21495.16,,,,,
7412,9/2/2026 13:18,71.47,3.3,2.91,71.33,32983.6,35318.6,22.13,21463.83,,,,,
7413,9/2/2026 13:33,71.24,3.48,3.06,71.04,33113.1,35586.4,22.31,21548.12,,,,,
7414,9/2/2026 13:48,71.04,3.69,3.24,70.86,33111.7,35666.6,22.36,21547.18,,,,,
7415,9/2/2026 14:03,70.99,3.9,3.42,70.83,33327.1,35910.7,22.52,21687.33,,,,,
7416,9/2/2026 14:18,71.01,4.06,3.56,70.88,33487.2,36063.7,22.63,21791.54,,,,,
7417,9/2/2026 14:33,71.02,4.22,3.7,70.84,33559.5,36158.7,22.7,21838.59,,,,,
7418,9/2/2026 14:48,70.93,4.32,3.79,70.74,33612.5,36259.9,22.76,21873.09,,,,,
7419,9/2/2026 15:03,70.75,4.42,3.87,70.59,33576,36291.7,22.78,21849.33,,,,,
7420,9/2/2026 15:18,70.55,4.52,3.96,70.38,33423.4,36222.4,22.73,21750.02,,,,,
7421,9/2/2026 15:33,70.35,4.58,4.01,70.17,33431.5,36327.4,22.8,21755.29,,,,,
7422,9/2/2026 15:48,70.18,4.62,4.04,70,33431.1,36403.8,22.85,21755.06,,,,,
7423,9/2/2026 16:03,70.05,4.67,4.08,69.88,33490,36522.7,22.93,21793.37,,,,,
7424,9/2/2026 16:18,69.98,4.66,4.07,69.82,33694,36772.7,23.1,21926.11,,,,,
7425,9/2/2026 16:33,69.99,4.53,3.97,69.87,33318.7,36340.8,22.8,21681.92,,,,,
7426,9/2/2026 16:48,70.21,4.69,4.1,70.08,33435.7,36374,22.83,21758.05,,,,,
7427,9/2/2026 17:03,70.66,4.77,4.17,70.59,33810,36544.6,22.96,22001.62,,,,,
7428,9/2/2026 17:18,71.08,4.68,4.1,70.99,33487.4,36012.9,22.6,21791.65,,,,,
7429,9/2/2026 17:33,71.24,4.58,4.01,71.11,33574.3,36052.9,22.63,21848.23,,,,,
7430,9/2/2026 17:48,71.46,4.37,3.84,71.34,33481.6,35847.1,22.49,21787.91,,,,,
7431,9/2/2026 18:03,71.49,4.29,3.76,71.37,33496.8,35851.3,22.5,21797.79,,,,,
7432,9/2/2026 18:18,71.58,4.1,3.6,71.44,33521,35848.3,22.5,21813.55,,,,,
7433,9/2/2026 18:33,71.64,3.98,3.49,71.5,33458.8,35753.1,22.43,21773.08,,,,,
7434,9/2/2026 18:48,71.74,3.87,3.4,71.6,33320.1,35559.5,22.3,21682.79,,,,,
7435,9/2/2026 19:03,71.8,3.72,3.26,71.67,33578.1,35803.6,22.47,21850.67,,,,,
7436,9/2/2026 19:18,71.92,3.47,3.05,71.81,33465.6,35621.7,22.35,21777.51,,,,,
7437,9/2/2026 19:33,72.08,3.26,2.87,72.05,33487.7,35540.7,22.3,21791.86,,,,,
7438,9/2/2026 19:48,72.16,3.08,2.71,72.01,33389.4,35455.3,22.24,21727.9,,,,,
7439,9/2/2026 20:03,72.27,2.93,2.58,72.13,33339.6,35345.8,22.16,21695.52,,,,,
7440,9/2/2026 20:18,72.12,2.81,2.47,71.94,33080.1,35157.3,22.03,21526.64,,,,,
7441,9/2/2026 20:33,72.01,2.76,2.43,71.86,33373.2,35501.9,22.27,21717.34,,,,,
7442,9/2/2026 20:48,71.95,2.63,2.32,71.79,33120.2,35263.5,22.1,21552.74,,,,,
7443,9/2/2026 21:03,71.9,2.54,2.23,71.75,33061.3,35219.6,22.07,21514.42,,,,,
7444,9/2/2026 21:18,71.83,2.32,2.04,71.68,32913.3,35092.5,21.98,21418.09,,,,,
7445,9/2/2026 21:33,71.79,2.2,1.94,71.63,32853.3,35047.2,21.95,21379.03,,,,,
7446,9/2/2026 21:48,71.71,2.12,1.87,71.55,32757.8,34982.8,21.9,21316.89,,,,,
7447,9/2/2026 22:03,71.63,2.01,1.77,71.47,32670.2,34922,21.86,21259.87,,,,,
7448,9/2/2026 22:18,71.53,1.86,1.63,71.38,32648.6,34941.2,21.87,21245.83,,,,,
7449,9/2/2026 22:33,71.45,1.84,1.61,71.29,33010.2,35366.1,22.16,21481.12,,,,,
7450,9/2/2026 22:48,71.41,1.73,1.52,71.23,33430.8,35843.2,22.49,21754.83,,,,,
7451,9/2/2026 23:03,71.38,1.72,1.51,71.21,33496.9,35923.7,22.54,21797.83,,,,,
7452,9/2/2026 23:18,71.31,1.65,1.45,71.14,33248.9,35689,22.38,21636.48,,,,,
7453,9/2/2026 23:33,71.36,1.67,1.47,71.21,33187.7,35592.2,22.31,21596.66,,,,,
7454,9/2/2026 23:48,71.38,1.67,1.47,71.21,33087.1,35481.9,22.24,21531.17,,,,,
7455,9/3/2026 0:03,71.33,1.79,1.57,71.17,33188.8,35612.5,22.33,21597.33,,,,,
7456,9/3/2026 0:18,71.34,2,1.76,71.19,33212.4,35628.3,22.34,21612.72,,,,,
7457,9/3/2026 0:33,71.24,2.01,1.77,71.07,32959.8,35409.7,22.18,21448.33,,,,,
7458,9/3/2026 0:48,71.2,2.14,1.88,71.08,33201,35666.4,22.36,21605.28,,,,,
7459,9/3/2026 1:03,71.13,2.21,1.94,71.01,33086.4,35574.5,22.3,21530.75,,,,,
7460,9/3/2026 1:18,71.14,2.34,2.05,70.98,32969.1,35457.9,22.21,21454.4,,,,,
7461,9/3/2026 1:33,71.08,2.49,2.19,70.89,33129.7,35671.5,22.36,21558.9,,,,,
7462,9/3/2026 1:48,70.89,2.83,2.48,70.68,33292.5,35941.4,22.54,21664.85,,,,,
7463,9/3/2026 2:03,70.67,3.02,2.65,70.5,33392.1,36132.1,22.67,21729.66,,,,,
7464,9/3/2026 2:18,70.55,3.17,2.78,70.4,33249.3,36021.5,22.59,21636.71,,,,,
7465,9/3/2026 2:33,70.47,3.34,2.93,70.3,33359.6,36190.1,22.71,21708.48,,,,,
7466,9/3/2026 2:48,70.31,3.51,3.07,70.12,33746.4,36692,23.05,21960.2,,,,,
7467,9/3/2026 3:03,70.08,3.68,3.22,69.89,33499.8,36528.3,22.93,21799.74,,,,,
7468,9/3/2026 3:18,69.89,3.76,3.29,69.72,33440.1,36545.6,22.94,21760.92,,,,,
7469,9/3/2026 3:33,69.76,3.81,3.33,69.59,33770,36966.8,23.23,21975.57,,,,,
7470,9/3/2026 3:48,69.64,3.89,3.4,69.48,33541.4,36767,23.08,21826.83,,,,,
7471,9/3/2026 4:03,69.54,3.97,3.47,69.38,33476.2,36740.8,23.06,21784.38,,,,,
7472,9/3/2026 4:18,69.51,3.96,3.46,69.36,33362.7,36628.8,22.98,21710.5,,,,,
7473,9/3/2026 4:33,69.48,3.9,3.4,69.33,33488.4,36779.5,23.09,21792.31,,,,,
7474,9/3/2026 4:48,69.49,3.88,3.39,69.34,33147.4,36402.4,22.83,21570.41,,,,,
7475,9/3/2026 5:03,69.62,3.86,3.37,69.48,33234.7,36430.7,22.85,21627.23,,,,,
7476,9/3/2026 5:18,69.62,3.9,3.42,69.47,33244.4,36446.4,22.86,21633.55,,,,,
7477,9/3/2026 5:33,69.69,3.81,3.33,69.54,33456.7,36643.9,23,21771.71,,,,,
7478,9/3/2026 5:48,69.78,3.75,3.28,69.64,33054.6,36158.9,22.67,21510.04,,,,,
7479,9/3/2026 6:03,69.9,3.66,3.22,69.77,31629.9,34543.6,21.56,20582.91,,,,,
7480,9/3/2026 6:18,69.98,3.54,3.14,69.84,30382,33151.3,20.6,19770.83,,,,,
7481,9/3/2026 6:33,70.03,3.45,3.02,69.91,33163.3,36151.5,22.67,21580.74,,,,,
7482,9/3/2026 6:48,70.09,3.29,2.88,69.94,33071.7,36039.4,22.59,21521.14,,,,,
7483,9/3/2026 7:03,70.18,3.03,2.66,70.03,32943,35860,22.47,21437.4,,,,,
7484,9/3/2026 7:18,70.17,2.97,2.6,70.01,32951.5,35879,22.48,21442.94,,,,,
7485,9/3/2026 7:33,70.18,2.93,2.57,70.05,32926.8,35830.2,22.45,21426.88,,,,,
7486,9/3/2026 7:48,70.18,2.71,2.38,69.98,32558.9,35461.3,22.19,21187.48,,,,,
7487,9/3/2026 8:03,70.04,2.46,2.17,69.87,32458.3,35404.7,22.15,21121.98,,,,,
7488,9/3/2026 8:18,70,2.43,2.13,69.86,32220.7,35150.4,21.98,20967.4,,,,,
7489,9/3/2026 8:33,70.04,2.33,2.05,69.91,32031.4,34917.7,21.82,20844.21,,,,,
7490,9/3/2026 8:48,70.13,2.17,1.91,69.99,32079.1,34936.3,21.83,20875.21,,,,,
7491,9/3/2026 9:03,70.13,2.09,1.84,69.98,31904.1,34748,21.7,20761.33,,,,,
7492,9/3/2026 9:18,70.16,1.37,1.21,70.02,31961.1,34793.5,21.73,20798.42,,,,,
7493,9/3/2026 9:33,70.22,1.64,1.45,70.07,31858.4,34660.4,21.64,20731.6,,,,,
7494,9/3/2026 9:48,70.24,1.45,1.28,70.1,31809.8,34593.4,21.6,20699.96,,,,,
7495,9/3/2026 10:03,70.3,1.6,1.41,70.14,31714,34475.2,21.52,20637.65,,,,,
7496,9/3/2026 10:18,70.35,1.38,1.22,70.2,31570.8,34289.2,21.39,20544.48,,,,,
7497,9/3/2026 10:33,70.45,1.44,1.27,70.27,31534.4,34219.4,21.34,20520.78,,,,,
7498,9/3/2026 10:48,70.63,1.34,1.19,70.54,31482.6,34049.7,21.23,20487.08,,,,,
7499,9/3/2026 11:03,71.01,1.51,1.33,70.94,31535.6,33934.5,21.16,20521.58,,,,,
7500,9/3/2026 11:18,71.1,1.33,1.18,70.8,31619,34084,21.26,20575.8,,,,,
7501,9/3/2026 11:33,70.59,1.2,1.06,70.32,31202.9,33838.9,21.08,20305.03,,,,,
7502,9/3/2026 11:48,70.47,1.21,1.07,70.39,31267.3,33881.1,21.11,20346.95,,,,,
7503,9/3/2026 12:03,70.89,1.4,1.24,70.76,31748.5,34239.8,21.37,20660.09,,,,,
7504,9/3/2026 12:18,71,1.46,1.29,70.89,31924.7,34374,21.46,20774.74,,,,,
7505,9/3/2026 12:33,71.08,1.62,1.43,70.93,32047.5,34490,21.55,20854.67,,,,,
7506,9/3/2026 12:48,71.15,1.78,1.57,70.98,32321.4,34761.3,21.73,21032.92,,,,,
7507,9/3/2026 13:03,71.08,1.93,1.7,70.92,32325.6,34794,21.75,21035.62,,,,,
7508,9/3/2026 13:18,71.18,2.21,1.94,71.04,32374.4,34794.8,21.76,21067.39,,,,,
7509,9/3/2026 13:33,71.22,2.62,2.3,71.09,32742.8,35167,22.02,21307.11,,,,,
7510,9/3/2026 13:48,71.26,2.91,2.54,71.1,34785.6,37358.6,23.54,22636.46,,,,,
7511,9/3/2026 14:03,71.04,3.09,2.7,70.86,34497.8,37159.7,23.39,22449.21,,,,,
7512,9/3/2026 14:18,70.86,3.27,2.85,70.69,34600.8,37351.3,23.52,22516.2,,,,,
7513,9/3/2026 14:33,70.69,3.48,3.03,70.53,35000.9,37860,23.87,22776.57,,,,,
7514,9/3/2026 14:48,70.64,3.69,3.21,70.49,35342.4,38247.6,24.14,22998.82,,,,,
7515,9/3/2026 15:03,70.64,3.85,3.34,70.48,35219.9,38120.2,24.05,22919.08,,,,,
7516,9/3/2026 15:18,70.57,4.01,3.48,70.4,35507.3,38467.8,24.29,23106.1,,,,,
7517,9/3/2026 15:33,70.47,4.14,3.6,70.26,35107.8,38102.2,24.03,22846.14,,,,,
7518,9/3/2026 15:48,70.24,4.24,3.68,70.04,35293.5,38410.7,24.24,22966.96,,,,,
7519,9/3/2026 16:03,70.05,4.33,3.76,69.86,35242.2,38446.6,24.26,22933.56,,,,,
7520,9/3/2026 16:18,69.83,4.4,3.81,69.65,35468.7,38794.4,24.5,23080.99,,,,,
7521,9/3/2026 16:33,69.68,4.47,3.88,69.52,35133.6,38493.8,24.29,22862.93,,,,,
7522,9/3/2026 16:48,69.61,4.5,3.9,69.43,35161.2,38568.9,24.34,22880.87,,,,,
7523,9/3/2026 17:03,69.52,4.53,3.93,69.36,35088.6,38521.1,24.3,22833.66,,,,,
7524,9/3/2026 17:18,69.45,4.54,3.94,69.29,35042.7,38505.1,24.29,22803.8,,,,,
7525,9/3/2026 17:33,69.66,4.48,3.88,69.58,35355.6,38705.2,24.44,23007.38,,,,,
7526,9/3/2026 17:48,69.73,4.61,4,69.64,34894.6,38174.3,24.07,22707.38,,,,,
7527,9/3/2026 18:03,70.09,4.62,4.01,70,35198.2,38330.5,24.19,22904.93,,,,,
7528,9/3/2026 18:18,70.44,4.53,3.94,70.38,35086.1,38021.7,23.98,22832,,,,,
7529,9/3/2026 18:33,70.84,4.35,3.8,70.73,34647.9,37381.9,23.54,22546.85,,,,,
7530,9/3/2026 18:48,71.01,4.22,3.68,70.89,34873.6,37549.2,23.66,22693.7,,,,,
7531,9/3/2026 19:03,71.17,4.03,3.52,71.04,34314.4,36877.4,23.2,22329.82,,,,,
7532,9/3/2026 19:18,71.26,3.84,3.36,71.11,34486.3,37029.7,23.31,22441.72,,,,,
7533,9/3/2026 19:33,71.38,3.64,3.18,71.25,34522.6,37003.9,23.29,22465.32,,,,,
7534,9/3/2026 19:48,71.47,3.47,3.03,71.35,34858.6,37316.4,23.51,22683.98,,,,,
7535,9/3/2026 20:03,71.57,3.31,2.89,71.44,34506.5,36902.3,23.23,22454.86,,,,,
7536,9/3/2026 20:18,71.66,3.17,2.77,71.52,34317.7,36661,23.06,22332,,,,,
7537,9/3/2026 20:33,71.75,2.98,2.61,71.61,34066,36350.7,22.85,22168.22,,,,,
7538,9/3/2026 20:48,71.82,2.83,2.48,71.69,34274.1,36535.9,22.98,22303.58,,,,,
7539,9/3/2026 21:03,71.82,2.68,2.34,71.68,34730.4,37029.9,23.32,22600.56,,,,,
7540,9/3/2026 21:18,71.8,2.42,2.11,71.66,34873.8,37192.7,23.44,22693.87,,,,,
7541,9/3/2026 21:33,71.82,2.21,1.94,71.68,34201.7,36466.1,22.93,22256.46,,,,,
7542,9/3/2026 21:48,71.79,2.17,1.9,71.66,34057.5,36319.6,22.83,22162.63,,,,,
7543,9/3/2026 22:03,71.78,1.98,1.74,71.62,34158.7,36447.1,22.92,22228.48,,,,,
7544,9/3/2026 22:18,71.72,1.75,1.53,71.56,34055.7,36361.6,22.85,22161.51,,,,,
7545,9/3/2026 22:33,71.69,1.69,1.48,71.52,34291.7,36635.7,23.04,22315.07,,,,,
7546,9/3/2026 22:48,71.6,1.52,1.33,71.44,33685.6,36024.4,22.62,21920.66,,,,,
7547,9/3/2026 23:03,71.51,1.36,1.2,71.34,33455.1,35821.2,22.47,21770.67,,,,,
7548,9/3/2026 23:18,71.39,1.22,1.07,71.23,33426.7,35838.8,22.48,21752.14,,,,,
7549,9/3/2026 23:33,71.35,1.19,1.04,71.18,33321.8,35750.4,22.42,21683.9,,,,,
7550,9/3/2026 23:48,71.27,1.16,1.01,71.12,33524.5,35994.6,22.59,21815.82,,,,,
7551,9/4/2026 0:03,71.23,1.14,1.01,71.06,33105.1,35570.5,22.29,21542.86,,,,,
7552,9/4/2026 0:18,71.16,1.16,1.02,71.01,33081,35568.6,22.29,21527.21,,,,,
7553,9/4/2026 0:33,71.25,1.12,0.98,71.09,33330.7,35800.9,22.45,21689.68,,,,,
7554,9/4/2026 0:48,71.22,1.03,0.9,71.1,32999.1,35439.9,22.21,21473.89,,,,,
7555,9/4/2026 1:03,71.27,0.99,0.87,71.13,33162.4,35600.9,22.32,21580.18,,,,,
7556,9/4/2026 1:18,71.26,1.19,1.04,71.09,33720.9,36220.1,22.75,21943.63,,,,,
7557,9/4/2026 1:33,71.28,1.29,1.13,71.12,33443.6,35907.7,22.53,21763.19,,,,,
7558,9/4/2026 1:48,71.17,1.45,1.27,71.02,33921.1,36464.6,22.91,22073.9,,,,,
7559,9/4/2026 2:03,71.21,1.55,1.36,71.04,33824.7,36351.1,22.84,22011.14,,,,,
7560,9/4/2026 2:18,71.16,1.76,1.54,70.99,34017.8,36583.3,23,22136.84,,,,,
7561,9/4/2026 2:33,71.03,2.02,1.77,70.84,33652.9,36256.9,22.77,21899.36,,,,,
7562,9/4/2026 2:48,70.82,2.31,2.01,70.64,34389.4,37145.7,23.38,22378.64,,,,,
7563,9/4/2026 3:03,70.63,2.53,2.21,70.47,33822.4,36612.5,23,22009.66,,,,,
7564,9/4/2026 3:18,70.55,2.67,2.33,70.39,33954.3,36790.3,23.12,22095.52,,,,,
7565,9/4/2026 3:33,70.46,2.78,2.42,70.29,34346.4,37263.2,23.45,22350.64,,,,,
7566,9/4/2026 3:48,70.31,2.93,2.55,70.14,34495,37498.3,23.61,22447.34,,,,,
7567,9/4/2026 4:03,70.1,3.03,2.64,69.91,34391.6,37490.5,23.6,22380.07,,,,,
7568,9/4/2026 4:18,69.9,3.14,2.73,69.73,34914.8,38149.4,24.05,22720.54,,,,,
7569,9/4/2026 4:33,69.78,3.19,2.76,69.6,36061.2,39469.5,24.97,23466.57,,,,,
7570,9/4/2026 4:48,69.67,3.17,2.75,69.52,35504,38896.9,24.57,23103.92,,,,,
7571,9/4/2026 5:03,69.62,3.17,2.75,69.45,35731.8,39181.4,24.77,23252.18,,,,,
7572,9/4/2026 5:18,69.6,3.11,2.69,69.44,35567.1,39008.8,24.64,23145,,,,,
7573,9/4/2026 5:33,69.58,3.14,2.71,69.43,36287.8,39804.7,25.2,23613.99,,,,,
7574,9/4/2026 5:48,69.62,2.92,2.53,69.46,35305.9,38711.8,24.44,22975.06,,,,,
7575,9/4/2026 6:03,69.75,2.98,2.57,69.63,36065.1,39457.5,24.96,23469.09,,,,,
7576,9/4/2026 6:18,69.85,2.8,2.42,69.72,36491.7,39880.5,25.26,23746.67,,,,,
7577,9/4/2026 6:33,69.97,2.58,2.23,69.82,36244.1,39555.8,25.04,23585.55,,,,,
7578,9/4/2026 6:48,70.06,2.54,2.2,69.94,35806.7,39022.5,24.67,23300.96,,,,,
7579,9/4/2026 7:03,70.15,2.48,2.15,70.01,35686,38853.8,24.55,23222.39,,,,,
7580,9/4/2026 7:18,70.22,1.44,1.25,70.07,34530.6,37567.7,23.66,22470.51,,,,,
7581,9/4/2026 7:33,70.27,1.71,1.48,70.12,35853.9,38980.9,24.64,23331.68,,,,,
7582,9/4/2026 7:48,70.35,1.54,1.34,70.2,35007.3,38021.5,23.98,22780.72,,,,,
7583,9/4/2026 8:03,70.39,1.5,1.31,70.26,33942,36837,23.15,22087.51,,,,,
7584,9/4/2026 8:18,70.48,1.36,1.19,70.34,34786.4,37717.5,23.77,22637,,,,,
7585,9/4/2026 8:33,70.54,1.04,0.91,70.38,34059.4,36909.2,23.21,22163.9,,,,,
7586,9/4/2026 8:48,70.62,0.96,0.84,70.46,34302.1,37136.9,23.37,22321.82,,,,,
7587,9/4/2026 9:03,70.61,0.88,0.77,70.44,33457.1,36229.4,22.74,21771.93,,,,,
7588,9/4/2026 9:18,70.67,0.7,0.61,70.55,34344.9,37137.9,23.37,22349.67,,,,,
7589,9/4/2026 9:33,70.88,0.77,0.68,70.77,33951.3,36613,23.01,22093.52,,,,,
7590,9/4/2026 9:48,71.08,0.47,0.41,70.97,34663.6,37285.4,23.48,22557.07,,,,,
7591,9/4/2026 10:03,71.31,0.44,0.38,71.2,33864.4,36320.4,22.82,22037.03,,,,,
7592,9/4/2026 10:18,71.56,0.4,0.35,71.46,34592.7,36984.6,23.29,22510.96,,,,,
7593,9/4/2026 10:33,71.86,0.41,0.36,71.78,33710.8,35897.1,22.54,21937.06,,,,,
7594,9/4/2026 10:48,72.23,0.39,0.34,72.14,33641.9,35663.9,22.38,21892.23,,,,,
7595,9/4/2026 11:03,72.6,0.37,0.33,72.52,34568.6,36473.7,22.95,22495.22,,,,,
7596,9/4/2026 11:18,72.99,0.35,0.31,72.93,34677.9,36407.8,22.92,22566.36,,,,,
7597,9/4/2026 11:33,73.42,0.35,0.31,73.36,33841.6,35340.6,22.19,22022.14,,,,,
7598,9/4/2026 11:48,73.14,1.84,1.81,74.99,5193.7,5318.6,2.86,3379.77,,,,,
7599,9/4/2026 11:49,,,,,,,,,Logged,Logged,,,