#,Date-Time (EDT),Temperature   (°F),Absolute Pressure   (psi),Host Connected,End of File,Started,Button Up,Button Down
1,6/17/2026 8:49,72.39,14.6299,,,Logged,,
2,6/17/2026 9:04,73.96,14.6261,,,,,
3,6/17/2026 9:19,69.88,14.8264,,,,,
4,6/17/2026 9:34,69.9,14.7556,,,,,
5,6/17/2026 9:49,70.23,14.814,,,,,
6,6/17/2026 10:04,69.36,15.0163,,,,,
7,6/17/2026 10:19,69.13,15.1901,,,,,
8,6/17/2026 10:34,69.41,15.3851,,,,,
9,6/17/2026 10:49,69.74,15.6303,,,,,
10,6/17/2026 11:04,70,15.9153,,,,,
11,6/17/2026 11:19,70.47,16.235,,,,,
12,6/17/2026 11:34,71.22,16.5723,,,,,
13,6/17/2026 11:49,71.38,16.9387,,,,,
14,6/17/2026 12:04,71.2,17.3078,,,,,
15,6/17/2026 12:19,70.9,17.6679,,,,,
16,6/17/2026 12:34,70.62,18.0131,,,,,
17,6/17/2026 12:49,70.68,18.3184,,,,,
18,6/17/2026 13:04,70.76,18.5703,,,,,
19,6/17/2026 13:19,70.49,18.779,,,,,
20,6/17/2026 13:34,70.16,18.9108,,,,,
21,6/17/2026 13:49,69.63,19.004,,,,,
22,6/17/2026 14:04,69.07,19.0658,,,,,
23,6/17/2026 14:19,68.73,19.1052,,,,,
24,6/17/2026 14:34,68.43,19.1243,,,,,
25,6/17/2026 14:49,68.18,19.1097,,,,,
26,6/17/2026 15:04,68.21,19.0518,,,,,
27,6/17/2026 15:19,68.81,18.9351,,,,,
28,6/17/2026 15:34,70.06,18.7647,,,,,
29,6/17/2026 15:49,70.93,18.5732,,,,,
30,6/17/2026 16:04,71.69,18.3601,,,,,
31,6/17/2026 16:19,72.07,18.1311,,,,,
32,6/17/2026 16:34,72.3,17.904,,,,,
33,6/17/2026 16:49,72.65,17.68,,,,,
34,6/17/2026 17:04,73.03,17.4538,,,,,
35,6/17/2026 17:19,73.48,17.2376,,,,,
36,6/17/2026 17:34,73.8,17.0327,,,,,
37,6/17/2026 17:49,74.18,16.8276,,,,,
38,6/17/2026 18:04,74.98,16.6468,,,,,
39,6/17/2026 18:19,75.92,16.4622,,,,,
40,6/17/2026 18:34,76.33,16.2835,,,,,
41,6/17/2026 18:49,75.94,16.1215,,,,,
42,6/17/2026 19:04,75.7,15.9657,,,,,
43,6/17/2026 19:19,75.56,15.8189,,,,,
44,6/17/2026 19:34,75.45,15.6736,,,,,
45,6/17/2026 19:49,75.29,15.5396,,,,,
46,6/17/2026 20:04,75.09,15.4131,,,,,
47,6/17/2026 20:19,74.96,15.295,,,,,
48,6/17/2026 20:34,74.91,15.1746,,,,,
49,6/17/2026 20:49,74.81,15.0573,,,,,
50,6/17/2026 21:04,74.61,14.9517,,,,,
51,6/17/2026 21:19,74.56,14.8894,,,,,
52,6/17/2026 21:34,74.63,15.0046,,,,,
53,6/17/2026 21:49,74.77,15.1562,,,,,
54,6/17/2026 22:04,74.56,15.3397,,,,,
55,6/17/2026 22:19,74.42,15.5472,,,,,
56,6/17/2026 22:34,74.29,15.8069,,,,,
57,6/17/2026 22:49,74.15,16.0996,,,,,
58,6/17/2026 23:04,73.67,16.4191,,,,,
59,6/17/2026 23:19,72.88,16.748,,,,,
60,6/17/2026 23:34,72.1,17.0959,,,,,
61,6/17/2026 23:49,71.53,17.4683,,,,,
62,6/18/2026 0:04,71.03,17.834,,,,,
63,6/18/2026 0:19,70.45,18.2042,,,,,
64,6/18/2026 0:34,69.84,18.5319,,,,,
65,6/18/2026 0:49,69.52,18.8011,,,,,
66,6/18/2026 1:04,69.23,18.9833,,,,,
67,6/18/2026 1:19,68.94,19.1223,,,,,
68,6/18/2026 1:34,68.7,19.2201,,,,,
69,6/18/2026 1:49,68.16,19.3121,,,,,
70,6/18/2026 2:04,67.25,19.3994,,,,,
71,6/18/2026 2:19,66.3,19.4746,,,,,
72,6/18/2026 2:34,65.4,19.5365,,,,,
73,6/18/2026 2:49,64.75,19.5811,,,,,
74,6/18/2026 3:04,64.34,19.5936,,,,,
75,6/18/2026 3:19,64,19.5679,,,,,
76,6/18/2026 3:34,64.27,19.4764,,,,,
77,6/18/2026 3:49,64.92,19.3284,,,,,
78,6/18/2026 4:04,65.66,19.1691,,,,,
79,6/18/2026 4:19,66.22,19.0103,,,,,
80,6/18/2026 4:34,66.71,18.8158,,,,,
81,6/18/2026 4:49,67.32,18.5944,,,,,
82,6/18/2026 5:04,67.76,18.3456,,,,,
83,6/18/2026 5:19,68.04,18.0632,,,,,
84,6/18/2026 5:34,68.31,17.7984,,,,,
85,6/18/2026 5:49,68.35,17.5272,,,,,
86,6/18/2026 6:04,68.38,17.2804,,,,,
87,6/18/2026 6:19,68.44,17.051,,,,,
88,6/18/2026 6:34,68.44,16.8344,,,,,
89,6/18/2026 6:49,68.44,16.6332,,,,,
90,6/18/2026 7:04,68.52,16.4468,,,,,
91,6/18/2026 7:19,68.41,16.2703,,,,,
92,6/18/2026 7:34,68.39,16.1086,,,,,
93,6/18/2026 7:49,68.45,15.9579,,,,,
94,6/18/2026 8:04,68.38,15.8126,,,,,
95,6/18/2026 8:19,68.38,15.6783,,,,,
96,6/18/2026 8:34,68.35,15.5434,,,,,
97,6/18/2026 8:49,68.17,15.4152,,,,,
98,6/18/2026 9:04,68.23,15.2975,,,,,
99,6/18/2026 9:19,68.25,15.1723,,,,,
100,6/18/2026 9:34,68.23,15.0584,,,,,
101,6/18/2026 9:49,68.16,14.9382,,,,,
102,6/18/2026 10:04,68.18,14.827,,,,,
103,6/18/2026 10:19,68.24,14.7383,,,,,
104,6/18/2026 10:34,68.63,14.7192,,,,,
105,6/18/2026 10:49,68.43,14.9064,,,,,
106,6/18/2026 11:04,68.27,15.0653,,,,,
107,6/18/2026 11:19,68.27,15.2564,,,,,
108,6/18/2026 11:34,68.55,15.4845,,,,,
109,6/18/2026 11:49,68.7,15.7433,,,,,
110,6/18/2026 12:04,68.77,16.0455,,,,,
111,6/18/2026 12:19,69.14,16.374,,,,,
112,6/18/2026 12:34,69.46,16.7151,,,,,
113,6/18/2026 12:49,69.4,17.0656,,,,,
114,6/18/2026 13:04,69.17,17.4341,,,,,
115,6/18/2026 13:19,68.87,17.7964,,,,,
116,6/18/2026 13:34,68.58,18.1088,,,,,
117,6/18/2026 13:49,68.43,18.3807,,,,,
118,6/18/2026 14:04,68.28,18.5971,,,,,
119,6/18/2026 14:19,68.09,18.7539,,,,,
120,6/18/2026 14:34,67.79,18.8468,,,,,
121,6/18/2026 14:49,67.45,18.9155,,,,,
122,6/18/2026 15:04,67.15,18.9722,,,,,
123,6/18/2026 15:19,66.83,19.0116,,,,,
124,6/18/2026 15:34,66.48,19.0294,,,,,
125,6/18/2026 15:49,66.13,19.026,,,,,
126,6/18/2026 16:04,65.92,18.9797,,,,,
127,6/18/2026 16:19,66.39,18.8762,,,,,
128,6/18/2026 16:34,66.88,18.7276,,,,,
129,6/18/2026 16:49,67.75,18.5559,,,,,
130,6/18/2026 17:04,68.39,18.3648,,,,,
131,6/18/2026 17:19,68.89,18.1316,,,,,
132,6/18/2026 17:34,69.34,17.9082,,,,,
133,6/18/2026 17:49,69.65,17.6323,,,,,
134,6/18/2026 18:04,69.96,17.4245,,,,,
135,6/18/2026 18:19,70.18,17.2381,,,,,
136,6/18/2026 18:34,70.25,17.0163,,,,,
137,6/18/2026 18:49,70.44,16.7995,,,,,
138,6/18/2026 19:04,70.66,16.6032,,,,,
139,6/18/2026 19:19,70.79,16.415,,,,,
140,6/18/2026 19:34,70.78,16.24,,,,,
141,6/18/2026 19:49,70.75,16.0714,,,,,
142,6/18/2026 20:04,70.8,15.9125,,,,,
143,6/18/2026 20:19,70.84,15.7699,,,,,
144,6/18/2026 20:34,70.83,15.6244,,,,,
145,6/18/2026 20:49,70.81,15.4938,,,,,
146,6/18/2026 21:04,70.76,15.3734,,,,,
147,6/18/2026 21:19,70.65,15.2522,,,,,
148,6/18/2026 21:34,70.52,15.1424,,,,,
149,6/18/2026 21:49,70.37,15.0331,,,,,
150,6/18/2026 22:04,70.24,14.9402,,,,,
151,6/18/2026 22:19,70.09,14.9493,,,,,
152,6/18/2026 22:34,70.19,15.0857,,,,,
153,6/18/2026 22:49,70.18,15.2351,,,,,
154,6/18/2026 23:04,70.12,15.3958,,,,,
155,6/18/2026 23:19,70.07,15.6023,,,,,
156,6/18/2026 23:34,69.98,15.8414,,,,,
157,6/18/2026 23:49,70.03,16.105,,,,,
158,6/19/2026 0:04,69.87,16.3968,,,,,
159,6/19/2026 0:19,69.64,16.7205,,,,,
160,6/19/2026 0:34,69.13,17.0631,,,,,
161,6/19/2026 0:49,68.78,17.4226,,,,,
162,6/19/2026 1:04,68.44,17.7816,,,,,
163,6/19/2026 1:19,68.04,18.1209,,,,,
164,6/19/2026 1:34,67.58,18.4011,,,,,
165,6/19/2026 1:49,67.27,18.6464,,,,,
166,6/19/2026 2:04,67.1,18.8147,,,,,
167,6/19/2026 2:19,66.85,18.9403,,,,,
168,6/19/2026 2:34,66.54,19.0346,,,,,
169,6/19/2026 2:49,66.06,19.1228,,,,,
170,6/19/2026 3:04,65.21,19.2122,,,,,
171,6/19/2026 3:19,64.04,19.2785,,,,,
172,6/19/2026 3:34,63.19,19.3181,,,,,
173,6/19/2026 3:49,62.49,19.3511,,,,,
174,6/19/2026 4:04,62.05,19.3393,,,,,
175,6/19/2026 4:19,61.83,19.2915,,,,,
176,6/19/2026 4:34,62.57,19.191,,,,,
177,6/19/2026 4:49,63.35,19.0397,,,,,
178,6/19/2026 5:04,64.07,18.8858,,,,,
179,6/19/2026 5:19,64.57,18.7137,,,,,
180,6/19/2026 5:34,65.16,18.4943,,,,,
181,6/19/2026 5:49,65.66,18.2598,,,,,
182,6/19/2026 6:04,65.94,17.9972,,,,,
183,6/19/2026 6:19,66.12,17.7317,,,,,
184,6/19/2026 6:34,66.23,17.4703,,,,,
185,6/19/2026 6:49,66.24,17.2324,,,,,
186,6/19/2026 7:04,66.23,17.0106,,,,,
187,6/19/2026 7:19,66.25,16.7998,,,,,
188,6/19/2026 7:34,66.24,16.598,,,,,
189,6/19/2026 7:49,66.28,16.4041,,,,,
190,6/19/2026 8:04,66.33,16.2274,,,,,
191,6/19/2026 8:19,66.4,16.0591,,,,,
192,6/19/2026 8:34,66.55,15.9042,,,,,
193,6/19/2026 8:49,66.75,15.752,,,,,
194,6/19/2026 9:04,67,15.6138,,,,,
195,6/19/2026 9:19,67.29,15.4796,,,,,
196,6/19/2026 9:34,67.57,15.3511,,,,,
197,6/19/2026 9:49,67.92,15.2296,,,,,
198,6/19/2026 10:04,68.21,15.1056,,,,,
199,6/19/2026 10:19,68.69,14.9871,,,,,
200,6/19/2026 10:34,69.96,14.8695,,,,,
201,6/19/2026 10:49,69.95,14.7551,,,,,
202,6/19/2026 11:04,70.45,14.6604,,,,,
203,6/19/2026 11:19,71.01,14.6025,,,,,
204,6/19/2026 11:34,71.28,14.7576,,,,,
205,6/19/2026 11:49,70.76,14.9163,,,,,
206,6/19/2026 12:04,70.57,15.087,,,,,
207,6/19/2026 12:19,70.25,15.2863,,,,,
208,6/19/2026 12:34,70.56,15.5064,,,,,
209,6/19/2026 12:49,70.33,15.7921,,,,,
210,6/19/2026 13:04,70.35,16.0887,,,,,
211,6/19/2026 13:19,70.42,16.435,,,,,
212,6/19/2026 13:34,70.4,16.7686,,,,,
213,6/19/2026 13:49,70.38,17.1099,,,,,
214,6/19/2026 14:04,70,17.4567,,,,,
215,6/19/2026 14:19,69.73,17.7818,,,,,
216,6/19/2026 14:34,69.85,18.0729,,,,,
217,6/19/2026 14:49,70,18.3137,,,,,
218,6/19/2026 15:04,69.9,18.5181,,,,,
219,6/19/2026 15:19,69.56,18.6738,,,,,
220,6/19/2026 15:34,69,18.7846,,,,,
221,6/19/2026 15:49,68.53,18.8542,,,,,
222,6/19/2026 16:04,68.16,18.8865,,,,,
223,6/19/2026 16:19,67.86,18.8986,,,,,
224,6/19/2026 16:34,67.64,18.872,,,,,
225,6/19/2026 16:49,67.62,18.8153,,,,,
226,6/19/2026 17:04,69.32,18.6924,,,,,
227,6/19/2026 17:19,69.8,18.5268,,,,,
228,6/19/2026 17:34,70.25,18.3422,,,,,
229,6/19/2026 17:49,70.56,18.1379,,,,,
230,6/19/2026 18:04,70.77,17.9431,,,,,
231,6/19/2026 18:19,70.91,17.7382,,,,,
232,6/19/2026 18:34,71.06,17.5405,,,,,
233,6/19/2026 18:49,71.18,17.3305,,,,,
234,6/19/2026 19:04,71.33,17.1333,,,,,
235,6/19/2026 19:19,71.54,16.9315,,,,,
236,6/19/2026 19:34,71.77,16.7381,,,,,
237,6/19/2026 19:49,71.86,16.5447,,,,,
238,6/19/2026 20:04,71.88,16.3664,,,,,
239,6/19/2026 20:19,71.88,16.1914,,,,,
240,6/19/2026 20:34,71.79,16.029,,,,,
241,6/19/2026 20:49,71.73,15.8736,,,,,
242,6/19/2026 21:04,71.71,15.7285,,,,,
243,6/19/2026 21:19,71.77,15.5944,,,,,
244,6/19/2026 21:34,71.72,15.4632,,,,,
245,6/19/2026 21:49,71.66,15.3327,,,,,
246,6/19/2026 22:04,71.62,15.2142,,,,,
247,6/19/2026 22:19,71.51,15.0919,,,,,
248,6/19/2026 22:34,71.4,14.9779,,,,,
249,6/19/2026 22:49,71.3,14.8745,,,,,
250,6/19/2026 23:04,71.27,14.806,,,,,
251,6/19/2026 23:19,71.05,14.874,,,,,
252,6/19/2026 23:34,71.39,15.0102,,,,,
253,6/19/2026 23:49,71.32,15.1538,,,,,
254,6/20/2026 0:04,70.98,15.3195,,,,,
255,6/20/2026 0:19,70.77,15.5093,,,,,
256,6/20/2026 0:34,70.54,15.7344,,,,,
257,6/20/2026 0:49,70.36,15.9867,,,,,
258,6/20/2026 1:04,70.05,16.2686,,,,,
259,6/20/2026 1:19,69.66,16.571,,,,,
260,6/20/2026 1:34,69.15,16.8843,,,,,
261,6/20/2026 1:49,68.81,17.2163,,,,,
262,6/20/2026 2:04,68.51,17.5452,,,,,
263,6/20/2026 2:19,68.07,17.8643,,,,,
264,6/20/2026 2:34,67.55,18.1604,,,,,
265,6/20/2026 2:49,67,18.4151,,,,,
266,6/20/2026 3:04,66.69,18.6331,,,,,
267,6/20/2026 3:19,66.4,18.7775,,,,,
268,6/20/2026 3:34,65.99,18.8836,,,,,
269,6/20/2026 3:49,65.58,18.9611,,,,,
270,6/20/2026 4:04,65.13,19.0123,,,,,
271,6/20/2026 4:19,64.63,19.0559,,,,,
272,6/20/2026 4:34,64.12,19.0828,,,,,
273,6/20/2026 4:49,63.58,19.0899,,,,,
274,6/20/2026 5:04,63.3,19.06,,,,,
275,6/20/2026 5:19,63.45,18.9895,,,,,
276,6/20/2026 5:34,64.34,18.8532,,,,,
277,6/20/2026 5:49,64.84,18.706,,,,,
278,6/20/2026 6:04,65.31,18.5188,,,,,
279,6/20/2026 6:19,65.67,18.3074,,,,,
280,6/20/2026 6:34,65.99,18.0835,,,,,
281,6/20/2026 6:49,66.2,17.8528,,,,,
282,6/20/2026 7:04,66.26,17.6302,,,,,
283,6/20/2026 7:19,66.29,17.3997,,,,,
284,6/20/2026 7:34,66.42,17.1849,,,,,
285,6/20/2026 7:49,66.53,16.9696,,,,,
286,6/20/2026 8:04,66.59,16.7583,,,,,
287,6/20/2026 8:19,66.66,16.5593,,,,,
288,6/20/2026 8:34,66.75,16.3687,,,,,
289,6/20/2026 8:49,66.91,16.1859,,,,,
290,6/20/2026 9:04,67.04,16.0146,,,,,
291,6/20/2026 9:19,67.26,15.8543,,,,,
292,6/20/2026 9:34,67.49,15.6953,,,,,
293,6/20/2026 9:49,67.72,15.5478,,,,,
294,6/20/2026 10:04,68.07,15.4162,,,,,
295,6/20/2026 10:19,68.37,15.2921,,,,,
296,6/20/2026 10:34,68.69,15.1688,,,,,
297,6/20/2026 10:49,69,15.0474,,,,,
298,6/20/2026 11:04,69.85,14.9227,,,,,
299,6/20/2026 11:19,69.86,14.8034,,,,,
300,6/20/2026 11:34,69.86,14.7047,,,,,
301,6/20/2026 11:49,69.98,14.6229,,,,,
302,6/20/2026 12:04,69.96,14.6639,,,,,
303,6/20/2026 12:19,69.71,14.8243,,,,,
304,6/20/2026 12:34,69.79,14.9643,,,,,
305,6/20/2026 12:49,69.72,15.1159,,,,,
306,6/20/2026 13:04,69.32,15.2827,,,,,
307,6/20/2026 13:19,69.42,15.4799,,,,,
308,6/20/2026 13:34,69.47,15.7185,,,,,
309,6/20/2026 13:49,69.65,15.9803,,,,,
310,6/20/2026 14:04,69.69,16.2704,,,,,
311,6/20/2026 14:19,69.78,16.5825,,,,,
312,6/20/2026 14:34,69.82,16.9065,,,,,
313,6/20/2026 14:49,69.67,17.2282,,,,,
314,6/20/2026 15:04,69.3,17.5475,,,,,
315,6/20/2026 15:19,69,17.848,,,,,
316,6/20/2026 15:34,68.93,18.114,,,,,
317,6/20/2026 15:49,69.03,18.342,,,,,
318,6/20/2026 16:04,68.95,18.5439,,,,,
319,6/20/2026 16:19,68.62,18.6819,,,,,
320,6/20/2026 16:34,68.27,18.7715,,,,,
321,6/20/2026 16:49,67.77,18.8385,,,,,
322,6/20/2026 17:04,67.43,18.874,,,,,
323,6/20/2026 17:19,67.2,18.8665,,,,,
324,6/20/2026 17:34,67.12,18.8269,,,,,
325,6/20/2026 17:49,67.66,18.7326,,,,,
326,6/20/2026 18:04,68.87,18.5896,,,,,
327,6/20/2026 18:19,69.11,18.4426,,,,,
328,6/20/2026 18:34,69.3,18.2588,,,,,
329,6/20/2026 18:49,69.44,18.065,,,,,
330,6/20/2026 19:04,69.57,17.8739,,,,,
331,6/20/2026 19:19,69.72,17.6824,,,,,
332,6/20/2026 19:34,69.84,17.4956,,,,,
333,6/20/2026 19:49,69.95,17.3064,,,,,
334,6/20/2026 20:04,70.05,17.1129,,,,,
335,6/20/2026 20:19,70.19,16.923,,,,,
336,6/20/2026 20:34,70.33,16.7358,,,,,
337,6/20/2026 20:49,70.42,16.5556,,,,,
338,6/20/2026 21:04,70.49,16.3799,,,,,
339,6/20/2026 21:19,70.45,16.2161,,,,,
340,6/20/2026 21:34,70.42,16.0582,,,,,
341,6/20/2026 21:49,70.41,15.9111,,,,,
342,6/20/2026 22:04,70.42,15.7704,,,,,
343,6/20/2026 22:19,70.4,15.6372,,,,,
344,6/20/2026 22:34,70.36,15.5086,,,,,
345,6/20/2026 22:49,70.31,15.3887,,,,,
346,6/20/2026 23:04,70.24,15.2732,,,,,
347,6/20/2026 23:19,70.23,15.1592,,,,,
348,6/20/2026 23:34,70.16,15.0495,,,,,
349,6/20/2026 23:49,70.11,14.9543,,,,,
350,6/21/2026 0:04,70.05,14.9175,,,,,
351,6/21/2026 0:19,70.19,15.0135,,,,,
352,6/21/2026 0:34,70.33,15.1339,,,,,
353,6/21/2026 0:49,70.2,15.2756,,,,,
354,6/21/2026 1:04,69.99,15.4373,,,,,
355,6/21/2026 1:19,69.83,15.623,,,,,
356,6/21/2026 1:34,69.69,15.8352,,,,,
357,6/21/2026 1:49,69.64,16.0679,,,,,
358,6/21/2026 2:04,69.53,16.3209,,,,,
359,6/21/2026 2:19,69.34,16.5942,,,,,
360,6/21/2026 2:34,69.02,16.8828,,,,,
361,6/21/2026 2:49,68.67,17.18,,,,,
362,6/21/2026 3:04,68.41,17.4793,,,,,
363,6/21/2026 3:19,68.04,17.7687,,,,,
364,6/21/2026 3:34,67.66,18.0396,,,,,
365,6/21/2026 3:49,67.22,18.2841,,,,,
366,6/21/2026 4:04,66.78,18.5055,,,,,
367,6/21/2026 4:19,66.47,18.6854,,,,,
368,6/21/2026 4:34,66.27,18.8116,,,,,
369,6/21/2026 4:49,65.99,18.9008,,,,,
370,6/21/2026 5:04,65.74,18.9601,,,,,
371,6/21/2026 5:19,65.49,18.9915,,,,,
372,6/21/2026 5:34,65.33,18.9886,,,,,
373,6/21/2026 5:49,65.22,18.9628,,,,,
374,6/21/2026 6:04,65.44,18.8926,,,,,
375,6/21/2026 6:19,65.91,18.7662,,,,,
376,6/21/2026 6:34,66.21,18.6168,,,,,
377,6/21/2026 6:49,66.54,18.4433,,,,,
378,6/21/2026 7:04,66.83,18.242,,,,,
379,6/21/2026 7:19,67.05,18.0383,,,,,
380,6/21/2026 7:34,67.29,17.8475,,,,,
381,6/21/2026 7:49,67.52,17.6493,,,,,
382,6/21/2026 8:04,67.71,17.4551,,,,,
383,6/21/2026 8:19,67.9,17.2585,,,,,
384,6/21/2026 8:34,68.09,17.0629,,,,,
385,6/21/2026 8:49,68.29,16.8731,,,,,
386,6/21/2026 9:04,68.48,16.6823,,,,,
387,6/21/2026 9:19,68.67,16.5036,,,,,
388,6/21/2026 9:34,68.8,16.3288,,,,,
389,6/21/2026 9:49,69,16.1656,,,,,
390,6/21/2026 10:04,69.25,16.0083,,,,,
391,6/21/2026 10:19,69.58,15.8631,,,,,
392,6/21/2026 10:34,69.83,15.7242,,,,,
393,6/21/2026 10:49,70.19,15.5906,,,,,
394,6/21/2026 11:04,70.5,15.4645,,,,,
395,6/21/2026 11:19,70.72,15.3427,,,,,
396,6/21/2026 11:34,71.11,15.2251,,,,,
397,6/21/2026 11:49,71.62,15.1071,,,,,
398,6/21/2026 12:04,72.42,14.9929,,,,,
399,6/21/2026 12:19,72.53,14.8979,,,,,
400,6/21/2026 12:34,72.65,14.8571,,,,,
401,6/21/2026 12:49,72.85,14.9545,,,,,
402,6/21/2026 13:04,72.52,15.0621,,,,,
403,6/21/2026 13:19,72.61,15.1981,,,,,
404,6/21/2026 13:34,72.65,15.339,,,,,
405,6/21/2026 13:49,72.75,15.5207,,,,,
406,6/21/2026 14:04,72.49,15.7239,,,,,
407,6/21/2026 14:19,72.52,15.9554,,,,,
408,6/21/2026 14:34,72.37,16.2075,,,,,
409,6/21/2026 14:49,72.02,16.4778,,,,,
410,6/21/2026 15:04,71.69,16.7644,,,,,
411,6/21/2026 15:19,71.49,17.0712,,,,,
412,6/21/2026 15:34,71.06,17.375,,,,,
413,6/21/2026 15:49,70.37,17.6845,,,,,
414,6/21/2026 16:04,70.02,17.9642,,,,,
415,6/21/2026 16:19,69.99,18.2267,,,,,
416,6/21/2026 16:34,70.03,18.4593,,,,,
417,6/21/2026 16:49,69.71,18.6436,,,,,
418,6/21/2026 17:04,69.35,18.7682,,,,,
419,6/21/2026 17:19,68.91,18.8666,,,,,
420,6/21/2026 17:34,68.44,18.9426,,,,,
421,6/21/2026 17:49,68.11,18.9858,,,,,
422,6/21/2026 18:04,67.79,18.9959,,,,,
423,6/21/2026 18:19,67.64,18.9822,,,,,
424,6/21/2026 18:34,67.63,18.9261,,,,,
425,6/21/2026 18:49,68.4,18.8259,,,,,
426,6/21/2026 19:04,69.52,18.6724,,,,,
427,6/21/2026 19:19,69.81,18.5096,,,,,
428,6/21/2026 19:34,69.99,18.3385,,,,,
429,6/21/2026 19:49,70.11,18.1623,,,,,
430,6/21/2026 20:04,70.22,17.9849,,,,,
431,6/21/2026 20:19,70.34,17.7971,,,,,
432,6/21/2026 20:34,70.45,17.6094,,,,,
433,6/21/2026 20:49,70.58,17.4188,,,,,
434,6/21/2026 21:04,70.74,17.2241,,,,,
435,6/21/2026 21:19,70.9,17.0441,,,,,
436,6/21/2026 21:34,71.01,16.8649,,,,,
437,6/21/2026 21:49,71.15,16.6853,,,,,
438,6/21/2026 22:04,71.17,16.515,,,,,
439,6/21/2026 22:19,71.05,16.3516,,,,,
440,6/21/2026 22:34,71.06,16.1967,,,,,
441,6/21/2026 22:49,71.08,16.0476,,,,,
442,6/21/2026 23:04,71.12,15.9093,,,,,
443,6/21/2026 23:19,71.09,15.7754,,,,,
444,6/21/2026 23:34,71.09,15.653,,,,,
445,6/21/2026 23:49,71.05,15.5349,,,,,
446,6/22/2026 0:04,70.97,15.4212,,,,,
447,6/22/2026 0:19,70.92,15.3132,,,,,
448,6/22/2026 0:34,70.84,15.2152,,,,,
449,6/22/2026 0:49,70.8,15.146,,,,,
450,6/22/2026 1:04,70.76,15.164,,,,,
451,6/22/2026 1:19,71,15.261,,,,,
452,6/22/2026 1:34,71.04,15.3658,,,,,
453,6/22/2026 1:49,70.75,15.4956,,,,,
454,6/22/2026 2:04,70.58,15.6488,,,,,
455,6/22/2026 2:19,70.46,15.8217,,,,,
456,6/22/2026 2:34,70.29,16.0216,,,,,
457,6/22/2026 2:49,70.21,16.2363,,,,,
458,6/22/2026 3:04,70.12,16.4764,,,,,
459,6/22/2026 3:19,69.87,16.7247,,,,,
460,6/22/2026 3:34,69.61,16.9791,,,,,
461,6/22/2026 3:49,69.22,17.2569,,,,,
462,6/22/2026 4:04,68.95,17.5228,,,,,
463,6/22/2026 4:19,68.68,17.784,,,,,
464,6/22/2026 4:34,68.33,18.0391,,,,,
465,6/22/2026 4:49,67.98,18.268,,,,,
466,6/22/2026 5:04,67.58,18.4703,,,,,
467,6/22/2026 5:19,67.16,18.6462,,,,,
468,6/22/2026 5:34,66.86,18.7792,,,,,
469,6/22/2026 5:49,66.73,18.8585,,,,,
470,6/22/2026 6:04,66.63,18.8952,,,,,
471,6/22/2026 6:19,66.58,18.9047,,,,,
472,6/22/2026 6:34,66.55,18.874,,,,,
473,6/22/2026 6:49,66.73,18.8024,,,,,
474,6/22/2026 7:04,66.82,18.7001,,,,,
475,6/22/2026 7:19,67.28,18.5708,,,,,
476,6/22/2026 7:34,67.9,18.405,,,,,
477,6/22/2026 7:49,68.25,18.2457,,,,,
478,6/22/2026 8:04,68.46,18.0692,,,,,
479,6/22/2026 8:19,68.7,17.9037,,,,,
480,6/22/2026 8:34,68.89,17.7401,,,,,
481,6/22/2026 8:49,69.11,17.5616,,,,,
482,6/22/2026 9:04,69.31,17.3858,,,,,
483,6/22/2026 9:19,69.5,17.207,,,,,
484,6/22/2026 9:34,69.7,17.024,,,,,
485,6/22/2026 9:49,69.88,16.8544,,,,,
486,6/22/2026 10:04,70.11,16.685,,,,,
487,6/22/2026 10:19,70.39,16.5241,,,,,
488,6/22/2026 10:34,70.69,16.3671,,,,,
489,6/22/2026 10:49,70.99,16.2191,,,,,
490,6/22/2026 11:04,71.42,16.074,,,,,
491,6/22/2026 11:19,71.71,15.9393,,,,,
492,6/22/2026 11:34,72.06,15.8068,,,,,
493,6/22/2026 11:49,72.22,15.6796,,,,,
494,6/22/2026 12:04,72.46,15.5626,,,,,
495,6/22/2026 12:19,72.62,15.4506,,,,,
496,6/22/2026 12:34,73.01,15.3353,,,,,
497,6/22/2026 12:49,73.15,15.2309,,,,,
498,6/22/2026 13:04,73.17,15.1425,,,,,
499,6/22/2026 13:19,73.16,15.0827,,,,,
500,6/22/2026 13:34,73.18,15.1462,,,,,
501,6/22/2026 13:49,73.12,15.2502,,,,,
502,6/22/2026 14:04,73.13,15.378,,,,,
503,6/22/2026 14:19,72.9,15.5185,,,,,
504,6/22/2026 14:34,72.72,15.6824,,,,,
505,6/22/2026 14:49,72.51,15.8621,,,,,
506,6/22/2026 15:04,72.22,16.0624,,,,,
507,6/22/2026 15:19,72.09,16.2803,,,,,
508,6/22/2026 15:34,71.88,16.5203,,,,,
509,6/22/2026 15:49,71.63,16.7768,,,,,
510,6/22/2026 16:04,71.29,17.0387,,,,,
511,6/22/2026 16:19,70.87,17.3134,,,,,
512,6/22/2026 16:34,70.58,17.5812,,,,,
513,6/22/2026 16:49,70.22,17.8418,,,,,
514,6/22/2026 17:04,69.87,18.1027,,,,,
515,6/22/2026 17:19,69.59,18.3446,,,,,
516,6/22/2026 17:34,69.4,18.55,,,,,
517,6/22/2026 17:49,69.23,18.7068,,,,,
518,6/22/2026 18:04,68.99,18.8368,,,,,
519,6/22/2026 18:19,68.77,18.9223,,,,,
520,6/22/2026 18:34,68.61,18.9914,,,,,
521,6/22/2026 18:49,68.4,18.9993,,,,,
522,6/22/2026 19:04,68.26,18.9785,,,,,
523,6/22/2026 19:19,68.36,18.9284,,,,,
524,6/22/2026 19:34,68.91,18.8258,,,,,
525,6/22/2026 19:49,69.16,18.6984,,,,,
526,6/22/2026 20:04,69.32,18.5556,,,,,
527,6/22/2026 20:19,69.48,18.3964,,,,,
528,6/22/2026 20:34,69.67,18.2266,,,,,
529,6/22/2026 20:49,69.81,18.0531,,,,,
530,6/22/2026 21:04,69.93,17.876,,,,,
531,6/22/2026 21:19,70.01,17.697,,,,,
532,6/22/2026 21:34,70.11,17.5233,,,,,
533,6/22/2026 21:49,70.19,17.3416,,,,,
534,6/22/2026 22:04,70.27,17.1664,,,,,
535,6/22/2026 22:19,70.32,16.9913,,,,,
536,6/22/2026 22:34,70.4,16.8152,,,,,
537,6/22/2026 22:49,70.41,16.6498,,,,,
538,6/22/2026 23:04,70.14,16.4859,,,,,
539,6/22/2026 23:19,70.07,16.3289,,,,,
540,6/22/2026 23:34,70.12,16.1772,,,,,
541,6/22/2026 23:49,70.16,16.0314,,,,,
542,6/23/2026 0:04,70.09,15.901,,,,,
543,6/23/2026 0:19,70,15.7758,,,,,
544,6/23/2026 0:34,69.98,15.6502,,,,,
545,6/23/2026 0:49,69.92,15.5389,,,,,
546,6/23/2026 1:04,69.66,15.4311,,,,,
547,6/23/2026 1:19,69.52,15.3311,,,,,
548,6/23/2026 1:34,69.29,15.2409,,,,,
549,6/23/2026 1:49,69.15,15.1746,,,,,
550,6/23/2026 2:04,69.15,15.1703,,,,,
551,6/23/2026 2:19,69.22,15.2539,,,,,
552,6/23/2026 2:34,69.46,15.3646,,,,,
553,6/23/2026 2:49,69.36,15.4966,,,,,
554,6/23/2026 3:04,69.27,15.6557,,,,,
555,6/23/2026 3:19,69.31,15.8195,,,,,
556,6/23/2026 3:34,69.3,16.0009,,,,,
557,6/23/2026 3:49,69.25,16.1987,,,,,
558,6/23/2026 4:04,69.23,16.4119,,,,,
559,6/23/2026 4:19,69.14,16.6409,,,,,
560,6/23/2026 4:34,69.07,16.8747,,,,,
561,6/23/2026 4:49,68.85,17.1237,,,,,
562,6/23/2026 5:04,68.65,17.3794,,,,,
563,6/23/2026 5:19,68.49,17.6223,,,,,
564,6/23/2026 5:34,68.32,17.8471,,,,,
565,6/23/2026 5:49,68.05,18.0607,,,,,
566,6/23/2026 6:04,67.72,18.2604,,,,,
567,6/23/2026 6:19,67.46,18.4154,,,,,
568,6/23/2026 6:34,67.27,18.5421,,,,,
569,6/23/2026 6:49,67.1,18.6346,,,,,
570,6/23/2026 7:04,67,18.6796,,,,,
571,6/23/2026 7:19,66.95,18.6839,,,,,
572,6/23/2026 7:34,66.92,18.6539,,,,,
573,6/23/2026 7:49,66.97,18.579,,,,,
574,6/23/2026 8:04,67.17,18.458,,,,,
575,6/23/2026 8:19,67.27,18.3337,,,,,
576,6/23/2026 8:34,67.43,18.1716,,,,,
577,6/23/2026 8:49,67.37,18.0364,,,,,
578,6/23/2026 9:04,67.56,17.9164,,,,,
579,6/23/2026 9:19,67.87,17.7633,,,,,
580,6/23/2026 9:34,68.22,17.6002,,,,,
581,6/23/2026 9:49,68.1,17.459,,,,,
582,6/23/2026 10:04,68.44,17.2925,,,,,
583,6/23/2026 10:19,68.47,17.1109,,,,,
584,6/23/2026 10:34,68.45,16.9402,,,,,
585,6/23/2026 10:49,68.43,16.7753,,,,,
586,6/23/2026 11:04,68.46,16.6043,,,,,
587,6/23/2026 11:19,68.52,16.4468,,,,,
588,6/23/2026 11:34,68.61,16.2914,,,,,
589,6/23/2026 11:49,68.63,16.1392,,,,,
590,6/23/2026 12:04,68.69,15.9965,,,,,
591,6/23/2026 12:19,68.75,15.8659,,,,,
592,6/23/2026 12:34,68.8,15.7403,,,,,
593,6/23/2026 12:49,68.86,15.618,,,,,
594,6/23/2026 13:04,68.78,15.5037,,,,,
595,6/23/2026 13:19,68.75,15.3969,,,,,
596,6/23/2026 13:34,68.77,15.2941,,,,,
597,6/23/2026 13:49,68.81,15.2107,,,,,
598,6/23/2026 14:04,68.92,15.1518,,,,,
599,6/23/2026 14:19,68.88,15.1822,,,,,
600,6/23/2026 14:34,68.62,15.2589,,,,,
601,6/23/2026 14:49,68.66,15.3637,,,,,
602,6/23/2026 15:04,68.7,15.4947,,,,,
603,6/23/2026 15:19,69.01,15.6464,,,,,
604,6/23/2026 15:34,69.11,15.8159,,,,,
605,6/23/2026 15:49,69.15,15.9899,,,,,
606,6/23/2026 16:04,69.05,16.1826,,,,,
607,6/23/2026 16:19,69.1,16.394,,,,,
608,6/23/2026 16:34,69.36,16.6238,,,,,
609,6/23/2026 16:49,69.35,16.8753,,,,,
610,6/23/2026 17:04,69.29,17.1334,,,,,
611,6/23/2026 17:19,69.1,17.4024,,,,,
612,6/23/2026 17:34,68.85,17.6616,,,,,
613,6/23/2026 17:49,68.62,17.9035,,,,,
614,6/23/2026 18:04,68.41,18.1414,,,,,
615,6/23/2026 18:19,68.22,18.3549,,,,,
616,6/23/2026 18:34,68.07,18.535,,,,,
617,6/23/2026 18:49,67.88,18.6682,,,,,
618,6/23/2026 19:04,67.68,18.7689,,,,,
619,6/23/2026 19:19,67.54,18.8425,,,,,
620,6/23/2026 19:34,67.39,18.8854,,,,,
621,6/23/2026 19:49,67.27,18.8922,,,,,
622,6/23/2026 20:04,67.19,18.878,,,,,
623,6/23/2026 20:19,67.19,18.8379,,,,,
624,6/23/2026 20:34,67.47,18.7404,,,,,
625,6/23/2026 20:49,67.99,18.613,,,,,
626,6/23/2026 21:04,68.26,18.4572,,,,,
627,6/23/2026 21:19,68.42,18.2861,,,,,
628,6/23/2026 21:34,68.55,18.1036,,,,,
629,6/23/2026 21:49,68.65,17.9346,,,,,
630,6/23/2026 22:04,68.69,17.7707,,,,,
631,6/23/2026 22:19,68.86,17.587,,,,,
632,6/23/2026 22:34,68.92,17.4096,,,,,
633,6/23/2026 22:49,68.96,17.2336,,,,,
634,6/23/2026 23:04,68.98,17.0565,,,,,
635,6/23/2026 23:19,68.97,16.8758,,,,,
636,6/23/2026 23:34,68.94,16.7046,,,,,
637,6/23/2026 23:49,68.85,16.526,,,,,
638,6/24/2026 0:04,68.78,16.3626,,,,,
639,6/24/2026 0:19,68.7,16.207,,,,,
640,6/24/2026 0:34,68.63,16.0596,,,,,
641,6/24/2026 0:49,68.59,15.9194,,,,,
642,6/24/2026 1:04,68.55,15.7874,,,,,
643,6/24/2026 1:19,68.48,15.6622,,,,,
644,6/24/2026 1:34,68.41,15.5435,,,,,
645,6/24/2026 1:49,68.37,15.4318,,,,,
646,6/24/2026 2:04,68.29,15.3225,,,,,
647,6/24/2026 2:19,68.29,15.2197,,,,,
648,6/24/2026 2:34,68.24,15.1231,,,,,
649,6/24/2026 2:49,68.21,15.0639,,,,,
650,6/24/2026 3:04,68.18,15.0857,,,,,
651,6/24/2026 3:19,68.17,15.1622,,,,,
652,6/24/2026 3:34,68.29,15.2745,,,,,
653,6/24/2026 3:49,68.16,15.4027,,,,,
654,6/24/2026 4:04,68.12,15.5454,,,,,
655,6/24/2026 4:19,68.14,15.7147,,,,,
656,6/24/2026 4:34,68.16,15.8941,,,,,
657,6/24/2026 4:49,68.16,16.0913,,,,,
658,6/24/2026 5:04,68.13,16.3112,,,,,
659,6/24/2026 5:19,68.24,16.5266,,,,,
660,6/24/2026 5:34,68.23,16.7497,,,,,
661,6/24/2026 5:49,68.09,16.9803,,,,,
662,6/24/2026 6:04,67.95,17.2227,,,,,
663,6/24/2026 6:19,67.79,17.454,,,,,
664,6/24/2026 6:34,67.58,17.6937,,,,,
665,6/24/2026 6:49,67.32,17.9064,,,,,
666,6/24/2026 7:04,67.12,18.0955,,,,,
667,6/24/2026 7:19,66.91,18.2485,,,,,
668,6/24/2026 7:34,66.72,18.3833,,,,,
669,6/24/2026 7:49,66.57,18.4523,,,,,
670,6/24/2026 8:04,66.5,18.5023,,,,,
671,6/24/2026 8:19,66.44,18.5308,,,,,
672,6/24/2026 8:34,66.4,18.4989,,,,,
673,6/24/2026 8:49,66.43,18.4323,,,,,
674,6/24/2026 9:04,66.49,18.3416,,,,,
675,6/24/2026 9:19,66.72,18.2113,,,,,
676,6/24/2026 9:34,67.63,18.049,,,,,
677,6/24/2026 9:49,67.04,17.89,,,,,
678,6/24/2026 10:04,67.05,17.7489,,,,,
679,6/24/2026 10:19,67.18,17.6151,,,,,
680,6/24/2026 10:34,67.24,17.4768,,,,,
681,6/24/2026 10:49,68.4,17.3403,,,,,
682,6/24/2026 11:04,68.76,17.1878,,,,,
683,6/24/2026 11:19,69.38,17.0196,,,,,
684,6/24/2026 11:34,69.49,16.8517,,,,,
685,6/24/2026 11:49,69.92,16.6833,,,,,
686,6/24/2026 12:04,69.88,16.5249,,,,,
687,6/24/2026 12:19,70.24,16.37,,,,,
688,6/24/2026 12:34,70.72,16.2192,,,,,
689,6/24/2026 12:49,71.49,16.0816,,,,,
690,6/24/2026 13:04,71.74,15.9506,,,,,
691,6/24/2026 13:19,72.37,15.8218,,,,,
692,6/24/2026 13:34,72.73,15.7006,,,,,
693,6/24/2026 13:49,73.1,15.5845,,,,,
694,6/24/2026 14:04,73.74,15.4803,,,,,
695,6/24/2026 14:19,74.45,15.3875,,,,,
696,6/24/2026 14:34,75.12,15.304,,,,,
697,6/24/2026 14:49,75.91,15.2289,,,,,
698,6/24/2026 15:04,76.08,15.2405,,,,,
699,6/24/2026 15:19,73.57,15.3121,,,,,
700,6/24/2026 15:34,73.74,15.4079,,,,,
701,6/24/2026 15:49,73.39,15.5226,,,,,
702,6/24/2026 16:04,72.89,15.6747,,,,,
703,6/24/2026 16:19,72.3,15.841,,,,,
704,6/24/2026 16:34,72.72,16.0127,,,,,
705,6/24/2026 16:49,72.79,16.1933,,,,,
706,6/24/2026 17:04,72.8,16.396,,,,,
707,6/24/2026 17:19,72.65,16.6079,,,,,
708,6/24/2026 17:34,72.31,16.8425,,,,,
709,6/24/2026 17:49,71.9,17.0891,,,,,
710,6/24/2026 18:04,71.57,17.349,,,,,
711,6/24/2026 18:19,71.3,17.5967,,,,,
712,6/24/2026 18:34,71.01,17.8359,,,,,
713,6/24/2026 18:49,70.88,18.0739,,,,,
714,6/24/2026 19:04,70.91,18.3018,,,,,
715,6/24/2026 19:19,70.93,18.4905,,,,,
716,6/24/2026 19:34,70.9,18.6546,,,,,
717,6/24/2026 19:49,70.7,18.777,,,,,
718,6/24/2026 20:04,70.36,18.8775,,,,,
719,6/24/2026 20:19,70.13,18.9273,,,,,
720,6/24/2026 20:34,69.89,18.9523,,,,,
721,6/24/2026 20:49,69.73,18.9475,,,,,
722,6/24/2026 21:04,69.61,18.9249,,,,,
723,6/24/2026 21:19,69.95,18.8549,,,,,
724,6/24/2026 21:34,70.5,18.7409,,,,,
725,6/24/2026 21:49,70.69,18.5981,,,,,
726,6/24/2026 22:04,70.73,18.4297,,,,,
727,6/24/2026 22:19,70.76,18.2665,,,,,
728,6/24/2026 22:34,70.81,18.094,,,,,
729,6/24/2026 22:49,70.88,17.9224,,,,,
730,6/24/2026 23:04,70.95,17.7541,,,,,
731,6/24/2026 23:19,71.02,17.5784,,,,,
732,6/24/2026 23:34,71.11,17.4118,,,,,
733,6/24/2026 23:49,71.18,17.2276,,,,,
734,6/25/2026 0:04,71.23,17.0518,,,,,
735,6/25/2026 0:19,71.28,16.8755,,,,,
736,6/25/2026 0:34,71.24,16.7005,,,,,
737,6/25/2026 0:49,71.14,16.5363,,,,,
738,6/25/2026 1:04,71.09,16.3805,,,,,
739,6/25/2026 1:19,71.14,16.2263,,,,,
740,6/25/2026 1:34,71.19,16.0791,,,,,
741,6/25/2026 1:49,71.16,15.9382,,,,,
742,6/25/2026 2:04,71.13,15.8074,,,,,
743,6/25/2026 2:19,71.03,15.6822,,,,,
744,6/25/2026 2:34,70.97,15.5622,,,,,
745,6/25/2026 2:49,70.88,15.4534,,,,,
746,6/25/2026 3:04,70.83,15.346,,,,,
747,6/25/2026 3:19,70.75,15.2449,,,,,
748,6/25/2026 3:34,70.73,15.1558,,,,,
749,6/25/2026 3:49,70.67,15.0953,,,,,
750,6/25/2026 4:04,70.66,15.1214,,,,,
751,6/25/2026 4:19,70.61,15.2222,,,,,
752,6/25/2026 4:34,70.67,15.3277,,,,,
753,6/25/2026 4:49,70.42,15.4581,,,,,
754,6/25/2026 5:04,70.27,15.6051,,,,,
755,6/25/2026 5:19,70.21,15.7675,,,,,
756,6/25/2026 5:34,70.13,15.9437,,,,,
757,6/25/2026 5:49,69.92,16.1361,,,,,
758,6/25/2026 6:04,69.92,16.3449,,,,,
759,6/25/2026 6:19,69.8,16.5744,,,,,
760,6/25/2026 6:34,69.81,16.8127,,,,,
761,6/25/2026 6:49,69.66,17.0516,,,,,
762,6/25/2026 7:04,69.54,17.2897,,,,,
763,6/25/2026 7:19,69.47,17.5302,,,,,
764,6/25/2026 7:34,69.36,17.7513,,,,,
765,6/25/2026 7:49,69.19,17.9504,,,,,
766,6/25/2026 8:04,69,18.137,,,,,
767,6/25/2026 8:19,68.89,18.2865,,,,,
768,6/25/2026 8:34,68.69,18.394,,,,,
769,6/25/2026 8:49,68.53,18.4788,,,,,
770,6/25/2026 9:04,68.44,18.5167,,,,,
771,6/25/2026 9:19,68.38,18.5039,,,,,
772,6/25/2026 9:34,68.4,18.4671,,,,,
773,6/25/2026 9:49,68.46,18.3821,,,,,
774,6/25/2026 10:04,68.81,18.2781,,,,,
775,6/25/2026 10:19,68.89,18.1526,,,,,
776,6/25/2026 10:34,69,18.0184,,,,,
777,6/25/2026 10:49,69.09,17.8893,,,,,
778,6/25/2026 11:04,69.31,17.7607,,,,,
779,6/25/2026 11:19,69.33,17.6228,,,,,
780,6/25/2026 11:34,69.43,17.4903,,,,,
781,6/25/2026 11:49,70.56,17.3367,,,,,
782,6/25/2026 12:04,71.04,17.1825,,,,,
783,6/25/2026 12:19,71.22,17.0316,,,,,
784,6/25/2026 12:34,71.49,16.8703,,,,,
785,6/25/2026 12:49,71.59,16.7139,,,,,
786,6/25/2026 13:04,71.83,16.5654,,,,,
787,6/25/2026 13:19,72.12,16.4178,,,,,
788,6/25/2026 13:34,72.65,16.2733,,,,,
789,6/25/2026 13:49,73.07,16.14,,,,,
790,6/25/2026 14:04,73.66,16.0121,,,,,
791,6/25/2026 14:19,73.99,15.8895,,,,,
792,6/25/2026 14:34,74.15,15.7754,,,,,
793,6/25/2026 14:49,74.38,15.6645,,,,,
794,6/25/2026 15:04,74.74,15.5678,,,,,
795,6/25/2026 15:19,75.31,15.4784,,,,,
796,6/25/2026 15:34,75.62,15.4042,,,,,
797,6/25/2026 15:49,76.42,15.364,,,,,
798,6/25/2026 16:04,75.2,15.4133,,,,,
799,6/25/2026 16:19,74.14,15.5061,,,,,
800,6/25/2026 16:34,74.15,15.631,,,,,
801,6/25/2026 16:49,74.37,15.7695,,,,,
802,6/25/2026 17:04,74.4,15.9116,,,,,
803,6/25/2026 17:19,74.14,16.0683,,,,,
804,6/25/2026 17:34,74.01,16.2385,,,,,
805,6/25/2026 17:49,73.81,16.4219,,,,,
806,6/25/2026 18:04,73.82,16.6274,,,,,
807,6/25/2026 18:19,73.78,16.8487,,,,,
808,6/25/2026 18:34,73.32,17.0865,,,,,
809,6/25/2026 18:49,72.89,17.3399,,,,,
810,6/25/2026 19:04,72.69,17.5934,,,,,
811,6/25/2026 19:19,72.48,17.8385,,,,,
812,6/25/2026 19:34,72.09,18.074,,,,,
813,6/25/2026 19:49,71.89,18.2951,,,,,
814,6/25/2026 20:04,71.83,18.4932,,,,,
815,6/25/2026 20:19,71.77,18.6693,,,,,
816,6/25/2026 20:34,71.66,18.8091,,,,,
817,6/25/2026 20:49,71.47,18.8947,,,,,
818,6/25/2026 21:04,71.28,18.96,,,,,
819,6/25/2026 21:19,71.12,19.0042,,,,,
820,6/25/2026 21:34,70.98,19.0026,,,,,
821,6/25/2026 21:49,70.88,18.9769,,,,,
822,6/25/2026 22:04,71.08,18.9066,,,,,
823,6/25/2026 22:19,71.46,18.7998,,,,,
824,6/25/2026 22:34,71.6,18.6784,,,,,
825,6/25/2026 22:49,71.68,18.5272,,,,,
826,6/25/2026 23:04,71.77,18.3698,,,,,
827,6/25/2026 23:19,71.92,18.2114,,,,,
828,6/25/2026 23:34,72.05,18.0391,,,,,
829,6/25/2026 23:49,72.15,17.8631,,,,,
830,6/26/2026 0:04,72.23,17.6905,,,,,
831,6/26/2026 0:19,72.31,17.5129,,,,,
832,6/26/2026 0:34,72.36,17.3311,,,,,
833,6/26/2026 0:49,72.41,17.1489,,,,,
834,6/26/2026 1:04,72.46,16.9725,,,,,
835,6/26/2026 1:19,72.52,16.7982,,,,,
836,6/26/2026 1:34,72.5,16.6277,,,,,
837,6/26/2026 1:49,72.38,16.4666,,,,,
838,6/26/2026 2:04,72.42,16.3155,,,,,
839,6/26/2026 2:19,72.46,16.1657,,,,,
840,6/26/2026 2:34,72.49,16.026,,,,,
841,6/26/2026 2:49,72.5,15.8896,,,,,
842,6/26/2026 3:04,72.47,15.7601,,,,,
843,6/26/2026 3:19,72.43,15.6394,,,,,
844,6/26/2026 3:34,72.37,15.5256,,,,,
845,6/26/2026 3:49,72.37,15.4164,,,,,
846,6/26/2026 4:04,72.35,15.3066,,,,,
847,6/26/2026 4:19,72.33,15.21,,,,,
848,6/26/2026 4:34,72.34,15.1353,,,,,
849,6/26/2026 4:49,72.34,15.096,,,,,
850,6/26/2026 5:04,72.33,15.1714,,,,,
851,6/26/2026 5:19,72.33,15.281,,,,,
852,6/26/2026 5:34,72.37,15.4039,,,,,
853,6/26/2026 5:49,72.2,15.534,,,,,
854,6/26/2026 6:04,72.1,15.6806,,,,,
855,6/26/2026 6:19,72.07,15.8449,,,,,
856,6/26/2026 6:34,71.99,16.0125,,,,,
857,6/26/2026 6:49,71.89,16.2084,,,,,
858,6/26/2026 7:04,71.76,16.4195,,,,,
859,6/26/2026 7:19,71.69,16.6418,,,,,
860,6/26/2026 7:34,71.57,16.8717,,,,,
861,6/26/2026 7:49,71.4,17.0994,,,,,
862,6/26/2026 8:04,71.26,17.3256,,,,,
863,6/26/2026 8:19,71.12,17.5476,,,,,
864,6/26/2026 8:34,70.93,17.768,,,,,
865,6/26/2026 8:49,70.72,17.9645,,,,,
866,6/26/2026 9:04,70.54,18.1467,,,,,
867,6/26/2026 9:19,70.37,18.2955,,,,,
868,6/26/2026 9:34,70.15,18.4074,,,,,
869,6/26/2026 9:49,70.02,18.4688,,,,,
870,6/26/2026 10:04,69.93,18.5112,,,,,
871,6/26/2026 10:19,69.86,18.4856,,,,,
872,6/26/2026 10:34,70.01,18.416,,,,,
873,6/26/2026 10:49,70.17,18.3331,,,,,
874,6/26/2026 11:04,70.22,18.2545,,,,,
875,6/26/2026 11:19,70.36,18.1171,,,,,
876,6/26/2026 11:34,70.66,17.9827,,,,,
877,6/26/2026 11:49,70.58,17.8691,,,,,
878,6/26/2026 12:04,70.61,17.7287,,,,,
879,6/26/2026 12:19,71.43,17.5793,,,,,
880,6/26/2026 12:34,71.61,17.4122,,,,,
881,6/26/2026 12:49,71.58,17.2739,,,,,
882,6/26/2026 13:04,71.71,17.1165,,,,,
883,6/26/2026 13:19,71.82,16.9541,,,,,
884,6/26/2026 13:34,71.84,16.81,,,,,
885,6/26/2026 13:49,71.94,16.663,,,,,
886,6/26/2026 14:04,72.1,16.5113,,,,,
887,6/26/2026 14:19,72.49,16.3652,,,,,
888,6/26/2026 14:34,72.78,16.2265,,,,,
889,6/26/2026 14:49,73.08,16.0961,,,,,
890,6/26/2026 15:04,73.47,15.9679,,,,,
891,6/26/2026 15:19,73.76,15.8527,,,,,
892,6/26/2026 15:34,74.04,15.7407,,,,,
893,6/26/2026 15:49,74.22,15.6424,,,,,
894,6/26/2026 16:04,74.59,15.5625,,,,,
895,6/26/2026 16:19,74.88,15.4963,,,,,
896,6/26/2026 16:34,75.16,15.4594,,,,,
897,6/26/2026 16:49,74.86,15.495,,,,,
898,6/26/2026 17:04,74.65,15.5758,,,,,
899,6/26/2026 17:19,74.59,15.6762,,,,,
900,6/26/2026 17:34,74.9,15.8125,,,,,
901,6/26/2026 17:49,74.77,15.96,,,,,
902,6/26/2026 18:04,74.38,16.1195,,,,,
903,6/26/2026 18:19,74.03,16.3176,,,,,
904,6/26/2026 18:34,73.91,16.5082,,,,,
905,6/26/2026 18:49,73.75,16.6895,,,,,
906,6/26/2026 19:04,73.77,16.9142,,,,,
907,6/26/2026 19:19,73.62,17.137,,,,,
908,6/26/2026 19:34,73.19,17.3651,,,,,
909,6/26/2026 19:49,72.97,17.6212,,,,,
910,6/26/2026 20:04,72.7,17.8821,,,,,
911,6/26/2026 20:19,72.42,18.1338,,,,,
912,6/26/2026 20:34,72.22,18.3416,,,,,
913,6/26/2026 20:49,72.17,18.5372,,,,,
914,6/26/2026 21:04,72.11,18.6892,,,,,
915,6/26/2026 21:19,72,18.8112,,,,,
916,6/26/2026 21:34,71.86,18.9173,,,,,
917,6/26/2026 21:49,71.71,18.9731,,,,,
918,6/26/2026 22:04,71.52,19.0128,,,,,
919,6/26/2026 22:19,71.31,19.0232,,,,,
920,6/26/2026 22:34,71.18,19.0005,,,,,
921,6/26/2026 22:49,71.24,18.9605,,,,,
922,6/26/2026 23:04,71.78,18.8578,,,,,
923,6/26/2026 23:19,71.92,18.732,,,,,
924,6/26/2026 23:34,72,18.5941,,,,,
925,6/26/2026 23:49,72.08,18.4169,,,,,
926,6/27/2026 0:04,72.18,18.2443,,,,,
927,6/27/2026 0:19,72.27,18.0713,,,,,
928,6/27/2026 0:34,72.34,17.8901,,,,,
929,6/27/2026 0:49,72.43,17.7175,,,,,
930,6/27/2026 1:04,72.51,17.5418,,,,,
931,6/27/2026 1:19,72.59,17.3512,,,,,
932,6/27/2026 1:34,72.64,17.1683,,,,,
933,6/27/2026 1:49,72.65,16.988,,,,,
934,6/27/2026 2:04,72.66,16.7979,,,,,
935,6/27/2026 2:19,72.59,16.6279,,,,,
936,6/27/2026 2:34,72.4,16.4661,,,,,
937,6/27/2026 2:49,72.42,16.3136,,,,,
938,6/27/2026 3:04,72.44,16.16,,,,,
939,6/27/2026 3:19,72.41,16.0159,,,,,
940,6/27/2026 3:34,72.35,15.8812,,,,,
941,6/27/2026 3:49,72.29,15.7528,,,,,
942,6/27/2026 4:04,72.23,15.6277,,,,,
943,6/27/2026 4:19,72.14,15.5089,,,,,
944,6/27/2026 4:34,72.03,15.3927,,,,,
945,6/27/2026 4:49,71.96,15.2847,,,,,
946,6/27/2026 5:04,71.94,15.1762,,,,,
947,6/27/2026 5:19,71.89,15.0827,,,,,
948,6/27/2026 5:34,71.88,15.0211,,,,,
949,6/27/2026 5:49,71.86,15.0634,,,,,
950,6/27/2026 6:04,71.9,15.1637,,,,,
951,6/27/2026 6:19,71.93,15.2802,,,,,
952,6/27/2026 6:34,71.94,15.4037,,,,,
953,6/27/2026 6:49,72.01,15.5461,,,,,
954,6/27/2026 7:04,71.96,15.7047,,,,,
955,6/27/2026 7:19,71.97,15.8804,,,,,
956,6/27/2026 7:34,71.86,16.0724,,,,,
957,6/27/2026 7:49,71.87,16.2874,,,,,
958,6/27/2026 8:04,71.84,16.5082,,,,,
959,6/27/2026 8:19,71.81,16.7376,,,,,
960,6/27/2026 8:34,71.74,16.9697,,,,,
961,6/27/2026 8:49,71.65,17.2053,,,,,
962,6/27/2026 9:04,71.57,17.4431,,,,,
963,6/27/2026 9:19,71.49,17.6629,,,,,
964,6/27/2026 9:34,71.34,17.8797,,,,,
965,6/27/2026 9:49,71.18,18.0625,,,,,
966,6/27/2026 10:04,71.04,18.2233,,,,,
967,6/27/2026 10:19,70.86,18.3461,,,,,
968,6/27/2026 10:34,70.72,18.4405,,,,,
969,6/27/2026 10:49,70.63,18.486,,,,,
970,6/27/2026 11:04,70.6,18.4917,,,,,
971,6/27/2026 11:19,70.65,18.4454,,,,,
972,6/27/2026 11:34,70.73,18.3642,,,,,
973,6/27/2026 11:49,70.87,18.2591,,,,,
974,6/27/2026 12:04,71,18.1357,,,,,
975,6/27/2026 12:19,71.17,17.9965,,,,,
976,6/27/2026 12:34,71.18,17.8565,,,,,
977,6/27/2026 12:49,71.32,17.7125,,,,,
978,6/27/2026 13:04,72.02,17.5736,,,,,
979,6/27/2026 13:19,72.85,17.4187,,,,,
980,6/27/2026 13:34,73.36,17.267,,,,,
981,6/27/2026 13:49,73.51,17.1235,,,,,
982,6/27/2026 14:04,73.98,16.9663,,,,,
983,6/27/2026 14:19,74.24,16.8101,,,,,
984,6/27/2026 14:34,74.17,16.6564,,,,,
985,6/27/2026 14:49,74.4,16.5073,,,,,
986,6/27/2026 15:04,75.03,16.3743,,,,,
987,6/27/2026 15:19,75.36,16.2332,,,,,
988,6/27/2026 15:34,75.48,16.1036,,,,,
989,6/27/2026 15:49,75.77,15.9865,,,,,
990,6/27/2026 16:04,75.87,15.8652,,,,,
991,6/27/2026 16:19,76.13,15.7619,,,,,
992,6/27/2026 16:34,76.4,15.6593,,,,,
993,6/27/2026 16:49,76.54,15.5665,,,,,
994,6/27/2026 17:04,76.64,15.4824,,,,,
995,6/27/2026 17:19,76.74,15.4277,,,,,
996,6/27/2026 17:34,76.65,15.4487,,,,,
997,6/27/2026 17:49,76.43,15.5169,,,,,
998,6/27/2026 18:04,76.32,15.636,,,,,
999,6/27/2026 18:19,76.26,15.7703,,,,,
1000,6/27/2026 18:34,76.06,15.9332,,,,,
1001,6/27/2026 18:49,75.72,16.0922,,,,,
1002,6/27/2026 19:04,75.45,16.2666,,,,,
1003,6/27/2026 19:19,75.26,16.4577,,,,,
1004,6/27/2026 19:34,75.1,16.6666,,,,,
1005,6/27/2026 19:49,74.9,16.8896,,,,,
1006,6/27/2026 20:04,74.54,17.1201,,,,,
1007,6/27/2026 20:19,73.91,17.3686,,,,,
1008,6/27/2026 20:34,73.67,17.6291,,,,,
1009,6/27/2026 20:49,73.48,17.8705,,,,,
1010,6/27/2026 21:04,73.23,18.1216,,,,,
1011,6/27/2026 21:19,72.97,18.3401,,,,,
1012,6/27/2026 21:34,72.85,18.5312,,,,,
1013,6/27/2026 21:49,72.72,18.6995,,,,,
1014,6/27/2026 22:04,72.56,18.8399,,,,,
1015,6/27/2026 22:19,72.37,18.9408,,,,,
1016,6/27/2026 22:34,72.19,18.9978,,,,,
1017,6/27/2026 22:49,71.93,19.0444,,,,,
1018,6/27/2026 23:04,71.64,19.0654,,,,,
1019,6/27/2026 23:19,71.42,19.0611,,,,,
1020,6/27/2026 23:34,71.31,19.0391,,,,,
1021,6/27/2026 23:49,71.45,18.9769,,,,,
1022,6/28/2026 0:04,72.08,18.8687,,,,,
1023,6/28/2026 0:19,72.31,18.7126,,,,,
1024,6/28/2026 0:34,72.46,18.55,,,,,
1025,6/28/2026 0:49,72.58,18.3494,,,,,
1026,6/28/2026 1:04,72.68,18.1636,,,,,
1027,6/28/2026 1:19,72.76,17.9842,,,,,
1028,6/28/2026 1:34,72.82,17.7905,,,,,
1029,6/28/2026 1:49,72.89,17.609,,,,,
1030,6/28/2026 2:04,72.95,17.4214,,,,,
1031,6/28/2026 2:19,73.04,17.2436,,,,,
1032,6/28/2026 2:34,73.16,17.0616,,,,,
1033,6/28/2026 2:49,73.24,16.8703,,,,,
1034,6/28/2026 3:04,73.27,16.6929,,,,,
1035,6/28/2026 3:19,73.09,16.5234,,,,,
1036,6/28/2026 3:34,72.96,16.3649,,,,,
1037,6/28/2026 3:49,72.96,16.2119,,,,,
1038,6/28/2026 4:04,72.92,16.0651,,,,,
1039,6/28/2026 4:19,72.85,15.926,,,,,
1040,6/28/2026 4:34,72.76,15.7932,,,,,
1041,6/28/2026 4:49,72.69,15.6655,,,,,
1042,6/28/2026 5:04,72.59,15.546,,,,,
1043,6/28/2026 5:19,72.49,15.4335,,,,,
1044,6/28/2026 5:34,72.36,15.3272,,,,,
1045,6/28/2026 5:49,72.32,15.2274,,,,,
1046,6/28/2026 6:04,72.31,15.1339,,,,,
1047,6/28/2026 6:19,72.27,15.0828,,,,,
1048,6/28/2026 6:34,72.22,15.1008,,,,,
1049,6/28/2026 6:49,72.21,15.2029,,,,,
1050,6/28/2026 7:04,72.27,15.304,,,,,
1051,6/28/2026 7:19,72.35,15.4413,,,,,
1052,6/28/2026 7:34,72.45,15.5894,,,,,
1053,6/28/2026 7:49,72.48,15.7526,,,,,
1054,6/28/2026 8:04,72.52,15.9341,,,,,
1055,6/28/2026 8:19,72.52,16.1257,,,,,
1056,6/28/2026 8:34,72.56,16.3321,,,,,
1057,6/28/2026 8:49,72.63,16.5614,,,,,
1058,6/28/2026 9:04,72.67,16.7948,,,,,
1059,6/28/2026 9:19,72.6,17.0276,,,,,
1060,6/28/2026 9:34,72.54,17.2684,,,,,
1061,6/28/2026 9:49,72.5,17.5102,,,,,
1062,6/28/2026 10:04,72.44,17.7333,,,,,
1063,6/28/2026 10:19,72.32,17.9446,,,,,
1064,6/28/2026 10:34,72.2,18.1422,,,,,
1065,6/28/2026 10:49,72.07,18.3012,,,,,
1066,6/28/2026 11:04,71.97,18.4166,,,,,
1067,6/28/2026 11:19,71.95,18.4941,,,,,
1068,6/28/2026 11:34,71.8,18.5326,,,,,
1069,6/28/2026 11:49,71.78,18.5236,,,,,
1070,6/28/2026 12:04,71.8,18.4677,,,,,
1071,6/28/2026 12:19,72.09,18.3737,,,,,
1072,6/28/2026 12:34,72.27,18.2667,,,,,
1073,6/28/2026 12:49,72.72,18.1287,,,,,
1074,6/28/2026 13:04,72.61,17.9972,,,,,
1075,6/28/2026 13:19,72.71,17.8637,,,,,
1076,6/28/2026 13:34,72.67,17.7205,,,,,
1077,6/28/2026 13:49,73.06,17.581,,,,,
1078,6/28/2026 14:04,74.09,17.4315,,,,,
1079,6/28/2026 14:19,74.92,17.2799,,,,,
1080,6/28/2026 14:34,75.39,17.1219,,,,,
1081,6/28/2026 14:49,75.63,16.9705,,,,,
1082,6/28/2026 15:04,75.64,16.8144,,,,,
1083,6/28/2026 15:19,75.67,16.6502,,,,,
1084,6/28/2026 15:34,75.66,16.5062,,,,,
1085,6/28/2026 15:49,76.17,16.3673,,,,,
1086,6/28/2026 16:04,76.89,16.2276,,,,,
1087,6/28/2026 16:19,77.09,16.0945,,,,,
1088,6/28/2026 16:34,77.3,15.9765,,,,,
1089,6/28/2026 16:49,77.41,15.8616,,,,,
1090,6/28/2026 17:04,77.63,15.7525,,,,,
1091,6/28/2026 17:19,77.7,15.6533,,,,,
1092,6/28/2026 17:34,77.97,15.5645,,,,,
1093,6/28/2026 17:49,78.15,15.4868,,,,,
1094,6/28/2026 18:04,78.24,15.4452,,,,,
1095,6/28/2026 18:19,77.92,15.477,,,,,
1096,6/28/2026 18:34,77.58,15.5693,,,,,
1097,6/28/2026 18:49,77.43,15.6858,,,,,
1098,6/28/2026 19:04,77.24,15.8249,,,,,
1099,6/28/2026 19:19,77.07,15.9817,,,,,
1100,6/28/2026 19:34,76.72,16.147,,,,,
1101,6/28/2026 19:49,76.43,16.3308,,,,,
1102,6/28/2026 20:04,76.26,16.5308,,,,,
1103,6/28/2026 20:19,76.05,16.7467,,,,,
1104,6/28/2026 20:34,75.77,16.9772,,,,,
1105,6/28/2026 20:49,75.11,17.2254,,,,,
1106,6/28/2026 21:04,74.69,17.4822,,,,,
1107,6/28/2026 21:19,74.6,17.7401,,,,,
1108,6/28/2026 21:34,74.4,17.9822,,,,,
1109,6/28/2026 21:49,74.12,18.2106,,,,,
1110,6/28/2026 22:04,73.93,18.43,,,,,
1111,6/28/2026 22:19,73.81,18.6282,,,,,
1112,6/28/2026 22:34,73.64,18.7908,,,,,
1113,6/28/2026 22:49,73.48,18.9122,,,,,
1114,6/28/2026 23:04,73.32,18.9966,,,,,
1115,6/28/2026 23:19,73.11,19.051,,,,,
1116,6/28/2026 23:34,72.86,19.0836,,,,,
1117,6/28/2026 23:49,72.68,19.0908,,,,,
1118,6/29/2026 0:04,72.59,19.0759,,,,,
1119,6/29/2026 0:19,72.51,19.033,,,,,
1120,6/29/2026 0:34,72.93,18.9504,,,,,
1121,6/29/2026 0:49,73.19,18.828,,,,,
1122,6/29/2026 1:04,73.33,18.6793,,,,,
1123,6/29/2026 1:19,73.45,18.5039,,,,,
1124,6/29/2026 1:34,73.51,18.3064,,,,,
1125,6/29/2026 1:49,73.61,18.1086,,,,,
1126,6/29/2026 2:04,73.68,17.9217,,,,,
1127,6/29/2026 2:19,73.75,17.7451,,,,,
1128,6/29/2026 2:34,73.81,17.5738,,,,,
1129,6/29/2026 2:49,73.86,17.39,,,,,
1130,6/29/2026 3:04,73.92,17.2064,,,,,
1131,6/29/2026 3:19,74.03,17.0231,,,,,
1132,6/29/2026 3:34,74.08,16.8412,,,,,
1133,6/29/2026 3:49,74.05,16.6687,,,,,
1134,6/29/2026 4:04,73.88,16.4968,,,,,
1135,6/29/2026 4:19,73.82,16.3334,,,,,
1136,6/29/2026 4:34,73.79,16.1828,,,,,
1137,6/29/2026 4:49,73.69,16.0391,,,,,
1138,6/29/2026 5:04,73.58,15.9018,,,,,
1139,6/29/2026 5:19,73.52,15.7772,,,,,
1140,6/29/2026 5:34,73.41,15.6538,,,,,
1141,6/29/2026 5:49,73.29,15.5362,,,,,
1142,6/29/2026 6:04,73.18,15.4211,,,,,
1143,6/29/2026 6:19,73.11,15.3081,,,,,
1144,6/29/2026 6:34,73.07,15.2015,,,,,
1145,6/29/2026 6:49,73.06,15.1099,,,,,
1146,6/29/2026 7:04,73.1,15.0477,,,,,
1147,6/29/2026 7:19,73.14,15.1113,,,,,
1148,6/29/2026 7:34,73.17,15.2123,,,,,
1149,6/29/2026 7:49,73.25,15.3271,,,,,
1150,6/29/2026 8:04,73.38,15.4565,,,,,
1151,6/29/2026 8:19,73.57,15.6036,,,,,
1152,6/29/2026 8:34,73.74,15.7733,,,,,
1153,6/29/2026 8:49,73.82,15.9649,,,,,
1154,6/29/2026 9:04,73.85,16.1692,,,,,
1155,6/29/2026 9:19,74.03,16.3929,,,,,
1156,6/29/2026 9:34,74.12,16.6255,,,,,
1157,6/29/2026 9:49,74.15,16.8647,,,,,
1158,6/29/2026 10:04,74.12,17.1147,,,,,
1159,6/29/2026 10:19,74.08,17.3614,,,,,
1160,6/29/2026 10:34,74.05,17.6072,,,,,
1161,6/29/2026 10:49,73.96,17.8355,,,,,
1162,6/29/2026 11:04,73.86,18.0432,,,,,
1163,6/29/2026 11:19,73.82,18.2214,,,,,
1164,6/29/2026 11:34,73.74,18.3736,,,,,
1165,6/29/2026 11:49,73.72,18.4937,,,,,
1166,6/29/2026 12:04,73.68,18.5668,,,,,
1167,6/29/2026 12:19,73.66,18.5909,,,,,
1168,6/29/2026 12:34,73.72,18.5701,,,,,
1169,6/29/2026 12:49,73.77,18.5021,,,,,
1170,6/29/2026 13:04,74.12,18.4069,,,,,
1171,6/29/2026 13:19,74.36,18.2944,,,,,
1172,6/29/2026 13:34,74.33,18.1756,,,,,
1173,6/29/2026 13:49,74.9,18.0271,,,,,
1174,6/29/2026 14:04,74.5,17.8893,,,,,
1175,6/29/2026 14:19,74.65,17.7421,,,,,
1176,6/29/2026 14:34,75.8,17.5966,,,,,
1177,6/29/2026 14:49,76.25,17.4439,,,,,
1178,6/29/2026 15:04,76.53,17.2905,,,,,
1179,6/29/2026 15:19,76.87,17.1277,,,,,
1180,6/29/2026 15:34,76.94,16.9785,,,,,
1181,6/29/2026 15:49,77.19,16.8153,,,,,
1182,6/29/2026 16:04,77.27,16.6575,,,,,
1183,6/29/2026 16:19,77.48,16.5102,,,,,
1184,6/29/2026 16:34,77.98,16.3687,,,,,
1185,6/29/2026 16:49,78.03,16.2314,,,,,
1186,6/29/2026 17:04,78.2,16.1032,,,,,
1187,6/29/2026 17:19,78.3,15.9787,,,,,
1188,6/29/2026 17:34,78.37,15.863,,,,,
1189,6/29/2026 17:49,78.42,15.7517,,,,,
1190,6/29/2026 18:04,78.42,15.6479,,,,,
1191,6/29/2026 18:19,78.39,15.5629,,,,,
1192,6/29/2026 18:34,78.3,15.4871,,,,,
1193,6/29/2026 18:49,78.31,15.454,,,,,
1194,6/29/2026 19:04,78.3,15.494,,,,,
1195,6/29/2026 19:19,78.27,15.6014,,,,,
1196,6/29/2026 19:34,78.05,15.7122,,,,,
1197,6/29/2026 19:49,77.71,15.8585,,,,,
1198,6/29/2026 20:04,77.58,16.0241,,,,,
1199,6/29/2026 20:19,77.36,16.2011,,,,,
1200,6/29/2026 20:34,77.22,16.3897,,,,,
1201,6/29/2026 20:49,77.07,16.5898,,,,,
1202,6/29/2026 21:04,76.79,16.8074,,,,,
1203,6/29/2026 21:19,76.45,17.0392,,,,,
1204,6/29/2026 21:34,75.81,17.2888,,,,,
1205,6/29/2026 21:49,75.44,17.5509,,,,,
1206,6/29/2026 22:04,75.36,17.8165,,,,,
1207,6/29/2026 22:19,75.16,18.0785,,,,,
1208,6/29/2026 22:34,74.89,18.3096,,,,,
1209,6/29/2026 22:49,74.69,18.5157,,,,,
1210,6/29/2026 23:04,74.5,18.7011,,,,,
1211,6/29/2026 23:19,74.33,18.8466,,,,,
1212,6/29/2026 23:34,74.2,18.9623,,,,,
1213,6/29/2026 23:49,73.98,19.0511,,,,,
1214,6/30/2026 0:04,73.8,19.1094,,,,,
1215,6/30/2026 0:19,73.61,19.1396,,,,,
1216,6/30/2026 0:34,73.47,19.1412,,,,,
1217,6/30/2026 0:49,73.42,19.1098,,,,,
1218,6/30/2026 1:04,73.51,19.0602,,,,,
1219,6/30/2026 1:19,73.79,18.9697,,,,,
1220,6/30/2026 1:34,73.9,18.836,,,,,
1221,6/30/2026 1:49,74.01,18.6713,,,,,
1222,6/30/2026 2:04,74.12,18.5023,,,,,
1223,6/30/2026 2:19,74.17,18.3086,,,,,
1224,6/30/2026 2:34,74.24,18.117,,,,,
1225,6/30/2026 2:49,74.25,17.9318,,,,,
1226,6/30/2026 3:04,74.29,17.7387,,,,,
1227,6/30/2026 3:19,74.33,17.5515,,,,,
1228,6/30/2026 3:34,74.38,17.3627,,,,,
1229,6/30/2026 3:49,74.4,17.1664,,,,,
1230,6/30/2026 4:04,74.45,16.9831,,,,,
1231,6/30/2026 4:19,74.45,16.8036,,,,,
1232,6/30/2026 4:34,74.35,16.6285,,,,,
1233,6/30/2026 4:49,74.13,16.4634,,,,,
1234,6/30/2026 5:04,74.05,16.3069,,,,,
1235,6/30/2026 5:19,73.98,16.1582,,,,,
1236,6/30/2026 5:34,73.87,16.0163,,,,,
1237,6/30/2026 5:49,73.71,15.8833,,,,,
1238,6/30/2026 6:04,73.47,15.7527,,,,,
1239,6/30/2026 6:19,73.38,15.6332,,,,,
1240,6/30/2026 6:34,73.31,15.5131,,,,,
1241,6/30/2026 6:49,73.23,15.3956,,,,,
1242,6/30/2026 7:04,73.16,15.2789,,,,,
1243,6/30/2026 7:19,73.18,15.1649,,,,,
1244,6/30/2026 7:34,73.25,15.0729,,,,,
1245,6/30/2026 7:49,73.39,15.0178,,,,,
1246,6/30/2026 8:04,73.5,15.097,,,,,
1247,6/30/2026 8:19,73.45,15.196,,,,,
1248,6/30/2026 8:34,73.48,15.3151,,,,,
1249,6/30/2026 8:49,73.72,15.4528,,,,,
1250,6/30/2026 9:04,73.95,15.6037,,,,,
1251,6/30/2026 9:19,74.15,15.7653,,,,,
1252,6/30/2026 9:34,74.4,15.963,,,,,
1253,6/30/2026 9:49,74.58,16.1719,,,,,
1254,6/30/2026 10:04,74.94,16.3967,,,,,
1255,6/30/2026 10:19,75.2,16.6328,,,,,
1256,6/30/2026 10:34,75.25,16.8746,,,,,
1257,6/30/2026 10:49,75.24,17.1241,,,,,
1258,6/30/2026 11:04,75.18,17.3733,,,,,
1259,6/30/2026 11:19,75.18,17.6205,,,,,
1260,6/30/2026 11:34,75.15,17.8496,,,,,
1261,6/30/2026 11:49,75.1,18.0631,,,,,
1262,6/30/2026 12:04,75.16,18.2416,,,,,
1263,6/30/2026 12:19,75.23,18.4,,,,,
1264,6/30/2026 12:34,75.19,18.5105,,,,,
1265,6/30/2026 12:49,75.2,18.5806,,,,,
1266,6/30/2026 13:04,75.21,18.6009,,,,,
1267,6/30/2026 13:19,75.23,18.559,,,,,
1268,6/30/2026 13:34,75.27,18.4827,,,,,
1269,6/30/2026 13:49,75.73,18.356,,,,,
1270,6/30/2026 14:04,75.77,18.2329,,,,,
1271,6/30/2026 14:19,75.93,18.1076,,,,,
1272,6/30/2026 14:34,75.95,17.9782,,,,,
1273,6/30/2026 14:49,76.61,17.8358,,,,,
1274,6/30/2026 15:04,76.29,17.6812,,,,,
1275,6/30/2026 15:19,77.1,17.5306,,,,,
1276,6/30/2026 15:34,77.53,17.3742,,,,,
1277,6/30/2026 15:49,77.66,17.2235,,,,,
1278,6/30/2026 16:04,77.65,17.0639,,,,,
1279,6/30/2026 16:19,77.55,16.9137,,,,,
1280,6/30/2026 16:34,77.99,16.7591,,,,,
1281,6/30/2026 16:49,78.07,16.6008,,,,,
1282,6/30/2026 17:04,78.13,16.4494,,,,,
1283,6/30/2026 17:19,78.18,16.3038,,,,,
1284,6/30/2026 17:34,78.22,16.1665,,,,,
1285,6/30/2026 17:49,78.25,16.0331,,,,,
1286,6/30/2026 18:04,78.27,15.9072,,,,,
1287,6/30/2026 18:19,78.23,15.7982,,,,,
1288,6/30/2026 18:34,78.17,15.6949,,,,,
1289,6/30/2026 18:49,78.12,15.5948,,,,,
1290,6/30/2026 19:04,78.08,15.5129,,,,,
1291,6/30/2026 19:19,78.02,15.436,,,,,
1292,6/30/2026 19:34,77.93,15.3983,,,,,
1293,6/30/2026 19:49,77.94,15.4533,,,,,
1294,6/30/2026 20:04,78,15.5639,,,,,
1295,6/30/2026 20:19,77.81,15.6929,,,,,
1296,6/30/2026 20:34,77.53,15.855,,,,,
1297,6/30/2026 20:49,77.47,16.0189,,,,,
1298,6/30/2026 21:04,77.26,16.1908,,,,,
1299,6/30/2026 21:19,77.21,16.389,,,,,
1300,6/30/2026 21:34,77.15,16.6044,,,,,
1301,6/30/2026 21:49,76.93,16.8285,,,,,
1302,6/30/2026 22:04,76.59,17.0659,,,,,
1303,6/30/2026 22:19,76.16,17.3155,,,,,
1304,6/30/2026 22:34,75.98,17.5824,,,,,
1305,6/30/2026 22:49,75.9,17.8399,,,,,
1306,6/30/2026 23:04,75.76,18.0919,,,,,
1307,6/30/2026 23:19,75.56,18.3156,,,,,
1308,6/30/2026 23:34,75.33,18.5039,,,,,
1309,6/30/2026 23:49,75.12,18.6898,,,,,
1310,7/1/2026 0:04,74.94,18.8385,,,,,
1311,7/1/2026 0:19,74.8,18.9351,,,,,
1312,7/1/2026 0:34,74.68,18.996,,,,,
1313,7/1/2026 0:49,74.57,19.0468,,,,,
1314,7/1/2026 1:04,74.48,19.0727,,,,,
1315,7/1/2026 1:19,74.42,19.0783,,,,,
1316,7/1/2026 1:34,74.38,19.0489,,,,,
1317,7/1/2026 1:49,74.38,18.9953,,,,,
1318,7/1/2026 2:04,74.67,18.8627,,,,,
1319,7/1/2026 2:19,74.84,18.7185,,,,,
1320,7/1/2026 2:34,74.96,18.5558,,,,,
1321,7/1/2026 2:49,75.11,18.3622,,,,,
1322,7/1/2026 3:04,75.21,18.182,,,,,
1323,7/1/2026 3:19,75.3,17.9824,,,,,
1324,7/1/2026 3:34,75.36,17.7785,,,,,
1325,7/1/2026 3:49,75.42,17.5812,,,,,
1326,7/1/2026 4:04,75.45,17.3998,,,,,
1327,7/1/2026 4:19,75.49,17.2067,,,,,
1328,7/1/2026 4:34,75.48,17.0099,,,,,
1329,7/1/2026 4:49,75.54,16.8299,,,,,
1330,7/1/2026 5:04,75.54,16.6575,,,,,
1331,7/1/2026 5:19,75.42,16.4869,,,,,
1332,7/1/2026 5:34,75.34,16.3235,,,,,
1333,7/1/2026 5:49,75.31,16.1691,,,,,
1334,7/1/2026 6:04,75.27,16.0236,,,,,
1335,7/1/2026 6:19,75.24,15.8889,,,,,
1336,7/1/2026 6:34,75.21,15.755,,,,,
1337,7/1/2026 6:49,75.2,15.6287,,,,,
1338,7/1/2026 7:04,75.17,15.5175,,,,,
1339,7/1/2026 7:19,75.15,15.3976,,,,,
1340,7/1/2026 7:34,75.18,15.2836,,,,,
1341,7/1/2026 7:49,75.24,15.1727,,,,,
1342,7/1/2026 8:04,75.25,15.0706,,,,,
1343,7/1/2026 8:19,75.27,14.996,,,,,
1344,7/1/2026 8:34,75.67,15.0073,,,,,
1345,7/1/2026 8:49,75.51,15.1153,,,,,
1346,7/1/2026 9:04,75.43,15.2286,,,,,
1347,7/1/2026 9:19,75.57,15.3617,,,,,
1348,7/1/2026 9:34,75.62,15.5066,,,,,
1349,7/1/2026 9:49,75.86,15.672,,,,,
1350,7/1/2026 10:04,76.12,15.8551,,,,,
1351,7/1/2026 10:19,76.28,16.0621,,,,,
1352,7/1/2026 10:34,76.55,16.2809,,,,,
1353,7/1/2026 10:49,76.76,16.5023,,,,,
1354,7/1/2026 11:04,76.74,16.7368,,,,,
1355,7/1/2026 11:19,76.6,16.9865,,,,,
1356,7/1/2026 11:34,76.67,17.2396,,,,,
1357,7/1/2026 11:49,76.78,17.4957,,,,,
1358,7/1/2026 12:04,76.66,17.7201,,,,,
1359,7/1/2026 12:19,76.56,17.9371,,,,,
1360,7/1/2026 12:34,76.45,18.1373,,,,,
1361,7/1/2026 12:49,76.48,18.312,,,,,
1362,7/1/2026 13:04,76.51,18.4163,,,,,
1363,7/1/2026 13:19,76.52,18.4959,,,,,
1364,7/1/2026 13:34,76.59,18.5291,,,,,
1365,7/1/2026 13:49,76.63,18.5311,,,,,
1366,7/1/2026 14:04,76.67,18.4587,,,,,
1367,7/1/2026 14:19,76.74,18.3737,,,,,
1368,7/1/2026 14:34,76.87,18.2755,,,,,
1369,7/1/2026 14:49,77.05,18.1533,,,,,
1370,7/1/2026 15:04,77.25,18.0085,,,,,
1371,7/1/2026 15:19,77.17,17.8733,,,,,
1372,7/1/2026 15:34,77.37,17.7325,,,,,
1373,7/1/2026 15:49,77.38,17.5705,,,,,
1374,7/1/2026 16:04,77.64,17.4117,,,,,
1375,7/1/2026 16:19,77.82,17.2624,,,,,
1376,7/1/2026 16:34,79.49,17.104,,,,,
1377,7/1/2026 16:49,79.5,16.942,,,,,
1378,7/1/2026 17:04,79.99,16.7831,,,,,
1379,7/1/2026 17:19,79.82,16.6254,,,,,
1380,7/1/2026 17:34,79.94,16.4622,,,,,
1381,7/1/2026 17:49,80.12,16.3112,,,,,
1382,7/1/2026 18:04,80.4,16.1694,,,,,
1383,7/1/2026 18:19,80.76,16.036,,,,,
1384,7/1/2026 18:34,80.84,15.9084,,,,,
1385,7/1/2026 18:49,80.94,15.7934,,,,,
1386,7/1/2026 19:04,80.99,15.6803,,,,,
1387,7/1/2026 19:19,80.96,15.5715,,,,,
1388,7/1/2026 19:34,80.92,15.4808,,,,,
1389,7/1/2026 19:49,80.88,15.3945,,,,,
1390,7/1/2026 20:04,80.87,15.3384,,,,,
1391,7/1/2026 20:19,80.92,15.3503,,,,,
1392,7/1/2026 20:34,80.96,15.449,,,,,
1393,7/1/2026 20:49,80.79,15.578,,,,,
1394,7/1/2026 21:04,80.33,15.7258,,,,,
1395,7/1/2026 21:19,80.2,15.897,,,,,
1396,7/1/2026 21:34,79.98,16.0631,,,,,
1397,7/1/2026 21:49,79.84,16.2422,,,,,
1398,7/1/2026 22:04,79.75,16.4448,,,,,
1399,7/1/2026 22:19,79.54,16.6669,,,,,
1400,7/1/2026 22:34,79.26,16.8955,,,,,
1401,7/1/2026 22:49,78.69,17.1344,,,,,
1402,7/1/2026 23:04,78.29,17.3936,,,,,
1403,7/1/2026 23:19,78.16,17.6539,,,,,
1404,7/1/2026 23:34,78.01,17.9088,,,,,
1405,7/1/2026 23:49,77.82,18.1443,,,,,
1406,7/2/2026 0:04,77.62,18.3713,,,,,
1407,7/2/2026 0:19,77.43,18.554,,,,,
1408,7/2/2026 0:34,77.23,18.7102,,,,,
1409,7/2/2026 0:49,77.03,18.8397,,,,,
1410,7/2/2026 1:04,76.85,18.9285,,,,,
1411,7/2/2026 1:19,76.57,18.9897,,,,,
1412,7/2/2026 1:34,76.31,19.0306,,,,,
1413,7/2/2026 1:49,76.17,19.027,,,,,
1414,7/2/2026 2:04,76.07,18.9828,,,,,
1415,7/2/2026 2:19,76.32,18.9062,,,,,
1416,7/2/2026 2:34,76.96,18.8006,,,,,
1417,7/2/2026 2:49,77.13,18.652,,,,,
1418,7/2/2026 3:04,77.26,18.5002,,,,,
1419,7/2/2026 3:19,77.43,18.3257,,,,,
1420,7/2/2026 3:34,77.55,18.1482,,,,,
1421,7/2/2026 3:49,77.65,17.9872,,,,,
1422,7/2/2026 4:04,77.73,17.8188,,,,,
1423,7/2/2026 4:19,77.81,17.6246,,,,,
1424,7/2/2026 4:34,77.86,17.4508,,,,,
1425,7/2/2026 4:49,77.92,17.2595,,,,,
1426,7/2/2026 5:04,78.03,17.0566,,,,,
1427,7/2/2026 5:19,78.11,16.874,,,,,
1428,7/2/2026 5:34,78.21,16.7036,,,,,
1429,7/2/2026 5:49,78.19,16.5212,,,,,
1430,7/2/2026 6:04,78.08,16.3564,,,,,
1431,7/2/2026 6:19,78.12,16.2039,,,,,
1432,7/2/2026 6:34,78.13,16.0541,,,,,
1433,7/2/2026 6:49,78.15,15.9114,,,,,
1434,7/2/2026 7:04,78.21,15.7788,,,,,
1435,7/2/2026 7:19,78.28,15.6483,,,,,
1436,7/2/2026 7:34,78.34,15.5247,,,,,
1437,7/2/2026 7:49,78.45,15.4056,,,,,
1438,7/2/2026 8:04,78.6,15.2855,,,,,
1439,7/2/2026 8:19,78.82,15.1682,,,,,
1440,7/2/2026 8:34,79.06,15.0516,,,,,
1441,7/2/2026 8:49,79.33,14.9631,,,,,
1442,7/2/2026 9:04,79.85,14.9156,,,,,
1443,7/2/2026 9:19,79.91,15.0072,,,,,
1444,7/2/2026 9:34,79.7,15.1208,,,,,
1445,7/2/2026 9:49,79.78,15.2543,,,,,
1446,7/2/2026 10:04,79.94,15.3882,,,,,
1447,7/2/2026 10:19,80.06,15.5464,,,,,
1448,7/2/2026 10:34,80.04,15.7277,,,,,
1449,7/2/2026 10:49,79.91,15.9345,,,,,
1450,7/2/2026 11:04,79.99,16.1503,,,,,
1451,7/2/2026 11:19,80.07,16.3739,,,,,
1452,7/2/2026 11:34,80.02,16.6133,,,,,
1453,7/2/2026 11:49,79.86,16.8641,,,,,
1454,7/2/2026 12:04,79.77,17.1167,,,,,
1455,7/2/2026 12:19,79.68,17.369,,,,,
1456,7/2/2026 12:34,79.55,17.6274,,,,,
1457,7/2/2026 12:49,79.46,17.8393,,,,,
1458,7/2/2026 13:04,79.36,18.0338,,,,,
1459,7/2/2026 13:19,79.42,18.2021,,,,,
1460,7/2/2026 13:34,79.41,18.3463,,,,,
1461,7/2/2026 13:49,79.38,18.4576,,,,,
1462,7/2/2026 14:04,79.38,18.5136,,,,,
1463,7/2/2026 14:19,79.37,18.5205,,,,,
1464,7/2/2026 14:34,79.42,18.471,,,,,
1465,7/2/2026 14:49,79.47,18.3834,,,,,
1466,7/2/2026 15:04,79.73,18.2581,,,,,
1467,7/2/2026 15:19,79.84,18.1352,,,,,
1468,7/2/2026 15:34,80.22,18.0047,,,,,
1469,7/2/2026 15:49,80.14,17.8675,,,,,
1470,7/2/2026 16:04,80.51,17.7417,,,,,
1471,7/2/2026 16:19,80.89,17.5913,,,,,
1472,7/2/2026 16:34,81.5,17.4321,,,,,
1473,7/2/2026 16:49,81.81,17.2729,,,,,
1474,7/2/2026 17:04,82.21,17.121,,,,,
1475,7/2/2026 17:19,82.39,16.9575,,,,,
1476,7/2/2026 17:34,82.27,16.7889,,,,,
1477,7/2/2026 17:49,82.31,16.6266,,,,,
1478,7/2/2026 18:04,82.47,16.4729,,,,,
1479,7/2/2026 18:19,82.78,16.3235,,,,,
1480,7/2/2026 18:34,83,16.1777,,,,,
1481,7/2/2026 18:49,83.09,16.0456,,,,,
1482,7/2/2026 19:04,83.1,15.914,,,,,
1483,7/2/2026 19:19,83.14,15.7914,,,,,
1484,7/2/2026 19:34,83.17,15.6676,,,,,
1485,7/2/2026 19:49,83.17,15.5613,,,,,
1486,7/2/2026 20:04,83.12,15.4587,,,,,
1487,7/2/2026 20:19,83.13,15.3694,,,,,
1488,7/2/2026 20:34,83.21,15.2928,,,,,
1489,7/2/2026 20:49,83.24,15.2742,,,,,
1490,7/2/2026 21:04,83.45,15.3271,,,,,
1491,7/2/2026 21:19,83.49,15.4395,,,,,
1492,7/2/2026 21:34,83.12,15.573,,,,,
1493,7/2/2026 21:49,82.6,15.7282,,,,,
1494,7/2/2026 22:04,82.44,15.8963,,,,,
1495,7/2/2026 22:19,82.02,16.0814,,,,,
1496,7/2/2026 22:34,81.88,16.2712,,,,,
1497,7/2/2026 22:49,81.72,16.4763,,,,,
1498,7/2/2026 23:04,81.41,16.7114,,,,,
1499,7/2/2026 23:19,81.07,16.9475,,,,,
1500,7/2/2026 23:34,80.46,17.2022,,,,,
1501,7/2/2026 23:49,80.19,17.4618,,,,,
1502,7/3/2026 0:04,79.98,17.7189,,,,,
1503,7/3/2026 0:19,79.69,17.9686,,,,,
1504,7/3/2026 0:34,79.42,18.2021,,,,,
1505,7/3/2026 0:49,79.17,18.4036,,,,,
1506,7/3/2026 1:04,78.89,18.5843,,,,,
1507,7/3/2026 1:19,78.58,18.7549,,,,,
1508,7/3/2026 1:34,78.36,18.8601,,,,,
1509,7/3/2026 1:49,78.08,18.929,,,,,
1510,7/3/2026 2:04,77.82,18.9723,,,,,
1511,7/3/2026 2:19,77.6,18.9833,,,,,
1512,7/3/2026 2:34,77.53,18.9716,,,,,
1513,7/3/2026 2:49,77.48,18.9396,,,,,
1514,7/3/2026 3:04,77.71,18.8656,,,,,
1515,7/3/2026 3:19,78.33,18.7517,,,,,
1516,7/3/2026 3:34,78.66,18.5907,,,,,
1517,7/3/2026 3:49,78.87,18.408,,,,,
1518,7/3/2026 4:04,79.03,18.2234,,,,,
1519,7/3/2026 4:19,79.2,18.0422,,,,,
1520,7/3/2026 4:34,79.31,17.8745,,,,,
1521,7/3/2026 4:49,79.4,17.703,,,,,
1522,7/3/2026 5:04,79.48,17.5171,,,,,
1523,7/3/2026 5:19,79.55,17.3308,,,,,
1524,7/3/2026 5:34,79.65,17.1441,,,,,
1525,7/3/2026 5:49,79.79,16.954,,,,,
1526,7/3/2026 6:04,79.87,16.7671,,,,,
1527,7/3/2026 6:19,79.95,16.5936,,,,,
1528,7/3/2026 6:34,79.82,16.4261,,,,,
1529,7/3/2026 6:49,79.88,16.2624,,,,,
1530,7/3/2026 7:04,79.97,16.1126,,,,,
1531,7/3/2026 7:19,80.06,15.9668,,,,,
1532,7/3/2026 7:34,80.15,15.8324,,,,,
1533,7/3/2026 7:49,80.27,15.6975,,,,,
1534,7/3/2026 8:04,80.37,15.5721,,,,,
1535,7/3/2026 8:19,80.52,15.4506,,,,,
1536,7/3/2026 8:34,80.74,15.3318,,,,,
1537,7/3/2026 8:49,81.01,15.2176,,,,,
1538,7/3/2026 9:04,81.34,15.108,,,,,
1539,7/3/2026 9:19,81.67,15.009,,,,,
1540,7/3/2026 9:34,82.03,14.9475,,,,,
1541,7/3/2026 9:49,82.37,15.0037,,,,,
1542,7/3/2026 10:04,82,15.1044,,,,,
1543,7/3/2026 10:19,81.85,15.2213,,,,,
1544,7/3/2026 10:34,82.19,15.3487,,,,,
1545,7/3/2026 10:49,82.19,15.5023,,,,,
1546,7/3/2026 11:04,82.36,15.6764,,,,,
1547,7/3/2026 11:19,82.31,15.8722,,,,,
1548,7/3/2026 11:34,82.5,16.085,,,,,
1549,7/3/2026 11:49,82.48,16.3083,,,,,
1550,7/3/2026 12:04,82.45,16.5364,,,,,
1551,7/3/2026 12:19,82.16,16.7805,,,,,
1552,7/3/2026 12:34,82.05,17.045,,,,,
1553,7/3/2026 12:49,81.86,17.3084,,,,,
1554,7/3/2026 13:04,81.61,17.5614,,,,,
1555,7/3/2026 13:19,81.34,17.8013,,,,,
1556,7/3/2026 13:34,81.2,18.0109,,,,,
1557,7/3/2026 13:49,81.2,18.2001,,,,,
1558,7/3/2026 14:04,81.26,18.3636,,,,,
1559,7/3/2026 14:19,81.25,18.4838,,,,,
1560,7/3/2026 14:34,81.17,18.5746,,,,,
1561,7/3/2026 14:49,81.13,18.6076,,,,,
1562,7/3/2026 15:04,81.08,18.6011,,,,,
1563,7/3/2026 15:19,81.03,18.5354,,,,,
1564,7/3/2026 15:34,81.14,18.4396,,,,,
1565,7/3/2026 15:49,81.4,18.3156,,,,,
1566,7/3/2026 16:04,82.26,18.1785,,,,,
1567,7/3/2026 16:19,82.56,18.0307,,,,,
1568,7/3/2026 16:34,82.88,17.8691,,,,,
1569,7/3/2026 16:49,82.79,17.7282,,,,,
1570,7/3/2026 17:04,83.26,17.5773,,,,,
1571,7/3/2026 17:19,83.2,17.4266,,,,,
1572,7/3/2026 17:34,83.25,17.2649,,,,,
1573,7/3/2026 17:49,83.55,17.0996,,,,,
1574,7/3/2026 18:04,83.61,16.9376,,,,,
1575,7/3/2026 18:19,83.77,16.7735,,,,,
1576,7/3/2026 18:34,83.67,16.621,,,,,
1577,7/3/2026 18:49,83.85,16.4642,,,,,
1578,7/3/2026 19:04,83.99,16.3181,,,,,
1579,7/3/2026 19:19,84.11,16.1765,,,,,
1580,7/3/2026 19:34,84.09,16.0416,,,,,
1581,7/3/2026 19:49,84.07,15.9143,,,,,
1582,7/3/2026 20:04,84.06,15.7922,,,,,
1583,7/3/2026 20:19,84.05,15.6764,,,,,
1584,7/3/2026 20:34,84.04,15.5707,,,,,
1585,7/3/2026 20:49,84.06,15.4764,,,,,
1586,7/3/2026 21:04,84.04,15.4001,,,,,
1587,7/3/2026 21:19,84.13,15.3529,,,,,
1588,7/3/2026 21:34,84.41,15.376,,,,,
1589,7/3/2026 21:49,84.5,15.4636,,,,,
1590,7/3/2026 22:04,84.38,15.5846,,,,,
1591,7/3/2026 22:19,83.83,15.7191,,,,,
1592,7/3/2026 22:34,83.59,15.8819,,,,,
1593,7/3/2026 22:49,83.32,16.0511,,,,,
1594,7/3/2026 23:04,83.12,16.2307,,,,,
1595,7/3/2026 23:19,82.97,16.4276,,,,,
1596,7/3/2026 23:34,82.72,16.6433,,,,,
1597,7/3/2026 23:49,82.42,16.8624,,,,,
1598,7/4/2026 0:04,81.93,17.1084,,,,,
1599,7/4/2026 0:19,81.47,17.3688,,,,,
1600,7/4/2026 0:34,81.19,17.6338,,,,,
1601,7/4/2026 0:49,80.95,17.8872,,,,,
1602,7/4/2026 1:04,80.63,18.1422,,,,,
1603,7/4/2026 1:19,80.31,18.3612,,,,,
1604,7/4/2026 1:34,80.02,18.545,,,,,
1605,7/4/2026 1:49,79.68,18.7104,,,,,
1606,7/4/2026 2:04,79.36,18.8339,,,,,
1607,7/4/2026 2:19,79.11,18.9219,,,,,
1608,7/4/2026 2:34,78.85,18.9838,,,,,
1609,7/4/2026 2:49,78.54,19.0207,,,,,
1610,7/4/2026 3:04,78.37,19.0363,,,,,
1611,7/4/2026 3:19,78.24,19.0263,,,,,
1612,7/4/2026 3:34,78.17,18.9866,,,,,
1613,7/4/2026 3:49,78.52,18.8988,,,,,
1614,7/4/2026 4:04,78.98,18.7686,,,,,
1615,7/4/2026 4:19,79.33,18.6114,,,,,
1616,7/4/2026 4:34,79.63,18.4384,,,,,
1617,7/4/2026 4:49,79.87,18.2521,,,,,
1618,7/4/2026 5:04,79.93,18.0726,,,,,
1619,7/4/2026 5:19,80.12,17.8853,,,,,
1620,7/4/2026 5:34,80.26,17.6923,,,,,
1621,7/4/2026 5:49,80.39,17.5034,,,,,
1622,7/4/2026 6:04,80.51,17.3153,,,,,
1623,7/4/2026 6:19,80.61,17.1249,,,,,
1624,7/4/2026 6:34,80.74,16.9404,,,,,
1625,7/4/2026 6:49,80.85,16.7618,,,,,
1626,7/4/2026 7:04,80.88,16.5863,,,,,
1627,7/4/2026 7:19,80.77,16.4157,,,,,
1628,7/4/2026 7:34,80.8,16.2537,,,,,
1629,7/4/2026 7:49,80.91,16.0959,,,,,
1630,7/4/2026 8:04,81,15.947,,,,,
1631,7/4/2026 8:19,81.13,15.8095,,,,,
1632,7/4/2026 8:34,81.26,15.6815,,,,,
1633,7/4/2026 8:49,81.41,15.5562,,,,,
1634,7/4/2026 9:04,81.58,15.436,,,,,
1635,7/4/2026 9:19,81.85,15.3261,,,,,
1636,7/4/2026 9:34,82.11,15.2169,,,,,
1637,7/4/2026 9:49,82.48,15.1185,,,,,
1638,7/4/2026 10:04,82.95,15.0354,,,,,
1639,7/4/2026 10:19,83.28,15.0243,,,,,
1640,7/4/2026 10:34,83.09,15.113,,,,,
1641,7/4/2026 10:49,82.66,15.2205,,,,,
1642,7/4/2026 11:04,82.9,15.3577,,,,,
1643,7/4/2026 11:19,83.02,15.5097,,,,,
1644,7/4/2026 11:34,83.18,15.6857,,,,,
1645,7/4/2026 11:49,83.16,15.8753,,,,,
1646,7/4/2026 12:04,83.11,16.077,,,,,
1647,7/4/2026 12:19,83.13,16.3004,,,,,
1648,7/4/2026 12:34,83.1,16.5404,,,,,
1649,7/4/2026 12:49,83,16.7856,,,,,
1650,7/4/2026 13:04,82.87,17.0443,,,,,
1651,7/4/2026 13:19,82.58,17.3107,,,,,
1652,7/4/2026 13:34,82.24,17.5717,,,,,
1653,7/4/2026 13:49,82.09,17.8076,,,,,
1654,7/4/2026 14:04,81.99,18.0382,,,,,
1655,7/4/2026 14:19,81.9,18.2437,,,,,
1656,7/4/2026 14:34,81.83,18.4108,,,,,
1657,7/4/2026 14:49,81.71,18.5632,,,,,
1658,7/4/2026 15:04,81.58,18.6457,,,,,
1659,7/4/2026 15:19,81.48,18.6575,,,,,
1660,7/4/2026 15:34,81.47,18.6874,,,,,
1661,7/4/2026 15:49,81.36,18.6642,,,,,
1662,7/4/2026 16:04,81.74,18.562,,,,,
1663,7/4/2026 16:19,82.16,18.4504,,,,,
1664,7/4/2026 16:34,81.82,18.3637,,,,,
1665,7/4/2026 16:49,82.2,18.2343,,,,,
1666,7/4/2026 17:04,82.94,18.0557,,,,,
1667,7/4/2026 17:19,82.83,17.9191,,,,,
1668,7/4/2026 17:34,83.2,17.7678,,,,,
1669,7/4/2026 17:49,83.44,17.5923,,,,,
1670,7/4/2026 18:04,83.45,17.4253,,,,,
1671,7/4/2026 18:19,83.48,17.2718,,,,,
1672,7/4/2026 18:34,83.51,17.1045,,,,,
1673,7/4/2026 18:49,83.53,16.9299,,,,,
1674,7/4/2026 19:04,83.48,16.7703,,,,,
1675,7/4/2026 19:19,83.47,16.6104,,,,,
1676,7/4/2026 19:34,83.4,16.4512,,,,,
1677,7/4/2026 19:49,83.38,16.2978,,,,,
1678,7/4/2026 20:04,83.37,16.156,,,,,
1679,7/4/2026 20:19,83.4,16.0237,,,,,
1680,7/4/2026 20:34,83.37,15.8977,,,,,
1681,7/4/2026 20:49,83.36,15.7781,,,,,
1682,7/4/2026 21:04,83.34,15.6667,,,,,
1683,7/4/2026 21:19,83.27,15.564,,,,,
1684,7/4/2026 21:34,83.11,15.4699,,,,,
1685,7/4/2026 21:49,83.17,15.3864,,,,,
1686,7/4/2026 22:04,83.08,15.3287,,,,,
1687,7/4/2026 22:19,83.25,15.351,,,,,
1688,7/4/2026 22:34,83.39,15.4649,,,,,
1689,7/4/2026 22:49,83.26,15.5802,,,,,
1690,7/4/2026 23:04,82.93,15.7321,,,,,
1691,7/4/2026 23:19,82.87,15.8822,,,,,
1692,7/4/2026 23:34,82.72,16.051,,,,,
1693,7/4/2026 23:49,82.59,16.2308,,,,,
1694,7/5/2026 0:04,82.51,16.4271,,,,,
1695,7/5/2026 0:19,82.34,16.6456,,,,,
1696,7/5/2026 0:34,82.09,16.8692,,,,,
1697,7/5/2026 0:49,81.81,17.1056,,,,,
1698,7/5/2026 1:04,81.45,17.3536,,,,,
1699,7/5/2026 1:19,81.14,17.6052,,,,,
1700,7/5/2026 1:34,80.83,17.8527,,,,,
1701,7/5/2026 1:49,80.51,18.1006,,,,,
1702,7/5/2026 2:04,80.18,18.3183,,,,,
1703,7/5/2026 2:19,79.87,18.5122,,,,,
1704,7/5/2026 2:34,79.53,18.675,,,,,
1705,7/5/2026 2:49,79.18,18.799,,,,,
1706,7/5/2026 3:04,78.92,18.8876,,,,,
1707,7/5/2026 3:19,78.7,18.949,,,,,
1708,7/5/2026 3:34,78.48,18.9574,,,,,
1709,7/5/2026 3:49,78.39,18.9406,,,,,
1710,7/5/2026 4:04,78.52,18.8733,,,,,
1711,7/5/2026 4:19,78.99,18.7966,,,,,
1712,7/5/2026 4:34,79.21,18.6971,,,,,
1713,7/5/2026 4:49,79.34,18.5465,,,,,
1714,7/5/2026 5:04,79.54,18.4026,,,,,
1715,7/5/2026 5:19,79.67,18.2383,,,,,
1716,7/5/2026 5:34,79.79,18.0773,,,,,
1717,7/5/2026 5:49,79.87,17.9075,,,,,
1718,7/5/2026 6:04,79.94,17.7385,,,,,
1719,7/5/2026 6:19,80.01,17.5822,,,,,
1720,7/5/2026 6:34,80.1,17.3927,,,,,
1721,7/5/2026 6:49,80.15,17.1926,,,,,
1722,7/5/2026 7:04,80.24,17.0029,,,,,
1723,7/5/2026 7:19,80.36,16.828,,,,,
1724,7/5/2026 7:34,80.44,16.6469,,,,,
1725,7/5/2026 7:49,80.32,16.48,,,,,
1726,7/5/2026 8:04,80.3,16.3336,,,,,
1727,7/5/2026 8:19,80.36,16.1919,,,,,
1728,7/5/2026 8:34,80.48,16.0511,,,,,
1729,7/5/2026 8:49,80.61,15.9148,,,,,
1730,7/5/2026 9:04,80.69,15.7904,,,,,
1731,7/5/2026 9:19,80.81,15.6674,,,,,
1732,7/5/2026 9:34,80.92,15.5501,,,,,
1733,7/5/2026 9:49,81.17,15.4351,,,,,
1734,7/5/2026 10:04,81.37,15.3288,,,,,
1735,7/5/2026 10:19,81.55,15.2257,,,,,
1736,7/5/2026 10:34,81.97,15.1567,,,,,
1737,7/5/2026 10:49,82.33,15.1338,,,,,
1738,7/5/2026 11:04,82.53,15.1305,,,,,
1739,7/5/2026 11:19,81.96,15.2671,,,,,
1740,7/5/2026 11:34,81.82,15.3641,,,,,
1741,7/5/2026 11:49,82.18,15.4998,,,,,
1742,7/5/2026 12:04,82.23,15.6599,,,,,
1743,7/5/2026 12:19,82.35,15.8516,,,,,
1744,7/5/2026 12:34,82.33,16.0633,,,,,
1745,7/5/2026 12:49,82.38,16.2874,,,,,
1746,7/5/2026 13:04,82.75,16.5151,,,,,
1747,7/5/2026 13:19,82.94,16.747,,,,,
1748,7/5/2026 13:34,82.73,17.0005,,,,,
1749,7/5/2026 13:49,82.55,17.2601,,,,,
1750,7/5/2026 14:04,82.28,17.5395,,,,,
1751,7/5/2026 14:19,81.98,17.787,,,,,
1752,7/5/2026 14:34,81.8,18.013,,,,,
1753,7/5/2026 14:49,81.62,18.2176,,,,,
1754,7/5/2026 15:04,81.58,18.398,,,,,
1755,7/5/2026 15:19,81.54,18.5602,,,,,
1756,7/5/2026 15:34,81.51,18.6945,,,,,
1757,7/5/2026 15:49,81.43,18.7938,,,,,
1758,7/5/2026 16:04,81.35,18.8395,,,,,
1759,7/5/2026 16:19,81.28,18.8438,,,,,
1760,7/5/2026 16:34,81.28,18.7832,,,,,
1761,7/5/2026 16:49,81.66,18.6802,,,,,
1762,7/5/2026 17:04,82.14,18.5566,,,,,
1763,7/5/2026 17:19,82.36,18.4165,,,,,
1764,7/5/2026 17:34,82.56,18.265,,,,,
1765,7/5/2026 17:49,82.64,18.1147,,,,,
1766,7/5/2026 18:04,82.58,17.9711,,,,,
1767,7/5/2026 18:19,82.87,17.8196,,,,,
1768,7/5/2026 18:34,82.94,17.6512,,,,,
1769,7/5/2026 18:49,82.99,17.4729,,,,,
1770,7/5/2026 19:04,83.02,17.2998,,,,,
1771,7/5/2026 19:19,83.01,17.1337,,,,,
1772,7/5/2026 19:34,83,16.9677,,,,,
1773,7/5/2026 19:49,82.95,16.8075,,,,,
1774,7/5/2026 20:04,82.86,16.643,,,,,
1775,7/5/2026 20:19,82.7,16.4961,,,,,
1776,7/5/2026 20:34,82.64,16.3489,,,,,
1777,7/5/2026 20:49,82.56,16.2043,,,,,
1778,7/5/2026 21:04,82.53,16.0688,,,,,
1779,7/5/2026 21:19,82.47,15.9414,,,,,
1780,7/5/2026 21:34,82.36,15.8178,,,,,
1781,7/5/2026 21:49,82.21,15.703,,,,,
1782,7/5/2026 22:04,81.97,15.5993,,,,,
1783,7/5/2026 22:19,81.97,15.4968,,,,,
1784,7/5/2026 22:34,81.81,15.4059,,,,,
1785,7/5/2026 22:49,81.8,15.3385,,,,,
1786,7/5/2026 23:04,81.7,15.3158,,,,,
1787,7/5/2026 23:19,81.86,15.4091,,,,,
1788,7/5/2026 23:34,81.92,15.5154,,,,,
1789,7/5/2026 23:49,81.62,15.6529,,,,,
1790,7/6/2026 0:04,81.52,15.7997,,,,,
1791,7/6/2026 0:19,81.45,15.9667,,,,,
1792,7/6/2026 0:34,81.37,16.144,,,,,
1793,7/6/2026 0:49,81.33,16.3403,,,,,
1794,7/6/2026 1:04,81.24,16.56,,,,,
1795,7/6/2026 1:19,81.11,16.7875,,,,,
1796,7/6/2026 1:34,80.91,17.0184,,,,,
1797,7/6/2026 1:49,80.5,17.2705,,,,,
1798,7/6/2026 2:04,80.2,17.5295,,,,,
1799,7/6/2026 2:19,79.96,17.7854,,,,,
1800,7/6/2026 2:34,79.69,18.0231,,,,,
1801,7/6/2026 2:49,79.39,18.2548,,,,,
1802,7/6/2026 3:04,79.02,18.4605,,,,,
1803,7/6/2026 3:19,78.65,18.634,,,,,
1804,7/6/2026 3:34,78.31,18.7669,,,,,
1805,7/6/2026 3:49,78.14,18.8609,,,,,
1806,7/6/2026 4:04,78.02,18.9263,,,,,
1807,7/6/2026 4:19,77.97,18.9529,,,,,
1808,7/6/2026 4:34,77.94,18.9439,,,,,
1809,7/6/2026 4:49,77.96,18.8834,,,,,
1810,7/6/2026 5:04,78.17,18.7908,,,,,
1811,7/6/2026 5:19,78.4,18.6773,,,,,
1812,7/6/2026 5:34,78.6,18.5562,,,,,
1813,7/6/2026 5:49,78.73,18.3981,,,,,
1814,7/6/2026 6:04,78.91,18.2231,,,,,
1815,7/6/2026 6:19,79.02,18.0501,,,,,
1816,7/6/2026 6:34,79.11,17.8816,,,,,
1817,7/6/2026 6:49,79.18,17.7145,,,,,
1818,7/6/2026 7:04,79.25,17.5394,,,,,
1819,7/6/2026 7:19,79.32,17.3606,,,,,
1820,7/6/2026 7:34,79.37,17.1871,,,,,
1821,7/6/2026 7:49,79.43,17.0005,,,,,
1822,7/6/2026 8:04,79.5,16.8349,,,,,
1823,7/6/2026 8:19,79.43,16.6667,,,,,
1824,7/6/2026 8:34,79.36,16.5074,,,,,
1825,7/6/2026 8:49,79.39,16.353,,,,,
1826,7/6/2026 9:04,79.4,16.2042,,,,,
1827,7/6/2026 9:19,79.39,16.0663,,,,,
1828,7/6/2026 9:34,79.41,15.9316,,,,,
1829,7/6/2026 9:49,79.38,15.8051,,,,,
1830,7/6/2026 10:04,79.4,15.6869,,,,,
1831,7/6/2026 10:19,79.44,15.5707,,,,,
1832,7/6/2026 10:34,79.52,15.4547,,,,,
1833,7/6/2026 10:49,79.55,15.3499,,,,,
1834,7/6/2026 11:04,79.55,15.2582,,,,,
1835,7/6/2026 11:19,79.74,15.1782,,,,,
1836,7/6/2026 11:34,79.82,15.1547,,,,,
1837,7/6/2026 11:49,79.94,15.2285,,,,,
1838,7/6/2026 12:04,79.75,15.3491,,,,,
1839,7/6/2026 12:19,79.72,15.4751,,,,,
1840,7/6/2026 12:34,80.07,15.6408,,,,,
1841,7/6/2026 12:49,80.36,15.7978,,,,,
1842,7/6/2026 13:04,80.56,15.9804,,,,,
1843,7/6/2026 13:19,80.63,16.1768,,,,,
1844,7/6/2026 13:34,80.8,16.3755,,,,,
1845,7/6/2026 13:49,80.85,16.5982,,,,,
1846,7/6/2026 14:04,80.92,16.8438,,,,,
1847,7/6/2026 14:19,80.74,17.0993,,,,,
1848,7/6/2026 14:34,80.62,17.3642,,,,,
1849,7/6/2026 14:49,80.29,17.6278,,,,,
1850,7/6/2026 15:04,79.87,17.8771,,,,,
1851,7/6/2026 15:19,79.54,18.1065,,,,,
1852,7/6/2026 15:34,79.26,18.3098,,,,,
1853,7/6/2026 15:49,79.11,18.504,,,,,
1854,7/6/2026 16:04,79.04,18.6642,,,,,
1855,7/6/2026 16:19,79.01,18.7839,,,,,
1856,7/6/2026 16:34,78.95,18.8635,,,,,
1857,7/6/2026 16:49,78.9,18.9112,,,,,
1858,7/6/2026 17:04,78.84,18.9117,,,,,
1859,7/6/2026 17:19,78.85,18.8537,,,,,
1860,7/6/2026 17:34,79.08,18.7599,,,,,
1861,7/6/2026 17:49,79.28,18.6502,,,,,
1862,7/6/2026 18:04,79.44,18.5061,,,,,
1863,7/6/2026 18:19,79.63,18.3666,,,,,
1864,7/6/2026 18:34,79.81,18.2113,,,,,
1865,7/6/2026 18:49,79.93,18.0605,,,,,
1866,7/6/2026 19:04,80.05,17.8908,,,,,
1867,7/6/2026 19:19,80.16,17.7231,,,,,
1868,7/6/2026 19:34,80.21,17.5612,,,,,
1869,7/6/2026 19:49,80.24,17.383,,,,,
1870,7/6/2026 20:04,80.22,17.2086,,,,,
1871,7/6/2026 20:19,80.21,17.0382,,,,,
1872,7/6/2026 20:34,80.18,16.8654,,,,,
1873,7/6/2026 20:49,80.09,16.7059,,,,,
1874,7/6/2026 21:04,79.92,16.5533,,,,,
1875,7/6/2026 21:19,79.86,16.4036,,,,,
1876,7/6/2026 21:34,79.82,16.261,,,,,
1877,7/6/2026 21:49,79.72,16.124,,,,,
1878,7/6/2026 22:04,79.59,15.9946,,,,,
1879,7/6/2026 22:19,79.54,15.8749,,,,,
1880,7/6/2026 22:34,79.4,15.7607,,,,,
1881,7/6/2026 22:49,79.3,15.6473,,,,,
1882,7/6/2026 23:04,79.14,15.5401,,,,,
1883,7/6/2026 23:19,79.05,15.4425,,,,,
1884,7/6/2026 23:34,78.92,15.3636,,,,,
1885,7/6/2026 23:49,78.8,15.3197,,,,,
1886,7/7/2026 0:04,78.84,15.3771,,,,,
1887,7/7/2026 0:19,78.88,15.4683,,,,,
1888,7/7/2026 0:34,78.73,15.5823,,,,,
1889,7/7/2026 0:49,78.53,15.7188,,,,,
1890,7/7/2026 1:04,78.49,15.8745,,,,,
1891,7/7/2026 1:19,78.43,16.0435,,,,,
1892,7/7/2026 1:34,78.45,16.2254,,,,,
1893,7/7/2026 1:49,78.43,16.4205,,,,,
1894,7/7/2026 2:04,78.39,16.6342,,,,,
1895,7/7/2026 2:19,78.4,16.8494,,,,,
1896,7/7/2026 2:34,78.27,17.0754,,,,,
1897,7/7/2026 2:49,78.04,17.3153,,,,,
1898,7/7/2026 3:04,77.86,17.5627,,,,,
1899,7/7/2026 3:19,77.64,17.8027,,,,,
1900,7/7/2026 3:34,77.43,18.0311,,,,,
1901,7/7/2026 3:49,77.15,18.2386,,,,,
1902,7/7/2026 4:04,76.88,18.4236,,,,,
1903,7/7/2026 4:19,76.55,18.5901,,,,,
1904,7/7/2026 4:34,76.31,18.7067,,,,,
1905,7/7/2026 4:49,76.15,18.7827,,,,,
1906,7/7/2026 5:04,76.01,18.8187,,,,,
1907,7/7/2026 5:19,75.96,18.8282,,,,,
1908,7/7/2026 5:34,75.96,18.7887,,,,,
1909,7/7/2026 5:49,76.16,18.6981,,,,,
1910,7/7/2026 6:04,76.32,18.5845,,,,,
1911,7/7/2026 6:19,76.5,18.4456,,,,,
1912,7/7/2026 6:34,76.6,18.2913,,,,,
1913,7/7/2026 6:49,76.73,18.1399,,,,,
1914,7/7/2026 7:04,76.8,17.9757,,,,,
1915,7/7/2026 7:19,76.87,17.8155,,,,,
1916,7/7/2026 7:34,76.91,17.6605,,,,,
1917,7/7/2026 7:49,76.94,17.4923,,,,,
1918,7/7/2026 8:04,76.99,17.318,,,,,
1919,7/7/2026 8:19,77.03,17.1559,,,,,
1920,7/7/2026 8:34,77.03,16.9793,,,,,
1921,7/7/2026 8:49,77.01,16.8193,,,,,
1922,7/7/2026 9:04,76.88,16.6623,,,,,
1923,7/7/2026 9:19,76.73,16.5067,,,,,
1924,7/7/2026 9:34,76.69,16.3621,,,,,
1925,7/7/2026 9:49,76.65,16.2202,,,,,
1926,7/7/2026 10:04,76.62,16.0785,,,,,
1927,7/7/2026 10:19,76.51,15.9467,,,,,
1928,7/7/2026 10:34,76.46,15.8189,,,,,
1929,7/7/2026 10:49,76.34,15.7011,,,,,
1930,7/7/2026 11:04,76.27,15.5878,,,,,
1931,7/7/2026 11:19,76.15,15.482,,,,,
1932,7/7/2026 11:34,76.05,15.3813,,,,,
1933,7/7/2026 11:49,75.99,15.2858,,,,,
1934,7/7/2026 12:04,75.93,15.2371,,,,,
1935,7/7/2026 12:19,75.87,15.2538,,,,,
1936,7/7/2026 12:34,75.81,15.3628,,,,,
1937,7/7/2026 12:49,75.7,15.478,,,,,
1938,7/7/2026 13:04,75.55,15.612,,,,,
1939,7/7/2026 13:19,75.56,15.7664,,,,,
1940,7/7/2026 13:34,75.47,15.9326,,,,,
1941,7/7/2026 13:49,75.47,16.1199,,,,,
1942,7/7/2026 14:04,75.52,16.3226,,,,,
1943,7/7/2026 14:19,75.5,16.5354,,,,,
1944,7/7/2026 14:34,75.62,16.7539,,,,,
1945,7/7/2026 14:49,75.77,16.9935,,,,,
1946,7/7/2026 15:04,75.76,17.237,,,,,
1947,7/7/2026 15:19,75.66,17.4982,,,,,
1948,7/7/2026 15:34,75.54,17.7669,,,,,
1949,7/7/2026 15:49,75.35,18.0282,,,,,
1950,7/7/2026 16:04,75.05,18.2604,,,,,
1951,7/7/2026 16:19,74.67,18.4673,,,,,
1952,7/7/2026 16:34,74.43,18.6487,,,,,
1953,7/7/2026 16:49,74.25,18.7833,,,,,
1954,7/7/2026 17:04,74.11,18.8799,,,,,
1955,7/7/2026 17:19,73.98,18.9542,,,,,
1956,7/7/2026 17:34,73.87,18.996,,,,,
1957,7/7/2026 17:49,73.79,19.0111,,,,,
1958,7/7/2026 18:04,73.74,19.0014,,,,,
1959,7/7/2026 18:19,73.75,18.9593,,,,,
1960,7/7/2026 18:34,73.9,18.8641,,,,,
1961,7/7/2026 18:49,73.96,18.7451,,,,,
1962,7/7/2026 19:04,74.03,18.6096,,,,,
1963,7/7/2026 19:19,74.15,18.4572,,,,,
1964,7/7/2026 19:34,74.25,18.2929,,,,,
1965,7/7/2026 19:49,74.35,18.1318,,,,,
1966,7/7/2026 20:04,74.36,17.9448,,,,,
1967,7/7/2026 20:19,74.36,17.775,,,,,
1968,7/7/2026 20:34,74.36,17.5984,,,,,
1969,7/7/2026 20:49,74.35,17.4024,,,,,
1970,7/7/2026 21:04,74.23,17.2115,,,,,
1971,7/7/2026 21:19,74.12,17.046,,,,,
1972,7/7/2026 21:34,74.03,16.8789,,,,,
1973,7/7/2026 21:49,73.83,16.7154,,,,,
1974,7/7/2026 22:04,73.56,16.5552,,,,,
1975,7/7/2026 22:19,73.52,16.4044,,,,,
1976,7/7/2026 22:34,73.41,16.256,,,,,
1977,7/7/2026 22:49,73.24,16.1197,,,,,
1978,7/7/2026 23:04,73.04,15.9871,,,,,
1979,7/7/2026 23:19,72.84,15.864,,,,,
1980,7/7/2026 23:34,72.61,15.7422,,,,,
1981,7/7/2026 23:49,72.34,15.6323,,,,,
1982,7/8/2026 0:04,72.1,15.5294,,,,,
1983,7/8/2026 0:19,71.72,15.4332,,,,,
1984,7/8/2026 0:34,71.48,15.3598,,,,,
1985,7/8/2026 0:49,71.17,15.333,,,,,
1986,7/8/2026 1:04,71.1,15.4002,,,,,
1987,7/8/2026 1:19,71.6,15.5128,,,,,
1988,7/8/2026 1:34,71.51,15.6294,,,,,
1989,7/8/2026 1:49,71.6,15.7727,,,,,
1990,7/8/2026 2:04,71.6,15.9335,,,,,
1991,7/8/2026 2:19,71.68,16.1064,,,,,
1992,7/8/2026 2:34,71.72,16.2927,,,,,
1993,7/8/2026 2:49,71.81,16.4975,,,,,
1994,7/8/2026 3:04,72,16.7166,,,,,
1995,7/8/2026 3:19,72.16,16.9473,,,,,
1996,7/8/2026 3:34,72.71,17.1886,,,,,
1997,7/8/2026 3:49,72.75,17.4311,,,,,
1998,7/8/2026 4:04,72.67,17.6731,,,,,
1999,7/8/2026 4:19,72.6,17.9047,,,,,
2000,7/8/2026 4:34,72.45,18.1167,,,,,
2001,7/8/2026 4:49,72.14,18.3039,,,,,
2002,7/8/2026 5:04,71.81,18.4703,,,,,
2003,7/8/2026 5:19,71.51,18.5974,,,,,
2004,7/8/2026 5:34,71.32,18.6765,,,,,
2005,7/8/2026 5:49,71.21,18.7285,,,,,
2006,7/8/2026 6:04,71.1,18.748,,,,,
2007,7/8/2026 6:19,71.02,18.7166,,,,,
2008,7/8/2026 6:34,71.24,18.6414,,,,,
2009,7/8/2026 6:49,71.24,18.5567,,,,,
2010,7/8/2026 7:04,71.37,18.4413,,,,,
2011,7/8/2026 7:19,71.6,18.2893,,,,,
2012,7/8/2026 7:34,71.83,18.1432,,,,,
2013,7/8/2026 7:49,71.98,18.0021,,,,,
2014,7/8/2026 8:04,72.13,17.8422,,,,,
2015,7/8/2026 8:19,72.17,17.6903,,,,,
2016,7/8/2026 8:34,72.18,17.5405,,,,,
2017,7/8/2026 8:49,72.27,17.3795,,,,,
2018,7/8/2026 9:04,72.35,17.2175,,,,,
2019,7/8/2026 9:19,72.45,17.0481,,,,,
2020,7/8/2026 9:34,72.48,16.8806,,,,,
2021,7/8/2026 9:49,72.41,16.7219,,,,,
2022,7/8/2026 10:04,72.34,16.5595,,,,,
2023,7/8/2026 10:19,72.5,16.411,,,,,
2024,7/8/2026 10:34,72.77,16.2666,,,,,
2025,7/8/2026 10:49,73,16.1267,,,,,
2026,7/8/2026 11:04,73.22,16,,,,,
2027,7/8/2026 11:19,73.49,15.871,,,,,
2028,7/8/2026 11:34,73.84,15.7478,,,,,
2029,7/8/2026 11:49,74.33,15.6345,,,,,
2030,7/8/2026 12:04,75.15,15.5256,,,,,
2031,7/8/2026 12:19,75.79,15.4226,,,,,
2032,7/8/2026 12:34,76.36,15.3327,,,,,
2033,7/8/2026 12:49,77.18,15.2645,,,,,
2034,7/8/2026 13:04,75.89,15.3037,,,,,
2035,7/8/2026 13:19,74.76,15.3956,,,,,
2036,7/8/2026 13:34,74.83,15.5149,,,,,
2037,7/8/2026 13:49,76.07,15.6568,,,,,
2038,7/8/2026 14:04,76.02,15.8167,,,,,
2039,7/8/2026 14:19,75.86,15.9942,,,,,
2040,7/8/2026 14:34,75.79,16.1852,,,,,
2041,7/8/2026 14:49,75.79,16.3935,,,,,
2042,7/8/2026 15:04,76.49,16.6187,,,,,
2043,7/8/2026 15:19,76.84,16.8579,,,,,
2044,7/8/2026 15:34,77.09,17.1074,,,,,
2045,7/8/2026 15:49,77.04,17.3699,,,,,
2046,7/8/2026 16:04,76.78,17.6361,,,,,
2047,7/8/2026 16:19,76.37,17.8955,,,,,
2048,7/8/2026 16:34,76.03,18.1433,,,,,
2049,7/8/2026 16:49,76.05,18.3701,,,,,
2050,7/8/2026 17:04,76.11,18.563,,,,,
2051,7/8/2026 17:19,76.05,18.7315,,,,,
2052,7/8/2026 17:34,75.88,18.8573,,,,,
2053,7/8/2026 17:49,75.62,18.9543,,,,,
2054,7/8/2026 18:04,75.3,19.0205,,,,,
2055,7/8/2026 18:19,74.96,19.0701,,,,,
2056,7/8/2026 18:34,74.74,19.0938,,,,,
2057,7/8/2026 18:49,74.59,19.096,,,,,
2058,7/8/2026 19:04,74.46,19.0733,,,,,
2059,7/8/2026 19:19,74.63,19.0067,,,,,
2060,7/8/2026 19:34,74.99,18.8934,,,,,
2061,7/8/2026 19:49,75.46,18.7461,,,,,
2062,7/8/2026 20:04,75.95,18.5842,,,,,
2063,7/8/2026 20:19,76.13,18.4008,,,,,
2064,7/8/2026 20:34,76.26,18.2118,,,,,
2065,7/8/2026 20:49,76.35,18.0191,,,,,
2066,7/8/2026 21:04,76.47,17.8267,,,,,
2067,7/8/2026 21:19,76.57,17.6338,,,,,
2068,7/8/2026 21:34,76.66,17.4449,,,,,
2069,7/8/2026 21:49,76.73,17.2568,,,,,
2070,7/8/2026 22:04,76.75,17.0701,,,,,
2071,7/8/2026 22:19,76.69,16.8853,,,,,
2072,7/8/2026 22:34,76.68,16.7084,,,,,
2073,7/8/2026 22:49,76.54,16.5421,,,,,
2074,7/8/2026 23:04,76.44,16.3798,,,,,
2075,7/8/2026 23:19,76.41,16.2247,,,,,
2076,7/8/2026 23:34,76.33,16.0779,,,,,
2077,7/8/2026 23:49,76.19,15.9404,,,,,
2078,7/9/2026 0:04,76.05,15.8062,,,,,
2079,7/9/2026 0:19,75.88,15.6826,,,,,
2080,7/9/2026 0:34,75.71,15.5661,,,,,
2081,7/9/2026 0:49,75.57,15.4553,,,,,
2082,7/9/2026 1:04,75.48,15.3515,,,,,
2083,7/9/2026 1:19,75.37,15.2602,,,,,
2084,7/9/2026 1:34,75.24,15.1927,,,,,
2085,7/9/2026 1:49,75.21,15.2076,,,,,
2086,7/9/2026 2:04,75.28,15.3099,,,,,
2087,7/9/2026 2:19,75.42,15.4225,,,,,
2088,7/9/2026 2:34,75.2,15.5569,,,,,
2089,7/9/2026 2:49,75.12,15.7086,,,,,
2090,7/9/2026 3:04,75.24,15.8689,,,,,
2091,7/9/2026 3:19,75.07,16.0476,,,,,
2092,7/9/2026 3:34,75.16,16.2472,,,,,
2093,7/9/2026 3:49,75.16,16.4618,,,,,
2094,7/9/2026 4:04,75.11,16.6836,,,,,
2095,7/9/2026 4:19,75.09,16.924,,,,,
2096,7/9/2026 4:34,74.87,17.1712,,,,,
2097,7/9/2026 4:49,74.67,17.4189,,,,,
2098,7/9/2026 5:04,74.49,17.6632,,,,,
2099,7/9/2026 5:19,74.28,17.8907,,,,,
2100,7/9/2026 5:34,74.01,18.1025,,,,,
2101,7/9/2026 5:49,73.69,18.284,,,,,
2102,7/9/2026 6:04,73.35,18.4369,,,,,
2103,7/9/2026 6:19,73.13,18.5566,,,,,
2104,7/9/2026 6:34,72.96,18.6396,,,,,
2105,7/9/2026 6:49,72.87,18.6801,,,,,
2106,7/9/2026 7:04,72.8,18.6895,,,,,
2107,7/9/2026 7:19,72.76,18.6461,,,,,
2108,7/9/2026 7:34,72.82,18.5642,,,,,
2109,7/9/2026 7:49,72.96,18.4532,,,,,
2110,7/9/2026 8:04,73.22,18.3203,,,,,
2111,7/9/2026 8:19,73.99,18.1653,,,,,
2112,7/9/2026 8:34,73.96,18.0117,,,,,
2113,7/9/2026 8:49,74.05,17.8693,,,,,
2114,7/9/2026 9:04,74.37,17.7111,,,,,
2115,7/9/2026 9:19,74.61,17.5446,,,,,
2116,7/9/2026 9:34,74.79,17.3851,,,,,
2117,7/9/2026 9:49,75.17,17.2085,,,,,
2118,7/9/2026 10:04,75.28,17.0397,,,,,
2119,7/9/2026 10:19,75.47,16.8675,,,,,
2120,7/9/2026 10:34,75.77,16.7001,,,,,
2121,7/9/2026 10:49,75.72,16.5378,,,,,
2122,7/9/2026 11:04,75.99,16.3845,,,,,
2123,7/9/2026 11:19,76.53,16.2306,,,,,
2124,7/9/2026 11:34,77.02,16.0868,,,,,
2125,7/9/2026 11:49,77.25,15.9483,,,,,
2126,7/9/2026 12:04,77.62,15.8195,,,,,
2127,7/9/2026 12:19,78.02,15.6959,,,,,
2128,7/9/2026 12:34,78.58,15.5795,,,,,
2129,7/9/2026 12:49,79.13,15.467,,,,,
2130,7/9/2026 13:04,80.17,15.3637,,,,,
2131,7/9/2026 13:19,81.2,15.2686,,,,,
2132,7/9/2026 13:34,81.62,15.1846,,,,,
2133,7/9/2026 13:49,82.29,15.1636,,,,,
2134,7/9/2026 14:04,80.04,15.2412,,,,,
2135,7/9/2026 14:19,79.53,15.3474,,,,,
2136,7/9/2026 14:34,79.97,15.4832,,,,,
2137,7/9/2026 14:49,80.39,15.6384,,,,,
2138,7/9/2026 15:04,80.11,15.8035,,,,,
2139,7/9/2026 15:19,79.68,15.9873,,,,,
2140,7/9/2026 15:34,79.54,16.1932,,,,,
2141,7/9/2026 15:49,79.93,16.41,,,,,
2142,7/9/2026 16:04,79.88,16.6406,,,,,
2143,7/9/2026 16:19,79.65,16.8989,,,,,
2144,7/9/2026 16:34,79.33,17.1661,,,,,
2145,7/9/2026 16:49,79.01,17.4414,,,,,
2146,7/9/2026 17:04,78.61,17.7227,,,,,
2147,7/9/2026 17:19,78.25,17.9956,,,,,
2148,7/9/2026 17:34,78.22,18.2444,,,,,
2149,7/9/2026 17:49,78.15,18.4711,,,,,
2150,7/9/2026 18:04,78.02,18.6586,,,,,
2151,7/9/2026 18:19,77.68,18.8094,,,,,
2152,7/9/2026 18:34,77.36,18.9157,,,,,
2153,7/9/2026 18:49,76.98,18.9958,,,,,
2154,7/9/2026 19:04,76.77,19.0495,,,,,
2155,7/9/2026 19:19,76.27,19.0892,,,,,
2156,7/9/2026 19:34,75.87,19.1118,,,,,
2157,7/9/2026 19:49,75.67,19.1145,,,,,
2158,7/9/2026 20:04,75.48,19.0892,,,,,
2159,7/9/2026 20:19,75.55,19.0275,,,,,
2160,7/9/2026 20:34,76.14,18.9166,,,,,
2161,7/9/2026 20:49,76.86,18.7641,,,,,
2162,7/9/2026 21:04,77.37,18.594,,,,,
2163,7/9/2026 21:19,77.8,18.4016,,,,,
2164,7/9/2026 21:34,78.06,18.1989,,,,,
2165,7/9/2026 21:49,78.24,17.9892,,,,,
2166,7/9/2026 22:04,78.42,17.7837,,,,,
2167,7/9/2026 22:19,78.59,17.5834,,,,,
2168,7/9/2026 22:34,78.74,17.382,,,,,
2169,7/9/2026 22:49,78.89,17.1809,,,,,
2170,7/9/2026 23:04,79,16.9837,,,,,
2171,7/9/2026 23:19,79.08,16.8018,,,,,
2172,7/9/2026 23:34,79.14,16.6201,,,,,
2173,7/9/2026 23:49,79.06,16.442,,,,,
2174,7/10/2026 0:04,79.01,16.2761,,,,,
2175,7/10/2026 0:19,79.04,16.1156,,,,,
2176,7/10/2026 0:34,79.04,15.9615,,,,,
2177,7/10/2026 0:49,79,15.8218,,,,,
2178,7/10/2026 1:04,78.97,15.6835,,,,,
2179,7/10/2026 1:19,78.9,15.5571,,,,,
2180,7/10/2026 1:34,78.82,15.437,,,,,
2181,7/10/2026 1:49,78.76,15.3189,,,,,
2182,7/10/2026 2:04,78.73,15.2066,,,,,
2183,7/10/2026 2:19,78.64,15.1049,,,,,
2184,7/10/2026 2:34,78.57,15.0169,,,,,
2185,7/10/2026 2:49,78.47,14.9694,,,,,
2186,7/10/2026 3:04,78.42,15.0309,,,,,
2187,7/10/2026 3:19,78.51,15.1389,,,,,
2188,7/10/2026 3:34,78.57,15.2668,,,,,
2189,7/10/2026 3:49,78.43,15.4144,,,,,
2190,7/10/2026 4:04,78.36,15.594,,,,,
2191,7/10/2026 4:19,78.28,15.7852,,,,,
2192,7/10/2026 4:34,78.11,16.0071,,,,,
2193,7/10/2026 4:49,78.07,16.2452,,,,,
2194,7/10/2026 5:04,77.94,16.4861,,,,,
2195,7/10/2026 5:19,77.76,16.7473,,,,,
2196,7/10/2026 5:34,77.51,17.0005,,,,,
2197,7/10/2026 5:49,77.34,17.262,,,,,
2198,7/10/2026 6:04,77.16,17.5244,,,,,
2199,7/10/2026 6:19,76.95,17.7676,,,,,
2200,7/10/2026 6:34,76.7,18.0015,,,,,
2201,7/10/2026 6:49,76.45,18.2103,,,,,
2202,7/10/2026 7:04,76.15,18.3863,,,,,
2203,7/10/2026 7:19,75.91,18.5224,,,,,
2204,7/10/2026 7:34,75.82,18.5986,,,,,
2205,7/10/2026 7:49,75.75,18.6512,,,,,
2206,7/10/2026 8:04,75.71,18.66,,,,,
2207,7/10/2026 8:19,75.71,18.6174,,,,,
2208,7/10/2026 8:34,75.77,18.5405,,,,,
2209,7/10/2026 8:49,75.93,18.4194,,,,,
2210,7/10/2026 9:04,76.83,18.2881,,,,,
2211,7/10/2026 9:19,77.21,18.134,,,,,
2212,7/10/2026 9:34,77.27,17.9819,,,,,
2213,7/10/2026 9:49,77.6,17.8223,,,,,
2214,7/10/2026 10:04,77.33,17.6748,,,,,
2215,7/10/2026 10:19,77.84,17.5222,,,,,
2216,7/10/2026 10:34,78.31,17.3444,,,,,
2217,7/10/2026 10:49,78.25,17.1731,,,,,
2218,7/10/2026 11:04,78.45,17.0014,,,,,
2219,7/10/2026 11:19,78.66,16.8343,,,,,
2220,7/10/2026 11:34,78.78,16.669,,,,,
2221,7/10/2026 11:49,78.97,16.5091,,,,,
2222,7/10/2026 12:04,79.18,16.3506,,,,,
2223,7/10/2026 12:19,79.5,16.1969,,,,,
2224,7/10/2026 12:34,79.66,16.0568,,,,,
2225,7/10/2026 12:49,80.05,15.9205,,,,,
2226,7/10/2026 13:04,80.55,15.7901,,,,,
2227,7/10/2026 13:19,80.92,15.6676,,,,,
2228,7/10/2026 13:34,81.32,15.5472,,,,,
2229,7/10/2026 13:49,81.64,15.4355,,,,,
2230,7/10/2026 14:04,82.41,15.3335,,,,,
2231,7/10/2026 14:19,82.16,15.2419,,,,,
2232,7/10/2026 14:34,82.48,15.1634,,,,,
2233,7/10/2026 14:49,82.4,15.1632,,,,,
2234,7/10/2026 15:04,82.19,15.2557,,,,,
2235,7/10/2026 15:19,82.02,15.3677,,,,,
2236,7/10/2026 15:34,82.12,15.5109,,,,,
2237,7/10/2026 15:49,81.98,15.6812,,,,,
2238,7/10/2026 16:04,81.67,15.8639,,,,,
2239,7/10/2026 16:19,81.62,16.063,,,,,
2240,7/10/2026 16:34,81.63,16.2845,,,,,
2241,7/10/2026 16:49,81.66,16.5201,,,,,
2242,7/10/2026 17:04,81.55,16.769,,,,,
2243,7/10/2026 17:19,81.07,17.0458,,,,,
2244,7/10/2026 17:34,80.74,17.3304,,,,,
2245,7/10/2026 17:49,80.37,17.6192,,,,,
2246,7/10/2026 18:04,80.06,17.9117,,,,,
2247,7/10/2026 18:19,79.75,18.1902,,,,,
2248,7/10/2026 18:34,79.63,18.4518,,,,,
2249,7/10/2026 18:49,79.49,18.6743,,,,,
2250,7/10/2026 19:04,79.24,18.8483,,,,,
2251,7/10/2026 19:19,78.9,18.9769,,,,,
2252,7/10/2026 19:34,78.43,19.0792,,,,,
2253,7/10/2026 19:49,77.85,19.1582,,,,,
2254,7/10/2026 20:04,77.34,19.2195,,,,,
2255,7/10/2026 20:19,76.79,19.2693,,,,,
2256,7/10/2026 20:34,76.15,19.3042,,,,,
2257,7/10/2026 20:49,75.56,19.3117,,,,,
2258,7/10/2026 21:04,75.21,19.2968,,,,,
2259,7/10/2026 21:19,75.08,19.2345,,,,,
2260,7/10/2026 21:34,75.95,19.1216,,,,,
2261,7/10/2026 21:49,76.74,18.9793,,,,,
2262,7/10/2026 22:04,77.39,18.8131,,,,,
2263,7/10/2026 22:19,77.95,18.6316,,,,,
2264,7/10/2026 22:34,78.28,18.418,,,,,
2265,7/10/2026 22:49,78.65,18.1958,,,,,
2266,7/10/2026 23:04,78.88,17.9787,,,,,
2267,7/10/2026 23:19,78.95,17.7488,,,,,
2268,7/10/2026 23:34,78.93,17.5329,,,,,
2269,7/10/2026 23:49,78.97,17.325,,,,,
2270,7/11/2026 0:04,78.95,17.1179,,,,,
2271,7/11/2026 0:19,78.89,16.9198,,,,,
2272,7/11/2026 0:34,78.87,16.7334,,,,,
2273,7/11/2026 0:49,78.75,16.5526,,,,,
2274,7/11/2026 1:04,78.53,16.3799,,,,,
2275,7/11/2026 1:19,78.4,16.219,,,,,
2276,7/11/2026 1:34,78.33,16.0665,,,,,
2277,7/11/2026 1:49,78.23,15.9197,,,,,
2278,7/11/2026 2:04,78.1,15.7823,,,,,
2279,7/11/2026 2:19,77.92,15.6519,,,,,
2280,7/11/2026 2:34,77.59,15.5256,,,,,
2281,7/11/2026 2:49,77.29,15.4064,,,,,
2282,7/11/2026 3:04,77.24,15.2871,,,,,
2283,7/11/2026 3:19,77.19,15.1717,,,,,
2284,7/11/2026 3:34,77.09,15.0643,,,,,
2285,7/11/2026 3:49,76.84,14.9748,,,,,
2286,7/11/2026 4:04,76.72,14.9385,,,,,
2287,7/11/2026 4:19,76.85,15.0358,,,,,
2288,7/11/2026 4:34,76.89,15.1649,,,,,
2289,7/11/2026 4:49,76.79,15.3142,,,,,
2290,7/11/2026 5:04,76.93,15.4755,,,,,
2291,7/11/2026 5:19,76.85,15.6634,,,,,
2292,7/11/2026 5:34,76.77,15.8853,,,,,
2293,7/11/2026 5:49,76.73,16.122,,,,,
2294,7/11/2026 6:04,76.87,16.3726,,,,,
2295,7/11/2026 6:19,77,16.6342,,,,,
2296,7/11/2026 6:34,77.07,16.9095,,,,,
2297,7/11/2026 6:49,77.18,17.1865,,,,,
2298,7/11/2026 7:04,77.25,17.4645,,,,,
2299,7/11/2026 7:19,77.18,17.7377,,,,,
2300,7/11/2026 7:34,76.98,17.9964,,,,,
2301,7/11/2026 7:49,76.74,18.2269,,,,,
2302,7/11/2026 8:04,76.42,18.4212,,,,,
2303,7/11/2026 8:19,76.24,18.5805,,,,,
2304,7/11/2026 8:34,76.09,18.7023,,,,,
2305,7/11/2026 8:49,76.05,18.7774,,,,,
2306,7/11/2026 9:04,76.04,18.8061,,,,,
2307,7/11/2026 9:19,76.04,18.7876,,,,,
2308,7/11/2026 9:34,76.08,18.7284,,,,,
2309,7/11/2026 9:49,76.32,18.629,,,,,
2310,7/11/2026 10:04,76.7,18.5045,,,,,
2311,7/11/2026 10:19,76.98,18.3577,,,,,
2312,7/11/2026 10:34,77.31,18.1888,,,,,
2313,7/11/2026 10:49,77.6,18.0239,,,,,
2314,7/11/2026 11:04,77.77,17.8632,,,,,
2315,7/11/2026 11:19,77.95,17.6863,,,,,
2316,7/11/2026 11:34,78.16,17.5033,,,,,
2317,7/11/2026 11:49,78.32,17.3318,,,,,
2318,7/11/2026 12:04,78.43,17.1559,,,,,
2319,7/11/2026 12:19,78.56,16.984,,,,,
2320,7/11/2026 12:34,78.76,16.8061,,,,,
2321,7/11/2026 12:49,79.01,16.6406,,,,,
2322,7/11/2026 13:04,79.26,16.4827,,,,,
2323,7/11/2026 13:19,79.45,16.3236,,,,,
2324,7/11/2026 13:34,79.64,16.1746,,,,,
2325,7/11/2026 13:49,79.73,16.0313,,,,,
2326,7/11/2026 14:04,79.89,15.8976,,,,,
2327,7/11/2026 14:19,80.03,15.7708,,,,,
2328,7/11/2026 14:34,80.17,15.6516,,,,,
2329,7/11/2026 14:49,80.42,15.5378,,,,,
2330,7/11/2026 15:04,80.73,15.4317,,,,,
2331,7/11/2026 15:19,80.86,15.3277,,,,,
2332,7/11/2026 15:34,80.96,15.24,,,,,
2333,7/11/2026 15:49,81.21,15.2006,,,,,
2334,7/11/2026 16:04,81.03,15.2738,,,,,
2335,7/11/2026 16:19,80.91,15.3934,,,,,
2336,7/11/2026 16:34,80.95,15.5471,,,,,
2337,7/11/2026 16:49,80.96,15.7209,,,,,
2338,7/11/2026 17:04,80.88,15.9122,,,,,
2339,7/11/2026 17:19,80.81,16.122,,,,,
2340,7/11/2026 17:34,80.73,16.3459,,,,,
2341,7/11/2026 17:49,80.76,16.5948,,,,,
2342,7/11/2026 18:04,80.66,16.8646,,,,,
2343,7/11/2026 18:19,80.4,17.1484,,,,,
2344,7/11/2026 18:34,80.09,17.4635,,,,,
2345,7/11/2026 18:49,79.72,17.7791,,,,,
2346,7/11/2026 19:04,79.41,18.0891,,,,,
2347,7/11/2026 19:19,79.24,18.3841,,,,,
2348,7/11/2026 19:34,79.06,18.6535,,,,,
2349,7/11/2026 19:49,78.8,18.8874,,,,,
2350,7/11/2026 20:04,78.48,19.0531,,,,,
2351,7/11/2026 20:19,78.08,19.1779,,,,,
2352,7/11/2026 20:34,77.66,19.2734,,,,,
2353,7/11/2026 20:49,77.22,19.3522,,,,,
2354,7/11/2026 21:04,76.64,19.4211,,,,,
2355,7/11/2026 21:19,75.83,19.4793,,,,,
2356,7/11/2026 21:34,75.04,19.5183,,,,,
2357,7/11/2026 21:49,74.44,19.5328,,,,,
2358,7/11/2026 22:04,74.17,19.5194,,,,,
2359,7/11/2026 22:19,74.11,19.4533,,,,,
2360,7/11/2026 22:34,74.66,19.3255,,,,,
2361,7/11/2026 22:49,75.39,19.1771,,,,,
2362,7/11/2026 23:04,76.01,19.0266,,,,,
2363,7/11/2026 23:19,76.48,18.839,,,,,
2364,7/11/2026 23:34,76.89,18.6227,,,,,
2365,7/11/2026 23:49,77.13,18.3892,,,,,
2366,7/12/2026 0:04,77.24,18.1544,,,,,
2367,7/12/2026 0:19,77.27,17.914,,,,,
2368,7/12/2026 0:34,77.04,17.6836,,,,,
2369,7/12/2026 0:49,77.05,17.4622,,,,,
2370,7/12/2026 1:04,76.96,17.2504,,,,,
2371,7/12/2026 1:19,76.83,17.0432,,,,,
2372,7/12/2026 1:34,76.74,16.8445,,,,,
2373,7/12/2026 1:49,76.6,16.6598,,,,,
2374,7/12/2026 2:04,76.44,16.4834,,,,,
2375,7/12/2026 2:19,76.3,16.3224,,,,,
2376,7/12/2026 2:34,76.16,16.1652,,,,,
2377,7/12/2026 2:49,75.97,16.0176,,,,,
2378,7/12/2026 3:04,75.74,15.8775,,,,,
2379,7/12/2026 3:19,75.45,15.743,,,,,
2380,7/12/2026 3:34,75,15.6121,,,,,
2381,7/12/2026 3:49,74.73,15.4885,,,,,
2382,7/12/2026 4:04,74.65,15.366,,,,,
2383,7/12/2026 4:19,74.5,15.2448,,,,,
2384,7/12/2026 4:34,74.31,15.1298,,,,,
2385,7/12/2026 4:49,74.23,15.0176,,,,,
2386,7/12/2026 5:04,74.07,14.9295,,,,,
2387,7/12/2026 5:19,73.93,14.9243,,,,,
2388,7/12/2026 5:34,73.94,15.0798,,,,,
2389,7/12/2026 5:49,73.96,15.2269,,,,,
2390,7/12/2026 6:04,73.81,15.3756,,,,,
2391,7/12/2026 6:19,74.08,15.5403,,,,,
2392,7/12/2026 6:34,74.18,15.7385,,,,,
2393,7/12/2026 6:49,74.28,15.9821,,,,,
2394,7/12/2026 7:04,74.38,16.2374,,,,,
2395,7/12/2026 7:19,74.81,16.522,,,,,
2396,7/12/2026 7:34,75.31,16.8137,,,,,
2397,7/12/2026 7:49,75.65,17.1118,,,,,
2398,7/12/2026 8:04,75.87,17.4071,,,,,
2399,7/12/2026 8:19,76.04,17.7079,,,,,
2400,7/12/2026 8:34,76.02,17.9853,,,,,
2401,7/12/2026 8:49,75.87,18.2382,,,,,
2402,7/12/2026 9:04,75.68,18.4678,,,,,
2403,7/12/2026 9:19,75.54,18.659,,,,,
2404,7/12/2026 9:34,75.47,18.8028,,,,,
2405,7/12/2026 9:49,75.45,18.8964,,,,,
2406,7/12/2026 10:04,75.47,18.9379,,,,,
2407,7/12/2026 10:19,75.49,18.9373,,,,,
2408,7/12/2026 10:34,75.5,18.8806,,,,,
2409,7/12/2026 10:49,75.67,18.7701,,,,,
2410,7/12/2026 11:04,76.29,18.634,,,,,
2411,7/12/2026 11:19,76.35,18.4827,,,,,
2412,7/12/2026 11:34,76.71,18.3208,,,,,
2413,7/12/2026 11:49,77,18.1469,,,,,
2414,7/12/2026 12:04,77.16,17.9785,,,,,
2415,7/12/2026 12:19,77.29,17.8013,,,,,
2416,7/12/2026 12:34,77.49,17.6232,,,,,
2417,7/12/2026 12:49,77.59,17.4318,,,,,
2418,7/12/2026 13:04,77.69,17.2451,,,,,
2419,7/12/2026 13:19,77.82,17.0693,,,,,
2420,7/12/2026 13:34,77.98,16.8888,,,,,
2421,7/12/2026 13:49,78.34,16.7177,,,,,
2422,7/12/2026 14:04,78.72,16.5481,,,,,
2423,7/12/2026 14:19,78.76,16.3886,,,,,
2424,7/12/2026 14:34,78.76,16.2354,,,,,
2425,7/12/2026 14:49,78.74,16.0918,,,,,
2426,7/12/2026 15:04,78.76,15.9509,,,,,
2427,7/12/2026 15:19,78.85,15.8208,,,,,
2428,7/12/2026 15:34,78.9,15.6927,,,,,
2429,7/12/2026 15:49,79.02,15.5755,,,,,
2430,7/12/2026 16:04,79.22,15.4553,,,,,
2431,7/12/2026 16:19,79.31,15.3401,,,,,
2432,7/12/2026 16:34,79.36,15.2347,,,,,
2433,7/12/2026 16:49,79.42,15.147,,,,,
2434,7/12/2026 17:04,79.55,15.1709,,,,,
2435,7/12/2026 17:19,79.35,15.2965,,,,,
2436,7/12/2026 17:34,79.32,15.4293,,,,,
2437,7/12/2026 17:49,79.3,15.5842,,,,,
2438,7/12/2026 18:04,79.25,15.7666,,,,,
2439,7/12/2026 18:19,79.18,15.98,,,,,
2440,7/12/2026 18:34,79.16,16.2188,,,,,
2441,7/12/2026 18:49,79.1,16.488,,,,,
2442,7/12/2026 19:04,78.95,16.7713,,,,,
2443,7/12/2026 19:19,78.78,17.0772,,,,,
2444,7/12/2026 19:34,78.54,17.4005,,,,,
2445,7/12/2026 19:49,78.29,17.7333,,,,,
2446,7/12/2026 20:04,78,18.0826,,,,,
2447,7/12/2026 20:19,77.85,18.4068,,,,,
2448,7/12/2026 20:34,77.74,18.7088,,,,,
2449,7/12/2026 20:49,77.54,18.9608,,,,,
2450,7/12/2026 21:04,77.28,19.1427,,,,,
2451,7/12/2026 21:19,77.03,19.2757,,,,,
2452,7/12/2026 21:34,76.75,19.3817,,,,,
2453,7/12/2026 21:49,76.43,19.4686,,,,,
2454,7/12/2026 22:04,75.78,19.5425,,,,,
2455,7/12/2026 22:19,75.04,19.6098,,,,,
2456,7/12/2026 22:34,74.32,19.6561,,,,,
2457,7/12/2026 22:49,73.82,19.6741,,,,,
2458,7/12/2026 23:04,73.53,19.665,,,,,
2459,7/12/2026 23:19,73.4,19.6116,,,,,
2460,7/12/2026 23:34,73.78,19.4967,,,,,
2461,7/12/2026 23:49,74.2,19.3493,,,,,
2462,7/13/2026 0:04,74.69,19.1888,,,,,
2463,7/13/2026 0:19,75.09,19.0091,,,,,
2464,7/13/2026 0:34,75.44,18.804,,,,,
2465,7/13/2026 0:49,75.6,18.5624,,,,,
2466,7/13/2026 1:04,75.61,18.3125,,,,,
2467,7/13/2026 1:19,75.6,18.0522,,,,,
2468,7/13/2026 1:34,75.48,17.8003,,,,,
2469,7/13/2026 1:49,75.29,17.5663,,,,,
2470,7/13/2026 2:04,75.14,17.3429,,,,,
2471,7/13/2026 2:19,75.05,17.1288,,,,,
2472,7/13/2026 2:34,74.93,16.9236,,,,,
2473,7/13/2026 2:49,74.82,16.7327,,,,,
2474,7/13/2026 3:04,74.61,16.5524,,,,,
2475,7/13/2026 3:19,74.48,16.385,,,,,
2476,7/13/2026 3:34,74.41,16.2261,,,,,
2477,7/13/2026 3:49,74.27,16.0792,,,,,
2478,7/13/2026 4:04,74.09,15.9348,,,,,
2479,7/13/2026 4:19,73.82,15.7941,,,,,
2480,7/13/2026 4:34,73.5,15.6665,,,,,
2481,7/13/2026 4:49,73.18,15.5416,,,,,
2482,7/13/2026 5:04,73.11,15.4191,,,,,
2483,7/13/2026 5:19,73.01,15.293,,,,,
2484,7/13/2026 5:34,72.94,15.1657,,,,,
2485,7/13/2026 5:49,72.87,15.0529,,,,,
2486,7/13/2026 6:04,72.77,14.95,,,,,
2487,7/13/2026 6:19,72.46,14.8742,,,,,
2488,7/13/2026 6:34,71.91,14.8706,,,,,
2489,7/13/2026 6:49,72.49,15.0602,,,,,
2490,7/13/2026 7:04,72.42,15.2214,,,,,
2491,7/13/2026 7:19,72.39,15.3927,,,,,
2492,7/13/2026 7:34,72.73,15.5669,,,,,
2493,7/13/2026 7:49,72.96,15.7942,,,,,
2494,7/13/2026 8:04,73.2,16.055,,,,,
2495,7/13/2026 8:19,73.55,16.353,,,,,
2496,7/13/2026 8:34,74.18,16.6671,,,,,
2497,7/13/2026 8:49,74.62,16.991,,,,,
2498,7/13/2026 9:04,74.92,17.3197,,,,,
2499,7/13/2026 9:19,75.21,17.6471,,,,,
2500,7/13/2026 9:34,75.26,17.9588,,,,,
2501,7/13/2026 9:49,75.17,18.2397,,,,,
2502,7/13/2026 10:04,75.12,18.4945,,,,,
2503,7/13/2026 10:19,75.13,18.702,,,,,
2504,7/13/2026 10:34,75.15,18.8517,,,,,
2505,7/13/2026 10:49,75.14,18.9467,,,,,
2506,7/13/2026 11:04,75.13,19.0022,,,,,
2507,7/13/2026 11:19,75.1,19.0168,,,,,
2508,7/13/2026 11:34,75.07,18.9899,,,,,
2509,7/13/2026 11:49,75.19,18.906,,,,,
2510,7/13/2026 12:04,76.11,18.7616,,,,,
2511,7/13/2026 12:19,76.49,18.5951,,,,,
2512,7/13/2026 12:34,76.66,18.4078,,,,,
2513,7/13/2026 12:49,76.89,18.2101,,,,,
2514,7/13/2026 13:04,77.06,18.0245,,,,,
2515,7/13/2026 13:19,77.15,17.8295,,,,,
2516,7/13/2026 13:34,77.29,17.6449,,,,,
2517,7/13/2026 13:49,77.28,17.4431,,,,,
2518,7/13/2026 14:04,77.29,17.2492,,,,,
2519,7/13/2026 14:19,77.46,17.0553,,,,,
2520,7/13/2026 14:34,77.65,16.8692,,,,,
2521,7/13/2026 14:49,77.85,16.6808,,,,,
2522,7/13/2026 15:04,78.32,16.507,,,,,
2523,7/13/2026 15:19,78.37,16.3407,,,,,
2524,7/13/2026 15:34,78.38,16.1807,,,,,
2525,7/13/2026 15:49,78.34,16.0276,,,,,
2526,7/13/2026 16:04,78.39,15.8862,,,,,
2527,7/13/2026 16:19,78.47,15.7431,,,,,
2528,7/13/2026 16:34,78.57,15.6126,,,,,
2529,7/13/2026 16:49,78.7,15.4861,,,,,
2530,7/13/2026 17:04,78.74,15.3607,,,,,
2531,7/13/2026 17:19,78.78,15.236,,,,,
2532,7/13/2026 17:34,78.96,15.1174,,,,,
2533,7/13/2026 17:49,79.05,15.0135,,,,,
2534,7/13/2026 18:04,79.23,14.9498,,,,,
2535,7/13/2026 18:19,78.97,15.0595,,,,,
2536,7/13/2026 18:34,78.81,15.1993,,,,,
2537,7/13/2026 18:49,78.76,15.3589,,,,,
2538,7/13/2026 19:04,78.69,15.5291,,,,,
2539,7/13/2026 19:19,78.58,15.7464,,,,,
2540,7/13/2026 19:34,78.48,15.9947,,,,,
2541,7/13/2026 19:49,78.43,16.2862,,,,,
2542,7/13/2026 20:04,78.25,16.6037,,,,,
2543,7/13/2026 20:19,77.99,16.9342,,,,,
2544,7/13/2026 20:34,77.77,17.2831,,,,,
2545,7/13/2026 20:49,77.5,17.6448,,,,,
2546,7/13/2026 21:04,77.24,18.0091,,,,,
2547,7/13/2026 21:19,77.14,18.36,,,,,
2548,7/13/2026 21:34,76.99,18.6739,,,,,
2549,7/13/2026 21:49,76.82,18.9387,,,,,
2550,7/13/2026 22:04,76.63,19.1182,,,,,
2551,7/13/2026 22:19,76.38,19.2479,,,,,
2552,7/13/2026 22:34,76.13,19.3482,,,,,
2553,7/13/2026 22:49,75.65,19.4417,,,,,
2554,7/13/2026 23:04,74.81,19.5229,,,,,
2555,7/13/2026 23:19,73.88,19.6038,,,,,
2556,7/13/2026 23:34,73.14,19.6462,,,,,
2557,7/13/2026 23:49,72.5,19.6792,,,,,
2558,7/14/2026 0:04,72.09,19.6782,,,,,
2559,7/14/2026 0:19,71.75,19.6326,,,,,
2560,7/14/2026 0:34,72.13,19.517,,,,,
2561,7/14/2026 0:49,72.71,19.3623,,,,,
2562,7/14/2026 1:04,73.35,19.206,,,,,
2563,7/14/2026 1:19,73.79,19.036,,,,,
2564,7/14/2026 1:34,74.31,18.8287,,,,,
2565,7/14/2026 1:49,74.67,18.5984,,,,,
2566,7/14/2026 2:04,74.87,18.3489,,,,,
2567,7/14/2026 2:19,74.96,18.0685,,,,,
2568,7/14/2026 2:34,75.01,17.8005,,,,,
2569,7/14/2026 2:49,74.93,17.544,,,,,
2570,7/14/2026 3:04,74.87,17.3107,,,,,
2571,7/14/2026 3:19,74.8,17.0872,,,,,
2572,7/14/2026 3:34,74.73,16.8747,,,,,
2573,7/14/2026 3:49,74.62,16.6763,,,,,
2574,7/14/2026 4:04,74.5,16.4918,,,,,
2575,7/14/2026 4:19,74.4,16.3221,,,,,
2576,7/14/2026 4:34,74.31,16.1589,,,,,
2577,7/14/2026 4:49,74.2,16.0082,,,,,
2578,7/14/2026 5:04,74.05,15.8646,,,,,
2579,7/14/2026 5:19,73.88,15.7217,,,,,
2580,7/14/2026 5:34,73.76,15.594,,,,,
2581,7/14/2026 5:49,73.62,15.4675,,,,,
2582,7/14/2026 6:04,73.46,15.34,,,,,
2583,7/14/2026 6:19,73.37,15.2157,,,,,
2584,7/14/2026 6:34,73.35,15.0949,,,,,
2585,7/14/2026 6:49,73.38,14.9754,,,,,
2586,7/14/2026 7:04,73.37,14.8716,,,,,
2587,7/14/2026 7:19,73.5,14.7829,,,,,
2588,7/14/2026 7:34,73.64,14.7317,,,,,
2589,7/14/2026 7:49,73.63,14.8889,,,,,
2590,7/14/2026 8:04,73.47,15.064,,,,,
2591,7/14/2026 8:19,73.42,15.2501,,,,,
2592,7/14/2026 8:34,73.62,15.4326,,,,,
2593,7/14/2026 8:49,73.84,15.6741,,,,,
2594,7/14/2026 9:04,73.92,15.9657,,,,,
2595,7/14/2026 9:19,74.23,16.2797,,,,,
2596,7/14/2026 9:34,74.66,16.6109,,,,,
2597,7/14/2026 9:49,74.97,16.9514,,,,,
2598,7/14/2026 10:04,75.18,17.2982,,,,,
2599,7/14/2026 10:19,75.28,17.6372,,,,,
2600,7/14/2026 10:34,75.25,17.9563,,,,,
2601,7/14/2026 10:49,75.22,18.2494,,,,,
2602,7/14/2026 11:04,75.2,18.501,,,,,
2603,7/14/2026 11:19,75.19,18.7034,,,,,
2604,7/14/2026 11:34,75.06,18.8604,,,,,
2605,7/14/2026 11:49,74.88,18.9499,,,,,
2606,7/14/2026 12:04,74.67,18.9947,,,,,
2607,7/14/2026 12:19,74.57,18.9894,,,,,
2608,7/14/2026 12:34,74.54,18.9383,,,,,
2609,7/14/2026 12:49,75,18.838,,,,,
2610,7/14/2026 13:04,75.44,18.6486,,,,,
2611,7/14/2026 13:19,75.57,18.4892,,,,,
2612,7/14/2026 13:34,75.64,18.3355,,,,,
2613,7/14/2026 13:49,75.69,18.1451,,,,,
2614,7/14/2026 14:04,75.81,17.9487,,,,,
2615,7/14/2026 14:19,75.98,17.7451,,,,,
2616,7/14/2026 14:34,76.17,17.5342,,,,,
2617,7/14/2026 14:49,76.34,17.3222,,,,,
2618,7/14/2026 15:04,76.51,17.1377,,,,,
2619,7/14/2026 15:19,76.58,16.9386,,,,,
2620,7/14/2026 15:34,76.67,16.7342,,,,,
2621,7/14/2026 15:49,76.86,16.5453,,,,,
2622,7/14/2026 16:04,77.14,16.3606,,,,,
2623,7/14/2026 16:19,77.24,16.187,,,,,
2624,7/14/2026 16:34,77.13,16.0288,,,,,
2625,7/14/2026 16:49,77.15,15.8798,,,,,
2626,7/14/2026 17:04,77.15,15.734,,,,,
2627,7/14/2026 17:19,77.17,15.5941,,,,,
2628,7/14/2026 17:34,77.2,15.4567,,,,,
2629,7/14/2026 17:49,77.2,15.3288,,,,,
2630,7/14/2026 18:04,77.23,15.2017,,,,,
2631,7/14/2026 18:19,77.27,15.0734,,,,,
2632,7/14/2026 18:34,77.34,14.9466,,,,,
2633,7/14/2026 18:49,77.35,14.8328,,,,,
2634,7/14/2026 19:04,77.35,14.7458,,,,,
2635,7/14/2026 19:19,77.3,14.7736,,,,,
2636,7/14/2026 19:34,77.27,14.9464,,,,,
2637,7/14/2026 19:49,77.24,15.1114,,,,,
2638,7/14/2026 20:04,77.18,15.292,,,,,
2639,7/14/2026 20:19,77.1,15.4884,,,,,
2640,7/14/2026 20:34,77.03,15.7357,,,,,
2641,7/14/2026 20:49,76.97,16.0247,,,,,
2642,7/14/2026 21:04,76.89,16.3444,,,,,
2643,7/14/2026 21:19,76.72,16.6909,,,,,
2644,7/14/2026 21:34,76.53,17.0494,,,,,
2645,7/14/2026 21:49,76.33,17.4542,,,,,
2646,7/14/2026 22:04,76.08,17.8321,,,,,
2647,7/14/2026 22:19,75.86,18.1988,,,,,
2648,7/14/2026 22:34,75.58,18.5261,,,,,
2649,7/14/2026 22:49,75.34,18.8101,,,,,
2650,7/14/2026 23:04,74.96,18.9992,,,,,
2651,7/14/2026 23:19,74.49,19.136,,,,,
2652,7/14/2026 23:34,73.89,19.2354,,,,,
2653,7/14/2026 23:49,72.85,19.3358,,,,,
2654,7/15/2026 0:04,71.39,19.4244,,,,,
2655,7/15/2026 0:19,69.94,19.5067,,,,,
2656,7/15/2026 0:34,68.6,19.5637,,,,,
2657,7/15/2026 0:49,67.64,19.6133,,,,,
2658,7/15/2026 1:04,66.99,19.6297,,,,,
2659,7/15/2026 1:19,66.52,19.5947,,,,,
2660,7/15/2026 1:34,66.65,19.4991,,,,,
2661,7/15/2026 1:49,68.07,19.3336,,,,,
2662,7/15/2026 2:04,69.23,19.1645,,,,,
2663,7/15/2026 2:19,70.2,18.9938,,,,,
2664,7/15/2026 2:34,71.42,18.7978,,,,,
2665,7/15/2026 2:49,72.4,18.5581,,,,,
2666,7/15/2026 3:04,73.33,18.3053,,,,,
2667,7/15/2026 3:19,73.99,18.0257,,,,,
2668,7/15/2026 3:34,74.42,17.7378,,,,,
2669,7/15/2026 3:49,74.7,17.4803,,,,,
2670,7/15/2026 4:04,74.9,17.2357,,,,,
2671,7/15/2026 4:19,75,17.0089,,,,,
2672,7/15/2026 4:34,75.08,16.7943,,,,,
2673,7/15/2026 4:49,75.11,16.605,,,,,
2674,7/15/2026 5:04,75.12,16.4109,,,,,
2675,7/15/2026 5:19,75.05,16.2306,,,,,
2676,7/15/2026 5:34,75.06,16.0714,,,,,
2677,7/15/2026 5:49,75.06,15.9236,,,,,
2678,7/15/2026 6:04,75.05,15.7753,,,,,
2679,7/15/2026 6:19,75.04,15.6396,,,,,
2680,7/15/2026 6:34,75,15.5128,,,,,
2681,7/15/2026 6:49,74.99,15.3861,,,,,
2682,7/15/2026 7:04,75.04,15.2758,,,,,
2683,7/15/2026 7:19,75.09,15.1488,,,,,
2684,7/15/2026 7:34,75.15,15.0237,,,,,
2685,7/15/2026 7:49,75.16,14.9074,,,,,
2686,7/15/2026 8:04,75.17,14.8005,,,,,
2687,7/15/2026 8:19,75.17,14.7104,,,,,
2688,7/15/2026 8:34,75.2,14.6564,,,,,
2689,7/15/2026 8:49,75.33,14.8325,,,,,
2690,7/15/2026 9:04,75.25,15.0171,,,,,
2691,7/15/2026 9:19,75.25,15.2033,,,,,
2692,7/15/2026 9:34,75.24,15.4215,,,,,
2693,7/15/2026 9:49,75.26,15.6801,,,,,
2694,7/15/2026 10:04,75.25,15.9854,,,,,
2695,7/15/2026 10:19,75.25,16.3063,,,,,
2696,7/15/2026 10:34,75.27,16.6487,,,,,
2697,7/15/2026 10:49,75.24,16.9949,,,,,
2698,7/15/2026 11:04,75.21,17.3551,,,,,
2699,7/15/2026 11:19,74.97,17.6997,,,,,
2700,7/15/2026 11:34,74.65,18.0228,,,,,
2701,7/15/2026 11:49,74.4,18.3256,,,,,
2702,7/15/2026 12:04,74.15,18.5787,,,,,
2703,7/15/2026 12:19,73.94,18.7635,,,,,
2704,7/15/2026 12:34,73.45,18.893,,,,,
2705,7/15/2026 12:49,73.06,18.9845,,,,,
2706,7/15/2026 13:04,72.77,19.0304,,,,,
2707,7/15/2026 13:19,72.46,19.0386,,,,,
2708,7/15/2026 13:34,72.25,19.0151,,,,,
2709,7/15/2026 13:49,72.23,18.9494,,,,,
2710,7/15/2026 14:04,73.43,18.8145,,,,,
2711,7/15/2026 14:19,73.92,18.6418,,,,,
2712,7/15/2026 14:34,74.37,18.4501,,,,,
2713,7/15/2026 14:49,74.63,18.2505,,,,,
2714,7/15/2026 15:04,74.82,18.0498,,,,,
2715,7/15/2026 15:19,75.02,17.8303,,,,,
2716,7/15/2026 15:34,75.21,17.6187,,,,,
2717,7/15/2026 15:49,75.4,17.406,,,,,
2718,7/15/2026 16:04,75.57,17.1886,,,,,
2719,7/15/2026 16:19,75.68,16.9845,,,,,
2720,7/15/2026 16:34,75.75,16.7844,,,,,
2721,7/15/2026 16:49,75.76,16.5844,,,,,
2722,7/15/2026 17:04,75.72,16.3977,,,,,
2723,7/15/2026 17:19,75.7,16.2226,,,,,
2724,7/15/2026 17:34,75.63,16.0563,,,,,
2725,7/15/2026 17:49,75.61,15.8972,,,,,
2726,7/15/2026 18:04,75.63,15.7471,,,,,
2727,7/15/2026 18:19,75.66,15.6078,,,,,
2728,7/15/2026 18:34,75.65,15.4741,,,,,
2729,7/15/2026 18:49,75.63,15.3487,,,,,
2730,7/15/2026 19:04,75.57,15.2189,,,,,
2731,7/15/2026 19:19,75.5,15.0973,,,,,
2732,7/15/2026 19:34,75.36,14.9793,,,,,
2733,7/15/2026 19:49,75.23,14.869,,,,,
2734,7/15/2026 20:04,75.06,14.7909,,,,,
2735,7/15/2026 20:19,74.95,14.9107,,,,,
2736,7/15/2026 20:34,75.19,15.0581,,,,,
2737,7/15/2026 20:49,75.01,15.2252,,,,,
2738,7/15/2026 21:04,74.93,15.419,,,,,
2739,7/15/2026 21:19,74.77,15.6578,,,,,
2740,7/15/2026 21:34,74.64,15.9347,,,,,
2741,7/15/2026 21:49,74.51,16.2471,,,,,
2742,7/15/2026 22:04,74.39,16.5821,,,,,
2743,7/15/2026 22:19,74.21,16.9448,,,,,
2744,7/15/2026 22:34,74.02,17.3095,,,,,
2745,7/15/2026 22:49,73.72,17.6887,,,,,
2746,7/15/2026 23:04,73.22,18.062,,,,,
2747,7/15/2026 23:19,72.54,18.4166,,,,,
2748,7/15/2026 23:34,72.11,18.7229,,,,,
2749,7/15/2026 23:49,71.74,18.9604,,,,,
2750,7/16/2026 0:04,71.28,19.1175,,,,,
2751,7/16/2026 0:19,70.67,19.2425,,,,,
2752,7/16/2026 0:34,69.69,19.3488,,,,,
2753,7/16/2026 0:49,68.46,19.4406,,,,,
2754,7/16/2026 1:04,67.05,19.5435,,,,,
2755,7/16/2026 1:19,65.82,19.6117,,,,,
2756,7/16/2026 1:34,64.88,19.6697,,,,,
2757,7/16/2026 1:49,64.32,19.7042,,,,,
2758,7/16/2026 2:04,63.9,19.7046,,,,,
2759,7/16/2026 2:19,63.76,19.6454,,,,,
2760,7/16/2026 2:34,64.28,19.5167,,,,,
2761,7/16/2026 2:49,64.97,19.3617,,,,,
2762,7/16/2026 3:04,65.93,19.1812,,,,,
2763,7/16/2026 3:19,66.63,19.0278,,,,,
2764,7/16/2026 3:34,67.66,18.8293,,,,,
2765,7/16/2026 3:49,68.54,18.599,,,,,
2766,7/16/2026 4:04,69.21,18.3323,,,,,
2767,7/16/2026 4:19,69.68,18.0592,,,,,
2768,7/16/2026 4:34,69.96,17.781,,,,,
2769,7/16/2026 4:49,70.12,17.5215,,,,,
2770,7/16/2026 5:04,70.19,17.2797,,,,,
2771,7/16/2026 5:19,70.2,17.0515,,,,,
2772,7/16/2026 5:34,70.16,16.8424,,,,,
2773,7/16/2026 5:49,70.13,16.6461,,,,,
2774,7/16/2026 6:04,70.08,16.4625,,,,,
2775,7/16/2026 6:19,69.97,16.2929,,,,,
2776,7/16/2026 6:34,69.94,16.1374,,,,,
2777,7/16/2026 6:49,69.89,15.9889,,,,,
2778,7/16/2026 7:04,69.85,15.8437,,,,,
2779,7/16/2026 7:19,69.81,15.7086,,,,,
2780,7/16/2026 7:34,69.8,15.5755,,,,,
2781,7/16/2026 7:49,69.83,15.4514,,,,,
2782,7/16/2026 8:04,69.9,15.3355,,,,,
2783,7/16/2026 8:19,70.02,15.2155,,,,,
2784,7/16/2026 8:34,70.15,15.0968,,,,,
2785,7/16/2026 8:49,70.3,14.9851,,,,,
2786,7/16/2026 9:04,70.59,14.8812,,,,,
2787,7/16/2026 9:19,71.07,14.8119,,,,,
2788,7/16/2026 9:34,71.06,14.9387,,,,,
2789,7/16/2026 9:49,70.9,15.1101,,,,,
2790,7/16/2026 10:04,70.88,15.2888,,,,,
2791,7/16/2026 10:19,71.23,15.4965,,,,,
2792,7/16/2026 10:34,71.65,15.7484,,,,,
2793,7/16/2026 10:49,71.59,16.0399,,,,,
2794,7/16/2026 11:04,72.09,16.3631,,,,,
2795,7/16/2026 11:19,72.62,16.7028,,,,,
2796,7/16/2026 11:34,72.9,17.0654,,,,,
2797,7/16/2026 11:49,72.92,17.417,,,,,
2798,7/16/2026 12:04,72.69,17.7554,,,,,
2799,7/16/2026 12:19,72.54,18.077,,,,,
2800,7/16/2026 12:34,72.56,18.3652,,,,,
2801,7/16/2026 12:49,72.57,18.612,,,,,
2802,7/16/2026 13:04,72.27,18.7908,,,,,
2803,7/16/2026 13:19,71.64,18.9212,,,,,
2804,7/16/2026 13:34,71.06,19.0073,,,,,
2805,7/16/2026 13:49,70.62,19.0624,,,,,
2806,7/16/2026 14:04,70.19,19.0952,,,,,
2807,7/16/2026 14:19,69.95,19.11,,,,,
2808,7/16/2026 14:34,69.61,19.0856,,,,,
2809,7/16/2026 14:49,69.53,19.0229,,,,,
2810,7/16/2026 15:04,70.88,18.8991,,,,,
2811,7/16/2026 15:19,71.65,18.734,,,,,
2812,7/16/2026 15:34,72.65,18.5307,,,,,
2813,7/16/2026 15:49,73.39,18.3106,,,,,
2814,7/16/2026 16:04,73.75,18.0911,,,,,
2815,7/16/2026 16:19,74.01,17.8799,,,,,
2816,7/16/2026 16:34,74.37,17.6566,,,,,
2817,7/16/2026 16:49,74.69,17.4341,,,,,
2818,7/16/2026 17:04,75.02,17.2505,,,,,
2819,7/16/2026 17:19,75.1,17.0431,,,,,
2820,7/16/2026 17:34,75.43,16.8252,,,,,
2821,7/16/2026 17:49,76.03,16.6535,,,,,
2822,7/16/2026 18:04,76.75,16.4822,,,,,
2823,7/16/2026 18:19,76.44,16.29,,,,,
2824,7/16/2026 18:34,76.22,16.1253,,,,,
2825,7/16/2026 18:49,76.11,15.9646,,,,,
2826,7/16/2026 19:04,76.07,15.8187,,,,,
2827,7/16/2026 19:19,76.08,15.688,,,,,
2828,7/16/2026 19:34,76.05,15.5549,,,,,
2829,7/16/2026 19:49,76.02,15.4331,,,,,
2830,7/16/2026 20:04,76.02,15.3102,,,,,
2831,7/16/2026 20:19,76.01,15.1924,,,,,
2832,7/16/2026 20:34,75.94,15.0764,,,,,
2833,7/16/2026 20:49,75.78,14.9752,,,,,
2834,7/16/2026 21:04,75.65,14.9021,,,,,
2835,7/16/2026 21:19,75.62,15.006,,,,,
2836,7/16/2026 21:34,75.82,15.1596,,,,,
2837,7/16/2026 21:49,75.72,15.3221,,,,,
2838,7/16/2026 22:04,75.49,15.5113,,,,,
2839,7/16/2026 22:19,75.26,15.7395,,,,,
2840,7/16/2026 22:34,75.04,16.0069,,,,,
2841,7/16/2026 22:49,74.87,16.3074,,,,,
2842,7/16/2026 23:04,74.37,16.6304,,,,,
2843,7/16/2026 23:19,73.77,16.9841,,,,,
2844,7/16/2026 23:34,73.14,17.3505,,,,,
2845,7/16/2026 23:49,72.68,17.7225,,,,,
2846,7/17/2026 0:04,72.1,18.0905,,,,,
2847,7/17/2026 0:19,71.47,18.4199,,,,,
2848,7/17/2026 0:34,70.99,18.7165,,,,,
2849,7/17/2026 0:49,70.63,18.9438,,,,,
2850,7/17/2026 1:04,70.36,19.0962,,,,,
2851,7/17/2026 1:19,70.07,19.2098,,,,,
2852,7/17/2026 1:34,69.79,19.3069,,,,,
2853,7/17/2026 1:49,69.3,19.3882,,,,,
2854,7/17/2026 2:04,68.69,19.4609,,,,,
2855,7/17/2026 2:19,68.11,19.519,,,,,
2856,7/17/2026 2:34,67.45,19.5565,,,,,
2857,7/17/2026 2:49,66.94,19.5803,,,,,
2858,7/17/2026 3:04,66.69,19.5529,,,,,
2859,7/17/2026 3:19,66.75,19.4692,,,,,
2860,7/17/2026 3:34,67.26,19.3292,,,,,
2861,7/17/2026 3:49,67.66,19.1736,,,,,
2862,7/17/2026 4:04,68.22,18.9893,,,,,
2863,7/17/2026 4:19,68.69,18.8068,,,,,
2864,7/17/2026 4:34,69.05,18.5868,,,,,
2865,7/17/2026 4:49,69.34,18.3389,,,,,
2866,7/17/2026 5:04,69.55,18.0722,,,,,
2867,7/17/2026 5:19,69.8,17.8066,,,,,
2868,7/17/2026 5:34,69.85,17.5525,,,,,
2869,7/17/2026 5:49,69.78,17.3256,,,,,
2870,7/17/2026 6:04,69.7,17.1047,,,,,
2871,7/17/2026 6:19,69.63,16.8929,,,,,
2872,7/17/2026 6:34,69.58,16.6996,,,,,
2873,7/17/2026 6:49,69.53,16.5135,,,,,
2874,7/17/2026 7:04,69.45,16.3439,,,,,
2875,7/17/2026 7:19,69.52,16.1867,,,,,
2876,7/17/2026 7:34,69.53,16.0364,,,,,
2877,7/17/2026 7:49,69.55,15.8943,,,,,
2878,7/17/2026 8:04,69.58,15.7569,,,,,
2879,7/17/2026 8:19,69.66,15.6246,,,,,
2880,7/17/2026 8:34,69.78,15.4993,,,,,
2881,7/17/2026 8:49,69.89,15.376,,,,,
2882,7/17/2026 9:04,70.05,15.2523,,,,,
2883,7/17/2026 9:19,70.28,15.1251,,,,,
2884,7/17/2026 9:34,70.54,15.0024,,,,,
2885,7/17/2026 9:49,70.83,14.899,,,,,
2886,7/17/2026 10:04,71.04,14.81,,,,,
2887,7/17/2026 10:19,71.27,14.8651,,,,,
2888,7/17/2026 10:34,71.08,15.0507,,,,,
2889,7/17/2026 10:49,71.07,15.2231,,,,,
2890,7/17/2026 11:04,71.33,15.4169,,,,,
2891,7/17/2026 11:19,71.43,15.6505,,,,,
2892,7/17/2026 11:34,71.63,15.931,,,,,
2893,7/17/2026 11:49,71.82,16.2327,,,,,
2894,7/17/2026 12:04,72.13,16.5603,,,,,
2895,7/17/2026 12:19,72.34,16.8935,,,,,
2896,7/17/2026 12:34,72.41,17.2504,,,,,
2897,7/17/2026 12:49,72.27,17.602,,,,,
2898,7/17/2026 13:04,71.99,17.9337,,,,,
2899,7/17/2026 13:19,71.96,18.2457,,,,,
2900,7/17/2026 13:34,72.09,18.5148,,,,,
2901,7/17/2026 13:49,72.12,18.7376,,,,,
2902,7/17/2026 14:04,71.9,18.9136,,,,,
2903,7/17/2026 14:19,71.36,19.0341,,,,,
2904,7/17/2026 14:34,70.99,19.1105,,,,,
2905,7/17/2026 14:49,70.64,19.1524,,,,,
2906,7/17/2026 15:04,70.4,19.1691,,,,,
2907,7/17/2026 15:19,70.28,19.1516,,,,,
2908,7/17/2026 15:34,70.34,19.0892,,,,,
2909,7/17/2026 15:49,71.39,18.9691,,,,,
2910,7/17/2026 16:04,72.04,18.8119,,,,,
2911,7/17/2026 16:19,72.52,18.6277,,,,,
2912,7/17/2026 16:34,72.88,18.4244,,,,,
2913,7/17/2026 16:49,73.17,18.2135,,,,,
2914,7/17/2026 17:04,73.28,17.9962,,,,,
2915,7/17/2026 17:19,73.49,17.7838,,,,,
2916,7/17/2026 17:34,73.69,17.576,,,,,
2917,7/17/2026 17:49,73.91,17.3566,,,,,
2918,7/17/2026 18:04,74.19,17.1527,,,,,
2919,7/17/2026 18:19,74.51,16.9574,,,,,
2920,7/17/2026 18:34,74.85,16.7592,,,,,
2921,7/17/2026 18:49,75.32,16.5715,,,,,
2922,7/17/2026 19:04,75.36,16.3969,,,,,
2923,7/17/2026 19:19,75.16,16.234,,,,,
2924,7/17/2026 19:34,74.95,16.0806,,,,,
2925,7/17/2026 19:49,74.8,15.9312,,,,,
2926,7/17/2026 20:04,74.73,15.7903,,,,,
2927,7/17/2026 20:19,74.7,15.6571,,,,,
2928,7/17/2026 20:34,74.62,15.5276,,,,,
2929,7/17/2026 20:49,74.57,15.4033,,,,,
2930,7/17/2026 21:04,74.5,15.2809,,,,,
2931,7/17/2026 21:19,74.45,15.1624,,,,,
2932,7/17/2026 21:34,74.37,15.0508,,,,,
2933,7/17/2026 21:49,74.29,14.9573,,,,,
2934,7/17/2026 22:04,74.27,14.9529,,,,,
2935,7/17/2026 22:19,74.39,15.1025,,,,,
2936,7/17/2026 22:34,74.46,15.2553,,,,,
2937,7/17/2026 22:49,74.16,15.4206,,,,,
2938,7/17/2026 23:04,74.06,15.6089,,,,,
2939,7/17/2026 23:19,73.8,15.8403,,,,,
2940,7/17/2026 23:34,73.61,16.1091,,,,,
2941,7/17/2026 23:49,73.41,16.411,,,,,
2942,7/18/2026 0:04,72.99,16.7376,,,,,
2943,7/18/2026 0:19,72.53,17.0653,,,,,
2944,7/18/2026 0:34,72.11,17.4164,,,,,
2945,7/18/2026 0:49,71.8,17.7655,,,,,
2946,7/18/2026 1:04,71.41,18.1017,,,,,
2947,7/18/2026 1:19,70.96,18.4188,,,,,
2948,7/18/2026 1:34,70.58,18.6927,,,,,
2949,7/18/2026 1:49,70.36,18.9106,,,,,
2950,7/18/2026 2:04,70.18,19.0722,,,,,
2951,7/18/2026 2:19,69.98,19.1841,,,,,
2952,7/18/2026 2:34,69.81,19.2718,,,,,
2953,7/18/2026 2:49,69.62,19.3365,,,,,
2954,7/18/2026 3:04,69.25,19.3925,,,,,
2955,7/18/2026 3:19,68.83,19.4261,,,,,
2956,7/18/2026 3:34,68.52,19.4356,,,,,
2957,7/18/2026 3:49,68.29,19.4108,,,,,
2958,7/18/2026 4:04,68.37,19.3343,,,,,
2959,7/18/2026 4:19,68.67,19.1989,,,,,
2960,7/18/2026 4:34,68.98,19.0369,,,,,
2961,7/18/2026 4:49,69.34,18.8599,,,,,
2962,7/18/2026 5:04,69.53,18.647,,,,,
2963,7/18/2026 5:19,69.71,18.402,,,,,
2964,7/18/2026 5:34,69.88,18.1598,,,,,
2965,7/18/2026 5:49,69.97,17.9293,,,,,
2966,7/18/2026 6:04,69.94,17.6931,,,,,
2967,7/18/2026 6:19,69.74,17.4587,,,,,
2968,7/18/2026 6:34,69.91,17.2407,,,,,
2969,7/18/2026 6:49,69.94,17.0276,,,,,
2970,7/18/2026 7:04,69.93,16.823,,,,,
2971,7/18/2026 7:19,69.9,16.6337,,,,,
2972,7/18/2026 7:34,69.82,16.452,,,,,
2973,7/18/2026 7:49,69.76,16.2824,,,,,
2974,7/18/2026 8:04,69.75,16.1151,,,,,
2975,7/18/2026 8:19,69.78,15.9624,,,,,
2976,7/18/2026 8:34,69.82,15.8142,,,,,
2977,7/18/2026 8:49,69.87,15.6774,,,,,
2978,7/18/2026 9:04,69.96,15.5434,,,,,
2979,7/18/2026 9:19,70.06,15.4125,,,,,
2980,7/18/2026 9:34,70.13,15.2786,,,,,
2981,7/18/2026 9:49,70.28,15.1525,,,,,
2982,7/18/2026 10:04,70.41,15.027,,,,,
2983,7/18/2026 10:19,70.71,14.9131,,,,,
2984,7/18/2026 10:34,71.13,14.8176,,,,,
2985,7/18/2026 10:49,71.59,14.7687,,,,,
2986,7/18/2026 11:04,71.21,14.9352,,,,,
2987,7/18/2026 11:19,71.01,15.1009,,,,,
2988,7/18/2026 11:34,71.32,15.266,,,,,
2989,7/18/2026 11:49,71.39,15.4507,,,,,
2990,7/18/2026 12:04,71.61,15.6715,,,,,
2991,7/18/2026 12:19,71.41,15.945,,,,,
2992,7/18/2026 12:34,71.82,16.2421,,,,,
2993,7/18/2026 12:49,72.13,16.5566,,,,,
2994,7/18/2026 13:04,72.07,16.8873,,,,,
2995,7/18/2026 13:19,71.95,17.2286,,,,,
2996,7/18/2026 13:34,71.75,17.5648,,,,,
2997,7/18/2026 13:49,71.49,17.8971,,,,,
2998,7/18/2026 14:04,71.49,18.1996,,,,,
2999,7/18/2026 14:19,71.46,18.4714,,,,,
3000,7/18/2026 14:34,71.34,18.7097,,,,,
3001,7/18/2026 14:49,71.01,18.8828,,,,,
3002,7/18/2026 15:04,70.7,19,,,,,
3003,7/18/2026 15:19,70.28,19.0775,,,,,
3004,7/18/2026 15:34,69.9,19.1309,,,,,
3005,7/18/2026 15:49,69.56,19.1544,,,,,
3006,7/18/2026 16:04,69.35,19.1558,,,,,
3007,7/18/2026 16:19,69.2,19.1229,,,,,
3008,7/18/2026 16:34,69.38,19.0442,,,,,
3009,7/18/2026 16:49,69.73,18.9098,,,,,
3010,7/18/2026 17:04,70.35,18.7482,,,,,
3011,7/18/2026 17:19,70.92,18.5675,,,,,
3012,7/18/2026 17:34,71.29,18.3547,,,,,
3013,7/18/2026 17:49,71.45,18.1316,,,,,
3014,7/18/2026 18:04,71.59,17.9157,,,,,
3015,7/18/2026 18:19,71.72,17.6906,,,,,
3016,7/18/2026 18:34,71.81,17.4714,,,,,
3017,7/18/2026 18:49,71.89,17.2537,,,,,
3018,7/18/2026 19:04,71.95,17.0464,,,,,
3019,7/18/2026 19:19,72.02,16.8368,,,,,
3020,7/18/2026 19:34,72.07,16.657,,,,,
3021,7/18/2026 19:49,72.18,16.4794,,,,,
3022,7/18/2026 20:04,72.1,16.2891,,,,,
3023,7/18/2026 20:19,72.09,16.116,,,,,
3024,7/18/2026 20:34,72.07,15.9588,,,,,
3025,7/18/2026 20:49,72.04,15.8105,,,,,
3026,7/18/2026 21:04,72.02,15.6598,,,,,
3027,7/18/2026 21:19,71.99,15.5248,,,,,
3028,7/18/2026 21:34,71.91,15.4105,,,,,
3029,7/18/2026 21:49,71.87,15.2963,,,,,
3030,7/18/2026 22:04,71.83,15.1685,,,,,
3031,7/18/2026 22:19,71.82,15.0502,,,,,
3032,7/18/2026 22:34,71.77,14.945,,,,,
3033,7/18/2026 22:49,71.61,14.9142,,,,,
3034,7/18/2026 23:04,71.69,14.971,,,,,
3035,7/18/2026 23:19,71.84,15.1268,,,,,
3036,7/18/2026 23:34,71.83,15.2763,,,,,
3037,7/18/2026 23:49,71.72,15.4657,,,,,
3038,7/19/2026 0:04,71.7,15.6773,,,,,
3039,7/19/2026 0:19,71.62,15.9235,,,,,
3040,7/19/2026 0:34,71.6,16.1815,,,,,
3041,7/19/2026 0:49,71.55,16.4643,,,,,
3042,7/19/2026 1:04,71.44,16.7544,,,,,
3043,7/19/2026 1:19,71.19,17.0605,,,,,
3044,7/19/2026 1:34,71.02,17.3958,,,,,
3045,7/19/2026 1:49,70.83,17.7045,,,,,
3046,7/19/2026 2:04,70.58,18.0104,,,,,
3047,7/19/2026 2:19,70.26,18.2914,,,,,
3048,7/19/2026 2:34,69.96,18.5303,,,,,
3049,7/19/2026 2:49,69.79,18.7151,,,,,
3050,7/19/2026 3:04,69.61,18.8414,,,,,
3051,7/19/2026 3:19,69.39,18.9454,,,,,
3052,7/19/2026 3:34,69.17,19.0176,,,,,
3053,7/19/2026 3:49,68.97,19.0618,,,,,
3054,7/19/2026 4:04,68.74,19.1046,,,,,
3055,7/19/2026 4:19,68.46,19.1186,,,,,
3056,7/19/2026 4:34,68.2,19.1053,,,,,
3057,7/19/2026 4:49,68.16,19.0612,,,,,
3058,7/19/2026 5:04,68.54,18.9518,,,,,
3059,7/19/2026 5:19,68.74,18.8248,,,,,
3060,7/19/2026 5:34,69.09,18.6727,,,,,
3061,7/19/2026 5:49,69.43,18.4782,,,,,
3062,7/19/2026 6:04,69.69,18.2533,,,,,
3063,7/19/2026 6:19,69.86,18.0317,,,,,
3064,7/19/2026 6:34,70.03,17.8021,,,,,
3065,7/19/2026 6:49,70.13,17.5638,,,,,
3066,7/19/2026 7:04,70.16,17.3516,,,,,
3067,7/19/2026 7:19,70.18,17.1498,,,,,
3068,7/19/2026 7:34,70.18,16.9418,,,,,
3069,7/19/2026 7:49,70.21,16.7443,,,,,
3070,7/19/2026 8:04,70.22,16.5551,,,,,
3071,7/19/2026 8:19,70.2,16.3687,,,,,
3072,7/19/2026 8:34,70.22,16.2,,,,,
3073,7/19/2026 8:49,70.31,16.031,,,,,
3074,7/19/2026 9:04,70.41,15.8635,,,,,
3075,7/19/2026 9:19,70.55,15.7113,,,,,
3076,7/19/2026 9:34,70.73,15.5704,,,,,
3077,7/19/2026 9:49,70.97,15.453,,,,,
3078,7/19/2026 10:04,71.22,15.325,,,,,
3079,7/19/2026 10:19,71.56,15.2029,,,,,
3080,7/19/2026 10:34,71.96,15.0748,,,,,
3081,7/19/2026 10:49,72.18,14.952,,,,,
3082,7/19/2026 11:04,72.71,14.8417,,,,,
3083,7/19/2026 11:19,72.97,14.7496,,,,,
3084,7/19/2026 11:34,73.07,14.7361,,,,,
3085,7/19/2026 11:49,73.05,14.8722,,,,,
3086,7/19/2026 12:04,73.01,14.9953,,,,,
3087,7/19/2026 12:19,73.2,15.1581,,,,,
3088,7/19/2026 12:34,73.06,15.3323,,,,,
3089,7/19/2026 12:49,73.02,15.5562,,,,,
3090,7/19/2026 13:04,72.88,15.8297,,,,,
3091,7/19/2026 13:19,72.98,16.1191,,,,,
3092,7/19/2026 13:34,72.96,16.4233,,,,,
3093,7/19/2026 13:49,72.86,16.7455,,,,,
3094,7/19/2026 14:04,72.75,17.0796,,,,,
3095,7/19/2026 14:19,72.45,17.4071,,,,,
3096,7/19/2026 14:34,72.13,17.7307,,,,,
3097,7/19/2026 14:49,72.03,18.0454,,,,,
3098,7/19/2026 15:04,72.1,18.3146,,,,,
3099,7/19/2026 15:19,72.2,18.5545,,,,,
3100,7/19/2026 15:34,72.07,18.733,,,,,
3101,7/19/2026 15:49,71.71,18.8583,,,,,
3102,7/19/2026 16:04,71.19,18.9521,,,,,
3103,7/19/2026 16:19,70.91,19.0165,,,,,
3104,7/19/2026 16:34,70.71,19.0562,,,,,
3105,7/19/2026 16:49,70.42,19.0715,,,,,
3106,7/19/2026 17:04,70.19,19.0639,,,,,
3107,7/19/2026 17:19,70.09,19.0127,,,,,
3108,7/19/2026 17:34,70.85,18.9118,,,,,
3109,7/19/2026 17:49,71.6,18.7517,,,,,
3110,7/19/2026 18:04,72.05,18.5751,,,,,
3111,7/19/2026 18:19,72.34,18.3673,,,,,
3112,7/19/2026 18:34,72.53,18.1645,,,,,
3113,7/19/2026 18:49,72.65,17.9491,,,,,
3114,7/19/2026 19:04,72.76,17.7486,,,,,
3115,7/19/2026 19:19,72.86,17.5527,,,,,
3116,7/19/2026 19:34,72.96,17.3552,,,,,
3117,7/19/2026 19:49,73.13,17.1593,,,,,
3118,7/19/2026 20:04,73.27,16.9667,,,,,
3119,7/19/2026 20:19,73.4,16.7818,,,,,
3120,7/19/2026 20:34,73.46,16.6027,,,,,
3121,7/19/2026 20:49,73.5,16.4307,,,,,
3122,7/19/2026 21:04,73.42,16.2661,,,,,
3123,7/19/2026 21:19,73.33,16.1142,,,,,
3124,7/19/2026 21:34,73.25,15.9687,,,,,
3125,7/19/2026 21:49,73.21,15.8291,,,,,
3126,7/19/2026 22:04,73.2,15.6978,,,,,
3127,7/19/2026 22:19,73.15,15.5759,,,,,
3128,7/19/2026 22:34,73.06,15.4521,,,,,
3129,7/19/2026 22:49,72.92,15.337,,,,,
3130,7/19/2026 23:04,72.92,15.2267,,,,,
3131,7/19/2026 23:19,72.83,15.1188,,,,,
3132,7/19/2026 23:34,72.78,15.0421,,,,,
3133,7/19/2026 23:49,72.7,15.0413,,,,,
3134,7/20/2026 0:04,72.82,15.1474,,,,,
3135,7/20/2026 0:19,72.9,15.2722,,,,,
3136,7/20/2026 0:34,72.64,15.4163,,,,,
3137,7/20/2026 0:49,72.47,15.582,,,,,
3138,7/20/2026 1:04,72.31,15.7766,,,,,
3139,7/20/2026 1:19,72.14,15.9896,,,,,
3140,7/20/2026 1:34,72.04,16.2156,,,,,
3141,7/20/2026 1:49,71.83,16.4592,,,,,
3142,7/20/2026 2:04,71.54,16.7263,,,,,
3143,7/20/2026 2:19,71.26,16.9939,,,,,
3144,7/20/2026 2:34,70.92,17.2731,,,,,
3145,7/20/2026 2:49,70.71,17.5695,,,,,
3146,7/20/2026 3:04,70.51,17.843,,,,,
3147,7/20/2026 3:19,70.18,18.0964,,,,,
3148,7/20/2026 3:34,69.8,18.3209,,,,,
3149,7/20/2026 3:49,69.39,18.5233,,,,,
3150,7/20/2026 4:04,69.13,18.683,,,,,
3151,7/20/2026 4:19,69,18.7941,,,,,
3152,7/20/2026 4:34,68.87,18.8652,,,,,
3153,7/20/2026 4:49,68.73,18.905,,,,,
3154,7/20/2026 5:04,68.66,18.9093,,,,,
3155,7/20/2026 5:19,68.6,18.8805,,,,,
3156,7/20/2026 5:34,68.78,18.7892,,,,,
3157,7/20/2026 5:49,68.88,18.6608,,,,,
3158,7/20/2026 6:04,69.04,18.5123,,,,,
3159,7/20/2026 6:19,69.22,18.352,,,,,
3160,7/20/2026 6:34,69.41,18.1734,,,,,
3161,7/20/2026 6:49,69.52,18.0005,,,,,
3162,7/20/2026 7:04,69.65,17.8266,,,,,
3163,7/20/2026 7:19,69.75,17.6439,,,,,
3164,7/20/2026 7:34,69.82,17.4614,,,,,
3165,7/20/2026 7:49,69.91,17.2792,,,,,
3166,7/20/2026 8:04,70.03,17.0915,,,,,
3167,7/20/2026 8:19,70.17,16.9047,,,,,
3168,7/20/2026 8:34,70.32,16.7357,,,,,
3169,7/20/2026 8:49,70.36,16.563,,,,,
3170,7/20/2026 9:04,70.43,16.4036,,,,,
3171,7/20/2026 9:19,70.62,16.2497,,,,,
3172,7/20/2026 9:34,70.81,16.099,,,,,
3173,7/20/2026 9:49,71.01,15.9611,,,,,
3174,7/20/2026 10:04,71.23,15.8201,,,,,
3175,7/20/2026 10:19,71.44,15.6924,,,,,
3176,7/20/2026 10:34,71.69,15.5673,,,,,
3177,7/20/2026 10:49,71.98,15.4512,,,,,
3178,7/20/2026 11:04,72.34,15.3334,,,,,
3179,7/20/2026 11:19,72.72,15.2201,,,,,
3180,7/20/2026 11:34,73.24,15.1158,,,,,
3181,7/20/2026 11:49,73.93,15.0288,,,,,
3182,7/20/2026 12:04,74.07,15.0378,,,,,
3183,7/20/2026 12:19,73.73,15.1492,,,,,
3184,7/20/2026 12:34,73.38,15.2712,,,,,
3185,7/20/2026 12:49,73.74,15.4129,,,,,
3186,7/20/2026 13:04,73.88,15.5761,,,,,
3187,7/20/2026 13:19,73.94,15.7618,,,,,
3188,7/20/2026 13:34,73.8,15.9755,,,,,
3189,7/20/2026 13:49,73.9,16.2031,,,,,
3190,7/20/2026 14:04,74.13,16.4408,,,,,
3191,7/20/2026 14:19,74.11,16.706,,,,,
3192,7/20/2026 14:34,73.81,16.9779,,,,,
3193,7/20/2026 14:49,73.52,17.2629,,,,,
3194,7/20/2026 15:04,73.23,17.5573,,,,,
3195,7/20/2026 15:19,73.02,17.8486,,,,,
3196,7/20/2026 15:34,72.97,18.1109,,,,,
3197,7/20/2026 15:49,72.97,18.356,,,,,
3198,7/20/2026 16:04,72.92,18.5758,,,,,
3199,7/20/2026 16:19,72.72,18.7517,,,,,
3200,7/20/2026 16:34,72.34,18.884,,,,,
3201,7/20/2026 16:49,71.96,18.973,,,,,
3202,7/20/2026 17:04,71.69,19.0355,,,,,
3203,7/20/2026 17:19,71.53,19.0632,,,,,
3204,7/20/2026 17:34,71.33,19.0627,,,,,
3205,7/20/2026 17:49,70.99,19.0294,,,,,
3206,7/20/2026 18:04,71.47,18.9553,,,,,
3207,7/20/2026 18:19,72.17,18.8212,,,,,
3208,7/20/2026 18:34,72.7,18.6765,,,,,
3209,7/20/2026 18:49,73.01,18.5105,,,,,
3210,7/20/2026 19:04,73.26,18.3281,,,,,
3211,7/20/2026 19:19,73.33,18.1435,,,,,
3212,7/20/2026 19:34,73.53,17.9581,,,,,
3213,7/20/2026 19:49,73.65,17.7702,,,,,
3214,7/20/2026 20:04,73.79,17.5718,,,,,
3215,7/20/2026 20:19,73.91,17.397,,,,,
3216,7/20/2026 20:34,74.04,17.2029,,,,,
3217,7/20/2026 20:49,74.15,17.0196,,,,,
3218,7/20/2026 21:04,74.21,16.8459,,,,,
3219,7/20/2026 21:19,74.24,16.6717,,,,,
3220,7/20/2026 21:34,74.14,16.5011,,,,,
3221,7/20/2026 21:49,74.09,16.3403,,,,,
3222,7/20/2026 22:04,74.06,16.1897,,,,,
3223,7/20/2026 22:19,74.02,16.043,,,,,
3224,7/20/2026 22:34,73.99,15.9033,,,,,
3225,7/20/2026 22:49,74.01,15.7713,,,,,
3226,7/20/2026 23:04,73.97,15.6431,,,,,
3227,7/20/2026 23:19,73.84,15.5254,,,,,
3228,7/20/2026 23:34,73.73,15.4085,,,,,
3229,7/20/2026 23:49,73.58,15.2959,,,,,
3230,7/21/2026 0:04,73.46,15.191,,,,,
3231,7/21/2026 0:19,73.31,15.0973,,,,,
3232,7/21/2026 0:34,73.28,15.0493,,,,,
3233,7/21/2026 0:49,73.41,15.1348,,,,,
3234,7/21/2026 1:04,73.56,15.246,,,,,
3235,7/21/2026 1:19,73.45,15.3774,,,,,
3236,7/21/2026 1:34,73.25,15.5261,,,,,
3237,7/21/2026 1:49,73.16,15.6889,,,,,
3238,7/21/2026 2:04,73.03,15.8713,,,,,
3239,7/21/2026 2:19,72.91,16.0739,,,,,
3240,7/21/2026 2:34,72.86,16.2938,,,,,
3241,7/21/2026 2:49,72.69,16.5276,,,,,
3242,7/21/2026 3:04,72.44,16.7622,,,,,
3243,7/21/2026 3:19,72.13,17.0222,,,,,
3244,7/21/2026 3:34,71.79,17.2687,,,,,
3245,7/21/2026 3:49,71.57,17.5221,,,,,
3246,7/21/2026 4:04,71.33,17.7682,,,,,
3247,7/21/2026 4:19,71.06,17.9874,,,,,
3248,7/21/2026 4:34,70.71,18.1877,,,,,
3249,7/21/2026 4:49,70.37,18.3564,,,,,
3250,7/21/2026 5:04,70.02,18.4904,,,,,
3251,7/21/2026 5:19,69.8,18.5891,,,,,
3252,7/21/2026 5:34,69.66,18.6543,,,,,
3253,7/21/2026 5:49,69.6,18.6701,,,,,
3254,7/21/2026 6:04,69.58,18.6439,,,,,
3255,7/21/2026 6:19,69.63,18.5747,,,,,
3256,7/21/2026 6:34,69.97,18.4731,,,,,
3257,7/21/2026 6:49,70.22,18.3352,,,,,
3258,7/21/2026 7:04,70.53,18.1873,,,,,
3259,7/21/2026 7:19,70.69,18.0354,,,,,
3260,7/21/2026 7:34,70.85,17.8938,,,,,
3261,7/21/2026 7:49,70.96,17.7396,,,,,
3262,7/21/2026 8:04,71.08,17.5811,,,,,
3263,7/21/2026 8:19,71.21,17.4259,,,,,
3264,7/21/2026 8:34,71.34,17.2551,,,,,
3265,7/21/2026 8:49,71.46,17.0945,,,,,
3266,7/21/2026 9:04,71.66,16.9324,,,,,
3267,7/21/2026 9:19,71.8,16.7703,,,,,
3268,7/21/2026 9:34,71.88,16.6145,,,,,
3269,7/21/2026 9:49,71.95,16.4557,,,,,
3270,7/21/2026 10:04,72.08,16.3097,,,,,
3271,7/21/2026 10:19,72.21,16.1702,,,,,
3272,7/21/2026 10:34,72.42,16.0346,,,,,
3273,7/21/2026 10:49,72.59,15.9035,,,,,
3274,7/21/2026 11:04,72.75,15.7775,,,,,
3275,7/21/2026 11:19,72.87,15.6646,,,,,
3276,7/21/2026 11:34,73.04,15.5507,,,,,
3277,7/21/2026 11:49,73.22,15.4518,,,,,
3278,7/21/2026 12:04,73.42,15.3505,,,,,
3279,7/21/2026 12:19,73.63,15.2699,,,,,
3280,7/21/2026 12:34,73.78,15.224,,,,,
3281,7/21/2026 12:49,73.77,15.2639,,,,,
3282,7/21/2026 13:04,73.61,15.3627,,,,,
3283,7/21/2026 13:19,73.64,15.4782,,,,,
3284,7/21/2026 13:34,73.76,15.6177,,,,,
3285,7/21/2026 13:49,73.69,15.7675,,,,,
3286,7/21/2026 14:04,73.6,15.9319,,,,,
3287,7/21/2026 14:19,73.45,16.117,,,,,
3288,7/21/2026 14:34,73.33,16.3268,,,,,
3289,7/21/2026 14:49,73.39,16.5605,,,,,
3290,7/21/2026 15:04,73.46,16.7983,,,,,
3291,7/21/2026 15:19,73.13,17.0458,,,,,
3292,7/21/2026 15:34,72.81,17.3056,,,,,
3293,7/21/2026 15:49,72.46,17.5689,,,,,
3294,7/21/2026 16:04,72.15,17.8353,,,,,
3295,7/21/2026 16:19,71.83,18.0861,,,,,
3296,7/21/2026 16:34,71.64,18.3129,,,,,
3297,7/21/2026 16:49,71.51,18.502,,,,,
3298,7/21/2026 17:04,71.33,18.6657,,,,,
3299,7/21/2026 17:19,71.11,18.7958,,,,,
3300,7/21/2026 17:34,70.91,18.889,,,,,
3301,7/21/2026 17:49,70.71,18.9414,,,,,
3302,7/21/2026 18:04,70.61,18.9641,,,,,
3303,7/21/2026 18:19,70.49,18.9785,,,,,
3304,7/21/2026 18:34,70.32,18.9711,,,,,
3305,7/21/2026 18:49,70.29,18.9436,,,,,
3306,7/21/2026 19:04,70.53,18.8919,,,,,
3307,7/21/2026 19:19,70.71,18.7694,,,,,
3308,7/21/2026 19:34,71.05,18.6136,,,,,
3309,7/21/2026 19:49,71.21,18.4676,,,,,
3310,7/21/2026 20:04,71.34,18.2856,,,,,
3311,7/21/2026 20:19,71.53,18.1032,,,,,
3312,7/21/2026 20:34,71.67,17.9203,,,,,
3313,7/21/2026 20:49,71.83,17.7459,,,,,
3314,7/21/2026 21:04,72.02,17.5502,,,,,
3315,7/21/2026 21:19,72.2,17.3566,,,,,
3316,7/21/2026 21:34,72.34,17.1664,,,,,
3317,7/21/2026 21:49,72.49,16.982,,,,,
3318,7/21/2026 22:04,72.56,16.8002,,,,,
3319,7/21/2026 22:19,72.54,16.6373,,,,,
3320,7/21/2026 22:34,72.34,16.4653,,,,,
3321,7/21/2026 22:49,72.34,16.3034,,,,,
3322,7/21/2026 23:04,72.41,16.1461,,,,,
3323,7/21/2026 23:19,72.47,16.001,,,,,
3324,7/21/2026 23:34,72.5,15.8664,,,,,
3325,7/21/2026 23:49,72.47,15.7419,,,,,
3326,7/22/2026 0:04,72.42,15.6169,,,,,
3327,7/22/2026 0:19,72.37,15.5119,,,,,
3328,7/22/2026 0:34,72.31,15.4069,,,,,
3329,7/22/2026 0:49,72.27,15.327,,,,,
3330,7/22/2026 1:04,72.22,15.2459,,,,,
3331,7/22/2026 1:19,72.27,15.2148,,,,,
3332,7/22/2026 1:34,72.37,15.2936,,,,,
3333,7/22/2026 1:49,72.43,15.3548,,,,,
3334,7/22/2026 2:04,72.42,15.4571,,,,,
3335,7/22/2026 2:19,72.36,15.5924,,,,,
3336,7/22/2026 2:34,72.33,15.7429,,,,,
3337,7/22/2026 2:49,72.32,15.9143,,,,,
3338,7/22/2026 3:04,72.27,16.0989,,,,,
3339,7/22/2026 3:19,72.23,16.3013,,,,,
3340,7/22/2026 3:34,72.14,16.495,,,,,
3341,7/22/2026 3:49,72.07,16.696,,,,,
3342,7/22/2026 4:04,71.88,16.9158,,,,,
3343,7/22/2026 4:19,71.6,17.1446,,,,,
3344,7/22/2026 4:34,71.37,17.3706,,,,,
3345,7/22/2026 4:49,71.17,17.6103,,,,,
3346,7/22/2026 5:04,70.98,17.82,,,,,
3347,7/22/2026 5:19,70.82,18.0065,,,,,
3348,7/22/2026 5:34,70.64,18.1698,,,,,
3349,7/22/2026 5:49,70.38,18.3273,,,,,
3350,7/22/2026 6:04,70.16,18.4246,,,,,
3351,7/22/2026 6:19,70.05,18.4974,,,,,
3352,7/22/2026 6:34,69.94,18.5303,,,,,
3353,7/22/2026 6:49,69.88,18.5072,,,,,
3354,7/22/2026 7:04,70,18.4376,,,,,
3355,7/22/2026 7:19,69.96,18.3651,,,,,
3356,7/22/2026 7:34,70.56,18.2369,,,,,
3357,7/22/2026 7:49,70.94,18.1051,,,,,
3358,7/22/2026 8:04,71.11,17.9755,,,,,
3359,7/22/2026 8:19,71.27,17.8282,,,,,
3360,7/22/2026 8:34,71.49,17.6901,,,,,
3361,7/22/2026 8:49,71.26,17.5625,,,,,
3362,7/22/2026 9:04,71.81,17.4139,,,,,
3363,7/22/2026 9:19,72.03,17.249,,,,,
3364,7/22/2026 9:34,72.18,17.1175,,,,,
3365,7/22/2026 9:49,72.15,16.9844,,,,,
3366,7/22/2026 10:04,72.65,16.8212,,,,,
3367,7/22/2026 10:19,72.81,16.6579,,,,,
3368,7/22/2026 10:34,72.86,16.5066,,,,,
3369,7/22/2026 10:49,73.01,16.3562,,,,,
3370,7/22/2026 11:04,73.21,16.2017,,,,,
3371,7/22/2026 11:19,73.35,16.0654,,,,,
3372,7/22/2026 11:34,73.6,15.9356,,,,,
3373,7/22/2026 11:49,73.97,15.8094,,,,,
3374,7/22/2026 12:04,74.35,15.692,,,,,
3375,7/22/2026 12:19,74.8,15.5854,,,,,
3376,7/22/2026 12:34,75.12,15.4743,,,,,
3377,7/22/2026 12:49,75.63,15.3936,,,,,
3378,7/22/2026 13:04,76.14,15.3185,,,,,
3379,7/22/2026 13:19,76.35,15.284,,,,,
3380,7/22/2026 13:34,76.28,15.3157,,,,,
3381,7/22/2026 13:49,75.99,15.37,,,,,
3382,7/22/2026 14:04,76.01,15.4755,,,,,
3383,7/22/2026 14:19,76.32,15.6048,,,,,
3384,7/22/2026 14:34,76.5,15.7721,,,,,
3385,7/22/2026 14:49,76.43,15.9133,,,,,
3386,7/22/2026 15:04,75.98,16.0752,,,,,
3387,7/22/2026 15:19,75.76,16.2503,,,,,
3388,7/22/2026 15:34,75.77,16.4575,,,,,
3389,7/22/2026 15:49,75.76,16.6862,,,,,
3390,7/22/2026 16:04,75.46,16.9305,,,,,
3391,7/22/2026 16:19,75.28,17.1633,,,,,
3392,7/22/2026 16:34,74.92,17.4353,,,,,
3393,7/22/2026 16:49,74.3,17.6818,,,,,
3394,7/22/2026 17:04,73.88,17.9094,,,,,
3395,7/22/2026 17:19,73.58,18.1193,,,,,
3396,7/22/2026 17:34,73.53,18.2956,,,,,
3397,7/22/2026 17:49,73.49,18.4589,,,,,
3398,7/22/2026 18:04,73.44,18.6286,,,,,
3399,7/22/2026 18:19,73.31,18.7423,,,,,
3400,7/22/2026 18:34,73.26,18.8033,,,,,
3401,7/22/2026 18:49,73.21,18.844,,,,,
3402,7/22/2026 19:04,73.07,18.8781,,,,,
3403,7/22/2026 19:19,72.91,18.8598,,,,,
3404,7/22/2026 19:34,72.89,18.8107,,,,,
3405,7/22/2026 19:49,73.35,18.7284,,,,,
3406,7/22/2026 20:04,73.56,18.6092,,,,,
3407,7/22/2026 20:19,73.74,18.4754,,,,,
3408,7/22/2026 20:34,73.89,18.3117,,,,,
3409,7/22/2026 20:49,74.12,18.1396,,,,,
3410,7/22/2026 21:04,74.31,17.9782,,,,,
3411,7/22/2026 21:19,74.4,17.8124,,,,,
3412,7/22/2026 21:34,74.51,17.6493,,,,,
3413,7/22/2026 21:49,74.6,17.4921,,,,,
3414,7/22/2026 22:04,74.69,17.323,,,,,
3415,7/22/2026 22:19,74.79,17.1496,,,,,
3416,7/22/2026 22:34,74.86,16.9827,,,,,
3417,7/22/2026 22:49,74.93,16.8122,,,,,
3418,7/22/2026 23:04,74.92,16.6285,,,,,
3419,7/22/2026 23:19,74.72,16.476,,,,,
3420,7/22/2026 23:34,74.77,16.3298,,,,,
3421,7/22/2026 23:49,74.81,16.1843,,,,,
3422,7/23/2026 0:04,74.84,16.0465,,,,,
3423,7/23/2026 0:19,74.83,15.9144,,,,,
3424,7/23/2026 0:34,74.81,15.7886,,,,,
3425,7/23/2026 0:49,74.8,15.6679,,,,,
3426,7/23/2026 1:04,74.8,15.5573,,,,,
3427,7/23/2026 1:19,74.73,15.4436,,,,,
3428,7/23/2026 1:34,74.74,15.34,,,,,
3429,7/23/2026 1:49,74.77,15.2447,,,,,
3430,7/23/2026 2:04,74.77,15.1625,,,,,
3431,7/23/2026 2:19,74.8,15.1121,,,,,
3432,7/23/2026 2:34,74.8,15.1476,,,,,
3433,7/23/2026 2:49,74.77,15.2478,,,,,
3434,7/23/2026 3:04,74.85,15.3639,,,,,
3435,7/23/2026 3:19,74.55,15.4894,,,,,
3436,7/23/2026 3:34,74.36,15.6351,,,,,
3437,7/23/2026 3:49,74.2,15.7936,,,,,
3438,7/23/2026 4:04,73.98,15.9671,,,,,
3439,7/23/2026 4:19,73.85,16.1479,,,,,
3440,7/23/2026 4:34,73.66,16.3475,,,,,
3441,7/23/2026 4:49,73.44,16.5599,,,,,
3442,7/23/2026 5:04,73.21,16.772,,,,,
3443,7/23/2026 5:19,72.93,16.9867,,,,,
3444,7/23/2026 5:34,72.62,17.2017,,,,,
3445,7/23/2026 5:49,72.42,17.4064,,,,,
3446,7/23/2026 6:04,72.21,17.6088,,,,,
3447,7/23/2026 6:19,72.01,17.7811,,,,,
3448,7/23/2026 6:34,71.79,17.9561,,,,,
3449,7/23/2026 6:49,71.54,18.1007,,,,,
3450,7/23/2026 7:04,71.29,18.2182,,,,,
3451,7/23/2026 7:19,71.11,18.2794,,,,,
3452,7/23/2026 7:34,71,18.3121,,,,,
3453,7/23/2026 7:49,70.93,18.3202,,,,,
3454,7/23/2026 8:04,70.88,18.2649,,,,,
3455,7/23/2026 8:19,71.46,18.1557,,,,,
3456,7/23/2026 8:34,71.31,18.0533,,,,,
3457,7/23/2026 8:49,71.67,17.959,,,,,
3458,7/23/2026 9:04,71.93,17.8214,,,,,
3459,7/23/2026 9:19,71.79,17.7173,,,,,
3460,7/23/2026 9:34,72.18,17.6037,,,,,
3461,7/23/2026 9:49,72.25,17.4736,,,,,
3462,7/23/2026 10:04,72.38,17.357,,,,,
3463,7/23/2026 10:19,72.76,17.207,,,,,
3464,7/23/2026 10:34,72.94,17.0636,,,,,
3465,7/23/2026 10:49,73.2,16.9161,,,,,
3466,7/23/2026 11:04,73.44,16.7656,,,,,
3467,7/23/2026 11:19,73.55,16.6174,,,,,
3468,7/23/2026 11:34,73.83,16.4785,,,,,
3469,7/23/2026 11:49,74.09,16.3397,,,,,
3470,7/23/2026 12:04,74.38,16.2023,,,,,
3471,7/23/2026 12:19,74.72,16.0757,,,,,
3472,7/23/2026 12:34,75.06,15.9562,,,,,
3473,7/23/2026 12:49,75.4,15.8398,,,,,
3474,7/23/2026 13:04,75.8,15.7275,,,,,
3475,7/23/2026 13:19,76.27,15.6209,,,,,
3476,7/23/2026 13:34,76.7,15.5319,,,,,
3477,7/23/2026 13:49,77.2,15.4524,,,,,
3478,7/23/2026 14:04,77.92,15.3821,,,,,
3479,7/23/2026 14:19,78.18,15.3645,,,,,
3480,7/23/2026 14:34,78.24,15.4033,,,,,
3481,7/23/2026 14:49,77.01,15.5263,,,,,
3482,7/23/2026 15:04,77.03,15.6344,,,,,
3483,7/23/2026 15:19,76.88,15.7785,,,,,
3484,7/23/2026 15:34,76.97,15.9264,,,,,
3485,7/23/2026 15:49,76.61,16.0778,,,,,
3486,7/23/2026 16:04,76.48,16.2506,,,,,
3487,7/23/2026 16:19,76.35,16.4418,,,,,
3488,7/23/2026 16:34,76.32,16.6334,,,,,
3489,7/23/2026 16:49,76.12,16.8381,,,,,
3490,7/23/2026 17:04,75.76,17.0547,,,,,
3491,7/23/2026 17:19,75.55,17.28,,,,,
3492,7/23/2026 17:34,75.18,17.5149,,,,,
3493,7/23/2026 17:49,74.81,17.7507,,,,,
3494,7/23/2026 18:04,74.45,17.9532,,,,,
3495,7/23/2026 18:19,74.21,18.1639,,,,,
3496,7/23/2026 18:34,74.14,18.3555,,,,,
3497,7/23/2026 18:49,74.05,18.5155,,,,,
3498,7/23/2026 19:04,73.97,18.6528,,,,,
3499,7/23/2026 19:19,73.86,18.7569,,,,,
3500,7/23/2026 19:34,73.69,18.8311,,,,,
3501,7/23/2026 19:49,73.62,18.8641,,,,,
3502,7/23/2026 20:04,73.6,18.8621,,,,,
3503,7/23/2026 20:19,73.56,18.8282,,,,,
3504,7/23/2026 20:34,73.74,18.756,,,,,
3505,7/23/2026 20:49,73.79,18.6523,,,,,
3506,7/23/2026 21:04,73.73,18.5332,,,,,
3507,7/23/2026 21:19,73.76,18.3896,,,,,
3508,7/23/2026 21:34,73.84,18.2379,,,,,
3509,7/23/2026 21:49,73.98,18.0916,,,,,
3510,7/23/2026 22:04,74.12,17.9258,,,,,
3511,7/23/2026 22:19,74.24,17.7728,,,,,
3512,7/23/2026 22:34,74.34,17.6053,,,,,
3513,7/23/2026 22:49,74.41,17.4468,,,,,
3514,7/23/2026 23:04,74.5,17.2802,,,,,
3515,7/23/2026 23:19,74.58,17.1107,,,,,
3516,7/23/2026 23:34,74.66,16.9489,,,,,
3517,7/23/2026 23:49,74.68,16.7827,,,,,
3518,7/24/2026 0:04,74.48,16.6294,,,,,
3519,7/24/2026 0:19,74.52,16.4787,,,,,
3520,7/24/2026 0:34,74.57,16.3313,,,,,
3521,7/24/2026 0:49,74.59,16.1977,,,,,
3522,7/24/2026 1:04,74.55,16.0616,,,,,
3523,7/24/2026 1:19,74.52,15.935,,,,,
3524,7/24/2026 1:34,74.48,15.8098,,,,,
3525,7/24/2026 1:49,74.43,15.689,,,,,
3526,7/24/2026 2:04,74.37,15.5764,,,,,
3527,7/24/2026 2:19,74.32,15.469,,,,,
3528,7/24/2026 2:34,74.4,15.3668,,,,,
3529,7/24/2026 2:49,74.35,15.2713,,,,,
3530,7/24/2026 3:04,74.33,15.199,,,,,
3531,7/24/2026 3:19,74.3,15.1802,,,,,
3532,7/24/2026 3:34,74.26,15.2225,,,,,
3533,7/24/2026 3:49,74.24,15.3197,,,,,
3534,7/24/2026 4:04,74.28,15.4258,,,,,
3535,7/24/2026 4:19,74.04,15.5458,,,,,
3536,7/24/2026 4:34,73.89,15.6811,,,,,
3537,7/24/2026 4:49,73.68,15.8251,,,,,
3538,7/24/2026 5:04,73.47,15.9898,,,,,
3539,7/24/2026 5:19,73.32,16.1649,,,,,
3540,7/24/2026 5:34,73.22,16.3554,,,,,
3541,7/24/2026 5:49,73.11,16.5511,,,,,
3542,7/24/2026 6:04,72.98,16.7577,,,,,
3543,7/24/2026 6:19,72.79,16.9644,,,,,
3544,7/24/2026 6:34,72.59,17.1751,,,,,
3545,7/24/2026 6:49,72.39,17.383,,,,,
3546,7/24/2026 7:04,72.25,17.5779,,,,,
3547,7/24/2026 7:19,72.09,17.7604,,,,,
3548,7/24/2026 7:34,71.94,17.9203,,,,,
3549,7/24/2026 7:49,71.74,18.0612,,,,,
3550,7/24/2026 8:04,71.53,18.1705,,,,,
3551,7/24/2026 8:19,71.37,18.2399,,,,,
3552,7/24/2026 8:34,71.27,18.2746,,,,,
3553,7/24/2026 8:49,71.19,18.2573,,,,,
3554,7/24/2026 9:04,71.25,18.2105,,,,,
3555,7/24/2026 9:19,71.34,18.1218,,,,,
3556,7/24/2026 9:34,71.55,18.0361,,,,,
3557,7/24/2026 9:49,71.67,17.9235,,,,,
3558,7/24/2026 10:04,71.82,17.8161,,,,,
3559,7/24/2026 10:19,71.86,17.7112,,,,,
3560,7/24/2026 10:34,72.55,17.5906,,,,,
3561,7/24/2026 10:49,73.24,17.4581,,,,,
3562,7/24/2026 11:04,73.58,17.33,,,,,
3563,7/24/2026 11:19,73.54,17.2012,,,,,
3564,7/24/2026 11:34,73.88,17.0657,,,,,
3565,7/24/2026 11:49,73.87,16.9163,,,,,
3566,7/24/2026 12:04,74.03,16.7826,,,,,
3567,7/24/2026 12:19,74.42,16.6475,,,,,
3568,7/24/2026 12:34,75.12,16.5076,,,,,
3569,7/24/2026 12:49,75.6,16.3755,,,,,
3570,7/24/2026 13:04,75.73,16.2565,,,,,
3571,7/24/2026 13:19,76.15,16.1314,,,,,
3572,7/24/2026 13:34,76.48,16.0105,,,,,
3573,7/24/2026 13:49,76.78,15.9022,,,,,
3574,7/24/2026 14:04,77.16,15.801,,,,,
3575,7/24/2026 14:19,77.6,15.7056,,,,,
3576,7/24/2026 14:34,78.08,15.626,,,,,
3577,7/24/2026 14:49,78.37,15.5597,,,,,
3578,7/24/2026 15:04,78.27,15.5164,,,,,
3579,7/24/2026 15:19,78.01,15.569,,,,,
3580,7/24/2026 15:34,77.59,15.6431,,,,,
3581,7/24/2026 15:49,77.57,15.7549,,,,,
3582,7/24/2026 16:04,77.99,15.8722,,,,,
3583,7/24/2026 16:19,77.8,16.0127,,,,,
3584,7/24/2026 16:34,77.67,16.1541,,,,,
3585,7/24/2026 16:49,77.3,16.3051,,,,,
3586,7/24/2026 17:04,77.19,16.465,,,,,
3587,7/24/2026 17:19,77.01,16.6462,,,,,
3588,7/24/2026 17:34,76.93,16.8373,,,,,
3589,7/24/2026 17:49,76.88,17.0464,,,,,
3590,7/24/2026 18:04,76.57,17.2583,,,,,
3591,7/24/2026 18:19,76.15,17.4829,,,,,
3592,7/24/2026 18:34,75.76,17.706,,,,,
3593,7/24/2026 18:49,75.41,17.9243,,,,,
3594,7/24/2026 19:04,75.04,18.1302,,,,,
3595,7/24/2026 19:19,74.81,18.3272,,,,,
3596,7/24/2026 19:34,74.65,18.5023,,,,,
3597,7/24/2026 19:49,74.49,18.6425,,,,,
3598,7/24/2026 20:04,74.34,18.7479,,,,,
3599,7/24/2026 20:19,74.16,18.8335,,,,,
3600,7/24/2026 20:34,74.06,18.8829,,,,,
3601,7/24/2026 20:49,73.99,18.8955,,,,,
3602,7/24/2026 21:04,73.97,18.8744,,,,,
3603,7/24/2026 21:19,74.02,18.8096,,,,,
3604,7/24/2026 21:34,74.26,18.7305,,,,,
3605,7/24/2026 21:49,74.28,18.6223,,,,,
3606,7/24/2026 22:04,74.38,18.4972,,,,,
3607,7/24/2026 22:19,74.49,18.3595,,,,,
3608,7/24/2026 22:34,74.63,18.2169,,,,,
3609,7/24/2026 22:49,74.77,18.0763,,,,,
3610,7/24/2026 23:04,74.92,17.9194,,,,,
3611,7/24/2026 23:19,75.03,17.7575,,,,,
3612,7/24/2026 23:34,75.13,17.6033,,,,,
3613,7/24/2026 23:49,75.19,17.4315,,,,,
3614,7/25/2026 0:04,75.22,17.2623,,,,,
3615,7/25/2026 0:19,75.27,17.1015,,,,,
3616,7/25/2026 0:34,75.34,16.9365,,,,,
3617,7/25/2026 0:49,75.29,16.7708,,,,,
3618,7/25/2026 1:04,75.12,16.6119,,,,,
3619,7/25/2026 1:19,75.13,16.4605,,,,,
3620,7/25/2026 1:34,75.15,16.3143,,,,,
3621,7/25/2026 1:49,75.13,16.1737,,,,,
3622,7/25/2026 2:04,75.09,16.0414,,,,,
3623,7/25/2026 2:19,75.05,15.9136,,,,,
3624,7/25/2026 2:34,74.97,15.7896,,,,,
3625,7/25/2026 2:49,74.89,15.6762,,,,,
3626,7/25/2026 3:04,74.85,15.5668,,,,,
3627,7/25/2026 3:19,74.83,15.4588,,,,,
3628,7/25/2026 3:34,74.8,15.3614,,,,,
3629,7/25/2026 3:49,74.74,15.2714,,,,,
3630,7/25/2026 4:04,74.73,15.2085,,,,,
3631,7/25/2026 4:19,74.68,15.2115,,,,,
3632,7/25/2026 4:34,74.64,15.2843,,,,,
3633,7/25/2026 4:49,74.67,15.391,,,,,
3634,7/25/2026 5:04,74.63,15.5058,,,,,
3635,7/25/2026 5:19,74.4,15.639,,,,,
3636,7/25/2026 5:34,74.32,15.7782,,,,,
3637,7/25/2026 5:49,74.04,15.934,,,,,
3638,7/25/2026 6:04,73.96,16.098,,,,,
3639,7/25/2026 6:19,73.91,16.2684,,,,,
3640,7/25/2026 6:34,73.84,16.4553,,,,,
3641,7/25/2026 6:49,73.72,16.6454,,,,,
3642,7/25/2026 7:04,73.6,16.8414,,,,,
3643,7/25/2026 7:19,73.42,17.0476,,,,,
3644,7/25/2026 7:34,73.24,17.2478,,,,,
3645,7/25/2026 7:49,73.1,17.454,,,,,
3646,7/25/2026 8:04,73,17.6491,,,,,
3647,7/25/2026 8:19,72.9,17.8255,,,,,
3648,7/25/2026 8:34,72.7,17.9841,,,,,
3649,7/25/2026 8:49,72.48,18.1117,,,,,
3650,7/25/2026 9:04,72.32,18.2078,,,,,
3651,7/25/2026 9:19,72.19,18.2767,,,,,
3652,7/25/2026 9:34,72.12,18.2924,,,,,
3653,7/25/2026 9:49,72.06,18.279,,,,,
3654,7/25/2026 10:04,72.11,18.2219,,,,,
3655,7/25/2026 10:19,72.41,18.1185,,,,,
3656,7/25/2026 10:34,72.4,18.0164,,,,,
3657,7/25/2026 10:49,72.65,17.9136,,,,,
3658,7/25/2026 11:04,73.03,17.803,,,,,
3659,7/25/2026 11:19,72.99,17.6871,,,,,
3660,7/25/2026 11:34,73.38,17.5659,,,,,
3661,7/25/2026 11:49,73.41,17.4408,,,,,
3662,7/25/2026 12:04,73.55,17.3173,,,,,
3663,7/25/2026 12:19,74.75,17.171,,,,,
3664,7/25/2026 12:34,75,17.0322,,,,,
3665,7/25/2026 12:49,75,16.8936,,,,,
3666,7/25/2026 13:04,75.4,16.7484,,,,,
3667,7/25/2026 13:19,75.54,16.6103,,,,,
3668,7/25/2026 13:34,76.01,16.4712,,,,,
3669,7/25/2026 13:49,76.56,16.3411,,,,,
3670,7/25/2026 14:04,76.91,16.2195,,,,,
3671,7/25/2026 14:19,77.19,16.1091,,,,,
3672,7/25/2026 14:34,77.34,16.0011,,,,,
3673,7/25/2026 14:49,77.62,15.8914,,,,,
3674,7/25/2026 15:04,77.81,15.793,,,,,
3675,7/25/2026 15:19,78.09,15.6985,,,,,
3676,7/25/2026 15:34,78.51,15.6281,,,,,
3677,7/25/2026 15:49,78.69,15.5772,,,,,
3678,7/25/2026 16:04,78.66,15.5778,,,,,
3679,7/25/2026 16:19,78.2,15.6456,,,,,
3680,7/25/2026 16:34,77.99,15.7289,,,,,
3681,7/25/2026 16:49,78,15.8297,,,,,
3682,7/25/2026 17:04,78.04,15.9462,,,,,
3683,7/25/2026 17:19,77.8,16.0854,,,,,
3684,7/25/2026 17:34,77.62,16.2361,,,,,
3685,7/25/2026 17:49,77.26,16.3941,,,,,
3686,7/25/2026 18:04,77.12,16.5685,,,,,
3687,7/25/2026 18:19,76.96,16.7524,,,,,
3688,7/25/2026 18:34,76.84,16.9518,,,,,
3689,7/25/2026 18:49,76.6,17.1669,,,,,
3690,7/25/2026 19:04,76.15,17.3894,,,,,
3691,7/25/2026 19:19,75.82,17.6106,,,,,
3692,7/25/2026 19:34,75.5,17.8384,,,,,
3693,7/25/2026 19:49,75.15,18.0601,,,,,
3694,7/25/2026 20:04,74.81,18.2561,,,,,
3695,7/25/2026 20:19,74.56,18.4417,,,,,
3696,7/25/2026 20:34,74.39,18.6015,,,,,
3697,7/25/2026 20:49,74.24,18.7202,,,,,
3698,7/25/2026 21:04,74.09,18.811,,,,,
3699,7/25/2026 21:19,73.99,18.8777,,,,,
3700,7/25/2026 21:34,73.9,18.9112,,,,,
3701,7/25/2026 21:49,73.84,18.9219,,,,,
3702,7/25/2026 22:04,73.77,18.8969,,,,,
3703,7/25/2026 22:19,73.82,18.8403,,,,,
3704,7/25/2026 22:34,74.01,18.7324,,,,,
3705,7/25/2026 22:49,73.98,18.6127,,,,,
3706,7/25/2026 23:04,74.11,18.4609,,,,,
3707,7/25/2026 23:19,74.24,18.303,,,,,
3708,7/25/2026 23:34,74.39,18.156,,,,,
3709,7/25/2026 23:49,74.49,18.0008,,,,,
3710,7/26/2026 0:04,74.6,17.8395,,,,,
3711,7/26/2026 0:19,74.65,17.6762,,,,,
3712,7/26/2026 0:34,74.7,17.5132,,,,,
3713,7/26/2026 0:49,74.78,17.3402,,,,,
3714,7/26/2026 1:04,74.8,17.161,,,,,
3715,7/26/2026 1:19,74.84,16.9959,,,,,
3716,7/26/2026 1:34,74.9,16.8329,,,,,
3717,7/26/2026 1:49,74.78,16.6678,,,,,
3718,7/26/2026 2:04,74.65,16.5091,,,,,
3719,7/26/2026 2:19,74.59,16.3564,,,,,
3720,7/26/2026 2:34,74.53,16.2051,,,,,
3721,7/26/2026 2:49,74.43,16.0601,,,,,
3722,7/26/2026 3:04,74.32,15.9284,,,,,
3723,7/26/2026 3:19,74.24,15.7999,,,,,
3724,7/26/2026 3:34,74.1,15.6777,,,,,
3725,7/26/2026 3:49,73.97,15.565,,,,,
3726,7/26/2026 4:04,73.75,15.4603,,,,,
3727,7/26/2026 4:19,73.6,15.3527,,,,,
3728,7/26/2026 4:34,73.46,15.2589,,,,,
3729,7/26/2026 4:49,73.37,15.1796,,,,,
3730,7/26/2026 5:04,73.24,15.1464,,,,,
3731,7/26/2026 5:19,73.15,15.1898,,,,,
3732,7/26/2026 5:34,73.13,15.2845,,,,,
3733,7/26/2026 5:49,73.27,15.3957,,,,,
3734,7/26/2026 6:04,73.04,15.5201,,,,,
3735,7/26/2026 6:19,73.05,15.6644,,,,,
3736,7/26/2026 6:34,72.92,15.8147,,,,,
3737,7/26/2026 6:49,72.9,15.9818,,,,,
3738,7/26/2026 7:04,72.89,16.1534,,,,,
3739,7/26/2026 7:19,72.87,16.3434,,,,,
3740,7/26/2026 7:34,72.93,16.5438,,,,,
3741,7/26/2026 7:49,72.96,16.7482,,,,,
3742,7/26/2026 8:04,72.95,16.9509,,,,,
3743,7/26/2026 8:19,72.9,17.1619,,,,,
3744,7/26/2026 8:34,72.84,17.3738,,,,,
3745,7/26/2026 8:49,72.82,17.5792,,,,,
3746,7/26/2026 9:04,72.77,17.7758,,,,,
3747,7/26/2026 9:19,72.62,17.9484,,,,,
3748,7/26/2026 9:34,72.45,18.092,,,,,
3749,7/26/2026 9:49,72.28,18.2096,,,,,
3750,7/26/2026 10:04,72.19,18.2881,,,,,
3751,7/26/2026 10:19,72.13,18.309,,,,,
3752,7/26/2026 10:34,72.1,18.3102,,,,,
3753,7/26/2026 10:49,72.15,18.2715,,,,,
3754,7/26/2026 11:04,72.51,18.1867,,,,,
3755,7/26/2026 11:19,72.76,18.0971,,,,,
3756,7/26/2026 11:34,73.26,17.979,,,,,
3757,7/26/2026 11:49,73.28,17.8631,,,,,
3758,7/26/2026 12:04,73.06,17.76,,,,,
3759,7/26/2026 12:19,73.13,17.6539,,,,,
3760,7/26/2026 12:34,74.08,17.5295,,,,,
3761,7/26/2026 12:49,74.26,17.3921,,,,,
3762,7/26/2026 13:04,74.54,17.2614,,,,,
3763,7/26/2026 13:19,74.82,17.1125,,,,,
3764,7/26/2026 13:34,75.12,16.9518,,,,,
3765,7/26/2026 13:49,75.42,16.807,,,,,
3766,7/26/2026 14:04,75.74,16.6736,,,,,
3767,7/26/2026 14:19,76.02,16.5334,,,,,
3768,7/26/2026 14:34,76.14,16.4018,,,,,
3769,7/26/2026 14:49,76.12,16.2743,,,,,
3770,7/26/2026 15:04,76.21,16.1484,,,,,
3771,7/26/2026 15:19,76.28,16.0295,,,,,
3772,7/26/2026 15:34,76.32,15.9131,,,,,
3773,7/26/2026 15:49,76.42,15.8113,,,,,
3774,7/26/2026 16:04,76.54,15.7153,,,,,
3775,7/26/2026 16:19,76.64,15.6361,,,,,
3776,7/26/2026 16:34,76.75,15.5776,,,,,
3777,7/26/2026 16:49,76.78,15.5689,,,,,
3778,7/26/2026 17:04,76.69,15.6049,,,,,
3779,7/26/2026 17:19,76.63,15.6761,,,,,
3780,7/26/2026 17:34,76.65,15.7793,,,,,
3781,7/26/2026 17:49,76.76,15.9059,,,,,
3782,7/26/2026 18:04,76.67,16.0454,,,,,
3783,7/26/2026 18:19,76.55,16.2062,,,,,
3784,7/26/2026 18:34,76.44,16.3685,,,,,
3785,7/26/2026 18:49,76.28,16.5591,,,,,
3786,7/26/2026 19:04,76.14,16.7513,,,,,
3787,7/26/2026 19:19,75.99,16.943,,,,,
3788,7/26/2026 19:34,75.76,17.1587,,,,,
3789,7/26/2026 19:49,75.43,17.3846,,,,,
3790,7/26/2026 20:04,75.08,17.6184,,,,,
3791,7/26/2026 20:19,74.76,17.8373,,,,,
3792,7/26/2026 20:34,74.49,18.056,,,,,
3793,7/26/2026 20:49,74.25,18.2643,,,,,
3794,7/26/2026 21:04,74.08,18.4443,,,,,
3795,7/26/2026 21:19,73.95,18.5954,,,,,
3796,7/26/2026 21:34,73.8,18.7249,,,,,
3797,7/26/2026 21:49,73.65,18.8303,,,,,
3798,7/26/2026 22:04,73.52,18.9027,,,,,
3799,7/26/2026 22:19,73.37,18.9508,,,,,
3800,7/26/2026 22:34,73.21,18.9715,,,,,
3801,7/26/2026 22:49,73.13,18.9617,,,,,
3802,7/26/2026 23:04,73.11,18.9247,,,,,
3803,7/26/2026 23:19,73.39,18.8348,,,,,
3804,7/26/2026 23:34,73.41,18.7228,,,,,
3805,7/26/2026 23:49,73.47,18.5911,,,,,
3806,7/27/2026 0:04,73.57,18.4368,,,,,
3807,7/27/2026 0:19,73.67,18.2756,,,,,
3808,7/27/2026 0:34,73.73,18.112,,,,,
3809,7/27/2026 0:49,73.77,17.9371,,,,,
3810,7/27/2026 1:04,73.82,17.7604,,,,,
3811,7/27/2026 1:19,73.85,17.5796,,,,,
3812,7/27/2026 1:34,73.89,17.3982,,,,,
3813,7/27/2026 1:49,73.91,17.219,,,,,
3814,7/27/2026 2:04,73.9,17.0411,,,,,
3815,7/27/2026 2:19,73.86,16.8621,,,,,
3816,7/27/2026 2:34,73.8,16.6915,,,,,
3817,7/27/2026 2:49,73.64,16.5258,,,,,
3818,7/27/2026 3:04,73.5,16.3673,,,,,
3819,7/27/2026 3:19,73.36,16.2202,,,,,
3820,7/27/2026 3:34,73.24,16.0702,,,,,
3821,7/27/2026 3:49,73.13,15.9347,,,,,
3822,7/27/2026 4:04,72.97,15.8011,,,,,
3823,7/27/2026 4:19,72.79,15.6782,,,,,
3824,7/27/2026 4:34,72.53,15.5596,,,,,
3825,7/27/2026 4:49,72.23,15.4511,,,,,
3826,7/27/2026 5:04,72.09,15.3516,,,,,
3827,7/27/2026 5:19,71.88,15.2546,,,,,
3828,7/27/2026 5:34,71.62,15.1756,,,,,
3829,7/27/2026 5:49,71.47,15.1417,,,,,
3830,7/27/2026 6:04,71.42,15.1746,,,,,
3831,7/27/2026 6:19,71.52,15.252,,,,,
3832,7/27/2026 6:34,71.47,15.3591,,,,,
3833,7/27/2026 6:49,71.4,15.4869,,,,,
3834,7/27/2026 7:04,71.64,15.6322,,,,,
3835,7/27/2026 7:19,71.69,15.7935,,,,,
3836,7/27/2026 7:34,71.8,15.9689,,,,,
3837,7/27/2026 7:49,71.93,16.1571,,,,,
3838,7/27/2026 8:04,72.03,16.3529,,,,,
3839,7/27/2026 8:19,72.16,16.556,,,,,
3840,7/27/2026 8:34,72.31,16.7638,,,,,
3841,7/27/2026 8:49,72.46,16.9794,,,,,
3842,7/27/2026 9:04,72.45,17.2057,,,,,
3843,7/27/2026 9:19,72.48,17.4223,,,,,
3844,7/27/2026 9:34,72.49,17.6271,,,,,
3845,7/27/2026 9:49,72.47,17.829,,,,,
3846,7/27/2026 10:04,72.4,17.9885,,,,,
3847,7/27/2026 10:19,72.29,18.143,,,,,
3848,7/27/2026 10:34,72.21,18.252,,,,,
3849,7/27/2026 10:49,72.14,18.335,,,,,
3850,7/27/2026 11:04,72.07,18.3914,,,,,
3851,7/27/2026 11:19,71.99,18.402,,,,,
3852,7/27/2026 11:34,72.02,18.3754,,,,,
3853,7/27/2026 11:49,72.24,18.3073,,,,,
3854,7/27/2026 12:04,72.65,18.2016,,,,,
3855,7/27/2026 12:19,73.47,18.0594,,,,,
3856,7/27/2026 12:34,73.78,17.9276,,,,,
3857,7/27/2026 12:49,73.53,17.8041,,,,,
3858,7/27/2026 13:04,73.72,17.6792,,,,,
3859,7/27/2026 13:19,73.77,17.5478,,,,,
3860,7/27/2026 13:34,73.88,17.4191,,,,,
3861,7/27/2026 13:49,74.46,17.2783,,,,,
3862,7/27/2026 14:04,75.01,17.1198,,,,,
3863,7/27/2026 14:19,75.1,16.9662,,,,,
3864,7/27/2026 14:34,75.27,16.8148,,,,,
3865,7/27/2026 14:49,75.55,16.6619,,,,,
3866,7/27/2026 15:04,75.82,16.5242,,,,,
3867,7/27/2026 15:19,75.94,16.3825,,,,,
3868,7/27/2026 15:34,76.09,16.2529,,,,,
3869,7/27/2026 15:49,76.12,16.1219,,,,,
3870,7/27/2026 16:04,76.11,15.9941,,,,,
3871,7/27/2026 16:19,76.08,15.8819,,,,,
3872,7/27/2026 16:34,76.14,15.7701,,,,,
3873,7/27/2026 16:49,76.18,15.6708,,,,,
3874,7/27/2026 17:04,76.22,15.5865,,,,,
3875,7/27/2026 17:19,76.26,15.5172,,,,,
3876,7/27/2026 17:34,76.32,15.4811,,,,,
3877,7/27/2026 17:49,76.07,15.5112,,,,,
3878,7/27/2026 18:04,75.96,15.5915,,,,,
3879,7/27/2026 18:19,75.97,15.6903,,,,,
3880,7/27/2026 18:34,75.89,15.8308,,,,,
3881,7/27/2026 18:49,75.87,15.976,,,,,
3882,7/27/2026 19:04,75.81,16.1382,,,,,
3883,7/27/2026 19:19,75.71,16.313,,,,,
3884,7/27/2026 19:34,75.61,16.508,,,,,
3885,7/27/2026 19:49,75.55,16.7085,,,,,
3886,7/27/2026 20:04,75.43,16.9222,,,,,
3887,7/27/2026 20:19,75.18,17.1486,,,,,
3888,7/27/2026 20:34,74.87,17.384,,,,,
3889,7/27/2026 20:49,74.55,17.6349,,,,,
3890,7/27/2026 21:04,74.29,17.8831,,,,,
3891,7/27/2026 21:19,74.01,18.1038,,,,,
3892,7/27/2026 21:34,73.77,18.3127,,,,,
3893,7/27/2026 21:49,73.62,18.5151,,,,,
3894,7/27/2026 22:04,73.47,18.6732,,,,,
3895,7/27/2026 22:19,73.35,18.7946,,,,,
3896,7/27/2026 22:34,73.25,18.895,,,,,
3897,7/27/2026 22:49,73.09,18.9597,,,,,
3898,7/27/2026 23:04,72.94,19.0021,,,,,
3899,7/27/2026 23:19,72.8,19.0145,,,,,
3900,7/27/2026 23:34,72.66,19.0129,,,,,
3901,7/27/2026 23:49,72.6,18.9764,,,,,
3902,7/28/2026 0:04,72.82,18.9004,,,,,
3903,7/28/2026 0:19,72.96,18.7924,,,,,
3904,7/28/2026 0:34,73.12,18.6355,,,,,
3905,7/28/2026 0:49,73.21,18.4716,,,,,
3906,7/28/2026 1:04,73.31,18.3053,,,,,
3907,7/28/2026 1:19,73.43,18.1113,,,,,
3908,7/28/2026 1:34,73.49,17.9282,,,,,
3909,7/28/2026 1:49,73.53,17.7503,,,,,
3910,7/28/2026 2:04,73.54,17.5631,,,,,
3911,7/28/2026 2:19,73.62,17.3812,,,,,
3912,7/28/2026 2:34,73.66,17.1945,,,,,
3913,7/28/2026 2:49,73.69,17.0192,,,,,
3914,7/28/2026 3:04,73.69,16.8353,,,,,
3915,7/28/2026 3:19,73.62,16.6628,,,,,
3916,7/28/2026 3:34,73.45,16.5015,,,,,
3917,7/28/2026 3:49,73.31,16.3355,,,,,
3918,7/28/2026 4:04,73.27,16.1843,,,,,
3919,7/28/2026 4:19,73.19,16.0337,,,,,
3920,7/28/2026 4:34,73.07,15.8951,,,,,
3921,7/28/2026 4:49,72.95,15.7604,,,,,
3922,7/28/2026 5:04,72.81,15.6364,,,,,
3923,7/28/2026 5:19,72.65,15.5193,,,,,
3924,7/28/2026 5:34,72.48,15.4041,,,,,
3925,7/28/2026 5:49,72.41,15.3005,,,,,
3926,7/28/2026 6:04,72.28,15.1981,,,,,
3927,7/28/2026 6:19,72.19,15.1157,,,,,
3928,7/28/2026 6:34,72.1,15.0589,,,,,
3929,7/28/2026 6:49,72.09,15.0999,,,,,
3930,7/28/2026 7:04,71.97,15.1918,,,,,
3931,7/28/2026 7:19,71.92,15.3101,,,,,
3932,7/28/2026 7:34,72.07,15.4514,,,,,
3933,7/28/2026 7:49,72.28,15.6091,,,,,
3934,7/28/2026 8:04,72.39,15.783,,,,,
3935,7/28/2026 8:19,72.52,15.9666,,,,,
3936,7/28/2026 8:34,72.57,16.1678,,,,,
3937,7/28/2026 8:49,72.66,16.3743,,,,,
3938,7/28/2026 9:04,72.84,16.5933,,,,,
3939,7/28/2026 9:19,72.95,16.818,,,,,
3940,7/28/2026 9:34,72.99,17.0555,,,,,
3941,7/28/2026 9:49,72.97,17.2977,,,,,
3942,7/28/2026 10:04,72.92,17.5339,,,,,
3943,7/28/2026 10:19,72.9,17.7495,,,,,
3944,7/28/2026 10:34,72.83,17.9521,,,,,
3945,7/28/2026 10:49,72.74,18.1237,,,,,
3946,7/28/2026 11:04,72.75,18.2735,,,,,
3947,7/28/2026 11:19,72.77,18.3854,,,,,
3948,7/28/2026 11:34,72.77,18.4718,,,,,
3949,7/28/2026 11:49,72.74,18.5131,,,,,
3950,7/28/2026 12:04,72.71,18.501,,,,,
3951,7/28/2026 12:19,72.76,18.4693,,,,,
3952,7/28/2026 12:34,73.02,18.3917,,,,,
3953,7/28/2026 12:49,73.37,18.2781,,,,,
3954,7/28/2026 13:04,73.71,18.1488,,,,,
3955,7/28/2026 13:19,74.17,18.0198,,,,,
3956,7/28/2026 13:34,74.47,17.8949,,,,,
3957,7/28/2026 13:49,74.67,17.7598,,,,,
3958,7/28/2026 14:04,74.98,17.6156,,,,,
3959,7/28/2026 14:19,75.09,17.4603,,,,,
3960,7/28/2026 14:34,75.12,17.2968,,,,,
3961,7/28/2026 14:49,75.34,17.137,,,,,
3962,7/28/2026 15:04,75.44,16.977,,,,,
3963,7/28/2026 15:19,75.55,16.8224,,,,,
3964,7/28/2026 15:34,75.86,16.6676,,,,,
3965,7/28/2026 15:49,76.04,16.5133,,,,,
3966,7/28/2026 16:04,76.14,16.3691,,,,,
3967,7/28/2026 16:19,76.13,16.2329,,,,,
3968,7/28/2026 16:34,75.92,16.1152,,,,,
3969,7/28/2026 16:49,75.83,15.9778,,,,,
3970,7/28/2026 17:04,75.68,15.8529,,,,,
3971,7/28/2026 17:19,75.59,15.7395,,,,,
3972,7/28/2026 17:34,75.53,15.6357,,,,,
3973,7/28/2026 17:49,75.51,15.5388,,,,,
3974,7/28/2026 18:04,75.49,15.4657,,,,,
3975,7/28/2026 18:19,75.45,15.4282,,,,,
3976,7/28/2026 18:34,75.3,15.446,,,,,
3977,7/28/2026 18:49,75.26,15.5464,,,,,
3978,7/28/2026 19:04,75.24,15.6732,,,,,
3979,7/28/2026 19:19,75.2,15.8257,,,,,
3980,7/28/2026 19:34,75.17,15.9746,,,,,
3981,7/28/2026 19:49,75.1,16.1373,,,,,
3982,7/28/2026 20:04,75.05,16.3141,,,,,
3983,7/28/2026 20:19,75,16.5099,,,,,
3984,7/28/2026 20:34,74.97,16.7223,,,,,
3985,7/28/2026 20:49,74.85,16.955,,,,,
3986,7/28/2026 21:04,74.56,17.2002,,,,,
3987,7/28/2026 21:19,74.22,17.4577,,,,,
3988,7/28/2026 21:34,74.01,17.7121,,,,,
3989,7/28/2026 21:49,73.88,17.962,,,,,
3990,7/28/2026 22:04,73.71,18.1989,,,,,
3991,7/28/2026 22:19,73.55,18.4177,,,,,
3992,7/28/2026 22:34,73.42,18.605,,,,,
3993,7/28/2026 22:49,73.31,18.7474,,,,,
3994,7/28/2026 23:04,73.17,18.8617,,,,,
3995,7/28/2026 23:19,73.04,18.9519,,,,,
3996,7/28/2026 23:34,72.92,19.0116,,,,,
3997,7/28/2026 23:49,72.76,19.0559,,,,,
3998,7/29/2026 0:04,72.57,19.081,,,,,
3999,7/29/2026 0:19,72.42,19.0857,,,,,
4000,7/29/2026 0:34,72.3,19.0689,,,,,
4001,7/29/2026 0:49,72.38,19.011,,,,,
4002,7/29/2026 1:04,72.53,18.8921,,,,,
4003,7/29/2026 1:19,72.75,18.741,,,,,
4004,7/29/2026 1:34,72.95,18.5772,,,,,
4005,7/29/2026 1:49,73.08,18.388,,,,,
4006,7/29/2026 2:04,73.17,18.1888,,,,,
4007,7/29/2026 2:19,73.24,17.9999,,,,,
4008,7/29/2026 2:34,73.23,17.8003,,,,,
4009,7/29/2026 2:49,73.24,17.6016,,,,,
4010,7/29/2026 3:04,73.27,17.4083,,,,,
4011,7/29/2026 3:19,73.34,17.2203,,,,,
4012,7/29/2026 3:34,73.36,17.028,,,,,
4013,7/29/2026 3:49,73.36,16.8384,,,,,
4014,7/29/2026 4:04,73.35,16.6559,,,,,
4015,7/29/2026 4:19,73.3,16.4811,,,,,
4016,7/29/2026 4:34,73.17,16.3145,,,,,
4017,7/29/2026 4:49,73.13,16.1633,,,,,
4018,7/29/2026 5:04,73.08,16.0147,,,,,
4019,7/29/2026 5:19,73.06,15.8782,,,,,
4020,7/29/2026 5:34,72.97,15.7467,,,,,
4021,7/29/2026 5:49,72.91,15.6147,,,,,
4022,7/29/2026 6:04,72.77,15.4977,,,,,
4023,7/29/2026 6:19,72.71,15.3853,,,,,
4024,7/29/2026 6:34,72.62,15.2735,,,,,
4025,7/29/2026 6:49,72.56,15.1693,,,,,
4026,7/29/2026 7:04,72.52,15.0846,,,,,
4027,7/29/2026 7:19,72.47,15.0154,,,,,
4028,7/29/2026 7:34,72.4,15.0818,,,,,
4029,7/29/2026 7:49,72.33,15.1919,,,,,
4030,7/29/2026 8:04,72.33,15.3228,,,,,
4031,7/29/2026 8:19,72.34,15.4819,,,,,
4032,7/29/2026 8:34,72.35,15.6455,,,,,
4033,7/29/2026 8:49,72.41,15.835,,,,,
4034,7/29/2026 9:04,72.43,16.0347,,,,,
4035,7/29/2026 9:19,72.49,16.2403,,,,,
4036,7/29/2026 9:34,72.58,16.4727,,,,,
4037,7/29/2026 9:49,72.7,16.7143,,,,,
4038,7/29/2026 10:04,72.75,16.9649,,,,,
4039,7/29/2026 10:19,72.76,17.2089,,,,,
4040,7/29/2026 10:34,72.76,17.4539,,,,,
4041,7/29/2026 10:49,72.72,17.7086,,,,,
4042,7/29/2026 11:04,72.65,17.9238,,,,,
4043,7/29/2026 11:19,72.49,18.1187,,,,,
4044,7/29/2026 11:34,72.35,18.3075,,,,,
4045,7/29/2026 11:49,72.24,18.4446,,,,,
4046,7/29/2026 12:04,72.18,18.5506,,,,,
4047,7/29/2026 12:19,72.13,18.6211,,,,,
4048,7/29/2026 12:34,72.08,18.6452,,,,,
4049,7/29/2026 12:49,72.08,18.6204,,,,,
4050,7/29/2026 13:04,72.13,18.5543,,,,,
4051,7/29/2026 13:19,72.22,18.4661,,,,,
4052,7/29/2026 13:34,72.25,18.3518,,,,,
4053,7/29/2026 13:49,72.31,18.2256,,,,,
4054,7/29/2026 14:04,72.39,18.1077,,,,,
4055,7/29/2026 14:19,72.47,17.9671,,,,,
4056,7/29/2026 14:34,72.53,17.8044,,,,,
4057,7/29/2026 14:49,72.56,17.6545,,,,,
4058,7/29/2026 15:04,72.58,17.4946,,,,,
4059,7/29/2026 15:19,72.59,17.3165,,,,,
4060,7/29/2026 15:34,72.58,17.1587,,,,,
4061,7/29/2026 15:49,72.54,17.0042,,,,,
4062,7/29/2026 16:04,72.49,16.8303,,,,,
4063,7/29/2026 16:19,72.43,16.6791,,,,,
4064,7/29/2026 16:34,72.35,16.5187,,,,,
4065,7/29/2026 16:49,72.26,16.3691,,,,,
4066,7/29/2026 17:04,72.32,16.2193,,,,,
4067,7/29/2026 17:19,72.21,16.0806,,,,,
4068,7/29/2026 17:34,72.1,15.9551,,,,,
4069,7/29/2026 17:49,72,15.8304,,,,,
4070,7/29/2026 18:04,71.91,15.7133,,,,,
4071,7/29/2026 18:19,71.84,15.6076,,,,,
4072,7/29/2026 18:34,71.74,15.5181,,,,,
4073,7/29/2026 18:49,71.65,15.4406,,,,,
4074,7/29/2026 19:04,71.54,15.3961,,,,,
4075,7/29/2026 19:19,71.37,15.4132,,,,,
4076,7/29/2026 19:34,71.4,15.5206,,,,,
4077,7/29/2026 19:49,71.41,15.6517,,,,,
4078,7/29/2026 20:04,71.29,15.8071,,,,,
4079,7/29/2026 20:19,71.42,15.965,,,,,
4080,7/29/2026 20:34,71.4,16.1297,,,,,
4081,7/29/2026 20:49,71.43,16.3147,,,,,
4082,7/29/2026 21:04,71.39,16.5243,,,,,
4083,7/29/2026 21:19,71.36,16.758,,,,,
4084,7/29/2026 21:34,71.32,17.0098,,,,,
4085,7/29/2026 21:49,71.4,17.2697,,,,,
4086,7/29/2026 22:04,71.36,17.5355,,,,,
4087,7/29/2026 22:19,71.32,17.8011,,,,,
4088,7/29/2026 22:34,71.29,18.0551,,,,,
4089,7/29/2026 22:49,71.16,18.3011,,,,,
4090,7/29/2026 23:04,70.97,18.5186,,,,,
4091,7/29/2026 23:19,70.78,18.7059,,,,,
4092,7/29/2026 23:34,70.6,18.85,,,,,
4093,7/29/2026 23:49,70.47,18.9574,,,,,
4094,7/30/2026 0:04,70.33,19.04,,,,,
4095,7/30/2026 0:19,70.23,19.0985,,,,,
4096,7/30/2026 0:34,70.04,19.1427,,,,,
4097,7/30/2026 0:49,69.78,19.1638,,,,,
4098,7/30/2026 1:04,69.54,19.176,,,,,
4099,7/30/2026 1:19,69.36,19.1584,,,,,
4100,7/30/2026 1:34,69.28,19.1123,,,,,
4101,7/30/2026 1:49,69.48,19.0138,,,,,
4102,7/30/2026 2:04,69.71,18.876,,,,,
4103,7/30/2026 2:19,69.91,18.7268,,,,,
4104,7/30/2026 2:34,69.99,18.5501,,,,,
4105,7/30/2026 2:49,70.08,18.3368,,,,,
4106,7/30/2026 3:04,70.13,18.1331,,,,,
4107,7/30/2026 3:19,70.14,17.9233,,,,,
4108,7/30/2026 3:34,70.1,17.7168,,,,,
4109,7/30/2026 3:49,70.03,17.5099,,,,,
4110,7/30/2026 4:04,69.94,17.3108,,,,,
4111,7/30/2026 4:19,69.77,17.1206,,,,,
4112,7/30/2026 4:34,69.59,16.9318,,,,,
4113,7/30/2026 4:49,69.38,16.7502,,,,,
4114,7/30/2026 5:04,69.18,16.575,,,,,
4115,7/30/2026 5:19,68.99,16.4101,,,,,
4116,7/30/2026 5:34,68.9,16.2519,,,,,
4117,7/30/2026 5:49,68.82,16.1026,,,,,
4118,7/30/2026 6:04,68.71,15.9571,,,,,
4119,7/30/2026 6:19,68.57,15.8218,,,,,
4120,7/30/2026 6:34,68.42,15.6971,,,,,
4121,7/30/2026 6:49,68.27,15.5763,,,,,
4122,7/30/2026 7:04,68.15,15.4719,,,,,
4123,7/30/2026 7:19,68.09,15.367,,,,,
4124,7/30/2026 7:34,68.04,15.2822,,,,,
4125,7/30/2026 7:49,67.95,15.2147,,,,,
4126,7/30/2026 8:04,67.88,15.1916,,,,,
4127,7/30/2026 8:19,67.86,15.2793,,,,,
4128,7/30/2026 8:34,67.88,15.3947,,,,,
4129,7/30/2026 8:49,67.89,15.5357,,,,,
4130,7/30/2026 9:04,67.98,15.6988,,,,,
4131,7/30/2026 9:19,68.15,15.8797,,,,,
4132,7/30/2026 9:34,68.3,16.0784,,,,,
4133,7/30/2026 9:49,68.37,16.2847,,,,,
4134,7/30/2026 10:04,68.46,16.5126,,,,,
4135,7/30/2026 10:19,69.02,16.7507,,,,,
4136,7/30/2026 10:34,69.48,16.999,,,,,
4137,7/30/2026 10:49,69.65,17.2534,,,,,
4138,7/30/2026 11:04,69.83,17.517,,,,,
4139,7/30/2026 11:19,69.98,17.7653,,,,,
4140,7/30/2026 11:34,70.16,17.9905,,,,,
4141,7/30/2026 11:49,70.21,18.1999,,,,,
4142,7/30/2026 12:04,70.17,18.384,,,,,
4143,7/30/2026 12:19,70.09,18.5357,,,,,
4144,7/30/2026 12:34,70.1,18.6458,,,,,
4145,7/30/2026 12:49,70.03,18.7175,,,,,
4146,7/30/2026 13:04,70.05,18.7679,,,,,
4147,7/30/2026 13:19,70.12,18.7871,,,,,
4148,7/30/2026 13:34,70.2,18.7758,,,,,
4149,7/30/2026 13:49,70.22,18.7307,,,,,
4150,7/30/2026 14:04,70.42,18.6325,,,,,
4151,7/30/2026 14:19,70.73,18.4888,,,,,
4152,7/30/2026 14:34,70.93,18.3355,,,,,
4153,7/30/2026 14:49,71.17,18.176,,,,,
4154,7/30/2026 15:04,71.31,18.0095,,,,,
4155,7/30/2026 15:19,71.4,17.8463,,,,,
4156,7/30/2026 15:34,71.51,17.6737,,,,,
4157,7/30/2026 15:49,71.64,17.4957,,,,,
4158,7/30/2026 16:04,71.73,17.3196,,,,,
4159,7/30/2026 16:19,71.79,17.1431,,,,,
4160,7/30/2026 16:34,71.78,16.9729,,,,,
4161,7/30/2026 16:49,71.71,16.794,,,,,
4162,7/30/2026 17:04,71.71,16.633,,,,,
4163,7/30/2026 17:19,71.92,16.4764,,,,,
4164,7/30/2026 17:34,71.96,16.3327,,,,,
4165,7/30/2026 17:49,71.81,16.1844,,,,,
4166,7/30/2026 18:04,71.58,16.0492,,,,,
4167,7/30/2026 18:19,71.37,15.9211,,,,,
4168,7/30/2026 18:34,71.22,15.8038,,,,,
4169,7/30/2026 18:49,71.11,15.6855,,,,,
4170,7/30/2026 19:04,71.01,15.5835,,,,,
4171,7/30/2026 19:19,70.92,15.489,,,,,
4172,7/30/2026 19:34,70.84,15.414,,,,,
4173,7/30/2026 19:49,70.77,15.3827,,,,,
4174,7/30/2026 20:04,70.76,15.4432,,,,,
4175,7/30/2026 20:19,70.89,15.5508,,,,,
4176,7/30/2026 20:34,70.8,15.6886,,,,,
4177,7/30/2026 20:49,70.77,15.848,,,,,
4178,7/30/2026 21:04,70.78,16.0295,,,,,
4179,7/30/2026 21:19,70.94,16.2196,,,,,
4180,7/30/2026 21:34,71.03,16.43,,,,,
4181,7/30/2026 21:49,71.09,16.6569,,,,,
4182,7/30/2026 22:04,71.11,16.8953,,,,,
4183,7/30/2026 22:19,71.03,17.1453,,,,,
4184,7/30/2026 22:34,70.86,17.4043,,,,,
4185,7/30/2026 22:49,70.73,17.6682,,,,,
4186,7/30/2026 23:04,70.64,17.9396,,,,,
4187,7/30/2026 23:19,70.49,18.1986,,,,,
4188,7/30/2026 23:34,70.32,18.4345,,,,,
4189,7/30/2026 23:49,70.14,18.6395,,,,,
4190,7/31/2026 0:04,69.99,18.811,,,,,
4191,7/31/2026 0:19,69.87,18.9427,,,,,
4192,7/31/2026 0:34,69.75,19.0387,,,,,
4193,7/31/2026 0:49,69.66,19.1029,,,,,
4194,7/31/2026 1:04,69.53,19.1479,,,,,
4195,7/31/2026 1:19,69.38,19.1744,,,,,
4196,7/31/2026 1:34,69.19,19.1829,,,,,
4197,7/31/2026 1:49,69.1,19.1667,,,,,
4198,7/31/2026 2:04,69.1,19.1189,,,,,
4199,7/31/2026 2:19,69.26,19.0178,,,,,
4200,7/31/2026 2:34,69.41,18.8772,,,,,
4201,7/31/2026 2:49,69.59,18.7204,,,,,
4202,7/31/2026 3:04,69.73,18.5228,,,,,
4203,7/31/2026 3:19,69.86,18.3318,,,,,
4204,7/31/2026 3:34,69.94,18.1168,,,,,
4205,7/31/2026 3:49,69.97,17.9052,,,,,
4206,7/31/2026 4:04,69.96,17.7013,,,,,
4207,7/31/2026 4:19,69.9,17.4951,,,,,
4208,7/31/2026 4:34,69.85,17.291,,,,,
4209,7/31/2026 4:49,69.79,17.1004,,,,,
4210,7/31/2026 5:04,69.74,16.9051,,,,,
4211,7/31/2026 5:19,69.67,16.7187,,,,,
4212,7/31/2026 5:34,69.58,16.54,,,,,
4213,7/31/2026 5:49,69.54,16.3729,,,,,
4214,7/31/2026 6:04,69.46,16.2135,,,,,
4215,7/31/2026 6:19,69.36,16.0661,,,,,
4216,7/31/2026 6:34,69.28,15.9238,,,,,
4217,7/31/2026 6:49,69.19,15.7855,,,,,
4218,7/31/2026 7:04,69.13,15.6585,,,,,
4219,7/31/2026 7:19,69.05,15.5329,,,,,
4220,7/31/2026 7:34,69,15.4174,,,,,
4221,7/31/2026 7:49,69.01,15.3008,,,,,
4222,7/31/2026 8:04,69.11,15.187,,,,,
4223,7/31/2026 8:19,69.24,15.0901,,,,,
4224,7/31/2026 8:34,69.38,15.0145,,,,,
4225,7/31/2026 8:49,69.48,15.0588,,,,,
4226,7/31/2026 9:04,69.36,15.1713,,,,,
4227,7/31/2026 9:19,69.41,15.3028,,,,,
4228,7/31/2026 9:34,69.62,15.4541,,,,,
4229,7/31/2026 9:49,69.92,15.6288,,,,,
4230,7/31/2026 10:04,70.08,15.8266,,,,,
4231,7/31/2026 10:19,70.21,16.0415,,,,,
4232,7/31/2026 10:34,70.27,16.2734,,,,,
4233,7/31/2026 10:49,70.61,16.517,,,,,
4234,7/31/2026 11:04,70.83,16.7739,,,,,
4235,7/31/2026 11:19,71,17.0437,,,,,
4236,7/31/2026 11:34,71.05,17.3264,,,,,
4237,7/31/2026 11:49,71.05,17.605,,,,,
4238,7/31/2026 12:04,70.95,17.863,,,,,
4239,7/31/2026 12:19,70.83,18.1074,,,,,
4240,7/31/2026 12:34,70.82,18.3257,,,,,
4241,7/31/2026 12:49,70.89,18.5044,,,,,
4242,7/31/2026 13:04,70.97,18.6528,,,,,
4243,7/31/2026 13:19,70.98,18.7547,,,,,
4244,7/31/2026 13:34,70.98,18.8158,,,,,
4245,7/31/2026 13:49,70.98,18.8362,,,,,
4246,7/31/2026 14:04,70.98,18.8209,,,,,
4247,7/31/2026 14:19,71.07,18.7511,,,,,
4248,7/31/2026 14:34,71.38,18.6487,,,,,
4249,7/31/2026 14:49,71.73,18.5127,,,,,
4250,7/31/2026 15:04,72.13,18.3579,,,,,
4251,7/31/2026 15:19,72.47,18.1929,,,,,
4252,7/31/2026 15:34,72.56,18.0237,,,,,
4253,7/31/2026 15:49,72.8,17.8646,,,,,
4254,7/31/2026 16:04,73,17.696,,,,,
4255,7/31/2026 16:19,73.21,17.5099,,,,,
4256,7/31/2026 16:34,73.3,17.3313,,,,,
4257,7/31/2026 16:49,73.31,17.1508,,,,,
4258,7/31/2026 17:04,73.36,16.9681,,,,,
4259,7/31/2026 17:19,73.52,16.7959,,,,,
4260,7/31/2026 17:34,73.81,16.6274,,,,,
4261,7/31/2026 17:49,73.93,16.4686,,,,,
4262,7/31/2026 18:04,73.92,16.3123,,,,,
4263,7/31/2026 18:19,73.84,16.166,,,,,
4264,7/31/2026 18:34,73.74,16.0255,,,,,
4265,7/31/2026 18:49,73.67,15.8957,,,,,
4266,7/31/2026 19:04,73.6,15.7705,,,,,
4267,7/31/2026 19:19,73.48,15.6546,,,,,
4268,7/31/2026 19:34,73.37,15.5451,,,,,
4269,7/31/2026 19:49,73.25,15.4419,,,,,
4270,7/31/2026 20:04,73.11,15.348,,,,,
4271,7/31/2026 20:19,72.99,15.2792,,,,,
4272,7/31/2026 20:34,72.91,15.2734,,,,,
4273,7/31/2026 20:49,72.96,15.3652,,,,,
4274,7/31/2026 21:04,73.05,15.4914,,,,,
4275,7/31/2026 21:19,72.83,15.637,,,,,
4276,7/31/2026 21:34,72.71,15.8093,,,,,
4277,7/31/2026 21:49,72.65,15.9888,,,,,
4278,7/31/2026 22:04,72.73,16.1888,,,,,
4279,7/31/2026 22:19,72.8,16.411,,,,,
4280,7/31/2026 22:34,72.69,16.647,,,,,
4281,7/31/2026 22:49,72.39,16.8955,,,,,
4282,7/31/2026 23:04,72.14,17.1634,,,,,
4283,7/31/2026 23:19,72,17.4522,,,,,
4284,7/31/2026 23:34,71.93,17.736,,,,,
4285,7/31/2026 23:49,71.77,18.015,,,,,
4286,8/1/2026 0:04,71.54,18.2721,,,,,
4287,8/1/2026 0:19,71.31,18.4952,,,,,
4288,8/1/2026 0:34,71.11,18.699,,,,,
4289,8/1/2026 0:49,70.99,18.8566,,,,,
4290,8/1/2026 1:04,70.92,18.9719,,,,,
4291,8/1/2026 1:19,70.84,19.0559,,,,,
4292,8/1/2026 1:34,70.78,19.1157,,,,,
4293,8/1/2026 1:49,70.66,19.1473,,,,,
4294,8/1/2026 2:04,70.56,19.1509,,,,,
4295,8/1/2026 2:19,70.49,19.1425,,,,,
4296,8/1/2026 2:34,70.45,19.0926,,,,,
4297,8/1/2026 2:49,70.61,18.9896,,,,,
4298,8/1/2026 3:04,70.7,18.8515,,,,,
4299,8/1/2026 3:19,70.83,18.6894,,,,,
4300,8/1/2026 3:34,70.98,18.5065,,,,,
4301,8/1/2026 3:49,71.09,18.3022,,,,,
4302,8/1/2026 4:04,71.21,18.1,,,,,
4303,8/1/2026 4:19,71.26,17.8998,,,,,
4304,8/1/2026 4:34,71.29,17.6991,,,,,
4305,8/1/2026 4:49,71.3,17.5013,,,,,
4306,8/1/2026 5:04,71.27,17.2966,,,,,
4307,8/1/2026 5:19,71.28,17.1055,,,,,
4308,8/1/2026 5:34,71.3,16.9209,,,,,
4309,8/1/2026 5:49,71.29,16.7384,,,,,
4310,8/1/2026 6:04,71.21,16.5591,,,,,
4311,8/1/2026 6:19,71.14,16.3888,,,,,
4312,8/1/2026 6:34,71.13,16.2319,,,,,
4313,8/1/2026 6:49,71.09,16.0789,,,,,
4314,8/1/2026 7:04,71.06,15.9374,,,,,
4315,8/1/2026 7:19,71.03,15.801,,,,,
4316,8/1/2026 7:34,71.04,15.6741,,,,,
4317,8/1/2026 7:49,71.1,15.5481,,,,,
4318,8/1/2026 8:04,71.2,15.4297,,,,,
4319,8/1/2026 8:19,71.34,15.3134,,,,,
4320,8/1/2026 8:34,71.55,15.1966,,,,,
4321,8/1/2026 8:49,71.83,15.0988,,,,,
4322,8/1/2026 9:04,72.15,15.0228,,,,,
4323,8/1/2026 9:19,72.39,15.0488,,,,,
4324,8/1/2026 9:34,72.23,15.1662,,,,,
4325,8/1/2026 9:49,72,15.2941,,,,,
4326,8/1/2026 10:04,72.42,15.4452,,,,,
4327,8/1/2026 10:19,72.58,15.6116,,,,,
4328,8/1/2026 10:34,72.69,15.8087,,,,,
4329,8/1/2026 10:49,72.84,16.0205,,,,,
4330,8/1/2026 11:04,73,16.2533,,,,,
4331,8/1/2026 11:19,73.42,16.504,,,,,
4332,8/1/2026 11:34,73.59,16.7722,,,,,
4333,8/1/2026 11:49,73.74,17.0408,,,,,
4334,8/1/2026 12:04,73.77,17.3216,,,,,
4335,8/1/2026 12:19,73.64,17.5936,,,,,
4336,8/1/2026 12:34,73.56,17.8637,,,,,
4337,8/1/2026 12:49,73.6,18.1054,,,,,
4338,8/1/2026 13:04,73.75,18.3286,,,,,
4339,8/1/2026 13:19,73.94,18.526,,,,,
4340,8/1/2026 13:34,74.05,18.688,,,,,
4341,8/1/2026 13:49,74.05,18.8033,,,,,
4342,8/1/2026 14:04,74.04,18.8714,,,,,
4343,8/1/2026 14:19,73.99,18.9108,,,,,
4344,8/1/2026 14:34,73.93,18.8998,,,,,
4345,8/1/2026 14:49,73.98,18.8496,,,,,
4346,8/1/2026 15:04,74.29,18.7484,,,,,
4347,8/1/2026 15:19,74.72,18.6195,,,,,
4348,8/1/2026 15:34,74.98,18.482,,,,,
4349,8/1/2026 15:49,75.2,18.3141,,,,,
4350,8/1/2026 16:04,75.41,18.1444,,,,,
4351,8/1/2026 16:19,75.52,17.9607,,,,,
4352,8/1/2026 16:34,75.74,17.7863,,,,,
4353,8/1/2026 16:49,75.94,17.6108,,,,,
4354,8/1/2026 17:04,76.08,17.4234,,,,,
4355,8/1/2026 17:19,76.28,17.24,,,,,
4356,8/1/2026 17:34,76.4,17.0655,,,,,
4357,8/1/2026 17:49,76.62,16.882,,,,,
4358,8/1/2026 18:04,76.91,16.7045,,,,,
4359,8/1/2026 18:19,77.06,16.5363,,,,,
4360,8/1/2026 18:34,77.14,16.3738,,,,,
4361,8/1/2026 18:49,77,16.2197,,,,,
4362,8/1/2026 19:04,76.93,16.0747,,,,,
4363,8/1/2026 19:19,76.91,15.9381,,,,,
4364,8/1/2026 19:34,76.89,15.8048,,,,,
4365,8/1/2026 19:49,76.86,15.679,,,,,
4366,8/1/2026 20:04,76.83,15.5634,,,,,
4367,8/1/2026 20:19,76.78,15.4502,,,,,
4368,8/1/2026 20:34,76.75,15.3466,,,,,
4369,8/1/2026 20:49,76.7,15.2517,,,,,
4370,8/1/2026 21:04,76.7,15.1838,,,,,
4371,8/1/2026 21:19,76.64,15.1961,,,,,
4372,8/1/2026 21:34,76.73,15.296,,,,,
4373,8/1/2026 21:49,76.84,15.4273,,,,,
4374,8/1/2026 22:04,76.55,15.5778,,,,,
4375,8/1/2026 22:19,76.38,15.7493,,,,,
4376,8/1/2026 22:34,76.26,15.9362,,,,,
4377,8/1/2026 22:49,76.14,16.1414,,,,,
4378,8/1/2026 23:04,76.14,16.3647,,,,,
4379,8/1/2026 23:19,75.91,16.6017,,,,,
4380,8/1/2026 23:34,75.31,16.8602,,,,,
4381,8/1/2026 23:49,74.91,17.1272,,,,,
4382,8/2/2026 0:04,74.6,17.4112,,,,,
4383,8/2/2026 0:19,74.44,17.7011,,,,,
4384,8/2/2026 0:34,74.25,17.9743,,,,,
4385,8/2/2026 0:49,74.02,18.2352,,,,,
4386,8/2/2026 1:04,73.85,18.4686,,,,,
4387,8/2/2026 1:19,73.63,18.6653,,,,,
4388,8/2/2026 1:34,73.49,18.8204,,,,,
4389,8/2/2026 1:49,73.37,18.9361,,,,,
4390,8/2/2026 2:04,73.26,19.0124,,,,,
4391,8/2/2026 2:19,73.15,19.0638,,,,,
4392,8/2/2026 2:34,73.06,19.0885,,,,,
4393,8/2/2026 2:49,72.99,19.0839,,,,,
4394,8/2/2026 3:04,72.98,19.0392,,,,,
4395,8/2/2026 3:19,73.15,18.9541,,,,,
4396,8/2/2026 3:34,73.2,18.8229,,,,,
4397,8/2/2026 3:49,73.4,18.6623,,,,,
4398,8/2/2026 4:04,73.52,18.4869,,,,,
4399,8/2/2026 4:19,73.66,18.2985,,,,,
4400,8/2/2026 4:34,73.77,18.1007,,,,,
4401,8/2/2026 4:49,73.84,17.9068,,,,,
4402,8/2/2026 5:04,73.95,17.7196,,,,,
4403,8/2/2026 5:19,74.04,17.5288,,,,,
4404,8/2/2026 5:34,74.1,17.3381,,,,,
4405,8/2/2026 5:49,74.15,17.1501,,,,,
4406,8/2/2026 6:04,74.24,16.9606,,,,,
4407,8/2/2026 6:19,74.34,16.7763,,,,,
4408,8/2/2026 6:34,74.34,16.5989,,,,,
4409,8/2/2026 6:49,74.29,16.4305,,,,,
4410,8/2/2026 7:04,74.36,16.2687,,,,,
4411,8/2/2026 7:19,74.44,16.1215,,,,,
4412,8/2/2026 7:34,74.5,15.9719,,,,,
4413,8/2/2026 7:49,74.55,15.8419,,,,,
4414,8/2/2026 8:04,74.6,15.7075,,,,,
4415,8/2/2026 8:19,74.7,15.5834,,,,,
4416,8/2/2026 8:34,74.79,15.4649,,,,,
4417,8/2/2026 8:49,74.89,15.3441,,,,,
4418,8/2/2026 9:04,75.04,15.234,,,,,
4419,8/2/2026 9:19,75.26,15.1279,,,,,
4420,8/2/2026 9:34,75.37,15.0397,,,,,
4421,8/2/2026 9:49,75.57,15.0277,,,,,
4422,8/2/2026 10:04,75.52,15.1384,,,,,
4423,8/2/2026 10:19,75.42,15.2684,,,,,
4424,8/2/2026 10:34,75.62,15.4123,,,,,
4425,8/2/2026 10:49,75.8,15.5725,,,,,
4426,8/2/2026 11:04,75.98,15.7647,,,,,
4427,8/2/2026 11:19,76.09,15.9802,,,,,
4428,8/2/2026 11:34,76.05,16.2095,,,,,
4429,8/2/2026 11:49,76.21,16.4572,,,,,
4430,8/2/2026 12:04,76.12,16.721,,,,,
4431,8/2/2026 12:19,76.01,16.9827,,,,,
4432,8/2/2026 12:34,75.94,17.2639,,,,,
4433,8/2/2026 12:49,75.86,17.5341,,,,,
4434,8/2/2026 13:04,75.8,17.8067,,,,,
4435,8/2/2026 13:19,75.71,18.0658,,,,,
4436,8/2/2026 13:34,75.64,18.3056,,,,,
4437,8/2/2026 13:49,75.64,18.5109,,,,,
4438,8/2/2026 14:04,75.65,18.6758,,,,,
4439,8/2/2026 14:19,75.61,18.8095,,,,,
4440,8/2/2026 14:34,75.58,18.9031,,,,,
4441,8/2/2026 14:49,75.47,18.9545,,,,,
4442,8/2/2026 15:04,75.36,18.9766,,,,,
4443,8/2/2026 15:19,75.24,18.9642,,,,,
4444,8/2/2026 15:34,75.22,18.8997,,,,,
4445,8/2/2026 15:49,75.76,18.7895,,,,,
4446,8/2/2026 16:04,76.18,18.6433,,,,,
4447,8/2/2026 16:19,76.52,18.4831,,,,,
4448,8/2/2026 16:34,76.64,18.3156,,,,,
4449,8/2/2026 16:49,76.81,18.1305,,,,,
4450,8/2/2026 17:04,77,17.935,,,,,
4451,8/2/2026 17:19,77.03,17.7437,,,,,
4452,8/2/2026 17:34,77.17,17.5618,,,,,
4453,8/2/2026 17:49,77.27,17.3723,,,,,
4454,8/2/2026 18:04,77.42,17.1845,,,,,
4455,8/2/2026 18:19,77.62,17.0027,,,,,
4456,8/2/2026 18:34,77.83,16.8223,,,,,
4457,8/2/2026 18:49,78.01,16.6566,,,,,
4458,8/2/2026 19:04,78.05,16.4939,,,,,
4459,8/2/2026 19:19,78.02,16.3311,,,,,
4460,8/2/2026 19:34,77.99,16.178,,,,,
4461,8/2/2026 19:49,77.96,16.0343,,,,,
4462,8/2/2026 20:04,77.96,15.8934,,,,,
4463,8/2/2026 20:19,77.93,15.7645,,,,,
4464,8/2/2026 20:34,77.92,15.6412,,,,,
4465,8/2/2026 20:49,77.9,15.5256,,,,,
4466,8/2/2026 21:04,77.87,15.4119,,,,,
4467,8/2/2026 21:19,77.85,15.3102,,,,,
4468,8/2/2026 21:34,77.82,15.216,,,,,
4469,8/2/2026 21:49,77.8,15.153,,,,,
4470,8/2/2026 22:04,77.85,15.1992,,,,,
4471,8/2/2026 22:19,77.92,15.3141,,,,,
4472,8/2/2026 22:34,77.9,15.4432,,,,,
4473,8/2/2026 22:49,77.54,15.6023,,,,,
4474,8/2/2026 23:04,77.44,15.7665,,,,,
4475,8/2/2026 23:19,77.22,15.9651,,,,,
4476,8/2/2026 23:34,77.1,16.1704,,,,,
4477,8/2/2026 23:49,77.04,16.3955,,,,,
4478,8/3/2026 0:04,76.75,16.6343,,,,,
4479,8/3/2026 0:19,76.19,16.9088,,,,,
4480,8/3/2026 0:34,75.77,17.177,,,,,
4481,8/3/2026 0:49,75.55,17.4595,,,,,
4482,8/3/2026 1:04,75.44,17.7331,,,,,
4483,8/3/2026 1:19,75.28,17.9938,,,,,
4484,8/3/2026 1:34,75.05,18.2331,,,,,
4485,8/3/2026 1:49,74.83,18.4474,,,,,
4486,8/3/2026 2:04,74.62,18.6333,,,,,
4487,8/3/2026 2:19,74.45,18.7819,,,,,
4488,8/3/2026 2:34,74.35,18.8887,,,,,
4489,8/3/2026 2:49,74.26,18.9599,,,,,
4490,8/3/2026 3:04,74.18,18.9936,,,,,
4491,8/3/2026 3:19,74.12,19.0036,,,,,
4492,8/3/2026 3:34,74.07,18.9741,,,,,
4493,8/3/2026 3:49,74.13,18.9131,,,,,
4494,8/3/2026 4:04,74.25,18.8158,,,,,
4495,8/3/2026 4:19,74.41,18.6831,,,,,
4496,8/3/2026 4:34,74.56,18.5364,,,,,
4497,8/3/2026 4:49,74.71,18.3587,,,,,
4498,8/3/2026 5:04,74.87,18.1787,,,,,
4499,8/3/2026 5:19,74.99,17.9798,,,,,
4500,8/3/2026 5:34,75.11,17.7767,,,,,
4501,8/3/2026 5:49,75.21,17.5801,,,,,
4502,8/3/2026 6:04,75.29,17.3925,,,,,
4503,8/3/2026 6:19,75.37,17.202,,,,,
4504,8/3/2026 6:34,75.42,17.023,,,,,
4505,8/3/2026 6:49,75.48,16.8398,,,,,
4506,8/3/2026 7:04,75.6,16.6645,,,,,
4507,8/3/2026 7:19,75.62,16.4936,,,,,
4508,8/3/2026 7:34,75.62,16.3259,,,,,
4509,8/3/2026 7:49,75.7,16.1662,,,,,
4510,8/3/2026 8:04,75.79,16.0235,,,,,
4511,8/3/2026 8:19,75.9,15.8766,,,,,
4512,8/3/2026 8:34,76.02,15.7385,,,,,
4513,8/3/2026 8:49,76.05,15.6092,,,,,
4514,8/3/2026 9:04,76.07,15.4844,,,,,
4515,8/3/2026 9:19,76.08,15.3689,,,,,
4516,8/3/2026 9:34,76.1,15.2667,,,,,
4517,8/3/2026 9:49,76.11,15.1876,,,,,
4518,8/3/2026 10:04,76.12,15.1465,,,,,
4519,8/3/2026 10:19,76.03,15.1195,,,,,
4520,8/3/2026 10:34,75.86,15.1571,,,,,
4521,8/3/2026 10:49,76.05,15.2922,,,,,
4522,8/3/2026 11:04,76.08,15.4376,,,,,
4523,8/3/2026 11:19,75.99,15.606,,,,,
4524,8/3/2026 11:34,76.01,15.7786,,,,,
4525,8/3/2026 11:49,76.04,15.9676,,,,,
4526,8/3/2026 12:04,75.93,16.198,,,,,
4527,8/3/2026 12:19,75.81,16.4375,,,,,
4528,8/3/2026 12:34,75.68,16.6899,,,,,
4529,8/3/2026 12:49,75.5,16.9513,,,,,
4530,8/3/2026 13:04,75.38,17.221,,,,,
4531,8/3/2026 13:19,75.29,17.5018,,,,,
4532,8/3/2026 13:34,75.13,17.7894,,,,,
4533,8/3/2026 13:49,74.92,18.0437,,,,,
4534,8/3/2026 14:04,74.74,18.2857,,,,,
4535,8/3/2026 14:19,74.64,18.4952,,,,,
4536,8/3/2026 14:34,74.58,18.6669,,,,,
4537,8/3/2026 14:49,74.55,18.7942,,,,,
4538,8/3/2026 15:04,74.51,18.8891,,,,,
4539,8/3/2026 15:19,74.44,18.9317,,,,,
4540,8/3/2026 15:34,74.38,18.9621,,,,,
4541,8/3/2026 15:49,74.31,18.9805,,,,,
4542,8/3/2026 16:04,74.24,18.9554,,,,,
4543,8/3/2026 16:19,74.25,18.8993,,,,,
4544,8/3/2026 16:34,74.54,18.8044,,,,,
4545,8/3/2026 16:49,74.8,18.6553,,,,,
4546,8/3/2026 17:04,75.1,18.4779,,,,,
4547,8/3/2026 17:19,75.28,18.3098,,,,,
4548,8/3/2026 17:34,75.38,18.112,,,,,
4549,8/3/2026 17:49,75.55,17.9094,,,,,
4550,8/3/2026 18:04,75.71,17.7185,,,,,
4551,8/3/2026 18:19,75.86,17.5341,,,,,
4552,8/3/2026 18:34,75.95,17.3245,,,,,
4553,8/3/2026 18:49,76,17.1441,,,,,
4554,8/3/2026 19:04,76.08,16.9696,,,,,
4555,8/3/2026 19:19,76.17,16.7853,,,,,
4556,8/3/2026 19:34,76.2,16.6004,,,,,
4557,8/3/2026 19:49,76.12,16.4281,,,,,
4558,8/3/2026 20:04,76.1,16.2686,,,,,
4559,8/3/2026 20:19,76.07,16.118,,,,,
4560,8/3/2026 20:34,75.97,15.9737,,,,,
4561,8/3/2026 20:49,75.92,15.8422,,,,,
4562,8/3/2026 21:04,75.79,15.7137,,,,,
4563,8/3/2026 21:19,75.64,15.5915,,,,,
4564,8/3/2026 21:34,75.44,15.4731,,,,,
4565,8/3/2026 21:49,75.18,15.3615,,,,,
4566,8/3/2026 22:04,75.09,15.2553,,,,,
4567,8/3/2026 22:19,75.02,15.1555,,,,,
4568,8/3/2026 22:34,75.09,15.0728,,,,,
4569,8/3/2026 22:49,74.97,15.0632,,,,,
4570,8/3/2026 23:04,75.09,15.1855,,,,,
4571,8/3/2026 23:19,75.28,15.3137,,,,,
4572,8/3/2026 23:34,75.12,15.4631,,,,,
4573,8/3/2026 23:49,75.06,15.6247,,,,,
4574,8/4/2026 0:04,75.06,15.8179,,,,,
4575,8/4/2026 0:19,74.87,16.0234,,,,,
4576,8/4/2026 0:34,74.85,16.2547,,,,,
4577,8/4/2026 0:49,74.73,16.5055,,,,,
4578,8/4/2026 1:04,74.56,16.7592,,,,,
4579,8/4/2026 1:19,74.38,17.0201,,,,,
4580,8/4/2026 1:34,74.22,17.2859,,,,,
4581,8/4/2026 1:49,74.16,17.5581,,,,,
4582,8/4/2026 2:04,74.07,17.8186,,,,,
4583,8/4/2026 2:19,73.9,18.0496,,,,,
4584,8/4/2026 2:34,73.61,18.2768,,,,,
4585,8/4/2026 2:49,73.35,18.4719,,,,,
4586,8/4/2026 3:04,73.18,18.6299,,,,,
4587,8/4/2026 3:19,73.08,18.743,,,,,
4588,8/4/2026 3:34,73.04,18.8117,,,,,
4589,8/4/2026 3:49,73.03,18.8537,,,,,
4590,8/4/2026 4:04,73,18.8588,,,,,
4591,8/4/2026 4:19,72.97,18.8166,,,,,
4592,8/4/2026 4:34,73.02,18.7129,,,,,
4593,8/4/2026 4:49,72.92,18.5924,,,,,
4594,8/4/2026 5:04,73,18.445,,,,,
4595,8/4/2026 5:19,73.07,18.2775,,,,,
4596,8/4/2026 5:34,73.17,18.1101,,,,,
4597,8/4/2026 5:49,73.2,17.9485,,,,,
4598,8/4/2026 6:04,73.21,17.7813,,,,,
4599,8/4/2026 6:19,73.19,17.6015,,,,,
4600,8/4/2026 6:34,73.16,17.4219,,,,,
4601,8/4/2026 6:49,73.13,17.2469,,,,,
4602,8/4/2026 7:04,73.1,17.0621,,,,,
4603,8/4/2026 7:19,73.08,16.8838,,,,,
4604,8/4/2026 7:34,73.06,16.7094,,,,,
4605,8/4/2026 7:49,72.99,16.5433,,,,,
4606,8/4/2026 8:04,73.09,16.379,,,,,
4607,8/4/2026 8:19,73.23,16.2218,,,,,
4608,8/4/2026 8:34,73.38,16.078,,,,,
4609,8/4/2026 8:49,73.51,15.9367,,,,,
4610,8/4/2026 9:04,73.67,15.8044,,,,,
4611,8/4/2026 9:19,73.84,15.6766,,,,,
4612,8/4/2026 9:34,74.05,15.5489,,,,,
4613,8/4/2026 9:49,74.29,15.4339,,,,,
4614,8/4/2026 10:04,74.67,15.3193,,,,,
4615,8/4/2026 10:19,75.08,15.2067,,,,,
4616,8/4/2026 10:34,75.36,15.0976,,,,,
4617,8/4/2026 10:49,75.74,15.0087,,,,,
4618,8/4/2026 11:04,76.13,14.9939,,,,,
4619,8/4/2026 11:19,75.99,15.1082,,,,,
4620,8/4/2026 11:34,75.64,15.2253,,,,,
4621,8/4/2026 11:49,75.84,15.3641,,,,,
4622,8/4/2026 12:04,75.88,15.5164,,,,,
4623,8/4/2026 12:19,76.11,15.6887,,,,,
4624,8/4/2026 12:34,76.08,15.8926,,,,,
4625,8/4/2026 12:49,76.28,16.1222,,,,,
4626,8/4/2026 13:04,76.41,16.3628,,,,,
4627,8/4/2026 13:19,76.54,16.6181,,,,,
4628,8/4/2026 13:34,76.55,16.8913,,,,,
4629,8/4/2026 13:49,76.56,17.1706,,,,,
4630,8/4/2026 14:04,76.42,17.4772,,,,,
4631,8/4/2026 14:19,76.27,17.7641,,,,,
4632,8/4/2026 14:34,76.29,18.0386,,,,,
4633,8/4/2026 14:49,76.41,18.2814,,,,,
4634,8/4/2026 15:04,76.59,18.4986,,,,,
4635,8/4/2026 15:19,76.57,18.6882,,,,,
4636,8/4/2026 15:34,76.32,18.8361,,,,,
4637,8/4/2026 15:49,75.98,18.9404,,,,,
4638,8/4/2026 16:04,75.8,18.9942,,,,,
4639,8/4/2026 16:19,75.68,19.0118,,,,,
4640,8/4/2026 16:34,75.61,19.004,,,,,
4641,8/4/2026 16:49,75.61,18.9479,,,,,
4642,8/4/2026 17:04,76.48,18.8498,,,,,
4643,8/4/2026 17:19,77.07,18.7162,,,,,
4644,8/4/2026 17:34,77.18,18.57,,,,,
4645,8/4/2026 17:49,77.25,18.4009,,,,,
4646,8/4/2026 18:04,77.38,18.2201,,,,,
4647,8/4/2026 18:19,77.47,18.0382,,,,,
4648,8/4/2026 18:34,77.52,17.8646,,,,,
4649,8/4/2026 18:49,77.58,17.6779,,,,,
4650,8/4/2026 19:04,77.66,17.5015,,,,,
4651,8/4/2026 19:19,77.69,17.3152,,,,,
4652,8/4/2026 19:34,77.72,17.1284,,,,,
4653,8/4/2026 19:49,77.75,16.9475,,,,,
4654,8/4/2026 20:04,77.8,16.7675,,,,,
4655,8/4/2026 20:19,77.77,16.5969,,,,,
4656,8/4/2026 20:34,77.72,16.4353,,,,,
4657,8/4/2026 20:49,77.69,16.277,,,,,
4658,8/4/2026 21:04,77.64,16.1289,,,,,
4659,8/4/2026 21:19,77.61,15.9904,,,,,
4660,8/4/2026 21:34,77.6,15.8557,,,,,
4661,8/4/2026 21:49,77.58,15.7268,,,,,
4662,8/4/2026 22:04,77.51,15.6023,,,,,
4663,8/4/2026 22:19,77.49,15.4823,,,,,
4664,8/4/2026 22:34,77.45,15.3611,,,,,
4665,8/4/2026 22:49,77.45,15.247,,,,,
4666,8/4/2026 23:04,77.45,15.1404,,,,,
4667,8/4/2026 23:19,77.39,15.0456,,,,,
4668,8/4/2026 23:34,77.34,15.0101,,,,,
4669,8/4/2026 23:49,77.31,15.1065,,,,,
4670,8/5/2026 0:04,77.32,15.2193,,,,,
4671,8/5/2026 0:19,77.34,15.3553,,,,,
4672,8/5/2026 0:34,77.09,15.4964,,,,,
4673,8/5/2026 0:49,76.88,15.6547,,,,,
4674,8/5/2026 1:04,76.72,15.8439,,,,,
4675,8/5/2026 1:19,76.54,16.0545,,,,,
4676,8/5/2026 1:34,76.41,16.2856,,,,,
4677,8/5/2026 1:49,76.22,16.5307,,,,,
4678,8/5/2026 2:04,75.95,16.7874,,,,,
4679,8/5/2026 2:19,75.71,17.0451,,,,,
4680,8/5/2026 2:34,75.48,17.3051,,,,,
4681,8/5/2026 2:49,75.32,17.574,,,,,
4682,8/5/2026 3:04,75.14,17.8255,,,,,
4683,8/5/2026 3:19,74.93,18.05,,,,,
4684,8/5/2026 3:34,74.67,18.2589,,,,,
4685,8/5/2026 3:49,74.35,18.4323,,,,,
4686,8/5/2026 4:04,74.12,18.5659,,,,,
4687,8/5/2026 4:19,73.95,18.6693,,,,,
4688,8/5/2026 4:34,73.85,18.7257,,,,,
4689,8/5/2026 4:49,73.81,18.7396,,,,,
4690,8/5/2026 5:04,73.79,18.7052,,,,,
4691,8/5/2026 5:19,73.92,18.6151,,,,,
4692,8/5/2026 5:34,74.06,18.5009,,,,,
4693,8/5/2026 5:49,74.17,18.3645,,,,,
4694,8/5/2026 6:04,74.27,18.2116,,,,,
4695,8/5/2026 6:19,74.39,18.0463,,,,,
4696,8/5/2026 6:34,74.47,17.8886,,,,,
4697,8/5/2026 6:49,74.51,17.7335,,,,,
4698,8/5/2026 7:04,74.56,17.5666,,,,,
4699,8/5/2026 7:19,74.58,17.3991,,,,,
4700,8/5/2026 7:34,74.65,17.2301,,,,,
4701,8/5/2026 7:49,74.71,17.0555,,,,,
4702,8/5/2026 8:04,74.75,16.8817,,,,,
4703,8/5/2026 8:19,74.74,16.7142,,,,,
4704,8/5/2026 8:34,74.77,16.5527,,,,,
4705,8/5/2026 8:49,74.94,16.3979,,,,,
4706,8/5/2026 9:04,75.11,16.2502,,,,,
4707,8/5/2026 9:19,75.25,16.1063,,,,,
4708,8/5/2026 9:34,75.41,15.9682,,,,,
4709,8/5/2026 9:49,75.6,15.8378,,,,,
4710,8/5/2026 10:04,75.85,15.7157,,,,,
4711,8/5/2026 10:19,76.1,15.5968,,,,,
4712,8/5/2026 10:34,76.51,15.479,,,,,
4713,8/5/2026 10:49,76.81,15.3648,,,,,
4714,8/5/2026 11:04,76.98,15.2566,,,,,
4715,8/5/2026 11:19,77.11,15.1566,,,,,
4716,8/5/2026 11:34,77.55,15.0871,,,,,
4717,8/5/2026 11:49,78.14,15.1201,,,,,
4718,8/5/2026 12:04,77.56,15.2229,,,,,
4719,8/5/2026 12:19,77.27,15.3477,,,,,
4720,8/5/2026 12:34,77.78,15.4823,,,,,
4721,8/5/2026 12:49,77.86,15.6455,,,,,
4722,8/5/2026 13:04,77.83,15.823,,,,,
4723,8/5/2026 13:19,77.81,16.0259,,,,,
4724,8/5/2026 13:34,77.83,16.246,,,,,
4725,8/5/2026 13:49,77.97,16.4849,,,,,
4726,8/5/2026 14:04,77.99,16.7364,,,,,
4727,8/5/2026 14:19,77.89,16.997,,,,,
4728,8/5/2026 14:34,77.83,17.2643,,,,,
4729,8/5/2026 14:49,77.65,17.5432,,,,,
4730,8/5/2026 15:04,77.43,17.8105,,,,,
4731,8/5/2026 15:19,77.25,18.0719,,,,,
4732,8/5/2026 15:34,77.34,18.3115,,,,,
4733,8/5/2026 15:49,77.36,18.524,,,,,
4734,8/5/2026 16:04,77.25,18.7121,,,,,
4735,8/5/2026 16:19,77.01,18.8492,,,,,
4736,8/5/2026 16:34,76.7,18.9486,,,,,
4737,8/5/2026 16:49,76.47,19.0093,,,,,
4738,8/5/2026 17:04,76.33,19.0395,,,,,
4739,8/5/2026 17:19,76.14,19.0333,,,,,
4740,8/5/2026 17:34,76.11,18.995,,,,,
4741,8/5/2026 17:49,76.54,18.922,,,,,
4742,8/5/2026 18:04,77.32,18.799,,,,,
4743,8/5/2026 18:19,77.56,18.6511,,,,,
4744,8/5/2026 18:34,77.7,18.4904,,,,,
4745,8/5/2026 18:49,77.83,18.3114,,,,,
4746,8/5/2026 19:04,78,18.1289,,,,,
4747,8/5/2026 19:19,78.1,17.9502,,,,,
4748,8/5/2026 19:34,78.18,17.7666,,,,,
4749,8/5/2026 19:49,78.23,17.5863,,,,,
4750,8/5/2026 20:04,78.29,17.3993,,,,,
4751,8/5/2026 20:19,78.37,17.2132,,,,,
4752,8/5/2026 20:34,78.45,17.031,,,,,
4753,8/5/2026 20:49,78.54,16.8466,,,,,
4754,8/5/2026 21:04,78.54,16.6741,,,,,
4755,8/5/2026 21:19,78.5,16.5068,,,,,
4756,8/5/2026 21:34,78.51,16.346,,,,,
4757,8/5/2026 21:49,78.53,16.1954,,,,,
4758,8/5/2026 22:04,78.53,16.0537,,,,,
4759,8/5/2026 22:19,78.52,15.9172,,,,,
4760,8/5/2026 22:34,78.51,15.7882,,,,,
4761,8/5/2026 22:49,78.51,15.6637,,,,,
4762,8/5/2026 23:04,78.48,15.5418,,,,,
4763,8/5/2026 23:19,78.48,15.4238,,,,,
4764,8/5/2026 23:34,78.4,15.307,,,,,
4765,8/5/2026 23:49,78.4,15.1972,,,,,
4766,8/6/2026 0:04,78.36,15.0999,,,,,
4767,8/6/2026 0:19,78.36,15.0296,,,,,
4768,8/6/2026 0:34,78.29,15.0786,,,,,
4769,8/6/2026 0:49,78.36,15.1878,,,,,
4770,8/6/2026 1:04,78.33,15.3093,,,,,
4771,8/6/2026 1:19,78.2,15.4432,,,,,
4772,8/6/2026 1:34,78.07,15.5922,,,,,
4773,8/6/2026 1:49,77.88,15.7668,,,,,
4774,8/6/2026 2:04,77.74,15.9587,,,,,
4775,8/6/2026 2:19,77.54,16.1657,,,,,
4776,8/6/2026 2:34,77.39,16.3944,,,,,
4777,8/6/2026 2:49,77.16,16.6308,,,,,
4778,8/6/2026 3:04,76.91,16.8795,,,,,
4779,8/6/2026 3:19,76.68,17.1292,,,,,
4780,8/6/2026 3:34,76.49,17.3883,,,,,
4781,8/6/2026 3:49,76.3,17.6471,,,,,
4782,8/6/2026 4:04,76.1,17.8847,,,,,
4783,8/6/2026 4:19,75.86,18.0985,,,,,
4784,8/6/2026 4:34,75.61,18.2871,,,,,
4785,8/6/2026 4:49,75.31,18.4498,,,,,
4786,8/6/2026 5:04,75.1,18.5714,,,,,
4787,8/6/2026 5:19,74.93,18.6525,,,,,
4788,8/6/2026 5:34,74.82,18.6898,,,,,
4789,8/6/2026 5:49,74.78,18.6649,,,,,
4790,8/6/2026 6:04,74.83,18.5905,,,,,
4791,8/6/2026 6:19,75.16,18.4748,,,,,
4792,8/6/2026 6:34,75.38,18.3476,,,,,
4793,8/6/2026 6:49,75.56,18.214,,,,,
4794,8/6/2026 7:04,75.69,18.0696,,,,,
4795,8/6/2026 7:19,75.83,17.9329,,,,,
4796,8/6/2026 7:34,75.9,17.7842,,,,,
4797,8/6/2026 7:49,76.08,17.6219,,,,,
4798,8/6/2026 8:04,76.23,17.4629,,,,,
4799,8/6/2026 8:19,76.39,17.299,,,,,
4800,8/6/2026 8:34,76.53,17.1339,,,,,
4801,8/6/2026 8:49,76.7,16.9685,,,,,
4802,8/6/2026 9:04,76.85,16.8088,,,,,
4803,8/6/2026 9:19,76.88,16.6485,,,,,
4804,8/6/2026 9:34,76.98,16.4946,,,,,
4805,8/6/2026 9:49,77.14,16.3512,,,,,
4806,8/6/2026 10:04,77.34,16.2067,,,,,
4807,8/6/2026 10:19,77.51,16.0685,,,,,
4808,8/6/2026 10:34,77.67,15.9335,,,,,
4809,8/6/2026 10:49,77.93,15.807,,,,,
4810,8/6/2026 11:04,78.32,15.6877,,,,,
4811,8/6/2026 11:19,78.76,15.5699,,,,,
4812,8/6/2026 11:34,79.21,15.4622,,,,,
4813,8/6/2026 11:49,79.72,15.3571,,,,,
4814,8/6/2026 12:04,80,15.2654,,,,,
4815,8/6/2026 12:19,80.92,15.2025,,,,,
4816,8/6/2026 12:34,80.85,15.2192,,,,,
4817,8/6/2026 12:49,80.43,15.3175,,,,,
4818,8/6/2026 13:04,79.95,15.4319,,,,,
4819,8/6/2026 13:19,80.47,15.5735,,,,,
4820,8/6/2026 13:34,80.44,15.7291,,,,,
4821,8/6/2026 13:49,80.07,15.908,,,,,
4822,8/6/2026 14:04,80.12,16.1067,,,,,
4823,8/6/2026 14:19,80.03,16.3092,,,,,
4824,8/6/2026 14:34,80.25,16.5408,,,,,
4825,8/6/2026 14:49,80.15,16.7898,,,,,
4826,8/6/2026 15:04,79.96,17.0427,,,,,
4827,8/6/2026 15:19,79.66,17.3191,,,,,
4828,8/6/2026 15:34,79.2,17.605,,,,,
4829,8/6/2026 15:49,78.94,17.8768,,,,,
4830,8/6/2026 16:04,78.77,18.1421,,,,,
4831,8/6/2026 16:19,78.69,18.3815,,,,,
4832,8/6/2026 16:34,78.62,18.5894,,,,,
4833,8/6/2026 16:49,78.51,18.7725,,,,,
4834,8/6/2026 17:04,78.29,18.9084,,,,,
4835,8/6/2026 17:19,77.98,19.0104,,,,,
4836,8/6/2026 17:34,77.78,19.0833,,,,,
4837,8/6/2026 17:49,77.5,19.1311,,,,,
4838,8/6/2026 18:04,77.2,19.1579,,,,,
4839,8/6/2026 18:19,77.02,19.1568,,,,,
4840,8/6/2026 18:34,76.9,19.1316,,,,,
4841,8/6/2026 18:49,77.18,19.055,,,,,
4842,8/6/2026 19:04,77.75,18.9211,,,,,
4843,8/6/2026 19:19,78.45,18.7565,,,,,
4844,8/6/2026 19:34,78.73,18.5794,,,,,
4845,8/6/2026 19:49,78.9,18.3871,,,,,
4846,8/6/2026 20:04,79.04,18.1942,,,,,
4847,8/6/2026 20:19,79.25,18.0081,,,,,
4848,8/6/2026 20:34,79.41,17.8196,,,,,
4849,8/6/2026 20:49,79.61,17.6269,,,,,
4850,8/6/2026 21:04,79.77,17.4388,,,,,
4851,8/6/2026 21:19,79.94,17.254,,,,,
4852,8/6/2026 21:34,80.1,17.0695,,,,,
4853,8/6/2026 21:49,80.22,16.8875,,,,,
4854,8/6/2026 22:04,80.28,16.7101,,,,,
4855,8/6/2026 22:19,80.21,16.542,,,,,
4856,8/6/2026 22:34,80.24,16.3768,,,,,
4857,8/6/2026 22:49,80.32,16.2175,,,,,
4858,8/6/2026 23:04,80.38,16.0753,,,,,
4859,8/6/2026 23:19,80.44,15.9395,,,,,
4860,8/6/2026 23:34,80.45,15.8043,,,,,
4861,8/6/2026 23:49,80.46,15.6798,,,,,
4862,8/7/2026 0:04,80.44,15.5547,,,,,
4863,8/7/2026 0:19,80.47,15.4436,,,,,
4864,8/7/2026 0:34,80.48,15.3325,,,,,
4865,8/7/2026 0:49,80.47,15.224,,,,,
4866,8/7/2026 1:04,80.39,15.1309,,,,,
4867,8/7/2026 1:19,80.35,15.0673,,,,,
4868,8/7/2026 1:34,80.36,15.1041,,,,,
4869,8/7/2026 1:49,80.4,15.197,,,,,
4870,8/7/2026 2:04,80.41,15.3243,,,,,
4871,8/7/2026 2:19,80.32,15.457,,,,,
4872,8/7/2026 2:34,80.2,15.6036,,,,,
4873,8/7/2026 2:49,80.05,15.7821,,,,,
4874,8/7/2026 3:04,79.9,15.9734,,,,,
4875,8/7/2026 3:19,79.69,16.1835,,,,,
4876,8/7/2026 3:34,79.56,16.4029,,,,,
4877,8/7/2026 3:49,79.33,16.6369,,,,,
4878,8/7/2026 4:04,78.95,16.8752,,,,,
4879,8/7/2026 4:19,78.65,17.1242,,,,,
4880,8/7/2026 4:34,78.43,17.3705,,,,,
4881,8/7/2026 4:49,78.22,17.6243,,,,,
4882,8/7/2026 5:04,77.98,17.8523,,,,,
4883,8/7/2026 5:19,77.7,18.0768,,,,,
4884,8/7/2026 5:34,77.44,18.2647,,,,,
4885,8/7/2026 5:49,77.19,18.4116,,,,,
4886,8/7/2026 6:04,77,18.5212,,,,,
4887,8/7/2026 6:19,76.87,18.5877,,,,,
4888,8/7/2026 6:34,76.75,18.6167,,,,,
4889,8/7/2026 6:49,76.66,18.5942,,,,,
4890,8/7/2026 7:04,76.73,18.5161,,,,,
4891,8/7/2026 7:19,76.97,18.4022,,,,,
4892,8/7/2026 7:34,77.26,18.2866,,,,,
4893,8/7/2026 7:49,77.72,18.1428,,,,,
4894,8/7/2026 8:04,77.79,18.0034,,,,,
4895,8/7/2026 8:19,77.96,17.8694,,,,,
4896,8/7/2026 8:34,78.11,17.7247,,,,,
4897,8/7/2026 8:49,78.22,17.5806,,,,,
4898,8/7/2026 9:04,78.37,17.4286,,,,,
4899,8/7/2026 9:19,78.92,17.2681,,,,,
4900,8/7/2026 9:34,79.11,17.0994,,,,,
4901,8/7/2026 9:49,79.2,16.9407,,,,,
4902,8/7/2026 10:04,79.45,16.7775,,,,,
4903,8/7/2026 10:19,79.6,16.6211,,,,,
4904,8/7/2026 10:34,79.88,16.4658,,,,,
4905,8/7/2026 10:49,80.25,16.3178,,,,,
4906,8/7/2026 11:04,80.55,16.1773,,,,,
4907,8/7/2026 11:19,80.93,16.0408,,,,,
4908,8/7/2026 11:34,81.32,15.9107,,,,,
4909,8/7/2026 11:49,81.69,15.7863,,,,,
4910,8/7/2026 12:04,82.18,15.6704,,,,,
4911,8/7/2026 12:19,82.62,15.5582,,,,,
4912,8/7/2026 12:34,82.99,15.4515,,,,,
4913,8/7/2026 12:49,83.6,15.3548,,,,,
4914,8/7/2026 13:04,84.34,15.2716,,,,,
4915,8/7/2026 13:19,85.15,15.2235,,,,,
4916,8/7/2026 13:34,84.79,15.2726,,,,,
4917,8/7/2026 13:49,83.87,15.3742,,,,,
4918,8/7/2026 14:04,83.83,15.5084,,,,,
4919,8/7/2026 14:19,84.2,15.6548,,,,,
4920,8/7/2026 14:34,84.15,15.8249,,,,,
4921,8/7/2026 14:49,83.77,16.0151,,,,,
4922,8/7/2026 15:04,83.51,16.209,,,,,
4923,8/7/2026 15:19,83.57,16.4245,,,,,
4924,8/7/2026 15:34,83.49,16.6583,,,,,
4925,8/7/2026 15:49,83.27,16.9097,,,,,
4926,8/7/2026 16:04,83,17.1702,,,,,
4927,8/7/2026 16:19,82.56,17.4339,,,,,
4928,8/7/2026 16:34,82.12,17.7126,,,,,
4929,8/7/2026 16:49,81.77,17.9767,,,,,
4930,8/7/2026 17:04,81.66,18.2292,,,,,
4931,8/7/2026 17:19,81.67,18.467,,,,,
4932,8/7/2026 17:34,81.55,18.6768,,,,,
4933,8/7/2026 17:49,81.3,18.8406,,,,,
4934,8/7/2026 18:04,80.8,18.9625,,,,,
4935,8/7/2026 18:19,80.39,19.0585,,,,,
4936,8/7/2026 18:34,79.99,19.122,,,,,
4937,8/7/2026 18:49,79.6,19.1619,,,,,
4938,8/7/2026 19:04,79.3,19.188,,,,,
4939,8/7/2026 19:19,79.07,19.1855,,,,,
4940,8/7/2026 19:34,78.94,19.1532,,,,,
4941,8/7/2026 19:49,79.33,19.0859,,,,,
4942,8/7/2026 20:04,79.93,18.9648,,,,,
4943,8/7/2026 20:19,80.68,18.811,,,,,
4944,8/7/2026 20:34,81.18,18.6281,,,,,
4945,8/7/2026 20:49,81.29,18.4368,,,,,
4946,8/7/2026 21:04,81.59,18.2423,,,,,
4947,8/7/2026 21:19,81.73,18.0534,,,,,
4948,8/7/2026 21:34,81.9,17.8648,,,,,
4949,8/7/2026 21:49,82.05,17.6656,,,,,
4950,8/7/2026 22:04,82.2,17.4716,,,,,
4951,8/7/2026 22:19,82.34,17.2824,,,,,
4952,8/7/2026 22:34,82.52,17.0883,,,,,
4953,8/7/2026 22:49,82.67,16.9039,,,,,
4954,8/7/2026 23:04,82.74,16.722,,,,,
4955,8/7/2026 23:19,82.6,16.5455,,,,,
4956,8/7/2026 23:34,82.58,16.3789,,,,,
4957,8/7/2026 23:49,82.64,16.2171,,,,,
4958,8/8/2026 0:04,82.66,16.0678,,,,,
4959,8/8/2026 0:19,82.61,15.9267,,,,,
4960,8/8/2026 0:34,82.58,15.7951,,,,,
4961,8/8/2026 0:49,82.56,15.6637,,,,,
4962,8/8/2026 1:04,82.51,15.5423,,,,,
4963,8/8/2026 1:19,82.45,15.4248,,,,,
4964,8/8/2026 1:34,82.41,15.3017,,,,,
4965,8/8/2026 1:49,82.43,15.1914,,,,,
4966,8/8/2026 2:04,82.37,15.0853,,,,,
4967,8/8/2026 2:19,82.21,15.0164,,,,,
4968,8/8/2026 2:34,81.77,14.9949,,,,,
4969,8/8/2026 2:49,81.58,15.05,,,,,
4970,8/8/2026 3:04,81.8,15.1857,,,,,
4971,8/8/2026 3:19,81.85,15.3173,,,,,
4972,8/8/2026 3:34,81.71,15.4656,,,,,
4973,8/8/2026 3:49,81.57,15.6284,,,,,
4974,8/8/2026 4:04,81.57,15.8117,,,,,
4975,8/8/2026 4:19,81.56,16.0096,,,,,
4976,8/8/2026 4:34,81.58,16.221,,,,,
4977,8/8/2026 4:49,81.3,16.4577,,,,,
4978,8/8/2026 5:04,80.99,16.7029,,,,,
4979,8/8/2026 5:19,80.73,16.9568,,,,,
4980,8/8/2026 5:34,80.49,17.2256,,,,,
4981,8/8/2026 5:49,80.34,17.4799,,,,,
4982,8/8/2026 6:04,80.13,17.7224,,,,,
4983,8/8/2026 6:19,79.85,17.9436,,,,,
4984,8/8/2026 6:34,79.56,18.1371,,,,,
4985,8/8/2026 6:49,79.26,18.3123,,,,,
4986,8/8/2026 7:04,79.02,18.4484,,,,,
4987,8/8/2026 7:19,78.85,18.5288,,,,,
4988,8/8/2026 7:34,78.73,18.568,,,,,
4989,8/8/2026 7:49,78.7,18.5628,,,,,
4990,8/8/2026 8:04,78.68,18.5119,,,,,
4991,8/8/2026 8:19,78.88,18.4277,,,,,
4992,8/8/2026 8:34,78.88,18.3152,,,,,
4993,8/8/2026 8:49,79.56,18.1834,,,,,
4994,8/8/2026 9:04,79.93,18.0453,,,,,
4995,8/8/2026 9:19,80.21,17.8855,,,,,
4996,8/8/2026 9:34,79.72,17.7417,,,,,
4997,8/8/2026 9:49,80.15,17.6085,,,,,
4998,8/8/2026 10:04,80.6,17.4483,,,,,
4999,8/8/2026 10:19,80.69,17.2924,,,,,
5000,8/8/2026 10:34,81.13,17.123,,,,,
5001,8/8/2026 10:49,81.32,16.9651,,,,,
5002,8/8/2026 11:04,81.37,16.7988,,,,,
5003,8/8/2026 11:19,81.36,16.6377,,,,,
5004,8/8/2026 11:34,81.64,16.4836,,,,,
5005,8/8/2026 11:49,82.06,16.3369,,,,,
5006,8/8/2026 12:04,82.43,16.1978,,,,,
5007,8/8/2026 12:19,82.85,16.0626,,,,,
5008,8/8/2026 12:34,83.16,15.9323,,,,,
5009,8/8/2026 12:49,83.34,15.8068,,,,,
5010,8/8/2026 13:04,83.37,15.6849,,,,,
5011,8/8/2026 13:19,83.54,15.5752,,,,,
5012,8/8/2026 13:34,83.83,15.4684,,,,,
5013,8/8/2026 13:49,84.02,15.3695,,,,,
5014,8/8/2026 14:04,84.16,15.2831,,,,,
5015,8/8/2026 14:19,84.27,15.2259,,,,,
5016,8/8/2026 14:34,84.29,15.254,,,,,
5017,8/8/2026 14:49,83.97,15.3438,,,,,
5018,8/8/2026 15:04,83.98,15.4743,,,,,
5019,8/8/2026 15:19,84.5,15.6261,,,,,
5020,8/8/2026 15:34,84.34,15.7959,,,,,
5021,8/8/2026 15:49,84.28,15.9749,,,,,
5022,8/8/2026 16:04,84.09,16.162,,,,,
5023,8/8/2026 16:19,83.87,16.3806,,,,,
5024,8/8/2026 16:34,83.88,16.6019,,,,,
5025,8/8/2026 16:49,83.87,16.845,,,,,
5026,8/8/2026 17:04,83.86,17.1148,,,,,
5027,8/8/2026 17:19,83.57,17.3908,,,,,
5028,8/8/2026 17:34,83.09,17.6833,,,,,
5029,8/8/2026 17:49,82.86,17.968,,,,,
5030,8/8/2026 18:04,82.77,18.242,,,,,
5031,8/8/2026 18:19,82.63,18.4865,,,,,
5032,8/8/2026 18:34,82.41,18.6923,,,,,
5033,8/8/2026 18:49,82.12,18.8522,,,,,
5034,8/8/2026 19:04,81.68,18.9838,,,,,
5035,8/8/2026 19:19,81.25,19.0824,,,,,
5036,8/8/2026 19:34,80.8,19.1604,,,,,
5037,8/8/2026 19:49,80.24,19.2038,,,,,
5038,8/8/2026 20:04,79.73,19.2376,,,,,
5039,8/8/2026 20:19,79.33,19.2584,,,,,
5040,8/8/2026 20:34,78.83,19.2629,,,,,
5041,8/8/2026 20:49,78.47,19.2332,,,,,
5042,8/8/2026 21:04,78.53,19.1554,,,,,
5043,8/8/2026 21:19,79.42,19.0152,,,,,
5044,8/8/2026 21:34,80.24,18.8654,,,,,
5045,8/8/2026 21:49,80.89,18.6892,,,,,
5046,8/8/2026 22:04,81.34,18.4897,,,,,
5047,8/8/2026 22:19,81.56,18.274,,,,,
5048,8/8/2026 22:34,81.81,18.0536,,,,,
5049,8/8/2026 22:49,81.87,17.8457,,,,,
5050,8/8/2026 23:04,81.87,17.6335,,,,,
5051,8/8/2026 23:19,81.85,17.4234,,,,,
5052,8/8/2026 23:34,81.83,17.2161,,,,,
5053,8/8/2026 23:49,81.78,17.0204,,,,,
5054,8/9/2026 0:04,81.73,16.8299,,,,,
5055,8/9/2026 0:19,81.62,16.6465,,,,,
5056,8/9/2026 0:34,81.48,16.4726,,,,,
5057,8/9/2026 0:49,81.37,16.3058,,,,,
5058,8/9/2026 1:04,81.24,16.1493,,,,,
5059,8/9/2026 1:19,81.12,15.9967,,,,,
5060,8/9/2026 1:34,80.97,15.8542,,,,,
5061,8/9/2026 1:49,80.85,15.7188,,,,,
5062,8/9/2026 2:04,80.65,15.5927,,,,,
5063,8/9/2026 2:19,80.46,15.4661,,,,,
5064,8/9/2026 2:34,80.27,15.3427,,,,,
5065,8/9/2026 2:49,80.09,15.2257,,,,,
5066,8/9/2026 3:04,79.96,15.107,,,,,
5067,8/9/2026 3:19,79.79,14.9964,,,,,
5068,8/9/2026 3:34,79.66,14.9146,,,,,
5069,8/9/2026 3:49,79.52,14.9012,,,,,
5070,8/9/2026 4:04,79.56,15.0227,,,,,
5071,8/9/2026 4:19,79.6,15.1498,,,,,
5072,8/9/2026 4:34,79.51,15.2868,,,,,
5073,8/9/2026 4:49,79.72,15.4376,,,,,
5074,8/9/2026 5:04,79.6,15.6186,,,,,
5075,8/9/2026 5:19,79.57,15.8299,,,,,
5076,8/9/2026 5:34,79.51,16.0508,,,,,
5077,8/9/2026 5:49,79.53,16.2898,,,,,
5078,8/9/2026 6:04,79.63,16.5432,,,,,
5079,8/9/2026 6:19,79.75,16.7983,,,,,
5080,8/9/2026 6:34,79.86,17.0645,,,,,
5081,8/9/2026 6:49,79.86,17.3397,,,,,
5082,8/9/2026 7:04,79.77,17.6089,,,,,
5083,8/9/2026 7:19,79.59,17.8567,,,,,
5084,8/9/2026 7:34,79.34,18.0762,,,,,
5085,8/9/2026 7:49,79,18.2665,,,,,
5086,8/9/2026 8:04,78.75,18.4223,,,,,
5087,8/9/2026 8:19,78.56,18.5453,,,,,
5088,8/9/2026 8:34,78.47,18.6119,,,,,
5089,8/9/2026 8:49,78.44,18.6443,,,,,
5090,8/9/2026 9:04,78.43,18.6303,,,,,
5091,8/9/2026 9:19,78.46,18.5629,,,,,
5092,8/9/2026 9:34,78.55,18.4568,,,,,
5093,8/9/2026 9:49,78.75,18.3333,,,,,
5094,8/9/2026 10:04,79.76,18.1839,,,,,
5095,8/9/2026 10:19,80.09,18.0266,,,,,
5096,8/9/2026 10:34,80.06,17.8699,,,,,
5097,8/9/2026 10:49,80.01,17.7209,,,,,
5098,8/9/2026 11:04,80.36,17.559,,,,,
5099,8/9/2026 11:19,80.4,17.3928,,,,,
5100,8/9/2026 11:34,80.45,17.2255,,,,,
5101,8/9/2026 11:49,80.87,17.0517,,,,,
5102,8/9/2026 12:04,81.12,16.877,,,,,
5103,8/9/2026 12:19,81.26,16.7142,,,,,
5104,8/9/2026 12:34,81.3,16.5501,,,,,
5105,8/9/2026 12:49,81.72,16.3971,,,,,
5106,8/9/2026 13:04,81.92,16.2424,,,,,
5107,8/9/2026 13:19,82.07,16.0985,,,,,
5108,8/9/2026 13:34,82.2,15.9603,,,,,
5109,8/9/2026 13:49,82.4,15.8235,,,,,
5110,8/9/2026 14:04,82.72,15.6972,,,,,
5111,8/9/2026 14:19,82.97,15.5758,,,,,
5112,8/9/2026 14:34,83.36,15.4623,,,,,
5113,8/9/2026 14:49,83.74,15.3564,,,,,
5114,8/9/2026 15:04,83.9,15.255,,,,,
5115,8/9/2026 15:19,84.07,15.1712,,,,,
5116,8/9/2026 15:34,84.39,15.1314,,,,,
5117,8/9/2026 15:49,83.6,15.217,,,,,
5118,8/9/2026 16:04,83.34,15.3231,,,,,
5119,8/9/2026 16:19,83.31,15.4566,,,,,
5120,8/9/2026 16:34,83.45,15.6175,,,,,
5121,8/9/2026 16:49,83.3,15.8011,,,,,
5122,8/9/2026 17:04,83.18,15.9994,,,,,
5123,8/9/2026 17:19,83.1,16.2225,,,,,
5124,8/9/2026 17:34,83.02,16.4622,,,,,
5125,8/9/2026 17:49,82.83,16.7248,,,,,
5126,8/9/2026 18:04,82.65,17.0028,,,,,
5127,8/9/2026 18:19,82.38,17.2989,,,,,
5128,8/9/2026 18:34,82.04,17.6022,,,,,
5129,8/9/2026 18:49,81.7,17.8992,,,,,
5130,8/9/2026 19:04,81.44,18.188,,,,,
5131,8/9/2026 19:19,81.29,18.4552,,,,,
5132,8/9/2026 19:34,81.1,18.6961,,,,,
5133,8/9/2026 19:49,80.8,18.8866,,,,,
5134,8/9/2026 20:04,80.4,19.0349,,,,,
5135,8/9/2026 20:19,79.94,19.1391,,,,,
5136,8/9/2026 20:34,79.42,19.2228,,,,,
5137,8/9/2026 20:49,78.7,19.2868,,,,,
5138,8/9/2026 21:04,77.84,19.3442,,,,,
5139,8/9/2026 21:19,77.09,19.3813,,,,,
5140,8/9/2026 21:34,76.3,19.3985,,,,,
5141,8/9/2026 21:49,75.62,19.3771,,,,,
5142,8/9/2026 22:04,75.55,19.3149,,,,,
5143,8/9/2026 22:19,76.48,19.1976,,,,,
5144,8/9/2026 22:34,77.51,19.0501,,,,,
5145,8/9/2026 22:49,78.27,18.8854,,,,,
5146,8/9/2026 23:04,79,18.696,,,,,
5147,8/9/2026 23:19,79.33,18.4753,,,,,
5148,8/9/2026 23:34,79.77,18.2595,,,,,
5149,8/9/2026 23:49,79.88,18.0312,,,,,
5150,8/10/2026 0:04,79.82,17.8072,,,,,
5151,8/10/2026 0:19,79.8,17.5856,,,,,
5152,8/10/2026 0:34,79.79,17.3743,,,,,
5153,8/10/2026 0:49,79.71,17.1683,,,,,
5154,8/10/2026 1:04,79.62,16.9669,,,,,
5155,8/10/2026 1:19,79.51,16.7726,,,,,
5156,8/10/2026 1:34,79.38,16.5949,,,,,
5157,8/10/2026 1:49,79.26,16.4155,,,,,
5158,8/10/2026 2:04,79.14,16.2482,,,,,
5159,8/10/2026 2:19,79.02,16.0943,,,,,
5160,8/10/2026 2:34,78.86,15.9454,,,,,
5161,8/10/2026 2:49,78.72,15.8068,,,,,
5162,8/10/2026 3:04,78.51,15.6738,,,,,
5163,8/10/2026 3:19,78.16,15.5455,,,,,
5164,8/10/2026 3:34,78.02,15.4197,,,,,
5165,8/10/2026 3:49,77.82,15.2983,,,,,
5166,8/10/2026 4:04,77.63,15.1769,,,,,
5167,8/10/2026 4:19,77.5,15.054,,,,,
5168,8/10/2026 4:34,77.37,14.9504,,,,,
5169,8/10/2026 4:49,77.11,14.8653,,,,,
5170,8/10/2026 5:04,77.09,14.8733,,,,,
5171,8/10/2026 5:19,77.28,15.0186,,,,,
5172,8/10/2026 5:34,77.24,15.1624,,,,,
5173,8/10/2026 5:49,77.05,15.3191,,,,,
5174,8/10/2026 6:04,77.21,15.4855,,,,,
5175,8/10/2026 6:19,77.23,15.6817,,,,,
5176,8/10/2026 6:34,77.24,15.9057,,,,,
5177,8/10/2026 6:49,77.25,16.155,,,,,
5178,8/10/2026 7:04,77.56,16.4136,,,,,
5179,8/10/2026 7:19,77.94,16.6879,,,,,
5180,8/10/2026 7:34,78.21,16.9737,,,,,
5181,8/10/2026 7:49,78.38,17.2713,,,,,
5182,8/10/2026 8:04,78.54,17.5643,,,,,
5183,8/10/2026 8:19,78.48,17.837,,,,,
5184,8/10/2026 8:34,78.28,18.0953,,,,,
5185,8/10/2026 8:49,77.96,18.3244,,,,,
5186,8/10/2026 9:04,77.73,18.5147,,,,,
5187,8/10/2026 9:19,77.61,18.6703,,,,,
5188,8/10/2026 9:34,77.5,18.7771,,,,,
5189,8/10/2026 9:49,77.46,18.8344,,,,,
5190,8/10/2026 10:04,77.43,18.8356,,,,,
5191,8/10/2026 10:19,77.45,18.7808,,,,,
5192,8/10/2026 10:34,77.61,18.6735,,,,,
5193,8/10/2026 10:49,78.07,18.5403,,,,,
5194,8/10/2026 11:04,78.34,18.3972,,,,,
5195,8/10/2026 11:19,78.57,18.2484,,,,,
5196,8/10/2026 11:34,78.82,18.0864,,,,,
5197,8/10/2026 11:49,79.09,17.9177,,,,,
5198,8/10/2026 12:04,79.3,17.7597,,,,,
5199,8/10/2026 12:19,79.45,17.5879,,,,,
5200,8/10/2026 12:34,79.56,17.3978,,,,,
5201,8/10/2026 12:49,79.68,17.2225,,,,,
5202,8/10/2026 13:04,79.69,17.0446,,,,,
5203,8/10/2026 13:19,79.75,16.8638,,,,,
5204,8/10/2026 13:34,79.87,16.6859,,,,,
5205,8/10/2026 13:49,80.12,16.5204,,,,,
5206,8/10/2026 14:04,80.21,16.3579,,,,,
5207,8/10/2026 14:19,80.35,16.2013,,,,,
5208,8/10/2026 14:34,80.42,16.056,,,,,
5209,8/10/2026 14:49,80.49,15.9139,,,,,
5210,8/10/2026 15:04,80.47,15.7774,,,,,
5211,8/10/2026 15:19,80.55,15.6481,,,,,
5212,8/10/2026 15:34,80.61,15.5288,,,,,
5213,8/10/2026 15:49,80.67,15.4116,,,,,
5214,8/10/2026 16:04,80.74,15.2994,,,,,
5215,8/10/2026 16:19,80.86,15.198,,,,,
5216,8/10/2026 16:34,81.04,15.118,,,,,
5217,8/10/2026 16:49,81.17,15.102,,,,,
5218,8/10/2026 17:04,80.92,15.2149,,,,,
5219,8/10/2026 17:19,80.86,15.3471,,,,,
5220,8/10/2026 17:34,80.96,15.5059,,,,,
5221,8/10/2026 17:49,80.93,15.6821,,,,,
5222,8/10/2026 18:04,80.89,15.8835,,,,,
5223,8/10/2026 18:19,80.88,16.1096,,,,,
5224,8/10/2026 18:34,80.87,16.365,,,,,
5225,8/10/2026 18:49,80.81,16.6389,,,,,
5226,8/10/2026 19:04,80.69,16.9334,,,,,
5227,8/10/2026 19:19,80.43,17.2349,,,,,
5228,8/10/2026 19:34,80.14,17.5585,,,,,
5229,8/10/2026 19:49,79.8,17.8794,,,,,
5230,8/10/2026 20:04,79.5,18.1947,,,,,
5231,8/10/2026 20:19,79.29,18.4949,,,,,
5232,8/10/2026 20:34,79.03,18.7636,,,,,
5233,8/10/2026 20:49,78.68,18.9534,,,,,
5234,8/10/2026 21:04,78.24,19.0883,,,,,
5235,8/10/2026 21:19,77.75,19.2007,,,,,
5236,8/10/2026 21:34,77.17,19.2849,,,,,
5237,8/10/2026 21:49,76.42,19.3605,,,,,
5238,8/10/2026 22:04,75.33,19.4313,,,,,
5239,8/10/2026 22:19,74.31,19.4903,,,,,
5240,8/10/2026 22:34,73.52,19.5293,,,,,
5241,8/10/2026 22:49,73.08,19.5353,,,,,
5242,8/10/2026 23:04,72.83,19.5142,,,,,
5243,8/10/2026 23:19,73,19.427,,,,,
5244,8/10/2026 23:34,73.54,19.2883,,,,,
5245,8/10/2026 23:49,74.27,19.1297,,,,,
5246,8/11/2026 0:04,75.16,18.9729,,,,,
5247,8/11/2026 0:19,75.91,18.7841,,,,,
5248,8/11/2026 0:34,76.69,18.565,,,,,
5249,8/11/2026 0:49,77.25,18.3234,,,,,
5250,8/11/2026 1:04,77.6,18.0651,,,,,
5251,8/11/2026 1:19,77.81,17.8101,,,,,
5252,8/11/2026 1:34,77.91,17.5666,,,,,
5253,8/11/2026 1:49,77.95,17.3303,,,,,
5254,8/11/2026 2:04,77.93,17.1081,,,,,
5255,8/11/2026 2:19,77.89,16.8968,,,,,
5256,8/11/2026 2:34,77.86,16.6946,,,,,
5257,8/11/2026 2:49,77.76,16.5102,,,,,
5258,8/11/2026 3:04,77.66,16.3335,,,,,
5259,8/11/2026 3:19,77.56,16.1682,,,,,
5260,8/11/2026 3:34,77.45,16.0138,,,,,
5261,8/11/2026 3:49,77.37,15.8646,,,,,
5262,8/11/2026 4:04,77.24,15.7223,,,,,
5263,8/11/2026 4:19,77.03,15.5875,,,,,
5264,8/11/2026 4:34,76.87,15.4623,,,,,
5265,8/11/2026 4:49,76.68,15.3408,,,,,
5266,8/11/2026 5:04,76.6,15.2222,,,,,
5267,8/11/2026 5:19,76.46,15.1023,,,,,
5268,8/11/2026 5:34,76.32,14.985,,,,,
5269,8/11/2026 5:49,76.38,14.8818,,,,,
5270,8/11/2026 6:03,,,,,,Logged,Logged
5271,8/11/2026 6:03,,,,,,Logged,Logged
5272,8/11/2026 6:04,75.28,14.605,,,,,
5273,8/11/2026 6:04,,,,,,,Logged
5274,8/11/2026 6:04,,,,,,Logged,
5275,8/11/2026 6:04,,,,,,,Logged
5276,8/11/2026 6:04,,,,,,Logged,Logged
5277,8/11/2026 6:04,,,,,,Logged,
5278,8/11/2026 6:04,,,Logged,,,,
5279,8/11/2026 6:19,70.94,14.6154,,,,,
5280,8/11/2026 6:34,72.66,14.6143,,,,,
5281,8/11/2026 6:49,75.95,14.9426,,,,,
5282,8/11/2026 7:04,76.14,15.1123,,,,,
5283,8/11/2026 7:19,76.28,15.3126,,,,,
5284,8/11/2026 7:34,76.41,15.5506,,,,,
5285,8/11/2026 7:49,76.5,15.8165,,,,,
5286,8/11/2026 8:04,76.78,16.1051,,,,,
5287,8/11/2026 8:19,77.21,16.3997,,,,,
5288,8/11/2026 8:34,77.43,16.7044,,,,,
5289,8/11/2026 8:49,77.58,17.0284,,,,,
5290,8/11/2026 9:04,77.72,17.3462,,,,,
5291,8/11/2026 9:19,77.59,17.65,,,,,
5292,8/11/2026 9:34,77.31,17.9313,,,,,
5293,8/11/2026 9:49,77.12,18.1693,,,,,
5294,8/11/2026 10:04,76.99,18.3685,,,,,
5295,8/11/2026 10:19,76.86,18.5177,,,,,
5296,8/11/2026 10:34,76.64,18.6215,,,,,
5297,8/11/2026 10:49,76.42,18.6904,,,,,
5298,8/11/2026 11:04,76.26,18.718,,,,,
5299,8/11/2026 11:19,76.16,18.7133,,,,,
5300,8/11/2026 11:34,76.18,18.6733,,,,,
5301,8/11/2026 11:49,76.99,18.5689,,,,,
5302,8/11/2026 12:04,77.66,18.4025,,,,,
5303,8/11/2026 12:19,77.9,18.2239,,,,,
5304,8/11/2026 12:34,78.11,18.0302,,,,,
5305,8/11/2026 12:49,78.48,17.8332,,,,,
5306,8/11/2026 13:04,78.67,17.6373,,,,,
5307,8/11/2026 13:19,78.94,17.4482,,,,,
5308,8/11/2026 13:34,79.14,17.2528,,,,,
5309,8/11/2026 13:49,79.37,17.0413,,,,,
5310,8/11/2026 14:04,79.63,16.8478,,,,,
5311,8/11/2026 14:19,79.92,16.6508,,,,,
5312,8/11/2026 14:34,80.05,16.4568,,,,,
5313,8/11/2026 14:49,80.52,16.2751,,,,,
5314,8/11/2026 15:04,80.5,16.0994,,,,,
5315,8/11/2026 15:19,80.55,15.9316,,,,,
5316,8/11/2026 15:34,80.64,15.779,,,,,
5317,8/11/2026 15:49,80.76,15.626,,,,,
5318,8/11/2026 16:04,80.79,15.483,,,,,
5319,8/11/2026 16:19,80.89,15.3459,,,,,
5320,8/11/2026 16:34,80.95,15.2175,,,,,
5321,8/11/2026 16:49,81,15.0942,,,,,
5322,8/11/2026 17:04,81.08,14.9754,,,,,
5323,8/11/2026 17:19,80.91,14.8568,,,,,
5324,8/11/2026 17:34,81.09,14.754,,,,,
5325,8/11/2026 17:49,80.94,14.6747,,,,,
5326,8/11/2026 18:04,80.69,14.6966,,,,,
5327,8/11/2026 18:19,80.59,14.8394,,,,,
5328,8/11/2026 18:34,80.53,14.9948,,,,,
5329,8/11/2026 18:49,80.32,15.1657,,,,,
5330,8/11/2026 19:04,80.15,15.3761,,,,,
5331,8/11/2026 19:19,79.95,15.6093,,,,,
5332,8/11/2026 19:34,79.9,15.8769,,,,,
5333,8/11/2026 19:49,79.75,16.1761,,,,,
5334,8/11/2026 20:04,79.44,16.4887,,,,,
5335,8/11/2026 20:19,79.13,16.8303,,,,,
5336,8/11/2026 20:34,78.85,17.1884,,,,,
5337,8/11/2026 20:49,78.53,17.5465,,,,,
5338,8/11/2026 21:04,78.12,17.8926,,,,,
5339,8/11/2026 21:19,77.72,18.2222,,,,,
5340,8/11/2026 21:34,77.41,18.5024,,,,,
5341,8/11/2026 21:49,77.11,18.7124,,,,,
5342,8/11/2026 22:04,76.71,18.8587,,,,,
5343,8/11/2026 22:19,76.31,18.968,,,,,
5344,8/11/2026 22:34,75.79,19.065,,,,,
5345,8/11/2026 22:49,74.8,19.1559,,,,,
5346,8/11/2026 23:04,73.66,19.2272,,,,,
5347,8/11/2026 23:19,72.67,19.3041,,,,,
5348,8/11/2026 23:34,71.78,19.3492,,,,,
5349,8/11/2026 23:49,71.11,19.3707,,,,,
5350,8/12/2026 0:04,70.81,19.354,,,,,
5351,8/12/2026 0:19,71.21,19.2802,,,,,
5352,8/12/2026 0:34,71.33,19.1476,,,,,
5353,8/12/2026 0:49,72.03,18.9898,,,,,
5354,8/12/2026 1:04,72.9,18.8394,,,,,
5355,8/12/2026 1:19,73.62,18.6494,,,,,
5356,8/12/2026 1:34,74.25,18.4409,,,,,
5357,8/12/2026 1:49,74.76,18.2013,,,,,
5358,8/12/2026 2:04,75.2,17.9365,,,,,
5359,8/12/2026 2:19,75.39,17.657,,,,,
5360,8/12/2026 2:34,75.46,17.3948,,,,,
5361,8/12/2026 2:49,75.49,17.1512,,,,,
5362,8/12/2026 3:04,75.47,16.9229,,,,,
5363,8/12/2026 3:19,75.42,16.705,,,,,
5364,8/12/2026 3:34,75.39,16.5044,,,,,
5365,8/12/2026 3:49,75.24,16.3132,,,,,
5366,8/12/2026 4:04,75.06,16.1347,,,,,
5367,8/12/2026 4:19,74.98,15.9679,,,,,
5368,8/12/2026 4:34,74.93,15.8138,,,,,
5369,8/12/2026 4:49,74.78,15.666,,,,,
5370,8/12/2026 5:04,74.65,15.5239,,,,,
5371,8/12/2026 5:19,74.42,15.3887,,,,,
5372,8/12/2026 5:34,74.05,15.2645,,,,,
5373,8/12/2026 5:49,73.88,15.1432,,,,,
5374,8/12/2026 6:04,73.69,15.0252,,,,,
5375,8/12/2026 6:19,73.57,14.9055,,,,,
5376,8/12/2026 6:34,73.49,14.791,,,,,
5377,8/12/2026 6:49,73.43,14.6797,,,,,
5378,8/12/2026 7:04,71.11,14.5965,,,,,
5379,8/12/2026 7:19,67.83,14.5998,,,,,
5380,8/12/2026 7:34,72.44,14.7467,,,,,
5381,8/12/2026 7:49,73.23,14.9086,,,,,
5382,8/12/2026 8:04,73.3,15.0929,,,,,
5383,8/12/2026 8:19,73.64,15.3048,,,,,
5384,8/12/2026 8:34,73.95,15.5631,,,,,
5385,8/12/2026 8:49,74.19,15.8449,,,,,
5386,8/12/2026 9:04,74.6,16.1563,,,,,
5387,8/12/2026 9:19,75.26,16.4796,,,,,
5388,8/12/2026 9:34,75.61,16.8256,,,,,
5389,8/12/2026 9:49,75.85,17.1722,,,,,
5390,8/12/2026 10:04,76.05,17.5124,,,,,
5391,8/12/2026 10:19,75.89,17.8316,,,,,
5392,8/12/2026 10:34,75.74,18.1198,,,,,
5393,8/12/2026 10:49,75.68,18.3597,,,,,
5394,8/12/2026 11:04,75.57,18.554,,,,,
5395,8/12/2026 11:19,75.39,18.686,,,,,
5396,8/12/2026 11:34,75.09,18.7802,,,,,
5397,8/12/2026 11:49,74.82,18.8331,,,,,
5398,8/12/2026 12:04,74.67,18.8595,,,,,
5399,8/12/2026 12:19,74.55,18.8516,,,,,
5400,8/12/2026 12:34,74.47,18.81,,,,,
5401,8/12/2026 12:49,74.88,18.7128,,,,,
5402,8/12/2026 13:04,76.13,18.5605,,,,,
5403,8/12/2026 13:19,76.42,18.3786,,,,,
5404,8/12/2026 13:34,76.84,18.175,,,,,
5405,8/12/2026 13:49,77.04,17.9725,,,,,
5406,8/12/2026 14:04,77.22,17.7568,,,,,
5407,8/12/2026 14:19,77.5,17.5505,,,,,
5408,8/12/2026 14:34,77.76,17.3318,,,,,
5409,8/12/2026 14:49,78.09,17.121,,,,,
5410,8/12/2026 15:04,78.2,16.9094,,,,,
5411,8/12/2026 15:19,78.7,16.7028,,,,,
5412,8/12/2026 15:34,79.4,16.5019,,,,,
5413,8/12/2026 15:49,79.86,16.3094,,,,,
5414,8/12/2026 16:04,79.72,16.1278,,,,,
5415,8/12/2026 16:19,79.67,15.9585,,,,,
5416,8/12/2026 16:34,79.73,15.7977,,,,,
5417,8/12/2026 16:49,79.75,15.6458,,,,,
5418,8/12/2026 17:04,79.78,15.5046,,,,,
5419,8/12/2026 17:19,79.88,15.3693,,,,,
5420,8/12/2026 17:34,79.97,15.2385,,,,,
5421,8/12/2026 17:49,79.99,15.1164,,,,,
5422,8/12/2026 18:04,80.03,14.9944,,,,,
5423,8/12/2026 18:19,79.98,14.8779,,,,,
5424,8/12/2026 18:34,79.79,14.7656,,,,,
5425,8/12/2026 18:49,79.31,14.6683,,,,,
5426,8/12/2026 19:04,79.18,14.6631,,,,,
5427,8/12/2026 19:19,79.66,14.8051,,,,,
5428,8/12/2026 19:34,79.72,14.9676,,,,,
5429,8/12/2026 19:49,79.5,15.1484,,,,,
5430,8/12/2026 20:04,79.32,15.3557,,,,,
5431,8/12/2026 20:19,79.1,15.6025,,,,,
5432,8/12/2026 20:34,78.99,15.88,,,,,
5433,8/12/2026 20:49,78.69,16.1926,,,,,
5434,8/12/2026 21:04,78.29,16.5239,,,,,
5435,8/12/2026 21:19,77.88,16.8716,,,,,
5436,8/12/2026 21:34,77.51,17.2371,,,,,
5437,8/12/2026 21:49,77.13,17.604,,,,,
5438,8/12/2026 22:04,76.7,17.9584,,,,,
5439,8/12/2026 22:19,76.25,18.2931,,,,,
5440,8/12/2026 22:34,75.91,18.5778,,,,,
5441,8/12/2026 22:49,75.66,18.7663,,,,,
5442,8/12/2026 23:04,75.46,18.9022,,,,,
5443,8/12/2026 23:19,75.25,19.0076,,,,,
5444,8/12/2026 23:34,74.8,19.0927,,,,,
5445,8/12/2026 23:49,74.04,19.1821,,,,,
5446,8/13/2026 0:04,73.07,19.2635,,,,,
5447,8/13/2026 0:19,72.11,19.3283,,,,,
5448,8/13/2026 0:34,71.36,19.3655,,,,,
5449,8/13/2026 0:49,71.03,19.3858,,,,,
5450,8/13/2026 1:04,70.66,19.3568,,,,,
5451,8/13/2026 1:19,71.08,19.2645,,,,,
5452,8/13/2026 1:34,71.28,19.1188,,,,,
5453,8/13/2026 1:49,71.82,18.9523,,,,,
5454,8/13/2026 2:04,72.65,18.7981,,,,,
5455,8/13/2026 2:19,73.23,18.609,,,,,
5456,8/13/2026 2:34,73.72,18.3996,,,,,
5457,8/13/2026 2:49,74.1,18.1414,,,,,
5458,8/13/2026 3:04,74.5,17.8804,,,,,
5459,8/13/2026 3:19,74.71,17.6112,,,,,
5460,8/13/2026 3:34,74.76,17.3427,,,,,
5461,8/13/2026 3:49,74.81,17.1068,,,,,
5462,8/13/2026 4:04,74.84,16.8731,,,,,
5463,8/13/2026 4:19,74.83,16.6641,,,,,
5464,8/13/2026 4:34,74.77,16.4604,,,,,
5465,8/13/2026 4:49,74.66,16.2725,,,,,
5466,8/13/2026 5:04,74.54,16.0967,,,,,
5467,8/13/2026 5:19,74.5,15.9325,,,,,
5468,8/13/2026 5:34,74.42,15.7815,,,,,
5469,8/13/2026 5:49,74.34,15.6376,,,,,
5470,8/13/2026 6:04,74.24,15.5013,,,,,
5471,8/13/2026 6:19,74.14,15.3744,,,,,
5472,8/13/2026 6:34,74.04,15.2507,,,,,
5473,8/13/2026 6:49,73.94,15.1353,,,,,
5474,8/13/2026 7:04,73.85,15.0193,,,,,
5475,8/13/2026 7:19,73.71,14.9015,,,,,
5476,8/13/2026 7:34,73.69,14.7796,,,,,
5477,8/13/2026 7:49,73.63,14.6788,,,,,
5478,8/13/2026 8:04,72.08,14.6045,,,,,
5479,8/13/2026 8:19,73.03,14.71,,,,,
5480,8/13/2026 8:34,73.63,14.8733,,,,,
5481,8/13/2026 8:49,73.54,15.0604,,,,,
5482,8/13/2026 9:04,73.71,15.2544,,,,,
5483,8/13/2026 9:19,73.79,15.4979,,,,,
5484,8/13/2026 9:34,73.95,15.7849,,,,,
5485,8/13/2026 9:49,74.25,16.1111,,,,,
5486,8/13/2026 10:04,74.65,16.4513,,,,,
5487,8/13/2026 10:19,74.89,16.7913,,,,,
5488,8/13/2026 10:34,75.16,17.1435,,,,,
5489,8/13/2026 10:49,75.31,17.4905,,,,,
5490,8/13/2026 11:04,75.19,17.8288,,,,,
5491,8/13/2026 11:19,74.98,18.1523,,,,,
5492,8/13/2026 11:34,74.94,18.4184,,,,,
5493,8/13/2026 11:49,74.82,18.621,,,,,
5494,8/13/2026 12:04,74.49,18.754,,,,,
5495,8/13/2026 12:19,74.24,18.8477,,,,,
5496,8/13/2026 12:34,74.02,18.909,,,,,
5497,8/13/2026 12:49,73.79,18.9563,,,,,
5498,8/13/2026 13:04,73.55,18.978,,,,,
5499,8/13/2026 13:19,73.36,18.9827,,,,,
5500,8/13/2026 13:34,73.28,18.9474,,,,,
5501,8/13/2026 13:49,73.6,18.8557,,,,,
5502,8/13/2026 14:04,74.07,18.7116,,,,,
5503,8/13/2026 14:19,74.96,18.5291,,,,,
5504,8/13/2026 14:34,75.69,18.3299,,,,,
5505,8/13/2026 14:49,76.07,18.1041,,,,,
5506,8/13/2026 15:04,76.43,17.8627,,,,,
5507,8/13/2026 15:19,76.87,17.6313,,,,,
5508,8/13/2026 15:34,77.23,17.3962,,,,,
5509,8/13/2026 15:49,77.66,17.1655,,,,,
5510,8/13/2026 16:04,78.13,16.9471,,,,,
5511,8/13/2026 16:19,78.79,16.7307,,,,,
5512,8/13/2026 16:34,79.5,16.5266,,,,,
5513,8/13/2026 16:49,80.21,16.3347,,,,,
5514,8/13/2026 17:04,79.89,16.1488,,,,,
5515,8/13/2026 17:19,79.91,15.984,,,,,
5516,8/13/2026 17:34,79.95,15.8251,,,,,
5517,8/13/2026 17:49,79.91,15.6736,,,,,
5518,8/13/2026 18:04,79.84,15.531,,,,,
5519,8/13/2026 18:19,79.72,15.3946,,,,,
5520,8/13/2026 18:34,79.62,15.2646,,,,,
5521,8/13/2026 18:49,79.55,15.1448,,,,,
5522,8/13/2026 19:04,79.44,15.0181,,,,,
5523,8/13/2026 19:19,79.23,14.8988,,,,,
5524,8/13/2026 19:34,79.07,14.7871,,,,,
5525,8/13/2026 19:49,78.92,14.6899,,,,,
5526,8/13/2026 20:04,77.66,14.6805,,,,,
5527,8/13/2026 20:19,79.03,14.8343,,,,,
5528,8/13/2026 20:34,79.18,15.0014,,,,,
5529,8/13/2026 20:49,78.99,15.1866,,,,,
5530,8/13/2026 21:04,78.85,15.409,,,,,
5531,8/13/2026 21:19,78.74,15.668,,,,,
5532,8/13/2026 21:34,78.59,15.9568,,,,,
5533,8/13/2026 21:49,78.2,16.2738,,,,,
5534,8/13/2026 22:04,77.54,16.6015,,,,,
5535,8/13/2026 22:19,77.03,16.956,,,,,
5536,8/13/2026 22:34,76.58,17.3228,,,,,
5537,8/13/2026 22:49,76.13,17.6878,,,,,
5538,8/13/2026 23:04,75.6,18.0446,,,,,
5539,8/13/2026 23:19,75.19,18.3713,,,,,
5540,8/13/2026 23:34,74.93,18.6353,,,,,
5541,8/13/2026 23:49,74.73,18.8221,,,,,
5542,8/14/2026 0:04,74.59,18.9524,,,,,
5543,8/14/2026 0:19,74.51,19.0588,,,,,
5544,8/14/2026 0:34,74.17,19.1473,,,,,
5545,8/14/2026 0:49,73.51,19.2352,,,,,
5546,8/14/2026 1:04,72.63,19.3072,,,,,
5547,8/14/2026 1:19,71.75,19.3524,,,,,
5548,8/14/2026 1:34,71.08,19.3706,,,,,
5549,8/14/2026 1:49,70.63,19.3619,,,,,
5550,8/14/2026 2:04,70.42,19.2911,,,,,
5551,8/14/2026 2:19,71.05,19.1591,,,,,
5552,8/14/2026 2:34,71.62,19.0086,,,,,
5553,8/14/2026 2:49,72.31,18.8393,,,,,
5554,8/14/2026 3:04,72.77,18.6506,,,,,
5555,8/14/2026 3:19,73.17,18.4372,,,,,
5556,8/14/2026 3:34,73.47,18.1933,,,,,
5557,8/14/2026 3:49,73.58,17.9246,,,,,
5558,8/14/2026 4:04,73.52,17.6547,,,,,
5559,8/14/2026 4:19,73.53,17.4095,,,,,
5560,8/14/2026 4:34,73.53,17.1683,,,,,
5561,8/14/2026 4:49,73.48,16.952,,,,,
5562,8/14/2026 5:04,73.38,16.7415,,,,,
5563,8/14/2026 5:19,73.31,16.544,,,,,
5564,8/14/2026 5:34,73.17,16.3559,,,,,
5565,8/14/2026 5:49,73.04,16.185,,,,,
5566,8/14/2026 6:04,72.94,16.0226,,,,,
5567,8/14/2026 6:19,72.84,15.8703,,,,,
5568,8/14/2026 6:34,72.73,15.7243,,,,,
5569,8/14/2026 6:49,72.59,15.5929,,,,,
5570,8/14/2026 7:04,72.48,15.4603,,,,,
5571,8/14/2026 7:19,72.27,15.3364,,,,,
5572,8/14/2026 7:34,72.29,15.2143,,,,,
5573,8/14/2026 7:49,72.24,15.0921,,,,,
5574,8/14/2026 8:04,72.3,14.9759,,,,,
5575,8/14/2026 8:19,72.33,14.854,,,,,
5576,8/14/2026 8:34,72.55,14.7438,,,,,
5577,8/14/2026 8:49,72.07,14.7063,,,,,
5578,8/14/2026 9:04,74.98,14.7038,,,,,
5579,8/14/2026 9:19,73.3,14.8777,,,,,
5580,8/14/2026 9:34,72.61,15.0486,,,,,
5581,8/14/2026 9:49,72.8,15.2327,,,,,
5582,8/14/2026 10:04,73.04,15.4514,,,,,
5583,8/14/2026 10:19,73.3,15.7224,,,,,
5584,8/14/2026 10:34,73.53,16.0231,,,,,
5585,8/14/2026 10:49,73.97,16.3551,,,,,
5586,8/14/2026 11:04,74.38,16.6996,,,,,
5587,8/14/2026 11:19,74.61,17.0572,,,,,
5588,8/14/2026 11:34,74.69,17.4158,,,,,
5589,8/14/2026 11:49,74.55,17.7608,,,,,
5590,8/14/2026 12:04,74.43,18.0774,,,,,
5591,8/14/2026 12:19,74.48,18.355,,,,,
5592,8/14/2026 12:34,74.55,18.5943,,,,,
5593,8/14/2026 12:49,74.48,18.7635,,,,,
5594,8/14/2026 13:04,74.27,18.8796,,,,,
5595,8/14/2026 13:19,73.92,18.9623,,,,,
5596,8/14/2026 13:34,73.66,19.0051,,,,,
5597,8/14/2026 13:49,73.53,19.0239,,,,,
5598,8/14/2026 14:04,73.32,19.0138,,,,,
5599,8/14/2026 14:19,73.18,18.9669,,,,,
5600,8/14/2026 14:34,73.77,18.8625,,,,,
5601,8/14/2026 14:49,74.53,18.6929,,,,,
5602,8/14/2026 15:04,74.95,18.5182,,,,,
5603,8/14/2026 15:19,75.35,18.3221,,,,,
5604,8/14/2026 15:34,75.64,18.1081,,,,,
5605,8/14/2026 15:49,75.84,17.8816,,,,,
5606,8/14/2026 16:04,76.09,17.6586,,,,,
5607,8/14/2026 16:19,76.33,17.4422,,,,,
5608,8/14/2026 16:34,76.55,17.2147,,,,,
5609,8/14/2026 16:49,76.91,16.991,,,,,
5610,8/14/2026 17:04,77.46,16.7913,,,,,
5611,8/14/2026 17:19,78.05,16.5995,,,,,
5612,8/14/2026 17:34,78.87,16.4077,,,,,
5613,8/14/2026 17:49,78.57,16.2231,,,,,
5614,8/14/2026 18:04,78.19,16.0605,,,,,
5615,8/14/2026 18:19,77.92,15.8977,,,,,
5616,8/14/2026 18:34,77.77,15.7485,,,,,
5617,8/14/2026 18:49,77.58,15.6068,,,,,
5618,8/14/2026 19:04,77.45,15.4729,,,,,
5619,8/14/2026 19:19,77.38,15.3448,,,,,
5620,8/14/2026 19:34,77.32,15.2206,,,,,
5621,8/14/2026 19:49,77.2,15.097,,,,,
5622,8/14/2026 20:04,77.06,14.9734,,,,,
5623,8/14/2026 20:19,76.97,14.8519,,,,,
5624,8/14/2026 20:34,75.82,14.7446,,,,,
5625,8/14/2026 20:49,70.16,14.7319,,,,,
5626,8/14/2026 21:04,68.21,14.765,,,,,
5627,8/14/2026 21:19,76.36,14.9185,,,,,
5628,8/14/2026 21:34,76.92,15.0833,,,,,
5629,8/14/2026 21:49,76.81,15.2588,,,,,
5630,8/14/2026 22:04,76.74,15.4639,,,,,
5631,8/14/2026 22:19,76.59,15.7235,,,,,
5632,8/14/2026 22:34,76.43,16.0079,,,,,
5633,8/14/2026 22:49,76.1,16.3213,,,,,
5634,8/14/2026 23:04,75.63,16.6583,,,,,
5635,8/14/2026 23:19,75.25,17.01,,,,,
5636,8/14/2026 23:34,74.88,17.36,,,,,
5637,8/14/2026 23:49,74.54,17.714,,,,,
5638,8/15/2026 0:04,74.17,18.042,,,,,
5639,8/15/2026 0:19,73.78,18.3432,,,,,
5640,8/15/2026 0:34,73.51,18.5989,,,,,
5641,8/15/2026 0:49,73.34,18.7997,,,,,
5642,8/15/2026 1:04,73.19,18.9434,,,,,
5643,8/15/2026 1:19,73.06,19.0426,,,,,
5644,8/15/2026 1:34,72.99,19.1145,,,,,
5645,8/15/2026 1:49,72.86,19.1672,,,,,
5646,8/15/2026 2:04,72.61,19.2017,,,,,
5647,8/15/2026 2:19,72.32,19.2119,,,,,
5648,8/15/2026 2:34,72.15,19.1808,,,,,
5649,8/15/2026 2:49,72.37,19.0958,,,,,
5650,8/15/2026 3:04,72.42,18.9613,,,,,
5651,8/15/2026 3:19,72.58,18.8081,,,,,
5652,8/15/2026 3:34,72.68,18.6166,,,,,
5653,8/15/2026 3:49,72.72,18.4139,,,,,
5654,8/15/2026 4:04,72.74,18.1821,,,,,
5655,8/15/2026 4:19,72.78,17.9475,,,,,
5656,8/15/2026 4:34,72.54,17.7133,,,,,
5657,8/15/2026 4:49,72.54,17.4762,,,,,
5658,8/15/2026 5:04,72.47,17.2562,,,,,
5659,8/15/2026 5:19,72.37,17.0403,,,,,
5660,8/15/2026 5:34,72.31,16.8311,,,,,
5661,8/15/2026 5:49,72.23,16.6335,,,,,
5662,8/15/2026 6:04,72.06,16.4446,,,,,
5663,8/15/2026 6:19,71.9,16.268,,,,,
5664,8/15/2026 6:34,71.79,16.1029,,,,,
5665,8/15/2026 6:49,71.62,15.946,,,,,
5666,8/15/2026 7:04,71.48,15.8019,,,,,
5667,8/15/2026 7:19,71.27,15.6571,,,,,
5668,8/15/2026 7:34,71.19,15.5227,,,,,
5669,8/15/2026 7:49,71.11,15.3909,,,,,
5670,8/15/2026 8:04,71.14,15.2613,,,,,
5671,8/15/2026 8:19,71.22,15.1337,,,,,
5672,8/15/2026 8:34,71.39,15.0015,,,,,
5673,8/15/2026 8:49,71.79,14.8754,,,,,
5674,8/15/2026 9:04,71.56,14.7699,,,,,
5675,8/15/2026 9:19,73.45,14.7648,,,,,
5676,8/15/2026 9:34,75.78,14.7563,,,,,
5677,8/15/2026 9:49,77.79,14.8044,,,,,
5678,8/15/2026 10:04,72.44,14.9736,,,,,
5679,8/15/2026 10:19,71.99,15.142,,,,,
5680,8/15/2026 10:34,72.06,15.3272,,,,,
5681,8/15/2026 10:49,72.38,15.5531,,,,,
5682,8/15/2026 11:04,72.57,15.8234,,,,,
5683,8/15/2026 11:19,72.97,16.1272,,,,,
5684,8/15/2026 11:34,73.4,16.4506,,,,,
5685,8/15/2026 11:49,73.71,16.7894,,,,,
5686,8/15/2026 12:04,73.88,17.1363,,,,,
5687,8/15/2026 12:19,73.87,17.4911,,,,,
5688,8/15/2026 12:34,73.68,17.8228,,,,,
5689,8/15/2026 12:49,73.72,18.1348,,,,,
5690,8/15/2026 13:04,73.88,18.4032,,,,,
5691,8/15/2026 13:19,73.95,18.6285,,,,,
5692,8/15/2026 13:34,73.84,18.8091,,,,,
5693,8/15/2026 13:49,73.58,18.9277,,,,,
5694,8/15/2026 14:04,73.32,19.0113,,,,,
5695,8/15/2026 14:19,73.1,19.0637,,,,,
5696,8/15/2026 14:34,72.96,19.094,,,,,
5697,8/15/2026 14:49,72.82,19.0969,,,,,
5698,8/15/2026 15:04,72.74,19.0546,,,,,
5699,8/15/2026 15:19,73.02,18.9602,,,,,
5700,8/15/2026 15:34,73.43,18.8088,,,,,
5701,8/15/2026 15:49,74.07,18.625,,,,,
5702,8/15/2026 16:04,74.47,18.4262,,,,,
5703,8/15/2026 16:19,74.7,18.2094,,,,,
5704,8/15/2026 16:34,74.79,17.9819,,,,,
5705,8/15/2026 16:49,74.91,17.7597,,,,,
5706,8/15/2026 17:04,75.03,17.536,,,,,
5707,8/15/2026 17:19,75.07,17.3137,,,,,
5708,8/15/2026 17:34,75.37,17.0948,,,,,
5709,8/15/2026 17:49,75.65,16.9025,,,,,
5710,8/15/2026 18:04,75.77,16.7058,,,,,
5711,8/15/2026 18:19,75.97,16.5207,,,,,
5712,8/15/2026 18:34,76.2,16.3366,,,,,
5713,8/15/2026 18:49,75.97,16.1674,,,,,
5714,8/15/2026 19:04,75.71,16.0102,,,,,
5715,8/15/2026 19:19,75.58,15.8515,,,,,
5716,8/15/2026 19:34,75.44,15.7098,,,,,
5717,8/15/2026 19:49,75.32,15.5746,,,,,
5718,8/15/2026 20:04,75.19,15.4426,,,,,
5719,8/15/2026 20:19,75.06,15.3188,,,,,
5720,8/15/2026 20:34,74.92,15.2001,,,,,
5721,8/15/2026 20:49,74.73,15.0758,,,,,
5722,8/15/2026 21:04,74.57,14.956,,,,,
5723,8/15/2026 21:19,74.4,14.8431,,,,,
5724,8/15/2026 21:34,69.57,14.7755,,,,,
5725,8/15/2026 21:49,65.08,14.778,,,,,
5726,8/15/2026 22:04,72.85,14.9122,,,,,
5727,8/15/2026 22:19,74.3,15.065,,,,,
5728,8/15/2026 22:34,74.28,15.2275,,,,,
5729,8/15/2026 22:49,74.33,15.4022,,,,,
5730,8/15/2026 23:04,74.25,15.6224,,,,,
5731,8/15/2026 23:19,74.19,15.878,,,,,
5732,8/15/2026 23:34,74.07,16.1709,,,,,
5733,8/15/2026 23:49,73.94,16.4819,,,,,
5734,8/16/2026 0:04,73.73,16.8134,,,,,
5735,8/16/2026 0:19,73.56,17.1419,,,,,
5736,8/16/2026 0:34,73.3,17.4778,,,,,
5737,8/16/2026 0:49,73.21,17.7984,,,,,
5738,8/16/2026 1:04,72.93,18.1026,,,,,
5739,8/16/2026 1:19,72.59,18.3799,,,,,
5740,8/16/2026 1:34,72.4,18.6192,,,,,
5741,8/16/2026 1:49,72.25,18.8048,,,,,
5742,8/16/2026 2:04,72.16,18.9282,,,,,
5743,8/16/2026 2:19,72.1,19.0148,,,,,
5744,8/16/2026 2:34,72.06,19.0664,,,,,
5745,8/16/2026 2:49,72.05,19.0881,,,,,
5746,8/16/2026 3:04,72.04,19.0906,,,,,
5747,8/16/2026 3:19,72.01,19.0554,,,,,
5748,8/16/2026 3:34,72.02,18.9719,,,,,
5749,8/16/2026 3:49,71.91,18.8333,,,,,
5750,8/16/2026 4:04,71.91,18.6652,,,,,
5751,8/16/2026 4:19,71.97,18.4675,,,,,
5752,8/16/2026 4:34,72.03,18.2535,,,,,
5753,8/16/2026 4:49,72,18.0402,,,,,
5754,8/16/2026 5:04,71.92,17.8309,,,,,
5755,8/16/2026 5:19,71.92,17.6196,,,,,
5756,8/16/2026 5:34,71.88,17.4058,,,,,
5757,8/16/2026 5:49,71.81,17.193,,,,,
5758,8/16/2026 6:04,71.73,16.9936,,,,,
5759,8/16/2026 6:19,71.61,16.7957,,,,,
5760,8/16/2026 6:34,71.52,16.605,,,,,
5761,8/16/2026 6:49,71.39,16.4213,,,,,
5762,8/16/2026 7:04,71.28,16.2491,,,,,
5763,8/16/2026 7:19,71.17,16.0854,,,,,
5764,8/16/2026 7:34,71.05,15.9324,,,,,
5765,8/16/2026 7:49,70.92,15.787,,,,,
5766,8/16/2026 8:04,70.82,15.6468,,,,,
5767,8/16/2026 8:19,70.78,15.51,,,,,
5768,8/16/2026 8:34,70.8,15.384,,,,,
5769,8/16/2026 8:49,70.87,15.2595,,,,,
5770,8/16/2026 9:04,71.07,15.1334,,,,,
5771,8/16/2026 9:19,71.27,15.0106,,,,,
5772,8/16/2026 9:34,72.34,14.8969,,,,,
5773,8/16/2026 9:49,72.77,14.7915,,,,,
5774,8/16/2026 10:04,76.58,14.7747,,,,,
5775,8/16/2026 10:19,76.01,14.8519,,,,,
5776,8/16/2026 10:34,72.03,15.0015,,,,,
5777,8/16/2026 10:49,71.74,15.1453,,,,,
5778,8/16/2026 11:04,72.08,15.3023,,,,,
5779,8/16/2026 11:19,72.34,15.4906,,,,,
5780,8/16/2026 11:34,72.77,15.7263,,,,,
5781,8/16/2026 11:49,73.06,15.9859,,,,,
5782,8/16/2026 12:04,73.58,16.274,,,,,
5783,8/16/2026 12:19,74.01,16.5756,,,,,
5784,8/16/2026 12:34,74.13,16.8898,,,,,
5785,8/16/2026 12:49,74.22,17.2152,,,,,
5786,8/16/2026 13:04,74.16,17.5385,,,,,
5787,8/16/2026 13:19,74.13,17.8606,,,,,
5788,8/16/2026 13:34,74.3,18.1527,,,,,
5789,8/16/2026 13:49,74.52,18.4079,,,,,
5790,8/16/2026 14:04,74.57,18.6236,,,,,
5791,8/16/2026 14:19,74.35,18.7848,,,,,
5792,8/16/2026 14:34,74.04,18.9001,,,,,
5793,8/16/2026 14:49,73.74,18.9759,,,,,
5794,8/16/2026 15:04,73.51,19.0213,,,,,
5795,8/16/2026 15:19,73.36,19.0395,,,,,
5796,8/16/2026 15:34,73.25,19.0334,,,,,
5797,8/16/2026 15:49,73.21,18.9938,,,,,
5798,8/16/2026 16:04,73.52,18.9046,,,,,
5799,8/16/2026 16:19,73.88,18.7551,,,,,
5800,8/16/2026 16:34,74.65,18.5837,,,,,
5801,8/16/2026 16:49,74.99,18.3784,,,,,
5802,8/16/2026 17:04,75.24,18.1618,,,,,
5803,8/16/2026 17:19,75.35,17.9419,,,,,
5804,8/16/2026 17:34,75.35,17.724,,,,,
5805,8/16/2026 17:49,75.42,17.5142,,,,,
5806,8/16/2026 18:04,75.66,17.3074,,,,,
5807,8/16/2026 18:19,75.73,17.1,,,,,
5808,8/16/2026 18:34,75.79,16.9003,,,,,
5809,8/16/2026 18:49,76.3,16.7076,,,,,
5810,8/16/2026 19:04,76.68,16.5166,,,,,
5811,8/16/2026 19:19,76.97,16.3332,,,,,
5812,8/16/2026 19:34,76.39,16.1639,,,,,
5813,8/16/2026 19:49,76.34,16.0033,,,,,
5814,8/16/2026 20:04,76.12,15.8501,,,,,
5815,8/16/2026 20:19,75.94,15.7084,,,,,
5816,8/16/2026 20:34,75.78,15.5743,,,,,
5817,8/16/2026 20:49,75.66,15.443,,,,,
5818,8/16/2026 21:04,75.54,15.3198,,,,,
5819,8/16/2026 21:19,75.45,15.1993,,,,,
5820,8/16/2026 21:34,75.31,15.0813,,,,,
5821,8/16/2026 21:49,75.18,14.9672,,,,,
5822,8/16/2026 22:04,75.05,14.8599,,,,,
5823,8/16/2026 22:19,74.91,14.7838,,,,,
5824,8/16/2026 22:34,74.91,14.818,,,,,
5825,8/16/2026 22:49,75.05,14.9439,,,,,
5826,8/16/2026 23:04,75.08,15.0778,,,,,
5827,8/16/2026 23:19,74.93,15.2263,,,,,
5828,8/16/2026 23:34,74.9,15.3971,,,,,
5829,8/16/2026 23:49,74.83,15.6092,,,,,
5830,8/17/2026 0:04,74.78,15.8417,,,,,
5831,8/17/2026 0:19,74.74,16.0983,,,,,
5832,8/17/2026 0:34,74.54,16.372,,,,,
5833,8/17/2026 0:49,74.31,16.6618,,,,,
5834,8/17/2026 1:04,74.04,16.957,,,,,
5835,8/17/2026 1:19,73.85,17.2605,,,,,
5836,8/17/2026 1:34,73.71,17.566,,,,,
5837,8/17/2026 1:49,73.51,17.8528,,,,,
5838,8/17/2026 2:04,73.14,18.1087,,,,,
5839,8/17/2026 2:19,72.87,18.3354,,,,,
5840,8/17/2026 2:34,72.69,18.5079,,,,,
5841,8/17/2026 2:49,72.58,18.6387,,,,,
5842,8/17/2026 3:04,72.5,18.7334,,,,,
5843,8/17/2026 3:19,72.42,18.7975,,,,,
5844,8/17/2026 3:34,72.38,18.8229,,,,,
5845,8/17/2026 3:49,72.34,18.8082,,,,,
5846,8/17/2026 4:04,72.44,18.7549,,,,,
5847,8/17/2026 4:19,72.43,18.6485,,,,,
5848,8/17/2026 4:34,72.48,18.4998,,,,,
5849,8/17/2026 4:49,72.55,18.3391,,,,,
5850,8/17/2026 5:04,72.7,18.1591,,,,,
5851,8/17/2026 5:19,72.84,17.9806,,,,,
5852,8/17/2026 5:34,72.96,17.7908,,,,,
5853,8/17/2026 5:49,73.06,17.5949,,,,,
5854,8/17/2026 6:04,73.13,17.4086,,,,,
5855,8/17/2026 6:19,73.15,17.211,,,,,
5856,8/17/2026 6:34,73.2,17.015,,,,,
5857,8/17/2026 6:49,73.2,16.8349,,,,,
5858,8/17/2026 7:04,73.16,16.6505,,,,,
5859,8/17/2026 7:19,73.14,16.4714,,,,,
5860,8/17/2026 7:34,72.96,16.3053,,,,,
5861,8/17/2026 7:49,72.91,16.1434,,,,,
5862,8/17/2026 8:04,73,15.9839,,,,,
5863,8/17/2026 8:19,73.05,15.8338,,,,,
5864,8/17/2026 8:34,73.09,15.6938,,,,,
5865,8/17/2026 8:49,73.11,15.5539,,,,,
5866,8/17/2026 9:04,73.11,15.421,,,,,
5867,8/17/2026 9:19,73.13,15.2994,,,,,
5868,8/17/2026 9:34,73.16,15.1811,,,,,
5869,8/17/2026 9:49,73.19,15.0641,,,,,
5870,8/17/2026 10:04,73.19,14.9552,,,,,
5871,8/17/2026 10:19,73.21,14.8551,,,,,
5872,8/17/2026 10:34,73.25,14.7968,,,,,
5873,8/17/2026 10:49,73.28,14.8739,,,,,
5874,8/17/2026 11:04,73.21,15.0013,,,,,
5875,8/17/2026 11:19,73.22,15.1432,,,,,
5876,8/17/2026 11:34,73.47,15.2926,,,,,
5877,8/17/2026 11:49,73.72,15.4696,,,,,
5878,8/17/2026 12:04,73.91,15.6767,,,,,
5879,8/17/2026 12:19,73.94,15.9013,,,,,
5880,8/17/2026 12:34,73.95,16.1493,,,,,
5881,8/17/2026 12:49,73.99,16.4198,,,,,
5882,8/17/2026 13:04,73.94,16.7012,,,,,
5883,8/17/2026 13:19,73.85,16.9868,,,,,
5884,8/17/2026 13:34,73.75,17.2849,,,,,
5885,8/17/2026 13:49,73.54,17.5808,,,,,
5886,8/17/2026 14:04,73.29,17.8638,,,,,
5887,8/17/2026 14:19,73.16,18.1228,,,,,
5888,8/17/2026 14:34,73.13,18.3468,,,,,
5889,8/17/2026 14:49,73.06,18.5367,,,,,
5890,8/17/2026 15:04,72.99,18.6766,,,,,
5891,8/17/2026 15:19,72.86,18.7673,,,,,
5892,8/17/2026 15:34,72.73,18.8288,,,,,
5893,8/17/2026 15:49,72.57,18.8686,,,,,
5894,8/17/2026 16:04,72.5,18.8767,,,,,
5895,8/17/2026 16:19,72.44,18.8619,,,,,
5896,8/17/2026 16:34,72.57,18.8055,,,,,
5897,8/17/2026 16:49,72.67,18.7026,,,,,
5898,8/17/2026 17:04,73.01,18.5525,,,,,
5899,8/17/2026 17:19,73.31,18.386,,,,,
5900,8/17/2026 17:34,73.42,18.1963,,,,,
5901,8/17/2026 17:49,73.54,18.0006,,,,,
5902,8/17/2026 18:04,73.7,17.8032,,,,,
5903,8/17/2026 18:19,73.82,17.5991,,,,,
5904,8/17/2026 18:34,73.94,17.4009,,,,,
5905,8/17/2026 18:49,74.07,17.2017,,,,,
5906,8/17/2026 19:04,74.17,17.0102,,,,,
5907,8/17/2026 19:19,74.24,16.8195,,,,,
5908,8/17/2026 19:34,74.31,16.6379,,,,,
5909,8/17/2026 19:49,74.41,16.4552,,,,,
5910,8/17/2026 20:04,74.48,16.2802,,,,,
5911,8/17/2026 20:19,74.4,16.1145,,,,,
5912,8/17/2026 20:34,74.34,15.9591,,,,,
5913,8/17/2026 20:49,74.31,15.8176,,,,,
5914,8/17/2026 21:04,74.29,15.6794,,,,,
5915,8/17/2026 21:19,74.28,15.5432,,,,,
5916,8/17/2026 21:34,74.27,15.4164,,,,,
5917,8/17/2026 21:49,74.26,15.2923,,,,,
5918,8/17/2026 22:04,74.24,15.1751,,,,,
5919,8/17/2026 22:19,74.23,15.0642,,,,,
5920,8/17/2026 22:34,74.19,14.959,,,,,
5921,8/17/2026 22:49,74.17,14.8638,,,,,
5922,8/17/2026 23:04,74.14,14.8078,,,,,
5923,8/17/2026 23:19,74.1,14.8761,,,,,
5924,8/17/2026 23:34,74.21,14.9845,,,,,
5925,8/17/2026 23:49,74.2,15.1146,,,,,
5926,8/18/2026 0:04,74.1,15.259,,,,,
5927,8/18/2026 0:19,74,15.4327,,,,,
5928,8/18/2026 0:34,73.95,15.6162,,,,,
5929,8/18/2026 0:49,73.88,15.8399,,,,,
5930,8/18/2026 1:04,73.86,16.0627,,,,,
5931,8/18/2026 1:19,73.79,16.3133,,,,,
5932,8/18/2026 1:34,73.68,16.5718,,,,,
5933,8/18/2026 1:49,73.52,16.8337,,,,,
5934,8/18/2026 2:04,73.34,17.1105,,,,,
5935,8/18/2026 2:19,73.2,17.3778,,,,,
5936,8/18/2026 2:34,73.06,17.6202,,,,,
5937,8/18/2026 2:49,72.83,17.8551,,,,,
5938,8/18/2026 3:04,72.6,18.0701,,,,,
5939,8/18/2026 3:19,72.43,18.2519,,,,,
5940,8/18/2026 3:34,72.31,18.3951,,,,,
5941,8/18/2026 3:49,72.23,18.4954,,,,,
5942,8/18/2026 4:04,72.16,18.5582,,,,,
5943,8/18/2026 4:19,72.13,18.5829,,,,,
5944,8/18/2026 4:34,72.11,18.5676,,,,,
5945,8/18/2026 4:49,72.21,18.4966,,,,,
5946,8/18/2026 5:04,72.3,18.3869,,,,,
5947,8/18/2026 5:19,72.39,18.2613,,,,,
5948,8/18/2026 5:34,72.49,18.1168,,,,,
5949,8/18/2026 5:49,72.59,17.9509,,,,,
5950,8/18/2026 6:04,72.69,17.7871,,,,,
5951,8/18/2026 6:19,72.78,17.6354,,,,,
5952,8/18/2026 6:34,72.87,17.4655,,,,,
5953,8/18/2026 6:49,72.94,17.2951,,,,,
5954,8/18/2026 7:04,72.98,17.111,,,,,
5955,8/18/2026 7:19,73.02,16.9384,,,,,
5956,8/18/2026 7:34,73.06,16.7641,,,,,
5957,8/18/2026 7:49,73.07,16.5944,,,,,
5958,8/18/2026 8:04,73.03,16.4266,,,,,
5959,8/18/2026 8:19,73,16.269,,,,,
5960,8/18/2026 8:34,73,16.1154,,,,,
5961,8/18/2026 8:49,73.05,15.9721,,,,,
5962,8/18/2026 9:04,73.12,15.8346,,,,,
5963,8/18/2026 9:19,73.16,15.6971,,,,,
5964,8/18/2026 9:34,73.19,15.5697,,,,,
5965,8/18/2026 9:49,73.23,15.4487,,,,,
5966,8/18/2026 10:04,73.25,15.3339,,,,,
5967,8/18/2026 10:19,73.38,15.2245,,,,,
5968,8/18/2026 10:34,73.54,15.122,,,,,
5969,8/18/2026 10:49,73.67,15.0264,,,,,
5970,8/18/2026 11:04,73.72,14.9543,,,,,
5971,8/18/2026 11:19,73.66,14.9567,,,,,
5972,8/18/2026 11:34,73.55,15.0579,,,,,
5973,8/18/2026 11:49,73.55,15.1762,,,,,
5974,8/18/2026 12:04,73.69,15.3173,,,,,
5975,8/18/2026 12:19,73.86,15.4768,,,,,
5976,8/18/2026 12:34,74.05,15.657,,,,,
5977,8/18/2026 12:49,74.17,15.8442,,,,,
5978,8/18/2026 13:04,74.05,16.0587,,,,,
5979,8/18/2026 13:19,74.11,16.2939,,,,,
5980,8/18/2026 13:34,74.21,16.544,,,,,
5981,8/18/2026 13:49,74.16,16.8005,,,,,
5982,8/18/2026 14:04,74.09,17.0718,,,,,
5983,8/18/2026 14:19,74.07,17.345,,,,,
5984,8/18/2026 14:34,73.92,17.6082,,,,,
5985,8/18/2026 14:49,73.78,17.863,,,,,
5986,8/18/2026 15:04,73.68,18.0979,,,,,
5987,8/18/2026 15:19,73.66,18.3048,,,,,
5988,8/18/2026 15:34,73.68,18.4771,,,,,
5989,8/18/2026 15:49,73.64,18.6125,,,,,
5990,8/18/2026 16:04,73.57,18.7021,,,,,
5991,8/18/2026 16:19,73.5,18.7637,,,,,
5992,8/18/2026 16:34,73.46,18.7923,,,,,
5993,8/18/2026 16:49,73.4,18.7973,,,,,
5994,8/18/2026 17:04,73.35,18.7685,,,,,
5995,8/18/2026 17:19,73.61,18.6908,,,,,
5996,8/18/2026 17:34,73.95,18.5744,,,,,
5997,8/18/2026 17:49,74.24,18.4333,,,,,
5998,8/18/2026 18:04,74.45,18.2704,,,,,
5999,8/18/2026 18:19,74.54,18.091,,,,,
6000,8/18/2026 18:34,74.66,17.9106,,,,,
6001,8/18/2026 18:49,74.8,17.7323,,,,,
6002,8/18/2026 19:04,74.85,17.5508,,,,,
6003,8/18/2026 19:19,74.95,17.3722,,,,,
6004,8/18/2026 19:34,75.05,17.1937,,,,,
6005,8/18/2026 19:49,75.16,17.013,,,,,
6006,8/18/2026 20:04,75.24,16.828,,,,,
6007,8/18/2026 20:19,75.33,16.6451,,,,,
6008,8/18/2026 20:34,75.45,16.4807,,,,,
6009,8/18/2026 20:49,75.46,16.3149,,,,,
6010,8/18/2026 21:04,75.34,16.1566,,,,,
6011,8/18/2026 21:19,75.25,16.0086,,,,,
6012,8/18/2026 21:34,75.2,15.8626,,,,,
6013,8/18/2026 21:49,75.15,15.728,,,,,
6014,8/18/2026 22:04,75.1,15.5973,,,,,
6015,8/18/2026 22:19,75.07,15.4767,,,,,
6016,8/18/2026 22:34,75.04,15.3568,,,,,
6017,8/18/2026 22:49,74.98,15.2439,,,,,
6018,8/18/2026 23:04,74.91,15.1391,,,,,
6019,8/18/2026 23:19,74.82,15.0417,,,,,
6020,8/18/2026 23:34,74.78,14.9552,,,,,
6021,8/18/2026 23:49,74.7,14.9133,,,,,
6022,8/19/2026 0:04,74.82,14.9602,,,,,
6023,8/19/2026 0:19,74.94,15.06,,,,,
6024,8/19/2026 0:34,74.93,15.1827,,,,,
6025,8/19/2026 0:49,74.78,15.3251,,,,,
6026,8/19/2026 1:04,74.68,15.4815,,,,,
6027,8/19/2026 1:19,74.61,15.6581,,,,,
6028,8/19/2026 1:34,74.52,15.8424,,,,,
6029,8/19/2026 1:49,74.49,16.0439,,,,,
6030,8/19/2026 2:04,74.4,16.2556,,,,,
6031,8/19/2026 2:19,74.25,16.4806,,,,,
6032,8/19/2026 2:34,74.08,16.7204,,,,,
6033,8/19/2026 2:49,73.79,16.9722,,,,,
6034,8/19/2026 3:04,73.59,17.2164,,,,,
6035,8/19/2026 3:19,73.45,17.4453,,,,,
6036,8/19/2026 3:34,73.31,17.6656,,,,,
6037,8/19/2026 3:49,73.1,17.8627,,,,,
6038,8/19/2026 4:04,72.9,18.0321,,,,,
6039,8/19/2026 4:19,72.7,18.1782,,,,,
6040,8/19/2026 4:34,72.53,18.2934,,,,,
6041,8/19/2026 4:49,72.46,18.3682,,,,,
6042,8/19/2026 5:04,72.4,18.3845,,,,,
6043,8/19/2026 5:19,72.38,18.3648,,,,,
6044,8/19/2026 5:34,72.41,18.3032,,,,,
6045,8/19/2026 5:49,72.7,18.208,,,,,
6046,8/19/2026 6:04,72.82,18.0947,,,,,
6047,8/19/2026 6:19,72.97,17.9467,,,,,
6048,8/19/2026 6:34,73.07,17.8158,,,,,
6049,8/19/2026 6:49,73.13,17.6741,,,,,
6050,8/19/2026 7:04,73.2,17.5231,,,,,
6051,8/19/2026 7:19,73.27,17.3722,,,,,
6052,8/19/2026 7:34,73.33,17.2228,,,,,
6053,8/19/2026 7:49,73.39,17.0633,,,,,
6054,8/19/2026 8:04,73.47,16.9035,,,,,
6055,8/19/2026 8:19,73.56,16.7488,,,,,
6056,8/19/2026 8:34,73.65,16.5855,,,,,
6057,8/19/2026 8:49,73.7,16.4311,,,,,
6058,8/19/2026 9:04,73.73,16.2831,,,,,
6059,8/19/2026 9:19,73.81,16.1409,,,,,
6060,8/19/2026 9:34,73.96,16.0002,,,,,
6061,8/19/2026 9:49,74.06,15.8677,,,,,
6062,8/19/2026 10:04,74.2,15.7423,,,,,
6063,8/19/2026 10:19,74.56,15.6193,,,,,
6064,8/19/2026 10:34,74.81,15.5005,,,,,
6065,8/19/2026 10:49,75.11,15.3876,,,,,
6066,8/19/2026 11:04,75.41,15.2934,,,,,
6067,8/19/2026 11:19,75.69,15.2035,,,,,
6068,8/19/2026 11:34,76.34,15.1313,,,,,
6069,8/19/2026 11:49,76.73,15.1053,,,,,
6070,8/19/2026 12:04,76.33,15.1731,,,,,
6071,8/19/2026 12:19,76.06,15.2573,,,,,
6072,8/19/2026 12:34,76.39,15.3739,,,,,
6073,8/19/2026 12:49,76.72,15.5044,,,,,
6074,8/19/2026 13:04,76.54,15.6546,,,,,
6075,8/19/2026 13:19,76.57,15.8141,,,,,
6076,8/19/2026 13:34,76.46,15.9929,,,,,
6077,8/19/2026 13:49,76.5,16.1979,,,,,
6078,8/19/2026 14:04,76.64,16.4085,,,,,
6079,8/19/2026 14:19,76.81,16.6338,,,,,
6080,8/19/2026 14:34,76.71,16.8646,,,,,
6081,8/19/2026 14:49,76.43,17.1104,,,,,
6082,8/19/2026 15:04,76.01,17.348,,,,,
6083,8/19/2026 15:19,75.74,17.5851,,,,,
6084,8/19/2026 15:34,75.69,17.8109,,,,,
6085,8/19/2026 15:49,75.84,18.0217,,,,,
6086,8/19/2026 16:04,76.05,18.2037,,,,,
6087,8/19/2026 16:19,76.08,18.3696,,,,,
6088,8/19/2026 16:34,76.09,18.4929,,,,,
6089,8/19/2026 16:49,75.9,18.5758,,,,,
6090,8/19/2026 17:04,75.68,18.6358,,,,,
6091,8/19/2026 17:19,75.49,18.6723,,,,,
6092,8/19/2026 17:34,75.33,18.6732,,,,,
6093,8/19/2026 17:49,75.29,18.631,,,,,
6094,8/19/2026 18:04,75.89,18.5529,,,,,
6095,8/19/2026 18:19,76.14,18.4454,,,,,
6096,8/19/2026 18:34,76.17,18.3202,,,,,
6097,8/19/2026 18:49,76.22,18.1685,,,,,
6098,8/19/2026 19:04,76.25,18.0252,,,,,
6099,8/19/2026 19:19,76.31,17.8611,,,,,
6100,8/19/2026 19:34,76.36,17.7054,,,,,
6101,8/19/2026 19:49,76.41,17.5531,,,,,
6102,8/19/2026 20:04,76.49,17.3801,,,,,
6103,8/19/2026 20:19,76.62,17.208,,,,,
6104,8/19/2026 20:34,76.74,17.0467,,,,,
6105,8/19/2026 20:49,76.86,16.875,,,,,
6106,8/19/2026 21:04,76.98,16.7034,,,,,
6107,8/19/2026 21:19,77.01,16.5412,,,,,
6108,8/19/2026 21:34,77.03,16.3817,,,,,
6109,8/19/2026 21:49,77.02,16.2248,,,,,
6110,8/19/2026 22:04,77.03,16.0725,,,,,
6111,8/19/2026 22:19,77.05,15.9265,,,,,
6112,8/19/2026 22:34,77.06,15.7914,,,,,
6113,8/19/2026 22:49,77.01,15.66,,,,,
6114,8/19/2026 23:04,76.97,15.5374,,,,,
6115,8/19/2026 23:19,76.93,15.4206,,,,,
6116,8/19/2026 23:34,76.95,15.3127,,,,,
6117,8/19/2026 23:49,76.88,15.2128,,,,,
6118,8/20/2026 0:04,76.83,15.1149,,,,,
6119,8/20/2026 0:19,76.77,15.0326,,,,,
6120,8/20/2026 0:34,76.73,14.9758,,,,,
6121,8/20/2026 0:49,76.82,15.0227,,,,,
6122,8/20/2026 1:04,76.9,15.0857,,,,,
6123,8/20/2026 1:19,76.87,15.2053,,,,,
6124,8/20/2026 1:34,76.62,15.3195,,,,,
6125,8/20/2026 1:49,76.45,15.4708,,,,,
6126,8/20/2026 2:04,76.34,15.6117,,,,,
6127,8/20/2026 2:19,76.21,15.7771,,,,,
6128,8/20/2026 2:34,76.11,15.9484,,,,,
6129,8/20/2026 2:49,76.05,16.1355,,,,,
6130,8/20/2026 3:04,75.84,16.3339,,,,,
6131,8/20/2026 3:19,75.63,16.5451,,,,,
6132,8/20/2026 3:34,75.39,16.7609,,,,,
6133,8/20/2026 3:49,75.01,16.9767,,,,,
6134,8/20/2026 4:04,74.75,17.1937,,,,,
6135,8/20/2026 4:19,74.58,17.3998,,,,,
6136,8/20/2026 4:34,74.45,17.5992,,,,,
6137,8/20/2026 4:49,74.27,17.7779,,,,,
6138,8/20/2026 5:04,74.05,17.9301,,,,,
6139,8/20/2026 5:19,73.86,18.052,,,,,
6140,8/20/2026 5:34,73.71,18.1272,,,,,
6141,8/20/2026 5:49,73.59,18.1625,,,,,
6142,8/20/2026 6:04,73.53,18.1712,,,,,
6143,8/20/2026 6:19,73.52,18.1325,,,,,
6144,8/20/2026 6:34,73.57,18.0755,,,,,
6145,8/20/2026 6:49,73.8,17.9739,,,,,
6146,8/20/2026 7:04,73.86,17.8448,,,,,
6147,8/20/2026 7:19,73.95,17.7259,,,,,
6148,8/20/2026 7:34,74.01,17.6103,,,,,
6149,8/20/2026 7:49,74.12,17.4809,,,,,
6150,8/20/2026 8:04,74.24,17.3548,,,,,
6151,8/20/2026 8:19,74.34,17.2357,,,,,
6152,8/20/2026 8:34,74.47,17.1041,,,,,
6153,8/20/2026 8:49,74.62,16.9545,,,,,
6154,8/20/2026 9:04,74.78,16.8018,,,,,
6155,8/20/2026 9:19,74.94,16.6556,,,,,
6156,8/20/2026 9:34,75.11,16.5088,,,,,
6157,8/20/2026 9:49,75.26,16.3628,,,,,
6158,8/20/2026 10:04,75.47,16.2328,,,,,
6159,8/20/2026 10:19,75.79,16.1043,,,,,
6160,8/20/2026 10:34,76.07,15.9777,,,,,
6161,8/20/2026 10:49,76.33,15.8581,,,,,
6162,8/20/2026 11:04,76.56,15.7484,,,,,
6163,8/20/2026 11:19,76.85,15.6396,,,,,
6164,8/20/2026 11:34,77.21,15.541,,,,,
6165,8/20/2026 11:49,77.64,15.4495,,,,,
6166,8/20/2026 12:04,78.04,15.373,,,,,
6167,8/20/2026 12:19,78.4,15.3107,,,,,
6168,8/20/2026 12:34,78.53,15.3004,,,,,
6169,8/20/2026 12:49,78.41,15.3513,,,,,
6170,8/20/2026 13:04,78.22,15.4433,,,,,
6171,8/20/2026 13:19,78.29,15.5489,,,,,
6172,8/20/2026 13:34,78.9,15.6714,,,,,
6173,8/20/2026 13:49,78.86,15.8077,,,,,
6174,8/20/2026 14:04,78.98,15.9576,,,,,
6175,8/20/2026 14:19,78.63,16.111,,,,,
6176,8/20/2026 14:34,78.46,16.2762,,,,,
6177,8/20/2026 14:49,78.35,16.4511,,,,,
6178,8/20/2026 15:04,78.4,16.6543,,,,,
6179,8/20/2026 15:19,78.53,16.8648,,,,,
6180,8/20/2026 15:34,78.45,17.0878,,,,,
6181,8/20/2026 15:49,78.21,17.3138,,,,,
6182,8/20/2026 16:04,77.77,17.5302,,,,,
6183,8/20/2026 16:19,77.39,17.7331,,,,,
6184,8/20/2026 16:34,77.1,17.9435,,,,,
6185,8/20/2026 16:49,77.03,18.1215,,,,,
6186,8/20/2026 17:04,76.97,18.2751,,,,,
6187,8/20/2026 17:19,76.86,18.407,,,,,
6188,8/20/2026 17:34,76.77,18.5124,,,,,
6189,8/20/2026 17:49,76.7,18.586,,,,,
6190,8/20/2026 18:04,76.58,18.6239,,,,,
6191,8/20/2026 18:19,76.52,18.6397,,,,,
6192,8/20/2026 18:34,76.48,18.6237,,,,,
6193,8/20/2026 18:49,76.48,18.5785,,,,,
6194,8/20/2026 19:04,76.76,18.4767,,,,,
6195,8/20/2026 19:19,76.85,18.3701,,,,,
6196,8/20/2026 19:34,76.98,18.2332,,,,,
6197,8/20/2026 19:49,77.1,18.0811,,,,,
6198,8/20/2026 20:04,77.22,17.9304,,,,,
6199,8/20/2026 20:19,77.32,17.7849,,,,,
6200,8/20/2026 20:34,77.43,17.6357,,,,,
6201,8/20/2026 20:49,77.49,17.4784,,,,,
6202,8/20/2026 21:04,77.52,17.3173,,,,,
6203,8/20/2026 21:19,77.56,17.1621,,,,,
6204,8/20/2026 21:34,77.57,17.0057,,,,,
6205,8/20/2026 21:49,77.59,16.8451,,,,,
6206,8/20/2026 22:04,77.61,16.6909,,,,,
6207,8/20/2026 22:19,77.51,16.5297,,,,,
6208,8/20/2026 22:34,77.43,16.3744,,,,,
6209,8/20/2026 22:49,77.44,16.2288,,,,,
6210,8/20/2026 23:04,77.47,16.0828,,,,,
6211,8/20/2026 23:19,77.49,15.9506,,,,,
6212,8/20/2026 23:34,77.52,15.8299,,,,,
6213,8/20/2026 23:49,77.57,15.7112,,,,,
6214,8/21/2026 0:04,77.52,15.5923,,,,,
6215,8/21/2026 0:19,77.54,15.4837,,,,,
6216,8/21/2026 0:34,77.51,15.3787,,,,,
6217,8/21/2026 0:49,77.41,15.2825,,,,,
6218,8/21/2026 1:04,77.37,15.1982,,,,,
6219,8/21/2026 1:19,77.3,15.1239,,,,,
6220,8/21/2026 1:34,77.29,15.1015,,,,,
6221,8/21/2026 1:49,77.46,15.1473,,,,,
6222,8/21/2026 2:04,77.53,15.2179,,,,,
6223,8/21/2026 2:19,77.44,15.3287,,,,,
6224,8/21/2026 2:34,77.18,15.4461,,,,,
6225,8/21/2026 2:49,77.1,15.5745,,,,,
6226,8/21/2026 3:04,77,15.7168,,,,,
6227,8/21/2026 3:19,76.87,15.8586,,,,,
6228,8/21/2026 3:34,76.83,16.0156,,,,,
6229,8/21/2026 3:49,76.75,16.1885,,,,,
6230,8/21/2026 4:04,76.62,16.3726,,,,,
6231,8/21/2026 4:19,76.44,16.5607,,,,,
6232,8/21/2026 4:34,76.27,16.7547,,,,,
6233,8/21/2026 4:49,76.02,16.9683,,,,,
6234,8/21/2026 5:04,75.75,17.1776,,,,,
6235,8/21/2026 5:19,75.57,17.3685,,,,,
6236,8/21/2026 5:34,75.42,17.5426,,,,,
6237,8/21/2026 5:49,75.26,17.7099,,,,,
6238,8/21/2026 6:04,75.08,17.8336,,,,,
6239,8/21/2026 6:19,74.9,17.927,,,,,
6240,8/21/2026 6:34,74.79,17.9926,,,,,
6241,8/21/2026 6:49,74.68,18.0419,,,,,
6242,8/21/2026 7:04,74.62,18.0493,,,,,
6243,8/21/2026 7:19,74.58,18.0169,,,,,
6244,8/21/2026 7:34,74.79,17.9229,,,,,
6245,8/21/2026 7:49,74.92,17.8332,,,,,
6246,8/21/2026 8:04,74.93,17.7421,,,,,
6247,8/21/2026 8:19,74.99,17.639,,,,,
6248,8/21/2026 8:34,75.03,17.5385,,,,,
6249,8/21/2026 8:49,75.03,17.4507,,,,,
6250,8/21/2026 9:04,75.1,17.3397,,,,,
6251,8/21/2026 9:19,75.18,17.2167,,,,,
6252,8/21/2026 9:34,75.2,17.0635,,,,,
6253,8/21/2026 9:49,75.2,16.9356,,,,,
6254,8/21/2026 10:04,75.2,16.8015,,,,,
6255,8/21/2026 10:19,75.2,16.6637,,,,,
6256,8/21/2026 10:34,75.24,16.5324,,,,,
6257,8/21/2026 10:49,75.39,16.4089,,,,,
6258,8/21/2026 11:04,75.51,16.288,,,,,
6259,8/21/2026 11:19,75.56,16.1728,,,,,
6260,8/21/2026 11:34,75.67,16.0527,,,,,
6261,8/21/2026 11:49,75.83,15.9346,,,,,
6262,8/21/2026 12:04,75.97,15.8266,,,,,
6263,8/21/2026 12:19,76.14,15.7307,,,,,
6264,8/21/2026 12:34,76.22,15.6371,,,,,
6265,8/21/2026 12:49,76.34,15.5686,,,,,
6266,8/21/2026 13:04,76.47,15.4996,,,,,
6267,8/21/2026 13:19,76.63,15.4737,,,,,
6268,8/21/2026 13:34,76.7,15.4732,,,,,
6269,8/21/2026 13:49,76.76,15.5251,,,,,
6270,8/21/2026 14:04,76.86,15.609,,,,,
6271,8/21/2026 14:19,76.81,15.7089,,,,,
6272,8/21/2026 14:34,76.94,15.8324,,,,,
6273,8/21/2026 14:49,76.72,15.9584,,,,,
6274,8/21/2026 15:04,76.69,16.1068,,,,,
6275,8/21/2026 15:19,76.65,16.2497,,,,,
6276,8/21/2026 15:34,76.51,16.4013,,,,,
6277,8/21/2026 15:49,76.4,16.5726,,,,,
6278,8/21/2026 16:04,76.37,16.7568,,,,,
6279,8/21/2026 16:19,76.3,16.9392,,,,,
6280,8/21/2026 16:34,76.28,17.1428,,,,,
6281,8/21/2026 16:49,76.15,17.3534,,,,,
6282,8/21/2026 17:04,75.8,17.5403,,,,,
6283,8/21/2026 17:19,75.49,17.7357,,,,,
6284,8/21/2026 17:34,75.25,17.9233,,,,,
6285,8/21/2026 17:49,75.07,18.0853,,,,,
6286,8/21/2026 18:04,74.91,18.2366,,,,,
6287,8/21/2026 18:19,74.79,18.3589,,,,,
6288,8/21/2026 18:34,74.68,18.4438,,,,,
6289,8/21/2026 18:49,74.6,18.511,,,,,
6290,8/21/2026 19:04,74.54,18.5497,,,,,
6291,8/21/2026 19:19,74.49,18.563,,,,,
6292,8/21/2026 19:34,74.47,18.5375,,,,,
6293,8/21/2026 19:49,74.54,18.4798,,,,,
6294,8/21/2026 20:04,74.69,18.3962,,,,,
6295,8/21/2026 20:19,74.69,18.2856,,,,,
6296,8/21/2026 20:34,74.77,18.1544,,,,,
6297,8/21/2026 20:49,74.91,18.0183,,,,,
6298,8/21/2026 21:04,75.03,17.8791,,,,,
6299,8/21/2026 21:19,75.13,17.7495,,,,,
6300,8/21/2026 21:34,75.2,17.6022,,,,,
6301,8/21/2026 21:49,75.28,17.4468,,,,,
6302,8/21/2026 22:04,75.35,17.2941,,,,,
6303,8/21/2026 22:19,75.39,17.1409,,,,,
6304,8/21/2026 22:34,75.43,16.9865,,,,,
6305,8/21/2026 22:49,75.47,16.8291,,,,,
6306,8/21/2026 23:04,75.39,16.6886,,,,,
6307,8/21/2026 23:19,75.29,16.5362,,,,,
6308,8/21/2026 23:34,75.19,16.3878,,,,,
6309,8/21/2026 23:49,75.15,16.2428,,,,,
6310,8/22/2026 0:04,75.17,16.1099,,,,,
6311,8/22/2026 0:19,75.17,15.984,,,,,
6312,8/22/2026 0:34,75.17,15.855,,,,,
6313,8/22/2026 0:49,75.08,15.7335,,,,,
6314,8/22/2026 1:04,75.02,15.6221,,,,,
6315,8/22/2026 1:19,74.93,15.5151,,,,,
6316,8/22/2026 1:34,74.8,15.4194,,,,,
6317,8/22/2026 1:49,74.69,15.3349,,,,,
6318,8/22/2026 2:04,74.6,15.2637,,,,,
6319,8/22/2026 2:19,74.55,15.2112,,,,,
6320,8/22/2026 2:34,74.61,15.2276,,,,,
6321,8/22/2026 2:49,74.76,15.2908,,,,,
6322,8/22/2026 3:04,74.76,15.3769,,,,,
6323,8/22/2026 3:19,74.6,15.4708,,,,,
6324,8/22/2026 3:34,74.38,15.5896,,,,,
6325,8/22/2026 3:49,74.3,15.7188,,,,,
6326,8/22/2026 4:04,74.26,15.85,,,,,
6327,8/22/2026 4:19,74.17,15.9925,,,,,
6328,8/22/2026 4:34,74.09,16.149,,,,,
6329,8/22/2026 4:49,74.02,16.3207,,,,,
6330,8/22/2026 5:04,73.97,16.4957,,,,,
6331,8/22/2026 5:19,73.92,16.6779,,,,,
6332,8/22/2026 5:34,73.82,16.8532,,,,,
6333,8/22/2026 5:49,73.69,17.0413,,,,,
6334,8/22/2026 6:04,73.53,17.2226,,,,,
6335,8/22/2026 6:19,73.37,17.3914,,,,,
6336,8/22/2026 6:34,73.39,17.5621,,,,,
6337,8/22/2026 6:49,73.33,17.717,,,,,
6338,8/22/2026 7:04,73.24,17.8459,,,,,
6339,8/22/2026 7:19,73.15,17.9433,,,,,
6340,8/22/2026 7:34,73.06,18.0115,,,,,
6341,8/22/2026 7:49,72.99,18.045,,,,,
6342,8/22/2026 8:04,72.93,18.0461,,,,,
6343,8/22/2026 8:19,72.96,18.0158,,,,,
6344,8/22/2026 8:34,73.07,17.9488,,,,,
6345,8/22/2026 8:49,73.12,17.8532,,,,,
6346,8/22/2026 9:04,73.1,17.7658,,,,,
6347,8/22/2026 9:19,73.1,17.686,,,,,
6348,8/22/2026 9:34,73.1,17.5785,,,,,
6349,8/22/2026 9:49,73.18,17.4542,,,,,
6350,8/22/2026 10:04,73.23,17.3425,,,,,
6351,8/22/2026 10:19,73.22,17.2332,,,,,
6352,8/22/2026 10:34,73.21,17.1109,,,,,
6353,8/22/2026 10:49,73.15,16.9677,,,,,
6354,8/22/2026 11:04,73.13,16.8417,,,,,
6355,8/22/2026 11:19,73.1,16.7158,,,,,
6356,8/22/2026 11:34,73.12,16.5876,,,,,
6357,8/22/2026 11:49,73.11,16.4544,,,,,
6358,8/22/2026 12:04,73.16,16.3289,,,,,
6359,8/22/2026 12:19,73.15,16.2091,,,,,
6360,8/22/2026 12:34,73.15,16.0925,,,,,
6361,8/22/2026 12:49,73.12,15.9866,,,,,
6362,8/22/2026 13:04,73.03,15.8882,,,,,
6363,8/22/2026 13:19,72.99,15.788,,,,,
6364,8/22/2026 13:34,72.93,15.7072,,,,,
6365,8/22/2026 13:49,72.91,15.6372,,,,,
6366,8/22/2026 14:04,72.88,15.5872,,,,,
6367,8/22/2026 14:19,72.99,15.5787,,,,,
6368,8/22/2026 14:34,73.06,15.6106,,,,,
6369,8/22/2026 14:49,73.08,15.6907,,,,,
6370,8/22/2026 15:04,73.07,15.7788,,,,,
6371,8/22/2026 15:19,72.99,15.8774,,,,,
6372,8/22/2026 15:34,72.87,15.9842,,,,,
6373,8/22/2026 15:49,72.87,16.1145,,,,,
6374,8/22/2026 16:04,72.84,16.2467,,,,,
6375,8/22/2026 16:19,72.82,16.3903,,,,,
6376,8/22/2026 16:34,72.84,16.5442,,,,,
6377,8/22/2026 16:49,72.84,16.7247,,,,,
6378,8/22/2026 17:04,72.78,16.9045,,,,,
6379,8/22/2026 17:19,72.71,17.0928,,,,,
6380,8/22/2026 17:34,72.67,17.287,,,,,
6381,8/22/2026 17:49,72.65,17.4827,,,,,
6382,8/22/2026 18:04,72.48,17.6784,,,,,
6383,8/22/2026 18:19,72.36,17.8648,,,,,
6384,8/22/2026 18:34,72.26,18.0383,,,,,
6385,8/22/2026 18:49,72.13,18.201,,,,,
6386,8/22/2026 19:04,71.99,18.3398,,,,,
6387,8/22/2026 19:19,71.85,18.4526,,,,,
6388,8/22/2026 19:34,71.74,18.5267,,,,,
6389,8/22/2026 19:49,71.68,18.5813,,,,,
6390,8/22/2026 20:04,71.63,18.6123,,,,,
6391,8/22/2026 20:19,71.6,18.6237,,,,,
6392,8/22/2026 20:34,71.6,18.5932,,,,,
6393,8/22/2026 20:49,71.66,18.5354,,,,,
6394,8/22/2026 21:04,71.71,18.4452,,,,,
6395,8/22/2026 21:19,71.74,18.3449,,,,,
6396,8/22/2026 21:34,71.75,18.216,,,,,
6397,8/22/2026 21:49,71.81,18.0778,,,,,
6398,8/22/2026 22:04,71.86,17.9372,,,,,
6399,8/22/2026 22:19,71.91,17.7866,,,,,
6400,8/22/2026 22:34,71.94,17.6462,,,,,
6401,8/22/2026 22:49,71.96,17.5027,,,,,
6402,8/22/2026 23:04,71.95,17.3397,,,,,
6403,8/22/2026 23:19,72,17.1846,,,,,
6404,8/22/2026 23:34,71.91,17.0387,,,,,
6405,8/22/2026 23:49,71.96,16.8763,,,,,
6406,8/23/2026 0:04,71.92,16.7177,,,,,
6407,8/23/2026 0:19,71.83,16.5673,,,,,
6408,8/23/2026 0:34,71.73,16.4182,,,,,
6409,8/23/2026 0:49,71.67,16.275,,,,,
6410,8/23/2026 1:04,71.66,16.1352,,,,,
6411,8/23/2026 1:19,71.67,16.0006,,,,,
6412,8/23/2026 1:34,71.64,15.8691,,,,,
6413,8/23/2026 1:49,71.59,15.7502,,,,,
6414,8/23/2026 2:04,71.53,15.6351,,,,,
6415,8/23/2026 2:19,71.47,15.5313,,,,,
6416,8/23/2026 2:34,71.4,15.4407,,,,,
6417,8/23/2026 2:49,71.32,15.352,,,,,
6418,8/23/2026 3:04,71.28,15.2802,,,,,
6419,8/23/2026 3:19,71.24,15.2415,,,,,
6420,8/23/2026 3:34,71.22,15.2247,,,,,
6421,8/23/2026 3:49,71.25,15.2727,,,,,
6422,8/23/2026 4:04,71.27,15.3432,,,,,
6423,8/23/2026 4:19,71.22,15.4379,,,,,
6424,8/23/2026 4:34,71.08,15.5599,,,,,
6425,8/23/2026 4:49,71.04,15.6991,,,,,
6426,8/23/2026 5:04,71.02,15.8416,,,,,
6427,8/23/2026 5:19,71.01,15.9917,,,,,
6428,8/23/2026 5:34,71.04,16.1452,,,,,
6429,8/23/2026 5:49,71.04,16.3164,,,,,
6430,8/23/2026 6:04,71.03,16.4821,,,,,
6431,8/23/2026 6:19,71.14,16.6758,,,,,
6432,8/23/2026 6:34,71.15,16.8841,,,,,
6433,8/23/2026 6:49,71.16,17.0813,,,,,
6434,8/23/2026 7:04,71.12,17.2672,,,,,
6435,8/23/2026 7:19,71.17,17.4359,,,,,
6436,8/23/2026 7:34,71.14,17.5995,,,,,
6437,8/23/2026 7:49,71.07,17.7556,,,,,
6438,8/23/2026 8:04,70.96,17.8808,,,,,
6439,8/23/2026 8:19,70.87,17.9876,,,,,
6440,8/23/2026 8:34,70.79,18.0553,,,,,
6441,8/23/2026 8:49,70.75,18.0844,,,,,
6442,8/23/2026 9:04,70.73,18.071,,,,,
6443,8/23/2026 9:19,70.75,18.0425,,,,,
6444,8/23/2026 9:34,70.82,17.978,,,,,
6445,8/23/2026 9:49,70.92,17.8946,,,,,
6446,8/23/2026 10:04,70.99,17.8143,,,,,
6447,8/23/2026 10:19,71.03,17.7359,,,,,
6448,8/23/2026 10:34,71.09,17.6298,,,,,
6449,8/23/2026 10:49,71.15,17.5256,,,,,
6450,8/23/2026 11:04,71.21,17.4019,,,,,
6451,8/23/2026 11:19,71.26,17.2549,,,,,
6452,8/23/2026 11:34,71.3,17.1055,,,,,
6453,8/23/2026 11:49,71.33,16.972,,,,,
6454,8/23/2026 12:04,71.36,16.8386,,,,,
6455,8/23/2026 12:19,71.4,16.704,,,,,
6456,8/23/2026 12:34,71.43,16.5803,,,,,
6457,8/23/2026 12:49,71.42,16.4496,,,,,
6458,8/23/2026 13:04,71.37,16.3165,,,,,
6459,8/23/2026 13:19,71.34,16.1991,,,,,
6460,8/23/2026 13:34,71.32,16.08,,,,,
6461,8/23/2026 13:49,71.31,15.9548,,,,,
6462,8/23/2026 14:04,71.25,15.8533,,,,,
6463,8/23/2026 14:19,71.19,15.7644,,,,,
6464,8/23/2026 14:34,71.25,15.682,,,,,
6465,8/23/2026 14:49,71.3,15.6128,,,,,
6466,8/23/2026 15:04,71.48,15.5775,,,,,
6467,8/23/2026 15:19,71.4,15.568,,,,,
6468,8/23/2026 15:34,71.51,15.5963,,,,,
6469,8/23/2026 15:49,71.45,15.6424,,,,,
6470,8/23/2026 16:04,71.43,15.7205,,,,,
6471,8/23/2026 16:19,71.4,15.8286,,,,,
6472,8/23/2026 16:34,71.72,15.955,,,,,
6473,8/23/2026 16:49,71.77,16.0953,,,,,
6474,8/23/2026 17:04,71.79,16.2345,,,,,
6475,8/23/2026 17:19,71.89,16.3985,,,,,
6476,8/23/2026 17:34,71.93,16.5549,,,,,
6477,8/23/2026 17:49,71.83,16.7395,,,,,
6478,8/23/2026 18:04,71.87,16.929,,,,,
6479,8/23/2026 18:19,71.98,17.1467,,,,,
6480,8/23/2026 18:34,72.05,17.3557,,,,,
6481,8/23/2026 18:49,71.88,17.5537,,,,,
6482,8/23/2026 19:04,71.67,17.7563,,,,,
6483,8/23/2026 19:19,71.49,17.9446,,,,,
6484,8/23/2026 19:34,71.41,18.1131,,,,,
6485,8/23/2026 19:49,71.38,18.2603,,,,,
6486,8/23/2026 20:04,71.33,18.3916,,,,,
6487,8/23/2026 20:19,71.27,18.497,,,,,
6488,8/23/2026 20:34,71.21,18.5745,,,,,
6489,8/23/2026 20:49,71.14,18.6335,,,,,
6490,8/23/2026 21:04,71.09,18.6697,,,,,
6491,8/23/2026 21:19,71.07,18.6658,,,,,
6492,8/23/2026 21:34,71.05,18.6505,,,,,
6493,8/23/2026 21:49,71.19,18.5649,,,,,
6494,8/23/2026 22:04,71.18,18.4644,,,,,
6495,8/23/2026 22:19,71.19,18.3418,,,,,
6496,8/23/2026 22:34,71.25,18.206,,,,,
6497,8/23/2026 22:49,71.3,18.0634,,,,,
6498,8/23/2026 23:04,71.37,17.9064,,,,,
6499,8/23/2026 23:19,71.46,17.7622,,,,,
6500,8/23/2026 23:34,71.53,17.6054,,,,,
6501,8/23/2026 23:49,71.61,17.4507,,,,,
6502,8/24/2026 0:04,71.65,17.2936,,,,,
6503,8/24/2026 0:19,71.67,17.122,,,,,
6504,8/24/2026 0:34,71.66,16.9519,,,,,
6505,8/24/2026 0:49,71.62,16.7938,,,,,
6506,8/24/2026 1:04,71.57,16.6321,,,,,
6507,8/24/2026 1:19,71.53,16.4768,,,,,
6508,8/24/2026 1:34,71.48,16.3211,,,,,
6509,8/24/2026 1:49,71.49,16.1731,,,,,
6510,8/24/2026 2:04,71.5,16.0284,,,,,
6511,8/24/2026 2:19,71.48,15.8938,,,,,
6512,8/24/2026 2:34,71.45,15.7637,,,,,
6513,8/24/2026 2:49,71.41,15.6392,,,,,
6514,8/24/2026 3:04,71.37,15.5218,,,,,
6515,8/24/2026 3:19,71.32,15.42,,,,,
6516,8/24/2026 3:34,71.27,15.322,,,,,
6517,8/24/2026 3:49,71.22,15.2346,,,,,
6518,8/24/2026 4:04,71.17,15.1567,,,,,
6519,8/24/2026 4:19,71.12,15.1105,,,,,
6520,8/24/2026 4:34,71.11,15.1316,,,,,
6521,8/24/2026 4:49,71.14,15.212,,,,,
6522,8/24/2026 5:04,71.16,15.318,,,,,
6523,8/24/2026 5:19,71.12,15.4358,,,,,
6524,8/24/2026 5:34,71.08,15.5705,,,,,
6525,8/24/2026 5:49,71.04,15.7141,,,,,
6526,8/24/2026 6:04,70.99,15.8734,,,,,
6527,8/24/2026 6:19,70.98,16.0355,,,,,
6528,8/24/2026 6:34,70.99,16.2022,,,,,
6529,8/24/2026 6:49,71,16.3834,,,,,
6530,8/24/2026 7:04,71.09,16.5664,,,,,
6531,8/24/2026 7:19,71.2,16.7646,,,,,
6532,8/24/2026 7:34,71.25,16.9605,,,,,
6533,8/24/2026 7:49,71.17,17.1601,,,,,
6534,8/24/2026 8:04,71.11,17.3391,,,,,
6535,8/24/2026 8:19,71.09,17.521,,,,,
6536,8/24/2026 8:34,71.05,17.7062,,,,,
6537,8/24/2026 8:49,71.01,17.8517,,,,,
6538,8/24/2026 9:04,70.96,17.979,,,,,
6539,8/24/2026 9:19,70.88,18.0752,,,,,
6540,8/24/2026 9:34,70.86,18.1176,,,,,
6541,8/24/2026 9:49,70.85,18.1246,,,,,
6542,8/24/2026 10:04,70.88,18.0948,,,,,
6543,8/24/2026 10:19,70.9,18.0447,,,,,
6544,8/24/2026 10:34,70.96,17.9657,,,,,
6545,8/24/2026 10:49,71.08,17.8829,,,,,
6546,8/24/2026 11:04,71.4,17.7918,,,,,
6547,8/24/2026 11:19,71.59,17.6941,,,,,
6548,8/24/2026 11:34,72.26,17.5697,,,,,
6549,8/24/2026 11:49,72.7,17.4418,,,,,
6550,8/24/2026 12:04,72.84,17.305,,,,,
6551,8/24/2026 12:19,73.1,17.1907,,,,,
6552,8/24/2026 12:34,73.11,17.0476,,,,,
6553,8/24/2026 12:49,73.37,16.9102,,,,,
6554,8/24/2026 13:04,73.51,16.7626,,,,,
6555,8/24/2026 13:19,73.73,16.6121,,,,,
6556,8/24/2026 13:34,73.78,16.4853,,,,,
6557,8/24/2026 13:49,73.92,16.36,,,,,
6558,8/24/2026 14:04,74.12,16.2268,,,,,
6559,8/24/2026 14:19,74.29,16.0905,,,,,
6560,8/24/2026 14:34,74.34,15.9685,,,,,
6561,8/24/2026 14:49,74.46,15.8592,,,,,
6562,8/24/2026 15:04,74.56,15.7512,,,,,
6563,8/24/2026 15:19,74.7,15.6515,,,,,
6564,8/24/2026 15:34,74.77,15.5654,,,,,
6565,8/24/2026 15:49,74.75,15.4929,,,,,
6566,8/24/2026 16:04,74.95,15.4577,,,,,
6567,8/24/2026 16:19,75.08,15.4355,,,,,
6568,8/24/2026 16:34,74.99,15.4672,,,,,
6569,8/24/2026 16:49,74.84,15.5412,,,,,
6570,8/24/2026 17:04,74.86,15.6468,,,,,
6571,8/24/2026 17:19,74.92,15.7726,,,,,
6572,8/24/2026 17:34,74.86,15.9157,,,,,
6573,8/24/2026 17:49,74.77,16.0652,,,,,
6574,8/24/2026 18:04,74.66,16.2254,,,,,
6575,8/24/2026 18:19,74.55,16.3915,,,,,
6576,8/24/2026 18:34,74.47,16.5766,,,,,
6577,8/24/2026 18:49,74.37,16.772,,,,,
6578,8/24/2026 19:04,74.3,16.9903,,,,,
6579,8/24/2026 19:19,74.12,17.2144,,,,,
6580,8/24/2026 19:34,73.77,17.4397,,,,,
6581,8/24/2026 19:49,73.44,17.6615,,,,,
6582,8/24/2026 20:04,73.16,17.8692,,,,,
6583,8/24/2026 20:19,72.94,18.0639,,,,,
6584,8/24/2026 20:34,72.8,18.2279,,,,,
6585,8/24/2026 20:49,72.72,18.3878,,,,,
6586,8/24/2026 21:04,72.65,18.5224,,,,,
6587,8/24/2026 21:19,72.54,18.6265,,,,,
6588,8/24/2026 21:34,72.48,18.704,,,,,
6589,8/24/2026 21:49,72.43,18.7466,,,,,
6590,8/24/2026 22:04,72.39,18.7529,,,,,
6591,8/24/2026 22:19,72.37,18.7337,,,,,
6592,8/24/2026 22:34,72.49,18.6614,,,,,
6593,8/24/2026 22:49,72.47,18.5576,,,,,
6594,8/24/2026 23:04,72.52,18.4439,,,,,
6595,8/24/2026 23:19,72.56,18.3309,,,,,
6596,8/24/2026 23:34,72.63,18.1799,,,,,
6597,8/24/2026 23:49,72.72,18.0317,,,,,
6598,8/25/2026 0:04,72.8,17.8728,,,,,
6599,8/25/2026 0:19,72.9,17.7052,,,,,
6600,8/25/2026 0:34,73.01,17.5309,,,,,
6601,8/25/2026 0:49,73.11,17.3668,,,,,
6602,8/25/2026 1:04,73.15,17.206,,,,,
6603,8/25/2026 1:19,73.22,17.0378,,,,,
6604,8/25/2026 1:34,73.27,16.8653,,,,,
6605,8/25/2026 1:49,73.28,16.6992,,,,,
6606,8/25/2026 2:04,73.23,16.5312,,,,,
6607,8/25/2026 2:19,73.08,16.3721,,,,,
6608,8/25/2026 2:34,73.03,16.217,,,,,
6609,8/25/2026 2:49,72.99,16.069,,,,,
6610,8/25/2026 3:04,72.98,15.9281,,,,,
6611,8/25/2026 3:19,72.95,15.7942,,,,,
6612,8/25/2026 3:34,72.87,15.6665,,,,,
6613,8/25/2026 3:49,72.77,15.5457,,,,,
6614,8/25/2026 4:04,72.65,15.4338,,,,,
6615,8/25/2026 4:19,72.51,15.3262,,,,,
6616,8/25/2026 4:34,72.32,15.2255,,,,,
6617,8/25/2026 4:49,72.17,15.1318,,,,,
6618,8/25/2026 5:04,72.06,15.0482,,,,,
6619,8/25/2026 5:19,71.94,15.0305,,,,,
6620,8/25/2026 5:34,71.96,15.0773,,,,,
6621,8/25/2026 5:49,72,15.1857,,,,,
6622,8/25/2026 6:04,71.95,15.2965,,,,,
6623,8/25/2026 6:19,71.79,15.4265,,,,,
6624,8/25/2026 6:34,71.83,15.5676,,,,,
6625,8/25/2026 6:49,71.77,15.7237,,,,,
6626,8/25/2026 7:04,71.81,15.8894,,,,,
6627,8/25/2026 7:19,71.82,16.0679,,,,,
6628,8/25/2026 7:34,71.78,16.2652,,,,,
6629,8/25/2026 7:49,71.78,16.4698,,,,,
6630,8/25/2026 8:04,71.76,16.6777,,,,,
6631,8/25/2026 8:19,71.74,16.8985,,,,,
6632,8/25/2026 8:34,71.71,17.1146,,,,,
6633,8/25/2026 8:49,71.75,17.3311,,,,,
6634,8/25/2026 9:04,71.79,17.5263,,,,,
6635,8/25/2026 9:19,71.83,17.7092,,,,,
6636,8/25/2026 9:34,71.84,17.8764,,,,,
6637,8/25/2026 9:49,71.78,18.0182,,,,,
6638,8/25/2026 10:04,71.71,18.1303,,,,,
6639,8/25/2026 10:19,71.61,18.191,,,,,
6640,8/25/2026 10:34,71.55,18.2302,,,,,
6641,8/25/2026 10:49,71.55,18.2403,,,,,
6642,8/25/2026 11:04,71.53,18.1908,,,,,
6643,8/25/2026 11:19,71.69,18.1004,,,,,
6644,8/25/2026 11:34,72.28,17.9914,,,,,
6645,8/25/2026 11:49,72.35,17.8851,,,,,
6646,8/25/2026 12:04,73.04,17.7498,,,,,
6647,8/25/2026 12:19,73.17,17.6236,,,,,
6648,8/25/2026 12:34,73.28,17.486,,,,,
6649,8/25/2026 12:49,73.49,17.3487,,,,,
6650,8/25/2026 13:04,73.61,17.2139,,,,,
6651,8/25/2026 13:19,73.7,17.0691,,,,,
6652,8/25/2026 13:34,73.76,16.9154,,,,,
6653,8/25/2026 13:49,73.9,16.7672,,,,,
6654,8/25/2026 14:04,74.02,16.6259,,,,,
6655,8/25/2026 14:19,74.29,16.4813,,,,,
6656,8/25/2026 14:34,74.34,16.3345,,,,,
6657,8/25/2026 14:49,74.34,16.2003,,,,,
6658,8/25/2026 15:04,74.23,16.0659,,,,,
6659,8/25/2026 15:19,74.3,15.9296,,,,,
6660,8/25/2026 15:34,74.37,15.8139,,,,,
6661,8/25/2026 15:49,74.54,15.7005,,,,,
6662,8/25/2026 16:04,74.52,15.5892,,,,,
6663,8/25/2026 16:19,74.57,15.4882,,,,,
6664,8/25/2026 16:34,74.72,15.3974,,,,,
6665,8/25/2026 16:49,74.9,15.3179,,,,,
6666,8/25/2026 17:04,74.96,15.2638,,,,,
6667,8/25/2026 17:19,75.08,15.2653,,,,,
6668,8/25/2026 17:34,74.71,15.3518,,,,,
6669,8/25/2026 17:49,74.62,15.4658,,,,,
6670,8/25/2026 18:04,74.69,15.5946,,,,,
6671,8/25/2026 18:19,74.68,15.7389,,,,,
6672,8/25/2026 18:34,74.55,15.8913,,,,,
6673,8/25/2026 18:49,74.39,16.0581,,,,,
6674,8/25/2026 19:04,74.25,16.2496,,,,,
6675,8/25/2026 19:19,74.16,16.4471,,,,,
6676,8/25/2026 19:34,74.07,16.6637,,,,,
6677,8/25/2026 19:49,73.98,16.8895,,,,,
6678,8/25/2026 20:04,73.85,17.123,,,,,
6679,8/25/2026 20:19,73.61,17.3667,,,,,
6680,8/25/2026 20:34,73.4,17.6001,,,,,
6681,8/25/2026 20:49,73.23,17.8319,,,,,
6682,8/25/2026 21:04,73.11,18.0541,,,,,
6683,8/25/2026 21:19,73.05,18.2501,,,,,
6684,8/25/2026 21:34,73.03,18.426,,,,,
6685,8/25/2026 21:49,72.96,18.5658,,,,,
6686,8/25/2026 22:04,72.92,18.6719,,,,,
6687,8/25/2026 22:19,72.83,18.745,,,,,
6688,8/25/2026 22:34,72.76,18.8002,,,,,
6689,8/25/2026 22:49,72.7,18.8243,,,,,
6690,8/25/2026 23:04,72.65,18.8133,,,,,
6691,8/25/2026 23:19,72.7,18.7682,,,,,
6692,8/25/2026 23:34,72.75,18.6805,,,,,
6693,8/25/2026 23:49,72.72,18.5518,,,,,
6694,8/26/2026 0:04,72.72,18.4145,,,,,
6695,8/26/2026 0:19,72.73,18.2602,,,,,
6696,8/26/2026 0:34,72.73,18.099,,,,,
6697,8/26/2026 0:49,72.74,17.9335,,,,,
6698,8/26/2026 1:04,72.74,17.7536,,,,,
6699,8/26/2026 1:19,72.75,17.5758,,,,,
6700,8/26/2026 1:34,72.74,17.3982,,,,,
6701,8/26/2026 1:49,72.76,17.2158,,,,,
6702,8/26/2026 2:04,72.74,17.0323,,,,,
6703,8/26/2026 2:19,72.77,16.8592,,,,,
6704,8/26/2026 2:34,72.75,16.6855,,,,,
6705,8/26/2026 2:49,72.67,16.5144,,,,,
6706,8/26/2026 3:04,72.53,16.3552,,,,,
6707,8/26/2026 3:19,72.48,16.2015,,,,,
6708,8/26/2026 3:34,72.45,16.0554,,,,,
6709,8/26/2026 3:49,72.37,15.91,,,,,
6710,8/26/2026 4:04,72.29,15.7741,,,,,
6711,8/26/2026 4:19,72.16,15.6426,,,,,
6712,8/26/2026 4:34,72.08,15.5213,,,,,
6713,8/26/2026 4:49,71.92,15.4043,,,,,
6714,8/26/2026 5:04,71.76,15.293,,,,,
6715,8/26/2026 5:19,71.59,15.1836,,,,,
6716,8/26/2026 5:34,71.41,15.0843,,,,,
6717,8/26/2026 5:49,71.27,14.9932,,,,,
6718,8/26/2026 6:04,71.14,14.9438,,,,,
6719,8/26/2026 6:19,71.04,14.9853,,,,,
6720,8/26/2026 6:34,71.24,15.0964,,,,,
6721,8/26/2026 6:49,71.16,15.2071,,,,,
6722,8/26/2026 7:04,71.05,15.3477,,,,,
6723,8/26/2026 7:19,71.14,15.4907,,,,,
6724,8/26/2026 7:34,71.18,15.665,,,,,
6725,8/26/2026 7:49,71.31,15.8447,,,,,
6726,8/26/2026 8:04,71.38,16.0407,,,,,
6727,8/26/2026 8:19,71.5,16.2471,,,,,
6728,8/26/2026 8:34,71.67,16.4627,,,,,
6729,8/26/2026 8:49,71.83,16.6892,,,,,
6730,8/26/2026 9:04,71.94,16.9273,,,,,
6731,8/26/2026 9:19,72.02,17.1688,,,,,
6732,8/26/2026 9:34,72.13,17.4039,,,,,
6733,8/26/2026 9:49,72.24,17.6266,,,,,
6734,8/26/2026 10:04,72.3,17.828,,,,,
6735,8/26/2026 10:19,72.28,18.0047,,,,,
6736,8/26/2026 10:34,72.24,18.1549,,,,,
6737,8/26/2026 10:49,72.18,18.2799,,,,,
6738,8/26/2026 11:04,72.18,18.3669,,,,,
6739,8/26/2026 11:19,72.2,18.3993,,,,,
6740,8/26/2026 11:34,72.21,18.3809,,,,,
6741,8/26/2026 11:49,72.39,18.3261,,,,,
6742,8/26/2026 12:04,72.52,18.2343,,,,,
6743,8/26/2026 12:19,72.86,18.1132,,,,,
6744,8/26/2026 12:34,73.22,17.9827,,,,,
6745,8/26/2026 12:49,73.52,17.8567,,,,,
6746,8/26/2026 13:04,73.83,17.7244,,,,,
6747,8/26/2026 13:19,73.85,17.5846,,,,,
6748,8/26/2026 13:34,73.98,17.4465,,,,,
6749,8/26/2026 13:49,74.25,17.2929,,,,,
6750,8/26/2026 14:04,74.42,17.1387,,,,,
6751,8/26/2026 14:19,74.53,16.9782,,,,,
6752,8/26/2026 14:34,74.74,16.8237,,,,,
6753,8/26/2026 14:49,75.08,16.6697,,,,,
6754,8/26/2026 15:04,75.18,16.5159,,,,,
6755,8/26/2026 15:19,75.37,16.3681,,,,,
6756,8/26/2026 15:34,75.38,16.2226,,,,,
6757,8/26/2026 15:49,75.54,16.0856,,,,,
6758,8/26/2026 16:04,75.56,15.9535,,,,,
6759,8/26/2026 16:19,75.58,15.8227,,,,,
6760,8/26/2026 16:34,75.64,15.704,,,,,
6761,8/26/2026 16:49,75.7,15.5917,,,,,
6762,8/26/2026 17:04,75.74,15.4818,,,,,
6763,8/26/2026 17:19,75.8,15.384,,,,,
6764,8/26/2026 17:34,75.79,15.2935,,,,,
6765,8/26/2026 17:49,75.76,15.2211,,,,,
6766,8/26/2026 18:04,75.68,15.1904,,,,,
6767,8/26/2026 18:19,75.52,15.2562,,,,,
6768,8/26/2026 18:34,75.42,15.362,,,,,
6769,8/26/2026 18:49,75.31,15.4884,,,,,
6770,8/26/2026 19:04,75.16,15.6424,,,,,
6771,8/26/2026 19:19,75.08,15.8066,,,,,
6772,8/26/2026 19:34,75,15.9911,,,,,
6773,8/26/2026 19:49,74.97,16.184,,,,,
6774,8/26/2026 20:04,74.94,16.3992,,,,,
6775,8/26/2026 20:19,74.82,16.632,,,,,
6776,8/26/2026 20:34,74.63,16.8682,,,,,
6777,8/26/2026 20:49,74.35,17.1146,,,,,
6778,8/26/2026 21:04,74.15,17.3704,,,,,
6779,8/26/2026 21:19,74.01,17.6255,,,,,
6780,8/26/2026 21:34,73.92,17.8683,,,,,
6781,8/26/2026 21:49,73.79,18.1045,,,,,
6782,8/26/2026 22:04,73.68,18.315,,,,,
6783,8/26/2026 22:19,73.6,18.4915,,,,,
6784,8/26/2026 22:34,73.52,18.6383,,,,,
6785,8/26/2026 22:49,73.46,18.749,,,,,
6786,8/26/2026 23:04,73.42,18.8171,,,,,
6787,8/26/2026 23:19,73.39,18.8565,,,,,
6788,8/26/2026 23:34,73.36,18.8711,,,,,
6789,8/26/2026 23:49,73.34,18.8621,,,,,
6790,8/27/2026 0:04,73.36,18.8106,,,,,
6791,8/27/2026 0:19,73.37,18.7074,,,,,
6792,8/27/2026 0:34,73.35,18.5718,,,,,
6793,8/27/2026 0:49,73.33,18.4248,,,,,
6794,8/27/2026 1:04,73.35,18.2527,,,,,
6795,8/27/2026 1:19,73.42,18.0834,,,,,
6796,8/27/2026 1:34,73.45,17.8971,,,,,
6797,8/27/2026 1:49,73.48,17.7154,,,,,
6798,8/27/2026 2:04,73.43,17.5344,,,,,
6799,8/27/2026 2:19,73.47,17.3493,,,,,
6800,8/27/2026 2:34,73.45,17.1656,,,,,
6801,8/27/2026 2:49,73.47,16.981,,,,,
6802,8/27/2026 3:04,73.44,16.797,,,,,
6803,8/27/2026 3:19,73.38,16.6221,,,,,
6804,8/27/2026 3:34,73.32,16.4523,,,,,
6805,8/27/2026 3:49,73.21,16.2889,,,,,
6806,8/27/2026 4:04,73.24,16.1372,,,,,
6807,8/27/2026 4:19,73.24,15.9894,,,,,
6808,8/27/2026 4:34,73.18,15.8491,,,,,
6809,8/27/2026 4:49,73.12,15.7089,,,,,
6810,8/27/2026 5:04,73.05,15.5825,,,,,
6811,8/27/2026 5:19,72.96,15.4594,,,,,
6812,8/27/2026 5:34,72.84,15.3425,,,,,
6813,8/27/2026 5:49,72.73,15.2257,,,,,
6814,8/27/2026 6:04,72.6,15.1133,,,,,
6815,8/27/2026 6:19,72.53,15.0062,,,,,
6816,8/27/2026 6:34,72.49,14.9146,,,,,
6817,8/27/2026 6:49,72.26,14.8676,,,,,
6818,8/27/2026 7:04,72.3,14.9479,,,,,
6819,8/27/2026 7:19,72.37,15.0618,,,,,
6820,8/27/2026 7:34,72.31,15.1888,,,,,
6821,8/27/2026 7:49,72.36,15.3322,,,,,
6822,8/27/2026 8:04,72.45,15.4889,,,,,
6823,8/27/2026 8:19,72.62,15.6747,,,,,
6824,8/27/2026 8:34,72.8,15.8752,,,,,
6825,8/27/2026 8:49,72.84,16.0938,,,,,
6826,8/27/2026 9:04,72.9,16.3284,,,,,
6827,8/27/2026 9:19,73.01,16.5748,,,,,
6828,8/27/2026 9:34,73.12,16.8265,,,,,
6829,8/27/2026 9:49,73.18,17.0837,,,,,
6830,8/27/2026 10:04,73.24,17.3488,,,,,
6831,8/27/2026 10:19,73.28,17.6011,,,,,
6832,8/27/2026 10:34,73.25,17.8339,,,,,
6833,8/27/2026 10:49,73.18,18.0461,,,,,
6834,8/27/2026 11:04,73.11,18.2267,,,,,
6835,8/27/2026 11:19,73.09,18.376,,,,,
6836,8/27/2026 11:34,73.13,18.4816,,,,,
6837,8/27/2026 11:49,73.17,18.5453,,,,,
6838,8/27/2026 12:04,73.2,18.5581,,,,,
6839,8/27/2026 12:19,73.2,18.5161,,,,,
6840,8/27/2026 12:34,73.42,18.4346,,,,,
6841,8/27/2026 12:49,73.74,18.326,,,,,
6842,8/27/2026 13:04,73.86,18.1853,,,,,
6843,8/27/2026 13:19,74.01,18.0479,,,,,
6844,8/27/2026 13:34,74.17,17.8987,,,,,
6845,8/27/2026 13:49,74.31,17.7577,,,,,
6846,8/27/2026 14:04,74.49,17.5981,,,,,
6847,8/27/2026 14:19,74.6,17.4403,,,,,
6848,8/27/2026 14:34,74.71,17.2775,,,,,
6849,8/27/2026 14:49,74.68,17.1084,,,,,
6850,8/27/2026 15:04,74.8,16.9442,,,,,
6851,8/27/2026 15:19,74.89,16.7762,,,,,
6852,8/27/2026 15:34,75.08,16.6024,,,,,
6853,8/27/2026 15:49,75.22,16.4481,,,,,
6854,8/27/2026 16:04,75.26,16.2913,,,,,
6855,8/27/2026 16:19,75.28,16.1421,,,,,
6856,8/27/2026 16:34,75.34,16.0019,,,,,
6857,8/27/2026 16:49,75.36,15.8673,,,,,
6858,8/27/2026 17:04,75.38,15.7341,,,,,
6859,8/27/2026 17:19,75.39,15.6154,,,,,
6860,8/27/2026 17:34,75.38,15.4973,,,,,
6861,8/27/2026 17:49,75.33,15.3849,,,,,
6862,8/27/2026 18:04,75.28,15.2825,,,,,
6863,8/27/2026 18:19,75.22,15.1852,,,,,
6864,8/27/2026 18:34,75.12,15.1052,,,,,
6865,8/27/2026 18:49,74.76,15.0622,,,,,
6866,8/27/2026 19:04,74.86,15.144,,,,,
6867,8/27/2026 19:19,74.96,15.2613,,,,,
6868,8/27/2026 19:34,74.8,15.4,,,,,
6869,8/27/2026 19:49,74.64,15.5639,,,,,
6870,8/27/2026 20:04,74.54,15.7455,,,,,
6871,8/27/2026 20:19,74.45,15.9412,,,,,
6872,8/27/2026 20:34,74.45,16.1579,,,,,
6873,8/27/2026 20:49,74.41,16.3962,,,,,
6874,8/27/2026 21:04,74.21,16.6465,,,,,
6875,8/27/2026 21:19,74.01,16.9072,,,,,
6876,8/27/2026 21:34,73.86,17.1854,,,,,
6877,8/27/2026 21:49,73.78,17.4625,,,,,
6878,8/27/2026 22:04,73.77,17.7357,,,,,
6879,8/27/2026 22:19,73.73,17.9953,,,,,
6880,8/27/2026 22:34,73.52,18.2328,,,,,
6881,8/27/2026 22:49,73.37,18.4478,,,,,
6882,8/27/2026 23:04,73.24,18.6179,,,,,
6883,8/27/2026 23:19,73.22,18.7465,,,,,
6884,8/27/2026 23:34,73.23,18.8427,,,,,
6885,8/27/2026 23:49,73.23,18.9097,,,,,
6886,8/28/2026 0:04,73.22,18.9485,,,,,
6887,8/28/2026 0:19,73.2,18.9638,,,,,
6888,8/28/2026 0:34,73.18,18.9478,,,,,
6889,8/28/2026 0:49,73.17,18.8859,,,,,
6890,8/28/2026 1:04,73.17,18.7833,,,,,
6891,8/28/2026 1:19,73.11,18.6272,,,,,
6892,8/28/2026 1:34,73.13,18.465,,,,,
6893,8/28/2026 1:49,73.17,18.2821,,,,,
6894,8/28/2026 2:04,73.18,18.0828,,,,,
6895,8/28/2026 2:19,73.26,17.8833,,,,,
6896,8/28/2026 2:34,73.25,17.6782,,,,,
6897,8/28/2026 2:49,73.22,17.484,,,,,
6898,8/28/2026 3:04,73.22,17.2926,,,,,
6899,8/28/2026 3:19,73.21,17.0964,,,,,
6900,8/28/2026 3:34,73.21,16.9073,,,,,
6901,8/28/2026 3:49,73.19,16.7235,,,,,
6902,8/28/2026 4:04,73.14,16.5423,,,,,
6903,8/28/2026 4:19,73.01,16.3682,,,,,
6904,8/28/2026 4:34,72.96,16.2006,,,,,
6905,8/28/2026 4:49,73.02,16.0471,,,,,
6906,8/28/2026 5:04,73,15.8994,,,,,
6907,8/28/2026 5:19,72.98,15.7536,,,,,
6908,8/28/2026 5:34,72.95,15.6217,,,,,
6909,8/28/2026 5:49,72.91,15.4942,,,,,
6910,8/28/2026 6:04,72.87,15.37,,,,,
6911,8/28/2026 6:19,72.83,15.2514,,,,,
6912,8/28/2026 6:34,72.78,15.1398,,,,,
6913,8/28/2026 6:49,72.77,15.0216,,,,,
6914,8/28/2026 7:04,72.77,14.9177,,,,,
6915,8/28/2026 7:19,72.87,14.8358,,,,,
6916,8/28/2026 7:34,72.99,14.8528,,,,,
6917,8/28/2026 7:49,72.82,14.975,,,,,
6918,8/28/2026 8:04,72.69,15.1048,,,,,
6919,8/28/2026 8:19,72.72,15.2475,,,,,
6920,8/28/2026 8:34,72.84,15.3949,,,,,
6921,8/28/2026 8:49,72.98,15.5687,,,,,
6922,8/28/2026 9:04,73.1,15.7763,,,,,
6923,8/28/2026 9:19,73.17,16.0011,,,,,
6924,8/28/2026 9:34,73.27,16.2482,,,,,
6925,8/28/2026 9:49,73.41,16.5015,,,,,
6926,8/28/2026 10:04,73.55,16.7721,,,,,
6927,8/28/2026 10:19,73.67,17.0387,,,,,
6928,8/28/2026 10:34,73.73,17.3221,,,,,
6929,8/28/2026 10:49,73.82,17.5991,,,,,
6930,8/28/2026 11:04,73.86,17.8612,,,,,
6931,8/28/2026 11:19,74,18.0923,,,,,
6932,8/28/2026 11:34,74.11,18.2893,,,,,
6933,8/28/2026 11:49,74.13,18.4387,,,,,
6934,8/28/2026 12:04,74.11,18.5659,,,,,
6935,8/28/2026 12:19,74.02,18.6376,,,,,
6936,8/28/2026 12:34,73.98,18.6751,,,,,
6937,8/28/2026 12:49,73.93,18.6648,,,,,
6938,8/28/2026 13:04,73.94,18.6298,,,,,
6939,8/28/2026 13:19,74.3,18.5314,,,,,
6940,8/28/2026 13:34,74.7,18.3968,,,,,
6941,8/28/2026 13:49,74.89,18.2505,,,,,
6942,8/28/2026 14:04,74.89,18.0823,,,,,
6943,8/28/2026 14:19,75,17.905,,,,,
6944,8/28/2026 14:34,75.02,17.7404,,,,,
6945,8/28/2026 14:49,75.13,17.5717,,,,,
6946,8/28/2026 15:04,75.2,17.3936,,,,,
6947,8/28/2026 15:19,75.29,17.2126,,,,,
6948,8/28/2026 15:34,75.41,17.0394,,,,,
6949,8/28/2026 15:49,75.51,16.8531,,,,,
6950,8/28/2026 16:04,75.73,16.6768,,,,,
6951,8/28/2026 16:19,76.05,16.5033,,,,,
6952,8/28/2026 16:34,76.13,16.3402,,,,,
6953,8/28/2026 16:49,76.07,16.182,,,,,
6954,8/28/2026 17:04,76.06,16.0259,,,,,
6955,8/28/2026 17:19,76.05,15.8869,,,,,
6956,8/28/2026 17:34,75.98,15.7441,,,,,
6957,8/28/2026 17:49,75.92,15.6202,,,,,
6958,8/28/2026 18:04,75.88,15.4927,,,,,
6959,8/28/2026 18:19,75.9,15.3736,,,,,
6960,8/28/2026 18:34,75.94,15.2601,,,,,
6961,8/28/2026 18:49,75.88,15.1516,,,,,
6962,8/28/2026 19:04,75.82,15.0487,,,,,
6963,8/28/2026 19:19,75.71,14.9676,,,,,
6964,8/28/2026 19:34,75.66,14.9544,,,,,
6965,8/28/2026 19:49,75.66,15.0683,,,,,
6966,8/28/2026 20:04,75.7,15.1967,,,,,
6967,8/28/2026 20:19,75.62,15.3487,,,,,
6968,8/28/2026 20:34,75.54,15.5207,,,,,
6969,8/28/2026 20:49,75.47,15.7155,,,,,
6970,8/28/2026 21:04,75.41,15.9244,,,,,
6971,8/28/2026 21:19,75.4,16.1567,,,,,
6972,8/28/2026 21:34,75.29,16.4112,,,,,
6973,8/28/2026 21:49,75.07,16.6804,,,,,
6974,8/28/2026 22:04,74.88,16.9645,,,,,
6975,8/28/2026 22:19,74.74,17.2625,,,,,
6976,8/28/2026 22:34,74.63,17.5535,,,,,
6977,8/28/2026 22:49,74.52,17.8412,,,,,
6978,8/28/2026 23:04,74.37,18.1217,,,,,
6979,8/28/2026 23:19,74.23,18.3551,,,,,
6980,8/28/2026 23:34,74.13,18.5494,,,,,
6981,8/28/2026 23:49,74.02,18.7191,,,,,
6982,8/29/2026 0:04,73.94,18.8444,,,,,
6983,8/29/2026 0:19,73.85,18.9315,,,,,
6984,8/29/2026 0:34,73.75,18.9906,,,,,
6985,8/29/2026 0:49,73.67,19.0166,,,,,
6986,8/29/2026 1:04,73.61,19.0164,,,,,
6987,8/29/2026 1:19,73.6,18.982,,,,,
6988,8/29/2026 1:34,73.67,18.8935,,,,,
6989,8/29/2026 1:49,73.62,18.7526,,,,,
6990,8/29/2026 2:04,73.66,18.5865,,,,,
6991,8/29/2026 2:19,73.7,18.4079,,,,,
6992,8/29/2026 2:34,73.72,18.2135,,,,,
6993,8/29/2026 2:49,73.7,18.0079,,,,,
6994,8/29/2026 3:04,73.61,17.8132,,,,,
6995,8/29/2026 3:19,73.59,17.6169,,,,,
6996,8/29/2026 3:34,73.57,17.4228,,,,,
6997,8/29/2026 3:49,73.54,17.2264,,,,,
6998,8/29/2026 4:04,73.48,17.0333,,,,,
6999,8/29/2026 4:19,73.43,16.8417,,,,,
7000,8/29/2026 4:34,73.37,16.6616,,,,,
7001,8/29/2026 4:49,73.24,16.4841,,,,,
7002,8/29/2026 5:04,73.09,16.3194,,,,,
7003,8/29/2026 5:19,73.02,16.1599,,,,,
7004,8/29/2026 5:34,72.94,16.0094,,,,,
7005,8/29/2026 5:49,72.84,15.8721,,,,,
7006,8/29/2026 6:04,72.71,15.7337,,,,,
7007,8/29/2026 6:19,72.58,15.6072,,,,,
7008,8/29/2026 6:34,72.38,15.4807,,,,,
7009,8/29/2026 6:49,72.16,15.3605,,,,,
7010,8/29/2026 7:04,71.95,15.2379,,,,,
7011,8/29/2026 7:19,71.75,15.1148,,,,,
7012,8/29/2026 7:34,71.67,14.9983,,,,,
7013,8/29/2026 7:49,71.79,14.8996,,,,,
7014,8/29/2026 8:04,71.4,14.8293,,,,,
7015,8/29/2026 8:19,72.02,14.9088,,,,,
7016,8/29/2026 8:34,71.83,15.0478,,,,,
7017,8/29/2026 8:49,71.88,15.1935,,,,,
7018,8/29/2026 9:04,71.97,15.3501,,,,,
7019,8/29/2026 9:19,72.12,15.5189,,,,,
7020,8/29/2026 9:34,72.38,15.7211,,,,,
7021,8/29/2026 9:49,72.56,15.9548,,,,,
7022,8/29/2026 10:04,72.71,16.2057,,,,,
7023,8/29/2026 10:19,72.93,16.4841,,,,,
7024,8/29/2026 10:34,73.17,16.7618,,,,,
7025,8/29/2026 10:49,73.32,17.0525,,,,,
7026,8/29/2026 11:04,73.45,17.348,,,,,
7027,8/29/2026 11:19,73.6,17.6334,,,,,
7028,8/29/2026 11:34,73.5,17.9086,,,,,
7029,8/29/2026 11:49,73.33,18.1619,,,,,
7030,8/29/2026 12:04,73.26,18.384,,,,,
7031,8/29/2026 12:19,73.28,18.5595,,,,,
7032,8/29/2026 12:34,73.35,18.7029,,,,,
7033,8/29/2026 12:49,73.4,18.8043,,,,,
7034,8/29/2026 13:04,73.41,18.8559,,,,,
7035,8/29/2026 13:19,73.45,18.8719,,,,,
7036,8/29/2026 13:34,73.5,18.8415,,,,,
7037,8/29/2026 13:49,73.58,18.7627,,,,,
7038,8/29/2026 14:04,73.77,18.6268,,,,,
7039,8/29/2026 14:19,74.04,18.485,,,,,
7040,8/29/2026 14:34,74.26,18.3164,,,,,
7041,8/29/2026 14:49,74.44,18.1377,,,,,
7042,8/29/2026 15:04,74.58,17.9586,,,,,
7043,8/29/2026 15:19,74.7,17.7814,,,,,
7044,8/29/2026 15:34,74.88,17.5945,,,,,
7045,8/29/2026 15:49,74.99,17.4032,,,,,
7046,8/29/2026 16:04,75.15,17.2116,,,,,
7047,8/29/2026 16:19,75.26,17.0296,,,,,
7048,8/29/2026 16:34,75.4,16.8384,,,,,
7049,8/29/2026 16:49,75.62,16.657,,,,,
7050,8/29/2026 17:04,75.8,16.4808,,,,,
7051,8/29/2026 17:19,75.66,16.3191,,,,,
7052,8/29/2026 17:34,75.6,16.1603,,,,,
7053,8/29/2026 17:49,75.54,16.0079,,,,,
7054,8/29/2026 18:04,75.4,15.8618,,,,,
7055,8/29/2026 18:19,75.25,15.727,,,,,
7056,8/29/2026 18:34,75.13,15.5955,,,,,
7057,8/29/2026 18:49,75.02,15.4716,,,,,
7058,8/29/2026 19:04,74.89,15.3478,,,,,
7059,8/29/2026 19:19,74.72,15.2247,,,,,
7060,8/29/2026 19:34,74.47,15.1095,,,,,
7061,8/29/2026 19:49,74.32,15.0015,,,,,
7062,8/29/2026 20:04,74.13,14.9116,,,,,
7063,8/29/2026 20:19,74.04,14.8977,,,,,
7064,8/29/2026 20:34,74.03,15.024,,,,,
7065,8/29/2026 20:49,74.07,15.1579,,,,,
7066,8/29/2026 21:04,73.91,15.3016,,,,,
7067,8/29/2026 21:19,73.92,15.4582,,,,,
7068,8/29/2026 21:34,73.79,15.639,,,,,
7069,8/29/2026 21:49,73.72,15.862,,,,,
7070,8/29/2026 22:04,73.65,16.108,,,,,
7071,8/29/2026 22:19,73.6,16.3763,,,,,
7072,8/29/2026 22:34,73.44,16.6536,,,,,
7073,8/29/2026 22:49,73.3,16.9472,,,,,
7074,8/29/2026 23:04,73.17,17.2496,,,,,
7075,8/29/2026 23:19,73.03,17.5486,,,,,
7076,8/29/2026 23:34,73.07,17.8367,,,,,
7077,8/29/2026 23:49,72.89,18.1063,,,,,
7078,8/30/2026 0:04,72.54,18.3544,,,,,
7079,8/30/2026 0:19,72.35,18.565,,,,,
7080,8/30/2026 0:34,72.25,18.7264,,,,,
7081,8/30/2026 0:49,72.2,18.8531,,,,,
7082,8/30/2026 1:04,72.2,18.9328,,,,,
7083,8/30/2026 1:19,72.18,18.985,,,,,
7084,8/30/2026 1:34,72.18,18.9958,,,,,
7085,8/30/2026 1:49,72.17,18.9729,,,,,
7086,8/30/2026 2:04,72.14,18.9129,,,,,
7087,8/30/2026 2:19,72.08,18.7859,,,,,
7088,8/30/2026 2:34,72.01,18.6215,,,,,
7089,8/30/2026 2:49,72.04,18.446,,,,,
7090,8/30/2026 3:04,72.08,18.2587,,,,,
7091,8/30/2026 3:19,72.16,18.0596,,,,,
7092,8/30/2026 3:34,72.2,17.8651,,,,,
7093,8/30/2026 3:49,72.13,17.67,,,,,
7094,8/30/2026 4:04,72.14,17.4753,,,,,
7095,8/30/2026 4:19,72.07,17.28,,,,,
7096,8/30/2026 4:34,72.04,17.0831,,,,,
7097,8/30/2026 4:49,71.95,16.8933,,,,,
7098,8/30/2026 5:04,71.88,16.7082,,,,,
7099,8/30/2026 5:19,71.79,16.5263,,,,,
7100,8/30/2026 5:34,71.66,16.3522,,,,,
7101,8/30/2026 5:49,71.58,16.1902,,,,,
7102,8/30/2026 6:04,71.46,16.034,,,,,
7103,8/30/2026 6:19,71.33,15.8872,,,,,
7104,8/30/2026 6:34,71.21,15.7457,,,,,
7105,8/30/2026 6:49,71.04,15.6104,,,,,
7106,8/30/2026 7:04,70.88,15.4821,,,,,
7107,8/30/2026 7:19,70.72,15.3577,,,,,
7108,8/30/2026 7:34,70.62,15.2347,,,,,
7109,8/30/2026 7:49,70.5,15.1106,,,,,
7110,8/30/2026 8:04,70.51,14.9899,,,,,
7111,8/30/2026 8:19,70.39,14.8833,,,,,
7112,8/30/2026 8:34,70.56,14.801,,,,,
7113,8/30/2026 8:49,71.35,14.8186,,,,,
7114,8/30/2026 9:04,70.78,14.9493,,,,,
7115,8/30/2026 9:19,70.59,15.1014,,,,,
7116,8/30/2026 9:34,70.67,15.2535,,,,,
7117,8/30/2026 9:49,70.85,15.419,,,,,
7118,8/30/2026 10:04,71.19,15.6238,,,,,
7119,8/30/2026 10:19,71.38,15.8548,,,,,
7120,8/30/2026 10:34,71.63,16.1088,,,,,
7121,8/30/2026 10:49,71.96,16.3785,,,,,
7122,8/30/2026 11:04,72.21,16.6674,,,,,
7123,8/30/2026 11:19,72.32,16.9672,,,,,
7124,8/30/2026 11:34,72.41,17.282,,,,,
7125,8/30/2026 11:49,72.48,17.5904,,,,,
7126,8/30/2026 12:04,72.39,17.8789,,,,,
7127,8/30/2026 12:19,72.34,18.1469,,,,,
7128,8/30/2026 12:34,72.38,18.3782,,,,,
7129,8/30/2026 12:49,72.38,18.5778,,,,,
7130,8/30/2026 13:04,72.41,18.7287,,,,,
7131,8/30/2026 13:19,72.39,18.8166,,,,,
7132,8/30/2026 13:34,72.28,18.8813,,,,,
7133,8/30/2026 13:49,72.17,18.9136,,,,,
7134,8/30/2026 14:04,72.1,18.9051,,,,,
7135,8/30/2026 14:19,72.08,18.8592,,,,,
7136,8/30/2026 14:34,72.52,18.7557,,,,,
7137,8/30/2026 14:49,72.68,18.6167,,,,,
7138,8/30/2026 15:04,72.82,18.4491,,,,,
7139,8/30/2026 15:19,72.88,18.2675,,,,,
7140,8/30/2026 15:34,72.96,18.0741,,,,,
7141,8/30/2026 15:49,73.04,17.8765,,,,,
7142,8/30/2026 16:04,73.12,17.6728,,,,,
7143,8/30/2026 16:19,73.22,17.4852,,,,,
7144,8/30/2026 16:34,73.3,17.289,,,,,
7145,8/30/2026 16:49,73.37,17.0885,,,,,
7146,8/30/2026 17:04,73.53,16.8954,,,,,
7147,8/30/2026 17:19,73.65,16.7063,,,,,
7148,8/30/2026 17:34,73.81,16.5224,,,,,
7149,8/30/2026 17:49,73.79,16.3497,,,,,
7150,8/30/2026 18:04,73.55,16.1805,,,,,
7151,8/30/2026 18:19,73.52,16.0244,,,,,
7152,8/30/2026 18:34,73.44,15.8752,,,,,
7153,8/30/2026 18:49,73.36,15.7281,,,,,
7154,8/30/2026 19:04,73.28,15.5905,,,,,
7155,8/30/2026 19:19,73.21,15.4599,,,,,
7156,8/30/2026 19:34,73.16,15.3356,,,,,
7157,8/30/2026 19:49,73.08,15.2127,,,,,
7158,8/30/2026 20:04,72.99,15.0911,,,,,
7159,8/30/2026 20:19,72.89,14.9708,,,,,
7160,8/30/2026 20:34,72.77,14.863,,,,,
7161,8/30/2026 20:49,72.52,14.773,,,,,
7162,8/30/2026 21:04,71.84,14.7667,,,,,
7163,8/30/2026 21:19,72.61,14.8968,,,,,
7164,8/30/2026 21:34,72.75,15.0452,,,,,
7165,8/30/2026 21:49,72.64,15.2037,,,,,
7166,8/30/2026 22:04,72.68,15.3721,,,,,
7167,8/30/2026 22:19,72.63,15.5561,,,,,
7168,8/30/2026 22:34,72.61,15.7885,,,,,
7169,8/30/2026 22:49,72.58,16.0381,,,,,
7170,8/30/2026 23:04,72.6,16.3089,,,,,
7171,8/30/2026 23:19,72.54,16.5951,,,,,
7172,8/30/2026 23:34,72.46,16.8925,,,,,
7173,8/30/2026 23:49,72.37,17.2182,,,,,
7174,8/31/2026 0:04,72.26,17.5387,,,,,
7175,8/31/2026 0:19,72.12,17.839,,,,,
7176,8/31/2026 0:34,71.93,18.0845,,,,,
7177,8/31/2026 0:49,71.7,18.2928,,,,,
7178,8/31/2026 1:04,71.56,18.5072,,,,,
7179,8/31/2026 1:19,71.47,18.6858,,,,,
7180,8/31/2026 1:34,71.41,18.7984,,,,,
7181,8/31/2026 1:49,71.33,18.874,,,,,
7182,8/31/2026 2:04,71.29,18.9058,,,,,
7183,8/31/2026 2:19,71.23,18.912,,,,,
7184,8/31/2026 2:34,71.23,18.861,,,,,
7185,8/31/2026 2:49,71.3,18.7421,,,,,
7186,8/31/2026 3:04,71.3,18.5944,,,,,
7187,8/31/2026 3:19,71.35,18.4324,,,,,
7188,8/31/2026 3:34,71.43,18.2547,,,,,
7189,8/31/2026 3:49,71.5,18.0753,,,,,
7190,8/31/2026 4:04,71.52,17.8972,,,,,
7191,8/31/2026 4:19,71.6,17.6967,,,,,
7192,8/31/2026 4:34,71.61,17.5139,,,,,
7193,8/31/2026 4:49,71.58,17.32,,,,,
7194,8/31/2026 5:04,71.55,17.1218,,,,,
7195,8/31/2026 5:19,71.53,16.934,,,,,
7196,8/31/2026 5:34,71.46,16.7532,,,,,
7197,8/31/2026 5:49,71.3,16.5762,,,,,
7198,8/31/2026 6:04,71.09,16.4056,,,,,
7199,8/31/2026 6:19,71.03,16.2455,,,,,
7200,8/31/2026 6:34,71.05,16.0914,,,,,
7201,8/31/2026 6:49,71.04,15.9486,,,,,
7202,8/31/2026 7:04,70.98,15.804,,,,,
7203,8/31/2026 7:19,70.89,15.6676,,,,,
7204,8/31/2026 7:34,70.78,15.5356,,,,,
7205,8/31/2026 7:49,70.7,15.4125,,,,,
7206,8/31/2026 8:04,70.65,15.2902,,,,,
7207,8/31/2026 8:19,70.7,15.1695,,,,,
7208,8/31/2026 8:34,70.84,15.049,,,,,
7209,8/31/2026 8:49,71.03,14.9417,,,,,
7210,8/31/2026 9:04,71.26,14.8532,,,,,
7211,8/31/2026 9:19,71.93,14.8508,,,,,
7212,8/31/2026 9:34,71.54,14.9999,,,,,
7213,8/31/2026 9:49,71.46,15.136,,,,,
7214,8/31/2026 10:04,71.46,15.2818,,,,,
7215,8/31/2026 10:19,71.58,15.4386,,,,,
7216,8/31/2026 10:34,71.82,15.6213,,,,,
7217,8/31/2026 10:49,72.02,15.8398,,,,,
7218,8/31/2026 11:04,72.14,16.0886,,,,,
7219,8/31/2026 11:19,72.45,16.3632,,,,,
7220,8/31/2026 11:34,72.63,16.6607,,,,,
7221,8/31/2026 11:49,72.72,16.9611,,,,,
7222,8/31/2026 12:04,72.77,17.2695,,,,,
7223,8/31/2026 12:19,72.71,17.5783,,,,,
7224,8/31/2026 12:34,72.55,17.8837,,,,,
7225,8/31/2026 12:49,72.55,18.1652,,,,,
7226,8/31/2026 13:04,72.66,18.4175,,,,,
7227,8/31/2026 13:19,72.77,18.6487,,,,,
7228,8/31/2026 13:34,72.71,18.8179,,,,,
7229,8/31/2026 13:49,72.52,18.929,,,,,
7230,8/31/2026 14:04,72.32,19.0096,,,,,
7231,8/31/2026 14:19,72.16,19.05,,,,,
7232,8/31/2026 14:34,72.06,19.0657,,,,,
7233,8/31/2026 14:49,71.99,19.056,,,,,
7234,8/31/2026 15:04,72,19.0114,,,,,
7235,8/31/2026 15:19,72.3,18.9075,,,,,
7236,8/31/2026 15:34,72.82,18.7564,,,,,
7237,8/31/2026 15:49,73.29,18.5786,,,,,
7238,8/31/2026 16:04,73.48,18.3978,,,,,
7239,8/31/2026 16:19,73.61,18.212,,,,,
7240,8/31/2026 16:34,73.77,17.9986,,,,,
7241,8/31/2026 16:49,73.85,17.8017,,,,,
7242,8/31/2026 17:04,73.95,17.6006,,,,,
7243,8/31/2026 17:19,74.01,17.3846,,,,,
7244,8/31/2026 17:34,74.17,17.1817,,,,,
7245,8/31/2026 17:49,74.62,16.9797,,,,,
7246,8/31/2026 18:04,74.75,16.7917,,,,,
7247,8/31/2026 18:19,74.91,16.6058,,,,,
7248,8/31/2026 18:34,75.02,16.4257,,,,,
7249,8/31/2026 18:49,74.7,16.255,,,,,
7250,8/31/2026 19:04,74.46,16.0927,,,,,
7251,8/31/2026 19:19,74.3,15.9408,,,,,
7252,8/31/2026 19:34,74.19,15.798,,,,,
7253,8/31/2026 19:49,74.08,15.6596,,,,,
7254,8/31/2026 20:04,73.95,15.5269,,,,,
7255,8/31/2026 20:19,73.83,15.4043,,,,,
7256,8/31/2026 20:34,73.68,15.2837,,,,,
7257,8/31/2026 20:49,73.56,15.1619,,,,,
7258,8/31/2026 21:04,73.48,15.0453,,,,,
7259,8/31/2026 21:19,73.42,14.9382,,,,,
7260,8/31/2026 21:34,73.3,14.8665,,,,,
7261,8/31/2026 21:49,73.32,14.9069,,,,,
7262,8/31/2026 22:04,73.38,15.0315,,,,,
7263,8/31/2026 22:19,73.38,15.1715,,,,,
7264,8/31/2026 22:34,73.21,15.3226,,,,,
7265,8/31/2026 22:49,73.19,15.4885,,,,,
7266,8/31/2026 23:04,73.12,15.6832,,,,,
7267,8/31/2026 23:19,73.07,15.9108,,,,,
7268,8/31/2026 23:34,73.03,16.1656,,,,,
7269,8/31/2026 23:49,72.9,16.4439,,,,,
7270,9/1/2026 0:04,72.65,16.7318,,,,,
7271,9/1/2026 0:19,72.37,17.0328,,,,,
7272,9/1/2026 0:34,72.17,17.3427,,,,,
7273,9/1/2026 0:49,72.04,17.6325,,,,,
7274,9/1/2026 1:04,71.82,17.9175,,,,,
7275,9/1/2026 1:19,71.54,18.1781,,,,,
7276,9/1/2026 1:34,71.24,18.4041,,,,,
7277,9/1/2026 1:49,71.07,18.6028,,,,,
7278,9/1/2026 2:04,70.96,18.7451,,,,,
7279,9/1/2026 2:19,70.89,18.8443,,,,,
7280,9/1/2026 2:34,70.86,18.8971,,,,,
7281,9/1/2026 2:49,70.82,18.92,,,,,
7282,9/1/2026 3:04,70.8,18.9091,,,,,
7283,9/1/2026 3:19,70.87,18.8366,,,,,
7284,9/1/2026 3:34,70.87,18.7303,,,,,
7285,9/1/2026 3:49,70.93,18.5878,,,,,
7286,9/1/2026 4:04,70.94,18.4308,,,,,
7287,9/1/2026 4:19,71.04,18.2633,,,,,
7288,9/1/2026 4:34,71.18,18.0682,,,,,
7289,9/1/2026 4:49,71.28,17.8745,,,,,
7290,9/1/2026 5:04,71.35,17.6936,,,,,
7291,9/1/2026 5:19,71.43,17.506,,,,,
7292,9/1/2026 5:34,71.48,17.3159,,,,,
7293,9/1/2026 5:49,71.49,17.1261,,,,,
7294,9/1/2026 6:04,71.53,16.9371,,,,,
7295,9/1/2026 6:19,71.54,16.7634,,,,,
7296,9/1/2026 6:34,71.41,16.5915,,,,,
7297,9/1/2026 6:49,71.26,16.4185,,,,,
7298,9/1/2026 7:04,71.24,16.256,,,,,
7299,9/1/2026 7:19,71.28,16.1031,,,,,
7300,9/1/2026 7:34,71.33,15.9542,,,,,
7301,9/1/2026 7:49,71.32,15.8153,,,,,
7302,9/1/2026 8:04,71.29,15.6815,,,,,
7303,9/1/2026 8:19,71.22,15.5583,,,,,
7304,9/1/2026 8:34,71.19,15.4409,,,,,
7305,9/1/2026 8:49,71.01,15.3246,,,,,
7306,9/1/2026 9:04,70.74,15.2194,,,,,
7307,9/1/2026 9:19,70.46,15.1111,,,,,
7308,9/1/2026 9:34,70.56,15.0254,,,,,
7309,9/1/2026 9:49,70.47,14.9755,,,,,
7310,9/1/2026 10:04,70.37,15.0555,,,,,
7311,9/1/2026 10:19,70.46,15.1883,,,,,
7312,9/1/2026 10:34,70.48,15.3447,,,,,
7313,9/1/2026 10:49,70.64,15.5178,,,,,
7314,9/1/2026 11:04,70.82,15.7118,,,,,
7315,9/1/2026 11:19,70.95,15.924,,,,,
7316,9/1/2026 11:34,70.98,16.1533,,,,,
7317,9/1/2026 11:49,71.05,16.4049,,,,,
7318,9/1/2026 12:04,71.17,16.6778,,,,,
7319,9/1/2026 12:19,71.17,16.9666,,,,,
7320,9/1/2026 12:34,71.15,17.2812,,,,,
7321,9/1/2026 12:49,71.15,17.5907,,,,,
7322,9/1/2026 13:04,71.05,17.8835,,,,,
7323,9/1/2026 13:19,70.81,18.1549,,,,,
7324,9/1/2026 13:34,70.61,18.3977,,,,,
7325,9/1/2026 13:49,70.49,18.6186,,,,,
7326,9/1/2026 14:04,70.43,18.8012,,,,,
7327,9/1/2026 14:19,70.4,18.9362,,,,,
7328,9/1/2026 14:34,70.34,19.026,,,,,
7329,9/1/2026 14:49,70.26,19.0915,,,,,
7330,9/1/2026 15:04,70.18,19.1252,,,,,
7331,9/1/2026 15:19,70.11,19.1352,,,,,
7332,9/1/2026 15:34,70.09,19.1199,,,,,
7333,9/1/2026 15:49,70.13,19.0625,,,,,
7334,9/1/2026 16:04,70.2,18.9568,,,,,
7335,9/1/2026 16:19,70.43,18.812,,,,,
7336,9/1/2026 16:34,70.6,18.652,,,,,
7337,9/1/2026 16:49,70.68,18.4588,,,,,
7338,9/1/2026 17:04,70.83,18.2514,,,,,
7339,9/1/2026 17:19,70.94,18.0404,,,,,
7340,9/1/2026 17:34,71.04,17.829,,,,,
7341,9/1/2026 17:49,71.12,17.6134,,,,,
7342,9/1/2026 18:04,71.2,17.4063,,,,,
7343,9/1/2026 18:19,71.28,17.2045,,,,,
7344,9/1/2026 18:34,71.34,16.9985,,,,,
7345,9/1/2026 18:49,71.35,16.8096,,,,,
7346,9/1/2026 19:04,71.35,16.6285,,,,,
7347,9/1/2026 19:19,71.32,16.4488,,,,,
7348,9/1/2026 19:34,71.29,16.2749,,,,,
7349,9/1/2026 19:49,71.23,16.1174,,,,,
7350,9/1/2026 20:04,71.18,15.9645,,,,,
7351,9/1/2026 20:19,71.12,15.823,,,,,
7352,9/1/2026 20:34,71.05,15.6929,,,,,
7353,9/1/2026 20:49,70.99,15.5653,,,,,
7354,9/1/2026 21:04,70.91,15.4397,,,,,
7355,9/1/2026 21:19,70.8,15.3173,,,,,
7356,9/1/2026 21:34,70.68,15.1943,,,,,
7357,9/1/2026 21:49,70.6,15.0777,,,,,
7358,9/1/2026 22:04,70.52,14.9675,,,,,
7359,9/1/2026 22:19,70.46,14.8797,,,,,
7360,9/1/2026 22:34,70.39,14.8709,,,,,
7361,9/1/2026 22:49,70.39,15.0195,,,,,
7362,9/1/2026 23:04,70.4,15.1552,,,,,
7363,9/1/2026 23:19,70.4,15.2985,,,,,
7364,9/1/2026 23:34,70.52,15.4533,,,,,
7365,9/1/2026 23:49,70.48,15.6443,,,,,
7366,9/2/2026 0:04,70.5,15.8674,,,,,
7367,9/2/2026 0:19,70.48,16.1159,,,,,
7368,9/2/2026 0:34,70.56,16.3857,,,,,
7369,9/2/2026 0:49,70.67,16.6648,,,,,
7370,9/2/2026 1:04,70.64,16.9573,,,,,
7371,9/2/2026 1:19,70.56,17.2515,,,,,
7372,9/2/2026 1:34,70.49,17.5349,,,,,
7373,9/2/2026 1:49,70.39,17.8111,,,,,
7374,9/2/2026 2:04,70.2,18.0648,,,,,
7375,9/2/2026 2:19,70,18.2877,,,,,
7376,9/2/2026 2:34,69.86,18.4868,,,,,
7377,9/2/2026 2:49,69.76,18.6539,,,,,
7378,9/2/2026 3:04,69.7,18.7652,,,,,
7379,9/2/2026 3:19,69.65,18.8268,,,,,
7380,9/2/2026 3:34,69.63,18.8497,,,,,
7381,9/2/2026 3:49,69.61,18.8427,,,,,
7382,9/2/2026 4:04,69.65,18.7822,,,,,
7383,9/2/2026 4:19,69.69,18.6696,,,,,
7384,9/2/2026 4:34,69.68,18.5265,,,,,
7385,9/2/2026 4:49,69.75,18.3627,,,,,
7386,9/2/2026 5:04,69.84,18.1946,,,,,
7387,9/2/2026 5:19,69.94,18.0312,,,,,
7388,9/2/2026 5:34,69.97,17.8615,,,,,
7389,9/2/2026 5:49,70.01,17.6869,,,,,
7390,9/2/2026 6:04,70.04,17.5118,,,,,
7391,9/2/2026 6:19,70.06,17.3356,,,,,
7392,9/2/2026 6:34,70.05,17.1546,,,,,
7393,9/2/2026 6:49,69.99,16.9717,,,,,
7394,9/2/2026 7:04,69.92,16.7997,,,,,
7395,9/2/2026 7:19,69.81,16.6291,,,,,
7396,9/2/2026 7:34,69.72,16.4618,,,,,
7397,9/2/2026 7:49,69.74,16.3037,,,,,
7398,9/2/2026 8:04,69.79,16.1521,,,,,
7399,9/2/2026 8:19,69.8,16.0094,,,,,
7400,9/2/2026 8:34,69.81,15.8705,,,,,
7401,9/2/2026 8:49,69.82,15.7379,,,,,
7402,9/2/2026 9:04,69.85,15.6118,,,,,
7403,9/2/2026 9:19,69.87,15.4945,,,,,
7404,9/2/2026 9:34,69.91,15.3811,,,,,
7405,9/2/2026 9:49,69.95,15.2739,,,,,
7406,9/2/2026 10:04,70.1,15.1708,,,,,
7407,9/2/2026 10:19,70.29,15.0983,,,,,
7408,9/2/2026 10:34,70.41,15.0961,,,,,
7409,9/2/2026 10:49,70.38,15.2168,,,,,
7410,9/2/2026 11:04,70.41,15.3446,,,,,
7411,9/2/2026 11:19,70.7,15.4924,,,,,
7412,9/2/2026 11:34,70.97,15.6571,,,,,
7413,9/2/2026 11:49,71.09,15.8467,,,,,
7414,9/2/2026 12:04,71.1,16.0558,,,,,
7415,9/2/2026 12:19,71.07,16.2776,,,,,
7416,9/2/2026 12:34,71.28,16.5215,,,,,
7417,9/2/2026 12:49,71.44,16.7834,,,,,
7418,9/2/2026 13:04,71.46,17.0674,,,,,
7419,9/2/2026 13:19,71.38,17.3744,,,,,
7420,9/2/2026 13:34,71.17,17.6824,,,,,
7421,9/2/2026 13:49,70.95,17.9821,,,,,
7422,9/2/2026 14:04,70.88,18.2528,,,,,
7423,9/2/2026 14:19,70.9,18.4962,,,,,
7424,9/2/2026 14:34,70.91,18.7055,,,,,
7425,9/2/2026 14:49,70.83,18.8792,,,,,
7426,9/2/2026 15:04,70.65,18.9974,,,,,
7427,9/2/2026 15:19,70.46,19.0907,,,,,
7428,9/2/2026 15:34,70.27,19.1477,,,,,
7429,9/2/2026 15:49,70.09,19.1779,,,,,
7430,9/2/2026 16:04,69.97,19.1885,,,,,
7431,9/2/2026 16:19,69.88,19.1743,,,,,
7432,9/2/2026 16:34,69.9,19.1232,,,,,
7433,9/2/2026 16:49,70.11,19.0146,,,,,
7434,9/2/2026 17:04,70.51,18.8568,,,,,
7435,9/2/2026 17:19,70.95,18.6922,,,,,
7436,9/2/2026 17:34,71.13,18.5056,,,,,
7437,9/2/2026 17:49,71.35,18.3123,,,,,
7438,9/2/2026 18:04,71.39,18.1074,,,,,
7439,9/2/2026 18:19,71.47,17.8996,,,,,
7440,9/2/2026 18:34,71.53,17.701,,,,,
7441,9/2/2026 18:49,71.64,17.4874,,,,,
7442,9/2/2026 19:04,71.71,17.2824,,,,,
7443,9/2/2026 19:19,71.83,17.089,,,,,
7444,9/2/2026 19:34,71.99,16.8953,,,,,
7445,9/2/2026 19:49,72.01,16.7028,,,,,
7446,9/2/2026 20:04,72.15,16.5227,,,,,
7447,9/2/2026 20:19,72.04,16.3542,,,,,
7448,9/2/2026 20:34,71.93,16.1922,,,,,
7449,9/2/2026 20:49,71.86,16.041,,,,,
7450,9/2/2026 21:04,71.81,15.8957,,,,,
7451,9/2/2026 21:19,71.74,15.7542,,,,,
7452,9/2/2026 21:34,71.69,15.6279,,,,,
7453,9/2/2026 21:49,71.62,15.5085,,,,,
7454,9/2/2026 22:04,71.54,15.3886,,,,,
7455,9/2/2026 22:19,71.45,15.2644,,,,,
7456,9/2/2026 22:34,71.36,15.1502,,,,,
7457,9/2/2026 22:49,71.3,15.0424,,,,,
7458,9/2/2026 23:04,71.27,14.9565,,,,,
7459,9/2/2026 23:19,71.2,14.9246,,,,,
7460,9/2/2026 23:34,71.23,15.046,,,,,
7461,9/2/2026 23:49,71.26,15.1693,,,,,
7462,9/3/2026 0:04,71.22,15.305,,,,,
7463,9/3/2026 0:19,71.23,15.461,,,,,
7464,9/3/2026 0:34,71.14,15.6393,,,,,
7465,9/3/2026 0:49,71.09,15.848,,,,,
7466,9/3/2026 1:04,71.02,16.0719,,,,,
7467,9/3/2026 1:19,71.03,16.3164,,,,,
7468,9/3/2026 1:34,70.96,16.5818,,,,,
7469,9/3/2026 1:49,70.8,16.8569,,,,,
7470,9/3/2026 2:04,70.59,17.1361,,,,,
7471,9/3/2026 2:19,70.46,17.4028,,,,,
7472,9/3/2026 2:34,70.37,17.6592,,,,,
7473,9/3/2026 2:49,70.22,17.8969,,,,,
7474,9/3/2026 3:04,69.99,18.1188,,,,,
7475,9/3/2026 3:19,69.79,18.3158,,,,,
7476,9/3/2026 3:34,69.66,18.4826,,,,,
7477,9/3/2026 3:49,69.54,18.6012,,,,,
7478,9/3/2026 4:04,69.44,18.6774,,,,,
7479,9/3/2026 4:19,69.4,18.7231,,,,,
7480,9/3/2026 4:34,69.37,18.7211,,,,,
7481,9/3/2026 4:49,69.37,18.6918,,,,,
7482,9/3/2026 5:04,69.49,18.6145,,,,,
7483,9/3/2026 5:19,69.51,18.488,,,,,
7484,9/3/2026 5:34,69.57,18.3305,,,,,
7485,9/3/2026 5:49,69.67,18.1594,,,,,
7486,9/3/2026 6:04,69.79,17.9979,,,,,
7487,9/3/2026 6:19,69.87,17.8423,,,,,
7488,9/3/2026 6:34,69.94,17.6633,,,,,
7489,9/3/2026 6:49,69.98,17.487,,,,,
7490,9/3/2026 7:04,70.05,17.3211,,,,,
7491,9/3/2026 7:19,70.06,17.1445,,,,,
7492,9/3/2026 7:34,70.07,16.9586,,,,,
7493,9/3/2026 7:49,70.07,16.7874,,,,,
7494,9/3/2026 8:04,69.99,16.6206,,,,,
7495,9/3/2026 8:19,69.9,16.4528,,,,,
7496,9/3/2026 8:34,69.92,16.2922,,,,,
7497,9/3/2026 8:49,70,16.1381,,,,,
7498,9/3/2026 9:04,70.03,15.9998,,,,,
7499,9/3/2026 9:19,70.07,15.8635,,,,,
7500,9/3/2026 9:34,70.11,15.7316,,,,,
7501,9/3/2026 9:49,70.17,15.6081,,,,,
7502,9/3/2026 10:04,70.22,15.4933,,,,,
7503,9/3/2026 10:19,70.31,15.3831,,,,,
7504,9/3/2026 10:34,70.45,15.2743,,,,,
7505,9/3/2026 10:49,70.67,15.1831,,,,,
7506,9/3/2026 11:04,71.04,15.1141,,,,,
7507,9/3/2026 11:19,71.17,15.1274,,,,,
7508,9/3/2026 11:34,70.58,15.2427,,,,,
7509,9/3/2026 11:49,70.4,15.3689,,,,,
7510,9/3/2026 12:04,70.8,15.52,,,,,
7511,9/3/2026 12:19,70.9,15.6882,,,,,
7512,9/3/2026 12:34,70.99,15.8753,,,,,
7513,9/3/2026 12:49,71.06,16.0764,,,,,
7514,9/3/2026 13:04,71.01,16.2988,,,,,
7515,9/3/2026 13:19,71.07,16.5506,,,,,
7516,9/3/2026 13:34,71.11,16.8122,,,,,
7517,9/3/2026 13:49,71.17,17.0958,,,,,
7518,9/3/2026 14:04,70.95,17.3912,,,,,
7519,9/3/2026 14:19,70.78,17.6702,,,,,
7520,9/3/2026 14:34,70.6,17.9439,,,,,
7521,9/3/2026 14:49,70.53,18.1955,,,,,
7522,9/3/2026 15:04,70.53,18.4337,,,,,
7523,9/3/2026 15:19,70.47,18.6377,,,,,
7524,9/3/2026 15:34,70.37,18.7915,,,,,
7525,9/3/2026 15:49,70.17,18.9115,,,,,
7526,9/3/2026 16:04,69.96,18.9952,,,,,
7527,9/3/2026 16:19,69.75,19.0527,,,,,
7528,9/3/2026 16:34,69.59,19.0906,,,,,
7529,9/3/2026 16:49,69.51,19.1026,,,,,
7530,9/3/2026 17:04,69.42,19.1055,,,,,
7531,9/3/2026 17:19,69.35,19.083,,,,,
7532,9/3/2026 17:34,69.54,19.0324,,,,,
7533,9/3/2026 17:49,69.61,18.9287,,,,,
7534,9/3/2026 18:04,69.95,18.8008,,,,,
7535,9/3/2026 18:19,70.31,18.6456,,,,,
7536,9/3/2026 18:34,70.7,18.4544,,,,,
7537,9/3/2026 18:49,70.88,18.242,,,,,
7538,9/3/2026 19:04,71.04,18.0216,,,,,
7539,9/3/2026 19:19,71.14,17.8229,,,,,
7540,9/3/2026 19:34,71.26,17.6042,,,,,
7541,9/3/2026 19:49,71.37,17.4003,,,,,
7542,9/3/2026 20:04,71.47,17.2049,,,,,
7543,9/3/2026 20:19,71.55,17.0046,,,,,
7544,9/3/2026 20:34,71.64,16.814,,,,,
7545,9/3/2026 20:49,71.73,16.6318,,,,,
7546,9/3/2026 21:04,71.73,16.4559,,,,,
7547,9/3/2026 21:19,71.7,16.2883,,,,,
7548,9/3/2026 21:34,71.72,16.1266,,,,,
7549,9/3/2026 21:49,71.7,15.9743,,,,,
7550,9/3/2026 22:04,71.67,15.8298,,,,,
7551,9/3/2026 22:19,71.62,15.6959,,,,,
7552,9/3/2026 22:34,71.58,15.5615,,,,,
7553,9/3/2026 22:49,71.51,15.4428,,,,,
7554,9/3/2026 23:04,71.42,15.3316,,,,,
7555,9/3/2026 23:19,71.3,15.2179,,,,,
7556,9/3/2026 23:34,71.25,15.1058,,,,,
7557,9/3/2026 23:49,71.17,15.0092,,,,,
7558,9/4/2026 0:04,71.12,14.9431,,,,,
7559,9/4/2026 0:19,71.07,14.9611,,,,,
7560,9/4/2026 0:34,71.12,15.0719,,,,,
7561,9/4/2026 0:49,71.11,15.1958,,,,,
7562,9/4/2026 1:04,71.15,15.3467,,,,,
7563,9/4/2026 1:19,71.14,15.5138,,,,,
7564,9/4/2026 1:34,71.15,15.6962,,,,,
7565,9/4/2026 1:49,71.07,15.9036,,,,,
7566,9/4/2026 2:04,71.1,16.1216,,,,,
7567,9/4/2026 2:19,71.05,16.3459,,,,,
7568,9/4/2026 2:34,70.94,16.5887,,,,,
7569,9/4/2026 2:49,70.74,16.8423,,,,,
7570,9/4/2026 3:04,70.55,17.0907,,,,,
7571,9/4/2026 3:19,70.46,17.3548,,,,,
7572,9/4/2026 3:34,70.36,17.5991,,,,,
7573,9/4/2026 3:49,70.23,17.8297,,,,,
7574,9/4/2026 4:04,70.02,18.0548,,,,,
7575,9/4/2026 4:19,69.81,18.2517,,,,,
7576,9/4/2026 4:34,69.67,18.4025,,,,,
7577,9/4/2026 4:49,69.57,18.504,,,,,
7578,9/4/2026 5:04,69.51,18.5706,,,,,
7579,9/4/2026 5:19,69.48,18.5858,,,,,
7580,9/4/2026 5:34,69.47,18.561,,,,,
7581,9/4/2026 5:49,69.5,18.5064,,,,,
7582,9/4/2026 6:04,69.65,18.4063,,,,,
7583,9/4/2026 6:19,69.74,18.2928,,,,,
7584,9/4/2026 6:34,69.85,18.1528,,,,,
7585,9/4/2026 6:49,69.96,18.0141,,,,,
7586,9/4/2026 7:04,70.03,17.8534,,,,,
7587,9/4/2026 7:19,70.1,17.7042,,,,,
7588,9/4/2026 7:34,70.16,17.5405,,,,,
7589,9/4/2026 7:49,70.24,17.3789,,,,,
7590,9/4/2026 8:04,70.29,17.2137,,,,,
7591,9/4/2026 8:19,70.37,17.0449,,,,,
7592,9/4/2026 8:34,70.44,16.875,,,,,
7593,9/4/2026 8:49,70.53,16.7091,,,,,
7594,9/4/2026 9:04,70.56,16.5458,,,,,
7595,9/4/2026 9:19,70.61,16.3902,,,,,
7596,9/4/2026 9:34,70.79,16.2319,,,,,
7597,9/4/2026 9:49,71.02,16.0832,,,,,
7598,9/4/2026 10:04,71.26,15.944,,,,,
7599,9/4/2026 10:19,71.51,15.8113,,,,,
7600,9/4/2026 10:34,71.84,15.6851,,,,,
7601,9/4/2026 10:49,72.23,15.5634,,,,,
7602,9/4/2026 11:04,72.64,15.4519,,,,,
7603,9/4/2026 11:19,73.08,15.3536,,,,,
7604,9/4/2026 11:34,73.57,15.2679,,,,,
7605,9/4/2026 11:49,74.67,14.6094,,,,,
7606,9/4/2026 11:52,,,,,,,Logged
7607,9/4/2026 11:52,,,,,,Logged,
7608,9/4/2026 11:52,,,Logged,Logged,,,